corrected_bodytext,id,title,date,area,branch,date_answered,date_implemented,date_to_answer,date_to_implement
주택 의식주 생필품 기본 공공재 공기 물 기초 공공재 주택 주거 복지 개념 인식 자본주의 자유 시장 경제 원리 재산 증식 오 투자 투기 경제 발전 수단 국민 태어나 능력 자유 시장 경제 원리 적용 처음 부자 부모 태어나 우열 우 전자 태어나 가난 집안 태어나 열등 유전자 태어나 장애인 정신 박 휘귀 난치 질환 안 태어나 등 태어나 노인 어린이 부모 소년 소녀 가장 부모 아이 태어나 출발 다르 불로 소득 주도 사회 공평 상태 경쟁 원리 자유 시장 원리 주장 잘나 못나 국민 행복 권리 있 주택 부동산 고유 특성 인하 자유 시장 데 원리 작동 시장 경제 생산 수요 법칙 의하 무한 생산 무한 소비 유동 지 유 전제 먹 수입 가능 법칙 적용 주택 부동산 부동 부증 유동 한계 수입 한계 생산 한계 경제 시장 원리 작동 부자 중심 독점 경제 독재 시장 작동 주택 부동산 폭등 서민 청년 노예 거지 빚쟁이 민 들 출신 자살 유도 정부 주택 부동산 적극 개입 부동산 폭등 막 안정 주택 부동산 폭등 초기 신속 조치 불 번지 감당 주택 부동산 폭등 다음 타 다음 서민 청년 경제 학살 이후 뒷북 처방 소용 주택 부동산 원상태 돌려놓 부작용 많 주택 부동산 폭등 근로 소득 감당 일반 근로자 힘 절약 저축 모으 이상 주택 고가 주택 정부 서민 청년 방법 수단 희생 치루 주택 이하 폭락 고가 주택 인정 대출 서민 청년 노예 거지 빚쟁이 만들 주택 부동산 폭락 서민 청년 되살리 출산 자살 멈추 희생 치르 주택 부동산 폭락 제자리 돌려놓 근로 소득 주택 구입 있 정의 공정 기회 균등 사회 만들 서민 청년 정치 민주 경제 민주 절박하 주택 부동산 폭등 생필품 의식주 자본주의 경제 독재 착취 경제 학살 자행 지지 총칼 집단 학살 다르 서민 청년 경제 민주 불 들 정권 교체 노예 거지 빚쟁이 벗어나 있 민주주의 인권 주택 부동산 폭락 경제 민주주의 달성 주택 소유 재 한 공무원 정부 투자 기관 임직원 연봉 이상 자 가구 주택 의무 토지 공 개념 도입 나라 토지 국가 소유 세금 주택 부동산 재산세 유산 세습 부동산 폭등 인하 불로 소득 중심 세금 징수 근로 소득 이하 일정 금액 이하 근로 소득 소득세 감면 기독교 종교 단체 재산 소득 감면 폐지 종교 단체 헌금 연말 정산 환급 폐지 주택 부동산 폭등 서민 청년 노예 거지 빚쟁이 착취 경제 학살 당하 인하 출산 자살 증가 유도 생활 물가 임금 오르 경쟁력 약화 수출 줄 경제 무너지 사회 경제 문제 주택 부동산 폭등 크 문제 근로 소득 이상 주택 구입 근로자 모으 이상 고가 주택 재산세 강화 이상 누진 적용 대출 금지 각종 감면 제도 공제 없애 부동산 폭 불로 소득 환수 주택 소유 재 한 공무원 정부 투자 기관 연원 연봉 이상 자 가구 주택 우무화 토지 공 개념 도입 나라 토지 국가 소유 세금 주택 부동산 재산세 유산 세습 부동산 폭등 인하 불로 소득 중심 세금 징수 근로 소득 이하 일정 금액 이하 근로 소득 소득세 감면 기독교 종교 단체 재산 소득 감면 폐지 헌금 연말 정산 제도 폐지 월세 지원 돈 집 부자 손 들어가 정부 서민 신규 주택 이상 영구 임대 건축 임대료 개인 근로 소득 이내 저렴하 영구 임대 근로 능력 장애인 노인 아동 무료 제공 신규 주택 이상 이상 영구 임대 건축 임대료 개인 근로 특 이내 부동산 정보 거래 정부 주택 가격 실 잡히 서민 청년 주택 노예 벗어나 차기 대통령 다주택자 전월세 서민 볼모 정부 압박 재산세 보유세 올리 전월세 올리 성신 전가 정부 과세 주택 부자 끌리 다니 서민 청년 폭등 주택 부동산 인하 근로 소득 월세 감당 노예 거지 빚쟁이 착취 학살 당하 희망 잃 고통 가중 출산 줄 자살 늘어나 주택 폭등 서민 청년 씨 말리 죽 확실하 방법 전월세 임대 주택 정부 공급 개인 민간 전월세 임대 금지 부동산 중개 정부 다주택자 주택 수 많 전기세 누진 과세 주택 부자 서민 청년 볼모 정부 압박 나라 토지 국가 소유 토지 무상 환수 주택 건축비 토지 가격 저렴하 주택 건설 대량 공급 있 주택 비싸 이유 신규 주택 무조건 이상 영구 임대 주택 건설 임내료 개인 근로 소득 이내 제한 근로 능력 장애인 노인 사회 약자 무상 지원 관리비 최소한도 무상 지원 주택 부동산 중개 거래 정부 필수품 주택 자본주의 상품 투기화 불로 소득 유산 세습 시장 원리 경제 원리 주거 복지 휴머니즘 리얼리즘 기본 생필품 보편 일반 공기 물 생명 필수품 저렴하 공급 임대 주택 전적 정부 저렴하 대량 공급 정부 중개 거래 부동산 부자 과세 서민 청년 월세 볼모 주택 부동산 재산 과세 있 주택 이상 비씨 주택 선진국 시세 이상 중과세 장애인 노인 실업자 질병 소년 소녀 가장 부모 가정 인 가구 소외 계층 제외 갹종 감면 제도 폐지 문 재앙 다리 정책 시늉 규제 능력 극치 보이 주택 부동산 폭등 부추기 서민 청년 고통 빠뜨리 문제안 김현미 홍 남 파면 주택 보유 세 강화 주택 누진 도입 보유 감면 혜택 없애 임대 시 업자 세제혜 없애 종교 재산 종교인 과세 일반 국민 과세 주택 임대 거래 정부 개인 민간 금지 신축 주택 이상 영구 임대 주택 건설 생필품 주택 상업 시장 투자 금지 불로 소득 환수 복지 휴머니즘 리 언니 증 판단,1150,1150:주택폭등으로 서민과청년 경제학살 중지해주세요~~~^^,2020-01-20,국토/교통/농림/해양,국토교통부,2020-05-22,NA,123,NA
자본주의 사회 겉 발전 보이 내면 서민 청넌 노예 착취 경제 학살 자본주의 음모 숨기 자본주 자유 시장 경제 유산 세습 주택 부동산 폭등 인하 불로 소득 근로 소득 많 불로 소득 주도 사회 근로 소득 주택 부동산 폭등 세금 불로 소득 근로 소득 많 근로 소득 주택 부동산 폭등 생필품 의식주 생활 물가 비교 주택 부동산 폭등 빈부 격차 벌어지 주택 부동산 부동 부증 고정 생산 수급 학계 수입 제한 특성 자본주의 수요 공급 법칙 자유 시장 경제 원리 작동 부자 주도 독과점 시장 정부 시장 원리 주장 방조 인 주택 부동산 폭등 서민 청년 노예 거지 빚쟁이 고통 시달리 삶 자체 지옥 저출산 자살 유도 정부 직무 유기 관련자 처벌 재산 불로 소득 근로자 임금 근로 소득 노력 노예 거지 빚쟁이 서민 청년 먹 살 목숨 부지 성 노예 근로 노예 어쩌 선택 착취 낳 고통 가중 살 고통 착취 당하 부모 유산 세습 부동산 투기 재산 서민 청년 거액 대출 빚 집 사 빚 인하 평생 빚쟁이 은행 노예 주택 사 전월세 올리 평생 부자 갈취 당하 부자 은행 주택 부동산 폭등 막대하 불 소득 챙기 소비 건물 짖 정부 세수 늘 이득 방조 집권 정치인 표심 보편 복지 부자폭지 푸 주 은행 부자 정부 합작 서민 청년 착취 갈취 경제 학살 출산 자살 증가 부자 불 소득 낭비 집권 정치인 표심 푸 부자 복지비 서민 청년 주머니 나오 부담 서민 청년 임금 주택 폭등 인하 노력 갈취 착취 전월세 상납 기복 생활 벅차 근로 소득 주택 부동산 폭등 가난 사 사회 구조 겉 보이 성실 노력 서민 청년 평생 노예 살 죽 대물림 자본주 자유 시장 경제 자유 민주주의 현실 모습 서민 청년 정상 노예 거지 빚재이 벗어나 여성 성매매 몸 팔 남성 마약 팔 각종 불법 저지르 정상 근로 소득 주택 마련 노예 거지 빚쟁이 살아가 운명 벗어나 이탈 미치 사회 자본주의 시상 경제 자유 민주주의 부추기 자본주의 시장 경제 상징 미국 도시 뉴욕 노숙 넘치 멀쩡하 직장인 주택 폭등 집세 근로 소득 감당 노숙자갸 노숙자 절반 이상 도로 똥 방치 질병 죽 많 의료비 비싸 치료 정신 질환자 마약 방치 거리 헤메 떠돌 총기 소지 자유 총기 인하 사망자 많 미국 군사력 경제력 세계 유일 강대국 서민 청년 노예 거지 빚쟁이 고통 울부짖 지옥 나라 자본주의 민간 주도 시장 경제 경제 독재 많 서민 청년 질병 실업 사 장애인 노인 사회 약자 국민 착취 학살 고통 빠뜨리 괴롭히 한국 미치 미국 자본주의 시장 경제 따라가 당장 멈추 토지곰유 실시 나라 토지 국가 소유 주 을 저렴하 공급 정부 주도 영구 주택 장기 택 무한 공급 신축 주택 이상 영구 임대 주택 정부 건축 관리 임대료 개인 소득 이내 관리비 최소 부동산 중개 계약 정보 정부 거래 중개료 줄이 장애인 노인 소년 소녀 가장 질병 실업자 부모 가정 사회 약사 재산 근로 능력 불로 소득 국민 임대료 무료 주택 토지 사 주거 휴머리즘 리얼리즘 복지 개념 정립 주택 부동산 상품 시장 재산 증식 투자 투기 불로 소득 수단 삼 강력 처벌 가구 주택 의무 불 소득 환수 부동산 보유 세 매년 시세 이상 실효 세 높이 각종 감면 제도 공제 제도 없애 공 시가 공시 지가 없애 실거래 시장 기준 과세 이상 고가 주택 주택 시세 이상 등 누진 징벌 과세 징수 처벌,1407,1407:주택폭등 서민과청년 노예거지빚쟁이 저출산 자살증가~~~^^,2020-01-31,국토/교통/농림/해양,국토교통부,2020-05-22,NA,112,NA
현황 살균 목적 법정 규정 유리 잔류 염소 범위 내 법정 규정 염소 함량 순수 염소 투입 잔류 염소 량 조정 정상 대다수 수영장 잔류 염소 량 탁 도 향상 유기질 이온 결합 오염 물질 분해 응집 침전 효과 염소 량 염소 함량 정도 세제 락스 아비타 잔류 염소 량 조정 락스 아비타 다량 넣 수영장 있 전문 업체 의뢰 락스 아비타 투여 잔류 염소 량 도 조정 수영장 있 현실 소금 전기 분해 소금 염소 나트륨 물 잔류 잔류 염소 량 맞추 수영장 잔류 염소 량 맞추 후 탁도 향상 유기질 이온 결합 오염 물질 분해 응집 침전 효과 있 세제 락스 비타 넣 향상 추가 현실 수영장 여과기 역 세 회 이상 실시 실시 현실 문제점 위 현황 위 항의 염소 함량 이상 강력 세제 화공 약품 구성 락스 아비타 잔류 염소 량 유지 염소 함량 제품 정도 다량 투여 반면 스테인리스 도 펑크 내 세제 락스 아비타 다량 투여 노약자 할머니 할아버지 어린이 미치 영향 알 사용 의문 수영 중 수영장 물 강력 세제 함유 물 먹 호흡기 폐 들 폐 질환 사망 연결 가스 기관지 약하 약자 눈 들어가 시신경 마비 어린이 눈 들어가 성장 시력 이상 알 초등학교 학년 이상 안경 착용 약자 피부 접촉 피부 트러 불 악성 피부 아토피 피부 비염 환자 비염 승하 노약자 치명 반응 오 사용 거 참고 시 분 안전 상황실 오늘 주제 수영장 관련 관련자 보시기 주소 주 비디오 보내 있 위 항의 강력 세제 락스 아비타 잔류 염소 량 유지 유지비 수영장 물 용해 염소 량 현장 측정 가능 강력 세제 량 현장 측정 있 기구 인체 무해 함량 기준 데이터 상태 사용 문제점 위 항의 강력 세제 락스 아비타 잔류 염소 량 유지 과정 타 업체 위탁 의뢰 락스 아비타 수시 투여 잔류 염소 량 도 조정 수영장 관리 문제점 있 위 항의 소금 전기 분해 소금 염소 나트륨 물 잔류 잔류 염소 량 맞추 수영장 소금 전기 분해 기구 해 살균 시스템 전극 판 사용 수명 유지비 소비 소금 비용 인체 피부 미치 영향 수영장 배출 수은 함량 높 물 녹조 먹이 수질 악화 대 강 오염 배출 오염수 농사 사용 경우 농토 오염 먹거리 오염 직결 현실 수영장 목욕탕 은 발 수 작용 심하 각질 사이 잔재 발 수 작용 약자 피부 피부 세포 영향 가하 건성 악성 피부 각질 생기 심하 경우 아토피 가려움증 유발 탈모 현상 발생 물질 물 좋 속설 목욕탕 사용 소금 연수 장치 사용 줄어들 현실 수영장 염소 소금 전해 방법 오염원 인지 바라 참 자 조선일보 탈모 비누 사건 기사 수영장 다니 헬스 바꾸 분 수영장 물 몸 변화 감지 헬스 바꾸 거 수영장 물 개선 주장 관련자 탁상 처리 헬스장 수영장 현장 방문 설문 조사 바라,2463,"2463:100세 시대에 수영장 및 야외 풀 장, 어린이 물 놀이장의 정수 처리개선",2020-02-28,교육/문화/체육/관광,문화체육관광부,2020-05-25,NA,87,NA
현황 살균 목적 법정 규정 유리 잔류 염소 범위 내 법정 규정 염소 함량 순수 염소 투입 잔류 염소 량 조정 정상 대다수 수영장 잔류 염소 량 탁 도 향상 유기질 이온 결합 오염 물질 분해 응집 침전 효과 염소 량 염소 함량 정도 세제 락스 아비타 잔류 염소 량 조정 락스 아비타 다량 넣 수영장 있 전문 업체 의뢰 결탁 락스 아비타 투여 잔류 염소 량 도 조정 수영장 있 현실 소금 전기 분해 소금 염소 나트륨 물 잔류 잔류 염소 량 맞추 수영장 잔류 염소 량 맞추 후 탁도 향상 유기질 이온 결합 오염 물질 분해 응집 침전 효과 있 세제 락스 아비타 전하 넣 향상 추가 현실 수영장 여과기 역 세 회 이상 역 쇠하 도 기여 부족 문제점 위 현황 위 항의 염소 함량 이상 강력 세제 화공 약품 구성 락스 아비타 전하 잔류 염소 량 유지 염소 함량 제품 정도 다량 투여 반면 스테인리스 도 펑크 내 세제 락스 아비타 다량 투여 노약자 할머니 할아버지 어린이 미치 영향 알 사용 의문 수영 중 수영장 물 강력 세제 함유 물 먹 호흡기 폐 들 폐 질환 사망 연결 가스 기관지 약하 약자 눈 들어가 시신경 마비 어린이 눈 들어가 성장 시력 이상 알 초등학교 학년 이상 안경 착용 약자 피부 접촉 피부 트러 불 악성 피부 아토피 가리 운 피부 비염 환자 비염 승하 노약자 치명 반응 오 사용 거 참고 시 분 안전 상황실 오늘 주제 수영장 본인 서울 구청 수영장 다니 다니 헬스 분 상대 설문 조사 실시 위 항의 강력 세제 락스 아비타 잔류 염소 량 유지 유지비 수영장 물 용해 염소 량 현장 측정 가능 강력 세제 량 현장 측정 있 기구 인체 무해 함량 기준 데이터 상태 사용 문제점 위 항의 강력 세제 락스 아비타 잔류 염소 량 유지 과정 전문 업체 위탁 의뢰 락스 아비타 전하 수시 투여 잔류 염소 량 도 조정 수영장 관리 문제점 수영장 배출 폐수 수질 악화 실개천 대 강 오염 배출 오염수 농수로 사용 경우 농토 오염 먹 거리 오염 직결 현실 지하수 세제 오염 현실 용인시 지하수 수질 검사 결과 세제 포함 위 항의 소금 전기 분해 소금 염소 나트륨 물 잔류 잔류 염소 량 맞추 수영장 수영장 배출 수은 함량 높 물 녹조 먹이 수질 악화 대 강 오염 배출 오염수 농사 사용 경우 농토 오염 먹 거리 오염 직결 현실 수영장 염소 소금 전해 방법 오염원 인지 바라 위 항의 수영장 여과기 역세 회 이상 실시 실시 수영장 사용 샌드 모래 여과기 사용 경우 수영장 물 대형 여과기 모래 카본 층 통과 용량 고압 펌프 필요 전력 소비 많 여과기 역 시 배출 역 수 화공 약품 이 함유 물 종말 처리장 염기 염기 각종 세제 제거 상태 수질 오염 원 천지 있 정도 악성 폐수 경기 미 김포 평야 쌀 제일 덕수궁 비원 금붕어 노닐 옛날,2729,"2729:수영장 및 야외풀장, 어린이 물놀이 장의 물 처리 개선으로 환경오염을 줄여야 합니다.",2020-03-06,교육/문화/체육/관광,문화체육관광부,2020-05-13,NA,68,NA
현황 국가 지방 자치 단체 장 방 작업 내용 항 호의 사항 포함 경우 관계 행정 기관 장 협의 재선 충 병 신규 발생지 중요 발생 방제 필요 경우 방제 후 통보 있 문제점 국회 회 법제사 법 차 회의록 환경부 수정 의견 받아들이 항 호 호 단서 관계 행정 기관 장 협의 심의 국회 회 법제사 법 차 회의록 페이지 수석 전문 위원 남궁석 안 조 소나무재선충 병 방제 확산 방지 반출 금지 구역 지정 공고하 경우 산지 일시 사용 허가 신고 의제 자연공원 생태 보전 핵심 구역 멸종 위기 동식물 서식 곳 방제 작업 작업 개설 토지 형질 변경 수반 경우 사전 협의 필요 환경부 수정 의견 검토 필요 판단 페이지 산림청장 신원섭 아까 전문 위원 말씀 대로 사상자 보상 문제 토지 형질 변경 문제 문제 기재부 환경부 얘기 협의 이견 상태 페이지 수석 전문 위원 남궁석 소나무재선충 병 방제 특별법 관련 기획 재정부 환경부 간 이견 부분 이견 부분 의견 제시 의견 제시 산림청 받아들이 받아들이 대로 수정 내용 조 사상 보상 부분 삭제 부분 있 조 항 호 호 위원장 이상민 서면 위원 배포 농림부 장관 드리 내용 알 수석 전문 위원 남궁석 배포 설명 드리 배포 조 항 호 호 토지 형질 변경 수반 경우 조항 추가 문제 해결 소위 넘기 의결 문제 위원장 이상민 위원 말씀 알 내용 홍일표 위원 이병석 위원 말씀 서영 교 위원 합의 소위 넘기 거 위원장 이상민 서면 배포 수석 전문 위원 남궁석 위원장 이상민 장관 드리 항 유보 나머지 의결 이상 질의 위원 계시 의결 위원장 이상민 배포 말씀 항 항 보류 홍일표 위원 보류 위원장 이상민 보류 배포 위원장 이상민 보류 문안 드리 다음 의결 뜻 페이지 김도읍 위원 예 재선 충 병 배포 위원장 이상민 수정 대로 의결 홍일표 위원 그러 위원장 이상민 항 법률안 수석 전문 위원 수정 배포 안대 수정 나머지 부분 원안 가결 이의 위원 있 가결 선포 사 유림 소유자 동의 입 목 벌채 산지 일시 사용 문화재 보호 구역 개발제한구역 허가 신고 관계 행정 기관 장 협의 불법 벌채 산지 일시 사용 문화재 구역 훼손 개발 제한 구역 훼손 시 군 공무원 유림 소유자 동의 협의 불법 벌채 산지 일시 사용 문화재 구역 훼손 개발 제한 구역 훼손 범죄자 사 유림 소유자 동의 채 국가 지방 자치 단체 장 사 유림 벌채 산지 일시 사용 문화재 구역 훼손 개발 제한 구역 훼손 재물 손괴 죄 행하,7525,"7525:소재법 제16조의3 제2항 개정, 제3항 신설",2020-07-09,국토/교통/농림/해양,산림청,2020-08-07,NA,29,NA
법률 호 가축 전염병 예방법 조 살처분 명령 항 시장 군수 구청장 농림 축산 식품부 령 정하 종 가축 전염병 퍼지 막 필요 인정 농림 축산 식품부 령 정하 바 가축 전염병 걸리 걸리 만 역학 조사 정밀 검사 결과 임상 증상 가축 소유자 가축 살처분 명 우역 우폐역 구제역 돼지 열병 아프리카 돼지 열병 병원 조류 인플루엔자 걸리 걸리 만 역학 조사 정밀 검사 결과 임상 증상 가축 가축 전염병 특정 매개체 경우 가축 전염병 특정 매개체 역학 조사 결과 가축 전염병 특정 매개체 가축 접촉 접촉 의심 경우 농림 축산 식품부 령 정하 경우 한정 에 가축 가축 전염병 특정 매개체 장소 중심 가축 전염병 퍼지 퍼지 우려 가축 소유자 지체 살처분 명 있 위 법률 명시 대로 나라 살처분 농림 축산 식품부 이하 농림부 령 진행 예방 살처분 경우 가축 방역 심의회 열 해당 협의 후 이루어지 알리 법률 호 가축 전염병 예방법 조 가축 방역 심의회 항 가축 방역 관련 주요 정책 심의 농림 축산 식품부 장관 소속 중앙 가축 방역 심의회 두 시 도지사 특별 자치 시장 소속 지방 가축 방역 심의회 두 중앙 가축 방역 심의회 지방 가축 방역 심의회 다음 호의 사항 심의 1 가축 전염병 예방 관리 대책 수립 시행 2 가축 전염병 관하 조사 연구 3 가축 전염병 긴급 방역 대책 수립 시행 4 가축 방역 관계 기관 협조 대책 후략 정리 전염병 발생 시 농림부 일반 살처분 명령 뒤 자체 심의회 열 다음 상황 대응 돌입 구체 예방 살처분 현황 살펴보 농림부 에이아이 구제역 방역 보완 방안 발표 예방 살처분 원칙 확립 아프리카 돼지 열병 경우 긴급 행동 지침 발병 농장 주위 반경 살처분 원칙 범위 고정 값 살처분 명령 항 의거 임의 조정 있 다음 최근 사례 충남 아산 병원 발생 시 발생 농장 주위 살처분 결정 인천 강화 아프리카 돼지 열병 확산 시 강화군 내 돼지 살처분 결정 경기 연천 아프리카 돼지 열병 확산 시 연천군 내 돼지 살처분 결정 질병 확산 심각하 상황 감안 원칙 비하 엄청나 규모 설 나라 예방 살처분 과도 효율 이루어지 앞서 사례 있 예방 살처분 시행 범위 단위 단위 설정 축산 농가 간 역학 관계 무시 채 직선 거리 행정 구역 범위 지정 과학 근거 주먹구구식 처리 뿐 살처분 결정 주민 반발 발생 시 설득 만 구실 아이러니 살처분 명령 항 기술 예방 살처분 기준 위법 축산 농가 주민 경제 심적 고통 호소 동물 단체 주장 느끼 언론 공개 바 인하 살처분 마리 예방 살처분 건수 마리 가운데 항원 검출 개체 마리 살처분 가축 죽 현행 방식 효율 거리 멀 사실 대변 상황 달라지 대응 기준 고민 살처분 범위 설정 분별 살처분 규모 확장 경제 손실 환경 파괴 예정 순서 동물 침해,9478,"9478:예방적 살처분 시행범위, 과학적으로 설정해야",2020-09-02,국토/교통/농림/해양,농림축산식품부,2020-09-25,NA,23,NA
현황 행정 기관 행정 효율 협업 촉진 관하 규정 조 항 규정 시행 규칙 조 항 정하 의무 규정 해당 관인 인영 등록 관 대장 분실 경우 관인 분실 다르 행정 효율 협업 촉진 관하 규정 조 항 정하 분실 밖 사유 해당 해당 관인 행정 효율 협업 촉진 관하 규정 조 항 폐기 행정 효율 협업 촉진 관하 규정 조 항 규정 시행 규칙 조 항 정하 의무 규정 갱신 관인 인영 관 대장 등록 여부 행정 안전부 행정 안전부 정부 혁신 조직 실 정부 혁신 기획관 정보 공개 정책 과 사용 관인 위 규정 조 항 폐기 후 갱신 관인 조 항 의거 등록 알리 민원 회신 정보 공개 정책 참조 관보 건설 부 공고 호 공고 중앙토지수용위원회 청 인 중앙토지수용위원회 위원장 직인 구 사무 관리 규정 조 동 규정 시행 규칙 조 항 등록 사무 관리 규정 시행 규칙 별지 호 서식 관 대장 존부 확인 불가 인하 존재 행정 업무 효율 운영 관하 규정 조 항 동 규정 시행 규칙 조 항 위법 엉터리 구 행정 업무 효율 운영 관하 규정 시행 규칙 지 호 서식 관 대장 관인 등록 공고 당시 관인 대장 관인 등록 효력 증명력 위법 엉터리 등록 관보 건설 부 공고 호 등록 공고 중앙토지수용위원회 청 인 중앙토지수용위원회 위원장 직인 인영 관인 엉터리 등록 사실 중앙토지수용위원회 당시 박남춘 국회 의원 제출 자료 확인 바 관인 등록 사용 관하 법령 주관 부서 행정 안전부 정보 공개 정책 문서 회신 사항 반영 중앙토지수용위원회 사용 중앙토지수용위원회 청 중앙토지수용위원회 위원장 직인 행정 효율 협업 촉진 관하 규정 조 항 정하 의무 규정 폐기 후 갱신 관인 위 규정 조 항 정하 의무 규정 의거 등록 사용 고충 민원 중앙토지수용위원회 국토 교통부 가 거부 문제점 이 관인 등록 사무 관하 주관 부서 행정 안전부 행정 안전부 정부 혁신 조직 실 정부 혁신 기획관 정보 공개 정책 과 사용 관인 위 규정 조 항 폐기 후 갱신 관인 조 항 의거 등록 알리 민원 회신 반하 행정 효율 협업 촉진 관하 규정 조 항 위반 법치주의 위배,9780,9780:관인대장 분실한 중토위의 청인과 위원장 직인을 폐기하고 갱신한 관인 재등록 사용의무이행 국민제안,2020-09-22,국토/교통/농림/해양,국토교통부,2020-10-16,NA,24,NA
부제 영구 기록물 관리 시스템 기능 요건 감사 증 동일 기록 관리 시스템 기능 요건 감사 증 개정 요구 국민 제안 현황 공공 기록물 관리 관하 법률 시행령 조 접근 권한 관리 공공 기관 기록물 관리 기관 장 전자 기록 생산 시스템 기록 관리 시스템 영구 기록 관리 시스템 생산 보존 기록물 접근 접근 시도 관하 사항 이력 정보 관리 경우 접근 이력 처리 상황 관리 정보 해당 시스템 자동 생성 임의 수정 삭제 영구 기록물 관리 시스템 기능 요건 감 사증 기록물 분류 체계 메타 데이터 시스템 종류 접근 감사 증 정보 남기 경우 감사 증 정보 변경 삭제 가능 형태 생산 관리 기록물 접근 감사 증 정보 최소한 다음 요소 구성 접근 사용자 접근 일시 해당 기능 접근 유형 영구 기록 관리 시스템 다음 행위 감사 증 정보 저장 검색 있 기록물 인수 기록물 분류 처분 관련 행위 분류 체계 생성 변경 분류 체계 내 기록물 철 생성 변경 기록 관리 기준 생성 변경 메타데이터 관련 변경 메타데이터 생산 변경 삭제 기록물 메타데이터 반출 행위 전자 전자 기록물 위치 정보 이동 행위 감사 증 로그 일정 기간 유지 있 선택 별도 저장 가능 감사 증 정보 훼손 표준 포맷 내보내 있 감사 증 정보 다음 기준 보고서 형식 출력 지원 기록물 기록 계층 사용자 접근 별 발생 순서 별 기록물 동시 다음 정보 자동 남기 기록물 기록 계층 고유 식별자 위치 이동 전송 일시 위치 저장 일시 이동 수행 행위자 전자 기록물 인수 이후 진본 결성 손상 행위 경고 메시지 통지 감사 증 정보 남기 기록 관리 시스템 기능 요건 감 사증 시스템 기능 기록물 접근 다음 감사 증 남기 기록 관리 시스템 로그인 사용자 목록 접근 일자 접속 유지 시간 클라이언트 주소 로그인 시도 실패 내역 기록물 접근 시도 실패 내역 시스템 관리자 기록 관리자 허용 기능 접근 시도 기록 관리자 정하 중요 기록 관리 업무 인수 처분 공개 분류 보존 관리 수행 이력 감사 증 관리 있 관리 내역 조회 있 업무 수행 일시 수행 업무 수행 대상 객체 업무 수행 담당자 다음 종류 이벤트 감사 증 자동 남기 있 신규 사용자 사용자 그룹 생성 기록물 등록 기록물 사용자 접근 권한 변경 메타데이터 값 변경 처분 검토 결정 기록 관리 기준 값 변경 폐기 문제점 위 현행 영구 기록물 관리 시스템 기능 요건 감사 증 공공 기록물 관리법 시행령 조 항 영구 기록물 관리 시스템 기록물 종류 접근 접근 시도 관하 사항 이력 정보 관리 감사 증 정보 남기 데 반하 현행 기록 관리 시스템 기능 요건 감사 증 기록 관리 시스템 기록물 접근 시도 실패 내역 감사 증 정보 남기 전자 기록물 인수 이후 진본 결성 보장 핵심 감사 증 정보 기록 관리 시스템 기록물 종류 접근 접근 시도 관하 사항 이력 정보 관리 감사 증 정보 기록물 메타데이터 반출 행위 전자 기록물 위치 정보 이동 행위 생산 관리 공공 기록물 관리 관하 법률 시행령 조 항 기록 관리 시스템 기록물 종류 접근 접근 시도 관하 사항 이력 정보 해당 시스템 자동,9900,9900:공공기록물관리법시행령 제28조제3항에 따른 기록물에 대한 모든 종류의 접근ㆍ이력정보 등 관리의 감사증적)에 위배되는 NAK 6:2020(v1.3) 기록관리시스템 기능요건 중 감사증적 개정요구 국,2020-09-18,행정/자치/안전,행정안전부,2020-10-16,NA,28,NA
신 국가 기록원 장 현황 전자 기록물 장기 보존 포맷 기술 규격 법률 근거 공공 기록물 관리 관하 법률 조 공공 기록물 관리 관하 법률 시행령 조 기록관 특수 기록관 전자 기록물 보존 공공 기록물 관리 관하 법률 시행령 조 영구 기록물 관리 기관 전자 기록물 보존 관리 사용자 정보 설명 기록물 열람 복사 출력 활용 관련 정보 컨테이너 사용 일시 설명 기록물 이관 이후 기록물 열람 접근 행위 발생 일시 사용자 사 유형 사용 내용 설명 장기 보존 포맷 기술 규격 법률 근거 공공 기록물 관리 관하 법률 조 공공 기록물 관리 관하 법률 시행령 조 기록관 특수 기록관 전자 기록물 보존 공공 기록물 관리 관하 법률 시행령 조 영구 기록물 관리 기관 전자 기록물 보존 관리 이용 이력 정의 기록물 영구 기록물 관리 기관 보존 동안 원본 기록물 내부 직원 용 정보 포함 컨테이너 필수 여부 사용 중지 비 영구 기록물 관리 기관 보존 기록물 적용 항목 보존 포맷 용도 고려 시 장기 보존 포맷 규격 관리 적합 구조 남기 이용 유형 정의 기록물 이용 접근 행위 필수 여부 사용 중지 이용 내용 설명 정의 기록물 이용 접근 행위 설명 필수 여부 사용 중지 이용일 시 정의 기록물 이용 접근 일시 필수 여부 사용 중지 이용자 정의 해당 기록물 이용 접근 행위자 정보 포함 컨테이너 필수 여부 사용 중지 문제점 위 장기 보존 포맷 기술 규격 사용자 이력 공공 기록물 관리법 시행령 조 공공 기록물 관리법 시행령 조 기록 관리 시스템 영구 기록물 관리 시스템 기록물 종류 접근 접근 시도 관하 사항 이력 정보 이용 이력 룰 장기 보존 포맷 변환 보존 관리 데 반하 현행 장기 보존 포맷 기술 규격 이용 력 공공 기록물 관리법 시행령 조 공공 기록물 관리법 시행령 조 영구 기록물 관리 시스템 기록물 종류 접근 접근 시도 관하 사항 이력 정보 이용 이력 룰 장기 보존 포맷 변환 보존 관리 고시 기록 관리 시스템 이용 력 용 이력 제외 영구 기록물 관리 시스템 기록물 종류 접근 접근 시도 관하 사항 이력 정보 이용 이력 룰 장기 보존 포맷 변환 사용 중지 개념 사 문화 공공 기록물 관리 관하 법률 시행령 조 항 기록 관리 시스템 기록물 종류 접근 접근 시도 관하 사항 이력 정보 해당 시스템 자동 생성 임의 수정 삭제 관리 의무 규정 위배 공공 기록물 관리 관하 법률 조 기록물 관리 원칙 공공 기관 기록물 관리 기관 장 기록물 생산 활용 과정 걸치 본성 결성 신뢰 이용 가능 보장 있 관리 공공 기록물 관리 관하 법률 시행령 조 항 공공 기관 기록물 관리 기관 장 기록물 관리 기록물 생산 관리 과정 걸치 발생 기록 관리 메타데이터 전자 기록 생산 시스템 기록 관리 시스템 영구 기록 관리 시스템 생산 관리 의무 규정 위배 공공 기록물 관리 관하 법률 조 항 위배 공공 기록물 관리 관하 법률 시행령 조,9901,9901:공공기록물관리법시행령 제28조제3항에 따른 기록물에 대한 모든 종류의 접근 이력정보 등 관리의무)에 위배되는 NAK 31:2017(v2.1) 전자기록물 장기보존포맷 기술규격(이용이력) 개정요구,2020-09-18,행정/자치/안전,행정안전부,2020-10-16,NA,28,NA
부제 영구 기록물 관리 시스템 기능 요건 감사 증 시 내용 동일 기록 관리 시스템 기능 요건 감사 증 개정 요구 공개 국민 제안 공공 기록물 관리 관하 법률 조 기록물 관리 원칙 공공 기관 기록물 관리 기관 장 기록물 생산 활용 과정 걸치 본성 결성 신뢰 이용 가능 보장 있 관리 공공 기록물 관리 관하 법률 시행령 조 기록물 관리 원칙 공공 기관 기록물 관리 기관 장 기록물 관리 기록물 생산 관리 과정 걸치 발생 기록 관리 메타데이터 전자 기록 생산 시스템 기록 관리 시스템 영구 기록 관리 시스템 생산 관리 신설 조 접근 권한 관리 법 조 항 공공 기관 생산 접수 보존 기록물 결성 보장 공개 기록물 체계 관리 접근 범위 구분 관리 있 필요 조치 수립 시행 접근 권한 기록물 접근 기준 기록물 내용 목록 정보 구분 접근 범위 설정 공공 기관 기록물 관리 기관 장 전자 기록 생산 시스템 기록 관리 시스템 영구 기록 관리 시스템 생산 보존 기록물 접근 접근 시도 관하 사항 이력 정보 관리 경우 접근 이력 처리 상황 관리 정보 해당 시스템 자동 생성 임의 수정 삭제 기록 관리 시스템 기능 요건 감 사증 기록 처리 행위 추적 정책과 표준 준수 이루어지 확인 있 정보 처리 행위 시점 처리 행위자 처리 행위 내용 해당 감 사증 시스템 기능 기록물 접근 다음 감사 증 남기 기록물 접근 시도 실패 내역 현행 영구 기록물 관리 시스템 기능 요건 감사 증 공공 기록물 관리법 시행령 조 항 영구 기록물 관리 시스템 기록물 종류 접근 접근 시도 관하 사항 처리 상황 이력 정보 이용 이력 처리 상황 이력 정보 관리 감사 증 정보 영구 기록물 관리 시스템 자동 생산 관리 현행 기록 관리 시스템 기능 요건 감사 증 기록 관리 시스템 기록물 접근 시도 을 실패 내역 감사 증 정보 남기 기록물 인수 이후 진본 결성 보장 핵심 감 사증 정보 기록 관리 시스템 기록물 종류 접근 접근 시도 관하 사항 처리 상황 이력 정보 관리 감사 증 정보 기록물 메타데이터 반출 행위 전자 기록물 위치 정보 이동 행위 다운로드 복사 정보 기록 관리 시스템 불 생성 불 관리 기록 관리 시스템 기능 요건 고시 내용 감 사증 기록 처리 행위 추적 정책과 표준 준수 이루어지 확인 있 정보 처리 행위 시점 처리 행위자 처리 행위 내용 해당 용어 정의 위배 공공 기록물 관리 관하 법률 시행령 조 항 기록 관리 시스템 기록물 종류 접근 접근 시도 관하 사항 이력 정보 해당 시스템 자동 생성 임의 수정 삭제 관리 의무 규정 위배 공공 기록물 관리 관하 법률 조 기록물 관리 원칙 공공 기관 기록물 관리 기관 장 기록물 생산 활용 과정 걸치 본성 결성 신뢰 이용 가능 보장 있 관리 의무 규정 위배 공공 기록물 관리 관하 법률 시행령 조 항 공공 기관 기록물 관리 기관 장 기록물 관리 기록물 생산 관리 과정 걸치 발생 기록 관리 메타데이터 전자 기록 생산 시스템 기록 관리 시스템 영구 기록 관리 시스템 생산 관리 의무 규정 위배,10585,10585:공공기록물관리법시행령 제28조제3항 기록물에 대한 모든 접근 처리상황 관리의무 위반 NAK 6:2020(v1.3) 기록관리시스템 기능요건(감사증적) 개정요구 공개국민제안,2020-10-17,행정/자치/안전,행정안전부,2020-11-17,2020-11-17,31,31
기록 관리 메타데이터 표준 법령 근거 공공 기록물 관리 관하 법률 시행령 조 접근 권한 관리 항 기록 관리 메타데이터 기록 맥락 내용 구조 기록 생애 주기 동안 관리 사항 기술 데이터 비 기록물 식별 관리 검색 이용 보존 있 구조 구조 정보 정의 정의 준용 개작 6 기록 관리 메타데이터 요소 이용 이력 이용 유형 다운로드 복사 전체 열람 목록 열람 허가 접근 이용 내용 설명 이용일 시 이용자 작성 방법 영구 기록물 관리 기관 내 이용 이력 입력 기록 관리 메타데이터 표준 이용 력 법 근거 공공 기록물 관리 관하 법률 조 기록물 관리 원칙 공공 기록물 관리 관하 법률 시행령 조 기록물 관리 원칙 항 공공 기록물 관리 관하 법률 시행령 조 항 정하 의무 규정 기관 기록관 인수 후 기록 이용 접근 행위 기록관 특수 기록관 영구 기록물 관리 기관 기록물 관리 전자 수행 시스템 기록물 관리 시스템 영구 기록물 관리 시스템 관리 영구 기록물 관리 기관 기록관 특수 기록관 내 기록물 접근 이용 이력 처리 상황 관리 정보 다운로드 복사 이용 이력 정보 기록 관리 메타데이터 생성 관리 현행 기록 관리 메타데이터 표준 이용 력 법 근거 공공 기록물 관리 관하 법률 조 기록물 관리 원칙 공공 기록물 관리 관하 법률 시행령 조 기록물 관리 원칙 항 공공 기록물 법률 시행령 조 정하 의무 규정 영구 기록물 관리 기관 내 이용 이력 입력 고시 기록관 특수 기록관 기록물 관리 전자 수행 시스템 기록 관리 시스템 관리 기록 관 내 기록물 접근 이용 이력 처리 상황 관리 정보 다운로드 복사 이용 이력 정보 은 고시 제외 현행 기록 관리 메타데이터 표준 기록 관리 메타데이터 기록 맥락 내용 구조 기록 생애 주기 동안 관리 사항 기술 데이터 용어 정의 위배 공공 기록물 관리 관하 법률 시행령 조 항 기록관 특수 기록관 기록물 관리 전자 수행 시스템 기록 관리 시스템 관리 기록물 접근 이용 이력 처리 상황 관리 정보 해당 시스템 자동 생성 임의 수정 삭제 관리 의무 규정 위배 공공 기록물 관리 관하 법률 조 기록물 관리 원칙 공공 기관 기록물 관리 기관 장 기록물 생산 활용 과정 걸치 본성 결성 신뢰 이용 가능 보장 있 관리 의무 규정 위배 공공 기록물 관리 관하 법률 시행령 조 기록물 관리 원칙 항 공공 기관 기록물 관리 기관 장 기록물 관리 기록물 생산 관리 과정 걸치 발생 기록 관리 메타데이터 전자 기록 생산 시스템 기록 관리 시스템 영구 기록 관리 시스템 생산 관리 의무 규정 위배 공공 기록물 관리 관하 법률 조 기록물 관리 원칙 공공 기록물 관리 관하 법률 시행령 조 기록물 관리 원칙 항 공공 기록물 관리 관하 법률 시행령 조 접근 권한 관리 항 의거 기록물 관리 기록물 생산 관리 과정 걸치 발생 기록 관리 메타데이터 전자 기록 생산 시스템 기록 관리 시스템 영구 기록 관리 시스템 생산 관리 의무 규정 현행 기록 관리 메타데이터 표준 이용 력 영구 기록물 관리 기관 기록물 이용 이력 포함 고시 틀림없 사실 비추 현행 기록 관리 메타데이터 표준 이용 력 기록관 특수 기록관 기록물 이용 이력 포함 틀림없 사실 제외 자기 부정 상위법 우선 원칙 위반 법치주의 위반,10597,10597:공공기록물관리법시행령 제28조제3항 위반 NAK 8 메타데이터 표준(이용이력)을 개정 고시하여 주세요,2020-10-16,행정/자치/안전,행정안전부,2020-11-17,NA,32,NA
기록 관리 시스템 기능 요건 2 기록 관리 시스템 기능 모델 각각 기능 핵심 요건 다음 접근 권한 감사 증 중요 기록 관리 업무 수행 이력 감사 증 남기 있 감사 증 내용 임의 변경 감 사증 시스템 기능 기록물 접근 다음 감사 증 남기 기록 관리 시스템 로그인 사용자 목록 접근 일자 접속 유지 시간 클라이언트 주소 로그인 시도 실패 내역 기록물 접근 시도 실패 내역 시스템 관리자 기록 관리자 허용 기능 접근 시도 기록 관리자 정하 중요 기록 관리 업무 인수 처분 공개 분류 보존 관리 수행 이력 감사 증 관리 있 관리 내역 조회 있 업무 수행 일시 수행 업무 수행 대상 객체 업무 수행 담당자 다음 종류 이벤트 감사 증 자동 남기 있 신규 사용자 사용자 그룹 생성 기록물 등록 기록물 사용자 접근 권한 변경 메타데이터 값 변경 처분 검토 결정 기록 관리 기준 값 변경 폐기 현행 영구 기록물 관리 시스템 기능 요건 접근 권한 관리 감사 증 현행 기록물 관리 시스템 기능 요건 접근 권한 관리 감사 증 동일 법률 근거 공공 기록물 관리 관하 법률 조 기록물 관리 원칙 공공 기록물 관리 관하 법률 시행령 조 기록물 관리 원칙 공공 기록물 관리 관하 법률 시행령 조 접근 권한 관리 정하 의무 규정 현행 영구 기록물 관리 시스템 기능 요건 접근 권한 관리 감사 증 기록물 종류 접근 접근 시도 관하 사항 이력 정보 이용 이력 다운로드 복사 접근 이력 처리 상황 관리 정보 기록 관리 메타데이터 감사 증 기록물 메타데이터 반출 행위 전자 기록물 위치 정보 이동 행위 영구 기록물 관리 시스템 자동 생산 관리 고시 이러하 점 비추 현행 기록 관리 시스템 기능 요건 접근 권한 권리 감사 증 현행 영구 기록물 관리 시스템 기능 요건 접근 권한 권리 감사 증 시 내용 제외 개정 고시 현행 기록 관리 시스템 기능 요건 접근 권한 권리 감사 증 기록 관리 시스템 기록물 접근 시도 을 실패 내역 감사 증 정보 남기 기록물 종류 접근 접근 시도 관하 사항 이력 정보 이용 이력 다운로드 복사 접근 이력 처리 상황 관리 정보 기록 관리 메타데이터 감사 증 기록물 메타데이터 반출 행위 전자 기록물 위치 정보 이동 행위 생산 불 관리 고시 공공 기록물 관리 관하 법률 조 기록물 관리 원칙 공공 기관 기록물 관리 기관 장 기록물 생산 활용 과정 걸치 본성 결성 신뢰 이용 가능 보장 있 관리 의무 규정 위배 공공 기록물 관리 관하 법률 시행령 조 기록물 관리 원칙 항 공공 기관 기록물 관리 기관 장 기록물 관리 기록물 생산 관리 과정 걸치 발생 기록 관리 메타데이터 전자 기록 생산 시스템 기록 관리 시스템 영구 기록 관리 시스템 생산 관리 의무 규정 위배 기록 관리 시스템 기능 요건 시 내용 감 사증 기록 처리 행위 추적 정책과 표준 준수 이루어지 확인 있 정보 처리 행위 시점 처리 행위자 처리 행위 내용 해당 용어 정의 위배 공공 기록물 관리 관하 법률 시행령 조 항 기록 관리 시스템 기록물 종류 접근 접근 시도 관하 사항 이력 정보 처리 상황 해당 시스템 자동 생성 임의 수정 삭제 관리 의무 규정 위배 모순 상위법 우선 원칙 위배 체계 정당성 체계 합법 원칙 위배 법치주의 위배,10954,10954:공공기록물관리법시행령 제4조 및 제28조 접근권한 및 접근이력 관리의무 위반 NAK 6 기록관리시스템 기능요건(감사증적) 개정 공개국민제안,2020-10-30,행정/자치/안전,행정안전부,2020-12-01,2020-12-01,32,32
공공 기록물 관리 관하 법률 시행령 조 접근 권한 관리 항 정하 의무 규정 전자 기록 생산 시스템 기록 관리 시스템 영구 기록 관리 시스템 생산 보존 기록물 접근 접근 시도 관하 사항 이력 정보 접근 이력 처리 상황 해당 시스템 자동 생성 임의 수정 삭제 관리 정보 전자 기록 생산 시스템 기록 관리 시스템 영구 기록 관리 시스템 생산 보존 특정 기록물 접근 사용 접근 주소 시 분 초 접근 기능 사용 접근 행위 최소한 구성 요소 필요충분조건 이러하 점 다음 영구 기록물 관리 시스템 기능 요건 기록물 접근 감사 증 정보 국가기록원 확인 입증 영구 기록물 관리 시스템 기능 요건 기록물 접근 감사 증 정보 최소한 다음 요소 구성 접근 사용자 접근 일시 해당 기능 접근 유형 표준 고시 위 영구 기록물 관리 시스템 기능 요건 비추 공공 기록물 관리 관하 법률 시행령 조 접근 권한 관리 항 정하 의무 규정 영구 기록 관리 시스템 생산 보존 기록물 접근 접근 시도 관하 사항 이력 정보 접근 이력 처리 상황 해당 시스템 자동 생성 임의 수정 삭제 관리 정보 영구 기록 관리 시스템 생산 보존 기록물 접근 사용자 접근 일시 해당 기능 접근 유형 감사 증 정보 관리 표준 고시 영구 기록 관리 시스템 생산 보존 기록물 접근 사용자 기록물 변조 여부 영구 기록 관리 시스템 감사 증 확인 있 기록 관리 시스템 기능 요건 시스템 기능 기록물 접근 다음 감사 증 남기 기록 관리 시스템 로그인 사용자 목록 접근 일자 접속 유지 시간 클라이언트 주소 표준 고시 공공 기록물 관리 관하 법률 시행령 조 접근 권한 관리 항 정하 의무 규정 기록 관리 시스템 생산 보존 기록물 접근 접근 시도 관하 사항 이력 정보 접근 이력 처리 상황 해당 시스템 자동 생성 임의 수정 삭제 관리 정보 기록 관리 시스템 생산 보존 기록물 접근 사용자 기록물 변조 여부 기록 관리 시스템 감사 증 확인 있 기록 관리 시스템 생산 보존 기록물 접근 사용자 접근 일시 해당 기능 접근 유형 감사 증 정보 관리 표준 고시 기록 관리 시스템 기능 요건 표준 기록 관리 시스템 로그인 사용자 목록 접근 일자 접속 유지 시간 클라이언트 주소 감사 증 정보 관리 표준 고시 결과 기록 관리 시스템 기능 요건 감사 증 고시 내용 표준 기록 관리 시스템 생산 보존 기록물 접근 사용자 기록물 변조 접근 사용자 기록물 변조 여부 표준 기록 관리 시스템 감사 증 확인 공공 기록물 관리 관하 법률 조 기록물 관리 원칙 정하 결성 보장 원칙 위배 공공 기록물 관리 관하 법률 시행령 조 기록물 관리 원칙 정하 결성 보장 원칙 위배 공공 기록물 관리 관하 법률 시행령 조 접근 권한 관리 항 정하 의무 규정 위배 모순 상위법 우선 원칙 위배 체계 정당성 체계 합법 원칙 위배 법치주의 위배,11901,11901:공공기록물관리법시행령 28조3항 기록관리시스템의 기록물에 접근한 사용자/IPㆍ접근일시ㆍ접근유형 감사증적 미기록관리표준고시로인한 기록물 변조 방치 대책 공개국민제안,2020-11-27,행정/자치/안전,행정안전부,2021-01-08,2021-01-08,42,42
수 신 행정 안전부 장관 법 조 항 조 조 조 항 법 시행령 조 법 시행 규칙 조 지 호 서식 규정 종합 정보 공개 청구 자 공공 기관 정보 사본 출력 물 교부 방법 공개 방법 선택 정보 공개 청구 경우 공개 청구 공공 기관 법 조 항 규정 정보 사본 복제물 교부 제한 있 사유 해당 한 정보 공개 청구 선택 공개 방법 정보 공개 공개 방법 선택 재량 해석 상당 법원 선 고 두 판결 참조 공공 기관 정보 공개 관하 법률 시행령 조 정보 공개 방법 항 정보 다음 호 구분 방법 공개 의무 규정 호 전자 형태 보유 관리 정보 파일 복제 정보 통신망 활용 정보 공개 시스템 송부 방법 공개 의무 규정 공공 기관 정보 공개 관하 법률 시행 규칙 조 정보 공개 청구서 서식 항 법 조 항 공공 기관 정보 공개 관하 법률 시행령 이하 조 항 정보 공개 청구 지 호 서식 의무 규정 공공 기관 정보 공개 관하 법률 시행 규칙 별지 호 서식 정보 공개 청구 다음 공개 방법 무관하 청구인 자유의사 수령 방법 선택 공개 의무 규정 공개 방법 열람 시청 사본 출력 물 전자 파일 복제 인화 물 기타 수령 방법 방문 우편 팩스 전송 정보 통신망 정보 공개 포털 기타 정보 공개 포털 위 정보 공개 법 시행령 조 항 호 정보 공개 법 시행 규칙 조 항 정보 공개 법 시행 규칙 별지 호 서식 전자 형태 보유 관리 정보 전자 파일 문서 도면 사진 공개 방법 파일 복제 수령 방법 정보 통신 망 활용 정보 공개 시스템 정보 공개 포털 송부 있 수령 방법 자유의사 의하 선택 있 불구하 공개 방법 복제 인화 물 선택 시 수령 방법 정보 통신망 정보 공개 포털 선택 제한 인하 정보 공개 법 조 호 법 조 항 법 조 항 법 조 항 법 시행령 조 항 호 법 시행 규칙 조 항 별지 호 서식 청구인 자유 의사 의하 공개 방법 수령 방법 선택 제한 침해 이 법치주의 위반 위 정보 공개 법 법 시행령 법 시행 규칙 근거 법령 조항 위반,13101,13101:정보공개시스템에서 청구신청시 공개방법을 복제ㆍ인화물로 선택한 경우 수령방법에서 정보통신망(정보공개포털)만 선택권 제한 개선요구 공개국민제안,2021-01-13,행정/자치/안전,행정안전부,2021-02-10,NA,28,NA
수 신 행정 안전부 장관 정보 공개 포털 해당 기관 정보 목록 문서 제목 기관 명 담당 부서 명 생산 일자 업무 담당자 문서 번호 보존 기간 공개 여부 명시 공개 공개 여부 표시 공개 경우 정보 공개 법 조 항 정하 바 공개 근거 법 조항 호 명시 아니하 청구인 공개 사유 모르 바 악용 피 청구인 공개 결정 처분 통지 경우 행정 안전부 기관 공통 발간 정보 공개 운영 매뉴얼 정보 공개 법 조 항 정하 바 공개 근거 법 조항 호 명시 경우 다반사 명시 정보 공개 법 조 항 호 구체 공개 사유 명시 경우 대부분 참고 행정 안전부 기관 공통 발간 정보 공개 운영 매뉴얼 공개 결정 처분 통지 경우 정보 공개 법 조 항 정하 의무 규정 공개 근거 법 조항 호 의무 명시 호 내용 공개 대상 정보 구체 공개 사유 명시 통지 공개 결정 통지 효력 발생 법원 판례 명시 이러하 청구인 위법 공개 결정 처분 통지 경우 대부분 청구인 공개 결정 처분 이의 신청 위 문제점 인 정보 공개 법 조 항 호 구체 공개 사유 모르 체 헌법 보장 국민 알권리 부당 침해 법치주의 위반 정보 공개 법 시행령 조 항 공공 기록물 관리법 시행령 조 동법 시행 규칙 조 항 정하 의무 규정 위반 근거 법 조항 공공 기관 정보 공개 관하 법률 시행령 조 정보 목록 작성 비치 법 조 항 정보 목록 문서 제목 생산 연도 업무 담당자 보존 기간 포함 경우 공공 기록물 관리 관하 법률 시행령 조 조 등록 정보 목록 법 조 항 정보 목록 갈음 있 공공 기록물 관리 관하 법률 시행령 조 기록물 등록 공공 기관 기록물 생산 접수 기관 전자 기록 생산 시스템 생산 접수 등록 번호 부여 기록물 표기 중앙 기록물 관리 기관 장 정하 등록 정보 전자 생산 관리 조 공개 여부 구분 관리 기록물 건 단위 공개 여부 구분 조 항 기록물 등록 정보 관리 공공 기록물 관리 관하 법률 시행 규칙 조 기록물 공개 여부 구분 표시 영 조 기록물 공개 여부 구분 표시 공개 부분 공개 공개 선택 표시 항 부분 공개 공개 경우 해당 정보 부분 공개 공개 표시 공공 기관 정보 공개 관하 법률 조 항 호의 번호 해당 번호 괄호 안 표시 관리 행정 효율 협업 촉진 관하 규정 시행 규칙 조 기안 문의 구성 조 항 기안 문 지 호 서식 작성 경우 기안 문 문 본문 결 문 구성 결 문 다음 호의 사항 구성 발 명 기안자 검토 협조자 결재 직위 직급 각급 행정 기관 급 이하 공무원 직급 대신 대외 사용 있 정하 대외 직명 포함 이하 조 서명 전자 이미지 서명 전자 문자 서명 포함 이하 공공 기록물 관리 관하 법률 시행령 조 생산 등록 번호 이하 생산 등록 번호 접수 등록 번호 이하 접수 등록 번호 시행일 접수 행정기관 우편번호 주소 홈페이지 주소 전화번호 팩스 번호 공무원 전자 우편 주소 공개 구분 개선 효과 헌법 보장 국민 알권리 부당 침해 사전 예방 법치주의 위반 해소,13122,"13122:정보공개포털(www.open.kr)의 해당기관 정보목록에 정보공개법시행령 제5조1항, 공공기록물관리법시행령 27조 및 동법시행규칙 18조2항에 따라 비공개 근거법조항 각호 명시 국민공개제안",2021-01-13,행정/자치/안전,행정안전부,2021-02-10,2021-02-10,28,28
국가 기록원 홈피 기록물 검색 결과 정보 정보 목록 정보 공개 법 시행령 조 항 공공 기록물 관리법 시행령 조 조 동법 시행 규칙 조 항 정보 공개 법 조 항 공개 근거 호 명시 국민 공개 제안 신 국가 기록원 장 국가 기록원 중앙 행정 기관 공공 기록물 관리법 령 관 인수 보유 관리 기록물 정보 공개 법 조 항 동법 시행령 조 항 공공 기록물 관리법 시행령 조 조 동법 시행 규칙 조 항 정보 목록 해당 국가 기록원 기록물 검색 결과 정보 정보 목록 공개 여부 공개 부분 공개 공개 명시 공개 공개 여부 표시 공개 경우 정보 공개 법 조 항 정하 바 공개 근거 법 조항 호 명시 아니하 청구인 공개 사유 모르 바 악용 피 청구 기관 공개 결정 처분 통지 경우 행정 안전부 기관 공통 발간 정보 공개 운영 매뉴얼 정보 공개 법 조 항 정하 바 공개 근거 법 조항 호 명시 경우 다반사 명시 정보 공개 법 조 항 호 구체 공개 사유 명시 경우 대부분 참고 행정 안전부 기관 공통 발간 정보 공개 운영 매뉴얼 공개 결정 처분 통지 경우 정보 공개 법 조 항 정하 의무 규정 공개 근거 법 조항 호 의무 명시 호 내용 공개 대상 정보 구체 공개 사유 명시 통지 공개 결정 통지 효력 발생 법원 판례 명시 이러하 청구인 위법 공개 결정 처분 통지 경우 대부분 청구인 공개 결정 처분 이의 신청 위 문제점 인 정보 공개 법 조 항 호 구체 공개 사유 모르 체 헌법 보장 국민 알권리 부당 침해 법치주의 위반 정보 공개 법 시행령 조 항 공공 기록물 관리법 시행령 조 동법 시행 규칙 조 항 정하 의무 규정 위반 근거 법 조항 공공 기관 정보 공개 관하 법률 시행령 조 정보 목록 작성 비치 법 조 항 정보 목록 문서 제목 생산 연도 업무 담당자 보존 기간 포함 경우 공공 기록물 관리 관하 법률 시행령 조 조 등록 정보 목록 법 조 항 정보 목록 갈음 있 공공 기록물 관리 관하 법률 시행령 조 기록물 등록 공공 기관 기록물 생산 접수 기관 전자 기록 생산 시스템 생산 접수 등록 번호 부여 기록물 표기 중앙 기록물 관리 기관 장 정하 등록 정보 전자 생산 관리 조 공개 여부 구분 관리 기록물 건 단위 공개 여부 구분 조 항 기록물 등록 정보 관리 공공 기록물 관리 관하 법률 시행 규칙 조 기록물 공개 여부 구분 표시 영 조 기록물 공개 여부 구분 표시 공개 부분 공개 공개 선택 표시 항 부분 공개 공개 경우 해당 정보 부분 공개 공개 표시 공공 기관 정보 공개 관하 법률 조 항 호의 번호 해당 번호 괄호 안 표시 관리 행정 효율 협업 촉진 관하 규정 시행 규칙 조 기안 문의 구성 조 항 기안 문 지 호 서식 작성 경우 기안 문 문 본문 결 문 구성 결 문 다음 호의 사항 구성 발 명 기안자 검토 협조자 결재 직위 직급 각급 행정 기관 급 이하 공무원 직급 대신 대외 사용 있 정하 대외 직명 포함 이하 조 서명 전자 이미지 서명 전자 문자 서명 포함 이하 공공 기록물 관리 관하 법률 시행령 조 생산 등록 번호 이하 생산 등록 번호 접수 등록 번호 이하 접수 등록 번호 시행일 접수 행정기관 우편번호 주소 홈페이지 주소 전화번호 팩스 번호 공무원 전자 우편 주소 공개 구분,13376,"13376:국가기록원 홈피 기록물 검색결과 상세정보(정보목록)에 정보공개법시행령 제5조1항, 공공기록물관리법시행령 20조ㆍ27조 및 동법시행규칙 18조2항에 따라 정보공개법 9조1항 비공개근거 각호 명시 국민공개제안",2021-01-18,행정/자치/안전,행정안전부,2021-02-04,NA,17,NA
공공 기록물 관리법 시행령 조 항 전자 기록물 인수 이후 진본 결성 손상 행위 경고 메시지 통지 감사 증 정보 미 기록 관리 표준 고시 인 기록물 변조 방치 대책 공개 국민 제안 신 국가 기록원 장 공공 기록물 관리 관하 법률 시행령 조 접근 권한 관리 항 정하 의무 규정 전자 기록 생산 시스템 기록 관리 시스템 영구 기록 관리 시스템 생산 보존 기록물 접근 접근 시도 관하 사항 이력 정보 접근 이력 처리 상황 해당 시스템 자동 생성 임의 수정 삭제 관리 정보 전자 기록 생산 시스템 기록 관리 시스템 영구 기록 관리 시스템 생산 보존 특정 기록물 접근 사용 접근 주소 시 분 초 접근 기능 사용 접근 행위 최소한 구성 요소 필요충분조건 기록 관리 시스템 영구 기록 관리 시스템 전자 기록물 인수 이후 진본 결성 손상 행위 경고 메시지 통지 감사 증 정보 남기 최소한 구성 요소 필요충분조건 이러하 점 다음 영구 기록물 관리 시스템 기능 요건 기록물 접근 감사 증 정보 전자 기록물 인수 이후 진본 결성 손상 행위 경고 메시지 통지 감사 증 정보 남기 감사 증 정보 국가기록원 확인 입증 영구 기록물 관리 시스템 기능 요건 기록물 접근 감사 증 정보 최소한 다음 요소 구성 접근 사용자 접근 일시 해당 기능 접근 유형 전자 기록물 인수 이후 진본 결성 손상 행위 경고 메시지 통지 감사 증 정보 남기 표준 고시 위 영구 기록물 관리 시스템 기능 요건 비추 공공 기록물 관리 관하 법률 시행령 조 접근 권한 관리 항 정하 의무 규정 영구 기록 관리 시스템 생산 보존 기록물 접근 접근 시도 관하 사항 이력 정보 접근 이력 처리 상황 해당 시스템 자동 생성 임의 수정 삭제 관리 정보 영구 기록 관리 시스템 생산 보존 기록물 접근 사용자 접근 일시 해당 기능 접근 유형 감사 증 정보 전자 기록물 인수 이후 진본 결성 손상 행위 경고 메시지 통지 감사 증 정보 남기 감사 증 정보 관리 표준 고시 영구 기록 관리 시스템 생산 보존 기록물 접근 사용자 기록물 변조 여부 영구 기록 관리 시스템 감사 증 확인 있 전자 기록물 인수 이후 진본 결성 손상 행위 여부 영구 기록 관리 시스템 감사 증 확인 있 기록 관리 시스템 기능 요건 시스템 기능 기록물 접근 다음 감사 증 남기 기록 관리 시스템 로그인 사용자 목록 접근 일자 접속 유지 시간 클라이언트 주소 표준 고시 결과 기록 관리 시스템 기능 요건 감사 증 고시 내용 표준 기록 관리 시스템 생산 보존 기록물 접근 사용자 기록물 변조 접근 사용자 기록물 변조 여부 표준 기록 관리 시스템 감사 증 확인 전자 기록물 인수 이후 진본 결성 손상 행위 경고 메시지 통지 감사 증 남기 공공 기록물 관리 관하 법률 조 기록물 관리 원칙 정하 결성 보장 원칙 위배 공공 기록물 관리 관하 법률 시행령 조 기록물 관리 원칙 정하 결성 보장 원칙 위배 공공 기록물 관리 관하 법률 시행령 조 접근 권한 관리 항 정하 의무 규정 위배 모순 상위법 우선 원칙 위배 체계 정당성 체계 합법 원칙 위배 법치주의 위배,13446,13446:공공기록물관리법시행령 28조3항 RMS의 기록물에 접근한 사용자 및 IPㆍ접근일시ㆍ접근유형ㆍ전자기록물 무결성 진본성 손상행위 감사증적 미기록관리 표준고시로인한 기록물 변조 방치 대책 공개국민제안,2021-01-15,행정/자치/안전,행정안전부,2021-02-16,NA,32,NA
국가 기록원 홈피 기록물 검색 결과 정보 정보 목록 룰 정보 공개 법 시행령 조 항 공공 기록물 관리법 시행령 조 조 동법 시행 규칙 조 항 기록물 표준 기록 관리 메타데이터 표준 공개 사유 필수 여부 해당 시 필수 메타데이터 정보 공개 법 조 항 공개 근거 호 명시 제공 공개 의무 이행 홈피 개선 국민 공개 제안 신 국가 기록원 장 현황 문제점 국가기록원 중앙 행정 기관 공공 기록물 관리법 령 관 인수 보유 관리 기록물 정보 공개 법 조 항 동법 시행령 조 항 공공 기록물 관리법 시행령 조 조 동법 시행 규칙 조 항 기록 관리 메타데이터 표준 필수 메타데이터 세부 요소 의하 표현 공개 기록물 대 국민 제공 권한 통제 정보 필수 메타데이터 공개 사유 필수 여부 해당 시 필수 메타데이터 정보 목록 해당 국가 기록원 기록물 검색 결과 정보 정보 목록 의무 제공 공개 국가 기록원 홈페이지 제공 공개 정보 목록 기록 관리 메타데이터 표준 공개 구분 공개 부분 공개 공개 필수 메타데이터 만 명시 제공 공개 기록 관리 메타데이터 표준 공개 사유 필수 여부 해당 시 필수 메타데이터 정보 공개 법 조 항 정하 바 공개 근거 법 조항 호 명시 제공 공개 의무 이행 국민 알 권리 보장 국정 국민 참여 국정 운영 투명 확보 저해 법치주의 위반 정보 공개 법 조 항 동법 시행령 조 항 공공 기록물 관리법 시행령 조 조 동법 시행 규칙 조 항 기록 관리 메타데이터 표준 필수 메타데이터 세부 요소 의하 표현 공개 기록물 대 국민 제공 권한 통제 정보 필수 메타데이터 공개 사유 필수 여부 해당 시 필수 메타데이터 정하 의무 규정 위반 공개 신청 제안 국민신문고 누리집 홈페이지 타인 제안 내용 처리 결과 열람 있 주십 바라 켕기 국민 제안 국가 기록원 거부 이유 국민 제안 거부 정보 공개 법 공공 기록물 관리법 기록물 관리 표준 기록 관리 메타데이터 표준 공개 사유 필수 여부 해당 시 필수 메타데이터 주관 기관 국가기록원 부정 다르 근거 법령 조항 공공 기관 정보 공개 관하 법률 조 목적 법 공공 기관 보유 관리 정보 국민 공개 청구 공공 기관 공개 의무 관하 필요 사항 정하 국민 알 권리 보장 국정 국민 참여 국정 운영 투명 확보 목적 전문 개정 조 정보 목록 작성 비치 공공 기관 기관 보유 관리 정보 국민 있 정보 목록 작성 갖추 목록 정보 통신 망 활용 정보 공개 시스템 공개 공공 기관 정보 공개 관하 법률 시행령 조 정보 목록 작성 비치 법 조 항 정보 목록 문서 제목 생산 연도 업무 담당자 보존 기간 포함 경우 공공 기록물 관리 관하 법률 시행령 조 조 등록 정보 목록 법 조 항 정보 목록 갈음 있 공공 기록물 관리 관하 법률 조 목적 법 공공 기관 투명 책임 행정 구현 공공 기록물 안전 보존 효율 활용 공공 기록물 관리 필요 사항 정하 목적 전문 개정 조 공무원 의무 공무원 공공 기관 임직원 법 정하 바 기록물 보호 관리 의무 갖 개정 공공 기관 기록물 관리 기관 장 기록물 국민 공개 활용 있 적극 노력 전문 개정 제목 개정 조 기록물 관리 원칙 공공 기관 기록물 관리 기관 장 기록물 생산 활용 과정 걸치 본성 결성 신뢰 이용 가능 보장 있 관리 전문 개정,13979,"13979:국가기록원 홈피 기록물 검색결과 상세정보(정보목록)에 정보공개법시행령 제5조1항, 공공기록물관리법시행령 20조ㆍ27조 및 동법시행규칙 18조2항에 따라 정보공개법 9조1항 비공개근거 각호 명시 국민공개제안",2021-02-05,행정/자치/안전,행정안전부,2021-03-08,NA,31,NA
인허가 신고 의제 처리 규정 두 개별 법 많 개별 법 정하 의제 처리 순서 방법 규정 법률 법원 판결 의제 처리 순서 방법 적법 여부 따지 인허가 신고 의제 처리 규정 두 이유 국민 불편 해소 각각 인허가 신고서 일괄 제출 처리 각각 인허가 신고서 개별 제출 처리 있 국민 선택 있 행정청 오인 의제 있 인허가 신고 일괄 제출 개별 법 인허가 신고 거부 행정청 많 인하 반려 취소 불 허가 취소 행정 소송 끊이 대법 법원 일괄 처리 조건 의제 규정 두 개별 법 인허가 신고 목적 사업 이행 있 이유 행정청 패소 행정청 법원 판례 있 판례 이해 서 인허가 신고서 일괄 제출 경우 반려 허가 거부처분 반복 인하 국민 행정 소송 제기 불편 이어지 따라서 민원 처리 법 인허가 신고 의제 처리 순서 방법 명시 필요 행정 소송 제기 국민 불편 해소 있 나아가 행정 신뢰도 높이 있 법률 호 개정 광업 법 조 부칙 항 의하 채광 계획 인가 의하 산림 형질 변경 허가 단 산림법 법률 호 개정 전 산림 훼손 허가 의제 개정 광업 법 시행 후 채광 계획 인가 적용 개정 광업 법 시행 전 채광 계획 인가 채광 시행 산림 형질 변경 필요 경우 별도 산림 형질 변경 허가 법원 선 고 두 판결 건축 법 조 항 건축 허가 경우 산지 전용 허가 농지 전용 허가 도로점용허가 도로 연결 허 하천 점용 허가 의제 바 건축 법 이 허가 의제 제도 두 취지 목적 사업 원활 수행 인 허가 의제 사항 포함 건축 허가 관할 행정청 창구 단일 행정 절차 비용 시간 절감 국민 권익 보호 법원 선 고 두 전원 합의체 판결 구 지원 특별법 조 항 본문 조 항 항 내용 형식 취지 비추 구 지원 특별법 조 의하 사업 시행 승인 경우 법 조 항 규정 사업 관련 인허가 의제 사항 관하 관계 행정 기관 장 일괄 사전 협의 거치 요건 사업 시행 승인 후 인허가 의제 사항 관하 관계 행정 기관 장 협의 거치 그때 해당 인허가 의제 타당하 법원 선 고 두 판결 건축 허가 인하 의제 별도 인 허가 건축 허가 신청 당시 사전 사유 건축 허가 자체 불허 서울고등법원 선 누 판결,14601,14601:“개별법에서 인허가신고등을 받은 것으로 보는 의제 처리 규정을 둔 인허가신고등에 대하여는 민원인의 선택에 의해 개별법에 따라 필요한 인허가신고등을 각각 따로 받을 수 있다”고 산지관리법에 명시 제안,2021-03-05,국토/교통/농림/해양,산림청,2021-05-14,NA,70,NA
국가 기록원 국가 기록원 소장 전자 기록물 정보 공개 법 사본 원본 스캔 파일 전자 문서 전자 파일 형태 공개 국가 기록원 소장 전자 문서 공공 기록물 관리법 조 전자 계획 수립 시행 스캔 작업 디지털 전자 문서 전자 파일 원본 보유 관리 국가기록원 소장 기록물 공개 열람 규정 훈령 호 조 기록물 사본 원본 확인 표시 기록물 사본 교부 시 신청자 원본 확인 표시 요청 경우 다음 원본 확인 표시 원본 기록물 복사 경우 복사 물 앞면 여백 뒷면 지 호 서식 고무인 날인 표시 국가기록원 소장 기록물 공개 열람 규정 훈령 호 조 기록물 사본 교부 시 신청자 요청 경우 원본 대조 필 표시 국가 기록원 장 직인 날인 원본 확인 표시 규정 아날로그 수 작업 전자 정부 법 행정 기관 행정 업무 대국민 서비스 업무 전자 디지털 시대 점 비추 법 제도 시대 역행 인력 낭비 시간 낭비 비용 낭비 종이 낭비 뿐 효율 국가 기록원 국가 기록원 소장 기록물 공개 열람 규정 훈령 호 조 기록물 사본 교부 시 신청자 요청 경우 원본 대조 필 표시 국가 기록원 장 직인 날인 원본 확인 표시 국가기록원 정보 공개 포털 전자 문서 공개 시 국가 기록원 소장 기록물 무단 복제 금지 워터마크 국가기록원 소장 기록물 공개 열람 규정 훈령 호 조 별지 호 서식 원본 대조 필 표시 국가 기록원 장 직인 날인 국가 기록원 보존 문서 원본 상위 증명 국가기록원 장 원본 확인 표시,15227,15227:국가기록원 소장 비전자문서 원본대조필 표시 국가기록원장 직인 날인을 디지털화 전자화시행  공개국민제안,2021-04-08,행정/자치/안전,행정안전부,2021-05-12,NA,34,NA
현행 기록 관리 메타데이터 표준 정하 바 해 당시 필수 메타데이터 현행 표준 전자 기록 관리 시스템 표준 기록 관리 시스템 표준 중앙 영구 기록 관리 시스템 선택 옵션 메타데이터 인식 처리 확인 국가 기록원 운영 담당자 운영 담당자 확인 공공 기록물 관리법 시행령 조 기록물 관리 원칙 항 공공 기관 기록물 관리 기관 장 기록물 관리 기록물 생산 관리 과정 걸치 발생 기록 관리 메타데이터 전자 기록 생산 시스템 기록 관리 시스템 영구 기록 관리 시스템 생산 관리 의무 규정 이행 경우 공공 기록물 관리법 조 정하 기록물 생산 기록물 관리 행위 기록관 이관 기록관 인수 영구 기록물 관리 기관 이관 영구 기록물 관리 기관 인수 공개 분류 보존 기간 책정 보류 폐기 결정 대체 사본 보존 결정 폐기 실행 비밀 분류 접근 범위 책정 기록물 관리 기관 추가 등록 기술 입력 문서 보존 포맷 변환 장기 보존 포맷 변환 전체 열람 목록 열람 다운로드 복사 허가 접근 특정 해당 시스템 메타데이터 의무 등록 관리 기록물 생산 관리 이용 보존 이력 행위자 개인 개인 코드 필요충분조건 뿐 필수 불가결 필수 메타데이터 국가 기록원 기록 관리 표준 전자 기록물 장기 보존 패키지 기술 규격 생산 자 개 인명 선택 개 사용 중지 관리 이력 선택 관리 행위자 개 인명 선택 개 코드 사용 중지 이용 이력 사용 중지 이용자 사용 중지 개 인명 사용 중지 개 코드 사용 중지 보존 이력 선택 보존 행위자 개 인명 선택 개 코드 사용 중지 표준 중앙 영구 기록 관리 시스템 인수 기록물 기록 관리 메타데이터 기록관 인수 행위자 메타데이터 국가 기록원 직원 등록 삭제 영구 기록물 관리 기관 인수 행위자 국가 기록원 직원 수정 등록 국가 기록원 직원 자신 메타데이터 삭제 수정 모르 관리 이력 행위자 개인 코드 필수 메타데이터 예방 있 봄 타당하 점 공공 기록물 관리법 시행령 조 조 정하 의무 규정 국가 기록원 표준 중앙 영구 기록 관리 시스템 인수 국가 기록원 공공 기록물 관리법 시행령 조 장기 보존 포맷 변환 기록물 기록관 인수 국가 기록원 장기 보존 포맷 관련 메타데이터 기록 남기 실정 비유 상위법 우선 원칙 적용 하위 위임 행정 규칙 국가기록원 기록물 관리 표준 상위 법령 공공 기록물 관리법 령 정하 위 의무 규정 사문 전대미문 기록 관리 체계 하극상 쿠데타 다르 상위법 우선 원칙 위반 위 국가기록원 표준 중앙 영구 기록 관리 시스템 인수 기록물 조차 기록물 관리 행위자 실명 메타 데이터 외 기록물 관리 해당 시스템 입증 증거물 공공 기록물 관리법 령 제시 기록물 관리 행위자 실명 메타데이터 개정 고시 개선 국민 제안 거부 켕기 기록물 관리 행위자 실명 메타데이터 존재 기록물 진본 신뢰,15565,15565:공공기록물관리법시행령 제4조제4항 의무규정 이행에 필수불가결한 NAK  31-1 장기보존패키지 기술규격(v2.2)의 기록물 생산ㆍ관리ㆍ이용ㆍ보존 행위자의 개인명과 개인코드를 필수 메타데이터로 개정고시 국민제안,2021-04-09,행정/자치/안전,행정안전부,2021-05-17,NA,38,NA
현행 기록 관리 메타데이터 표준 정하 바 해 당시 필수 메타데이터 현행 표준 전자 기록 관리 시스템 표준 기록 관리 시스템 표준 중앙 영구 기록 관리 시스템 선택 옵션 메타데이터 인식 처리 확인 국가 기록원 운영 담당자 운영 담당자 확인 공공 기록물 관리법 시행령 조 기록물 관리 원칙 항 공공 기관 기록물 관리 기관 장 기록물 관리 기록물 생산 관리 과정 걸치 발생 기록 관리 메타데이터 전자 기록 생산 시스템 기록 관리 시스템 영구 기록 관리 시스템 생산 관리 의무 규정 이행 경우 공공 기록물 관리법 조 정하 기록물 생산 기록물 관리 행위 기록관 이관 기록관 인수 영구 기록물 관리 기관 이관 영구 기록물 관리 기관 인수 공개 분류 보존 기간 책정 보류 폐기 결정 대체 사본 보존 결정 폐기 실행 비밀 분류 접근 범위 책정 기록물 관리 기관 추가 등록 기술 입력 문서 보존 포맷 변환 장기 보존 포맷 변환 전체 열람 목록 열람 다운로드 복사 허가 접근 특정 해당 시스템 메타데이터 의무 등록 관리 기록물 생산 관리 이용 보존 이력 행위자 개인 개인 코드 필요충분조건 뿐 필수 불가결 필수 메타데이터 국가 기록원 기록 관리 표준 기록 관리 메타데이터 표준 생산자 개인 당시 필수 개인 코드 선택 관리 이력 해당 시 필수 관리 행위자 개인 명 해당 시 필수 개인 코드 해당 시 필수 이용 이력 해당 시 필수 이용자 개인 코드 해당 시 필수 보존 이력 해당 시 필수 보존 행위자 개인 명 해당 시 필수 개인 코드 해당 시 필수 표준 중앙 영구 기록 관리 시스템 인수 기록물 기록 관리 메타데이터 기록관 인수 행위자 메타데이터 국가 기록원 직원 등록 삭제 영구 기록물 관리 기관 인수 행위자 국가 기록원 직원 수정 등록 국가 기록원 직원 자신 메타데이터 삭제 수정 모르 관리 이력 행위자 개인 코드 필수 메타데이터 예방 있 봄 타당하 점 공공 기록물 관리법 시행령 조 조 정하 의무 규정 국가 기록원 표준 중앙 영구 기록 관리 시스템 인수 국가 기록원 공공 기록물 관리법 시행령 조 장기 보존 포맷 변환 기록물 기록관 인수 국가 기록원 장기 보존 포맷 관련 메타데이터 기록 남기 실정 비유 상위법 우선 원칙 적용 하위 위임 행정 규칙 국가기록원 기록물 관리 표준 상위 법령 공공 기록물 관리법 령 정하 위 의무 규정 사문 전대미문 기록물 관리 체계 하극상 쿠데타 다르 상위법 우선 원칙 위반 위 국가기록원 표준 중앙 영구 기록 관리 시스템 인수 기록물 조차 기록물 관리 행위자 실명 메타 데이터 외 기록물 관리 해당 시스템 입증 증거물 공공 기록물 관리법 령 제시 기록물 관리 행위자 실명 메타데이터 개정 고시 개선 국민 제안 거부 켕기 기록물 관리 행위자 실명 메타데이터 존재 기록물 진본 신뢰,15566,15566:공공기록물관리법시행령 제4조제4항 의무규정 이행에 필수불가결한 NAK-8:2016(v2.1) 기록관리 메타데이터 표준에서 기록물 생산ㆍ관리ㆍ이용ㆍ보존 행위자의 개인명과 개인코드를 필수 메타데이터로 개정 국민제안,2021-04-09,행정/자치/안전,행정안전부,2021-05-17,NA,38,NA
농림 축산 식품부 농업 정책국 식량 정책관 간척지 농업 정윤 주 공무원 의제 처리 개별 법률 의하 이행 인 허가 일괄 처리 있 행정 간소 업무 효율 높이 대국민 서비스 개선 제도 대부분 법률 적용 농어촌 정비 법 조 항 의제 처리 일괄 처리 신청인 선택 의하 개별 법 별도 인 허가 있 제안 신청인 민원인 수차례 행정청 방문 불편 시간 소요 경비 소요 반복 있 효율 행정 효율 역행 내용 채택 사유 밝히 농림 축산 식품부 축산 정책국 축산 환경 자원 김소연 공무원 초지 법 조 허가 인가 의제 초지 법 조 초지 조성 허가 경우 호 허가 인가 조 항 허가 인가 의제 자 해당 법률 정하 관련 서류 제출 규정 조 항 시장 군수 구청장 초지 조성 허가 항 호 해당 경우 관계 행정 기관 장 협의 규정 초지 법 조 항 호 경우 일괄 허가 인가 허가 인가 의제 자 신청인 선택 의하 진행 알리 귀하 제안 사항 시행 내용 채택 알리 농림 축산 식품부 농업 정책국 식량 정책관 간척지 농업 정윤 주 공무원 밝히 채택 사유 정반대 채택 사유 밝히 개별 법 의제 처리 규정 동일 축산 환경 자원 과 시행 내용 채택 알리 밝히 간척지 농업 과 행정 효율 역행 내용 채택 정반대 기록 산림청 산림 복지 국 산림 복지 정책 손 순철 공무원 산림 복지 법 조 항 호의 인 허가 의제 처리 산림 복지 단지 조성 사업 시행자 결정 일괄 의제 처리 개별 법 처리 있 법 명시 필요 판단 귀하 제안 채택 점 양해 바라 신청인 의제 처리 개별 선택 있 시행 채택 사유 밝히 나아가 산림청 산림 복지 국 산림 휴양 등산 권 호 공무원 산림 문화 휴양 관하 법률 조 항 호의 인 허가 의제 처리 신청자 결정 일괄 의제 처리 개별 법 처리 있 법 명시 필요 판단 따라서 제안 채택 양해 바라 신청인 의제 처리 개별 선택 있 시행 채택 사유 밝히 개별 법률 신청인 의제 처리 개별 법 인 허가 선택 권리 있 농어촌 정비법 개별 법 인 허가 선택 주 법률 정하 의제 처리 개별 법 인 허가 선택 신청인 주 반대 주 정하 있 권한 국민 과반수 국회 의원 과반수 간척지 농업 정윤 주 공무원 소수 공무원 정하 권한 입법 청원 권리 가지 뿐 상기 종합 국민 제안 채택 있 경우 시행 경우 채택 있 시행 경우 채택 채택 국민 제안 국회 제출 의무 있 이유 설명 법률 제정 개정 권한 국민 과반수 간척지 농업 정윤 주 공무원 소수 공무원 법률 제정 개정 권한 원천 채택 권리 권한 점 심사 제안 국회 제출 의무 이행 바라,15758,"15758:(재심사)""제106조 제2항 각 호의 인·허가등 의제 처리는 개간허가 시에 반드시 일괄 의제처리하지 아니하고, 신청인의 선택에 의해 개별법에 따라 별도로 인·허가등을 받을 수 있다.""고 농어촌정비법에 명시 제안",2021-04-16,국토/교통/농림/해양,농림축산식품부,2021-05-14,NA,28,NA
건 공개 전환 건 공개 전환 공무원 국민 공개 권리 방해 공무원 직권 남용 신청인 고소 예정 밝히 산지 관리법 조 항 호 해당 산지 전용 산지 일시 사용 목적 사업 시행 법률 인가 허가 승인 행정 처분 필요 경우 행정 처분 조 항 산지 전용 허가 조 항 산지 전용 신고 수리 조 항 산지 일시 사용 허가 조 항 산지 일시 사용 신고 수리 효력 발생 산지 관리법 조 조 항 호 위반 산지 전용 산지 일시 사용 목적 사업 시행 법률 인가 허가 승인 행정 처분 필요 경우 행정 처분 산지 전용 산지 일시 사용 자 이하 징역 이하 벌금 처하 보전 산지 외 산지 다음 호의 해당 자 이하 징역 이하 벌금 처하 경우 징역형 벌금형 병과 있 벌칙 규정 있 법률 인가 허가 승인 행정 처분 필요 경우 경우 법률 인 허가 규정 인 허가 경우 벌칙 권고 행정 처분 공무원 선택 법률 인가 허가 승인 행정 처분 필요 경우 해당 처벌 반대 공무원 선택 법률 인가 허가 승인 행정 처분 필요 경우 해당 처벌 법률 공무원 판단 범죄자 결정 이상 처벌 법 실 예 법률 인 허가 규정 인 허가 경우 벌칙 권고 행정 처분 전원 태양광 풍력 송전 철탑 전봇대 개발 사업 실시 계획 승인 산림 경영 임 작업 버섯 재배 임산물 재배 계획 인가 사도 허가 산지 전용 산지 일시 사용 허가 신고 효력 발생 산림청 공무원 답변 산지 관리법 조 벌칙 법률 인 허가 규정 인 허가 경우 벌칙 권고 행정 처분 개 허가 허가 산림 욕장 산림 욕장 치유 숲 숲 속 야영장 산림 레포츠 시설 조성 계획 승인 초지 조성 허가 수목원 조성 계획 승인 관광 농원 개발 사업 계획 승인 산지 전용 산지 일시 사용 허가 신고 효력 발생 산림청 공무원 답변 산지 관리법 조 벌칙 처벌 규정 만드 억울 처벌 벌칙 규정 해석 처벌 벌칙 규정 읽 벌칙 대상 있 정하 기본 원칙 조 항 호 조 벌칙 규정 산림청 공무원 치 혀 처벌 현실 정비 필요 있 6 공무원 국민 제안 청원 청원 법 국회 제출 의무 제안 청원 법률 반영 반영 결정 국회 국민 가 그르 국민 법률 제안 청원 청원 법 해당 공무원 청원 불 수리 채택 권한 국민 제안 규정 조 호 목 해당 경우 채택 건 제안 청원 법률 개정 청원 청원 법 조 국민 제안 규정 조 호 해당 공무원 불 수리 채택 따라서 국회 제출 의무 있 청원 공무원 개인 생각 불 수리 채택 르 청원 권리 행사 방해 직권 남용 처벌 그동안 산림청 산지 정책 공무원 수년 간 전국 산지 전용 담당자 간담회 차례 개최 간담회 밝히 바 산지 면적 줄어들 산림청 존치 가능 낮 수차례 상기 산림청 존치 산림청 공무원 답변 처벌 목적 청원 불 수리 채택 나쁘 공무원,15810,15810:산지관리법 제16조 제1항 제1호 산지전용허가 등의 효력 및 제55조 2의2 벌칙 규정 명백하게 정비 제안 청원.,2021-04-29,국토/교통/농림/해양,산림청,2021-05-27,NA,28,NA
표준 기록 관리 시스템 인수 기록물 표준 기록 관리 시스템 기록 관리 메타데이터 생산 일시 공공 기록물 관리법 조 호 조 조 조 동법 시행령 조 조 조 조 의무 규정 기록 관리 메타데이터 표준 기록물 획득 시점 식별 해당 기록물 진본 입증 증거 필수 메타데이터 표준 기록 관리 시스템 인수 기록물 표준 기록 관리 시스템 기록 관리 메타데이터 생산 일시 전자 기록 생산 시스템 생산 전자 문서 경우 결재 결재 결제 시점 생산 일시 해당 전자 기록물 진본 입증 필수 불가결 필요충분조건 증거물 인수 등록 아니하 의무 이행 법치주의 위반 공공 기록물 관 법 조 호 조 조 조 동법 시행령 조 조 조 기록 관리 메타데이터 표준 기록 관리 시스템 기능 요건 표준 의무 규정 위반 기록물 획득 시점 식별 해당 기록물 진본 입증 증거 명기 의무 이행 직무 유기 다르 기록 관리 메타데이터 표준 기록물 획득 시점 식별 해당 기록물 진본 입증 증거 생산 일시 메타데이터 필수 메타 데이터 고시 기록 관리 메타데이터 표준 생산 일시 기록 물건 경우 최종 결재 결재 끝나 일시 생산 일시 기록물 생산자 접수 경우 기록물 접수 일시 생산 일시 고시 공공 기록물 관리 관하 법률 조 정의 법 사용 용어 뜻 다음 1 공공 기관 국가 기관 지방 자치 단체 밖 대통령령 정하 기관 기록물 공공 기관 업무 관련 생산 접수 문서 도서 대장 카드 도면 시청각 물 전자 문서 형태 기록 정보 자료 행정 박 물 3 기록물 관리 기록물 생산 분류 정리 이관 수집 평가 폐기 보존 공개 활용 부수 업무 조 기록물 관리 원칙 공공 기관 기록물 관리 기관 장 기록물 생산 활용 과정 걸치 본성 결성 신뢰 이용 가능 보장 있 관리 전문 개정 조 전자 기록물 관리 중앙 기록물 관리 기관 장 컴퓨터 정보 처리 장치 의하 생산 관리 기록 정보 자료 이하 전자 기록물 안전 체계 관리 활용 다음 호의 사항 포함 전자 기록물 관리 체계 구축 운영 개정 전자 기록물 관리 시스템 기능 규격 관리 항목 보존 포맷 기록물 보존 파일 형식 매체 관리 표준 관하 사항 2 기록물 관리 기관 전자 기록물 데이터 공유 통합 검색 활용 관하 사항 전자 기록물 진본 유지 데이터 관리 체계 관하 사항 행정 전자 서명 인증 기록 보존 활용 관하 사항 5 기록물 관리 기관 간 기록물 전자 연계 활용 체계 구축 관하 사항 전자 기록물 생산 포맷 기록물 생산 파일 형식 소프트웨어 관하 기술 정보 수집 활용 관하 사항 전자 기록물 전자 생산 기록물 전자 관리 밖 필요 사항 대통령령 정하 전문 개정 조 기록물 관리 표준 중앙 기록물 관리 기관 장 기록물 체계 전문 관리 효율 활용 다음 사항 표준 제정 시행 기록물 관리 표준 관련 사항 산업 표준 법 한국산업표준 제정 경우 전자 기록물 관리 체계 관리 항목 2 기록물 관리 절차 표준 기능 기록물 종류 관리 기준 절차 4 기록물 관리 기관 유형 표준 모델 기록물 보안 재난 관리 대책 밖 기록물 효율 관리 필요 사항 전문 개정 조 기록물 관리 표준 제정 절차 중앙 기록물 관리 기관 장 조 기록물 관리 표준 제정 개정 폐지 대통령령 정하 바 내용 관보 고시 이해관계인 의견 중앙 기록물 관리 기관 장 기록물 관리 표준 확대 보급 지도 교육 필요 조치 전문 개정,16060,16060:NAK-8-2016(v2.1) ‘기록관리 메타데이터 표준’의 기록물 획득시점 식별 기록물 진본성 입증 증거 필수 메타데이터인 생산일시 RMS 기록관리 메타데이터로 인수ㆍ등록 의무이행 공개 국민제안,2021-05-05,행정/자치/안전,행정안전부,2021-06-15,NA,41,NA
표준 중앙 영구 기록 관리 시스템 인수 기록물 표준 중앙 영구 기록 관리 시스템 기록 관리 메타데이터 생산 일시 공공 기록물 관리법 조 호 조 조 조 동법 시행령 조 조 조 조 의무 규정 기록 관리 메타데이터 표준 기록물 획득 시점 식별 해당 기록물 진본 입증 증거 필수 메타데이터 표준 중앙 영구 기록 관리 시스템 인수 기록물 표준 중앙 영구 기록 관리 시스템 기록 관리 메타데이터 생산 일시 전자 기록 생산 시스템 생산 전자 문서 경우 결재 결재 결제 시점 생산 일시 해당 전자 기록물 진본 입증 필수 불가결 필요충분조건 증거물 인수 등록 아니하 의무 이행 법치주의 위반 공공 기록물 관 법 조 호 조 조 조 동법 시행령 조 조 조 기록 관리 메타데이터 표준 영구 기록 관리 시스템 기능 요건 표준 의무 규정 위반 기록물 획득 시점 식별 해당 기록물 진본 입증 증거 명기 의무 이행 직무 유기 다르 기록 관리 메타데이터 표준 기록물 획득 시점 식별 해당 기록물 진본 입증 증거 생산 일시 메타데이터 필수 메타 데이터 고시 공공 기록물 관리 관하 법률 조 정의 법 사용 용어 뜻 다음 1 공공 기관 국가 기관 지방 자치 단체 밖 대통령령 정하 기관 기록물 공공 기관 업무 관련 생산 접수 문서 도서 대장 카드 도면 시청각 물 전자 문서 형태 기록 정보 자료 행정 박 물 3 기록물 관리 기록물 생산 분류 정리 이관 수집 평가 폐기 보존 공개 활용 부수 업무 조 기록물 관리 원칙 공공 기관 기록물 관리 기관 장 기록물 생산 활용 과정 걸치 본성 결성 신뢰 이용 가능 보장 있 관리 전문 개정 조 전자 기록물 관리 중앙 기록물 관리 기관 장 컴퓨터 정보 처리 장치 의하 생산 관리 기록 정보 자료 이하 전자 기록물 안전 체계 관리 활용 다음 호의 사항 포함 전자 기록물 관리 체계 구축 운영 개정 전자 기록물 관리 시스템 기능 규격 관리 항목 보존 포맷 기록물 보존 파일 형식 매체 관리 표준 관하 사항 2 기록물 관리 기관 전자 기록물 데이터 공유 통합 검색 활용 관하 사항 전자 기록물 진본 유지 데이터 관리 체계 관하 사항 행정 전자 서명 인증 기록 보존 활용 관하 사항 5 기록물 관리 기관 간 기록물 전자 연계 활용 체계 구축 관하 사항 전자 기록물 생산 포맷 기록물 생산 파일 형식 소프트웨어 관하 기술 정보 수집 활용 관하 사항 전자 기록물 전자 생산 기록물 전자 관리 밖 필요 사항 대통령령 정하 전문 개정 조 기록물 관리 표준 중앙 기록물 관리 기관 장 기록물 체계 전문 관리 효율 활용 다음 사항 표준 제정 시행 기록물 관리 표준 관련 사항 산업 표준 법 한국산업표준 제정 경우 전자 기록물 관리 체계 관리 항목 2 기록물 관리 절차 표준 기능 기록물 종류 관리 기준 절차 4 기록물 관리 기관 유형 표준 모델 기록물 보안 재난 관리 대책 밖 기록물 효율 관리 필요 사항 전문 개정 조 기록물 관리 표준 제정 절차 중앙 기록물 관리 기관 장 조 기록물 관리 표준 제정 개정 폐지 대통령령 정하 바 내용 관보 고시 이해관계인 의견 중앙 기록물 관리 기관 장 기록물 관리 표준 확대 보급 지도 교육 필요 조치 전문 개정,16061,16061:NAK-8-2016(v2.1) ‘기록관리 메타데이터 표준’의 기록물 획득시점 식별 기록물 진본성 입증 증거 필수 메타데이터인 생산일시 CAMS 기록관리 메타데이터로 인수ㆍ등록 의무이행 공개 국민제안,2021-05-05,행정/자치/안전,행정안전부,2021-07-19,NA,75,NA
전자 정부 법 조 호 전자 문서 종이 문서 밖 전자 형태 작성 문서 정보 시스템 처리 있 형태 변환 문서 규정 전자 정부 법 시행령 조 항 중앙 행정 기관 장 민원인 이해관계자 법 조 항 전자 문서 통지 경우 첨부 전자 문서 중앙 행정 기관 보관 전자 문서 일치 확인 요청 경우 진본 확인 규정 행정 기관 민원 처리 법 조 항 민원인 발송 전자 문서 결재 자 결재 문서 성립 진짜 전자 문서 공공 기관 정보 공개 법 조 항 전자 공개 전자 문서 전자 문서 번 번 번 행정 안전부 고시 호 전자 문서 진본 확인 서비스 연계 기술 규격 행정 기관 전자 문서 위 변조 여부 진본 검증 서비스 제공 정부 전자 문서 진본 확인 센터 시점 확인 토큰 발급 확인 마크 표시 방법 전자 문서 진본 확인 근거 법 조항 이유 거부 실정 전자 정부 법 조 호 전자 문서 컴퓨터 정보 처리 능력 지니 장치 의하 전자 형태 작성 송수신 저장 표준 정보 정의 중앙 행정 기관 지방 자치 단체 소속 기관 생산 문서 법률 호 제정 시행 전자 정부 법 조 항 행정 기관 문서 전자 문서 기본 작성 발송 접수 보관 보존 활용 의무 규정 전자 문서 생산 보유 관리 정보 공개 법 조 항 전자 문서 전자 공개 민원 처리 법 조 항 행정 기관 장 접수 민원 처리 완료 결과 민원인 문서 통지 의무 규정 전자 문서 통지 행정 기관 사칭 위조 문서 국민 상대 사기 기승 부리 뉴스 많 공공 기록물 관리 관하 법률 이하 공공 기록물 관리법 조 정의 호 기록물 관리 기록물 생산 분류 정리 이관 수집 평가 폐기 보존 공개 활용 부수 업무 공공 기록물 관리법 조 기록물 관리 원칙 공공 기관 기록물 관리 기관 장 기록물 생산 활용 과정 걸치 본성 결성 신뢰 이용 가능 보장 있 관리 공공 기록물 관리법 조 기록물 관리 표준 제정 절차 동법 시행령 조 기록물 관리 표준 제정 개정 폐지 절차 의무 규정 국가 기록원 고시 호 기록 관리 공공 표준 전자 기록물 장기 보존 포맷 기술 규격 전자 기록물 위조 변조 보장 기록물 법 증거 확보 결성 보장 인증 정보 적용 전자 기록물 진본 결성 보장 전자 기록물 이관 인수 보존 기록물 관리 의무 행위 시점 기만 부인 공인 인증 기관 현재 시점 정보 타임스탬프 발급 전자 문서 생성 시점 전자서명 시점 확인 사용 시점 확인 시스템 시점 확인 정보 적용 고시 위 행정 기관 간 전자 문서 이관 인수 과정 전자 문서 진본 확인 사용 시점 확인 시스템 시점 확인 정보 의무 적용 사용 정보 공개 법 공공 기록물 관리법 공공 기관 기록물 보유 관리 의무 필요충분조건 정작 정보 공개 법 조 항 전자 문서 전자 공개 민원 처리 법 조 항 민원인 문서 통지 전자 문서 행정 기관 전자 문서 진본 확인 의무 규정 근거 법 조항 전자 정부 법 시행령 존재 이유 전자 문서 진본 확인 거부 위 공공 기록물 관리법 행정 기관 간 전자 문서 이관 인수 과정 사용 전자 문서 진본 확인 형평 원칙 위배 전자 문서 진본 확인 형평 원칙 위배,16066,16066:전자정부법시행령에 행정기관등의 전자문서의 진본성 확인 의무조항 신설 개정 공개국민제안 합니다.,2021-05-05,행정/자치/안전,행정안전부,2021-07-16,NA,72,NA
코로나 팬데믹 종식 고하 바이러스 감염 인류 구하 예방 상식 올바르 정확 방역 대책 코로나 바이러스 특성 코로나 바이러스 크기 머리카락 굵기 정도 스파이크 단백질 핵산 싸 작 덩어리 도 움직이 뿐 외부 노출 시 멍터구리 작 단백질 덩어리 바이러스 인체 감염 야기 감염 과정 경우 살펴보 손 묻히 눈 점막 코 점막 도달 눈 비비 코후비기 코털 대화 감염자 입 분출 눈 점막 날 들어오 침투 이후 혈관 속 들어오 피 흐름 전신 순환 속 분 회 순환 주 호흡 기관 폐 체세포 뚫 들어오 숙주 삼 세포 핵 이용 자신 폭발 증식 과정 발병 시작 인체 감염 역학 구도 보이 경우 감염 발생 전부 과언 기타 경우 수혈 성 관계 보건 당국 의료 바이러스 놈 이동 움직이 가스 연기 연상 착각 부르 일으키 애매모호 표현 보균자 밀접 접촉 인하 눈 코 입 숨 쉬 음식 섭취 다양 과정 감염 발생 이해 당황 발표 계속 바이러스 공포 위험 인자 인식 인하 예방 방역 적 혼란 어려움 야기 방역 활동 전개 바이러스 특성 통제 힘 위험 인자 간주 필요 이상 엄청나 노력 혈세 낭비 방역 필요 이상 지나치 출혈 감행 실정 예방 방역 효과 극대 바이러스 특성 꾀 뚫 예방 지식 지혜 센스 발휘 방역 완결 있 사료 결론 지금 부실 예방 수칙 기본 올바르 수정 더하 정확 방역 지침 메뉴얼 정립 방역 전반 신속 개혁 필요 강조 바 코로나 철통 방어 예방 상식 손 조심 눈 조심 대면 대화 시 바이러스 상대 눈 속 순간 침투 조심 감염 발생 대부분 깜깜이 감염 보이 요인 손 조심 손 손 청결 유지 특별 주의 관심 가지 중요 행동 지침 들 오염 손 눈 비비 코후비기 코털 뽑기 금지 나아가 본능 철저 주의 행동 습관 몸 배이 스스로 훈련 무장 코로나 집단 면역 완성 가능 눈 조심 손 눈 비비 물론 대면 대화 시 마스크 미 착용 감염자 입 방출 바이러스 눈 속 침투 감염 특별 주의 기울이 생활 고글 착용 필요 생활 고글 필요 장소 식사 대화 예배 종교 활동 시 노래방 크럽 유흥 주점 스포츠 경기 관람 시 필요 장비 예방 효과 보이 위 번 번 가지 감염 경우의 수 관하 한 전부 과언 기타 경우 들 감염 혈액 수혈 성관계 들 있 조심 피하 있 이해 주의 마스크 착용 환경 사용 방법 마스크 착용 지금 팬 더 믹 시대 바이러스 방출 최대한 줄이 방역 중요 일부 계절 외부 활동 코 궂 가리 코 호흡 바이러스 방출 감염 위 가지 호흡기 바이러스 대처 철통 방어 예방 상식 이상 임상 체험 완성 예방 방역 끝판 정답 강조 바 위 내용 이해 실천 코로나 호흡기 바이러스 감염 개인 사회 완벽 방어 있,16364,"16364:● 사회적거리두기 절대 필요치 않는 ""코로나19 철통방어 예방상식 """,2021-05-09,교육/문화/체육/관광,교육부,2021-12-31,NA,236,NA
전자 정부 법 조 목적 법 행정 업무 전자 처리 기본 원칙 절차 추진 방법 규정 전자 정부 효율 구현 행정 생산 투명 민주 높이 국민 삶 질 향상 목적 공공 기록물 관리법 조 정의 법 사용 용어 뜻 다음 1 공공 기관 국가 기관 지방 자치 단체 밖 대통령령 정하 기관 기록물 공공 기관 업무 관련 생산 접수 문서 도서 대장 카드 도면 시청각 물 전자 문서 형태 기록 정보 자료 행정 박 물 3 기록물 관리 기록물 생산 분류 정리 이관 수집 평가 폐기 보존 공개 활용 부수 업무 조 기록물 관리 원칙 공공 기관 기록물 관리 기관 장 기록물 생산 활용 과정 걸치 본성 결성 신뢰 이용 가능 보장 있 관리 전문 개정 조 기록물 관리 표준 원칙 중앙 기록물 관리 기관 장 기록물 효율 통일 관리 활용 있 기록물 관리 표준 정책 수립 시행 전문 개정 조 기록물 관리 표준 중앙 기록물 관리 기관 장 기록물 체계 전문 관리 효율 활용 다음 사항 표준 제정 시행 기록물 관리 표준 관련 사항 산업 표준 법 한국산업표준 제정 경우 전자 기록물 관리 체계 관리 항목 2 기록물 관리 절차 표준 기능 기록물 종류 관리 기준 절차 4 기록물 관리 기관 유형 표준 모델 기록물 보안 재난 관리 대책 밖 기록물 효율 관리 필요 사항 전문 개정 조 기록물 관리 표준 제정 절차 중앙 기록물 관리 기관 장 조 기록물 관리 표준 제정 개정 폐지 대통령령 정하 바 내용 관보 고시 이해관계인 의견 공공 기록물 관리법 시행령 조 기록물 관리 표준 제정 개정 폐지 절차 항 기록물 관리 표준 제정 개정안 폐지 안 내용 관보 인터넷 홈페이지 간 고시 이해관계인 의견 후 국가 기록 관리 위원회 심의 거치 항 항 심의 마치 기록물 관리 표준 제정 개정 폐지 안 관보 인터넷 홈페이지 고시 개정 네이버 국어사전 고시 명사 글 쓰 게시 알리 행정 기관 일반 국민 대상 내용 알리 경우 이루 위 공공 기록물 관리법 령 기록물 관리 표준 제정 개정 폐지 안 관보 인터넷 홈페이지 고시 일반 국민 온라인 확인 있 의무 공개 국가 기록원 홈페이지 현행 기록물 관리 공공 표준 재정 개정안 일반 국민 온라인 확인 있 공개 국가 기록원 홈페이지 폐지 기록물 관리 공공 표준 일반 국민 온라인 확인 다운로드 공공 기록물 관리법 시행령 조 항 위반 헌법 민주 전자 정부 법 기록물 관리 원칙 투명 반하 현행 기록물 관리 공공 표준 재정 개정안 국가 기록원 홈피 공개 형평 원칙 위반 켕기 폐지 기록물 관리 공공 표준 국가 기록원 홈피 기록 관리 표준 메뉴 공개 다운로드 국민 제안 거부 이유 공개 신청 제안 국민신문고 누리집 홈페이지 타인 제안 내용 처리 결과 열람 있 주십 바라,16437,16437:폐지된 기록물관리 공공표준 국가기록원 홈피 기록관리 표준 매뉴에서 공개 및 다운로드 국민제안,2021-05-20,행정/자치/안전,행정안전부,2021-06-30,NA,41,NA
국가 기록원 국가 기록원 소장 전자 기록물 정보 공개 법 사본 원본 스캔 파일 전자 문서 전자 파일 형태 공개 국가 기록원 소장 전자 문서 공공 기록물 관리법 조 전자 계획 수립 시행 스캔 작업 디지털 전자 문서 전자 파일 원본 보유 관리 국가기록원 소장 기록물 공개 열람 규정 훈령 호 조 기록물 사본 원본 확인 표시 기록물 사본 교부 시 신청자 원본 확인 표시 요청 경우 다음 원본 확인 표시 원본 기록물 복사 경우 복사 물 앞면 여백 뒷면 지 호 서식 고무인 날인 표시 국가기록원 소장 기록물 공개 열람 규정 훈령 호 조 기록물 사본 교부 시 신청자 요청 경우 원본 대조 필 표시 국가 기록원 장 직인 날인 원본 확인 표시 규정 아날로그 수 작업 전자 정부 법 행정 기관 행정 업무 대국민 서비스 업무 전자 디지털 시대 점 비추 법 제도 시대 역행 인력 낭비 시간 낭비 비용 낭비 종이 낭비 뿐 효율 국가 기록원 국가 기록원 소장 기록물 공개 열람 규정 훈령 호 조 기록물 사본 교부 시 신청자 요청 경우 원본 대조 필 표시 국가 기록원 장 직인 날인 원본 확인 표시 국가 기록원 진짜 원본 확인 표시 국가 기록원 소장 기록물 공개 열람 규정 훈령 호 조 지 호 서식 원본 대조 필 표시 국가 기록원 장 직인 날인 국가 기록원 보존 문서 원본 상위 증명 국가기록원 장 표시 국가 기록원 규정 관보 공고 사용 관인 종이 문서 사용 관인 전자 문서 사용 전자 이미지 관인 행정 기관 교부 문서 위 관인 날인 문서 효력 점 일반 상식 행정 행위 근거 규정 행하 정보 공개 포털 전자 문서 전자 문서 공개 시 사용 국가 기록원 소장 기록물 무단 복제 금지 사본 워터마크 사용 근거 규정 바 사용 정보 공개 포털 전자 문서 전자 문서 공개 시 사용 국가 기록원 소장 기록물 무단 복제 금지 사본 워터마크 사용 근거 규정 뿐 국가 기록원 장 훈령 호 정하 전자 문서 원본 대조 필 확인 표시 위 점 비추 사본 워터마크 방법 국가 기록원 소장 기록물 공개 열람 규정 훈령 호 조 원본 대조 필 표시 의하 관인 날 방법 일반 국민 방법 의하 원본 대조 필 신뢰 있 믿음 있 지 일반 행정기관 문서 교부 경우 규정 행정 기관 장 문서 교부 표시 문서 관인 날인 교부 점 비추 정보 공개 시스템 문서 공개 국가기록원 사용 국가 기록원 소장 기록물 무단 복제 금지 사본 워터마크 국가 기록원 장 전자 이미지 관인 바 국가 기록원 문서 교부 최소한 표시 수령 방법 종이 문서 선택 형평 원칙 위반 위 정보 공개 시스템 문서 공개 국가기록원 사용 국가 기록원 소장 기록물 무단 복제 금지 사본 워터마크 국가 기록원 소장 기록물 공개 열람 규정 훈령 호 조 지 호 서식 원본 대조 필 표시 국가 기록원 장 직인 날인 국가 기록원 보존 문서 원본 상위 증명 국가기록원 장 표시 방법 디지털 대체 별도 추가 비용 발생 공개 신청 제안 국민신문고 누리집 홈페이지 타인 제안 내용 처리 결과 열람 있 바라,16768,16768:국가기록원 소장 비전자문서 원본대조필 표시 국가기록원장 직인 날인을 디지털화 전자화시행 공개국민제안,2021-05-25,행정/자치/안전,행정안전부,2021-07-07,NA,43,NA
정보 공개 법 조 정보 목록 작성 비치 공공 기관 기관 보유 관리 정보 국민 있 정보 목록 작성 갖추 목록 정보 통신 망 활용 정보 공개 시스템 공개 정보 공개 법 시행령 조 정보 목록 작성 비치 법 조 항 정보 목록 문서 제목 생산 연도 업무 담당자 보존 기간 포함 경우 공공 기록물 관리 관하 법률 시행령 조 조 등록 정보 목록 법 조 항 정보 목록 갈음 있 공공 기록물 관리법 조 목적 법 공공 기관 투명 책임 행정 구현 공공 기록물 안전 보존 효율 활용 공공 기록물 관리 필요 사항 정하 목적 전문 개정 조 정의 법 사용 용어 뜻 다음 3 기록물 관리 기록물 생산 분류 정리 이관 수집 평가 폐기 보존 공개 활용 부수 업무 조 기록물 관리 원칙 공공 기관 기록물 관리 기관 장 기록물 생산 활용 과정 걸치 본성 결성 신뢰 이용 가능 보장 있 관리 전문 개정 조 기록물 관리 표준 원칙 중앙 기록물 관리 기관 장 기록물 효율 통일 관리 활용 있 기록물 관리 표준 정책 수립 시행 전문 개정 공공 기록물 관리법 조 기록물 관리 표준 동법 시행령 조 기록물 관리 표준 제정 개정 폐지 절차 기록물 관리 표준 영구 기록 관리 시스템 기능 요건 고유 식별자 기록물 생산 관리 시스템 각각 기록물 분류 체계 구별 있 부여 고유 이름 기록물 고유 식별자 부여 시스템 관리 기록물 등록 고시 정보 공개 법 공공 기록물 관리 법령 의하 공공 기관 기록물 관리 필요충분조건 국가기록원 홈페이지 기록물 검색 결과 정보 화면 정보 목록 해당 기록물 공공 기록물 관리 관하 법률 시행령 조 등록 정보 기록물 건 고유 식별자 기록 물건 등록 번호 공개 제공 국가기록원 홈페이지 기록물 검색 결과 정보 화면 정보 목록 해당 기록물 업무 담당자 기록물 철 분류 번호 공공 기록물 관리 관하 법률 시행령 조 등록 정보 기록물 철 고유 식별 자임 가 형평 원칙 위배 정보 공개 법 조 정보 목록 작성 비치 항 동법 시행령 조 정보 목록 작성 비치 항 위반 공개 신청 제안 국민신문고 누리집 홈페이지 타인 제안 내용 처리 결과 열람 있 주십 바라,17173,17173:국가기록원 홈피 기록물 검색결과 상세정보화면(정보목록)에 해당 기록물에 대한 업무담당자와 기록물철분류번호(고유식별자) 공개ㆍ제공 국민제안,2021-06-09,행정/자치/안전,행정안전부,2021-07-20,NA,41,NA
헌법 재판소 공공 기관 정보 공개 관하 법률 제정 이전 정부 보유 정보 이해 관계 자 공개 요구 있 권리 알권리 인정 이러하 알권리 표현 자유 포함 기본 선언 헌재 헌마 판례 집 참조 문제 관련 정보 접근 문제 내용 알 내용 알 의견 표현 알권리 표현 자유 표리 일체 관계 정보 공개 청구 알권리 내용 그리하 알권리 헌법 조 의하 보장 밖 국민 주권 주의 헌법 조 인간 존엄 가치 헌법 조 인간 생활 권리 헌법 조 항 오 관련 있 공공 기관 보유 관리 정보 원칙 국민 공개 정보 공개 법 조 항 알권리 헌법 조 항 의하 한계 뿐 헌법 조 항 규정 바 국가 안전 보장 질서 유지 공공복리 필요 경우 본질 내용 침해 법률 제한 있 헌재 헌바 판례 집 상 헌재 헌바 판례 집 상 공공 기관 청구 정보 증거 법원 제출 법원 사본 청구인 교부 송달 결과 청구인 정보 공개 셈 우회 방법 법 예정 방법 법 의하 공개 법원 정보 공개 법 조 행정심판 항 정보 공개 관련 공공 기관 결정 이란 법 조 이의신청 항 정보 공개 관련 공공 기관 공개 결정 부분 공개 결정 해당 행정 정부 민원 회신 종전 정보 공개 여부 결정 통지 정보 공개 청구 외 통지 존재 진정 질의 허위 정보 공개 법 조 반복 청구 처리 항 해당 위법 종결 처리 거 법 조 행정심판 항 정보 공개 청구 후 경과 정보 공개 결정 해당 행정 정부 민원 회신 경우 법 조 행정심판 항 항 행정 심판 청구 합리 경우 법 조 행정소송 항 행정 소송 청구 합리 경우 법 조 이의신청 항 이의신청 합리 경우 표현 자유 표리 일체 관계 국민 기본 알권리 정보 공개 청구 침해 뿐 헌법 조 국민 주권 주의 헌법 조 인간 존엄 가치 헌법 조 인간 생활 권리 헌법 조 항 위배 헌재 헌바 판례 집 상 헌재 헌바 판례 집 상 참조 따라서 위 정보 공개 법 조 반복 청구 처리 항 해당 정보 공개 청구 청구 기관 입장 직원 비리 부정부패 켕기 정보 공개 청구 건 종전 정보 공개 여부 결정 통지 정보 공개 청구 외 통지 존재 진정 질의 허위 정보 공개 법 조 반복 청구 처리 항 해당 허 위로 공문서 작성 내부 결재 악의 위법 종결 처리 경우 헌법 국민 알 권리 보장 마련 정보 공개 제도 자체 의미 만드 뿐 국민 우롱,17740,"17740:종전에 정보공개여부결정통지 or 정보공개청구외통지(부존재, 진정ㆍ질의 등) 없이 허위로 정보공개법 제11조의2(반복청구) 위법하게 종결처리 방지 시스템화 국민제안",2021-07-01,행정/자치/안전,행정안전부,2021-08-11,NA,41,NA
표준 중앙 영구 기록 관리 시스템 인수 기록물 표준 중앙 영구 기록 관리 시스템 기록 관리 메타데이터 생산 일시 공공 기록물 관리법 조 호 조 조 조 동법 시행령 조 조 조 조 의무 규정 기록 관리 메타데이터 표준 기록물 획득 시점 식별 해당 기록물 진본 입증 증거 필수 메타데이터 표준 중앙 영구 기록 관리 시스템 인수 기록물 표준 중앙 영구 기록 관리 시스템 기록 관리 메타데이터 생산 일시 전자 기록 생산 시스템 생산 전자 문서 경우 결재 결재 결제 시점 생산 일시 해당 전자 기록물 진본 입증 필수 불가결 필요충분조건 증거물 인수 등록 바 표준 중앙 영구 기록 관리 시스템 기록 물건 검색 메뉴 검색 조건 항목 검색 표준 중앙 영구 기록 관리 시스템 기록 물건 검색 메뉴 검색 조건 항목 생산 등록 기록 관리 메타데이터 표준 법치주의 위반 공공 기록물 관 법 조 호 조 조 조 동법 시행령 조 조 조 기록 관리 메타데이터 표준 영구 기록 관리 시스템 기능 요건 표준 의무 규정 위반 기록물 획득 시점 식별 해당 기록물 진본 입증 증거 명기 의무 이행 직무 유기 다르 기록 관리 메타데이터 표준 기록물 획득 시점 식별 해당 기록물 진본 입증 증거 생산 일시 메타데이터 필수 메타 데이터 고시 공공 기록물 관리 관하 법률 조 정의 법 사용 용어 뜻 다음 기록물 공공 기관 업무 관련 생산 접수 문서 도서 대장 카드 도면 시청각 물 전자 문서 형태 기록 정보 자료 행정 박 물 3 기록물 관리 기록물 생산 분류 정리 이관 수집 평가 폐기 보존 공개 활용 부수 업무 조 기록물 관리 원칙 공공 기관 기록물 관리 기관 장 기록물 생산 활용 과정 걸치 본성 결성 신뢰 이용 가능 보장 있 관리 전문 개정 조 전자 기록물 관리 중앙 기록물 관리 기관 장 컴퓨터 정보 처리 장치 의하 생산 관리 기록 정보 자료 이하 전자 기록물 안전 체계 관리 활용 다음 호의 사항 포함 전자 기록물 관리 체계 구축 운영 개정 전자 기록물 관리 시스템 기능 규격 관리 항목 보존 포맷 기록물 보존 파일 형식 매체 관리 표준 관하 사항 2 기록물 관리 기관 전자 기록물 데이터 공유 통합 검색 활용 관하 사항 전자 기록물 진본 유지 데이터 관리 체계 관하 사항 행정 전자 서명 인증 기록 보존 활용 관하 사항 5 기록물 관리 기관 간 기록물 전자 연계 활용 체계 구축 관하 사항 전자 기록물 생산 포맷 기록물 생산 파일 형식 소프트웨어 관하 기술 정보 수집 활용 관하 사항 전자 기록물 전자 생산 기록물 전자 관리 밖 필요 사항 대통령령 정하 전문 개정 조 기록물 관리 표준 중앙 기록물 관리 기관 장 기록물 체계 전문 관리 효율 활용 다음 사항 표준 제정 시행 기록물 관리 표준 관련 사항 산업 표준 법 한국산업표준 제정 경우 전자 기록물 관리 체계 관리 항목 2 기록물 관리 절차 표준 기능 기록물 종류 관리 기준 절차 4 기록물 관리 기관 유형 표준 모델 기록물 보안 재난 관리 대책 밖 기록물 효율 관리 필요 사항 전문 개정 조 기록물 관리 표준 제정 절차 중앙 기록물 관리 기관 장 조 기록물 관리 표준 제정 개정 폐지 대통령령 정하 바 내용 관보 고시 이해관계인 의견 중앙 기록물 관리 기관 장 기록물 관리 표준 확대 보급 지도 교육 필요 조치 전문 개정,17779,17779:NAK-8-2016(v2.1) ‘기록관리 메타데이터 표준’의 기록물 획득시점 식별 기록물 진본성 입증 증거 필수 메타데이터인 생산일시를 CAMS 기록물건상세검색매뉴의 검색조건 항목 지정 국민제안,2021-06-30,행정/자치/안전,행정안전부,2021-08-12,NA,43,NA
표준 중앙 영구 기록 관리 시스템 인수 기록물 표준 중앙 영구 기록 관리 시스템 기록 관리 메타데이터 생산 일시 공공 기록물 관리법 조 호 조 조 조 동법 시행령 조 조 조 조 의무 규정 기록 관리 메타데이터 표준 기록물 획득 시점 식별 해당 기록물 진본 입증 증거 필수 메타데이터 표준 중앙 영구 기록 관리 시스템 인수 기록물 표준 중앙 영구 기록 관리 시스템 기록 관리 메타데이터 생산 일시 전자 기록 생산 시스템 생산 전자 문서 경우 결재 결재 결제 시점 생산 일시 해당 전자 기록물 진본 입증 필수 불가결 필요충분조건 증거물 인수 등록 화면 출력 아니하 의무 이행 필수 메타데이터 생산 일시 표준 중앙 영구 기록 관리 시스템 철 기본 메뉴 기본 메뉴 기록 관리 메타데이터 출력 화면 표시 입증 증거 만약 필수 메타데이터 생산 일시 인수 등록 표준 중앙 영구 기록 관리 시스템 철 기본 메뉴 기본 메뉴 기록 관리 메타데이터 출력 화면 표시 이유 법치주의 위반 공공 기록물 관 법 조 호 조 조 조 동법 시행령 조 조 조 기록 관리 메타데이터 표준 기록 관리 시스템 기능 요건 표준 의무 규정 위반 기록물 획득 시점 식별 해당 기록물 진본 입증 증거 명기 의무 이행 직무 유기 다르 기록 관리 메타데이터 표준 기록물 획득 시점 식별 해당 기록물 진본 입증 증거 생산 일시 메타데이터 필수 메타 데이터 고시 기록 관리 메타데이터 표준 생산 일시 기록 물건 경우 최종 결재 결재 끝나 일시 생산 일시 기록물 생산자 접수 경우 기록물 접수 일시 생산 일시 고시 공공 기록물 관리 관하 법률 조 정의 법 사용 용어 뜻 다음 3 기록물 관리 기록물 생산 분류 정리 이관 수집 평가 폐기 보존 공개 활용 부수 업무 조 기록물 관리 원칙 공공 기관 기록물 관리 기관 장 기록물 생산 활용 과정 걸치 본성 결성 신뢰 이용 가능 보장 있 관리 전문 개정 조 전자 기록물 관리 중앙 기록물 관리 기관 장 컴퓨터 정보 처리 장치 의하 생산 관리 기록 정보 자료 이하 전자 기록물 안전 체계 관리 활용 다음 호의 사항 포함 전자 기록물 관리 체계 구축 운영 개정 전자 기록물 관리 시스템 기능 규격 관리 항목 보존 포맷 기록물 보존 파일 형식 매체 관리 표준 관하 사항 2 기록물 관리 기관 전자 기록물 데이터 공유 통합 검색 활용 관하 사항 전자 기록물 진본 유지 데이터 관리 체계 관하 사항 행정 전자 서명 인증 기록 보존 활용 관하 사항 5 기록물 관리 기관 간 기록물 전자 연계 활용 체계 구축 관하 사항 전자 기록물 생산 포맷 기록물 생산 파일 형식 소프트웨어 관하 기술 정보 수집 활용 관하 사항 전자 기록물 전자 생산 기록물 전자 관리 밖 필요 사항 대통령령 정하 전문 개정 조 기록물 관리 표준 중앙 기록물 관리 기관 장 기록물 체계 전문 관리 효율 활용 다음 사항 표준 제정 시행 전자 기록물 관리 체계 관리 항목 2 기록물 관리 절차 표준 기능 기록물 종류 관리 기준 절차 4 기록물 관리 기관 유형 표준 모델 기록물 보안 재난 관리 대책 밖 기록물 효율 관리 필요 사항 전문 개정 조 기록물 관리 표준 제정 절차 중앙 기록물 관리 기관 장 조 기록물 관리 표준 제정 개정 폐지 대통령령 정하 바 내용 관보 고시 이해관계인 의견,18400,18400:NAK-8-2016(v2.1) ‘기록관리 메타데이터 표준’의 기록물 획득시점 식별 기록물 진본성 입증 증거 필수 메타데이터인 생산일시 CAMS 기록관리 메타데이터로 인수ㆍ등록ㆍ화면출력 표시  의무이행 공개 국민제안,2021-07-21,행정/자치/안전,행정안전부,2021-09-01,NA,42,NA
전자 정부 법 조 호 전자 문서 종이 문서 밖 전자 형태 작성 문서 정보 시스템 처리 있 형태 변환 문서 규정 전자 정부 법 시행령 조 항 중앙 행정 기관 장 민원인 이해관계자 법 조 항 전자 문서 통지 경우 첨부 전자 문서 중앙 행정 기관 보관 전자 문서 일치 확인 요청 경우 진본 확인 규정 행정 기관 민원 처리 법 조 항 민원인 발송 전자 문서 결재 자 결재 문서 성립 진짜 전자 문서 공공 기관 정보 공개 법 조 항 전자 공개 전자 문서 전자 문서 번 번 번 행정 안전부 고시 호 전자 문서 진본 확인 서비스 연계 기술 규격 행정 기관 전자 문서 위 변조 여부 진본 검증 서비스 제공 정부 전자 문서 진본 확인 센터 시점 확인 토큰 발급 확인 마크 표시 방법 전자 문서 진본 확인 전자 정부 법 시행령 근거 법 조항 이유 거부 중앙 행정 기관 지방 자치 단체 소속 기관 생산 문서 법률 호 제정 시행 전자 정부 법 조 항 행정 기관 문서 전자 문서 기본 작성 발송 접수 보관 보존 활용 의무 규정 전자 문서 생산 보유 관리 정보 공개 법 조 항 전자 문서 전자 공개 민원 처리 법 조 항 행정 기관 장 접수 민원 처리 완료 결과 민원인 문서 통지 의무 규정 전자 문서 통지 행정 기관 사칭 위조 행정 기관 전자 문서 국민 상대 사기 기승 부리 뉴스 많 공공 기록물 관리법 시행령 조 기록물 이관 항 조 처리 과 기록물 인수 항 조 기록관 특수 기록관 소관 기록물 이관 항 조 기록관 특수 기록관 기록물 인수 항 정하 의무 규정 국가 기록원 고시 호 기록 관리 공공 표준 기록 관리 시스템 기능 요건 과 공공 표준 영구 기록 관리 시스템 기능 요건 행정 기관 전자 기록물 진본 결성 보장 전자 문서 이관 인수 기록물 관리 의무 행정 전자서명 행위 시점 기만 부인 공인 인증 기관 현재 시점 정보 타임스탬프 발급 전자 문서 생성 시점 전자서명 시점 확인 사용 시점 확인 시스템 시점 확인 정보 사용 행정 기관 일반 국민 교부 전자 문서 행정 전자서명 만 결재 일반 국민 행정 전자서명 만 결재 전자 문서 교부 일반 국민 행정 전자 서명 진짜 확인 방법 행정 전자서명 공인 인증 기관 현재 시점 정보 타임스탬프 발급 전자 문서 생성 시점 전자서명 시점 확인 사용 시점 확인 시스템 시점 확인 정보 뿐 이러하 전자 문서 진본 확인 시점 학 정보 의무 근거 조항 전자 정부 법 위 점 비추 행정 기관 생성 전자 문서 행정 전자서명 작성 결재 전자 문서 성립 효력 갖 과정 거치 이후 변경 추정 별도 진본 확인 절차 필요 행정 안전부 답변 모순 부정 행정 기관 간 행정 기관 전자 문서 행정기관 전자 문서 진본 보장 위 전자 문서 진본 확인 시점 확인 정보 행정 기관 사이 전자 문서 이관 인수 시 사용 법 의무 일반 국민 행정 기관 전자 문서 어의 위 공공 기록물 관리법 행정 기관 간 전자 문서 이관 인수 과정 사용 전자 문서 진본 확인 형평 원칙 위배 전자 문서 진본 확인 형평 원칙 위배,18521,18521:전자정부법시행령에 행정기관등의 전자문서의 진본성 확인 의무조항 신설 개정 공개국민제안 합니다.,2021-07-18,행정/자치/안전,행정안전부,2021-08-19,NA,32,NA
개요 공동 주택 관리법 시행령 별표 행위 개 이상 질서 위반 행위 해당 이상 질서 위반 행위 경합 경우 위반 행위 중하 과태료 부과 관련 이상 질서 위반 행위 경우 위반 행위 과태료 부과 공동 주택 관리법 시행령 별표 과태료 부과 기준 조 관련 호 일반 기준 나목 개선 요청 제안 신청 번호 신청 번호 국토 교통부 답변 내용 질서 위반 행위 규제 법 조 호 질서 위반 행위 법률 조례 의무 위반 과태료 부과 행위 개 질서 위반 행위 개 과태료 부과 원칙 질서 행위 위반 규제 법 조 항 법령 특별 규정 경우 법령 정하 바 규정 공동 주택 관리 법 시행령 개 질서 위반 행위 처리 방법 정하 타당하 법무부 의견 주택 법 시행령 별표 호 목 기존 과태료 부과 대상 해당 위반 행위 건 적발 과태료 부과 시 위반 행위 과태료 부과 과태료 부과 대상 해당 위반 행위 건 적발 과태료 부과 시 다수 위반 행위 중하 과태료 부과 유권 해석 변경 국토 교통부 주택 건설 공급 채택 처리 민원인 신청 번호 신청 법무부 질서 위반 행위 규제 법 조 조 근거 법령 과태료 부과 방법 조 규정 다르 정하 경우 조 근거 조 과태료 부과 법령 규정 과태료 부과 방법 관하 질서 위반 행위 규제 법 다르 정하 경우 규정 과태료 부과 해석 요청 결과 법무부 답변 법무부 법무 심의관 실 질서 위반 행위 규제 법 조 과태료 부과 징수 재판 집행 절차 관하 질서 위반 행위 규제 법 규정 저촉 질서 위반 행위 규제 법 정하 바 정하 바 법령 규정 질서 위반 행위 규제 법 조 저촉 경우 질서 위반 행위 규제 법 조 과태료 부과 타당하 판단 따라서 과태료 부과 질서 위반 행위 규제 법 원칙 법무부 해석 근거 이상 질서 위반 행위 경우 위반 행위 과태료 부과 질서 위반 행위 규제 법 공동 주택 관리법 시행령 별표 과태료 부과 기준 조 관련 호 일반 기준 나목 개선 별개 전국 지자체 국토 교통부 주택 건설 공급 해석 내용 변경 통지 요청 법무부 답변 파일 첨부 현황 문제점 공동 주택 관리법 시행령 별표 과태료 부과 기준 조 관련 반 기준 나목 행위 이상 질서 위반 행위 해당 이상 질서 위반 행위 경합 경우 위반 행위 중하 과태료 부과 정하 개 이상 질서 위반 행위 경합 경우 질서 위반 행위 정하 과태료 부과 정하 개 이상 질서 위반 행위 경합 경우 위반 행위 중하 과태료 부과 정하 관리 비리 위반 행위 조장 합리 측면 있,18639,18639:과태료부과방법 개선안,2021-07-28,국토/교통/농림/해양,국토교통부,2021-11-05,NA,100,NA
보건 당국 엉터리 예방 방역 대책 실태 이율배반 예방책 의료진 고글 안면 가리개 착용 눈 바이러스 감염 부인 눈 보호 행위 사회 거리 두기 관광 서비스업 유흥업 소 상공업 말살 무식 자비 범죄 행위 손 이하 정답 손 청결 이유 진실 설명 어처구니없 예방 수칙 이유 알 집단 면역 가능 백신 효과 이상 마스크 착용 이하 정답 시간 불문 인류 착용 필요충분조건 현실 가능 5 백신 접종 국민 혈세 가 가 부작용 고통 주 의료 장사 행위 코로나 검사 검체 행위 더위 순서 기다리 국민 개 고생 의료진 확충 엄청나 세금 낭비 경제 손실 실 외 바닥 허공 소독약 살포 행위 바이러스 특성 모르 무지 무모 혈세 낭비 행위 방호 복 표현 방지 복 표기 병원 방 진 청결 유지 위생복 환자 감염 예방 차원 보건 당국 엉터리 예방 방역 대책 멈추 백신 접종 약 장사 사회 거리 두 관광 유흥 음식점 소 상공업 말살 범죄 행위 코로나 철통 방어 예방 상식 이상 임상 체험 역학 조사 확인 보건 의학 진실 손 조심 오염 손 눈 비비 코후비기 절대 금지 손 중요 손 청결 이유 이해 집단 면역 완성 국민 이상 감염 탈출 가능 이유 모르 멍청하 감염 눈 조심 마스크 미 착용자 근거리 이내 맞대면 대 면 대화 시 눈 속 침투 조심 보안 경 스포츠 고글 타입 필요 오염 소 눈 비비 조심 마스크 착용 이유 입 방출 주변 오염 행위 차단 목적 대면 대화 시 시속 날아오 상대 눈 속 침투 예방 차원 깜깜이 감염 일부 국민 모두 철저 동참 시 효과 확실 호흡 기관 보온 중요 겨울철 미세 먼지 위험 시기 코 내리 입 가리 충분하 위 가지 실천 코로나 바이러스 인간 침투 불가 철벽 방어 완성 있슴 예방 끝판왕 기타 주의 사항 보균자 성관계 절대 금지 고발 현존 세상 보건 의료 인류 이름 고발 바이러스 발견 선진 유럽 의료 세기 초 천연두 백신 우연 발견 이후 감격 도취 백신 연구 개발 감기약 콧물 항히스타민제 해열제 진통제 개발 몰두 호흡기 바이러스 감염 통로 역학 구도 관하 여 관심 지 채 약 장사 병 장사 주도 인간 가지 놀 돈벌이 열중 실정 분통 터지 노릇 감기 만병 근원 의료 앞장서 주장 만고 진리 만약 인간 감기 독감 해방 지금 질병 이상 사라지 부인 만고 진리 세상 벌어지 코로나 광란 현대 의학 빚어내 코미디 슬프 고도 뼈아프 역사 순간 겪 지나 순간 진행 지금 코로나 비극 바이러스 감염 역학 해답 풀어내 생각 나무 인격 일관 바이러스 무지몽매 끈질기 기 현대 보건 의료 몽니 인류 안기 크나크 재앙 선물 열 저자 마스크 착용 손 사회 거리 두 국민 생활 서민 경제 말살 데 보건 당국 방역 행정 대책 속 불안 불안 심정 자신 백신 차례 맞이 백성 번민 지켜보 외치 바 순간 코로나 광란 대응 부실 짝 예방 방역 대책 백신 약장 사 몰두 오 세계 보건 당국 의료 땅 백성 지구상 인류 고발 바 인간 처음 바이러스 발견 이후 지나 감기 독감 코로나 호흡기 바이러스 대처 부실 지금 지구 보건 당국 예방 방역 대책 인류 존재 이래 최악 실수 오판 기록 결론 호흡기 바이러스 인체 침,18905,"18905:엉터리 예방,방역대책(백신접종,거리두기 등)은 당장 멈추어야 합니다!",2021-08-03,식품/보건/복지/가족,보건복지부,2021-08-18,NA,15,NA
코로나 바이러스 감염 통로 감염 역학 구도 관하 연구 결과 눈 눈 수 많 혈관 피하 점막 세포 내 표출 도달 상태 바이러스 결막 상피 세포 도달 시 혀괄 침투 용이하 이내 맞 대면 대화 시 지접 침투 시속 재채기 시속 바이러스 오염 손 눈 비비 코 바이러스 오염 손 코후비기 이상 검지 한마디 코 털 코 호흡 흡입 감염 무시 정도 희박하 체험 결과 확인 적 양 비 흡입 있 콧속 항바이러스 물질 라이소자임 존재 콧털 통로 방어 기전 우세 함 입 입 안 물 음식 섭취 인하 입안 내 상피 세포 바이러스 머무르 침투 여유 발생 섭취 후 위 도달 시 대부분 호흡기 세균 바이러스 강하 위산 무력 역학 구도 보이 인간 가축 소 닭 오리 입 감염 무시 정도 바이러스 감염 하 구도 있 안전 확인 보건 당국 엉터리 예방 방역 대책 실태 이율배반 예방책 의료진 고글 안면 가리개 착용 눈 바이러스 감염 부인 눈 보호 행위 사회 거리 두기 관광 서비스업 유흥업 소 상공업 말살 무식 자비 범죄 행위 손 이하 정답 손 청결 이유 진실 설명 어처구니없 예방 수칙 이유 알 집단 면역 가능 백신 효과 이상 마스크 착용 이하 정답 시간 불문 인류 착용 필요충분조건 현실 가능 5 백신 접종 국민 혈세 가 가 부작용 고통 주 의료 장사 행위 코로나 검사 검체 행위 더위 순서 기다리 국민 개 고생 의료진 확충 엄청나 세금 낭비 경제 손실 실 외 바닥 허공 소독약 살포 행위 바이러스 특성 모르 무지 무모 혈세 낭비 행위 방호 복 표현 방지 복 표기 병원 방 진 청결 유지 위생복 환자 감염 예방 차원 보건 당국 엉터리 예방 방역 대책 멈추 백신 접종 약 장사 사회 거리 두 관광 유흥 음식점 소 상공업 말살 범죄 행위 코로나 철통 방어 예방 상식 이상 임상 체험 역학 조사 확인 보건 의학 진실 손 조심 오염 손 눈 비비 코후비기 절대 금지 손 중요 손 청결 이유 이해 집단 면역 완성 국민 이상 감염 탈출 가능 이유 모르 멍청하 감염 눈 조심 마스크 미 착용자 근거리 이내 맞대면 대 면 대화 시 눈 속 침투 조심 보안 경 스포츠 고글 타입 필요 오염 소 눈 비비 조심 마스크 착용 이유 입 방출 주변 오염 행위 차단 목적 대면 대화 시 시속 날아오 상대 눈 속 침투 예방 차원 깜깜이 감염 일부 국민 모두 철저 동참 시 효과 확실 호흡 기관 보온 중요 겨울철 미세 먼지 위험 시기 코 내리 입 가리 충분하 위 가지 실천 코로나 바이러스 인간 침투 불가 철벽 방어 완성 있슴 예방 끝판왕 기타 주의 사항 보균자 성관계 절대 금지 고발 현존 세상 보건 의료 인류 이름 고발 바이러스 발견 선진 유럽 의료 세기 초 천연두 백신 우연 발견 이후 감격 도취 백신 연구 개발 감기약 콧물 항히스타민제 해열제 진통제 개발 몰두 호흡기 바이러스 감염 통로 역학 구도 관하 여 관심 지 채 약 장사 병 장사 주도 인간 가지 놀 돈벌이 열중 실정 분통 터지 노릇 감기 만병 근원 의료 앞장서 주장 만고 진리 만약 인간 감기 독감 해방 지금 질병 이상 사라지 부인 만고 진리 세상 벌어지 코로나 광란 현대 의학 빚어내 코미디 슬프 고도 뼈아프 역사 순간 겪 지나,19032,"19032:엉터리 예방,방역대책(백신접종,거리두기 등)은 당장 멈추어야 합니다!",2021-08-12,식품/보건/복지/가족,질병관리청,2022-03-21,NA,221,NA
공익사업 토지 취득 보상 관하 법률 이하 토지 보상 법 조 항 의제 결 확정 경우 이의재결 민사소송법 상 확정 판결 재결서 정보 집행력 판결 정 본 동일 효력 가지 의제 규정 바 재판서 형평 원칙 비추 중앙토지수용위원회 헌법 조 항 보장 국민 재산 토지 원시 취득 강제 취득 토지 보상 법 조 항 재결서 정 본 전자 정부 법 조 항 행정 업무 효율 운영 관하 규정 조 조 항 의무 전자 문서 작성 재판서 준하 매장 위 변조 방지 조치 의무 있 법원 재판 예규 호 재판서 양식 관하 예규 조 항 재판서 의무 법원 전산 시스템 의하 생성 전자 파일 사용 작성 강행 규정 재판 예규 호 재판서 정보 작성 관하 예규 위 변조 조작 방지 조치 재판 사무 시스템 의하 재판서 정보 등 출력 경우 의무 매장 차원 바코드 복사 방지 마크 음성 생성 바코드 표시 진본 투명 공정 신뢰 보장 헌법 조 항 재판 전심 절차 행정심판 있 행정심판 절차 법률 정하 사법 절차 준용 규정 위 토지 보상 법 토지 수용 관하 재결 헌법 조 항 사법 절차 준용 특별행정심판 민사 소송법 확정 판결 의제 헌법 조 항 재판 전심 절차 행정심판 있 행정심판 절차 법률 정하 사법 절차 준용 규정 입법자 행정 심판 절차 종 절차 규정 정식 재판 기회 배제 행정심판 필요 전심 절차 규정 절차 사법 절차 준용 헌법 조 항 나아가 재판 청구 보장 헌법 조 위반 사법 절차 특징 지우 요소 판단 기관 독립 공정 대 심리 구조 당사자 절차 권리 보장 들 있 위 헌법 조항 행정 심판 사법 절차 준용 요구 위 사법 절차 요소 갖추 필요 사법 절차 본질 요소 구비 용 요구 위반 헌법 재판소 선 헌바 이의신청 절차 위법 수용재결 중앙토지수용위원회 행하 분쟁 해결 절차 실질 행정 심판 성질 갖 법 특별 규정 경우 제외 행정 심판 법 적용 법원 선 누 판결 이의재결 당하 이의 신청 사건 중앙 토지 수용 위원회 종국 판단 원칙 주 사법 성격 가지 법원 선 헌바 거 범죄 돈 목적 사회 통념 토지 수용 재결 정의 공문서 조작 토지 수용 재결서 공문서 조작 가능 배제 공문서 조작 범죄 대상 토지 수용 재결서 공문서 예외 현재 토지 수용 재결서 공문서 위 변조 조작 방지 조치 위 사법 절차 준용 특별행정심판 토지 수용 제도 토지 수용 재결서 민사소송법 상 확정 판결 토지 수용 재결서 정보 집행력 있 판결 정 본 동일 효력 가지 민사 소송법 재판서 준하 형평 보장 위 변조 조작 가능 도 필수 충분조건 민사 소송법 재판서 형평 보장 있 민사 소송법 재판서 준하 토지 보상 법 조 항 토지 수용 재결서 본성 투명 공정 신뢰 보장 위 변조 조작 방지 조치 의무 중앙토지수용위원회 거부 토지 수용 재결서 헌법 사법 절차 민주 투명 반 신뢰 공정 반 결성 진본 자인 다르 켕기 중앙토지수용위원회 자인 다르 거부 거부 문재인 대통령 강조 약속 공정 나라 거부 국민 재산 보장 거부,19276,19276:민사소송법상 확정판결 정본과 동일한 효력 토지수용 재결서 출력물에 대하여 재판서에 준하여 매장마다 2차원 바코드 또는 복사방지용마크 또는 음성생성용바코드 표시의무 국민제안,2021-08-17,국토/교통/농림/해양,국토교통부,2021-09-16,NA,30,NA
헌법 재판소 공공 기관 정보 공개 관하 법률 제정 이전 정부 보유 정보 이해 관계 자 공개 요구 있 권리 알권리 인정 이러하 알권리 표현 자유 포함 기본 선언 헌재 헌마 판례 집 참조 문제 관련 정보 접근 문제 내용 알 내용 알 의견 표현 알권리 표현 자유 표리 일체 관계 정보 공개 청구 알권리 내용 그리하 알권리 헌법 조 의하 보장 밖 국민 주권 주의 헌법 조 인간 존엄 가치 헌법 조 인간 생활 권리 헌법 조 항 오 관련 있 공공 기관 보유 관리 정보 원칙 국민 공개 정보 공개 법 조 항 알권리 헌법 조 항 의하 한계 뿐 헌법 조 항 규정 바 국가 안전 보장 질서 유지 공공복리 필요 경우 본질 내용 침해 법률 제한 있 헌재 헌바 판례 집 상 헌재 헌바 판례 집 상 공공 기관 청구 정보 증거 법원 제출 법원 사본 청구인 교부 송달 결과 청구인 정보 공개 셈 우회 방법 법 예정 방법 법 의하 공개 법원 두 현재 정보 공개 시스템 공무원 창구 정보부 존재 사유 가지 공공 기관 청구 정보 생산 접수 경우 정보 취합 가공 경우 공공 기관 기록물 관리 관하 법률 보존 연한 경과 폐기 경우 정보 특정 포괄 청구 경우 필수 선택 입력 정보 존재 결정 통지 처리 정보 공개 시스템 공무원 창구 정보부 존재 사유 가지 필수 선택 입력 화면 그대로 청구인 정보 공개 시스템 로그인 확인 정보 공개 시스템 정보부 존재 결정 통지 화면 표시 바 정보 존재 사유 가지 청구인 정보 존재 결정 통지 화면 확인 확인 정보 공개 시스템 공무원 창구 정보부 존재 사유 가지 필수 입력 사항 캡처 화면 별도 정보 공개 청구 정보 공개 법 조 반복 청구 처리 항 해당 반복 청구 허위 종결 처리 청구인 알권리 침해 더아 악 위 허위 의하 종결 처리 건 정보 공개 법 이의신청 행정심판 행정 소송 제기 있 불복 조항 정보 공개 시스템 공무원 창구 정보부 존재 사유 가지 공공 기관 청구 정보 생산 접수 경우 정보 취합 가공 경우 공공 기관 기록물 관리 관하 법률 보존 연한 경과 폐기 경우 정보 특정 포괄 청구 경우 필수 선택 입력 정보 존재 결정 통지 처리 화면 청구인 정보 공개 시스템 로그인 확인 정보 공개 시스템 정보부 존재 결정 통지 화면 표시 국민 기본 알 권리 침해 정보 공개 제도 입법 목적 입법 취지 위반 뿐 국민 우롱 행위 다르 정보 공개 시스템 공무원 창구 정보부 존재 사유 가지 입력 사항 확인 청구인 별도 정보 공개 청구 자체 필요 행정력 낭비 행정 불신 자초 국민 피곤 관 중심 행정 처리 대표 사례,19283,19283:정보공개시스템 공무원창구 정보부존재사유 4가지 중 하나 필수 입력사항 화면 그대로 청구인 확인 정보공개시스템 정보부존재통지화면 표시 국민제안,2021-08-17,행정/자치/안전,행정안전부,2021-09-09,NA,23,NA
공익사업 토지 취득 보상 관하 법률 약칭 토지 보상 법 조 재결 토지 수용 위원회 재결 서면 항 재결서 주문 이유 재결 적 위원장 회의 참석 위원 기명날인 후 정 본 사업 시행자 토지 소유자 관계인 송달 조 설치 토지 수용 사용 관하 재결 국토 교통부 중앙토지수용위원회 두 특별시 광역시 특별 자치 이하 시 도 지방 토지 수용 위원회 두 개정 조 이의 신청 재 결의 효력 조 항 기간 이내 소송 제기 밖 사유 이의 신청 재결 확정 민사소송법 상 확정 판결 재결서 정보 집행력 판결 정 본 동일 효력 가지 전문 개정 공익사업 토지 취득 보상 관하 법률 시행령 조 운영 심의 방법 토지 수용 위원회 서무 담당 토지 수용 위원회 간사 인 서기 인 두 영 정하 사항 외 토지 수용 위원회 운영 문서 처리 심의 방법 기준 중앙토지수용위원회 지방 토지 수용 위원회 정하 있 국토 교통부 소속 기관 직제 조 소속 기관 중앙토지수용위원회 사무 처리 공익 사업 토지 취득 보상 관하 법률 조 항 국토 교통부 장관 소속 중앙토지수용위원회 사무국 두 중앙 토지 수용 위원회 운영 규정 조 목적 규정 공익 사업 토지 취득 보상 관하 법률 시행령 조 항 중앙토지수용위원회 운영 문서 처리 심의 방법 기준 관하 필요 사항 정하 목적 개정 조 문서 처리 위원회 사무국 문서 처리 별표 별표 의하 개정 재결 서정 본 등본 송달 발급 시 간사 의 간 인 중토위 인영 천공 압 날 간 갈음 있 신설 개정 행정 효율 협업 촉진 관하 규정 조 관인 종류 비치 관인 행정 기관 명의 발신 교부 문서 사용 청 인 행정 기관 장 보조 기관 명의 발신 교부 문서 사용 직인 구분 각급 행정 기관 다음 호 구분 관인 가지 합의제 기관 청 인 가지 행정 기관 소관 사무 관하 자문 응하 설립 합의 기관 필요 경우 청 인 가지 호 외의 기관 기관장 직인 가지 정부 조직법 조 항 보조 기관 위임 사무 행정 기관 처리 경우 사무 처리 직인 가지 합의제 기관 장 법령 합의제 기관 장 사무 처리 경우 사무 처리 직인 가지 있 조 특수 관인 행정 기관 장 유가 증권 특수 증표 발행 민원 업무 재무 관하 업무 특수 업무 처리 사용 관인 가지 있 조 등록 행정 기관 행정 안전부 령 정하 바 관인 인영 행정 기관 관 대장 등록 전자 이미지 관인 인영 행정 기관 전자 이미지 관인 대장 등록 개정 행정 기관 항 등록 관인 사용 위 법령 비추 중앙토지수용위원회 간사 행정 효율 협업 촉진 관하 규정 조 관인 종류 비치 항 호 정하 행정 기관 바 행정 효율 협업 촉진 관하 규정 조 관인 종류 비치 항 정하 직인 가지 뿐 행정 효율 협업 촉진 관하 규정 조 특수 관인 항 특수 관인 가지 중앙 토지 수용 위원회 간사 직인 행정 효율 협업 촉진 관하 규정 조 관인 종류 비치 항 정하 직인 뿐 행정 효율 협업 촉진 관하 규정 조 특수 관인 항 특수 관인 중앙토지수용위원회 공익 사업 토지 취득 보상 관하 법률 조 항 정하 토지 수용 재결서 정 본 사용 중앙토지수용위원회 간사 이 직인 행정 효율 협업 촉진 관하 규정 조 등록 항 정하 당사자 합의 적용 배제 의무 규정 사용 직인 법치주의 위반,19371,19371:토지보상법 제34조(재결서) 제1항이 정한 재결서 정본에 사용하는 중앙토지수용위원회 간사 직인을 등록할 수 있도록 「행정효율과 협업촉진에관한규정」 개정 국민제안,2021-08-26,행정/자치/안전,행정안전부,2021-11-01,NA,67,NA
급보 보건 예방 의학 바이러스 발견 후 지나 동안 호흡기 바이러스 인체 감염 관하 핵심 중요 눈 코 입 관련 감염 역학 구도 파헤치 글 연구 실험 분석 손 놓 채 인간 바이러스 감염 방치 감기약 백신 장사 병 장사 몰두 까닭 인간 감기 독감 합병증 발병 수많 질병 고통 속 병원 치료 전전긍긍 경제 손실 시간 인생 낭비 불안 불안 삶 현상 일상 인간 감염 진실 상상 채 살아오 진실 평생 바이러스 감염 각종 질병 고통 벗어나 저자 알 바이러스 감염 진실 알리 청와대 국민 청원 빌 대통령 국민 알리 바 보건 당국 부실 엉터리 예방 방역 벗어나 바라 인류 역사 국민 청원 마스크 코 가리 코로나 바이러스 감염 예방 생각 어불성설 소 코로나 바이러스 부분 눈 침투 감염 눈 방치 채 오염 손 눈 비비 코후비기 코털 거리 두 마스크 착용 코로나 예방 난리 감염 진실 알 소 보건 당국 예방 방역 대책 동네 개 지경 보건 당국 국민 마스크 쓰 멍 터 구리 만들 코로나 철통 방어 예방 상식 인간 모두 안전 있 본인 이상 탐구 임상 체험 호흡기 바이러스 감염 실질 경험 망라 철통 방어 예방 상식 완성 세상 밝히 바 밑 자 코로나 감기 바이러스 종류 가지 독감 표적 고생 고생 평생 살아가 보건 당국 의료 계속 예방 방역 발 대책 무지몽매 보건 당국 의료 눈 감염 무지 많 의문 남 이유 코로나 환자 병동 근무 의료진 눈 보호 고글 안면 가리개 착용 눈 바이러스 감염 부인 이율배반 이중 잣대 아니하 만약 보건 의료 눈 감염 인정 미필적 고의 의하 살인 행위 있 예방 진실 감추 백신 접종 강행 행위 국민 불안 고통 주 혈세 낭비 사기 기만 행위 거리 두 관광 서비스 산업 소 상공 경제 말살 자비 행정 중대 심각하 범죄 행위 번 강조 의료 진실 눈 피하 각성 바라 덕망 언론 지식인 정치인 의료 엉터리 논리 휘둘리 문제 의식 갖 진실 장 들어오 바라 코로나 철통 방어 예방 상식 대 포인트 예방 끝판왕 오염 손 눈 조심 눈 비비 코 조심 코후비기 코 털 손소독 이유 필요 집단 면역 형성 백신 접종 필요 마스크 미 착용자 대면 대화 시 눈 속 침투 시속 조심 생활 고글 필요 생활 고글 필요 환경 마스크 채 대면 대화 순간 식사 대화 예배 종교 활동 노래방 크럽 댄스 에어로빅 강좌 스포츠 경기 관람 응원 시 등등 기타 보균자 성 접촉 금지 정도 알 실천 예방 끝 있 코로나 호흡기 바이러스 몸 안 침투 감염 불가 코로나 바이러스 감염 통로 감염 역학 구도 관하 이상 체험 연구 결과 눈 눈 수 많 혈관 피하 점막 세포 내 표출 도달 상태 바이러스 결막 상피 세포 도달 시 이후 세포 조직 침투 혈 침투 용이하 이내 맞 대면 대화 시 비 말 침투 시속 재채기 시속 바이러스 오염 손 눈 비비 코 바이러스 오염 손 코후비기 이상 검지 한마디 코 털 코호,19568,"19568:엉터리 예방,방역대책(백신접종,거리두기 등)은 당장 멈추어야 합니다!",2021-08-20,식품/보건/복지/가족,질병관리청,2022-03-21,NA,213,NA
헌법 재판소 공공 기관 정보 공개 관하 법률 제정 이전 정부 보유 정보 이해 관계 자 공개 요구 있 권리 알권리 인정 이러하 알권리 표현 자유 포함 기본 선언 헌재 헌마 판례 집 참조 문제 관련 정보 접근 문제 내용 알 내용 알 의견 표현 알권리 표현 자유 표리 일체 관계 정보 공개 청구 알권리 내용 그리하 알권리 헌법 조 의하 보장 밖 국민 주권 주의 헌법 조 인간 존엄 가치 헌법 조 인간 생활 권리 헌법 조 항 오 관련 있 공공 기관 보유 관리 정보 원칙 국민 공개 정보 공개 법 조 항 알권리 헌법 조 항 의하 한계 뿐 헌법 조 항 규정 바 국가 안전 보장 질서 유지 공공복리 필요 경우 본질 내용 침해 법률 제한 있 헌재 헌바 판례 집 상 헌재 헌바 판례 집 상 공공 기관 청구 정보 증거 법원 제출 법원 사본 청구인 교부 송달 결과 청구인 정보 공개 셈 우회 방법 법 예정 방법 법 의하 공개 법원 정보 공개 법 조 반복 청구 처리 공공 기관 조 조 항 항 정보 공개 청구 다음 호의 해당 경우 정보 공개 청구 대상 정보 성격 종전 청구 내용 유사 관련 종전 청구 동일 답변 사정 종합 고려 해당 청구 종결 처리 있 경우 종결 처리 사실 청구인 알리 정보 공개 청구 정보 공개 여부 결정 통지 자 정당하 사유 해당 정보 공개 청구 경우 정보 공개 청구 조 항 민원 처리 청구 경우 정보 공개 법 조 행정심판 항 정보 공개 관련 공공 기관 결정 이란 법 조 이의신청 항 정보 공개 관련 공공 기관 공개 결정 부분 공개 결정 합리 바 종전 정보 공개 여부 결정 통지 정보 공개 청구 외 통지 존재 진정 질의 허위 정보 공개 법 조 반복 청구 처리 항 해당 위법 종결 처리 거 법 조 행정심판 항 항 행정 심판 청구 합리 경우 법 조 행정소송 항 행정 소송 청구 합리 경우 표현 자유 표리 일체 관계 국민 기본 알권리 정보 공개 청구 침해 뿐 헌법 조 국민 주권 주의 헌법 조 인간 존엄 가치 헌법 조 인간 생활 권리 헌법 조 항 위배 헌재 헌바 판례 집 상 헌재 헌바 판례 집 상 참조 경우 청구인 정보 공개 관련 공공 기관 결정 불복 있 정보 공개 청구 후 경과 정보 공개 결정 정보 공개 법 조 이의신청 조 행정심판 조 행정 소송 불복 있 형평 원칙 위배 위 정보 공개 법 조 반복 청구 처리 항 해당 정보 공개 청구 청구 기관 입장 직원 비리 부정부패 켕기 정보 공개 청구 건 종전 정보 공개 여부 결정 통지 정보 공개 청구 외 통지 존재 진정 질의 허위 정보 공개 법 조 반복 청구 처리 항 해당 허 위로 공문서 작성 결제 악의 위법 종결 처리 경우 헌법 국민 알 권리 보장 마련 정보 공개 제도 자체 의미 만드 국민 우롱 공개 신청 제안 국민신문고 누리집 홈페이지 타인 제안 내용 처리 결과 열람 있 주십 바라,19966,"19966:종전에 정보공개여부결정통지 or 정보공개청구외통지(부존재, 진정ㆍ질의 등) 없이 허위로 정보공개법 제11조의2(반복청구) 위법하게 종결처리건에 대하여 정보공개법에 이의신청ㆍ행정심판ㆍ행정소송 가능조항 신설",2021-09-03,행정/자치/안전,행정안전부,2021-10-07,NA,34,NA
헌법 재판소 공공 기관 정보 공개 관하 법률 제정 이전 정부 보유 정보 이해 관계 자 공개 요구 있 권리 알권리 인정 이러하 알권리 표현 자유 포함 기본 선언 헌재 헌마 판례 집 참조 문제 관련 정보 접근 문제 내용 알 내용 알 의견 표현 알권리 표현 자유 표리 일체 관계 정보 공개 청구 알권리 내용 그리하 알권리 헌법 조 의하 보장 밖 국민 주권 주의 헌법 조 인간 존엄 가치 헌법 조 인간 생활 권리 헌법 조 항 오 관련 있 공공 기관 보유 관리 정보 원칙 국민 공개 정보 공개 법 조 항 알권리 헌법 조 항 의하 한계 뿐 헌법 조 항 규정 바 국가 안전 보장 질서 유지 공공복리 필요 경우 본질 내용 침해 법률 제한 있 헌재 헌바 판례 집 상 헌재 헌바 판례 집 상 공공 기관 청구 정보 증거 법원 제출 법원 사본 청구인 교부 송달 결과 청구인 정보 공개 셈 우회 방법 법 예정 방법 법 의하 공개 법원 두 현재 정보 공개 시스템 공무원 창구 정보부 존재 사유 가지 공공 기관 청구 정보 생산 접수 경우 정보 취합 가공 경우 공공 기관 기록물 관리 관하 법률 보존 연한 경과 폐기 경우 정보 특정 포괄 청구 경우 필수 선택 입력 정보 존재 결정 통지 처리 정보 공개 시스템 공무원 창구 정보부 존재 사유 가지 필수 선택 입력 화면 그대로 청구인 정보 공개 시스템 로그인 확인 정보 공개 시스템 정보부 존재 결정 통지 화면 표시 바 정보 존재 사유 가지 청구인 정보 존재 결정 통지 화면 확인 확인 정보 공개 시스템 공무원 창구 정보부 존재 사유 가지 필수 입력 사항 캡처 화면 별도 정보 공개 청구 정보 공개 법 조 반복 청구 처리 항 해당 반복 청구 허위 종결 처리 청구인 알권리 침해 더아 악 위 허위 의하 종결 처리 건 정보 공개 법 이의신청 행정심판 행정 소송 제기 있 불복 조항 정보 공개 시스템 공무원 창구 정보부 존재 사유 가지 공공 기관 청구 정보 생산 접수 경우 정보 취합 가공 경우 공공 기관 기록물 관리 관하 법률 보존 연한 경과 폐기 경우 정보 특정 포괄 청구 경우 필수 선택 입력 정보 존재 결정 통지 처리 화면 청구인 정보 공개 시스템 로그인 확인 정보 공개 시스템 정보부 존재 결정 통지 화면 표시 국민 기본 알 권리 침해 정보 공개 제도 입법 목적 입법 취지 위반 뿐 국민 우롱 행위 다르 정보 공개 시스템 공무원 창구 정보부 존재 사유 가지 입력 사항 확인 청구인 별도 정보 공개 청구 자체 필요 행정력 낭비 행정 불신 자초 국민 피곤 관 중심 행정 처리 대표 사례,20141,20141:정보공개시스템 공무원창구 정보부존재사유 4가지 중 하나 필수 입력사항 화면 그대로 청구인 확인 정보공개시스템 정보부존재통지화면 표시 국민제안,2021-09-11,행정/자치/안전,행정안전부,2021-10-12,NA,31,NA
헌법 재판소 공공 기관 정보 공개 관하 법률 제정 이전 정부 보유 정보 이해 관계 자 공개 요구 있 권리 알권리 인정 이러하 알권리 표현 자유 포함 기본 선언 헌재 헌마 판례 집 참조 문제 관련 정보 접근 문제 내용 알 내용 알 의견 표현 알권리 표현 자유 표리 일체 관계 정보 공개 청구 알권리 내용 그리하 알권리 헌법 조 의하 보장 밖 국민 주권 주의 헌법 조 인간 존엄 가치 헌법 조 인간 생활 권리 헌법 조 항 오 관련 있 공공 기관 보유 관리 정보 원칙 국민 공개 정보 공개 법 조 항 알권리 헌법 조 항 의하 한계 뿐 헌법 조 항 규정 바 국가 안전 보장 질서 유지 공공복리 필요 경우 본질 내용 침해 법률 제한 있 헌재 헌바 판례 집 상 헌재 헌바 판례 집 상 공공 기관 청구 정보 증거 법원 제출 법원 사본 청구인 교부 송달 결과 청구인 정보 공개 셈 우회 방법 법 예정 방법 법 의하 공개 법원 두 현재 정보 공개 시스템 공무원 창구 정보부 존재 사유 가지 공공 기관 청구 정보 생산 접수 경우 정보 취합 가공 경우 공공 기관 기록물 관리 관하 법률 보존 연한 경과 폐기 경우 정보 특정 포괄 청구 경우 필수 선택 입력 정보 존재 결정 통지 처리 정보 공개 시스템 공무원 창구 정보부 존재 사유 가지 필수 선택 입력 화면 그대로 청구인 정보 공개 시스템 로그인 확인 정보 공개 시스템 정보부 존재 결정 통지 화면 표시 바 정보 존재 사유 가지 청구인 정보 존재 결정 통지 화면 확인 확인 정보 공개 시스템 공무원 창구 정보부 존재 사유 가지 필수 입력 사항 캡처 화면 별도 정보 공개 청구 정보 공개 법 조 반복 청구 처리 항 해당 반복 청구 허위 종결 처리 청구인 알권리 침해 더아 악 위 허위 의하 종결 처리 건 정보 공개 법 이의신청 행정심판 행정 소송 제기 있 불복 조항 정보 공개 시스템 공무원 창구 정보부 존재 사유 가지 필수 선택 입력 정보 존재 결정 통지 처리 화면 청구인 정보 공개 시스템 로그인 확인 정보 공개 시스템 정보부 존재 결정 통지 화면 표시 국민 기본 알 권리 침해 정보 공개 제도 입법 목적 입법 취지 위반 뿐 국민 우롱 행위 다르 정보 공개 시스템 공무원 창구 정보부 존재 사유 가지 입력 사항 확인 청구인 별도 정보 공개 청구 자체 필요 행정력 낭비 행정 불신 자초 국민 피곤 관 중심 행정 처리 대표 사례 행정 안전부 정보 공개 시스템 공무원 창구 내부 작성 관리 정보부 존재 가지 사유 정보 공개 법령 규정 사유 내용 포괄 부분 있 위 내용 청구인 통지 적절하 판단 공공 기관 청구인 요구 설명 란 존재 결정 사유 청구인 알 구체 작성 통지 채택 답변 정보 공개 시스템 공무원 창구 정보부 존재 사유 가지 필수 입력 화면 청구인 통지 답변 자체 정보 공개 법 입법 목적 취지 위배 청구인 요구 설명 란 기재 존재 결정 사유 청구 기관 기재 글자 정보 공개 법 조 항 정보 공개 시스템 처리 가능 유명무실 이유 채택 어불성설 소극 행정 관 중심 행정 처리,20598,20598:정보공개시스템 공무원창구 정보부존재사유 4가지 중 하나 필수 입력사항 화면 그대로 청구인 확인 정보공개시스템 정보부존재통지화면 표시 국민제안,2021-10-14,행정/자치/안전,행정안전부,2021-11-12,NA,29,NA
정보 공개 법 조 항 공공 기관 기관 보유 관리 정보 국민 있 정보 목록 작성 갖추 목록 정보 통신 망 활용 정보 공개 시스템 공개 의무 규정 정보 공개 법 시행령 조 항 법 조 항 정보 목록 문서 제목 생산 연도 업무 담당자 보존 기간 포함 경우 공공 기록물 관리 관하 법률 시행령 조 조 등록 정보 목록 법 조 항 정보 목록 갈음 있 의무 규정 공공 기록물 관리법 조 기록물 관리 원칙 공공 기관 기록물 관리 기관 장 기록물 생산 활용 과정 걸치 본성 결성 신뢰 이용 가능 보장 있 관리 정보 공개 법 공공 기록물 관리 법령 의하 공공 기관 기록물 보유 관리 의무 표리 일체 관계 행정 자치부 기관 공통 배포 정보 공개 운영 매뉴얼 정보 공개 법 조 항 동법 시행령 조 항 정보 목록 문서 번호 포함 작성 비치 공개 예시 공공 기록물 관리법 시행령 조 조 정하 의무 규정 등록 정보 목록 생산 일자 문서 번호 수 발신자 전자 기록물 여부 공개 여부 공개 근거 법 조항 정보 공개 법 조 항 호 필수 항목 국가 기록원 정보 공개 법 조 항 동법 시행령 조 항 공공 기록물 관리법 시행령 조 조 정하 의무 규정 정보 목록 국민 있 월 부서 액셀 파일 홈페이지 등록 공개 의무 이행 바 액셀 파일 문서 찾 메뉴 사용 개 이내 검색 결과 확인 특정 문서 찾 있 확인 있 국가 기록원 인수 보유 관리 기록물 국가 기록원 정보 공개 법 조 항 동법 시행령 조 항 정보 목록 홈페이지 기록물 검색 검색 메뉴 검색 일반 국민 공개 기록물 문서 번호 행정 자치부 공공 기록물 관리법 령 고시 행정 기관 자료관 시스템 규격 행정 안전부 고시 호 기록 관리 시스템 영구 기록 관리 시스템 간 데이터 연계 규격 기본 등록 사항 필수 메타데이터 국가 기록원 홈페이지 기록물 검색 검색 메뉴 검색 조건 위 정보 공개 법 조 항 동법 시행령 조 항 공공 기록물 관리법 시행령 조 조 정하 의무 규정 정보 목록 항목 문서 번호 기록물 문서 번호 검색 조건 제외 바 일반 국민 행정 기관 공문서 발급 경우 해당 공문서 문서 번호 기록물 문서 번호 검색 정보 목록 찾 검색 확인 국가 기록원 직원 국가기록원 인수 보유 관리 기록물 공공 기록물 관리법 시행령 조 호 정하 영구 기록 관리 시스템 영구 기록물 관리 기관 기록물 관리 전자 수행 시스템 의 기록물 검색 조건 기록물 문서 번호 기록물 검색 조건 입력 특정 문서 검색 확인 있 의 기록 관리 메타데이터 구 기록물 문서 번호 표시 일반 국민 위 표준 중앙 영구 기록 관리 시스템 이용 대한민국 헌법 원칙 형평 원칙 위배 국가 기록원 홈페이지 기록물 검색 검색 메뉴 검색 조건 관리 번호 국가기록원 기록물 철 부여 바 일반 국민 사전 모르 사전 그림 떡 일반 국민 행정 기관 공문서 발급 경우 해당 공문서 문서 번호 기록물 문서 번호 홈페이지 기록물 검색 검색 메뉴 검색 조건 입력 기록물 검색 검색 결과 정보 화면 기록물 문서 번호 표시 알 있 정보 목록 공개 정보 공개 법 조 항 정하 정보 목록 입법 목적 입법 취지 부합,21278,21278:정보공개법 8조1항 및 동법시행령 5조1항 정보목록 갈음 국가기록원 홈피 기록물 검색매뉴에서 구기록물문서의 생산부터 진본성 보장 원칙 입증증거인 구기록물문서번호로 검색 권리보장 제안,2021-11-10,행정/자치/안전,행정안전부,2021-12-13,NA,33,NA
법 조 항 조 조 조 항 법 시행령 조 법 시행 규칙 조 지 호 서식 규정 종합 정보 공개 청구 자 공공 기관 정보 사본 출력 물 교부 방법 공개 방법 선택 정보 공개 청구 경우 공개 청구 공공 기관 법 조 항 규정 정보 사본 복제물 교부 제한 있 사유 해당 한 정보 공개 청구 선택 공개 방법 정보 공개 공개 방법 선택 재량 해석 상당 법원 선 고 두 판결 참조 정보 공개 법 시행령 조 정보 공개 방법 항 정보 다음 호 구분 방법 공개 의무 규정 호 전자 형태 보유 관리 정보 파일 복제 정보 통신망 활용 정보 공개 시스템 송부 공개 방법 선택 가능 의무 규정 정보 공개 법 시행 규칙 조 정보 공개 청구서 서식 항 법 조 항 공공 기관 정보 공개 관하 법률 시행령 이하 조 항 정보 공개 청구 지 호 서식 의무 규정 정보 공개 법 시행 규칙 별지 호 서식 정보 공개 청구 다음 공개 방법 수령 방법 청구인 자유의사 선택 공개 의무 규정 공개 방법 열람 시청 사본 출력 물 전자 파일 복제 인화 물 기타 수령 방법 방문 우편 팩스 전송 정보 통신망 정보 공개 포털 기타 전자 정부 법 조 전자 문서 작성 행정 기관 문서 전자 문서 기본 작성 발송 접수 보관 보존 활용 행정 기관 공공 기관 전자 정부 법 조 항 정하 의무 규정 생산 문서 이상 전자 문서 생산 기록물 관리 공공 표준 전자 기록물 장기 보존 포맷 기술 규격 전자 기록물 전자 문서 경우 특성 다수 생산자 의하 시간 공간 제한 개 복 본 생산 가능 전자 기록물 위 변조 이루어지 있 변화 기록물 생산 당시 모습 변하 존재 확인 있 본성 가지 있 원문 원본 생산자 생산 접수 기록물 원본 진본 뜻 업무 활동 증거 법 가치 가지 고시 위 점 비추 정보 공개 법 시행령 조 항 호 정보 공개 법 시행 규칙 조 항 정보 공개 법 시행 규칙 별지 호 서식 정하 의무 규정 전자 형태 보유 관리 정보 행정 기관 공공 기관 생산 전자 문서 수령 방법 정보 통신망 활용 정보 공개 시스템 정보 공개 포털 송부 경우 정보 공개 포털 공개 방법 청구인 자유의사 의하 파일 복제 선택 가능 보장 불구하 공개 방법 복제 본디 똑같 만드 원본 물리 형태 데이터 복사 선택 제한 금지 인하 정보 공개 법 조 호 법 조 항 법 조 항 법 조 항 법 시행령 조 항 호 법 시행 규칙 조 항 별지 호 서식 정하 의무 규정 청구인 자유 의사 의하 공개 방법 선택 제한 침해 이 법원 선 고 두 판례 비추 법치주의 위반 전자 기록물 전자 문서 원문 원본 파일 위 변조 확인 전자 기록물 전자 문서 수령 방법 정보 통신망 활용 정보 공개 시스템 정보 공개 포털 송부 경우 공개 방법 복제 본디 똑같 만드 원본 물리 형태 데이터 복사 선택 금지 국민 알 권리 보장 국정 국민 참여 국정 운영 투명 확보 목적 전자 정부 법 정보 공개 법 입법 목적 입법 취지 법원 선 고 두 판례 위배 위법 정보 공개 법 조 정보 전자 공개 항 정하 의무 규정 위반 정보 공개 법 시행령 조 정보 공개 방법 항 호 정하 의무 규정 위반 정보 공개 법 시행 규칙 조 정보 공개 청구서 서식 항 정하 의무 규정 위반 정보 공개 법 시행 규칙 별표 수수료 정하 전자 문서 전자 파일 공개 대상 경우 공개 방법 복제 수수료 적용 의무 규정 위반,21373,21373:정보공개법시행령 제14조1항 4호에 따라 전자문서는 수령방법으로 정보통신망(정보공개포털)으로 수령시 그 공개방법으로 복제(複製) 선택권 보장토록 정보공개포털 개선 요구 제안,2021-11-07,행정/자치/안전,행정안전부,2021-12-08,NA,31,NA
헌법 재판소 공공 기관 정보 공개 관하 법률 제정 이전 정부 보유 정보 이해 관계 자 공개 요구 있 권리 알권리 인정 이러하 알권리 표현 자유 포함 기본 선언 헌재 헌마 판례 집 참조 문제 관련 정보 접근 문제 내용 알 내용 알 의견 표현 알권리 표현 자유 표리 일체 관계 정보 공개 청구 알권리 내용 그리하 알권리 헌법 조 의하 보장 밖 국민 주권 주의 헌법 조 인간 존엄 가치 헌법 조 인간 생활 권리 헌법 조 항 오 관련 있 공공 기관 보유 관리 정보 원칙 국민 공개 정보 공개 법 조 항 알권리 헌법 조 항 의하 한계 뿐 헌법 조 항 규정 바 국가 안전 보장 질서 유지 공공복리 필요 경우 본질 내용 침해 법률 제한 있 헌재 헌바 판례 집 상 헌재 헌바 판례 집 상 공공 기관 청구 정보 증거 법원 제출 법원 사본 청구인 교부 송달 결과 청구인 정보 공개 셈 우회 방법 법 예정 방법 법 의하 공개 법원 정보 공개 법 조 반복 청구 처리 공공 기관 조 조 항 항 정보 공개 청구 다음 호의 해당 경우 정보 공개 청구 대상 정보 성격 종전 청구 내용 유사 관련 종전 청구 동일 답변 사정 종합 고려 해당 청구 종결 처리 있 경우 종결 처리 사실 청구인 알리 정보 공개 청구 정보 공개 여부 결정 통지 자 정당하 사유 해당 정보 공개 청구 경우 정보 공개 청구 조 항 민원 처리 청구 경우 정보 공개 법 조 행정심판 항 정보 공개 관련 공공 기관 결정 이란 법 조 이의신청 항 정보 공개 관련 공공 기관 공개 결정 부분 공개 결정 합리 바 종전 정보 공개 여부 결정 통지 정보 공개 청구 외 통지 존재 진정 질의 허위 정보 공개 법 조 반복 청구 처리 항 해당 위법 종결 처리 건 정보 공개 법 조 이의신청 항 이의 신청 합리 정보 공개 법 조 행정심판 항 항 행정 심판 청구 합리 경우 정보 공개 법 조 행정소송 항 행정 소송 청구 합리 경우 표현 자유 표리 일체 관계 국민 기본 알권리 정보 공개 청구 침해 뿐 헌법 조 국민 주권 주의 헌법 조 인간 존엄 가치 헌법 조 인간 생활 권리 헌법 조 항 위배 헌재 헌바 판례 집 상 헌재 헌바 판례 집 상 참조 경우 청구인 정보 공개 관련 공공 기관 결정 불복 있 정보 공개 청구 후 경과 정보 공개 결정 정보 공개 법 조 이의신청 조 행정심판 조 행정 소송 불복 있 형평 원칙 위배 위 정보 공개 법 조 반복 청구 처리 항 해당 정보 공개 청구 청구 기관 입장 직원 비리 부정부패 켕기 정보 공개 청구 건 종전 정보 공개 여부 결정 통지 정보 공개 청구 외 통지 존재 진정 질의 허위 정보 공개 법 조 반복 청구 처리 항 해당 허 위로 공문서 작성 결제 악의 위법 종결 처리 경우 헌법 국민 알 권리 보장 마련 정보 공개 제도 자체 의미 만드 국민 우롱,21374,"21374:종전에 정보공개여부결정통지 or 정보공개청구외통지(부존재, 진정ㆍ질의 등) 없이 허위로 정보공개법 제11조의2(반복청구) 해당한다 위법하게 종결처리건 같은법 제18조(이의신청)에 따라 불복 가능조항 신설 제안",2021-11-07,행정/자치/안전,행정안전부,2021-12-08,NA,31,NA
공공 기록물 관리법 조 정의 3 기록물 관리 기록물 생산 분류 정리 이관 수집 평가 폐기 보존 공개 활용 부수 업무 조 기록물 관리 원칙 공공 기관 기록물 관리 기관 장 기록물 생산 활용 과정 걸치 본성 결성 신뢰 이용 가능 보장 있 관리 조 기록물 관리 표준 원칙 중앙 기록물 관리 기관 장 기록물 효율 통일 관리 활용 있 기록물 관리 표준 정책 수립 시행 조 기록물 관리 표준 중앙 기록물 관리 기관 장 기록물 체계 전문 관리 효율 활용 다음 사항 표준 제정 시행 기록물 관리 표준 관련 사항 산업 표준 법 한국산업표준 제정 경우 전자 기록물 관리 체계 관리 항목 2 기록물 관리 절차 표준 기능 기록물 종류 관리 기준 절차 4 기록물 관리 기관 유형 표준 모델 기록물 보안 재난 관리 대책 밖 기록물 효율 관리 필요 사항 조 기록물 관리 표준 제정 절차 중앙 기록물 관리 기관 장 조 기록물 관리 표준 제정 개정 폐지 대통령령 정하 바 내용 관보 고시 이해관계인 의견 행정 안전부 고시 호 구 기록물 분류 지침 폐지 입 안 예고 폐지 이유 기록물 분류 지침 공문서 분류 체계 기록물 분류 기준 표 전환 시점 종이 문서 분류 정리 등록 방안 제시 목적 한시 표준 현재 적용 대상 기록물 정리 이관 완료 표준 실효 폐지 고시 행정 안전부 고시 호 구 기록물 분류 지침 구 기록물 기록물 분류 기준 표 제도 기록물 분류 편 철 기능 반영 전자 문서 시스템 도입 이전 공공 기관 생산 종결 관리 기록물 용어 정의 구 기록물 분류 지침 폐지 고시 불구하 정부 조달 포털 나라장터 홈페이지 확인 결과 현재 국가 기록원 표준 기록 관리 시스템 인수 등록 기록 중앙 행정 기관 생산 정리 구 기록물 기록물 분류 기준 표 제도 기록물 분류 편 철 기능 반영 전자 문서 시스템 도입 이전 공공 기관 생산 종결 관리 기록물 관 국가 기록물 정리 사업 의하 해당 기록물 관리 표준 부재 상태 권한 불법 위법 분류 편 철 정리 기록물 철 표지 작성 색인 목록 작성 국가 기록원 중앙 영구 기록물 관리 시스템 기록 관리 메타데이터 권한 불법 위법 등록 행정 안전부 고시 호 구 기록물 분류 지침 폐지 입 안 예고 폐지 이유 기록물 분류 지침 공문서 분류 체계 기록물 분류 기준 표 전환 시점 종이 문서 분류 정리 등록 방안 제시 목적 한시 표준 현재 적용 대상 기록물 정리 이관 완료 표준 실효 폐지 고시 결과 국민 우롱 기만 사기 극 반증 현재 확인 결과 공공 기록물 관리법 적용 대상 중앙 행정 기관 지방 자치 단체 위 정리 구 기록물 공공 기록물 관리법 분류 편 철 정리 표준 기록 관리 시스템 등록 관리 의무 있 위 기록물 공공 기록물 관리법 공공 기록물 관리법 분류 편 철 정리 표준 기록 관리 시스템 등록 관리 의무 이행,21892,21892:2012년 10월 5일 행정안전부 고시 제2012-43호로 NAK/G-4:2007(v1.0) 「구기록물 재분류지침」 폐지 고시 이후 구기록물 재분류ㆍ편철ㆍ정리ㆍ등록시 적용가능한 기록물관리 표준을 제정할 것을 제안,2021-12-09,행정/자치/안전,행정안전부,2022-01-19,NA,41,NA
법 조 항 조 조 조 항 법 시행령 조 법 시행 규칙 조 지 호 서식 규정 종합 정보 공개 청구 자 공공 기관 정보 사본 출력 물 교부 방법 공개 방법 선택 정보 공개 청구 경우 공개 청구 공공 기관 법 조 항 규정 정보 사본 복제물 교부 제한 있 사유 해당 한 정보 공개 청구 선택 공개 방법 정보 공개 공개 방법 선택 재량 해석 상당 법원 선 고 두 판결 참조 정보 공개 법 시행령 조 정보 공개 방법 항 정보 다음 호 구분 방법 공개 의무 규정 호 전자 형태 보유 관리 정보 파일 복제 정보 통신망 활용 정보 공개 시스템 송부 공개 방법 선택 가능 의무 규정 정보 공개 법 시행 규칙 조 정보 공개 청구서 서식 항 법 조 항 공공 기관 정보 공개 관하 법률 시행령 이하 조 항 정보 공개 청구 지 호 서식 의무 규정 정보 공개 법 시행 규칙 별지 호 서식 정보 공개 청구 다음 공개 방법 수령 방법 청구인 자유의사 선택 공개 의무 규정 공개 방법 열람 시청 사본 출력 물 전자 파일 복제 인화 물 기타 수령 방법 방문 우편 팩스 전송 정보 통신망 정보 공개 포털 기타 전자 정부 법 조 전자 문서 작성 행정 기관 문서 전자 문서 기본 작성 발송 접수 보관 보존 활용 행정 기관 전자 정부 법 조 항 정하 의무 규정 생산 문서 이상 전자 문서 기록물 관리 공공 표준 전자 기록물 장기 보존 포맷 기술 규격 전자 기록물 전자 문서 경우 특성 다수 생산자 의하 시간 공간 제한 개 복 본 생산 가능 전자 기록물 위 변조 이루어지 있 변화 기록물 생산 당시 모습 변하 존재 확인 있 본성 가지 있 원문 원본 생산자 생산 접수 기록물 원본 진본 뜻 업무 활동 증거 법 가치 가지 고시 위 점 비추 정보 공개 법 시행령 조 항 호 정보 공개 법 시행 규칙 조 항 정보 공개 법 시행 규칙 별지 호 서식 정하 의무 규정 전자 형태 보유 관리 정보 행정 기관 공공 기관 생산 전자 문서 수령 방법 정보 통신망 활용 정보 공개 시스템 정보 공개 포털 송부 경우 정보 공개 포털 공개 방법 청구인 자유의사 의하 파일 복제 선택 가능 보장 불구하 공개 방법 복제 본디 똑같 만드 원본 물리 형태 데이터 복사 선택 제한 금지 인하 정보 공개 법 조 호 법 조 항 법 조 항 법 조 항 법 시행령 조 항 호 법 시행 규칙 조 항 별지 호 서식 정하 의무 규정 청구인 자유 의사 의하 공개 방법 선택 제한 침해 이 법원 선 고 두 판례 비추 법치주의 위반 전자 기록물 전자 문서 원문 원본 파일 위 변조 확인 전자 기록물 전자 문서 수령 방법 정보 통신망 활용 정보 공개 시스템 정보 공개 포털 송부 경우 공개 방법 복제 본디 똑같 만드 원본 물리 형태 데이터 복사 선택 금지 국민 알 권리 보장 국정 국민 참여 국정 운영 투명 확보 목적 전자 정부 법 정보 공개 법 입법 목적 입법 취지 법원 선 고 두 판례 위배 위법 정보 공개 법 조 정보 전자 공개 항 정하 의무 규정 위반 정보 공개 법 시행령 조 정보 공개 방법 항 호 정하 의무 규정 위반 정보 공개 법 시행 규칙 조 정보 공개 청구서 서식 항 정하 의무 규정 위반 정보 공개 법 시행 규칙 조 수수료 금액 규칙 별표 수수료 정하 전자 문서 전자 파일 공개 대상 경우 공개 방법 복제 경우 수수료 무료 적용 의무 규정 위반,22732,22732:정보공개법시행령 제14조1항 4호에 따라 전자문서는 수령방법으로 정보통신망(정보공개포털)으로 수령시 그 공개방법으로 복제(複製) 선택권 보장토록 정보공개포털 개선 요구 제안,2022-01-04,행정/자치/안전,행정안전부,2022-02-08,NA,35,NA
의료진 코로나 예방 방역 책 소견 의료진 착용 복장 각종 장비 중요 장비 눈 바이러스 보호 고글 다음 검체 작업 일반 대중 앞 활동 시 착용 안면 가리개 중요 장비 있 의료진 눈 보호 예방 소홀 의료진 감염 속출 의료 대란 사태 번지 의료 모르 리 의야 의사 눈 바이러스 감염 부정 의견 강조 일반인 눈 대한 감염 예방 관하 무시 엉터리 예방 방역 대책 몰두 변이 무장 다가오 코로나 늪 빠지 미필적 고의 의하 살인 행위 의료진 방호 복 반도체 공장 방진 작업복 성질 유사 작업자 행동 인하 실내 공간 먼지 세균 번지 부작용 방지 용도 의복 의료진 방호 복 방진 복 표기 올바르 표현 코로나 감기 독감 호흡기 바이러스 인체 침투 직전 관련 바이러스 침투 감염 물리 메카니즘 감염 역학 구도 바이러스 감염 물리 메카니즘 바이러스 최초 점막 상피 세포 뚫 인체 침투 들 침투 과정 관하 탐구 침투 진행 순간 형태 침투 통로 장소 환경 밝히 연구 최초 바이러스 감염 원인 밝히 감염증 연구 기본 호흡기 바이러스 감염병 기초 역학 접근 밝히 호흡기 바이러스 기본 연구 과제 감염 역학 구도 호흡기 바이러스 인체 감염 최초 발생 상황 주변 환경 감염자 상태 감염증 증세 정도 탐구 중요 기초 의학 오 현대 의학 위 기술 가지 바이러스 인체 감염 발생 처음 순간 연구 중요 기초 의학 접근 필수 감염증 연구 지나 넘 시간 동안 조금 구체 연구 노력 인류 공헌 바 뿐 관심 나머지 결과 예방 방역 올바르 방침 물론 인간 일상 생활 예방 상식 밝혀내 채 치료약 병원 치료 몰두 약장 사 병원 장사 주도 결과 일반 독감 배 강하 증식 가지 코로나 펜데믹 악몽 맞 깜깜이 감염 퍼즐 속 갇히 허둥대 예상 뛰 넘 최악 상태 급변 가운데 급조 백신 양산 반 강제 접종 인하 희생 가지 부작용 문제점 발생 뿐 방역 가지 헛점 보이 갈피 우왕 좌 왕 가운데 계속 코로나 변이 역습 지나 번 사스 메르스 사태 독감 짧 전쟁 다르 최악 장기 방역 대란 사태 빠지 치 앞 상황 지금 현실 의학 책임 의학 직무 유기 책임 인류 단죄 피하 오 현대 의료 지금 상황 책임 인류 앞 진정 있 고백 물론 인류 감기 독감 호흡기 바이러스 공격 발생 감염 사과 합병증 인하 환자 발생 더불 치료 과정 고통 경제 손실 야기 책임 자유 본인 호소 바 지구 국가 보건 당국 늦 전 본인 이상 연구 임상 체험 밝히 코로나 철통 방어 예방 상식 적극 관심 신속 실행 지금 코로나 아 규환 혼돈 인류 구하 코로나 펜데믹 단박 종식 있 바라 바 우리나라 방역 사태 관하 우선 청소년 백신 패스 항의 끊 작금 현실 김 선생 코로나 철통 방어 예방 상식 안정 방역 꼬이 실타래 풀어내 신 수 확신 바 수도 내 대학생 이하 청소년 학생 대상 코로나 철통 방어 예방 상식 밝히 기본 메뉴얼 예방 상식 실천 장소 환경 보안 경 착용 철저 실행 감행 달 정도 단기간 확연하 코로나,22745,"22745:부당한 ""백신 패스"" 완전 해결을 위한 신의 한 수= 코로나19 철통방어 예방상식",2022-01-04,식품/보건/복지/가족,질병관리청,2022-01-21,NA,17,NA
본건 접수 법무부 제안 민원 접수 담당자 본건 귀 법무부 국적 과 국무 조정실 규제 총괄 정책관 실 부처 기관 국민 제안 지정 바라 현황 대한민국 헌법 시행 헌법 호 전부 개정 조 대한민국 국민 요건 법률 정하 국적법 시행 법률 호 타 법 개정 법무부 국적 과 조 출생 의하 국적 취득 다음 호의 해당 출생 동시 대한민국 국적 취득 출생 당시 부 대한민국 국민 자 출생 전 부 사망 경우 사망 당시 부가 대한민국 국민 자 부모 경우 국적 경우 대한민국 출생 자 조 조 국민 요건 행정 규제 기본법 시행 법률 호 타 법 개정 국무 조정실 규제 총괄 정책관 실 조 정의 법 사용 용어 뜻 다음 행정 규제 이하 규제 국가 지방 자치 단체 특정 행정 목적 실현 국민 국내법 적용 외국인 포함 권리 제한 의무 부과 법령 조례 규칙 규정 사항 1 행정 규제 기본법 시행령 시행 대통령령 호 타 법 개정 국무 조정실 규제 총괄 정책관 실 조 행정 규제 범위 법 조 항 행정 규제 이하 규제 구체 범위 다음 호의 해당 사항 법령 조례 규칙 규정 사항 개정 허가 인가 특허 면허 승인 지정 인정 시험 검사 검정 확인 증명 일정 요건 기준 정하 행정 기관 국민 신청 처리 행정 처분 유사 사항 행정 규제 기본법 시행 법률 호 타 법 개정 국무 조정실 규제 총괄 정책관 실 조 적용 범위 규제 관하 법률 특별 규정 경우 제외 법 정하 바 다음 호의 해당 사항 법 적용 개정 문제점 표준국어대사전 내 국민 뜻 국민 원어 보기 발음 국민 국립국어원 발음 부 표제어 국민 적 참고 어휘 민족 인민 명사 국가 구성 나라 국적 가지 라 기재 바 대한민국 헌법 조 항 조 항 국민 대한민국 구성 대한민국 국적 가지 명확하 1 국적법 조 항 호 비롯하 다수 자 기재 법제처 소관 알 법령 정비 기준 일본식 한자어 분류 관리 있 표준국어대사전 내 자 검색 번 뜻 의존 명사 낮 칭하 비속어 뜻 일본식 한자어 명확하 바 대한민국 국민 요건 가지 관하 일본식 한자어 사용 바 문제 국적법 조 항 호 바 조화 문제 행정 규제 기본법 조 정의 법 사용 용어 뜻 다음 행정 규제 이하 규제 국가 지방 자치 단체 특정 행정 목적 실현 국민 국내법 적용 외국인 포함 권리 제한 의무 부과 법령 조례 규칙 규정 사항 성문 행정 규제 상대방 국민 국내법 적용 외국인 포함 명확하 행정 규제 기본법 시행령 조 행정 규제 범위 법 조 항 행정 규제 이하 규제 구체 범위 다음 호의 해당 사항 법령 조례 규칙 규정 사항 허가 인가 특허 면허 승인 지정 인정 시험 검사 검정 확인 증명 일정 요건 기준 정하 행정 기관 국민 신청 처리 행정 처분 유사 사항 바 국민 해당 법인 단체 대표 이사 법률 행위 있 행정 규제 상대방 법인 단체 해당 문제 있,25494,"25494:※""대한민국헌법"" 제1조제2항 및 제2조제1항에 준하여 다부처기관 국민제안서 제출의 件 _ 2022.4.25.",2022-04-25,법제/사법,법무부,2022-06-29,NA,65,NA
본건 접수 법무부 제안 민원 접수 담당자 본건 귀 법무부 국적 과 국무 조정실 규제 총괄 정책관 실 부처 기관 국민 제안 지정 바라 현황 대한민국 헌법 시행 헌법 호 전부 개정 조 대한민국 국민 요건 법률 정하 국적법 시행 법률 호 타 법 개정 법무부 국적 과 조 출생 의하 국적 취득 다음 호의 해당 출생 동시 대한민국 국적 취득 출생 당시 부 대한민국 국민 자 출생 전 부 사망 경우 사망 당시 부가 대한민국 국민 자 부모 경우 국적 경우 대한민국 출생 자 조 조 국민 요건 행정 규제 기본법 시행 법률 호 타 법 개정 국무 조정실 규제 총괄 정책관 실 조 정의 법 사용 용어 뜻 다음 행정 규제 이하 규제 국가 지방 자치 단체 특정 행정 목적 실현 국민 국내법 적용 외국인 포함 권리 제한 의무 부과 법령 조례 규칙 규정 사항 1 행정 규제 기본법 시행령 시행 대통령령 호 타 법 개정 국무 조정실 규제 총괄 정책관 실 조 행정 규제 범위 법 조 항 행정 규제 이하 규제 구체 범위 다음 호의 해당 사항 법령 조례 규칙 규정 사항 개정 허가 인가 특허 면허 승인 지정 인정 시험 검사 검정 확인 증명 일정 요건 기준 정하 행정 기관 국민 신청 처리 행정 처분 유사 사항 행정 규제 기본법 시행 법률 호 타 법 개정 국무 조정실 규제 총괄 정책관 실 조 적용 범위 규제 관하 법률 특별 규정 경우 제외 법 정하 바 다음 호의 해당 사항 법 적용 개정 문제점 표준국어대사전 내 국민 뜻 국민 원어 보기 발음 국민 국립국어원 발음 부 표제어 국민 적 참고 어휘 민족 인민 명사 국가 구성 나라 국적 가지 라 기재 바 대한민국 헌법 조 항 조 항 국민 대한민국 구성 대한민국 국적 가지 명확하 1 국적법 조 항 호 비롯하 다수 자 기재 법제처 소관 알 법령 정비 기준 일본식 한자어 분류 관리 있 표준국어대사전 내 자 검색 번 뜻 의존 명사 낮 칭하 비속어 뜻 일본식 한자어 명확하 바 대한민국 국민 요건 가지 관하 일본식 한자어 사용 바 문제 국적법 조 항 호 바 조화 문제 행정 규제 기본법 조 정의 법 사용 용어 뜻 다음 행정 규제 이하 규제 국가 지방 자치 단체 특정 행정 목적 실현 국민 국내법 적용 외국인 포함 권리 제한 의무 부과 법령 조례 규칙 규정 사항 성문 행정 규제 상대방 국민 국내법 적용 외국인 포함 명확하 행정 규제 기본법 시행령 조 행정 규제 범위 법 조 항 행정 규제 이하 규제 구체 범위 다음 호의 해당 사항 법령 조례 규칙 규정 사항 허가 인가 특허 면허 승인 지정 인정 시험 검사 검정 확인 증명 일정 요건 기준 정하 행정 기관 국민 신청 처리 행정 처분 유사 사항 바 국민 해당 법인 단체 대표 이사 법률 행위 있 행정 규제 상대방 법인 단체 해당 문제 있,25495,"25495:※""대한민국헌법"" 제1조제2항 및 제2조제1항에 준하여 다부처기관 국민제안서 제출의 件 _ 2022.4.25.",2022-04-25,노동/환경,국무조정실,2022-06-09,NA,45,NA
질의 번 주택법 조 항 호 주택 법 시행령 조 호 주택 건설 기준 조 아파트 공동 주택 세대 내 층 가 바닥 경량 충격 음 중 충격 음 이하 구조 동시 아파트 층 간 슬라브 두께 이상 확보 지자체 사업 계획 승인 요청 시 바닥 충격 차단 구조 관련 사업 시행자 설계 사무소 성능 등급 슬래브 두께 완충 재질 두께 몰 탈 두께 표시 이러하 경우 성능 등급 경우 지자체 사업 승인 가능 여부 질의 번 바닥 충격 차단 구조 관련 사업 계획 승인 도면 슬래브 두께 완충 재질 두께 몰 탈 두께 의하 표준 바닥 구조 사전 인증 제도 의하 중량 충격 음 경량 충격 음 등급 번 번 얼 표기 방법 적법 여부 질의 번 사업 계획 승인 도면 바닥 충격 음 관련 성능 등급 슬래브 두께 완충 재질 두께 몰 탈 두께 표시 사업 승인 현장 시 공시 중량 등급 경량 등급 인정 구조 시공 중량 충격 음 최소 성능 기준 미달 나오 시공사 인정 구조대 정확 시공 성능 책임 두께 완충 재질 두께 몰 탈 두께 표시 사업 승인 최소 성능 기준 미달 책임 주택법 건기 법 위반 관련 최소 성능 기준 미달 시공사 귀책사유 시공사 위반 인지 성능 위주 미 표기 의하 설계 사무소 귀책사유 여부 질의 번 사업 승인 시 사업 시행자 도면 사업 조건 성능 등급 슬래브 두께 완충 재질 두께 몰 탈 두께 표시 사업 계획 승인 중량 등급 경량 등급 인정 구조 시공 중량 충격 음 최소 성능 기준 미달 나오 시공사 사업 시행자 설계 사무소 사업 승인 내주 지자체 귀 책 사유 최소 성능 기준 미달 시 지자체 귀책사유 해당 여부 질의 번 사업 계획 승인 시 사업 시행자 도면 사업 조건 성능 등급 슬래브 두께 완충 재질 두께 몰 탈 두께 표시 사업 승인 중량 등급 경량 등급 인정 구조 시공 중량 충격 음 최소 성능 기준 미달 나오 지자체 주택 법 건기 법 위반 해당 건설사 고발 조치 준공 승인 보류 지자체 관련 법규 위반 여부 질의 번 사업 계획 승인 시 사업 시행자 도면 사업 조건 중량 등급 경 량 등급 사업 승인 시공사 중량 등급 경량 등급 인정 구조 시공 중량 충격 음 최소 성능 미달 지자체 주택법 건기 법 위반 준공 승인 보류 보완 조치 요구 최소 성능 기준 미달 주택 법 건기 법 위반 지자체 요구 적법 여부 질의 번 바닥 충격 음 성능 인정 구조 성적서 동일 등급 중량 등급 경 량 등급 경우 측정 법 벵 머신 임팩트 시험 장소 현장 시험실 완충 물성 동 탄성 계수 밀도 완충 재질 완충 두께 재질 종류 재질 특성 완충 결합 완충 형상 완충 추가 부착물 바닥 마감재 포함 여부 바닥 마감재 감쇄 여부 완충 시공 법 측면 완충 재질 다르 동일 재질 경우 개 종류 인하 자재 시공 비 다르 사업 계획 승인 도면 제출 시 바닥 충격 음 관련 설계 도면 시방서 표기 방법 표기법 적법 여부 슬래브 중 충격 음 경량 충격 음 등급 슬래브 중 충격 음 경량 충격 음 등급 바닥 충격 차단 구조 성능 정서 시공 법 재질 물성 표기 바닥 충격 음 성능 구조 정서 번호 번호 포함 슬래브 완충 완충 재질 표기 표준 바닥 구조,25686,25686:공동주택 층간소음 관련한 질의,2022-05-13,국토/교통/농림/해양,국토교통부,2022-09-28,NA,138,NA
정보 공개 법 조 정보 목록 작성 비치 공공 기관 기관 보유 관리 정보 국민 있 정보 목록 작성 갖추 목록 정보 통신 망 활용 정보 공개 시스템 공개 정보 공개 법 시행령 조 정보 목록 작성 비치 법 조 항 정보 목록 문서 제목 생산 연도 업무 담당자 보존 기간 포함 경우 공공 기록물 관리 관하 법률 시행령 조 조 등록 정보 목록 법 조 항 정보 목록 갈음 있 공공 기록물 관리법 조 정의 법 사용 용어 뜻 다음 3 기록물 관리 기록물 생산 분류 정리 이관 수집 평가 폐기 보존 공개 활용 부수 업무 조 기록물 관리 원칙 공공 기관 기록물 관리 기관 장 기록물 생산 활용 과정 걸치 본성 결성 신뢰 이용 가능 보장 있 관리 전문 개정 조 기록물 관리 표준 원칙 중앙 기록물 관리 기관 장 기록물 효율 통일 관리 활용 있 기록물 관리 표준 정책 수립 시행 전문 개정 공공 기록물 관리법 시행령 편 철 관리 법 조 공공 기관 업무 수행 과정 반영 단위 과제 범위 안 개 이상 기록물 철 만들 해당 기록물 펴 철 처리 과 장 단위 과제 기록물 철 작성 기준 정하 기록물 체계 펴 철 관리 공공 기관 항 기록물 철 작성 경우 전자 기록 생산 시스템 기록물 철 분류 번호 부여 기록물 철 표기 중앙 기록물 관리 기관 장 정하 등록 정보 생산 관리 기록물 철 분류 번호 시스템 구분 처리 과 기관 코드 단위 과제 식별 번호 기록물 철 식별 번호 구성 공공 기록물 관리법 조 기록물 관리 표준 동법 시행령 조 기록물 관리 표준 제정 개정 폐지 절차 기록물 관리 표준 영구 기록 관리 시스템 기능 요건 고유 식별자 기록물 생산 관리 시스템 각각 기록물 분류 체계 구별 있 부여 고유 이름 기록물 고유 식별자 부여 시스템 관리 기록물 등록 기록물 활용 제공 있 메타데이터 검색 엔진 별도 지원 시스템 연계 가능 고시 국가기록원 홈페이지 검색 검색 조건 검색 결과 정보 메타데이터 정보 저장 정보 가지 표시 국가기록원 민원 회신 공공 기록물 관리법 조 기록물 관리 표준 동법 시행령 조 기록물 관리 표준 제정 개정 폐지 절차 기록물 관리 표준 기록 관리 메타데이터 표준 공공 기록물 관리법 시행령 조 기록 물건 등록 번호 공공 기록물 관리법 시행령 조 기록물 철 분류 번호 기록물 부여 고유 식별자 검색 이용 추가 생성 식별자 정의 국가 기록원 공개 사용자 매뉴얼 기록물 철 분류 번호 검색 매뉴 별도 기록물 철 분류 번호 검색 가능 공공 기록물 관리법 시행령 조 항 기록물 철 분류 번호 고유 식별 자 국가 기록원 정보 공개 보존 관리 번호 기록물 철 표지 색인 목록 인쇄 일자 오후 표시 기록물 철 분류 번호 국가 기록원 홈페이지 기록물 검색 매 뉴 검색 조건 관리 번호 검색 결과 기록물 철 분류 번호 조작 위 점 비추 위 기록물 철 분류 번호 조작 행위 발본색원 공공 기록물 관리법 조 기록물 관리 원칙 생산 활용 기록물 관리 과정 걸치 본성 신뢰 보장 전제 조건 필요충분조건 정보 공개 법 조 항 동법 시행령 조 항 정보 목록 갈음 공공 기록물 관리법 시행령 조 등록 정보 해당 국가기록원 홈페이지 기록물 검색 매 뉴 검색 조건 해당 기록물 공공 기록물 관리법 시행령 조 기록물 철 고유 식별 자인 기록물 철 분류 번호 의무 검색 가능 검색 가능,26031,26031:정보공개법 8조 1항 및 동법시행령 5조 1항에 따른 정보목록 갈음 국가기록원 홈피 기록물 검색매뉴에서 기록물관리원칙보장 전제조건인 기록물철분류번호(고유식별자)로 검색 권리 보장 국민제안,2022-05-27,행정/자치/안전,행정안전부,2022-06-27,NA,31,NA
본건 농어촌 정비법 소관 농림 축산 부 제출 해양 수산부 어촌 어항 과 부처 기관 지정 바라 추후 농림 축산 부 내 농촌 정책 농업 기반 개발 농촌 산업 농어촌 산업 육성 관광 휴양 자원 개발 상호 협조 주관 처리 부서 정하 본건 채택 여부 국민 제안 규정 준하 통지 해양 수산부 어촌 어항 에서도 농림 축산 부 내부 유관 부서 협조 본건 채택 여부 해양 수산부 령 호 해양 수산부 국민 공무원 제안 운영 규정 준하 통지 감사 드리 통지 서면 시행 문 거 국민신문고 첨부 통지 본인 주소지 등기우편 발송 경우 우편 접수 우체국 부재 경우 안내문 출입문 부착 후 경비실 보관 조치 감사 드리 현황 농어촌 정비법 내 조 일부 조 벌칙 다음 호의 해당 자 이하 징역 이하 벌금 처하 개정 조 항 호 위반 농업 생산 기반 시설 구조 주요 부분 손괴 본래 목적 사용 지장 주 자 조 항 호 위반 농업 생산 기반 시설 관리자 허락 수문 조작 용수 인수 농어촌 용수 이용 관리 지장 주 자 조 항 위반 자료 정보 사용 제공 누설 자 조 위반 조성 용지 전매 자 이하 징역 이하 벌금 처하 조 항 호 위반 농업 생산 기반 시설 불법 점용 사용 자 이하 징역 이하 벌금 처하 개정 기재 다르 벌칙 조항 벌칙 조항 연관 법조문 일본식 한자어 법제처 소관 법령 입안 심사 기준 분류 한 자 기재 문제점 첨부 한려해상국립공원 내 남해 소재 금산 명승 호 지정 네이버 남해 군청 품 복 곡 저수지 안내문 한국농어촌공사 서부 지사장 경우 법조문 내 자 해석 적용 국민 외국인 금산 금산 소재 보리암 관광 방문 지나 길 목 설치 안내문 있 농어촌 정비법 내 법조문 벌칙 조항 조 자 유지 문제 한려해상국립공원 내 설치 저수지 관하 안내문 경우 금산 국가 지정 문화재 명승 호 손색 품격 한글 열거 반면 근거 법조문 자 적히 표준국어대사전 내 자 검색 번 뜻 의존 명사 낮 지칭 비속어 을 뜻 글자 있 문제 형사 소송법 조 항 약식 명령 관하 피고인 벌금 과료 몰수 처하 경우 형사 소송법 조 항 준하 법원 법관 약식 명령 형 중하 종류 형 선고 강행 규정 형사 재판 형 선고 있 약식 명령 벌금형 명 경우 정식 재판 징역형 선고 형사 소송법 조 국선변호인 항 호 피고인 사형 무기 단기 이상 징역 금고 해당 사건 기소 규정 바 법률 행정 규제 벌칙 조항 규정 경우 적용 대상자 법률 행위 있 해당 한국농어촌공사 서부 지사장 위 안내문 관련 법률 해석 적용 문제 판단 과태료 처분 적용 대상자 국방부 경우 훈련 전차 수송 차량 경우 도로 속도 신호 위반 과태료 부과 원인 바 기관 법인 단체 이하 대상 농어촌 정비법 규정 확인 당사자 벌칙 조항 과태료 조항 적용 문제 있,28049,"28049:※""농어촌정비법""제130조제1항제1호·제2호,제3항 해석례에 따른 안내문에 준하여 '~한(하는) 자(者)' 삭제 후 개정안 마련 등 제안의 건 _ 2022.8.2.",2022-08-02,국토/교통/농림/해양,농림축산식품부,2022-09-30,NA,59,NA
산림청 년대 지금 최대 예산 청 쓸데없 데 저지래 환경부 개국 바꾸 환경부 산림 관리 전문가 전문가 관리 통제 타 꺼지 불 송이 숲 만드 작 초목 제거 바람 길 들 대형 산불 산림청 대 예산 낭비 환경부 개 국 전문가 지도 관리 계획 예산 집행 밤 나무 심 산 자라 나무 베 급경사 산 정상부 가리 부여 산사태 홍수 키우 주범 비 오 당하 최 병 성 리포트 황 정석 산사태 정상 산 발생 지나 포항 죽장면 산사태 사과나무 학살 산꼭대기 벌어지 산사태 대부분 벌목 후 어리 나무 심 곳 임도 인위 산지 훼손 곳 발생 산림 나무 홍수 산사태 막 크 작 나무 바닥 풀 비 오 토양 붙들 땅 속 빗물 흡수 나무 울창하 숲 집중 호우 시 물 일시 저장 천연 저수지 벌목 어리 나무 심 숲 중요 홍수 예방 기능 약화 빗물 머금 능력 상실 벌목 노출 연약하 토양 집중 호우 유실 산사태 시작 문제 밤나무 자체 산지 경사도 표고 안전 기준 산사태 대비책 산림 나무 베 밤나무 심 데 부여 청양 이뤄지 밤나무 농사 형태 산지 훼손 나무 심 종류 나무 산사태 취약 곳 지질 사진 연약하 황토 주 이루 가을 땅 떨어지 밤 수확 밤나무 아래 풀 자라 산사태 끝나 급 경사지 밤나무 심 산림 무너지 아래 농경지 덮치 황 정석 밤나무 산지 무너지 내리 토사 논 덮치 논농사 피해 발생 황 정석 농경지 피해 심각하 문제 밤나무 아래 마을 흘러내리 토사 마을 덮치 가옥 파손 주민 안전 위협 밤 나무 밭 산사태 무너지 마을 덮치 황 정석 고추 건조기 산사태 떠밀리 뒹굴 사진 위쪽 중장비 마을 덮치 토사 정리 모습 보이 황 정석 급 경사지 흘러내리 토사 도로 덮치 현장 곳곳 있 지나가 차량 매몰 대형 사고 발생 있 밤 나무 심 산림 붉 토사 도로 덮치 모습 중장비 토사 치우 상태 지나가 차량 보이 황 정석 밤나무 산지 흘러내리 토사 아래 있 도로 농경지 덮치 황정 숲 중요 역할 홍수 가뭄 막 나무 울창하 숲 많 빗물 저장 가물 물 마르 많 비 홍수 발생 나무 사라지 상황 급변 숲 나무 비 오 빗물 일시 하류 쓸리 내려가 하류 몰리 내려오 빗물 하천 수위 급상승 제방 넘치 흐르 주택 침수 농경지 물 잠기 대홍수 발생 동안 농민 밤나무 수종 갱신 신청 조건 허가 나 급경사 밤나무 농사 산사태 취약 거 산림청 지자체 모르 산림 나무 사라지 홍수 유출 량 급증 하천 수위 급상승 주변 침수 홍수 피해 발생 황 정석 흘러내리 빗물 마을 덮치 주변 농경지 침수 황 정석 이번 홍수 피해 크 발생 부여군 은산면 거전리 경우 대부분 숲 밤나무 밭 수종 갱신 확인 있 밀려오 토사 농경지 덮치 황 정석 하천 제방 넘 넘치 흐르 빗물 고구마 밭 물 잠기 황 정석 기후 위기 대응 산림 관리 필요 지구 온난 기후 위기 심각하 지나 여름 최장 장마 기간 기록 이번 기록 폭우 올해 문제 그치 지구 온난 예상 폭우 일상 재해 재난 안전 국가 기후 위기 대비 산지,28634,"28634:산림청 왜이래 진짜  1960—70 년대부터지금 까지     최대 예산청 이고 쓸데없으니 온데 저지래함 , 환경부 1 개국으로 바꿔  환경부산림 관리전문가   전문가  관리 통제 받아야  .",2022-08-22,행정/자치/안전,행정안전부,2022-09-08,NA,17,NA
교육 과정 동성애 옹호 내용 삭제 성 소수자 혐오 혐오 자녀 동성애자 만들 영국 동성애 옹호 내용 가르치 만 청소년 트랜스젠더 배 증가 증가 스웨덴 만 대 여성 트랜스젠더 배 증가 우리나라 바라 한국 국민 자녀 원하 사회 소수자 선천 불가항력 이유 경우 윤리 도덕 문제 경우 가능 반면 성 소수자 선천 불가항력 이유 윤리 논란 성 소수자 범위 명확하 성소수자 사회 소수자 교육부 관계자 성 소수자 혐오 동성애 옹호 권장 영국 정부 평등법 통과 결국 동성애 옹호 교육 과정 바꾸 교육 내용 성 소수자 차별 금지 혐오 금지 결국 옹호 내용 가르침 향하 혐오 가치관 표현 행위 비판 허용 교육 과정 해당 활동 소수자 집단 속하 학생 부정 영향 미치 유의 교사 조금 마음 상하 가치관 표현 행위 비판 만드 교육 과정 문제 핵심 성 소수자 소수자 집단 포함 결과 성 소수자 찬성 허용 부정 허용 동성애 성전환 옹호 교육 자연 만드 크 문제 교육부 관계자 혐오 표현 프레임 설득 당하 반대 의견 내 혐오 이름 무시 자녀 지키 학부모 의견 혐오 이유으 무시 우려 교육 과정 요구 사회 소수자 성소수자 제외 요구 행위자 차별 행위 차별 구별 교육 흡연자 인권 존중 담배 해독 홍보 동성애자 트랜스젠더 인권 존중 동성애 성전환 문제점 가르치 있 세계 에이즈 감염인 감소 한국 대 에이즈 감염인 이후 급증 젠더 섹슈얼리티 교육 과정 삭제 젠더 생물학 성 별개 개인 감정 성별 결정 가지 성 정체 포괄 개념 변질 섹슈얼리티 젠더 포괄 용어 성 정체 확립 학생 성 정체 혼란 주 젠더 섹슈얼리티 다양 성 개념 가르치 적절하 보호 성 취약 모호하 개념 삭제 성평등 양성평등 교체 성인 양성평등 기본법 남성 여성 양성 국한 정의 삽입 성 영어 적 재생산 용어 삭제 올바르 성 윤리 가치관 교육 성 자기 결정 학생 성 행위 결정 있 오해 행복 가정 부부 출산 자녀 양육 성 기본 교육 가르치 기 성취 기준 성취 기준 해설 동성 결혼 옹호 문구 삭제 바람 가족 태도 기르 뉴 노멀 사회 가족 문화 탐색 가족 유형 정서 서로 몰입 일상생활 공유 가족 생활 보편 나타나 가족 고유 가치 인식 동시 정상 가족 신화 벗어나 다양 가족 유형 태도 가지 다르 존중 더불 살아가 공동체 가치 인식 정상 가족 신화 벗어나 다양 가족 유형 태도 가지 이란 문구 노골적 동성 결혼 지지 문구 보이 5 혐오 표현 논란 주제 교육 과정 삭제 요구 함 혐오 표현 가르치 찬반 입장 균형 있 가르치 혐오 표현 문제점 개념 표현 자유 침해 성 혐오 표현 판정 기준 사회 합의 부족 동시 가르치 혐오 표현 나쁘 선입견 갖,29303,29303:교육과정에서 동성애 옹호 내용을 삭제하라는 것도 성소수자 혐오인가?,2022-09-29,교육/문화/체육/관광,교육부,2022-11-03,NA,35,NA
교육 과정 동성애 옹호 내용 삭제 성 소수자 혐오 혐오 자녀 동성애자 만들 영국 동성애 옹호 내용 가르치 만 청소년 트랜스젠더 배 증가 증가 스웨덴 만 대 여성 트랜스젠더 배 증가 우리나라 바라 한국 국민 자녀 원하 사회 소수자 선천 불가항력 이유 경우 윤리 도덕 문제 경우 가능 반면 성 소수자 선천 불가항력 이유 윤리 논란 성 소수자 범위 명확하 성소수자 사회 소수자 교육부 관계자 성 소수자 혐오 동성애 옹호 권장 영국 정부 평등법 통과 결국 동성애 옹호 교육 과정 바꾸 교육 내용 성 소수자 차별 금지 혐오 금지 결국 옹호 내용 가르침 향하 혐오 가치관 표현 행위 비판 허용 교육 과정 해당 활동 소수자 집단 속하 학생 부정 영향 미치 유의 교사 조금 마음 상하 가치관 표현 행위 비판 만드 교육 과정 문제 핵심 성 소수자 소수자 집단 포함 결과 성 소수자 찬성 허용 부정 허용 동성애 성전환 옹호 교육 자연 만드 크 문제 교육부 관계자 혐오 표현 프레임 설득 당하 반대 의견 내 혐오 이름 무시 자녀 지키 학부모 의견 혐오 이유으 무시 우려,29404,29404:2022 개정 교육과정 문제점과 요구사항,2022-09-26,교육/문화/체육/관광,교육부,2022-10-25,NA,29,NA
교육 과정 동성애 옹호 내용 삭제 성 소수자 혐오 혐오 자녀 동성애자 만들 영국 동성애 옹호 내용 가르치 만 청소년 트랜스젠더 배 증가 증가 스웨덴 만 대 여성 트랜스젠더 배 증가 우리나라 바라 한국 국민 자녀 원하 사회 소수자 선천 불가항력 이유 경우 윤리 도덕 문제 경우 가능 반면 성 소수자 선천 불가항력 이유 윤리 논란 성 소수자 범위 명확하 성소수자 사회 소수자 교육부 관계자 성 소수자 혐오 동성애 옹호 권장 영국 정부 평등법 통과 결국 동성애 옹호 교육 과정 바꾸 교육 내용 성 소수자 차별 금지 혐오 금지 결국 옹호 내용 가르침 향하 혐오 가치관 표현 행위 비판 허용 교육 과정 해당 활동 소수자 집단 속하 학생 부정 영향 미치 유의 교사 조금 마음 상하 가치관 표현 행위 비판 만드 교육 과정 문제 핵심 성 소수자 소수자 집단 포함 결과 성 소수자 찬성 허용 부정 허용 동성애 성전환 옹호 교육 자연 만드 크 문제 교육부 관계자 혐오 표현 프레임 설득 당하 반대 의견 내 혐오 이름 무시 자녀 지키 학부모 의견 혐오 이유으 무시 우려,29413,29413:2022 개정 교육과정에 대해,2022-09-26,교육/문화/체육/관광,교육부,2022-11-02,NA,37,NA
교육 과정 동성애 옹호 내용 삭제 성 소수자 혐오 혐오 자녀 동성애자 만들 영국 동성애 옹호 내용 가르치 만 청소년 트랜스젠더 배 증가 증가 스웨덴 만 대 여성 트랜스젠더 배 증가 우리나라 바라 한국 국민 자녀 원하 사회 소수자 선천 불가항력 이유 경우 윤리 도덕 문제 경우 가능 반면 성 소수자 선천 불가항력 이유 윤리 논란 성 소수자 범위 성소수자 사회 소수자 교육부 관계자 성 소수자 혐오 동성애 옹호 권장 영국 정부 평등법 통과 결국 동성애 옹호 교육 과정 바꾸 교육 내용 성 소수자 차별 금지 혐오 금지 결국 옹호 내용 가르치 향하 혐오 가치관 표현 행위 비판 허용 교육 과정 문제 핵심 성 소수자 소수자 집단 포함 결과 성 소수자 찬성 허용 부정 허용 동성애 성전환 옹호 교육 자연 만드 크 문제 교육부 관계자 혐오 표현 프레임 설득 당하 반대 의견 내 혐오 이름 무시 자녀 지키 학부모 의견 혐오 이유으 무시 우려,29429,29429:2022 개정 교육과정에 대해 교육부 항의하며 가치관 표현 및 행위 비판은 허용바랍니다,2022-09-25,교육/문화/체육/관광,교육부,2022-11-02,NA,38,NA
1 사회 소수자 성소수자 제외 요구 행위자 차별 행위 차별 구별 교육 흡연자 인권 존중 담배 해독 홍보 동성애자 트랜스젠더 인권 존중 동성애 성전환 문제점 가르치 있 세계 에이즈 감염인 감소 한국 대 에이즈 감염인 이후 급증 젠더 섹슈얼리티 교육 과정 삭제 젠더 생물학 성 별개 개인 감정 성별 결정 가지 성 정체 포괄 개념 변질 섹슈얼리티 젠더 포괄 용어 성 정체 확립 학생 성 정체 혼란 주 젠더 섹슈얼리티 다양 성 개념 가르치 적절하 보호 성 취약 모호하 개념 삭제 성평등 양성평등 교체 성인 양성평등 기본법 남성 여성 양성 국한 정의 삽입 성 영어 적 재생산 용어 삭제 올바르 성 윤리 가치관 교육 성 자기 결정 학생 성 행위 결정 있 오해 행복 가정 부부 출산 자녀 양육 성 기본 교육 가르치 기 성취 기준 성취 기준 해설 동성 결혼 옹호 문구 삭제 바람 가족 태도 기르 뉴 노멀 사회 가족 문화 탐색 가족 유형 정서 서로 몰입 일상생활 공유 가족 생활 보편 나타나 가족 고유 가치 인식 동시 정상 가족 신화 벗어나 다양 가족 유형 태도 가지 다르 존중 더불 살아가 공동체 가치 인식 정상 가족 신화 벗어나 다양 가족 유형 태도 가지 이란 문구 노골적 동성 결혼 지지 문구 보이 5 혐오 표현 논란 주제 교육 과정 삭제 요구 함 혐오 표현 가르치 찬반 입장 균형 있 가르치 혐오 표현 문제점 개념 표현 자유 침해 성 혐오 표현 판정 기준 사회 합의 부족 동시 가르치 혐오 표현 나쁘 선입견 갖 인간 존엄 침해 혐오 표현 문제 내용 체계 문구 수정 문화 다양 옹호 내용 가르치 문화 다양 교육 한국 정체 고유 문화 훼손 범위 내 문화 다양 정책 펼치 서유럽 실패 사례 소개 찬반 입장 교육 다 양성 교육 보편 윤리 벗어나 틀리 내용 내용 포장 교육 보편 윤리 어긋나 동성애 동성결혼 다양 이름 수용 교육,29444,29444:2022교육과정,2022-09-25,교육/문화/체육/관광,교육부,2022-10-20,NA,25,NA
1 사회 소수자 성 소수자 포함 행위자 차별 행위 차별 3 교육 과정 젠더 섹슈얼리티 용어 포함 성인 양성평등 기본법 남성 여성 양성 국한 정의 삽입 성 영어 적 재생산 용어 표기 올바르 성 윤리 가치관 설명 부족 성 자기 결정 학생 성 행위 결정 있 오해 가능 있 행복 가정 부부 출산 자녀 양육 성 기본 교육 부족 기 성취 기준 성취 기준 해설 동성 결혼 옹호 문구 가족 태도 기르 뉴 노멀 사회 가족 문화 탐색 가족 유형 정서 서로 몰입 일상생활 공유 가족 생활 보편 나타나 가족 고유 가치 인식 동시 정상 가족 신화 벗어나 다양 가족 유형 태도 가지 다르 존중 더불 살아가 공동체 가치 인식 정상 가족 신화 벗어나 다양 가족 유형 태도 가지 이란 문구 노골 동성결혼 지지 문구 보이 6 혐오 표현 교육 과정 포함 혐오 표현 가르치 찬반 입장 균형 있 가르치 부재 혐오 표현 문제점 개념 표현 자유 침해 성 혐오 표현 판정 기준 사회 합의 부족 동시 가르치 부재 혐오 표현 나쁘 선입견 갖 함 인간 존엄 침해 혐오 표현 문제 내용 체계 문구 수정 문화 다양 옹호 내용 가르치 문화 다양 교육 한국 정체 고유 문화 훼손 범위 내 문화 다양 정책 펼치 서유럽 실패 사례 소개 찬반 입장 교육 다 양성 교육 보편 윤리 벗어나 틀리 내용 내용 포장 교육 보편 윤리 어긋나 동성애 동성결혼 다양 이름 수용 교육,29540,29540:2022 개정 교육과정에 대한 요구,2022-10-05,교육/문화/체육/관광,교육부,2022-10-31,NA,26,NA
개정 교육 과정 문제점 지적 개정 반대 교육 과정 동성애 옹호 내용 삭제 성 소수자 혐오 혐오 조카 미래 자녀 동성애자 만들 영국 동성애 옹호 내용 청소년 가르치 후 만 청소년 트랜스젠더 배 증가 증가 스웨덴 만 대 여성 트랜스젠더 배 증가 저출산 인구 절벽 대한민국 위기 결혼 출산 장려 운동 총력 기울이 시국 가치관 성립 아이 차별 금하 명목 내용 가르치 있 국가 사회 개인 이득 반문 사회 소수자 선천 불가항력 이유 경우 윤리 도덕 문제 경우 가능 성 소수자 선천 불가항력 이유 윤리 논란 성 소수자 범위 명확하 성소수자 사회 소수자 성소수자 이 시민 자유 발언 혐오 명목 하 발언 막 향하 혐오 가치관 표현 행위 비판 허용 교육 과정 해당 활동 소수자 집단 속하 학생 부정 영향 미치 유의 교사 조금 마음 상하 가치관 표현 행위 비판 만드 행위 개정 교육 과정 문제 핵심 성 소수자 소수자 집단 포함 결과 성 소수자 찬성 허용 부정 허용 동성애 성전환 옹호 교육 자연 만드 분위기 조성 깊 우려 표,29624,29624:2022년 개정교육과정 문제점을 지적하고자 합니다.,2022-10-01,교육/문화/체육/관광,교육부,2022-11-02,NA,32,NA
현황 헌법 조 조 감사원 행정 절차법 조 항 규정 괄호 속 제외 기관 감사원 감찰 대상자 법제처장 소관 법률안 심사 감사원 소속 공무원 법제처 공무원 있 본인 국민 신문고 민원 처리 기관 접수 번호 귀 감사원 정부 제출 법률안 법률 소관 중앙 행정 기관 법률 안 입안 해당 법률안 내용 관련 있 관계 기관 협의 확정 법률안 국민 입법 예고 입법예고 시 제출 의견 검토 수정 보완 법률안 규제 개혁 위원회 규제 심사 법제처 심사 다음 차관 회의 국무 회의 심의 의결 후 국무총리 관계 국무 위원 부서 거치 대통령 재가 마치 국회 제출 이후 국회 본회의 의결 거치 법률 안 공포 원도 소관 법률 개정 시 위 절차 거치 법률 제 개정 시 법제처 법령 입안 심사 기준 답 사실 있 본인 국민 신문고 민원 처리 기관 접수 번호 귀 법제처 법제 정책 총괄 안정 임 서기관 질의 법 업무 운영 규정 조 항 부 장관 대통령 국무총리 소속 법령 안 주관 기관 장 법령 안 관하 항 호 입법 절차 거치 후 법제처장 법령 안 심사 요청 규정 감사원 헌법 조 국가 세입 세출 결산 국가 법률 정하 단체 회계 검사 행정 기관 공무원 직무 관하 감찰 대통령 소속 하 설치 기관 감사원 소관 법률 제정 개정 경우 법제 업무 운영 규정 조 항 법제처장 법률안 심사 요청 답 사실 감사원법 조 감찰 사항 감사원 다음 호의 사항 감찰 정부조직법 밖 법률 설치 행정 기관 사무 소속 공무원 직무 2 지방 자치 단체 사무 소속 지방 공무원 직무 조 항 호 조 호 규정 자 사무 소속 임원 감사원 검사 대상 회계 사무 간접 관련 직원 직무 법령 국가 지방 자치 단체 위탁 대행 사무 밖 법령 공무원 신분 가지 공무원 준하 자 직무 항 호 행정 기관 군 기관 교육 기관 포함 군 기관 소장 급 이하 장교 지휘 전투 주 임무 부대 중령 급 이하 장교 지휘 부대 제외 항 공무원 국회 법원 헌법 재판소 소속 공무원 제외 항 감찰 경우 다음 호의 해당 사항 감찰 1 국무 총리 국가 기밀 속하 소명 있 사항 2 국방부 장관 군 기밀 작전 지장 소명 있 사항 전문 개정 규정 감사원 심사 규칙 조 관계 기관 접수 처리 조 항 규정 관계 기관 장 심사 청구서 접수 청구인 접수 일자 명시 접수 증 교부 접수 날 개월 이내 다음 구분 처리 개정 규정 감사원 훈령 호 내 감사원 소관 법률안 법령 안 감사 위원회 의결 후 국회 제출 내용 부재 문제점 감사원법 조 항 규정 독립 지위 가지 조 항 호 호 해당 공무원 신분 법제처장 감사원 소관 법률안 법령 안 심사 문제 감사원법 조 항 규정 내 공무원 부재 항 규정 항 공무원 규정 문제 개정 관여 자 조 항 내 공무원 데 항 항 호 호 내 공무원 항 호 호 생각 추단 있 항 규정 내 항 호 내 행정 기관 규정 항 조화 감사원 심사 규칙 조 항 개정 삭제 조 항 내 조 항 규정 문제 감사원 훈령 호 내 감사원 소관 법률안 법령 안 감사 위원 회의 의결 있 경우 국회 제출 절차 부재 문제,30659,"30659:※감사원에 감사원 소관 법률안(밥령안) 국회 제출에 대한 ""감사원법"" 개정 및 ""감사원법"" 제24조제3항 개정안 마련 후 실시 등 제안의 件 _ 2022.12.2.",2022-12-02,노동/환경,감사원,2022-12-19,NA,17,NA
극단 일 국방 이재명 정신 이재명 대표 한미일 군사 훈련 재개 두 극단 일 국방 윤석열 정부 맹비난 친일 해방 지 데 대체 시대착오 죽 창가 타령 이재명 조국 해방 지 창가 타령 이해 가 박근령 이사장 지적 해방 전 친일 해방 후 친일 개념 다르 지금 친일파 최고 애국자 이재명 대표 일본 무장 허용 거 주장 이재명 일본 무장 허용 이유 대일본 제국 성 한반도 전체 중국 본토 점령 국 동북아시아 전체 통일 노무 노무 딩 좋 이재명 변희재 박근혜 마찬가지 국민 일본 증오 선동 한반도 자위대 주둔 상관없 생각 독도 섬 가지 선동 섬 일본 주 자존심 상하 독도 대일본 제국 성 넘기 독도 크 북한 땅 만주 고토 되찾 있 데 거 모르 박근혜 대통령 지소 미아 체결 이재명 인간 독도 핑계 대 지소 미아 반대 조갑제 변희재 조갑제 변희재 대표 조갑제닷컴 변희재 카페 이재명 대표 망언 비판 논평 내 조갑제 대표 정상 반응 보이 반면 변희재 대표 이재명 발언 시대착오 판타지 소설 비판 이재명 이재명 거부 미국 이재명 압박 한미일 군사 훈련 재개 이끌 핑계 이재명 다행 윤석열 만세 부르 문재인 이재명 위험 왜곡 축소 모습 보이 변희재 문재인 이재명 죽 창가 타령 거 인식 문재인 이재명 위험 놈 윤석열 대통령 다행 하나님 감사 인식 자각 듯 보이 변희재 이재명 대통령 미국 버티 적화통일 선동 미국 한국 버리 있 사실 모르 이재명 대통령 미국 위시 동맹국 한국 버리 한국 끝장 나 변희재 문재인 이재명 위험 상당 부분 왜곡 축소 윤석열 대통령 비난 열 올리 조갑제 대표 정상 스탠스 취하 대조 조갑제 컨텐츠 이준석 비호 찬양 빼 은근 경청 내용 많 변희재 인간 시 폭 문재인 이재명 똥꼬 빨 좌파 빨갱이 신 나 터지 작자 좌우 양쪽 까이 동네 북 신세 변희재 일부 공감 만 내용 문재인 이재명 위험 왜곡 축소 오류 범하 시 폭 욱일기 발작 놈 많 욱일기 전범기 예전 대일본 제국 성 쓰 대일본 제국 전통 문양 정작 진짜 전범 기인 인공기 오성 홍기 한반도기 소리 윤서인 화백 점 정확 짚 끝 이재명 마디 이재명 대표 조갑제 대표 지적 대로 마디 사실 정치 생명 끝나 조갑제 변희재 대표 지적 낡 종족 주의 사고 방식 버리 변희재 가 먹히 북괴 김 씨 일가 택하 대남 적화 통일 전략 시 폭 정확 짚 친일 나쁘 거 친북 친일파 좌파 좌파 친일파 친일파 열린우리당 사실 잊,30743,"30743:극단적 친일 국방? 이재명, 제정신인가?",2022-11-28,국방/보훈/외교/통일,외교부,2023-01-11,NA,44,NA
본건 제안 즈음 당부 사항 귀 법제처장 법제 업무 운영 규정 조 항 규정 국가법령정보센터 등재 행정 규칙 사후 심사 의무 담당 공무원 상당 건 사후 심사 실질 무리 있 법령 심사 부서 협조 내용 인공 지능 전산 시스템 도입 사후 심사 실시 제도 개선 내용 포함 본건 주관 부서 법제처 훈령 호 조 조 항 규정 혁신 행정 감사 담당관 법제처 정보 업무 기본 지침 법제처 훈령 호 규정 관련 부서 협조 심사 결과 문서 통지 바라 국민 제안 경우 귀 법제처 기획 조정관 관장 본인 아래 국민 제안 국가법령정보센터 내 법령 체계 정비 담당 부서 한국 법령 정보원 사업 추진 담당 부서 행정 규칙 사후 심사 부서 인공 지능 전산 시스템 도입 부서 도입 행정 규칙 사후 심사 부서 관련 국민 제안 바 채택 여부 결정 있 부서 부서 추후 심사 요청 고려 혁신 행정 감사 담당관 주관 부서 정하 사료 본인 제안 채택 후 행정 규칙 사후 심사 인공 지능 전산 시스템 실시 확실하 이유 특허 출원 지 재산 확보 해외 수출 있 사료 공정 심사 진행 있 조치 내용 인용 보도 경우 제안 채택 여부 관계 출처 명확하 밝히 바라 채택 자 유사 국민 제안 내용 통지 바라 현황 분 기준 국가법령정보센터 내 등재 법령 건 자치 법규 건 행정 규칙 건 공공 기관 규정 건 밖 정보 건 귀 법제처 법제 업무 운영 규정 조 항 규정 국가법령정보센터 내 등재 행정 규칙 건 사후 심사 평상시 주어지 의무 확인 문제점 귀 법제처 홈페이지 조직도 행정 규칙 사후 심사 법제 지원국 소속 법제 지원 총괄 과 직무 행정 규칙 전담 공무원 김정철 조혜진 이제혁 경우 담당 추단 바 인 건 동안 심사 경우 하루 건 사후 심사 목표 건수 공무원 기간 정하 사후 심사 행정 규칙 사실 실질 상위 법률 법령 저촉 사항 존재 여부 대통령 훈령 호 조 항 호 적법 법제 업무 운영 규정 시행 규칙 조 호 반 여부 심사 문제 사료 시 제안 본인 귀 법제처 산업 통상 자원부 훈령 호 조 항 호 액화 석유 가스 시설 상위 법령 액 화석 가스 안전 관리 사업 법 조 항 호 규정 내 액화 석유 가스 시설 상위 법률 액화석유가스 안전 관리 사업 법 조 항 약칭 용어 위탁 운송 시설 용기 가스 용품 다르 사항 규정 문제 피력 해당 훈령 사후 심사 요청 귀 법제처 추후 심사 거부 거부 준하 심사 민원 처리 기간 내 사실 확인 당시 서기관 김민정 보직 변경 부서 전출 확인 전화 상위 법률 조 항 약칭 시설 풀 가지 구성 요소 하위 법령 규정 해당 훈령 위탁 운송 시설 용기 가스 용품 부재 문제 설명 알 해당 훈령 계획 사후 심사 버티 사례 있 해당 훈령 유지 문제 알 문제 경우 동안 유지 자 사후 심사 발견 문제 책임 법제처 있 증명 추후 책임 있 손 저의 산업 통상 자원부 공무원 위법 부당 행위 방조 방치 문제 사료 지금 문제 유지 확인 위 서기관 김민정 보직 변경 확인 홈페이지 조직도 검색 내용 해당 정보 출처 귀 법제처 홈페이지 밝히 경제 법 제국 김민정 산업 통상 자원부 에너지 중소 벤처 기업 부 법령 심사 법제 교류 협력 담당관실 김민정 세계 법제 남북 법제 영문 법령 지원,31924,31924:※법제처에 행정규칙 사후 심사 때 AI(인공지능) 또는 전산시스템 도입 제안 등 국민제안의 件 _ 2023.1.24.,2023-01-24,법제/사법,법제처,2023-06-30,NA,157,NA
현황 산지 관리법 시행령 별표 호 산림 경영 영구 시설 부대시설 정하 문제점 영구 시설 부대시설 산지 관리 법령 규정 바 산림청 시군구 영구 시설 부대시설 모르 산림청 시군구 영구 시설 부대시설 모르 산지 전용 신고 처리 나아가 산림청 전 영구 시설 부대시설 있 법령 정비 답변 정비 임업 건축 법 건축 허가 건축 신고 대상 건축물 설치 계획 포함 임산물 집 하 장 부지 면적 제곱미터 미만 산지 전용 신고 대상 산지 관리법 시행령 별표 호 정하 산지 관리법 시행령 별표 호 산림 경영 영구 시설 부대시설 제곱미터 이상 제곱미터 미만 부지 면적 임산물 집 하 시설 건축법 건축 허가 건축 신고 대상 건축물 설치 계획 산지 관리법 시행 규칙 조 법 조 호 목 주차장 농림 축산 식품부 령 정하 부대시설 이란 주차장 화장실 창고 숙소 식당 정화 시설 재해 방지 시설 울타리 자재 치 운반 시설 정하 해석 부대시설 산림청 시군구 임업 포함 국민 있 산지 관리법 시행 규칙 조 항 법 조 항 호 목 주차장 농림 축산 식품부 령 정하 부대시설 이란 조 시설 정하 해석 부대시설 산림청 시군구 임업 포함 국민 있 산지 관리법 시행 규칙 조 항 조 항 규정 의하 부대 시설 농림 어업 주택 부속 창고 축사 차 화장실 탈곡 장 퇴비 저장 시설 한 정하 해석 부대시설 산림청 시군구 임업 포함 국민 있 산지 관리법 시행 규칙 조 항 조 항 농림 축산 식품부 령 정하 부대시설 이란 주차장 화장실 창고 숙소 식당 정화 시설 재해 방지 시설 비석 기념탑 조각상 의식 기념 시설 정하 해석 부대시설 산림청 시군구 임업 포함 국민 있 산지 관리법 시행 규칙 조 항 법 조 항 호 목 주차장 농림 축산 식품부 령 정하 부대시설 이란 조 시설 정하 해석 부대시설 산림청 시군구 임업 포함 국민 있 산지 관리법 시행 규칙 조 항 호 산지 전용 산지 일시 사용 임시 설치 다음 목 부대 시설 가 진입로 현장 사무소 지질 토양 조사 탐사 시설 라 주차장 화장실 창고 숙소 식당 정화 시설 재해 방지 시설 울타리 자재 치 운반 시설 정하 해석 부대시설 산림청 시군구 임업 포함 국민 있 반면 산지 관리법 시행령 별표 호 산림 경영 영구 시설 부대시설 정하 바 산림청 시군구 임업 혼란 가중,32127,"32127:산지관리법 시행령 [별표 3] 제1호의 ""산림경영을 위한 영구시설과 그 부대시설"" 중  '영구시설과 그 부대시설' 명칭 개정 제안",2023-02-09,국토/교통/농림/해양,산림청,2023-03-08,NA,27,NA
현황 산업 융합 촉진 법 조 항 항 업무 지원 산업 통상 자원부 산업 융합 촉진 옴부즈만 두 산업 융합 촉진 옴부즈만 업무 처리 활동 지원 대통령령 정하 요건 갖추 기관 법인 사무 기구 설치 있 개정 산업 융합 촉진 법 시행령 조 항 항 항 규정 사항 외 산업 융합 촉진 옴부즈만 위촉 운영 필요 사항 산업 통상 자원부 장관 정하 고시 3 산업 통상 자원 부 고시 호 이하 해당 고시 조 조 용어 정의 규정 사용 용어 정의 다음 산업 융합 옴부즈만 이하 옴부즈만 이란 산업 융합 촉진법 이하 법 조 항 산업 융합 촉진 옴부즈만 옴부즈만 실 이란 법 조 산업 융합 촉진 옴부즈만 사무 지원 조직 조 옴부즈만 임기 자격 옴부즈만 임기 연임 있 지식 경제부 장관 다음 호의 해당 옴부즈만 위촉 있 1 기업 대표자 상근 임원 직 이상 2 기업 부설 연구소 산업 분야 연구소 상근 연구원 이상 근무 경력 있 3 중앙 행정 기관 급 이상 공무원 고위 공무원 단 속하 공무원 포함 으 자 기업 행정 규제 관련 단체 근무 경력 밖 산업 융합 규제 분야 학식 경험 많 지식 경제부 장관 인정 조 옴부즈만 직무 옴부즈만 다음 호 업무 수행 산업 융합 관련 기업 애로 건의 사항 접수 조사 산업 융합 제품 시장 출시 애로 사례 발굴 해소 지원 호 업무 처리 관계 행정 기관 유관 기관 협조 요청 관계 행정 기관 유관 기관 통보 사항 필요 사항 산업 융합 발전 위원회 보고 법 조 활동 내용 지식 경제부 장관 보고 산업 융합 관련 제도 개선 방안 마련 산업 융합 관련 규제 조사 분석 평가 밖 산업 융합 촉진 관련 규제 개선 필요 사항 조 옴부즈만 실의 구성 지식 경제 부 장관 옴부즈만 원활 업무 수행 지원 옴부즈만 실 설치 운영 있 옴부즈만 실 지식 경제부 소속 지원 근무 인원 지식 경제부 장관 정하 관계 기관 단체 파견 직원 구성 조 예산 집행 관리 지식 경제 부 장관 예산 범위 내 예산 기금 운용 계획 집행 지침 옴부즈만 파견 직원 수당 여비 필요 경비 지급 있 세부 기준 별표 옴부즈만 파견 직원 업무 수행 출장 가 경우 공무원 여비 규정 여비 별도 지급 있 경우 옴부즈만 공무원 여비 규정 별표 여비 지급 구분 표 호 항목 지급 파견 직원 호 적용 지식 경제부 장관 옴부즈만 자격 행하 활동 예산 범위 내 예산 기금 운용 계획 집행 지침 수당 사례금 지급 있 조 보칙 규정 규정 복무 관련 사항 국가 공무원법 국가 공무원 복무 규정 준용 적용 기타 옴부즈만 실의 조직 운영 관련 일반 사무 처리 사무 관리 규정 준하 옴부즈만 별도 내부 규정 정하 운영 문제점 행정 절차법 조 항 행정 효율 협업 촉진 관하 규정 조 해당 고시 발령 문제 산업 융합 촉진 법 조 항 내 산업 통상 자원부 산업 융합 촉진 옴부즈만 두 산업 통상 자원부 소속 산업 융합 촉진 옴부즈만 사인 행정청 행정 기관 근거 해당 고시 조 항 제정 지금 간 지식 경제부 장관 지식 경제부 규정 문제 해당 고시 조 항 호 내 있 자 규정 산업 융합 촉진 옴부즈만 대상 항 본문 규정 자 일본식 한자어 낮 칭하 비속어 하위 규정 규정 문제 해당 고시 조 항 옴부즈만 실 사무 관리 규정 옴부즈만 별도 내부 규정 정하 운영 규정 내용 알 문제,32842,"32842:※귀 산업통상자원부에 ""산업융합촉진법""제10조에 따른 같은 법시행령 제11조제7항, ""산업통상자원부고시 제2020-40호"" 개정안 마련 후 실시 제안의 件 _ 2023.3.8.",2023-03-08,산업/방송/통신/과학,산업통상자원부,2023-08-18,NA,163,NA
현황 부동산 거래 가격 검증 체계 운영 신고 내용 조사 규정 시행 국토 교통부 훈령 호 일부 개정 국토 교통부 토지 정책과 조 조사 시 확인 검토 사항 신고 관청 조사 실시 다음 호의 사항 확인 검토 2 거래 대금 지급 증명 자료 제출 요구 의견서 제출 경우 가 거래 대금 지급 증명 자료 제출 경우 과태료 부과 고지 내용 포함 추가 자료 제출 요구 기한 내 자료 제출 경우 영 별표 호 목 과태료 부과 예고 의견서 내용 검토 결과 거짓 신고 확인 경우 상대방 진술 내용 비교 검토 거래 당사자 쌍방 거짓 신 과태료 부과 예고 기준 가격 낮 경우 거래 대금 지급 사실 진술 경우 거래 당사자 증여 매매 위장 신고 혐의 세무서 통보 대상 포함 내용 차 자료 제출 독촉 기한 내 거래 대금 자료 제출 시 관할 세무서 증여 혐의자 통보 거래 당사자 일방 자료 제출 경우 일방 진술 거래 대금 지급 증명 자료 의하 거짓 신고 경우 쌍방 거짓 신 과태료 부과 예고 일방 제출 자료 거짓 신고 판단 경우 거래 당사자 쌍방 거래 대금 지급 증명 추가 자료 요구 기한 내 자료 제출 경우 영 별표 호 목 과태료 부과 예고 거래 금액 일부 금액 소명 경우 거래 당사자 공인중개사 자료 제출 일부 현금 지급 주장 금액 소명 경우 항 호 현금 조성 방법 증명 자료 거래 당사자 의견서 신빙 종합 판단 거짓 신고 여부 결정 5 거래 대금 지급 증명 자료 제출 과태료 부과 예고 후 거래 내역 증명 자료 제출 경우 접수 신고 내역 사실 여부 검토 사실 확인 경우 과태료 미부과 조 과태료 부과 징수 거래 신고 위반 과태료 신고 관청 부과 과태료 부과 기준 별표 규정 정하 이외 과태료 부과 징수 절차 이의 신청 질서 위반 행위 규제 법 정하 바 조 검토 기한 국토 교통부 장관 훈령 예규 발령 관리 관하 규정 대통령 훈령 호 훈령 기준 시점 매 마 검토 개선 조치 문제점 가 부동산 거래 가격 검증 체계 운영 신고 내용 조사 규정 이하 해당 훈령 조 조 별표 규정 해당 부동산 거래 신고 법 시행령 이하 해당 시행령 사료 해당 시행령 조 개정 연혁 별표 가 별표 개정 별표 별표 개정 별표 규정 별표 규정 시행 있 해당 훈령 별표 규정 바 법제처 소관 대통령 훈령 호 조 항 호 적법 위반 문제 나 해당 훈령 내 영 경우 해당 시행령 사료 해당 훈령 내 해당 영 약칭 영 명확하 문제 해당 훈령 조 항 조사 종결 과태료 부 추가 자료 요구 조치 사항 검토 의무 각목 해당 시행령 별표 호 개별 기준 각목 목 목 규정 뿐 비교 적 과태료 해당 나목 부재 문제 해당 훈령 조 규정 내 대통령 훈령 호 관련 대통령 훈령 제호 다르 사항 규정 문제 해당 훈령 조 해당 훈령 시행 이전 개월 동안 개정 아니하 해당 훈령 조 위반 문제,34272,34272:※귀 국토교통부에 '국토교통부훈령 제1045호' 개정 제안의 件 _ 2023.4.27.,2023-04-27,국토/교통/농림/해양,국토교통부,2023-09-04,NA,130,NA
현상 가 법제처 도서 운영 규정 법제처 훈령 호 이하 해당 훈령 조 목적 규정 법제처 소장 법학 관련 도서 밖 자료 분류 정리 관리 관하 사항 규정 이용자 편의 도모 운영 효율 높이 목적 조 정의 규정 사용 용어 뜻 다음 도 자료 법제처 자료실 소장 도서 밖 자료 도서 관리 시스템 도서 대장 법제처 자료실 공부 수록 정리 도서 분류 정비 법제처 자료실 장비 정리 기증 도서 법제처 기증 도서 법제 자료 법제처 직원 직무 수행 참고 자료 가치 도서 기 증자 법제처 자료실 도서 기증 자 공공 기관 법인 단체 포함 이하 조 열람 자격 다음 호의 해당 자 법제처 도서 열람 있 공무원 공무원 자 법제 정책 총괄 과장 열람 필요 인정 자 조 대출 자 자격 다음 호의 해당 자 법제처 도서 대출 있 법제처 직원 입법부 사법부 행정부 각급 기관 법제 정책 총괄 과장 인정 공공 연구 기관 직원 밖 법제 정책 총괄 과장 대출 필요 인정 자 조 잃어버리 도서 변상 도서 대출 자 잃어버리 훼손 경우 도서 변상 원칙 도 변상 경우 원본 시가 배 변상 항 대출 기간 지나 반납 독촉 자 준용 있 나 법제처 홈페이지 내 디지털 법제 정보 자료관 이용 시간 열람 시간 토 일요일 휴무 대출 규정 구분 대출 한도 대출 기간 법제처 직원 권 회 연장 가능 공공 기관 직원 권 회원 일반 은 자료 열람 검색 가능 금지 규정 대출 금지 조건 반납 예정일 경과 연체자 배상 기한 미납자 대출 금지 기간 도서 연체 일수 만큼 자동 금지 배상 규정 배상 기한 대출 도서 분실 훼손 동일 자료 변상 원본 시가 해당 금액 변상 위 이용 안내문 있 위 디지털 법제 정보 자료관 로그인 회원 가입 안내 문제점 가 해당 훈령 조 열람 조 대출 자격 제한 제한 준하 인정 규정 점 나 해당 훈령 조 열람 시간 이용자 법률 행위 있 가능 조 열람 호 일본식 한자어 의존 명사 한 자 규정 알 법령 정비 기준 판 반하 점 위 법률 행위 있 대출 글 읽 있 자 규정 조문 있 점 라 해당 훈령 조 호 디지털 법제 정보 자료관 해당 사료 해당 훈령 조 항 배상액 디지털 법제 정보 자료관 이용 안내문 배상액 차이 있 점 마 국민 권리 제한 의무 부여 배상 규정 존재 해당 훈령 대통령 훈령 호 반 존속 기간 규정 점 바 디지털 법제 정보 자료관 로그인 회원 가입 절차 점 사 해당 훈령 조 호 기 증자 법제처 자료실 도서 기증 자 공공 기관 법인 단체 포함 이하 일본식 한자어 의존 명사 자 공공 기관 법인 단체 약칭 자 혼돈 점 위 문제점 국민 세금 운영 디지털 업 정보 자료관 정보 자유 이용 문제 해당 훈령 문제점 사료,37949,37949:※법제처에 2017.7.12.부터 시행 중인 '법제처훈령 제374호' 등 개정 제안의 件 _ 2023.8.21.,2023-08-21,법제/사법,법제처,2023-09-20,NA,30,NA
고용 노동부 중대 재해 처벌 법 조 호 개정안 마련 실시 국민 제안 서두 당부 요청 사항 거 국민 제안서 최초 확인 고용 노동부 본건 중대 재해 처벌 법 소관 고용 노동부 법무부 환경부 산업 통상 자원부 국토 교통부 공정 거래 위원회 개 중앙 행정 기관 부처 기관 지정 바라 현황 가 중대 재해 처벌 법 이하 해당 법률 조 호 조 정의 법 사용 용어 뜻 다음 종사자 다음 목 해당 자 가 근로 기준 법 상 근로자 도급 용역 위탁 계약 형식 사업 수행 대가 목적 노무 제공 자 사업 차례 도급 행하 경우 단계 수급인 수급인 가목 나목 관계 자 해당 법률 조 호 조 정의 법 사용 용어 뜻 다음 사업주 자신 사업 영위 자 타인 노무 제공 사업 자 해당 법률 조 호 가목 나목 조 정의 법 사용 용어 뜻 다음 경영 책임자 다음 목 해당 자 사업 대표 사업 총괄 권한 책임 준하 안전 보건 관하 업무 담당 나 중앙 행정 기관 장 지방 자치 단체 장 지방 공기업 법 지방 공기업 장 공공 기관 운영 관하 법률 조 조 규정 지정 공공 기관 장 라 법률 조 조 조 중대 산업 재해 사업주 경영 책임자 처벌 조 조 위반 조 호 목 중대 산업 재해 사업주 경영 책임자 이상 징역 이하 벌금 처하 경우 징역 벌금 병과 있 조 조 위반 조 호 목 목 중대 산업 재해 사업주 경영 책임자 이하 징역 이하 벌금 처하 항 항 죄 형 선고 형 확정 후 이내 항 항 죄 저지르 자 항 정하 형 가중 조 중대 산업 재해 벌 규정 법인 기관 경영 책임자 법인 기관 업무 관하 해당 위반 행위 행위자 벌 외 법인 기관 다음 호 구분 벌금형 고 법인 기관 위반 행위 방지 해당 업무 관하 상당 주의 감독 경우 조 항 경우 이하 벌금 조 항 경우 이하 벌금 마 법률 조 조 조 중대 시민 재해 사업주 경영 책임자 처벌 조 위반 조 호 목 중대 시민 재해 사업주 경영 책임자 이상 징역 이하 벌금 처하 경우 징역 벌금 병과 있 조 위반 조 호 목 목 중대 시민 재해 사업주 경영 책임자 이하 징역 이하 벌금 처하 조 중대 시민 재해 벌 규정 법인 기관 경영 책임자 법인 기관 업무 관하 해당 위반 행위 행위자 벌 외 법인 기관 다음 호 구분 벌금형 고 법인 기관 위반 행위 방지 해당 업무 관하 상당 주의 감독 경우 조 항 경우 이하 벌금 조 항 경우 이하 벌금 문제점 내용 첨부 파일 확인 바라,38408,38408:※‘고용노동부 등에 ｢중대재해처벌법｣ 제2조·제7호 등 개정안을 마련하거나 실시 국민제안의 件 _ 202,2023-09-16,노동/환경,환경부,2023-12-26,NA,101,NA
서두 요청 사항 거 국민 제안서 최초 접수 법무부 법무부 대검찰청 경찰청 해양 경찰청 해양 수산부 부처 기관 지정 심사 결과 기관 장의 관인 날인 표시 시행 문 거 국민신문고 첨부 통지 바라 경우 본건 첨부 파일 경철 청 해양 경찰청 법무부 해양 수산부 해양 경찰청 해양 수산부 경찰청 관련 법령 행정 규칙 준하 사항 본건 제안 취지 부합 내용 개정안 제정 안 마련 후 실시 제안 현황 가 형사 소송법 시행 법률 호 일부 개정 조 공소 제기 방식 공소장 공소 제기 공소장 관할 법원 제출 공소장 피고인 수 상응 부본 첨부 공소장 다음 사항 기재 피고인 성명 기타 피고인 특정 있 사항 죄명 공소사실 적용 법조 공소 사실 기재 범죄 시일 장소 방법 명시 사실 특정 있 개 범죄 사실 적용 법조 예비 택일 기재 있 규정 세부 내용 첨부 파일 확인 바라 문제점 가 법률 행위 있 행위자 해당 피고인 의하 부동산 등기 특별법 조치 법 액화 석유 가스 법 개별 법 벌 규정 준하 피고인 피고인 과 피고인 벌 규정 적용 법조 사항 공소장 기소 장 송치 의견서 적시 규정 문제 나 법원 선 고 도 전원 합의체 판결 례 판결 요지 적용 대상자 업무 주 한정 벌칙 규정 벌 규정 행위자 벌 규정 입법 취지 위 경우 업무 주 대신 업무 집행 자 벌칙 규정 적용 대상자 규정 벌칙 규정 처벌 위반 행위자 벌 규정 의하 처벌 있 벌칙 규정 실효 확보 데 출처 법원 선 고 도 전원 합의체 판결 건축 법 위반 종합 법률 정보 판례 이 유 피고인 피고인 상고 이유 건축법 법률 호 개정 시행 전 이하 조 조 벌칙 규정 적용 대상 건축주 공사 감리 자 공사 시공 자 일정 업무 주 업무 주 한정 경우 법 조 벌 규정 업무 주 당하 업무 집행 자 위 벌칙 규정 실효 확보 적용 대상자 당하 업무 집행 자 확장 자 당 업무 집행 관련 위 벌칙 규정 위반 행위 경우 위 벌 규정 의하 처벌 있 한 행위자 처벌 규정 동시 위반 행위 이익 귀속 주체 업무 주 처벌 규정 출처 법원 선 고 도 전원 합의체 판결 건축 법 위반 종합 법률 정보 판례 존재 바 부합 공소장 행위자 처벌 전제 조건 공소장 벌 규정 적용 법조 법인 개인 적시 적법 법률 행위 있 행위자 부동산 등기 조치 법 조 벌 규정 적시 액화석유가스 법 조 벌 규정 적용 법조 적시 문제 따라서 아래 그림 행위자 벌 규정 적용 법조 문제 피의자 용어 참고 세부 내용 첨부 파일 확인 바라,38526,38526:※개별법의 양벌규정에 대해 공소장 등에 행위자에 대한 '적용법조' 적용 관련 국민제안서 _ 2023.9.12.,2023-09-12,행정/자치/안전,경찰청,2023-12-15,NA,94,NA
서두 당부 요청 사항 거 국민 제안서 최초 확인 산업 통상 자원부 담당자 본건 중대 재해 처벌 법 소관 산업 통상 자원부 법무부 고용 노동부 환경부 국토 교통부 공정 거래 위원회 개 중앙 행정 기관 부처 기관 지정 바라 제출 국민 제안 고용 노동부 지금 접수 바 귀 산업 통상 자원부 부처 기관 국민 제안 제출 후 사정 헤아리 살피 바라 추후 고용 노동부 제출 국민 제안 부처 기관 지정 경우 산업 통상 자원부 본건 병합 처리 현황 가 중대 재해 처벌 법 이하 해당 법률 조 호 조 정의 법 사용 용어 뜻 다음 종사자 다음 목 해당 자 가 근로 기준 법 상 근로자 도급 용역 위탁 계약 형식 사업 수행 대가 목적 노무 제공 자 사업 차례 도급 행하 경우 단계 수급인 수급인 가목 나목 관계 자 해당 법률 조 호 조 정의 법 사용 용어 뜻 다음 사업주 자신 사업 영위 자 타인 노무 제공 사업 자 해당 법률 조 호 가목 나목 조 정의 법 사용 용어 뜻 다음 경영 책임자 다음 목 해당 자 사업 대표 사업 총괄 권한 책임 준하 안전 보건 관하 업무 담당 나 중앙 행정 기관 장 지방 자치 단체 장 지방 공기업 법 지방 공기업 장 공공 기관 운영 관하 법률 조 조 규정 지정 공공 기관 장 라 법률 조 조 조 중대 산업 재해 사업주 경영 책임자 처벌 조 조 위반 조 호 목 중대 산업 재해 사업주 경영 책임자 이상 징역 이하 벌금 처하 경우 징역 벌금 병과 있 조 조 위반 조 호 목 목 중대 산업 재해 사업주 경영 책임자 이하 징역 이하 벌금 처하 항 항 죄 형 선고 형 확정 후 이내 항 항 죄 저지르 자 항 정하 형 가중 조 중대 산업 재해 벌 규정 법인 기관 경영 책임자 법인 기관 업무 관하 해당 위반 행위 행위자 벌 외 법인 기관 다음 호 구분 벌금형 고 법인 기관 위반 행위 방지 해당 업무 관하 상당 주의 감독 경우 조 항 경우 이하 벌금 조 항 경우 이하 벌금 마 법률 조 조 조 중대 시민 재해 사업주 경영 책임자 처벌 조 위반 조 호 목 중대 시민 재해 사업주 경영 책임자 이상 징역 이하 벌금 처하 경우 징역 벌금 병과 있 조 위반 조 호 목 목 중대 시민 재해 사업주 경영 책임자 이하 징역 이하 벌금 처하 조 중대 시민 재해 벌 규정 법인 기관 경영 책임자 법인 기관 업무 관하 해당 위반 행위 행위자 벌 외 법인 기관 다음 호 구분 벌금형 고 법인 기관 위반 행위 방지 해당 업무 관하 상당 주의 감독 경우 조 항 경우 이하 벌금 조 항 경우 이하 벌금 문제점 내용 첨부 파일 확인 바라,38623,38623:※ 산업통상자원부 등에 ｢중대재해처벌법｣ 제2조·제7호 등 개정안을 마련하거나 실시 국민제안의 件 _ 2023.9.22.,2023-09-22,국토/교통/농림/해양,국토교통부,2023-11-23,NA,62,NA
서두 당부 요청 사항 거 국민 제안서 최초 확인 산업 통상 자원부 담당자 본건 중대 재해 처벌 법 소관 산업 통상 자원부 법무부 고용 노동부 환경부 국토 교통부 공정 거래 위원회 개 중앙 행정 기관 부처 기관 지정 바라 제출 국민 제안 고용 노동부 지금 접수 바 귀 산업 통상 자원부 부처 기관 국민 제안 제출 후 사정 헤아리 살피 바라 추후 고용 노동부 제출 국민 제안 부처 기관 지정 경우 산업 통상 자원부 본건 병합 처리 현황 가 중대 재해 처벌 법 이하 해당 법률 조 호 조 정의 법 사용 용어 뜻 다음 종사자 다음 목 해당 자 가 근로 기준 법 상 근로자 도급 용역 위탁 계약 형식 사업 수행 대가 목적 노무 제공 자 사업 차례 도급 행하 경우 단계 수급인 수급인 가목 나목 관계 자 해당 법률 조 호 조 정의 법 사용 용어 뜻 다음 사업주 자신 사업 영위 자 타인 노무 제공 사업 자 해당 법률 조 호 가목 나목 조 정의 법 사용 용어 뜻 다음 경영 책임자 다음 목 해당 자 사업 대표 사업 총괄 권한 책임 준하 안전 보건 관하 업무 담당 나 중앙 행정 기관 장 지방 자치 단체 장 지방 공기업 법 지방 공기업 장 공공 기관 운영 관하 법률 조 조 규정 지정 공공 기관 장 라 법률 조 조 조 중대 산업 재해 사업주 경영 책임자 처벌 조 조 위반 조 호 목 중대 산업 재해 사업주 경영 책임자 이상 징역 이하 벌금 처하 경우 징역 벌금 병과 있 조 조 위반 조 호 목 목 중대 산업 재해 사업주 경영 책임자 이하 징역 이하 벌금 처하 항 항 죄 형 선고 형 확정 후 이내 항 항 죄 저지르 자 항 정하 형 가중 조 중대 산업 재해 벌 규정 법인 기관 경영 책임자 법인 기관 업무 관하 해당 위반 행위 행위자 벌 외 법인 기관 다음 호 구분 벌금형 고 법인 기관 위반 행위 방지 해당 업무 관하 상당 주의 감독 경우 조 항 경우 이하 벌금 조 항 경우 이하 벌금 마 법률 조 조 조 중대 시민 재해 사업주 경영 책임자 처벌 조 위반 조 호 목 중대 시민 재해 사업주 경영 책임자 이상 징역 이하 벌금 처하 경우 징역 벌금 병과 있 조 위반 조 호 목 목 중대 시민 재해 사업주 경영 책임자 이하 징역 이하 벌금 처하 조 중대 시민 재해 벌 규정 법인 기관 경영 책임자 법인 기관 업무 관하 해당 위반 행위 행위자 벌 외 법인 기관 다음 호 구분 벌금형 고 법인 기관 위반 행위 방지 해당 업무 관하 상당 주의 감독 경우 조 항 경우 이하 벌금 조 항 경우 이하 벌금 문제점 내용 첨부 파일 확인 바라,38625,38625:※ 산업통상자원부 등에 ｢중대재해처벌법｣ 제2조·제7호 등 개정안을 마련하거나 실시 국민제안의 件 _ 2023.9.22.,2023-09-22,재정/금융/소비자,공정거래위원회,2023-10-24,NA,32,NA
서두 당부 요청 사항 거 국민 제안서 최초 확인 산업 통상 자원부 담당자 본건 중대 재해 처벌 법 소관 산업 통상 자원부 법무부 고용 노동부 환경부 국토 교통부 공정 거래 위원회 개 중앙 행정 기관 부처 기관 지정 바라 제출 국민 제안 고용 노동부 지금 접수 바 귀 산업 통상 자원부 부처 기관 국민 제안 제출 후 사정 헤아리 살피 바라 추후 고용 노동부 제출 국민 제안 부처 기관 지정 경우 산업 통상 자원부 본건 병합 처리 현황 가 중대 재해 처벌 법 이하 해당 법률 조 호 조 정의 법 사용 용어 뜻 다음 종사자 다음 목 해당 자 가 근로 기준 법 상 근로자 도급 용역 위탁 계약 형식 사업 수행 대가 목적 노무 제공 자 사업 차례 도급 행하 경우 단계 수급인 수급인 가목 나목 관계 자 해당 법률 조 호 조 정의 법 사용 용어 뜻 다음 사업주 자신 사업 영위 자 타인 노무 제공 사업 자 해당 법률 조 호 가목 나목 조 정의 법 사용 용어 뜻 다음 경영 책임자 다음 목 해당 자 사업 대표 사업 총괄 권한 책임 준하 안전 보건 관하 업무 담당 나 중앙 행정 기관 장 지방 자치 단체 장 지방 공기업 법 지방 공기업 장 공공 기관 운영 관하 법률 조 조 규정 지정 공공 기관 장 라 법률 조 조 조 중대 산업 재해 사업주 경영 책임자 처벌 조 조 위반 조 호 목 중대 산업 재해 사업주 경영 책임자 이상 징역 이하 벌금 처하 경우 징역 벌금 병과 있 조 조 위반 조 호 목 목 중대 산업 재해 사업주 경영 책임자 이하 징역 이하 벌금 처하 항 항 죄 형 선고 형 확정 후 이내 항 항 죄 저지르 자 항 정하 형 가중 조 중대 산업 재해 벌 규정 법인 기관 경영 책임자 법인 기관 업무 관하 해당 위반 행위 행위자 벌 외 법인 기관 다음 호 구분 벌금형 고 법인 기관 위반 행위 방지 해당 업무 관하 상당 주의 감독 경우 조 항 경우 이하 벌금 조 항 경우 이하 벌금 마 법률 조 조 조 중대 시민 재해 사업주 경영 책임자 처벌 조 위반 조 호 목 중대 시민 재해 사업주 경영 책임자 이상 징역 이하 벌금 처하 경우 징역 벌금 병과 있 조 위반 조 호 목 목 중대 시민 재해 사업주 경영 책임자 이하 징역 이하 벌금 처하 조 중대 시민 재해 벌 규정 법인 기관 경영 책임자 법인 기관 업무 관하 해당 위반 행위 행위자 벌 외 법인 기관 다음 호 구분 벌금형 고 법인 기관 위반 행위 방지 해당 업무 관하 상당 주의 감독 경우 조 항 경우 이하 벌금 조 항 경우 이하 벌금,38906,38906:산업통상자원부 등에 ｢중대재해처벌법｣ 제2조·제7호 등 개정안을 마련하거나 실시 국민제안의 件,2023-09-25,국토/교통/농림/해양,국토교통부,2023-11-23,NA,59,NA
서두 당부 요청 사항 거 국민 제안서 최초 확인 산업 통상 자원부 담당자 본건 중대 재해 처벌 법 소관 산업 통상 자원부 법무부 고용 노동부 환경부 국토 교통부 공정 거래 위원회 개 중앙 행정 기관 부처 기관 지정 바라 제출 국민 제안 고용 노동부 지금 접수 바 귀 산업 통상 자원부 부처 기관 국민 제안 제출 후 사정 헤아리 살피 바라 추후 고용 노동부 제출 국민 제안 부처 기관 지정 경우 산업 통상 자원부 본건 병합 처리 현황 가 중대 재해 처벌 법 이하 해당 법률 조 호 조 정의 법 사용 용어 뜻 다음 종사자 다음 목 해당 자 가 근로 기준 법 상 근로자 도급 용역 위탁 계약 형식 사업 수행 대가 목적 노무 제공 자 사업 차례 도급 행하 경우 단계 수급인 수급인 가목 나목 관계 자 해당 법률 조 호 조 정의 법 사용 용어 뜻 다음 사업주 자신 사업 영위 자 타인 노무 제공 사업 자 해당 법률 조 호 가목 나목 조 정의 법 사용 용어 뜻 다음 경영 책임자 다음 목 해당 자 사업 대표 사업 총괄 권한 책임 준하 안전 보건 관하 업무 담당 나 중앙 행정 기관 장 지방 자치 단체 장 지방 공기업 법 지방 공기업 장 공공 기관 운영 관하 법률 조 조 규정 지정 공공 기관 장 라 법률 조 조 조 중대 산업 재해 사업주 경영 책임자 처벌 조 조 위반 조 호 목 중대 산업 재해 사업주 경영 책임자 이상 징역 이하 벌금 처하 경우 징역 벌금 병과 있 조 조 위반 조 호 목 목 중대 산업 재해 사업주 경영 책임자 이하 징역 이하 벌금 처하 항 항 죄 형 선고 형 확정 후 이내 항 항 죄 저지르 자 항 정하 형 가중 조 중대 산업 재해 벌 규정 법인 기관 경영 책임자 법인 기관 업무 관하 해당 위반 행위 행위자 벌 외 법인 기관 다음 호 구분 벌금형 고 법인 기관 위반 행위 방지 해당 업무 관하 상당 주의 감독 경우 조 항 경우 이하 벌금 조 항 경우 이하 벌금 마 법률 조 조 조 중대 시민 재해 사업주 경영 책임자 처벌 조 위반 조 호 목 중대 시민 재해 사업주 경영 책임자 이상 징역 이하 벌금 처하 경우 징역 벌금 병과 있 조 위반 조 호 목 목 중대 시민 재해 사업주 경영 책임자 이하 징역 이하 벌금 처하 조 중대 시민 재해 벌 규정 법인 기관 경영 책임자 법인 기관 업무 관하 해당 위반 행위 행위자 벌 외 법인 기관 다음 호 구분 벌금형 고 법인 기관 위반 행위 방지 해당 업무 관하 상당 주의 감독 경우 조 항 경우 이하 벌금 조 항 경우 이하 벌금,38907,38907:산업통상자원부 등에 ｢중대재해처벌법｣ 제2조·제7호 등 개정안을 마련하거나 실시 국민제안의 件,2023-09-25,노동/환경,고용노동부,2023-10-25,NA,30,NA
서두 당부 요청 사항 거 국민 제안서 최초 확인 산업 통상 자원부 담당자 본건 중대 재해 처벌 법 소관 산업 통상 자원부 법무부 고용 노동부 환경부 국토 교통부 공정 거래 위원회 개 중앙 행정 기관 부처 기관 지정 바라 제출 국민 제안 고용 노동부 지금 접수 바 귀 산업 통상 자원부 부처 기관 국민 제안 제출 후 사정 헤아리 살피 바라 추후 고용 노동부 제출 국민 제안 부처 기관 지정 경우 산업 통상 자원부 본건 병합 처리 현황 가 중대 재해 처벌 법 이하 해당 법률 조 호 조 정의 법 사용 용어 뜻 다음 종사자 다음 목 해당 자 가 근로 기준 법 상 근로자 도급 용역 위탁 계약 형식 사업 수행 대가 목적 노무 제공 자 사업 차례 도급 행하 경우 단계 수급인 수급인 가목 나목 관계 자 해당 법률 조 호 조 정의 법 사용 용어 뜻 다음 사업주 자신 사업 영위 자 타인 노무 제공 사업 자 해당 법률 조 호 가목 나목 조 정의 법 사용 용어 뜻 다음 경영 책임자 다음 목 해당 자 사업 대표 사업 총괄 권한 책임 준하 안전 보건 관하 업무 담당 나 중앙 행정 기관 장 지방 자치 단체 장 지방 공기업 법 지방 공기업 장 공공 기관 운영 관하 법률 조 조 규정 지정 공공 기관 장 라 법률 조 조 조 중대 산업 재해 사업주 경영 책임자 처벌 조 조 위반 조 호 목 중대 산업 재해 사업주 경영 책임자 이상 징역 이하 벌금 처하 경우 징역 벌금 병과 있 조 조 위반 조 호 목 목 중대 산업 재해 사업주 경영 책임자 이하 징역 이하 벌금 처하 항 항 죄 형 선고 형 확정 후 이내 항 항 죄 저지르 자 항 정하 형 가중 조 중대 산업 재해 벌 규정 법인 기관 경영 책임자 법인 기관 업무 관하 해당 위반 행위 행위자 벌 외 법인 기관 다음 호 구분 벌금형 고 법인 기관 위반 행위 방지 해당 업무 관하 상당 주의 감독 경우 조 항 경우 이하 벌금 조 항 경우 이하 벌금 마 법률 조 조 조 중대 시민 재해 사업주 경영 책임자 처벌 조 위반 조 호 목 중대 시민 재해 사업주 경영 책임자 이상 징역 이하 벌금 처하 경우 징역 벌금 병과 있 조 위반 조 호 목 목 중대 시민 재해 사업주 경영 책임자 이하 징역 이하 벌금 처하 조 중대 시민 재해 벌 규정 법인 기관 경영 책임자 법인 기관 업무 관하 해당 위반 행위 행위자 벌 외 법인 기관 다음 호 구분 벌금형 고 법인 기관 위반 행위 방지 해당 업무 관하 상당 주의 감독 경우 조 항 경우 이하 벌금 조 항 경우 이하 벌금,38908,38908:산업통상자원부 등에 ｢중대재해처벌법｣ 제2조·제7호 등 개정안을 마련하거나 실시 국민제안의 件,2023-09-25,산업/방송/통신/과학,산업통상자원부,2023-10-23,NA,28,NA
서두 당부 요청 사항 거 국민 제안서 최초 확인 산업 통상 자원부 담당자 본건 중대 재해 처벌 법 소관 산업 통상 자원부 법무부 고용 노동부 환경부 국토 교통부 공정 거래 위원회 개 중앙 행정 기관 부처 기관 지정 바라 제출 국민 제안 고용 노동부 지금 접수 바 귀 산업 통상 자원부 부처 기관 국민 제안 제출 후 사정 헤아리 살피 바라 추후 고용 노동부 제출 국민 제안 부처 기관 지정 경우 산업 통상 자원부 본건 병합 처리 현황 가 중대 재해 처벌 법 이하 해당 법률 조 호 조 정의 법 사용 용어 뜻 다음 종사자 다음 목 해당 자 가 근로 기준 법 상 근로자 도급 용역 위탁 계약 형식 사업 수행 대가 목적 노무 제공 자 사업 차례 도급 행하 경우 단계 수급인 수급인 가목 나목 관계 자 해당 법률 조 호 조 정의 법 사용 용어 뜻 다음 사업주 자신 사업 영위 자 타인 노무 제공 사업 자 해당 법률 조 호 가목 나목 조 정의 법 사용 용어 뜻 다음 경영 책임자 다음 목 해당 자 사업 대표 사업 총괄 권한 책임 준하 안전 보건 관하 업무 담당 나 중앙 행정 기관 장 지방 자치 단체 장 지방 공기업 법 지방 공기업 장 공공 기관 운영 관하 법률 조 조 규정 지정 공공 기관 장 라 법률 조 조 조 중대 산업 재해 사업주 경영 책임자 처벌 조 조 위반 조 호 목 중대 산업 재해 사업주 경영 책임자 이상 징역 이하 벌금 처하 경우 징역 벌금 병과 있 조 조 위반 조 호 목 목 중대 산업 재해 사업주 경영 책임자 이하 징역 이하 벌금 처하 항 항 죄 형 선고 형 확정 후 이내 항 항 죄 저지르 자 항 정하 형 가중 조 중대 산업 재해 벌 규정 법인 기관 경영 책임자 법인 기관 업무 관하 해당 위반 행위 행위자 벌 외 법인 기관 다음 호 구분 벌금형 고 법인 기관 위반 행위 방지 해당 업무 관하 상당 주의 감독 경우 조 항 경우 이하 벌금 조 항 경우 이하 벌금 마 법률 조 조 조 중대 시민 재해 사업주 경영 책임자 처벌 조 위반 조 호 목 중대 시민 재해 사업주 경영 책임자 이상 징역 이하 벌금 처하 경우 징역 벌금 병과 있 조 위반 조 호 목 목 중대 시민 재해 사업주 경영 책임자 이하 징역 이하 벌금 처하 조 중대 시민 재해 벌 규정 법인 기관 경영 책임자 법인 기관 업무 관하 해당 위반 행위 행위자 벌 외 법인 기관 다음 호 구분 벌금형 고 법인 기관 위반 행위 방지 해당 업무 관하 상당 주의 감독 경우 조 항 경우 이하 벌금 조 항 경우 이하 벌금,38909,38909:산업통상자원부 등에 ｢중대재해처벌법｣ 제2조·제7호 등 개정안을 마련하거나 실시 국민제안의 件,2023-09-25,노동/환경,환경부,2023-10-23,NA,28,NA
