NO,response,frame,frame_rationale
19,정보 넘 감사합니다,neither,"Thanking for information, no system evaluation"
21,해결방안 에 후처리안됨,government,Focus on post-processing of petitions by government
23,민원청원한적없어   문제점을 모르겠음,neither,No experience or knowledge of system
24,없음,neither,No content provided
25,내용이 복잡하고 길다.,citizen,Focus on complexity and length of citizen content
26,현실성 없는 대안과 분석과 논리가 부족한 내용이 많다.,citizen,Unrealistic and poorly reasoned citizen content
27,제대로 안들어줌,government,Government not listening to petitions
28,결과를 투명하게,government,Request for transparency in results by government
29,이용을 해보지 않아서 잘은 모르겠지만 무분별한 청원에 대해서는 처벌이 필요하다고 생각합니다,both,Mentions both citizen content and need for punishment
30,실효성이 없음,government,Petitions lack effectiveness from government side
31,나이도 많고 빙문 또는 인터넷 접수가 번거로워서,neither,"Access difficulty, no evaluation of system"
32,사소한것도 올리는 사람들을 많이 봤음 연예인 군대 청원은 정말 어처구니가  없었음,citizen,Criticism of trivial or frivolous citizen petitions
33,없음,neither,No content provided
35,거의 반영이 되지않고 담당자가 업무를 거의 회피하고 있음,government,Government staff avoiding responsibility
36,명확한 근본적 문제해결에 대한 답이 부족함,government,Lack of fundamental problem solving by government
37,보다 더 활성화 필요성이 있어보입니다.,government,Need for more activation of system by government
38,"특정 양식이 없다보니 
가독성이 떨어짐",citizen,No format reduces readability of citizen content
40,실현될 가능성이 낮다,government,Low possibility of realization by government
41,피해자가 다수의 대상이 되거나 피해가 클 경우  공개 청원이나 민원의 경우 대상자가 나 또는 가족일 수  있다고 생각하고 적극적으로 처리 또는 그렇게 처리하지 못하는 절충의 한계나 이해관계로 처리 못하는 것이 안타까운 현실이고 한계입니다,government,Limits in government handling of petitions
42,전담 직원이 필요할 정도로 아무리 작은 민원이라도 꼼꼼히 읽고 타당성과 그 효과를 점검하여 국민의 편의를 기해 주었으면 한다.,government,Request for thorough government staff review
43,없음,neither,"No content, no evaluation object"
44,신속성과 투명성,government,Focus on responsiveness and transparency of system
45,다른 사람의 의견(문제해결을 위한 추가 방안)을 덧붙일 수 있는 방안도 마련되면 더 좋을 것 같다.,citizen,Focus on citizen opinions and additional input
46,동의하는 인원수에 도달하지 않으면 그냥 없어진다는 것. 시간이 너무 부족하다,government,Focus on petition process and time limits
47,모릅니다,neither,"Expresses ignorance, no evaluation object"
48,없음,neither,"No content, no evaluation object"
50,민원제도의 투명하지 않는점,government,Focus on transparency of complaint system
51,참여해 보지 않아서 잘 모르겠다,neither,"No experience, no evaluation object"
52,원인 분석에 대한 정확한 근거 부족 및 대안에 대한 실질적 제안이 부족,citizen,Focus on quality and substance of citizen proposals
53,없음,neither,"No content, no evaluation object"
54,없음,neither,"No content, no evaluation object"
55,"개인적 불편, 불이익에 초점이 맞추어진 경우가 보이고, 감정적 글쓰기로 읽기 불편한 글도 보인다.",citizen,Focus on emotional and poor citizen submissions
56,내용을 이해하기 힘들다,citizen,"Difficulty understanding content, citizen input"
57,민원담당자의 권한 부족 및 인당 업무량 과다,government,Focus on officials' authority and workload
58,없음,neither,"No content, no evaluation object"
59,"정부의 해결하고자 하는 의지가 절대적이며, 대다수 공무원들의 무사안일주의 등으로 실효성이 없는 제도임",government,Focus on government will and effectiveness
60,각각의 사안을 맞게 판단해야하는데 일률적인 판단에 의한다는 인식이  있음,government,Focus on government's judgment process
61,민원의 진정성을 어떻게 판단할것인가 가 가장문제일거같음,citizen,Focus on judging sincerity of citizen petitions
62,처리속도가 늦고 회신이 거의 없다,government,Focus on processing speed and feedback
63,제도는 많은 국민이 불편함을 느끼고 해소를 원하는 사항이 선택되는것이 우선이라고 생각한다. 어느 한 집단 혹은 개인의 불편함을 해소하기 위해 제도를 변경하면 그에따라 다른 집단 및 개인은 불편함이 생기게 마련이다. 최대한 많은 국민이 혜택을 누리거나 불편함을 해소할 수 있는 청원이 우선시 되어야 한다,both,Considers citizen needs and system prioritization
64,없음,neither,No content or answer given
65,가끔 청원 자체를 위한 청원을 하는 경우가 있으니 좀 더 면밀히 살핀 후 올리는 방식은 어떨까 싶습니다,citizen,Focus on filtering citizen petitions
66,고려해야 할 복잡한 요소들이 너무 많아 모든 공개청원이나 민원신청을 받아들이기 어렵다,government,Difficulty accepting all petitions by government
67,똥글을 싸지르는것을 똥글이라고 지우기에도 형평성에 어긋나서 처리가 어렵습니다.,citizen,Frivolous posts by citizens
68,소리없는외침... 소귀에 경읽기,government,Government ignoring petitions
69,민원에 대한 필터링이 없어 이용에 불편을 느낀다,government,Lack of filtering causes inconvenience
70,잘 모르겠습니다,neither,"Uncertain, no frame"
72,"글의 공정성과 취지에 맞게 정말 청원, 민원에 관련된 글인지 확인하는 점.",citizen,Checking petition content quality
73,일단 실현가능성이 있느냐의 관한 한계가있는것같습니다,government,Limitations on feasibility of petitions
74,현실가능성 및 실현 가능여부 문제점이 있음,government,Problems with feasibility and realization
75,실현가능한 대책 부족,government,Lack of feasible measures
76,일반인들 기준 자유로운 양식에 따른 청원에서는 다른 사람이 보기엔 힘들 수 있다.,citizen,Citizen petition format issues
77,잘 모르겠음,neither,"Uncertain, no frame"
78,모릅니다.,neither,"Uncertain, no frame"
79,효과를 찾기가 어렵다,government,Difficulty finding effectiveness
80,신속하고 명쾌한 답변과 실행력 담보가 관건이라고 생각합니다,government,Need for prompt government response
81,청원 및 민원제도 등 민원을 신청할 경우 신속하고 검증을 통한 정확한 답변을 원합니다.,government,Desire for accurate government answers
85,사소한 것까지도 청원 및 민원을 올리는것,citizen,Citizens submit trivial petitions
86,너무 많은 내용이 올라오는거 같아요.,citizen,Too many citizen petitions
87,무분별한 청원,citizen,Indiscriminate citizen petitions
88,잘 모르겠음,neither,No clear evaluation of system or content
89,탁상행정으로  마무리되지않길 바랄뿐,government,Concern about government administrative handling
90,"모름 
",neither,No knowledge or opinion expressed
91,"현재 시행하고 있는 제도일수도 있는데 몰라서 민원을 제기할수도 있음 
이러한 것을 사전에 조회 해보고 공개 청원이나 민원을 제기 하도록 하면 좋을 듯",both,Mentions citizen petitions and government process
92,민원 수용에 대한 한계,government,Limits of government petition acceptance
93,자신에게 생긴 문제에 국한해서 이를 해결해 달라는 식의 청원이 많음,citizen,Focus on citizens' self-centered petitions
94,너무 많은 민원,citizen,Too many petitions from citizens
95,이슈몰이를 하는 경우가 종종 발생함,citizen,Issue of mob-driven petitions
96,관심이 없는 사람들이 많고 청원이 받아들여지는데까지의 시간이 너무 오래 걸리고 시간과 노력의 댓가가 보장되지 않는다는 부분이 안타깝다.,government,Government responsiveness and feedback issues
97,효율적인 민원 제기 양식이 없다.,government,Lack of efficient petition format by government
98,너무 범위가 넓고 자잔한 사소한 일들도 많음,citizen,Too many trivial citizen petitions
99,반영에 오래 걸린다,government,Long delay in government reflection
100,일목요연하게 정리하여 가독성 있게,citizen,Need for clearer citizen petition presentation
101,정부에서 민원 제기에 대한 실질적인 실현 의지가 있는지에 대한 문제와 공익적인 목적보다 개인의 민원 해결을 하려는 사람들의 민원 제기가 문제임,both,Government will and citizen petition nature
102,처리 과정을 정확하게  알 수 없다...     민원 의 요지가 제대로 전달되기 힘들다,government,Lack of transparency and communication by government
103,무분별한 청원,citizen,Uncontrolled citizen petitions
104,불필요한 또는 중요하지 않은 무분별한 청원 민원을 가려내는 방안이 필요하다고 생각됨,citizen,Need to filter unnecessary citizen petitions
105,해결안을 현실적으로 반영하기 어렵다.,government,Difficulty in government reflecting solutions
106,없음.,neither,No content to evaluate
107,"신속성에 의문이 있고 정책에 반영이 되는 과정, 결과가 일반 국민들에게 제대로 피드백이 되는 것 같지 않음",government,Doubt about government speed and feedback
108,본인들 불편한 점만 이야기함,citizen,Focus on citizens' complaints content
109,없음,neither,No content provided
110,개별적인 청원 및 민원이 기준없이 너무 많이 작성됨,citizen,Too many petitions without standards
111,유사 반복적인 민원을 지속적으로 내는 문제,citizen,Repeated similar petitions by citizens
112,사회 전체보다는 자기 입장만을 생각하는 경향이 있고 부작용은 고려안한다,citizen,Citizens focus on own interests
113,권한있는 부서에서 너무 형식적이고 개선에 대한 의지가 없음,government,Authority's formal and unmotivated handling
114,별로 없다,neither,No significant content
115,전부 수용하기에는 너무 많은 문제들이 있다.,citizen,Too many issues to accept all
117,한쪽에 편향된 주장은 피해야 될 사항,citizen,Avoid biased citizen opinions
118,사람마다 느끼는 상황이 다름,citizen,Different perceptions among citizens
119,없음 이대로 좋으며 다수 의견을 들어 참고하면 좋을 듯함,citizen,Value of hearing majority opinions
120,제도를 이용하려는 사람 또는 조직으로 인한 행정력 낭비,government,Administrative burden from users
121,실행가능여부가 의문,government,Doubt about feasibility of execution
122,없음,neither,No content provided
123,원하는 결과를 기대하기 어렵다,government,Difficult to expect desired results
124,실현 가능성이 없어보였다,government,Low feasibility of realization
126,"진행여부 및 결과에 대한 공유 부족, 공개청원으로 많은 수가 동의하여도 바뀌지 않는 현실",government,Lack of feedback and policy change
127,"싫어하는 사람이나 정당, 단체들을 아무거나 엮어서 할수 있다는 것이 한계라고 생각합니다.",citizen,Limitations due to biased citizen groups
129,이걸 쓴다고 정책에 반영하질 않음,government,Petitions not reflected in policy
130,청원 사항에 대한 진행 여부에 대한 궁금증,government,Curiosity about petition progress
131,무분별하게 올리는것은  자제할 필요가 있음,citizen,Focus on citizens posting indiscriminately
132,정책의 문제점과 개선방안에 대한 핵심답변 필요,government,Need for core policy responses
133,무분별한건의가넘많이올라온건문제다 반면꼭바뀌어야할건의들은정책에잘반영해서모든국민이도움이되는일이많았으면좋겠다,both,Mentions frivolous petitions and policy reflection
134,너무 아무거나 막 질문을한다,citizen,Complaints about random questions
136,모름,neither,"No clear frame, 'don't know'"
137,실현가능성 다소없음,citizen,Doubt about feasibility of petitions
139,한쪽의 주장만 반영되어 있음,government,Only one side reflected in policy
140,개인적인 상황을 대부분 대변하고 있어서 안타깝습니다. 보다 좋은 정책을 제안하기위해서 개인의 연구와 다수의 의견이 병행되는 것이 좋을 것 같습니다. 이러한 과정을 거치면 시간이 들겠지만 그래도 여러의견이 모이면 분명이 좋은 제도가 됙것 입니다.,citizen,Focus on citizen opinions and research
142,의미없는 글도 많이 올라올것같음,citizen,Many meaningless posts expected
143,청원 남발 우려됨,citizen,Concerns about petition overuse
144,아무나 다 청원할 수 있는건 좋지만 어느정도의 필터는 필요하다고 느껴짐,citizen,Need to filter citizen petitions
145,민원 절차 간소화,government,Simplify complaint procedures
146,정권 교체시 마다 공개 청원 및 민원 제도가 매번 바뀌게 되어 일관성이 미흡함.,government,Inconsistency in government system
147,"공개 청원이나 민원 제기시 공무원이나 공공기관인력들이 관련된 문제의 경우 책임 등 여러가지 관련된 사항으로 인해 덮어버리는 경우가 많은 것 같다. 언제부터인가 우리나라는 말로는 국민우선,민간주도라고 하면서도 공무원들 우선 편의주의로 행정처리 함. 
특히 대한민국에서는 회사 운영한다고하면 100% 말리고 싶음.",government,Government officials' handling criticized
148,어차피 현장으로 넘기는 거,government,Petitions forwarded to field (government)
149,공익보다는  개인 사익을 추구,citizen,Focus on personal interest petitions
150,편향된 생각으로 여론이 쏠릴 수 있다.,citizen,Public opinion bias concerns
151,실현 가능성이 적다,citizen,Low feasibility of petitions
152,내용이 방대하고 넓어 실질적인 해결이 가능할지 의문,government,Doubt about practical resolution
153,집단이기주의에 의한 무분별한 청원,citizen,Group selfishness in petitions
154,처리 되는 속도가 너무 오래 걸린다,government,Focus on processing speed by government
155,가끔씩보면 실현 불가능한걸 청원하는 경우가 있는대 그런걸  못하게 해야할거 같아요,citizen,Focus on unrealistic citizen petitions
156,"무분별한 청원 
지극히 개인적인 청원 
개선방안, 기대효과 없는 하소연성의 청원 
무엇보다 청원을 올려도 바뀌지 않을 것 같은 정부",both,Mentions citizen petitions and government response
157,불필요한 청원이 많고  정치적이거나 거짓 선동되는 청원들이 너무 많이 올라온다,citizen,Focus on frivolous and political petitions
158,모르겠음,neither,"Non-answer, no frame revealed"
159,없음,neither,"No content, no frame revealed"
160,일반 개인의 역량으로 적절한 정책 안이 만들어지기는 어려움.,citizen,Focus on citizens' ability to make policy
161,접근이어렵다,neither,"Access difficulty, no frame revealed"
163,제도적으로 누구나 공개적으로 작성할 수 있기에 무문별한 청원이 발생할 수 있음. 꼭 필요한 청원이 실현되지 못할 수도 있음.,both,Mentions citizen petitions and system issues
165,되는지 안되는지 모르고 안된다고 느낀다.,government,Focus on government response uncertainty
166,무분별한 항의성 민원 게시.,citizen,Focus on frivolous complaint posts
167,여러가지 제안을 해도 제대로된 해결점이 시원하게 나타나지 않음,government,Focus on lack of government solutions
168,아는 사람만 앎,neither,"Awareness issue, no frame revealed"
169,좋은 제안이나 제도가 있겠지만 많은 글을 읽고 해석해야 하는 어르신들에게 보다  쉽고 빠르게 전달할 수 있는 음성 메시지를 추가해 주시면 어르신들께서 글에대한 이해와 참여도가 높아질 것으로 생각됩니다. 좋은 제도는 계속 되어야 합니다.,government,Focus on improving government system
170,무분별한 청원과 선동 청원. 그리고 특정 정치색을 드러내는 청원으로 인해 국민들의 목소리라기보단 클릭 수 싸움이 되는 듯한 기분,citizen,Focus on nature of citizen petitions
171,소통의 한계가 명확히 드러남,government,Focus on communication limits of government
172,접근성,neither,"Access issue, no frame revealed"
173,각자의 의견이 다르기에 공감도도 다를수 밖에 없다,citizen,Focus on differing citizen opinions
174,없음,neither,"No content, no frame revealed"
175,권력의 논리대로,government,Focus on government power logic
176,다양한 의견을 제시해도 너무나 많은 의견으로 모든 일을 다 처리하기어렵고 현실적으로 불가능하다.,government,Focus on handling many opinions realistically
177,보여주기식의 공개청원 이미지가 짙어서 실제 효과는 거의 없다고 본다,government,Evaluates actual effect of government response
178,"정말 진실되게 필요한것을 청원하거나 민원을 넣어야되는데 자기만 피해본듯한 글들이 너무 많다. 이런것들을 개선햇으면 한다. 
",citizen,Focus on quality and sincerity of citizen petitions
179,모르겠음.,neither,No opinion or unknown
180,"국회의원들은 자기들 합리화를 위해서는 법도 잘 만들면서 공개청원 민원제도에 대해서는 별로 신경쓰지 않는것같아 아쉽다 
국회의원들이 정신을 차려야 나라가 산다",government,Criticizes lawmakers' attention to petitions
181,너무 많은 청원이 올라오니 처리하는데 많은 시간과 비용이 들 것 같고 구체적인 해결 방안은 없을 것 같습니다,government,Concerns about processing time and cost
182,객관성보다 주관적 생각이 많고 현실화 어려운제안도 많은것,citizen,Focus on subjective and unrealistic proposals
183,청원을 처리하는 투명성이 보장되지 않고 시행 여부를 국민이 명확하게 모름.,government,Lack of transparency in petition processing
184,"청원 주체가 개인이고 또 한 청원인 의 주관적 경험치에 의해서 작성되는 현실에서,  제 생각에는 여러 집단이 모여서 토론을 통해서 
구체적으로  청원인 의 내용을 검토해보는 위원회가 있음 좋겠다는 생각을 합니다. 
위원회에서 검증을 거친 후 담당 부서로 이송해서 정책적으로 완성되기를.",both,Suggests citizen content review and government policy
185,개인적인 민원이 많다. 댓글은 비활성화시켜야 떼거지가 없어질 것 같다,citizen,Focus on individual petitions and comments
186,피드백부족,government,Lack of feedback from government
187,공공의 이익을 위해 구체적이고 효과적인 청원이나 민원을 제안해 주세요,citizen,Requests effective citizen petitions
188,무분별한 민원 발생 및 리소스 제약 미고려,both,Uncontrolled petitions and resource limits
189,가끔 합리적이지 않은 민원이 있는 점,citizen,Presence of irrational citizen petitions
190,"무분별한 이슈가 많고 문제 개선점을 찾는데 있어 추상적인 해결방안 제시가 많다 
",citizen,Many indiscriminate issues and vague solutions
191,너무 단순하다,neither,"Too simple, no clear object"
192,"항목이 세분화 되어있지 않아 제안들의 내용이나 규격이 들쑥날쑥하고, 명확한 형식이 정해져 있지 않아 공적인 제안이나 사적인 감정을 담아서 쓰거나 성의없이 작성하는 경우가 있는 것 같음.",citizen,"Unstructured, insincere citizen proposals"
193,"누구나 문제점을 제기하고 개선방안을 제안하는 취지는 좋으나 그 수가 너무 많고 제대로된 취지의 민원을 가려내는 것이 힘들고 
민원을 받아들이는 곳에서 서로 떠넘기고 제대로 처리안되는 돌려막기식의 그저 민원의 수락과 완료에만 급급한 행정처리가 될 수 있다",both,Citizen volume and government poor handling
194,다수가 문제점을 들여다볼 장소와 기회를 얻었다는 데서 좋지만 이렇게 우르르르 끓어오르다가 스르르르르 사라지는 식이 아닌가 싶습니다. 국민청원에 나온 아주 큰 문제점들은 그후 해결책이 어떻게 진행되었는지도 드러내주면 어떨까 싶습니다.,both,Citizen voice and government follow-up needed
195,거의 이해상충이 되어 실현불가능한것이다,citizen,"Conflicting, unrealistic citizen petitions"
198,"공개 청원 및 민원 제도에서 작성 양식은 일정하게 제공되고 있으나 실제로 작성된 글들의 문체나 논조가 제각각이라 가독성이 떨어지는 문제가 있습니다.  
특히 청원 목적이 분명하지 않거나 감정적인 표현이 지나치게 섞인 경우에 문제의 본질을 파악하는 데 어려움이 있습니다.  
제도의 취지를 살리기 위해서는 일정 수준의 형식이나 가이드라인을 제시하여 보다 명료하고 객관적인 표현을 유도할 필요가 있다고 생각합니다.",citizen,Focus on citizens' writing quality and clarity
199,민원처리의 공개성 및 신속성 부족,government,Focus on government's processing speed and transparency
203,감정에 호소하는 부분이 있어 설득력이 떨어질 가능성이 있음,citizen,Focus on emotional appeals in citizen submissions
204,무분별한 민원 및 여론조작은 막아야 한다,citizen,Concern about frivolous petitions and manipulation
205,실효성,government,Focus on system effectiveness
206,"내용이 개인적이거나 모두가 공감할 수 없는 제도에 대해서는 1차적으로 지역에서 처리하는것이 좋고  
 보편적인 제도에 대해서는 국민신문고를 이용하는것이 바람직함",government,Focus on petition handling and jurisdiction
208,개인적인 사안도 공개 청원을 하는 사람이 많다.,citizen,Focus on personal nature of citizen petitions
209,온라인 상에서의 여론 몰이가 결과에 반영되는 듯 함을 느낌.,citizen,Focus on public opinion influence by citizens
210,"너무 많은 청원 그리고 국민들의 우르르 몰리는 성향으로 엉뚱하게 여론이 조성되는 경향이 없지 않아 있다. 
정부는 그 여론때문에 문제를 들어주는 경우도 있는것 같다 
",both,Mentions citizen behavior and government response
211,청원의 내용을 한눈에 알아보기 어렵고 정확한 시행요구나 결과가 어떻게 되었는지 알수가 없다는 점이 답답하다.,government,Focus on clarity and feedback from government
212,처리 절차와 검토 진행에 따른 결과까지 걸리는 시간이 오래 걸리는 것 같음,government,Focus on processing time by government
213,공개청원과 민원제도로 인해 공무원들이 꼼꼼하게 읽어가며 다 해결할수있는 문제는 아니라서  소용없는 제도인거같음.,government,Focus on government officials' handling
215,"상투적 말투의 답변, 명확 개선일자가 필요한 시일 기재",government,Focus on official responses and improvements
216,해결 방안의 실현가능성이라던가 본질에 대한 이해가 부족하다고 느껴진다,citizen,Focus on petition feasibility and understanding
217,한페이지에 넣기에 전달력이 부족할수 있음,citizen,Focus on communication clarity of petitions
218,해결이 되지 않는 사례가 너무 많고 민원도 청원도 너무 많다보니 묻히는 경우가 빈번하다,government,Focus on volume and government handling
219,법적 지식이 없고 알고있는 지식수준이 낮아 적절한 평가를 내리는데 한계가 있음,citizen,Focus on citizens' knowledge limitations
220,논리적이지 않고 감정에 호소하는 무분별한 청원 및 민원이 많음,citizen,Focus on emotional and illogical petitions
222,개인의사적인  불평불만을 요구하는 내용이 너무많다   우리나라와 우리사회의 문제들을 공론화 하는 게  중요하다,citizen,Focus on citizens' complaints and public discourse
223,"기관에서 의견만 듣고 끝나버리는게 아닌지 
현실적으로 실행 가능한게 있는지 의문이 듭니다.",government,Focus on government's follow-up and execution
224,전국민의 수준 향상으로 인하여 집단지성이 꽤나 전문적인 의견을 개진하나 민원을 대하는 공무원들의 인식 등은 크게 변하지 않는거 같다.,both,mentions citizens' opinions and officials' perception
226,"청원은 청원에서 끝나고, 결국은 법제화로 시현이 되어야 하나, 국회는 의원개개인과 소속 정당의 사리사욕을 먼저 생각하고 있어 의미가 퇴색됨",government,focus on lawmaking and parliament's role
227,긍적적이다,neither,"vague positive comment, no object"
228,개인의 감정이 많이 포함 된다고 느껴진다.,citizen,focus on emotional content of citizens
230,현재 좋아요,neither,"simple positive, no object"
231,전문분야의 적정성 평가없이 담당부서에 이관하는 한계가 가장 큰 문제점이다.,government,focus on government process limitations
232,청원한 내용이 실현되는지 모르겠음,government,uncertainty about realization of petitions
233,한시적으로 민원에 그치는 경우가 많은 것 같다.,government,"petitions remain as complaints, government handling"
234,"감정적인 글들이 무분별하게 올라옴 
현실적인 개선방안을 생각하지않고 감정호소가 목적인 글들이 많음",citizen,"focus on emotional, unfiltered citizen posts"
235,내용의 확실한 작성의 제한?,citizen,focus on content writing quality
236,없음,neither,no content
237,떼스는 내용의 청원도 대응을 해야한다는 점에서 문제가 있음,both,mentions mob petitions and need to respond
238,"너무 무분별한 제안들이 많은것 같습니다 
어느정도의 기준이나 가이드라인이 있어 필터링을 해야할 필요가 있어 보입니다",citizen,need to filter citizen proposals
239,공개 청원 및 민원 제도를 통해 얼마나 사한들이 해결 될 수 있는지 의문이다,government,doubt about problem solving via system
240,제도 존재 자체에 대한 사회적 인지가 부족합니다. 홍보를 늘려서 더 많은 사람들이 알고 사용해야 다양한 사례가 누적되어 개선 방안도 효율적으로 도출할 수 있을 것이라 생각합니다.,government,focus on awareness and system use
241,실제 반영까지 오래 걸림,government,delay in reflection of petitions
242,"여론몰이, 타당하지 않음등 너무 개인적인의견",citizen,"focus on personal, invalid opinions"
243,너무 주먹구구식의 의견들이 많다,citizen,focus on poor quality opinions
244,국민들의 많은 참여가 필요하다. 더많은 홍보와 경품으로 더많은 참여를 이끌어내야한다,citizen,need for more citizen participation
245,답답하다. 명확히 처리되는지 알 수 없다.,government,uncertainty about processing transparency
246,공개청원 및 민원제도에 대하여 노인들의 경우 제안하기 힘든경우가 많아서 다양한 연령대에서 제안이 쉽게 가능할수있는 방안이 모색되었으면 좋겠음,government,Focus on accessibility and government facilitation
247,공통되고 다양된 의견을 한번에 수렴하기 어려운 점이 있음,government,Difficulty in government's collection of opinions
248,그냥 그래서,neither,No meaningful content or frame
249,처리 과정을 좀 더 디테일하게 추적해서 확인할 수 있기를 희망합니다.,government,Desire to track government processing
250,"실효성이 없는 방안을 제시하는 것, 문제제기의 해결방법이 바로 적용되기에는 어렵다는 점.",citizen,Quality and realism of citizen proposals
251,수용가능한 범위안에서 민원만 처리하고 나머지 사항들은 제대로 이루어 지지 않는 거 같아서 아무래도 주관적 생각이 포함되어지는 거 같아 아쉽다,government,Government's selective handling of petitions
252,답하는 기관의 이해관계에 의해 민원 회신의 결과가 왜곡됨,government,Government response bias due to interests
253,"직접 찾아서 참여하는 국민들도 있으나, 이러한 제도를 모르는 국민들이 아직도 많은것 같습니다. 
이러한 제도가 있고, 참여할수 있도록 많이 알려주셨으면 합니다. 모든 국민이 억울하거나 법 앞에서 보호 받을수 있도록 좋은 제도와 개선이 필요합니다.",government,Government's role in awareness and protection
254,개인적인 경험담을 써놓은 경우가 많아 실질적인 정책 제안에 못미치는 수준의 글이 많이 올라올 것 같아서 체계적인 민원 플랫폼이 요구되어 공무원이 민원을 접했을 때 즉각적이고 효율적으로 민원의 내용을 파악하고 정책으로 이어질 수 있도록 해야한다.,both,Citizen content quality and government processing
255,특별히 없음,neither,No specific content or frame
256,"개개인의 의견이 너무 많이 들어가있을 수 있고, 타당하지않은 의견도 많을 수 있다.",citizen,Too many invalid citizen opinions
257,민원인들의 청원을 제대로 수리하는 경우가 드물다,government,Government rarely properly processes petitions
258,"민원한 내용에 대한 개선,실행여부",government,Government's follow-up on petition outcomes
259,본인 위주의 제안이 많다,citizen,Self-centered citizen proposals
260,없다.,neither,No content or frame
261,없어요,neither,No content or frame
262,공개 청원 및 민원을 넣어도 해결된다는 보장이 없어서 보여주기 식 행정 같음,government,Government's ineffective response to petitions
263,"다양한 생각을 갖고있는 사람이 많기에,,,",citizen,Diversity of citizen opinions
264,잘모르겠습니다.,neither,"Expressed ignorance, no frame"
265,"너무 무분별하게 많이 올라오고 공론화 되기 쉽지 않음. 
개인의 욕구 분출이 많아서 변별하기 어려움. 
전반적인 사회를 위해서가 아닌 특정 직업이나 연령, 성별을 위한 것들이 지극히 이기적인 것들로 평등하지 않을 수 있음.",citizen,Frivolous and selfish citizen petitions
266,무분별한 청원으로 진짜 도움이 필요한 청원이 뒤로 밀림,citizen,Focus on frivolous citizen petitions
267,말도 안 되는 청원 및 민원을 무차별적으로 넣고 있는 것,citizen,Criticism of unreasonable citizen petitions
268,감성에 호소하는 글이나 지극히 개인적인 내용을 건의하는 부분이 너무 많다,citizen,Focus on emotional and personal citizen content
269,"너무 무분별하게 올라오는 제안이 많음 
",citizen,Too many indiscriminate citizen proposals
270,"직장인 또는 중장년층, 젊은 사람들은 컴퓨터를 통해 다양한 경우의 수를 볼수있어서 참여를 할수있지만 나이가 있거나 이런 공개청원 및 민원제도를 모르는 경우가 많은거 같다, 홍보 또는 많은 알림이 있었으면 좋겠다",neither,Focus on access and awareness
271,개선되었는지,government,Question about system improvement
272,"민원을 제기할 수 있는 사람은 너무 많고 취지에 맞지 않는 청원도 있다는것이 문제입니다. 
또한 그에 따른 피드백이 빠르지못하고 투명하지못하는 인력적인 부분에서도 한계가 있다고 생각합니다.",both,Mentions citizen content and government feedback
273,"공무원들이 일 많아진다고 각하할 핑계만 찾는 것은 아닌지 걱정됩니다. 
신문고를 통해 제도 개선을 요청하면 시행 안하는 경우를 많이 보았습니다. 
기업에서는 안되는 이유보다 되는 방향을 찾으라고 가르치는데, 공무원들도 이렇게 바뀌어야 하며 
하겠다고 했으면 일정 계획을 세워 추진하고 그 진행 현황을 빠짐없이 피드백 해 주어야 한다 생각합니다.",government,Focus on government responsiveness and feedback
274,포장해놨으나 사사로운 개인이득에 더 집중되어 있다.,citizen,Focus on selfish personal citizen motives
275,"사회 다수의 공동체가 인식을 느끼는 것이 아닌 개개인의 사사로운 감정과 기복에 치부한 민원성 글을 게시하여 공감대를 얻지 못함. 다수의 인원이 체감할 수 있고, 그로인한 공공복리 증진의 의미가 부여되는 형식의 민원제기와 청원이 맞다고 사료됨.",citizen,Focus on personal emotions in citizen petitions
276,잘 알지 못하는 내용에대해 이해가 부족,neither,"Lack of understanding, no object"
278,문제 해결에 대한 결과 공개 및 공유가 부족함,government,Lack of result disclosure by government
279,개인이 해결할 수 있거나 지자체를 통해 해결 가능한 민원 마저 공개청원하는 것이 문제다,citizen,Inappropriate citizen petitions
280,실현 안됨,government,Petitions not realized by government
282,형식적이고 원론적인 답변만 듣는게 현실임,government,"Formal, superficial government responses"
283,없음,neither,No content
284,전문가가 아니다보니 주장에 미흡한 부분이 있는거 같습니다.,citizen,Citizen lack of expertise
285,논리적 근거 미흡,citizen,Citizen petitions lack logic
286,없어요,neither,No content
287,무분별한 청원과 민원이많다,citizen,Too many frivolous citizen petitions
290,미처리,government,Unprocessed petitions imply government handling issue
291,너무 난무하는 청원은 제재가 필요하다고 생각함,citizen,Focus on excessive petitions needing regulation
292,잘 모르겠음,neither,"Expresses uncertainty, no frame revealed"
293,"형식적 수용 일정 인원이 참여하면 ‘답변’은 하도록 되어 있지만, 그 답변이 실질적 조치로 이어지지 않는 경우가 많음.",government,Focus on government's formal but ineffective response
295,결론이 없는 과제,government,Issue with unresolved tasks implies government handling
296,잘 실행되어지지 않는다,government,System not well implemented implies government issue
298,국민 청원시 빠른 결과 회신 및 끝까지 개선하려는 누군가의 노력이 필요합니다.,government,Need for quick response and improvement efforts by someone
299,무분별한 청원과 신속한 대응이 아쉬움,both,Mentions indiscriminate petitions and slow response
301,개인적인 문제나 터무니 없는 내용의 민원이 많다고 생각한다.,citizen,Many personal or absurd complaints from citizens
303,제안을 내도 현행에 반영될지 의문,government,Doubt petitions reflected in current policies
304,타당성등은 있으나 현실로 안이어진다는게 문제,government,Feasibility exists but no real implementation
309,간편한 이용,citizen,Easy usage focuses on citizen access
310,적극적인 홍보 및 접근성이 나아졌으면 좋겠습니다.,citizen,Better promotion and accessibility for citizens
311,잘 모르겠음,neither,"Expresses uncertainty, no frame revealed"
314,내가 느끼는 애로 사항을 정확하게 전달 하기가 어렵다.,citizen,Difficulty expressing personal issues clearly
315,어차피 올려도 의미 없음. 국회의원놈들이 일을 안 함. 월급 최저임금으로 주고 가지고 있는 재산도 압수해야 함. 강선우 갑질 장난하나 진짜 목숨 없애버리고 싶음.,government,Criticism of politicians ignoring petitions
316,공개청원을 해도 알려지지 않은 경우 많은 사람들이 모르는 경우가 많습니다,citizen,Petitions unknown to many citizens
317,정부에서 들어주는지가 궁금하다,government,Curiosity if government listens
319,해결 안되는 부분도 상당수다,government,Many issues remain unresolved by government
320,제도에 대한 홍보가 제대로 이루어지고 있지 않은것 같음.,citizen,Lack of promotion of system to citizens
321,"한쪽의 의견으로 대다수의 국민과 국가 전체 발전의 이익추구보다 개인적 혹은 일부단체에게만 이익인 일방적인 청원으로 많다. 
예시의 내용들을보니 단계적이고 구체적이기보다 뭔가를 그냥 해줘 힘드니까 나라에서 해줘 뭐 이런느낌이 들어서 인상찌푸리는 예시가 많았다",citizen,"focus on citizens' selfish, one-sided petitions"
323,"민원과 청원의 내용이 일반 시민 다수에 해당하는 사안 이 우선되어야 하는데  
특정 이익집단을 위해 악용될 소지가 있어 보인다",citizen,concern about misuse by interest groups in petitions
324,여론 몰이식 청원 및 형식적인 답변으로 구체적인 청원 답변에 대한 추진 계획 및 결과가 공지 되지 않는 사황 발생.,government,mentions lack of government response and transparency
325,공식 절차가 복잡함,government,focus on official procedural complexity
326,"비전문가의 단순 개인의견을 정책으로 반영하려는 사람들이 많다 
정책의 결과가 단순의 본인의 생각으로 이루어질거라 믿는 사람들의 의견을 들어줘야 할 이유가 없다. 
",citizen,criticizes non-expert citizens' opinions in policy
327,없음,neither,no content provided
329,없음,neither,no content provided
330,서술형,neither,no evaluative content
332,없습니다,neither,no content provided
333,구체적인 대안이나 근거없이 무분별한 청원을 함.,citizen,criticizes indiscriminate petitions without basis
334,보여지기식이라고 느껴짐,government,"feels petitions are for show, government handling"
335,실현가능성이 없는게 많아보임,citizen,many petitions lack feasibility
336,청원의 진행여부 파악불가,government,"cannot track petition progress, government issue"
337,개인신변,citizen,mentions personal matters in petitions
338,"무분별하게 올라오는 민원이 많은 것 같고, 일반인으로써 볼 수 있는 단편적인 부분에 대한 내용이 나오는 것 같음. 
",citizen,many indiscriminate petitions from general public
339,청원을 해도 잘 받아들여지지가 않음,government,"petitions not accepted, government responsiveness"
340,"개인적으로 느끼는 상황에 따른 제안이기에, 개인이나 소속 집단의 이득을 우선시 한다",citizen,petitions prioritize personal or group gain
341,진지한 검토와 대안으로 확실한 결과물을 만들어 내야,government,calls for serious review and results by government
342,지자체가 일을 안한다,government,local government not doing its job
343,특정집단의 이익이 부각되는 경우가 있어보인다,citizen,focus on interest groups' petitions
344,"적극적이고 빠른 답변이 부족. 2023년 10월 25일경 대통령실 민원을 올린  회신이 아직 오지 않고 있음. 
오히려 그해 11월에 교육부 직원이 취소해달라고 하였음.",government,Focus on government response and processing
345,잘 모르겠습니다,neither,No clear frame or opinion given
346,수많은 민원이 투명성 있게 처리가 될 수 있을지 의문이 든다,government,Doubt about transparent processing by government
347,국가예산은 한정적인데 상당수의 공개청원이 약간 많은 예산을 투입해달라는 방향으로 간다. 그리고 보통 자신의 입장에서 작성하는 것이기에 실현불가능한 제안도 종종 보이는듯 하다.,both,Mentions citizen proposals and government budget
348,편파적인 시선으로 민원의 내용이 쏠릴수 있다.,citizen,Focus on biased citizen petition content
349,신뢰도가 낮음,neither,General distrust without clear object
350,객관적이지 않고 주관적인것들이 있어서,citizen,Subjective citizen submissions criticized
351,없음,neither,No content provided
352,"무작정 자신의 의견만 올리고 요청하는 느낌이며, 해결 방안을 일부 인정할 수 있으나 많은 사람들의 공감과 이해성 및 정책이 만들어져야 하는 부분이 있어 국회에서도 문제점에 대한 충분한 논의가 있었으면합니다.",both,Citizen content and need for government discussion
353,내용이 길면 안 읽기 때문에 늘 짧게해야됩니다,citizen,Focus on citizen petition length and readability
354,청원된것들이 제도화되기 어려운내용도 있어서,citizen,Some petitions unrealistic or hard to institutionalize
356,없음,neither,No content provided
357,몇 몇 청원은 이기주의적임. 떼쓰는 것과 다를바 없음. 이러한 청원들도 검토해야하는 것은 리소스 낭비임.,citizen,Selfish petitions waste resources
358,소통은 원활할 수 있으나 허위글에 대한 진위 여부는 꾸준히 확인해야 할 과제가 아닐까 싶다.,government,Government must verify false petitions
359,청원난립에 대한 개선방안마련,government,Need to improve petition management by government
360,잘 모르겠어요.,neither,No clear frame or opinion given
361,"둘다 일반 경험이 없는 시민들이 하기에는 어렵단 느낌이 듭니다, 접근성이 어렵고 이걸 작성하는 것이 일반 서민들에게 쉬운 문제일까요",both,Difficulty for citizens and system access
362,"기존엔 어떤 의견이든 민원을 제기할 수 있다고 생각했는데 
몇 가지 예시를 보니 좀 타당성이 떨어지는 것 같긴 함 
특정 세력(사이비 종교나 이익 집단)의 담합 등이 염려됨 
(그럼에도 불구하고 공개 청원은 적극 활용되어야 된다고 생각함)",both,Citizen content concerns and government role
363,자기 중심적인 사고방식으로  내용을 전개함.,citizen,Self-centered citizen content criticized
364,취지는 이해하나 실현가능성에 의문,citizen,Doubt about petition feasibility from citizens
365,담당자들의 형식적인 답변.,government,focus on officials' responses
366,관심사가 없으면 소수 의견에 그칠 것 같다.,citizen,focus on minority opinions' presence
367,실현 가능성이 있는게 거의 없고 설령 있다고해서 실현해줄거라고 믿지 않는다,government,doubt in government's implementation
368,무분별한 청원과 민원으로 중요한 업무처리가 느려질수있을것같다,both,mentions frivolous petitions and work delay
369,특별히 없음,neither,no specific content
370,"1. 현황 및 문제점에 대한 기술양식이 요구됨 
2. 개선 방향에 대한 기술양식이 필요함 
3. 기대효과에 대한 기술양식이 요구됨. 
 
모든 청원 및 민원을 올린 것들이 내용이 다르더라도 눈에 양식으로 하여 눈에 확 들어와야 한다. 
따라서 각 항목에 대한 양식이 요구된다.",citizen,focus on petition content format
371,너무 감정적인 글들도 많은 것 같다,citizen,mentions emotional writings
372,"청원 내용이 지엽적이거나 실현 가능성이 낮은 것들도 있겠지만 국민의 서비스 개선 차원으로 다양한 민원을 들을 수 있는 창구로서의 기능은 충분히 할 수 있다고 생각됩니다. 
또한 사소하거나 실현 가능성이 없는 제안이라고 하더라도 성실한 답변을 받게 된다면 제안자가 조금 더 고민하여 다시 신청할 수도 있고, 본인의  민원이 방치되지 않고 응답받을 수 있다는 것 만으로도 어느 정도 만족감을 느낄 수 있을 것 같네요. 
처음에는 많은 민원이 신청되어 민원 처리 부서에서도 부담이 되겠지만 어느 정도 데이터가 쌓이면 답변하는 것도 수월해지지 않을까요?",both,mentions citizen input and government response
373,"하소연 하는듯한 공개청원은 어느정도 걸러내야 한다고 생각하고, 공개청원 할 때 해결방안에 대한 본인의 생각도 구체적으로 적어주면 좋을것 같습니다.",citizen,focus on filtering and content quality
374,자료나 통계 등 연구 없이 자신이 불편을 느낀 부분을 충동적으로 자료를 올리는 경향이 있음,citizen,focus on impulsive citizen submissions
375,실질적으로 바뀌는건 없음,government,mentions no real change
376,"개인들의 생각을 올려서 동의를 받는 방식은 좋다고 생각하나 너무 무분별한 청원이나 같은 내용이 있는 청원들이 있는거 같습니다. 
 
동의를 일정이상 얻은 청원들을 따로 올려보내는 시스템이 있으면 어떨까 생각해봅니다..",citizen,focus on citizen petition quality and system
377,무분별한 개인사까지. 올 리는. 문제,citizen,mentions frivolous personal content
378,"세부 서술이 불가능, 토론 불가능",government,mentions system limitations
379,없음,neither,no content
381,한 국민의 주관적인 견해가 내포된 청원 및 민원이 많은 것 같습니다.,citizen,mentions subjective citizen opinions
382,없음,neither,no content
383,현실적으로 이루어 지는 시간이 너무 김,government,mentions slow process
385,"너무많은 내용, 주관적인 민원",citizen,mentions many subjective petitions
386,너무 많은 문제와 사회적 보다 개인적,citizen,focus on personal issues in petitions
387,다양한 의견은 좋으나 전문적이지 않은 내용들이 있는것 같다.,citizen,Focus on non-professional citizen content quality
389,내용의모호함,citizen,Evaluates vague content quality from citizens
390,같은 의견을 가지고 있는 사람들의 의견 첨부가 있었으면 함,citizen,Suggests citizen opinion aggregation
391,"공개 청원의 문제 의식에 우선순위를 두어,  언론 매체(TV토론)를 통해서 공론화 하는 것이 필요하며, 홍보 효과도 있다고 봅니다.",citizen,Focus on publicizing citizen petitions
392,"제안 정책과 관련된 문제, 해결책, 기대 효과에 대한 정돈된 제안이 부족하다고 느낌",citizen,Lack of organized citizen proposals
393,다수의 민원이 같은 동일인일 수 있다,citizen,Concern about repeated citizen petitions
394,비슷하거나 똑같은 청원이 무분별하게 올라올 수 있다. 행정력이 낭비될 수 있는 부분이 있다.,government,Concern about administrative burden from petitions
396,"1. 청원이나 민원의 주장에 대한 근거가 비합리적, 주관적임. 
",citizen,Irrational subjective citizen claims
397,공개라는 부분이 아무래도 민감해서 솔직한 내용을 제기 할 수 없다,citizen,Citizen reluctance to post honestly
398,무분별하고 지나치게 주관적인 청원,citizen,Excessive subjective citizen petitions
399,모르겠다,neither,No clear frame or opinion
400,"무지막지하게 글을 남기는 경우가 많음 
규정과 절차를 지켜서 글을 적는 것이 좋을 거 같음. 어린 아이들도 글을 쓰다보니, 진정성이 느껴지지 않는 경우가 있음",citizen,Irresponsible citizen postings noted
401,특별히 없음,neither,No specific content or frame
402,민원인의 민원내용이 터무니 없는 경우가 있음. 적절한 필터링이 필요하나 국민의 말할 권리를 침해한다거나  필터링 정도에 따라 정치적인 목적으로 수용되지 않을 경우가 있을 수 있음.,citizen,Need to filter unreasonable citizen content
403,명확한 요구보다는 현황이나 실태를 나열하기 때문에 담당 공무원이 민원인이 무엇을 원하는지를 제대로 파악하기 어렵다고 생각,government,Officials' difficulty understanding petitions
405,현실가능성이 있을까요..,citizen,Doubt about petition feasibility
406,청원을 하는 건 문제가 없는 데 거기에 대한 답변과 피드백이 있는가하는게 문제인것 같다,government,Focus on government feedback to petitions
408,없다,neither,No content or opinion
409,개인적인 생각이 막연하게 전체 직업군의 목소리로 착각할 수 있는 소지가 있음,citizen,Individual views mistaken as group voice
410,접근성,neither,"Access issue, no frame"
411,"무분별하게 의견제출시 인력 , 자원 낭비가 될 수 있다",citizen,Focus on opinion submissions wasting resources
412,정확한 요구사항의 전달과 해결책이 명확히 제시되지 않습니다,citizen,Focus on unclear citizen demands
413,결과 및 처리미비,government,Focus on result and processing deficiency
414,부문별한 청원,neither,Unclear or incomplete statement
416,"너무 감정에 치우치거나, 내용이 논리적이지 못하고 부실한 청원 및 민원이 생각보다 많다고 생각합니다.",citizen,"Focus on emotional, illogical petitions"
417,여러 목소리를 들어야한다,citizen,Focus on hearing multiple voices
418,"청원 내용에 대하여 중간진행과정 등의 상세한 설명이 추가되어야 할 듯 합니다. 
반영이 되든 되지 않든 타당한 이유의 설명이 있어야 합니다. 
단순, 검토결과 문제가 많아 등등 의 답변은 없어야 합니다. 
",government,Focus on process explanation and feedback
419,결과가 한도적 임,government,Focus on limited results
420,너무 중구난방에 전부 해줘 라는 느낌임,citizen,"Focus on chaotic, unorganized demands"
421,민원 처리 인력의 한계,government,Focus on limited manpower for processing
422,해도 개선이 안될거 같다,government,Focus on lack of improvement despite efforts
423,반응 속도가 느리다.,government,Focus on slow response speed
424,너무 개인의 이익에만 부합하는 질문과 정확하지않은 자료로 우겨대는 민원에 피로감이 있다,citizen,"Focus on selfish, inaccurate citizen complaints"
425,좀 더 고민 해 보겠습니다.,neither,"Non-informative, vague response"
426,전문적인 지식 부족,government,Focus on lack of expertise
427,실효성 여부,government,Focus on effectiveness
428,일단 글보기가 어렵습니다. 더 간략하고  명시력이좋게 해주시면좋겠어요,citizen,Focus on difficulty reading citizen submissions
429,없다,neither,No content
431,청원이나 민원이 진행되는 과정을 알 수 없어서 나의 청원이 고려되고 있는지 무기한으로 기다리기만 해야함. 업무 절차 과정을 지속적으로 공유해서 개인의 의견이 반영되고 있음을 알려줄 필요가 있음.,government,Focus on process transparency and feedback
432,없음,neither,No content
433,너무나 많은 민원과 별로 중요하지도 않는 만원들이 대부분안 것 같다,citizen,focus on many unimportant petitions
434,무분별한 청원,citizen,mentions indiscriminate petitions
435,무분별한 청원.,citizen,mentions indiscriminate petitions
436,투명성,government,mentions transparency
437,소외되고 고립되며 사회적혜택에서 먼 사람들의 의견이 아닌 다수의 이익을 위해 뭉친 님비주의들의 의견이 더 많이 청원될가능성이 커서 역효과를 볼수있다고 생각됩니다...정말 도움이 필요한 분들의 의견이 청원되야합니다..그걸 판단하고 분별할 수 있는것이 실력이고 능력이죠..,citizen,focus on citizen petition content and quality
439,소관부서 불명확으로 민원 제기 어려움,government,difficulty in petition submission process
440,국민들이 하소연하는 공간이될까 우려 됌.,citizen,concern about citizens' complaints
441,구체적인 방안 제시가 부족함.,citizen,lack of concrete proposals in petitions
442,신속한 처리,government,mentions prompt processing
443,의견이 치우쳐 질수 있다고,citizen,mentions biased opinions in petitions
444,"가이드 라인 없이 무분별하게 난립하는 제안들 
",citizen,mentions indiscriminate proposals without guidelines
445,생각보다 관심도가 그렇게 높지않음,citizen,mentions low citizen interest
446,"공개 청원이나 민원을 넣어도 관찰되지를 않아 실망함. 
적극적으로 해결해 주면 좋겠네요.",government,mentions lack of government response
447,다양한 의견 개진으로 실효성이 낮음,citizen,mentions diverse opinions lowering effectiveness
448,"실현 불가능한 민원이 너무 많습니다. 
또한 정치적 편향이 많기 때문에 별로 신뢰하지 않습니다.",citizen,mentions unrealistic and biased petitions
449,모르겠어요,neither,expresses no knowledge or opinion
450,이미 현존하고 있는 제도임에도 모르는 사람들이 많아 활용을 못하는것도 많은걸로 알고있습니다. 기존에 필요한 제도들과 받을수 있는 혜택들을 최대한 정부에서 알려주고 필요한 사람에게 그만큼 쓰임있게 돌아가는게 먼저라고 생각합니다.,government,mentions government informing and usage
451,무분별한 공개 청원 및 민원 제도 등록으로 중요한 문제의 논점이 흐려지고 제도에 대한 신뢰도가 하락한다는 것,both,mentions indiscriminate petitions and trust decline
452,문제점,neither,vague mention of problems
453,무분별한 청원,citizen,mentions indiscriminate petitions
454,불필요한 청원이 많다고 느낌.,citizen,Focus on unnecessary petitions from citizens
455,업승,neither,No meaningful content to evaluate
456,"개선 또는 개선 논의가 진행 중인 사안에 대해서도 청원이 올라오는 경우 가 많아 정책 홍보의 필요성이 부각됨 
민원 제안 후 답변에 걸린 시간을 고려하면 제안 수에 비해 답변 담당자의 부족이 느껴짐 
",both,Mentions policy promotion and staff shortage
457,그냥 투정부리는듯한 느낌의 글들도 있다,citizen,Focus on complaints as frivolous citizen content
460,제도 전반에 대한  이해 부족으로   표현이 어려움,citizen,Lack of understanding affects expression by citizens
462,청원 내용에 대한 주장이 객관적인 시각보다 주관적인 판단이 많아보임,citizen,Subjective claims in citizen petitions
463,아무나 아무소리를 할 수 있음,citizen,"Anyone can say anything, citizen content focus"
464,무분별한 청원,citizen,"Indiscriminate petitions, citizen content"
465,특별히 없습니다,neither,No specific evaluation given
466,"민원인의 법, 제도 내용 및 정보의 불확실성",citizen,Uncertainty in citizen knowledge and info
467,개인의 의견이 개입될 수 없음,government,"No personal opinions allowed, system rule"
468,청원이 있어도 해결되는 확률이 작음,government,Low chance petitions are resolved
469,절차가 난이하고 FEEDBACK이 오래걸림,government,Procedure difficulty and slow feedback
470,신속성과 인기위주의 운영방안 개선 필요,government,Need for operational improvements
471,"잘 모르겟음 
",neither,"Uncertain, no clear evaluation"
472,아직은 없습니다.,neither,No specific evaluation given
474,"다수의 민원이라고 그것이 적합한 것은 아닌 것 같다 
적절한 청원과 민원이 필요하다",citizen,Need for appropriate citizen petitions
475,취지는 좋으나 일괄성있게 개선해나가길바랍니다,government,Desire for systematic improvements
476,"무분별하게 너무 많고, 지극히 개인적이거나 실현불가능한 민원 또한 많다",citizen,Too many frivolous or unrealistic petitions
477,"무분별한 청원들이 쏟아지고 있고 이를 필터하는 시간과 인력이 낭비라고 생각된다. 
진짜 필요한 민원들만 신청할 수 있도록 장치가 필요하다.",citizen,Filtering citizen petitions wastes resources
478,모든실상을  파악하기힘듬,neither,No clear object of evaluation
479,추천수가 많고 국민 청원에 동의한다고 해서 이중 실제로 이루어지는 것들은 거의 손에 꼽힌다.,government,Focus on government's implementation of petitions
480,"청원을 해도 개선되지가 않는거 같아서, 물론 청원이 너무 많고 실현 불가능한 제안이 많다는것은 잘 알고 있지만요ㅠ",both,Mentions both citizen proposals and government response
481,모름,neither,"Expresses ignorance, no frame"
482,모든제도는 좋은방향으로 이루어지길 바랍니다,neither,"General hope, no specific object"
483,이번 정부는 눈과 귀를 닫고서 보지를 않는데 뭐하러 이런걸 하는지 회의감이 듬,government,Criticizes government ignoring petitions
484,무분별한 감정은 빼면 좋을것같습니다,citizen,Critiques emotional citizen content
486,형식적인 대응이 문제점이라고 생각합니다. 공무원들이 형식적으로 민원을 처리하고있는걸 알고있지만 대부분 공개청원의 경우 해결책을 제시하지 못하는 경우가 많다고 생각합니다.,government,Focus on officials' formal handling
487,청원을 담당할 인력이 증원 하여 정책에 적극 반영 할 기회를 높여야 합니다,government,Calls for more staff and policy reflection
488,정확한 문제점과 해결방안에 개개인의 감정이 포함되어 전달이 불분명할수있다.,citizen,Mentions unclear citizen emotional content
489,변화가 느리다,government,Complains about slow government change
490,없음,neither,No content
491,"청원이나 민원제도는 좋은 국민 주권 제도입니다. 다만, 일반 국민이 국가의 예산 편성, 집행에 잘 모르는 부분이 있기에 분명 좋은 의견을 내는데 한계는 있다고 생각됩니다.",both,Mentions citizen input and government budget
492,무분별한 청원,citizen,Critiques indiscriminate petitions
493,개인적인 민원 신청,citizen,Focus on individual citizen petitions
494,미시적 해결책으로 다른 넓은 분야를 보지 못한 제안들이 있다고 생각됨,citizen,Critiques narrow citizen proposals
495,공개청원 이나 민원제도에 대해 많이 접해 보지 않아 잘 모르고 있음. 홍보가 필요함,neither,"Mentions lack of awareness, no frame"
496,비전문가가 제안하는 것이기에 다소 논리가 떨어질 수 있어 정책에 반영하기 어렵고 사회적 합의가 필요한 정책은 단순히 몇명의 동의로 진행하기 어려움,citizen,Focus on non-expert citizen proposals
498,실현 가능 여부가 미흡,government,"Focus on feasibility, government action"
499,없음,neither,No content
500,이상한사람도 많은거 같다.,citizen,Focus on strange people posting petitions
501,공개청원 민원 등 활용하고 싶으나 예전에 올렸던 청원도 반영되지 않고 신원이 노출될까 염려 스러워 요즘은 아예 참고 살렵니다,government,Concerns about government response and identity exposure
502,연계된 타 제도와의 문제점을 고려 안함,government,Considers system's integration with other institutions
503,전문적이지 않음,government,System lacks professionalism
504,"좀 더 공정한 시각에서 판단이 필요하다  
자칫하면 특정계층(성별,연령)에 이익만 추구하게 될 수도 있을듯",both,Judgment fairness and group interests
505,실제로 국회의원들이 관심없음,government,Lawmakers' lack of interest
506,대중성의 부족,citizen,Lack of public appeal in petitions
508,세부적이지 않고 너무 애매모호하다,citizen,Petitions are vague
509,너무 많은 민원들이 올라온다,citizen,Too many petitions submitted
510,너무 많은 청원들이 난무하여 오히려 혼란을 가중시키는 때도 있는 것 같다.,citizen,Excess petitions cause confusion
511,투명성과 신뢰성을  무엇으로 판단하는지에 대한 여부,government,Transparency and trust evaluation
512,없음,neither,No content provided
513,실행 여부가 명확하지 않음,government,Unclear execution status
514,"문제점 개인이 생각하고 느끼는바를 아무런 여과 없이 올릴 수 있다는점 
한계 청원에 대한 내용을 해당 분야의 전문가 (각 기관의 공무원 제외)가 별도의 검토, 검증 등을 거쳐, 실제 우리사회에 필요한 내용인지, 개인적인 의견인지 판단 할 수 있는 장치가 불분명해보인다는점",both,Unfiltered content and need for expert review
515,공교육 수학은 다른 나라에 ㅣㅂ해 너무 어렵다는 것입니다. 어차피 다 박사 만들 것 아니면 ㄱㅖ산기로 수학 해결해야 합니다. 이과 가는 학생은 수학을 해야겠지요. 어차피 사회 나오면 더하기 빼기 몇%. 나누기 이상은 사용할때 별 없음. 임대 주택을 왜들 10평이하만 생각하는지 한 가족이 살수 있도록 실평수 20평은 안 됩니까 학교는 크게크게 하면서 왜 가정집은 작게작게 하는지.. 킥보드 없에고 음주운전 무거건 20년 사람치어 죽게 만들면 무기 그럼 경찰분들 수고 덜겠지요. 연금 기초연금은 나라에서 알아 하지만 연금은 나라에서 터치 안하면 됩니다.,citizen,Content of petitions and opinions
518,내용에 대한 진실성을 다 담지 못한다,citizen,Petition content lacks truthfulness
519,없음,neither,No content provided
520,말에만 그칠 가능성이 큼,government,Possibility of empty promises
521,모름니다,neither,Don't know response
522,"특별히 없으나, 빠른 답변이 필요함",government,Need for quick government response
524,없음,neither,No content or opinion expressed
525,문제에 대한 의견을 받아서 법적 행정적으로 가능한건을 과연 공무원분들이 해주실까요?  그중에 한건이라도 되는거면 좋은거고....  그리고 건설업자들 등 물타기 민원도 있는것같고 ...  그래도 현 제도권안에서 해볼만한 안건들에 대해서는  숙고해주면 좋을 것 같다는 생각은 듬.,both,Mentions government action and citizen content
526,잘 모르겠다,neither,"Expresses ignorance, no frame"
527,개인이 올리는 공개청원및 민원은 전문성이 떨어짐으로 타당하다 판당되는 제도는 전문가의 실제적인 도움이 필요함,citizen,Focus on citizen submissions' quality and need for expertise
528,익명성 및 제도의 악용이 발생될 수 있습니다.,citizen,Concerns about misuse by citizens
529,무분별한 청원 규제 필요,citizen,Calls for regulation of petitions (citizen content)
530,처리 지연,government,Focus on processing delay by government
531,"원인,분석,결론이 정확해야 하는데 내용의 질이 떨어지는 청원이 많음",citizen,Quality of citizen petitions is poor
532,허들이 없으니 개인적인 한탄까지 너무 많이 인입되는점이 문제라고 생각,citizen,Too many personal complaints from citizens
533,실현 불가능해 보이는 제안도 많고 타당성이 많이 떨어지는 민원이 많아보임,citizen,Many unrealistic or invalid citizen petitions
534,특별한 의견이 없음,neither,No particular opinion given
535,향후 대책이 없음,government,No future government measures mentioned
536,모름,neither,"Expresses ignorance, no frame"
537,무지성 민원에 대한 대처.,government,Government response to frivolous petitions
538,명확한 답변을 얻어내기 힘들다는?,government,Difficulty getting clear answers from government
539,잘모르겠다,neither,"Expresses ignorance, no frame"
540,"논리적이지 못하고 감정적으로 호소하는 경우가 대부분임. 법적 기준에 따른 현황 및 문제점, 개선방향에 대해 일목요연하게 이야기 해야 함에도 감정적인 단어로만 채워진 민원내용은 대부분 각하가 필요함.",citizen,"Citizen petitions are emotional, illogical"
541,무분별한 청원,citizen,Unregulated petitions from citizens
543,공익을 위해서 법과 원칙을 지켜야 한다,government,Government should uphold law and principles
544,"작성자가 비전문가이거나 편향된 시선을 가지고 있어서, 현황 및 해결방안의 내용에서 팩트체크가 힘들거나 정보를 단편적으로만 보여줄 수 있는 가능성이 있다. 제대로 판단하기 어려움. 그리고 개인적인 문제를 올리는 경우도 있어서 중요한 내용이 묻히게 될 수 있다는 단점이 있다.",citizen,"Citizen submissions biased, unprofessional"
545,많은 사람들이 참여하지 않는다,citizen,Focus on citizen participation level
546,특정 이익 집단의 요구를 분별 없이 등록하여 제도의 본질을 흐릴 수 있다,citizen,Concerns about interest groups' petitions
547,"걸러지지 않은, 터무니 없는 청원들이 많이 올라온다는 것.",citizen,"Unfiltered, unreasonable petitions mentioned"
548,담당자에 따라 답변의 품질이 달라진다.,government,Quality of official responses varies
549,기계적인 답변,government,Mechanical responses by officials
550,두서없이 본인생각만 줄줄줄,citizen,Disorganized personal opinions submitted
552,느린 답변,government,Slow official responses noted
553,무분별하고 반복적인 소모성글이 많아 정작 필요한 내용들이 묻히는경우가 있다,citizen,Excessive repetitive posts hide needed content
554,너무 개인적인 사유의 일들을 청원에 넣는 경우가 있는 듯 하다. 그리고 처리가 되고 있는 지 받아들여졌는지에 대한 상태를 알 수가 없어보임,both,Citizen content and government transparency
555,어디에서 처리되는지 투명하게 처리되는지 확인하기 힘듭니다.,government,Difficulty confirming government processing transparency
556,쓰는사람의입장의 내용만의 피력이 문제,citizen,Problem with submitters' biased content
557,너무 마구잡이식 청원이 올라간다 익명성을 이유로,citizen,Uncontrolled petitions due to anonymity
558,무분별한 청원 및 민원의 남발로 행정력 낭비가 심함,government,Administrative burden from excessive petitions
559,"누구나 하는 민원,공개 청원이다보니 쓸데 없는 청원이나 민원도 많아서 거르기 힘들 것 같다. 
구체적인 개선방안을 제시하면 좋겠지만 보통은 문제만 이야기하기 때문에 행정적으로 속시원한 해결이 힘들 것 같은 느낌",both,Citizen content and government administrative challenges
560,민원처리 하는 담당자가 부족하단 생각이 든다 인력 부족..신속하지 못하며 애매한 경계선에 질문 서로 타부서로 이관하기 바쁨,government,Lack of staff and slow processing
561,정확한 개선 방안이 아닌 중구난방의 식,citizen,"Disorganized, unclear citizen suggestions"
563,없음,neither,No content provided
564,공감을 느끼기 힘든 주제,citizen,Lack of empathy in petition topics
565,상당수의 민원들이 행정부 내에서 처리하기 어려운 속성을 지니고 있어 민원제도의 실효성에 한계가 있다고 생각됩니다.,government,Government difficulty handling petitions
566,없음,neither,No content provided
569,개인적인 문제 이거나 분명하지 않는 안건과 결과의 목표가 있는제안이  있다,citizen,focus on nature of citizen proposals
571,현실적 실행 여부,government,concern about practical implementation
572,아무나 아무글이나 글을 올릴수 있다,citizen,anyone can post content
573,무분별한 청원 및 개인의 떼쓰기식 청원이 눈쌀을 찌푸리게 함,citizen,frivolous and selfish petitions
575,무분별한 청원,citizen,frivolous petitions
576,모든 청원및 민원을 다 해결 할수는 없으나 경 중을 선별하여 가급적 신속한 처리가 이루어 지길 바람,government,processing and prioritizing petitions
577,누구나 쉽게 접근할수 있는 홍보,neither,about accessibility and promotion
578,잘 모르겠음,neither,"uncertain, no frame"
579,다양한 다수의 의견으로 통합하기는 힘듬,citizen,difficulty integrating diverse opinions
580,개인의 소원을 말하는 수준에서 벗어나 공익을 위한 발전적인 토론의 장으로 개선되길 바랍니다.,citizen,improve citizen discussion quality
581,너무 쓰잘데기없는 청원들이 많아서 정작 필요한 제도들이 묻히는 느낌이다.,citizen,frivolous petitions hide needed ones
582,실현 가능성이 없는 청원이나 사회 양극화를 초래할 수 있는 내용들이 보인다..,citizen,impractical or divisive citizen content
584,"정말 좋은 아이디어가 나오지만, 실질적인 실행력은 가지지 못하는 한계점이 존재한다. 해당 의견이 어딘가 영향을 받았다는 피드백도 없기 때문에, 일방적 소통 창구로만 보인다.",both,good ideas but poor government response
585,무분별한 청원 (개인적인 일),citizen,frivolous personal petitions
586,대치되는 청원이 많다.,citizen,conflicting citizen petitions
587,없음,neither,no content
588,실질적으로 반영되는데 시간시요가 많거나 실행되지 않는 경우가 많음,government,slow or no implementation
589,"개인적인 문제들이 많다 
너무많은 글들이올라와 일일이 답변이 힘들둣하다 
",both,many personal petitions and response burden
590,"무분별한 제안, 구체적 실현방안 미흡",citizen,frivolous and vague proposals
592,너무 많은 청원이 올라옴,citizen,too many petitions
593,실효성,government,focus on effectiveness of system
594,"실현 불가능하거나 정부의 정책기조와 맞지 않고 다양한 이해관계자들과 이익집단들이 서로 주장을 하고 있는 경우가 많아서, 
민원과 청원들을 국가에서 관심 조차 가지지 않을 것이 확실함",government,government ignoring petitions
595,구체적 실효성에 대한 문제와 의사 전달 수준 편차에 따른 선정 문제,both,effectiveness and selection issues
596,민원을 접수하고 확인하고 처리하는 각 부처의 공무원들의 전문성 부족 및 국회의 관심 부족,government,government staff expertise and interest
597,극히개인적일것이다,citizen,petitions are very personal
598,아무나 타당하지 않은 내용으로 올리는 것.,citizen,frivolous citizen submissions
599,잘 모르겠음,neither,"uncertainty, no clear frame"
600,"공개 청원 및 민원 제도를 통해 올라온 의견들이 형식상 해결 위주로 진행되고, 실질적인 의겸 수련 및 반영이 잘 되지 않는 것 같음.",government,government response and reflection
601,개인적 의견에 대한 국가적 차원의 해결방안이 가능한가.....,citizen,personal opinions as petitions
603,"본인의 희망사항을 주로 요청하는 것 같아요 
",citizen,petitions as personal wishes
604,모든 사람들이 적을 수 있다보니...,citizen,anyone can submit content
605,다소무리한 요구가 있슴,citizen,unreasonable citizen demands
606,무분별한 제보와 처리 지연,both,uncontrolled submissions and delays
607,"공개청원을 해도 처리 기간이나 실행이 미비한게 너무나 많습니다 
답변만 하고 실행은 안되는 문제가 많아서 공개청원도 사실은 무의미 하다고 생각합니다",government,processing delays and lack of action
608,국가나 국민을 위한 청원보다는 개인적인 득실에 따른 청원이 많음,citizen,self-interested petitions
609,소수의 사람들만 필요한 경우이지만 전체를 위해 필요한것 처럼 이야기하는 태도,citizen,misrepresenting personal needs
610,무분별한 민원도 많고 민원제기후 답변시간이 너무 오래걸림,both,frivolous petitions and slow response
611,개인이 느끼는 문제점에 대한 청원이 많으며 형식에 있어서 감정적으로 작성된 것이 많음,citizen,emotional personal petitions
612,"각자 간절한 마음으로 청원을 합니다. 답변하는 공무원들도 성의 있는 답변을 하려고 노력하겠지만, 정해진 답변에 그치는 것 같다는 느낌은 지울 수가 없습니다.",government,government replies lack sincerity
613,"결국 공개 청원 및 민원을 받아보고 읽는 사람은 대부분 해당 부서의 막내 혹은 그에 준하는 인원이 맡을 것이고,  
책임자에 또는 실무자에서 직접 전달이 되기 어려울 것 같습니다. 
 
또한, 다양한 청원이나 민원이 많이 생길텐데, 하나하나 해결하는 것 보다는 같은 분야의 내용은 하나로 취합하는게 좋을 것 같습니다.",government,government handling and processing issues
614,선택의 문제,neither,No clear evaluation of government or citizen content
615,"1.청원 할 입장에서는 확실한 근거와  어떻게 하겠다는 명확한 근거를 제시하고 등록할 필요가 있음  
2. 청원에 대한 참여가 넘을 경우는 반드시 답을 해야 하며 개선점에 대한 설명이 있어야 하며  기한을 유야무야 하지 않도록 해야 함  
3. 웬지 정치인들의 청원은 정확하지 않고 흐지부지 하는 느낌이 들음",both,Mentions citizen input and government response
616,접근 절차가 어렵고 내용 제출에 많은 시간이 소요됨,neither,"Focus on access difficulty, not evaluation"
617,문제점 없음,neither,"No problem stated, no frame"
619,청원 올린 자 1명의 소망을 이루어주는 정책이 되면 안 될듯합니다. 각 청원을 통해 다양한 의견을 수렴 후 충분히 토의를 거쳐 진행해야합니다,citizen,Focus on citizen opinions and deliberation
620,공공의 이익에 대한 사항도 있지만 그렇지 않은 개인적인 기분에 따른 민원도 많기에 적극적으로 해결하려고 하지 않을 것 같음,citizen,Focus on nature of citizen complaints
621,무분별한 남발,citizen,Criticism of excessive citizen petitions
622,개선방안이 좀더 구체적으로 서술되었으면 합니다,citizen,Request for better citizen proposals
623,없다,neither,No content
624,무조건적인 답변을 해야 하는 행정적 낭비,government,Criticism of government administrative burden
625,공개청원을 해봤자 실현가능성이 없다는점.,government,Government's lack of realization of petitions
626,다수의 공감을 살만한 케이스보다 개개인의 현실과 입장만 반영된 경우가 많음,citizen,Focus on citizen petition content
627,횐경이 시시때때로 변화하여 끊임없는 청원.제도의 변화가 요구되며 이는 제도가 제도를 낳는 현실의 굴레이디. 결국 정답은 없지만 끊임없는 개선의 노력에  쉬임이 없어야 하겠다.,government,Focus on system improvement and government effort
628,말도 안되는 민원도 올라온다,citizen,Criticism of unreasonable citizen petitions
629,진행이어려움,neither,"General difficulty, no clear frame"
632,좀 더 구체적으로 제안을 해야한다,citizen,Request for better citizen proposals
633,"형식적으로 업무를 처리한다는 느낌을 받음.  
가령 저 같은 경우에는 지하철 역사 앞에 담배때문에 민원을 넣은 적이 있는데, 해당 건에 대해 1회 방문 후 그 당시에 담배를 피는 사람이 없다고 답변을 들은 적이 있는데 유동인구가 많은 시간대에 점검을 해야한다고 생각합니다.",government,Criticism of government's formal handling
634,"본인들이 처한상황에 대한 성토만 하고, 모두를 포괄하는 대책은 내놓지 않고 있음. 
",government,Criticism of government's inadequate response
635,처리기한이 조금 늦은 듯 합니다.,government,Criticism of government processing delay
636,투명성 의심,government,Doubt about government transparency
638,많이 알려지지 않은것 같아요,neither,"mentions awareness, no evaluation object"
639,실현가능성이 희박함,citizen,focus on feasibility of citizen petitions
640,청원을 하여도 결국 공무원 집단이 규정 운운하며 청원을 기각하거나 무시하는 경우 허다함,government,focus on government ignoring petitions
641,실현가능성이 높아보이지 않음,citizen,focus on feasibility of petitions
642,없습니다.,neither,"no content, no frame"
643,형식적인 시스템 관리,government,focus on system management by officials
644,민감한 이슈에 대한 명확한 답이 부족한 현실,government,lack of clear government answers
645,해결 지연시키지 않고 투명하고  신속하고 공정하게 한다,government,focus on government process qualities
646,정책수반이 용의하지 않을 수 있다,government,policy leaders may reject petitions
647,"많은 공감을 받은 글만 이슈가 되고 다른 제안들은 좋은 의견이 있음에도 불구하고 알려지지 않는 경우가 많다. 
좋은 의견을 발굴 할 수 있는 공무원을 배치하고 대통령실에서 좋은 제안 발 굴 한걸 매달 알릴수 있는 소통채널을 만들면 좋겠다.",both,mentions citizen content and government handling
648,무분별한 청원 및 민원이 너무 많습니다.,citizen,too many indiscriminate petitions
649,생각없음,neither,no opinion expressed
650,의미없는것들도 많이 올라옵니다,citizen,many meaningless petitions
651,모든 것을 해결하는 데는 한계가 있다.,government,limits of solving all issues by system
652,청원에 다수가 동의한다고 해도 실질적으로 실현이 되지 않는 경우가 대부분이기때문에 실현 가능성을 높이기 위한 대안이 필요할 것 같다.,government,need to improve realization by government
653,지자체 판단에 맡긴다라고 하니 판단 기준이 모호함.,government,unclear government judgment criteria
654,없음,neither,no content
656,사회적 동의를 얻어도 정치적 요소가 개입되면 해결 가능성이 희박함,government,political factors affect government response
657,접근성이 너무 좋다. 양식이 없다보니 무분별한 다수의 청원이 쏟아지는 것 같다.,citizen,too easy access causes many petitions
658,실현가능성이 떨어진다,citizen,low feasibility of petitions
659,공적인 문제보다 사적인 개인의 문제까지 청원하는것은 국가의  공권력 낭비이다,government,Focus on government resource waste
660,누가 올리는지 알 수 없으며 제안이라면 구체적이고 명확하며 논리적이어야 하는데 넋두리 같은 것도 올릴 수 있다는 점이 문제점으로 보입니다.,citizen,Critiques quality of citizen submissions
661,문제제기시에 그거에 대한 확실한 답변이나 시정이 될지 그게 문제점 아닐가요,government,Focus on government's response and correction
662,무분별한 청원,citizen,Mentions indiscriminate petitions
663,민원을 올리는 사람은 해당내용에 직접적인 영향을 받는 사람으로 본인의 입장에서 글을 쓰기 때문에 관련 이해관계자에 대한 고려가 부족,citizen,Focus on petitioners' perspective and bias
664,아마추어적 발상과 억지 주장,citizen,"Critiques amateurish, unreasonable claims"
665,잘 모르겠다,neither,"No clear frame, unsure"
666,"민원 해결 자체에만 주력하다보니 형식적, 의례적 답변이 대부분이고, 검토 대상 안건을 발췌하는 것도 쉽지 않음",government,Focus on government's formalistic responses
667,"공적인 문제에 대한 요청보다는 사적인 문제에 대한 요청이 많을 것이라는 생각이 들고, 어느 정도까지 청원 및 민원을 접수해서 그에 따른 답을 내어야 하느냐 하는 점에 대해 어느 정도 한계가 있을 것이라 생각되어 집니다.",government,Focus on limits of government handling
668,다가가기 힘들 수 있다는 분위기나 거부감이 생길 수 있다는 단점,neither,"Mentions access difficulty, no frame"
669,공개청원 양식을 6하원칙에 의해서 일목 요연하게 글쓰는 방안을 유도했으면 함. 하고자 하는 이야기를 보는 사람도 편하게 읽기 쉽게 작성해야 하나 개인의 감정풀이 하는듯한 글은 읽는 사람도 짜증나고 답변하는 사람도 스트레스를 받을 수 있음,citizen,Focus on improving citizen submissions
670,전문성 결여,citizen,Mentions lack of expertise in submissions
671,무분별한 청원이 남발되어 행정력이 낭비된다.,government,Focus on administrative resource waste
672,실현 가능성,government,Focus on feasibility of government action
674,개인적인 공격을 막을 방법은 없다,citizen,Mentions personal attacks in submissions
676,너무 무분별한 제안들이 많다. 공무원분들이 너무 고생하실 것 같다.,both,Mentions many proposals and government burden
677,너무 다양한 의견이 많고 복잡하다.,citizen,Focus on diverse citizen opinions
679,간혹 개인적인 부분별한 청원이 올라오는 경우가 때때로 보여짐,citizen,Mentions personal petitions occasionally
680,사회적 현안점에 대한 개인간 생각이 다양하다는걸 느끼고 불만 푠현도 서슴지 않고 하는것 같다,citizen,Focus on citizens' diverse opinions and complaints
681,어느정도 실현가능한가에대한 한계가 보임,government,Focus on limits of realization by government
682,모르겠다,neither,No clear evaluation of system or content
683,구체성이  떨이짐.,citizen,Focus on petition content quality
684,"글로써 표현해야하는 의견에 대한 정확한 의견 전달의 어려움 
글과 함께 녹음 기능을 추가하면 의산 전달에 매우 효과적일 것",citizen,Difficulty expressing opinions in writing
685,우리나라는 저급한 더불어 민주당국회와 정치보복이 현시점에서 가장 시급한 문제임,neither,Political comment unrelated to system
686,무차별적이고 무논리적인 주제나 내용이 많음,citizen,Many illogical or indiscriminate topics
687,너무 많을 경우 원활하지 않음,government,System performance affected by volume
688,처음의 관심이 끝까지 이어지기 어려움,citizen,Lack of sustained citizen interest
689,실현가능성이 적을 것 같습니다,citizen,Low feasibility of petitions
690,"막무가내로 쓴 글로 있었고, 현실적인 상황을 파악하지 못하는 민원, 청원들이 많아 눈 이 찌푸려지기도 하였다.",citizen,Unrealistic or poorly written petitions
691,홍보가 부족함,government,Lack of system promotion
692,누구나 할수 있는게 장점이자 단점,citizen,Anyone can post is advantage and disadvantage
693,"그저 문제 제기만 남발하는 형태, 마구잡이 청원",citizen,Excessive problem raising by citizens
694,일부 소수의 이익을 대변하는 내용에 동원된 인력이 동의를 표시하며 할루시네이션과 같은 상황을 도출하는 경우를 기피할 수 있는 방안 마련이 필요함,citizen,Manipulated citizen support in petitions
695,개별 사안으로 처리해야 할 문제들을 무분별하게 청원하지 않도록 청원의 종류와 방법을 점검해야 한다,citizen,Need to regulate petition types and methods
697,일정 인원이상의 수요충족으로 인한 한계점 존재,government,Limitations due to required petition numbers
698,공개청원자들의 무분별한 제한,government,Restrictions on petitioners
699,쓸데없는 단순 불만사항을 제기하는 사이트로 변질되고 있다는 느낌이 강하게 듦.,citizen,Site becoming complaint platform
700,무분별한 민원,citizen,Indiscriminate citizen complaints
701,들어주나 못믿겠음.,government,Doubt government responsiveness
702,"별다른 문제점이 느껴지지 않습니다.  
한계는 처리속도가 너무 느리고 다방면으로 검토가 되지 않는다는 점입니다. 
청원자의 절실함, 사회에 미치는 영향등을 고려하여 한건한건 소중히 다뤄져야 한다고 생각합니다. 
",government,System slow and lacks thorough review
703,자유로운 작성 모드라 무분별한 민원 발생도 올라온다는 점,citizen,Focus on indiscriminate citizen submissions
704,"일관된 서식이 없어서 중구난방으로 작성이 되고 가독성이 많이 낮아짐, 대책 없이 무작정 이렇게 해주세요라는 글이 생각보다 많이 보임, 피해를 당한 사람들이나 억울한 일을 당한 사람들의 요청글이 정치글이나 대형사고에 관련된 글에 의해 많이 가려짐",citizen,Focus on poor quality citizen petitions
705,법에 대한 정확한 접근이 어렵다.,neither,"About legal access, no system frame"
706,"해결이 되고 있는지 모르겟음 
",government,Uncertainty about resolution implies government handling
708,딱히,neither,No meaningful content
710,현실을 따라 가지 못하는 현재의 법령이 가장 큰 문제다.,neither,"About law, not system frame"
711,"청원 처리과정이 해당 행정기관이나 국회로 이송되고 거기서 다시 하부로 내려가는 구조라서 처리기간이 많이 걸리고, 원래의 취지에서 벗어나서 축소되거나 왜곡되는 경우가 흔합니다. 그러니 이들 청원 과정을 최종 시정 지점까지 점검하고 통제할 수 있는 구조가 필요합니다.",government,Focus on petition processing structure
712,"현 상황이나 정책에 대한 이해가 부족한 상태에서, 지극히 본인의 주장만 하고 있는 경우가 많다. 
반대로, 이 상황들을 이해했다고 한들 해당 민원 제도를 해결하는 조직인 정부의 실제 행정 절차가 
지나치게 수직적이라 얼마나 위로 전달되어 해결될까 싶다. 
게다가 정책적인 문제는 국민들의 여론 형성이 가장 중요하다고 보는데, 현 국가의 여론 형성을 위한 
언론 기관들은 정상적이지 못하고 있으므로 더 큰 문제가 아닌가 싶다.",both,Mentions citizen claims and government process
713,"문제점이라기 보다는 좀더 명확한 주제와 그에 따른 구체적 개선방안이 있는 청원도 있지만 무작정 본인의 불편함을 얘기하는 청원도 있는것같습니다 
",citizen,Focus on nature of citizen petitions
714,절차가 까다롭다,government,Focus on procedural difficulty
715,여론 몰이식의 일방적이고 개인적인 주장은 걸러내야 한다고 봅니다.,citizen,Filtering one-sided citizen claims
716,"공개청원 및 민원 제도의 문제점은 전국민의 생각을 반영하기보다는 관심있는 일부 또는 정치인의 유불리에 의해 좌우되는 경향이 매우크다 
공개청원의 심사위원(사회적 전문가로 구성, 정치인 배제)의 심사를 통해 등급을 정하고 등급에 준하는 제도개혁을 장관 또는 국무총리, 대통령이 결정하되 사회적 관심도가 높은사안은 전국민이 알수있도록 매스컴에 홍보와 국민들의 생각을 들을수있는 여론조사를 확대하여 해결하는 방안을 구해야 한다. 
정치인의 생각으로 판단하면 절대로안됨",both,Discusses citizen input and government decision
718,공개청원을 아무리해도 개선이 안되는게 너무 많아요,government,Petitions not leading to improvement
719,분위기와 흐름에 영향을 많이 받음,citizen,Influence of public mood on petitions
720,너무 무분별하게 청원을 올리는 경우가 많은게 문제인것같음.,citizen,Too many indiscriminate petitions
721,무분별한 개인의 사정을 올리는 글,citizen,Individual personal petitions
722,논리적이지 않고 본인의 경험이나 불이익을 개선하는 방향의 청원이 많음,citizen,Illogical personal experience petitions
723,해결이 쉽지않음,government,Difficulty in resolution implies government
724,진짜 청원을 듣고있는지가 의문이다,government,Doubt government listens to petitions
725,"정치적 목적으로 활용하는 경우.  
형식적인 답변과 불명확한 기준성",government,Political use and formal government response
726,없음,neither,No content or answer provided
728,읽기가 힘듦,citizen,Focus on difficulty reading citizen submissions
729,"두서없이 이야기를 하는 사람들이 너무 많고  
정치적인 이야기도 생각보다 너무 많다  
해결책도 두루뭉실인 경우가 많음 
예를 들어 동물학대 건에 대한 국민청원을 넣었고 많은 호응을 얻엇지만 
실제로 달라진게 무엇인가 되묻고싶음",both,Mentions citizen content and government response
731,"너무 무제한적인 제안들이 난무하기때문에 
제대로된 제안인지 체크하는것이 불가능하다.",citizen,Focus on checking validity of citizen proposals
732,형식적인 답변이 아닌 분석하고 해결책을 제시하는 답변을 요구합니다.,government,Demand for government analysis and solutions
733,감정에 치우친 무분별한 청원,citizen,"Focus on emotional, indiscriminate citizen petitions"
734,100 프로 충족되지는 못한다,government,"Evaluation of fulfillment, government action"
735,실행 가능성인것같다,government,"Focus on feasibility, government action"
736,무분별한 청원 및 실현가능성 희박청원도 제기,citizen,Indiscriminate and unrealistic citizen petitions
738,무분별하게 남용되고 있음,citizen,Abuse of system by citizens
739,공개청원 난발로 행정력낭비 악의적인 민원청원을 이용하는  단점을보인다,both,Mentions administrative waste and malicious petitions
740,사람마다 체감하는 느낌은 다른데 공감이 떨어지는 부분이 많아요.,citizen,Focus on differing citizen perceptions
742,자신에게 불함리하다는 것만 올리게 되니깐 편향적일 수 있고 무분별하게 비슷한 내용이 올라온다.,citizen,Focus on biased and repetitive citizen content
744,글을 참 못쓰는 사람들이 많다...,citizen,Poor writing by citizens
746,자기가 인식하고 있는 문제들을 더 많은 사람들과 함께 인식하고  개선하기 위해 쓰는 공개 청원 민원제도는 민원청구 사안에 동의하는 사람들이 많을 수록 정책당국이 이를 개선하는 순서로 정할텐데 청원싸이이트에 국민 개개인이 들어가서 자신이 공감하는 청원을 찾아보고 동의를 얻어내는 과정 여기까지 가기가 쉽지않아 보인다.,both,Describes citizen process and government policy
747,다수의 문제점을 공론하기보다는 개인의 생각이 많이 드러나 있어 봅니다,citizen,Focus on personal opinions in citizen petitions
748,현실성 없는 청원 및 민원이 너무 많음.,citizen,Unrealistic citizen petitions
752,실효성이문제다,government,Effectiveness of government response
753,이슈가 적거나 안되는 일에 대해서는 해결하기 어렵다,government,Difficulty in government solving issues
754,답변을 받기까지가 너무 오랜 시간이 소요되는데다 긍정적인 답변을 거의 받을 수 없음,government,Government response time and positivity
755,없어요,neither,No content or opinion expressed
756,언론에 청원결과를 알려주셨으면 함,government,Wants government to inform petition results
757,먼저 신속한 답변이 필요하고 그에따른 투명한 과정 및 결과가 반영되는 것을 확인할 수 있어야함,government,Focus on government's response and transparency
758,다수으 의견이라고 생각되기 보다 소수의 의견이 아닐까 생각되는 부분도 있음,citizen,Comments on minority opinions in petitions
760,접근방식이 어렵다,neither,Comments on difficulty of access
761,"빠른 사회다 보니 느린 제안이나 의견은 묵살되는 사회같다 
느림의 미학을 생각해 보기를.... 
언제나 보여주기 의견보다는 실질적인 경험으로 의견이 조율 되기를 .......",government,Government ignoring slow proposals
762,민원제도를 개선하는게시급,government,Improving complaint system is government role
763,무분별한 민원이 많은거 같고 현실가능성이 없는 안건 들이 있는거 같습니다.,citizen,Criticism of frivolous or unrealistic petitions
764,무분별한 청원 및 민원이 많고 충분히 좋은 문제 제기 이지만 그에 대한 세부적인 요청(개선방안)이 미비한 경우가 많다.,citizen,Many petitions lack detailed improvement plans
765,개인적인 민원을 해결하는 장으로 활용되는 경우가 있어 아쉽다,citizen,Petitions used for personal complaints
766,말도 안되는 억지 주장 부리기가 많다,citizen,Many unreasonable claims by citizens
767,누구나 글을 작성할 수 있음,citizen,Anyone can write petitions
768,"글의 논리가 맞지 않고, 근거 제시가 분명치 않은 경우가 있음",citizen,Petitions lack logic and evidence
769,무분별한 등재,citizen,Uncontrolled posting of petitions
770,너무 무분별한 민원을 올리는거 같습니다.,citizen,Too many frivolous petitions
771,"개인적인부분이아닌 사회전반적인 공통의 문제를 청원하는걸로 해야함. 
청원 동의 추천수를 기준으로 청원오픈여부 판단",citizen,Petitions should be common social issues
772,제대로 된 답변을 하는지 의문이다,government,Doubt about government's proper response
773,없음,neither,No content or opinion expressed
774,자신에게 이득이 될만한 이야기만 한다,citizen,Self-interested petition content
775,별로 없음,neither,No significant opinion expressed
778,"사회적 이익과 발전을 위한 민원도 많지만 가끔 개인의 이익과 관련된 청원이 올라와 곤란함 
불만과 민원을 제기하면 그에 대해 충분히 생각하고 찾아보고 구체적으로 해결 방안과 가져올 효과들에 대해 명확하게 올려야 하는데, 단순 불만 제기, 문제 제기만 하는 청원들이 있음",citizen,focus on citizen petition content quality
779,시간이 많이 걸린다.,government,complaint about processing time by government
780,없음,neither,no content or answer given
781,지극히 개인적인 것도 민원할수있다는것이 아쉽다,citizen,focus on personal nature of petitions
782,지나치게 개인적이고 미시적인 문제를 청원함,citizen,focus on personal and minor petitions
783,"글이 두서 없거나 이해하기 힘든 문장들이 많은 경우가 있고, 현실성과 거리가 먼 경우도 있습니다.",citizen,focus on poor writing and unrealistic petitions
784,"제대로 된 해결책이 나오지 않는점 
",government,focus on lack of effective solutions by government
785,비논리적 주장이나 개인주의적 취향에 의한 청원이 많아서 업무처리에 어려움,both,mentions citizen petitions and government processing
786,"1. 주무관청의 소극행정 문제 
2. 국민 정책제안에 대한 주무관청과 구성원들의 중요성 인식 개선 
3. 국민들의 눈높이에 맞춤형 정부정책 개선 및 변화 필요 
마지막으로 모든 공적 구성원들이 국민들의 소리에 귀를 귀울여야 하는 당위성 및 책임감 인식이 중요",government,focus on government responsiveness and responsibility
787,기존에 시행되고 있는 제도를 바꾸기가 쉽지않다,government,difficulty changing existing government system
788,접근성이 부족하다,neither,"focus on access, not content or government"
789,없음,neither,no content or answer given
790,없다,neither,no content or answer given
792,소나 개나 본인이 느낀 불편함을 모두 청원에 올리는 일부 극성 민원인들이 문제인 것 같습니다. 국민 대부분이 혹은 많은 분들이 공통으로 공감할 수 있는 공통된 문제점이나 누구나 다 알고는 있는 불편 사항의 개선점을 아이디어로 제공하면 좋을텐데요... 그나저나 이런 청원이 무슨 효과가 있나 모르겠네요. 정부나 대통령이 본인의 입맛에 맞는 의견들만 청취 반영하는게 청원의 보통 결론 아니었나요? 결국은 여론 무마용 요식행위 같던데요?,both,mentions citizen petitions and government response
794,일반인이 써서 글 내용도 애매하고 해결책도 별로다.,citizen,focus on poor citizen writing and solutions
795,무분별한 청원 및 민원,citizen,focus on indiscriminate petitions
796,없음,neither,no content or answer given
798,"공개 청원을 하는 대상자 들 이 대체적으로  사회적 약자이거나 경제적으로 약자 인 것이  보편적 일거라 생각됩니다. 
전문적 지식이 부족하고 이에 따른 청원 방식이나 순서, 절차, 정확한 지식이 없음으로서  민원을 형식과 제안 제도에 서툴다고 생각되므로  
좀 더 일반인들이 청원하고 민원을 내는데 수월한 제도적 제안 방식을 보편화하고 청원과 민원을 받는 기관이나 정부에서 더욱 국민들 입장에서 
받아 주셨으면 합니다.",both,mentions citizen knowledge and government handling
799,정책은 복잡해서 잘 모르겠다,neither,"uncertainty about policy, no frame"
800,홍보가 더 되어야 할 것 같습니다,neither,"focus on promotion, not content or government"
801,문제점과 해결방안 기대효과등을 구체적으로 명시되지 않고 문제점만 나열,citizen,focus on petition content quality
802,"불만이 많구나,, 사회가 불안정하구나.. 나라 정책들이 뒷북을 많이 치구나, 철밥통 고위직 공무원들이 일을 안하는구나",government,criticizes government officials' response
803,무분별한 청원 및 민원 제기,citizen,mentions indiscriminate petitions
804,민원처리에대한 정확성이 필요하다,government,calls for accurate petition handling
805,없음,neither,no content provided
806,민원에 대한 해결의지,government,mentions government's will to solve
807,감정적으로만 대하는 사람들과 일방적요구를 원한느 사람들,citizen,"focus on emotional, one-sided petitioners"
808,진지하게 검토하지 않고 단순민원 정도로 다루는 공무원들의 의식,government,criticizes officials' attitude
809,무분별한 청원에 대한 한계점은 없다고생각 하는점,citizen,discusses limits of indiscriminate petitions
810,너무 개인적인 민원은 공개 청원에서 빼고 사회적인 문제에 관해서 다루어야 한다고 생각합니다.,citizen,focus on types of petitions allowed
811,사회전반적으로 필요한 사항을 이야기하기 보단 개인이 느꼈던 불편함을 징징거리는 수준으로 논리는 하나도 없이 끄적이고 있음,citizen,criticizes petition content quality
813,"특정 정파, 이념 계층에서 일방적인 민원 제기가 많음",citizen,mentions biased petition groups
814,"호소를 통하여 공감과 기대효과를 끌어내는 것이 아니라 개인의 하소연 등으로 청원이 이루어지는 경우들이 있으며, 중복되는 내용의 청원도 다수임.",citizen,focus on petition content issues
815,모름,neither,expresses no knowledge
816,"전문성이 떨어지고 현실적이지 않은 제안이 많이 있는것 같다. 
반면에 전동퀵보드 제한처럼 사회적으로 필요해보이는 조치임에도 불구하고 청원자의 능력에 따라 제안의 전문성이 낮아보여 채택이 되지 않을 수 있는 부분도 있는 것 같다",citizen,focus on petition proposal quality
817,"감정적이고 논리적이지 않은 글쓰기, 말도 안되는 제안",citizen,"criticizes emotional, illogical petitions"
818,"이슈나 불만에 대해 현상 정도만 기재하고 방법론 또는 제도나 법의 방향에 대해서는 정부에서 검토하고 발표하는 것이 맞다고 봅니다. 
앞서 확인한 몇몇 제안들은 제안자가 이슈, 원인, 대안까지 다 내놓는 경우가 있어서 이건 아니다 싶은게 보였어요. 
반면에 작문실력이 뛰어나지 못하거나, 타인에 비해 학력이 떨어지는 국민의 제안은 아무래도 퀄리티가 떨어질 수 있으나 이 제안이 절실하고 급할수도 있습니다. 가능하다면 제안을 한 국민과 대면소통을 통해 구체적인 이슈가 무엇인지를 정부당국에서 파악해 주셨으면 합니다. 
얼마전 대선 선거운동기간에 이재명 당시 후보께서 대구였던가요? 유세현장에 찾아온 국민들이 부동산 문제로 도와달라고 하자, 직접 들어보시고 1차적인 해결책을 제시하셨으며, 당에서 챙겨보겠다라는 말씀을 주셨습니다. 이런식으로 청원 제안자와 마주보고 글로 다 하지 못한 이야기를 직접 들어주시는 자리가 주기적으로 마련되면 어떨까라는 생각이 듭니다.",both,discusses citizen content and government response
819,없음,neither,no content provided
820,모르겠음,neither,expresses no knowledge
821,일반 국민들이 느낄때 전혀 이해할수 없는 민원이 많은거 같습니다.부분별한 청원은 자제나차단이 필요합니다..특히 갈라치기는 경계가 필요합니다,citizen,criticizes petition content and calls for control
822,신뢰도가 떨어집니다.,government,"Evaluates system's trustworthiness, state handling"
823,청원을 올리는 각 개인및 단체는 불만토로 또는 이기주의적 생각이 많음으로 모든 걸 다 대응할 수가 없는 한계를 느낍니다,citizen,Focuses on petitioners' selfishness and complaints
824,공개청원을 모르는 사람도 많으니 그런 제도가 있다는 홍보가 중요하다,neither,"Discusses awareness and promotion, not object"
825,"회사나 개인이 해결할 수 있는 문제도 있어, 정책을 반영되기 어려운 과제들이 많은거 같다",government,Considers policy reflection and problem solvability
827,"별거 아닌 사적인 일로도 청원이나 민원을 제기함 
",citizen,Focuses on trivial personal petitions
828,인터넷 커뮤니티처럼 실없는 글을 올리는 사람들이 많음,citizen,Mentions frivolous posts by users
829,성향이 극단적이다,citizen,Notes extreme tendencies of petitioners
830,아무리 민원을 넣어도 별로 개선되지 않음,government,Complains about lack of improvement from petitions
831,특별히 없음,neither,No specific evaluation given
832,제안을 받았으면 면밀히 검토해서 실행을 해야한다.,government,Calls for government review and execution
833,없음.,neither,No content provided
834,아무런 제약없이 누구나 올릴수있음,citizen,Notes open access for anyone to post
835,근거 부족한 민원 많아  효율성 떨어짐,citizen,Mentions many baseless petitions reducing efficiency
837,글쓴이의 글 솜씨에 따라 공감정도가 차이가 난다,citizen,Focuses on petition quality affecting sympathy
838,해결이 안된다,government,States petitions are not resolved
839,주장하는 바가 항상 옳지는 않다,citizen,Notes petitioners' claims not always right
840,이기적인 느낌이 드는 부분도 있고 전달적인 한계도 있는거 같습니다.,both,Mentions selfishness and communication limits
841,비밀보장의 어려움,government,Notes difficulty in guaranteeing secrecy
842,좀더 구체적이고 보는 사람들이 공감을 하도록 작성되어야,citizen,"Calls for better written, sympathetic petitions"
843,민원 제기자 한 사람의 일방적 주장,citizen,Focuses on unilateral claims by petitioners
844,엾음,neither,No meaningful content or frame present
845,청원 을 해도 정책대로 시행이 않되고 있음 . 청원을 해도 아무런 시정이 없음 . 거대 힘 을 가진 정당 때문에 .,government,Focus on government ignoring petitions
846,"투명하지 못하고, 특정 정치성향에 대해 편중되어 있는 느낌이다. 한마디로 공정하지 못하다.",government,Focus on government fairness and transparency
847,"근로자는 노동부나 이런곳에서 부당 대우에 대한 해결을 할 수 있지만...그 외 반프리, 프리, 특고직들은 부당 대우에 대해 해결할 수 없다. 
관련이 있다 싶은 공공기관에 해결을 요청하면 서로 자기들 소관이 아니라고 핑퐁치기 바빠...피해자들이 질려 떨어지기를 바라는것 같음 
내 이재명을 지지하지는 않지만...서로 핑퐁만 치고 적극적으로 문제를 해결하려하지 않는 공무원들은 파면을 고려할 정도로 제재를 해야 한다고 생각한다.",government,Focus on government agencies' handling and responsibility
848,단순 불편 토로를 넘어서 좀 더 논리적인 제안 등이 필요해 보입니다. 무조건 적인 민원 보다는 좀 더 논리적이고 실현 가능한 청원 및 민원에 대한 지원이 필요해 보입니다.,citizen,Focus on quality and logic of citizen petitions
849,청원 민원이 제기 됐을 때 과연 얼마나 반영이 될까 하는 의구심이라 생각되네요,government,Doubt about government reflecting petitions
850,공개 청원에 대한 이해의 부족과 실천이 잘 안될 것 같은 생각이 듭니다.,citizen,Focus on citizens' understanding and practice
851,단지 신문고로서의 기능을 하는 정도로 보임.,government,System seen as government complaint channel
853,홍보 부족으로 차여도가 낮음,neither,"Focus on promotion, not system content"
854,참 좋은 제도입니다...,neither,General positive comment without object
855,잘모르겠다.,neither,No knowledge or opinion given
856,실효성 있는 답변이  아니고 형식적이란 생각이 많이 듬.,government,Focus on government's ineffective response
858,국민들에게 홍보를 하여 민원 제도가 더 활성화 되면 좋겠어요,neither,"Focus on promotion, not system content"
859,공개청원을  너무 남용하는  경우도 허다하다,citizen,Focus on citizens' overuse of petitions
860,정책을 담당하는 인원이 아니다 보니 주장이 주관적으로 생각하는 경향이 강함. 본인의 이익을 위해서 주장하는 경우가 대다수 인거 같아서 국민 전체의 생각을 대변해주지 못하고 있다고 느낌.,citizen,Focus on citizens' subjective claims
861,제안 내용 현실화,citizen,Focus on content realization of petitions
862,없음,neither,No content provided
863,"개인간, 일부세대에 해당하는 부분별 정책사항까지 청원하는 경우가 생기기는 하나 쉽게 해결할 수 있는 사항까지 자율에 맡기는 정책에 청원하는 것은 타당하지 않다고 생각됩니다. 일부 개인적인 민원에 해당되는 항목들을 선별하는 AI프로그램시스템이 진행되기를 희망합니다. 
 그리고 사회문제중 국민의 권리나 안전을 위협하는 사안은 우선적으로 해결해나가는 시스템이 실행되기를 원합니다. 
 각자어느 분야마다 중요하지 않은 사안은 없다고 생각되나 기본적인 생존시스템과 사회정책은  중요사안을 엄중하게 보고 진행해주시길 바랍니다. 감사합니다.",both,Mentions citizen content and government handling
864,실효성이 없는거 같음.그냥 별 관심들 없는듯 싶네요,government,Focus on government's lack of interest
865,"일반 민원이나 문의 사항까지 올라옴. 
공익의 목적이 아닌 개인의 억울함 하소연..",citizen,Focus on nature of citizen petitions
866,너무나 다양한 민원에서 오는 쓸데 없는 사항들이 있음,citizen,Focus on frivolous citizen petitions
867,모든 사람의 편을 다 들어준다는게 어려운 것 같습니다.,government,Difficulty in government listening to all sides
868,글쓴이들은 해당 이슈에 대해 너무 많은 보상을 원한다.,citizen,Citizens want excessive compensation
869,투명하고 공정한 처리 및 처리 과정을 알기 힘듬.,government,Transparency and process issues in government
871,"무분별한 청원 남발.  
",citizen,Excessive frivolous petitions
873,무분별한 청원으로 인한 문제의 심각성 저하,citizen,Frivolous petitions reduce issue seriousness
874,t세금을 많이낼듯합니다,neither,Unclear comment about taxes
877,"개인적인 불만이나 불평을 올리면서 감정에 호소하는 부분을 걸렀으면 좋겠고 
무턱대고 싫다 해달라고 떼쓰는 글에는 제지를 해야한다고 생각함",citizen,Filtering emotional or unreasonable citizen petitions
878,"내용이 전혀 일관성이 없거나 자기 주장만 내세우는 청원, 민원 수가 많다.",citizen,Inconsistent or self-centered petitions
879,없음,neither,No content
880,개개인의 주관적 민원이라 좀더 사회에 도움이 되는 청원이나 민원이었으면 좋겠습니다,citizen,Desire for socially helpful petitions
881,없음,neither,No content
883,공공의 이익이 아닌 개인의 이득을 위한 공개청원 및 민원사항이 많아 불필요한 행정력이 낭비되고 있다고 생각함,citizen,Personal gain petitions waste resources
884,"개인적인 의견을 공론화할 수 있지만, 다수와의 합의가 되지 않는 경우가 많을거 같다",citizen,Personal opinions lack consensus
885,"현황에 대한 구체적인 정보가 없이 본인이 처한 상황만 호소 
이를 통해 현실적으로 해결되기 보단 자신의 개인적인 이득을 위한 내용을 주장하고 있음 
",citizen,Petitions focus on personal gain
886,"개인선택으로 인한 손해에 대한 국가차원의 보상을 요구가 대부분, 국민성 부족",citizen,Petitions demand state compensation
887,개선방향에 사견이 일부 있는 것으로 이에 대해서는 자신의 저치와 상황을 밝히는 것도 중요 함,citizen,Personal views on improvement
888,저출산 문제가 가장 크고 결혼을 하지않는게 가장큰 문제입니다.,neither,"General social issue, no system frame"
890,실현가능성과 정보부족,both,Feasibility and info relate to both
891,조속한 조치 불가,government,Government cannot act quickly
893,특정 단체나 이익 집단의 담합,citizen,Focus on petitioners as interest groups
894,건의사항 제대로 반영안됨,government,Complaints about reflection of petitions
895,민원이 자기위주의 개인적인 경향이 있음.,citizen,Focus on personal nature of petitions
897,집권당에 따라 일관성이 없고 좌지우지 되는 점,government,Government inconsistency in handling
898,없음,neither,No content provided
899,보여주기식의 처리,government,Criticism of superficial government response
900,좋은 제도이나 변별력이 떨어지는 글들이 많아 확인하는 쪽에서 업무가 과중 될거 같다. 양식을 정해 놓고 위배되는 글들은 우선 필터링 되는게 좋겠다고 생각한다.,both,Mentions content quality and government workload
901,"너무 개인적인 문제에 국한되어 문제 제기가 되는것 같습니다. 
중대한 문제점에 대해 개선방안 및 기대효과 등에 골고루 뒷받침 될만한 내용이 부족해보입니다 
실현가능성이 적어보이며, 추진되야 할 뒷받침 될만한 내용들이 불충분해보이고,  
범용적인 대안들이 별로 없어 보입니다.",citizen,Focus on petition content quality
902,"공개청원 및 민원제도에 현실적이고 적절한 방안이 있지만, 현실적으로 바로 해결이 되지 않는것 같다.",government,System's practical effectiveness questioned
903,글로 잘 표현해야 반응을 얻을 수 있다.,citizen,Importance of petition writing quality
904,없음,neither,No content provided
906,개인의 불편사항을 민원을 통해 해결하려는 사람들이 늘어날 것 같습니다.,citizen,Focus on petitioners' behavior
907,무분별한 청원 등록,citizen,Uncontrolled petition submissions
908,너무 무분별하게 청원을 하는걸 막는 방법이 있어야 할꺼 같음,citizen,Need to control frivolous petitions
909,두리뭉실한 답변,government,Criticism of vague government responses
910,"감정에 호소하는 쓸데없는 글이 너무 많아짐. 진짜 필요한 영역에 개선점에 대해 제안하고 그게 실제로 구체화되어 실현되도록 만드는 첫 걸음인 곳인데 그냥 내가 당장 불편하니 나 불편한 것을 알아줘, 라는 식의 글이 너무 많아서 피로함",citizen,"Focus on emotional, unnecessary petitions"
912,"민원에 확실한 답변을 하지 않고 있다 
자세한 답변은  해당부처에 문의 하라는 답변 
잘못된 규제는 즉각 폐지해야 한다",government,Government's inadequate responses
913,사람 모으는거 힘듦,citizen,Difficulty gathering petitioners
914,공개청원이 정당하고 필요한 경우도 있지만 이기적 편향적인 경우도 있음,citizen,Mixed nature of citizen petitions
915,잘 알려지지 않은것 같다,neither,"Lack of awareness, no frame"
916,단지 한 가지만 해결한다고 될 수 있는 문제들이 아닌 경우가 많습니다.,government,Focus on problem complexity and resolution by government
917,글자체가 매끄럽지 않고 설득하려고하는 의견들이 타당하지 않거나 얼토당토 않은 내용들이 많다,citizen,Evaluates quality and validity of citizen submissions
918,억지가 너무많음 지들 하고싶은말을 아무렇지않게 끄적임,citizen,Critiques citizens' emotional and careless postings
920,모르겠다,neither,"Expresses uncertainty, no frame evident"
922,본인 위주의 관점이다.,citizen,Focus on self-centered citizen perspectives
923,개인적 이익을 위해 올리기도 하는 점,citizen,Mentions personal interest in citizen petitions
924,각제도에 제안을 하지만 정부에서 확인 후 단계별 세부 실행계획에 대해 공유하고 추진하는 부분이 부족함. 단기성 계획이 대부분임,government,Focus on government's follow-up and execution
927,"글쓴이에 따라 내용이 제대로 전달이 되지 않습니다. 
무분별한 청원을 방지 하기 위해서라도 어느정도의 자료나 데이터를  첨부하도록 해야 하는것도 필요합니다.",citizen,Discusses need to filter and improve citizen content
928,개인의 불편함을 해소하기위한 민원제기,citizen,Describes citizen complaints for personal inconvenience
929,무분별하게 올라오는 청원도 많고 실현 가능하고 타당성 있는 청원은 도입 검토가 충분히 있어 보인다.,both,Mentions both frivolous petitions and government review
930,별 것 아닌 것도 청원에 올라온다,citizen,Notes trivial citizen petitions
931,"뒷 받침 되는 근거가 없고, 나열식이라 문제점이 잘 들어오지 않고 해당 되거나 관심있는 내용이 아니면 판단력이 떨어짐",citizen,Critiques lack of evidence in citizen petitions
933,"특정사안, 특정계층에만 도움이 되는 것 같음.",citizen,Focus on petitions benefiting specific groups
934,해결 방안에 대한 부분이 추상적이거나 현실성이 부족한 부분들이 많은 점,citizen,Mentions unrealistic citizen proposals
935,없습니다,neither,No content to evaluate
936,논리에 맞지않는 청원 및 민원이 많음,citizen,Mentions illogical citizen petitions
937,취지는 좋으나 엄청나게 사회적 이슈가 되지 않는 한 정책이나 입법으로 반영되기에 한계가 많다고 봅니다.,government,Focus on government's limited policy reflection
938,모든 사항에 대한 생각이 정파적으로 내용 생각이문제 입니다  생각은 국민의 생활과 국가적이익으로 생각해야됩 니다,citizen,Focus on biased citizen opinions
939,한게가잇다,government,Mentions some government action
940,너무 무분별하게 해결 될 수 없는 주제도 많이 있다고 생각합니다.,citizen,Mentions many unresolvable citizen topics
941,시간이 많이걸림,government,Focus on processing time by government
943,청원이 너무 많아서 내가 관심이 있는 청원을 보고 동의를 모으기 어려움. 특히 마이너한 분야는 더욱. 또한 답을 받아도 원론적인 이야기인 경우가 많음.,both,Mentions citizen petitions and government responses
945,없음,neither,No content or answer given
946,군중 심리를 이요안 무분별한 청원,citizen,Focus on crowd psychology and petitions
949,무분별한 제안이 실질적으로 필요한 제안의 해결 속도를 늦추고 있다,both,Unreasonable petitions slow government process
951,말도안되는 청원을 누구나 작성할수 있고 여론몰이가 가능하다,citizen,"Anyone can write petitions, public opinion manipulation"
953,잘 모르겠음,neither,"Uncertain, no clear evaluation"
954,공개로 개인의 신상 노출,citizen,Personal info exposure in petitions
955,무분별하고 지극히 개인적인 주장과 비현실적인 제안,citizen,Unreasonable and personal petition content
958,잘 하고 계십니다.,government,Positive evaluation of system operation
959,청원 및 민원 신청 시 근거 사실에 대한 입증 자료 및 나열을 순차적으로 배열하는 것이 쉬운일이 아닙니다. 일반인이 공개 청원 시 사실에 대한 시간&순차적 사실 적시 및 근거 자료 제시 그리고 이 문제점을 개선하기 위한 개선안을 명확하게 제시하는 것이 쉬운일이 아니기 때문에 일반인이 잘 쓴 청원은 한계가 있는 것이 현실적인 상황입니다,citizen,Difficulty writing well-structured petitions
960,"생각을 많이 하지 않은 제안들도 올라가는 경우가 있음 
해결방안은 생각 하지 않고 문제 제기만 하는 경우",citizen,Poorly thought-out citizen proposals
961,문제점 없음,neither,No problem stated
962,국회가국민들이  청원한 수만큼   신속한  처리를  안한다,government,Government slow in processing petitions
965,국가나 대다수를 위한 청원이 아닌 본인의 억울함이나 불만을 토로하는 것으로만 보여진다. 이것을 관리하는 공무원분들이 힘들것이라는 생각이 든다. 그리고 국가 재정낭비가 아닐까?라는 생각이 든다,both,Citizen complaints and government burden
967,"막무가내식, 정확한 논리와 근거 없이 단순 분풀이용으로 청원 올리는 경우가 많은듯",citizen,Frivolous petitions without logic
968,잘 모르겠다 누군가 해당 청원을 요청했다면 모를까 사람들의 관심이 많은건지는 모르겠다,citizen,Uncertain about citizen interest
971,너무 무분별하게 민원 제기함,citizen,Excessive citizen complaints
972,"물론 개인적 경험이나 사례를 통해 억울한 점이 청원 및 민원제도로 표현되고 있으나 
극히 개인적인 사례들이 많음",citizen,Many personal cases in petitions
973,"단순 아이디어만으로 해당 규제나 법제화까지 길이 험난할 것입니다. 이를 해결하는 공무원들은 과도한 업무에서 벗어날 길이 없습니다. 
우선적으로 전문적인 지식을 가진 공무원이 많이 필요한 실정에서 민원제도를 늘리고 개편한다고 나아질 것이라는 판단이 서지 않습니다.",both,Citizen ideas and government workload
975,정말 아무나 쓸 수 있다 보니 화풀이의 장소로 사용되는 등 쓰임새에 맞지 않는 글이 올라오고 양이 꽤 많아 다 검토하기도 상당히 힘들 것 같다.,citizen,focus on citizen submissions quality and volume
976,"실제 더 현실적인 부분이 포함된 내용이 미흡하다고 생각합니다. 
근본적인 해결책보다는 일시적인 부분해결책만으로는 해결되기 어렵다고 생각합니다. 
인류사회가 무섭게 변하는 시대에 아직도 근시적인 행정을 고치지 못하고 있는 것이  답답합니다. 
대한민국은 정치인만의 국가가 아닙니다. 
국민들이 한국만이 아닌 인류경쟁에 대처할수있는 교육과 방안 그리고 행정이 뒷받침을 해주어야합니다.",government,criticizes government's short-term solutions
977,너무 개인적인 글은 지양했으면 한다,citizen,criticizes personal nature of citizen posts
979,"나타내고자 하는바를 구체적으로 말하는건 좋지만,  
너무 과하게 작성하여 가독성이 떨어져, 핵심을 잃게됨",citizen,focus on writing style of citizen submissions
980,"1. 공개 청원 및 민원 제도에 올라오는 내용은 당사자들에게는 모두 시급한 사항들이나 정책 시행에 있어서 동시에 모든 사항을 해결하기 어려움 
2. 사안에 따라서는 이해관계자들의 입장이 달라 해결하는데 조정이 가장 필요한 내용들임 
3. 우선 청원 사항에 대한 해결에 가장 필요한 예산 부분 해결이 절대적으로 필요함",government,discusses policy implementation and budget
981,청원이 많더라도 다 들어주는지 읽어는 보는지 ?,government,questions government's responsiveness
983,글로 쓰다보니 여러가지 상황이 전달 안되는경우가 많은것 같다,citizen,mentions communication limits of citizen posts
987,무지성 민원,citizen,labels complaints as mindless
991,"많은 민원인이 요구해도 별 해결책이 없다.이준석 국회의원 제명안에 대해 청원에 이름올렸으나 실현가능성이 낮다는 얘기들이 들린다. 없는 시간내서 번거로운 절차를 거쳐서 청원했는데 안 될거라고,,,,그런 개차반같은 자식이 국회의원이라고 거들먹거리는 꼴을 계속 봐야한다니 열불이 난다.",government,complains about government's lack of action
992,"1 지자체 담당 공무원이 민원요지에  맏지않게 둥리뭉실 답변하고 제차 삼차 제기하면 악성민원이나 
기답변 민원으로 처리  
2 또한 담당 이 책임을 가지고 민원내용을 알고 처리해야하나 담당이 요지나 상황 현항파악 못하고 
제대로 된 민원처리가 요원함 
3 연속 민원제기되는건 민원인 입장에서 민원처리가 제대로 안되었기 때문 
예를 들어 장마로 상습침수 구간에 도시화 대기전 하수관거가 협소하고 노후하여 개선 대책에 대해 민원제기하면 
앞으로 어떻게 관로를 정비하고 담당이 알고있는 내용에 충실하게 개선안을 구체적 알려줘야하나 애매한 답변으로 이해하기 힘든 말만함.  
4 특히 연속 제기청원이나 민원은  제3기관에서 적의 처리여부 및  감사 나 제대로 처리여부 조사필요 
",government,criticizes government officials' handling
993,"양식이 자유로워 누구나 이용 할 수 있는것은 좋으나 
청원들 중에 효과적이거나 잘쓴 글이 있는 반면 
상황과 의도는 알겠으나 근거가 부족한 글이 난립함",citizen,focus on quality of citizen petitions
994,진행이 오래걸림,government,mentions slow process by government
995,무분별하게 들어오는 청원 밎 민원이 문제이다.,citizen,mentions indiscriminate citizen petitions
996,"저마다의 글쓰기 방법이 다르다는 점 
근거나 명확한 방법 없이 뭔가를 바라는 글이 있음",citizen,focus on citizen writing quality
998,공개 청원을 해야지 사람들도 인식할 수있고 변화가 있을수있음.,citizen,values citizen awareness and voice
999,근거를 뒷받침할 수 있는 일방적인 주장을 거를 수 없다는 점,citizen,mentions filtering citizen claims
1000,자신과 직접적으로 연관되어있다고 느끼지 않는 문제에 대해서는 (객관적으로 아주 중요하고 효과적인 청원 또는 제도라도 할지라도) 관심을 덜 가지게 된다.,citizen,focus on citizen interest in petitions
1002,"공개청원의 진행 및 결과를 알기가 어려운 것 같음 
",government,mentions difficulty knowing government process
1003,선량한 국민이 피해보는 일이 없어야 한다,government,concern for citizens harmed by system
1004,실제 민원이 진행과정과 결과를 분명히 하는가?,government,questions clarity of government process
1006,청운하면 뭐하노 안들어주는데,government,Focus on government ignoring petitions
1010,"사람들의 주관적인 생각으로 필요없는 내용을 합당하게 표현하는 것도 있고 
글쓰기 실력에 따라 중요한 내용이 부각이 안될수도 있어보인다",citizen,Focus on citizens' subjective opinions and writing
1011,청원 남발,citizen,Complaints about excessive petitions
1012,정해진 양식이 없어서 중구난방으로 작성자 본인의 주관적인 의견을 나열하는 경우가 발생,citizen,Subjective opinions in petitions
1015,"너무 많은 청원이 쏟아 지고 있고, 청원 글을 홍보하기 위해 자극적인 영상을 먼저 접하게 되는것 같습니다.",citizen,Many petitions and sensational content
1016,모두 다 들어줄 순 없다,government,Government cannot accept all petitions
1017,청원을 올리면 전부 다 해결 될 것 처럼 선동하는 사람들이 문제가 있다. 무분별한 청원이 난무하다.,citizen,Problem with indiscriminate petitions
1018,"누구나 자유롭게 의견을 쓸 수 있다는 점은, 비현실적인 의견 역시 쓸 수 있다는 점이 있다.",citizen,Freedom to write unrealistic opinions
1019,"문제해결을 위해서는 고려해야할 사항들이 많은데, 감정에 치우친 것 같음",citizen,Petitions emotionally biased
1023,모든 민원을 심도있게 살펴보고 관리하는 직원들과 잘 상의하여 처리하는지 투명하지 않다,government,Lack of transparency in handling
1026,"자신이 겪은 공공의  불편함을 공론화 하여 개선해나가는 방향으로 보면 상당히 유익한 제도로 보인다. 단, 너무 개인적인 사례를 무분별하게 청원,민원제기를 하는것은 불편하다.",both,Value and problems of petitions and handling
1027,없음,neither,No content
1030,댓글부대난입,citizen,Comments intrusion
1032,중복되는 민원들이 많을 것같다,citizen,Many duplicate petitions
1035,사연만구구절절,citizen,Long emotional stories
1036,특별한 의견은 없습니다,neither,No special opinion
1037,감정적인 청원도 많은 것 같고 많은 글을 다 읽고 분류하는 일도 에너지가 소비되는 일 같다,both,Emotional petitions and processing burden
1043,얼마나 의견 수렴이 이루어질까에 대한 회의감,government,Doubt about opinion collection
1045,복잡함,neither,Vague complexity
1046,현상을 구체적으로 파악하지 못하고 막무가내로 내가 불편하니까 문제를 해결해줘라는 식의 무분별한 민원이 많다고 느껴진다. 특히 저출산 대책을 인식개선 없이 제도적 혜택 혹은 불이익으로 해결할 수 있다는 청원이 많은데 실효성이 없다고 생각한다.,citizen,Unreasonable petitions from citizens
1047,국민들이 글 작성시 대한 양식을 별도로 추가 구성 필요합니다.,citizen,Focus on citizen submission format
1048,"사회 전체의 문제가 아닌 개인, 소수의 문제를 해결해주길 바람",citizen,Focus on types of citizen issues
1051,많은 사람들의 관심도를 알리는게 쉽지 않다.,citizen,Focus on citizen interest visibility
1052,"전국민적 공공 사안보다는 본인이 해당하는 일부의 연령층, 관심사항으로 제한된다는 생각이 듭니다.",citizen,Focus on citizen interest limitations
1054,많은 사람에게 필요한 제도는 필요하지만 구체적인 방법이 없이 해 달라고 하면 현실화 되기 어렵다는 한계가 있다.,both,Citizen needs and government implementation
1055,문제점을 올린다하더라고 해결방안도 안나올뿐더러 이걸 일일이 다 보고있는지 의문스러움,government,Doubt government reviews petitions
1056,너무 무분별하게 많이 올림,citizen,Too many frivolous petitions
1057,없음,neither,No content provided
1058,단편적인 것만 보고 불편하게 느끼는 부분에 대한 성토대회라고만 생각이듬,citizen,Petitions as emotional complaints
1063,청원에 대한 실현 가능한 답변 부족,government,Lack of feasible government response
1064,실효성이없는 무분별한 청원 및 민원에 대한 담당자들의 업무량이 과다될것 같음,both,Frivolous petitions and government burden
1068,없음,neither,No content provided
1069,이론과 실제의 차이라고 해야하나?  좋은정책이라도 조금의 허점만있으면 부당한 혜택을 받는이가 많다는 현실,government,Government policy flaws and abuse
1070,청원을 해도 실질적으로 되는것이 몇개 없음.,government,Few petitions lead to results
1071,저걸 과연 보나? 싶은게 현실,government,Doubt government reads petitions
1073,청원 이후에 대응이 만족스럽지 못하다.,government,Unsatisfactory government response
1074,해결이 어렵,government,Difficulty in government resolution
1075,없음,neither,No content provided
1076,없습니다,neither,No content provided
1081,공개청원해도 들어주지도않아서 이게무슨민주주의냐고,government,Government ignores public petitions
1084,"1. 무분별한 청원으로 행정인력 낭비 
2. 보여주기 쑈 느낌이 있음. 검토하겠다하고 조용히 끝나는 등 
3. 이렇다할 결과가 있는지 의문임.",both,mentions administrative waste and lack of results
1085,이용해보지 않아 잘 모름,neither,"expresses lack of knowledge, no frame"
1088,사적 문제 해결을 위한 내용이 많이 제시되고 현실적이지 못한 내용이 다수 있음. 국민의 자유와 권익을 해칠 제안도 여럿 제시됨.,citizen,focus on unrealistic and harmful citizen content
1094,읽다가 지치는 느낌,citizen,"feeling tired reading, implies citizen content"
1098,정치인들이 사람말 귀 기울이긴 했었냐 ㅋㅋㅋ,government,"politicians not listening, government handling"
1100,"여러모로 노력을 하고 있지만, 변화가 많이 없다",government,"efforts made but no change, government handling"
1101,아직 잘 모르겠다,neither,"uncertainty, no frame"
1102,"실제 실현가능성이 적은 감정에 호소하는 글이 있는 것, 문제 해결점이 구체적이지 않다",citizen,"emotionally driven, unrealistic citizen content"
1103,너무나 많은 민원으로 제대로 처리가 될 수 있을지,government,"too many petitions, processing concern"
1106,없음,neither,no content
1110,원인에 대한 명확한 해결방안이 제시되지 않음,citizen,lack of clear solutions in petitions
1111,민원신청을 한다해도 현실적으로 그게 적용되고 시행될지가 의문이 든다,government,"doubt petitions are applied, government handling"
1112,"이해 관계가 첨예하게 다르기 때문에 애매할 때도 많으며 경험치에서 나오지 않는 단순 머리 생각에는 한계가 있어서 
그에 관계되는 민원인들에게 답변 점수를 가중치를 주어서 해결해야 될것으로 보임",both,complex conflicts and response weighting
1113,처리가 너무 늦음,government,"processing too slow, government handling"
1114,"기본적인 요구 양식이 없으니 내용을 난잡하게 적는 경우가 많고, 전문 지식이 없으면서 잘못된 해석으로 법 조항을 가져와 가독성만 떨어지는 상황입니다. 
 
접수할 때 육하원칙에 맞게 적을 수 있도록 칸을 따로 분리시키고, 글자 수를 제한해서 꼭 필요한 내용만 요약해서 적도록 유도해야 할 것으로 보입니다.",citizen,"poorly written petitions, need for structure"
1116,청원이나 민원 내용이 실제 정책이나 입법에 반영되지 않아 실효성에 대한 의문이 든다는 점,government,petitions not reflected in policy
1119,이미지 파일이 본문에 같이 뜨면 좋을 것 같다,citizen,suggestion to improve petition content
1121,국가 전체적인 현황이나 문제보다는 개인의 상황에 맞추어 민원제기를 하다보니 각자 개인적인 이익을 위함이 많다,citizen,petitions focus on personal interests
1123,특별하게 문제점이나 한계에 대해 느꼈던 것은 별도로 없었던 것 같다,neither,no particular problem noted
1124,"같은 사항을 여러사람이 다른의견으로 청원하는 것은 문제가 있다고 생각된다 
",citizen,multiple conflicting petitions problematic
1126,무분별함,citizen,focus on indiscriminate postings by citizens
1127,잘 모르겠음,neither,"uncertainty, no object evaluated"
1132,민원에 대한 실질적인 해결을 할수 있는 권한이 없다,government,lack of government authority to resolve
1137,무분별한 게시,citizen,indiscriminate postings by citizens
1140,국민들의 관심 미흡,citizen,lack of citizen interest
1145,시행이 되고 있는지 어느 정도 반영이 되는지 투명하게 공개 될 수 있으면 좋겠습니다.,government,transparency of government process desired
1146,아무 글이나 막 올릴것 같음,citizen,anyone can post indiscriminately
1151,조금 개선되어 잘 정착된다면 좋은 제도로 남을것 같다,government,system improvement and establishment
1152,개인적인 입장이 많이 제시됨,citizen,many personal opinions submitted
1153,문제를 빠르게 다 처리할 수 없다.,government,slow government processing
1154,너무 많은 제안이 올라오고 어떤것이 체택되었는지 알수 없음,government,"too many proposals, unclear government adoption"
1156,청원이 무시될 수도 있다는 점,government,petitions may be ignored by government
1158,객관적인 판단이 아닌 개인의 경험에 한정된 민원,citizen,subjective personal complaints by citizens
1160,"없음 
",neither,no content
1161,감정적,citizen,emotional content from citizens
1163,청원이나 민원을 넣지만 달라지는 점이 없는 것 같다,government,no change despite petitions
1165,익명의 보장성이 확실하지 않다.,government,lack of anonymity protection by system
1166,전문지식이 없을 경우 이해에 어려움이 있음,citizen,citizens lack expertise to understand
1167,"답변이 제한적이며, 다소 형식적인 면이 없지않아 있슴",government,"limited, formal government responses"
1172,개인적인 작은 의견들이 정부 정책에 반영될 수 있을까? 하는 의문이 든다.,both,doubt personal opinions affect government
1173,너무 많은 민원들로 인해 채택 될 지가 의문 입니다.,government,Doubt about petition adoption by government
1174,청원 하나하나 모두 해결되길 바랍니다,government,Wishes for government to resolve petitions
1175,모든걸다해결될수없는거지요~,government,Acknowledges government cannot solve all
1177,양식,neither,"Only mentions format, no evaluation"
1178,실현가능성,neither,"Mentions feasibility, no clear object"
1179,"국가에 꼭 필요한 청원보단 자신의 이득을 위해 집단이기주의를 이용하는 청원이 많다. 
 
 
 
 
 
 
 
 
 
",citizen,Criticizes selfish citizen petitions
1182,"가치관이나 이념에 따른 시각의 차이를 떠나, 청원 및 제도가 무분별하게 등록되는 것 
등록 시 부적절한 주제를 걸러내는 것에 어려움이 있음 (부적절함의 기준이 사람마다 다르지만 통상적인 기준에서 벗어난 주제)",citizen,Focus on filtering inappropriate citizen content
1186,양식을 제공하지만 내용이 하소연성 글이 많은 것 같음,citizen,Notes many complaints in citizen submissions
1187,가독성이 떨어지는 경우가 있다.,citizen,Mentions readability of citizen content
1188,단순히 민원받는 것에서 끝나는 경우가 많은 것 같다,government,Petitions often end with government response
1191,"의견이 구체적이지 못하거나 일방적이고, 표현이 명확하지 않은 경우가 많다.",citizen,Citizen opinions unclear or one-sided
1193,근거 부족,citizen,Lack of evidence in citizen submissions
1194,다양한 주제가 올라가지만 채택되는 내용과 비율을 직관적으로 알기 힘들다,government,Difficult to know government adoption rates
1195,"결국에는 언론플레이를 통한 매스컴에 이슈화된 것들만 청원으로 받아들여 지고 있는 실정이라고 생각. 
 
",government,Government accepts media-driven petitions
1196,체계적이지 못한 청원이다.,citizen,Petitions lack systematic citizen input
1199,개인적 이익을 위한 제안이 많은 듯.. 공공의 이익에 부합하는지 여부를 잘 판단해야 할 듯 하다.,citizen,Many proposals for personal gain
1201,일부의 의견이 전체의견이 될수 없습니다,citizen,Minority citizen opinions not representative
1206,청원민원시   결과가  정확하지도 않고  너무  지체된다,government,Government results inaccurate and delayed
1207,말도 안되는 이야기들을 주관적으로 악의적으로 쓰는 공개청원이 많은 듯 하여 이것을 걸러낼 수 있는 제도가 필요하다.,citizen,Need to filter malicious citizen petitions
1208,"아주 사소한 개인적인 문제를 민원으로 올리기도하고 대중이 없는 것은 사실입니다. 
그런데 개개인의 문제를 가볍다고 할 수 없으니 어떤 글을 걸러야하는지도 사실 어려운 문제이지요. 
",citizen,Difficulty filtering trivial citizen issues
1213,"정치적으로 이용하거나 악용하는 집단의 보복성  청원 
상대당을 공격하려고  억지를 부리는 것을 보며 무력감을 느낌",citizen,Focus on citizens' misuse and emotional petitions
1214,사회 공공의 이익이 아닌 개인의 이익을 위한 무분별한 청원 및 민원이 남발하여 그에 들어가는 인력이 낭비되고 있다,citizen,Focus on citizens' selfish petitions and resource waste
1219,"무분별한 청원, 실현 불가능하거나 말도 안되는 청원의 비중이 꽤 많음.",citizen,Focus on many unrealistic or nonsensical petitions
1220,없는것같다,neither,"No clear frame, vague negative response"
1222,지극히 이기적인 관점에서 민원을 낸것같은 느낌.,citizen,Focus on selfish nature of citizen petitions
1227,우리 나라 국민 많은  사람들이 잘 모르는것 같다,neither,"Focus on awareness, not system or content"
1229,공개청원을 해도 개선될거라는 확실한 믿음이 없다,government,Doubt about government responsiveness
1230,실효성 있는 해결안이 나오기 힘들다,government,Difficulty in effective resolution by government
1231,1차로 검수하는 과정이 없어서 논리가 부족한 민원들이 주기적으로 올라옴,citizen,Lack of filtering of poor citizen petitions
1232,"1. 국가의 예산이 한정적인 상황에서 모든 국민의 요구를 해결할 수 없는데 민원을 넣으면 공무원들이 너무 시달릴 수 있다는 점.  
2. 말이라도 해볼 수 있는 곳이 있다는 것에 위로를 받기도 하나, 내가 제안한 청원이가 민원이 해결되지 않을 때 무시당했다는 분노를 느끼는 국민도 있다는 점.",both,Mentions government burden and citizen feelings
1234,전문적인 조사 및 각 부처의 합의가 필요한 사항 등 구조적인 문제로 인하여 진행이 늦어지거나 중지될 수도 있을 것 같음,government,Government structural delays and issues
1235,제대로 되지 않은 글들이 무분별하게 올라와 정작 중요한 사안들은 쉽게 지나치거나 늦게 조치 취해질 가능성이 우려됨,citizen,Poor citizen petitions hinder important issues
1236,청원이 올라와도 제대로 해결되는게 없음. 말만 청원이지 사람들은 그냥 이것저것 쓰는거 같고..,both,Petitions exist but no government resolution
1240,설령 이 민원들을 읽는다 하여도 실제적으로 해결방안 제시가 효과적일까요?,government,Doubt about government's effective solutions
1242,잘 모르겠습니다.,neither,No knowledge or opinion given
1243,심사과정 및 실행까지의 과정 투명화,government,Transparency in government process needed
1247,"개인의 주관이 너무 담길 수 있음, 현실적으로 모든 청원에 답변을 기대하기 어려움",citizen,Subjectivity and unrealistic citizen expectations
1248,무분별한 선동식 청원이 많음으로 논리와 사실에 알맞지 않으면 청원 제한하는 법 필요,citizen,Need to limit illogical citizen petitions
1250,잘 작성된 내용도 있는 반면 감정적이거나 부적절한 내용도 있는 것 같음.,citizen,Mixed quality of citizen petitions
1251,청원??결과값이 현저하다,government,"Focus on petition results, government impact"
1255,불필요한 말은 삭제하고 필요한 말만 써두는게 좋을 것 같다.,citizen,focus on content quality and necessity
1256,일상생활에서 일어나는 일들이 사회적문제로 번져있다는게 안타까워서 다시는 문제가 발생하지 않기 위해서 법 규제를 강화해야 될것같습니다.,government,mentions law regulation and problem solving
1258,의견 내용이 조금 개인적인 문제로 축소되어 표현되어 있어서 전달에 문제가 있어 보입니다,citizen,focus on personal nature of opinions
1261,어차피 안들어줄거잖아요,government,mentions government ignoring petitions
1264,무분별한 청원 제기,citizen,mentions indiscriminate petitioning
1265,일방적인 입장에서 뚜렷하고 구체적인 개선방안이 없는 경우가 많은 것 같다.,citizen,lack of clear improvement plans in petitions
1266,반영율,government,mentions reflection rate of petitions
1267,개인적인 민원을 공개적으로 게시하는 경우가 있는 것 같다.,citizen,mentions personal complaints posted publicly
1268,잘 모르겠습니다.,neither,expresses lack of knowledge
1269,반영 여부,government,mentions whether petitions are reflected
1272,제가 생각하는 공개 청원 제도의 문제점은 없는것같습니다.,government,mentions problems with public petition system
1273,무분별한 민원,citizen,mentions indiscriminate complaints
1274,각각의 개인차이가 있듯이 모든것이 만족할 수 는 없다고 봅니다.,neither,general comment on satisfaction
1276,청원이 올라간 후의 상황에 대한 정보가 없음,government,mentions lack of information after petition
1278,없음,neither,no content
1283,어느 한쪽의 주장만을 일방적으로 하는 경우가 있어서 전적으로 동의하기는 힘들다. 다만 어느정도 합리적인 주장에는 동조한다.,citizen,mentions one-sided claims in petitions
1285,감정토로의 내용이 많아서 보기 힘듬,citizen,mentions emotional content in petitions
1294,잘지켜지지않을것같애요,government,mentions system not being well kept
1298,무응답,neither,no response
1299,각자주관적인생각으로만해결하려하다보니 결정하기가매우힘듬,citizen,mentions subjective opinions causing difficulty
1301,잘 모르겠습니다,neither,No clear evaluation of system or content
1302,무분별함,citizen,Focus on indiscriminate citizen submissions
1304,청원이 많이 모여도 해결되는게없음,government,Petitions not resolved by government
1306,장난 치려는 인간들이 많을 수 있다,citizen,Many pranksters among petitioners
1307,너무 양이 많아서 하나하나 꼼꼼히 따져보기가 힘들다,government,Government burdened by volume
1308,법으로 실효 있게 처리하는 국회의원들이 없다고 생각함,government,Lawmakers not effectively handling petitions
1309,너무 쓸데없는 것들도 올라오는 것이 문제,citizen,Unnecessary petitions submitted
1312,"사회이슈가 된 사건이 안되면 공론화되기가 싶지않다 
힘없는 개인의 민원은 묵살되기 싶다",government,Individual petitions ignored by government
1314,청원이 해결되었는지 잘모르곘음,government,Uncertainty about petition resolution by government
1315,청원 해보면 공무원 분들이 성심것 해결하고 결과을 보내 주셨어요,government,Officials sincerely handle petitions
1316,잘 이루어지지않음,government,Petitions not well fulfilled by government
1325,한정적인 주제가 많다,government,Limited topics allowed by system/government
1326,공개 청원 및 민원에 대한 답변이 일관성이 없음,government,Inconsistent official responses
1328,얼마나 많은 사람이 공감 하는지가 ......,citizen,Focus on number of supporters (citizens)
1329,너무 많은 동의를 채워야 하는것,citizen,High agreement threshold for petitions
1330,국민 청원에 올라오는 글들이 많아서 이걸모두 확인하고 정부에서 이걸 참고하는 지 잘 모르겠다.,both,Many petitions and government uncertain handling
1331,감정에 치우쳐서 논점을 흐리는 청원들이 많이 올라와 있는듯 하고 주장하는 바가 무언지 포인트를 잃은 청원들이 많은듯 하다.,citizen,"Emotional, unfocused citizen petitions"
1332,모름,neither,No opinion given
1333,시행하기까지의 시간과 논의,government,Time and discussion in government process
1335,정치적 목적으로 쓰이는 경우가 종종있다고 느껴짐. 특정 정당에 대한 적개심 등,citizen,Political motives in citizen petitions
1336,생각지 않음,neither,No content or opinion expressed
1338,글의 형식과 내용에 조건이나 양식이 없어서 무분별한 청원 및 민원이 증가하고 있음.,citizen,Focus on uncontrolled citizen submissions
1342,국가의 관심,government,Focus on state's attention or interest
1350,없습니다,neither,No content or opinion expressed
1353,없음.,neither,No content or opinion expressed
1354,명확하지 않은 해결책이나 실행하기 어려운 제안,citizen,Focus on unclear or impractical citizen proposals
1355,청원해도 끝까지 해결되는게 없이 흐지부지 끝난다.,government,Focus on government's failure to resolve
1357,설문부터가..,neither,Unclear or irrelevant comment
1358,신뢰도,neither,Vague mention of trust without object
1363,무분별한 민원,citizen,Focus on indiscriminate citizen complaints
1366,"두루뭉실하고 구체적이지 않음 
너무 아이디어성만 많음 
절자법 등이 지켜지지 않아 문장이 이해가지 않음 
두서가 없다.",citizen,Focus on poor quality citizen submissions
1368,"어떤 사안이 되었든 이슈가 되어야만 법이 바뀌고 시행이 되는 안타까운 일들이 있습니다. 
정말 필요로 하는 법도 있고 법을 만들어서 오히려 불편한 이상한 법들도 있는 듯 합니다.  
정말 대한민국에 사는 국민으로서 오늘 청원에 올라온 예시들을 읽어 보면서 답답함을 느꼈습니다. 
본인들이 처했던 상황과 본인들이 경험했던 일들이 대부분인데 다른 상황 다른 경험을 하지 않고 본인이 처한 상황 만으로 글을 쓴 부분이 참 쉬워 보인다는 생각을 하게 되었습니다. 본인의 손톱에 박힌 가시가 제일 아픈 것 처럼 다른 사람들의 처한 삶이나 상황을 이해 못하고 쓴 부분들이 아쉬웠습니다. 무조건 법이 많이지고 법으로 해결하려고 하는 이상한 나라가 되가네요.",citizen,Focus on citizens' limited perspectives in petitions
1369,없음,neither,No content or opinion expressed
1372,비논리적이다,citizen,Focus on illogical citizen content
1379,잘 모르겠다,neither,"Expresses uncertainty, no frame"
1384,해결이 어려운 것은 공론화 하기 누구도 피해가 가지 않기를  모두 참된 사람이기를,both,Mentions difficulty in resolution and public discourse
1386,처리과정을 자세히 알 수 없음,government,Focus on lack of transparency in process
1387,"공개 청원이나 민원제도는 주관적인 관념이 많기 때문에 
전체를 위한 일인지 명확하게 파악하기가 힘듬 
",both,Focus on subjective nature and public good
1389,너무 사소하거나 너무 일부만을 위한 제도를 만들어 달라는 감성적 호소가 많다.,citizen,"Focus on emotional, narrow citizen appeals"
1390,"무분별한 청원 
정부 지원의 낭비",both,Mentions frivolous petitions and government waste
1391,청원이나 민원에 대한 빠른 대응이 일어나지 않아 기다리는데 시간이 오래 걸림,government,Focus on government's slow response time
1395,근거가 부족한 주장이나 실현이 어려운 청원도 필터링 없이 올라온다는 점이 아쉽다.,citizen,"Complains about unfiltered, unrealistic petitions"
1400,"전문가의 시각 부족. 하지만 그게 또 매력인 것 같다. 문제에 봉착한 당사자의 고충과 국민이 생각한 개선방안을 알 수 있을 만한 창구가 흔치 않다. 
또다른 한계로는 디지털 기기 취약계층의 접근도가 떨어질 수 있을 것 같다. 이용하는 사람만 이용할 것 같다. 표현이 서툴더라도 자세히 들여다보는 노력이 필요할 것 같다.",both,Mentions citizen input and government access issues
1403,개인적인 무분별한 청원이  많은 것 같다.  실효성 있는 청원이라도 실행 되기 까지 시간이 많이 걸릴 것이다,both,Mentions frivolous petitions and slow execution
1404,"가시화가 되지 않으면 아무리 효과적인 제안이라도 유명무실해지며, 
반대로 터무니없고 비현실적이거나, 혐오적이고 차별적인 민원도 여론전으로 악용할 수 있는 등 다수결의 허점을 그대로 드러냄.",citizen,Discusses quality and misuse of citizen petitions
1406,막말할수 잇다,citizen,Mentions rude speech by citizens
1408,긍정적인 면과 부정적인 면이 함께 존재. 상대방과 나의 정당성중 하나 선택의 문제.,neither,General comment on positives and negatives
1410,장황하게 말이 너무 김,citizen,Complains about long-winded citizen petitions
1412,너무 구구절절 사연자의 주장에 필요없는 배경설명부터 시작해서 관련없는 말이 너무 많습니다. 그러다보니 다소 핵심 주장이 빠져있거나 가려지는 경우가 많은 것 같습니다. 구체적인 개요나 서술 요령이 같이 첨부된다면 더 효율적인 글 작성이 가능할 것 같습니다.,citizen,Focus on petition writing quality and clarity
1413,없음,neither,No content provided
1415,"아직은 위의 제도에 대하여 적극적으로 관심을 가지고 있지 않아서 문제점이나 한계를 논할 입장은 아니지만  
자칫 분노 표출의 대상이 되지 않기를 바라고, 민원에 대한 대응도 형식적이 아닌 어렵게 제도를 선택한 입장을 고려할 수 있었음 좋겠습니다. 
",government,Concerns about government's formal response
1417,개인이 욕심으로 원하는바를 말하는게 많아서 사실상 이루어질만한 청원이 별로없다. 청원 자체의 질을 높일 방안을 찾아야한다,citizen,Focus on selfish citizen demands
1419,안건의 성격을 구분해서 비교적 간단하고 실현 가능한 것을 우선적으로 처리하도록 하면 좋을 듯함. 장기적이고 논의 과정이 복잡한 것은 따로 분류해서 처리하면 효율적일 듯 함.,government,Suggests government processing improvements
1420,너무 말도 안되는 주장이나 타당성이 없는 제안이 많아 민원 응대에 과도한 인력 소모가 예상됨.,citizen,Complains about invalid citizen petitions
1421,모르겠음,neither,Expresses ignorance
1423,쉽게 접근할 수 있다는 이미지가 형성되어 있지 않은 것 같다.,neither,"Comments on access, not content or government"
1424,특정 집단의 집중적인 청원 및 민원 제기,citizen,Mentions concentrated citizen petitions
1425,너무 많아요,citizen,Complains about excessive petitions
1426,없다,neither,No content provided
1429,모르겠다,neither,Expresses ignorance
1430,실제적인 효과가 없다,government,Evaluates system's effectiveness and impact
1431,현실반영에 한계가 있다,government,Focus on system's reflection of reality
1432,백날 말해도 결국 정당들이나 기존 기득권들을 위한 제도나 만들기만 하고 청년이나 표가 안되는 사람들의 말은 절대 안들어준다 결국 표 때문에 기득권들의 문제점 위주만 집중적으로 해결한다,government,Critique of government responsiveness and bias
1434,정보 접근성의 차이로 인해 현실성 있는 대안을 제시하기 어렵다.,government,System's accessibility and realistic solutions
1438,무분별함.,citizen,Criticism of petition content quality
1440,누가 보고 판단하는지 모른다,government,Uncertainty about government processing
1441,실효성 문제,government,Effectiveness of system questioned
1443,큰일뿐만 아니라 사소하고 작은일에도 청원글이 올라올 때까 있는 것 같다.,citizen,Comments on petition topics' nature
1446,비전문가 주장,citizen,Non-expert claims in petitions
1447,"생각해볼만한 아이디어이지만 비현실적인 대책 제안이 많음, 제안을 더 구체적으로 적을 수 있도록 작성 단계가 세분화되면 좋을 것 같음",citizen,Quality and realism of citizen proposals
1448,자신의 의견이 무조건 올곧다고 생각하는 한계가 있음,citizen,Citizen opinion limitations noted
1452,특별히 생각나는 게 없다,neither,No specific evaluation given
1453,무분별하거나 실효성 없는 제안,citizen,Frivolous or ineffective proposals
1463,투명성 효력미흡,government,Transparency and effectiveness issues
1467,"늘 문제를정확하게 
판단하여 빨리해야한다",government,Need for accurate and quick action
1468,바로 시정이 되지 않음,government,Delayed government response
1472,"무분별한 청원 
",citizen,Frivolous petitions noted
1479,무분별한 민원,citizen,Frivolous complaints noted
1483,모르겠음,neither,Uncertain or no opinion
1484,없음,neither,No content provided
1487,공개청원이나 민원이 특정인이나 특정집단을 대변하는 것이 아닌 공공의 목적에 맞아야 한다고 생각합니다.,citizen,Focus on petition content quality and public purpose
1490,없음,neither,No answer provided
1491,잘 모르겠음.,neither,"Expresses uncertainty, no frame"
1494,너무 많은 민원과 청원으로 혼란스럽습니다,citizen,Complains about volume of petitions
1495,개인적 감정에 치우침,citizen,Focus on emotional bias in petitions
1496,없음,neither,No answer provided
1507,다양한 의견들 중 우선순위가 중요 할 것 같다.,citizen,Focus on prioritizing citizen opinions
1509,사이트에 들어가기가 어렵다.,neither,"Access difficulty, no frame"
1511,결과 및 이후 과정에 대해 알수 없어 아쉬움,government,Concern about feedback and process transparency
1514,문어체가 구체적으로 표현되어야 하는데 감정으로 두루뭉실하게 호소를 하면 알아듣기 힘들다,citizen,Focus on petition writing quality
1518,문장이나 단어표현에 있어서 약자들이 이겨내기에는 너무 힘이 들다,citizen,Difficulty for weak to express in petitions
1523,개인적이고 주관적인 대책들이 종종 보입니다. 모든 청원들을 받아들이기 보다는 그중에서 잘 거르는 것이 중요할 것 같습니다,citizen,Need to filter subjective petitions
1527,무분별하게 남발되는 청원은 자제해야 한도 생각,citizen,Criticism of excessive petitions
1529,논리적으로 서술하는 능력이 부족하고 무분별하게 글을 작성함,citizen,Poor logical writing in petitions
1531,너무많은 민원으로 해결이 다 안되는점 개개인의 상황이나 생각이 달라서 절충하는데 어려움,government,Too many petitions hinder resolution
1532,"민원고에 작성된 글을 읽어보니, 근거가 너무 부족하다는 느낌이 많이 들고 감정에 호소하는 글들이 많은 것 같아,  
민원이 설득되기 어렵다는 생각이 들었다.",citizen,"Petitions lack evidence, emotional appeals"
1537,믿음,government,Trust in government implied
1538,정당한 판단인지 궁금함.,government,Questioning government's judgment
1540,청원이 관심있는 사람에게만 보여서 아타깝다.적극적인 알림이 필요하다,government,Concern about petition visibility and alerts
1541,공개 청원이나 민원 제도나 본인이 스스로 불편함을 느껴 질의하는 것으로 별 차이점이 없다고 생각,both,Compares petition system and personal discomfort
1542,"민원을 넣어도 매뉴얼 적인 답장이 왔을 뿐, 구체적인 해결이 어려웠습니다.",government,Focus on government's response and resolution
1549,잘 모르겠습니다.,neither,No clear evaluation or frame
1556,현실적인 응대,government,Evaluates realistic government response
1557,소리를 내는 사람만 소리를 냄. 현실적으로 정책 반영 어려움.,both,Mentions citizens' voice and policy reflection
1559,"비슷한 글의 문장에도 불구하고 그사람의 태도, 논리적 언어에 따라 받아들이는 논의가 다르다고 느낌.",citizen,Focus on nature of citizens' language and attitude
1562,글의 구성이 제대로 이해하지 못하겠으면 아예 읽기 조차도 겁나요,citizen,Difficulty understanding citizen submissions
1567,구체적이거나 논리적이지 않은 내용을 기재하는 것,citizen,Non-logical citizen content noted
1569,"글쓴이 본인위주의 글이다 보니 모두 엮어서 힘들다 라고 표현하나 그렇지 않은 사람들도 분명 있을거라는 점 
모두가 필요한 정책개선점을 올리는 사람은 적음 
본인이 지지하는 당에 대한 지지 이런 글들도 보이기도 하고... 이런건 AI가 걸러주면 좋겠다.",citizen,Citizen content quality and filtering needed
1571,"동의자 수 확보의 어려움  
정부 답변의 실효성 부족",government,Government response effectiveness and difficulty
1572,해결이 느리다,government,Slow government resolution noted
1577,"사람들이 각자 바라는 바, 원하는 바가 너무 많고 범위가 넓으며 과반수의 동의가 많은 의견이 별로 없다는 점에서 문제점을 느끼고, 
뭔가 소수가 바라는 민원 제도 인것 같아서 조금 더 넓게 생각했음 합니다",citizen,Focus on citizens' diverse and minority opinions
1579,답답함,government,Frustration with system response implied
1582,"일정 수 이상이 되어야 받아들여지는 것, 
관심이 없거나 상관이 없으면 소수의 의견은 상정도 되기 힘들다는 것",government,System acceptance criteria and minority exclusion
1583,"개인의 차원에서 이득이지만, 국가와 사회적 차원에서 손실이 발생하는 공개청원과 민원도 무분별하게 올라옴 수령된 청원과 제도를 그 종류에 따라 나누어 국가적 손익을 따져 선별할 필요가 있음",both,Citizen petitions and government selection process
1585,무분별함,citizen,Uncontrolled citizen petitions noted
1587,"앞서 제시된 A,B 두 가지의 글을 읽어 보았을때 문제점들은 충분히 해결할수 있는 부분들도 있는것 같고 그렇지 못한 부분도 있는것 같습니다. 시민들의 귀 기울여 주셨으면 합니다.",both,Mentions citizen issues and government listening
1589,무분별한 청원 및 민원 남발. 실현 여부 불투명.,both,Uncontrolled petitions and unclear realization
1593,감정에 호소하는 청원들이 너무 많은 것 같습니다,citizen,Emotional citizen petitions highlighted
1595,합리적으로 실현 가능한지 검토할 시간이 길 것 같음,government,Time for government feasibility review
1599,다양한 다른 의견을 첨부하기 어려움,citizen,Difficulty adding diverse citizen opinions
1600,비현실적인 대책이 남발한다.,citizen,focus on unrealistic petitions content
1601,"개인적으로 해결해야 할 불만도 게시하는 사람들이 많아 진짜 필요한 청원, 민원의 해결이 늦어진다.",citizen,focus on citizens posting personal complaints
1607,청원이나 민원이 무분별하게 마구잡이로 올라올 수 있음,citizen,mentions indiscriminate citizen postings
1608,국민들이 청원을 넣을때 조금더 생각하고 논리적으로 글을 작성하면 더 효과적으로 작용할 것 같음,citizen,focus on citizens writing logically
1610,없음,neither,no content provided
1614,전문성이니 객관성이 좀 떨어진다,citizen,mentions lack of expertise in petitions
1616,너무 당연시한 이야기가 많이 도는 느낌을 받는거 같습니다,citizen,"mentions common, obvious citizen content"
1618,제대로 해결되고 있는지가 명확하게 나타나지 않음,government,focus on unclear resolution status
1623,자신의 감정을 호소하는 청원으로 인해 실현이 불가능한 대책을 이야기해서 해결방법에 대해 생각해보지 못하게 되는 아쉬움이 있다.,citizen,focus on emotional petitions causing issues
1628,어르신들 이용 어려움,neither,"mentions access difficulty, no frame"
1632,무분별하게 막 올리는 게 문제인 것 같습니다.,citizen,mentions indiscriminate postings by citizens
1634,형식적인 질문만 올라온다,citizen,mentions only formal questions posted
1643,개선이 되는 모습이 보이지않음,government,"mentions lack of improvement, government action"
1644,"형식은 갖췄지만 국민 체감 실효성 부족, 
일부는 정치적·상징적 수단으로만 기능하고 있음.",government,"mentions lack of effectiveness, political use"
1647,타장한 청원의 홍보 부족과 비합리적 논리를 담은 청원의 혼재.,citizen,mentions irrational and mixed citizen petitions
1654," 
취지는 좋으나 개선이 될지는 우려됨",government,"mentions concern about improvement, system"
1658,논리적 근거 없는 민원,citizen,mentions illogical citizen complaints
1661,대응 속도가 느림,government,mentions slow government response
1662,"공론화 될 수 있고 많은 국민들이 해당되는 내용도 있지만 일부 소수의 하소연 같은 느낌의 글은 별도의 창이 필요할 듯 보입니다. 
그리고 이미 논의가 되고 있거나 제시한 해결 방안들이 기존의 것들과 별반 차이점이 없어 보이기도 합니다.",both,mentions citizen content and government response
1664,논리없이 감정적으로만 호소함,citizen,mentions emotional citizen petitions only
1665,모름,neither,No clear evaluation of system or content
1666,"모든사람들의 의견이 아니므로 신뢰감이 없을수 있고, 연령대에 한계가 있을수 있다",citizen,Focus on citizen opinions and demographics
1668,너무 주관적,citizen,Subjectivity of citizen submissions
1672,글이 너무 많은데 정리되어 있지 못해서 긁을 읽지 못하고 넘기는 점,citizen,Too many unorganized citizen posts
1674,실질적인 문제점 파악을 못한 청원들이 많다.그저 개인적인 불만호소로 느껴지는 청원이 많아보인다,citizen,Petitions are personal complaints
1676,실현 가능성 적음,citizen,Low feasibility of petitions
1677,문제점을 제기해도 제대로 이루어지지 않고 중간에 누락되는 경우가 많다,government,Petitions ignored or lost
1678,"1. 누구나 민원을 올릴 수 있다보니 청원 사이트를 둘러보는 입장에서는 청원 수가 많은 글만 보게 됩니다. 중요한 문제임에도 불구하고 사람들 눈에 띄지 않는 민원글도 많고, 반대로 특정 집단의 이익을 위한 것임에도 sns 광고 등을 통해 유명해진 글도 많습니다.  
2. 제가 민원을 작성한 경험이 없어 자세히는 모릅니다만, 민원 글을 올리는 데에 자세한 설명이 없는 것인가 하는 생각이 들 정도로, 작성자마다 각 항목을 이해하는 방식이 달라 내용이 중구난방으로 보일 때가 많습니다.",both,Discusses citizen posts and government handling
1680,무분별한 공개 청원,citizen,Uncontrolled public petitions
1681,"없음 
",neither,No content provided
1684,법적으로 청원을 해도 잘 바뀌려면힘든부분이 있고 개인적인 청원이 남발할 수 있다고 생각합니다.,both,Petitions frequent and government change hard
1685,민원처리가 늦다,government,Slow government processing
1686,실현가능성과 보편성,citizen,Feasibility and generality of petitions
1688,전문성이 결여,citizen,Lack of expertise in petitions
1693,"전달 되는 과정에서의 의견 누락 및 제대로 된 의견 전달이 이루어 질 때 까지  복잡하고 긴 시간이 문제점이다.  
또 전달 되었다 하더라도 논외가 되는 경우가 많아 사실 상 의견을 내는 것에 의미가 있는가 하는 의문이 든다.",government,Opinion loss and long process
1695,없음,neither,No content provided
1696,무분별한 민원,citizen,Uncontrolled petitions
1697,작성자에따라 글에 내용이 빈약해질 수 있음,citizen,Weak content by authors
1698,비적절한 어투와 태도로 글을 작성하는 것과 비현실적인 제안의 건수가 지나치게 많은 것에 대한 제제가 없다는 점,citizen,Inappropriate tone and unrealistic proposals
1699,사회적으로 큰 이슈가 바탕이 된 청원 및 민원을 제외한다면 실질적으로 얼마나 반영이 되었는지 알 수 없음. 효과가 없는 것 같음.,government,Effectiveness and reflection of petitions
1704,특별히 없음,neither,No specific evaluation of system or content
1708,내용이 간략하지 않다,citizen,Evaluates content quality as not concise
1712,"무분별한 내용들이 많음 
공개 청원 및 미원 제도에 투명한 심의 과정을 도입하고 
반려될 경우 반려되는 이유를 전달하여 보완 후 다시 신청하는 방식 등의 개선이 필요함",both,Mentions content issues and government process
1713,답변이 늦음,government,Evaluates government response speed
1715,무분별한 떼쓰기 민원이 늘어난 것 같아서 안타깝다.,citizen,Criticizes frivolous citizen complaints
1718,청원을 하더라도 채택되는게 어렵고 전문적인 지식을 기반으로 해야 봐준다,government,Evaluates government selection criteria
1719,조금 걸러지는 부분도 있는 듯 합니다,government,Mentions filtering by government
1721,"미리 방지를 해야 하는데 개선이 안되어 있고 그로 인해서 한계가 있다고 생각한다. 
문제도 미리 해결 안되겠지만 되도록이면 잘 되었으면 한다.",government,Focus on government prevention and improvement
1725,문제점은 허위로 청원하는 경우이고 그럴때의 행정력 낭비도 걱정되기도 합니다. 한계는 없을 것 같고 답변하는 정부에서 성의를 갖고 잘 처리하는 것이 중요하다고 생각합니다.,both,Mentions false petitions and government handling
1729,저마다 공익보다는 개인의 이익 관점이 주가 되는 청원이다는 것,citizen,Focus on citizens' selfish motives
1730,쓸데없는 민원 제기로 행정력 낭비,citizen,Criticizes frivolous citizen complaints
1731,예산이나 기타 다른 문제에 대한 고려 없이 민원인 개인의 사정이 우선시 되는 경우가 많음,citizen,Focus on citizens prioritizing personal issues
1735,"개인의 이익을 위해 청원 및 민원제도를 악용함 
정해진 양식이 없으니 글을 어떻게 쓰는지 하고자 하는 말이 무엇인지 애매할 때가 많음",citizen,Focus on misuse and poor writing by citizens
1736,주관적인 부분이  사회에 불면사항이되어 개선되어지고 향상될때 사회ㅣ보장제도의 올바른 방향제시에 도움이 될듯하고 정부는 개인이라도 귀를 기울여듣고 고민하길 바란다,both,Mentions citizen issues and government listening
1741,구독성이 떨어진다. 어느정도의 서식 규정이 있으면 좋겠다,citizen,Suggests content format regulation
1743,청원 민원이 되도 높으신 분들이 그냥 무시하시는 것 같다.,government,Criticizes government ignoring petitions
1744,개인적인 의견만으로 청원을 한다거나 민원을 제기하는 것은 일거리가 너무 무분별하게 많아지므로 선별되어야 한다,citizen,Calls for filtering frivolous citizen input
1748,거시적인 입장에서 바라본 글이 많이 없는 것 같다.,citizen,Notes lack of broad citizen perspectives
1750,공개 청원 및 민원 제도를  보다 효과적으로 이용 하고 자신의 생각을 관철 시키기 위해서는  맞춰진 폼에 맞게 적절한 문법으로 간단 명료 하게 제시 해야 한다는 것을 사례들로 부터 배우게 되네요.,citizen,Focus on citizen writing quality
1751,없다,neither,No content or opinion given
1752,아무나 할 수 있는 것이 가장 큰 장점이자 단점같다.,citizen,Focus on who can submit petitions
1754,민원에 대해서 명확한 답변을 들을수 있으지 의문이 든다,government,Doubts about receiving clear answers
1760,없음.,neither,No content provided
1761,제안을 통해 아이디어를 주는 시민들은 해당 분야에 대한 전문적지식이 충분하지 않을 수 있기 때문에 공개제안에서 나온 아이디어 중에 필요한 부분을 잘 채택해서 공직자들이 올바르게 활용하는게 중요할 것 같다,both,Citizen ideas and government selection
1764,무분별하고 논리 없고 대안도 없이 떼쓰기 식의 민원들이 많아요,citizen,Complaints about petition quality
1771,글에 정확한 의도가 조금은 부족해보인다,citizen,Lack of clear intent in writing
1781,문제점을 지적하지만 해결책이 명확하지 않다.,citizen,Problems noted but no solutions
1783,몇몇 제안에 정성없음,citizen,Some proposals lack sincerity
1784,정확한 개선 방법을 제시하지 않았음,citizen,No clear improvement methods
1793,"국민의 공감과 지지가 있는 정책이어도 행정적으로 어려운 경우에는 시행되기 까지 오래 걸리거나 시행이 어려울 수도 있고, 오히려 국민의 공감과 지지율이 크지 않은 정책이어도 실행하는데는 생각보다 빨리 이뤄질 수 있는 정책들도 있을 수 있는데 결국 결정권자들 입장에선 전자를 우선적으로 생각할지는 잘 모르겠다",government,Decision makers' policy implementation
1794,구체적으로 설명하기힘듬,neither,Difficult to explain
1795,국민의 소리를 듣는것은 좋으나 역시 필터링이 상당히 힘들것,both,Listening and filtering challenges
1798,무분별한 민원 제기,citizen,Indiscriminate complaints
1801,해결해주는 존재를 믿지 못함,government,Distrust in problem solvers
1803,딱히없다,neither,No specific comment
1804,무응답,neither,No response
1811,없음,neither,No content provided
1814,"일괄적인 양식이 없고, 너무 무분별하고, 각자의 관심사가 너무나도 다른 만큼 주의깊게 읽고 동의하는 사람보다 무분별한 물타기가 많다.",citizen,"No uniform format, indiscriminate content"
1818,청원수가 많아도 해결해주지않음,government,Petitions not resolved
1820,모르는 사람들이 많은거 같다,neither,Lack of awareness
1825,"감성에 치우쳐있거나, 논리적이지 않은 청원들도 올라오며, 군중심리 떼법 마냥 머릿수로 청원 동의수가 많아질 수 있음",citizen,Focus on citizen petition quality and behavior
1832,청원인(민원인)은 빠른 실행을 원하지만 행정부처에서는 원론적인 답변이 주를 이루기 때문에 실효성이 크게 떨어짐,government,Focus on government's response effectiveness
1835,"공개 청원이 너무 무분별하게 이슈화된 일에 일단 올리고보는 그런 문제점들이 많이 발생한다 
",citizen,Focus on citizen petition behavior
1837,실현 부족,government,Focus on lack of implementation by government
1841,"시민분들의 민원서나 청원서 하나하나 제대로 고려,반영을 하고 있지는 않은것 같고 
많은 시민들이 청원이나 민원에 대한 관심이 큰것 같지 않은것 같아 잠여도를 높일수 있는 방안들이 필요한것 같습니다",both,Mentions citizen interest and government reflection
1847,"익명성, 개인적 사연을 곁들여 감성적 판단이 들어갈수 있다",citizen,Focus on emotional citizen submissions
1851,쓸데없는 청원이나 민원을 넣는 사람들이 있어서 장난전화 같은 느낌으로 재미로 하는 사람들이 있다,citizen,Focus on frivolous citizen petitions
1855,"너무 줄글이라 읽고 싶은 마음이 사라짐, 가독성이 떨어짐 
딱 요약해서 올려줬으면 좋겠음 
",citizen,Focus on readability of citizen submissions
1857,반영되지 않는 경우가 많음,government,Focus on government ignoring petitions
1861,과도하고 불필요한 민원이 많고 정확한 주장이 뭔지 모르겠는 민원이 많습니다,citizen,Focus on excessive and unclear citizen complaints
1862,개인이 가진 정보의 양이나 그것을 표현할 수 있는 수준에는 한계가 있기 때문에 청원 1번만으로는 완벽하게 본인이 추구하는 바를 온전하게 전달하기가 어려운 것 같다,citizen,Focus on citizen's difficulty expressing fully
1863,무분별하고 비현실적인 제안이 많다.,citizen,Focus on unrealistic citizen proposals
1866,해결이 안되고 무시하는게 문제,government,Focus on government ignoring issues
1868,수준이 낮은 국민들이 실현 불가능한 제안을 계속 하는게 문제다.,citizen,Focus on low-quality citizen proposals
1869,좌파들 쓸데없는 청원 받아주지좀 마라 좀,citizen,Focus on partisan citizen petitions
1870,"없음 
",neither,No content provided
1873,팔로우업이 어렵다,government,Focus on government follow-up difficulty
1875,제대로 알아보지도 않고 사실이 아닌 정보를 써서 시간을 낭비하게 만든다,citizen,Focus on false citizen information
1897,특정 정당을 지지하는 (특히 민주당 지지하는 머저리들) 사람들이 몰려가서 지들 정치성향에 맞는 헛소리만 지껄여댐,citizen,Focus on partisan citizen behavior
1900,없음,neither,No content provided
1907,감정적 여론몰이로 인한 정책 왜곡,citizen,Focus on emotional public opinion distortion
1909,해결 방안이 미비하거나 실현가능성이 낮다,government,Evaluates solution feasibility and effectiveness
1915,"공개 청원이기 때문에 모두가 본다는 문제점 
",citizen,Concern about public visibility of petitions
1917,청원 및 민원을 제기해도 구체적인답변 혹은 실제로 정책에 반영이 되는지 의문이 생김.,government,Doubts about government response and policy reflection
1929,"청원의 표현이나 어휘력 내용, 양식 등이 중구난방이다",citizen,Focus on petition expression and format
1938,"목소리에 영향력이 없다보니 실 효과가 생기는지도 모르겠고, 중구난방식의 청원이 많이 올라오는 것 같다",both,Mentions lack of impact and petition quality
1939,안녕하세요,neither,"Non-answer, greeting only"
1940,일부 청원이나 민원글 중 사실과 다르거나 현실적이지 못한 요구를 하는 글들은 사전에 필터링 할 수 있었으면 좋겠다,citizen,Desire to filter unrealistic petitions
1941,터무니없는 주장이 많음,citizen,Many unreasonable claims in petitions
1942,감정적으로 호소하는 사람들이 많음,citizen,Many emotional appeals by citizens
1946,너무낮은 진입장벽으로 인하여 지자체 콜센터에서 해결 할 문제를 중앙정치기관에 무분별하게 올림,citizen,Low barrier causes misuse by citizens
1949,무분별한 공개청원이 많음,citizen,Many indiscriminate public petitions
1950,괜찮은느낌,neither,"Vague positive feeling, no object"
1952,"민원인이 사안에 대한 전문성이 높다고 볼 수 없으며, 간혹 사회를 위한 주관적인 의견보다는 개인의 생각, 가치관 혹은 이익이 중시된 민원이 빈번하다. 사회의 여론에 휘말려 명확하지 않은 청원글이 올라오는 경우도 있다.",citizen,Focus on petitioners' expertise and motives
1954,의견 반영,government,Mentions opinion reflection by government
1957,그냥 보여주기식이 다이다.,government,Criticism of government response as superficial
1973,답변 지연,government,Complaint about delayed response
1985,"무분별한 청원의 정도는 생각보다 낮은 편이었지만 
답답함과 분노를 글에 적지 않아야 함에도 불구하고 감정을 담아 작성하여 
효과적으로 전달되지 못한 청원이 많았음",both,Mentions petition quality and effectiveness
1995,청원에 대한 명확한 기준이 없어서 불필요한 청원들도 많이 올라와 정작 관심 받아야 할 민원들이 그저 그런 민원들과 함께 없어지는 것,citizen,"No clear standards, many unnecessary petitions"
2016,너무 감정적으로 호소하는 것 같다,citizen,Too emotional appeals by citizens
2018,적극적인 공무 수행,government,Focus on government action and performance
2030,하나하나 확인해야 될 부분이 많아서 따로 전담 부서가 있어야 될 만큼 인력 소모가 많이 들 것 같음.,government,Concerns about government resource burden
