NO,response,regex,primary,all_labels,rationale,primary_en,regex_en
19,정보 넘 감사합니다,8,8,8,"Expresses gratitude, positive tone",Positive / Supportive,Positive / Supportive
21,해결방안 에 후처리안됨,1,1,1|3,"No follow-up, ineffective resolution",Lack of effectiveness,Lack of effectiveness
23,민원청원한적없어   문제점을 모르겠음,14,9,9,"No experience, no opinion",No opinion / Don't know,Other
24,없음,9,9,9,No opinion,No opinion / Don't know,No opinion / Don't know
25,내용이 복잡하고 길다.,6,6,6,"Content is complex and long, hard to read",Readability / Communication issues,Readability / Communication issues
26,현실성 없는 대안과 분석과 논리가 부족한 내용이 많다.,12,12,6|12,"Unrealistic proposals, lack logic and analysis",Feasibility / Unrealistic proposals,Feasibility / Unrealistic proposals
27,제대로 안들어줌,1,1,1,"Not properly listened to, ineffective",Lack of effectiveness,Lack of effectiveness
28,결과를 투명하게,3,3,3,Wants transparency of results,Transparency / Feedback deficiency,Transparency / Feedback deficiency
29,이용을 해보지 않아서 잘은 모르겠지만 무분별한 청원에 대해서는 처벌이 필요하다고 생각합니다,9,2,1|2,"Concern about indiscriminate petitions, need punishment",Frivolous / Emotional petitions,No opinion / Don't know
30,실효성이 없음,1,1,1,No effectiveness,Lack of effectiveness,Lack of effectiveness
31,나이도 많고 빙문 또는 인터넷 접수가 번거로워서,11,9,9,"Difficult internet access, need more participation",No opinion / Don't know,Need for more participation / Awareness
32,사소한것도 올리는 사람들을 많이 봤음 연예인 군대 청원은 정말 어처구니가  없었음,2,2,2,"Frivolous petitions, celebrity military service example",Frivolous / Emotional petitions,Frivolous / Emotional petitions
33,없음,9,9,9,No opinion,No opinion / Don't know,No opinion / Don't know
35,거의 반영이 되지않고 담당자가 업무를 거의 회피하고 있음,1,1,1|13,"Not reflected, officials avoid work",Lack of effectiveness,Lack of effectiveness
36,명확한 근본적 문제해결에 대한 답이 부족함,14,1,1,Lack of fundamental problem solving,Lack of effectiveness,Other
37,보다 더 활성화 필요성이 있어보입니다.,11,11,11,Need for more activation and participation,Need for more participation / Awareness,Need for more participation / Awareness
38,"특정 양식이 없다보니 
가독성이 떨어짐",5,6,5|6,"No format, poor readability",Readability / Communication issues,Need for filtering / Guidelines
40,실현될 가능성이 낮다,12,12,12,Low feasibility of proposals,Feasibility / Unrealistic proposals,Feasibility / Unrealistic proposals
41,피해자가 다수의 대상이 되거나 피해가 클 경우  공개 청원이나 민원의 경우 대상자가 나 또는 가족일 수  있다고 생각하고 적극적으로 처리 또는 그렇게 처리하지 못하는 절충의 한계나 이해관계로 처리 못하는 것이 안타까운 현실이고 한계입니다,7,13,1|13,"Institutional limits, processing constraints",Civil servant burden / Institutional constraints,Personal / Selfish petitions
42,전담 직원이 필요할 정도로 아무리 작은 민원이라도 꼼꼼히 읽고 타당성과 그 효과를 점검하여 국민의 편의를 기해 주었으면 한다.,13,11,11|13,"Need dedicated staff, thorough review, better service",Need for more participation / Awareness,Civil servant burden / Institutional constraints
43,없음,9,9,9,"No opinion, blank response",No opinion / Don't know,No opinion / Don't know
44,신속성과 투명성,3,4,3|4,Mentions speed and transparency issues,Slow processing / Bureaucratic delays,Transparency / Feedback deficiency
45,다른 사람의 의견(문제해결을 위한 추가 방안)을 덧붙일 수 있는 방안도 마련되면 더 좋을 것 같다.,1,5,5,"Suggests adding ways to add opinions, implies need for guidelines",Need for filtering / Guidelines,Lack of effectiveness
46,동의하는 인원수에 도달하지 않으면 그냥 없어진다는 것. 시간이 너무 부족하다,4,1,1|4,"Petitions disappear if not enough support, time too short",Lack of effectiveness,Slow processing / Bureaucratic delays
47,모릅니다,9,9,9,"No opinion, states '모릅니다'",No opinion / Don't know,No opinion / Don't know
48,없음,9,9,9,"No opinion, blank response",No opinion / Don't know,No opinion / Don't know
50,민원제도의 투명하지 않는점,3,3,3,Mentions lack of transparency in complaint system,Transparency / Feedback deficiency,Transparency / Feedback deficiency
51,참여해 보지 않아서 잘 모르겠다,11,9,9,"No experience, unsure",No opinion / Don't know,Need for more participation / Awareness
52,원인 분석에 대한 정확한 근거 부족 및 대안에 대한 실질적 제안이 부족,12,6,6|12,Lack of evidence and practical proposals,Readability / Communication issues,Feasibility / Unrealistic proposals
53,없음,9,9,9,"No opinion, blank response",No opinion / Don't know,No opinion / Don't know
54,없음,9,9,9,"No opinion, blank response",No opinion / Don't know,No opinion / Don't know
55,"개인적 불편, 불이익에 초점이 맞추어진 경우가 보이고, 감정적 글쓰기로 읽기 불편한 글도 보인다.",2,2,2|6|7,"Emotional, personal, hard to read petitions",Frivolous / Emotional petitions,Frivolous / Emotional petitions
56,내용을 이해하기 힘들다,6,6,6,Difficult to understand content,Readability / Communication issues,Readability / Communication issues
57,민원담당자의 권한 부족 및 인당 업무량 과다,13,13,13,Officials' lack of authority and heavy workload,Civil servant burden / Institutional constraints,Civil servant burden / Institutional constraints
58,없음,9,9,9,"No opinion, blank response",No opinion / Don't know,No opinion / Don't know
59,"정부의 해결하고자 하는 의지가 절대적이며, 대다수 공무원들의 무사안일주의 등으로 실효성이 없는 제도임",1,1,1|13,Lack of effectiveness due to officials' apathy,Lack of effectiveness,Lack of effectiveness
60,각각의 사안을 맞게 판단해야하는데 일률적인 판단에 의한다는 인식이  있음,6,5,5,"Concerns about uniform judgment, need for proper screening",Need for filtering / Guidelines,Readability / Communication issues
61,민원의 진정성을 어떻게 판단할것인가 가 가장문제일거같음,14,5,5,"Difficulty judging petition sincerity, need for filtering",Need for filtering / Guidelines,Other
62,처리속도가 늦고 회신이 거의 없다,3,4,3|4,Slow processing and lack of response,Slow processing / Bureaucratic delays,Transparency / Feedback deficiency
63,제도는 많은 국민이 불편함을 느끼고 해소를 원하는 사항이 선택되는것이 우선이라고 생각한다. 어느 한 집단 혹은 개인의 불편함을 해소하기 위해 제도를 변경하면 그에따라 다른 집단 및 개인은 불편함이 생기게 마련이다. 최대한 많은 국민이 혜택을 누리거나 불편함을 해소할 수 있는 청원이 우선시 되어야 한다,7,7,1|7,Concern about selfish petitions and prioritizing public benefit,Personal / Selfish petitions,Personal / Selfish petitions
64,없음,9,9,9,"No opinion, blank response",No opinion / Don't know,No opinion / Don't know
65,가끔 청원 자체를 위한 청원을 하는 경우가 있으니 좀 더 면밀히 살핀 후 올리는 방식은 어떨까 싶습니다,14,5,5,Suggests more careful filtering before posting,Need for filtering / Guidelines,Other
66,고려해야 할 복잡한 요소들이 너무 많아 모든 공개청원이나 민원신청을 받아들이기 어렵다,6,13,13,Mentions complexity and difficulty in accepting all petitions,Civil servant burden / Institutional constraints,Readability / Communication issues
67,똥글을 싸지르는것을 똥글이라고 지우기에도 형평성에 어긋나서 처리가 어렵습니다.,2,5,5,Difficulty in handling inappropriate posts fairly,Need for filtering / Guidelines,Frivolous / Emotional petitions
68,소리없는외침... 소귀에 경읽기,1,1,1,"Feels petitions are ignored, like shouting into void",Lack of effectiveness,Lack of effectiveness
69,민원에 대한 필터링이 없어 이용에 불편을 느낀다,5,5,5,Complains about lack of filtering causing inconvenience,Need for filtering / Guidelines,Need for filtering / Guidelines
70,잘 모르겠습니다,9,9,9,Expresses no knowledge or opinion,No opinion / Don't know,No opinion / Don't know
72,"글의 공정성과 취지에 맞게 정말 청원, 민원에 관련된 글인지 확인하는 점.",6,5,5,Wants verification of fairness and relevance of petitions,Need for filtering / Guidelines,Readability / Communication issues
73,일단 실현가능성이 있느냐의 관한 한계가있는것같습니다,12,12,12,Points out limits on feasibility of proposals,Feasibility / Unrealistic proposals,Feasibility / Unrealistic proposals
74,현실가능성 및 실현 가능여부 문제점이 있음,12,12,12,Mentions issues with feasibility and realism,Feasibility / Unrealistic proposals,Feasibility / Unrealistic proposals
75,실현가능한 대책 부족,12,12,12,Lack of feasible measures noted,Feasibility / Unrealistic proposals,Feasibility / Unrealistic proposals
76,일반인들 기준 자유로운 양식에 따른 청원에서는 다른 사람이 보기엔 힘들 수 있다.,5,6,6,Free format petitions hard to read for others,Readability / Communication issues,Need for filtering / Guidelines
77,잘 모르겠음,9,9,9,No clear opinion expressed,No opinion / Don't know,No opinion / Don't know
78,모릅니다.,9,9,9,No knowledge stated,No opinion / Don't know,No opinion / Don't know
79,효과를 찾기가 어렵다,1,1,1,Difficult to find effectiveness in system,Lack of effectiveness,Lack of effectiveness
80,신속하고 명쾌한 답변과 실행력 담보가 관건이라고 생각합니다,4,4,4,Emphasizes need for quick and clear responses,Slow processing / Bureaucratic delays,Slow processing / Bureaucratic delays
81,청원 및 민원제도 등 민원을 신청할 경우 신속하고 검증을 통한 정확한 답변을 원합니다.,4,4,4,Wants prompt and verified accurate answers,Slow processing / Bureaucratic delays,Slow processing / Bureaucratic delays
85,사소한 것까지도 청원 및 민원을 올리는것,2,2,2,Complains about trivial petitions being submitted,Frivolous / Emotional petitions,Frivolous / Emotional petitions
86,너무 많은 내용이 올라오는거 같아요.,2,2,2,Too many petitions submitted,Frivolous / Emotional petitions,Frivolous / Emotional petitions
87,무분별한 청원,2,2,2,Mentions indiscriminate petitions,Frivolous / Emotional petitions,Frivolous / Emotional petitions
88,잘 모르겠음,9,9,9,"No opinion, unsure",No opinion / Don't know,No opinion / Don't know
89,탁상행정으로  마무리되지않길 바랄뿐,13,1,1,"Worries about symbolic, ineffective administration",Lack of effectiveness,Civil servant burden / Institutional constraints
90,"모름 
",9,9,9,"No opinion, unknown",No opinion / Don't know,No opinion / Don't know
91,"현재 시행하고 있는 제도일수도 있는데 몰라서 민원을 제기할수도 있음 
이러한 것을 사전에 조회 해보고 공개 청원이나 민원을 제기 하도록 하면 좋을 듯",8,5,5|11,Suggests filtering and better awareness,Need for filtering / Guidelines,Positive / Supportive
92,민원 수용에 대한 한계,12,1,1,Limits in petition acceptance noted,Lack of effectiveness,Feasibility / Unrealistic proposals
93,자신에게 생긴 문제에 국한해서 이를 해결해 달라는 식의 청원이 많음,14,7,7,Petitions focused on personal issues,Personal / Selfish petitions,Other
94,너무 많은 민원,2,2,2,"Too many petitions, indiscriminate",Frivolous / Emotional petitions,Frivolous / Emotional petitions
95,이슈몰이를 하는 경우가 종종 발생함,2,10,10,Mentions issue manipulation or mob mentality,Mob mentality / Opinion manipulation,Frivolous / Emotional petitions
96,관심이 없는 사람들이 많고 청원이 받아들여지는데까지의 시간이 너무 오래 걸리고 시간과 노력의 댓가가 보장되지 않는다는 부분이 안타깝다.,9,4,4|11,Slow process and lack of reward for effort,Slow processing / Bureaucratic delays,No opinion / Don't know
97,효율적인 민원 제기 양식이 없다.,5,5,5,No efficient petition format,Need for filtering / Guidelines,Need for filtering / Guidelines
98,너무 범위가 넓고 자잔한 사소한 일들도 많음,2,2,2,"Too broad, trivial petitions",Frivolous / Emotional petitions,Frivolous / Emotional petitions
99,반영에 오래 걸린다,4,6,6,"Needs clear, readable petitions",Readability / Communication issues,Slow processing / Bureaucratic delays
100,일목요연하게 정리하여 가독성 있게,6,1,1|7,Doubts government's will; personal petitions problematic,Lack of effectiveness,Readability / Communication issues
101,정부에서 민원 제기에 대한 실질적인 실현 의지가 있는지에 대한 문제와 공익적인 목적보다 개인의 민원 해결을 하려는 사람들의 민원 제기가 문제임,7,3,3|6,No clear process info; poor communication,Transparency / Feedback deficiency,Personal / Selfish petitions
102,처리 과정을 정확하게  알 수 없다...     민원 의 요지가 제대로 전달되기 힘들다,3,2,2,Indiscriminate petitions,Frivolous / Emotional petitions,Transparency / Feedback deficiency
103,무분별한 청원,2,5,2|5,Need to filter frivolous petitions,Need for filtering / Guidelines,Frivolous / Emotional petitions
104,불필요한 또는 중요하지 않은 무분별한 청원 민원을 가려내는 방안이 필요하다고 생각됨,2,12,12,Difficult to realistically reflect solutions,Feasibility / Unrealistic proposals,Frivolous / Emotional petitions
105,해결안을 현실적으로 반영하기 어렵다.,1,9,9,No opinion,No opinion / Don't know,Lack of effectiveness
106,없음.,9,3,1|3,"Doubts feedback and effectiveness, slow",Transparency / Feedback deficiency,No opinion / Don't know
107,"신속성에 의문이 있고 정책에 반영이 되는 과정, 결과가 일반 국민들에게 제대로 피드백이 되는 것 같지 않음",1,14,14,parse-miss,Other,Lack of effectiveness
108,본인들 불편한 점만 이야기함,7,7,7,Petitions focus on personal inconvenience,Personal / Selfish petitions,Personal / Selfish petitions
109,없음,9,9,9,No opinion given,No opinion / Don't know,No opinion / Don't know
110,개별적인 청원 및 민원이 기준없이 너무 많이 작성됨,2,2,2,Too many petitions without standards,Frivolous / Emotional petitions,Frivolous / Emotional petitions
111,유사 반복적인 민원을 지속적으로 내는 문제,14,2,2,Repeated similar petitions,Frivolous / Emotional petitions,Other
112,사회 전체보다는 자기 입장만을 생각하는 경향이 있고 부작용은 고려안한다,7,7,7,Selfish views without considering side effects,Personal / Selfish petitions,Personal / Selfish petitions
113,권한있는 부서에서 너무 형식적이고 개선에 대한 의지가 없음,1,1,1|13,"Formal, no will to improve; burden on officials",Lack of effectiveness,Lack of effectiveness
114,별로 없다,9,8,8,"No major issues, positive view",Positive / Supportive,No opinion / Don't know
115,전부 수용하기에는 너무 많은 문제들이 있다.,2,1,1,Too many issues to accept all,Lack of effectiveness,Frivolous / Emotional petitions
117,한쪽에 편향된 주장은 피해야 될 사항,10,10,10,Avoid biased or one-sided claims,Mob mentality / Opinion manipulation,Mob mentality / Opinion manipulation
118,사람마다 느끼는 상황이 다름,14,14,14,Different perceptions among people,Other,Other
119,없음 이대로 좋으며 다수 의견을 들어 참고하면 좋을 듯함,9,8,8,"System is good, listen to majority opinions",Positive / Supportive,No opinion / Don't know
120,제도를 이용하려는 사람 또는 조직으로 인한 행정력 낭비,13,13,13,Administrative burden from users or groups,Civil servant burden / Institutional constraints,Civil servant burden / Institutional constraints
121,실행가능여부가 의문,1,12,12,Doubt about feasibility,Feasibility / Unrealistic proposals,Lack of effectiveness
122,없음,9,9,9,No opinion given,No opinion / Don't know,No opinion / Don't know
123,원하는 결과를 기대하기 어렵다,1,1,1,Difficult to expect desired results,Lack of effectiveness,Lack of effectiveness
124,실현 가능성이 없어보였다,12,12,12,Appears not feasible,Feasibility / Unrealistic proposals,Feasibility / Unrealistic proposals
126,"진행여부 및 결과에 대한 공유 부족, 공개청원으로 많은 수가 동의하여도 바뀌지 않는 현실",1,3,1|3,Lack of feedback and no policy change,Transparency / Feedback deficiency,Lack of effectiveness
127,"싫어하는 사람이나 정당, 단체들을 아무거나 엮어서 할수 있다는 것이 한계라고 생각합니다.",2,10,10,Limitations due to linking disliked groups,Mob mentality / Opinion manipulation,Frivolous / Emotional petitions
129,이걸 쓴다고 정책에 반영하질 않음,1,1,1,Petitions not reflected in policy,Lack of effectiveness,Lack of effectiveness
130,청원 사항에 대한 진행 여부에 대한 궁금증,3,3,3,Curious about progress and results,Transparency / Feedback deficiency,Transparency / Feedback deficiency
131,무분별하게 올리는것은  자제할 필요가 있음,2,2,2,Concern about indiscriminate petitions,Frivolous / Emotional petitions,Frivolous / Emotional petitions
132,정책의 문제점과 개선방안에 대한 핵심답변 필요,1,1,1,"Need for effective, core policy responses",Lack of effectiveness,Lack of effectiveness
133,무분별한건의가넘많이올라온건문제다 반면꼭바뀌어야할건의들은정책에잘반영해서모든국민이도움이되는일이많았으면좋겠다,2,1,1|2|8,"Some petitions ignored, others indiscriminate, but system helpful",Lack of effectiveness,Frivolous / Emotional petitions
134,너무 아무거나 막 질문을한다,2,2,2,Complaints about indiscriminate questions,Frivolous / Emotional petitions,Frivolous / Emotional petitions
136,모름,9,9,9,No opinion expressed,No opinion / Don't know,No opinion / Don't know
137,실현가능성 다소없음,12,12,12,Doubt about feasibility of proposals,Feasibility / Unrealistic proposals,Feasibility / Unrealistic proposals
139,한쪽의 주장만 반영되어 있음,14,10,10,"One-sided reflection, bias concern",Mob mentality / Opinion manipulation,Other
140,개인적인 상황을 대부분 대변하고 있어서 안타깝습니다. 보다 좋은 정책을 제안하기위해서 개인의 연구와 다수의 의견이 병행되는 것이 좋을 것 같습니다. 이러한 과정을 거치면 시간이 들겠지만 그래도 여러의견이 모이면 분명이 좋은 제도가 됙것 입니다.,8,7,7|8|11,Petitions mostly personal; need more participation and better policy,Personal / Selfish petitions,Positive / Supportive
142,의미없는 글도 많이 올라올것같음,2,2,2,Many meaningless posts expected,Frivolous / Emotional petitions,Frivolous / Emotional petitions
143,청원 남발 우려됨,2,2,2,Concern about petition overuse,Frivolous / Emotional petitions,Frivolous / Emotional petitions
144,아무나 다 청원할 수 있는건 좋지만 어느정도의 필터는 필요하다고 느껴짐,5,5,5|8,Need filtering but system is good,Need for filtering / Guidelines,Need for filtering / Guidelines
145,민원 절차 간소화,13,4,4|8,Simplify complaint process; positive view,Slow processing / Bureaucratic delays,Civil servant burden / Institutional constraints
146,정권 교체시 마다 공개 청원 및 민원 제도가 매번 바뀌게 되어 일관성이 미흡함.,13,13,1|13,Institutional issues and lack of consistency,Civil servant burden / Institutional constraints,Civil servant burden / Institutional constraints
147,"공개 청원이나 민원 제기시 공무원이나 공공기관인력들이 관련된 문제의 경우 책임 등 여러가지 관련된 사항으로 인해 덮어버리는 경우가 많은 것 같다. 언제부터인가 우리나라는 말로는 국민우선,민간주도라고 하면서도 공무원들 우선 편의주의로 행정처리 함. 
특히 대한민국에서는 회사 운영한다고하면 100% 말리고 싶음.",13,13,1|7|13,"Bureaucratic burden, ignoring issues, personal interest",Civil servant burden / Institutional constraints,Civil servant burden / Institutional constraints
148,어차피 현장으로 넘기는 거,13,1,1,"Petitions just passed to field, ineffective",Lack of effectiveness,Civil servant burden / Institutional constraints
149,공익보다는  개인 사익을 추구,7,7,7,Petitions pursue personal gain,Personal / Selfish petitions,Personal / Selfish petitions
150,편향된 생각으로 여론이 쏠릴 수 있다.,10,10,10,Concern about biased public opinion,Mob mentality / Opinion manipulation,Mob mentality / Opinion manipulation
151,실현 가능성이 적다,12,12,12,Low feasibility of proposals,Feasibility / Unrealistic proposals,Feasibility / Unrealistic proposals
152,내용이 방대하고 넓어 실질적인 해결이 가능할지 의문,1,12,1|12,"Too broad content, doubts on practical solutions",Feasibility / Unrealistic proposals,Lack of effectiveness
153,집단이기주의에 의한 무분별한 청원,2,2,2|10,Indiscriminate petitions and group selfishness,Frivolous / Emotional petitions,Frivolous / Emotional petitions
154,처리 되는 속도가 너무 오래 걸린다,4,4,4,Processing speed is too slow,Slow processing / Bureaucratic delays,Slow processing / Bureaucratic delays
155,가끔씩보면 실현 불가능한걸 청원하는 경우가 있는대 그런걸  못하게 해야할거 같아요,1,5,5|12,Wants filtering of unrealistic petitions,Need for filtering / Guidelines,Lack of effectiveness
156,"무분별한 청원 
지극히 개인적인 청원 
개선방안, 기대효과 없는 하소연성의 청원 
무엇보다 청원을 올려도 바뀌지 않을 것 같은 정부",2,9,9,"Petitions ineffective, personal, frivolous complaints",No opinion / Don't know,Frivolous / Emotional petitions
157,불필요한 청원이 많고  정치적이거나 거짓 선동되는 청원들이 너무 많이 올라온다,2,2,2|10,Frivolous and politically manipulative petitions,Frivolous / Emotional petitions,Frivolous / Emotional petitions
158,모르겠음,9,9,9,"No opinion, unsure",No opinion / Don't know,No opinion / Don't know
159,없음,9,9,9,"No opinion, no content",No opinion / Don't know,No opinion / Don't know
160,일반 개인의 역량으로 적절한 정책 안이 만들어지기는 어려움.,12,12,12,Doubt about feasibility from ordinary citizens,Feasibility / Unrealistic proposals,Feasibility / Unrealistic proposals
161,접근이어렵다,11,11,11,Difficult accessibility,Need for more participation / Awareness,Need for more participation / Awareness
163,제도적으로 누구나 공개적으로 작성할 수 있기에 무문별한 청원이 발생할 수 있음. 꼭 필요한 청원이 실현되지 못할 수도 있음.,1,1,1|2,Frivolous petitions hinder necessary ones,Lack of effectiveness,Lack of effectiveness
165,되는지 안되는지 모르고 안된다고 느낀다.,14,3,1|3,"No feedback, feels ineffective",Transparency / Feedback deficiency,Other
166,무분별한 항의성 민원 게시.,2,2,2,Frivolous protest petitions,Frivolous / Emotional petitions,Frivolous / Emotional petitions
167,여러가지 제안을 해도 제대로된 해결점이 시원하게 나타나지 않음,1,1,1,No effective solutions from proposals,Lack of effectiveness,Lack of effectiveness
168,아는 사람만 앎,11,11,11,"Lack of awareness, only some know",Need for more participation / Awareness,Need for more participation / Awareness
169,좋은 제안이나 제도가 있겠지만 많은 글을 읽고 해석해야 하는 어르신들에게 보다  쉽고 빠르게 전달할 수 있는 음성 메시지를 추가해 주시면 어르신들께서 글에대한 이해와 참여도가 높아질 것으로 생각됩니다. 좋은 제도는 계속 되어야 합니다.,8,8,6|8|11,Positive but suggests easier communication,Positive / Supportive,Positive / Supportive
170,무분별한 청원과 선동 청원. 그리고 특정 정치색을 드러내는 청원으로 인해 국민들의 목소리라기보단 클릭 수 싸움이 되는 듯한 기분,2,2,2|10,"Frivolous, manipulative, political petitions",Frivolous / Emotional petitions,Frivolous / Emotional petitions
171,소통의 한계가 명확히 드러남,6,3,3,Clear communication limits,Transparency / Feedback deficiency,Readability / Communication issues
172,접근성,11,11,11,Accessibility issue,Need for more participation / Awareness,Need for more participation / Awareness
173,각자의 의견이 다르기에 공감도도 다를수 밖에 없다,6,14,14,Different opinions and empathy levels,Other,Readability / Communication issues
174,없음,9,9,9,"No opinion, no content",No opinion / Don't know,No opinion / Don't know
175,권력의 논리대로,14,10,10,System follows power logic,Mob mentality / Opinion manipulation,Other
176,다양한 의견을 제시해도 너무나 많은 의견으로 모든 일을 다 처리하기어렵고 현실적으로 불가능하다.,2,1,1|13,"Too many opinions, hard to process realistically",Lack of effectiveness,Frivolous / Emotional petitions
177,보여주기식의 공개청원 이미지가 짙어서 실제 효과는 거의 없다고 본다,1,1,1,"Petitions are symbolic, no real effect",Lack of effectiveness,Lack of effectiveness
178,"정말 진실되게 필요한것을 청원하거나 민원을 넣어야되는데 자기만 피해본듯한 글들이 너무 많다. 이런것들을 개선햇으면 한다. 
",2,7,5|7,"Many selfish petitions, need improvement",Personal / Selfish petitions,Frivolous / Emotional petitions
179,모르겠음.,9,9,9,No opinion stated,No opinion / Don't know,No opinion / Don't know
180,"국회의원들은 자기들 합리화를 위해서는 법도 잘 만들면서 공개청원 민원제도에 대해서는 별로 신경쓰지 않는것같아 아쉽다 
국회의원들이 정신을 차려야 나라가 산다",13,13,10|13,"Lawmakers neglect system, political issue",Civil servant burden / Institutional constraints,Civil servant burden / Institutional constraints
181,너무 많은 청원이 올라오니 처리하는데 많은 시간과 비용이 들 것 같고 구체적인 해결 방안은 없을 것 같습니다,2,4,4|13,Many petitions cause time and cost burden,Slow processing / Bureaucratic delays,Frivolous / Emotional petitions
182,객관성보다 주관적 생각이 많고 현실화 어려운제안도 많은것,12,12,2|12,Unrealistic and subjective proposals,Feasibility / Unrealistic proposals,Feasibility / Unrealistic proposals
183,청원을 처리하는 투명성이 보장되지 않고 시행 여부를 국민이 명확하게 모름.,3,3,3,Lack of transparency and feedback,Transparency / Feedback deficiency,Transparency / Feedback deficiency
184,"청원 주체가 개인이고 또 한 청원인 의 주관적 경험치에 의해서 작성되는 현실에서,  제 생각에는 여러 집단이 모여서 토론을 통해서 
구체적으로  청원인 의 내용을 검토해보는 위원회가 있음 좋겠다는 생각을 합니다. 
위원회에서 검증을 거친 후 담당 부서로 이송해서 정책적으로 완성되기를.",5,5,5|8,Suggests committee filtering and review,Need for filtering / Guidelines,Need for filtering / Guidelines
185,개인적인 민원이 많다. 댓글은 비활성화시켜야 떼거지가 없어질 것 같다,7,7,2|7,"Many personal petitions, mob comments",Personal / Selfish petitions,Personal / Selfish petitions
186,피드백부족,3,3,3,Lack of feedback,Transparency / Feedback deficiency,Transparency / Feedback deficiency
187,공공의 이익을 위해 구체적이고 효과적인 청원이나 민원을 제안해 주세요,14,8,1|8,"Requests effective, public interest petitions",Positive / Supportive,Other
188,무분별한 민원 발생 및 리소스 제약 미고려,2,2,2|13,"Indiscriminate petitions, resource constraints",Frivolous / Emotional petitions,Frivolous / Emotional petitions
189,가끔 합리적이지 않은 민원이 있는 점,2,12,2|12,Sometimes irrational petitions,Feasibility / Unrealistic proposals,Frivolous / Emotional petitions
190,"무분별한 이슈가 많고 문제 개선점을 찾는데 있어 추상적인 해결방안 제시가 많다 
",2,2,2|12,"Many frivolous issues, abstract solutions",Frivolous / Emotional petitions,Frivolous / Emotional petitions
191,너무 단순하다,14,6,6,"Too simple, lacks detail",Readability / Communication issues,Other
192,"항목이 세분화 되어있지 않아 제안들의 내용이나 규격이 들쑥날쑥하고, 명확한 형식이 정해져 있지 않아 공적인 제안이나 사적인 감정을 담아서 쓰거나 성의없이 작성하는 경우가 있는 것 같음.",2,5,5|6|7,"No clear format, mixing public and private",Need for filtering / Guidelines,Frivolous / Emotional petitions
193,"누구나 문제점을 제기하고 개선방안을 제안하는 취지는 좋으나 그 수가 너무 많고 제대로된 취지의 민원을 가려내는 것이 힘들고 
민원을 받아들이는 곳에서 서로 떠넘기고 제대로 처리안되는 돌려막기식의 그저 민원의 수락과 완료에만 급급한 행정처리가 될 수 있다",1,1,1|4|5,"Too many petitions, poor processing",Lack of effectiveness,Lack of effectiveness
194,다수가 문제점을 들여다볼 장소와 기회를 얻었다는 데서 좋지만 이렇게 우르르르 끓어오르다가 스르르르르 사라지는 식이 아닌가 싶습니다. 국민청원에 나온 아주 큰 문제점들은 그후 해결책이 어떻게 진행되었는지도 드러내주면 어떨까 싶습니다.,10,8,3|8,Good participation but lacks follow-up,Positive / Supportive,Mob mentality / Opinion manipulation
195,거의 이해상충이 되어 실현불가능한것이다,1,12,1|12,"Conflicts of interest, unrealistic",Feasibility / Unrealistic proposals,Lack of effectiveness
198,"공개 청원 및 민원 제도에서 작성 양식은 일정하게 제공되고 있으나 실제로 작성된 글들의 문체나 논조가 제각각이라 가독성이 떨어지는 문제가 있습니다.  
특히 청원 목적이 분명하지 않거나 감정적인 표현이 지나치게 섞인 경우에 문제의 본질을 파악하는 데 어려움이 있습니다.  
제도의 취지를 살리기 위해서는 일정 수준의 형식이나 가이드라인을 제시하여 보다 명료하고 객관적인 표현을 유도할 필요가 있다고 생각합니다.",2,5,5|6,Calls for guidelines and better readability,Need for filtering / Guidelines,Frivolous / Emotional petitions
199,민원처리의 공개성 및 신속성 부족,3,3,3|4,Mentions lack of transparency and slow response,Transparency / Feedback deficiency,Transparency / Feedback deficiency
203,감정에 호소하는 부분이 있어 설득력이 떨어질 가능성이 있음,2,2,2,"Petitions appeal to emotions, reducing persuasiveness",Frivolous / Emotional petitions,Frivolous / Emotional petitions
204,무분별한 민원 및 여론조작은 막아야 한다,2,2,2|10,Mentions frivolous petitions and opinion manipulation,Frivolous / Emotional petitions,Frivolous / Emotional petitions
205,실효성,1,1,1,Expresses doubt about system effectiveness,Lack of effectiveness,Lack of effectiveness
206,"내용이 개인적이거나 모두가 공감할 수 없는 제도에 대해서는 1차적으로 지역에서 처리하는것이 좋고  
 보편적인 제도에 대해서는 국민신문고를 이용하는것이 바람직함",8,7,7|11,"Personal issues should be handled locally, suggests participation",Personal / Selfish petitions,Positive / Supportive
208,개인적인 사안도 공개 청원을 하는 사람이 많다.,7,7,7,Many petitions are personal matters,Personal / Selfish petitions,Personal / Selfish petitions
209,온라인 상에서의 여론 몰이가 결과에 반영되는 듯 함을 느낌.,10,10,10,Feels opinion manipulation affects results,Mob mentality / Opinion manipulation,Mob mentality / Opinion manipulation
210,"너무 많은 청원 그리고 국민들의 우르르 몰리는 성향으로 엉뚱하게 여론이 조성되는 경향이 없지 않아 있다. 
정부는 그 여론때문에 문제를 들어주는 경우도 있는것 같다 
",2,2,2|10,Too many petitions and mob mentality influence,Frivolous / Emotional petitions,Frivolous / Emotional petitions
211,청원의 내용을 한눈에 알아보기 어렵고 정확한 시행요구나 결과가 어떻게 되었는지 알수가 없다는 점이 답답하다.,3,3,3|6,Hard to understand content and no feedback,Transparency / Feedback deficiency,Transparency / Feedback deficiency
212,처리 절차와 검토 진행에 따른 결과까지 걸리는 시간이 오래 걸리는 것 같음,3,4,4,Processing and results take too long,Slow processing / Bureaucratic delays,Transparency / Feedback deficiency
213,공개청원과 민원제도로 인해 공무원들이 꼼꼼하게 읽어가며 다 해결할수있는 문제는 아니라서  소용없는 제도인거같음.,1,1,1|13,"System ineffective, burden on officials",Lack of effectiveness,Lack of effectiveness
215,"상투적 말투의 답변, 명확 개선일자가 필요한 시일 기재",4,6,6,"Standardized, unclear responses",Readability / Communication issues,Slow processing / Bureaucratic delays
216,해결 방안의 실현가능성이라던가 본질에 대한 이해가 부족하다고 느껴진다,1,12,12,Lacks feasibility and understanding,Feasibility / Unrealistic proposals,Lack of effectiveness
217,한페이지에 넣기에 전달력이 부족할수 있음,6,6,6,Insufficient communication in one page,Readability / Communication issues,Readability / Communication issues
218,해결이 되지 않는 사례가 너무 많고 민원도 청원도 너무 많다보니 묻히는 경우가 빈번하다,2,1,1|2,Many unresolved cases and excessive petitions,Lack of effectiveness,Frivolous / Emotional petitions
219,법적 지식이 없고 알고있는 지식수준이 낮아 적절한 평가를 내리는데 한계가 있음,2,12,12,Lack of legal knowledge limits evaluation,Feasibility / Unrealistic proposals,Frivolous / Emotional petitions
220,논리적이지 않고 감정에 호소하는 무분별한 청원 및 민원이 많음,2,2,2|6,"Illogical, emotional, indiscriminate petitions",Frivolous / Emotional petitions,Frivolous / Emotional petitions
222,개인의사적인  불평불만을 요구하는 내용이 너무많다   우리나라와 우리사회의 문제들을 공론화 하는 게  중요하다,2,7,7|11,"Many personal complaints, public issues important",Personal / Selfish petitions,Frivolous / Emotional petitions
223,"기관에서 의견만 듣고 끝나버리는게 아닌지 
현실적으로 실행 가능한게 있는지 의문이 듭니다.",12,1,1|12,Doubts practical execution of opinions,Lack of effectiveness,Feasibility / Unrealistic proposals
224,전국민의 수준 향상으로 인하여 집단지성이 꽤나 전문적인 의견을 개진하나 민원을 대하는 공무원들의 인식 등은 크게 변하지 않는거 같다.,13,13,1|13,"Officials' perception unchanged, institutional constraints",Civil servant burden / Institutional constraints,Civil servant burden / Institutional constraints
226,"청원은 청원에서 끝나고, 결국은 법제화로 시현이 되어야 하나, 국회는 의원개개인과 소속 정당의 사리사욕을 먼저 생각하고 있어 의미가 퇴색됨",7,1,1|10,"Petitions ignored, political selfishness reduces meaning",Lack of effectiveness,Personal / Selfish petitions
227,긍적적이다,8,8,8,Positive opinion expressed,Positive / Supportive,Positive / Supportive
228,개인의 감정이 많이 포함 된다고 느껴진다.,7,2,2,Petitions include much personal emotion,Frivolous / Emotional petitions,Personal / Selfish petitions
230,현재 좋아요,8,8,8,Currently positive,Positive / Supportive,Positive / Supportive
231,전문분야의 적정성 평가없이 담당부서에 이관하는 한계가 가장 큰 문제점이다.,13,13,13,"Lack of expertise evaluation, institutional limitation",Civil servant burden / Institutional constraints,Civil servant burden / Institutional constraints
232,청원한 내용이 실현되는지 모르겠음,3,3,3,Unaware if petition content is realized,Transparency / Feedback deficiency,Transparency / Feedback deficiency
233,한시적으로 민원에 그치는 경우가 많은 것 같다.,14,1,1,Petitions often remain temporary complaints,Lack of effectiveness,Other
234,"감정적인 글들이 무분별하게 올라옴 
현실적인 개선방안을 생각하지않고 감정호소가 목적인 글들이 많음",2,2,2,"Emotional, indiscriminate petitions without realistic solutions",Frivolous / Emotional petitions,Frivolous / Emotional petitions
235,내용의 확실한 작성의 제한?,14,6,6,Unclear or limited content writing,Readability / Communication issues,Other
236,없음,9,9,9,No opinion given,No opinion / Don't know,No opinion / Don't know
237,떼스는 내용의 청원도 대응을 해야한다는 점에서 문제가 있음,2,7,7,Petitions with mob mentality problematic,Personal / Selfish petitions,Frivolous / Emotional petitions
238,"너무 무분별한 제안들이 많은것 같습니다 
어느정도의 기준이나 가이드라인이 있어 필터링을 해야할 필요가 있어 보입니다",2,5,2|5,"Excessive proposals, need filtering/guidelines",Need for filtering / Guidelines,Frivolous / Emotional petitions
239,공개 청원 및 민원 제도를 통해 얼마나 사한들이 해결 될 수 있는지 의문이다,1,1,1,Doubt petitions solve problems effectively,Lack of effectiveness,Lack of effectiveness
240,제도 존재 자체에 대한 사회적 인지가 부족합니다. 홍보를 늘려서 더 많은 사람들이 알고 사용해야 다양한 사례가 누적되어 개선 방안도 효율적으로 도출할 수 있을 것이라 생각합니다.,1,11,11,"Lack of awareness, need more promotion and participation",Need for more participation / Awareness,Lack of effectiveness
241,실제 반영까지 오래 걸림,4,4,4,Long delay until reflection,Slow processing / Bureaucratic delays,Slow processing / Bureaucratic delays
242,"여론몰이, 타당하지 않음등 너무 개인적인의견",2,2,2|10,"Emotional, personal opinions and mob mentality",Frivolous / Emotional petitions,Frivolous / Emotional petitions
243,너무 주먹구구식의 의견들이 많다,2,6,6,"Unsystematic, poor quality opinions",Readability / Communication issues,Frivolous / Emotional petitions
244,국민들의 많은 참여가 필요하다. 더많은 홍보와 경품으로 더많은 참여를 이끌어내야한다,11,11,11,Need more participation and promotion,Need for more participation / Awareness,Need for more participation / Awareness
245,답답하다. 명확히 처리되는지 알 수 없다.,3,3,3|4,Unclear processing and slow response,Transparency / Feedback deficiency,Transparency / Feedback deficiency
246,공개청원 및 민원제도에 대하여 노인들의 경우 제안하기 힘든경우가 많아서 다양한 연령대에서 제안이 쉽게 가능할수있는 방안이 모색되었으면 좋겠음,3,11,11,Wants easier participation for diverse age groups,Need for more participation / Awareness,Transparency / Feedback deficiency
247,공통되고 다양된 의견을 한번에 수렴하기 어려운 점이 있음,14,6,6,Difficulty in consolidating diverse opinions,Readability / Communication issues,Other
248,그냥 그래서,9,9,9,"Non-substantive response, no opinion",No opinion / Don't know,No opinion / Don't know
249,처리 과정을 좀 더 디테일하게 추적해서 확인할 수 있기를 희망합니다.,3,3,3,Wants detailed tracking and feedback on process,Transparency / Feedback deficiency,Transparency / Feedback deficiency
250,"실효성이 없는 방안을 제시하는 것, 문제제기의 해결방법이 바로 적용되기에는 어렵다는 점.",1,1,1|12,Unrealistic proposals and lack of effectiveness,Lack of effectiveness,Lack of effectiveness
251,수용가능한 범위안에서 민원만 처리하고 나머지 사항들은 제대로 이루어 지지 않는 거 같아서 아무래도 주관적 생각이 포함되어지는 거 같아 아쉽다,12,1,1|7,Subjective views and ineffective handling,Lack of effectiveness,Feasibility / Unrealistic proposals
252,답하는 기관의 이해관계에 의해 민원 회신의 결과가 왜곡됨,7,10,10,Outcome distorted by agency interests,Mob mentality / Opinion manipulation,Personal / Selfish petitions
253,"직접 찾아서 참여하는 국민들도 있으나, 이러한 제도를 모르는 국민들이 아직도 많은것 같습니다. 
이러한 제도가 있고, 참여할수 있도록 많이 알려주셨으면 합니다. 모든 국민이 억울하거나 법 앞에서 보호 받을수 있도록 좋은 제도와 개선이 필요합니다.",8,11,8|11,Lack of awareness and need for promotion,Need for more participation / Awareness,Positive / Supportive
254,개인적인 경험담을 써놓은 경우가 많아 실질적인 정책 제안에 못미치는 수준의 글이 많이 올라올 것 같아서 체계적인 민원 플랫폼이 요구되어 공무원이 민원을 접했을 때 즉각적이고 효율적으로 민원의 내용을 파악하고 정책으로 이어질 수 있도록 해야한다.,2,5,5|13,Need systematic platform and reduce official burden,Need for filtering / Guidelines,Frivolous / Emotional petitions
255,특별히 없음,9,9,9,No particular opinion,No opinion / Don't know,No opinion / Don't know
256,"개개인의 의견이 너무 많이 들어가있을 수 있고, 타당하지않은 의견도 많을 수 있다.",2,7,6|7,"Many personal opinions, some invalid",Personal / Selfish petitions,Frivolous / Emotional petitions
257,민원인들의 청원을 제대로 수리하는 경우가 드물다,1,1,1,Petitions rarely properly accepted,Lack of effectiveness,Lack of effectiveness
258,"민원한 내용에 대한 개선,실행여부",14,3,3,Wants improvement and execution feedback,Transparency / Feedback deficiency,Other
259,본인 위주의 제안이 많다,7,7,7,Many self-centered proposals,Personal / Selfish petitions,Personal / Selfish petitions
260,없다.,9,9,9,No opinion,No opinion / Don't know,No opinion / Don't know
261,없어요,9,9,9,No opinion,No opinion / Don't know,No opinion / Don't know
262,공개 청원 및 민원을 넣어도 해결된다는 보장이 없어서 보여주기 식 행정 같음,1,1,1,"No guarantee of resolution, symbolic administration",Lack of effectiveness,Lack of effectiveness
263,"다양한 생각을 갖고있는 사람이 많기에,,,",14,9,9,"Non-substantive, vague response",No opinion / Don't know,Other
264,잘모르겠습니다.,9,9,9,Does not know,No opinion / Don't know,No opinion / Don't know
265,"너무 무분별하게 많이 올라오고 공론화 되기 쉽지 않음. 
개인의 욕구 분출이 많아서 변별하기 어려움. 
전반적인 사회를 위해서가 아닌 특정 직업이나 연령, 성별을 위한 것들이 지극히 이기적인 것들로 평등하지 않을 수 있음.",2,2,2|7,"Excessive, selfish, indiscriminate petitions",Frivolous / Emotional petitions,Frivolous / Emotional petitions
266,무분별한 청원으로 진짜 도움이 필요한 청원이 뒤로 밀림,2,2,1|2,Complaints about indiscriminate petitions burying important ones,Frivolous / Emotional petitions,Frivolous / Emotional petitions
267,말도 안 되는 청원 및 민원을 무차별적으로 넣고 있는 것,2,2,2,Indiscriminate and unreasonable petitions mentioned,Frivolous / Emotional petitions,Frivolous / Emotional petitions
268,감성에 호소하는 글이나 지극히 개인적인 내용을 건의하는 부분이 너무 많다,2,2,2|7,Emotional and personal content in petitions,Frivolous / Emotional petitions,Frivolous / Emotional petitions
269,"너무 무분별하게 올라오는 제안이 많음 
",2,2,2,Too many indiscriminate proposals,Frivolous / Emotional petitions,Frivolous / Emotional petitions
270,"직장인 또는 중장년층, 젊은 사람들은 컴퓨터를 통해 다양한 경우의 수를 볼수있어서 참여를 할수있지만 나이가 있거나 이런 공개청원 및 민원제도를 모르는 경우가 많은거 같다, 홍보 또는 많은 알림이 있었으면 좋겠다",11,11,11,Need for more awareness and promotion,Need for more participation / Awareness,Need for more participation / Awareness
271,개선되었는지,3,9,9,No clear opinion or experience stated,No opinion / Don't know,Transparency / Feedback deficiency
272,"민원을 제기할 수 있는 사람은 너무 많고 취지에 맞지 않는 청원도 있다는것이 문제입니다. 
또한 그에 따른 피드백이 빠르지못하고 투명하지못하는 인력적인 부분에서도 한계가 있다고 생각합니다.",2,3,3|7|13,"Personal petitions, lack of feedback, staff limitations",Transparency / Feedback deficiency,Frivolous / Emotional petitions
273,"공무원들이 일 많아진다고 각하할 핑계만 찾는 것은 아닌지 걱정됩니다. 
신문고를 통해 제도 개선을 요청하면 시행 안하는 경우를 많이 보았습니다. 
기업에서는 안되는 이유보다 되는 방향을 찾으라고 가르치는데, 공무원들도 이렇게 바뀌어야 하며 
하겠다고 했으면 일정 계획을 세워 추진하고 그 진행 현황을 빠짐없이 피드백 해 주어야 한다 생각합니다.",1,13,1|3|11|13,"Staff burden, lack of feedback, ineffectiveness, need participation",Civil servant burden / Institutional constraints,Lack of effectiveness
274,포장해놨으나 사사로운 개인이득에 더 집중되어 있다.,7,7,1|7,Focus on personal gain rather than public interest,Personal / Selfish petitions,Personal / Selfish petitions
275,"사회 다수의 공동체가 인식을 느끼는 것이 아닌 개개인의 사사로운 감정과 기복에 치부한 민원성 글을 게시하여 공감대를 얻지 못함. 다수의 인원이 체감할 수 있고, 그로인한 공공복리 증진의 의미가 부여되는 형식의 민원제기와 청원이 맞다고 사료됨.",7,7,2|7,"Petitions driven by personal emotions, lack public benefit",Personal / Selfish petitions,Personal / Selfish petitions
276,잘 알지 못하는 내용에대해 이해가 부족,11,6,6,Lack of understanding of petition content,Readability / Communication issues,Need for more participation / Awareness
278,문제 해결에 대한 결과 공개 및 공유가 부족함,3,3,3,Lack of transparency and result sharing,Transparency / Feedback deficiency,Transparency / Feedback deficiency
279,개인이 해결할 수 있거나 지자체를 통해 해결 가능한 민원 마저 공개청원하는 것이 문제다,14,7,1|7,Personal issues posted as public petitions,Personal / Selfish petitions,Other
280,실현 안됨,1,1,1,Petitions not realized or effective,Lack of effectiveness,Lack of effectiveness
282,형식적이고 원론적인 답변만 듣는게 현실임,1,1,1|3,"Formal, superficial responses; ineffective",Lack of effectiveness,Lack of effectiveness
283,없음,9,9,9,No opinion given,No opinion / Don't know,No opinion / Don't know
284,전문가가 아니다보니 주장에 미흡한 부분이 있는거 같습니다.,12,12,12,Lack of expertise in petition arguments,Feasibility / Unrealistic proposals,Feasibility / Unrealistic proposals
285,논리적 근거 미흡,6,6,6,Insufficient logical basis,Readability / Communication issues,Readability / Communication issues
286,없어요,9,9,9,No opinion or experience,No opinion / Don't know,No opinion / Don't know
287,무분별한 청원과 민원이많다,2,2,2,Many indiscriminate petitions and complaints,Frivolous / Emotional petitions,Frivolous / Emotional petitions
290,미처리,1,1,1|4,"Unprocessed petitions, ineffective system",Lack of effectiveness,Lack of effectiveness
291,너무 난무하는 청원은 제재가 필요하다고 생각함,2,2,2|5,Excessive petitions need regulation,Frivolous / Emotional petitions,Frivolous / Emotional petitions
292,잘 모르겠음,9,9,9,Expresses no clear opinion,No opinion / Don't know,No opinion / Don't know
293,"형식적 수용 일정 인원이 참여하면 ‘답변’은 하도록 되어 있지만, 그 답변이 실질적 조치로 이어지지 않는 경우가 많음.",1,1,1|3,Responses not leading to real action,Lack of effectiveness,Lack of effectiveness
295,결론이 없는 과제,1,12,12,"Issues without conclusion, unrealistic",Feasibility / Unrealistic proposals,Lack of effectiveness
296,잘 실행되어지지 않는다,1,1,1,"Not well implemented, ineffective",Lack of effectiveness,Lack of effectiveness
298,국민 청원시 빠른 결과 회신 및 끝까지 개선하려는 누군가의 노력이 필요합니다.,14,8,4|8,"Needs quick response and effort, positive tone",Positive / Supportive,Other
299,무분별한 청원과 신속한 대응이 아쉬움,2,2,2|4,Complains about indiscriminate petitions and slow response,Frivolous / Emotional petitions,Frivolous / Emotional petitions
301,개인적인 문제나 터무니 없는 내용의 민원이 많다고 생각한다.,7,7,2|7,Many selfish or unreasonable petitions,Personal / Selfish petitions,Personal / Selfish petitions
303,제안을 내도 현행에 반영될지 의문,1,1,1,Doubt petitions reflected in policy,Lack of effectiveness,Lack of effectiveness
304,타당성등은 있으나 현실로 안이어진다는게 문제,1,1,1,"Feasible but not realized, ineffective",Lack of effectiveness,Lack of effectiveness
309,간편한 이용,14,11,11,"Easy to use, wants more participation",Need for more participation / Awareness,Other
310,적극적인 홍보 및 접근성이 나아졌으면 좋겠습니다.,11,11,11,Wants more promotion and accessibility,Need for more participation / Awareness,Need for more participation / Awareness
311,잘 모르겠음,9,9,9,Expresses no clear opinion,No opinion / Don't know,No opinion / Don't know
314,내가 느끼는 애로 사항을 정확하게 전달 하기가 어렵다.,6,6,6,Difficulty expressing issues clearly,Readability / Communication issues,Readability / Communication issues
315,어차피 올려도 의미 없음. 국회의원놈들이 일을 안 함. 월급 최저임금으로 주고 가지고 있는 재산도 압수해야 함. 강선우 갑질 장난하나 진짜 목숨 없애버리고 싶음.,2,1,1,"Strong political criticism, beyond code scope",Lack of effectiveness,Frivolous / Emotional petitions
316,공개청원을 해도 알려지지 않은 경우 많은 사람들이 모르는 경우가 많습니다,11,3,3|11,"Petitions not well known, lack of transparency",Transparency / Feedback deficiency,Need for more participation / Awareness
317,정부에서 들어주는지가 궁금하다,1,3,3,"Curious if government listens, feedback issue",Transparency / Feedback deficiency,Lack of effectiveness
319,해결 안되는 부분도 상당수다,1,1,1,Many issues remain unresolved,Lack of effectiveness,Lack of effectiveness
320,제도에 대한 홍보가 제대로 이루어지고 있지 않은것 같음.,11,11,11,Lack of proper promotion of system,Need for more participation / Awareness,Need for more participation / Awareness
321,"한쪽의 의견으로 대다수의 국민과 국가 전체 발전의 이익추구보다 개인적 혹은 일부단체에게만 이익인 일방적인 청원으로 많다. 
예시의 내용들을보니 단계적이고 구체적이기보다 뭔가를 그냥 해줘 힘드니까 나라에서 해줘 뭐 이런느낌이 들어서 인상찌푸리는 예시가 많았다",7,7,1|7,Focus on selfish petitions benefiting individuals/groups,Personal / Selfish petitions,Personal / Selfish petitions
323,"민원과 청원의 내용이 일반 시민 다수에 해당하는 사안 이 우선되어야 하는데  
특정 이익집단을 위해 악용될 소지가 있어 보인다",2,7,7|10,Concerns about selfish use by interest groups,Personal / Selfish petitions,Frivolous / Emotional petitions
324,여론 몰이식 청원 및 형식적인 답변으로 구체적인 청원 답변에 대한 추진 계획 및 결과가 공지 되지 않는 사황 발생.,10,3,3|10,No feedback and political manipulation concerns,Transparency / Feedback deficiency,Mob mentality / Opinion manipulation
325,공식 절차가 복잡함,6,4,4,Official procedures are complicated and slow,Slow processing / Bureaucratic delays,Readability / Communication issues
326,"비전문가의 단순 개인의견을 정책으로 반영하려는 사람들이 많다 
정책의 결과가 단순의 본인의 생각으로 이루어질거라 믿는 사람들의 의견을 들어줘야 할 이유가 없다. 
",12,7,7|12,"Personal opinions pushed as policy, unrealistic",Personal / Selfish petitions,Feasibility / Unrealistic proposals
327,없음,9,9,9,No opinion given,No opinion / Don't know,No opinion / Don't know
329,없음,9,9,9,No opinion given,No opinion / Don't know,No opinion / Don't know
330,서술형,9,14,14,"Response is just '서술형' (descriptive), no clear opinion",Other,No opinion / Don't know
332,없습니다,9,9,9,No opinion given,No opinion / Don't know,No opinion / Don't know
333,구체적인 대안이나 근거없이 무분별한 청원을 함.,2,2,2,Indiscriminate petitions without concrete basis,Frivolous / Emotional petitions,Frivolous / Emotional petitions
334,보여지기식이라고 느껴짐,1,1,1,"Petitions seem symbolic, for show only",Lack of effectiveness,Lack of effectiveness
335,실현가능성이 없는게 많아보임,12,12,12,Many petitions seem unrealistic,Feasibility / Unrealistic proposals,Feasibility / Unrealistic proposals
336,청원의 진행여부 파악불가,3,3,3,Cannot track petition progress,Transparency / Feedback deficiency,Transparency / Feedback deficiency
337,개인신변,14,14,14,"Personal matters mentioned, no clear category",Other,Other
338,"무분별하게 올라오는 민원이 많은 것 같고, 일반인으로써 볼 수 있는 단편적인 부분에 대한 내용이 나오는 것 같음. 
",2,2,2|6,"Many indiscriminate petitions, superficial content",Frivolous / Emotional petitions,Frivolous / Emotional petitions
339,청원을 해도 잘 받아들여지지가 않음,14,1,1,"Petitions not well accepted, ineffective",Lack of effectiveness,Other
340,"개인적으로 느끼는 상황에 따른 제안이기에, 개인이나 소속 집단의 이득을 우선시 한다",7,7,7,Personal or group interests prioritized,Personal / Selfish petitions,Personal / Selfish petitions
341,진지한 검토와 대안으로 확실한 결과물을 만들어 내야,14,1,1,Need serious review and concrete results,Lack of effectiveness,Other
342,지자체가 일을 안한다,14,13,13,Local governments not doing their work,Civil servant burden / Institutional constraints,Other
343,특정집단의 이익이 부각되는 경우가 있어보인다,14,7,7,Certain groups' interests highlighted,Personal / Selfish petitions,Other
344,"적극적이고 빠른 답변이 부족. 2023년 10월 25일경 대통령실 민원을 올린  회신이 아직 오지 않고 있음. 
오히려 그해 11월에 교육부 직원이 취소해달라고 하였음.",14,4,4|13,Slow response and bureaucratic delay mentioned,Slow processing / Bureaucratic delays,Other
345,잘 모르겠습니다,9,9,9,Explicitly states no knowledge or opinion,No opinion / Don't know,No opinion / Don't know
346,수많은 민원이 투명성 있게 처리가 될 수 있을지 의문이 든다,3,3,3,Doubts transparency of petition processing,Transparency / Feedback deficiency,Transparency / Feedback deficiency
347,국가예산은 한정적인데 상당수의 공개청원이 약간 많은 예산을 투입해달라는 방향으로 간다. 그리고 보통 자신의 입장에서 작성하는 것이기에 실현불가능한 제안도 종종 보이는듯 하다.,1,12,7|12,Unrealistic proposals and selfish requests noted,Feasibility / Unrealistic proposals,Lack of effectiveness
348,편파적인 시선으로 민원의 내용이 쏠릴수 있다.,14,10,10,Concern about biased perspectives in petitions,Mob mentality / Opinion manipulation,Other
349,신뢰도가 낮음,14,1,1,Low trust implies doubts about effectiveness,Lack of effectiveness,Other
350,객관적이지 않고 주관적인것들이 있어서,14,2,2,Subjective and emotional petitions mentioned,Frivolous / Emotional petitions,Other
351,없음,9,9,9,No opinion stated,No opinion / Don't know,No opinion / Don't know
352,"무작정 자신의 의견만 올리고 요청하는 느낌이며, 해결 방안을 일부 인정할 수 있으나 많은 사람들의 공감과 이해성 및 정책이 만들어져야 하는 부분이 있어 국회에서도 문제점에 대한 충분한 논의가 있었으면합니다.",1,7,5|7|10,"Selfish petitions, need for discussion and filtering",Personal / Selfish petitions,Lack of effectiveness
353,내용이 길면 안 읽기 때문에 늘 짧게해야됩니다,6,6,6,Long content hard to read,Readability / Communication issues,Readability / Communication issues
354,청원된것들이 제도화되기 어려운내용도 있어서,6,12,12,Some petitions are unrealistic to institutionalize,Feasibility / Unrealistic proposals,Readability / Communication issues
356,없음,9,7,2|5|7,"Selfish, emotional petitions and need for filtering",Personal / Selfish petitions,No opinion / Don't know
357,몇 몇 청원은 이기주의적임. 떼쓰는 것과 다를바 없음. 이러한 청원들도 검토해야하는 것은 리소스 낭비임.,2,3,3,Need to verify false information continuously,Transparency / Feedback deficiency,Frivolous / Emotional petitions
358,소통은 원활할 수 있으나 허위글에 대한 진위 여부는 꾸준히 확인해야 할 과제가 아닐까 싶다.,14,14,14,Suggests improvement plan for petition overload,Other,Other
359,청원난립에 대한 개선방안마련,1,9,9,Explicitly states no knowledge or opinion,No opinion / Don't know,Lack of effectiveness
360,잘 모르겠어요.,9,11,6|11,Difficult access and participation for ordinary citizens,Need for more participation / Awareness,No opinion / Don't know
361,"둘다 일반 경험이 없는 시민들이 하기에는 어렵단 느낌이 듭니다, 접근성이 어렵고 이걸 작성하는 것이 일반 서민들에게 쉬운 문제일까요",11,1,1|8|10,"Concerns about effectiveness, manipulation, but supports system",Lack of effectiveness,Need for more participation / Awareness
362,"기존엔 어떤 의견이든 민원을 제기할 수 있다고 생각했는데 
몇 가지 예시를 보니 좀 타당성이 떨어지는 것 같긴 함 
특정 세력(사이비 종교나 이익 집단)의 담합 등이 염려됨 
(그럼에도 불구하고 공개 청원은 적극 활용되어야 된다고 생각함)",14,7,7,Self-centered thinking in petitions,Personal / Selfish petitions,Other
363,자기 중심적인 사고방식으로  내용을 전개함.,14,12,12,Doubts about feasibility despite understanding intent,Feasibility / Unrealistic proposals,Other
364,취지는 이해하나 실현가능성에 의문,1,14,14,parse-miss,Other,Lack of effectiveness
365,담당자들의 형식적인 답변.,1,1,1,"Formal, ineffective responses from officials",Lack of effectiveness,Lack of effectiveness
366,관심사가 없으면 소수 의견에 그칠 것 같다.,5,11,11,Minority opinions get little attention,Need for more participation / Awareness,Need for filtering / Guidelines
367,실현 가능성이 있는게 거의 없고 설령 있다고해서 실현해줄거라고 믿지 않는다,12,12,1|12,Proposals unrealistic and ineffective,Feasibility / Unrealistic proposals,Feasibility / Unrealistic proposals
368,무분별한 청원과 민원으로 중요한 업무처리가 느려질수있을것같다,2,2,2|4,Frivolous petitions slow processing,Frivolous / Emotional petitions,Frivolous / Emotional petitions
369,특별히 없음,9,9,9,No particular opinion expressed,No opinion / Don't know,No opinion / Don't know
370,"1. 현황 및 문제점에 대한 기술양식이 요구됨 
2. 개선 방향에 대한 기술양식이 필요함 
3. 기대효과에 대한 기술양식이 요구됨. 
 
모든 청원 및 민원을 올린 것들이 내용이 다르더라도 눈에 양식으로 하여 눈에 확 들어와야 한다. 
따라서 각 항목에 대한 양식이 요구된다.",5,5,5,Need for standardized petition formats,Need for filtering / Guidelines,Need for filtering / Guidelines
371,너무 감정적인 글들도 많은 것 같다,2,2,2,Many petitions are emotional,Frivolous / Emotional petitions,Frivolous / Emotional petitions
372,"청원 내용이 지엽적이거나 실현 가능성이 낮은 것들도 있겠지만 국민의 서비스 개선 차원으로 다양한 민원을 들을 수 있는 창구로서의 기능은 충분히 할 수 있다고 생각됩니다. 
또한 사소하거나 실현 가능성이 없는 제안이라고 하더라도 성실한 답변을 받게 된다면 제안자가 조금 더 고민하여 다시 신청할 수도 있고, 본인의  민원이 방치되지 않고 응답받을 수 있다는 것 만으로도 어느 정도 만족감을 느낄 수 있을 것 같네요. 
처음에는 많은 민원이 신청되어 민원 처리 부서에서도 부담이 되겠지만 어느 정도 데이터가 쌓이면 답변하는 것도 수월해지지 않을까요?",8,8,8|11|13,Positive but notes burden and participation,Positive / Supportive,Positive / Supportive
373,"하소연 하는듯한 공개청원은 어느정도 걸러내야 한다고 생각하고, 공개청원 할 때 해결방안에 대한 본인의 생각도 구체적으로 적어주면 좋을것 같습니다.",1,5,2|5,Filtering needed; want concrete solutions,Need for filtering / Guidelines,Lack of effectiveness
374,자료나 통계 등 연구 없이 자신이 불편을 느낀 부분을 충동적으로 자료를 올리는 경향이 있음,14,2,2|6,"Impulsive, unresearched petitions",Frivolous / Emotional petitions,Other
375,실질적으로 바뀌는건 없음,1,1,1,No real change occurs,Lack of effectiveness,Lack of effectiveness
376,"개인들의 생각을 올려서 동의를 받는 방식은 좋다고 생각하나 너무 무분별한 청원이나 같은 내용이 있는 청원들이 있는거 같습니다. 
 
동의를 일정이상 얻은 청원들을 따로 올려보내는 시스템이 있으면 어떨까 생각해봅니다..",8,2,2|5,Too many frivolous petitions; need filtering,Frivolous / Emotional petitions,Positive / Supportive
377,무분별한 개인사까지. 올 리는. 문제,2,2,2|7,"Frivolous, personal petitions",Frivolous / Emotional petitions,Frivolous / Emotional petitions
378,"세부 서술이 불가능, 토론 불가능",14,6,5|6,Cannot detail or debate petitions,Readability / Communication issues,Other
379,없음,9,9,9,No opinion stated,No opinion / Don't know,No opinion / Don't know
381,한 국민의 주관적인 견해가 내포된 청원 및 민원이 많은 것 같습니다.,14,7,2|7,"Many subjective, personal petitions",Personal / Selfish petitions,Other
382,없음,9,9,9,No opinion stated,No opinion / Don't know,No opinion / Don't know
383,현실적으로 이루어 지는 시간이 너무 김,14,4,4,Processing takes too long,Slow processing / Bureaucratic delays,Other
385,"너무많은 내용, 주관적인 민원",2,2,2|7,"Too many subjective, personal complaints",Frivolous / Emotional petitions,Frivolous / Emotional petitions
386,너무 많은 문제와 사회적 보다 개인적,2,2,2|7,Many personal rather than social issues,Frivolous / Emotional petitions,Frivolous / Emotional petitions
387,다양한 의견은 좋으나 전문적이지 않은 내용들이 있는것 같다.,14,6,6|12,"Non-expert content, unclear logic",Readability / Communication issues,Other
389,내용의모호함,14,6,6,Content is vague or ambiguous,Readability / Communication issues,Other
390,같은 의견을 가지고 있는 사람들의 의견 첨부가 있었으면 함,14,11,11,Wants more participation and attached opinions,Need for more participation / Awareness,Other
391,"공개 청원의 문제 의식에 우선순위를 두어,  언론 매체(TV토론)를 통해서 공론화 하는 것이 필요하며, 홍보 효과도 있다고 봅니다.",11,11,8|11,Suggests publicizing for awareness and participation,Need for more participation / Awareness,Need for more participation / Awareness
392,"제안 정책과 관련된 문제, 해결책, 기대 효과에 대한 정돈된 제안이 부족하다고 느낌",1,6,6|12,"Lacks organized, concrete proposals",Readability / Communication issues,Lack of effectiveness
393,다수의 민원이 같은 동일인일 수 있다,14,7,7,Multiple complaints may be from same person,Personal / Selfish petitions,Other
394,비슷하거나 똑같은 청원이 무분별하게 올라올 수 있다. 행정력이 낭비될 수 있는 부분이 있다.,2,2,2|13,Indiscriminate duplicate petitions waste resources,Frivolous / Emotional petitions,Frivolous / Emotional petitions
396,"1. 청원이나 민원의 주장에 대한 근거가 비합리적, 주관적임. 
",2,6,6,Petition claims are irrational and subjective,Readability / Communication issues,Frivolous / Emotional petitions
397,공개라는 부분이 아무래도 민감해서 솔직한 내용을 제기 할 수 없다,14,1,1,Fear of public exposure limits honest content,Lack of effectiveness,Other
398,무분별하고 지나치게 주관적인 청원,2,2,2,Indiscriminate and overly subjective petitions,Frivolous / Emotional petitions,Frivolous / Emotional petitions
399,모르겠다,9,9,9,No opinion expressed,No opinion / Don't know,No opinion / Don't know
400,"무지막지하게 글을 남기는 경우가 많음 
규정과 절차를 지켜서 글을 적는 것이 좋을 거 같음. 어린 아이들도 글을 쓰다보니, 진정성이 느껴지지 않는 경우가 있음",5,2,2|5,"Excessive posts, lack of sincerity, need rules",Frivolous / Emotional petitions,Need for filtering / Guidelines
401,특별히 없음,9,9,9,No particular opinion,No opinion / Don't know,No opinion / Don't know
402,민원인의 민원내용이 터무니 없는 경우가 있음. 적절한 필터링이 필요하나 국민의 말할 권리를 침해한다거나  필터링 정도에 따라 정치적인 목적으로 수용되지 않을 경우가 있을 수 있음.,10,5,5|10,Need filtering but political misuse concerns,Need for filtering / Guidelines,Mob mentality / Opinion manipulation
403,명확한 요구보다는 현황이나 실태를 나열하기 때문에 담당 공무원이 민원인이 무엇을 원하는지를 제대로 파악하기 어렵다고 생각,13,6,6|13,Unclear demands hinder officials' understanding,Readability / Communication issues,Civil servant burden / Institutional constraints
405,현실가능성이 있을까요..,12,12,12,Questions feasibility of proposals,Feasibility / Unrealistic proposals,Feasibility / Unrealistic proposals
406,청원을 하는 건 문제가 없는 데 거기에 대한 답변과 피드백이 있는가하는게 문제인것 같다,3,3,1|3,Lack of feedback and response is problematic,Transparency / Feedback deficiency,Transparency / Feedback deficiency
408,없다,9,9,9,No opinion,No opinion / Don't know,No opinion / Don't know
409,개인적인 생각이 막연하게 전체 직업군의 목소리로 착각할 수 있는 소지가 있음,7,7,7,Personal views mistaken as group voice,Personal / Selfish petitions,Personal / Selfish petitions
410,접근성,11,11,11,Mentions accessibility need,Need for more participation / Awareness,Need for more participation / Awareness
411,"무분별하게 의견제출시 인력 , 자원 낭비가 될 수 있다",2,13,5|13,Resource waste and staff burden concerns,Civil servant burden / Institutional constraints,Frivolous / Emotional petitions
412,정확한 요구사항의 전달과 해결책이 명확히 제시되지 않습니다,1,6,1|6,"Unclear demands and solutions, poor communication",Readability / Communication issues,Lack of effectiveness
413,결과 및 처리미비,14,3,1|3,Lack of results and processing,Transparency / Feedback deficiency,Other
414,부문별한 청원,14,5,5,Segmented petitions need filtering,Need for filtering / Guidelines,Other
416,"너무 감정에 치우치거나, 내용이 논리적이지 못하고 부실한 청원 및 민원이 생각보다 많다고 생각합니다.",2,2,2|6,"Emotional, illogical, poor petitions",Frivolous / Emotional petitions,Frivolous / Emotional petitions
417,여러 목소리를 들어야한다,14,11,11,"Need to hear more voices, participation",Need for more participation / Awareness,Other
418,"청원 내용에 대하여 중간진행과정 등의 상세한 설명이 추가되어야 할 듯 합니다. 
반영이 되든 되지 않든 타당한 이유의 설명이 있어야 합니다. 
단순, 검토결과 문제가 많아 등등 의 답변은 없어야 합니다. 
",1,3,1|3,Need detailed feedback on progress,Transparency / Feedback deficiency,Lack of effectiveness
419,결과가 한도적 임,14,1,1,Limited results,Lack of effectiveness,Other
420,너무 중구난방에 전부 해줘 라는 느낌임,5,2,2,"Disorganized, indiscriminate demands",Frivolous / Emotional petitions,Need for filtering / Guidelines
421,민원 처리 인력의 한계,13,13,13,Staff limitations in complaint handling,Civil servant burden / Institutional constraints,Civil servant burden / Institutional constraints
422,해도 개선이 안될거 같다,1,1,1,No improvement despite petitions,Lack of effectiveness,Lack of effectiveness
423,반응 속도가 느리다.,4,4,4,Slow response speed,Slow processing / Bureaucratic delays,Slow processing / Bureaucratic delays
424,너무 개인의 이익에만 부합하는 질문과 정확하지않은 자료로 우겨대는 민원에 피로감이 있다,7,7,2|7,Selfish petitions cause fatigue,Personal / Selfish petitions,Personal / Selfish petitions
425,좀 더 고민 해 보겠습니다.,14,14,14,"Vague statement, no clear opinion",Other,Other
426,전문적인 지식 부족,14,12,12,Lack of expertise,Feasibility / Unrealistic proposals,Other
427,실효성 여부,1,1,1,Questioning effectiveness,Lack of effectiveness,Lack of effectiveness
428,일단 글보기가 어렵습니다. 더 간략하고  명시력이좋게 해주시면좋겠어요,6,6,6,"Difficult to read, needs clarity",Readability / Communication issues,Readability / Communication issues
429,없다,9,9,9,No opinion,No opinion / Don't know,No opinion / Don't know
431,청원이나 민원이 진행되는 과정을 알 수 없어서 나의 청원이 고려되고 있는지 무기한으로 기다리기만 해야함. 업무 절차 과정을 지속적으로 공유해서 개인의 의견이 반영되고 있음을 알려줄 필요가 있음.,3,3,3|11,"No process info, need feedback",Transparency / Feedback deficiency,Transparency / Feedback deficiency
432,없음,9,9,9,No opinion,No opinion / Don't know,No opinion / Don't know
433,너무나 많은 민원과 별로 중요하지도 않는 만원들이 대부분안 것 같다,2,2,2,Many petitions are frivolous and unimportant,Frivolous / Emotional petitions,Frivolous / Emotional petitions
434,무분별한 청원,2,2,2,Indiscriminate petitions mentioned,Frivolous / Emotional petitions,Frivolous / Emotional petitions
435,무분별한 청원.,2,2,2,Indiscriminate petitions mentioned,Frivolous / Emotional petitions,Frivolous / Emotional petitions
436,투명성,3,3,3,Mentions transparency,Transparency / Feedback deficiency,Transparency / Feedback deficiency
437,소외되고 고립되며 사회적혜택에서 먼 사람들의 의견이 아닌 다수의 이익을 위해 뭉친 님비주의들의 의견이 더 많이 청원될가능성이 커서 역효과를 볼수있다고 생각됩니다...정말 도움이 필요한 분들의 의견이 청원되야합니다..그걸 판단하고 분별할 수 있는것이 실력이고 능력이죠..,14,7,5|7,Concern about selfish petitions and need for filtering,Personal / Selfish petitions,Other
439,소관부서 불명확으로 민원 제기 어려움,13,14,14,Unclear department issue not covered by codes,Other,Civil servant burden / Institutional constraints
440,국민들이 하소연하는 공간이될까 우려 됌.,14,14,14,Worries about space becoming complaint venting not covered,Other,Other
441,구체적인 방안 제시가 부족함.,12,12,12,Lack of concrete proposals,Feasibility / Unrealistic proposals,Feasibility / Unrealistic proposals
442,신속한 처리,4,8,8,Positive about quick processing,Positive / Supportive,Slow processing / Bureaucratic delays
443,의견이 치우쳐 질수 있다고,14,10,10,Concern about biased opinions,Mob mentality / Opinion manipulation,Other
444,"가이드 라인 없이 무분별하게 난립하는 제안들 
",2,5,2|5,No guidelines causing indiscriminate petitions,Need for filtering / Guidelines,Frivolous / Emotional petitions
445,생각보다 관심도가 그렇게 높지않음,14,11,11,Low public interest and participation,Need for more participation / Awareness,Other
446,"공개 청원이나 민원을 넣어도 관찰되지를 않아 실망함. 
적극적으로 해결해 주면 좋겠네요.",14,3,3|8,"No feedback, wants active resolution",Transparency / Feedback deficiency,Other
447,다양한 의견 개진으로 실효성이 낮음,1,1,1|2,Low effectiveness due to diverse opinions,Lack of effectiveness,Lack of effectiveness
448,"실현 불가능한 민원이 너무 많습니다. 
또한 정치적 편향이 많기 때문에 별로 신뢰하지 않습니다.",10,12,10|12,Unrealistic and politically biased petitions,Feasibility / Unrealistic proposals,Mob mentality / Opinion manipulation
449,모르겠어요,9,9,9,No opinion stated,No opinion / Don't know,No opinion / Don't know
450,이미 현존하고 있는 제도임에도 모르는 사람들이 많아 활용을 못하는것도 많은걸로 알고있습니다. 기존에 필요한 제도들과 받을수 있는 혜택들을 최대한 정부에서 알려주고 필요한 사람에게 그만큼 쓰임있게 돌아가는게 먼저라고 생각합니다.,8,11,11,Lack of awareness and promotion,Need for more participation / Awareness,Positive / Supportive
451,무분별한 공개 청원 및 민원 제도 등록으로 중요한 문제의 논점이 흐려지고 제도에 대한 신뢰도가 하락한다는 것,2,2,1|2,Indiscriminate petitions reduce trust,Frivolous / Emotional petitions,Frivolous / Emotional petitions
452,문제점,14,14,14,"Vague mention of problems, no clear code",Other,Other
453,무분별한 청원,2,2,2,Indiscriminate petitions mentioned,Frivolous / Emotional petitions,Frivolous / Emotional petitions
454,불필요한 청원이 많다고 느낌.,2,2,2,Many unnecessary petitions mentioned,Frivolous / Emotional petitions,Frivolous / Emotional petitions
455,업승,14,9,9,"Non-answer, unclear response",No opinion / Don't know,Other
456,"개선 또는 개선 논의가 진행 중인 사안에 대해서도 청원이 올라오는 경우 가 많아 정책 홍보의 필요성이 부각됨 
민원 제안 후 답변에 걸린 시간을 고려하면 제안 수에 비해 답변 담당자의 부족이 느껴짐 
",1,13,3|11|13,"Lack of staff, slow feedback, need for awareness",Civil servant burden / Institutional constraints,Lack of effectiveness
457,그냥 투정부리는듯한 느낌의 글들도 있다,9,2,2,Petitions feel like complaints or venting,Frivolous / Emotional petitions,No opinion / Don't know
460,제도 전반에 대한  이해 부족으로   표현이 어려움,6,6,6,Difficulty expressing due to lack of understanding,Readability / Communication issues,Readability / Communication issues
462,청원 내용에 대한 주장이 객관적인 시각보다 주관적인 판단이 많아보임,14,6,6,Subjective rather than objective claims,Readability / Communication issues,Other
463,아무나 아무소리를 할 수 있음,14,2,2,"Anyone can say anything, implying frivolous petitions",Frivolous / Emotional petitions,Other
464,무분별한 청원,2,2,2,Indiscriminate petitions noted,Frivolous / Emotional petitions,Frivolous / Emotional petitions
465,특별히 없습니다,9,9,9,No particular opinion,No opinion / Don't know,No opinion / Don't know
466,"민원인의 법, 제도 내용 및 정보의 불확실성",14,12,12,Uncertainty about laws and information,Feasibility / Unrealistic proposals,Other
467,개인의 의견이 개입될 수 없음,14,7,7,No personal opinions should intervene,Personal / Selfish petitions,Other
468,청원이 있어도 해결되는 확률이 작음,14,1,1,Low chance of petitions being resolved,Lack of effectiveness,Other
469,절차가 난이하고 FEEDBACK이 오래걸림,4,4,3|4,Slow procedure and feedback delays,Slow processing / Bureaucratic delays,Slow processing / Bureaucratic delays
470,신속성과 인기위주의 운영방안 개선 필요,4,4,2|4,"Need faster, popularity-based improvements",Slow processing / Bureaucratic delays,Slow processing / Bureaucratic delays
471,"잘 모르겟음 
",9,9,9,"Uncertain, no clear opinion",No opinion / Don't know,No opinion / Don't know
472,아직은 없습니다.,14,9,9,No opinion stated,No opinion / Don't know,Other
474,"다수의 민원이라고 그것이 적합한 것은 아닌 것 같다 
적절한 청원과 민원이 필요하다",14,5,2|5,"Need proper petitions, not just many",Need for filtering / Guidelines,Other
475,취지는 좋으나 일괄성있게 개선해나가길바랍니다,14,8,8,"Good intention, hopes for consistent improvement",Positive / Supportive,Other
476,"무분별하게 너무 많고, 지극히 개인적이거나 실현불가능한 민원 또한 많다",2,2,2|7|12,"Too many frivolous, personal, unrealistic petitions",Frivolous / Emotional petitions,Frivolous / Emotional petitions
477,"무분별한 청원들이 쏟아지고 있고 이를 필터하는 시간과 인력이 낭비라고 생각된다. 
진짜 필요한 민원들만 신청할 수 있도록 장치가 필요하다.",2,2,2|5|13,"Waste of time filtering frivolous petitions, need screening",Frivolous / Emotional petitions,Frivolous / Emotional petitions
478,모든실상을  파악하기힘듬,14,3,3,"Cannot grasp full situation, lacks transparency",Transparency / Feedback deficiency,Other
479,추천수가 많고 국민 청원에 동의한다고 해서 이중 실제로 이루어지는 것들은 거의 손에 꼽힌다.,14,1,1,"Few petitions actually realized, doubts effectiveness",Lack of effectiveness,Other
480,"청원을 해도 개선되지가 않는거 같아서, 물론 청원이 너무 많고 실현 불가능한 제안이 많다는것은 잘 알고 있지만요ㅠ",2,1,1|12,"Petitions not improving, many unrealistic proposals",Lack of effectiveness,Frivolous / Emotional petitions
481,모름,9,9,9,"No opinion, '모름'",No opinion / Don't know,No opinion / Don't know
482,모든제도는 좋은방향으로 이루어지길 바랍니다,8,8,8,"Wishes system to work well, positive hope",Positive / Supportive,Positive / Supportive
483,이번 정부는 눈과 귀를 닫고서 보지를 않는데 뭐하러 이런걸 하는지 회의감이 듬,14,1,1,"Government ignores petitions, causing skepticism",Lack of effectiveness,Other
484,무분별한 감정은 빼면 좋을것같습니다,2,2,2,Wants to remove frivolous emotional petitions,Frivolous / Emotional petitions,Frivolous / Emotional petitions
486,형식적인 대응이 문제점이라고 생각합니다. 공무원들이 형식적으로 민원을 처리하고있는걸 알고있지만 대부분 공개청원의 경우 해결책을 제시하지 못하는 경우가 많다고 생각합니다.,1,1,1|13,"Formal responses, no solutions, burden on officials",Lack of effectiveness,Lack of effectiveness
487,청원을 담당할 인력이 증원 하여 정책에 적극 반영 할 기회를 높여야 합니다,1,11,11|13,Needs more staff and active policy reflection,Need for more participation / Awareness,Lack of effectiveness
488,정확한 문제점과 해결방안에 개개인의 감정이 포함되어 전달이 불분명할수있다.,7,6,6,Emotions cause unclear communication,Readability / Communication issues,Personal / Selfish petitions
489,변화가 느리다,4,4,4,"Change is slow, slow processing",Slow processing / Bureaucratic delays,Slow processing / Bureaucratic delays
490,없음,9,9,9,"No opinion, '없음'",No opinion / Don't know,No opinion / Don't know
491,"청원이나 민원제도는 좋은 국민 주권 제도입니다. 다만, 일반 국민이 국가의 예산 편성, 집행에 잘 모르는 부분이 있기에 분명 좋은 의견을 내는데 한계는 있다고 생각됩니다.",8,8,8|12,Good system but limited by public knowledge,Positive / Supportive,Positive / Supportive
492,무분별한 청원,2,2,2,Frivolous petitions,Frivolous / Emotional petitions,Frivolous / Emotional petitions
493,개인적인 민원 신청,7,7,7,Personal/private petitions,Personal / Selfish petitions,Personal / Selfish petitions
494,미시적 해결책으로 다른 넓은 분야를 보지 못한 제안들이 있다고 생각됨,1,12,12,"Narrow proposals, lack broad perspective",Feasibility / Unrealistic proposals,Lack of effectiveness
495,공개청원 이나 민원제도에 대해 많이 접해 보지 않아 잘 모르고 있음. 홍보가 필요함,11,9,9,"No experience, needs more promotion",No opinion / Don't know,Need for more participation / Awareness
496,비전문가가 제안하는 것이기에 다소 논리가 떨어질 수 있어 정책에 반영하기 어렵고 사회적 합의가 필요한 정책은 단순히 몇명의 동의로 진행하기 어려움,1,6,6|12,"Non-expert proposals lack logic, hard to reflect",Readability / Communication issues,Lack of effectiveness
498,실현 가능 여부가 미흡,12,12,12,Insufficient feasibility,Feasibility / Unrealistic proposals,Feasibility / Unrealistic proposals
499,없음,9,9,9,"No opinion, '없음'",No opinion / Don't know,No opinion / Don't know
500,이상한사람도 많은거 같다.,14,2,2,"Mentions many strange people, implying frivolous petitions",Frivolous / Emotional petitions,Other
501,공개청원 민원 등 활용하고 싶으나 예전에 올렸던 청원도 반영되지 않고 신원이 노출될까 염려 스러워 요즘은 아예 참고 살렵니다,1,1,1|3,Petitions not reflected; concerns about identity exposure,Lack of effectiveness,Lack of effectiveness
502,연계된 타 제도와의 문제점을 고려 안함,14,14,14,"Mentions linked system issues, no clear category",Other,Other
503,전문적이지 않음,14,12,12,Says system is not professional,Feasibility / Unrealistic proposals,Other
504,"좀 더 공정한 시각에서 판단이 필요하다  
자칫하면 특정계층(성별,연령)에 이익만 추구하게 될 수도 있을듯",14,7,5|7,Concern about selfish interest and need for fair judgment,Personal / Selfish petitions,Other
505,실제로 국회의원들이 관심없음,13,1,1,"Politicians not interested, implying ineffectiveness",Lack of effectiveness,Civil servant burden / Institutional constraints
506,대중성의 부족,14,9,9,"Vague comment about lack of popularity, no clear opinion",No opinion / Don't know,Other
508,세부적이지 않고 너무 애매모호하다,14,12,12,Petitions are vague and ambiguous,Feasibility / Unrealistic proposals,Other
509,너무 많은 민원들이 올라온다,2,2,2,"Too many petitions, implying excessive and frivolous",Frivolous / Emotional petitions,Frivolous / Emotional petitions
510,너무 많은 청원들이 난무하여 오히려 혼란을 가중시키는 때도 있는 것 같다.,2,2,2,Too many petitions causing confusion,Frivolous / Emotional petitions,Frivolous / Emotional petitions
511,투명성과 신뢰성을  무엇으로 판단하는지에 대한 여부,3,3,3,Questions transparency and trust criteria,Transparency / Feedback deficiency,Transparency / Feedback deficiency
512,없음,9,9,9,No opinion,No opinion / Don't know,No opinion / Don't know
513,실행 여부가 명확하지 않음,6,3,3,Unclear if petitions are executed,Transparency / Feedback deficiency,Readability / Communication issues
514,"문제점 개인이 생각하고 느끼는바를 아무런 여과 없이 올릴 수 있다는점 
한계 청원에 대한 내용을 해당 분야의 전문가 (각 기관의 공무원 제외)가 별도의 검토, 검증 등을 거쳐, 실제 우리사회에 필요한 내용인지, 개인적인 의견인지 판단 할 수 있는 장치가 불분명해보인다는점",9,5,5|7,No filtering; need expert review to distinguish personal opinions,Need for filtering / Guidelines,No opinion / Don't know
515,공교육 수학은 다른 나라에 ㅣㅂ해 너무 어렵다는 것입니다. 어차피 다 박사 만들 것 아니면 ㄱㅖ산기로 수학 해결해야 합니다. 이과 가는 학생은 수학을 해야겠지요. 어차피 사회 나오면 더하기 빼기 몇%. 나누기 이상은 사용할때 별 없음. 임대 주택을 왜들 10평이하만 생각하는지 한 가족이 살수 있도록 실평수 20평은 안 됩니까 학교는 크게크게 하면서 왜 가정집은 작게작게 하는지.. 킥보드 없에고 음주운전 무거건 20년 사람치어 죽게 만들면 무기 그럼 경찰분들 수고 덜겠지요. 연금 기초연금은 나라에서 알아 하지만 연금은 나라에서 터치 안하면 됩니다.,1,14,14,Substantive unrelated opinion about education and housing,Other,Lack of effectiveness
518,내용에 대한 진실성을 다 담지 못한다,14,6,6,Petitions lack truthfulness in content,Readability / Communication issues,Other
519,없음,9,9,9,No opinion,No opinion / Don't know,No opinion / Don't know
520,말에만 그칠 가능성이 큼,14,1,1,"Likely to be just talk, implying ineffectiveness",Lack of effectiveness,Other
521,모름니다,9,9,9,Does not know,No opinion / Don't know,No opinion / Don't know
522,"특별히 없으나, 빠른 답변이 필요함",9,4,4,Needs faster responses,Slow processing / Bureaucratic delays,No opinion / Don't know
524,없음,9,9,9,"No opinion, blank response",No opinion / Don't know,No opinion / Don't know
525,문제에 대한 의견을 받아서 법적 행정적으로 가능한건을 과연 공무원분들이 해주실까요?  그중에 한건이라도 되는거면 좋은거고....  그리고 건설업자들 등 물타기 민원도 있는것같고 ...  그래도 현 제도권안에서 해볼만한 안건들에 대해서는  숙고해주면 좋을 것 같다는 생각은 듬.,8,13,7|8|13,Concern about public servant burden and mixed petition quality,Civil servant burden / Institutional constraints,Positive / Supportive
526,잘 모르겠다,9,9,9,Expresses no knowledge or opinion,No opinion / Don't know,No opinion / Don't know
527,개인이 올리는 공개청원및 민원은 전문성이 떨어짐으로 타당하다 판당되는 제도는 전문가의 실제적인 도움이 필요함,14,12,5|12,"Petitions lack expertise, need expert help",Feasibility / Unrealistic proposals,Other
528,익명성 및 제도의 악용이 발생될 수 있습니다.,2,14,14,"Mentions anonymity and abuse, no matching category",Other,Frivolous / Emotional petitions
529,무분별한 청원 규제 필요,2,5,2|5,Calls for regulation and filtering of indiscriminate petitions,Need for filtering / Guidelines,Frivolous / Emotional petitions
530,처리 지연,4,4,4,Mentions processing delays,Slow processing / Bureaucratic delays,Slow processing / Bureaucratic delays
531,"원인,분석,결론이 정확해야 하는데 내용의 질이 떨어지는 청원이 많음",6,6,6,Petitions have poor quality and logic,Readability / Communication issues,Readability / Communication issues
532,허들이 없으니 개인적인 한탄까지 너무 많이 인입되는점이 문제라고 생각,2,7,2|7,Too many personal complaints due to low barriers,Personal / Selfish petitions,Frivolous / Emotional petitions
533,실현 불가능해 보이는 제안도 많고 타당성이 많이 떨어지는 민원이 많아보임,1,12,7|12,Many unrealistic and low validity petitions,Feasibility / Unrealistic proposals,Lack of effectiveness
534,특별한 의견이 없음,14,9,9,No special opinion,No opinion / Don't know,Other
535,향후 대책이 없음,14,1,1,"No future measures, system ineffective",Lack of effectiveness,Other
536,모름,9,9,9,No knowledge or opinion,No opinion / Don't know,No opinion / Don't know
537,무지성 민원에 대한 대처.,2,2,1|2,Mentions mindless petitions needing control,Frivolous / Emotional petitions,Frivolous / Emotional petitions
538,명확한 답변을 얻어내기 힘들다는?,14,3,3,"Hard to get clear answers, feedback issue",Transparency / Feedback deficiency,Other
539,잘모르겠다,9,9,9,No knowledge or opinion,No opinion / Don't know,No opinion / Don't know
540,"논리적이지 못하고 감정적으로 호소하는 경우가 대부분임. 법적 기준에 따른 현황 및 문제점, 개선방향에 대해 일목요연하게 이야기 해야 함에도 감정적인 단어로만 채워진 민원내용은 대부분 각하가 필요함.",2,2,2|5|6,"Mostly emotional, illogical petitions needing filtering",Frivolous / Emotional petitions,Frivolous / Emotional petitions
541,무분별한 청원,2,2,2,Indiscriminate petitions,Frivolous / Emotional petitions,Frivolous / Emotional petitions
543,공익을 위해서 법과 원칙을 지켜야 한다,14,7,7|8,Emphasizes public interest and law adherence,Personal / Selfish petitions,Other
544,"작성자가 비전문가이거나 편향된 시선을 가지고 있어서, 현황 및 해결방안의 내용에서 팩트체크가 힘들거나 정보를 단편적으로만 보여줄 수 있는 가능성이 있다. 제대로 판단하기 어려움. 그리고 개인적인 문제를 올리는 경우도 있어서 중요한 내용이 묻히게 될 수 있다는 단점이 있다.",7,6,6|7|12,"Non-expert, biased, personal petitions obscure facts",Readability / Communication issues,Personal / Selfish petitions
545,많은 사람들이 참여하지 않는다,11,11,11,Wants more participation and awareness,Need for more participation / Awareness,Need for more participation / Awareness
546,특정 이익 집단의 요구를 분별 없이 등록하여 제도의 본질을 흐릴 수 있다,14,5,5,Concern about indiscriminate petitions from interest groups,Need for filtering / Guidelines,Other
547,"걸러지지 않은, 터무니 없는 청원들이 많이 올라온다는 것.",2,2,2,"Many baseless, unfiltered petitions",Frivolous / Emotional petitions,Frivolous / Emotional petitions
548,담당자에 따라 답변의 품질이 달라진다.,13,6,6,Quality of responses varies by staff,Readability / Communication issues,Civil servant burden / Institutional constraints
549,기계적인 답변,14,1,1,"Mechanical, insincere responses",Lack of effectiveness,Other
550,두서없이 본인생각만 줄줄줄,14,6,6,"Disorganized, personal thoughts only",Readability / Communication issues,Other
552,느린 답변,14,4,4,Slow responses,Slow processing / Bureaucratic delays,Other
553,무분별하고 반복적인 소모성글이 많아 정작 필요한 내용들이 묻히는경우가 있다,2,2,2|5,Frivolous repetitive posts bury important content,Frivolous / Emotional petitions,Frivolous / Emotional petitions
554,너무 개인적인 사유의 일들을 청원에 넣는 경우가 있는 듯 하다. 그리고 처리가 되고 있는 지 받아들여졌는지에 대한 상태를 알 수가 없어보임,7,7,3|7,Personal petitions and lack of feedback,Personal / Selfish petitions,Personal / Selfish petitions
555,어디에서 처리되는지 투명하게 처리되는지 확인하기 힘듭니다.,3,3,3,Difficult to confirm transparency and processing,Transparency / Feedback deficiency,Transparency / Feedback deficiency
556,쓰는사람의입장의 내용만의 피력이 문제,14,6,6,One-sided expression of petitioner's view,Readability / Communication issues,Other
557,너무 마구잡이식 청원이 올라간다 익명성을 이유로,14,2,2,Indiscriminate petitions due to anonymity,Frivolous / Emotional petitions,Other
558,무분별한 청원 및 민원의 남발로 행정력 낭비가 심함,2,2,2|13,Frivolous petitions waste administrative resources,Frivolous / Emotional petitions,Frivolous / Emotional petitions
559,"누구나 하는 민원,공개 청원이다보니 쓸데 없는 청원이나 민원도 많아서 거르기 힘들 것 같다. 
구체적인 개선방안을 제시하면 좋겠지만 보통은 문제만 이야기하기 때문에 행정적으로 속시원한 해결이 힘들 것 같은 느낌",1,2,2|5|13,"Many useless petitions, filtering and admin limits",Frivolous / Emotional petitions,Lack of effectiveness
560,민원처리 하는 담당자가 부족하단 생각이 든다 인력 부족..신속하지 못하며 애매한 경계선에 질문 서로 타부서로 이관하기 바쁨,4,13,13,Staff shortage and interdepartmental delays,Civil servant burden / Institutional constraints,Slow processing / Bureaucratic delays
561,정확한 개선 방안이 아닌 중구난방의 식,1,12,12,"Unsystematic, unclear improvement suggestions",Feasibility / Unrealistic proposals,Lack of effectiveness
563,없음,9,9,9,No opinion,No opinion / Don't know,No opinion / Don't know
564,공감을 느끼기 힘든 주제,14,14,14,Topic hard to empathize with,Other,Other
565,상당수의 민원들이 행정부 내에서 처리하기 어려운 속성을 지니고 있어 민원제도의 실효성에 한계가 있다고 생각됩니다.,2,1,1|13,"Many petitions hard to handle, limits effectiveness",Lack of effectiveness,Frivolous / Emotional petitions
566,없음,9,9,9,No opinion,No opinion / Don't know,No opinion / Don't know
569,개인적인 문제 이거나 분명하지 않는 안건과 결과의 목표가 있는제안이  있다,7,1,1|7,"Unclear goals, personal issues, doubts on effectiveness",Lack of effectiveness,Personal / Selfish petitions
571,현실적 실행 여부,14,12,12,Concern about realistic feasibility of proposals,Feasibility / Unrealistic proposals,Other
572,아무나 아무글이나 글을 올릴수 있다,14,2,2,"Anyone can post anything, indiscriminate petitions",Frivolous / Emotional petitions,Other
573,무분별한 청원 및 개인의 떼쓰기식 청원이 눈쌀을 찌푸리게 함,2,2,2|7,Frivolous and selfish petitions annoy respondents,Frivolous / Emotional petitions,Frivolous / Emotional petitions
575,무분별한 청원,2,2,2,Indiscriminate petitions,Frivolous / Emotional petitions,Frivolous / Emotional petitions
576,모든 청원및 민원을 다 해결 할수는 없으나 경 중을 선별하여 가급적 신속한 처리가 이루어 지길 바람,12,5,4|5,Wants filtering and faster processing,Need for filtering / Guidelines,Feasibility / Unrealistic proposals
577,누구나 쉽게 접근할수 있는 홍보,11,11,11,Wants more promotion and easy access,Need for more participation / Awareness,Need for more participation / Awareness
578,잘 모르겠음,9,9,9,"No opinion, unsure",No opinion / Don't know,No opinion / Don't know
579,다양한 다수의 의견으로 통합하기는 힘듬,14,12,12,Difficult to unify diverse opinions,Feasibility / Unrealistic proposals,Other
580,개인의 소원을 말하는 수준에서 벗어나 공익을 위한 발전적인 토론의 장으로 개선되길 바랍니다.,14,8,8,"Wants constructive public discussion, positive",Positive / Supportive,Other
581,너무 쓰잘데기없는 청원들이 많아서 정작 필요한 제도들이 묻히는 느낌이다.,8,2,1|2,Too many trivial petitions hide needed ones,Frivolous / Emotional petitions,Positive / Supportive
582,실현 가능성이 없는 청원이나 사회 양극화를 초래할 수 있는 내용들이 보인다..,12,12,2|12,Unrealistic or divisive petitions observed,Feasibility / Unrealistic proposals,Feasibility / Unrealistic proposals
584,"정말 좋은 아이디어가 나오지만, 실질적인 실행력은 가지지 못하는 한계점이 존재한다. 해당 의견이 어딘가 영향을 받았다는 피드백도 없기 때문에, 일방적 소통 창구로만 보인다.",8,1,1|3,"Good ideas but no feedback, ineffective",Lack of effectiveness,Positive / Supportive
585,무분별한 청원 (개인적인 일),2,2,2|7,"Indiscriminate, personal petitions",Frivolous / Emotional petitions,Frivolous / Emotional petitions
586,대치되는 청원이 많다.,14,10,10,"Conflicting petitions noted, possible manipulation",Mob mentality / Opinion manipulation,Other
587,없음,9,9,9,"No opinion, blank",No opinion / Don't know,No opinion / Don't know
588,실질적으로 반영되는데 시간시요가 많거나 실행되지 않는 경우가 많음,1,1,1|4,Reflected but slow or often not executed,Lack of effectiveness,Lack of effectiveness
589,"개인적인 문제들이 많다 
너무많은 글들이올라와 일일이 답변이 힘들둣하다 
",2,2,2|7|13,"Too many personal petitions, burden on officials",Frivolous / Emotional petitions,Frivolous / Emotional petitions
590,"무분별한 제안, 구체적 실현방안 미흡",2,2,2|12,"Indiscriminate, lacks concrete plans",Frivolous / Emotional petitions,Frivolous / Emotional petitions
592,너무 많은 청원이 올라옴,2,2,2,Too many petitions,Frivolous / Emotional petitions,Frivolous / Emotional petitions
593,실효성,1,1,1,Mentions lack of effectiveness explicitly,Lack of effectiveness,Lack of effectiveness
594,"실현 불가능하거나 정부의 정책기조와 맞지 않고 다양한 이해관계자들과 이익집단들이 서로 주장을 하고 있는 경우가 많아서, 
민원과 청원들을 국가에서 관심 조차 가지지 않을 것이 확실함",7,1,1|13,System ignores petitions; mentions institutional constraints,Lack of effectiveness,Personal / Selfish petitions
595,구체적 실효성에 대한 문제와 의사 전달 수준 편차에 따른 선정 문제,1,1,1|6,Effectiveness and communication issues mentioned,Lack of effectiveness,Lack of effectiveness
596,민원을 접수하고 확인하고 처리하는 각 부처의 공무원들의 전문성 부족 및 국회의 관심 부족,12,13,13,Mentions lack of public officials' expertise and institutional issues,Civil servant burden / Institutional constraints,Feasibility / Unrealistic proposals
597,극히개인적일것이다,7,7,7,Mentions petitions are very personal,Personal / Selfish petitions,Personal / Selfish petitions
598,아무나 타당하지 않은 내용으로 올리는 것.,2,2,2,"Mentions indiscriminate, invalid petitions",Frivolous / Emotional petitions,Frivolous / Emotional petitions
599,잘 모르겠음,9,9,9,Says '잘 모르겠음' (don't know),No opinion / Don't know,No opinion / Don't know
600,"공개 청원 및 민원 제도를 통해 올라온 의견들이 형식상 해결 위주로 진행되고, 실질적인 의겸 수련 및 반영이 잘 되지 않는 것 같음.",8,1,1,"Mentions petitions are formal, not reflected in practice",Lack of effectiveness,Positive / Supportive
601,개인적 의견에 대한 국가적 차원의 해결방안이 가능한가.....,7,7,7,Questions feasibility of personal issues as national solutions,Personal / Selfish petitions,Personal / Selfish petitions
603,"본인의 희망사항을 주로 요청하는 것 같아요 
",14,7,7,Petitions mostly personal requests,Personal / Selfish petitions,Other
604,모든 사람들이 적을 수 있다보니...,14,2,2,"Anyone can write, implying indiscriminate petitions",Frivolous / Emotional petitions,Other
605,다소무리한 요구가 있슴,14,2,2,Mentions excessive/unreasonable demands,Frivolous / Emotional petitions,Other
606,무분별한 제보와 처리 지연,2,2,2|4,Mentions indiscriminate reports and slow processing,Frivolous / Emotional petitions,Frivolous / Emotional petitions
607,"공개청원을 해도 처리 기간이나 실행이 미비한게 너무나 많습니다 
답변만 하고 실행은 안되는 문제가 많아서 공개청원도 사실은 무의미 하다고 생각합니다",1,1,1|4,"Mentions many petitions unexecuted, ineffective, slow",Lack of effectiveness,Lack of effectiveness
608,국가나 국민을 위한 청원보다는 개인적인 득실에 따른 청원이 많음,7,7,7,Petitions motivated by personal gain,Personal / Selfish petitions,Personal / Selfish petitions
609,소수의 사람들만 필요한 경우이지만 전체를 위해 필요한것 처럼 이야기하는 태도,14,7,7,Few people claim personal needs as public,Personal / Selfish petitions,Other
610,무분별한 민원도 많고 민원제기후 답변시간이 너무 오래걸림,2,2,2|4,Indiscriminate petitions and slow response time,Frivolous / Emotional petitions,Frivolous / Emotional petitions
611,개인이 느끼는 문제점에 대한 청원이 많으며 형식에 있어서 감정적으로 작성된 것이 많음,2,2,2|6|7,"Many emotional, personal petitions with poor form",Frivolous / Emotional petitions,Frivolous / Emotional petitions
612,"각자 간절한 마음으로 청원을 합니다. 답변하는 공무원들도 성의 있는 답변을 하려고 노력하겠지만, 정해진 답변에 그치는 것 같다는 느낌은 지울 수가 없습니다.",3,1,1|13,Petitions not truly reflected; officials limited,Lack of effectiveness,Transparency / Feedback deficiency
613,"결국 공개 청원 및 민원을 받아보고 읽는 사람은 대부분 해당 부서의 막내 혹은 그에 준하는 인원이 맡을 것이고,  
책임자에 또는 실무자에서 직접 전달이 되기 어려울 것 같습니다. 
 
또한, 다양한 청원이나 민원이 많이 생길텐데, 하나하나 해결하는 것 보다는 같은 분야의 내용은 하나로 취합하는게 좋을 것 같습니다.",6,5,5|13,Suggests filtering and mentions institutional burden,Need for filtering / Guidelines,Readability / Communication issues
614,선택의 문제,14,5,5,"Mentions choice issues, implying need for guidelines/filtering",Need for filtering / Guidelines,Other
615,"1.청원 할 입장에서는 확실한 근거와  어떻게 하겠다는 명확한 근거를 제시하고 등록할 필요가 있음  
2. 청원에 대한 참여가 넘을 경우는 반드시 답을 해야 하며 개선점에 대한 설명이 있어야 하며  기한을 유야무야 하지 않도록 해야 함  
3. 웬지 정치인들의 청원은 정확하지 않고 흐지부지 하는 느낌이 들음",1,1,1|3|5|10,"Calls for clear evidence, feedback, and distrust in politicians",Lack of effectiveness,Lack of effectiveness
616,접근 절차가 어렵고 내용 제출에 많은 시간이 소요됨,11,11,11,Says access procedure is difficult and time-consuming,Need for more participation / Awareness,Need for more participation / Awareness
617,문제점 없음,9,8,8,"States no problem, positive view",Positive / Supportive,No opinion / Don't know
619,청원 올린 자 1명의 소망을 이루어주는 정책이 되면 안 될듯합니다. 각 청원을 통해 다양한 의견을 수렴 후 충분히 토의를 거쳐 진행해야합니다,14,7,7,Opposes policy serving only one person's wish,Personal / Selfish petitions,Other
620,공공의 이익에 대한 사항도 있지만 그렇지 않은 개인적인 기분에 따른 민원도 많기에 적극적으로 해결하려고 하지 않을 것 같음,7,7,1|7,"Mentions many personal complaints, less active solving",Personal / Selfish petitions,Personal / Selfish petitions
621,무분별한 남발,2,2,2,Mentions indiscriminate excessive petitions,Frivolous / Emotional petitions,Frivolous / Emotional petitions
622,개선방안이 좀더 구체적으로 서술되었으면 합니다,1,12,12,Wants more concrete improvement proposals,Feasibility / Unrealistic proposals,Lack of effectiveness
623,없다,9,9,9,No opinion stated,No opinion / Don't know,No opinion / Don't know
624,무조건적인 답변을 해야 하는 행정적 낭비,13,13,13,Calls mandatory replies administrative waste,Civil servant burden / Institutional constraints,Civil servant burden / Institutional constraints
625,공개청원을 해봤자 실현가능성이 없다는점.,12,1,1|12,Says public petitions lack feasibility,Lack of effectiveness,Feasibility / Unrealistic proposals
626,다수의 공감을 살만한 케이스보다 개개인의 현실과 입장만 반영된 경우가 많음,6,7,7,Many petitions reflect individual realities only,Personal / Selfish petitions,Readability / Communication issues
627,횐경이 시시때때로 변화하여 끊임없는 청원.제도의 변화가 요구되며 이는 제도가 제도를 낳는 현실의 굴레이디. 결국 정답은 없지만 끊임없는 개선의 노력에  쉬임이 없어야 하겠다.,1,13,1|13,Mentions constant changes and need for improvement,Civil servant burden / Institutional constraints,Lack of effectiveness
628,말도 안되는 민원도 올라온다,2,2,2,Mentions unreasonable complaints,Frivolous / Emotional petitions,Frivolous / Emotional petitions
629,진행이어려움,14,9,9,Vague 'progress difficulty' no clear opinion,No opinion / Don't know,Other
632,좀 더 구체적으로 제안을 해야한다,14,12,12,Wants more concrete proposals,Feasibility / Unrealistic proposals,Other
633,"형식적으로 업무를 처리한다는 느낌을 받음.  
가령 저 같은 경우에는 지하철 역사 앞에 담배때문에 민원을 넣은 적이 있는데, 해당 건에 대해 1회 방문 후 그 당시에 담배를 피는 사람이 없다고 답변을 들은 적이 있는데 유동인구가 많은 시간대에 점검을 해야한다고 생각합니다.",1,1,1|3,"Feels formal processing, insufficient inspection feedback",Lack of effectiveness,Lack of effectiveness
634,"본인들이 처한상황에 대한 성토만 하고, 모두를 포괄하는 대책은 내놓지 않고 있음. 
",14,7,1|7,"Complaints focus on personal grievances, no broad solutions",Personal / Selfish petitions,Other
635,처리기한이 조금 늦은 듯 합니다.,4,4,4,Processing time seems slow,Slow processing / Bureaucratic delays,Slow processing / Bureaucratic delays
636,투명성 의심,3,3,3,Doubts transparency,Transparency / Feedback deficiency,Transparency / Feedback deficiency
638,많이 알려지지 않은것 같아요,11,11,11,Lack of awareness or publicity mentioned,Need for more participation / Awareness,Need for more participation / Awareness
639,실현가능성이 희박함,12,12,12,Expresses low feasibility of petitions,Feasibility / Unrealistic proposals,Feasibility / Unrealistic proposals
640,청원을 하여도 결국 공무원 집단이 규정 운운하며 청원을 기각하거나 무시하는 경우 허다함,1,1,1|13,"Petitions ignored by officials, ineffective system",Lack of effectiveness,Lack of effectiveness
641,실현가능성이 높아보이지 않음,12,12,12,Doubts high feasibility of petitions,Feasibility / Unrealistic proposals,Feasibility / Unrealistic proposals
642,없습니다.,9,9,9,No opinion given,No opinion / Don't know,No opinion / Don't know
643,형식적인 시스템 관리,1,1,1,"System described as formalistic, ineffective",Lack of effectiveness,Lack of effectiveness
644,민감한 이슈에 대한 명확한 답이 부족한 현실,14,3,3,"Lack of clear answers, transparency issue",Transparency / Feedback deficiency,Other
645,해결 지연시키지 않고 투명하고  신속하고 공정하게 한다,3,8,3|4|8,"Wants quick, transparent, fair process; positive tone",Positive / Supportive,Transparency / Feedback deficiency
646,정책수반이 용의하지 않을 수 있다,14,13,13,"Political will may be lacking, limiting effectiveness",Civil servant burden / Institutional constraints,Other
647,"많은 공감을 받은 글만 이슈가 되고 다른 제안들은 좋은 의견이 있음에도 불구하고 알려지지 않는 경우가 많다. 
좋은 의견을 발굴 할 수 있는 공무원을 배치하고 대통령실에서 좋은 제안 발 굴 한걸 매달 알릴수 있는 소통채널을 만들면 좋겠다.",8,3,3|11,Lack of feedback and need for better communication,Transparency / Feedback deficiency,Positive / Supportive
648,무분별한 청원 및 민원이 너무 많습니다.,2,2,2,"Complaints about excessive, indiscriminate petitions",Frivolous / Emotional petitions,Frivolous / Emotional petitions
649,생각없음,9,9,9,No opinion expressed,No opinion / Don't know,No opinion / Don't know
650,의미없는것들도 많이 올라옵니다,2,2,2,Many meaningless petitions noted,Frivolous / Emotional petitions,Frivolous / Emotional petitions
651,모든 것을 해결하는 데는 한계가 있다.,2,1,1|13,Acknowledges limits to solving all issues,Lack of effectiveness,Frivolous / Emotional petitions
652,청원에 다수가 동의한다고 해도 실질적으로 실현이 되지 않는 경우가 대부분이기때문에 실현 가능성을 높이기 위한 대안이 필요할 것 같다.,1,1,1|12,Need to improve feasibility of petitions,Lack of effectiveness,Lack of effectiveness
653,지자체 판단에 맡긴다라고 하니 판단 기준이 모호함.,5,5,5,Unclear criteria for local government decisions,Need for filtering / Guidelines,Need for filtering / Guidelines
654,없음,9,9,9,No opinion given,No opinion / Don't know,No opinion / Don't know
656,사회적 동의를 얻어도 정치적 요소가 개입되면 해결 가능성이 희박함,10,1,1|10,Political interference reduces solution chances,Lack of effectiveness,Mob mentality / Opinion manipulation
657,접근성이 너무 좋다. 양식이 없다보니 무분별한 다수의 청원이 쏟아지는 것 같다.,8,2,2|5,Too easy access causes indiscriminate petitions,Frivolous / Emotional petitions,Positive / Supportive
658,실현가능성이 떨어진다,12,12,12,Low feasibility of petitions,Feasibility / Unrealistic proposals,Feasibility / Unrealistic proposals
659,공적인 문제보다 사적인 개인의 문제까지 청원하는것은 국가의  공권력 낭비이다,7,7,7|13,"Petitions focus on personal issues, wasting public power",Personal / Selfish petitions,Personal / Selfish petitions
660,누가 올리는지 알 수 없으며 제안이라면 구체적이고 명확하며 논리적이어야 하는데 넋두리 같은 것도 올릴 수 있다는 점이 문제점으로 보입니다.,3,6,5|6,"Petitions lack logic and clarity, need guidelines",Readability / Communication issues,Transparency / Feedback deficiency
661,문제제기시에 그거에 대한 확실한 답변이나 시정이 될지 그게 문제점 아닐가요,14,3,1|3,No clear feedback or resolution after petitions,Transparency / Feedback deficiency,Other
662,무분별한 청원,2,2,2,Indiscriminate petitions,Frivolous / Emotional petitions,Frivolous / Emotional petitions
663,민원을 올리는 사람은 해당내용에 직접적인 영향을 받는 사람으로 본인의 입장에서 글을 쓰기 때문에 관련 이해관계자에 대한 고려가 부족,7,7,7,"Petitions reflect personal interests, lack stakeholder consideration",Personal / Selfish petitions,Personal / Selfish petitions
664,아마추어적 발상과 억지 주장,2,2,2|6,Amateurish and unreasonable claims in petitions,Frivolous / Emotional petitions,Frivolous / Emotional petitions
665,잘 모르겠다,9,9,9,No opinion expressed,No opinion / Don't know,No opinion / Don't know
666,"민원 해결 자체에만 주력하다보니 형식적, 의례적 답변이 대부분이고, 검토 대상 안건을 발췌하는 것도 쉽지 않음",1,1,1|3|4,"Mostly formal replies, hard to extract issues",Lack of effectiveness,Lack of effectiveness
667,"공적인 문제에 대한 요청보다는 사적인 문제에 대한 요청이 많을 것이라는 생각이 들고, 어느 정도까지 청원 및 민원을 접수해서 그에 따른 답을 내어야 하느냐 하는 점에 대해 어느 정도 한계가 있을 것이라 생각되어 집니다.",2,7,7|13,"Many petitions are personal, with limits on responses",Personal / Selfish petitions,Frivolous / Emotional petitions
668,다가가기 힘들 수 있다는 분위기나 거부감이 생길 수 있다는 단점,14,11,11,"Difficult to approach, causing reluctance",Need for more participation / Awareness,Other
669,공개청원 양식을 6하원칙에 의해서 일목 요연하게 글쓰는 방안을 유도했으면 함. 하고자 하는 이야기를 보는 사람도 편하게 읽기 쉽게 작성해야 하나 개인의 감정풀이 하는듯한 글은 읽는 사람도 짜증나고 답변하는 사람도 스트레스를 받을 수 있음,7,5,5|6,Suggests clear format to improve readability,Need for filtering / Guidelines,Personal / Selfish petitions
670,전문성 결여,14,12,12,Lack of expertise in petitions,Feasibility / Unrealistic proposals,Other
671,무분별한 청원이 남발되어 행정력이 낭비된다.,2,2,2|13,Indiscriminate petitions waste administrative resources,Frivolous / Emotional petitions,Frivolous / Emotional petitions
672,실현 가능성,12,12,12,Concerns about feasibility,Feasibility / Unrealistic proposals,Feasibility / Unrealistic proposals
674,개인적인 공격을 막을 방법은 없다,7,14,14,No way to prevent personal attacks,Other,Personal / Selfish petitions
676,너무 무분별한 제안들이 많다. 공무원분들이 너무 고생하실 것 같다.,2,2,2|13,Too many frivolous petitions burden officials,Frivolous / Emotional petitions,Frivolous / Emotional petitions
677,너무 다양한 의견이 많고 복잡하다.,6,2,2,Too many diverse and complex opinions,Frivolous / Emotional petitions,Readability / Communication issues
679,간혹 개인적인 부분별한 청원이 올라오는 경우가 때때로 보여짐,7,7,7,Occasional personal petitions observed,Personal / Selfish petitions,Personal / Selfish petitions
680,사회적 현안점에 대한 개인간 생각이 다양하다는걸 느끼고 불만 푠현도 서슴지 않고 하는것 같다,7,2,2,Diverse opinions and open complaints,Frivolous / Emotional petitions,Personal / Selfish petitions
681,어느정도 실현가능한가에대한 한계가 보임,12,12,12,Limits on feasibility,Feasibility / Unrealistic proposals,Feasibility / Unrealistic proposals
682,모르겠다,9,9,9,"No opinion, just '모르겠다'",No opinion / Don't know,No opinion / Don't know
683,구체성이  떨이짐.,12,6,6,Lack of concreteness and clarity in expression,Readability / Communication issues,Feasibility / Unrealistic proposals
684,"글로써 표현해야하는 의견에 대한 정확한 의견 전달의 어려움 
글과 함께 녹음 기능을 추가하면 의산 전달에 매우 효과적일 것",6,6,6|11,Difficulty expressing opinions; suggests adding voice feature,Readability / Communication issues,Readability / Communication issues
685,우리나라는 저급한 더불어 민주당국회와 정치보복이 현시점에서 가장 시급한 문제임,10,14,14,Political criticism unrelated to petition system,Other,Mob mentality / Opinion manipulation
686,무차별적이고 무논리적인 주제나 내용이 많음,14,2,2|6,Indiscriminate and illogical petitions,Frivolous / Emotional petitions,Other
687,너무 많을 경우 원활하지 않음,14,1,1,Too many petitions hinder smooth processing,Lack of effectiveness,Other
688,처음의 관심이 끝까지 이어지기 어려움,14,1,1,"Initial interest does not last, implying ineffectiveness",Lack of effectiveness,Other
689,실현가능성이 적을 것 같습니다,12,12,12,Low feasibility of proposals,Feasibility / Unrealistic proposals,Feasibility / Unrealistic proposals
690,"막무가내로 쓴 글로 있었고, 현실적인 상황을 파악하지 못하는 민원, 청원들이 많아 눈 이 찌푸려지기도 하였다.",2,2,2|6,Irritating unrealistic and illogical petitions,Frivolous / Emotional petitions,Frivolous / Emotional petitions
691,홍보가 부족함,11,11,11,Lack of promotion and awareness,Need for more participation / Awareness,Need for more participation / Awareness
692,누구나 할수 있는게 장점이자 단점,14,1,1|2,Open access is both advantage and disadvantage,Lack of effectiveness,Other
693,"그저 문제 제기만 남발하는 형태, 마구잡이 청원",2,2,2,"Excessive problem-raising, indiscriminate petitions",Frivolous / Emotional petitions,Frivolous / Emotional petitions
694,일부 소수의 이익을 대변하는 내용에 동원된 인력이 동의를 표시하며 할루시네이션과 같은 상황을 도출하는 경우를 기피할 수 있는 방안 마련이 필요함,13,7,7|10,Petitions representing minority interests and manipulation,Personal / Selfish petitions,Civil servant burden / Institutional constraints
695,개별 사안으로 처리해야 할 문제들을 무분별하게 청원하지 않도록 청원의 종류와 방법을 점검해야 한다,2,5,2|5,Need to check petition types to prevent indiscriminate petitions,Need for filtering / Guidelines,Frivolous / Emotional petitions
697,일정 인원이상의 수요충족으로 인한 한계점 존재,14,1,1,Limitations due to demand exceeding capacity,Lack of effectiveness,Other
698,공개청원자들의 무분별한 제한,2,5,5,Unjustified restrictions on petitioners,Need for filtering / Guidelines,Frivolous / Emotional petitions
699,쓸데없는 단순 불만사항을 제기하는 사이트로 변질되고 있다는 느낌이 강하게 듦.,2,2,2,Site becoming a place for trivial complaints,Frivolous / Emotional petitions,Frivolous / Emotional petitions
700,무분별한 민원,2,2,2,Indiscriminate civil complaints,Frivolous / Emotional petitions,Frivolous / Emotional petitions
701,들어주나 못믿겠음.,14,1,1,Doubtful if petitions are actually heard,Lack of effectiveness,Other
702,"별다른 문제점이 느껴지지 않습니다.  
한계는 처리속도가 너무 느리고 다방면으로 검토가 되지 않는다는 점입니다. 
청원자의 절실함, 사회에 미치는 영향등을 고려하여 한건한건 소중히 다뤄져야 한다고 생각합니다. 
",9,4,1|4|8,Slow processing but system is valuable and needs careful handling,Slow processing / Bureaucratic delays,No opinion / Don't know
703,자유로운 작성 모드라 무분별한 민원 발생도 올라온다는 점,2,2,2,Mentions indiscriminate petitions causing issues,Frivolous / Emotional petitions,Frivolous / Emotional petitions
704,"일관된 서식이 없어서 중구난방으로 작성이 되고 가독성이 많이 낮아짐, 대책 없이 무작정 이렇게 해주세요라는 글이 생각보다 많이 보임, 피해를 당한 사람들이나 억울한 일을 당한 사람들의 요청글이 정치글이나 대형사고에 관련된 글에 의해 많이 가려짐",5,6,2|5|6,"No format, poor readability, emotional and political petitions",Readability / Communication issues,Need for filtering / Guidelines
705,법에 대한 정확한 접근이 어렵다.,11,12,12,"Difficult legal access, unrealistic proposals",Feasibility / Unrealistic proposals,Need for more participation / Awareness
706,"해결이 되고 있는지 모르겟음 
",14,3,3,Unaware of petition resolution status,Transparency / Feedback deficiency,Other
708,딱히,9,9,9,No opinion expressed,No opinion / Don't know,No opinion / Don't know
710,현실을 따라 가지 못하는 현재의 법령이 가장 큰 문제다.,14,12,12,Laws not keeping up with reality,Feasibility / Unrealistic proposals,Other
711,"청원 처리과정이 해당 행정기관이나 국회로 이송되고 거기서 다시 하부로 내려가는 구조라서 처리기간이 많이 걸리고, 원래의 취지에서 벗어나서 축소되거나 왜곡되는 경우가 흔합니다. 그러니 이들 청원 과정을 최종 시정 지점까지 점검하고 통제할 수 있는 구조가 필요합니다.",13,4,4|13,Slow processing and bureaucratic delays,Slow processing / Bureaucratic delays,Civil servant burden / Institutional constraints
712,"현 상황이나 정책에 대한 이해가 부족한 상태에서, 지극히 본인의 주장만 하고 있는 경우가 많다. 
반대로, 이 상황들을 이해했다고 한들 해당 민원 제도를 해결하는 조직인 정부의 실제 행정 절차가 
지나치게 수직적이라 얼마나 위로 전달되어 해결될까 싶다. 
게다가 정책적인 문제는 국민들의 여론 형성이 가장 중요하다고 보는데, 현 국가의 여론 형성을 위한 
언론 기관들은 정상적이지 못하고 있으므로 더 큰 문제가 아닌가 싶다.",2,7,7|10|13,"Selfish petitions, bureaucratic limits, political manipulation",Personal / Selfish petitions,Frivolous / Emotional petitions
713,"문제점이라기 보다는 좀더 명확한 주제와 그에 따른 구체적 개선방안이 있는 청원도 있지만 무작정 본인의 불편함을 얘기하는 청원도 있는것같습니다 
",1,2,2|12,"Some petitions emotional, some lack concreteness",Frivolous / Emotional petitions,Lack of effectiveness
714,절차가 까다롭다,14,5,5,"Procedures are complicated, need filtering",Need for filtering / Guidelines,Other
715,여론 몰이식의 일방적이고 개인적인 주장은 걸러내야 한다고 봅니다.,7,10,7|10,Mob mentality and personal claims should be filtered,Mob mentality / Opinion manipulation,Personal / Selfish petitions
716,"공개청원 및 민원 제도의 문제점은 전국민의 생각을 반영하기보다는 관심있는 일부 또는 정치인의 유불리에 의해 좌우되는 경향이 매우크다 
공개청원의 심사위원(사회적 전문가로 구성, 정치인 배제)의 심사를 통해 등급을 정하고 등급에 준하는 제도개혁을 장관 또는 국무총리, 대통령이 결정하되 사회적 관심도가 높은사안은 전국민이 알수있도록 매스컴에 홍보와 국민들의 생각을 들을수있는 여론조사를 확대하여 해결하는 방안을 구해야 한다. 
정치인의 생각으로 판단하면 절대로안됨",1,10,5|10|11,"Political manipulation, need expert filtering and more participation",Mob mentality / Opinion manipulation,Lack of effectiveness
718,공개청원을 아무리해도 개선이 안되는게 너무 많아요,1,1,1,Many petitions not leading to improvements,Lack of effectiveness,Lack of effectiveness
719,분위기와 흐름에 영향을 많이 받음,14,10,10,Influenced by mood and trends,Mob mentality / Opinion manipulation,Other
720,너무 무분별하게 청원을 올리는 경우가 많은게 문제인것같음.,2,2,2,Too many indiscriminate petitions,Frivolous / Emotional petitions,Frivolous / Emotional petitions
721,무분별한 개인의 사정을 올리는 글,2,7,2|7,Selfish and indiscriminate personal petitions,Personal / Selfish petitions,Frivolous / Emotional petitions
722,논리적이지 않고 본인의 경험이나 불이익을 개선하는 방향의 청원이 많음,14,6,2|6,"Illogical, experience-based emotional petitions",Readability / Communication issues,Other
723,해결이 쉽지않음,14,1,1,Difficult to resolve issues,Lack of effectiveness,Other
724,진짜 청원을 듣고있는지가 의문이다,1,1,1|3,"Doubt petitions are truly heard, no feedback",Lack of effectiveness,Lack of effectiveness
725,"정치적 목적으로 활용하는 경우.  
형식적인 답변과 불명확한 기준성",10,10,1|3|10,"Political use, formal replies, unclear standards",Mob mentality / Opinion manipulation,Mob mentality / Opinion manipulation
726,없음,9,9,9,"No opinion, blank response",No opinion / Don't know,No opinion / Don't know
728,읽기가 힘듦,6,6,6,Petitions hard to read and understand,Readability / Communication issues,Readability / Communication issues
729,"두서없이 이야기를 하는 사람들이 너무 많고  
정치적인 이야기도 생각보다 너무 많다  
해결책도 두루뭉실인 경우가 많음 
예를 들어 동물학대 건에 대한 국민청원을 넣었고 많은 호응을 얻엇지만 
실제로 달라진게 무엇인가 되묻고싶음",2,1,1|2,"Many vague, political, ineffective petitions",Lack of effectiveness,Frivolous / Emotional petitions
731,"너무 무제한적인 제안들이 난무하기때문에 
제대로된 제안인지 체크하는것이 불가능하다.",2,5,5,Need to check and filter proposals,Need for filtering / Guidelines,Frivolous / Emotional petitions
732,형식적인 답변이 아닌 분석하고 해결책을 제시하는 답변을 요구합니다.,1,1,1,"Demand for substantive, solution-oriented responses",Lack of effectiveness,Lack of effectiveness
733,감정에 치우친 무분별한 청원,2,2,2,Emotional and indiscriminate petitions,Frivolous / Emotional petitions,Frivolous / Emotional petitions
734,100 프로 충족되지는 못한다,14,8,8,System somewhat feasible and works,Positive / Supportive,Other
735,실행 가능성인것같다,14,12,2|12,Unrealistic and indiscriminate petitions,Feasibility / Unrealistic proposals,Other
736,무분별한 청원 및 실현가능성 희박청원도 제기,2,2,2,Indiscriminate overuse of petitions,Frivolous / Emotional petitions,Frivolous / Emotional petitions
738,무분별하게 남용되고 있음,2,2,2|13,Excessive petitions waste administrative resources,Frivolous / Emotional petitions,Frivolous / Emotional petitions
739,공개청원 난발로 행정력낭비 악의적인 민원청원을 이용하는  단점을보인다,13,7,7,Petitions are biased and lack public consensus,Personal / Selfish petitions,Civil servant burden / Institutional constraints
740,사람마다 체감하는 느낌은 다른데 공감이 떨어지는 부분이 많아요.,14,7,2|7,Biased and repetitive petitions,Personal / Selfish petitions,Other
742,자신에게 불함리하다는 것만 올리게 되니깐 편향적일 수 있고 무분별하게 비슷한 내용이 올라온다.,2,6,6,Many poorly written petitions,Readability / Communication issues,Frivolous / Emotional petitions
744,글을 참 못쓰는 사람들이 많다...,14,11,5|11,"Difficult to find and support petitions, needs awareness",Need for more participation / Awareness,Other
746,자기가 인식하고 있는 문제들을 더 많은 사람들과 함께 인식하고  개선하기 위해 쓰는 공개 청원 민원제도는 민원청구 사안에 동의하는 사람들이 많을 수록 정책당국이 이를 개선하는 순서로 정할텐데 청원싸이이트에 국민 개개인이 들어가서 자신이 공감하는 청원을 찾아보고 동의를 얻어내는 과정 여기까지 가기가 쉽지않아 보인다.,1,7,7,Petitions reflect personal opinions more than public good,Personal / Selfish petitions,Lack of effectiveness
747,다수의 문제점을 공론하기보다는 개인의 생각이 많이 드러나 있어 봅니다,14,12,12,Many unrealistic petitions,Feasibility / Unrealistic proposals,Other
748,현실성 없는 청원 및 민원이 너무 많음.,12,1,1,Effectiveness is a problem,Lack of effectiveness,Feasibility / Unrealistic proposals
752,실효성이문제다,1,1,1,Difficult to solve low-issue petitions,Lack of effectiveness,Lack of effectiveness
753,이슈가 적거나 안되는 일에 대해서는 해결하기 어렵다,14,4,1|4,Slow response and low effectiveness,Slow processing / Bureaucratic delays,Other
754,답변을 받기까지가 너무 오랜 시간이 소요되는데다 긍정적인 답변을 거의 받을 수 없음,8,14,14,parse-miss,Other,Positive / Supportive
755,없어요,9,9,9,"No opinion, just '없어요'",No opinion / Don't know,No opinion / Don't know
756,언론에 청원결과를 알려주셨으면 함,11,3,3,Wants petition results to be disclosed to media (transparency),Transparency / Feedback deficiency,Need for more participation / Awareness
757,먼저 신속한 답변이 필요하고 그에따른 투명한 과정 및 결과가 반영되는 것을 확인할 수 있어야함,3,4,3|4,Needs quick response and transparent process,Slow processing / Bureaucratic delays,Transparency / Feedback deficiency
758,다수으 의견이라고 생각되기 보다 소수의 의견이 아닐까 생각되는 부분도 있음,14,7,7,"Doubts majority opinion, implies selfish petitions",Personal / Selfish petitions,Other
760,접근방식이 어렵다,11,6,6,Says approach is difficult to understand/use,Readability / Communication issues,Need for more participation / Awareness
761,"빠른 사회다 보니 느린 제안이나 의견은 묵살되는 사회같다 
느림의 미학을 생각해 보기를.... 
언제나 보여주기 의견보다는 실질적인 경험으로 의견이 조율 되기를 .......",1,4,1|4,"Slow responses, wants real experience over show",Slow processing / Bureaucratic delays,Lack of effectiveness
762,민원제도를 개선하는게시급,14,14,14,"Suggests improving complaint system, no other category fits",Other,Other
763,무분별한 민원이 많은거 같고 현실가능성이 없는 안건 들이 있는거 같습니다.,2,2,2|12,"Many frivolous petitions, some unrealistic",Frivolous / Emotional petitions,Frivolous / Emotional petitions
764,무분별한 청원 및 민원이 많고 충분히 좋은 문제 제기 이지만 그에 대한 세부적인 요청(개선방안)이 미비한 경우가 많다.,8,2,2|12,"Many frivolous petitions, lack detailed improvement plans",Frivolous / Emotional petitions,Positive / Supportive
765,개인적인 민원을 해결하는 장으로 활용되는 경우가 있어 아쉽다,7,7,7,"Used for personal complaints, selfish petitions",Personal / Selfish petitions,Personal / Selfish petitions
766,말도 안되는 억지 주장 부리기가 많다,2,2,2,"Many unreasonable, baseless claims",Frivolous / Emotional petitions,Frivolous / Emotional petitions
767,누구나 글을 작성할 수 있음,14,5,5,"Anyone can write, implies need for filtering",Need for filtering / Guidelines,Other
768,"글의 논리가 맞지 않고, 근거 제시가 분명치 않은 경우가 있음",14,6,6,Poor logic and unclear evidence in petitions,Readability / Communication issues,Other
769,무분별한 등재,2,2,2|5,Frivolous petitions and indiscriminate posting,Frivolous / Emotional petitions,Frivolous / Emotional petitions
770,너무 무분별한 민원을 올리는거 같습니다.,2,2,2,Too many frivolous petitions,Frivolous / Emotional petitions,Frivolous / Emotional petitions
771,"개인적인부분이아닌 사회전반적인 공통의 문제를 청원하는걸로 해야함. 
청원 동의 추천수를 기준으로 청원오픈여부 판단",7,7,5|7,"Petitions should be public interest, filtered by support",Personal / Selfish petitions,Personal / Selfish petitions
772,제대로 된 답변을 하는지 의문이다,1,1,1,Doubts if proper answers are given,Lack of effectiveness,Lack of effectiveness
773,없음,9,9,9,"No opinion, '없음'",No opinion / Don't know,No opinion / Don't know
774,자신에게 이득이 될만한 이야기만 한다,14,7,7,Only self-beneficial petitions,Personal / Selfish petitions,Other
775,별로 없음,9,9,9,No particular opinion,No opinion / Don't know,No opinion / Don't know
778,"사회적 이익과 발전을 위한 민원도 많지만 가끔 개인의 이익과 관련된 청원이 올라와 곤란함 
불만과 민원을 제기하면 그에 대해 충분히 생각하고 찾아보고 구체적으로 해결 방안과 가져올 효과들에 대해 명확하게 올려야 하는데, 단순 불만 제기, 문제 제기만 하는 청원들이 있음",7,7,5|7,Mentions personal/selfish petitions and unclear expression,Personal / Selfish petitions,Personal / Selfish petitions
779,시간이 많이 걸린다.,4,4,4,Mentions slow processing and long time,Slow processing / Bureaucratic delays,Slow processing / Bureaucratic delays
780,없음,9,9,9,No opinion given,No opinion / Don't know,No opinion / Don't know
781,지극히 개인적인 것도 민원할수있다는것이 아쉽다,7,7,7,Mentions personal petitions as a problem,Personal / Selfish petitions,Personal / Selfish petitions
782,지나치게 개인적이고 미시적인 문제를 청원함,2,7,7,Mentions overly personal and minor petitions,Personal / Selfish petitions,Frivolous / Emotional petitions
783,"글이 두서 없거나 이해하기 힘든 문장들이 많은 경우가 있고, 현실성과 거리가 먼 경우도 있습니다.",12,6,6|12,Mentions poor readability and unrealistic content,Readability / Communication issues,Feasibility / Unrealistic proposals
784,"제대로 된 해결책이 나오지 않는점 
",1,1,1,"Mentions no proper solutions, ineffective system",Lack of effectiveness,Lack of effectiveness
785,비논리적 주장이나 개인주의적 취향에 의한 청원이 많아서 업무처리에 어려움,13,7,6|7|13,"Mentions illogical, personal petitions and work difficulty",Personal / Selfish petitions,Civil servant burden / Institutional constraints
786,"1. 주무관청의 소극행정 문제 
2. 국민 정책제안에 대한 주무관청과 구성원들의 중요성 인식 개선 
3. 국민들의 눈높이에 맞춤형 정부정책 개선 및 변화 필요 
마지막으로 모든 공적 구성원들이 국민들의 소리에 귀를 귀울여야 하는 당위성 및 책임감 인식이 중요",13,13,1|11|13,Mentions administrative issues and need for change,Civil servant burden / Institutional constraints,Civil servant burden / Institutional constraints
787,기존에 시행되고 있는 제도를 바꾸기가 쉽지않다,14,13,13,Mentions difficulty changing existing system,Civil servant burden / Institutional constraints,Other
788,접근성이 부족하다,11,11,11,Mentions lack of accessibility,Need for more participation / Awareness,Need for more participation / Awareness
789,없음,9,9,9,No opinion given,No opinion / Don't know,No opinion / Don't know
790,없다,9,9,9,No opinion given,No opinion / Don't know,No opinion / Don't know
792,소나 개나 본인이 느낀 불편함을 모두 청원에 올리는 일부 극성 민원인들이 문제인 것 같습니다. 국민 대부분이 혹은 많은 분들이 공통으로 공감할 수 있는 공통된 문제점이나 누구나 다 알고는 있는 불편 사항의 개선점을 아이디어로 제공하면 좋을텐데요... 그나저나 이런 청원이 무슨 효과가 있나 모르겠네요. 정부나 대통령이 본인의 입맛에 맞는 의견들만 청취 반영하는게 청원의 보통 결론 아니었나요? 결국은 여론 무마용 요식행위 같던데요?,6,7,1|7|10,"Mentions selfish petitions, ineffectiveness, and manipulation",Personal / Selfish petitions,Readability / Communication issues
794,일반인이 써서 글 내용도 애매하고 해결책도 별로다.,1,6,6,Mentions unclear writing and poor solutions,Readability / Communication issues,Lack of effectiveness
795,무분별한 청원 및 민원,2,2,2,Mentions indiscriminate petitions,Frivolous / Emotional petitions,Frivolous / Emotional petitions
796,없음,9,9,9,No opinion given,No opinion / Don't know,No opinion / Don't know
798,"공개 청원을 하는 대상자 들 이 대체적으로  사회적 약자이거나 경제적으로 약자 인 것이  보편적 일거라 생각됩니다. 
전문적 지식이 부족하고 이에 따른 청원 방식이나 순서, 절차, 정확한 지식이 없음으로서  민원을 형식과 제안 제도에 서툴다고 생각되므로  
좀 더 일반인들이 청원하고 민원을 내는데 수월한 제도적 제안 방식을 보편화하고 청원과 민원을 받는 기관이나 정부에서 더욱 국민들 입장에서 
받아 주셨으면 합니다.",3,5,5|6|11,Mentions need for better guidelines and accessibility,Need for filtering / Guidelines,Transparency / Feedback deficiency
799,정책은 복잡해서 잘 모르겠다,6,9,9,"No clear opinion, unsure about policy",No opinion / Don't know,Readability / Communication issues
800,홍보가 더 되어야 할 것 같습니다,11,11,11,Mentions need for more promotion,Need for more participation / Awareness,Need for more participation / Awareness
801,문제점과 해결방안 기대효과등을 구체적으로 명시되지 않고 문제점만 나열,1,6,6,Lists problems without clear communication or solutions,Readability / Communication issues,Lack of effectiveness
802,"불만이 많구나,, 사회가 불안정하구나.. 나라 정책들이 뒷북을 많이 치구나, 철밥통 고위직 공무원들이 일을 안하는구나",13,1,1|13,Doubts effectiveness; officials not working well,Lack of effectiveness,Civil servant burden / Institutional constraints
803,무분별한 청원 및 민원 제기,2,2,2,Mentions indiscriminate petitions,Frivolous / Emotional petitions,Frivolous / Emotional petitions
804,민원처리에대한 정확성이 필요하다,14,1,1,Calls for accuracy in petition handling,Lack of effectiveness,Other
805,없음,9,9,9,No opinion given,No opinion / Don't know,No opinion / Don't know
806,민원에 대한 해결의지,14,8,8,Mentions willingness to solve petitions positively,Positive / Supportive,Other
807,감정적으로만 대하는 사람들과 일방적요구를 원한느 사람들,2,2,2,Mentions emotional and one-sided demands,Frivolous / Emotional petitions,Frivolous / Emotional petitions
808,진지하게 검토하지 않고 단순민원 정도로 다루는 공무원들의 의식,13,1,1|13,Officials do not seriously review petitions,Lack of effectiveness,Civil servant burden / Institutional constraints
809,무분별한 청원에 대한 한계점은 없다고생각 하는점,2,8,8,No limits on indiscriminate petitions seen as positive,Positive / Supportive,Frivolous / Emotional petitions
810,너무 개인적인 민원은 공개 청원에서 빼고 사회적인 문제에 관해서 다루어야 한다고 생각합니다.,7,7,7,Suggests removing personal petitions,Personal / Selfish petitions,Personal / Selfish petitions
811,사회전반적으로 필요한 사항을 이야기하기 보단 개인이 느꼈던 불편함을 징징거리는 수준으로 논리는 하나도 없이 끄적이고 있음,7,6,6|7,"Petitions lack logic, are personal complaints",Readability / Communication issues,Personal / Selfish petitions
813,"특정 정파, 이념 계층에서 일방적인 민원 제기가 많음",10,10,10,"Mentions partisan, ideological petition abuse",Mob mentality / Opinion manipulation,Mob mentality / Opinion manipulation
814,"호소를 통하여 공감과 기대효과를 끌어내는 것이 아니라 개인의 하소연 등으로 청원이 이루어지는 경우들이 있으며, 중복되는 내용의 청원도 다수임.",6,2,2,Petitions are personal complaints and duplicates,Frivolous / Emotional petitions,Readability / Communication issues
815,모름,9,9,9,No opinion given,No opinion / Don't know,No opinion / Don't know
816,"전문성이 떨어지고 현실적이지 않은 제안이 많이 있는것 같다. 
반면에 전동퀵보드 제한처럼 사회적으로 필요해보이는 조치임에도 불구하고 청원자의 능력에 따라 제안의 전문성이 낮아보여 채택이 되지 않을 수 있는 부분도 있는 것 같다",12,12,7|12,Unrealistic proposals; personal ability affects adoption,Feasibility / Unrealistic proposals,Feasibility / Unrealistic proposals
817,"감정적이고 논리적이지 않은 글쓰기, 말도 안되는 제안",2,2,2|12,"Emotional, illogical, unrealistic proposals",Frivolous / Emotional petitions,Frivolous / Emotional petitions
818,"이슈나 불만에 대해 현상 정도만 기재하고 방법론 또는 제도나 법의 방향에 대해서는 정부에서 검토하고 발표하는 것이 맞다고 봅니다. 
앞서 확인한 몇몇 제안들은 제안자가 이슈, 원인, 대안까지 다 내놓는 경우가 있어서 이건 아니다 싶은게 보였어요. 
반면에 작문실력이 뛰어나지 못하거나, 타인에 비해 학력이 떨어지는 국민의 제안은 아무래도 퀄리티가 떨어질 수 있으나 이 제안이 절실하고 급할수도 있습니다. 가능하다면 제안을 한 국민과 대면소통을 통해 구체적인 이슈가 무엇인지를 정부당국에서 파악해 주셨으면 합니다. 
얼마전 대선 선거운동기간에 이재명 당시 후보께서 대구였던가요? 유세현장에 찾아온 국민들이 부동산 문제로 도와달라고 하자, 직접 들어보시고 1차적인 해결책을 제시하셨으며, 당에서 챙겨보겠다라는 말씀을 주셨습니다. 이런식으로 청원 제안자와 마주보고 글로 다 하지 못한 이야기를 직접 들어주시는 자리가 주기적으로 마련되면 어떨까라는 생각이 듭니다.",1,6,6|11,Poor writing; suggests more participation and communication,Readability / Communication issues,Lack of effectiveness
819,없음,9,9,9,No opinion given,No opinion / Don't know,No opinion / Don't know
820,모르겠음,9,9,9,No opinion given,No opinion / Don't know,No opinion / Don't know
821,일반 국민들이 느낄때 전혀 이해할수 없는 민원이 많은거 같습니다.부분별한 청원은 자제나차단이 필요합니다..특히 갈라치기는 경계가 필요합니다,14,2,2|5|10,Many unreasonable petitions; need filtering; partisan issues,Frivolous / Emotional petitions,Other
822,신뢰도가 떨어집니다.,14,1,1,Lack of trust implies doubts about effectiveness,Lack of effectiveness,Other
823,청원을 올리는 각 개인및 단체는 불만토로 또는 이기주의적 생각이 많음으로 모든 걸 다 대응할 수가 없는 한계를 느낍니다,7,7,7|13,Petitions are selfish; system has limits handling all,Personal / Selfish petitions,Personal / Selfish petitions
824,공개청원을 모르는 사람도 많으니 그런 제도가 있다는 홍보가 중요하다,11,11,11,Need for more awareness and promotion,Need for more participation / Awareness,Need for more participation / Awareness
825,"회사나 개인이 해결할 수 있는 문제도 있어, 정책을 반영되기 어려운 과제들이 많은거 같다",14,12,1|12,Unrealistic proposals hard to reflect in policy,Feasibility / Unrealistic proposals,Other
827,"별거 아닌 사적인 일로도 청원이나 민원을 제기함 
",7,7,7,Petitions for trivial personal issues,Personal / Selfish petitions,Personal / Selfish petitions
828,인터넷 커뮤니티처럼 실없는 글을 올리는 사람들이 많음,14,2,2,"Many frivolous, meaningless posts",Frivolous / Emotional petitions,Other
829,성향이 극단적이다,14,2,2,"Extreme, emotional tendencies",Frivolous / Emotional petitions,Other
830,아무리 민원을 넣어도 별로 개선되지 않음,14,1,1,No improvement despite petitions,Lack of effectiveness,Other
831,특별히 없음,9,9,9,No particular opinion,No opinion / Don't know,No opinion / Don't know
832,제안을 받았으면 면밀히 검토해서 실행을 해야한다.,14,8,8,Supportive of careful review and execution,Positive / Supportive,Other
833,없음.,9,9,9,No opinion,No opinion / Don't know,No opinion / Don't know
834,아무런 제약없이 누구나 올릴수있음,14,5,5,No restrictions on who can post,Need for filtering / Guidelines,Other
835,근거 부족한 민원 많아  효율성 떨어짐,6,6,1|6,Lack of evidence reduces efficiency,Readability / Communication issues,Readability / Communication issues
837,글쓴이의 글 솜씨에 따라 공감정도가 차이가 난다,6,6,6,Writing skill affects empathy and understanding,Readability / Communication issues,Readability / Communication issues
838,해결이 안된다,1,1,1,"Issues remain unresolved, implying ineffectiveness",Lack of effectiveness,Lack of effectiveness
839,주장하는 바가 항상 옳지는 않다,14,6,6,"Claims not always correct, implying weak logic",Readability / Communication issues,Other
840,이기적인 느낌이 드는 부분도 있고 전달적인 한계도 있는거 같습니다.,7,7,6|7,Selfishness and communication limits noted,Personal / Selfish petitions,Personal / Selfish petitions
841,비밀보장의 어려움,14,14,14,Concern about confidentiality not covered in codes,Other,Other
842,좀더 구체적이고 보는 사람들이 공감을 하도록 작성되어야,14,6,6|11,"Need clearer, more relatable petitions",Readability / Communication issues,Other
843,민원 제기자 한 사람의 일방적 주장,14,7,6|7,One-sided personal claims,Personal / Selfish petitions,Other
844,엾음,14,9,9,"No opinion, just '없음' (none)",No opinion / Don't know,Other
845,청원 을 해도 정책대로 시행이 않되고 있음 . 청원을 해도 아무런 시정이 없음 . 거대 힘 을 가진 정당 때문에 .,14,1,1,"Petitions not reflected in policy, no correction",Lack of effectiveness,Other
846,"투명하지 못하고, 특정 정치성향에 대해 편중되어 있는 느낌이다. 한마디로 공정하지 못하다.",1,10,10,Perceived political bias and unfairness,Mob mentality / Opinion manipulation,Lack of effectiveness
847,"근로자는 노동부나 이런곳에서 부당 대우에 대한 해결을 할 수 있지만...그 외 반프리, 프리, 특고직들은 부당 대우에 대해 해결할 수 없다. 
관련이 있다 싶은 공공기관에 해결을 요청하면 서로 자기들 소관이 아니라고 핑퐁치기 바빠...피해자들이 질려 떨어지기를 바라는것 같음 
내 이재명을 지지하지는 않지만...서로 핑퐁만 치고 적극적으로 문제를 해결하려하지 않는 공무원들은 파면을 고려할 정도로 제재를 해야 한다고 생각한다.",13,13,13,Institutional constraints and bureaucratic ping-pong,Civil servant burden / Institutional constraints,Civil servant burden / Institutional constraints
848,단순 불편 토로를 넘어서 좀 더 논리적인 제안 등이 필요해 보입니다. 무조건 적인 민원 보다는 좀 더 논리적이고 실현 가능한 청원 및 민원에 대한 지원이 필요해 보입니다.,12,12,6|12,"Need logical, feasible proposals, not just complaints",Feasibility / Unrealistic proposals,Feasibility / Unrealistic proposals
849,청원 민원이 제기 됐을 때 과연 얼마나 반영이 될까 하는 의구심이라 생각되네요,14,1,1,Doubt petitions are reflected,Lack of effectiveness,Other
850,공개 청원에 대한 이해의 부족과 실천이 잘 안될 것 같은 생각이 듭니다.,3,9,9,"Lack of understanding, no clear opinion",No opinion / Don't know,Transparency / Feedback deficiency
851,단지 신문고로서의 기능을 하는 정도로 보임.,14,8,8,"System functions as a grievance box, positive view",Positive / Supportive,Other
853,홍보 부족으로 차여도가 낮음,11,11,11,Lack of promotion reduces participation,Need for more participation / Awareness,Need for more participation / Awareness
854,참 좋은 제도입니다...,8,8,8,"Positive, good system",Positive / Supportive,Positive / Supportive
855,잘모르겠다.,9,9,9,Don't know,No opinion / Don't know,No opinion / Don't know
856,실효성 있는 답변이  아니고 형식적이란 생각이 많이 듬.,1,1,1,"Responses are formal, not effective",Lack of effectiveness,Lack of effectiveness
858,국민들에게 홍보를 하여 민원 제도가 더 활성화 되면 좋겠어요,11,11,11,Wants more promotion and activation,Need for more participation / Awareness,Need for more participation / Awareness
859,공개청원을  너무 남용하는  경우도 허다하다,2,2,2,"Excessive, abusive use of petitions",Frivolous / Emotional petitions,Frivolous / Emotional petitions
860,정책을 담당하는 인원이 아니다 보니 주장이 주관적으로 생각하는 경향이 강함. 본인의 이익을 위해서 주장하는 경우가 대다수 인거 같아서 국민 전체의 생각을 대변해주지 못하고 있다고 느낌.,1,7,7|10,"Selfish claims, not representing public opinion",Personal / Selfish petitions,Lack of effectiveness
861,제안 내용 현실화,14,12,12,Need to realize proposals,Feasibility / Unrealistic proposals,Other
862,없음,9,9,9,"No opinion, '없음'",No opinion / Don't know,No opinion / Don't know
863,"개인간, 일부세대에 해당하는 부분별 정책사항까지 청원하는 경우가 생기기는 하나 쉽게 해결할 수 있는 사항까지 자율에 맡기는 정책에 청원하는 것은 타당하지 않다고 생각됩니다. 일부 개인적인 민원에 해당되는 항목들을 선별하는 AI프로그램시스템이 진행되기를 희망합니다. 
 그리고 사회문제중 국민의 권리나 안전을 위협하는 사안은 우선적으로 해결해나가는 시스템이 실행되기를 원합니다. 
 각자어느 분야마다 중요하지 않은 사안은 없다고 생각되나 기본적인 생존시스템과 사회정책은  중요사안을 엄중하게 보고 진행해주시길 바랍니다. 감사합니다.",8,5,5|7,Need filtering; some petitions are personal,Need for filtering / Guidelines,Positive / Supportive
864,실효성이 없는거 같음.그냥 별 관심들 없는듯 싶네요,1,1,1,"No effectiveness, lack of interest",Lack of effectiveness,Lack of effectiveness
865,"일반 민원이나 문의 사항까지 올라옴. 
공익의 목적이 아닌 개인의 억울함 하소연..",7,7,2|7,"Personal complaints, not public interest",Personal / Selfish petitions,Personal / Selfish petitions
866,너무나 다양한 민원에서 오는 쓸데 없는 사항들이 있음,14,2,2,"Complaints about unnecessary, frivolous petitions",Frivolous / Emotional petitions,Other
867,모든 사람의 편을 다 들어준다는게 어려운 것 같습니다.,14,7,7,Difficult to satisfy all personal interests,Personal / Selfish petitions,Other
868,글쓴이들은 해당 이슈에 대해 너무 많은 보상을 원한다.,2,7,7,Petitioners want excessive personal compensation,Personal / Selfish petitions,Frivolous / Emotional petitions
869,투명하고 공정한 처리 및 처리 과정을 알기 힘듬.,3,3,3,Difficult to know process and transparency,Transparency / Feedback deficiency,Transparency / Feedback deficiency
871,"무분별한 청원 남발.  
",2,2,2,Indiscriminate petition flooding,Frivolous / Emotional petitions,Frivolous / Emotional petitions
873,무분별한 청원으로 인한 문제의 심각성 저하,2,2,2,Indiscriminate petitions reduce seriousness,Frivolous / Emotional petitions,Frivolous / Emotional petitions
874,t세금을 많이낼듯합니다,14,14,14,"Unclear comment about taxes, no clear category",Other,Other
877,"개인적인 불만이나 불평을 올리면서 감정에 호소하는 부분을 걸렀으면 좋겠고 
무턱대고 싫다 해달라고 떼쓰는 글에는 제지를 해야한다고 생각함",2,2,2|5,Emotional petitions and need for filtering,Frivolous / Emotional petitions,Frivolous / Emotional petitions
878,"내용이 전혀 일관성이 없거나 자기 주장만 내세우는 청원, 민원 수가 많다.",14,2,2|6,Incoherent petitions and excessive number,Frivolous / Emotional petitions,Other
879,없음,9,9,9,No opinion,No opinion / Don't know,No opinion / Don't know
880,개개인의 주관적 민원이라 좀더 사회에 도움이 되는 청원이나 민원이었으면 좋겠습니다,14,7,7,"Personal subjective petitions, want public benefit",Personal / Selfish petitions,Other
881,없음,9,9,9,No opinion,No opinion / Don't know,No opinion / Don't know
883,공공의 이익이 아닌 개인의 이득을 위한 공개청원 및 민원사항이 많아 불필요한 행정력이 낭비되고 있다고 생각함,13,7,7|13,Personal gain petitions waste administrative resources,Personal / Selfish petitions,Civil servant burden / Institutional constraints
884,"개인적인 의견을 공론화할 수 있지만, 다수와의 합의가 되지 않는 경우가 많을거 같다",7,7,7,Personal opinions often lack consensus,Personal / Selfish petitions,Personal / Selfish petitions
885,"현황에 대한 구체적인 정보가 없이 본인이 처한 상황만 호소 
이를 통해 현실적으로 해결되기 보단 자신의 개인적인 이득을 위한 내용을 주장하고 있음 
",7,7,3|7,"Personal appeals without info, unrealistic claims",Personal / Selfish petitions,Personal / Selfish petitions
886,"개인선택으로 인한 손해에 대한 국가차원의 보상을 요구가 대부분, 국민성 부족",14,7,7,Mostly personal loss compensation demands,Personal / Selfish petitions,Other
887,개선방향에 사견이 일부 있는 것으로 이에 대해서는 자신의 저치와 상황을 밝히는 것도 중요 함,14,14,14,"Opinion on improvement direction, no clear category",Other,Other
888,저출산 문제가 가장 크고 결혼을 하지않는게 가장큰 문제입니다.,14,14,14,"Specific social issue, not about petition system",Other,Other
890,실현가능성과 정보부족,12,12,3|12,Unrealistic proposals and lack of information,Feasibility / Unrealistic proposals,Feasibility / Unrealistic proposals
891,조속한 조치 불가,14,4,4,Slow or impossible prompt action,Slow processing / Bureaucratic delays,Other
893,특정 단체나 이익 집단의 담합,14,10,10,Collusion by interest groups implies manipulation,Mob mentality / Opinion manipulation,Other
894,건의사항 제대로 반영안됨,1,1,1,Suggestions not properly reflected indicates ineffectiveness,Lack of effectiveness,Lack of effectiveness
895,민원이 자기위주의 개인적인 경향이 있음.,7,7,7,Petitions are self-centered,Personal / Selfish petitions,Personal / Selfish petitions
897,집권당에 따라 일관성이 없고 좌지우지 되는 점,14,10,10,Inconsistency by ruling party implies political manipulation,Mob mentality / Opinion manipulation,Other
898,없음,9,9,9,No opinion given,No opinion / Don't know,No opinion / Don't know
899,보여주기식의 처리,1,1,1,Showcase processing implies ineffectiveness,Lack of effectiveness,Lack of effectiveness
900,좋은 제도이나 변별력이 떨어지는 글들이 많아 확인하는 쪽에서 업무가 과중 될거 같다. 양식을 정해 놓고 위배되는 글들은 우선 필터링 되는게 좋겠다고 생각한다.,8,5,5|13,Need filtering and concern about workload,Need for filtering / Guidelines,Positive / Supportive
901,"너무 개인적인 문제에 국한되어 문제 제기가 되는것 같습니다. 
중대한 문제점에 대해 개선방안 및 기대효과 등에 골고루 뒷받침 될만한 내용이 부족해보입니다 
실현가능성이 적어보이며, 추진되야 할 뒷받침 될만한 내용들이 불충분해보이고,  
범용적인 대안들이 별로 없어 보입니다.",7,7,7|12,Personal issues and unrealistic proposals,Personal / Selfish petitions,Personal / Selfish petitions
902,"공개청원 및 민원제도에 현실적이고 적절한 방안이 있지만, 현실적으로 바로 해결이 되지 않는것 같다.",1,1,1,Realistic but unresolved issues imply ineffectiveness,Lack of effectiveness,Lack of effectiveness
903,글로 잘 표현해야 반응을 얻을 수 있다.,14,6,6,Need good expression to get response,Readability / Communication issues,Other
904,없음,9,9,9,No opinion given,No opinion / Don't know,No opinion / Don't know
906,개인의 불편사항을 민원을 통해 해결하려는 사람들이 늘어날 것 같습니다.,7,7,7,Petitions focus on personal inconvenience,Personal / Selfish petitions,Personal / Selfish petitions
907,무분별한 청원 등록,2,2,2,Indiscriminate petition registration,Frivolous / Emotional petitions,Frivolous / Emotional petitions
908,너무 무분별하게 청원을 하는걸 막는 방법이 있어야 할꺼 같음,2,2,2|5,Need to stop indiscriminate petitions,Frivolous / Emotional petitions,Frivolous / Emotional petitions
909,두리뭉실한 답변,14,14,14,Vague answer fits none,Other,Other
910,"감정에 호소하는 쓸데없는 글이 너무 많아짐. 진짜 필요한 영역에 개선점에 대해 제안하고 그게 실제로 구체화되어 실현되도록 만드는 첫 걸음인 곳인데 그냥 내가 당장 불편하니 나 불편한 것을 알아줘, 라는 식의 글이 너무 많아서 피로함",2,2,1|2,Emotional petitions cause fatigue,Frivolous / Emotional petitions,Frivolous / Emotional petitions
912,"민원에 확실한 답변을 하지 않고 있다 
자세한 답변은  해당부처에 문의 하라는 답변 
잘못된 규제는 즉각 폐지해야 한다",14,3,1|3,"No clear answers, ineffective feedback",Transparency / Feedback deficiency,Other
913,사람 모으는거 힘듦,14,11,11,Difficulty gathering participants,Need for more participation / Awareness,Other
914,공개청원이 정당하고 필요한 경우도 있지만 이기적 편향적인 경우도 있음,7,7,7|10,Some petitions are selfish and biased,Personal / Selfish petitions,Personal / Selfish petitions
915,잘 알려지지 않은것 같다,11,11,11,Lack of awareness,Need for more participation / Awareness,Need for more participation / Awareness
916,단지 한 가지만 해결한다고 될 수 있는 문제들이 아닌 경우가 많습니다.,14,1,1,"Problems often complex, not solved by one petition",Lack of effectiveness,Other
917,글자체가 매끄럽지 않고 설득하려고하는 의견들이 타당하지 않거나 얼토당토 않은 내용들이 많다,2,6,6,Poor writing and unconvincing opinions,Readability / Communication issues,Frivolous / Emotional petitions
918,억지가 너무많음 지들 하고싶은말을 아무렇지않게 끄적임,2,2,2,"Too many unreasonable, emotional complaints",Frivolous / Emotional petitions,Frivolous / Emotional petitions
920,모르겠다,9,9,9,"Expresses no opinion, '모르겠다'",No opinion / Don't know,No opinion / Don't know
922,본인 위주의 관점이다.,7,7,7,Self-centered perspective noted,Personal / Selfish petitions,Personal / Selfish petitions
923,개인적 이익을 위해 올리기도 하는 점,7,7,7,Petitions for personal benefit,Personal / Selfish petitions,Personal / Selfish petitions
924,각제도에 제안을 하지만 정부에서 확인 후 단계별 세부 실행계획에 대해 공유하고 추진하는 부분이 부족함. 단기성 계획이 대부분임,14,3,3,Lack of feedback and follow-up on plans,Transparency / Feedback deficiency,Other
927,"글쓴이에 따라 내용이 제대로 전달이 되지 않습니다. 
무분별한 청원을 방지 하기 위해서라도 어느정도의 자료나 데이터를  첨부하도록 해야 하는것도 필요합니다.",2,6,5|6,Poor communication; suggests data attachment and filtering,Readability / Communication issues,Frivolous / Emotional petitions
928,개인의 불편함을 해소하기위한 민원제기,7,7,7,Petitions address personal inconvenience,Personal / Selfish petitions,Personal / Selfish petitions
929,무분별하게 올라오는 청원도 많고 실현 가능하고 타당성 있는 청원은 도입 검토가 충분히 있어 보인다.,2,2,1|2,Many frivolous petitions but some feasible ones considered,Frivolous / Emotional petitions,Frivolous / Emotional petitions
930,별 것 아닌 것도 청원에 올라온다,14,2,2,Trivial matters also petitioned,Frivolous / Emotional petitions,Other
931,"뒷 받침 되는 근거가 없고, 나열식이라 문제점이 잘 들어오지 않고 해당 되거나 관심있는 내용이 아니면 판단력이 떨어짐",6,6,6,Lack of evidence and poor problem presentation,Readability / Communication issues,Readability / Communication issues
933,"특정사안, 특정계층에만 도움이 되는 것 같음.",14,7,7,Helps only specific groups,Personal / Selfish petitions,Other
934,해결 방안에 대한 부분이 추상적이거나 현실성이 부족한 부분들이 많은 점,1,12,12,Solutions are abstract and unrealistic,Feasibility / Unrealistic proposals,Lack of effectiveness
935,없습니다,9,9,9,"No opinion, '없습니다'",No opinion / Don't know,No opinion / Don't know
936,논리에 맞지않는 청원 및 민원이 많음,14,6,2|6,Illogical and emotional petitions,Readability / Communication issues,Other
937,취지는 좋으나 엄청나게 사회적 이슈가 되지 않는 한 정책이나 입법으로 반영되기에 한계가 많다고 봅니다.,14,1,1|13,Good intent but limited policy impact,Lack of effectiveness,Other
938,모든 사항에 대한 생각이 정파적으로 내용 생각이문제 입니다  생각은 국민의 생활과 국가적이익으로 생각해야됩 니다,10,10,10,"Partisan, biased content",Mob mentality / Opinion manipulation,Mob mentality / Opinion manipulation
939,한게가잇다,14,8,8,"Positive, acknowledges some effect",Positive / Supportive,Other
940,너무 무분별하게 해결 될 수 없는 주제도 많이 있다고 생각합니다.,2,2,1|2,"Too many frivolous, unsolvable topics",Frivolous / Emotional petitions,Frivolous / Emotional petitions
941,시간이 많이걸림,4,4,4,Mentions slow processing time,Slow processing / Bureaucratic delays,Slow processing / Bureaucratic delays
943,청원이 너무 많아서 내가 관심이 있는 청원을 보고 동의를 모으기 어려움. 특히 마이너한 분야는 더욱. 또한 답을 받아도 원론적인 이야기인 경우가 많음.,14,2,1|2|7,"Too many petitions, hard to find relevant ones, generic answers",Frivolous / Emotional petitions,Other
945,없음,9,9,9,No opinion given,No opinion / Don't know,No opinion / Don't know
946,군중 심리를 이요안 무분별한 청원,2,10,2|10,Mentions mob mentality and indiscriminate petitions,Mob mentality / Opinion manipulation,Frivolous / Emotional petitions
949,무분별한 제안이 실질적으로 필요한 제안의 해결 속도를 늦추고 있다,2,2,1|2,Frivolous petitions slow down needed ones,Frivolous / Emotional petitions,Frivolous / Emotional petitions
951,말도안되는 청원을 누구나 작성할수 있고 여론몰이가 가능하다,2,10,2|10,"Anyone can write nonsense petitions, enabling opinion manipulation",Mob mentality / Opinion manipulation,Frivolous / Emotional petitions
953,잘 모르겠음,9,9,9,Expresses not knowing,No opinion / Don't know,No opinion / Don't know
954,공개로 개인의 신상 노출,14,14,14,Concern about personal info exposure not covered by other codes,Other,Other
955,무분별하고 지극히 개인적인 주장과 비현실적인 제안,2,2,2|7|12,"Indiscriminate, personal, unrealistic proposals",Frivolous / Emotional petitions,Frivolous / Emotional petitions
958,잘 하고 계십니다.,8,8,8,Positive evaluation,Positive / Supportive,Positive / Supportive
959,청원 및 민원 신청 시 근거 사실에 대한 입증 자료 및 나열을 순차적으로 배열하는 것이 쉬운일이 아닙니다. 일반인이 공개 청원 시 사실에 대한 시간&순차적 사실 적시 및 근거 자료 제시 그리고 이 문제점을 개선하기 위한 개선안을 명확하게 제시하는 것이 쉬운일이 아니기 때문에 일반인이 잘 쓴 청원은 한계가 있는 것이 현실적인 상황입니다,2,6,6|12,"Difficult to write clear, logical petitions with evidence",Readability / Communication issues,Frivolous / Emotional petitions
960,"생각을 많이 하지 않은 제안들도 올라가는 경우가 있음 
해결방안은 생각 하지 않고 문제 제기만 하는 경우",2,2,1|2,"Unthoughtful, problem-only petitions",Frivolous / Emotional petitions,Frivolous / Emotional petitions
961,문제점 없음,9,8,8,"No problems noted, positive",Positive / Supportive,No opinion / Don't know
962,국회가국민들이  청원한 수만큼   신속한  처리를  안한다,1,1,1|4,Slow processing by National Assembly,Lack of effectiveness,Lack of effectiveness
965,국가나 대다수를 위한 청원이 아닌 본인의 억울함이나 불만을 토로하는 것으로만 보여진다. 이것을 관리하는 공무원분들이 힘들것이라는 생각이 든다. 그리고 국가 재정낭비가 아닐까?라는 생각이 든다,7,7,7|13,Personal complaints burden officials and waste resources,Personal / Selfish petitions,Personal / Selfish petitions
967,"막무가내식, 정확한 논리와 근거 없이 단순 분풀이용으로 청원 올리는 경우가 많은듯",2,2,2|6,"Emotional, illogical petitions for venting",Frivolous / Emotional petitions,Frivolous / Emotional petitions
968,잘 모르겠다 누군가 해당 청원을 요청했다면 모를까 사람들의 관심이 많은건지는 모르겠다,9,9,9,Uncertain about petitions' popularity or impact,No opinion / Don't know,No opinion / Don't know
971,너무 무분별하게 민원 제기함,2,2,2,Excessive indiscriminate complaints,Frivolous / Emotional petitions,Frivolous / Emotional petitions
972,"물론 개인적 경험이나 사례를 통해 억울한 점이 청원 및 민원제도로 표현되고 있으나 
극히 개인적인 사례들이 많음",7,7,7,Mostly personal cases in petitions,Personal / Selfish petitions,Personal / Selfish petitions
973,"단순 아이디어만으로 해당 규제나 법제화까지 길이 험난할 것입니다. 이를 해결하는 공무원들은 과도한 업무에서 벗어날 길이 없습니다. 
우선적으로 전문적인 지식을 가진 공무원이 많이 필요한 실정에서 민원제도를 늘리고 개편한다고 나아질 것이라는 판단이 서지 않습니다.",13,13,1|12|13,Officials burdened; unrealistic proposals; ineffective system,Civil servant burden / Institutional constraints,Civil servant burden / Institutional constraints
975,정말 아무나 쓸 수 있다 보니 화풀이의 장소로 사용되는 등 쓰임새에 맞지 않는 글이 올라오고 양이 꽤 많아 다 검토하기도 상당히 힘들 것 같다.,2,2,2|5,Emotional venting and need for filtering mentioned,Frivolous / Emotional petitions,Frivolous / Emotional petitions
976,"실제 더 현실적인 부분이 포함된 내용이 미흡하다고 생각합니다. 
근본적인 해결책보다는 일시적인 부분해결책만으로는 해결되기 어렵다고 생각합니다. 
인류사회가 무섭게 변하는 시대에 아직도 근시적인 행정을 고치지 못하고 있는 것이  답답합니다. 
대한민국은 정치인만의 국가가 아닙니다. 
국민들이 한국만이 아닌 인류경쟁에 대처할수있는 교육과 방안 그리고 행정이 뒷받침을 해주어야합니다.",1,12,12,"Criticism of unrealistic, short-term solutions",Feasibility / Unrealistic proposals,Lack of effectiveness
977,너무 개인적인 글은 지양했으면 한다,7,7,7,Concern about overly personal petitions,Personal / Selfish petitions,Personal / Selfish petitions
979,"나타내고자 하는바를 구체적으로 말하는건 좋지만,  
너무 과하게 작성하여 가독성이 떨어져, 핵심을 잃게됨",6,6,6,Complaints about readability and losing core message,Readability / Communication issues,Readability / Communication issues
980,"1. 공개 청원 및 민원 제도에 올라오는 내용은 당사자들에게는 모두 시급한 사항들이나 정책 시행에 있어서 동시에 모든 사항을 해결하기 어려움 
2. 사안에 따라서는 이해관계자들의 입장이 달라 해결하는데 조정이 가장 필요한 내용들임 
3. 우선 청원 사항에 대한 해결에 가장 필요한 예산 부분 해결이 절대적으로 필요함",7,13,13,Need for budget and institutional support for petitions,Civil servant burden / Institutional constraints,Personal / Selfish petitions
981,청원이 많더라도 다 들어주는지 읽어는 보는지 ?,1,3,3,Doubt about whether petitions are read or responded to,Transparency / Feedback deficiency,Lack of effectiveness
983,글로 쓰다보니 여러가지 상황이 전달 안되는경우가 많은것 같다,14,6,6,Communication issues in conveying situations,Readability / Communication issues,Other
987,무지성 민원,2,2,2,Describes petitions as mindless complaints,Frivolous / Emotional petitions,Frivolous / Emotional petitions
991,"많은 민원인이 요구해도 별 해결책이 없다.이준석 국회의원 제명안에 대해 청원에 이름올렸으나 실현가능성이 낮다는 얘기들이 들린다. 없는 시간내서 번거로운 절차를 거쳐서 청원했는데 안 될거라고,,,,그런 개차반같은 자식이 국회의원이라고 거들먹거리는 꼴을 계속 봐야한다니 열불이 난다.",1,1,1|12,Petitions ineffective and unrealistic expectations,Lack of effectiveness,Lack of effectiveness
992,"1 지자체 담당 공무원이 민원요지에  맏지않게 둥리뭉실 답변하고 제차 삼차 제기하면 악성민원이나 
기답변 민원으로 처리  
2 또한 담당 이 책임을 가지고 민원내용을 알고 처리해야하나 담당이 요지나 상황 현항파악 못하고 
제대로 된 민원처리가 요원함 
3 연속 민원제기되는건 민원인 입장에서 민원처리가 제대로 안되었기 때문 
예를 들어 장마로 상습침수 구간에 도시화 대기전 하수관거가 협소하고 노후하여 개선 대책에 대해 민원제기하면 
앞으로 어떻게 관로를 정비하고 담당이 알고있는 내용에 충실하게 개선안을 구체적 알려줘야하나 애매한 답변으로 이해하기 힘든 말만함.  
4 특히 연속 제기청원이나 민원은  제3기관에서 적의 처리여부 및  감사 나 제대로 처리여부 조사필요 
",8,13,3|13,Officials' poor handling and need for institutional investigation,Civil servant burden / Institutional constraints,Positive / Supportive
993,"양식이 자유로워 누구나 이용 할 수 있는것은 좋으나 
청원들 중에 효과적이거나 잘쓴 글이 있는 반면 
상황과 의도는 알겠으나 근거가 부족한 글이 난립함",5,5,5|6,Need for guidelines; many petitions lack evidence,Need for filtering / Guidelines,Need for filtering / Guidelines
994,진행이 오래걸림,4,4,2|4,Slow processing and indiscriminate petitions,Slow processing / Bureaucratic delays,Slow processing / Bureaucratic delays
995,무분별하게 들어오는 청원 밎 민원이 문제이다.,2,2,2,Problem with indiscriminate petitions,Frivolous / Emotional petitions,Frivolous / Emotional petitions
996,"저마다의 글쓰기 방법이 다르다는 점 
근거나 명확한 방법 없이 뭔가를 바라는 글이 있음",6,6,6,Varied writing styles and lack of clear evidence,Readability / Communication issues,Readability / Communication issues
998,공개 청원을 해야지 사람들도 인식할 수있고 변화가 있을수있음.,14,11,11,Need for awareness and public recognition,Need for more participation / Awareness,Other
999,근거를 뒷받침할 수 있는 일방적인 주장을 거를 수 없다는 점,14,5,5,No filtering of one-sided claims,Need for filtering / Guidelines,Other
1000,자신과 직접적으로 연관되어있다고 느끼지 않는 문제에 대해서는 (객관적으로 아주 중요하고 효과적인 청원 또는 제도라도 할지라도) 관심을 덜 가지게 된다.,14,11,11,Lack of interest in unrelated petitions,Need for more participation / Awareness,Other
1002,"공개청원의 진행 및 결과를 알기가 어려운 것 같음 
",14,3,3,Difficulty knowing progress and results,Transparency / Feedback deficiency,Other
1003,선량한 국민이 피해보는 일이 없어야 한다,14,14,14,General wish to protect good citizens,Other,Other
1004,실제 민원이 진행과정과 결과를 분명히 하는가?,14,3,3,Question about clarity of process and results,Transparency / Feedback deficiency,Other
1006,청운하면 뭐하노 안들어주는데,1,1,1,"Petitions ignored, no real effect",Lack of effectiveness,Lack of effectiveness
1010,"사람들의 주관적인 생각으로 필요없는 내용을 합당하게 표현하는 것도 있고 
글쓰기 실력에 따라 중요한 내용이 부각이 안될수도 있어보인다",6,6,6,Writing skills affect clarity and emphasis,Readability / Communication issues,Readability / Communication issues
1011,청원 남발,2,2,2,"Excessive, indiscriminate petitions",Frivolous / Emotional petitions,Frivolous / Emotional petitions
1012,정해진 양식이 없어서 중구난방으로 작성자 본인의 주관적인 의견을 나열하는 경우가 발생,5,5,5,No fixed format causes disorder,Need for filtering / Guidelines,Need for filtering / Guidelines
1015,"너무 많은 청원이 쏟아 지고 있고, 청원 글을 홍보하기 위해 자극적인 영상을 먼저 접하게 되는것 같습니다.",2,2,2|11,Too many petitions and sensational promotion,Frivolous / Emotional petitions,Frivolous / Emotional petitions
1016,모두 다 들어줄 순 없다,14,1,1,Not all petitions can be accepted,Lack of effectiveness,Other
1017,청원을 올리면 전부 다 해결 될 것 처럼 선동하는 사람들이 문제가 있다. 무분별한 청원이 난무하다.,2,2,2|10,Indiscriminate petitions and agitation,Frivolous / Emotional petitions,Frivolous / Emotional petitions
1018,"누구나 자유롭게 의견을 쓸 수 있다는 점은, 비현실적인 의견 역시 쓸 수 있다는 점이 있다.",12,12,12,Unrealistic opinions also submitted freely,Feasibility / Unrealistic proposals,Feasibility / Unrealistic proposals
1019,"문제해결을 위해서는 고려해야할 사항들이 많은데, 감정에 치우친 것 같음",14,2,2,Emotional bias in petitions,Frivolous / Emotional petitions,Other
1023,모든 민원을 심도있게 살펴보고 관리하는 직원들과 잘 상의하여 처리하는지 투명하지 않다,3,3,3|13,Lack of transparency in handling,Transparency / Feedback deficiency,Transparency / Feedback deficiency
1026,"자신이 겪은 공공의  불편함을 공론화 하여 개선해나가는 방향으로 보면 상당히 유익한 제도로 보인다. 단, 너무 개인적인 사례를 무분별하게 청원,민원제기를 하는것은 불편하다.",8,8,7|8,Useful system but some selfish petitions,Positive / Supportive,Positive / Supportive
1027,없음,9,9,9,No opinion,No opinion / Don't know,No opinion / Don't know
1030,댓글부대난입,14,10,10,Comment brigade intrusion,Mob mentality / Opinion manipulation,Other
1032,중복되는 민원들이 많을 것같다,14,2,2|5,Many duplicate petitions,Frivolous / Emotional petitions,Other
1035,사연만구구절절,14,14,14,Substantive opinion not fitting other categories,Other,Other
1036,특별한 의견은 없습니다,14,9,9,No special opinion,No opinion / Don't know,Other
1037,감정적인 청원도 많은 것 같고 많은 글을 다 읽고 분류하는 일도 에너지가 소비되는 일 같다,2,2,2|13,Emotional petitions and staff burden,Frivolous / Emotional petitions,Frivolous / Emotional petitions
1043,얼마나 의견 수렴이 이루어질까에 대한 회의감,14,1,1,Skepticism about opinion collection,Lack of effectiveness,Other
1045,복잡함,6,14,14,Substantive opinion not fitting other categories,Other,Readability / Communication issues
1046,현상을 구체적으로 파악하지 못하고 막무가내로 내가 불편하니까 문제를 해결해줘라는 식의 무분별한 민원이 많다고 느껴진다. 특히 저출산 대책을 인식개선 없이 제도적 혜택 혹은 불이익으로 해결할 수 있다는 청원이 많은데 실효성이 없다고 생각한다.,2,1,1|2|12,"Ineffective, indiscriminate, unrealistic petitions",Lack of effectiveness,Frivolous / Emotional petitions
1047,국민들이 글 작성시 대한 양식을 별도로 추가 구성 필요합니다.,5,5,5,Request for petition format and guidelines,Need for filtering / Guidelines,Need for filtering / Guidelines
1048,"사회 전체의 문제가 아닌 개인, 소수의 문제를 해결해주길 바람",14,7,7,"Wants petitions to address individual, not societal issues",Personal / Selfish petitions,Other
1051,많은 사람들의 관심도를 알리는게 쉽지 않다.,14,11,11,Difficulty in raising public awareness and participation,Need for more participation / Awareness,Other
1052,"전국민적 공공 사안보다는 본인이 해당하는 일부의 연령층, 관심사항으로 제한된다는 생각이 듭니다.",5,7,7,Petitions limited to certain age or interest groups,Personal / Selfish petitions,Need for filtering / Guidelines
1054,많은 사람에게 필요한 제도는 필요하지만 구체적인 방법이 없이 해 달라고 하면 현실화 되기 어렵다는 한계가 있다.,8,12,12,"Lack of concrete, feasible methods in petitions",Feasibility / Unrealistic proposals,Positive / Supportive
1055,문제점을 올린다하더라고 해결방안도 안나올뿐더러 이걸 일일이 다 보고있는지 의문스러움,1,3,3,Doubt about feedback and whether petitions are reviewed,Transparency / Feedback deficiency,Lack of effectiveness
1056,너무 무분별하게 많이 올림,2,2,2,Too many indiscriminate petitions,Frivolous / Emotional petitions,Frivolous / Emotional petitions
1057,없음,9,9,9,No opinion,No opinion / Don't know,No opinion / Don't know
1058,단편적인 것만 보고 불편하게 느끼는 부분에 대한 성토대회라고만 생각이듬,14,2,2,Petitions seen as venting sessions,Frivolous / Emotional petitions,Other
1063,청원에 대한 실현 가능한 답변 부족,12,1,1,Lack of feasible responses to petitions,Lack of effectiveness,Feasibility / Unrealistic proposals
1064,실효성이없는 무분별한 청원 및 민원에 대한 담당자들의 업무량이 과다될것 같음,2,1,1|2|13,Ineffective petitions cause heavy workload for officials,Lack of effectiveness,Frivolous / Emotional petitions
1068,없음,9,9,9,No opinion,No opinion / Don't know,No opinion / Don't know
1069,이론과 실제의 차이라고 해야하나?  좋은정책이라도 조금의 허점만있으면 부당한 혜택을 받는이가 많다는 현실,8,12,12,"Gap between theory and practice, unrealistic benefits",Feasibility / Unrealistic proposals,Positive / Supportive
1070,청원을 해도 실질적으로 되는것이 몇개 없음.,1,1,1,Few petitions lead to real results,Lack of effectiveness,Lack of effectiveness
1071,저걸 과연 보나? 싶은게 현실,14,1,1,Doubt petitions are even reviewed,Lack of effectiveness,Other
1073,청원 이후에 대응이 만족스럽지 못하다.,8,3,3,Unsatisfactory response after petition submission,Transparency / Feedback deficiency,Positive / Supportive
1074,해결이 어렵,14,1,1,Difficult to resolve issues,Lack of effectiveness,Other
1075,없음,9,9,9,No opinion,No opinion / Don't know,No opinion / Don't know
1076,없습니다,9,9,9,No opinion,No opinion / Don't know,No opinion / Don't know
1081,공개청원해도 들어주지도않아서 이게무슨민주주의냐고,14,1,1,Petitions ignored despite being public,Lack of effectiveness,Other
1084,"1. 무분별한 청원으로 행정인력 낭비 
2. 보여주기 쑈 느낌이 있음. 검토하겠다하고 조용히 끝나는 등 
3. 이렇다할 결과가 있는지 의문임.",2,1,1|2|3|13,"Ineffectiveness, frivolous petitions, no feedback, staff burden",Lack of effectiveness,Frivolous / Emotional petitions
1085,이용해보지 않아 잘 모름,9,9,9,"No experience, don't know",No opinion / Don't know,No opinion / Don't know
1088,사적 문제 해결을 위한 내용이 많이 제시되고 현실적이지 못한 내용이 다수 있음. 국민의 자유와 권익을 해칠 제안도 여럿 제시됨.,1,7,7|12,"Selfish petitions, unrealistic proposals",Personal / Selfish petitions,Lack of effectiveness
1094,읽다가 지치는 느낌,14,6,6,"Hard to read, tiring",Readability / Communication issues,Other
1098,정치인들이 사람말 귀 기울이긴 했었냐 ㅋㅋㅋ,14,14,14,"Political distrust, no direct code",Other,Other
1100,"여러모로 노력을 하고 있지만, 변화가 많이 없다",1,1,1,Efforts made but no real change,Lack of effectiveness,Lack of effectiveness
1101,아직 잘 모르겠다,14,9,9,"Uncertain, no clear opinion",No opinion / Don't know,Other
1102,"실제 실현가능성이 적은 감정에 호소하는 글이 있는 것, 문제 해결점이 구체적이지 않다",2,2,2|12,"Emotional, unrealistic, vague solutions",Frivolous / Emotional petitions,Frivolous / Emotional petitions
1103,너무나 많은 민원으로 제대로 처리가 될 수 있을지,2,1,1|2,"Too many petitions, concern about processing",Lack of effectiveness,Frivolous / Emotional petitions
1106,없음,9,9,9,No opinion,No opinion / Don't know,No opinion / Don't know
1110,원인에 대한 명확한 해결방안이 제시되지 않음,1,12,12,No clear solution proposed,Feasibility / Unrealistic proposals,Lack of effectiveness
1111,민원신청을 한다해도 현실적으로 그게 적용되고 시행될지가 의문이 든다,14,1,1,Doubt about practical implementation,Lack of effectiveness,Other
1112,"이해 관계가 첨예하게 다르기 때문에 애매할 때도 많으며 경험치에서 나오지 않는 단순 머리 생각에는 한계가 있어서 
그에 관계되는 민원인들에게 답변 점수를 가중치를 주어서 해결해야 될것으로 보임",2,5,5|13,"Complexity needs weighted responses, filtering",Need for filtering / Guidelines,Frivolous / Emotional petitions
1113,처리가 너무 늦음,4,4,4,Processing is too slow,Slow processing / Bureaucratic delays,Slow processing / Bureaucratic delays
1114,"기본적인 요구 양식이 없으니 내용을 난잡하게 적는 경우가 많고, 전문 지식이 없으면서 잘못된 해석으로 법 조항을 가져와 가독성만 떨어지는 상황입니다. 
 
접수할 때 육하원칙에 맞게 적을 수 있도록 칸을 따로 분리시키고, 글자 수를 제한해서 꼭 필요한 내용만 요약해서 적도록 유도해야 할 것으로 보입니다.",5,5,5|6,"No format, poor readability, need guidelines",Need for filtering / Guidelines,Need for filtering / Guidelines
1116,청원이나 민원 내용이 실제 정책이나 입법에 반영되지 않아 실효성에 대한 의문이 든다는 점,1,1,1,"No reflection in policy, ineffective",Lack of effectiveness,Lack of effectiveness
1119,이미지 파일이 본문에 같이 뜨면 좋을 것 같다,14,14,14,"Suggestion for image files, not in code",Other,Other
1121,국가 전체적인 현황이나 문제보다는 개인의 상황에 맞추어 민원제기를 하다보니 각자 개인적인 이익을 위함이 많다,7,7,7,Personal interest petitions,Personal / Selfish petitions,Personal / Selfish petitions
1123,특별하게 문제점이나 한계에 대해 느꼈던 것은 별도로 없었던 것 같다,14,8,8,No particular problems noticed,Positive / Supportive,Other
1124,"같은 사항을 여러사람이 다른의견으로 청원하는 것은 문제가 있다고 생각된다 
",14,2,2|5,"Duplicate petitions, need filtering",Frivolous / Emotional petitions,Other
1126,무분별함,2,2,2,Petitions are indiscriminate and excessive,Frivolous / Emotional petitions,Frivolous / Emotional petitions
1127,잘 모르겠음,9,9,9,Expresses not knowing or no opinion,No opinion / Don't know,No opinion / Don't know
1132,민원에 대한 실질적인 해결을 할수 있는 권한이 없다,1,13,13,No real authority to solve issues,Civil servant burden / Institutional constraints,Lack of effectiveness
1137,무분별한 게시,2,2,2,Indiscriminate posting of petitions,Frivolous / Emotional petitions,Frivolous / Emotional petitions
1140,국민들의 관심 미흡,14,11,11,Lack of public interest and participation,Need for more participation / Awareness,Other
1145,시행이 되고 있는지 어느 정도 반영이 되는지 투명하게 공개 될 수 있으면 좋겠습니다.,3,3,3,Wants transparency and feedback on outcomes,Transparency / Feedback deficiency,Transparency / Feedback deficiency
1146,아무 글이나 막 올릴것 같음,14,2,2,Any post can be uploaded indiscriminately,Frivolous / Emotional petitions,Other
1151,조금 개선되어 잘 정착된다면 좋은 제도로 남을것 같다,8,8,8,Positive if improved and settled well,Positive / Supportive,Positive / Supportive
1152,개인적인 입장이 많이 제시됨,7,7,7,Many personal/selfish petitions,Personal / Selfish petitions,Personal / Selfish petitions
1153,문제를 빠르게 다 처리할 수 없다.,9,4,4,Cannot process issues quickly,Slow processing / Bureaucratic delays,No opinion / Don't know
1154,너무 많은 제안이 올라오고 어떤것이 체택되었는지 알수 없음,2,2,2|3,Too many proposals and unknown adoption status,Frivolous / Emotional petitions,Frivolous / Emotional petitions
1156,청원이 무시될 수도 있다는 점,1,1,1,"Petitions may be ignored, no real change",Lack of effectiveness,Lack of effectiveness
1158,객관적인 판단이 아닌 개인의 경험에 한정된 민원,14,7,7,Personal experience limited petitions,Personal / Selfish petitions,Other
1160,"없음 
",9,9,9,No opinion or answer,No opinion / Don't know,No opinion / Don't know
1161,감정적,2,2,2,Emotional petitions,Frivolous / Emotional petitions,Frivolous / Emotional petitions
1163,청원이나 민원을 넣지만 달라지는 점이 없는 것 같다,14,1,1,No real change despite petitions,Lack of effectiveness,Other
1165,익명의 보장성이 확실하지 않다.,14,14,14,Concerns about anonymity not covered,Other,Other
1166,전문지식이 없을 경우 이해에 어려움이 있음,6,6,6,Difficult to understand without expertise,Readability / Communication issues,Readability / Communication issues
1167,"답변이 제한적이며, 다소 형식적인 면이 없지않아 있슴",1,6,1|6,"Limited, formal responses",Readability / Communication issues,Lack of effectiveness
1172,개인적인 작은 의견들이 정부 정책에 반영될 수 있을까? 하는 의문이 든다.,7,1,1|7,Doubt personal opinions affect policy,Lack of effectiveness,Personal / Selfish petitions
1173,너무 많은 민원들로 인해 채택 될 지가 의문 입니다.,2,1,1,"Doubt about petitions being adopted, effectiveness concern",Lack of effectiveness,Frivolous / Emotional petitions
1174,청원 하나하나 모두 해결되길 바랍니다,14,8,8,"Wishes all petitions to be resolved, positive view",Positive / Supportive,Other
1175,모든걸다해결될수없는거지요~,14,1,1,"Acknowledges not all petitions can be solved, effectiveness doubt",Lack of effectiveness,Other
1177,양식,5,5,5,"Mentions format (양식), implies need for guidelines",Need for filtering / Guidelines,Need for filtering / Guidelines
1178,실현가능성,12,12,12,Mentions feasibility (실현가능성),Feasibility / Unrealistic proposals,Feasibility / Unrealistic proposals
1179,"국가에 꼭 필요한 청원보단 자신의 이득을 위해 집단이기주의를 이용하는 청원이 많다. 
 
 
 
 
 
 
 
 
 
",14,7,7,"Petitions for personal/group interests, not public good",Personal / Selfish petitions,Other
1182,"가치관이나 이념에 따른 시각의 차이를 떠나, 청원 및 제도가 무분별하게 등록되는 것 
등록 시 부적절한 주제를 걸러내는 것에 어려움이 있음 (부적절함의 기준이 사람마다 다르지만 통상적인 기준에서 벗어난 주제)",2,2,2|5,Indiscriminate petitions and difficulty filtering inappropriate ones,Frivolous / Emotional petitions,Frivolous / Emotional petitions
1186,양식을 제공하지만 내용이 하소연성 글이 많은 것 같음,5,6,6,"Many petitions are complaints, poor content quality",Readability / Communication issues,Need for filtering / Guidelines
1187,가독성이 떨어지는 경우가 있다.,6,6,6,Poor readability in some petitions,Readability / Communication issues,Readability / Communication issues
1188,단순히 민원받는 것에서 끝나는 경우가 많은 것 같다,14,1,1,"Many petitions end with just receiving complaints, ineffective",Lack of effectiveness,Other
1191,"의견이 구체적이지 못하거나 일방적이고, 표현이 명확하지 않은 경우가 많다.",6,6,6,"Opinions vague, one-sided, unclear expression",Readability / Communication issues,Readability / Communication issues
1193,근거 부족,6,6,6,Lack of evidence in petitions,Readability / Communication issues,Readability / Communication issues
1194,다양한 주제가 올라가지만 채택되는 내용과 비율을 직관적으로 알기 힘들다,14,3,3,"Hard to know adoption rate and results, transparency issue",Transparency / Feedback deficiency,Other
1195,"결국에는 언론플레이를 통한 매스컴에 이슈화된 것들만 청원으로 받아들여 지고 있는 실정이라고 생각. 
 
",14,10,10,"Only media-highlighted issues accepted, political manipulation",Mob mentality / Opinion manipulation,Other
1196,체계적이지 못한 청원이다.,5,1,1,"Petitions not systematic, implies ineffectiveness",Lack of effectiveness,Need for filtering / Guidelines
1199,개인적 이익을 위한 제안이 많은 듯.. 공공의 이익에 부합하는지 여부를 잘 판단해야 할 듯 하다.,7,7,7,"Many proposals for personal gain, not public interest",Personal / Selfish petitions,Personal / Selfish petitions
1201,일부의 의견이 전체의견이 될수 없습니다,14,10,10,"Minority opinions cannot represent all, implies manipulation",Mob mentality / Opinion manipulation,Other
1206,청원민원시   결과가  정확하지도 않고  너무  지체된다,14,4,3|4,"Results inaccurate and delayed, slow processing and feedback",Slow processing / Bureaucratic delays,Other
1207,말도 안되는 이야기들을 주관적으로 악의적으로 쓰는 공개청원이 많은 듯 하여 이것을 걸러낼 수 있는 제도가 필요하다.,2,2,2|5,"Many malicious, unreasonable petitions; need filtering",Frivolous / Emotional petitions,Frivolous / Emotional petitions
1208,"아주 사소한 개인적인 문제를 민원으로 올리기도하고 대중이 없는 것은 사실입니다. 
그런데 개개인의 문제를 가볍다고 할 수 없으니 어떤 글을 걸러야하는지도 사실 어려운 문제이지요. 
",2,2,2|5,Many trivial personal petitions; filtering difficult but needed,Frivolous / Emotional petitions,Frivolous / Emotional petitions
1213,"정치적으로 이용하거나 악용하는 집단의 보복성  청원 
상대당을 공격하려고  억지를 부리는 것을 보며 무력감을 느낌",2,10,1|10,Political manipulation and ineffectiveness noted,Mob mentality / Opinion manipulation,Frivolous / Emotional petitions
1214,사회 공공의 이익이 아닌 개인의 이익을 위한 무분별한 청원 및 민원이 남발하여 그에 들어가는 인력이 낭비되고 있다,2,7,2|7|13,Selfish petitions waste manpower,Personal / Selfish petitions,Frivolous / Emotional petitions
1219,"무분별한 청원, 실현 불가능하거나 말도 안되는 청원의 비중이 꽤 많음.",2,2,2|12,Frivolous and unrealistic petitions,Frivolous / Emotional petitions,Frivolous / Emotional petitions
1220,없는것같다,9,9,9,No opinion expressed,No opinion / Don't know,No opinion / Don't know
1222,지극히 이기적인 관점에서 민원을 낸것같은 느낌.,7,7,7,Petitions seem selfish,Personal / Selfish petitions,Personal / Selfish petitions
1227,우리 나라 국민 많은  사람들이 잘 모르는것 같다,14,11,11,Lack of public awareness,Need for more participation / Awareness,Other
1229,공개청원을 해도 개선될거라는 확실한 믿음이 없다,1,1,1,No belief in improvement,Lack of effectiveness,Lack of effectiveness
1230,실효성 있는 해결안이 나오기 힘들다,1,1,1,Difficult to get effective solutions,Lack of effectiveness,Lack of effectiveness
1231,1차로 검수하는 과정이 없어서 논리가 부족한 민원들이 주기적으로 올라옴,6,5,5|6,No screening leads to illogical petitions,Need for filtering / Guidelines,Readability / Communication issues
1232,"1. 국가의 예산이 한정적인 상황에서 모든 국민의 요구를 해결할 수 없는데 민원을 넣으면 공무원들이 너무 시달릴 수 있다는 점.  
2. 말이라도 해볼 수 있는 곳이 있다는 것에 위로를 받기도 하나, 내가 제안한 청원이가 민원이 해결되지 않을 때 무시당했다는 분노를 느끼는 국민도 있다는 점.",1,13,1|8|13,Official burden and mixed feelings,Civil servant burden / Institutional constraints,Lack of effectiveness
1234,전문적인 조사 및 각 부처의 합의가 필요한 사항 등 구조적인 문제로 인하여 진행이 늦어지거나 중지될 수도 있을 것 같음,4,4,4|13,Slow progress due to structural issues,Slow processing / Bureaucratic delays,Slow processing / Bureaucratic delays
1235,제대로 되지 않은 글들이 무분별하게 올라와 정작 중요한 사안들은 쉽게 지나치거나 늦게 조치 취해질 가능성이 우려됨,2,2,2|5,Frivolous petitions hinder important issues,Frivolous / Emotional petitions,Frivolous / Emotional petitions
1236,청원이 올라와도 제대로 해결되는게 없음. 말만 청원이지 사람들은 그냥 이것저것 쓰는거 같고..,14,1,1|2,"No real resolution, many frivolous petitions",Lack of effectiveness,Other
1240,설령 이 민원들을 읽는다 하여도 실제적으로 해결방안 제시가 효과적일까요?,1,1,1,Doubtful effectiveness of solutions,Lack of effectiveness,Lack of effectiveness
1242,잘 모르겠습니다.,9,9,9,No opinion stated,No opinion / Don't know,No opinion / Don't know
1243,심사과정 및 실행까지의 과정 투명화,3,3,3|5,Need transparency and screening,Transparency / Feedback deficiency,Transparency / Feedback deficiency
1247,"개인의 주관이 너무 담길 수 있음, 현실적으로 모든 청원에 답변을 기대하기 어려움",1,7,1|7,Subjectivity and low effectiveness,Personal / Selfish petitions,Lack of effectiveness
1248,무분별한 선동식 청원이 많음으로 논리와 사실에 알맞지 않으면 청원 제한하는 법 필요,2,2,2|5|10,"Frivolous, emotional, need restrictions",Frivolous / Emotional petitions,Frivolous / Emotional petitions
1250,잘 작성된 내용도 있는 반면 감정적이거나 부적절한 내용도 있는 것 같음.,2,2,2|6,"Mixed quality, emotional content",Frivolous / Emotional petitions,Frivolous / Emotional petitions
1251,청원??결과값이 현저하다,14,1,1|3,Poor results and unclear outcomes,Lack of effectiveness,Other
1255,불필요한 말은 삭제하고 필요한 말만 써두는게 좋을 것 같다.,14,6,6,Suggests improving clarity and removing unnecessary words,Readability / Communication issues,Other
1256,일상생활에서 일어나는 일들이 사회적문제로 번져있다는게 안타까워서 다시는 문제가 발생하지 않기 위해서 법 규제를 강화해야 될것같습니다.,14,12,12,"Calls for stronger legal regulations, implies unrealistic expectations",Feasibility / Unrealistic proposals,Other
1258,의견 내용이 조금 개인적인 문제로 축소되어 표현되어 있어서 전달에 문제가 있어 보입니다,7,6,6,Points out personal issues reduce communication effectiveness,Readability / Communication issues,Personal / Selfish petitions
1261,어차피 안들어줄거잖아요,1,1,1,"Expresses belief system won't listen, ineffective",Lack of effectiveness,Lack of effectiveness
1264,무분별한 청원 제기,2,2,2,Mentions indiscriminate petition submissions,Frivolous / Emotional petitions,Frivolous / Emotional petitions
1265,일방적인 입장에서 뚜렷하고 구체적인 개선방안이 없는 경우가 많은 것 같다.,1,12,12,"Notes lack of clear, concrete improvement plans",Feasibility / Unrealistic proposals,Lack of effectiveness
1266,반영율,14,1,1,"Mentions reflection rate, implying low effectiveness",Lack of effectiveness,Other
1267,개인적인 민원을 공개적으로 게시하는 경우가 있는 것 같다.,7,7,7,Mentions personal complaints posted publicly,Personal / Selfish petitions,Personal / Selfish petitions
1268,잘 모르겠습니다.,9,9,9,Explicitly states no knowledge,No opinion / Don't know,No opinion / Don't know
1269,반영 여부,14,1,1,Mentions reflection or implementation issues,Lack of effectiveness,Other
1272,제가 생각하는 공개 청원 제도의 문제점은 없는것같습니다.,14,8,8,"States no problems, positive opinion",Positive / Supportive,Other
1273,무분별한 민원,2,2,2,Mentions indiscriminate complaints,Frivolous / Emotional petitions,Frivolous / Emotional petitions
1274,각각의 개인차이가 있듯이 모든것이 만족할 수 는 없다고 봅니다.,8,8,8,Acknowledges no full satisfaction but accepts system,Positive / Supportive,Positive / Supportive
1276,청원이 올라간 후의 상황에 대한 정보가 없음,14,3,3,Mentions lack of information after petition submission,Transparency / Feedback deficiency,Other
1278,없음,9,9,9,Explicitly states none,No opinion / Don't know,No opinion / Don't know
1283,어느 한쪽의 주장만을 일방적으로 하는 경우가 있어서 전적으로 동의하기는 힘들다. 다만 어느정도 합리적인 주장에는 동조한다.,14,2,2|8,Notes one-sided claims and emotional content but some agreement,Frivolous / Emotional petitions,Other
1285,감정토로의 내용이 많아서 보기 힘듬,14,2,2,Mentions many emotional venting contents,Frivolous / Emotional petitions,Other
1294,잘지켜지지않을것같애요,14,1,1,Doubts system will be properly followed,Lack of effectiveness,Other
1298,무응답,14,9,9,No response,No opinion / Don't know,Other
1299,각자주관적인생각으로만해결하려하다보니 결정하기가매우힘듬,14,6,6,Mentions difficulty due to subjective opinions,Readability / Communication issues,Other
1301,잘 모르겠습니다,9,9,9,"No opinion, explicitly says '잘 모르겠습니다'",No opinion / Don't know,No opinion / Don't know
1302,무분별함,2,2,2,Says '무분별함' meaning indiscriminate petitions,Frivolous / Emotional petitions,Frivolous / Emotional petitions
1304,청원이 많이 모여도 해결되는게없음,14,1,1,"Petitions not solved, ineffective system",Lack of effectiveness,Other
1306,장난 치려는 인간들이 많을 수 있다,2,2,2,"Mentions pranksters, frivolous petitions",Frivolous / Emotional petitions,Frivolous / Emotional petitions
1307,너무 양이 많아서 하나하나 꼼꼼히 따져보기가 힘들다,14,5,5|13,"Too many petitions, need filtering and burden on officials",Need for filtering / Guidelines,Other
1308,법으로 실효 있게 처리하는 국회의원들이 없다고 생각함,1,1,1|13,"No effective lawmaker action, system ineffective",Lack of effectiveness,Lack of effectiveness
1309,너무 쓸데없는 것들도 올라오는 것이 문제,2,2,2,"Mentions useless petitions, frivolous content",Frivolous / Emotional petitions,Frivolous / Emotional petitions
1312,"사회이슈가 된 사건이 안되면 공론화되기가 싶지않다 
힘없는 개인의 민원은 묵살되기 싶다",1,1,1|3,"Individual petitions ignored, ineffective and no feedback",Lack of effectiveness,Lack of effectiveness
1314,청원이 해결되었는지 잘모르곘음,3,3,3,"Does not know if petitions are resolved, feedback lacking",Transparency / Feedback deficiency,Transparency / Feedback deficiency
1315,청원 해보면 공무원 분들이 성심것 해결하고 결과을 보내 주셨어요,13,8,8,Positive experience with officials' sincere responses,Positive / Supportive,Civil servant burden / Institutional constraints
1316,잘 이루어지지않음,14,1,1,Says system does not work well,Lack of effectiveness,Other
1325,한정적인 주제가 많다,14,12,12,"Limited topics, unrealistic scope",Feasibility / Unrealistic proposals,Other
1326,공개 청원 및 민원에 대한 답변이 일관성이 없음,3,3,3,"Inconsistent answers, feedback issue",Transparency / Feedback deficiency,Transparency / Feedback deficiency
1328,얼마나 많은 사람이 공감 하는지가 ......,14,11,11,"Mentions number of supporters matters, implies participation",Need for more participation / Awareness,Other
1329,너무 많은 동의를 채워야 하는것,2,5,5,"Too many agreements needed, filtering/guidelines issue",Need for filtering / Guidelines,Frivolous / Emotional petitions
1330,국민 청원에 올라오는 글들이 많아서 이걸모두 확인하고 정부에서 이걸 참고하는 지 잘 모르겠다.,14,3,3|13,"Unclear if government reviews all petitions, transparency issue",Transparency / Feedback deficiency,Other
1331,감정에 치우쳐서 논점을 흐리는 청원들이 많이 올라와 있는듯 하고 주장하는 바가 무언지 포인트를 잃은 청원들이 많은듯 하다.,2,2,2|6,"Emotional, unclear petitions",Frivolous / Emotional petitions,Frivolous / Emotional petitions
1332,모름,9,9,9,Explicitly says '모름' no opinion,No opinion / Don't know,No opinion / Don't know
1333,시행하기까지의 시간과 논의,14,4,4,Time and discussion delays mentioned,Slow processing / Bureaucratic delays,Other
1335,정치적 목적으로 쓰이는 경우가 종종있다고 느껴짐. 특정 정당에 대한 적개심 등,10,10,10,Political use and manipulation noted,Mob mentality / Opinion manipulation,Mob mentality / Opinion manipulation
1336,생각지 않음,14,9,9,No opinion expressed,No opinion / Don't know,Other
1338,글의 형식과 내용에 조건이나 양식이 없어서 무분별한 청원 및 민원이 증가하고 있음.,2,5,2|5,No guidelines causing indiscriminate petitions,Need for filtering / Guidelines,Frivolous / Emotional petitions
1342,국가의 관심,14,14,14,Vague statement about national interest,Other,Other
1350,없습니다,9,9,9,No opinion expressed,No opinion / Don't know,No opinion / Don't know
1353,없음.,9,9,9,No opinion expressed,No opinion / Don't know,No opinion / Don't know
1354,명확하지 않은 해결책이나 실행하기 어려운 제안,1,12,12,Unclear or unrealistic proposals,Feasibility / Unrealistic proposals,Lack of effectiveness
1355,청원해도 끝까지 해결되는게 없이 흐지부지 끝난다.,1,1,1,Petitions end without resolution,Lack of effectiveness,Lack of effectiveness
1357,설문부터가..,14,14,14,Unclear comment about survey,Other,Other
1358,신뢰도,14,14,14,Vague comment on trust,Other,Other
1363,무분별한 민원,2,2,2,Indiscriminate complaints mentioned,Frivolous / Emotional petitions,Frivolous / Emotional petitions
1366,"두루뭉실하고 구체적이지 않음 
너무 아이디어성만 많음 
절자법 등이 지켜지지 않아 문장이 이해가지 않음 
두서가 없다.",14,6,5|6|12,"Poor readability, unrealistic, no format",Readability / Communication issues,Other
1368,"어떤 사안이 되었든 이슈가 되어야만 법이 바뀌고 시행이 되는 안타까운 일들이 있습니다. 
정말 필요로 하는 법도 있고 법을 만들어서 오히려 불편한 이상한 법들도 있는 듯 합니다.  
정말 대한민국에 사는 국민으로서 오늘 청원에 올라온 예시들을 읽어 보면서 답답함을 느꼈습니다. 
본인들이 처했던 상황과 본인들이 경험했던 일들이 대부분인데 다른 상황 다른 경험을 하지 않고 본인이 처한 상황 만으로 글을 쓴 부분이 참 쉬워 보인다는 생각을 하게 되었습니다. 본인의 손톱에 박힌 가시가 제일 아픈 것 처럼 다른 사람들의 처한 삶이나 상황을 이해 못하고 쓴 부분들이 아쉬웠습니다. 무조건 법이 많이지고 법으로 해결하려고 하는 이상한 나라가 되가네요.",1,7,7|12,"Self-centered petitions, unrealistic solutions",Personal / Selfish petitions,Lack of effectiveness
1369,없음,9,9,9,No opinion expressed,No opinion / Don't know,No opinion / Don't know
1372,비논리적이다,14,6,6,Illogical content,Readability / Communication issues,Other
1379,잘 모르겠다,9,9,9,No opinion expressed,No opinion / Don't know,No opinion / Don't know
1384,해결이 어려운 것은 공론화 하기 누구도 피해가 가지 않기를  모두 참된 사람이기를,14,14,14,Abstract hope for fairness,Other,Other
1386,처리과정을 자세히 알 수 없음,3,3,3,No transparency on process,Transparency / Feedback deficiency,Transparency / Feedback deficiency
1387,"공개 청원이나 민원제도는 주관적인 관념이 많기 때문에 
전체를 위한 일인지 명확하게 파악하기가 힘듬 
",14,1,1|6,"Subjective, unclear if public interest",Lack of effectiveness,Other
1389,너무 사소하거나 너무 일부만을 위한 제도를 만들어 달라는 감성적 호소가 많다.,2,2,2,"Emotional, selfish petitions",Frivolous / Emotional petitions,Frivolous / Emotional petitions
1390,"무분별한 청원 
정부 지원의 낭비",2,2,1|2,Indiscriminate petitions waste resources,Frivolous / Emotional petitions,Frivolous / Emotional petitions
1391,청원이나 민원에 대한 빠른 대응이 일어나지 않아 기다리는데 시간이 오래 걸림,4,4,4,Slow response and long waiting time mentioned,Slow processing / Bureaucratic delays,Slow processing / Bureaucratic delays
1395,근거가 부족한 주장이나 실현이 어려운 청원도 필터링 없이 올라온다는 점이 아쉽다.,5,5,5|12,Wants filtering; mentions unrealistic petitions,Need for filtering / Guidelines,Need for filtering / Guidelines
1400,"전문가의 시각 부족. 하지만 그게 또 매력인 것 같다. 문제에 봉착한 당사자의 고충과 국민이 생각한 개선방안을 알 수 있을 만한 창구가 흔치 않다. 
또다른 한계로는 디지털 기기 취약계층의 접근도가 떨어질 수 있을 것 같다. 이용하는 사람만 이용할 것 같다. 표현이 서툴더라도 자세히 들여다보는 노력이 필요할 것 같다.",1,12,11|12,Lack of expertise and accessibility issues noted,Feasibility / Unrealistic proposals,Lack of effectiveness
1403,개인적인 무분별한 청원이  많은 것 같다.  실효성 있는 청원이라도 실행 되기 까지 시간이 많이 걸릴 것이다,2,2,1|2|4,Mentions frivolous petitions and slow execution,Frivolous / Emotional petitions,Frivolous / Emotional petitions
1404,"가시화가 되지 않으면 아무리 효과적인 제안이라도 유명무실해지며, 
반대로 터무니없고 비현실적이거나, 혐오적이고 차별적인 민원도 여론전으로 악용할 수 있는 등 다수결의 허점을 그대로 드러냄.",2,1,1|10,Ineffectiveness and misuse by majority rule noted,Lack of effectiveness,Frivolous / Emotional petitions
1406,막말할수 잇다,14,14,14,Substantive opinion not fitting other categories,Other,Other
1408,긍정적인 면과 부정적인 면이 함께 존재. 상대방과 나의 정당성중 하나 선택의 문제.,8,14,14,"Mixed positive and negative opinion, no clear category",Other,Positive / Supportive
1410,장황하게 말이 너무 김,14,6,6,"Too long and wordy, readability issue",Readability / Communication issues,Other
1412,너무 구구절절 사연자의 주장에 필요없는 배경설명부터 시작해서 관련없는 말이 너무 많습니다. 그러다보니 다소 핵심 주장이 빠져있거나 가려지는 경우가 많은 것 같습니다. 구체적인 개요나 서술 요령이 같이 첨부된다면 더 효율적인 글 작성이 가능할 것 같습니다.,2,6,5|6,Poor expression and suggests guidelines,Readability / Communication issues,Frivolous / Emotional petitions
1413,없음,9,9,9,No opinion given,No opinion / Don't know,No opinion / Don't know
1415,"아직은 위의 제도에 대하여 적극적으로 관심을 가지고 있지 않아서 문제점이나 한계를 논할 입장은 아니지만  
자칫 분노 표출의 대상이 되지 않기를 바라고, 민원에 대한 대응도 형식적이 아닌 어렵게 제도를 선택한 입장을 고려할 수 있었음 좋겠습니다. 
",1,14,14,"Wants careful consideration, no clear category",Other,Lack of effectiveness
1417,개인이 욕심으로 원하는바를 말하는게 많아서 사실상 이루어질만한 청원이 별로없다. 청원 자체의 질을 높일 방안을 찾아야한다,14,7,5|7,Selfish petitions and need for quality control,Personal / Selfish petitions,Other
1419,안건의 성격을 구분해서 비교적 간단하고 실현 가능한 것을 우선적으로 처리하도록 하면 좋을 듯함. 장기적이고 논의 과정이 복잡한 것은 따로 분류해서 처리하면 효율적일 듯 함.,12,5,1|5,Suggests classification and prioritization,Need for filtering / Guidelines,Feasibility / Unrealistic proposals
1420,너무 말도 안되는 주장이나 타당성이 없는 제안이 많아 민원 응대에 과도한 인력 소모가 예상됨.,2,13,2|13,Burden on officials due to many invalid petitions,Civil servant burden / Institutional constraints,Frivolous / Emotional petitions
1421,모르겠음,9,9,9,No opinion given,No opinion / Don't know,No opinion / Don't know
1423,쉽게 접근할 수 있다는 이미지가 형성되어 있지 않은 것 같다.,11,11,11,Lack of accessibility and awareness,Need for more participation / Awareness,Need for more participation / Awareness
1424,특정 집단의 집중적인 청원 및 민원 제기,14,10,2|10,Group mobilization and excessive petitions,Mob mentality / Opinion manipulation,Other
1425,너무 많아요,14,2,2,Too many petitions,Frivolous / Emotional petitions,Other
1426,없다,9,9,9,No opinion given,No opinion / Don't know,No opinion / Don't know
1429,모르겠다,9,9,9,No opinion given,No opinion / Don't know,No opinion / Don't know
1430,실제적인 효과가 없다,1,1,1,"No real effect, ineffective system",Lack of effectiveness,Lack of effectiveness
1431,현실반영에 한계가 있다,2,1,1,"Limits in reflecting reality, ineffective",Lack of effectiveness,Frivolous / Emotional petitions
1432,백날 말해도 결국 정당들이나 기존 기득권들을 위한 제도나 만들기만 하고 청년이나 표가 안되는 사람들의 말은 절대 안들어준다 결국 표 때문에 기득권들의 문제점 위주만 집중적으로 해결한다,1,1,1|10,"System favors elites, political manipulation",Lack of effectiveness,Lack of effectiveness
1434,정보 접근성의 차이로 인해 현실성 있는 대안을 제시하기 어렵다.,12,12,12,Difficulty proposing realistic alternatives,Feasibility / Unrealistic proposals,Feasibility / Unrealistic proposals
1438,무분별함.,2,2,2,Indiscriminate petitions,Frivolous / Emotional petitions,Frivolous / Emotional petitions
1440,누가 보고 판단하는지 모른다,14,3,3,Unclear who reviews petitions,Transparency / Feedback deficiency,Other
1441,실효성 문제,1,1,1,Effectiveness problem,Lack of effectiveness,Lack of effectiveness
1443,큰일뿐만 아니라 사소하고 작은일에도 청원글이 올라올 때까 있는 것 같다.,14,2,2,Petitions on trivial and big issues,Frivolous / Emotional petitions,Other
1446,비전문가 주장,12,12,12,Non-expert claims,Feasibility / Unrealistic proposals,Feasibility / Unrealistic proposals
1447,"생각해볼만한 아이디어이지만 비현실적인 대책 제안이 많음, 제안을 더 구체적으로 적을 수 있도록 작성 단계가 세분화되면 좋을 것 같음",12,12,5|12,"Unrealistic proposals, need detailed writing stages",Feasibility / Unrealistic proposals,Feasibility / Unrealistic proposals
1448,자신의 의견이 무조건 올곧다고 생각하는 한계가 있음,2,2,2,"Opinion rigidity, emotional",Frivolous / Emotional petitions,Frivolous / Emotional petitions
1452,특별히 생각나는 게 없다,9,9,9,No particular thought,No opinion / Don't know,No opinion / Don't know
1453,무분별하거나 실효성 없는 제안,2,1,1|2,Indiscriminate and ineffective proposals,Lack of effectiveness,Frivolous / Emotional petitions
1463,투명성 효력미흡,3,3,1|3,Transparency and effectiveness lacking,Transparency / Feedback deficiency,Transparency / Feedback deficiency
1467,"늘 문제를정확하게 
판단하여 빨리해야한다",4,14,14,Need accurate and quick judgment,Other,Slow processing / Bureaucratic delays
1468,바로 시정이 되지 않음,14,4,1|4,"No immediate correction, slow",Slow processing / Bureaucratic delays,Other
1472,"무분별한 청원 
",2,2,2,Indiscriminate petitions,Frivolous / Emotional petitions,Frivolous / Emotional petitions
1479,무분별한 민원,2,2,2,Indiscriminate complaints,Frivolous / Emotional petitions,Frivolous / Emotional petitions
1483,모르겠음,9,9,9,Don't know,No opinion / Don't know,No opinion / Don't know
1484,없음,9,9,9,No opinion,No opinion / Don't know,No opinion / Don't know
1487,공개청원이나 민원이 특정인이나 특정집단을 대변하는 것이 아닌 공공의 목적에 맞아야 한다고 생각합니다.,14,7,7,"Petitions should serve public, not personal interests",Personal / Selfish petitions,Other
1490,없음,9,9,9,No opinion given,No opinion / Don't know,No opinion / Don't know
1491,잘 모르겠음.,9,9,9,Expresses not knowing,No opinion / Don't know,No opinion / Don't know
1494,너무 많은 민원과 청원으로 혼란스럽습니다,2,2,2,Too many petitions cause confusion,Frivolous / Emotional petitions,Frivolous / Emotional petitions
1495,개인적 감정에 치우침,7,2,2,Petitions biased by personal emotions,Frivolous / Emotional petitions,Personal / Selfish petitions
1496,없음,9,9,9,No opinion given,No opinion / Don't know,No opinion / Don't know
1507,다양한 의견들 중 우선순위가 중요 할 것 같다.,14,5,5,Prioritization among opinions needed,Need for filtering / Guidelines,Other
1509,사이트에 들어가기가 어렵다.,14,11,11,Difficult to access the site,Need for more participation / Awareness,Other
1511,결과 및 이후 과정에 대해 알수 없어 아쉬움,3,3,3,No feedback or info on results,Transparency / Feedback deficiency,Transparency / Feedback deficiency
1514,문어체가 구체적으로 표현되어야 하는데 감정으로 두루뭉실하게 호소를 하면 알아듣기 힘들다,14,6,6,Emotional vague appeals hard to understand,Readability / Communication issues,Other
1518,문장이나 단어표현에 있어서 약자들이 이겨내기에는 너무 힘이 들다,14,6,6,Difficult language expression for weak parties,Readability / Communication issues,Other
1523,개인적이고 주관적인 대책들이 종종 보입니다. 모든 청원들을 받아들이기 보다는 그중에서 잘 거르는 것이 중요할 것 같습니다,7,7,5|7,Need to filter selfish petitions,Personal / Selfish petitions,Personal / Selfish petitions
1527,무분별하게 남발되는 청원은 자제해야 한도 생각,2,2,2,Excessive indiscriminate petitions,Frivolous / Emotional petitions,Frivolous / Emotional petitions
1529,논리적으로 서술하는 능력이 부족하고 무분별하게 글을 작성함,2,6,6,Lack of logical writing skills,Readability / Communication issues,Frivolous / Emotional petitions
1531,너무많은 민원으로 해결이 다 안되는점 개개인의 상황이나 생각이 달라서 절충하는데 어려움,2,1,1,"Too many petitions, hard to resolve",Lack of effectiveness,Frivolous / Emotional petitions
1532,"민원고에 작성된 글을 읽어보니, 근거가 너무 부족하다는 느낌이 많이 들고 감정에 호소하는 글들이 많은 것 같아,  
민원이 설득되기 어렵다는 생각이 들었다.",2,2,2|6,"Emotional, unsubstantiated petitions hard to persuade",Frivolous / Emotional petitions,Frivolous / Emotional petitions
1537,믿음,14,8,8,"Expresses trust, positive feeling",Positive / Supportive,Other
1538,정당한 판단인지 궁금함.,3,14,14,"Curious about fairness, no other category fits",Other,Transparency / Feedback deficiency
1540,청원이 관심있는 사람에게만 보여서 아타깝다.적극적인 알림이 필요하다,11,11,11,Need more active notification and awareness,Need for more participation / Awareness,Need for more participation / Awareness
1541,공개 청원이나 민원 제도나 본인이 스스로 불편함을 느껴 질의하는 것으로 별 차이점이 없다고 생각,14,14,14,"Feels no difference, discomfort but no clear category",Other,Other
1542,"민원을 넣어도 매뉴얼 적인 답장이 왔을 뿐, 구체적인 해결이 어려웠습니다.",14,1,1|3,"Petitions get manual replies, no real solutions",Lack of effectiveness,Other
1549,잘 모르겠습니다.,9,9,9,Expresses no knowledge or opinion,No opinion / Don't know,No opinion / Don't know
1556,현실적인 응대,14,8,8,"Describes response as realistic, positive tone",Positive / Supportive,Other
1557,소리를 내는 사람만 소리를 냄. 현실적으로 정책 반영 어려움.,14,1,1|7,Only vocal people heard; policy reflection difficult,Lack of effectiveness,Other
1559,"비슷한 글의 문장에도 불구하고 그사람의 태도, 논리적 언어에 따라 받아들이는 논의가 다르다고 느낌.",6,6,6,Different reception based on attitude and logic,Readability / Communication issues,Readability / Communication issues
1562,글의 구성이 제대로 이해하지 못하겠으면 아예 읽기 조차도 겁나요,6,6,6,Hard to read or understand petitions,Readability / Communication issues,Readability / Communication issues
1567,구체적이거나 논리적이지 않은 내용을 기재하는 것,14,2,2,"Unclear, illogical content in petitions",Frivolous / Emotional petitions,Other
1569,"글쓴이 본인위주의 글이다 보니 모두 엮어서 힘들다 라고 표현하나 그렇지 않은 사람들도 분명 있을거라는 점 
모두가 필요한 정책개선점을 올리는 사람은 적음 
본인이 지지하는 당에 대한 지지 이런 글들도 보이기도 하고... 이런건 AI가 걸러주면 좋겠다.",7,7,5|7,Self-centered petitions; suggests AI filtering,Personal / Selfish petitions,Personal / Selfish petitions
1571,"동의자 수 확보의 어려움  
정부 답변의 실효성 부족",1,1,1,Difficulty securing agreement; ineffective government response,Lack of effectiveness,Lack of effectiveness
1572,해결이 느리다,4,4,4,Slow resolution of petitions,Slow processing / Bureaucratic delays,Slow processing / Bureaucratic delays
1577,"사람들이 각자 바라는 바, 원하는 바가 너무 많고 범위가 넓으며 과반수의 동의가 많은 의견이 별로 없다는 점에서 문제점을 느끼고, 
뭔가 소수가 바라는 민원 제도 인것 같아서 조금 더 넓게 생각했음 합니다",2,7,1|7,Many diverse demands; minority petitions problematic,Personal / Selfish petitions,Frivolous / Emotional petitions
1579,답답함,14,11,11,Feels need for broader participation and awareness,Need for more participation / Awareness,Other
1582,"일정 수 이상이 되어야 받아들여지는 것, 
관심이 없거나 상관이 없으면 소수의 의견은 상정도 되기 힘들다는 것",14,1,1|7,Minority opinions rarely accepted; threshold issues,Lack of effectiveness,Other
1583,"개인의 차원에서 이득이지만, 국가와 사회적 차원에서 손실이 발생하는 공개청원과 민원도 무분별하게 올라옴 수령된 청원과 제도를 그 종류에 따라 나누어 국가적 손익을 따져 선별할 필요가 있음",2,1,1|2|5|7,Uncontrolled selfish petitions; need for selection,Lack of effectiveness,Frivolous / Emotional petitions
1585,무분별함,2,2,2,"Frivolous, indiscriminate petitions",Frivolous / Emotional petitions,Frivolous / Emotional petitions
1587,"앞서 제시된 A,B 두 가지의 글을 읽어 보았을때 문제점들은 충분히 해결할수 있는 부분들도 있는것 같고 그렇지 못한 부분도 있는것 같습니다. 시민들의 귀 기울여 주셨으면 합니다.",1,1,1|8,"Some problems solvable, some not; hopes for attention",Lack of effectiveness,Lack of effectiveness
1589,무분별한 청원 및 민원 남발. 실현 여부 불투명.,2,2,1|2|3,Excessive petitions; unclear feasibility,Frivolous / Emotional petitions,Frivolous / Emotional petitions
1593,감정에 호소하는 청원들이 너무 많은 것 같습니다,2,2,2,Too many emotional petitions,Frivolous / Emotional petitions,Frivolous / Emotional petitions
1595,합리적으로 실현 가능한지 검토할 시간이 길 것 같음,12,12,4|12,Long time to review feasibility,Feasibility / Unrealistic proposals,Feasibility / Unrealistic proposals
1599,다양한 다른 의견을 첨부하기 어려움,14,6,6,Difficult to attach diverse opinions,Readability / Communication issues,Other
1600,비현실적인 대책이 남발한다.,2,12,12,Unrealistic proposals frequently submitted,Feasibility / Unrealistic proposals,Frivolous / Emotional petitions
1601,"개인적으로 해결해야 할 불만도 게시하는 사람들이 많아 진짜 필요한 청원, 민원의 해결이 늦어진다.",7,7,1|7,Many selfish petitions delay real issues,Personal / Selfish petitions,Personal / Selfish petitions
1607,청원이나 민원이 무분별하게 마구잡이로 올라올 수 있음,2,2,2,Petitions indiscriminately posted,Frivolous / Emotional petitions,Frivolous / Emotional petitions
1608,국민들이 청원을 넣을때 조금더 생각하고 논리적으로 글을 작성하면 더 효과적으로 작용할 것 같음,14,6,6,"Need for logical, thoughtful writing",Readability / Communication issues,Other
1610,없음,9,9,9,No opinion given,No opinion / Don't know,No opinion / Don't know
1614,전문성이니 객관성이 좀 떨어진다,14,12,12,Lack of expertise and objectivity,Feasibility / Unrealistic proposals,Other
1616,너무 당연시한 이야기가 많이 도는 느낌을 받는거 같습니다,2,14,14,Feels many petitions are obvious/commonplace,Other,Frivolous / Emotional petitions
1618,제대로 해결되고 있는지가 명확하게 나타나지 않음,6,3,3,Unclear if issues are properly resolved,Transparency / Feedback deficiency,Readability / Communication issues
1623,자신의 감정을 호소하는 청원으로 인해 실현이 불가능한 대책을 이야기해서 해결방법에 대해 생각해보지 못하게 되는 아쉬움이 있다.,1,1,1|12,Emotional petitions cause unrealistic proposals,Lack of effectiveness,Lack of effectiveness
1628,어르신들 이용 어려움,14,11,11,Elderly have difficulty using system,Need for more participation / Awareness,Other
1632,무분별하게 막 올리는 게 문제인 것 같습니다.,2,2,2,Problem with indiscriminate postings,Frivolous / Emotional petitions,Frivolous / Emotional petitions
1634,형식적인 질문만 올라온다,1,5,5,Only formal questions posted,Need for filtering / Guidelines,Lack of effectiveness
1643,개선이 되는 모습이 보이지않음,14,1,1,No visible improvements,Lack of effectiveness,Other
1644,"형식은 갖췄지만 국민 체감 실효성 부족, 
일부는 정치적·상징적 수단으로만 기능하고 있음.",10,1,1|10,Lack of real effect; some political use,Lack of effectiveness,Mob mentality / Opinion manipulation
1647,타장한 청원의 홍보 부족과 비합리적 논리를 담은 청원의 혼재.,2,14,14,Lack of promotion and mixed irrational petitions,Other,Frivolous / Emotional petitions
1654," 
취지는 좋으나 개선이 될지는 우려됨",14,1,1,Good intent but doubtful improvement,Lack of effectiveness,Other
1658,논리적 근거 없는 민원,6,6,6,Petitions lack logical basis,Readability / Communication issues,Readability / Communication issues
1661,대응 속도가 느림,4,4,4,Slow response speed,Slow processing / Bureaucratic delays,Slow processing / Bureaucratic delays
1662,"공론화 될 수 있고 많은 국민들이 해당되는 내용도 있지만 일부 소수의 하소연 같은 느낌의 글은 별도의 창이 필요할 듯 보입니다. 
그리고 이미 논의가 되고 있거나 제시한 해결 방안들이 기존의 것들과 별반 차이점이 없어 보이기도 합니다.",1,2,2|5|12,"Some petitions are complaints; repetitive, no novelty",Frivolous / Emotional petitions,Lack of effectiveness
1664,논리없이 감정적으로만 호소함,2,2,2,Emotional appeals without logic,Frivolous / Emotional petitions,Frivolous / Emotional petitions
1665,모름,9,9,9,"No opinion, just '모름'",No opinion / Don't know,No opinion / Don't know
1666,"모든사람들의 의견이 아니므로 신뢰감이 없을수 있고, 연령대에 한계가 있을수 있다",2,1,1,Doubt about trust and representativeness,Lack of effectiveness,Frivolous / Emotional petitions
1668,너무 주관적,14,2,2,"Too subjective, emotional petitions",Frivolous / Emotional petitions,Other
1672,글이 너무 많은데 정리되어 있지 못해서 긁을 읽지 못하고 넘기는 점,2,6,6,"Hard to read, unorganized text",Readability / Communication issues,Frivolous / Emotional petitions
1674,실질적인 문제점 파악을 못한 청원들이 많다.그저 개인적인 불만호소로 느껴지는 청원이 많아보인다,7,7,7,Many petitions are personal complaints,Personal / Selfish petitions,Personal / Selfish petitions
1676,실현 가능성 적음,12,12,12,Low feasibility of proposals,Feasibility / Unrealistic proposals,Feasibility / Unrealistic proposals
1677,문제점을 제기해도 제대로 이루어지지 않고 중간에 누락되는 경우가 많다,14,1,1|3,"Petitions ignored or lost, no proper follow-up",Lack of effectiveness,Other
1678,"1. 누구나 민원을 올릴 수 있다보니 청원 사이트를 둘러보는 입장에서는 청원 수가 많은 글만 보게 됩니다. 중요한 문제임에도 불구하고 사람들 눈에 띄지 않는 민원글도 많고, 반대로 특정 집단의 이익을 위한 것임에도 sns 광고 등을 통해 유명해진 글도 많습니다.  
2. 제가 민원을 작성한 경험이 없어 자세히는 모릅니다만, 민원 글을 올리는 데에 자세한 설명이 없는 것인가 하는 생각이 들 정도로, 작성자마다 각 항목을 이해하는 방식이 달라 내용이 중구난방으로 보일 때가 많습니다.",5,2,2|5|6,"Indiscriminate petitions, unclear writing, lack of guidelines",Frivolous / Emotional petitions,Need for filtering / Guidelines
1680,무분별한 공개 청원,2,2,2,Indiscriminate public petitions,Frivolous / Emotional petitions,Frivolous / Emotional petitions
1681,"없음 
",9,9,9,"No opinion, '없음'",No opinion / Don't know,No opinion / Don't know
1684,법적으로 청원을 해도 잘 바뀌려면힘든부분이 있고 개인적인 청원이 남발할 수 있다고 생각합니다.,2,1,1|7,"Hard to change, many personal petitions",Lack of effectiveness,Frivolous / Emotional petitions
1685,민원처리가 늦다,4,4,4,Slow processing of petitions,Slow processing / Bureaucratic delays,Slow processing / Bureaucratic delays
1686,실현가능성과 보편성,12,12,12,Feasibility and generality issues,Feasibility / Unrealistic proposals,Feasibility / Unrealistic proposals
1688,전문성이 결여,14,12,12,Lack of expertise,Feasibility / Unrealistic proposals,Other
1693,"전달 되는 과정에서의 의견 누락 및 제대로 된 의견 전달이 이루어 질 때 까지  복잡하고 긴 시간이 문제점이다.  
또 전달 되었다 하더라도 논외가 되는 경우가 많아 사실 상 의견을 내는 것에 의미가 있는가 하는 의문이 든다.",6,1,1|3|4,"Long delays, lost opinions, doubts about effectiveness",Lack of effectiveness,Readability / Communication issues
1695,없음,9,9,9,"No opinion, '없음'",No opinion / Don't know,No opinion / Don't know
1696,무분별한 민원,2,2,2,Indiscriminate petitions,Frivolous / Emotional petitions,Frivolous / Emotional petitions
1697,작성자에따라 글에 내용이 빈약해질 수 있음,14,6,6,Content weak depending on writer,Readability / Communication issues,Other
1698,비적절한 어투와 태도로 글을 작성하는 것과 비현실적인 제안의 건수가 지나치게 많은 것에 대한 제제가 없다는 점,2,2,2|5|12,"Inappropriate tone, many unrealistic proposals, no sanctions",Frivolous / Emotional petitions,Frivolous / Emotional petitions
1699,사회적으로 큰 이슈가 바탕이 된 청원 및 민원을 제외한다면 실질적으로 얼마나 반영이 되었는지 알 수 없음. 효과가 없는 것 같음.,1,1,1|3,"Effectiveness unknown, no feedback",Lack of effectiveness,Lack of effectiveness
1704,특별히 없음,9,9,9,No particular opinion expressed,No opinion / Don't know,No opinion / Don't know
1708,내용이 간략하지 않다,14,6,6,"Content is not concise, hard to read",Readability / Communication issues,Other
1712,"무분별한 내용들이 많음 
공개 청원 및 미원 제도에 투명한 심의 과정을 도입하고 
반려될 경우 반려되는 이유를 전달하여 보완 후 다시 신청하는 방식 등의 개선이 필요함",2,5,2|3|5,"Calls for filtering, transparency, feedback",Need for filtering / Guidelines,Frivolous / Emotional petitions
1713,답변이 늦음,4,4,4,Response is slow/delayed,Slow processing / Bureaucratic delays,Slow processing / Bureaucratic delays
1715,무분별한 떼쓰기 민원이 늘어난 것 같아서 안타깝다.,2,2,2,Increase in frivolous petitions,Frivolous / Emotional petitions,Frivolous / Emotional petitions
1718,청원을 하더라도 채택되는게 어렵고 전문적인 지식을 기반으로 해야 봐준다,14,1,1|12,"Difficult to get adopted, needs expertise",Lack of effectiveness,Other
1719,조금 걸러지는 부분도 있는 듯 합니다,5,5,5,Some filtering seems to exist,Need for filtering / Guidelines,Need for filtering / Guidelines
1721,"미리 방지를 해야 하는데 개선이 안되어 있고 그로 인해서 한계가 있다고 생각한다. 
문제도 미리 해결 안되겠지만 되도록이면 잘 되었으면 한다.",8,5,1|5,Need prevention and improvement,Need for filtering / Guidelines,Positive / Supportive
1725,문제점은 허위로 청원하는 경우이고 그럴때의 행정력 낭비도 걱정되기도 합니다. 한계는 없을 것 같고 답변하는 정부에서 성의를 갖고 잘 처리하는 것이 중요하다고 생각합니다.,9,13,8|13,Concerns about admin burden and sincerity,Civil servant burden / Institutional constraints,No opinion / Don't know
1729,저마다 공익보다는 개인의 이익 관점이 주가 되는 청원이다는 것,7,7,7,Petitions focus on personal interests,Personal / Selfish petitions,Personal / Selfish petitions
1730,쓸데없는 민원 제기로 행정력 낭비,2,1,1|13,Waste of admin resources due to useless petitions,Lack of effectiveness,Frivolous / Emotional petitions
1731,예산이나 기타 다른 문제에 대한 고려 없이 민원인 개인의 사정이 우선시 되는 경우가 많음,13,7,7|13,Personal interests prioritized over budget,Personal / Selfish petitions,Civil servant burden / Institutional constraints
1735,"개인의 이익을 위해 청원 및 민원제도를 악용함 
정해진 양식이 없으니 글을 어떻게 쓰는지 하고자 하는 말이 무엇인지 애매할 때가 많음",2,7,5|6|7,"Abuse for personal gain, unclear writing",Personal / Selfish petitions,Frivolous / Emotional petitions
1736,주관적인 부분이  사회에 불면사항이되어 개선되어지고 향상될때 사회ㅣ보장제도의 올바른 방향제시에 도움이 될듯하고 정부는 개인이라도 귀를 기울여듣고 고민하길 바란다,14,8,8,Positive about government listening,Positive / Supportive,Other
1741,구독성이 떨어진다. 어느정도의 서식 규정이 있으면 좋겠다,5,6,5|6,"Poor readability, needs format guidelines",Readability / Communication issues,Need for filtering / Guidelines
1743,청원 민원이 되도 높으신 분들이 그냥 무시하시는 것 같다.,1,1,1,Petitions ignored by authorities,Lack of effectiveness,Lack of effectiveness
1744,개인적인 의견만으로 청원을 한다거나 민원을 제기하는 것은 일거리가 너무 무분별하게 많아지므로 선별되어야 한다,2,5,2|5,Need to filter indiscriminate petitions,Need for filtering / Guidelines,Frivolous / Emotional petitions
1748,거시적인 입장에서 바라본 글이 많이 없는 것 같다.,14,12,12,Lack of macro perspective in petitions,Feasibility / Unrealistic proposals,Other
1750,공개 청원 및 민원 제도를  보다 효과적으로 이용 하고 자신의 생각을 관철 시키기 위해서는  맞춰진 폼에 맞게 적절한 문법으로 간단 명료 하게 제시 해야 한다는 것을 사례들로 부터 배우게 되네요.,11,5,5|6|11,"Advocates form, grammar, clarity, participation",Need for filtering / Guidelines,Need for more participation / Awareness
1751,없다,9,9,9,No opinion stated,No opinion / Don't know,No opinion / Don't know
1752,아무나 할 수 있는 것이 가장 큰 장점이자 단점같다.,14,5,5,System accessible to anyone is both strength and weakness,Need for filtering / Guidelines,Other
1754,민원에 대해서 명확한 답변을 들을수 있으지 의문이 든다,14,3,3,Doubt about clear responses to petitions,Transparency / Feedback deficiency,Other
1760,없음.,9,9,9,"No opinion, blank response",No opinion / Don't know,No opinion / Don't know
1761,제안을 통해 아이디어를 주는 시민들은 해당 분야에 대한 전문적지식이 충분하지 않을 수 있기 때문에 공개제안에서 나온 아이디어 중에 필요한 부분을 잘 채택해서 공직자들이 올바르게 활용하는게 중요할 것 같다,3,12,12|13,Concerns about expertise and proper use of ideas,Feasibility / Unrealistic proposals,Transparency / Feedback deficiency
1764,무분별하고 논리 없고 대안도 없이 떼쓰기 식의 민원들이 많아요,2,2,2,Many petitions are indiscriminate and illogical,Frivolous / Emotional petitions,Frivolous / Emotional petitions
1771,글에 정확한 의도가 조금은 부족해보인다,14,6,6,Lack of clear intent in writing,Readability / Communication issues,Other
1781,문제점을 지적하지만 해결책이 명확하지 않다.,1,12,12,Points out problems but lacks clear solutions,Feasibility / Unrealistic proposals,Lack of effectiveness
1783,몇몇 제안에 정성없음,14,6,6,Some proposals lack sincerity,Readability / Communication issues,Other
1784,정확한 개선 방법을 제시하지 않았음,14,12,12,No clear improvement methods suggested,Feasibility / Unrealistic proposals,Other
1793,"국민의 공감과 지지가 있는 정책이어도 행정적으로 어려운 경우에는 시행되기 까지 오래 걸리거나 시행이 어려울 수도 있고, 오히려 국민의 공감과 지지율이 크지 않은 정책이어도 실행하는데는 생각보다 빨리 이뤄질 수 있는 정책들도 있을 수 있는데 결국 결정권자들 입장에선 전자를 우선적으로 생각할지는 잘 모르겠다",3,13,13,Administrative difficulty and decision-maker priorities,Civil servant burden / Institutional constraints,Transparency / Feedback deficiency
1794,구체적으로 설명하기힘듬,14,9,9,"Difficult to explain specifically, no clear opinion",No opinion / Don't know,Other
1795,국민의 소리를 듣는것은 좋으나 역시 필터링이 상당히 힘들것,5,5,5,Filtering petitions is very difficult,Need for filtering / Guidelines,Need for filtering / Guidelines
1798,무분별한 민원 제기,2,2,2,Indiscriminate complaints raised,Frivolous / Emotional petitions,Frivolous / Emotional petitions
1801,해결해주는 존재를 믿지 못함,1,1,1,Distrust in system solving problems,Lack of effectiveness,Lack of effectiveness
1803,딱히없다,9,9,9,No particular opinion,No opinion / Don't know,No opinion / Don't know
1804,무응답,14,9,9,No response,No opinion / Don't know,Other
1811,없음,9,9,9,No opinion,No opinion / Don't know,No opinion / Don't know
1814,"일괄적인 양식이 없고, 너무 무분별하고, 각자의 관심사가 너무나도 다른 만큼 주의깊게 읽고 동의하는 사람보다 무분별한 물타기가 많다.",2,2,2|5|6,"No format, indiscriminate, diverse interests cause noise",Frivolous / Emotional petitions,Frivolous / Emotional petitions
1818,청원수가 많아도 해결해주지않음,14,1,1,Many petitions but no resolution,Lack of effectiveness,Other
1820,모르는 사람들이 많은거 같다,11,9,9,Many people unaware of system,No opinion / Don't know,Need for more participation / Awareness
1825,"감성에 치우쳐있거나, 논리적이지 않은 청원들도 올라오며, 군중심리 떼법 마냥 머릿수로 청원 동의수가 많아질 수 있음",2,2,2|10,Emotional petitions and mob mentality mentioned,Frivolous / Emotional petitions,Frivolous / Emotional petitions
1832,청원인(민원인)은 빠른 실행을 원하지만 행정부처에서는 원론적인 답변이 주를 이루기 때문에 실효성이 크게 떨어짐,1,1,1,"System lacks effectiveness, responses are formal",Lack of effectiveness,Lack of effectiveness
1835,"공개 청원이 너무 무분별하게 이슈화된 일에 일단 올리고보는 그런 문제점들이 많이 발생한다 
",2,2,2,"Indiscriminate, frivolous petitions noted",Frivolous / Emotional petitions,Frivolous / Emotional petitions
1837,실현 부족,14,12,12,Unrealistic or insufficient realization mentioned,Feasibility / Unrealistic proposals,Other
1841,"시민분들의 민원서나 청원서 하나하나 제대로 고려,반영을 하고 있지는 않은것 같고 
많은 시민들이 청원이나 민원에 대한 관심이 큰것 같지 않은것 같아 잠여도를 높일수 있는 방안들이 필요한것 같습니다",1,11,11,Need for more participation and awareness,Need for more participation / Awareness,Lack of effectiveness
1847,"익명성, 개인적 사연을 곁들여 감성적 판단이 들어갈수 있다",7,2,2|7,Emotional and personal petitions noted,Frivolous / Emotional petitions,Personal / Selfish petitions
1851,쓸데없는 청원이나 민원을 넣는 사람들이 있어서 장난전화 같은 느낌으로 재미로 하는 사람들이 있다,2,2,2,"Frivolous petitions, prank-like behavior",Frivolous / Emotional petitions,Frivolous / Emotional petitions
1855,"너무 줄글이라 읽고 싶은 마음이 사라짐, 가독성이 떨어짐 
딱 요약해서 올려줬으면 좋겠음 
",6,6,6,Poor readability and long text complained,Readability / Communication issues,Readability / Communication issues
1857,반영되지 않는 경우가 많음,1,1,1,Petitions often not reflected,Lack of effectiveness,Lack of effectiveness
1861,과도하고 불필요한 민원이 많고 정확한 주장이 뭔지 모르겠는 민원이 많습니다,2,2,2|6,Excessive and unclear petitions,Frivolous / Emotional petitions,Frivolous / Emotional petitions
1862,개인이 가진 정보의 양이나 그것을 표현할 수 있는 수준에는 한계가 있기 때문에 청원 1번만으로는 완벽하게 본인이 추구하는 바를 온전하게 전달하기가 어려운 것 같다,2,12,12,Difficulty fully expressing complex issues,Feasibility / Unrealistic proposals,Frivolous / Emotional petitions
1863,무분별하고 비현실적인 제안이 많다.,2,2,2|12,Frivolous and unrealistic proposals,Frivolous / Emotional petitions,Frivolous / Emotional petitions
1866,해결이 안되고 무시하는게 문제,1,1,1,Problems with ignoring petitions,Lack of effectiveness,Lack of effectiveness
1868,수준이 낮은 국민들이 실현 불가능한 제안을 계속 하는게 문제다.,1,12,2|12,Unrealistic proposals from low-level citizens,Feasibility / Unrealistic proposals,Lack of effectiveness
1869,좌파들 쓸데없는 청원 받아주지좀 마라 좀,2,14,14,Substantive opinion not fitting other categories,Other,Frivolous / Emotional petitions
1870,"없음 
",9,9,9,No opinion given,No opinion / Don't know,No opinion / Don't know
1873,팔로우업이 어렵다,3,3,3,Difficult to follow up on petitions,Transparency / Feedback deficiency,Transparency / Feedback deficiency
1875,제대로 알아보지도 않고 사실이 아닌 정보를 써서 시간을 낭비하게 만든다,14,2,2|13,"False info wastes time, burden on officials",Frivolous / Emotional petitions,Other
1897,특정 정당을 지지하는 (특히 민주당 지지하는 머저리들) 사람들이 몰려가서 지들 정치성향에 맞는 헛소리만 지껄여댐,2,10,10,Political manipulation and mob mentality,Mob mentality / Opinion manipulation,Frivolous / Emotional petitions
1900,없음,9,9,9,No opinion given,No opinion / Don't know,No opinion / Don't know
1907,감정적 여론몰이로 인한 정책 왜곡,2,10,10,Mentions emotional mob mentality causing policy distortion,Mob mentality / Opinion manipulation,Frivolous / Emotional petitions
1909,해결 방안이 미비하거나 실현가능성이 낮다,1,12,12,Mentions insufficient solutions and low feasibility,Feasibility / Unrealistic proposals,Lack of effectiveness
1915,"공개 청원이기 때문에 모두가 본다는 문제점 
",14,3,3,Concern about everyone seeing public petitions (transparency issue),Transparency / Feedback deficiency,Other
1917,청원 및 민원을 제기해도 구체적인답변 혹은 실제로 정책에 반영이 되는지 의문이 생김.,1,1,1|3,Doubts about real impact and feedback,Lack of effectiveness,Lack of effectiveness
1929,"청원의 표현이나 어휘력 내용, 양식 등이 중구난방이다",5,6,6,Complains about inconsistent expression and format,Readability / Communication issues,Need for filtering / Guidelines
1938,"목소리에 영향력이 없다보니 실 효과가 생기는지도 모르겠고, 중구난방식의 청원이 많이 올라오는 것 같다",2,1,1|2,Doubts effectiveness; many disorganized petitions,Lack of effectiveness,Frivolous / Emotional petitions
1939,안녕하세요,9,9,9,"Non-substantive greeting, no opinion",No opinion / Don't know,No opinion / Don't know
1940,일부 청원이나 민원글 중 사실과 다르거나 현실적이지 못한 요구를 하는 글들은 사전에 필터링 할 수 있었으면 좋겠다,12,5,5,Wants filtering of unrealistic or false petitions,Need for filtering / Guidelines,Feasibility / Unrealistic proposals
1941,터무니없는 주장이 많음,2,2,2,Many unreasonable claims,Frivolous / Emotional petitions,Frivolous / Emotional petitions
1942,감정적으로 호소하는 사람들이 많음,2,2,2,Many emotional appeals,Frivolous / Emotional petitions,Frivolous / Emotional petitions
1946,너무낮은 진입장벽으로 인하여 지자체 콜센터에서 해결 할 문제를 중앙정치기관에 무분별하게 올림,2,2,2|5,Low barrier causes indiscriminate petitions to central politics,Frivolous / Emotional petitions,Frivolous / Emotional petitions
1949,무분별한 공개청원이 많음,2,2,2,Many indiscriminate public petitions,Frivolous / Emotional petitions,Frivolous / Emotional petitions
1950,괜찮은느낌,8,8,8,Positive feeling,Positive / Supportive,Positive / Supportive
1952,"민원인이 사안에 대한 전문성이 높다고 볼 수 없으며, 간혹 사회를 위한 주관적인 의견보다는 개인의 생각, 가치관 혹은 이익이 중시된 민원이 빈번하다. 사회의 여론에 휘말려 명확하지 않은 청원글이 올라오는 경우도 있다.",7,7,2|7|10,"Personal interests, emotional and unclear petitions influenced by public opinion",Personal / Selfish petitions,Personal / Selfish petitions
1954,의견 반영,14,1,1,Opinion reflection is symbolic only,Lack of effectiveness,Other
1957,그냥 보여주기식이 다이다.,9,1,1,"Only show petitions, no real effect",Lack of effectiveness,No opinion / Don't know
1973,답변 지연,4,4,4,Delayed responses,Slow processing / Bureaucratic delays,Slow processing / Bureaucratic delays
1985,"무분별한 청원의 정도는 생각보다 낮은 편이었지만 
답답함과 분노를 글에 적지 않아야 함에도 불구하고 감정을 담아 작성하여 
효과적으로 전달되지 못한 청원이 많았음",2,2,2|6,Many emotional petitions reduce effectiveness,Frivolous / Emotional petitions,Frivolous / Emotional petitions
1995,청원에 대한 명확한 기준이 없어서 불필요한 청원들도 많이 올라와 정작 관심 받아야 할 민원들이 그저 그런 민원들과 함께 없어지는 것,2,5,2|5,"No clear standards, many unnecessary petitions",Need for filtering / Guidelines,Frivolous / Emotional petitions
2016,너무 감정적으로 호소하는 것 같다,2,2,2,Too emotional appeals,Frivolous / Emotional petitions,Frivolous / Emotional petitions
2018,적극적인 공무 수행,14,8,8,Positive view on active public service,Positive / Supportive,Other
2030,하나하나 확인해야 될 부분이 많아서 따로 전담 부서가 있어야 될 만큼 인력 소모가 많이 들 것 같음.,3,13,13,Concern about manpower burden and need for dedicated staff,Civil servant burden / Institutional constraints,Transparency / Feedback deficiency
