title,area,attachment,status,date_petitioned,branch,현황 및 문제점,개선방안,기대효과,date_scraped,검토내용
노.사.전,노동/환경,,,2003-12-31,고용노동부,노사정이 아니냐구요..우리나라는 노사정이지요.. 하지만 kbs의 노동해직자와 중산층붕괴 프로그램을 보든중에 네델란드의 노사전 대타협이 네델란드를 살렸다는 내용을 보고 우리나라도 노사정이 아니라 노사전이 되면 더 낫지 않을까 하는 생각에 한가지 제안을 해 봅니다.노.사.전....  노동자 사업주. 그리고 전문가들이 참여해서 만든 노사전.. 우리나라 노사정과 유사한 거라고 하더군요..현제 우리나라노동자들은 정부를 불신하는 풍조가 강합니다. 그래서 사업주와 정부가 서로 짜고 노동자를 불리하게 하는 회담이라고 생각합니다.그래서 우리나라도 노사전으로 다시 만들었으면 합니다. 정부개입이 없는거죠  이런 노사전회담에서 나온결과물을 정부는 대다수수용하는 방법으로 우리나라 노사대탑협을 이루어내는게 어떨까요? 아마 모르긴 몰라도 지금처럼 노사정에 노동자들이 참여도 안하는 지금의 노사정보다 더 효율적인 대타협이 이루어지지 않을까요? 저의 이 제안이 부디 받아들여져서 노사대타협이 이루어져서 우리나라도 네델란드처럼 제2의 경제부흥이 이루어지고 그로 인해 중산층도 다시 되살아나고 우리나라경제도 부흥해 졌으면 좋겠습니다. 부디 이 글을 읽으시는 정부 관계자가 계신다면 흘겨넘겨보지 마시고 다시 한번 심사숙고해 주시기 바랍니다..그럼 수고하십시오,,,20240124,NA
"홍정우 사무관님, 감사합니다.",노동/환경,,,2003-12-30,고용노동부,"정책 제안은 아닌데, 너무 감사한 일이 있어서 글 올립니다. 부적절한 장소에 올리는거 용서해주시구요...제가 중국동포 고용문제 때문에 급한 일이 있어서 근무 시간도 아닌 시간에 당직자에게 알아봐서 핸드폰으로 2번이나 연락을 드리는 결례가 있었습니다. 물론 외국인 고용에 관해서 아는게 없으니까 이것 저것 귀찮게 자꾸 물어보고 설명해주신 것도 또 여쭤보고 했지요...그런데 끝까지 너무 성실하고, 친절하게 답변해주셔서 참 감동받았습니다. 공무원에 대한 이미지도 많이 바뀌고, 정책이 정해지는 과정도 참 여러가지를 고심해서 하시는 거구나 하는 생각도 들었습니다. 참 감사했구요, 국민을 위해서 성실하게 일하시는 모습이 너무 좋습니다. 새해 복 많이 받으세요!",,,20240124,NA
고용보험 상속에 관하여~~,노동/환경,,,2003-12-30,고용노동부,안녕하세요... 저는 작은 회사의 행정을 담당하고 있는 사람입니다...이번에 직원중에 병으로 돌아 가신분이 계시는데 이분에 의해서 생계를 유지해 가는 가족인데...당장 배우자가 직업을 갖을 때 까지는 생계가 막막 한데다가..경황이 없는중에 쉽사리 직업도 구해지지 않기에 어려움이 많습니다.그래서 실업급여에 대한 부분을 배우자가 소득이 없을 경우에...피보험자에 주어지는 권리를 상속 할 수 있게 해주시면...보다 많은 우리나라의 사회보험의 발전이 있지 않을까 합니다...어차피 실직시 주어져할 권리인 만큼 충분히 가능하지 않을까 합니다많은 업무에 시달리시며 고생이 많으시겠지만 작은 마음이 모이면그마음을 받는 사람은 한없이 큰사랑을 받게 될것 같습니다..고생하세요..,,,20240124,NA
국비지원 재직근로자 향상 훈련 (단속직 근로자 대상),노동/환경,,,2003-12-29,고용노동부,국비지원 재직근로자 향상 훈련(이하 국재훈)이 일반 근로자( 1일 8시간)만 혜택이 돌아가고 있습니다. 국재훈이 단속직 근로자( 경비. 아파트 관리소 기사 {당직 기사})도 훈련을 받을 수 있도록 시단위별로  한(1개소) 학원을 지정한다거나 아니면 일정 기간을 공고하여 그 기간내에는 이틀에 한 번씩 훈련에 참여하는 과정을 설정해주셨으면 합니다.,,,20240124,NA
국민연금 이상합니다.,노동/환경,,,2003-12-29,고용노동부,연금을 받고 있던 중 구직급여를 받게되면 연금 지급이 중단된다.,,,20240124,NA
고용보험 개선되어야 한다.,노동/환경,,,2003-12-29,고용노동부,질병으로 회사를 이직 하였을 경우 일을 다시 할수 있다는의사의 소견서를 제출하면 실업급여를 받을수 있다.질병으로 더이상 일을 하지 못할 경우에는 실업급여 뿐 아니라고용보험에서 받을수 있는 혜택은 한가지도 없다.,,,20240124,NA
일용직문제 묘책있습니다.,노동/환경,,,2003-12-29,고용노동부,"안녕하십니까? (소개) 저는 다음과 같은 의견으로, 민주사회에 동참하고 있는 (컴퓨터공학과졸 33세)시민입니다.대통령께 주5일제도 건의.노동부 주5일제 건의.은행 경제기관에 주5일제 건의 - 은행이 먼저 시행해야 한다.각 방송기관에 주5일제 건의.이외 각 부처에 주5일제 건의.산업인력관리공단에 자격증명칭변경, 자격증단계축소건의상공회의소 자격증변경(상장발급-카드화)건의행정부에 동사무소 민원처리지연 건의(전산화)등등 실제로 한 90여건의 발전적 건의를 했으며, 절대 비평은 하지 않습니다.이번에는 일용직에 대하여 노동부에 발전적으로 건의드릴 내용이 있어 글을 쓰게 되었습니다.-요점-다음과 같이 건의합니다.1. 일용직은 1개월 미만으로만! 고용할 수 있으며, 1개월 이상의 일용   직은 노동법에 위반됨을 규정지어 주시기 바랍니다.2. 업무상 1개월 이상 소요되는 근로형태는 계약직이나, 정규직형태   로만 채용 가능하도록 규정지어 주시기 바랍니다.    (계약직과 정규직은 일용직과 달리 공휴일급여가 보전된다.)3. 일용직으로 채용된 자가 1개월이 초과할 경우 계약직으로 변경되어   야 한다는 내용을 규정지어 주시기 바랍니다.4. 3항에 의해 계약직으로 변경된 자는 일용직으로 근무한 1개월에 대   해서 계약직으로 소급적용을 받을 수 있도록 규정지어주시기 바랍   니다.■ 발생되고 있는 문제점 인식:다음과 같은 일용직 민원이 많아 골머리가 아프시리라 생각됩니다.1. 일용직 급료정산문제.2. 일용직 퇴직금 정산 문제.3. 일용직 국가공휴일 적용문제.4. 일용직 근로법상 월차, 월차수당등의 적용문제.5. 일용직 이력(경력) 적용문제... 그밖에 셀수도 없이 많은 일용직 문제들...■ 왜 이런 문제들이 발생하는가?이는 일용직과 계약직의 차이에 대한 개념이 없기 때문입니다. (고용주나 피고용자 모두)일용직은 사업주가 한시적인 일에 대하여 1일채용, 1일급료 지불을 기준으로 채용하는 것이나 현 사회적 통념은 그렇지 않습니다.사회적 통념의 일용직 개념은 ""고용주 편의상 적은 급료를 주고 채용하여 언제든지 처분(?)할 수  있다, 라는 인식을 가지고 있습니다.또한 계약직처럼 급료도 월말에 줍니다. 이를 합의하는 경우도 있고, 그냥 고용주 맘대로 주는 경우도 있으나 이것은 절대 합의하지 못하도록 해야하며. 이유는 뒤에서 말씀 드리겠습니다.■일용직과 계약직1. 일용직은 1일급료를 그날에 지급하나 계약직은 월말에 지급합니다.2. 일용직은 국가공휴일에 급료가 빠지나 계약직은 월급제이므로 공휴   일에도 임금이 보전됩니다.   정말 큰 차이입니다.    (추석때 보너스는커녕 급여가 4-5일씩 줄여서 나간다면 사기가 어   떠할지는 말할 필요도 없겠습니다)일부 고용주가 일용직의 급료를 당일지급이 아닌 월말에 주는 등의 편법으로 확장시키면서, 종국에는 거의 모든 일용직의 급료를 월말에 지급되게 되었습니다. 그러다 보니 10년이 넘게 종사하시는 분들 (정규직형태) 이나 1개월이상 근무형태(계약직형태) 까지도일용직이라는 편법형태로, 고용주가 고용하고 있는 것입니다. 이것이 공공기관인 교육부까지도 이렇습니다.이 말은 계약직이나 정규직이 일용직이라는 이름으로 변질되어 부정운영되고 있는 행태를 알 수 있는 것입니다.무엇이 그렇게 만들었습니까?바로 일용직은 급료를 당일지급한다. 라는 개념이 깨지고 확장되어 이렇게 된것입니다.■예시 ■다른 곳은 말할 필요도 없고 국가기관에 소속된 교육부 먼저 살펴보도록 하겠습니다.교육부산하 교육청에는 각 학교에 다음과 같은 일용직을 채용하고 있습니다. (교육부 사이트)채용직군은 (전산보조원, 교무보조원, 과학실보조원, 조리종사원등) 입니다.이들은 일용직으로 채용되나 적게는 3-4개월(1학기) 길게는 10년 이상되신 분들입니다.즉 업무의 성격이 일용직이 아닌 계약직 혹은 정규직의 형태입니다.그럼에도 불구하고 일용직으로 채용하므로 국가공휴일이면 급료가 줄어서 나갑니다.이런 교육부 산하 각급 학교에는 일용직이 얼마나 많은지 아십니까?■결론 ■1. 일용직은 1개월 미만으로만! 고용할 수 있으며, 1개월 이상의 일용   직은 노동법에 위반됨을 규정지어 주시기 바랍니다.2. 업무상 1개월 이상 소요되는 근로형태는 계약직이나, 정규직형태   로만 채용 가능하도록 규정지어 주시기 바랍니다.    (계약직과 정규직은 일용직과 달리 공휴일급여가 보전된다.)3. 일용직으로 채용된 자가 1개월이 초과할 경우 계약직으로 변경되어   야 한다는 내용을 규정지어 주시기 바랍니다.4. 3항에 의해 계약직으로 변경된 자는 일용직으로 근무한 1개월에 대   해서 계약직으로 소급적용을 받을 수 있도록 규정지어주시기 바랍   니다.기타:노동부는 여타 기관에 공문협조를 하여 노동법 연수를 받도록 해야 할 것입니다. (타 기관 부장급. 민원상대하는 근로자. 팀장급)노동부는 혼자만 노동개념을 가지고 있어서는 안되겠습니다.사회노동자들은 노동법의 개념을 배워가고 있는데 공공기관인 교육부나 기타 기관이 노동법 개념이 뒤쳐져서는 더더욱 안되겠습니다.이상 글을 드렸으며 일용직의 파행행태를 막을 수 있도록 제도를 보완해주시기 바랍니다.일용직 근로자 기준은 1개월수습, 인턴사원, 계약직 근로자 기준은 1년1년 이상은 무조건 정규직으로만 채용가능함 이런 기준이 없어서 발생하는 모든 문제들이 얼마나 많은지요.노동부의 확실한 규정을 요청드리는 바입니다.노동법이 바로 서는 그날까지 제도 개선을 위해 앞장서는 시민올림.답변기다리겠습니다. 메일(jesuskdh1004@empal.com) - 글이 깁니다. 복사하셔서 한글에서 보시면 잘 보이십니다. -",,,20240124,NA
상하수도및수자원기술사 통합건,노동/환경,,,2003-12-26,고용노동부,"금번에 입법예고된 국가기술자격법시행령중 개정령안 중에서 수자원개발기술사와 상하수도기술사를 상하수도및수자원기술사로 통합하고자 하는 안에 대하여 다음과 같은 이유로 통합이 비합리적이므로 반대의견을 개진합니다. 1. 상하수도 기술사와 수자원개발기술사의 업무영역은 다음과 같이 상이합니다.상하수도기술사는 상수도의 생산; 상수도 관망의 건설과 유지관리;음용수질의 검사;하수처리; 하수도 관망의 건설 및 관리; 슬러지의 혐기성, 호기성 소화 입니다. 반면 수자원기술사의 업무분야는 저수지, 댐의 건설; 댐 안전과 운영관리; 강우와 저수수량; 강바닥과 호소의 퇴적, 세굴 등입니다. 필요한 관련 지식분야는 상하수도기술사는 물리, 화학, 미생물학이지만 수자원기술사는 수문학, 수리학, 유체역학, 철근콘크리트역학 등 입니다. 그러므로 물을 다룬다는 점 만으로 양 기술 직종을 유사하게 인식하는 것은 전혀 양 기술분야에 대한 정확한 인식이 없는 것입니다. 그러므로 양 직종이 서로 통합되어서 영역을 공유한다는 것은 마치 땅을 대상으로 하므로 농부와 건축가가 같고 그러므로 건축가도 농사를 지을 수 있고, 농부도 건축을 할 수 있다고 하는 것과 동일합니다. 물론 하고자 한다면 건축가도 농사를 지을 수 있고 농부도 건축을 할 수 있겠지요. 하지만 그것이 합리적이라고는 아무도 생각하지 않습니다. 2. 더욱이 상하수도기술사는 관망의 누수, 부식, 관로의 수압과 유량의 동시관리 등을 다루어야 하지만 수자원기술사는 관망에 대한 개념이 없습니다. 상하수도 기술사는 정수장과 하수처리장을 설계하고 건설하고 운전하여야 합니다. 이러한 일들을 수자원기술사는 전혀 배운 바가 없습니다. 또한 수자원기술사는 댐과 저수지를 설계하고 건설하며 수량관리를 하여야 하지만 상하수도기술사는 댐의 건설과 설계에 대하여는 배운 것이 없습니다. 3. 국가기술자격을 통합하고자 하는 이유는 합리성을 바탕으로 합니다. 그런데 새로운 개정안은 혼란이외는 전혀 얻을 것이 없습니다. 수돗물 수질을 맞추기가 20년을 근무한 기술사도 어려운데 수자원기술사가 정수장을 운영하고, 하수처리장의 운전을 책임진다면 어떤 일이 벌어지겠는지는 명약관화합니다. 이러한 혼란과 기술저하를 초래하는 탁상공론적인 통합을 누구를 위하여 무엇 때문에 하여야 하는지 의문입니다.",,,20240124,NA
기술자격입법예고(안)을 시정 요청,노동/환경,,,2003-12-26,고용노동부,"고용정책 과장님(담당관님) 공무에 수고가 많습니다. 우리나라의 기술자격 중 전기응용분야의 기술사제도 폐지(안)의 잘못 된점에 대해서 의견을 제시합니다. 우리나라제도는 일본의 제도와 유사합니다. (모방한다고 좋은제도만은 아니겠지만?)기술사제도도 일본과 유사하게 되어있습니다.(물론 일본도 미국 등 선진국의 제도를 모방합니다.) 그런데, 일본의 기술사제도에도 아직까지 전기응용기술사가 존재합니다(참고 홈페이지 참조 : http://www.engineer.or.jp/gijutsusi/Bumon.html) 그런데 우리나라의 전기응용기술사를 폐지한다니 이해를 할 수 없습니다.  물론, 그동안 시험신청자가 매우적은 것은 알고 있습니다. 그이유는 과목면에서 많은 영역을 포함하기때문에 공부하기가 어려워 적은 수의 인원이 지원하였고, 그만큼 합격율도 낮았을 뿐만아니라 외국과 다르게 일부의 기술사 분야를 세부로 분할하였기 때문입니다. 만약 이렇게 전기응용분야의 기술사제도를 폐지하면 우리나라에는 전기응용분야의 기술사가 없게 되어 국제적인 교류(일본, 미국 등)도 없어지게 됩니다. 더군다나, 전기분야의 기술은 기초기술로서 매우 느리게 발전하고 있는 분야이나, 그중에서 특히 전기응용분야는 전기의 일반분야, 전기기기 및 전력전자 등의 신기술 응용에 따라 빠르게 변화하고 있는 분야입니다. 이러한 분야의 발전을 도모하기 위해서 더욱 존재가 필요한 분야임에도 불구하고 없어도 된다는 생각은 이해할 수가 없습니다.지금과 같이 이공계 기피현상이 심각할때에 우대는 못할 망정 기존에 있는 제도까지도 폐지하면서 전기공학을 전공하는 사람들에게 실망을 줄 수 있는 것인지 되묻고 싶습니다. 좀 더 사려깊은 생각과 판단을 기대합니다. 함 중 걸 배상Jung-Keol  Ham  Ph.D. Korea Testing Laboratory(산업기술시험원) DirectorReliability Assessment TeamTel : +82 2 860 1472Fax : +82 2 860 1479E-Mail : jkham@ktl.re.kr",,,20240124,NA
표면처리자격시험폐지 안됩니다,노동/환경,,,2003-12-25,고용노동부,"저는 표면처리신문을 발행하고 있는 서윤석입니다.제발 할일을 제대로 좀하십시오.도대체 이게 뭡니까.가뜩이나 인력부족과 기능인력양성 부족으로 그 산업기반이 취약해져 전체산업을 위협하고 있는 표면처리분야의 자격시험을 폐지한다고요.안될 말입니다.응시생이 적어 자격시험을 유지 관리하는데 따른 국가적 낭비를 막겠다는 발상은 좋으나 이건 국가적인 에너지를 크게 손상시키는 행위입니다.분명 이 나라 산업이 균형을 유지하기 위해서는 반드시 기초산업의 발전이 전제돼야 합니다.그 기초산업이라는 게 바로 도금, 열처리, 금형, 주단조, 염색 등을 말합니다.이런 산업들이 발전해야 완제품의 품질경쟁력을 높이게 되는 거지요.산업이 고도화되고, 첨단화되면 기초산업의 중요성은 더욱 증대됩니다.그런데 이런 기초산업은 무엇보다 현장기술자들에 의해 그 기술력이 좌우되지요.때문에 이런 기초산업이 꾸준히 성장하고 발전하기 위해서는 기술인력양성이 대단히 중요하게됩니다.이 분야는 화학, 금속, 전기 등을 제대로 공부한 사람만이 그 기술을 전수 받고, 계승할 수  복합산업분야입니다.따라서 학교에서 이론에 대한 공부를 하고, 오랫동안 현장경험을 해야만 비로소 기능인으로서의 역할과 자격이 주어지는 분야입니다.특히 독극물과 중금속을 다루는 아주 중요하고, 위험한 분야여서 전문성의 확보는 절대적인 분야이지요.그런 가운데 이 분야는 일본을 따돌리고 세계적인 수준의 기술력을 확보해 관련산업의 경쟁력을 확보하고 있는데 이는 바로 그동안 정부가 기울인 기능인 우대정책에 의해 조성됐다고 분석되고 있습니다.그러나 근래 들어 불행하게도 우리나라는 이런 기술인력양성에 대단히 소홀해 국가의 미래가 암담한 지경에 이르렀지요.벌써 이 분야에는 기술을 배우겠다는 사람이 전무해 생산현장은 대다수 외국인에 의해 겨우 유지되고 있습니다.다만 고도기술을 요구하는 분야만 내국인들에 의해 지배되고, 관리되는 안타까운 현실입니다.현장을 지키고, 기술을 계승 발전시키고 있는 사람들이 대다수 자격증을 취득한 기술인력들이지요.그런 판에 기술인력들이 자부심을 갖고, 한평생 이 분야에 몸바치게 하는 끈이 될 수 있는 자격시험을 폐지한다는 것은 그 비용의 과다를 떠나 큰 모순이 아닐 수 없는 거지요.그동안 표면처리분야에는 지난 87년도부터 모두 4종의 자격제도가 운용돼 왔습니다.맨 처음 시작된 전기기능사는 지난해까지 7006명이 응시해 모두 3946명이 자격증을 취득했지요.또 지난 84년부터 시행돼온 특수도금기능사는 지난해까지 1729명이 응시해 692명이 자격증을 취득한바 있습니다.표면처리산업기사는 83년 시행돼 지나해까지 모두 869명이 응시해 183명이 합격했지요.이 분야 자격증의 가장 상위에 있는 표면처리기능장은 92년 시험이 시작돼 지나해까지 모두 67명이 응시해 22명이 배출돼있습니다.4종의 자격증소유자를 모두 합하면 4873명에 이르지요.4천여개에 이르는 관련기업에 적어도 한두 명씩의 자격증보유자가 오늘날 이 분야 산업을 발전시키고, 책임지고 있는 수호천사와 같은 역할을 하고 있는 겁니다.때문에 정부에서는 자격시험을 출제하고, 관리하는 비용이 들어 국가경쟁력을 저하시킨다고 떠들고 있지만 과연 구체적으로 그 비용이 얼마나 드는지, 그 효과가 어떤 것인지에 대한 분석과 검토가 필요하다고 봅니다.잔돈푼 몇 푼 들여 한나라의 산업이 건강하게 유지되고, 그 산업이 경쟁력을 확보할 수 있다면 오히려 정부가 나서 장려하고, 확대해야한다는 생각을 해봅니다.더욱 이런 중요한 법을 놓고, 이 분야 전문가가 아닌 타 분야의 대학교수나 전문가들의 의견을 토대로 결정한다는 것은 대단히 잘못된 일입니다. 겉으로 드러나는 타당성보다 감추어진 문제나 부정적인 효과는 바로 이 분야에 몸담고 있는 전문가들의 의견과 주장에 귀를 기울여야합니다.한번 기회를 잃고 잘못을 수습하려면 그 비용과 고통, 문제가 너무나 커지게 됩니다.다만 표면처리산업 분야의 문제만이 아닙니다.반도체, 자동차, 전자, 통신, 기계등 연관되지 않은 산업이 없을 정도로 많은 역할과 중요성을 지니고 있는 분야가 바로 표면처리산업입니다.그런 중요한 분야의 인력양성을 막겠다는 법이 바로 자격시험폐지입니다.왜 할 일은 안하고 오히려 장려하고, 확산시켜야할 제도는 없앤다고 야단입니까.국회의원의 한마디가 그렇게 대단합니까.그렇다면 왜 이 분야의 전문가들의 의견은 왜 무시하고, 듣질 않습니까.이건 역사에 큰 오점을 남기는 정책이고, 발상이 아닐 수 없습니다.부디 재고하시고, 법개정을 막아 이 나라산업이 건강하게 유지될 수 있도록 앞장서주십시오.",,,20240124,NA
자격 폐지(안)은 법률위반으로  취소 정당,노동/환경,,,2003-12-25,고용노동부,"이 정책 제안은 '내용증명'으로도 보내어졌습니다. 수신:노동부 장관법률행위를 위반한 입법예고(안)는 법률에 의거 취소 요청 탄원                                 2003년 12월 24일경기도 성남시 분당구 야탑동 380-5번지, 301호             경실련 부정부패방지회 건설위원            용인송담대학 겸임교수            전기응용기술사 최철규(hp:011-9866-4824) 귀 부처 민원 봉사에 감사드립니다. 국가기술 자격법 시행령 중 개정령(안) 입법예고(노동부 공고 제    2003-115호) 중에서 전기응용기술사 자격 종목 폐지(안)의 반대 의견서-------------------------------------------------------------	1. 전기응용기술사 자격 종목 폐지(안)는 취소가 적법 함.      전기응용기술사 자격 종목(이하에서는 응용이라 칭한다) 폐지(안)의 행정행위는 법률행위에 하자가 있어 취소되어야  합니다. 부칙 제3조(종전의 기술자격 취득자에 대한 경과 조치)에서 &#43090;종목의 기술   자격을 취득한 자는 종전의 명칭에 의한 기술자격을 계속 보유한다&#43091; 고 하지만 산업 현장 실무에서는 응용을 계속 활용 할 수 없습니다.즉, 좀더 구체적으로 설명하면 정부기관 및 지방자치 단체 등(이하에서는 정부기관이라 칭한다)에서 시행하는 기술용역 등의 적격 대상자로  참여의 기회를 주지 않기 때문입니다. 2. 법 적용위반 종류 및 편의주의 행정력   1) 공청회를 하지 않은 행정행위 위반  노동부에서는 응용 자격 취득자가 참여하여 응용 폐지를 위한 찬&#8228;반대 토론회(이하에서는 공청회라 칭한다) 등과 같은 회의도 없으면서도 불구하고, 단지 자격을 관리하는 우월적 지위를 남용하여 일방적으로 폐지(안) 입법예고는 헌법11조(평등의 원칙) 반하는 행정행위이기도 합니다.   2) 개인의 지적 재산권을 침해하는 법 적용을 남용 법률에 의거 취득한 응용은 개인의 지적 재산권과도 같은 것으로 이미 취득한 기득권자에게는 유사한 자격과 통&#8228;폐합하여 계속 활용 할 수 있도록 하여야 합니다.만약, 응용폐지 때는 관련 업무 종사자들의 업무활동의 중지와도 같은 효력이 발생되는 바, 이는 민법 제2조(신의&#8228;성실 원칙)에 반하는 법률행위입니다.    3) 응용을 폐지 할 법 적 근거 없다    2003년 12월 5일 본인과&#43088;한국기술사회 한국전기용용기술사&#43089;회장직과   &#43088;한국 전기 정보신문사&#43089; 대표를 겸직하는 강태근(이하에서는 강 회장이라    칭한다) 함께 귀 노동부를 방문하여 응용 폐지(안)를 반대하는 문서제출    및 응용을 폐지할 법 적용의 근원이 없음을 자격지원 과장님께 탄원하였    습니다       4)응용회원에게 명예훼손 및 직무유기(요점만 설명 함)   (1) 응용 회원들의 업무 활동을 조사하지도 않았음.     (2) 외부용역 의뢰 보고서에만 의존함(외부로부터 용역 받은 사람들도          응용 회원들의 업무 활동을 조사하지도 않았음)      (3) 응용 회원 89명 모두가 기술을 응용 및 활용하여 산업발전에 기여 하         고 있음. 단, 나이: 78세 L 회원만은 병원에 입원 중.     위 (1)～(3)항과 같이 회원들이 기술을 활용하고 있음에도 불구하고        산업 활용도가 적다고 주장은 응용회원의 명예훼손 및 기망행위 임        (4) 1999년 응용에서 종속 분리되어 새로 생긴 전기철도기술사 자격으          로 인해 상대적으로 응용에 응시자가 감소되는 이유를 노동부는            알고 있는 바, 이를 험 잡아 폐지(안) 주장은  기술 발전에 큰 장해         요인이며 행정편의만을 생각하는 직무유기 임.    3.위법한 입법예고(안)으로 손해발생에 대한 민&#8228;형사책임      본인과 강 회장의 정당한 폐지(안) 반대 표시 민원 제시에도 불구하고     &#43088;02년과 ‘03년 2차례 응용폐지(안) 입법예고로 인해 응용 기술자들의 활    동 범위가 좁아져 생존권에 위협받음과 함께 행복 추구권이 침해되고 있    으며, 또한 경영자에게는 기업체의 신뢰도 저하 및 영업 실적이 저하되고    있습니다.  이는 노동부에서 공청회 등을 하지 않은 행정행위 위법과 법률에 의거     취득한 응용을 다른 자격과 통&#8228;폐합하여 계속 활용 할 수 있는 것이 아    니고 폐지만 하려는 법 적용의 위반 때문입니다.    이와 같이 법 적용을 위반하고 입법예고(안)한 담당 공무원들을 피고로     하고 응용 회원들은 행정 및 &#43088;영업 손실 배상 청구&#43089;등의 소송을 할       수도 있는 사항입니다.  4. 응응 폐지(안)는 취소가 적법   공청회를 하지 않은 것과 이미 취득한 지적 재산권 소유자에게 기술 활동을 계속 할 수 있는 (안)도 제시하지 않은 응용 폐지(안)의 입법예고는 행정행위 및 법 적용에 하자가 있어 취소됨이 적법하고,&#43088;04년에도 이상과 같은 내용으로 또 다시 입법예고(안) 등을 할 경우에는 장관님과 담당자님에게 민&#8228;형적 책임을 물을 것입니다, 끝.",,,20240124,NA
"국가기술자격의 통폐합, 폐지의 부당성 제기",노동/환경,,,2003-12-25,고용노동부,"+++주: 다음내용은 26일 오전 10시까지  의견 수렴용으로 한글 2004에서 작성된 것 입니다.최근 전혀 근거가 없는 유언비어로 (예 강태근 회장이 강성이어서 폐지 하는 것이라는둥) 한마디로  아직도 어두운 일부 전기인을 위하여 간략 금번 전체 기술사 통폐합 입법예고의 배경을  알려 드립니다. 국무총리실 산하 직업능력개발원의 국가기술제도개선 보고서에 근거하여  감사원에서 지적하여 해당 정부와 사무관 서기관이 일부를 빼고 낄수 없는 방대한 분량으로 보고서의 결론 전체를  입법예고하게 된 배경으로 알고 있습니다. 따라서 당 회는 ㅚ의를 통하여 해당 전기인은 개별적으로 찬반의견을 제출토록 하였고 당 전기응용기술사회는 전체 의견을 수렴한 결과 크게 6가지의 의견이 주종을 이루어 폐지 반대 공무 초안을 공개 공지 합니다.초안 중에서 개선의견은 26일 오전까지 kegnts@korea.com 또는  011-258-8112 로 직접 연락 주시기 바랍니다. 26일 오후에 노동부에 직접 제출 합니다. 이하 전기응용기술사 페지반대 의견 공문 초안 --------   사단법인 한국기술사회 전기응용기술사회우 110-552 서울시  종로구 숭인2동 1253 동보빌딩507호 / 전화 (02)927-4234 / 전송928-8856 이메일 kegnets@korea.com 홈페이지 www.electricpia.co.kr    문서번호    전기응용-031226시행일자    2003. 12. 26수    신    장        관참    조    자격지원과장 제    목    국가기술 전기응용기술사 폐지  반대 의견  제출           1. 불철주야 국가기술자격을 위하여 수고하시는 귀 부의  노고를 치하 합니다.   2. 다름이 아니오라 귀부의 국가기술자격 폐지 입법예고 관련 건으로 당 사단법인 한국기술사회 전기응용기술사회 회원일동은 심도 있게 여러 차례의 회의를 개최 하여 다음과 같은 의견일치를 보았습니다.  이미 64년부터 정부와 공무원이 만든 전기응용기술사를 활용도 하지 않고 무단 폐지하려는 것에 대한 회원들의 분노는 극에 달하였으며 폐지 반대의견을 요약하면  1)국가기술자격증은 국민의 재산권이다. 2) 기술사등 이해 당사자를 배제한 적법하지 못한 제3자의 용역 보고서 자체는 불법적 이다.  3) 합리적이지 못한 금번 폐지와 통폐합의 배경이 된 보고서 자체의 일부 오류와 폐지의 일방적인 입법예고는 정부와 해당 공무원의 직권남용이다.4) 응시자가 준 이유는 시험내용일부로 시행하는 신설 기술사 시험 때문이다 5) 전기응용기술사의 마땅한 활용을 국가와 정부가 장려한 실적이 없다. 6) 1년 전에 이미 폐지 반대의견을 건의 한바 타당한 의견 배제는 개별경제 주체인 국가기술 전기응용기술사들에게 직간접적인 피해를 이미 주게 된바 이는 부득이한 행정소송감이다. 회원들의 별도의 의견은 첨부물로 제출 하는 것을 제외 하고 당 회는 이렇게 크게 이러한 6가지로 요약되었기에 따라서 당 사단법인 한국기술사회 전기응용기술사회(회장 강태근)와 전기응용기술사 회원 일동은 “전기응용기술사 폐지는 불법이다” 따라서  “폐지 반대”의 주문과 함께 별첨 의견을 제출 합니다. 별첨     1. 국가기술자격 전기응용기술사 부당하게 폐지하려는  배경 ( 총    페이지)     건    2. 국가기술자격법,기술사법,엔지니어링진흥법,적력기술관리법,과학관육성법       건    3.일본 현재의 전기응용기술사 시험제도                                        건    4. 미국 국민생명재산 보호 첨병인 기술자격자의 법적 공권력의 보호제도        건 끝 사단법인 한국기술사회 전기응용기술사회 회장 강태근",,,20240124,NA
(필)의견 하나드립니다.(독),노동/환경,,,2003-12-25,고용노동부,"""건설일용직""일을 하고있는 사람인데, 개선되야 할점을 알려드릴  라고요.  건설일용직 일당이 제각각 이어서,형평성에 문제가 있습니다.  어떤 현장은 6만원,어떤 현장은6만5천원,어떤 현장은 7만원  입니다.  그렇다고,6만원짜리 벌이가 7만원짜리 보다 쉬운것도 아닙니다.  건설인력소 소장들이 정하는 마음대로 입니다.    어떠한 기준이 있어야 할것같습니다.    또,어떤 현장은 하루 일당이 10만원 짜리인데,잡부를 불러서,  10만원 짜리 일을 시킵니다.    일을 안하면 그만 입니다만,하루벌이로 나온 사람 입장에서,  그냥 6~7만원 받고 일을 합니다.     일을 시키는 사람은 일의종류와 업종을 거짓없이 확실하게  시켰으면 합니다.  그리고,건설 일용직일도 종류가 아주 많습니다.  그것을 노동부에서 ""이건 얼마짜리 일이다.""라고 못을 박았으면  합니다.   그리고,얼마전에 강원도의 어떤 현장에서 ""용접""을 무자격자한때  시켜서 사고가 났습니다.  이런일이 왜 벌어질까요?  무조건 일을 빨리빨리 마무리 짓자는 안일한 생각 때문에 벌어  졌습니다.  건설현장도 이제는 자격을 갖춘 사람만 일할수 있도록 해야   합니다.    ""눈가리고 아옹식""으로 일하지 마시고요.  전화번호는 형식상 적었습니다.  메일로 답변 바랍니다.  그리고,이것은 다른이야기 인데,사업자 등록번호를 조회할수  있게 해주시면 고맙겠습니다.  불법사업장도 알게모르게 많거든요.  노동자가 그것을 미리알수 있게끔 말이죠.  심지어는 유령회사도 있는것 같던데....",,,20240124,NA
국가기술자격법중 개정령(안) 에 대하여,노동/환경,,,2003-12-24,고용노동부,"노동부장관님 그리고 자격지원과장님  수고 많습니다. 금번 입법예고한 국가기술자격법시행령(아) 을 읽어 보았습니다. 일부자격종목은 통합하고 일부자격은 폐지 하는데 , 국가기술자격은 지적재산입니다. 국가가 자격을 주고서 그 자격을 폐지 하는 것은 이해 할수 가 없습니다. 그리고 그 자격으로 취업하고 있는 사람이 많습니다. 굳이 폐지 하신다면 그 대안으로  폐지되는 자격에 대하여는 같은 직무분야에서 같은 등급으로 선택하도록 하여야 합니다. 일방적으로 폐지 한다면 그 자격을 지니고 있는 사람들은 그 피해가 너무 큼니다.  폐지되는 자격을 같고 있는사람들의 심적 고통을 혜아려 주십시요.폐지되는 자격종목의 자격검정에서 필기시험에 합격한사람에게는 같은직무분야의 기술자격중에서 선택할수 있는 길을 열어 주면서 이미 폐지되는 자격을 갖고 있는 사람에게는 그 길을 막는 것은 온당치 않습니다.  심사숙고 하시어 합리적인 결정 바랍니다.",,,20240124,NA
실업근로자 인건비 갈취 부문(동영상),노동/환경,,,2003-12-24,고용노동부,"<TABLE height=287 cellSpacing=0 cellPadding=0 width=500 align=center border=0><BR><TBODY><TR><BR><TD height=200><EMBED src=""http://www.wejoblife.org/media/통합,터미널인력 불법성.wmv"" width=498 height=400 type=video/x-ms-wmv> <BR></EMBED></TD><BR></TR><BR></TBODY></TABLE><BR><BR><BR><BR>",,,20240124,NA
건축일반시공기능장 폐지관련의견,노동/환경,,,2003-12-23,고용노동부,"자격제도 신설 및 폐지를 평가하시는 노동부 관계자님, 그리고 건축일반시공기능장폐지건, 중개 정령안 입법예고를 발표하신 관계자님께 정책적 의견을 올립니다.  급변하는 현실을 들여다보면 날이 갈수록 수비고 편하고 땀흘리지 않는 일에 휩쓸려가는 사회의 소용돌이를 부인할 수 없으며 이에 수반되는 부작용은 사회 전반에 걸쳐 날로 심화되어 여러분야에서 이미 제 외국인들의 일터로 자리매김하고있는데 대해 매우 우려하지 않을 수 없습니다.이에 국가는 건설산업현장에서 자긍심을 갖고 땀흘리며 일 할 수 있는 환경을 조성하고 사회복지보장등의 틀 속에서 점차 고갈될 기능인력관리를 국가정책적 사업으로 시급히 굳혀가야 할 것입니다.  현재 건축에서는유일하게도 건축일반시공기능장 및 목공기능장이 있습니다. 노동부에서 발표한 것을 보면 자격취득의 수요가 적다는 이유, 그리고 자격증 활용을 예로 두는 것 같습니다.  노동부측의 조사와 평가가 맞다면 10여년밖에 되지않은 자격증은 활용도가 낮다고 폐지해야겠는데 어떻게 생각하냐고 물을 것이 아니라 국가에서 자격증을 주고서 관리를 어떻게 하였는가 생각할 때 입니다.  현장에서 자격증 취득에 대해 이야기를 나누면, ""자격증없이도 불편한 것 없어"", ""무슨 혜택이 주어지는데"" 하고 되물어옵니다. 이럴땐 `당혹스럽기도 하지만 이제 좋아져가고 있습니다`라고 말 할 수 밖에 없었떤 것이 지난 날들의 건설노동현장에서 자격증이 갖는 가치는 무어라 말할 수 없습니다.  이제 자격증이 갖는 가치를 일깨워줘야 할 때 입니다.자격증을 단계적으로 취득한 경우 사회적으로나 경제적으로 현재보다도 삶의 질이 향상된다면 자격에 대한 수요가 더욱 증가하지 않을 수 없으며 또한 자격으로 인한 품질향상에도 기여할 것은 분명합니다.  `기능사 취득 후 산업시가 그리고 기능장`  이 모든 과정은 기능인들에게 꿈이자 희망입니다.자기계발이라는 보람 속에서 사회가 바라는 기준을 드고 성실히 살아가는 사람들입니다. 이들에게 국가는 진취적인 장려정책을 펴나가야 한다고 봅니다.그럼에도 불구하고 3D관련일을 청년들은 결코 기피하지는 않으리라 감히 가늠해보며 요즘 대접받지못한 이공계에도 기운이 나지 않을까 합니다.  이론과 실무를 바탕으로 한 건축일반시공기능장이 하는 일입니다.-각지에서 후진양성을 해 오고 있습니다.-기능계 수검자들은 평가(감독,심사)해오고 있습니다.-건축관련 도서 신기술 참여-기능인 향상교육-건설산업현장에서 품질향상기여-후진들에 자격증전망고취  이밖에도 건축일반시공기능장이 하는 몫은 많음에도 불구하고 자격증폐지를 하게되면 후일엔 누가 이 일들을 일선에서 이끌어갈 것인지를 재고하시어 건축일반시공기능장 자격자·자격증의 활용가치인 향상된 제도를 마련하시면 당연히 수요가 따르기 때문에 폐지가 아닌 육성, 장려에 더욱 힘을 기울여 주셔야 할 것입니다.",,,20240124,NA
돈벌자~!!,노동/환경,,,2003-12-23,고용노동부,"추가수입을 원하십니까...? 그럼 끝까지 읽어주십시요.. 그리고나서 판단하십시요.후회하지 않으실껍니다...저처럼..제가 추천하는 돈버는 방법입니다...저도 10,000입금했습니다........ 입금후 입금받은 분들게 메일이 왔는데 모두들 각자 지금 받고있는 액수들을 말씀해 주시더군요.... 그러니까 신뢰가 가더군요... 그리고 어떻게 하라는 조언도 해주고... 해볼만한 것 같습니다.... 어느정도 노력하느냐에 따라서 몇십만원이 왔다갔다 하더라구요... 로또복권 매주 만원어치사두.. 맨날 꽝인데...... 기다리는 중이구요.... 아래글은 인용한 것입니다.. (인용) 제가 해 본 것중 가장 빠른 효과가 있는 방법입니다. 로또복권을 사도 10,000원은 드는데 비하면 이 방법은 정말 효과도 있고 신뢰성도 있어 저의 주 프로그램이 되어 있습니다. ***옛날 두레와 비슷 하네요*** 단돈 10,000원의 투자로 인생의 역전을... --- 확실히 돈만지는 법 --*진짜중요* 저도 글을 읽고 그냥 미친 척하고...10,000원 날렷죠 뭐...재미있네요 그리고... 잘 생각해보니..엄청난 비젼이 있는 것 같구요...아래내용은 누가 썼는지 모릅니다..있는그대로.만원의 투자로 16억을 ??? 꼭 끝까지 읽어 보셔야 합니다. 하지만 거금에 욕심부리지마세요. 우연하게 모싸이트에서 인터넷금융조직을 알게 되었는데 법적으로 문제가 있지 않나 하는 생각이 되어 선배변호사나 친구들에게 물 어보았지만 법적으로 아무런 문제가 없음을 먼저 보장합니다. 글 끝에 경험담과 증거 글들 실려있습니다... 같은 멤버들이 적극 도와드림을 약속합니다!!!다른 금융조직 멤버와의 완전 차별화!!! 전화번호 공개는 문의전화 폭주 관계로 공개 못함을 양해 바랍니다. 메일은 문의... 성심성의것 답변!!!...정말 간단하고 쉬운 작업입니다^^ * 그럼 지금부터 그 방법을 가르쳐 드리죠 * 저는 전에 돈에 쪼들리면서 대출을 알아보고 있었습니다. 싸이트를 항해하던 도중에 제목은 '돈벌자'라고 쓰여져 있는 웹싸이트를 봤는데 모두영어라서 읽지를 못했죠...가정이 어려운 저에게는 솔깃한 이야기였죠. 저는 친구에게 번역 프로그램을 빌어서 번역을 했습니다. 그리고 적혀져있는 방법대로 따라했습니다. 5명에게 2,000원씩을 보내고...(밑에자세히 나옴) 그후 저는 꿈인 줄 알았습니다 3개월 정도뒤에 통장을 열어보니 통장에는 대략 800,000,000원이 좀 넘는 엄청난 돈이 들어와 있었습니다^^: 저는 진 빚 청산하고 지금은 여유롭게 살고있습니다. 정말 기뻤지만 그런데 이것이 불법이 아닐까?하는 생각이 순간 머리를 때렸습니다. 그래서 선배변호사에게 물어 보았죠. 그런데 다행이 위법은 아니라고 하더군요(미 우편연방 복권법 18조 1302~1342항에 따라) 님도 이런 생활을 원하시면 지금부터 눈 부릅뜨고 보십시오 --자 이제 시작해 볼까요?^^ -(반드시 순서대로 하세요 일종의 계약이니까요) 우선 아래 있는 메일링 리스트 5인의 명단을 보시고 은행 계좌로 단돈2,000원을 입금하세요. 돈을 입금하세요. 그리고 나서 명단의 이 메일 주소로 ""2,000원을 룰(rule)대로 보내니 잘 봐주세요"" 하고 ""당신은 당신의 노하우를 알려주시고 저를 관리해 주세요""하고 멜을 보내세요 그렇게 하시면 알아서 그분들이 돈을 받았으므로 그동안의 경험과 노하우를 알려 줄 겁니다. (맨 마지막 사람에게만 보내셔도 됩니다.) ** 실행 1 : 중요한 것은 5명의 리스트에게 각각 2,000원을 꼭 보내야 합니다. 그렇게 해야만 우리는 합법적인 하나의 인터넷E-mail의 금융 조직이 되는 것입니다. 정말 중요한 작업이 남았습니다. 이 작업이 병행되지 않는다면 무의미합니다. 다른사람들에게 이 편지처럼 광고용편지를 띄우는 일이 바로 그것입니다. 그러나 걱정하지 마십시오. 생각 보단 간단한 일이니까요... 대략 1500통 정도를 보내야만 원하시는 금액을 얻으실 수 있습니다. 편지를 띄우시는 방법은 인기 연예인 게시판, 게임의 게시판등 각종 게시판에 제 편지를 편집해서 띄우시면 되요. (지금 당신이 이 내용을 보고 있는 곳 같은 곳이요)***이때 꼭 명심해 주어야 할것이 편지 내용중에 메일링 리스트 작성법입니다.-- ** 실행 2 : 하단의 메일링 리스트상의 6인중 맨 첫 번째 사람은 지우고 번호를 하나씩 땅겨서 맨 끝에 자신의 주소와 이름을 적으시고 보내시면 됨..( 즉 1번은 사라지고 2번이 1번 , 3번이 2번 , 4번이 3번 , 5번이 4번 , 그리고 마지막에 당신이 5번이 되는셈이지요. 이렇게 바꾼 편지로 메일을 보내십시오. 그래야만 당신의 메일을 본 사람들이 당신 에게 돈을 부칠 테니까요. 이때 (위로 하나씩 땡긴 후) 자신을 제외한 5인 주소와 이름의 순서를 절대 바꾸시면 안됩니다. 명심!!!메일은 많이 보낼수록 좋겠죠? 그만큼 돈도 많이 벌테니까요. 그리고 이메일주소는 적는게 서로의 신뢰를 위해서 필요합니다. 이메일 리스트 작성시 본인의 이메일주소도 반드시 기입하세여. ***반드시 이러한 규칙들은 지켜주셔야합니다.*** 일종의 계약인 셈이지요. 어기신다면 아무짝에도 쓸모없는 일이 되고 거기다 법적효력을 잃게 됩니다.(평균 1-3%의 회답률이 있습니다.) 1) 당신이 1500통을 보내면, 15명 정도가 2000원을 보냅니다.--->30,000원 2)그 15명이 각각 1500통으 편지를 보내면,255명이 당신께 2,000원씩 보냅니다 ---> 450,000원 3)그 225명이 각각 1500통의 편지를 보내면,3375명이 당신께 2,000원씩 보냅니다 --->6,750,000원 4)그 3375명이 각각 1500통의 편지를 보내면,50625명이 당신께 2,000원씩 보냅니다 --->101,250,000원 5)그 50625명이 각각 1500통의 편지를 보내면 759,375명이 당신께 2,000원씩 보냅니다.--->1,518,750,000원 ** 이 시점에서 당신의 명단이 편지에서 사라집니다.(당신의 명단이 점점 위로 올라가서 사라지기 때문이죠) 그러나 위에 있는 모든 돈을 더하면 당신이 받는 돈은 약 십육억이천칠백이십삼만원...!엄청나죠? 이것은 확실히 효과가 있습니다 그러나 많은 효과가 있느냐는 당신이 얼마나 많은 메일을 띄우냐에 따라 달라집니다 당신이 1500통이 아닌 3000통을 보낸다면, 약 삼십억이 넘겠죠? 적어도 1500통이상 의 편지를 보내야만 3개월 뒤 당신은 약 10억이상의 게런티를 받을 수 있을 것입니다 !!!물론 절대 피해는 없습니다... 이 아이템은 정확하게 큰돈을 벌 수 있는 확실한 프로그램입니다. 이 간단한 아이템을 정확하게 실행해보시면 적어도 3개월 후 당신은 약 십억이상을 벌 수 있습니다. 저는 대한민국 국민으로써 인터넷에서 이프로그램을 사용하여 많은 돈을 벌었습니다. 2주일동안 메일을 보내고 나니 한달 후 확실한 결과를 보았습니다. 우리나라에서 일부 (지식층) 에서 사용하는 걸로 알고 있습니다. 5명에게 꼭 돈을 붙여야 합니다. 나중에 당신에게 회신 온 편지리스트에서 이름이 사라질때즘 당신에게 답신이 오면 그들의 주소와 이름으로 다시 메일을 작성하고 자신의 이름을 쓰면 다시 또 시작할 수 있죠.^^ 그리고 이것이 이 금융조직의 작은 예의라고 생각합니다. 또 더 많은 돈을 벌기 위해서 입니다. 5명에게 돈을 보내는 것은 이 금융조직을 법적으로 아무 문제 없는 합법화를 이루기 위해서도 꼭 필요합니다. 팔억을 벌 수 있는데 10,000원이 문제겠습니까? (돈을 안보내면 법으로 걸리겠죠?) *** 주요 포인트 : 5인에게 돈 보냈기 때문에 인터넷 금융기관으로 인정. 법적으로 아무 문제 없음. 시작하려면 먼저 반드시 최초 5인에게 돈을 입금하셔야 합니다. 안그러면 범법행위 죠... 명심하십시오 이건 절대 위법이 아닌 합법적인 금융 행위입니다. ***1500명에게 보내면 회답율이 1%라고 하면 그 15명이 또 1500명에게 편지를... 즉,15 *15*15*15*15=759375명이 2000원씩 자신에게 보내는 겁니다. 그렇게 5번을 거쳐 자신의 이름이 맨 첫번째가 되어서 사라지면 약 팔억을 버는 겁 니다.1500통에 16억이면 1통에 100여만원이란 말입니다. (물론 3개월정도 기다리 시는 시간이 필요함) 아무튼 소자본 투자에 믿을 수 없는 굉장한 수익을 보장하는 이 프로그램의 이메일리스트에 당신을 초대합니다. 당신이 만약 지금까지의 이 글의 내용을 이해하셨다면 실행하시면 됩니다. 이런 결정은 빠를수록 좋겠죠? 이편지는 대한 민국 사람들을 위한 국내 전용 편지입니다. ***메일 링 리스트 입니다*** 1) 이름: 강은숙 ---농협: 211051-51-145198 sukee1010@lycos.co.kr 2) 이름: 최윤주 ---농협: 231017-52-090161 coco1004@godpeople.com 3) 이름: 마민주 ---농협 : 217042-52-022783 bminju@hotmail.com 4) 이름: 박숙희 ---기업은행 : 334-023925-01-012 fullip4@hanmail.net5)이름:장석동-----농협:3010082-52-059097 starjsd@hanmail.net그런데 며칠이 지나자 조금씩 돈이 들어오더군요. 그러더니 지금은 위와 같이돈을 벌게 됐습니다. 믿어지지 않더라도 10000원(5명의 총 송금수수료5000=만오천원/인터넷뱅킹을 이용하면 수수료가 절감 되겠죠.) 잃어버린셈치고 한번 해보세요. 그리고 나서 3달만 기다리세요. 그땐 당신도 저처럼 억대의 돈을 만질수 있답니다. 처음에는 이 편지를 받았을때의 저처럼 이 글을 읽으신 당신도 아마 저를 미쳤다고 비웃을지도 모르지만 정말 이건 장난이 아닙니다. 부디 1퍼센트에 동참하셔서 이 어려운 시대를 헤쳐나아갈 돌파구를 마련하세요. 우리도 한번 잘 살아봐야죠... 다같이 ...한번의 결심이 당신의 인생을 좌우합니다. 도전없이는 결실도 없죠. 도전만이 행운을 잡는 길인거 아시죠? 아! 여기서 가장 중요한 거는 바로2000원씩 꼭 5명의 통장으로 돈을 보내야된다는 점입니다.(입금방법은 수수료가 적은 것을 이용하시면 되겠죠^^;; 그렇지 않으면, 법적으로 어긋나게 되므로 돈을 벌 수가 없게 됩니다. 이점 꼭 잊지 마세요. P.S : 정말 거짓말은 아니에요!여러분 10,000원 날린다고 뭐가 변하나요? 술 한번 안 마시거나 피시방 갈거 절약하거나...아님 또또복권 덜사거나하시고 도전해 보세요. 진짜 자기가 쓸수있을 만큼 벌어요. 그것도 억대를... 전 처음 웃으면서 욕을 했습니다. 그런데 1주일후 전 호기심으로 손해봐야 10000원 인데 하며 메일에서 적힌 그대로 메일을 띄우게 되었습니다. 그리고 나서 5일후 메일에서 설명한데로 통장에는 26,000원이 입금되어 있었어요. 놀랍게도 입금액은 날이 갈수록 늘었어요. 약 3주후 하루 수익은 30만원이 됐습니다. 그리고 1달뒤 지금 전 천만원이상의 소득을 올리게 됐구요... 한번 믿어보고 시작하세요... 손해봐야 10000원(수수료 =총 만오천원)인데요... 복권 만원어치 사서 당첨된 적 있습니까? 행여 원하지 않은 메일을 받으셨다면 정말로 죄송합니다. 하지만 꼼꼼하게 여러번 읽어보시고 모든 참여자가 함께 잘 되 는 사업이라고 확신이 서면 바로 그날 당장 입금을 하시고 메일을 보내시면 됩니다 저도 반신반의하면서 해 보았습니다 믿기지 않더라도 만원버리는셈치고 한번 해보세요 그리고 나서 세달만 기다리세요 메일을 보내면서... 그땐 당신도 저처럼 억대의 돈을 만질수 있답니다, 정말입니다... 물론 님이 노력하시기나름이지만요. 처음에는 편지를 받았을때의 저처럼 이글을 읽으신 당신도 아마 저를 욕하고 비웃을지 모르지만, 정말 이건 장난이 아닙니다. 부디 1%에 동참하시어 이 어려운 시대를 혜쳐나갈 돌파구를 마련하세요..명심하세요... 위내용은 이 프로그램이 젊은층에서 급속히 확산중이며 합법적인 금융조직이라는사실입다. 여러분 모두 돈을 많이 벌기를 바라며 화이팅...!!! 참고로 이편지를 받으시고 이행하실분은 위 5명의 계좌로 꼭 입금하셔야합니다. 그래야 법적인 문제가 제시되지 않을테니까요... 당신에게 행운이 함께하길...마음 먹었다면 서두르세요!!! 저와 함께 참여 하셔서 대박의 꿈을 이루시길 소원합니다^_^ 전 인터넷 통신등 게시판에 글을 올리는 방법과 그중에서도 개개인에게 메일을 보내는 방법이 가장 효과적이라고 봅니다.",,,20240124,NA
표면처리 기능장 및 산업기사폐지 관련 의견,노동/환경,,,2003-12-22,고용노동부,"노동부 관계자분들께서 표면처리에 대한 중요성은 알고 있다는 전제하에 다음과 같은 글을 올립니다.  현재 표면처리 기능장 및 산업기사폐지 관련하여 여러 말들이 많이 있습니다. 노동부 측의 말에 의하면 활용도가 낮고 자격에 대한 수요가 적다는 이유로 폐지하려 하고 있다고 알고 있습니다. 노동부측이 조사가 맞다면 자격증을 폐지할 것이 아니라 이 자격증을 취득하므로 응시자가 대우가 현재보다 향상된다면 자격에 대한 수요가 더욱 증가하지 않을까 합니다. 표면처리 산업이 3D업종이라 취급되면서 우리나라의 도금기술은 한정적으로 발전하지 않았나 하는 생각이 듭니다. 대기업들은 많은 투자와 외국기술의 도입으로  고기술을 가지고 있고 중소기업체의 표면처리 기술은 10여년전과 비슷한 현장 근로자 컨디션에 의한 기술로 유지되고 있는 형편입니다. 이런식으로 항후 몇년이 흐른다면 우리나라의 중소기업체는 모두 인건비가 싸고 기술이 우수한 중국을 비롯한 많은 나라에게 빼앗기고 말 것입니다. 지금도 표면처리 분야만 아니라 많은 산업체에서 산업연수생이라 이름으로 많은 외국인들이 현장에서 일을 하고 있습니다. 이들은 우리가 힘들고 위험하다고 생각되는 분야에서 단순히 노동을 하고 있는 것이 아니라 우리의 기술을 그 들에게 전해주고 있는 것입니다. 이렇다고 볼 때 모든 금속제품부터 귀금속, 반도체에 이르기까지 없어서는 안되는 표면처리의 기술이 없어질 것입니다. 표면처리 기술을  더욱 발전시키기 위해서는 그와 관련된 자격증 또한 현재보다는 높은 대우를 받아야 합니다. 예를 들어 펴면처리 기능장및 산업기사 자격증을 산업체에서 가기고 있어야 된다는 식으로 정책이 만들어 진다면 단순한 현장 근로자 컨디션에 의한 기술이 아닌 일정수준의 고기술이 공급이 될것이고 표면처리 관련업종이 3D업종이 아닌 고기술을 요하는 전망 좋은 업종이 될 수 있고 외국근로자의 손이 아닌 우리의 손으로 기술을 유지, 발전될 수 있을 것 입니다.  이렇게 되기 위해서는 표면처리 기능자, 산업기사 폐지가 아닌 육성에 더욱 힘을 기울려야 할 것입니다.",,,20240124,NA
임금체불의 실질적인 도움이 되었으면 합니다.,노동/환경,,,2003-12-22,고용노동부,"지금의 임금체불 업무프로세서로는 약자인 종업원의 이익을 대변할수가 없다고 생각합니다.금액의 대소를 떠나서근로 감독관앞에서 작성된 합의서만 가지고는 사업주에게 강력한 압박을 줄수 없는것이 사실입니다.물론 행정절차상 그런 조치밖에 내릴수 없다고 한다면 할말이 없습니다만, 종업원의 입장에서는 몇백만원이나 혹은 몇천만원을 받기위해서 민사재판을 하기에는 너무나 힘이들고 비현실적이라고 생각됩니다.임금체불건수가 일정한도가 넘어서면 회사에 어떠한 불이익을 줄수 있는 등의  방안이 검토되지 않는다면 강자인 회사측에서 차일피일 미루는 합의서 한장을 들고는 종업원이 할수있는 일에는 한계가 있다는 말씀입니다.좀더 약자편에 서는 노동부의 행정능력이 아쉽습니다.",,,20240124,NA
국가기술자격시행령중개령(안)입법예고에 따른 의견,노동/환경,,,2003-12-22,고용노동부,"상기제목의 개정안을 읽어 보았습니다.사람마다의 이익과 불이익이 있겠군요 한가지 의견을 제안 합니다.의견1. 통합하여 새로운 명칭의 자격을 가진 사람은 별문제가 없지만완전히 폐지되어 없어지는 자격증에 대해서는 신설되는,또는 유사한자격증으로 명칭을 변경해야한다고 생각합니다.의견2. 통합하여 폐지된 자격증은 종전의 명칭을 계속 보유하는게아니고 통합되는 자격증 명칭으로 자격증을 새로히 발급 받게 해야합니다.                                       ---끝---",,,20240124,NA
우리말 장단음을 잘 구별하여 광고해 주십시오,노동/환경,,,2003-12-20,고용노동부,"저는 초당대 교양과[국문학] 교수 김창진입니다. 저는 방송에서 장단음 혼란을 바로잡아 주기 위하여 애쓰고 있습니다.   어제 저는 노동부가 만들어 내보낸 ""비정규직 근로자 보험 가입 안내"" 홍보 광고물을 보았습니다. 그런데 장단음이 몇 개 틀려서 지적해드리고자 합니다.   일자리[일:짜리]를 [일짜리]로, 취업(就業)[취:업]을 [취업]으로, 훈련(訓鍊)[훌:련]을 [훌련]으로, 보험(保險)[보:험]을 [보험]으로, 근로자(勤勞者)[글:로자]를 [글로자]로 모두 틀리게 소리냈습니다. 한마디로 원래 긴소리를 모두 짧은소리로 발음했습니다.   노동부 홍보 관계자님,   노동에 관한 법이 있듯이 말을 하는 데도 국가가 정한 법이 있습니다. 그것을 어문규정이라고 합니다. 그 안에 ""표준어 규정""이 있는데 1부는 표준어(낱말)에 대해, 2부는 표준 발음법에 대해 규정하고 있습니다. 그 표준 발음법 제6항에서는 ""모음의 장단을 구별하여 발음하되, 단어의 첫음절에서만 긴소리가 나타나는 것을 원칙으로 한다""고 명백히 규정하고 있습니다.   그러므로 우리는 말을 할 때 이 규정에 따라 발음해야 올바른 우리말이 되는 것입니다. 그렇기 때문에 모든 국어사전에 긴소리가 [:] 표시가 되어 있어서 짧은소리와 구별하라고 하는 것입니다. 더욱 전문적인 발음은 <발음사전>을 찾아보시면 나옵니다.  따라서 방송을 하거나 광고를 할 때는 더욱더 이 표준 발음법을 철저히 지켜야 하는 것입니다. 왜냐하면 수백 만, 수천 만 명이 동시에 그 소리를 듣고 영향을 받기 때문입니다. 여기서 방송인과 광고인은 자신들의 책임이 막중함을 스스로 느껴야 합니다.   그런데 이번에 노동부가 내보낸 광고처럼 긴소리를 모두 제멋대로 짧은소리로 바꿔버리면 이는 우리말을 해치는 것으로서 사회적, 국가적으로 큰 해악을 끼치는 것입니다. 더군다나 국민의 세금으로 운영되는 정부 기관이 이런 일을 했다는 것은 말도 안되는 큰 잘못입니다.   요즘은 초등학교에서부터 장단음을 구별하는 표준 발음법을 교육하고 있습니다. 그런데 이번에 노동부가 내보낸 광고는 학생들의 국어 교육에도 큰 해악을 끼치고 있습니다. 이래서야 되겠습니까?   제 말뜻을 이해하셨다면 즉시 그 광고를 올바른 발음으로 고쳐주시기를 부탁합니다. 그리고 앞으로도 광고를 만들어 내보낼 때는 반드시 국어사전을 찾아서 표준 발음을 확인한 뒤에 올바른 표준 발음으로 만드시기를 부탁합니다.",,,20240124,NA
장단음 발음을 잘하여 광고를 해주십시오,노동/환경,,,2003-12-20,고용노동부,"초당대 교양과[국문학] 교수 김창진입니다. 저는 방송언어, 특히 장단음 구분을 바로잡아주기 위해 애쓰고 있습니다. 노동부 광고도 이미 두 번 틀린 점을 지적한 바 있습니다. 오늘 아침 라디오에서 일용 근로자 고용 보험 광고를 들었습니다. 거기서 두 개 낱말의 장단음이 잘못된 것을 지적하고자 합니다. 일(事)은 [일:]로 긴소리로 소리내야 하는데 [일]로 짧게 소리냈습니다. 미만(未滿)도 [미:만]이 맞는데 [미만]으로 발음했습니다. 이 두 개 낱말의 장단음을 바로잡아 주시기 바랍니다. 정부기관이 국민의 세금으로 잘못된 광고를 내보내면 안 되지 않습니까?",,,20240124,NA
국가 자격증에 대해,노동/환경,,,2003-12-19,고용노동부,"http://www.hansinn.net/-->이곳에 한번 가보시죠 거기서 구인,구직게시판을 한번 가보시길 바람니다.그곳에서 공공연히 대여를 암시하는글이 너무많이 올라와 있습니다.노동부산하 산업인력공단에서 매년 수만명의 기사,산업기사등등 배출하고 있지만 정녕 그자격들은 공무원가산점용의로 사용되거나 전혀 다른분야로 나가는 사람이 부지 기수임니다 그이유는 학경력도 있자만 지금있는 자격증 대여,무자격자등등 저임금을 통해 사업주는 부를 축적하지만 기본적인 의식조차 부족하다고 생각함니다.이번에 버섯농장 그곳도 용접기능사 한개 없는 무자격가들이 판치고 건설사고는 안전관리가 무엇인지도 모르는 사람이 공사를 해서 매년 수백명이상이 죽고 산업재해를 입고 있습니다.기술자격을 획기적으로 개선해서 인력배출위주인 국가자격제도를 보다 질위주로 그리고 자격자들을 적절한 보장이 되고 또한 법적인 책임을 기업주,대여자에게도 전가시켜서 선의의 피해자가 생기지 않도록 해야함니다.1.대여시 대여받는자는 5년이상의 징역2.대여자는 자격취소와 국가기술자격 10년간 응시정지및 형사처벌3.무자격자는 5년이상의 징역,관련업무 중지4.학경력자들은 주기적인 상시교육 매년 5일이내로 해서 관련업무를 업그레이드가 필요하다고 생각함니다.이법안이 꼭 관철되기를 기대함니다.",,,20240124,NA
말은 말로 글은 글로 답변을,노동/환경,,,2003-12-19,고용노동부,"급여에서 공제되는 내역들을 지금까지 의심하지 않았습니다.그러나 사업자 공제돼는 고용,국민연금 등등을 지불하지 안았습니다.이것에 의문이 가서 고용이나 국민연금 관리공단에 문의를 하였습니다. 사업자가 낼때까지 그냥 있어라. 그리고 사업자가 공제금액을 빼도 우리는 어쩔 수 없다고 그런이야기를 하니까 정말로 화가 머리까지 쏟는 기분을 어찌 표현할 수 있겠습니까?전 회사에서 체불임금때문에 골치를 아팠는데 그런점에서 우리나라 정책이 가장 큰 문제점이 있다고 생각합니다.먼저 체납임금을 절대적으로 받을 수있다가 문제입니다. 못 받고 그 사업자가 형사고발 돼었다고 이제 포기하라는 말아니면 민사소송하여라 그러면 돼지 않으냐등 노동부에서 아니한 말들이 한다는게 정말 안타깝다는 말밖에 안나옵니다. 한 공무원의 소리는 ~~ 다! 그런거죠 어쩌것어요!~~근로자에게 맞는 법은 없군 형식에서 끝나는 실직적으로 도움이 안돼는군 이런 생각밖에 안드는군요",,,20240124,NA
전국실업일용근로자들의 현재와 장래,노동/환경,,,2003-12-19,고용노동부,"전국실업일용근로자들의 현재와 장래 [실업근로자]는 자신이 실업. 실직하여 일손을 놓은 상태를 말하며, [일용근로자]는 하루내지는 수일에 불과한 날품팔이 근로자를 말합니다. 이분들은 그날 하루의 일당에 모든 것이 포함되어 있으며, 그 하루의 일당이 전부입니다. 1년 중에 날씨가 추워진 지금의 시기가 가장 괴롭고 힘든 때입니다. 그러나 그 힘든 과정에서 또 다른 장애물이 나타났으니 ‘저개발국가의 저소득근로자’인 동남아시아인과 조선족등 외국인근로자들이 몰려오고 있다는 것입니다. 이들은 국내 노동인력시장의 자급자족을 위협하며 ‘수요와 공급의 균형’을 깨뜨려서 국가적으로 막대한 재정손실[외국인고용허가제로 4대보험. 실업급여]을 가져오게 하였습니다. 또 사회적으로는 우리 국내노동인력의 설자리를 잃게 해서 소득을 발생치 못함이 생활고를 겪게 하고 그로 이어지는 순서는 가출. 이혼. 노숙. 범죄. 결국에는 자살로 가는 풀 스토리를 (본회)에서 확인 했을 때 정책을 다루는 자들은 정책의 대상이 국민인 것을 감안하여 경제논리가 아닌 국민을 위한 곧 인간을 위한, 정책이 되어져야 할 것입니다. 지금 현재의 국내노동인력시장은 건국이후 최악의 상태에 있고, 국가 기반의 근본인 국민의 일터를 보호하고 유지보존 해가는 것이 책임이요 의무인 정부(노동부)가 이 일자리를 외국인에게 팔고 있다는 것이 적절한 표현 일 겁니다. 당대에 매국노 이완용이도 조정의 대신으로서 정책을 잘 펼쳤다고 상감에게 곳곳에 토지를 하사받을 정도로 신임을 얻었던바, 멀리보고 깊이보지 못하는 자기적 눈높이에서는 그때  시대 상황이 아마 최고의 선택으로 받아들였을 것입니다.[1905년 을사보호조약] 그러나 역사는 펼쳐진 정책을 반드시 조명하고 평가하는 것을 볼 때에 정책의 입안자들은 아무리 훌륭한 논리보다도 기본적 자세를 가져야 할 것은 국민의 소리에 귀를 기울여서 국민의, 국민에 의하여, 국민을 위한이라는 링컨의 케티스 버그의 외침을 새겨들어야 할 것입니다. 지금의 국내실업일용근로자들의 실태는 노동의 기본권조차 보장받지 못한 가운데 실종된 노동행정의 사각지대에서 차마 눈뜨고는 보지 못할 정도로 열악한 가운데 있는데도 이것을 속여서 포장하고 각색하여 국민에게 홍보하는 현 정부를 보았을 때 과연 이들이 누구를 위하여 존재해야 하는 국가기관일까 하며 의심을 아니해볼 수가 없습니다. 오늘 하루라도 날품을 팔자고 요즘의 엄동설한[嚴冬雪寒]에도 (본회)가 주관하는 새벽인력시장에 나오시는 분들을 보며는 모두를 일 보내지 못하는 저는 회장이 아닌 이런 큰 죄인[罪人]일수 밖에 없는 것을 국민에게 고백합니다. 전국실업일용근로자의 장래에 대하여서는 지금의 국내노동인력시장의 현실이 약자의 편에 서서 인권을 주장하는 일부 단체들이 자신들의 행위를 정당화 하는 동안에 노출되지 않은 상태의 또 다른 약자인 국내실업일용근로자들의 가려진 음지가 있었다는 것을 깨달아야 할 것입니다. 하여 (본회)에서는 건국이후 마땅히 있어야 할 직능단체로서의 면모를 가다듬어 실업일용근로자들을 조직화하여 체계적으로 훈련. 교육등의 프로그램을 진행 생산성이 높은 양질의 전천후 근로자를 배출토록 하게 할 것입니다. 그리하여 선진국 진입의 걸림돌이 되고 있는 최하위계급층의 인력인프라가 고급화 될 수 있는데 역점을 두어서 국가기반의 기초가 되도록 하고 우리 대한민국의 초석이 될 것입니다. 그러기 위해서는 정부는 마땅히 전국실업일용근로자들의 주체요 집합체인 (본회)에 정책의 지혜를 구하여야 옳고, 앞으로는 정규직근로자들의 이익단체인 양대 노총에게 지원되는 수백억 원의 예산을 중단하고 이제는 상대적으로 취약하게 방치되어진 실업일용근로자들의 비이익단체인 (본회)등에 뒷받침이 되어져서 전국의 실업일용근로자들의 밑거름이 되게 해야 할 것입니다. 그리하여 균형 있는 정책의 펼침이 되어야 하고 역사가 선하게 기록하는 자신의 이름이 되어야 할 것입니다. 감사합니다. 2003년 12월 18일  사단법인 전국일용근로자협회 THE KOREA DAILY WORKER ASSOCIATION www.wejoblife.org 회장/이사장 강 대 석  e-mail president@wejoblife.org [실업근로자]는 자신이 실업. 실직하여 일손을 놓은 상태를 말하며, [일용근로자]는 하루내지는 수일에 불과한 날품팔이 근로자를 말합니다. 이분들은 그날 하루의 일당에 모든 것이 포함되어 있으며, 그 하루의 일당이 전부입니다. 1년 중에 날씨가 추워진 지금의 시기가 가장 괴롭고 힘든 때입니다. 그러나 그 힘든 과정에서 또 다른 장애물이 나타났으니 ‘저개발국가의 저소득근로자’인 동남아시아인과 조선족등 외국인근로자들이 몰려오고 있다는 것입니다. 이들은 국내 노동인력시장의 자급자족을 위협하며 ‘수요와 공급의 균형’을 깨뜨려서 국가적으로 막대한 재정손실[외국인고용허가제로 4대보험. 실업급여]을 가져오게 하였습니다. 또 사회적으로는 우리 국내노동인력의 설자리를 잃게 해서 소득을 발생치 못함이 생활고를 겪게 하고 그로 이어지는 순서는 가출. 이혼. 노숙. 범죄. 결국에는 자살로 가는 풀 스토리를 (본회)에서 확인 했을 때 정책을 다루는 자들은 정책의 대상이 국민인 것을 감안하여 경제논리가 아닌 국민을 위한 곧 인간을 위한, 정책이 되어져야 할 것입니다. 지금 현재의 국내노동인력시장은 건국이후 최악의 상태에 있고, 국가 기반의 근본인 국민의 일터를 보호하고 유지보존 해가는 것이 책임이요 의무인 정부(노동부)가 이 일자리를 외국인에게 팔고 있다는 것이 적절한 표현 일 겁니다. 당대에 매국노 이완용이도 조정의 대신으로서 정책을 잘 펼쳤다고 상감에게 곳곳에 토지를 하사받을 정도로 신임을 얻었던바, 멀리보고 깊이보지 못하는 자기적 눈높이에서는 그때  시대 상황이 아마 최고의 선택으로 받아들였을 것입니다.[1905년 을사보호조약] 그러나 역사는 펼쳐진 정책을 반드시 조명하고 평가하는 것을 볼 때에 정책의 입안자들은 아무리 훌륭한 논리보다도 기본적 자세를 가져야 할 것은 국민의 소리에 귀를 기울여서 국민의, 국민에 의하여, 국민을 위한이라는 링컨의 케티스 버그의 외침을 새겨들어야 할 것입니다. 지금의 국내실업일용근로자들의 실태는 노동의 기본권조차 보장받지 못한 가운데 실종된 노동행정의 사각지대에서 차마 눈뜨고는 보지 못할 정도로 열악한 가운데 있는데도 이것을 속여서 포장하고 각색하여 국민에게 홍보하는 현 정부를 보았을 때 과연 이들이 누구를 위하여 존재해야 하는 국가기관일까 하며 의심을 아니해볼 수가 없습니다. 오늘 하루라도 날품을 팔자고 요즘의 엄동설한[嚴冬雪寒]에도 (본회)가 주관하는 새벽인력시장에 나오시는 분들을 보며는 모두를 일 보내지 못하는 저는 회장이 아닌 이런 큰 죄인[罪人]일수 밖에 없는 것을 국민에게 고백합니다. 전국실업일용근로자의 장래에 대하여서는 지금의 국내노동인력시장의 현실이 약자의 편에 서서 인권을 주장하는 일부 단체들이 자신들의 행위를 정당화 하는 동안에 노출되지 않은 상태의 또 다른 약자인 국내실업일용근로자들의 가려진 음지가 있었다는 것을 깨달아야 할 것입니다. 하여 (본회)에서는 건국이후 마땅히 있어야 할 직능단체로서의 면모를 가다듬어 실업일용근로자들을 조직화하여 체계적으로 훈련. 교육등의 프로그램을 진행 생산성이 높은 양질의 전천후 근로자를 배출토록 하게 할 것입니다. 그리하여 선진국 진입의 걸림돌이 되고 있는 최하위계급층의 인력인프라가 고급화 될 수 있는데 역점을 두어서 국가기반의 기초가 되도록 하고 우리 대한민국의 초석이 될 것입니다. 그러기 위해서는 정부는 마땅히 전국실업일용근로자들의 주체요 집합체인 (본회)에 정책의 지혜를 구하여야 옳고, 앞으로는 정규직근로자들의 이익단체인 양대 노총에게 지원되는 수백억 원의 예산을 중단하고 이제는 상대적으로 취약하게 방치되어진 실업일용근로자들의 비이익단체인 (본회)등에 뒷받침이 되어져서 전국의 실업일용근로자들의 밑거름이 되게 해야 할 것입니다. 그리하여 균형 있는 정책의 펼침이 되어야 하고 역사가 선하게 기록하는 자신의 이름이 되어야 할 것입니다. 감사합니다. 2003년 12월 18일  사단법인 전국일용근로자협회 THE KOREA DAILY WORKER ASSOCIATION www.wejoblife.org 회장/이사장 강 대 석  e-mail president@wejoblife.org",,,20240124,NA
형평성에 어긋난 법해석,노동/환경,,,2003-12-18,고용노동부,"기능직공무원 채용공고를 보고 너무도 황당하고 어이없어서 글을 올립니다. 이곳에 이러한 글을 올린다고해서 달라지리라는 기대는 하지 않지만, 한번쯤은 생각해봐야 할 문제가 아닌가 하는 생각에 몇자 적습니다.기능직공무원(사무원) 채용조건이 워드프로세서2급이상 또는 컴활2급이상이라고 하더군요. 저는 정보처리기사1급, 사무자동화산업기사, 워드3급 자격증이 있습니다. 그래서 원서접수를 못했습니다.제가 가지고 있는 사무자동화산업기사는 컴퓨터활용능력자격증시험에서 치르게되는 모든 영역에 더 많은 기능을 요하는 시험의 자격증입니다.컴퓨터활용능력에서 엑셀능력을 필요로하기에 컴활2급이상의 소지자를 채용해야 한다면 왜 사무자동화산업기사자격증이 자격요건에 미달이되는건지.....이자격증은 엑셀,데이타베이스,파워포인트를 모두 테스트 하는 시험이고 누구나 컴활 보다 사무자동화자격증이 더 많은 기능과 능력을 요나는 것이라는 걸 알지만, 법에 기재가 되어있지 않다는 이유로 조건미달이되어야 한다는게 쉽게 납득이되질 않습니다.""컴활2급이상""이라는 법조항에 대한 해석이 어떻게 되어야 옳은것일까요?""이상""이라는 말에 기사자격증도 포함이 된다고 보아야 옳은것이 아닌지...전혀다른 기능을 테스트하는 자격증도 아니고 중복이되는 자격증인데, 그리고 컴활보다는 우위에 있는 자격증인데....정말 어이없고 황당하네요.대한상공회의소의 자격증은 가능하고 한국산업인력관리공단의 자격증은 기능직공무원시험에 아무런 해택을 받을수 없다는것이 저는 납득이 되질 않습니다.이러한 채용조건이라면 같은 기능을 테스트하는 자격증을 2개씩 혹은 가지수대로 모두 소지를 해야 한다는 말인데.....그렇다면 대한상공회의소는 왜 그런 자격증을 발급하는것이고 왜 존재한는것일까요?이것이 법으로 규제되어 있다면 법해석이 형평성에 어긋나는것이 아닌지...아님 자격증 발행처를 구별하는 특별한 이유가 있는것인지..그런것이라면 그것 또한 형평성에 어긋나는것이라는 생각이 드네요..쉽게 말해서 운전기사를 채용하는데 현대차 타는 사람은 채용하고 대우차 타는 사람은 채용못한다는 것과 같다는 생각이 드네요...암튼 두서없이 적었습니다만, 누가 봐도 이건 잘못된것이라는 생각이 들것입니다..",,,20240124,NA
노조의 요구에 의한 안전관리자 선임,노동/환경,,,2003-12-18,고용노동부,"건설공사에서는 산안법에 의한 안전관리자 의무 선임 요건 외에 발주처에 의해 위험공종이라 판단이 되면 안전관리자를 별도로 선임할 수 있게 되어 있습니다. 현 산업안전보건법은 공사규모와 근로자수에 따른 안전관리자에  대한 선임을 원칙으로 하고있고.. 공종의 위험성에 대한 것은 별도로 규정한 바가 없는 사유로...  위험공종임에도 불구 안전관리자가 선임이 되어있지 않거나 혹은 선임수가 현저히 적어  각종 재난 재해 사고에 신속히 대비할 수 있지 못하다는 난점이 있습 니다. 또한 안전관리에 대한 기본권익이 근로자에게 있음에도 불구 하고... 사업주의 고유권한인 채용에 관한 원칙에 배합된다는 이유 로,, 근로자들의 안전에 대한 권익은 적절히 보장받지 못한다고 생각합니다. 따라서 이를 지금의 건설업의 시스템 처럼 발주처와 동등의 관계를 노조에게 부여하여..  사업장에서도 자율적으로 안전관리자를 선임할 수 있는  그런 제도가 필요하리라 생각합니다. 이상입니다",,,20240124,NA
용역(일용직)사원 철회해야한다,노동/환경,,,2003-12-18,고용노동부,일용직철회,,,20240124,NA
노동부지원 미취업자 <컴퓨터국비교육생>에 선발기준은?,노동/환경,정책제안(곽은주).hwp,,2003-12-18,고용노동부,"안녕하세요, 담당자님저는 현재 수원 소재 미래직업전문학교에서 지난10월 28일부터 시행된  고용보험 미가입자를 대상으로한 <컴퓨터 국비무료교육과정>을 이수중인 수강생 ,곽은주입니다.현재 23명이 수업중인데,학생들의 컴퓨터 지식과 활용의 편차가 커서 문의합니다. 노동부에서 계획한 수강생 선발기준에서, 컴퓨터 활용도가 어느 정도인 사람을 대상으로 교육을 시키는 것인지 궁금하고, 사후 관리는 제대로 하고 있는지 궁금합니다.본 프로그램을 이수하지 않아도 될만큼의 수준급의 수강생도 함께 수업을 받으며, 느낀 점입니다. 도대체 국민의 혈세를 노동부에서 너무 안일하게 사용하고 있다는 분노가 치밉니다.정말, 교육이 필요한 사람들에겐, 선의의 불이익을 주는 일이 없기를 바라는 마음에 글 올립니다.차후에,교육 프로그램을 운영할 때는 주먹구구식의  교육 프로그램 운영이 아닌,보다 투명하고 합리적인 전형과 사후관리를 부탁합니다.진정, 교육이 필요한 사람이 제대로 교육 받을 기회를 주시기 바랍니다. ... 국비를 낭비하지 마십시요.  국민이 울고 있습니다.",,,20240124,NA
수입 EDI 과부호 오류 경고제 도입,재정/금융/소비자,,답변완료,2003-12-17,관세청,"[개요]
수입신고서 EDI 작성 중 해당 과부호가 잘못입력되는 경우 해당 과가 아닌면 오류표시가 경고되어 정당한 과부호로 정정하여 다시 입력하게 되어야 하나, 현재는 그런 기능이 없어 수입신고서가 수입과로 전송이 안되고, 통관과로 전송되어 수입신고서를 신고취하하는 번거로움이 있음.

[현행 및 문제점]
수입신고시 세관부호와 과부호를 넣게 되어 있는데 과부호를 실수로 잘못 기재했을 때  EDI전송을 하면 오류로 뜨질 않고 그냥 넘어가 P/L로 되는 경우가 있음.  그렇게 될때 신고취하를 해야만 하는데 해당세관이 가까이 있으면 그나마 다행이지만 먼 세관일경우는 세관까지 가서 취하를 해야만 하기 때문에 당연히 통관처리가 늦어짐. 



[예산절감액]
0

[국세/조세수입증대액]
0

[개선방안]
물론 관세사의 실수지만 관세청에 각 세관의 수입과부호를 입력시켜 그에 맞지 않을 시 오류가 뜬다면 수정하여  다시 신고. 결국 시간적, 경제적으로 빠른 통관이 될것이라 사료됨.

[행정개선효과]",,,20240124,
내년 일용근로자 실업급여 금액산정시 유급휴가일은 어떻게,노동/환경,,,2003-12-16,고용노동부,"일용근로자의 유급휴가시 지급되는 주휴수당, 월차수당의 처리는 어떻게 되나요?'주휴 또는 월차로 근무하지 않은 날'즉 일하지 않았으나 임금이 지급된 날은 근로일로 계산해야 하지 않을 까요?또한 건설현장에 따라 주휴수당이나 월차수당을 주는 곳도 있고, 안 주는 곳도 있는데  법상으로는 지급해야 하는 것으로 알고 있습니다.주휴수당이나 월차수당을 지급받은 경우는 실업급여금액이 늘어나고 주휴수당이나 월차수당을 지급받지 않는 경우는 실업급여액이 줄어들것같은데, 그런 부분의 차이는 어떻게 처리되는지 궁금합니다.건설현장의 불투명한 부분들이 이번 피보험자확대를 통해 개선될 수 있을지, 문제를 안고 그대로 진행될지 염려됩니다.",,,20240124,NA
전기응용기술사 폐지안에 관한 대안의 간곡한 글입니다.,노동/환경,,,2003-12-16,고용노동부,"존경하는 노동부 자격지원과 담당관님께 저는 어느새 전기분야에 27년간(전기철도에 관련된 일을 십여년) 종사해온 전기응용 기술사로서, 전기응용기술사의 대안도 제시않은 채 완전폐지에 대하여 본인은 너무나 걱정스럽고 제가 설자리가 없다는 말씀을  먼저 드립니다. 한 가정의 가장이 기술사의 명문으로 지금까지 전기철도의 관련된 일로 사회에 일익을 담당하고 있다는 긍지마저 짓발혀지고 있는 이 아버지를 볼때, 대학에서 조차도 공대를 기피하는 실정에 있어  기술사 세계에도 이러한 이해할 수 없는 갈등을 볼때, 과연 제 자식 역시공대다니고 있는 것을 후회하고 회의를 가지지 않겠습니까(물론 제 둘째 역시 제 뒤를 이어 모대학 전기공학을 전공하고 있습니다)?  제가 근무하고 있는 HD엔지니어링(주)은 서울지하철 2호선 3호선 5호선, 10, 11호선 등등, 부산지하철 1호선, 2호선, 대구지하철 1호선, 2호선 , 인천지하철 1호선 3호선 , 대전지하철 1호선, 인천국제공항철도 등에  대한 기계 및 전기설비에 대한 기본설계 및 상세설계를 수행하여 왔으며, 이에 대한 자격으로 초기에는 송배전기술사 1993년 이후로 저의 전기응용 기술사 자격으로 전기철도에 관한 일을 수행하여 오고 있습니다. 이러한 저의 실적은 관공서에서 인정하는 실정증명을 제시 할 수 있습니다. 한국의 도시철도의 ""기본 및 상세설계""는 철도를 기획하는 가장 중요한 기술로서, HD엔지니어링(주), HK철도기술공사, DW엔지어링(주) 등등에서 주관하여 왔으며, 실제 외국의 기술의 도입과 기술의 협의, 습득을 통해서 직접 모든 엔지니어링사에서 수행하여 왔습니다.  물론 철도에 근무하신분의 능력과 충분한 경험은 당연히 인정합니다. 그러나, 전기응용기술사를 제도를 애써 외면하고 왜 전기신호기술사, 전기철도기술사등 없는 기술사제도를 전기응용기술사로 부터 가지치기하여 복합한 다단계식의 기술사 제도를 ""무슨이유로"" 만들었어야 했는지를 이해 할 수 가 없습니다.  매년 시험응시자가 줄어간다고요?당연하지요!철도에 관련된 분야에 종사하려는 분이 전기응용기술사 시험을 치러왔고 취득하여 종사하여 왔으나,몇년전에 철도기술사가 새롭게 생겼으니 당연히 수험자가 줄수 밖에 없지요,그렇다고 기존의 전기응용기술사를 폐지하면, 이분야에 전기응용기술사 자격을 취득하고 이 분야에 종사한 사람의 앞길은 어디에 있습니까? 대책안도 제시함이 없이...... 일찍이 일본의 기술사제도를 도입하여 한국에 정착된 기술사제도를 일본에도 없는 전기철도관련기술사를 별도로 만들고 전기응용기술사를 폐지하여야 하는 지 도무지알 도리가 없습니다. 복잡한 구조의 정부 부처도 통합하는 마당에 시대 조류에 어긋나게 복잡한 제도를 마련한 의도를 어떻게 이해하여야 만 하는지요? 이렇듯 전기응용기술을 응용하여 한국의 전기철도에 일익을 담당하여 오고 있는바. 작금에 와서 전기응용기술사에서 가지를 쳐서 굳이 전기철도기술사를  만들고도 부족하여, 母 기술자격인 전기응용기술사를 폐지한다는 것은 있을 수 없다고 생각합니다. 이것은 형평상에 어긋남을 만인이 수긍할 것으로 사료됩니다. 전기응용기술사를 페지한다는 것은, 본인의 수십년간 이분야에 종사해온 저를 죽이는 것과 다름없다고 생각하고 인생의 끝이라는 생각 먼저 앞섬니다. 그러므로 전기응용 기술사의 폐지를 원점으로 돌려 주시기거나, 불가하다면, 대안으로 즉 관련된 일에 확고한 실적(정부가 인정하는) 실적에 따라 다른 기술사자격에 편입을 시켜준다는 보장등의 대책 마련없이 무조건 폐지하지 않을시기를 간곡히 탄원하는 바입니다.전기응용기술사 이용운배상",,,20240124,NA
밀린 임금을 주지않는데......,노동/환경,,,2003-12-16,고용노동부,"저는 장성군에 있는 호남장성병원에 근무하다가 임금체불이 6개월이나 되어서 생계에 어려움을 느껴 사직서를 제출하고나온사람입니다,물론 저뿐만 아니라 여러사람이 같이 나와서 노동청에다 고발도 했고 변호사를 선임해서 법적 조치를 취해서 지급 판정까지 받았습니다.그러나 악덕 사업주는 나몰라라 하는식으로 지금까지 아무런 조치를 취하지도 않고 밀린 임금을 줄려고 생각하지도 않고있습니다.물론 지금 근무자들도 임금을 주지않는다고 하는군요.호남장성병원에서 임금을 못밭고 나간사람들이 제가 알기로도 30ㅡ40명은 넘을겄같습니다그중에서 저를 비롯해서 19명은 변호사를 선임해 가지고 9월말경에 임금 지급판정이 났는데도 임금을 주지 않고 있는데 어떻게 해야 받을수가 있는지요 한가지 아쉬운것은 수없는 사람들이 노동청에 고발이 되어 있는데도 노동청에서는 근로감독 한번 나가지 않는다는 것이 이상합니다. 사무실 집기류에다 압류딱지를 붙였지만은 밀린임금에 비해 턱없이 부족한 액수거든요 어떻게 해야하는지 방법좀 가르켜 주세요.",,,20240124,NA
인터넷 복권의 현실,노동/환경,,,2003-12-16,고용노동부,"저는 복권 업계, 그중에서도 인터넷 복권 업계에 종사하고 있는 사람입니다.요즘 정부의 복권 정책 결정 과정을 지켜보노라면 화도 나고 한편으로는 의심스럽기까지한 부분들이 있어 이렇게 글을 올립니다. 정부 복권 정책의 문제점은 크게 불공정성, 비현실성, 편협성이라고 할 수 있습니다. 첫째로, 불공정성이라 함은..2001년 인터넷 복권이 처음 등장하고 그 시장이 형성될 무렵, 기존의 추첨식 복권 시장과의 충돌 혹은 시장 편중을 고려하여 추첨식 복권의 최고당첨금 보다 적은 1억원 수준에서 책정되었습니다. 물론 이 정도의 Gap도 극복하기가 쉽지만은 않았지만 그래도 추첨식복권은 인터넷에서 공식적으로 유통 및 판매가 가능하였기에 서로 공존할 수 있었으며 부작용 또한 그리 크지 않았습니다. 그런데, 2002년도 12월에 느닷없이 ""온라인 로또""라는 거대 복권 상품의 출현으로 기존 복권 시장은 한마디로 쑥대밭이 되었습니다. 물론, 온라인 로또와 기존 복권이 동등한 입장(규제 혹은 조건)에서 경쟁이 되고, 그러한  경쟁구도 하에서 사업이 어려워졌다면 우리 사업자들의 무능력과 게으름을 탓할 수도 있겠지만, 사정은 전혀 그러하지 못했다는 것입니다. 천문학적인 1등 당첨금(수백억원) 구조와 더불어 정부 정책의 따뜻한 비호를 받는 로또복권과 1억원짜리 인터넷 복권, 게다가  이제는 천덕꾸러기 신세로 전락한 인터넷 복권의 경쟁은 누가봐도 불공정한 정책의 표본이라고할 수 있을 것입니다. 이러한 편파적인 정책의 피해는 누가 보나요? 장,차관님들이 보시나요? 바로 해당 업계에 몸담고 있는 일꾼들과 그들의 부양가족이 피해자일 겁니다.저희는 인터넷복권에 어떠한 특혜도 바라지 않습니다. 단지, 우리가 살아갈 수있는 길을 터 주기만을 바랄 뿐입니다. 정부의 복권 정책이 현재의 불공정함에서 벗어나, 제대로 된 방향으로 나아가도록 지금이라도 재 검토되어야 합니다.  둘째, 비현실성이라 함은..획일적, 규제 중심적 정책 기조에 있습니다. 저희는 시장 원리를 기반으로 한 경제,산업 구조에서 살아가고 있습니다. 정부의 복권 정책 취지에 많은 부분 공감하면서도 전적으로 찬성할 수 없는 이유는 하향식 정책결정과 그 집행에 있는 것입니다. 로또 복권이 출시되기 몇달 전에 처음으로 공개적인 로또 복권 출시에 대한 공청회가 있었습니다. 하지만 이러한 대규모 파장을 몰고 올 수 있는 이슈에 대한 공청회를 일부 해당 시민단체와 학계 업계종사자만을 대상으로 개최하고, 그나마 여론 수렴의 장이 아닌, 정부 시책의 공표 수준으로 끝을 맺고 말았습니다. 과연 어느 누가 로또 복권 출시에 박수를 보냈나요?로또 복권이 출시된 목표?는 무엇인가요? 비효율적 복권 발행 체계 개선, 사행심 조장, 복권 공화국이라는 사회적 비판에 대한 해답으로 시작된 것 아닌가요? 그렇다면, 1년이 지난 지금당초 목표했던 바가 이루어 졌나요? 복권시장 과열은 상상을 초월할만큼 심각해졌고, 효율성을 추구한 지금 정부를 믿고 수십억씩 투자한 민간 복권 사업자들은 죽어가고, 수백억 당첨금을 향한 무모한 소시민들은 근로 의욕을 상실하고 이젠 로또복권의 천국이 되어버렸습니다.그렇다면, 이러한 상황에서 현재의 복권 정책이란 것이 위의 부작용들을 해결하기 위한 방향으로 가고 있나요?기존 복권 시장들만 죽어나가면 로또가 잠잠해 질까요? 과연 정책이 그런 방향으로 가닥을 잡고 있나요?세계 어느나라도 로또 하나만으로 복권 시장을 인위적으로 운영하지 않습니다. 답은 바로 여기에 있습니다.로또의 취지를 살리고, 기존 사업자들도 공생할수 있는 방법은 얼마든지 있으며, 행여 그 답을 찾기 어렵다 하더라도 찾아내야만 하는 것이 정책 입안자 및 집행자들의 몫인것입니다. 매체 광고를 보면 실소를 금할 수 없는 때가 자주 있습니다. ""행복공동체"" 도대체 누가 행복하단 말입니까? 몇몇은 있겠지요. 로또 복권을 출시해서 배부른 정부 부처들 해당 기관들(구성원 개개인을 비하하는 것이 아니라, 정책을 비판하고자 합니다.), 그리고 운영사업체, 수십 수백억의 당첨자 몇명...행복하겠지요. 이사람들이 공동체인가요? 이 공동체를 위한  로또 인가요? 이정도 행복이라면 기존 복권 산업에 의한 행복은 수십배 더 컸으리라 자부합니다.로또 하나만을 위한 정책, 소수 이해 관계자들의 행복만 추구하는 정책은 지금 세상에서 결코 현실화 될 수 없습니다.  마지막으로, 편협성이라 함은...복권을 산업으로서 폭넓은 시각, 장기적인 관점에서 바라보지 못함에 기인합니다.출현 초기, 황금알을 낳는 거위로 불리워졌던 인터넷 복권은 이제 몇몇 사업체가 도산 혹은 그와 유사한 상황에까지 몰리는 신세가 되었습니다. 과연 인터넷 복권과 기존 복권시장을 살리면서 로또가 나올 수는 없었을까요? 그게 불가능했다면 다른 나라들은 우리나라 정책 입안, 결정자들보다 월등히 능력이 뛰어난 사람들이라고 밖에 볼수 없겠네요. 로또 시장과 기존 복권 시장을 하나의 ""복권""이라는 커다란 카테고리로 묶어 나아가고, 다른 한편으로는 서로 다른 시장으로서 발전시키고 그에서 파생되는 복권 산업의 발전, IT산업에의 일조를 이끌어 낼 수는 없었단 말입니까? '현재의 복권 시장과 그 발행 구조, 근거 법령 등이 취약하고 문제점이 많으니, 이참에 ""로.또.""라는 둔기로 내리쳐서 싹 정리해 버리는 방식'만이 유일한 해결책이요 국가를 위하고 국민을 위하고, 복지/보훈 대상자를 위하는 길입니까? 편협하고 가식적인 발상입니다. 저희 인터넷 복권 사업자들의 요구는 그리 무리한 것도, 대단한 것도 아닙니다.정부의 통합복권 법이 입법예고 되기 이전부터 각 정부부처에 지속적으로 요청한 최소한의 부탁인 것입니다.하나, 로또와 경쟁할 수 있는 당첨금 구조를 허가해 달라!둘, 첫번째가 불가능하다면, 추첨식 복권을 인터넷 사업자가 유통, 판매 할 수 있는 길을 제도적으로 마련해 달라! 이 민원의 글을 보시고...""음..이건 우리 부처가 나선다고 될 일이 아니군..다른 쪽에서 말이 나오면 그때 한마디 거들자..""는 생각을 하신다면 저희는 실망을 금치 못하고, 나아가 분노를 느끼게 될 것입니다. 선처 하신다면, 분명히 함께 살 길이 있습니다.",,,20240124,NA
개선요함,노동/환경,,,2003-12-16,고용노동부,매번 그렇습니다 친절을 바라지도 않지만   상담 전화를하는데 전화 돌리는 횟수가 5번이상이 됩니다   정말 자기 업무외에는 관심이 없어서인지    아님 몰라서 인지.. 매번 전화할때마다 짜증납니다   모든 노동부가 그러는지 모르겠지만 우리 근로자들은 다급해서      전화로 먼져 조언을 듣고싶을뿐이데 전화돌리다가 지쳐서    말하기도 싫습니다... 도대체 하는일이 전화돌리는일만 하는지     오늘도 벌써 전화를 몇번이나 하는지...    정말 뭐라 화가나서 할말이 없습니다  또한가지 내가 안산 노동부에 찾아간적이 있는데     거긴 넘 한산하던데... 넘 한가해서 전화를 돌리는건지...,,,20240124,NA
황금알 뒤에서 죽어가고 있습니다.,노동/환경,,,2003-12-15,고용노동부,"저는 복권 업계, 그중에서도 인터넷 복권 업계에 종사하고 있는 사람입니다.요즘 정부의 복권 정책 결정 과정을 지켜보노라면 화도 나고 한편으로는 의심스럽기까지한 부분들이 있어 이렇게 글을 올립니다. 정부 복권 정책의 문제점은 크게 불공정성, 비현실성, 편협성이라고 할 수 있습니다. 첫째로, 불공정성이라 함은..2001년 인터넷 복권이 처음 등장하고 그 시장이 형성될 무렵, 기존의 추첨식 복권 시장과의 충돌 혹은 시장 편중을 고려하여 추첨식 복권의 최고당첨금 보다 적은 1억원 수준에서 책정되었습니다. 물론 이 정도의 Gap도 극복하기가 쉽지만은 않았지만 그래도 추첨식복권은 인터넷에서 공식적으로 유통 및 판매가 가능하였기에 서로 공존할 수 있었으며 부작용 또한 그리 크지 않았습니다. 그런데, 2002년도 12월에 느닷없이 ""온라인 로또""라는 거대 복권 상품의 출현으로 기존 복권 시장은 한마디로 쑥대밭이 되었습니다. 물론, 온라인 로또와 기존 복권이 동등한 입장(규제 혹은 조건)에서 경쟁이 되고, 그러한  경쟁구도 하에서 사업이 어려워졌다면 우리 사업자들의 무능력과 게으름을 탓할 수도 있겠지만, 사정은 전혀 그러하지 못했다는 것입니다. 천문학적인 1등 당첨금(수백억원) 구조와 더불어 정부 정책의 따뜻한 비호를 받는 로또복권과 1억원짜리 인터넷 복권, 게다가  이제는 천덕꾸러기 신세로 전락한 인터넷 복권의 경쟁은 누가봐도 불공정한 정책의 표본이라고할 수 있을 것입니다. 이러한 편파적인 정책의 피해는 누가 보나요? 장,차관님들이 보시나요? 바로 해당 업계에 몸담고 있는 일꾼들과 그들의 부양가족이 피해자일 겁니다.저희는 인터넷복권에 어떠한 특혜도 바라지 않습니다. 단지, 우리가 살아갈 수있는 길을 터 주기만을 바랄 뿐입니다. 정부의 복권 정책이 현재의 불공정함에서 벗어나, 제대로 된 방향으로 나아가도록 지금이라도 재 검토되어야 합니다.  둘째, 비현실성이라 함은..획일적, 규제 중심적 정책 기조에 있습니다. 저희는 시장 원리를 기반으로 한 경제,산업 구조에서 살아가고 있습니다. 정부의 복권 정책 취지에 많은 부분 공감하면서도 전적으로 찬성할 수 없는 이유는 하향식 정책결정과 그 집행에 있는 것입니다. 로또 복권이 출시되기 몇달 전에 처음으로 공개적인 로또 복권 출시에 대한 공청회가 있었습니다. 하지만 이러한 대규모 파장을 몰고 올 수 있는 이슈에 대한 공청회를 일부 해당 시민단체와 학계 업계종사자만을 대상으로 개최하고, 그나마 여론 수렴의 장이 아닌, 정부 시책의 공표 수준으로 끝을 맺고 말았습니다. 과연 어느 누가 로또 복권 출시에 박수를 보냈나요?로또 복권이 출시된 목표?는 무엇인가요? 비효율적 복권 발행 체계 개선, 사행심 조장, 복권 공화국이라는 사회적 비판에 대한 해답으로 시작된 것 아닌가요? 그렇다면, 1년이 지난 지금당초 목표했던 바가 이루어 졌나요? 복권시장 과열은 상상을 초월할만큼 심각해졌고, 효율성을 추구한 지금 정부를 믿고 수십억씩 투자한 민간 복권 사업자들은 죽어가고, 수백억 당첨금을 향한 무모한 소시민들은 근로 의욕을 상실하고 이젠 로또복권의 천국이 되어버렸습니다.그렇다면, 이러한 상황에서 현재의 복권 정책이란 것이 위의 부작용들을 해결하기 위한 방향으로 가고 있나요?기존 복권 시장들만 죽어나가면 로또가 잠잠해 질까요? 과연 정책이 그런 방향으로 가닥을 잡고 있나요?세계 어느나라도 로또 하나만으로 복권 시장을 인위적으로 운영하지 않습니다. 답은 바로 여기에 있습니다.로또의 취지를 살리고, 기존 사업자들도 공생할수 있는 방법은 얼마든지 있으며, 행여 그 답을 찾기 어렵다 하더라도 찾아내야만 하는 것이 정책 입안자 및 집행자들의 몫인것입니다. 매체 광고를 보면 실소를 금할 수 없는 때가 자주 있습니다. ""행복공동체"" 도대체 누가 행복하단 말입니까? 몇몇은 있겠지요. 로또 복권을 출시해서 배부른 정부 부처들 해당 기관들(구성원 개개인을 비하하는 것이 아니라, 정책을 비판하고자 합니다.), 그리고 운영사업체, 수십 수백억의 당첨자 몇명...행복하겠지요. 이사람들이 공동체인가요? 이 공동체를 위한  로또 인가요? 이정도 행복이라면 기존 복권 산업에 의한 행복은 수십배 더 컸으리라 자부합니다.로또 하나만을 위한 정책, 소수 이해 관계자들의 행복만 추구하는 정책은 지금 세상에서 결코 현실화 될 수 없습니다.  마지막으로, 편협성이라 함은...복권을 산업으로서 폭넓은 시각, 장기적인 관점에서 바라보지 못함에 기인합니다.출현 초기, 황금알을 낳는 거위로 불리워졌던 인터넷 복권은 이제 몇몇 사업체가 도산 혹은 그와 유사한 상황에까지 몰리는 신세가 되었습니다. 과연 인터넷 복권과 기존 복권시장을 살리면서 로또가 나올 수는 없었을까요? 그게 불가능했다면 다른 나라들은 우리나라 정책 입안, 결정자들보다 월등히 능력이 뛰어난 사람들이라고 밖에 볼수 없겠네요. 로또 시장과 기존 복권 시장을 하나의 ""복권""이라는 커다란 카테고리로 묶어 나아가고, 다른 한편으로는 서로 다른 시장으로서 발전시키고 그에서 파생되는 복권 산업의 발전, IT산업에의 일조를 이끌어 낼 수는 없었단 말입니까? '현재의 복권 시장과 그 발행 구조, 근거 법령 등이 취약하고 문제점이 많으니, 이참에 ""로.또.""라는 둔기로 내리쳐서 싹 정리해 버리는 방식'만이 유일한 해결책이요 국가를 위하고 국민을 위하고, 복지/보훈 대상자를 위하는 길입니까? 편협하고 가식적인 발상입니다. 저희 인터넷 복권 사업자들의 요구는 그리 무리한 것도, 대단한 것도 아닙니다.정부의 통합복권 법이 입법예고 되기 이전부터 각 정부부처에 지속적으로 요청한 최소한의 부탁인 것입니다.하나, 로또와 경쟁할 수 있는 당첨금 구조를 허가해 달라!둘, 첫번째가 불가능하다면, 추첨식 복권을 인터넷 사업자가 유통, 판매 할 수 있는 길을 제도적으로 마련해 달라! 이 민원의 글을 보시고...""음..이건 우리 부처가 나선다고 될 일이 아니군..다른 쪽에서 말이 나오면 그때 한마디 거들자..""는 생각을 하신다면 저희는 실망을 금치 못하고, 나아가 분노를 느끼게 될 것입니다. 선처 하신다면, 분명히 함께 살 길이 있습니다.",,,20240124,NA
어린이집 이름 공모,법제/사법,,답변완료,2003-12-15,법무부,"청주여자교도소 어린이집 명칭을 공모하려고 합니다.
 -한빛 어린이집\""-
고어의 `많은\'이라는 뜻의 `한\'.  그리고 `빛\'
저희 어린이집의 아이들이 밝고 많은 빛을 받아 아름답고 이쁘고 
명랑하고 밝게 컸으면 하는 의미에서입니다.
저희 작은 의견입니다.",,,20240124,
?????,노동/환경,,,2003-12-12,고용노동부,제가 한10을 일을했습니다  제가? 회사 이사님한테 그만두겠다고 말을했는데 이사님이 승락하셨습니다 10을일한급여는 다음달 12월 10날 준다고  구두 상으로약속했습니다  그런데  사장이라는사람이 돈을않준다고 말을하길레 어이가없어서 ......   이불상한저를 구제할방법이없나요?..,,,20240124,NA
환경미화원 증원 또는 실업자 구제,노동/환경,,,2003-12-02,고용노동부,"어느 지역이나 그 지역의 하천, 지천, 구거등의 청결상태가 그 지방의 이미지를 좌우한다고 사료됩니다.사람이 살아 가는데는 깨끗한 환경과 깨끗한 물이 필수적인것은 누구나 잘 알것입니다.우리시 길거리의 청소상태는 환경미화원의 헌신적인 노력으로비교적 양호하다고 보겠습니다그러나 중랑천 상류 하천,지천 및 주택가 주변 개방된 구거등에는 온갖 폐비닐 페트병 쓰레기등이 방치된 상태이며몇 달이 가도 청소는 되지않고 있는 실정이라고 생각됩니다,특히 호암사 입구 새길밑 개천에는 생활 하수가 정화되지 않고 유입됨은 물론 김장쓰레기와 생활쓰레기가 무단 투기되어 있으며 오리도 방사하여 기르고 있는상태입니다, 큰길위개천은 1급수이나 몇십미터 아래는 악취를 풍기고 있습니다.몇달이 지나도 청소는 되지않고 오염상태는 매우 심각하나 그대로 방치되고 있습니다.호암사 입구뿐만 아니라 대부분의 하천,지천이나 구거등은 청결상태가매우 불량한것이라고 사료됩니다.길거리 청소와는 달리 장화 또는 오물을 걷어낼수 있는 연장이나청소방법은 사전 준비 되어야 하나 미화원은 어느 누구도 장비를 가지고 다니는것을 본적이 없습니다. 시에서는 보다 다른 중요한 업무가 많아 전연 신경을 쓰지 않는것이 아닌가요?  이에대한 개선방법은 환경 미화원 증원 또는 공익 근무요원 증원,실업자 활용 방법도 있는것입니다.시재정상 문제가 되면  초 중고 대학생 직장사업장 근로자가 자발적으로 어느지역을 담당토록 할 수 있을것이며, 지역주민을 대상으로 통반별로 책임을 맡도록 하여 깨끗한 의정부시가 될수 있게 방법을 강구 해야 할것입니다. 끝.",,,20240124,NA
우는아이에게먼저젖좀주세요토토판매점,노동/환경,,,2003-12-01,고용노동부,"저는토토복권방을운영하고있는50대주부로서의가장입니다 8순노모와대학생인아들이있습나 학교는휴학하고지금은아르바이트를다니고있는실정입니다 복권방을운영하면로또복권판매를할수있는줄알고 집을담보로하여 대출을내어가게보증금으로사용했는데 복건방을운영하다보니금융기관이자는커녕운영비도부족하여빚만늘어나는실정 입니다 지금너무나막막하게생활하고있습니다 복권업무에관계하고계신분들도물론여러가지로 어려운점들이많으시겠지만토토복건방을운영하고있는점주들의어려운형편들을생각하시어로또와토토가연동될때까지만아라도 로또복권기계를임대해주실수는없는지요? 꼭부탁드립니다 관계부처들과잘상의하시어로또복권기계를꼭임대해주시기를간절이부탁드립니다 좋은일이있기를기대해봅니다"" 오늘도로또주세요하는데토토복권하면어떨가요했더니그냥나가십니다마음이측은해집니다눈물이핑돕니다 이어려운실정에......",,,20240124,NA
제발 또다른한가정 아니 수백가정의 생활보호대상자가 되게하지 말아주십시요,노동/환경,,,2003-12-01,고용노동부,안녕하세요 저는 광주시에서 토토전업복권방을 하고있는 점주입니다 제가 이렇게 노동부참여마당을 노크한것은 저희토토전업복권방의 힘든 사정을 하소연하고저 두서없는 글이나마 몇자올리려고함을 담당자님께서이해하시고 읽어주심 고맙겠습니다 담당자님 저희토토판매점은 정부에서 로또와연동 발매해준다는 약속하나만믿고 누적되는적자를 감수하면서 로또와하루빨리 연동되기만을 기다려왔으나 국민은행과 kls측의무성의함인지 뭔지는 모르겠으나 연동이 차일피일미뤄지는 관께로누적되는 적자를 감당하기 어려워 점포 폐쇠직전까지갔기에 이렇게 열린마당에 하소연 함을 용서하시고 기술적으로 로또와 연동이 늦어지면 저희 토토판매점에게 로또단말기를 연동이되기전까지 우선 임대를 해주시면 고맙겠습니다 담당자님 정부에선 이번로또2차선정시 소외계층에게 우전배정한다는 소리를 들었습니다 그러나 한쪽에 또다른 수백가정이 생활보호대상자로 전락하고있슴 그게무슨의미가 있겠습니까 담당자님 제발 저희들의고통을 이해하시고 저희토토전업복권방을 제발 도와주십시요 업드려 간곡히 다시한번 빕니다 도와주세요,,,20240124,NA
오가피 육종이 필요할 것 같습니다.,국토/교통/농림/해양,,답변완료,2003-12-01,산림청,"제안개요: 
현행 및 문제점:  저는 정선군농업기술센터 최대성입니다.
우리군에서는 오가피 열매로 와인을 개발하여 상품화하려고 연구를 하고 있습니다.
  그런데 자생종은 열매가 많이 달리지 않아 경제성이 없습니다.
임업연구원에서 좋은 종실용 품종을 만들어 주셨으면 좋겠습니다.
저희 센터와 공동연구를 추진하면 어떨까요?
이미 기초연구는 시작을 했는데 역부족이라서....
좋은 소식 기대하겠습니다.


최대성 배상
기대효과: 
개선방안:",,,20240124,
로또.....언제까지 기다려야 합니까?,노동/환경,,,2003-11-29,고용노동부,"안녕하세요. 경북 영주에서 전업복권방을 하고있는 황금복권 홍인상입니다. 부탁말씀올리려 이렇게 몇자 글 올립니다. 지난7월 많은 경쟁을 뚫고 스포츠토토 판매인에 선정이되어 오늘의 여기까지 힘겹게 달려왔습니다. 국책사업인 토토판매인선정으로 이제 곧(10.11월)로또도 판매할수 있겠구나 너무도 큰 기쁨으로 버텨왔습니다.로또연동 한가지 기쁨으로 말입니다.그런데 이게 왠 말입니까.10.11월경에연동된다는 로또는커녕 연동판매시기가 8개월에서 14개월이상의 시간을 요한다고 하는군요. 지금까지 너무도 저조한 토토매출과 늘어만가는 밀린가게세,각종세금은 물론 기초 생계보장마저도 위협받고있습니다.두아이의 부모입니다.6살4살 한참 클 나이에 이것저것 먹고싶은것도 많은 나이입니다.간식은 아니라도 하루세끼 먹는끼니 걱정이라도 안했으면 정말좋겠습니다.어른은 그래도아이들이 무슨죄이겠습니까,부모를 잘못만난 죄이겠죠! 무릎꿇고 부탁드립니다. 저의 이런못난부모인죄 조금이라도 덜수 있게 제발 도와주십시요. 토토로또 연동되기전까지만이라도 로또단말기 임대해주시면 안될까요.아이들을 위해서라면 백번무릎꿇고 더한것이라도 하겠습니다. 앞으로 연동시기가 8개월이상의 기간을 요한다면 더이상 이땅버티고 설 희망이없습니다.한달두달도 아닌 1년이상의 시간을 또더이상 어떻게 버티겠습니까 다시한번 간곡한 부탁말씀드립니다 저희의 이런생계조금 감안하여 로또단말기 선임대안을 결정지어 주시길부탁드립니다. 12월초에 10자회의 있는걸로 알고있습니다 부디저희들의 기본생계라도 꾸려갈수있게 다시한번 로또단말기 임대 간절히 부탁드립니다. 저희아니 모든전업복권방의 현실을 조금이나마 알아주십사 부끄럽지만 ？자올립니다...제발살려주십시요 간곡히 부탁드립니다.",,,20240124,NA
살려 주시면 안되겠습니까..,노동/환경,,,2003-11-28,고용노동부,"옛날엔 사람들이 자살을 하면 왜 하는지 이해가 되지 않았습니다...""그 사람 정신장애 아냐..죽을 결심을 할 정도면, 열심히 돈 벌어서 새끼들과 오복하게 살겠다"" 라고 말했습니다만..지금은  이해가 되지 않던 ""자살""이란 걸  자주 생각하게  합니다..왜 이런일이 생겼다고 보십니까..전업복권방을 해야 한다고  하길래 ..빚을 내어 가게를 차렸는데  벌써 6개월째 ..수입은  없고, 집세과 공과금 생활비...빚만 늘어 가네요. 아이들.. 우리 불쌍한 아이들.. ""엄마 복권방 하지마.. 돈도 못벌잖아"" 이 말이 아이의 입에서  나오는 순간... 눈물이 확 쏟아지는데..흑흑.. 한참을 울었습니다..""걱정하지마.. 로또 기계 곧 들어오면 ..엄마가 맛있는거  사 주고,학용품도 사 줄께.. 조금만 기다려..""   부모는 자식을 책임져야 할 의무가 있습니다..  나라님은 국민을 보호할 의무가 있다고 봅니다..이렇게 방치해 두심.. 우리 복권방하시는 분들은 다들 죽습니다.  바로 제가 생보자 입니다..  바로 제가 장애인입니다..  바로 제가 내일이면 신용불량자의 낙인이 찍힙니다.. 엎드려 빕니다.. 제발 아이들의 웃음을 뺏지 말아 주세요엎드려 빕니다.. 제발 아이들에게 희망을 뺏지 말아 주세요..살려 주세요.. 살려주십시오..",,,20240124,NA
제발 토토전업복권방좀    도와주세요,노동/환경,,,2003-11-28,고용노동부,안녕하세요  수고 많으십니다   다름이 아니오라  우리토토전업복권방에  어려움을 생각하였으면 하고 올려봅니다 토토판매점하면  로또랑병합된다고 하여  어렵게 빛을내서   복권방하나차리고   토토받을려고 고생해서 어렵게 받았읍니다   ....근데 설상가상으로  토토판매점을 하다보니 이거야  연동은된다고 하는데  연동시기가 내년 8월에서 12월이라고 합니다   지금 복권방차린지 4개월이 되었는데  한달수익금이 16만원이더군요 전기세 /월세 /기타이런거저런게 빼고 나닌깐  한달에 80만원씩 벌기는 꺼녕 까먹고있어요 가계를 내놓차니 지금까지 손해난것이 이만저만 아니고  계속할려니   하루하루 겁이나고 대체 어떻게해야할가 고민중에 잇읍니다  또한 저뿐이아니라  토토전업복권방에  현실이 다이렇더군요  ...생각끝에  연동은 확정은 되었으닌깐  우선  로또 단말기 를 임대해주면 어떨까해서 글을 올렸읍니다복권만팔고있는  토토전업복권방에  로또단말기를 임대해주고 연동이 되면 로또단말기 때가면 좋겠다고 마지막 희망으로  글을올려봅니다  제발도와주세요 복권방하는사람은 돈이많아서 차린사람은 아무도 없읍니다  다들 서민들입니다 토토전업복권방현실은 어떤지 아십니까    정말 죽을려고 다들난리입니다    생계대책을 보장해주지않으면   토토전업복권방다죽어요  제발 ？은아량으로  서민들살린다 생각하시고  도와주세ㅛㅇ왜이어려운글을  여기에 올리는가하면   이번 12월달에 국무조정실에서  복권조정위원해가 열린걸로 알고있읍니다   주체측인 건교부와 문화관광부는 우리 토토전업판매점에 현실에대해서  도와주겠다고 합니다    제발  노동부도  우리에 어려운점을  복권조정위원해가 열리면 도와주시면   복받을겁니다   정말너무힘듭니다  말로표현못합니다  신용불량자가 되면  단말기빼간다고 해서  나름대로 돈을 빌려서 카드를 막고있어요  제발도와주세요   제발 도와주세요  무릅이라고 꿀고 빌고싶어요  제발도와주세요  그럼이만 두서없이 글을올렸읍니다    고생하시고  국민은 생각하는 정부가 되길빕니다  ......,,,20240124,NA
토토 전업복권방에 로또 선임대에 동의해주세요~,노동/환경,,,2003-11-28,고용노동부,안녕하세요~ 저는대전에서 복권방을하고있는 주부입니다...사실저는 뇌출혈로 쓰러지신엄마와 중증천식환자인 아빠병원비와 치료비 와 생활비때문에 이렇게 복권방을시작하게되었습니다...그런데.... 매일 적자이며 연금 세금 이제까지밀린 보험료~ 가게세등 지금 빛더미위에 올라 앉아있습니다..왜냐구요~장사가 안됩니다... 로또가 없기때문입니다...복권방에 로또가 왜없냐고 그냥갑니다...사람들이요~사실 토토와다른복권이 있긴하지만 ...요새는로또 아닙 사람들이 안합니다...전업복권방인 저희로서는 정말치명 타입니다...제발 구해주세요~ 저에게는지금이 마지막기회입니다.. 제발도와주세요~ 눈물로 호소합니다.. 연동까지는 정말로 너무오래걸립니다...하루도 견디기힘듭니다...임시방편인 로또임대에 동의해주세요~.12월초에 열리는 로또임대건에 동의해주세요~제발 부탁드립니다...,,,20240124,NA
재직근로자교육지원에 관하여~~,노동/환경,,,2003-11-28,고용노동부,"안녕하세여~ 전 직장을 다니고 있는 28살 여성입니다..다름이 아니오라...고등학교 졸업후 내내 8년동안 한직장을 다니고 있는 저는..요즘 점점 급변하는 근무능력에 한계를 느끼고 자기계발,능력계발을 몸소 느끼는 사람입니다..가끔.. 현재 다니는 직장이 아닌 이직을 하게되면,, 과연 절 어디서 필요로 할까? 하고 생각하면 가슴이 막막하기만 합니다...나이도 많아서 이젠 취업조건이 제겐 더 어려우리라 생각되기도 하고요..그렇다고 ,지금 다니는 직장을 평생 다니긴 어렵구요,,글타고,뭐라도 배우려고 하니 학원비가 만만치 않아서 항상 망설이고 해야되는데..하는 맘 뿐이였습니다..그러던중 여러 학원을 알아보니.. 노동부에서 지원하는 재직 근로자 지원이 있더군요...그러나...  기쁨도 잠시... 이것이 회사에 동의가 있어야하고,, 회사로 지원비가 지급되기때문에.. 회사랑 얘길 해야되더군요...회사에 얘길 해봤으나,, 지금 현재 업무와 관련이있는 교육이  없기 때문에 회사에선 해줄수 없다고 하더군요...결국.. 전 재직 근로자 지원의 교육을 받을수 없는 상황입니다..그래서 드리는 말인데여~ 회사 동의 없이 할수는 없는건가여? 어차피 근무외 시간에(퇴근후) 배우는 교육이잖아여?? 회사로 보내주시는 지원금을 개인에게 줄수는 없는건지??  또~ 재직증명서만 있음 재직근로자 교육지원을 받게 할순 없는건지??? 알고 싶습니다...제 짧은 소견으론 가능할꺼 같다는 생각이 들어서 이렇게 글을 띄워봅니다..제가 모르는 부분이 있을지 모르나,, 가능성의 여부를 알고 싶습니다..수고하세염~~~",,,20240124,NA
근로복지과에 드립니다,노동/환경,,,2003-11-28,고용노동부,"안녕하십니까? 저는 경남에서 전업복권방을 차려 운영하고 있는 한아이의 아버지 입니다이 번 토토,로또 연동 기간이 예상외로 길어지는관계로 우리 전업복권방의 현실은 비참합니다. 그리하여 우리는 연동기간까지만이라도 로또임대건을 여러 경로로 관계부처에  전하였습니다. 제 하소연 한번만 하겠습니다. 저희들요 한달수입이 10만원도 채 되질안아요.모든 전업복권방의 솔직한 현실입니다. 토토가로또로 올해 11월이면 연동될꺼라는 스포츠토토의 말만 믿고 복권방을 열었습니다. 이후 지금은 월세며 여러부대비용들이얼마나 만이 들어가는지 정말 힘듭니다. 3살난 애를 아침에하루 온종일 놀이방 보내놓고 저희 아내와 복권방에 나오는데 저도 무슨일이라도 해서살림에 도움이 되는 일을 해야 하는데 그렇지 못한게 몇 년전 저는 신장(콩팥) 이식수술을 하였습니다.가진거 다 날리고 또 한달에 2번정도 병원에 가서 하루종일 검사받고 진찰받고약 타는데 하루입니다.약값이 한달에25만원입니다 저 정말 약값이 없어 우리 환자들중 가장 싼 약만 정말 먹어요. 어느누가 저 같은 사람을 직장에 채용을 하겠습니까? 장애4급도 받았고요 저라도 채용안하죠. 저 이번이 마지막입니다 저좀 살려주세요 아침에 집사람과 출근할 때 늘 근처 김밥집에서김밥한줄을 사서 서로 반씩 나누어 먹은지 몇 년입니다.서로 나 아침싫어 너 먹어 미루곤합니다 몇 달전 저희 아내는 또 둘째 애를 임신을 하였는데 도저희 자신이 없어 서로 의논결과 지우기로 하고 병원에 갔습니다. 제발 한번만 살려주십시오 로또 임대건에 긍정적으로 검토하셔서토토도 국책사업이니 같이 잘되면 좋지 않을까요? 부탁드리겠습니다.  감사합니다.",,,20240124,NA
적극적인 일자리나누기 실천으로 실업해결,노동/환경,,,2003-11-27,고용노동부,정부의 고용정책이 저아래에 있는 우리들에게는 현실에 와닫지 않읍니다. 여전히 우리는 취업에 허덕이고 굼주리고 있고 추위에 떨고있다 이제는 더이상 버틸여력이 없고 무슨일을 저지를지 나자신도 모르겠다 완전히 포기상태이다. 지난 imf로 직업을 잃고 여태것 노동부 워크넷을 해메었으니 알만도하다 물론 나자신에도 문제가 있는줄 안다 하지만 상대적으로 너무 저임금에 장시간혹사를 하니 누가 버티겠는가 그것도 나이가 40이 넘으면 오라고 하지 않으니 말야...다아는 소리를 자꾸 해봐야 열불만 터지고. 얼마전 TV에서 네덜란드의 실업난을 기적적으로 해결한 무슨정책이 마음에 와닿어서 왜 우리는 저렇게 안될까 하고 생각했다. 경제성장에는 한계가 있다 어느시점에 가서는 근로시간을 길게해서 생산량만 자꾸 늘릴것이 아니라 근로시간을 줄이고 그것으로 인한 고용창출을..일자리 나누기를 생산제조업에까지 확대시행 되어야 한다고 생각한다 그리고 정부에서도 기업에 활발한지원이 이루어졌으면..서민들이 돈이없는데 어떻게 공장에서 생산한 물건이 잘팔리겠는가.얼마전 환경미화원시험에 엄청난 인원이 몰렸다 무려50대1이라든가. 그것도 20대 30대가 많았더라는데 어떻게 보면 가슴이 답답하다 전에는 50대 60대의 전유물이 이제는 젊은층에서 몰려드니 말야 나도 한번 응시해볼려고 했는데 30키로 모래자루를 들고 버틸힘이 안되어서 포기했다 이것도 일자리 나누기로 임금을 줄이고 인원을 더뽑는다면 한사람이라도 실업에서 벗어 날텐데 250만원이면 상당이 고임금인데 말야 . 일자리나누기 적극적실천을 바랍니다.....,,,20240124,NA
외국인과차별말고 고용합시다,노동/환경,,,2003-11-26,고용노동부,실업자로 지낸지 도 벌써 오래돼서 이제는 취직하는걸 포기 한사람임니다 그래도 하는 심정으로 자리구하려 고 다녀보면 외국인 만밭아주고 한국 사람은 아예 안쓴다고 하니 이게무슨 일이여 그래같은 대우밭고 같은조건이면 같은 기회를 줘야한다고 생각함니다노동부 는 그냥 봉급날만 기다리지말고 고용주 상대로 현시국상황과현재 노동자의 삶을 조금이나마 알아보려 노력도하고 고용주 상대로홍보도 해서 최소한 의 벌이라도 할수있게 노력을 해주십시요외국인도 올때의 계약되로 제자리에 있는가는 어느부서 가담당인지몰라도 너무 가만있는거 아님니까 나도 세금나오는건 다넸오이다,,,20240124,NA
비정규직 차별금지,노동/환경,,,2003-11-26,고용노동부,"안녕하십니까.노동자들의 권익에 보호를 위해 힘쓰시는 노동부장관님께 감사합니다.저는 여천산업단지에 위치한 남해화학 내의 협력업체 근로자입니다.비정규직 처우개선에 대해서 말씀를 드리고자합니다.저는 몸소 느끼고 있기에 현장에 소리라고 생각하여주시기바라며,저의 회사와 원청회사인 남해화확의 근로자의 임금격차의 원청사 대비순수임금만 38%정도 받고 있으며 후생복지부분까지 하면 30%정도 밖에 안됩니다.이렇게 정규직과 비정규직의 임금 격차가 벌어지고 있는것은 1차적으로 원청사의 횡포가 심하여 그런것이고 2차적인것은 원청사 노동조합의 이기주의에서 비롯되었다고 생각합니다.정규직 임금이 상대적으로 높은데도 정률로 똑같이 인상를 하여도 실질적으로 인상된 금액은 정규직에비해 50%수준밖에 인상이 안되는 매년마다 임금격차가 더 벌어지고 있으며 원,하청간의 도급계약를 하면서 원청사 에서 일방적인 계약를 하기 때문이다.여천산단뿐 아니라 우리나라 비정규직 근로자들의 한결같은 고통일것이다.비정규직 차별를 없애기 위해서는 정규직노조에서 앞장를 서야 하겠고, 두번째는 법으로 제정하여 원하청간의 계약에서 원청사 임금의 70%정도를 비정규직 근로자들에게 지급될수 있도록 규정해야한다고 생각합니다.예로 우리 회사 20년근속자 년임금이 1,800만원인 반면 원청사 직원의 년임금은 6,000만원 정도니 똑같은 현장에서 똑같은 업무를 하는데도 차이가 나도 너무나는것 아닙니까.저희 비정규직 근로자들은 정규직과 똑같은 대우를 바라지는 않습니다.가장으로서 어느정도 인간다운 생활를 할수 있는대우를 바라는것입니다.제안) 고소득 근로자들의 세금을 높게 책정하여  저소득 근로자에게지급하는 제도를 추진하였으면 합니다.저 같은 이런글들이 많이 오겠지만 저희 힘없는 근로자들의 고충를 알아주시고 앞으로도 힘없는 노동조합의 힘을 실어줄수 있는 좋은정책를 만들어 주시기 바랍니다.감사합니다.",,,20240124,NA
항공 수입화물통관절차 간소화,재정/금융/소비자,통관절차간소화방안.doc,답변완료,2003-11-26,관세청,"[개요]
동북아 허브공항으로서 자리매김을 위해 인천세관내 특송화물과를 신설하는 등 많은 노력들이 이루어지고 있는 것으로 압니다.

인천공항에서 근무하는 직원으로 현장에서 절차 간소화의 필요성을 몸소

느끼며, 거창하지는 않지만 민원인의 시각에서 첨부와 같이 수입화물

통관절차 개선을 위한 국민제안을 이렇게 드리니 검토하시어 회신 바랍니다.




[현행 및 문제점]


[예산절감액]
0

[국세/조세수입증대액]
0

[개선방안]


[행정개선효과]",,,20240124,
베이비시터업에 법적인 부분에 대하여,노동/환경,,,2003-11-26,고용노동부,베이비시터업을 하기 위해 중소기업청 소상공인지원센터에 찾아갔더니법적인 근거가 없기에 직업소개업으로 등록하지 않아도 좋고재택근무가 가능하다고 하는데요.관할 구청에 확인하니까? 노동부에서는 직업소개소업으로등록되어야만 베이비시터업을 할 수 있다고 말하고 있고재택근무는 불법이라고 하니?정부기관마다 이렇게 차이를 보이고 있어 어떻게 해야하는지?그리고 현재 재택근무로 하는 분들은 불법이라면 다 고발되어야 하는데 관리는 어떤지? 과연 법에 근거가 있는지 아니면 포괄적으로법을 적용해서 수행하는지 베이비시터업을 하고 싶은 사람으로도대체 어느 기관말이 맞는지 몰라서 질의를 드립니다.빠른 답변 부탁합니다.,,,20240124,NA
우리건설업은 뭐죠,노동/환경,,,2003-11-25,고용노동부,외국인의 추방 원칙적으로는 ok.  그런데 건설현장에서 2.3년돼는사람들은 그냥 잡부용인데.잡부을 고용하고 기술자를 보내는 나라는 우리(대한민국!!!!!!!!!)밖에 없을 꺼에요.건설현장에서 기술자는 만치 않습니다.내국인 하기 싫은 일 또 못하는 일들 중국교포을 시켜서 하고 있습니다.  IMF데 경제가 그렇게 어려워도 노가다 뛰는 사람 몇명 있습니까?  지금 우리현장에서 교포들 다 빠져나가고 거이 마비 상태.200명이 작업해야 하는데 지금은 100도 안돼.남은 허가 돼는 교포들은 우리가 일을 못 시키고. 왜? 할줄 알아야죠. 참 미치겠내요.  솔직히 저는 오히려 4년 넘는 사람들이 더 불쌍합니다. 그들은 우리와 함께 어려운 IMF 지내왔으니까.  저는 정부에서 직접 일선에 내려와서 피부로 좀 채험 해보면 좋겠습니다.,,,20240124,NA
솔로몬신용정보(주)의 부당 급여 제도와 부당 퇴직금 제도,노동/환경,,,2003-11-24,고용노동부,"솔로몬신용정보의 임석 대표이사는 2003년 2월경 전직원에게 직원복지향상을 위하여급여를 인상해주겠다고 하여 2003년 2월 말경 관리직 및 영업정규직원의 기본급을 조금씩 인상해주었고 영업정규직원은 2003년 2월 말경 연봉계약을 하였다 그러나 2003년 9월 회사에서는 일방적으로 기본급을 삭감하였고 2003년 11월에 와서는 퇴직금중간정산 신청서를 작성하고 부서의 부서장에게 양식을 주어 반강제적으로 원하지도 않는 퇴직금 신청서를 받게하였다. 더욱더 영업정규직원을 무시하는거는 회사방침이기본급으로 퇴직금을 중간정산해서 지급한다는 것이었다.회사를 대표하는 영업정규직원에게 이러한 행동에 소름이끼친다.영업에 활력을 줄수있는 아이템을 생각은 하지않고어떻게하면 한푼이라도 덜 지급할라고 하는 얄팍한 생각에 어이가 없어진다,솔로몬신용정보(주)의 부사장 이라는 사람이 어떻게 영업직원은 이익이 나지않는다는등.기본급이 줄어들었으니 더욱더 열심히 상심하지말고 최선을 다하라는등등 ...퇴직금 중간정산 을 실시할 예정이니 한명도 빠지지말고 동참하라는 등. 영업정규직은 기본급 + 성과급으로 월급을 받고있다. 퇴직금도 총합계 금액으로 지급하는게 당연한데 기본급으로 지급을 하려고 밀어붙이고 있다 회사의 부사장이 참으로 이러한 현실을 볼때 신용정보회사가 직원하나도 관리를 못하는데 어떻게 질높은 서비스를 하겠는가 지금도 이러한 회사가 있구나하는 한심한 생각이 든다,이런 구태의연한 생각은 하루속히 없어져야 할것이라고 생각한다.퇴직금 중간정산 신청은 본인의 사정에 의하여 자유롭게 신청하는 것으로 알고있었으나 회사의 전체의 영업정규직원에게 반 강제적으로 작성하게 하는것은 도저히 이해할수없으며 이러한 상황에 대하여 솔로몬신용정보(주)의 김영재 회장은 영업직원전체 직원에게 사과해야 할것이다.회사에서 퇴직금 중간정산 신청서 에 대한 내용중 2번란에상기본인은  퇴직금 중간정산제와 그 관련 내용을 충분히 숙지. 본인 사정에 의한자유로운 의사로 퇴직금을 중간정산을 신청하오며,향후 퇴직금 산정을 위한 계속 근로년수는 2003년 10월 1일 부터 새로이 기산함을 확인합니다.또한 향후 동건과관련한 모든 문제에 대하여 본인이 전적으로 책임질 것을 서약합니다.라고 적어져 있다. 그럼 차후 2004년 8월 ~ 9월경 퇴직한다면 1년이 되지않았기 때문에 퇴직금은 한푼도 받지못한다는 말이다 .솔로몬신용정보는 신용하나로 이익을 내는 금융서비스 회사다 회사의  회장 , 임석 대표이사 .부사장 및 문정엽상무 ,임원분들 정신차리세요?????이글을 읽어주신분들 정말로 감사합니다, 앞으로 이러한 일은 없어야 할것이며 하루속히 관련 급여 및 퇴직금 제도는 시정해야 할것이다.내년에 주식상장을 앞둔 솔로몬신용정보(주)는 이러한 조그마한 일부터 시정해야 하며 정규관리직 및 정규영업직에 대하여 소홀히 대해서안될것이다. 부사장이 회사직원들을 무시하는 말로만 밀어부치고 직원의 의견을 묵살하는 회사 경영자는 하루 빨리사라야 할것이다.",,,20240124,NA
체불임금 미지급에 대한 사업주의 형사처벌에 대해..,노동/환경,,,2003-11-23,고용노동부,저는 현재 4개월치 임금과 퇴직금 등 850만원정도를 못받고 퇴사했습니다. 노동사무소에 진정서를 올려 11월 3일까지가 지급기한이었으나 한푼도 받지 못하였습니다. 게다가 며칠전 회사가 융자를 받아서 남아있던 직원들 모두 밀린 임금을 다 받았다는 소식을 듣고 사장에게 전화를 했더니 지금 돈이 없다며 기다려달라고만 합니다. 그리고 노동부에 진정서 올려봤자 아무 소용없다고 했습니다. 사업주가 형사처벌을 받을 경우 징역형을 받는 경우는 아예 없고 벌금도 단돈 몇십만원만 내면 끝납니다. 노동자들을 위해 만들어진 규정이 오히려 악덕 기업주들에게 더 환영받는 규정이 되었다는게 말이 됩니까.,,,20240124,NA
용인 대우테크에서 발생한일!,노동/환경,,,2003-11-22,고용노동부,"대우테크 김대우 사장은 노조활동을 한다는 이유만으로 여성 조합원에게 일상적인 폭언,폭행을 자행하고 있다.얼마전에는 임신8개월된 여성 조합원는 그날을 생각하면 온몸에 피가솟구친다 합니다.점심을 먹고 있는 여성 조합원에게 김대우 사장은 자신이 먹고있던 식판을 던져 임신8개월된 여성 조합원은 병원으로 후송되어 입원하게 되었지만 김대우 사장은 자신에 잘못을 인정하지 않고 있으며 오히려 적만하장격입니다.노동자에 육체와 인격을 존중하지 않는 김대우 사장에게 노동부가 앞서 사건을 해결하여 주시길 바랍니다.",,,20240124,NA
이현정씨 현실을 알고 그런 소리를??????,노동/환경,,,2003-11-20,고용노동부,3D 업종에 돈을 아무리 많이 줘도 일하지 않는 내국인들이 많다는사실을 당신은 겪어 보지 않아 그런 소릴 하는데 남의 일이라고너무 쉽게 말하지 말아요.간혹 일할 내국인이 있어도 인건비가 외국인에 비래 엄청 나게 차이가있어 도저히 경쟁력이 없어요.현실을 직시하는 정책 입안자들과 국민의 의식이 아쉽슴다.,,,20240124,NA
솔로몬신용정보(주)의 퇴직금횡포,노동/환경,,,2003-11-19,고용노동부,"2003년 3월 영업정규직의 기본급을 인상해주면서 기본급에대한 연봉계약을 하고 2003년 10월 에 와서는 회사에 이익이 나지 않는다고 기본급을 회사에서 일방적으로 삭감시키고 2003년 11월 에와서는 퇴직금을 중간정산해준다고 하여 회사의 부사장이 영업직원들을 면담하면서기본급으로 퇴직금을 준다고하여 노동부에 알아보니 3개월 평균임금으로 퇴직금을 준다는 말에 놀라지않을수없다.어떻게 신용으로 장사를하는기업이 영업정규직원들을 이렇게 사람취급을 하지 않는것인가?관할 노동사무소 충정로2가 담당 김평수 감독관은 진정서를 내라고 하는데 회사에 제직을 하는 직원이 어떻게 진정서를 낼수있다는 말인가무조건 원칙을 따지고 있다 그리고 어떻게 감독관이란 사람이 회사측을 두든하고 있었다.얼마나 답답하면 노동사무소에 전화해서 상담을 하는데 감독관이란 사람이 이렇게 무책임하게 말할수 있단말인가 한심하지않을수없다,기본급 삭감에 대하여 말을 했더니 그것은 회사측에서당연히 그렇게 할수있다고 긍정적으로 말하는것이아닌가? 어떻게 일방적으로 회사측에서 기본급을 삭감을 했는데 그것은 당연하다는 식으로 감독관이 말할수 있는지 의심스럽다.솔로몬신용정보(주)의 김영재 회장.임석 대표이사외 임원은 국민.조흥.하나.한미.4개은행의 출자로 만들어진 회사 국내 신용정보업계 상위권에 있는솔로몬신용정보(주)가 이런 무책임한 행동은 사라져야하며 영업직원에게 공식적으로 사과해야 하며 기본급삭감 및 퇴직금 중간정산은기본급 + 성과급 으로 3개월 평균으로 지급해야 할것이다.신용정보회사는 신용이 첫째이다 신용을 잃어버리면 개인및기업은무너져버린다.솔로몬신용정보(주)는 원칙을 철저히 지켜야할것이다.",,,20240124,NA
외국인 근로자들...,노동/환경,,,2003-11-19,고용노동부,임금이 너무 과한것같습니다평균120이더군여...대만에서는 자국민보호를 위해서..대만국민 임금평균의 4분의1만을 주도록 법으로 규정했답니다그런데도(적은월급)일만 잘하고 있다는데..우리나라에서는배짱좋게 150으로 올려달라고 협박을 하고있으니..지금 노숙자..청년실업자들까지 많은데..물론이들이 힘들일들은 하기싫어하지만..그렇게 많은 돈을 해외로 유출시키도록 가만히 보고만 계실겁니까?노동부에서 하는일이 뭡니까? 한국민들을 위한 무슨 대책을 마련해야지요!!세금을 줄여준다거나..작업환경을 개선해주거나..그렇게 독려를 해주면서..일할수있게 만들어줘야하는거 아닙니까?하루빨리 외국인근로자에 대한 강력한규제 방안을 마련하세요돈을 그렇게 많이 주니까..불체자들이 많은 겁니다외국근로자에 대한 페이를 법으로 규정하면..한국에 대한 매력도 떨어질것이고 밀항하는일도 없고..불체자들을 잡기위해들이는 힘과 비용도 줄어들거 아닙니까?자국민과 나라의 이익을 위해서 일해야지 공무원이지요절대로 외국근로자들에게 휘둘려서는 안됩니다,,,20240124,NA
외국인로동자강제출국반대여...,노동/환경,,,2003-11-17,고용노동부,저는 한작은샷시가게를하는사장입니다.저희가게에서 기술자로일하고있는중국동포아저씨는 지금단속때문에 가게에 나오지못합니다 이분은나이는어리지만 착하고남을배려할줄아는 분입니다.전에한국애들도몇명일을햇으나 며칠 안하고 힘들다고때려치는 통에 이분을고용햇어여 이분은입국한지3년박에 안되지만 9월1일부터 10월31일까지의자진신고기간을모르고있다가여 11월3일날 신문을보고알았어여 4일날로동부로 가니깐기한이지났다고안해주더라구여 어떻게자진신고 기한을하번더시행했면하는데!,,,20240124,NA
불법  체루  근로자는  전부  추방시켜야한다,노동/환경,,,2003-11-16,고용노동부,외국 근로자는  조건없이  추방시키고  우리나라  실업자 고용해야한다  그래야  실업자가   줄고   경재가  살아난다문제는   왜  외국근로자를  고용하는지  정말불만많다지금 60세에서  65세까지  얼마든지  3디 직종에서  일할수있는데무조건  나이많다고   외면하고   우리 60대는  경비한군데 갈려면  하는에  별따기보다  더힘드는  나라얼마든지  일할수있는  나이인데   무조건  58세면  안된다고  실업자만들어놓고   사람이없으  공장이  문닫는다는소리  하지말라우리나라   실업자만  해도  각기업에  채용하면  얼마든지  인력는남아도는데  구태여   외국근로를   불러더려 고용하고  우리나라근로자는  길거리를  내몰고  이게  무슨 경재놀리야못해도 너무못한다무조건  외국근로자는   출국 시켜야한다강제라도,,,20240124,NA
외국인 고용관리센타와 전국전산망,노동/환경,,,2003-11-14,고용노동부,외국인을 고용하려는 고용주와 취업을 하려는 외국인을 전국단위로 통합관리하는 센타와 전산망을 갖춤으로써 불법취업과 부당노동행위를 막도록 하여 주십시요 고용주가 고용안정센타에 구인조건과 구인신청을 하면 구직자를 연결해 주시고 관리함으로서 궂이 불법취업자를 쓰지 않더라도 원활한 채용을 할 수 있게 하며 구직자는 부당한 대우를 받지 않고 일할 수 있도록 합시다. 그리고 일반사업자든 간이사업자든 정당하게 세금을 내는 국민이면 외국인을 쓸수 있게 하여 주시고 아울러 같은 조건에서 내국인이 일을 하겠다고 하면 가급적이면 내국인을 쓰도록 권장할 수 있을 것입니다 3D업종에는 외국인이 아니면 사업자체를 못하는게 작금의 현실입니다. 그 수요를 충족시키지 않으면 불법체류자가 없어지지 않습니다 법으로 공권력으로 막는것도 한계가 있으며 막는다고 가정하면 영세사업장은 다 문닫고 실업자로 전락하거나 길거리에서 부랑자가 되겠지요 그렇지 않기 위해서는 떳떳하게 쓰고 정당하게 대우해 주어 국가위신이 손상되지 않도록 합시다.,,,20240124,NA
체육대회로 인한 민원 고충안내....,노동/환경,,,2003-11-13,고용노동부,오늘 노동부사부소 체육대회를 하는 날인가 봅니다.그래두 1명은 남아잇어야 하는거 아닌가여 급해서 전화햇는데당담자모두 체육대회나가서 없다고 하네요 고용보험 가입여부두 알수 없다고 하네요 나는 급한데 아무도 없다고 하네요.의보나 국민연금은 민원을 생각해서 가입상실은 할수 잇게 인원 배치를 하는데 노동부는 좋네요 모두 체육대회하러 가서 민원을 볼수가 없네요. 넘하시네.....고용보험활용하라구 맨날 티브나 홍보는 하시면서 암두읍는데 어케활용하나요 내일오라구 하네요 내일이면 교육이 끝나는데 수료증두 받을수 없는데 어쩌나요 이런고충을 고용보험담당하시는분은 알려나!,,,20240124,NA
일 자리의 창출은 비가시적인 가치 개발에서,노동/환경,,,2003-11-12,고용노동부,"오늘 무한 경쟁시대에서 일자리를 많이 늘이는 것이 국제 경쟁력을 약화시키는 것을 잘못 생각할수 있다. 공장의 자동화와 정보통신의 발달이 많은 인력을 줄일수 있으나 이러한 현상에 반대로 늘어가는 연구와 개발을 위한 인력수요는 반대로 날로 그 숫자가 늘어나고있다. 중소기업의 경우, 인건비가 비싸서 국제 경쟁력의 약화를 가저오는 반면, 각국이 가지는 고유한 특성을 잘 파악한다면 줄어가는 인력을 대체하기 위하여는 보다 많는 연구 인력과 보이지 않는 서비스 수요를 감안해야 한다. 오늘 세계화 현상이 가속화될수록 연구와 새로운 시스템 개발이 필요하고 이에는 많은 현항분석과 조사 그리고 푸로그램의 필요성이 증대된다.우리나라의 경우 정보통신이 발달된 것으로 알려저 있지만 사실 내용면에서는 선진국에 비할 경우 너무가 뒤떨어진 현상을 쉽게 발견할수가 있다. 고속 인터넷망을 통해 통화의 속도는 빨라？지만 우리가 가지고 있는 홈페이지의 활용 실태를 분석하면 선진국과 너무나 큰 차이가 있다. 따라서 각기관은 물론 우리가 갖고 있는 콘텐트를 선진국 수준으로 끌어올리는 데는 수많은 인력의 투입이 필요하며, 정보통신을 이용한 새로운 사업개발 시스템에는 수많은 젊은 인력이 필요하다. 따라서 중국과 같은 저임금 국가를 상대로한 인건비 절약에 노력할 것이 아니라 미국과 ？은 선진국을 대상으로 한 정보가공 산업을 육성한다면 오늘 늘어가는 취업난을 근본적으로 줄어갈수 있다.또한 스크린 산업등 문화 개발을 통하면 음악, 연극, 무대장식등 수많은 연관 산업을 개발하고 이로 인해 동남아 관광객을 유치한다면한국 영화는 물론 문학의 소개등 많은 문화자산을 개발할수 있다.우리는 중국을 잘 활용하고 미국, 유롭등 선진국도 잘 활용하여 새로운 일자리를 만들어내는 정책을 개발하여야 하는 이유가 바로 여기에 있다. 한마디로 정직이 근본이 되는 사회를 만드는 일은 동회와 구청, 민원부서간의 정보 공유의 기틀을 가지고 연관 팀워크를 개발하여야 한다.",,,20240124,NA
공단 자문의에 관한 내용입니다.,노동/환경,,,2003-11-12,고용노동부,안녕하세요 . 26세의 조준배라고 합니다.2003년 2월 4일부터 현재까지 산재 요양중인 산재 환자 입니다.공단 자문의에 관한 내용인데요.현 실정은 자문의의 말 한마디면 모든게 끝입니다.저의경우를 보더라도.. 허리 수술을 해야 하는데 벌써 10개월째 물리치료를 하고 있으나 호전되지 않고 있는데도..그리고 여러 다른 병원에서 진료하고 검사를 한바 수술적 치료가 필요 하다고 하는데도..공단에서는 수술에 대한 불승인을 내린 상태 입니다.자문의의 판단으로 수술이 불필요하단 이유로 말입니다.저도 저의 몸상태를 확실히 판단하기 위해서... 작은 수술도 아니고 큰 수술이기에 신중에 신중을 기하기 위해서 대학병원을 포함에 여러병원에서 진료와 검사를 받았습니다.누가 멀쩡한 몸에 칼을 대고 싶겠습니까? 그것도 허리에...불편한 몸으로 이곳저곳 병원을 가도 수술을 해야 한다는 건 마찬가지인데 공단의 태도는 일방적입니다.산재 환자를 위해 근로복지공단이 존재하는것이고 환자를 최선으로 치료하는게 우선이라면 이건 말이 안된다고 생각합니다.제가 생각하는것도 그렇고 누가 생각하더라도 말이죠.제 생각으로는 그리고 상식으로는 산재환자의 주치의와 공단 자문의간에 의견이 불일치 하다고 한다면. 자문의와 주치의가 서로 상의를 해야 하는것 아닙니까? 그건 독재라 생각됩니다. 그래야 옳은 처사라 생각됩니다. 의사도 사람이기 때문에 오진을 할수도 있으니깐요. 그래서 가장 합리적인 방법을 찾아야 최선의 치료가 될수 있다고 생각합니다.자문의의 일방적인 생각만이 반영되서는 안된다고 생각됩니다.지금 이런 문제로 인해서 고통을 받고 있는 환자가 상당수있습니다.첨엔 산재에 대해서 몰랐는데 제가 직접 당하고 보니 불합리한점이 아주 많더라구요. 환자의 입장이 중요시 되는게 아니라 공단의 일방적인 결정이 전부입니다. 심사청구와 재심사청구가 있긴 하지만 승소율은 극히 낮습니다.돈없는 서민들이 행정소송을 하기엔 금전적으로 힘도 들구요. 제발 산재환자들이 이중고를 겪지 않도로 해 주셨으면 합니다.이들도 치료해서 나가면 사회에서 큰 일을 할 수 있는 사람들입니다. 모쪼록 좋은 방향으로 결과가 있었으면 좋겠습니다.항상 지켜 보고 있겠습니다.감사 합니다.,,,20240124,NA
실업자고용정책,노동/환경,,,2003-11-10,고용노동부,현재 우리나라 실업자는 많은데 외국인 불법체류자도 많아요.우리나라 사람 가운데 중소기업 대기업 기타 출신 일명 화인트 칼라들이 직장을 일으면 실업급여나 타먹고 힘든일을 않하지요.위와 같은 사람들이 자기가 전공 분야를 떠나 전여다른 힘든일을 땍해 취업을 하려해도 제도 때문에 못한다 합니다.노는이 외국인이 근무하는 것을 대체 해서 취업을 하면 실업급여를그대로 주어야 힘든일을 하는 것 많큼 수입이 보장 되지않을까요?따라서 중소기업은 사람을 구하기 쉽고 고학력 중년 실업자는 줄고중소기업은 중국으로 몰려 가지 않아도 되지않을까요?청년실업자도 3디업종에 취업을하면 정부가 보조금을 주면 않되나요?,,,20240124,NA
임금채불 우선변제권,노동/환경,,,2003-11-10,고용노동부,회사의 부도로 인한 노동자의 피해를 줄이기위해 부도시 근무자와 부도일로부터 1년이내에 퇴직한 근로자에 대하여 국가가 3개월급여와 3년치 퇴직금을 먼저 지급하고 부도회사의 잔여재산에 대하여 대위권을 행사한다고 하는데 퇴직한지 1년이 넘은 근로자들은 구제방법이 없는지 궁금합니다.,,,20240124,NA
기업의 전산화로 인한 실업 문제,노동/환경,,,2003-11-09,고용노동부,"국가경제가 좋지않아서 고용주들도 노동자들도 무척 괴로운 상태라고 생각합니다. 그래도 일할 공간이 있는 노동자들이 부러울 따름입니다. 저는 97년부터 2001년 사이에 기업의 시스템통합(SI)과 유지관리(SM)하는 업체에서 그룹웨어와 지식관리에 관한 프로그래밍 업무를 했습니다. 제가 거기서 일하면서 느낀 것은 기업이 전산시스템을 도입해서 어느정도 성숙단계에 이르면 기업에서 고용하고 있던 노동자들의 일과 지식을 전산시스템이 대신 흡수하게 되고 1,2년 후에는 대폭적인 인원감축이 가능하다는 것입니다. 이전에 총무처에서 전산시스템이 개발되었으나 그 시스템의 사용으로 인해 많은 공무원들이 필요치않게 되고 국가입장에서는 실업의 문제도 고려해야하기 때문에 해당 시스템의 도입을 유보하였다는 얘기를 들은 적이 있습니다. 기업이 업무의 효율성을 기해서,더 많은 이윤을 추구하고 고객에게는 편리한 서비스를 제공하는 것은 당연한 일이나 국가차원에서는 그로인한 실업의 문제를 가볍게 지나칠 문제가 아니라고 봅니다. 기업의 전산화로 인한 이윤은 기업가에게는 주머니를 불리는 수준이지만 그로 인한 대량의 노동자 해고는 노동자가 생계의 수단을 잃게하고 죽음으로 이끌고 갈 수 있는 것입니다. 공상과학영화에서 나오듯이 컴퓨터와 기계인간을 앞세운 극소수의 인간들이 공중에 떠있는 천공도시에서 상류생활을 하고 그런 대열에 합류하지 못한 일반 인간은 지상에서 천공도시에서 버린 쓰레기를 주워먹는 일이 전혀 뜬금없는 이야기가 아닌 것입니다. 게다가 전산시스템을 개발하는 사무직 노동자들은 공장에서 일하는 노동자들 만큼이나 혹사당하고 있습니다. 프로젝트가 시작되면 프로그래머들은 밤11시까지 컨설턴트들은 새벽 2시까지도 일을 합니다. 프로그래머에게 돌아오는 수입은 연간 2000만원안팎 수준으로 일하는 시간에 비해서 그다지 많은 편은 아니라고 생각합니다. 그렇게 혹사당하고 일하면서도 노동조합조차 결성할 생각을 못하는 것입니다. 90년대 초에 전망이 좋다던 전산학과에 입학하였고 열심히 공부해서 대학을 졸업하고 어렵사리 취업했으나 전산시스템을 만들면서 그 일 자체에서 혹사당하고 만든 전산시스템으로 다른 사람들 해고시키고 나도 해고당하고 또 다시 시작된 취업경쟁에 공인회계사를 따거나 경영대학원도 가보지만 그렇다고 더 나은 환경에서 일하게 되는 것도 아니고...악순환인것입니다. 저는 여기에 대해서 몇가지 제안을 하고 싶습니다. 첫째는,기업규모에 따라 유지할 인원의 하한을 정해서 전산시스템과 일하는 사람의 비율을 유지하고 전산시스템의 개발로 인한 과도한 인원감축을 못하게 막아야 합니다. 둘째는,기업이 어렵지 않은 상태에서도 전산시스템 도입후 인원을 감축했다면 해당 기업이 실업부담금을 물게 해야 합니다.   세째는,국가에서는 노동자가 많이 필요하지 않고 소수에게 혜택이 돌아가는 정보통신산업보다는 노동자를 고용하면서 기술집약적인 다른 산업을 육성해야 한다고 생각합니다. 다섯째는,포항공대,과학기술대,한양대,인하공대,한국기술대학등의 과학,기술 관련 대학에실제 중소기업에서 필요한 기술관련 과정을 개설해서 1년이나 2년 교육을 받고 바로 산업현장에 투입되도록 하는 것입니다.웹프로그래머같은 교육과정은 통과해도 한달에 5,60만원 수입을 넘기기 힘듭니다.국가 경쟁력에 도움이 되는 과학,기술관련 재취업과정에 집중적인 지원을 바랍니다. 전산화가 과도하게 진행되면 전자정부,전자국회도 진행되게 될 것이고 일반 국민들과 같이 공무원이나 국회의원들도 자신들의 설 자리를 잃게 될 것입니다. 실업에 대한 하나의 문제로 기업의 전산화에 대해 말씀드렸습니다. 아무쪼록 여러부서가 고민하고 협력하여 경기침체와 실업문제에 대한 현명한 해법에 도달하시기를 간절히 기대합니다.",,,20240124,NA
법무부장관에게 드립니다.,법제/사법,,답변완료,2003-11-09,법무부,"안녕하세요?
     저는 중국인으로서 금년 3월31일 이후에 불법체류가 발생된 신규불법체류자입니다.  중국에서 아이를 공부시키려면 돈이 엄청 많이 들기에 돈 좀 벌어  아이를 공부시킬 욕심으로 한국에서 왔습니다. 올때 진 빚도 지금 다 못갚은 정황이고요. 그러니깐 집으로 가자니 갈수도 없는정황이고 안가자니 한국정부에서 한국에 체류하는것을 허용하지않고. 마음이 너무너무 힘들어요.
     4년이상되는 사람들을 출국시키면 그래도 돈을 벌어가지고 집으로 가는데 신규불법체류자들을 강제출국시키면 돈도 못벌고 빚만 잔뜩 걸머지고 가게되니 살길이 막막하고 막막합니다.
      신규불법체류자들에게 어떤 새로운 정책을 내려줄수 없는제요?
      간절히 간절히 부탁드립니다.
      좋은 소식이 있길 바랍니다.
      수고하세요!",,,20240124,
노동부지원 미취업자과정 교육지원 프로그램의 교육생 모집 관련,노동/환경,,,2003-11-08,고용노동부,서울에서만....인것 같습니다.지방 어디에서도 그런말을 들어 본적 없죠..기껏해야..포토샵 뭐 이런 것들뿐입니다.실제로 서울의 인구가 많은것도..실업자가 많은 것도 사실입니다만지방에서의 균형있는 교육의 기회는 사실상 없습니다.실업자의 구재면에서 머리수가 서울이 많을지는 몰라도서울과 같은 머릿수가.지방에 있다는 것을 기억해 주십시요.서울의 실업자를 구재하는동안 지방의 실업자는 내팽개쳐집니다.서울의 실업자를 모두 구재했다고 해도 그기간동안 지방의 실업자는 배로 늘어나 있을 겁니다.물론 한곳에 붙어 있는곳이 지원하기도 집행하기도 편할겁니다.지방이라면 여러군대를 지원해야 할태니 말입니다.하지만 서울에 난립한 학원에서 상품권에 바우쳐 무료로 재공까지 하면서 원생을 모을때 지방에서는 1-2시간을 차타고서 이른바 광주 대구 부산 이런 곳으로 나가야 된다는 겁니다.노동부의 미취업자 과정에 대한 의문까지 듭니다.여기 있는 곳은 구미 입니다.최소한 서울에서도 구미는 어디 붙어 있는 대략 들어본 곳이라고 봅니다.이곳에서의 노동부 지원과정은 열악하기 그지 없습니다.아니 없는것과 같습니다.오피스나 포토샵등의 기본이다 못해서 상식에 가까운 과정들로취업을 하라는 것은 어불성설입니다.정부기관입니다.고루 지원해야 하는것이 아닙니까?기업체의 마인드로 운영하는것도 좋습니다.그러나 기본은 정부라는 관공서..라는것을..좀...제발좀 기억해 주세요..,,,20240124,NA
성매매없는 세상 성매매 매춘영업장 폐쇄를 바랍니다,노동/환경,,,2003-11-07,고용노동부,"성매매없는 세상 성매매 매춘영업장 폐쇄를 바랍니다. 노동부 권기홍 장과님님께. 권기홍 노동부 장관님 안녕하세요. 권기홍 노동부 장관님 영등포구의 우리주변을 보면 러브호텔(MOTEL), 성매매춘 영업장이 점점더 확산되어 가고 있고 서울시의 성매매의 심각성은 도를 넘어선 지 오래되었습니다. 권기홍 장과님 여성의 인권보호를 위해 한국의 성매매춘 영업장을 폐쇄하여 주세요.한국정부는 성매매에 대해 금지주의를 바탕으로, 모든 성매매를 법으로 금지하고 있지만 서울시의 성매매 업소는 불황을 모르며 성행중이며, 성매매된 여성의 수도 잠정적으로 120-150만 명에 달한다고 추정하고 있습니다. 여기에는 음성적, 개별적으로 진행되고 있는 주부, 청소녀들에 대한 성매매와 사이버 상에서 성행되는 성매매까지 포함한다면, 성매매된 여성들의 수는 천문학적 숫자에 이를 것입니다. 성매매여성은 대부분 가난, 차별, 학대, 가정불화 등의 사회적, 경제적 이유나, 허위광고, 소개업자의 속임수, 임신매매 등에 의해 성매매에 유입됩니다. 우리 시민들이 방심하고 있을때 한국의 성매매 시장의 규모는 점점 더 확산되어 가고 있고 그 위험은 우리 가까이 다가오고 있습니다. 우리주의에 러브호텔(MOTEL)이 확산되어 있고 서울시민들이 성매매로 병들어가고, 가정의 위기를 가져오는 등 건강한 사회공동체의 파괴와, 비인간화를 가져오는 상황에 이르게 되었습니다. 서울시민 500명 설문조사에 따르면 매춘행위를 서울시민은 성매매 필요성을 윤리적으로 부정적으로 생각하고 있는 것 나타났고 성매매를 근절하기 위해서 제일 필요한 것으로 성문화개선을 철저한 법 집행 성을 사는 자의 의식개선이 필요하고 엄격한 법 제정이라고 응답했습니다. 노동부 권기홍장관님님께서 성매매 방지법 이 국회에서 바로 통과할수 있도록 힘을 실어 주십시오. 서울시의 성매매근절을 위해서 남녀 평등의 올바른 성문화를 확산시키고 성매매가 인간성과 올바른 인간관계를 해치는 사회악임을 인식시키기 위한 교육을 꾸준히 실시하고 청소년 교육자관련공무원 경찰들에게 성매매 근절예방교육을 실시하고 성매매 문제점을 서울시민,중,고교생 들에게 널리 알리고 성매매 근절예방 근절교육을 실시하고 성매매 벙지법안을 조속히 제정되어야 합니다. 노동부 권기홍 장관님! 성매매로 고통당하는 여성들을 위해 ""성매매방지법""이 국회에서 바로 통과할 수 있도록 힘을 실어 주십시오, 현재 매매춘이 불법이라는 것을 알고 있다고 응답한 서울시민은 74,7%였으며 전체 응답자의 71.0%가 윤락행위방지법 등에 대해 알고 있는 것으로 나타났으며 성매매 방지법이 제정되길 바라고 있었고 법제정을 위한 노력 뿐아니라 철저한 법집행과 성문화 개선이 시급한 것으로 조사？습니다. 서울시의 매매춘이 줄어들지 않는 이유에 대해서는 전체 시민 응답자의 28.4%가 매매춘 행위의 처벌과 단속이 철저히 이루어지지 않기 때문, 24,2%가 매매춘 행위를 당연시하는 문화 때문, 22.1%가 성 알선업자와 관련공무원의 유착 때문, 3,0%가 여성 취업이 어렵기 때문이라고 응답했습니다. 서울시의 관련공무원이 매매춘업주와 유착 되는 일이 없도록 투명한 행정처리를 위해 노동부 홈페이지(http://wwww.molab.go.kr)에 성매매 근절처리상황을 인터넷게시판에 소개토록 하여주세요. 서울시의성매매안하기 100만인 서명운동 2003년 9월 19일~12월19일(httP://www.seoul.go.kr) 을활성화하여 시민모두 성매매 안하기 운동을 실천 하도록 배려하여주십시오. 또한 성을 사는 사람에 대한 처벌에 대해서는 징역 또는 벌금형에 처할 수 있도록 하고 성매매 근절예방교육의 활성화 상담 실시 성매매장소 폐쇄를 하도록 배려하여 주세요. 성매매 근절을 위해 서울경찰청 에서는 성매매 근절운동과 피해여성의 재활을 돕기 위한 서울특별시의 다시 함께(Seoul Together)프로젝트에 참여하여 성매매종사여성의 새로운 삶을 위해 우리모두 도와주고 지원해야 되겠습니다. 노동부 권기홍 장관님 ""성매매 방지법"" 이 국회에서 바로 통과할 수 있도록 노동부에서 힘을 실어주십시오. 권기홍 노동부 장관님의 가정에 건강과 행복이 함께 하시길 기원합니다. 감사합니다.",,,20240124,NA
이런게 어딨답니까?? 간병인은 노동법의 보호도 못받고!!,노동/환경,,,2003-11-07,고용노동부,어머니가 간병인 일을 하십니다. 하루 24시간 환자를 보호자들 대신 돌봐주고 그에따른 수당을 받으시죠.. 간병인들은 모두 자기가 속해있는 간병인 협회가 있는데 그쪽에서 부당한 이유로 임금을 못주겠다고 해서 너무 억울한 나머지 노동부에 전화로 물어봤더니.. 간병인은 근로자에 포함되지 않기때문에 받을 방법이 없다고 하네요.. 그럼 결국 어머니가 일한 병원에서는 단 10일을 일해도 협회에 임금을 지급했겠지요? 그 임금을 협회에서 띠어 먹겠다는 심뽀인데 너무 억울해욧!!,,,20240124,NA
노동자 고용법측과  관료  기업 사용자 간의 계약과 협약이라는용어 분석.,노동/환경,,,2003-11-06,고용노동부,"대통령 새소식  일정  노무현 이야기  노무현의 책  취임전 어록/연설문  대통령과 함께  영부인과 함께     청와대새소식  청와대역사관  청와대/정부조직도  청와대 이모저모  국정비전  국정뉴스  업무혁신     청와대 TV  청와대 사진실     소개  참여뉴스  제안마당  토론마당  홍보마당  민원     네티즌칼럼  네티즌모니터링단  게시판  기획마당  메일 매거진  청와대 관람  이전노하우                         국민참여마당 홈 >제안마당>제안목록보기>제안보기   ※ 제안하신 글의 수정 및 삭제는 [나의 제안 확인하기]에서 해주세요.    등록번호 0404031115 분 야 보건복지/노동-노동  제안자 최억만 공개여부 공개  제 목    노동법 혁명적으로 개선하라.  제안내용 2003. 11.06 (목) 전체기사 정책뉴스일반/행정 법제/사법 산업/건설 과학/교육 환경/노동 재정/경제 여성/보건/문화 농림/해양/수산 통일/외교/국방 기획&#8226; 손혁재의 세상읽기 &#8226; 최재천의 법치정치 &#8226; 주동황의 말길과 공론 &#8226; 노혜경의 사랑하기 위하여 노동부는 노동자의 상전아닌 동료 돼라 노혜경칼럼 ""사랑하기 위하여""-③ 태풍 매미가 불어닥친 밤, 그 날의 공포를 우리 아파트 주민들은 전설속의 무용담처럼 이야기한다. 유리가 터지는 줄 알았어요. 하늘에서 공포의 대왕이 칼의 비를 내리는 듯 무서웠어요. 숨을 곳이 없는 느낌이었어요. 죄짓고 살지 말아야겠다 생각했어요. 정말 그래요. 죄짓지 말고 살아야지요. 우리는 이렇게 속삭이며 고층 아파트 허공의 집 유리창 안에서 떨었다. 차별 없는 자연의 공격 앞에 누구인들 안전하랴? 그래도 죄지은 일 없으면 안전하리라는 믿음은 인간의 삶에 대한 마지막 보루 같은 것. 그런데, 바로 같은 순간, 똑같은 허공에서, 그것도 속수무책 몸 가릴 유리도 방벽도 없는 바닷가의 쇠기둥 위에서 그 바람과 비를 다 맞아가며 버틴 작은 몸 하나가 있었던 것을 우리는 알지 못한다. 그가 왜 그 장소에 올라가야 했는지, 왜 그 허공에서 그 어두운 밤을 맞이해야 했는지 알지 못한다. 알려고 한 적이 없기 때문에. 매미의 추억이 시야 저편으로 사라져버리고도 한참 뒤, 나는 그 사나이를 지하철 정거장에서 만났다. 에즈라파운드의 유명한 시구처럼 “군중 속에서 유령처럼 나타난” “검게 젖은 나뭇가지위의 꽃잎” 같은 얼굴이, 무죄한 사람만의 해맑은 미소를 띠고 영정 사진 속에서 나를 바라보고 있었다. 나는 사람들이 한산한 지하철 구내에서 벽에 붙은 그 사진을 손바닥으로 가만히 쓸어보았다. 그의 이름은 김.주.익.이다. 21년간 근속한 노동자의 한달 급여가 제 수당 포합해서 160만원 남짓, 그것도 뗄 것 떼고 나면 120만원 정도, 거기서 가압류된 것을 빼면 13만원이 남았다고 한다. 가난한 것이 죄이고 이 땅에서 노동자인 것이 죄가 되어서, 한진중공업 노조위원장이던 그는 크레인 위에서 129일간 농성을 하던 끝에 지난 10월 17일 목을 매어 자살한 시신으로 사람들 앞에 나타났다. 홀연히, 유령처럼, 검은 하늘에 하얀 꽃잎처럼. 잘 나간다는 대기업 노동자의 종말이 이러하다. 50년 이래 가장 혹독했다던 태풍 매미를 이겨낸 끈질긴 생명력을 지녔던 그 사나이는, 사람의 잔인함에 밀려 세상 저편으로 가버렸다. 명백한 타살, 왜 아닌가. 이 죽음이 자기 손으로 목을 매달 끈을 묶고 자기 스스로 그 끈에 목을 들이밀었으니 자살이라고 말하는 것은 아우슈비츠의 유태인들이 자기 발로 가스실로 걸어들어갔으니 자살이라고 말하는 것과 전혀 다를 바 없다. 김주익씨의 죽음이 방아쇠가 되기나 한 듯, 연일 노동자들의 죽음이 이어지고 있다. 몸에 불을 붙이고, 높은 데서 뛰어내리고, 목을 맨다. 김주익, 이해남, 이용석, 곽재규……. 이 명단은 어쩌면 앞으로도 주욱 이어질지도 모른다. 만일 대학생들이 이처럼 분신과 자살행진을 했더라면 지금 우리는 어떻게 하고 있을까? 이 죽음들을 제발 투명하게 보아야 한다. 사회 전체의 책임이라고 말하기 전에, 아무도 제대로 보지 않고 듣지 않는 이들의 말을 누가 대변해야 하는지 알아야 한다. 팔백만 명에 이르는 비정규직 노동자들을 포함하여 이 땅의 천만 노동자들에겐 그들을 대변할 알량한 국회의원 하나 없다. 도대체 누가 이들의 대변자가 되어야 하는지를 잘 생각해보라. 이 죽음은 직접적으로 정부의 책임이다. 특히 노동부의 책임이다. 노동부는 그 많은 정부부서 가운데 유일하게 노동자들을 직접 접촉하는 것을 주업무로 하는 부서이다. 처음에는 노동자들을 관리하려는 의도에서 설립되었을지라도, 지금은 노사정 위원회를 이끌면서 노동자편에 서서 일해야 하는 부서로 성장해 있는 곳이 노동부이다. 그러나 노동부는 세상의 패러다임이 달라진 그만큼 노동부가 해야 할 일이 달라졌다는 것을 아직 실감하지 못하는 듯하다. 엊그제 노동부 장관이 다른 부서의 장관들과 합동으로 한 기자회견문을 읽어보았다. “불법파업에 따른 손배 가압류는 정당하다.” 총리가, 재경부 장관이 이렇게 이야기하더라도, 노동부 장관은 그리 말해서는 안된다. 왜 불법파업에까지 치닫게 되는지를 먼저 설명하고, 노동자들의 정당한 파업의 권리를 인정하지 않고 불법으로 유도하는 기업주들을 먼저 비판해야 한다. 그것이 노동부의 포지션이다. 노동자들의 불법파업을 엄단하기 전에 사용자의 부당노동행위를 엄단해야 하며, 노동자들에게 참으라고 하기 전에 사용자에게 노동자들의 정당한 권리를 인정하라고 말해야 한다. 그것이 국민참여정부를 일으켜 세워준 국민의 뜻임을 노동부 장관은 잊고 계시는가. 권기홍 장관은 또 이런 말도 했다. “신뢰의 부족”이 문제라고. 신뢰는 신뢰해 달라고 말한다 해서 그냥 쌓여지는 것이 아니다. 노동부가 진정으로 노동자들의 편에 서서 정부 내의 노동자로서 말하고 행동할 때 비로소 쌓이기 시작하는 것이다. 노동부는 국가경제를 큰 그림에서 설계하는 부서가 아니다. 구체적인 노동자들을 바라보아야 하는 부서이다. 손가락 잘린 사장이 외국인 노동자들에게 욕해대며 함께 기계를 돌리는 신평공단 어느 구석의 작은 공장에서부터 주유소의 아르바이트 청소년에 이르기까지, 대기업정규직에서 노조를 만들기 어려운 비정규직에까지, 그 모든 노동자들을 사용자의 횡포로부터 보호하는 일이 바로 노동부의 일이다. 노동자들을 경제적 관점이 아니라 노동하는 인간의 관점에서 바라보고, 그들의 일상의 삶이 비참의 극으로 떠밀리지 않도록 노심초사하는 노동부가 되어야만 비로소 신뢰가 생겨나는 것이다. 그래, 나는 묻고 싶다. 왜 노동부는 노동자들 편에 서지 않는가? 노동부가 노동자들 편에 서지 않고 국가의 안녕과 질서를 유지하는 높은 자리에 설 때, 점점 더 설자리가 없어지는 이 땅의 노동자들이 조만간 금밖으로 밀려나 버린다는 사실을 왜 모르는가. 희망을 잃고 갈 데가 없어진 사람들, 있는 힘을 다하여 일하고 노력한 대가로 자기 한 몸과 자기 가족의 작은 안락을 살 수도 없는 사람들이 공동체의 안녕을 위해야 할 이유가 있는가? 발전하는 사회가 언제나 도태되는 소수의 희생을 담보로 해서 풍요를 누리는 것이라면, 그 추악한 발전이 나의 행복의 이면이라는 것을 깨달을 때 욕지기를 느끼지 못하는 건 사람이 아니다. 노동부 공무원들에게 간절히 바란다. 국민을 대변하는 일을 반드시 국회의원들만 하는 게 아니다. 정치가 현저히 왜곡된 우리나라에서 아직 이들 노동자의 목소리를 대변해줄 정치가는 없다. 그렇다면 노동부가 그 일을 해야 하는 것이 아닌가? 나는 재경부나 산자부 등의 부서가 서민이나 일반 국민의 입장에 서서 정책을 추진하는 일을 본 적이 없다. 그런데 왜 노동부가 기업이나 경제 전반의 문제를 먼저 고려하고 고민하는가? 노동부는 제발 상전이 되지 마시라. 노동자의 동료가 되시라. 노동자들이 힘을 가지고 국회의원을 뽑고 자신들을 보호할 조합을 만들면 그때 가서 정부는 조정과 지도 역할만 하고 일은 노동조합이 해야 하는 거라고 말하고 싶지는 않을 것이다. 서로 알지 못하면서 함께 지새운 저 무서운 밤의 장면을 떠올려보면 나는 전율스럽다. 내가 다음날 아침 잔잔해진 바람과 푸른 하늘을 맞이하며 안도의 숨을 내쉴 때, 저 기진맥진한 사나이는 무슨 생각을 했을까. 고층아파트의 주민인 내가 자연이 무차별적으로 무자비하다는 형이상학적 탄식을 하고 있을 때 저 사나이는 자연의 눈먼 폭력을 차별적으로 분배하는 인간의 잔인함에 기가 질리고 있었을지도 모른다. 마음속에 저절로 그려지는 이 선명한 대조는 우리가 어쩌면 세상을 하나로 묶어내는 결정적 고리를 잃어버리고 있는 중인지도 모른다는 아득함, 바닥모를 심연의 느낌을 준다. 내가 누리고 있는 이 안전한 소시민적 삶이 누군가에겐 허용될 수 없을 정도로 멀고 아득한 천공의 성채라면, 우리가 과연 같은 시대, 같은 장소의 사람이 맞기는 한가. 이제 더 이상 떠밀려 절벽에서 떨어지는 사람들을 만들어서는 안된다. 이 노동자들의 죽음의 행진을 이대로 방치하면서 국민통합은 결코 없다. 노혜경(시인) ※ 외부 칼럼은 국정브리핑의 편집방향과 일치하지 않을 수도 있습니다. 등록 2003.11.03 16:46:00 no. 4 이기원 등록일 : 2003.11.05 그래 맞다. 정말 가슴 깊숙히 살을 에이는 듯하다. 노혜경님의 의견에 가슴 깊이에서 무엇인지 모를 분노가 치민다. 바람이 세차게 몰아치던 그날 우리는 과연 무엇을 생각하고 있었던가? 내가족,내 몸하나 간수하기가 버거웠지 않았던가! 그러나 고 김주익 열사는(감히 열사라 칭하고 싶다) 일신상의 안녕,가족과의 단란한 행복등을 초개같이 버리고 동료근로자와 우리나라 모든 근로자의 형편없지만 아주 형편없지만 조금이라도 나은 삶을 위하여 저 사악한 무리들과 맞서지 않았던가요? 그러나 또 우리가 잊어서는 않되는 중소기업 축에도 끼지 못하는 사업장 근로자들이 대다수라는 사실입니다. 제가 다니고 있는 회사도 마찬가지입니다만 명색이 주식회사지만 대표이사 마음대로입니다.(흔히 사장이라고 부릅니다) 임금,해고,휴가등 회사 제반사항에 관하여서 무소불위의 권력을 휘두르고 있습니다. 그러면 왜 항의를 하지 않느냐고 묻고 싶겠지만 항의하면 그날로 해고됩니다. 부당해고되면 노동관서에 신고하면 되겠지만 신고해서 해결이 안되니까 거의 전부다 포기하고 속으로 XXX 잘처먹고 잘살아라 하고는 쓴 깡소주나 먹고 없던일로 합니다. 정말 불쌍한 무리들이 아닐수 없습니다.(근무하고 있는 저를 포함) 넋두리는 이걸로 충분하고 김주익님의 부인,자녀들에게 진심어린 조의를 표합니다. 당신들은 정말 훌륭한 남편과 아버지를 가졌었다고... no. 3 崔億萬 등록일 : 2003.11.05 말이 났으니 말이지만. 노동부 관료 노동관련 노동법 관여 하고있는 국개의원 등등 은넘들은 모두 척결 시켜야 한다 보라 수천억원씩 걷어 처먹고 사용자 편에 서서 노동자들을 탄압 시킨 꼴이 증명이나 되듯이 말이다. 무신놈의 똑같은 노동을 하고 있는 노동자에게 계약 직이니 정규 직이니 하고 차별을 한다는 말인가 ? 옛부터 사람 차별 하는 집구석 치고잘되는집구석 보았는가?그렇게 사용자 편리 할 대로 노동자들은 부려서 기업체건 관료 사회건 업무 능율이 오르겠는가?그말이다. 나 노동일도 해보았지만 한국속담에 밥은빌어 먹어도 일은 빌어 서 못한다는 말이 있다.사무 관료가 되었든 육체 노동이 되었 든 일하는 사람들의 사기를 북돋우어 주어야 작업 능율이 오르게 되어있다는 것이다.거런데 요지음 보면은 계약직 노동자들의 불만이 이만 저만이 아닌것 같은데 손톱 밑에 가시드는줄은 모르고 정치하는 놈들과 기업 하는 넘들이 몇천억식 부정 거래 해처먹고 노동법을 그 따위로 만들어 노동자들을 탄압 하고 있는것이다. 계약직 노동자들을 모두 정규 직으로 체용해서 일시키고 별 필요가 없을대는 당연히 사표내고 해고 시킬수 있는 노동 시장으로 즉시 바꿔야 동북아 중심 평화 번영의 선진국행 고속 전철 철로 위에에 올려 놓아야 한다. 정히나 그런 악법이 필요 하다면 사람 구별 하지말고 모두를 근로 협약이라는 용어라도 바꿔라 . 물거건이나 상품 이 아니이상 인간의 살어있는의식또는 육체를 계약이라는 담보와 상호 협약이라는 용어는 천양지차이가 된다. 아니그런가?no. 2 제로스 등록일 : 2003.11.05 故 김주익씨에 관한 얘기에서(4번째 문단) 사소하지만 사실과 다른얘기가 아닌가 싶습니다. ""21년간 근속한 노동자의 한달 급여가 제 수당 포합해서 160만원 남짓, 그것도 뗄 것 떼고 나면 120만원 정도, 거기서 가압류된 것을 빼면 13만원이 남았다고 한다.""라고 쓰셨는데 사실 더 한걸로 알고 있습니다. 故 김주익씨의 유서의 의하면 월급이 105만원 정도에 뗄 것 다 떼고 나면 80여 만원 정도였던 걸로 기억합니다. 오늘 PD수첩에 故 김주익씨 얘기가 노동조합원에 대한 사용자의 손해배상가압류 얘기와 함께 나오더군요. 배달호씨, 김주익씨 등 다른 노조원들을 위해 목숨을 희생하신 분들의 명복을 빕니다. no. 1 崔億萬 등록일 : 2003.11.03 참 의 말입니다. 왈 시인 이십니다. 한송이 국화 꽃을 피우기위해서 봄부터 소짝새는 그렇게도 울었는데. 그렇게 어려웁게 피운 국화 꽃을 닙본 천황 페하앞에 바친 그런 역적이 시인일수는 없씀네다.      다음글:  *중개업 종사자들의 교육강화 * 이전글:  기혼여성들의 진심어린 재취직을 장려한다면 공무원채용에서부터 나이제한을 철폐를 검토해 주십시오.",,,20240124,NA
청원경찰이 몇자 적어봅니다..,행정/자치/안전,,답변완료,2003-11-05,경찰청,"수고가 많으십니다...

다름이 아니라 지자체 청원경찰로 근무하면서 느끼는점이 있어 몇자 적게 되었습니다...

1) 청원경찰법 시행령 제 8조에 있는 유사직무자보다 적게 받을수 없는 규정이 있으나 타 지자체에는 방호원이라는 기능직 공무원이 있으며 저희 부서에서는 상수도 업무를 담당하는데 각 사업장에 기계 기능직이 모자라다 보니 저희가 경비업무뿐만 아니라 기능직업무도 동시에 수행을 하고 있으나 저희는 단일 직급이다 보니 입사당시에는 많은 봉급이지만 기능 8급이상이면 저희와 차이가 나기 시작합니다... 단순하게 봉급만 차이나는줄 알고 있었는데 퇴직금에서도 많은 차이가 난다고 하니 단순하게 계급장의 진급뿐만이 아닌 적어도 기능직 7급 상당까지의 년수별 진급제 도입이 청원경찰법 시행령 제 8조에 어긋나지 않는다고 생각이 됩니다만 혹시 경찰청에서는 계획중이거나 검토중인 사항이 없는지요?

2) 경비기준액에 3호 나목에 기타수당은 예산 편성범위 내에서 순경에 준하여 지급한다고 했는데 여기서 기타수당을 두고 판이한 해석들을 가지고 있기 때문에 통일된 해석을 위하여 경비기준액 8호에 여비규정 항목같이 ""가 목 외의 기타 수당은 자체 예산이 편성된 항목 범위 내에서 공무원 수당규정상의 경찰관 순경에 준하여 지급한다."" 즉 공무원 수당 규정상 을 추가 하여 주시면 수당 신설시 발생하는 청원경찰의 불이익을 감소 시킬 수 있으면서도 자체 예산편성항목 범위 내라는 규정이 살아 있어 각 지자체에서 예산편성항목을 선택할수 있기때문에 지자체에서 자체예산능력을 고려 할 수있다고 생각됩니다....

3) IMF 때보니 청원경찰은 공무원이 아니면서도 공무원 구조조정시 최우선 선택되어 지던데 그 때 나가시던 선배님들을 보니 30년 가까이 한직장에서 젊음을 받쳤다고 해도 과언이 아닌데 그분들은 일반직 또는 기능직 뒤에 붙는 공무원이라는 딱지가 없다고 해서 한 부서에서 같이 근무하다 같이 나가시던 일반직이나 기능직과는 달리 명예퇴직수당을 받지 못하고 쓸쓸히 돌아 서시는 선배님들을 봤습니다... 적어도 제가 알기로는 청원경찰은 공무원은 아니지만 그렇다고 해서 저희가 비정규직도 아닌 기타직 즉 기타 정규직으로 분류 되어 있습니다.. 신분상 공무원이 아니지만  정규직으로서 각 기관의 한 축이라는 소린데 어찌 반평생을 받친 직장에서 그런 천대를 받고 쫓겨 나야 하는지요... 저희 청원경찰법 7조 1항 보상금과 7조 2항 퇴직금 규정 다음에 7조 3항 명예퇴직 수당 규정을 신설 해주실수는 없는지 궁금합니다...

4) 경비업법시행령 제13조에 경비지도사 자격시험에 시험의 일부 면제 대상에 보면 청원경찰은 어디에도 속하지 못하고 있는데 저희도 포함되었으면 합니다....(경찰과 동등하게 해달라는것은 절대 아닙니다.)

비록 청원경찰이라는 최하위직에 몸담고 있는 저희들이지만 나름대로 청원경찰도 국가 중요시설및 사업장에서 경찰관 직무집행법을 근거로 경찰 활동을 하며 국가의 일부분이라는 자긍심을 가지고 근무하는 다수에 청원경찰들이 있다는 것도 알아 주셨으면 합니다...

가능한 객관적이고 타당한 글을 올릴려고 노력은 했는데 짧은 지식으로 글을 쓰다 보니 정확히 올렸는지는 모르겠습니다만 경찰청에서 비슷하게 계획중이거나 검토중인 사항이나 앞으로의 계획들이  궁금하여 올렸습니다..

수고 하십시요...",,,20240124,
불로소득 철저히 환수하도록 판결을 내립시다,법제/사법,,답변완료,2003-11-05,법무부,"법원은 안변해도 너무안변합니다
오늘 도 모씨 한건 5억뇌물 추징금4억  1억 남네
오늘 모씨 부동산투기00억 부당이득구속
또 추징금 얼마 선고할렵니까.한10억
물어 봅시다.
이러니 항상불로소득으로 돈챙겨 놓고
교도소 몸으로 때운다고 난리 아닙니까.
법원도 범죄를 부추키는데 일조 하고 있읍니다.",,,20240124,
기술시험 자격요건 강화,노동/환경,,,2003-10-31,고용노동부,타과 제한 ..,,,20240124,NA
소호 수입 및 영세업체를 위한 위한 소량 수입제도.,재정/금융/소비자,,답변완료,2003-10-26,관세청,"[개요]
경기침체로 위축된 개인소호업체의 경쟁력 향상.

[현행 및 문제점]
저도 사실 실업자 생활을 많이 하다가 중국에 연이 있어 혼자 소규모 쇼핑몰을 만들고 있습니다. 그런데 개인 소호업자들은 자금력이 없어서 대량으로 들여오는 것은 꿈도 못 꿉니다. 그래서 주문이 소량으로 들어 올때 마다 소규모로 들여오는데. 제도가 너무 복잡합니다. 간이과세를 물고 우편으로 들여 오는 것도 매번 죄인 처럼 마음 졸이며 우체국에 연락을 기다려야 하지요.

이런 소호운영자 및 소규모 영세 사업장을 위한 소규모 수출입 제도가 필요합니다. 지금 제도는 너무 이분법적으로 개인 용도면 면세 아니면 일반 관세로 개인목적 과 상업목적으로만 있어 다양하지 않습니다.그러므로 많은 소규모업체는 적은 양에도 불구하고 일반수입절차를 거쳐야 합니다. 그로 인해 편법적인 방법등을 시도하는 소규모 사업자도 생기는 것같습니다. 이들을 올바른 세금 납부로 유도 하기 위해 빠른 시일내에 소규모의 수출입 제도가 필요하다고 생각됩니다.

[예산절감액]
0

[국세/조세수입증대액]
0

[개선방안]
소규모 영세사업장을 위한 50만원 미만의 수입량에는 소량 간편 수입제도가 있었으면 좋겠습니다.

지금의 10만원 이상시 과세 적용 은 개인에게 초점이 맞춰진 제도 이고 개인의 상업용 물품 유입을 막기위한 방편일뿐 소규모 영세사업자에게는 언제나 죄인처럼 과세를 내는 것 같습니다. 그래서 소규모 수입의 영세사업자를 위한 간편하고 규제가 좀더 완화된 제도가 있었으면 합니다.

[행정개선효과]
경기침체의 소호 업체의 활성화 및 실업자의 창업 기회 확대.

수입의 소량화로 인한 수입량 축소.

부정한 방법의 물품 반입을 소량수입 제도로 유도.",,,20240124,
세관직원 전문인제도 개선요망,재정/금융/소비자,,답변완료,2003-10-26,관세청,"[개요]
세관직원중 일부가 전문인제도라는 이유로

같은 업무에 너무 오랫동안 근무하면서

횡포를 부리거나 특정 관세사사무원에게만 편의를 봐주는 불합리함이 있씁니다

[현행 및 문제점]
세관직원중 일부가 전문인제도라는 이유로

같은 업무에 너무 오랫동안 근무하면서

횡포를 부리거나 특정 관세사사무원에게만 편의를 봐주는 불합리함이 있씁니다

[예산절감액]
0

[국세/조세수입증대액]
0

[개선방안]
관세사 사무원과 일반 국민을 상대하는 업무의 직원은

길어야 3년 정도가 되면 다른 직원으로 교체를 해주시기 바랍니다

[행정개선효과]",,,20240124,
이렇게 제안해 봅니다..,재정/금융/소비자,,답변완료,2003-10-25,관세청,"[개요]
관세 정의 실현으로 복지국가 실현에 최일선에서 수고 하시는 관세청장님   이하 관계 공무원 여러 분들께 국민의 한사람으로써, 많는 찬사와 갈채을 

보냅니다..

제가 드리고 싶은 제안은 요즘 매주 금요일 저녁 KBS에서 방영하고 있는

좋은나라 국민 운동본부 프로그램에서 실시하고 있는 해외여행후 입국시 1인당 200달러 이하의 물품만 반입 하자고 하는 운동을 보면서 소수의   일부    몰지각한 국민들이 필요 이상의 사치품과 고가품,등록및 허가을 득하지 않는 

의약품들을 밀반입 하려다 적발되는 사례을 보면서 차마 말할수 없는 불쾌감과 수치감을 느낄수 있었다..그래서 저는 이렇게 제안해 본다.

대부분의 적발자들이 누적적발자 들이므로 현행 관세법에 의하면 200불 초과 

반입 물품에 대하여 관세법 위반 규정에 의하여,형사 고발 및 가산세 30%만

내고 그 물품을 찾아 갈수 있다고 하였는데, 이를 이렇게 수정 하였으면 합니다..

첫번째 위반시 현행대로 시행.

두번째 위반시는 가산세 50%에 형사조치

세번째 위반시는     ""     70%        ""

네번째 위반시는     압류조치 및 국가 환수 및  형사 고발

다섯번째 위반시는    출국제한 등 강력한 형사고발(실형선고)

위와 같이 위반사범에 대하여 누진적으로 적용함으로써, 관세법 위반사범이 현저히 줄어들 뿐만 아니라, 국가세수을 확보함으로써,소득재분배 효과 및 

국내 산업을 보호 할뿐더러,여행수지 적자에서 벚어날수 있는등 다양한 효과 발생 할수 있을리라 사료 됩니다

[현행 및 문제점]
1)다중의 위반자가 또 위반 하는 문제점

2)부유층 및 사업성이 있는 물품은 30% 가산세을 물더라도 위반 하는 

   문제 (너무 미약한 법적제제로 인한 역진성 등등)

3)여행수지 적자을 온국민의 세금으로 부담해야 하는 문제 

4)특히 가짜 상품 및 불량 의약품 등으로 국내 산업 타격 및 국민건강 훼손

[예산절감액]
0

[국세/조세수입증대액]
0

[개선방안]
첫번째 위반시 현행대로 시행.

두번째 위반시는 가산세 50%에 형사조치

세번째 위반시는     ""     70%        ""

네번째 위반시는     압류조치 및 국가 환수 및  형사 고발

다섯번째 위반시는    출국제한 등 강력한 형사고발(실형선고)

위와 같이 위반사범에 대하여 누진적으로 적용함으로써, 관세법 위반사범이 현저히 줄어들 뿐만 아니라, 국가세수을 확보함으로써,소득재분배 효과 및 

국내 산업을 보호 할뿐더러,여행수지 적자에서 벚어날수 있는등 다양한 효과 발생 할수 있을리라 사료 됩니다

[행정개선효과]
*****정확한 유형의 효과는 산출근거  자료 미비로 산출 하지못함..*****",,,20240124,
산림 유무 및 관리정도에 따른 각종 기능 조사,국토/교통/농림/해양,,답변완료,2003-10-23,산림청,"제안개요: 
현행 및 문제점:본인은 산림의 공익기능 평가에 관심이 있다. 공익기능의 평가를 위해서는 산림의 유무, 더 나아가 임분의 종류에 따른 공익기능의 차이가 어떠한 지에 대한 자료가 필요하다. 이와 관련하여 최근 임업연구원에 몇 번 의뢰를 하였으나 90년대 초 공익기능의 종합적인 평가에 기초하고 있다고 들었다. 그 당시에도 많은 부분이 일본의 자료를 참조한 것으로 알고 있다. 향후에는 산림환경의 중요성이 날이 갈수록 높아질 것이므로 산림의 유뮤와 관리정도에 따른 수분함량, 수질정화, 토양유실, 대기순화, 온실가스, 자연생태계 등에 대한 조사를 중장기 차원에서 조사하고 연구해야 할 것이다.
기대효과: 
개선방안:",,,20240124,
초보 무역인입니다,재정/금융/소비자,,답변완료,2003-10-22,관세청,"[개요]
안녕하세요

저는 이제 막 무역일을 시작한 최용식이라고합니다.

수출은 작년에 1건 수입은 약3-4건 정도 해오고 있습니다. 건별 액수는 얼마않되구요. 이글을 올리는 이유는 이번 저의 수입통관건에서 발견한 불합리한점이있어  말씀드리고 싶습니다. 저는 현재 중국에서 저가 디지탈카메라(개당약 USD10불선)를 수입하고 있는데  금번 수입건에서 중국공장쪽에서 made in China 라는 라벨을 붙이지않아  인천공항 조사계로 인계가되어 조사계로부터 조사를 받은후 검찰로 이첩 벌금처벌을 받을거라는 얘기를 들었고 동건이 대외 무역법위반이란 통보를 받았습니다. 본건은 전혀 저의 고의로 발생된것이 아닌바 이전 3번에 걸친 동일물건 통관자료 및 사유서 또한 C/O를 제출하였으나 현재 대외무역법위반을 피할수없는 상황인것같습니다. 현재 문제되는 물건은 공항창고에서 재작업(made in China)후 통관한 상태이며 공항에서 이런 작업만 전담하는 사람이 있을정도로 이런건이 빈번히 일어나는걸로

알고있으며 그럴경우 벌금은 물론 범법자를 양산하고 있다고도 보여집니다.

중국의 공장에서 원산지 라벨을 붙이지 않은건에대해 왜 수입자가 범법자가 되어야하는지  일일이 수입시 마다 물건을 직접 화주가 눈으로 확인해야하는지 묻고 싶습니다 본건의 경우 통관전 공항에서 재작업하여 시장에 아무런 영향을 끼치지 않았는데도 벌금부과 및 꼭 범법자를 만들어 내야하는 의문이 생깁니다. 





여전히 




[현행 및 문제점]
참고로 디지탈카메라는 관리대상품목이어서 수입통관시 검사를 피할수없으며 원산지표기가 않되있는걸알고도 통관을 시도하는 수입자는 없다고 말씀드리고 싶습니다  

[예산절감액]
0

[국세/조세수입증대액]
0

[개선방안]
원산지를 표기해야하는 이유는 잘알고있으나 저와같이 고의성이 없고

또한 통관전 재작업을하여 시장에 아무런 영향을 주지않은경우는 대외무역법

적용을 완화해 주시기를 바랍니다

[행정개선효과]
현재 인천공항 조사과에 업무가 과다하다고 하는데, 적어도 저의 통관건은

조사까지 받고 할 가치조차 없는 건으로 사료됩니다 

참고로 제가 수입하는 카메라 사진 첨부드립니다",,,20240124,
산악통행로 확보을 했음 합니다...,국토/교통/농림/해양,,답변완료,2003-10-21,산림청,"제안개요: 
현행 및 문제점:격심한 업무에 수고하십니다..
우리나라의 대부분이 산으로 되어있다는건 누구나다 아는 사실입니다.
하지만 전국 야산을 비롯하여.. 국립공원이나.도립공원으로 지정되어
있는 산들도 산에 차량이들어 갈수 없음은 참으로 안타까운 일입니다.
물론 산에 자동차가 들어갈수 있는 길을 닦아 놓는다는것은 어려운
일이지만...우리나라의 산림 자원을 운반,운송 개발 하려면 교통은 
필수라고 생각됩니다..또한 봄과 가을 건조기시 산불예방에도 큰도움이되고 ..산에서 발생되는 긴급구조시에도 꼭 필요하리라 생각됩니다
어렵지만 지금부터라도...조금씩 해야되지 않을까 생각됩니다...
참고로 전 생물학을 전공했으며...학창시절 생태학을 공부하면서..
산을 관통하는 도로나..산을 막아서 댐을 만드는 것은 정부에서
앞장을 서서 시행하는데.정작 산을 돌볼수있는 산악도로에는 무관심
한거 같아..한말씀 올렸습니다...
기대효과: 
개선방안:",,,20240124,
"채용시험,취업에서 연령제한 철폐하라",노동/환경,,,2003-10-20,고용노동부,"오늘날과 같은 다양화,다변화사회와 보다 많은 기회와 경험을 요구하는 현실에서 채용연령제한은 악법중의 악법이다. 당장 대통령령으로 폐지해야할것이다. 사람이 살다보면 재기해야할 상황도 오고 길을 잘못들어선경우도 있어 방향을 바꾸고 싶어도 직업선택의 자유를 연령제한이라는 되먹지 못한 제도때문에 공공연히 침해하고 있다. 지금과 같은 고령화사회, 불확실한 사회에 아직도 취업연령제한이 버젓이 남아있는것은 도저히 용납이 안된다. 당장 폐지되어야 할 제도이다. 먼저 정부에서부터 공무원채용,시험연령에 대한 제한을 당장 철폐해야한다.",,,20240124,NA
경찰개혁건의,행정/자치/안전,,답변완료,2003-10-18,경찰청,"1.순경 명칭페지새로운이름제정 -일제잔재명칭해당

2.경찰청장 지방청장 경찰서장 지구대장 출장소장[파출소명칭변경요망 -파출부 와 파출소 식모 선임견상상


치안총장 치안정감 치안감 경무관-치안총장변경

총경[서장] 경정[부장] 경감[과장/지구대장] 경위.경사[계장.반장.출장소장] 경찰대학출신 경사임용/초급간부을 경사부터인정

.무궁화1 로시작 순경.경장.명칭페지 -치안서기보.치안서기 로변경또는 새명칭부여및 일반행정경찰직에보직 비교 임명운영 수사.정보.보안.대공.형사등부서는계급명칭사용/ 순경-00.경장-00.변경하여 경사-치안주사보 /경위-치안주사 /경감-치안사무관 /경정-치안서기관 /총경-치안부이사관/ 경무관페지.치안감-치안이사관[지방청장] 치안정감-경찰대학장./서울청장[차관보급].본청차장[차관보급]사법.행정 등 고시 출신 특채-경감으로 소령출신 경감으로 경찰대학출신 경사임용 [초급간부] 학사경관 특채 경장 현행유지 무술특기자 경장또는 순경급채용  순경급채용시 치안서기보/치안수사관 채용으로명칭변경공고 경사-출장소장.반장.주임.계장   경위-출장소장.반장.계장

무궁화1-경사 무2-경위 무3-경감[서-과장] 무4경정[서-부장] 무특대1총경  특대2 치안감 특대3 치안정감 특대4 치안총장",,,20240124,
고용보험법 보험료신고 방식개선 및  이에 따른 예산집행방법 개선,노동/환경,,,2003-10-18,고용노동부,"현재 고용보험법을 보면 3개 사업으로 나누어져 있습니다. 물론 사업의 성격상 어쩔수 없이 나누어져 있을수는 있습니다. 하지만 보험료신고를 할때면 상당히 복잡하고 요건도 각각 되어있어 전문가가 아니면 쉽지않은 일입니다.국가정책사업으로 각각의 사업이 나누어져 있으리라 믿지만 징수체계에서부터 그렇게 어렵게 할 필요는 없다고 봅니다. 3개사업을 묶어서 단일 고용보험료로 하는것이 각 사업장에서 쉽고 누구나 이해가 빠르리라 믿습니다. 통합이 불가능한 이유가 있으면 알려 주시고, 정 분리되어야 한다면 단일 요율로 징수하여 집행단계에서 나누어 집행할수도 있다고 봅니다. 그러면, 해마다 경제여건이 달라지는것과 각 사업별로 집행예산이 더 소요될수있는 부분이 있을경우에도 탄력적으로 예산을 집행할수 있으리라 생각됩니다.민원인 편에서 보면 신고하기 쉽고, 정부측에서보면 행정력이 절약되며 기금을 탄력적으로 운영할수 있어 간접적인 예산의 낭비도 줄일수 있다고 생각합니다. 한번 깊히 생각하시어 시행될수 있도록 하여 주시면 감사하겠습니다.",,,20240124,NA
산림토양개선안,국토/교통/농림/해양,,답변완료,2003-10-16,산림청,"제안개요: 
현행 및 문제점:산림토양개량은 일반적인 농토에비해 난제들이 많다
일반적 토양개선에는 PH조절과 유기질공급 미생물공급등이 있으나
우리나라 산림의 경사와 잡목등에의한 작업기 출입이 어렵고 개선제 의 살포 교반및경운이 어려워 토양개선에 힘든 상황이다 
금년에도 밤나무토양개선에 고토분말을 투입하는것으로 알고있습니다만 이는 우리산림의 안정적인 개선방법이 아니라 생각된다
이미 우리나라산림 토양도 산성비 매연 농약 화학비료에의한 오염이 심각한 상태다.
이런 오염원이 토양의 산성화와 밤나무 대추나무단지에서 병해충의
내충내병이 약해지고 산림농산물의 산성화와 산림낙엽이 분해되지 않는현상과 우기때 농약 화학비료에의한 하천오염 봄철산불등 여러 문제점을 내포하고 있다 이에 여러문제점을 본인은 수년동안 연구를 하여 토양개선방법 낙엽분해방법등을 보다 진보적이고 친환경적이며 경제적으로 대처할수있는 방법으로 산림청 임업 연구과제로 채택되면 산림개발(숲가꾸기,경제수목,친환경산림농산물,산불방지)에 박차를 가할수있으리라 사료됨
방법,영양 녹남조 이용법,관수
상세 내용은 직접 내방하겠습니다
전화041-583-0994 손전화 011-9008-1271 문서전달기041-583-0999
 
기대효과: 
개선방안:",,,20240124,
B형간염에 대해...,노동/환경,,,2003-10-16,고용노동부,"기사 내용대로라면 노동부에서는 '고용정책기본법'에 나이를 이유로 채용할 때 차별하지 못하도록 하는 규정을 만들 것 같습니다. 찾아보니 지금의 고용정책기본법에도 성별, 신앙 등을 이유로 차별을 금지하는 조항이 있습니다. ============================== 제19조 (취업기회의 균등한 보장) 사업주는 근로자를 모집ㆍ채용함에 있어서 성별, 신앙, 사회적 신분, 출신지역 또는 출신학교등을 이유로 차별을 하여서는 아니되며, 균등한 취업기회를 보장하여야 한다. ============================== 제 생각에는 이 조항에 나이를 집어넣거나 별도의 조항을 만들 것 같습니다.",,,20240124,NA
우리 소나무를 지킵시다.,국토/교통/농림/해양,,답변완료,2003-10-15,산림청,"제안개요: 
현행 및 문제점:대통령님, 존경하는 산림청장님 그리고 임직원 여러분!
지금 우리의 산야는 이름만 들어도 치가 떨리는 리키다 소나무에 의해 점령당한지 오래입니다.
어찌 이 지경까지 되었는지 실로 소름끼치는 사실이 아닐 수 없습니다.
돌이켜 보건데 과거 일제에 의해 국민들이 수난받고 약탈당한 것도 분하고 억울한테 언제부터인가 우리의 산야는 리키다에 의해 야금야금 물들더니 이제는 돌이킬 수 없는 지경에 이르게 되었습니다.
어찌 통탄할 일이 아닐 수 없습니까?
어찌보면 솔잎흑파리, 재선충보다 더 시급히 해결해야할 문제가 아닐 수 없습니다.
물론 과거 배고프고 헐벗은 시절 조림이 우선이었다고 말할 수는 있으나, 지금의 상황을 조금이나마도 예견하지 못한 우리들의 좁은 소견에 깊이 반성해야 합니다.
그러나 아직도 늦지 않았습니다. 체계적이고 치밀한 계획을 세워 하루 속히 이 땅에서 리키다 소나무를 몰아내고 우리의 소나무를 심어야 겠습니다.
아울러 리키다 소나무의 활용방안을 연구해야 하겠습니다. 두드리면 문이 열린다고 하였습니다. 산업자원 연료에서부터 모든 방안이 있지 않겠습니까?
소나무!
소나무는 우리의 희망이요, 우리의 표상이며 우리 민족의 자존심입니다. 하루빨리 리키다를 박멸하여 조상이 물려준 금수강산 더욱 아름답게 간직하여 후손에게 물려줍시다.
전국의 조경인 여러분 그리고 임업종사자 모든 여러분. 리키다를 몰아내고 우리의 소나무를 지킵시다.
기대효과: 
개선방안:",,,20240124,
비정규직에게는 해택이 없는 재직자 훈련비용~~~~,노동/환경,,,2003-10-10,고용노동부,50인이하의 사업장에 근무하는 피보험자들은.. 어학교육을 받을 때.. 50% 할인이 가능하지요.. 근데 저는 회사소속으로 임시직원으로 있다보니.. 빛좋은 계살구로 큰회사에 소속되어 있다뿐이지.. 교육훈련비는 엄감생심... 꿈에도 생각못하는 혜택이죠~`` 그러니..저희같은 비정규직은 이도저도 아닌.... 꼴이 되었습니다.,,,20240124,NA
제발 함부로 제도를 만들지 마세요,노동/환경,,,2003-10-10,고용노동부,300인 이상 기업체 정년 57세로 올려라,,,20240124,NA
공인노무사 합격자 발표의 부당성,노동/환경,,,2003-10-09,고용노동부,"이번 12회 공인노무사 시험은 정말 어이없는 일이라 아니할 수 없습니다.이와 관련된 글은 여러차례 민원제기 된 것으로 알고 있으므로 구체적인문제는 언급하지 않으며 다만 그와 관련된 제 생각을 올리고자 합니다.합격자 인원수, 내부장벽설과 같은 문제는 저희 수험생 사이에서는 이미공론화 되어있고 노동부 공무원들의 자격증 취득과 관련하여서도 이야기가나왔습니다. 물론 3차가 끝나고 완전한 합격자 발표가 나야 확실히 알겠지만, 그에 대해서도 해명이 필요하다고 생각합니다. 이번 합격발표와 관련된 문제에대해서는 확실한 징계가 필요하다고 생각합니다. 인생을 걸고 공부하는 수험생들의 입장에서 다시 한번 생각해 보시고 명확한 사실조사가 있어야 할 것이며, 앞으로는 이런 혼란이 없도록 조처해 주시기 바랍니다.",,,20240124,NA
긴급자동차 과속 무인카메라단속 해명자료 돈주고도 사지 못한다,행정/자치/안전,,답변완료,2003-10-08,경찰청,구급차량으로 환자를 이송하다 과속으로 무인단속 되어 이에따른 해명자료7가지를 준비하여 경찰서를 찿았으나 구급차량운영자가 작성한 자료는 인정할수 없다고 합니다 이미 준비한 자료에는 구급차를 이용한 환자및보호자의 자필 싸인과 환자의 전화번호 및 모든인적 사항이 상세하게 기록되어 있는바 전화 한통으로 확인 할수 있고  도착한 병원의 확인까지 되어 있읍니다  그러한대도 구지 출발지 병원의사의 확인이 필요하다하여 병원을 몇번씩 찿아가서 소견서를 복사하여 제출 했으나 이번에는 영어로 되어 있어 알아볼수 없다며 한글로된 소견서를 받아 오라고 합니다.  의사가 작성한 소견서가 영어라서 알아 볼수 없다면 해명자료 심사관의 자질 문제 아닐까요?  긴급자동차가 환자를 이송하다 과속하여 단속되었을때 이를 해명할 자료가  돈으로도 살수가 없습니다 어떻하면될까요?   또한 이에대한 해명자료도 규정된바 없어서  각 지역의 경찰서 담당자가  요구하는대로 해명자료를 준비하도록 되어있어  담당자가 바뀌면  담당자의  입에 맞게  또 다른 자료를 준비 해야 합니다.  언제 쯤이면  현장의 실무자와 행정이  하나되어  시간.인력 .자원이 절약되며  행정 편의주의가 사라질수 있을까요?  오늘도 내일도 환자를 이송하면서  무인카메라가 무서워서 긴급하게 이송할수 없고  무인카메라를 피하기 위해  급차선 변경및 고개 운전을 해야하는  현실을 국민 모두가 이해해 주시길 바라며  관계당국 또한 실무자들의 소리를 경청하고 개선하여  국민의 건강과 안전이 우선되는날이 속히 오기를  기대합니다.,,,20240124,
꼴보기  싫은   신호대기 경찰관  버꿔서 감시케메라 정직화,행정/자치/안전,,답변완료,2003-10-07,경찰청,"1. 가파른 도로 통과처량  과발생주행시에   차량밀착 60km 주행(봉고 +자가용 = 신호교차 시간차 발생 통과시 )시 교통위반이  해당되게지요. 그러나  운전자 입장에서는 신속히 통과 교통의 원할을 기함을 생각하게됨 , 만일  부레이크 페달을 발로 밟을때 안전거리에 문제점및 교차로 사거리에서 타 차량에 지장이발생시 예상됨

 ***** 이런경우  과민 교통위반 적발이  적발건수 올리기 실적평가인가 . 질문하고 싶소  (전의경  위치배치는 허수아비인가)..

1)  이상한일 - 150m 거리에서 달려오는  경찰차 옆에서 달려오는 꼴보기 싫은 경찰관( 민일 자가용이 없는 경찰관이라면 이해하겠소 ?) 

2)  가로수뒤에서 숨어서 물얼하나 바라보는(위반적발하는) 교통경

찰관 꼴물건.

 ***개선사항****

 -  운전자  난해한 교통시비가 발생하는곳  정직한 감시카메라설치 요망

 -  떠떳한  손 감시 카메라로 측정 위반적발  하는 경찰 업무개선(  고생하는 봉사자라고 존경받는 경찰관 바람임) 


> 오죽하면 이렇게 하게나 ?.  하면서도  고생하는 경찰관 사람들을 사랑합니다.

>. 교통적발시  사례을  교육자료로 활용하여  또는 신호주기 타임도 빠꿔서 홍보하여 국민이 알수있게  살기좋은 교통질서 나라로  만드는 노력도 필요한데요.   두서없이 글을올려 미안합니다.",,,20240124,
2003 공인노무사 합격인원 기준 의문......,노동/환경,,,2003-10-05,고용노동부,"금번 2차시험결과와 관련하여 응시생들의 의혹이 끊임없이 쇄도하고 있습니다.  합격자 수 가 현저하게 과년도에비해 줄어서 그 사유와 합격자 선정의 기준, 과정에 대한 문제  1.절대평가에 의한 금번 수험생들의 답안채점결과 전체적인 수준저하설  2.협회에서 기득권층(기존노무사)의 시장협소문제에따른 진입장벽구축설.   3.노동부 근속자에대한 자격부여자의 적체로 짜고치는 고스톱설.  4.기타 내부사정설(실무수습,정책등)  합격자수와 관련하여 적고 많음은 절대평가의경우 (공식적인 답변은 아닙니다)1설과같은 사유로 적어질수 있습니다.   하지만 이것이 수년씩 노무사시험에 매달려온 금번 시험에서 실패한 수많은 수험생에게는 심각한 자괴감이나 패배의식을 가져올수있으며 아니면 지금과 같은 격한 분노를 유발하는것이기에 선발과정에서의 신뢰성은 확보되어야만 하고 그러기위해서 선발기준과 과정은 반드시 공개되어야 하는것입니다.   한번밖에 없는 젊음을 협회의 일관성없는 시험기준과 수많은 의혹이 난무하는 자격시험에 더이상 소모되게하여서는 안됩니다.   사회적 책임을가진 기관으로서 수준이나 선발기준등은  해마다 사전,사후에 공개를 해서 응시자 스스로가 자신의 능력이나 적성에 맞는지를 판단할수 있도록하여야 합니다.   금번과 같은경우 협회에서도 이런정도라면 수험생의 반발이 있을것이란것은 어느정도 예상을 하였을것같은데  구태의연한 낡은 방식으로만 일관하고 계신데 대해 심히 유감을 표합니다.   이것은 시험관리의 현저한 부실함을 극단적으로 보여주는것이며 최근 국가자격시험의 시험지 유출사건등 사회적으로 불신이 팽배해있는 시대상황에서 아직까지도 정신없는 돌출행동이 단순한 실수라는 변명으로 정당화 될수 있다는것이 믿기지가 않습니다.   직원하나 제대로 관리하지못하고 이런 실수가 아무렇지 않은 단순한 실수라고 변명하는 공단이 금번 노무사 시험지도 사전에 유출이 없었다고 어떻게 장담할수 있다는 말씀입니까?   또한 금번의경우 응시생의 수도많고 노무사 2차시험의경우 최소 10페이지 이상의 논술답안을 작성하여 제출하는데 기계로 채점하는 객관식도 아니고 추석연휴도 길었고 어떻게 예년에없는 조기발표현상이 벌어집니까?   이러한 문제에서도 채점위원들의 공개,과정의 설명이 요구된다고 볼것입니다.   수험생들은 지금 단순한 합격자수에 의혹을 가지고 있는것이 아닙니다.합격자가 단 한명이더라도 결정경위에대한 논리적이고 납득이갈만한 근거가 있다면 그것을 겸허히 수용하고자 하는것입니다.",,,20240124,NA
공인노무사합격자발표와 관련하여,노동/환경,,,2003-10-03,고용노동부,"2일저녁 기습적으로 공인노무사 3차 면접대상자를 발표한 한국산업인력관리공단의 처사를 고발합니다.  엄연히 발표일이 6일로 정해져 있음에도 불구하고 말도안되는 방법으로 합격자 발표를 해서 수많은 수험생을 당황하게 만들고 고통을 준 공단의 처사를 고발합니다. 또 합격자의 수를 말도 안되는 정도로 줄인 처사는 어떻게 설명할 수 있습니까? 이번 12회 시험 1차 수험생이 약2000명이고 2차 시험 응시자만 약 800이라고 들었습니다. 아무리 절대평가이지만 3퍼센트 정도되는 수험생의 합격생 수와 함께, 2002년 143명이 합격 20001년 200명정도가 합격하는 등 채점의 기준이 어디에 두길래 합격자수가 큰 폭으로 변하며 수험생의 질적 상승을 감안했을 때 왜 합격자의 수가 갈 수록 줄어만 갑니까? 감독관청으로서 합리적인 답변을 기대합니다. 만약 합리적인 견해의 제시가 없다면 다른 방법을 취하는 수 밖에 없겠습니다.",,,20240124,NA
국가고시 기술사 자격요건 강화에 관하여,노동/환경,,,2003-09-29,고용노동부,"""노동부는 전문성 강화 차원에서 국가기술자격시험의 응시자격을 지금보다 강화하는 방향으로 ‘국가기술자격법 시행령’ 등을 개정하는 방안을 적극 검토중인 것으로 28일 신문지상에 알려졌다. -중략-주요내용중 기술사의 경우 응시요건을 일정 경력을 갖고 있는 동일 직무분야 기사 자격 취득자와 대학에서 관련학과 출신으로 제한한다는 얘기다."" 이상 대한매일 신문기사 인용..",,,20240124,NA
입사 응시 나이 제한에 관하여...,노동/환경,,,2003-09-27,고용노동부,...,,,20240124,NA
교정직의조직체계정비등에 관한의견제출,법제/사법,,답변완료,2003-09-26,법무부,"법무행정 발전을 위한 노력에 경의를 표합니다.

위원회에서 논의되는 정책이 장기적으로 법무행정 발전의 초석이

되고 국민으로 부터 신뢰 받을 수 있는 계기가 되기를 기원합니다.",,,20240124,
검사비용,재정/금융/소비자,,답변완료,2003-09-25,관세청,"[개요]
지금처럼 마구잡이식 검사를 실시하여 이상이 없읍에도 불구하고 검사에 필요한 인건비를 수입자가 부담하는 행위는 하루빨리 근절 돼야 합니다. 수입업자들이 하역하는 대한통운 을 먹여 살리는 봉도 아닌데  왜! 인건비를 수입업자가 부담 해야 하는지요. 부담시키는 인건비도 터무니없이 부풀려 받고있습니다. 빠른시일내에 시정을 촉구 합니다.

[현행 및 문제점]
수입품목 검사에 관련된 인건비 를 아무런 문제가 없어도 수입자가 부담하고있습니다.

[예산절감액]
0

[국세/조세수입증대액]
0

[개선방안]
수입품목 검사에 필요한 인건비를 국가(관세청)에서 부담하고 수입품에 하자가 발견되면 수입자가 책임을 지도록 개선요구.

[행정개선효과]
속초항에는 아직 x레이 ct가 없어 이용하는 업자들이 이만저만 불만이 아닙니다. 하루속히 시설을 보완하여 국제항으로서 물류처리에 원만하도록 조치를 바랍니다.",,,20240124,
산림에 해로운 해충의 퇴치를 식물을 이용하면 어떨까요?,국토/교통/농림/해양,,답변완료,2003-09-17,산림청,"제안개요: 
현행 및 문제점:전 식물생리생태학을 전공한 사람인데요.
제가 석사때 연구한 내용 중 하나가 식물의 추출물이 벼멸구에 미치는 영향에 대해 연구를 하였습니다.
물론 열악한 실험 여건으로 완성은 하지는 못했지만요.
무분별한 화학 살충제를 스기 보단 사람이나 기타 생물들에게 모두 피해가 없는 천연 살충제를 연구하여 보는 것이 어떨지 감히 제안해 봅니다.
읽어 주셔서 감사하구요.
그럼.
기대효과: 
개선방안:",,,20240124,
수출용 원재료 수입시 관세 면제,재정/금융/소비자,,답변완료,2003-09-16,관세청,"[개요]
수출용 원재료 수입시 관세를 면제함으로서 중소수출업체의 자금부담 완화함은 물론 수출신장에 기여할 수 있는 조치 요망 됨.

[현행 및 문제점]
현행 관세법 104조에 동 수출용 원재료 수입시 관세를 면제 할 수있다라는 조항이 명문화되어 있으나,세부 시행규칙 또는 시행령에 정하지 않음으로 실질적으로 사문화되고 있음.

이럴경우 자금사정이 넉넉치 않은 수출업체의 경우 사전 관세납부후 사후 환급을 받는 제도는 상당한 자금부담을 갖게 됨.

예를 들어 년 수출액이 U$5,000,000되는 업체의 경우를 가정 할 때,신제품개발을 통해 신제품시장 마케팅이 성공함으로서 고가의 제품을 수출할 수 있는 기회를 가지게 되는데,고가의 제품은 원재료의 경우도 고가인 경우가 많아

일시에 U$1,000,000이상의 원재료를 수입 할 경우 관세 부담금은 상당 할 수밖에 없게 됨. 물론 수출후 환급을 받을수 있겠으나,제조업체의 경우 원재료를 수입후 제조과정을 거쳐 수출이행까지 통상 2-3개월이 소요된다고 판단 했을 때 자급부담은 클 수밖에 없다 사료 됨.

[예산절감액]
0

[국세/조세수입증대액]
0

[개선방안]
관세법 104조에 대하여 세부시행규칙 또는 시행령을 제정하여 정상적인 수출입을 통하여 외화획득의 일선에 서고 있는 업체들의 자급부담을 완화 할 수 있도록 법규제정등 필요시 됨.

예를 들어 관세사전 면제후 일정기간내 수출완료후 수출이행에 관련한 사후관리를 할 수 있도록 개선 요함.

[행정개선효과]",,,20240124,
태풍 매미가 지난후 은행나무,국토/교통/농림/해양,,답변완료,2003-09-16,산림청,"제안개요: 
현행 및 문제점:금번 사상최대의 태풍 매미가 전국을 관통한 후 바다가에 위치한 가로수중 은행나무만 해풍의 영향으로 잎이 고사한 현상이 발생하였슴니다. 많은 수종들중 은행나무만 그런현상이 생기는 원인과 수많은 은행나무를 살릴수 있는, 방법은 없는지 국민의 한사람으로 안타까워서 연구제안에 글띄웁니다. 빠른 답변과 처방 부탁드립니다. 세금이 죽어가네요!!
기대효과: 
개선방안:",,,20240124,
주5일 근무제 업종별 특성고려하여 시행되야 하지 않을까...,노동/환경,,,2003-09-16,고용노동부,2004.07.01일부 6단계 중 1단계로 시행되는 공공·금융·보험업종 및 1000명이상 사업장의 근로시간 단축을 통한 주5일 근무제의 국회본회의 통과(2003.08.29)와 관련.,,,20240124,NA
개선할 부분의 이륜차 도로 교통법,행정/자치/안전,,답변완료,2003-09-14,경찰청,"제가 다른 외국의 이륜차에 대한 도로교통에 비교하는 글을 보았어요 

차이가 많이 있더군요

제가 제안하고 싶은 이야기는 이륜차 도로 교통법입니다.


첫째로 이륜차와 화물차는 우측 마지막 차로만 운행하게 되어 있습니다. 

어떻게, 그렇게 위험한 화물차와 같은 차로만 운행하라고 하는지 이해를 못하겠어요 

특히 도로 중간중간 나오는 차량에 대해서 어떻게 대처하라고 그런 통행방법을 정했는지... 

이륜차는 사륜차보다 작고 신체 노출부분이 많기 때문에 도로에선 엄연히 약자입니다. 

약자를 보호하는게 법 아닌가요 

솔직히 1차로는 못 달리게 하더라도 나머지 차선은 통행하도록 해야한다고 생각합니다. 

그리고 왜 우측 마지막 차로만 통행을 하도록 했는지 궁금하군요


둘째로는 자동차 전용도로, 고속도로등 못 달리는 곳이 이렇게 많은줄 몰랐어요 

물론 배기량의 한계가 있지만 이젠 250cc 생산도 하는데 통행 가능하도록 해야 합니다. 

이륜차가 고속도로 진입을 못하는 나라는 극소수로 알고있습니다. 


가까운 일본은 고속도로에 이륜차 운행시 2인 승차를 허용하는냐 마느냐하는 법 개정중인데 

울나라에선 꿈도 못꾸는 일이니.... 


아니면 배기량을 제한을 두어서 250cc이상 이륜차에 대한 통행은

가능하도록 해야 된다고 생각합니다.


끝까지 읽어 주셔서 감사합니다.",,,20240124,
불심검문... 주민등록증 좀 봅시다. 경찰도 아니면서...,노동/환경,,,2003-09-05,고용노동부,성남지방노동사무소에 가면현관 입구에서 들어가는 사람 하나씩 붙잡고주민등록증을 제시하라고 합니다.아예 책상도 하나 갖다놓고 젊은 사람이(공익인것 같기도 하고..)무슨 인명부 비슷한 것을 작성하고 있습니다.여럿이 함께 가도 모두 주민등록증을 보여 달라고 하고 있네요.노동부가 무슨 경찰서입니까?들어갈 때마다 신분증 검사를 하고...법적으로 아무 문제가 없나요?그렇지 않아도 힘들어서 찾아간 민원인들이그런 모습을 보면서 노동부에 대한 위압감을 느낄 것입니다.,,,20240124,NA
통계조사표를 하나로 통합하는 것이 어떨지?,노동/환경,,,2003-09-01,고용노동부,4월 기준으로 한 사업체근로실태조사표6월 기준으로한 임금구조통계표,,,20240124,NA
성별구분,노동/환경,,,2003-08-29,고용노동부,구인광고시 성별표시 못함.,,,20240124,NA
로또 판매인 추가 선정시 기존 복권판매소 배려 요망(근로복지과),노동/환경,,,2003-08-27,고용노동부,"로또복권이 주택,복지,스포츠,더블복권등 여러기관에서 나오는 복권을통합하여 발행하고 기존 복권을 없애려는 취지에서 탄생 되었는데,과거 홍보 및 교육등의 부족으로 5-10년 전부터 장사 해오던 기존 복권판매인들중 상당수가  로또기계 미설치로 로또복권을 팔지 못하고 있습니다.이로인해 생활이 곤란한 상태 입니다.",,,20240124,NA
"근로기준법 제96조 ‘3. 가족수당의 계산,지급방법에 관한사항’ 삭제의 건",노동/환경,,,2003-08-23,고용노동부,"현황 및 문제점. 현행 근기법 제96조는 [취업규칙의 작성.신고]를 규정하고 있는바, 그 文句에는 “상시 10인이상의 근로자를 사용하는자는 다음의 사항에 관한 취업규칙을 작성하여 노동부장관에게 신고하여야한다” 고 규정하며, 시업,종업의 시간 및 휴게시간, 퇴직에 관한사항, 안전과 보건에 관한 사항등 사업 및 사업장 근로자 전체에 적용될 사항을 예시하고 있음. 따라서 단위 사업장의 담당자가 이해하기로는 예시된 11가지를 취업규칙의 필수기재사항으로 파악할 수 있음.",,,20240124,NA
근로자 학자금대부 신청기한 연장요청,노동/환경,,,2003-08-22,고용노동부,2003년2학기 근로자학자금대부 신청기한이 7월21일~8월20일까지입니다.,,,20240124,NA
노동부 기술자 자격제도대안대로 추진바랍니다.,노동/환경,,,2003-08-21,고용노동부,올초부터 게속 추진한다는내용이었는데 최근 유보중이라는 다른의견이 있음.,,,20240124,NA
검사 지정물품 신속한 검사 진행을 위한 방안,재정/금융/소비자,,답변완료,2003-08-20,관세청,"[개요]
관세 행정으로 노고가 많으십니다.

수출입화물의 신속한 통관을 위하여 혁신되고 있으나 아직도 구태의연한 일들이 많음으로 인하여 선의의 피해를 감수해야하는 업자가 많습니다.

[현행 및 문제점]
현행 귀청에서 시행하고 있는 신속 정확을 전제하에 전산화 PAPERLESS 제도로 과거에 비교하여 빨리 진행됨은 주지하지만 전산화로 인하여 업무가 다소 지연되고 있는것도 있으며,또한,검사 지정물품을 세관에서 지정을 하였으면 즉시 반입 검사를 이행해야 하는데도 3-4일씩 지연 반입하여 물품 제때 공급은 물론 물류비용 과다 지출을 초래함은 문제가 있다고 사료되며,특히 한품목에 대하여 연이어 검사를 하므로 인하여 물류비용 지출이 많음은 귀청에서 추진하는 비용절감 차원과는 거리가 있는것 같으며,

[예산절감액]
0

[국세/조세수입증대액]
0

[개선방안]
즉,검사지정물품에 대해서 컨테이너 장치된곳의 보세구역에서 즉시 반입조치하여 검사를 신속히 진행시켜 물품을 제때 공급할수 있는 방안은 없는지요?

왜냐하면,전산상으로 검사대상물품에 지정되면 즉시 일선 세관에서 컨테이너장치장에 연락하여 반입후 검사후 복명을 해서 신속히 업무가 진행되어야 하나 일선 세관내 배부(주사-사무관-주사보)를 받는데 반나절(오후)을 소비하고 익일 오전중 검사를 하여 복명 하는데 반나절(오전)을 소비하면 2-3일지연은 기본이니 이것이 귀청의 신속함과 물류비용 절감을 논하는것인지?

또한,검사물품을 장치된 장소에서 검사를 하지않고 컨테이너터미널CFS에 반입을 하는 이유도 이해가 되질 않음.한예로 8월17일 입항하여 대한통운부산진C.Y에 보세운송키 위하여 장치된 물품을 허치슨 현대CFS에 반입을 명하여 우송사에 시내운송료를 지불하고 컨테이너를 8/18 창고에 도착 시켰으나 8/20 오후에도 반입 조치 및 검사를 하지않고 있음은 수입업자는 어떠한 비용이던 감수 해야 하는건지?

검사 지정으로 인하여 추가 지출되는 비용은  대략 20"" 40-50만원,40"" 70-80만원이 추가 지출되는데 검사를 너무 남발하는것 같으니 시정 해 주시면 감사 하겠습니다.항상 민을 위한 행정을 미명하에 장행되는 검사로 업자는 어디에도 하소연 못하는 억울함을 헤아려 주시기 바랍니다.

쉬운말로 귀청에서는 심심풀이로 검사를 지정하지만 수입자는 이로 인하여 많은 금액의 손실을 감수해야 하는 이 싯점에 무슨 명목으로 귀청에서 예산절감액을 산출 하는지?

허울좋은 개살구 보다는 알찬 석류가 좋을것이다!  

[행정개선효과]
검사 지정되면 즉시 지정물품 하치장내 검사장 반입 검사후 당일 종결할수 있는 방안을 강구 해 주시기 바랍니다.구지 위와 같이 컨테이너를 시내 이송시켜 제때 반입도 되지 않은 적체 장치장에 반입을 해야하는 이유는 뭔가?

하치장 보세구역도 귀청의 허가를 득한 보세구역임에도 믿지를 못하는가?

믿지못하는 보세구역을 왜 허가 했는지?

이세상 온통 못 믿을판인데 누굴 믿고 누구에게 하소연을 해야하나?

공무원은 민을 위한 봉사 자세에서 업무하는 습성이 있어야 하는데 군림할려고 하니 어떻게 개선 되겠는가?

우리의 가까운 이웃 일본,대만,싱가폴의 공무원들을 보고 배울점은 없는지?

매년 선진 행정을 배우겠다고 해외에 출장가면 뭣하나 가서 보고 배워서 개선점이 없는데?

정말 짜증스런 일들뿐이니 뭐가 개선이 되겠냐?",,,20240124,
이러한 퇴직직원은...사업주가 봉인가?!,노동/환경,,,2003-08-17,고용노동부,고용인으로의 퇴직시 직무유기한 경우그에 상응하는 조치를 함이 고용주/고용인의 상호간의 이해가 맞을 것이다.,,,20240124,NA
수출용 원자재에 관하여,재정/금융/소비자,,답변완료,2003-08-12,관세청,"[개요]
국내의 기업인들이 설비 및 기술퉂가 부족한 지금 사고한 부분에 대해서도 일본의 부자재 수입하여 제품을 생산후 일본으로 수출을 해야하는 현 시점에 원,부자재에 대해서 관세행정이 일반소비재와 별 차이점 없이 집행되므로 인하여 신속한 반입과 수입신고를 필한후 수출 제품 생산에 투입할 원,부자재에 대하여 수입식품검사,세관검사,사전분석등으로 시간을 4-5일씩 허비하는것은 경쟁력 손실과 원가 부담으로 수출에 어려움이 수반되므로 인하여 개진되어야 할것같아 제안 합니다.

[현행 및 문제점]
즉,굴 튀김용  starch mix를 수입하여 일본에 수출용 제품을 가공해야 하는데,식약청에 식품검사를 받은후 세관에 수입신고 하면 사전 분석 품목으로서

수입과에서 시료 채취하여 분석실에 올리면 분석실에서 익일 배부(정)되어 분석을 2-4일한후 그 결과를 수입과에 내려 보내면 입항일로부터 통상 5-7일이 소요되므로 적지 공급은 물론 물류비 증가,인력,시간 낭비로 어려운 수출환경에 악 영향이 있으며,본 분석 제도를 사전에서 사후로 이행하면 적기 공급은 물론 물류비용 절감등 여러모로 잇점이 있는데도 불구하고 여타 제도는 시대에 동털어지는 제도(일반 수입품에 대하여 선출고후 사후 관세 납부제도를 시행한다는 얘기를 들었으나 이는 현실성이 없다고 생각되는데:왜냐하면,지금 어려운 경제 사정으로 사기와 불실이 날로 증가하는 이 싯점에 한탕주의를 생각하는 몰상식한 업자들에 의하여 선의의 피해가자 발생함은 뻔한 사실임 )도 있다고 보고 있으나 이와 같은 현실적으로 중요한 문제에 대해서는 모두 무반응인지요? 

모쪼록 국내 제반 여건상 어려운 경제를 감안 한다면 수출용 원,부자재에 대해서는 사후 관세환급을 하는 마당에 구지 세번과 세율을 따지고 해서 통관 해 주는것도 좋겠지만 기 수입한 분석실적도 있고한데 재차 부선등으로 시간을 낭비하는 행정적 낭비에 대하여 좋은 개정이 있길 고대 합니다. 

[예산절감액]
0

[국세/조세수입증대액]
0

[개선방안]
선 통관 사후 분석으로 대체하여 물류비용 및 시간 절약으로 경쟁력 강화란 효과가 있기를...

[행정개선효과]",,,20240124,
장애인의 국가 자격증 취득에 대한 정책 건의,노동/환경,,,2003-08-11,고용노동부,"현행 한국 산업 인력 관리 공단에서는 시각 장애인 중 등급이 1급이라도약시인 경우 글자 크기는 1,5배,시간은 동일하게 주고 있습니다.",,,20240124,NA
사회적 일자리창출사업 세부지침 개선요구,노동/환경,,,2003-08-08,고용노동부,사회적 일자리 창출사업 참여자의 인건비는 참여기관에서 선지급한뒤 인건비지급대장 및 임금내역서 등의 증명서류를 제출하면 7일이내 신청기관에 지급함.,,,20240124,NA
사업주훈련 중복 실시에 대한 업무처리,노동/환경,,,2003-08-06,고용노동부,"지난 6월 17일부터 8월 5일까지 야간에 실시하는 집체 훈련을 받았고, 8월 5일부터 10월 4일까지 실시하는 통신훈련을 수강신청하였는데, 훈련기간이 하루(8월 5일) 중복되어 통신훈련 수강이 안된다고 합니다.(위 사항은 관할 노동부 담당자가 유선상으로 통보한 내용입니다.)훈련기간 중복을 규제하는 까닭은 충분히 숙지하고 있지만,위와 같은 경우, 시간,장소 제약을 받지 않는 통신훈련의 장점을 고려해볼때,실질적으로 수강생이 수강 시간을 조절할 수 있어,중복실시 규제 범주안에서 예외를 두는 것이 타당하다고 봅니다.더구나, 현 지침 1)사항 보다 실질적으로 완화된 경우임에도 불구하고,규제를 받는 것은 불합리 하다고 봅니다.현 관련규정내용은 아래와 같습니다.집체훈련과 통신훈련 간의 기간 중복의 경우;1)집체훈련 기간이 1주 미만에 해당하는 경우에는 동 집체 훈련 실시에 대한 당사자간 합의가 있는 경우 지정 가능함.2)집체훈련 기간이 1주 이상 실시하고자 하는 경우에는 당사자간 합의 외에 정당한 필요성이 있는 경우에 한하여 지정 가능함.",,,20240124,NA
태아의 권리...= 취업전..계약..권리..,노동/환경,,,2003-07-29,고용노동부,"억울함에 한이 많은 이 국민들이 얼마나 많은지 여기 와 게시판에 처음""똑똑"" 하고 두드립니다.인천에 간석 새마을금고에서 7월 초정도에 전화로 입사 하라고 연락이 왔습니다.전화로 이루어진 계약이 성사되는 시점이었지요.. 8월1부터 나오라고..어느 회사도 마찬가지로 입사원이라 생각하고 그 사람을 맞이 할겁니다.저도 그래서.. 일을 구하지 않고 있었습니다. 하고싶은일 꼭 되어 기쁨으로 기다리고 있는데 어제.. 전화가 왔습니다.간석, 계양 새마을금고가 합병이 되어서.. 채용하지 못하게 되었다고처음에는 사과의 말도 하지 않고 뻔뻔스럽게 말씀을 하셔서 그래서요! 하고 화를 내었지요.. 그냥 단순히 미안하단 말 뿐이니...그래서 노동청에 전화를 했더니.. 자기네는 .. 근로자를 위한 법 안에서만 처리가 가능하다는 겁니다.태아의 인권리도.. 사람이 되기 전에 권리를 가지는데..나의 이 권리는 어디로 사라진것인지.. 그쪽에서 어떻게 보상을 받을 수 있는것인지 너무 안타깝네요",,,20240124,NA
고용보험 산전후휴가 급여 신청기간 연장 및 홍보부탁,노동/환경,,,2003-07-22,고용노동부,- 고용보험에서 지급하는 산전후휴가 급여는 산전후 휴가종료후  6개월이내에  신청하여야 합니다.,,,20240124,NA
"교육행정직의 간절한 바램입니다,,,",노동/환경,,,2003-07-12,고용노동부,"공무원의노동조합설립및운영등에관한법률(안)에 대한 의견서 Ⅰ. 서론   현실과 동떨어진 법은 아주 평범하며 상식적으로 살아가는 수많은 소시민을 범법자로 만들기도 하고, 그것 때문에 올바른 가치기준조차 파괴되며, 사람을 사람답게 하는 도덕이나 상식과 순리에 기초한 법에 의해서가 아니라 법망만 피하면 도덕과 양심은 버려도 좋다는 식의 비인간화를 초래할 수 있으며, 제안사유에서 밝혔듯이 헌법 규정에 따라 공무원을 근로자로 인정하였다면 다른 근로자와 똑같은 법적인 보장이 있어야 할 것입니다. 공무원의 특수성과 근로자의 권리가 상충되는 것 같지만 근로자의 권리를 떠난 공무원의 특수성은 구호 나부랭이에 지나지 않으며, 양심에 부당한 지시를 받으며 거부할 힘을 갖지 못하고, 세끼 밥 먹고 살 수 있으니 다른 사람들이 고기를 먹더라도 당신은 김치만 먹어라해도 하소연조차 하지 못한다면 그런 공무원이 어떻게 국민에게 봉사하고 국가에 충성할 마음이 생기겠습니까? 마음에서 우러나지 않는 의식과 생각만으로 웃음을 팔 수는 없는 노릇이며, 공무원이니 굶어죽어도 깨끗해라 라고 쇠뇌만 한다고 되는 것은 아닐 것입니다. 그런 점에서 제대로 된 법률을 만들어야만 공무원 자신들뿐만 아니라 국민들에게도 더욱 더 봉사할 기회가 될 것이기에, 다음 사항은 반드시 재검토하여 올바른 법안이 될 수 있도록 견해를 밝히는 것입니다. Ⅱ. 구체적인 검토 1. 제6조(가입범위)와 관련하여   공무원의 특수성으로 가입범위를 제한하는 것은 구체적인 제한사유가 있어야만 할 것이며, 누구나 인정할 수 있는 범위이어야만 하며, 5급 이상 또는 막연히 지휘·감독권을 행사하는 직책에 종사하는 공무원과 인사·예산 기타 행정기관의 관리·운영업무에 종사하는 공무원으로 가입자체를 한정시켜 놓은 것은 코에 걸면 코걸이 귀에 걸면 귀걸이 식일 뿐만 아니라, 노동조합법을 전시용 정도로만 만드는 꼴입니다. 지휘 감독권을 행사하거나 인사 예산 기타 행정기관의 관리 운영업무에 종사한다는 것은 사용자의 입장에서 최종 결재권과 결정권 하다못해 전결권이라도 가지고 있는 사람이어야만 하는데도 그 업무에 종사하는 것만으로 가입을 금지시키는 것은 기본적으로 천부당 만부당하다 할 것입니다.  교육기관 특히 학교의  행정실 책임자(행정실장 또는 서무과장)의 경우  기능직의 지휘 감독권에 있으며, 예산업무에 종사하고 있다고 하지만 최종 관리 감독 권한은 학교장에게 있습니다. 또한 초등학교의 경우는 신규 9급이 행정실장을 하는곳도 많습니다.  교원의 경우 교장을 보좌하는 교감 혹은 부장교사의 경우도 부장수당 등을 통하여 합당한 대우를 받으면서도 교원노조에 가입하고 있는 실정이며, 교육청 단위의 행정기관이라면 예산담당 인사담당자의 제한을 이해는 할 수 있으나, 초. 중. 고등학교 행정실장 및 행정실 직원의 경우 예산을 담당한다고 혹은 지휘 감독 라인에 있다고 그에 상응하는 대가도 없으며, 인사는 일년에 두 번 기능직 근평 작성하는 일 그것도 초등학교 초임 행정실장의 경우 교장도 아닌 교감이 월권까지 하며, 중산층 가정집 가계부 수준 정도인 예산을 집행권자도 아닌 보조자로 만들어 허울좋은 책임만 지게 해놓고 있는 실정입니다. 백 번을 양보한다고 해도 행정실장 또는 예산을 담당하는 행정실 직원은 하다못해 법률도 아니고 교장의 명에 의해 움직이는 보조자일 뿐이며(초중등교육법 제20조 제4항), 인사 예산업무에 종사하는 사람이라고는 하나 책임만 있지 일체의 권한도 없으며, 퇴직 때까지 평생 한 번도 기관장으로서의 결재. 결정권을 가질 수 없는 직종인데도 노조가입을 제한한다는 것은 더욱 더 부당합니다.가입범위와 관련하여 명백히 부당한 제한 조치를 법으로 규정하는 것은 또 다른 많은 범법자만 만들 소지가 있으므로 가입제한 규정을 폐지하거나, 기관의 최종결재권자 혹은 결정권자로 하거나, 혹은 초. 중. 고등학교 행정실 직원에 대한 예외규정을 두어 그 범위를 명백히 하여야만 할 것입니다. 2. 제10조(쟁의행위의 금지) 와 관련하여   단체행동권은 약자인 노동조합원이 가지는 유일한 대항 수단인데도 단체행동권을 금지하는 규정은 단체협상을 통한 협상권을 약화시킬 뿐만 아니라 협상된 사안이라도 언제든지 변경하거나 무시하더라도 오로지 협상이라는 방법 외엔 달리 취할 수 있는 방법이 없습니다. 부부간에 불화가 생기면 이혼하겠다며 외박하며 시위도 하고 합의이혼도 할 수 있도록 제도적 장치도 마련되어 있어야 하는데, 이혼은 없고 외박도 못하고 오로지 얼굴만 마주보며 협의와 협상을 통하여 평생 살아가기만을 강요하는 꼴이니 이건 노동조합법의 근본정신과는 거리가 멀다고 할 것입니다.Ⅲ. 결 론   이 의견서가 행정절차를 위한 단순한 하나의 과정으로 여론조사 결과해석을 위한 자료 정도가 되지 않기 위해서 의견서를 제출한 기관과 인원 및 찬반에 대한 개괄적인 자료와 의견서를 얼마나 충실히 반영하였는지에 대한 결과를 노동부 홈페이지나 의견서를 제출한 사람에게 명백하게 드러내어야 할 것이며, 의견서의 내용이 무시되는 법안에 대한 책임은 노동부가 져야할 것입니다. 공무원 노조에 가입을 하던 가입하지 않던 그것은 개인 의사지만 자발적으로 가입하고자하는 사람에게 제한을 두어서는 안되며, 위와 같은 부당한 조항을 없애지 않는 한 공무원의노동조합설립및운영등에관한법률(안)은 허울좋은 껍데기이며, 또다시 전교조 사태처럼 수많은 공무원을 범법자로 만드는데 일조를 하는 악법이 될 것이니 잘 검토하시어 올바른 공무원노동조합법률이 나올 수 있기를 기대합니다. 성명 : 심재성  주소 : 경기 평택시 비전2동 272-2   전화번호 : 016-254-3157 성명 : 임호남  주소 : 경기 안성시 대덕면 진현리 285  전화번호 : 016-705-9412 성명 : 주진옥  주소 : 경기 안성시 당왕동 541-3      전화번호 : 017-840-4339 성명 : 김성탄  주소 : 경기 안성시 대덕면 내리  697 전화번호 : 018-260-8779 성명 : 최현옥  주소 : 경기 의왕시 내손동 654-9   전화번호 : 011-782-4953 성명 : 이지숙  주소 : 경기 안양시 동안구 호계동 976번지 주공Ａ 224-501   전화번호 : 031-349-6683 성명 : 권혜경  주소: 경기 안성시 양성면 노곡리 443 전화번호: 018-319-1973성명 : 김진희 주소 : 경기 안성시 서운면 산평리 160-2 전화번호 : 011-231-3237성명 : 권주현 주소 : 경기 안성시 일죽면 방초리 459 전화번호 : 018-527-3230성명 : 남유리 주소 : 경기 안성시 삼죽면 마전리 37-1 전화번호 : 016-480-3140 <기타 참고사항>1. 이 의견서를 보낸 사람들은 경기 안성시 초등학교 교육행정실에 근무하는 지방교육행정공무원 10명이며, 제출된 의견서 전체 통계에 대한 자료를 공지하지 않거나, 의견서를 제출한 사람들에게 의견서 전체 결과를 알려주지 않을 경우 정보공개 등을 통해 책임소재를 명백히 할 것임.2. 초중등교육법 제20조 제4항  ""행정직원등 직원은 교장 또는 원장의 명을 받아 학교의 행정사무와 기타의 사무를 담당한다""",,,20240124,NA
교육행정인의 하소연,노동/환경,,,2003-07-12,고용노동부,"공무원의노동조합설립및운영등에관한법률안""에 보면 지휘감독권을 행사하는 공무원, 예산·인사 등 관리운영 업무에 종사하는 공무원은 가입제한 대상이라고 되어 있습니다. 일반공무원과는 달리 학교의 교육행정 공무원은 6-5급 뿐만 아니라 9-7급 중하위직 공무원도 인사,예산 및 관리운영 업무를 담당하고 있습니다.  9-7급 공무원이 무슨 관리자입니까? 책임만 있을 뿐 그 어떤 권리도 주어지지 않습니다. 교육행정직 공무원은 초·중등교육법 제20조 4항 “행정직원 등 직원은 교장 또는 원장의 명을 받아 학교의 행정사무와 기타의 사무를 담당한다.""는 규정에 의해 업무를 수행하고 있는데, 이 법을 악용하여 교장이 내리는 불법·부당한 명령에 복종하지 않을 수 없는 현실입니다. 최소한 양심에 부끄럽지 않는 공직생활을 하고 싶지만, 그 오랜 관행을 벗어던지기는 너무도 힘이 듭니다. 게다가 요즘은 전교조의 일방적 단체협약으로 많은 업무가 행정실로 넘어 오고 있습니다. 적은 인원, 과중한 업무, 부당한 대우 등에 시달리며 소리도 못내고 속으로만 절규하고 있습니다. 이제 오랫동안 내려온 부정부패의 악습을 우리 스스로 거부할 수 있는 힘을 갖고자, 말을 할 수 있는 통로를 찾고자 합니다.",,,20240124,NA
공무원노동조합설립 및 운영등에 관한 법률(안)에 대한 의견서,노동/환경,,,2003-07-12,고용노동부,"수신: 대한민국 노동부장관공무원노동조합설립 및 운영등에 관한 법률(안)에 대한 의견서  공무원노동조합설립 및 운영등에 관한 법률(안)은 특별법으로 제정하고 있는 점, 단체협약의 체결권의 문제, 단체행동권 금지의 문제, 가입대상 제한의 문제, 조직 및 구성의 문제, 사용자측 교섭당사자 제한의 문제, 분쟁조정제도, 노조전임자, 금지규정의 문제 등이 있다.열거한 문제점들은 전국공무원노동조합에서 조목조목 문제점에 대한 의견을 제시하고 있으므로 이 중 교육행정을 담당하고 있는 공무원으로서 1차적으로 가입범위에 대한 의견을 피력하고자 한다.    공무원은 기본적으로 노동자이므로 모든 공무원은 자유롭게 노동조합에 가입할 수 있어야 함은 당연한 논리이다.   그러나, 공무원노동조합설립 및 운영등에 관한 법률(안)은 제 6조에서 5급이상의 일반직 공무원 및 이에 상당하는 직급이상의 공무원, 다른 공무원에 대하여 지휘·감독권을 행사하는 직책에 종사하는 공무원, 인사·예산 기타 행정기관의 관리·운영업무에 종사하는 공무원, 공안업무 기타 그 업무의 성격이 노동조합원으로서의 지위에 저촉된다고 인정되는 공무원을 가입대상에서 제한하고 있다.  제 6조의 가입범위의 제한은 이 법률안을 제안하면서 공무원의 노동기본권을 보장하자는 취지에 전혀 맞지 않다. 오히려 공무원의 노동기본권을 축소하고 억압하려는 성격이 강하다.현재의 공무원 직장협의회의 설립·운영에 관한 법률 및 시행령에 가입범위 제한으로 대다수의 하위공무원들이 직장협의회에조차 가입하지 못하고 있는 상황이다.  특히 교육행정직의 경우 각 학교마다 배치되어 많은 분야별 일들을 통합하여 혼자서 해결하는 1인 다역을 하고 있는 상황이므로 공무원 직장협의회의 설립·운영에 관한 법률 및 시행령의 포괄적인 가입대상제한은 더더욱 노동기본권을 억압하는 법률이었다.  가입범위제한으로 교육청 공무원직장협의회는 공무원 직장협의회의 설립·운영에 관한 법률이 시행된 '99년 이후 4년이 지나도록 현재 전국적으로 10여개에 지나지 않으며, 각종 근무환경개선을 위한 활동을 하여야 할 적극적인 공무원들이 법률에 저촉되어 가입하지 못함으로써 직장협의회의 활동 또한 대단히 저조하였다.  공무원노동조합설립 및 운영등에 관한 법률(안)은 현재의 공무원 직장협의회의 설립·운영에 관한 법률 및 시행령에 가입범위 제한의 한계를 되풀이하고 있다.  공무원노동조합설립 및 운영등에 관한 법률(안)에 따르면, 단위학교의 공무원중 가입할 수 있는 공무원은 아무도 없다.    공무원의 노동기본권의 보장에 대해 염려하는 자의 시각으로 볼 때 단위학교에 근무하는 공무원중 행정실장은 다른 공무원에 대하여 지휘·감독권을 행사하는 직책에 종사하고, 인사·예산 기타 행정기관의 관리·운영업무에 종사하고, 공안업무 기타 그 업무의 성격이 노동조합원으로서의 지위에 저촉된다고 판단될 수 있다. 왜냐하면, 단위 학교의 행정실장은 비록 직급은 낮으나, 행정실의 대표이고, 인사 및 예산업무에 종사하고, 단위학교의 보안담당관으로 보안에 대해 책임을 지고 있으므로 가입에 저촉된다고 충분히 판단할 수 있는 것이다.차석 (교육행정직 8급-9급) 및 사무원도 예산업무를 맡을 수 있고, 기타 행정기관의 관리· 운영업무에 종사하고 있으므로 가입제한대상자로 판단될 수 있다.  방호원의 경우는 직렬의 명칭이 방호원이나, 실제로 단위학교에서 외부 용역을 통해 당직업무를 하고 있고, 시설관리를 주된 업무로 하고 있는 상황이나, 여전히 방호원을 공안업무 기타 그 업무의 성격이 노동조합원으로서의 지위에 저촉된다고 판단할 수 있다.영양사(식품위생직)의 경우 다른공무원(조리사--위생원)에 대하여 지휘·감독권을 행사하고 있으므로 가입제한 대상자로 판단될 수 있다.  조리사(위생원)의 경우 학생들의 급식을 담당하는 주요한 업무를 맡고 있으므로 기타 그 업무의 성격이 노동조합원으로서의 지위에 저촉된다고 판단될 수 있다.   공무원의 노동기본권을 보장한다는 최소한의 취지조차 반영하지 못하고 있는 공무원노동조합설립 및 운영등에 관한 법률(안)의 제 6조의 가입범위 제한규정은 전면 삭제되어야 한다.공무원노동조합가입이 직무의 종류와 성격으로 가입을 제한할 수 있는 문제인지부터 재고해 보아야한다.   최고의 법률인 헌법 제 33조  제 2항에서 ""공무원인 근로자는 법률이 정하는 자에 한하여 단결권, 단체교섭권, 단체행동권을 가진다""고 하였다.  또, 헌법 제21조는 ""모든 국민은 집회·결사의 자유를 가진다""고 하였다. 헌법은 공무원을 근로자로 명시하고 있고, 노동 3권을 공무원이 가질 수 있도록 하고 있음에도  입법예고된 공무원노동조합설립 및 운영등에 관한 법률(안)은 공무원의 근로자성을 무시하고 노동기본권을 보장하지 않으려는 취지로 가득하다.   노무현 정부는 공무원 직장협의회의 설립·운영에 관한 법률 및 시행령에서 포괄적으로 가입대상을 제한하면서 OECD에 공무원의 노동기본권보장을 실현시켰다고 내세운 김대중정부의 농락을 되풀이하지 말기를 바란다.성명: 차동수 주소: 울산 남구 야음동 712-6번지 전화: 016-9280-2204성명: 한명숙 주소: 울산 남구 무거동 827-3번지 전화: 019-629-1820성명: 김양순 주소: 울산 북구 신천동 237-15번지    전화: 019-495-2373성명: 허충회 주소: 울산 동구 일산동 573-22번지    전화: 052-233-3129성명: 편미자 주소: 울산 남구 신정5동 159-4번지    전화: 011-9312-0972성명: 김성곤 조수: 울산 동구 전하1동 544-150번지  전화: 052-235-7955성명: 김춘희 주소: 울산 동구 서부동 서부2차아파트 209/902 전화:052-923-6788<기타 참고사항>1. 이 의견서를 연명으로 보낸 우리들은 울산 화진여자중학교 행정실에 근무하는 지방교육행정공무원으로, 자유로운 개인의사로 작성하여 우리 권익향상을 위해 이걸 보내니, 제출된 의견서 전체 통계에 대한 자료를 공지하지 않거나, 의견서를 제출한 사람들에게 의견서 전체 결과를 알려주지 않을 경우 정보공개 등을 통해 책임소재를 명백히 할 것임.",,,20240124,NA
공무원노동조합법률안 의견제출(교육일반직),노동/환경,,,2003-07-12,고용노동부,"노동부장관님 안녕하세요?이번 노동부의 ""공무원노동조합설립및운영에관한법률안에 대하여* 노동조합에 가입할 수 없는 공무원 중에서 1.지휘.감독권을 행사하는 공무원이라 하였는데 학교의 경우에는 행정실장(대부분9-6급입니다)에게 책임(방화관리자,보안담당관,행정실의 장 등등)만 지우는 현실태에서 이대로 통과하면 일선학교의 일반직은 대부분 가입할 수 없어요. 교육기관은 금지조항에서 제외되도록하여 노동조합에 가입되도록  도와 주세요...2.인사.예산 등 관리.운영업무에 종사하는 공무원이라 하였는데 교육일반직의 6급이하 하위직 공무원은 교육을 지원하는 업무로 학교 물품 구매, 수리 등 예산집행과 수많은 업무가 많으며, 그렇다고 인사.예산에서  관리.운영하는 능동적 권한이 있는 직책이 아님에도 현법률안대로 하면 교육일반직 80%이상이 조합에 가입하는 것이 원천적으로 불가능하답니다. 인사.예산에 있어서 이것도 단서조항을 달아 교육기관에 근무하는 공무원은 예외조항을 두어 가입되도록 도와주세요~~~  교육기관은 이런 이유로 여태까지 직장협의회도 설립하지 못하여 천하에 웃음꺼리가 되었어요.존경하는 노동부장관님, 법은 만인에 공평하여야 한다고 생각합니다.부디 교육일반직의 열악한 환경과 특수성을 감안하여 현법률안을 수정하여 주시기 간절히 바라오며,마지막 남은 희망을 무참히 꺾지 말아주시기 바랍니다. (의견서 제출자 : 하상종. 주소 : 마산시 교방동 . 전화 011-589-5743메일주소 :hsjbd@hanmail.net)",,,20240124,NA
국민으로서의 기본권을 보장해 주세요.,노동/환경,,,2003-07-12,고용노동부,"노동부 장관님 및 이하 직원여러분 노고가 많으십니다.저는 6학급 초등학교에서 서무책임을 맡고 있는 8급 교육행정직 공무원입니다요번 공무원노동조합에 관한 입법예고를 보면서 정말 암담함을 금치 않을수 없습니다. 정부에서 직장협의회 생길 때 이제 우리도 뭔가 숨통이 트이겠거니 했는데 정말 이럴수가 없습니다. 우리가 학교회계출납원이고 기타 등등 너무나 제약이 많아 가입조차 못한다니... 그래서 노동조합에 기대를 걸었습니다.노동조합을 인정한다는 자체가 직장협의회 보다는 더 나은 법이라고 생각되었기 때문입니다. 사실은 그것때문에 국민에게 참여정부로서의 명분을 세우기는 하지만 우리들의 또한번 뒤통수를 맞은 격입니다. 더구나 신규로 초등학교 행정실장으로 발령난 9급 조차 가입할 수 없는 것이 세상천지 말이나 되는 겁니까? 교육행정인의 80%가 초등, 중등에서 근무를 합니다. 그 중 최고 높은 직급이 6급입니다. 경남의 경우 초등학교 교육행정직렬 중 98%가 가입불가입니다. 그나마 애매한 법규정으로 나머지 2%가 가입 할 수 있을지 미지수입니다. 다른 공무원들의 경우를 보면 직장협의회나 다른 조직활동을 통해서 민주화가 많이 진행되어 있지만 우리는 아직 제자리입니다. 더군다나 이원적인 조직사회에서 소수의 비애로 차별대우를 받고 있습니다. 직장협의회보다 후퇴한 법률을 가지고 공무원 노동조합 합법화 해줬다는 말은 저희 교육행정직 공무원을 우롱한 처사이며 다른 의미로는 귀중한 대한민국국민으로서의 인권을 짓밟았다고 보여집니다.철저한 현장에 대한 여건을 조사하셔서 대한민국 공무원 및 국민으로서 헌법에 부여된 권리를 뺏아가지 마십시요.말이 과격하다면 용서하십시요.(노동부관계자분의 양보는 없다는 글을 게시판에서 읽고 조금 흥분되었나 봅니다.)우리의 최소한의 권리는 노동조합 가입대상에서 제외되지 않는 것임을 한번 더 명백히 말씀드립니다.",,,20240124,NA
청각장애 운전면허 적성검사기준 개혁을...,행정/자치/안전,,답변완료,2003-07-11,경찰청,"저는 청각장애를 가진 사람입니다. 

1종 보통 운전면허를 취득하려는 과정도중 적성검사에서 제 청력이 40데시벨 미만에 해당되지 않는 이유로 탈락했습니다. 그러나 보청기를 착용할 만큼 운전에서도 차의 경적과 소리는 분간할 수 있습니다. 다만 법적으로 규정된 청각장애인의 청력검사 기준자체가 모호하다는 느낌을 지울 수 없습니다.

청각장애를 가진 사람이 듣지 않아도 타 장애에 비해 건강한 신체를 가진점이 운전능력이 문제가 아니라고 사료됩니다. 의사소통능력외에 여러 정상사람들과 별반 차이가 없지 않으나 교통안전을 위한 소리의 중요성을 강조시 되는 점이 중요하다는 것을 감안해서라도 청력검사기준이 아닌 보청기 착용 아래의 조건으로 보편화하는 방향으로 검토하였으면 합니다.

참고로 저는 사람의 작은 소리는 듣기 어려워도 상대방의 말하는 모습을 입모양으로 보고 상대방의 말하는 소리를 제가 보청기 착용할때에만 두가지를 섞어 60%정도로 알아듣고 분별할 수 있습니다.  요즘에 2종 응시자의 청각장애 자격결격기준이 옛날보다 규제철폐로 완화되었다고 하지만 적어도 현재의 청력이 나쁜 장애인들도 2종응시참여율이 높아지는 추세입니다. 그러나 학력능력에 따른 한계로 인해 대부분 2종 면허 필기응시합격이 적은 면이 없지 않습니다. 2종면허를 딴 학습능력을 가진 청각장애인에겐 보다 나은 최소한의 생존을 위해  자영이나, 화물운전으로  피땀 흘려 일하는 생존이 보장된 사회를 위해 청력검사기준으로 규제된 적성검사의 기준을 개정, 완화하였으면 바램입니다. 장애종류에 따른 개인의 특성기준에 맞는 규제완화를 위해 부단히 경주하는 경찰청으로 거듭나길 기원합니다.",,,20240124,
노동부 직장체험프로그램 장년층 까지 활성화 해주세요.,노동/환경,,,2003-07-11,고용노동부,"우리 주위에는 실업의 고통으로 취업이 안돼서 생계일 걱정하는 서울시민이 외 예로 많이 있으며 저 또한 가까운 회사에 취직을 하려고 노력했으나 취직이 원하는 곳에 취직이 안되고 해서 월급도 받지 못하고 실직자 형편이 되고 보니 생계가 어렵습니다.. 경제침체로 어려움에 처한 많은 장년층 실업자, 장애인, 노약자에게 ""장년층 직장체험프로그램""이 큰 도움이 되줄로 믿습니다.노동부 직장체험 담당자님 께서 생계에 어려운 장년층실업자, 장애인, 노약자, 을 위해서 ""장년층 직장체험 프로그램"" 을  연중 실시하여 주시면 감사하겠습니다 노동부 직장체험 담당자님께서 ""장년층 직장체험프로그램"" 일자리을 많이 만들어 주셔서 살기 좋은 한국을 만들어 주실 줄로 믿습니다. 노동부 직장체험 담당자님 ^^* 가정에 건강과 행복이 항상 함께 하시길 기원드립니다.",,,20240124,NA
공무원노동조합설립및운영등에관한법률(안)에 대한 의견,노동/환경,,,2003-07-10,고용노동부,"공무원노동조합설립및운영등에관한법률(안)의 문제점 - 교육행정직의 특수성을 간과  동 공고문에 의하면 ""공무원은 노동조합에 가입할 수 있도록 하되, 사실상 노무에 종사하는 공무원, 특정직·정무직 공무원, 5급 이상 및 지휘·감독권을 행사하는 공무원, 그리고 인사·예산 등 행정기관의 관리·운영업무에 종사하는 공무원과 공안업무 기타 그 업무의 성격이 노동조합원으로서의 지위에 저촉된다고 인정되는 공무원 중 대통령령으로 정하는 공무원 등은 가입을 금지한다""라고 되어 있습니다.  이는 학교 행정실장 1인이 학교안의 모든 행정(모든 행정∼ 정말 상상도 못하실 겁니다.)을 도맡아 하는 교육행정직렬이 있다는 사실을 간과한 조항이라 생각됩니다.  예를 들어 시도교육청 팀장을 맡고 6급은 사무관에 승진하지 못하는 교육행정직렬중 가장 높은 계급입니다만 이런 분들은 가입이 가능합니다. 그런데 최하위직 8급∼9급이 80%이상인 일선학교 행정실장은 가입할 수 없게되어 가장 노동기본권이 필요한 계층임에도 ""인사, 예산등 행정기관의 관리·운영업무에 종사한다""는 이유만으로 조합에 가입할 수 없게 됩니다.   결과적으로 가장 노동기본권을 필요로 하는 자에게 그 권리를 빼앗는 우스운 법률이 되고 마는 것입니다.",,,20240124,NA
교육행정직공무원 노조소모임<?>,노동/환경,,,2003-07-10,고용노동부,2-다 인사·예산등 행정기관의 관리·운영업무에 종사하는 공무원,,,20240124,NA
공무원노동조합설립및운영등에관한법률(안)에 대한 의견서,노동/환경,,,2003-07-10,고용노동부,"노동부공고 제2003-64(2003. 6.23)호로 입법예고된 〔공무원노동조합설립및운영등에관한법률(안)〕제정에대하여는 반대의 의견을 제출하며 〔노동조합및노동관계조정법을 개정하여 공무원의 노동기본권을 보장하여 주시기 바랍니다.새 정부 들어서 더욱더 민주화가 가속화되고 있다고 느끼는 요즘, 공무원노동조합법 입법예고 소식을 접하였습니다. 조직의 민주화와 부패없는 깨끗한 세상을 꿈꾸는 저희같은 하위직 공무원들에게는 너무나 반갑고도 기쁜소식이었으나, 그러나 그 내용을 보고는 정말 실망하지 않을수 없었습니다.  가입범위에 관한 규정 제6조1항4호 인사ㆍ예산 기타행정기관의 관리ㆍ운영업무에 종사하는자는 가입제한을 두어, 거의 대부분의 교육행정인들은 본인의 의지와는 관계없이 가입자격조차 박탈당하게 되는 처지에 놓여있습니다. 교육행정인들은 교육청 등 상급기관에서 근무하는 인원도 있으나, 그 대부분은 일선학교에서 실무적인 일을 처리하는 실무자들입니다. 초등학교 행정실장이라고 해봐야 남들은 실장이므로 관리자겠지 생각하겠지만, 그 안을 들여다보면 실장에 걸맞는 권한과 대우는 전혀 없고 오로지 각종 책임만을 무겁게 지우고 있을뿐입니다.      행정실장이므로 학교의 예산업무를 담당하지만, 대부분은 교사들과 교장의 의견대로 처리하고있으며, 기능직 공무원에 대한 인사권도 그야말로 임지지정, 인사계획등 인사권을 갖고있는 것이 아니라 학교소속직원 근무평점을 하는 정도인데, 그나마 그것도 교장교감이 결정해 버리는 학교가 대다수입니다. 이외에는 시설관리, 방화관리업무, 각종 외부민원, 제증명발급, 재산, 물품, 보안, 공문서관리, 소방, 학교운영위원회 등 책임만 있지 권한이 없는 업무가 대부분입니다. 초등학교의 경우 1명이 근무하다보니 그야말로 학생들 교육시키는일 이외에는 거의 모든 업무를 수행한다고 봐도 과언이 아닙니다. 만능박사가 되어야 학교행정실장을 할수 있다는 얘기까지 나옵니다. 실정이 이러할진대 8,9급도 행정실장이라고 노조에 가입할수 없다면, 공무원노동조합법 자체가 무의미한 것 아니겠습니까?  공무원노조가 어느 특정 공무원들에게만 특혜를 주려는 의도가 아니라면, 교육행정직 공무원들에게도 가입범위를 완화하여야 할것입니다.    우리 교육행정직 공무원들은 같은 학교에 근무하면서도 교사인 국가직 교육공무원들과 항상 차별을 받아왔으며, 지금도 교원업무경감이다 뭐다해서 행정실 인원은 보충없이 각종 업무만 계속해서 행정실로 이관되고있는 실정입니다.   교원들과의 복지 및 급여 차이는 언급하지 않더라도, 같은 학교안에서 교원이 아니라는 이유로 행해지는 각종 차별은 교육행정직공무원들의 기본적인 인권마저 위협받을 지경에 놓여있습니다.   국가직인 교사들의 복지가 날이 갈수록 개선되고 있는반면 우리 교육행정적 공무원들의 복지는 시간이 지날수록 후퇴하고 있습니다. 그럴수밖에 없는것이 행정실의 업무는 계속해서 늘어가고(앞으로도 더욱 늘어날것임이 분명함), 교육수요자의 요구도 점점더 세분화ㆍ 다양화되어지고 있는데 반해 행정실 인원은 그대로이기 때문이죠.그러면 일반행정직 공무원들과 비교했을때는 어떨까요?일반행정직 공무원들은 민원수당이다 뭐다해서 수당이 한두가지 있지만, 우리 교육행정직공무원들은 공무원중에서 업무관련 수당이 하나도없는 유일한 직종이라는걸 아시나요?  제가 이글을 쓰는 것은 우리 교육행정직 공무원들의 열악한 처지를 알려드리고자 함이 결코 아닙니다. 경력 5년의 8급 공무원을 단지 초등학교 행정실장이라는 이유로 노조가입을 금지한다면, 이는 교육행정직 공무원들에 대한 분명한 차별임과 동시에 우리나라 헌법에서 보장한 인간의 존엄성 및 평등권을 침해하는 노동조합법이 될것라는 점입니다.",,,20240124,NA
이사물품 중 자동차관련사항,재정/금융/소비자,,답변완료,2003-07-09,관세청,"[개요]
우선 달라진 관세청 여러분들의 자상하고 친절하고 신속한 업무 수행에 감사드립니다.

저는 7월 1일과 8일 신갈세관에서 이사짐과 자동차를 통관하였는데 현장에서 근무하시는 분들 모두 자부심을 갖고 민원인의 편의를 도와주려고 노력하는 모습에 감명을 받았습니다. 이자리를 빌어 신갈세관여러분께 감사드립니다.

[현행 및 문제점]
개선되었으면 하는 규정에 대해 건의 드립니다.

저의 경우 준이사자로 국내산 자동차통관시 자기인증은 면제되고 배출가스와 소음인증을 받게 되어있습니다.

체류기간이 짧은 사람이 배출가스와 소음인증을 받고  1년 지난 사람은 면제된다는 것이 상식적으로 이해가 안됩니다.

오래 된 차일수록 배기가스와 소음을 인증받아야하는 것 아닙니까?

제 개인적 상상으로는 단기체류자가 무분별하게 자동차를 도입하는 것을 막기위한 방법이라고 생각합니다만, 그러려면 차라리 그자리에서 세금을 더 물리는 것이 합당하다고 봅니다.

왜냐하면 인증서류 떼러다니느라 소모하는 시간과 노력을 생각하면 차라리 돈으로 내는 것이 국가적으로도 나을 것이라는 생각입니다.

많은 사람들이 대한민국의 행정불편을 실감하고 불평하는 일을 만들 필요는 없을겁니다.

마지막으로 외국에서  자동차를 구입할 때 이왕이면 한국자동차를 구입하는 것이 좋지 않으까요.  일제차를 안타고 국산자동차를 애용하며 나름대로는 조그만 애국을 한다고 생각했었습니다.

세금은 내되 행정간소화로 시간을 낭비하고 싶지 않아서 입니다.

감사합니다.

[예산절감액]
0

[국세/조세수입증대액]
0

[개선방안]


[행정개선효과]",,,20240124,
공무원노동조합설립에 관한 교육행정직의 의견,노동/환경,,,2003-07-09,고용노동부,"""공무원의노동조합설립및운영등에관한법률안"" 예고문에 관한 질의안녕하십니까? 노동자의 권익향상을 위해 아낌없는 노력을 보여주시는 노동부장관이하 관계직원에게 감사의 말씀을 먼저 전합니다. 6월 23일 입법 예고된 공무원노조법과 관련하여 몇 가지 질의를 하오니 성실히 답변해 주시면 감사하겠습니다. 입법예고 시한이 7월 12일인 것으로 압니다. 그 이전에 답변해 주시길 바랍니다. 제6조(가입범위)와 관련하여 ① 공무원은 자유로이 노동조합에 가입할 수 있다. 다만, 다음 각 호의 1에 해당하는 공무원은 그러하지 아니하다.  3. 다른 공무원에 대하여 지휘·감독권을 행사하는 직책에 종사하는 공무원4. 인사·예산 기타 행정기관의 관리·운영업무에 종사하는 공무원【질의 1】초·중등학교에 근무하는 6급이하 행정실장들이 ""다른 공무원에 대하여 지휘·감독권을 행사하는 직책에 종사하는 공무원""에 해당하는지, 그리하여 노동조합 가입 금지대상인지 여부?교육행정직 공무원들 사이에서는 행정실장이 과연 지휘·감독권을 행사하는 직책에 종사하는 공무원인지 의문을 제기하고 있습니다. 이에 따른 판단에 참고가 될까하고 초·중학교에 근무하는 행정실장에 대해 몇 가지 말씀드리고자 합니다. 우선 초·중학교에 근무하는 행정실장은 9급부터 6급까지 다양한 직급으로 이루어져 있습니다. 심지어 9급 초임발령이 초등학교 행정실장으로 나는 경우도 허다한 실정입니다. 직책은 행정실장이라고 하나 그 누구 하나 의사결정의 주체로서 결재권한이 없습니다.  초·중등교육법 제20조 4항 “행정직원 등 직원은 교장 또는 원장의 명을 받아 학교의 행정사무와 기타의 사무를 담당한다.""는 규정에 의해 교장의 명령에 따라 업무를 수행하는 하위직 실무자에 불과한 실정입니다. 아무리 법규정을 찾아보아도 행정실장에게 주어진 권한은 전무하며, 책임만 과중한 허울좋은 직책일 뿐입니다. ""권한 있는 곳에 책임이 있어야 하는 것""이 순리임에도 권한은 모두 교장이 가지고 있고, 책임은 모두 실무자로서 행정실장이 지고 있으니, 교육행정직의 행정실장은 교장의 위험보장을 위한 보험 성격의 직책은 아닌지 의구심이 들 때도 많습니다.  행정실장의 위치가 위와 같은데도 지휘·감독권을 행사하는 공무원에 해당하는 것인지 답변해 주시기 바랍니다. 【질의 2】6급 이하 행정실장을 포함하여 직책이 없는 교육행정직 공무원이 ""인사·예산 기타 행정기관의 관리·운영업무에 종사하는 공무원""인지, 그리하여 노조 가입 금지대상인지 여부?초·중·고등학교에 근무하는 행정실장을 포함하여 직책이 없는 6급 이하 9급까지의 교육행정직 공무원이 하는 일은, 학교회계 예·결산 및 추경예산 편성, 학교회계출납업무, 방화관리, 보안업무, 운영위원회 업무, 시설관리, 물품 및 재산관리, 문서관리, 교직원의 호봉 재획정 및 승급 관리, 교직원 봉급업무, 기간제교사 및 일용직 임용 등 한 기관의 관리부서가 하는 일을 모두 포괄합니다. 뿐만 아니라 책임 소관이 불명확한 모든 업무가 “잡무”라는 미명하에 행정실에서 처리됩니다. 그러나 위의 업무중 어느 하나도 교장의 명령이 없이는 처리할 수 없는 업무들입니다. 그런데 단지 그 업무에 종사한다는 이유 하나만으로 노조 가입 금지대상인지 궁금합니다.",,,20240124,NA
공무원 노동조합 설립 및 운영 등에 관한 법률(안)에 대한 교육행정 의견서,노동/환경,,,2003-07-09,고용노동부,"공무원 노동조합 설립 및 운영 등에 관한 법률(안)에 대한 교육행정 의견서제목 : 교육행정 공무원의 업무갈등 완화 방안Ⅰ. 서 론 국가적 경제위기로부터 벗어나기 위한 사회 전반에 걸친 구조조정이 실시되어 오면서 교육부문에 있어서도 역시 학교교육정상화를 위한 전면적인 구조조정과 근본적인 개혁이 요구되고 있다. 사회 전반에서 강도 높은 구조조정이 추진되는 상황에서 교육이라고 예외가 될 수는 없는 것이다. 그런데 교육계 밖에서 제기되는 구조조정 요구가 다분히 교원의 보수와 정년 문제 등 고용구조에 초점이 맞추어져 있다는 점은 여러가지 문제점들을 시사한다고 볼 수 있다. 그 중에서도 정보화시대의 도래로 인하여 지식기반산업 및 구조의 중요성이 강조되고 있는 시점에서 눈에 띄게 성장하고 있는 학교행정의 역할이 있음에도 불구하고 아직까지 이를 인식하는 제 인식의 정도에 있어서는 상당히 열악한 수준을 보인다고 할 수 있다. 학교교육의 정상화란 학교조직에 관련된 제 분야의 총체적인 인식과 조화로운 발전을 통해서 이루어질 수 있는 것인데 실상 우리 사회의 인식속에서 '교육'에 관련된 주체를 떠올릴 때는 아직도 '학생'과 '교사'위주의 관계만을 위주로 생각하는 경향이 팽배하다고 할 수 있다. 심지어는 학생들이나 학부모까지도 교육행정직이 있는지 조차, 그들이 무엇을 하고 있는지 조차 잘 모르거나 안다할지라도 '서무과'정도라고 알고 있는 경우가 허다하다. 교육행정이란 교육법규나 정책을 집행하고 교육의 목적을 효과적으로 달성하기 위해 교수 학습에 필요한 제 조건을 정비 확립하고 교육조직 성원의 협동적 행위를 능률적으로 조성하는 수단적 봉사활동의 과정이다. 다시말해 실제로 교육행정직은 새로운 교육환경의 변화와 민주화의 시대적 요구에 부응하여 교육목적을 달성하기 위해 필요한 인적·물적 조건을 정비하고 의도된 교육이 소기의 성과를 이루도록 지원·조장하는 중요한 역할을 수행한다고 할 수 있다. 따라서 교사와 학생의 조화로운 역할 수행 못지않게 교육행정직 공무원들의 역할에 대한 인식과 역할수행 역시도 바람직한 교육목적을 달성하기 위해 매우 중요한 요소라고 할 수 있는 것이다.교육행정직이 가지는 이러한 중요성에도 불구하고 교내에서 조차도 교육행정공무원들의 입지나 업무수행에 대한 인식 및 상호협력의 관계가 제대로 성립되지 않아 갈등을 빚어내는 사례가 빈번히 발생하고 있다. 이러한 갈등요인들은 실제로 교사들과의 관계에서 마찰을 빚어내고 결국에는 학생들의 교육활동에까지도 영향을 미치게 되는 원인이 되는 것이다. Ⅱ. 교육행정공무원의 업무갈등 실태교육행정공무원이 느끼는 업무갈등에 관한 요인으로는 여러 가지로 나누어 볼 수 있겠지만 크게는 직무관련요인과 인사관련요인, 보수관련요인, 근무조건, 인간관계 및 의사전달요인, 발전가능성 및 인정도 등으로 나누어 볼 수 있다. 이러한 각 요인들로 인하여 본인의 직무에 대한 만족 혹은 갈등을 경험하게 되는데 그 현실적 내용은 다음과 같다.가. 직무관련요인현행 교육행정공무원의 직무수행에 있어서 교사와 행정직원은 각각 교육활동의 직접적인 주체와 이를 지원 또는 후원하는 학교 내 조직체로, 업무추진 과정에서 많은 양상의 갈등을 보이고 있다. 교무부와 행정실 양 부서간에 다양한 업무를 어떻게 분담할 것이며, 지위와 권한, 역할은 무엇인지가 불분명하기 때문에 영역이 모호하고 곤란한 업무는 서로 상대방에게 전가하고, 이익이 되거나 권한이 강화되는 업무는 끌어들이려는 경향이 많다. 학교 경영면에서 볼 때 교육의 전문성과 자율성을 보장 받기를 원하는 교사와 업무추진과정에서 합법성과 제반 규정의 준수를 중요시 하는 행정직원 사이에 업무추진의 규제나 절차의 복잡성등이 갈등에 영향을 미치고 있다. 조직내 업무가 상호 의존적이면 서로간에 업무에 대한 간섭과 침해를 하게 될 가능성이 있기 때문이다. 또한 교사와 행정직원의 업무수행상 업무의존성과 업무중복, 학교관리경영에 대한 합리적인 의견수렴과 협의 여부, 학교장의 학교 경영능력에 따라 갈등의 소지가 생기게 되어 있다. 뿐만 아니라 행정실에서 담당가능한 업무량보다 훨씬 많고 다양한 일을 요구받을 뿐 만 아니라 책임량이 많은 것을 알 수 있는데 이는 중등학교 보다 초등학교로 올 수록 더욱 심화되는 것으로 나타났다. 이는 업무의 분장과 관련이 있는데 행정실장을 비롯하여 업무의 분장이 이루어지는 곳에서는 그 상황이 좀 양호하나 그렇지 못한 곳에서는 과다한 책임량을 요구받고 있는 실정이다. 이는 행정실에서 근무하는 인원이 상대적으로 부족한데서 오는 문제라고도 할 수 있다.        나. 인사관련요인이정순(1999)과 엄종목(1997)의 연구결과에 따르면 학교내의 인사관련 비교대상으로 교사와 행정직원간의 갈등요인을 제시하고 있는데 이에 대해 다음과 같이 정리해 볼 수 있다. 즉, 학교내 교사와 행정직원의 구성은 법 제도면으로 이원화되어 있는데 교사가 매우 특징적인데 반하여 행정직원은 일반직이면서 행정직군중에 교육행정직렬에 속하며 교육행정직류이다. 따라서 두 조직간에는 직급, 호칭, 보수체계, 근무규정등이 다르게 제도화되어 있으며, 바로 이러한 이원화가 갈등의 요인으로 나타나고 있다. 현행 교육행정의 기관장 진출의 배제라든가 교육행정 공무원의 승진한계에 대한 불만감, 승진제도의 공평성 문제, 승진소요연수의 적정성에 대한 문제등은 실제로 교육행정 공무원의 심리적 불만감을 조성하고 있으며 또한 전보발령 관련 공정성부분에 있어서도 행정실 동료의 도움등이 영향을 미치게 마련인데 이에 대해 상대적 인원수의 부족으로 인해 매우 불이익을 당하는 것으로 나타났다. 단위학교조직은 그 구성상 교사와 행정직원의 인원수가 절대다수와 소수로 차이가 많은데 인사관련요인에서 역시도 갈등의 원인이 되고 있는 것이다. 뿐만 아니라 근무성적평정의 적정성에 있어서도 현재 근무처에 따라 근무성적평정이 이루어지는 것으로 보아 학교근무자가 절대적으로 불리하게 적용되는 점 역시도 중요한 문제가 되고 있다.다. 보수관련요인 교육행정공무원의 경우 같은 기간 근무경력을 가진 교사와의 보수격차에 대하여 전체적으로 심하게 느끼고 있으며 학교에서 실제적인 봉급관리를 하는 행정직 공무원들은 절대적 기준을 떠나 상대적으로 많은 일을 수행하는 것에 비해 보수가 적다는 의식이 팽배해 있다. 이러한 직무와 책임에 비해 보수가 적다고 느끼는 정도는 초등학교 근무자와 같이 경력이 짧고 또한 다양한 업무를 혼자서 수행해야 하는 경우에 주로 불만과 함께 나타나는 것이라고 할 수 있다. 뿐만 아니라 교직에 근무하는 공무원들은 다른 일반 공무원들이 민원수당과 같은 여타의 수당이 있는 것에 반해 학교근무행정직 수당이 없으므로 불평등한 처우에 대한 문제가 제기되고 있는 것이다. 즉, 같은 교직에 근무하는 이들 중 교사나 양호교사, 교장, 교감에게는 지급되는 교직수당이 교육행정직 공무원에게는 지급되지 않음으로 인해서 불만이 제기되고 있는 것이다.    라. 근무조건근무조건으로는 행정실의 유무라든가 방학기간 중의 근무시간문제, 각종 행사시 학교는 행정실 직원이 지키는 관행, 호칭문제등으로 나누어 볼 수 있는데 현재 중등학교 이상은 행정실이 거의 별도로 준비되어 있는 편이지만 초등학교만 되어도 교무실에서 행정업무를 함께 처리하고 있어 업무상의 독립성이나 전문성을 부여 받기가 어려운 실정이다. 뿐 만 아니라 한 기관장아래서 근무함에도 불구하고 교직 공무원과 행정직 공무원의 방학기간중의 근무시간문제등은 미묘한 심리적 불만을 형성하고 있으며 전직원이 움직일 때 학교는 행정실직원이 지키는 관행으로 조직내의 이질감이 형성되어 있고 무엇보다도 호칭문제에 있어서도 일괄적으로 통일하여 사용하는 것이 아니라 행정실장을 제외하고는 '주사' 나'아저씨'등을 사용하고 있어 바람직하지 않은 모습을 보이고 있다.    마. 인간관계 및 의사전달요인인간관계면에서 살펴보면 교사와 행정직원은 전문직과 행정직의 속성에서 기인한 의사소통과 인간관계의 부족으로 서로를 이해하는데 어려움이 있을 수 있게 되며, 이는 갈등의 원인이 되고 있다. 교무부서와 행정부서의 속성에 비추어 교사들은 자신들의 지적 수준에 대한 우월감을 가지고 있으며, 따라서 명령계통을 싫어하며 행정직원을 경시하는 경향을 보이게 된다. 반면 행정직원은 역할의 합법성과 능률성을 강조하는 관료적 업무수행형태를 가지고 상호작용을 함에 따라 교사와 행정직원간에는 눈에 보이지 않는 속성으로 인해 갈등의 요소를 가지고 있다. 또한 행정직원은 자신들의 업무가 교사와 상호보완적이라고 여기는 반면, 교사는 행정직원을 보조적인 역할로 생각하고 있어, 상호 이해의 협조 분위기를 조성할 수 있는 대화와 친목 부족은 양 집단간의 인간적인 이해와 공감대 형성의 부족으로 심화되어 간다고 볼 수 있다. 뿐만 아니라 교육행정직 공무원의 고충 및 대화상대로 주로 같은 업무를 맡는 동료들을 택할 수 밖에 없는데 행정실장 및 행정실 동료가 있는 경우에는 서로에게 도움을 주지만 혼자서 일을 처리해야 하는 경우에는 심리적인 고립감 역시도 느낄 수 밖에 없는 것으로 나타났다. 바. 발전가능성 및 인정도일반행정공무원은 사회적으로 무엇을 하는지 잘 인식이 되어 있지만 교육행정직공무원들은 실제로 사회적으로 무엇을 하는지에 대한 사회의 인지 및 인식이 낮기 때문에 사회적 평가에 대한 불만이 있을 수 밖에 없는 실정이다. 사회적 평가뿐 아니라 학부모 및 학생들의 인지도 역시도 학교 행정실은 '수업료 받는 곳'이라는 정도내지는 '서무과'정도로만 인지되어 있어 교육행정직공무원의 역할과 전문성이 커지는것에 비해 사회적 인지도가 너무나 낮은 편이라고 할 수 있다. 이에따라 교육행정직에서 근무하는 공무원들은 직업에 대한 보람과 긍지를 가지기가 어렵고 자신의 능력을 공평하게 인정받을 기회도 없는 것으로 느낄 수 밖에 없는 실정인 것이다. 즉, 그들이 수행한 일에 대한 보다 가시적이고 분명한 피드백을 요구하고 있으나 현실은 이러한 욕구를 만족시켜주기에 의사소통에 있어 많은 경직성을 띄고 있는 것이다.Ⅲ. 교육행정공무원의 업무갈등 완화 방안앞에서 살펴본 교육행정공무원의 업무갈등 실태들을 통하여 이를 극복할 수 있는 방안들을 제시하면 두 가지로 구분해 볼 수 있다. 첫째는 법·제도적 개선방안이며 둘째는 인력관리 개선방안이라고 할 수 있는데, 법· 제도적 측면에서는 총체적 조율을 위한 공무원노조의 결성 및 직무·인사·보수·근무조건·발전가능성 및 인지도등의 해결방안을 다루고 인력관리 개선방안에서는 인간관계 및 의사전달요인의 개선점들을 제시하도록 한다.  가. 법·제도적 개선방안오늘날 각종 제도의 국제화 세계화, 움직임에 따라 공무원인 근로자에게도 노동기본권이 보장되어야 한다는 것은 국제적으로 통용되는 보편적인 원칙이 되었다고 할 수 있으며 선진 각국은 공무원에게도  단결권을 인정하고 공무원의 권익보호 및 신장을 위한 단체를 결성하여 사용자인 정부와 교섭할 수 있는 권리를 인정함과 아울러 인사행정에 있어서도 공무원노조의 필요성과 순기능을 긍정하는 추세에 있다. 또한 우리나라의 ILO가입 이후 ILO, OECD 등에서 우리나라의 노사관계제도에 대한 여러 문제점에 관하여 지속적으로 문제 제기 및 권고를 해 오고 있는바 공무원의 노동운동에 대하여 더 이상 제한 통제만을 고수할 수 없는 시점에 이르렀다. 따라서 공무원 노동운동에 대한 정책은 더 이상 과거와 같은 제한적 통제위주의 틀 속에서 안주할 수 없게 되었다.  더군다나 학교조직과 같이 한 기관장아래서 교육행정직 공무원과 교육공무원이 병존하여 상호의존적인 관계를 유지하고 있을 때의 상충적인 요소들은 실로 민감한부분이라고 할 수 있다. 교사와 행정직원의 갈등은 학교조직의 특수성과 교사와 행정직원 각각의 특성이 가지는 이질감에 기저를 두고, 상호 역할 수행에 대한 인식차에서 유발되어, 양집단간의 인간적인 이해와 공감대 형성의 부족으로 더욱 심화되어 간다고 볼 수 있다. 또 다른 차원에서 볼 때 조직의 이원화나 자격기준의 차이, 결재과정의 이중구조등과 같은 학교조직 자체 혹은 구조적인 문제들로 인해 교사와 행정직원간에 갈등이 야기되기도 하는 것이다. 따라서 이러한 구조적인 문제나 법·제도적인 문제를 전담하여 대변할 뿐 아니라 교내의 분쟁을 자율적으로 조절할 수 있는 공무원노동조합의 결성은 반드시 이루어야할 필수적인 방안이라고 할 수 있는 것이다. 이를 통해 절대다수로 부족한 인원으로 인해 현실적·심리적 불만과 피해감에 시달리는 행정직공무원의 고충을 해결하고 교사와 교육행정직간의 서로에 대한 합의점을 공식적으로 도출해가는 것이 필요한 것이다. 이러한 과정은 결국 직무과정에서의 업무의 중복으로 인한 마찰을 줄일 수 있을 뿐 만이 아니라 현재 행정직 1인이 맡고 있는 과다한 업무량에 대한 경감과 인원의 확충을 유도할 수 있을 것이다. 또한 인사관련업무에 대한 홍보를 통하여 승진 및 전보발령에 대한 비합리적인 요인을 제하고 순환보직제도를 통하여 학교, 교육청, 직속기관등 골고루 근무할 수 있는 기회를 공평하게 부여함으써 직무만족도를 높이고 업무의 다양한 숙지로 효율성을 높일 수 있도록 한다. 뿐만 아니라 교육행정직공무원과 교사들간의 봉급문제는 미묘한 심리적 갈등요인으로 작용하고 있는데 공무원노조결성을 통해 이러한 교직수당의 범위문제 역시도 효율적으로 처리할 수 있도록 하는 것은 매우 중요한 일이다. 그 외에도 이원화되어 있는 근무시간의 문제라든가 호칭의 문제등도 전체적으로 통일된 규정속에서 합리적으로 처리하는 것이 필요하다.   나. 인력관리 개선방안학교의 조직원은 사실 다양한 교육목표의 달성이라는 중대한 과제를 책임지고 있으며, 그러한 과제를 달성하기 위해, 김종철(1987)은 ""학교는, 장기적인 교육과 훈련을 거쳐 자질과 자격을 갖춘 교사와, 교육활동의 원만한 추진여건을 조성하고, 지원하는 교육행정직원의 양적 질적 확보가 있어야 함은 물론이지만, 그보다도 더욱 중요한 사실은 주어진 시설, 기타의 조건을 운영하고 경영해서 효과적인 교육 실천을 보장하고, 교육활동의 효율성 확보를 위해서 활용하는 전문교육을 받은 교사들의 역할과, 이를 지원하는 행정직원의 역할이 어느 정도 일치하고 부합하느냐에 따라 학교경영의 성패가 좌우되는 경우가 많은 것으로 사료된다""고 하였다. 이처럼 교사와 교육행정직원간의 역할이 완만한 일치점을 보이며 나아가는 데에는 이들 상호간의 업무에 대한 상호인식과 배려가 매우 중요하다고 할 수 있다. 교사는 교육활동의 주체로서의 역할을 수행하고 있고, 행정직은 교육활동을 지원하는 역할이 부여되어 있어, 행정직원은 교사에게 재정적, 물적, 행정적 지원을 내용으로 하는 업무를, 교사는 이를 바탕으로 교수-학습활동이라는 업무를 각각 추진함으로써, 상호간에 ""교육활동의 구현""이라는 공동의 목표 달성을 위해 역할을 수행하고 있다. 그러나 각각의 역할은 고유의 전문업무에서는 분명하지만, 교육활동의 특수성으로 인해 거의 대부분이 상호의존적인 협조관계에 의해 수행해야 하기 때문에, 역할관계가 중첩되어 작용되는 경우가 많은 것이다.이처럼 학교에서의 교사와 교육행정직원의 관계는 교육목표의 달성과 효율적 학교경영의 중추적인 역할과 업무를 담당하고 있음에도 불구하고, 전문교육을 받지 않은 행정직원들의 교육에 관한 이해 부족과, 교육지식에 관한 지각의 차이로 인해서 행정직원의 역할인 교육 활동을 지원 조성하는 활동을 그르치게 하며, 또 교사들은 회계 규정이나 관리 행정의 질서를 무시하고, 관리 사무 규칙을 벗어난 교육을 목적으로 한 요구 등 서로의 교육활동에 관한 역할의 지각 차이로 인하여, 서로간의 인화와 이해가 잘 되지 않아, 학교 교육활동에 따른 교사와 행정직원의 업무협조관계에서 교육활동의 원활한 추진에 저해 요인으로 작용하고 있다. 교사와 행정직원의 업무가 원만하게 수행되면 될 수록, 그만큼 교육목표 달성을 잘 이룰 수 있게 될 것이며, 교사와 행정직원이 추진하는 학교 업무는, 그것이 교육활동을 지원하는 중요한 기반인 동시에 새로운 교육활동과 일체적인 기능을 하고 있다고 할 수 있을 것이다. 따라서 서로가 인격을 존중하고 서로의 업무처리에 이해와 협조로서 봉사하는 자세로서 모든 업무를 처리해야 할 것이며, 이러한 정신 자세가 실천에 옮겨질 때 직원간의 원만한 인간관계와 더불어 교육의 효율화를 얻을 수 있을 것이다. 이러한 교사와 행정직원간의 원만한 인간관계를 위하여 보다 많은 공동연수의 기회를 제공하고 비공식적 모임의 활성화를 통하여 유대관계를 돈독히 할 필요성이 있다. Ⅳ. 요약 및 결론학교조직의 업무란 학교교육의 정상화를 그 목적으로 삼으며 학교교육의 정상화란 학교조직에 관련된 제 분야의 총체적인 인식과 조화로운 발전을 통해서 이루어질 수 있다. 그럼에도 불구하고 학교조직의 교육활동에 중요한 역할을 분담하고 있는 교육행정직에 대한 인식의 미흡이나 업무의 과중등은 실제로 매우 중요한 문제들을 불러 일으키고 있으며 따라서 교육행정직원들의 심리적인 불만과 갈등을 야기시켜 종국에는 학생들의 교육에까지 영향을 미치는 사례들이 발생하고 있다. 이러한 문제들은 법·제도상의 여러 가지 미비점들로 인해 이원화의 문제나 비합리성을 초래한 결과라고 할 수 있으며 교내의 인적관계에서도 교사와 행정직원간의 상호업무에 대한 이해부족과 불신, 전문능력의 차이 때문이라고 할 수 있을 것이다. 따라서 이러한 제 사항들에 대한 대처방안을 강구하는 것은 교육의 목표를 실현하는데 있어 매우 중요한 문제라고 할 수 있다. 이러한 교육행정공무원의 업무갈등을 해결하기 위한 방안들을 제시하면 두 가지로 구분해 볼 수 있는데 첫째는 법·제도적 개선방안이며 둘째는 인력관리 개선방안이라고 할 수 있다. 법· 제도적 측면에서는 학교조직이 한 기관장아래서 교육행정직 공무원과 교육공무원이 병존하여 상호의존적인 관계를 유지하고 있으므로써 상충적인 요소들이 일어날 때 조율해야 할 필요성이 있는데 그러기에 공무원노조의 설립이 우선되어야 하는 것이다. 대부분의 직무관련 문제나 인적관리 차원의 문제들은 조직의 이원화나 자격기준의 차이, 결재과정의 이중구조, 교육행정공무원의 절대수의 부족등과 같은 학교조직 자체 혹은 구조적인 문제들로 인해 교사와 행정직원간에 갈등이 야기되기도 하는 것이다. 따라서 이러한 구조적인 문제나 법·제도적인 문제를 전담하여 대변할 뿐 아니라 교내의 분쟁을 자율적으로 조절할 수 있는 공무원노동조합의 결성은 반드시 이루어야할 필수적인 방안이라고 할 수 있는 것이다. 이를 통해 절대다수로 부족한 인원으로 인해 현실적·심리적 불만과 피해감에 시달리는 행정직공무원의 고충을 해결하고, 업무의 중복으로 인한 마찰을 줄이며, 현재 행정직 1인이 맡고 있는 과다한 업무량에 대한 경감과 인원의 확충을 유도할 수 있을 것이다. 또한 인사관련업무에 대한 홍보를 통하여 승진 및 전보발령에 대한 비합리적인 요인을 제하고 순환보직제도를 실시하며 봉급문제, 근무시간의 문제, 호칭의 문제등도 전체적으로 통일된 규정속에서 합리적으로 처리하는 것이 필요하다.    그래서 지금 현재 진행되고 있는 공무원 노동조합 설립 및 운영등에 관한 법률안과 관련하여 학교조직의 형태상 각종 교원단체의 힘에 눌려 전혀 자기 목소리를 내지 못하는 교육행정직의 여러 가지 특수성을 감안할 때 예산, 인사담당자 가입제한 운운하는 조항은 터무니없는 조항이고 최우선적으로 교육행정직 공무원 노조를 인정하여야 될 것으로 생각된다.",,,20240124,NA
공무원노동조합설립및운영등에관한법률(안)에대한의견서,노동/환경,,,2003-07-09,고용노동부,"노동부에서 입법예고의 제안이유를 "" '98.2월 노사정 합의와 보편화된 국제노동기준, 공무원의 권익향상을 위한 요구의 증대 등을 감안하여 공무원의 노동조합 설립 및 운영, 단체교섭 및 분쟁조정절차 등을 정함으로서 공무원의 노동기본권을 보장하고자 하는 것임""이라고 밝히고 있습니다.   그러나 이 법안이 진실로 보편화된 국제노동기준에 맞는 것이며, 공무원의 권익향상을 위한 것이라고 볼 수 있습니까? 실질적으로는 공무원노조를 탄압하기 위한 법률을 입법하고서 대외적으로는 대한민국이 공무원노조를 인정하고 있다고 내세우기 위한 허울좋은 알리바이입법을 하려는 의도는 아니기를 바랍니다.   마지막으로 꼭 부탁드리고 싶은 것은 예산·인사업무를 담당하고 있는 권한은 없고 책임만 많은 행정실장에게도 노동조합에 가입하여 생존권적 기본권을 보장받고, 정당한 법규정과 명령에 따라 행정을 할 수 있도록 가입금지규정을 완화해 달라는 것입니다. 성명 : 홍 진 용  점촌초등학교 행정실장(7급)     주소 : 문경시 모전동 7번지전화번호 : 054 - 553 - 2430",,,20240124,NA
공무원의노동조합설립및운영등에관한법률(안)애 대한 의견서,노동/환경,,,2003-07-09,고용노동부,"저는 지방교육행정기관에 근무하는 경력10차의 7급 공무원입니다. 공무원노조가 합법적인 단체로 인정받을 수 있는 법안이 마련된것에 대하여 참여정부의 노고에 감사한 마음을 가지고 있습니다.  그러나 공무원 노조법안을 보면 우리같이(교육행정직) 힘없고 의무만 있고 권한이나 이에 합당한 대우를 받지 못하는 하위직, 소수직에 대한 배려는 전혀없음을 개탄하지 않을수 없습니다. 이에 노조법안의 부당함에 대한 의견을 제출하게 되었습니다.  학교를 중심으로 대다수 교육행정직이 하는 일을 살펴보면 다음과 같습니다.1. 학교예산의 편성, 집행에 관한 사무 ①학교회계 출납 ②세입세출외현금 ③학부모부담급식비 ④학교발전기금⑤특기적성교육활동비⑥각종 세입금(유치원 수업료, 급식비, 학교운영지원비 등) 2. 보안, 소방, 당직, 방재에 관한 사무 ①안전지출파기계획 수립 ②정기보안진단 실시 ③소방계획서 작성 ④당직편성 ⑤방재계획 수립 3. 재산, 물품관리에 관한 사무 ①토지,건물,공작물,입목죽,무채재산 관리 ②학교시설물의 안전점검, 유지, 보수 ③물품수급관리계획 수립(비소모품) ④분임물품출납원의 물품출납업무 관리 ⑤행정장비의 관리 ⑥소모품 출납사무(소모품대장,연료수불부) 4. 복무,사무관리,일반서무에 관한 사항 ①관인의 관수 ②행정자료 관리 ③보존문서 관리(기록물) ④법규의 정리(내규) ⑤교직원 복무관리, 자체 직장교육 ⑥민방위관련 업무 ⑦각종 통계업무(교육통계) ⑧학교안전공제회에 관한 사무 ⑨공문서 수발(접수,발송) ⑩민원(제증명)에 관한 사무 5. 학교운영위원회 사무 관리(직책:간사) 6.교직원 봉급사무(공무원연금,의료보험,교원공제회) : 이젠 교육청에서 하고 있지만 기본자료는 학교에서 하고 있음 7.기타 교원에게 부여되지 않은 업무   이외에도 많은 업무가 있습니다. 이처럼 많은 업무를 하면서 권한보다는 책임을 중시하는 행정문화로 인해 많은 교육행정직들은 소신껏 일을 하면서도 항상 두려움에 사로 잡히고 있습니다. 특히 초중등교육법 20조 4항에 의거 우리의 현실은 교장 또는 원장의 명에 의해 사무를 보게 되었고 결국 이러한 규정으로 책임은 있지 권한은 유명무실해 져버렸습니다.  학교에서는 교육이란 영역내에서 교수와 교수 지원이라는 차이로 인해 보조자쯤으로 인식을 해버리고 있고 결국 모든것이 교원중심이 되어 교원예우에관한 법률이 만들어져 교육행정직의 인권은 무시되고 있습니다.실례로 교육공무원법 48조 교원의 불체포특권의 내용을 보면 교원은 현행범인 경우를 제외하고는 소속학교장의 동의없이 학원안에서 체포되지 아니한다로 명시되어 있는데 그러면 그외의 직원들은 학생들의 보는 앞에서 체포해도 된다는 의미인지 정말 우리의 인권은 어디에 있는지 그리고 학생들에게있어 우리의 존재는 무엇인지 되내이지 않을 수 없습니다.그리고 같은 조직내에 근무하면서 퇴근시간이 상이하고 복지제도에 있어서도 교육부가 나서서 교원우대라는 미명하에 교원공제회를 통해 교원에게만 대출을 해주는 제도가 있는데 이를 바라만 봐야 하는 우리의 현실은 어떻겠습니까?  공무원노동조합 설립에 관한 입법예고안이 발표되자 지난번 직장협의회 가입제한 공무원이라는 낙인으로 매우 웃음거리가 되었던 우리에게 이번에는 무언가 희망이 있지 않을까 했는데 크게 달라진게 없다는 것을 보고 너무나 실망 했습니다.",,,20240124,NA
공무원 노동조합 설립및운영등에관한법률(안)에 대한 의견서,노동/환경,,,2003-07-09,고용노동부,"공무원노동조합설립및운영등에관한법률(안)에 대한 의견서 노동부 장관님, 각종 노동문제 해결에 얼마나 수고가 많으십니까? 오랜 숙원이었던 공무원 노조가 합법화된다고 하여 공무원의 한사람으로서 무척 기뻤습니다. 그러나 입법예고안을 자세히 보니 노동3권이 제대로 보장되지 않을 뿐 아니라 공무원노조의 합법화와 상관없이 우리들(교육행정공무원)은 아예 노조에 가입조차 할 수 없다는 사실에 너무 기가 막히고 억울해서 장관님께 하소연을 하고자 합니다. 1. 교육행정직이 어떤 직종인지 아시는지요? 장관님, 교육행정직이 어떤 직종인지 아셔야 왜 직급에 상관없이 가입제한을 당하는지 이해를 하실 것이라 잠깐 설명을 드리겠습니다. 학교라는 울타리 안에는 학생과 교사, 교감,교장이 있고, 급식담당자 및 기능직, 그리고 문제의 교육행정직이 있습니다. 이 교육행정직은 담당업무가 하도 많아 열거조차 하기 힘듭니다.(학교회계,인사,문서,민원,보안,재산,시설관리,운영위원회,소방 등등의 업무담당) 직급은 주로 9급에서 5급까지이지만 6급이하의 중하위직이 대다수이고, 9급 신규가 책임자가 되기도 합니다. 근무인원은 초등은 행정실장이라고 하는 책임자 1명, 중등은 1-2명, 고등학교는 2-3명 정도입니다. 오랜 관행과 융통성이라는 미명하에 교장,교감 및 상급기관의 부당한 압력을 받기도 합니다. 요즘은 전교조의 일방적 단체협약으로 많은 업무가 행정실로 넘어 오고 있습니다. 적은 인원, 과중한 업무, 부당한 대우 등에 시달리며 소리도 못내고 속으로만 절규하고 있습니다. 최근 서강초등 행정실장의 죽음처럼 수많은 교육행정인이 알게 모르게 육체적으로 정신적으로 병들어 가고 있습니다. 2. 장관님은 교육행정직의 노조가입을 어떻게 생각하십니까? 예고안에 보면 지휘감독권을 행사하는 공무원, 예산·인사 등 관리운영 업무에 종사하는 공무원은 가입제한 대상이라고 되어 있습니다. 일반공무원과는 달리 학교의 교육행정 공무원은 6-5급 뿐만 아니라 9-7급 중하위직 공무원도 인사,예산 및 관리운영 업무를 담당하고 있습니다. 우리는 몇 년 전의 직장협의회에서도 가입제한 대상이었습니다. 지금의 예고안대로라면 우리들은 또 노조가입이 어려울 것입니다. 저희들은 다른 공무원에 비해서도 형평에 맞지 않게 가입제한 대상에 해당됩니다. 어떻게 6급이하 중하위직 공무원이 관리자에 포함된단 말입니까? 장관님은 우리들의 노조가입 주장이 억지라고 생각지는 않을 것입니다. 우리들이 노조를 결성하고자 하는 것은 생존권적 차원입니다. 직장에서 하는 일에 보람을 느끼고, 국민에 대한 봉사자로서 긍지와 자부심을 가지고 싶습니다. 행복한 가정을 이루며 살고 싶습니다. 인권의 사각지대에서 헌법의 자유도 하늘이 부여해준 천부인권도 누리지 못하는 우리 교육행정공무원을 생각해 주십시오. 또한 우리 공무원이 개혁의 주체로 서기 위함입니다. 오랫동안 내려온 부정부패의 악습을 우리 스스로 거부할 수 있는 힘을 갖고자, 말을 할 수 있는 통로를 찾고자 함입니다. 공직 내부의 각종 비리나 고위직 공무원의 횡포는 노조의 단결된 힘 외에는 끊기 어려울 것입니다.",,,20240124,NA
공무원노동조합설립및운영등에관한법률(안) 의견서,노동/환경,,,2003-07-09,고용노동부,"노동부 장관님, 각종 노동문제 해결에 얼마나 수고가 많으십니까? 오랜 숙원이었던 공무원 노조가 합법화된다고 하여 공무원의 한사람으로서 무척 기뻤습니다. 그러나 입법예고안을 자세히 보니 노동3권이 제대로 보장되지 않을 뿐 아니라 공무원노조의 합법화와 상관없이 우리들(교육행정공무원)은 아예 노조에 가입조차 할 수 없다는 사실에 너무 기가 막히고 억울해서 장관님께 하소연을 하고자 합니다. 1. 교육행정직이 어떤 직종인지 아시는지요? 장관님, 교육행정직이 어떤 직종인지 아셔야 왜 직급에 상관없이 가입제한을 당하는지 이해를 하실 것이라 잠깐 설명을 드리겠습니다. 학교라는 울타리 안에는 학생과 교사, 교감,교장이 있고, 급식담당자 및 기능직, 그리고 문제의 교육행정직이 있습니다. 이 교육행정직은 담당업무가 하도 많아 열거조차 하기 힘듭니다.(학교회계,인사,문서,민원,보안,재산,시설관리,운영위원회,소방 등등의 업무담당) 직급은 주로 9급에서 5급까지이지만 6급이하의 중하위직이 대다수이고, 9급 신규가 책임자가 되기도 합니다. 근무인원은 초등은 행정실장이라고 하는 책임자 1명, 중등은 1-2명, 고등학교는 2-3명 정도입니다. 오랜 관행과 융통성이라는 미명하에 교장,교감 및 상급기관의 부당한 압력을 받기도 합니다. 요즘은 전교조의 일방적 단체협약으로 많은 업무가 행정실로 넘어 오고 있습니다. 적은 인원, 과중한 업무, 부당한 대우 등에 시달리며 소리도 못내고 속으로만 절규하고 있습니다. 최근 서강초등 행정실장의 죽음처럼 수많은 교육행정인이 알게 모르게 육체적으로 정신적으로 병들어 가고 있습니다. 2. 장관님은 교육행정직의 노조가입을 어떻게 생각하십니까? 예고안에 보면 지휘감독권을 행사하는 공무원, 예산·인사 등 관리운영 업무에 종사하는 공무원은 가입제한 대상이라고 되어 있습니다. 일반공무원과는 달리 학교의 교육행정 공무원은 6-5급 뿐만 아니라 9-7급 중하위직 공무원도 인사,예산 및 관리운영 업무를 담당하고 있습니다. 우리는 몇 년 전의 직장협의회에서도 가입제한 대상이었습니다. 지금의 예고안대로라면 우리들은 또 노조가입이 어려울 것입니다. 저희들은 다른 공무원에 비해서도 형평에 맞지 않게 가입제한 대상에 해당됩니다. 어떻게 6급이하 중하위직 공무원이 관리자에 포함된단 말입니까? 장관님은 우리들의 노조가입 주장이 억지라고 생각지는 않을 것입니다. 우리들이 노조를 결성하고자 하는 것은 생존권적 차원입니다. 직장에서 하는 일에 보람을 느끼고, 국민에 대한 봉사자로서 긍지와 자부심을 가지고 싶습니다. 행복한 가정을 이루며 살고 싶습니다. 인권의 사각지대에서 헌법의 자유도 하늘이 부여해준 천부인권도 누리지 못하는 우리 교육행정공무원을 생각해 주십시오. 또한 우리 공무원이 개혁의 주체로 서기 위함입니다. 오랫동안 내려온 부정부패의 악습을 우리 스스로 거부할 수 있는 힘을 갖고자, 말을 할 수 있는 통로를 찾고자 함입니다. 공직 내부의 각종 비리나 고위직 공무원의 횡포는 노조의 단결된 힘 외에는 끊기 어려울 것입니다.",,,20240124,NA
교육행정직의 노조가입,노동/환경,,,2003-07-08,고용노동부,"입법예고에 관한 의견서≪획일적 노동조합 가입제한 규정이 교육행정직 공무원에 초래하는 비극을 중심으로≫1. 序言공무원노동조합설립및운영등에관한법률(안) (이하 공무원노조 입법안)이 입법예고되었다. 참여정부에서 공직사회에 공무원노조를 허용하기로 한 것은 분명 우리 사회의 민주화의 뚜렷한 반증이 될 것이다. 일부 우려의 목소리가 있으나, 공무원노조의 출범은 경직되고 폐쇄적인 공직사회가 새롭게 거듭날 수 있는 토대를 마련해 줄 것이고 역기능을 상쇄하고도 남는 순기능의 역할을 분명해줄 것이 분명하다.하지만 이번 공무원노조 입법안이 공무원노조의 가입범위를 너무도 획일적, 소극적으로 정해 놓았다는 비판을 피하기는 어려울 것이다. 획일적 노조가입범위로 인해서 기본적으로 노조원이 될 수 있는 자격을 박탈당하는 많은 공무원, 특히 일부 직렬의 공무원이 있다는 사실을 노동부 및 정부 당국자는 직시해야 할 것이다.이하에서는 정부공무원노조 입법안의 획일적 가입제한으로 인해 노조설립이 현실적으로 어려운 지방교육행정직을 중심으로 문제점을 말하고자 한다.2. 지방교육행정직의 절박한 노조 필요성과 실태시·도교육청 및 직속기관과 단위학교에 근무하고 있는 지방교육행정직 공무원은 그 절대 다수가 일선학교현장에서 행정실(과거 서무실)에서 교육을 위해 보이지 않는 곳에서 책무를 다하고 있다.하지만 학교조직상의 절대다수인 교원들속에서 그 존재는 미미하고, 교총과 전교조로 대표되는 교원단체들의 지속적인 단체협상을 통해서  교원들이 기존에 관장하던 업무를 행정실로 이관하는 현실이 계속되고 있는 상황이며 이로 인한 갈등이 상존하고 있고 있다.합리적인 업무조정이 전무한 상태에서 교원단체의 교육부와의 단체협상으로 매년 행정실로 업무를 이관하는 불합리한 현실은 교육행정직 공무원들의 사기와 노조의 필요성을 누구보다도 절실하게 느껴온 조직이기도 하다.    1) 지방교육행정직 공무원의 근무실태초등학교 1명, 중학교 1∼2명, 고등학교 2∼3명의 교육행정직 공무원이 근무하고 있는 현실이다. 이들은 학교현장에서의 회계출납원이 주된 업무로서 이에 더하여 공유재산관리업무, 물품출납원, 보안담담관, 문서담당관, 일반직 복무관리 등의 업무를 담당하고 있다.3. 노조가입을 원천봉쇄하고 있는 정부입법안의 비판공무원노조 입법안의 노조 가입대상을 보면 5급이상 및 지휘 감독권을 행사하는 공무원, 인사 예산 등 행정기관의 관리 운영업무에 종사하는 공무원은 노조 가입을 금지하고 있다. 일선 시·도 교육청은 입법예고안의 인사 예산 등 행정기관의 관리 운영업무에 종사하는 공무원이라는 범주에 교육행정직을 포함시킬 것은 분명하다. 이는 전체 교육행정직 공무원의 80%이상이 공무원노조가입을 원천적으로 금지당하는 결과를 낳게 된다. 전체 교육행정직의 80%이상이 배제된 노조가 노동조합으로서의 대표성과 정당성을 담보할 수 있으며 교육행정직의 진정한 목소리를 대변할 수 있겠는가?일선학교의 대부분을 차지하는 교육행정 7, 8, 9급들이 인사(사실상의 형식적인 업무가 많은 것이 현실임) 예산 등의 업무를 한다고 해서, 행정기관의 관리 운영업무에 종사한다고 해서 획일적으로 노조가입을 제한한다는 것은 교육행정직에겐 비극이나 마찬가지일 뿐이다. 소규모 초등학교에 다수 근무하는 8, 9급 교육행정직들이 과연 행정기관의 관리 운영업무자라고 해서 노조가입을 제한할 만큼 비중있는 대상인지를 정부 당국자들은 진지하게 재검토해야 할 것이다.앞에서도 언급했던 바와 같이 학교현장은 갈수록 교원단체들의 높아가는 목소리로 인해서 교육행정직 공무원과의 갈등을 야기하고 있는 현실을 감안한다면, 그 어떤 곳보다도 공무원노조가 필요한 곳이 교육행정직이라고 할 수 있다. 그럼에도 불구하고 정부입법예고안의 획일적인 노조가입제한은 하위 교육행정직 공무원들의 노조구성에 참여할 권리를 원천적으로 봉쇄하는 결과를 초래하고 있는 것이다. 이것은 정부의 공무원노동조합법 입법취지에도 맞지 않는다.더불어 교육행정직의 전향적인 노조가입허용이 인정된다면 음성적인 갈등요인이 노동조합의 장에서 양성화되어 합리적인 조정기능을 기대할 수 있어서 그 필요성 또한 절실한 상황이다.4. 정부 입법 예고안의 수정을 주장하면서노동3권의 완전한 보장을 외치는 공무원노동조합과 공직업무의 특수성을 감안한 일부 권리를 제한하는 정부의 입장은 앞으로 상호절충되어 공무원노동조합이라는 시대와 역사의 요청을 외면해선 안 될 것이다. 참여정부가 공무원의 노동조합을 인정하려는 궁극적인 취지를 생각하면, 공무원의 노동조합 설립이전에 노조가입에 커다란 장벽을 두는 입법은 반드시 수정되어야 한다. 더불어 최하위직 공무원까지도 일률적인 법조문으로-담당하는 직무의 질과 무관하게- 노조가입을 제한하는 입법은 반드시 수정되어야 한다.",,,20240124,NA
공무원의노동조합설립및운영등에관한법률(안)에 대한 의견서,노동/환경,,,2003-07-08,고용노동부,"Ⅲ. 결 론   이 의견서가 행정절차를 위한 단순한 하나의 과정으로 여론조사 결과해석을 위한 자료 정도가 되지 않기 위해서 의견서를 제출한 기관과 인원 및 찬반에 대한 개괄적인 자료와 의견서를 얼마나 충실히 반영하였는지에 대한 결과를 노동부 홈페이지나 의견서를 제출한 사람에게 명백하게 드러내어야 할 것이며, 의견서의 내용이 무시되는 법안에 대한 책임은 노동부가 져야할 것입니다. 공무원 노조에 가입을 하던 가입하지 않던 그것은 개인 의사지만 자발적으로 가입하고자하는 사람에게 제한을 두어서는 안되며, 위와 같은 부당한 조항을 없애지 않는 한 공무원의노동조합설립및운영등에관한법률(안)은 허울좋은 껍데기이며, 또다시 전교조 사태처럼 수많은 공무원을 범법자로 만드는데 일조를 하는 악법이 될 것이니 잘 검토하시어 올바른 공무원노동조합법률이 나올 수 있기를 기대합니다. 성명 : 정지원  주소 : 경남 진주시 상대동 전화번호 : 019-537-8780 <기타 참고사항>1. 이 의견서를 보낸 사람은 진주교육행정연구회 정회원이며, 제출된 의견서 전체 통계에 대한 자료를 공지하지 않거나, 의견서를 제출한 사람들에게 의견서 전체 결과를 알려주지 않을 경우 정보공개 등을 통해 책임소재를 명백히 할 것임.2. 초중등교육법 제20조 제4항  ""행정직원등 직원은 교장 또는 원장의 명을 받아 학교의 행정사무와 기타의 사무를 담당한다""",,,20240124,NA
보다 나은 교육 현장을 위하여,노동/환경,,,2003-07-08,고용노동부,"--≪보다 나은 교육 현장을 만들기 위하여≫--1. 序言이하에서는 정부공무원노조 입법안의 획일적 가입제한으로 인해 노조설립이 현실적으로 어려운 ""지방교육행정직""을 중심으로 문제점을 말하고자 한다.2. 지방교육행정직의 절박한 노조 필요성과 실태시·도교육청 및 직속기관과 단위학교에 근무하고 있는 지방교육행정직 공무원은 그 절대 다수가 일선학교현장에서 교육을 위해 끊임없는 책무를 다하고 있다.하지만 학교조직상의 절대다수인 교원들속에서 그 존재는 미미하고, 교총과 전교조로 대표되는 교원단체들의 지속적인 단체협상을 통해서  교원들이 기존에 관장하던 업무를 행정실로 이관하는 현실이 계속되고 있는 상황입니다. 학교의 안전과 여러가지 교육활동을 높이는데 누구보다도 잘 알고 있는 우리 행정인은 요즈음 업무 상실 상태입니다. 싫다 좋다 말없이 해 온 결과가 교원단체에서 밀려 수업을 제외한 거의 대부분 업무가 행정실에서 이루어지고 있습니다. 행정실에서 할 수 있는 일을 하고 싶습니다. 책임감을 갖고 일하고 싶습니다. 학교시설에 기능직이 있으나 단순 보조에 불과하여 책임이 부여되지 않고 있습니다.교원은 학교 시설에 관심없습니다. 수업에 전념하다 그러하면 당연하겠지요. 우리는 학교 현장에 있으면서 누구보다도 학교을 잘 알고 앞으로 잘 나아갈 방향을 알고 있습니다. 학부모가 마음에 드는 학교를 만들 자신이 있습니다. 그러나 힘에 부칩니다. 우리도 학부모의 눈으로 학교를 바라보며 내가 안심하고 보낼수 있는 학교인지를 먼저 봅니다. 그렇게 살아가고 싶습니다. 요즈음 너무나 기운이 빠집니다. 혼자서 모든 책임은 지라 하고 예산담당이니, 학교관리라는 명목으로 관리자의 입장에 있다는 것은 오산입니다. 극단적으로 이야기하면 아파트에 경비원이 관리자입니까? 아파트 경비원에 사무는 없어서 시설관리만 하니까  그 비유도 맞지 않겠군요. 각종 난해한 업무에는 다 시달립니다. 교육행정정보시스템 자료 정리에 학교회계 물품 재산 민원 인사(기능직1~2명 정도)소방, 시설 등등 작업에 우리는 한 번도 이야기 하지 않았습니다 방학내내 교육받고 연습하고 진행하고 있습니다. 방학 중 텅 빈 학교는 지키는 사람은 1~2명의 행정직입니다. 이것이 관리자라고 할 수 있습니까? 그래도 긍정적이고 싶어서 누구보다 교육을 위하여 나는 참아보자고 한 것이 이 지경이 이르고 있군요. 즐겁게 일하고 싶습니다. 책임있는 행정을 하고 싶습니다. 출근하면 교사를 요구 사항 받아주랴 ,고장난 곳 가보랴, 공문보고하랴, 회계사무, 학교운영위원회 업무 정리하랴, 하루종일 부산하면 매일 그렇게 바쁘냐고들 합니다.  교육행정직 공무원들의 사기와 노조의 필요성을 누구보다도 절실하게 느껴온 조직이기도 하다.  일선학교의 대부분을 차지하는 교육행정 7, 8, 9급들이 인사(사실상의 형식적인 업무가 많은 것이 현실임) 예산 등의 업무를 한다고 해서, 행정기관의 관리 운영업무에 종사한다고 해서 획일적으로 노조가입을 제한한다는 것은 교육행정직에겐 비극이나 마찬가지일 뿐이다. 소규모 초등학교에 다수 근무하는 8, 9급 교육행정직들이 과연 행정기관의 관리 운영업무자라고 해서 노조가입을 제한할 만큼 비중있는 대상인지를 정부 당국자들은 진지하게 재검토해야 할 것이다.앞에서도 언급했던 바와 같이 학교현장은 갈수록 교원단체들의 높아가는 목소리로 인해서 교육행정직 공무원과의 갈등을 야기하고 있는 현실을 감안한다면, 그 어떤 곳보다도 공무원노조가 필요한 곳이 교육행정직이라고 할 수 있다. 그럼에도 불구하고 정부입법예고안의 획일적인 노조가입제한은 하위 교육행정직 공무원들의 노조구성에 참여할 권리를 원천적으로 봉쇄하는 결과를 초래하고 있는 것이다. 이것은 정부의 공무원노동조합법 입법취지에도 맞지 않는다.더불어 교육행정직의 전향적인 노조가입허용이 인정된다면 음성적인 갈등요인이 노동조합의 장에서 양성화되어 합리적인 조정기능을 기대할 수 있어서 그 필요성 또한 절실한 상황이다.- . 정부 입법 예고안의 수정을 주장하면서예산담당과 학교관리라는 이름으로 교육행정직 공무원이 노조가입이 원천적으로 봉쇄되는 결과를 초래한다는 사실을 직시하고 시대의 요청과 오늘도 교육현장에서 묵묵히 자신의 소임을 다하는 교육행정직 공무원들의 노조가입허용 요청을 받아들여야 한다.  멋진 나라를 멋진 교육의 발전을 바라는 머문 자리에서 역량을 발휘하도록 우리 386세대에게 힘을 실어주셔요. 교육현장에 전교조를 바라보면서 좋은 점은 배우고 잘못된 점은 우리가 반성합니다. 학생과 학부모 입장에서 저 역시 학부모로서 학생과 학부모의 눈으로 바라보겠습니다. 밝은 내일을 위해성명 :서영옥소속 : 함안법수중학교  7급",,,20240124,NA
무원노동조합설립및운영등에관한법률(안)에 대한 의견서,노동/환경,,,2003-07-08,고용노동부,노동부공고 제2003-64(2003. 6. 23)호로 입법예고 된 [공무원노동조합설립및운영등에관한법률(안)]제정에 대하여는 반대의 의견을 제출하며 [노동조합및노동관계조정법]을 개정하여 공무원의 노동기본권을 보장하여 주시기 바랍니다.,,,20240124,NA
교육행정인의 현실을 고발하며...,노동/환경,,,2003-07-08,고용노동부,"학생과 교사라는 커다른 굴레에서 음지에 가려진 교육행정직들의 애환을 아십니까? 다수의 교사수에 교육행정직 1인이 근무하는게 우리나라 학교의 현실입니다. 물론 사무원도 있을수 있고, 일용직도 채용할수 있겠지요. 하지만 그들에게 책임을 지어줄수 있는 일을 시킬수는 없습니다. 그런데 공무원노동조합에 예산과 인사를 담당하는 부서에서는 가입제한이라는 규정이 있던데, 교육행정직은 혼자서 인사며 예산이며 1인10역은 매일 맡아야하는데 그럼에도 불구하고 가입을 할수 없다는건 너무 억지 아니십니까?제발 붉은띠 매고, 소리높여외치는 사람들만 쳐다보지 말고 음지에서도 열심히 최선을 다하는 교육행정직들을 한번 돌아보십시오.",,,20240124,NA
교육행정직렬의 간절한 염원을 져버리지 마시길 바라며..,노동/환경,,,2003-07-08,고용노동부,"날씨도 무더운데 공무원노조입법 준비에 얼마나 노고가 많으십니까? 공무원 노조법 입법 예고안에 보면 지휘감독권을 행사하는 공무원, 예산·인사 등 관리운영 업무 에 종사하는 공무원은 가입제한 대상이라고 되어 있습니다. 일반공무원과는 달리 학교의 교육행정 공무원은 6-5급 뿐만 아니라 9-7급 중하위직 공무원도 인사,예산 및 관리운영 업무를 담당하고 있습니다. 우리는 몇 년 전의 직장협의회에서도 가입제한 대상이었습니다. 지금의 예고안대로라면 우리들은 또 노조가입이 어려울 것입니다. 저희들은 다른 공무원에 비해서도 형평에 맞지 않게 가입제한 대상에 해당됩니다. 어떻게 6급이하 중하위직 공무원이 관리자에 포함된단 말입니까? 우리들의 노조가입 주장이 억지라고 생각지는 않을 것입니다. 우리들이 노조를 결성하고자 하는 것은 생존권적 차원입니다. 직장에서 하는 일에 보람을 느끼고, 국민에 대한 봉사자로서 긍지와 자부심을 가지고 싶습니다. 행복한 가정을 이루며 살고 싶습니다. 인권의 사각지대에서 헌법의 자유도 하늘이 부여해준 천부인권도 누리지 못하는 우리 교육행정공무원을 생각해 주십시오. 또한 우리 공무원이 개혁의 주체로 서기 위함입니다. 오랫동안 내려온 부정부패의 악습을 우리 스스로 거부할 수 있는 힘을 갖고자, 말을 할 수 있는 통로를 찾고자 함입니다. 공직 내부의 각종 비리나 고위직 공무원의 횡포는 노조의 단결된 힘 외에는 끊기 어려울 것입니다.",,,20240124,NA
공무원노조입법예고법률안에 대한 교육행정인 의견,노동/환경,,,2003-07-07,고용노동부,"공무원은 노동조합에 가입할 수 있도록 하되, 사실상 노무에 종사하는 공무원, 특정직·정무직 공무원, 5급 이상 및 지휘·감독권을 행사하는 공무원, 그리고 인사·예산 등 행정기관의 관리·운영업무에 종사하는 공무원과 공안업무 기타 그 업무의 성격이 노동조합원으로서의 지위에 저촉된다고 인정되는 공무원 중 대통령령으로 정하는 공무원 등은 가입을 금지한다고 하였습니다. 이는 공무원인 근로자에 대하여 노동기본권을 보장함으로써 근무조건의 유지·개선 기타 경제적·사회적 지위 향상을 도모할 수 있도록 한다는 근본취지와 배치된다고 보여집니다.",,,20240124,NA
한쪽으로 치우치지말고 현장감 있는 법률이 되길,노동/환경,,,2003-07-07,고용노동부,"저는 학교회계업무를 맡고 있는 교육행정직의 가입을 적극적으로 주장합니다. 저희 교육행정직은 89~90%가 학교 일선 행정실장으로 회계직공무원으로 근무하고 있습니다. 그러나 환경은 너무나 열악합니다. 교장선생님과 전교조, 절대다수 교사의 틈바구니에서 제대로된 업무를 수행하기에는 너무나 힘이 부족합니다. 교사들의 무차별적인 공격만 당할뿐입니다. 현 법규는 책임만 강조하지 무한대의, 무차별적인 책임을 지고 있는 행정실장의 근무여건이나 사기 진작을 시켜줄 대안하나 안 나왔습니다. 일선학교 행정실장을 제외하고 공무원노조를 결성하면 과연 몇 명의 교육행정직이, 가입제한된 우리 교육행정직의 이 불평등한 학교 현실을, 이 열악한 환경을 대변해 줄수 있나요? 오히려 회계직공무원으로서 역할을 제대로 수행하지 못하고 부정과부패의 온상이 될수도 안 있나 걱정이 됩니다. 그동안 교육행정직 공무원은 절대다수 절대우위라고 여기는 교사들 속에 심적인 고통과 인원도 보충되지 않는 업무량 과다속에서 미친 듯이 쉬지도 않고 일을 해왔습니다. 우리들의 입장을 하소연할 공간도 없어 약자의 입장에서 죽어 지내왔습니다. 노조법안에서는 ""인사, 예산 등 관리. 운영업무에 종사하는 공무원”은 가입제한대상이라는 문구가 있습니다. 아마 학교 교장선생님, 교사들은 이 문구를 너무나 반길 것입니다. 교사들은 전교조, 한교조라는 단체에 가입되어 좀더 나은 많은 기득권을 유지하고 싶은 마음이 있으면서도 막상 아무런 방어장치도 할수 없는 행정실장에게는 노조가입을 원천적으로 봉쇄해 더 많은 업무를 넘기고 말 잘듣는 순한 양으로 만들고 싶은 마음이 있을 것입니다. 노조의 역할이 단순히 공무원들의 권익이나 처우개선에 머무는 것이 아니라 공직사회의 부정부패와 부조리, 부당한 외압을 뿌리뽑아 깨끗하고 신뢰받는 공직풍토를 조성하고 국민의 봉사자로서 소임을 다하는데 있는 것인 만큼 지나치게 가입제한을 두어 노조의 활동을 위축시키고 국민을 위해 봉사하지 못하게 하는 것은 문제가 있는 것입니다. 따라서 6급이하 공무원은 모두 노조에 가입할 수 있도록 허용되어야 한다고 봅니다. 6급 이하의 공무원도 한 인간으로서 삶을 누릴수 있는 창구가 법적으로 조성되어 국가와 국민을 위한 진정한 공무원이 될수 있도록 만들어 주어야 한다고 생각합니다.",,,20240124,NA
속도제한지역의 재검토 요망,행정/자치/안전,,답변완료,2003-07-05,경찰청,"평소 시의 교통행정을 위하여 애써는 충북청에 먼저 감사의 말씀을 드립니다. 한가지 제안드리고자 하는 사항은 충북대 병원에서  분평동 방면으로 진입을 하다보면 약간의 언덕이 있습니다.

이 언덕을 지나면 분평 4거리까지의 차량 제한 속도가 60킬로로 제한되어 있고 이 규정을 준수하느냐의 감시를 위하여 경찰공무원들은 동 구역내에 카메라를 설치해 놓고 적발자를 찾아내려고 갖은 애를 쓰고 있는 모습을 자주 보아 왔습니다.

글쎄요 제가 시민의 한 사람으로 보기에는 동 구역을 지나면서 속도를 제한해야 할 이유가 도대체 무엇인지를 수차례에 걸쳐서 의문을 가져왔습니다. 이지역은 병원이나 학교 등이 밀집되어 있어 위험을 초래하거나 조용한 환경을 요하는 곳도 아니고 차량도 원활하게 잘 소통되고 그렇다고 사고 다발지역도 아닌 듯 합니다.

최근 몇 년간에 걸쳐 속도 제한구역이 현실적으로 맞지 않는다고 하여 현실에 맞게끔 조정했던 구역이 전국적으로 다 수 있었다는 것은 충북청에서도 잘 알고 있을 것입니다.

이 지역을 60킬로로 제한 하여야 하는 특별한 이유라도 있는지요?

제가 들은 시민들의 불평은 대단했습니다.

""돈뜯을려고 하는 짓이 아니냐"". ""또는 할일 없으니 저 짓거리들을 한다""고.또는"" 매상 올릴려고 저 짓을 한다"" 실적 올릴려고 또 한판을 벌였다""는 등 등 불평의 소리가 많았다는 것입니다. 

이러한 제보가 제가 알고 있는 다수인들로 부터 있기에 현실적으로 이 지역의 제한 속도를 현대의 60킬로에서 조정 검토해 볼것을 제안합니다. 제안자의 현장 지역 조사는 감시를 나간 경찰공무원 당사자들의 의견을 들으보면 본 제안자의 의견을 바로 파악할 수 있을 것입니다.

앞으로도 시민들에게 사랑받는 충북청으로서 더욱 신뢰받는 관청이 되시길 바라면서 제안의 글을 올립니다. 감사합니다.",,,20240124,
공무원노조법 입법예고안에 대한 의견서,노동/환경,,,2003-07-05,고용노동부,"2. 의견내용첫째,  제6조(가입범위)와 관련하여   ①항 다음 각호의 1에 해당하는 공무원은 그러하지 아니하다.   4. 인사·예산 기타 행정기관의 관리·운영업무에 종사하는 공무원《 의 견 》  이는 노동조합의 자주적 단결권을 제한하는 것으로서 노동법상의 직무 성격상 사용자의 행위자에 해당하는 자를 자체 규약이나 단체협약을 통해 제한하면 될 것이며, 인사·예산 업무에 종사하는 공무원을 일률적으로 제한하는 것은 공무원노동자들의 실질적인 자주적 단결권을 제한하는 위헌적 요소로 사료됩니다. 직무 성격상 사용자의 행위자를 제외한 공무원인 근로자는 직종 및 직급에 관계없이 모든 공무원을 가입대상에 포함시켜야 할 것입니다.   둘째, 제9조(단체협약의 효력)에 관하여  ① 제8조 제1항의 규정에 의하여 체결된 단체협약의 내용 중 법령·조례 및 예산에 의하여 규정되는 내용과 법령 또는 조례에 의한 위임을 받아 규정되는 내용은 단체협약으로서의 효력을 가지지 아니한다.   ② 국회사무총장 등은 제1항의 규정에 의하여 단체협약으로서의 효력을 가지지 아니하는 내용에 대하여는 그 내용이 이행될 수 있도록 성실히 노력하여야 한다. 《 의 견 》  공무원의 임금·근무조건·후생복지는 모두 법령·조례 및 예산에 의하여 정해지는데, 이에 대해 협약으로서의 효력을 인정하지 않는다면 제8조의 교섭 및 체결권은 유명무실한 실효성이 없는 규정으로 변질되고 말 것이며, ②항의 ""성실히 노력한다""는 규정 또한 단체협약사항을 이행하기 위해 노력하지 않고 방치한다고 해도 강제할 방법이 없습니다.    따라서 제9조(단체협약의 효력)에 관한 조항은 완전 삭제하거나 ""국회사무총장 등은 체결된 단체협약을 성실히 이행하여야 한다""는 협약이행에 대한 의무규정으로 바꾸는 것이 타당하다고 생각합니다.  셋째, 제10조(쟁의행위의 금지)와 관련하여  노동조합과 그 조합원은 파업·태업 그 밖에 업무의 정상적인 운영을 저해하는 행위를 하여서는 아니된다. 《 의 견 》  제9조에서는 단체협약의 효력을 제한하면서 제10조에서 쟁의행위를 금지하여 이중으로 노조활동을 금지시키고 있습니다. 단체행동권은 약자인 노동조합원이 가지는 유일한 대항 수단인데도 단체행동권을 금지하는 규정은 단체협상을 통한 협상권을 약화시킬 뿐만 아니라 협상된 사안이라도 언제든지 변경하거나 무시하더라도 오로지 협상이라는 방법 외엔 달리 취할 수 있는 방법이 없습니다. 단체행동권을 인정하여 온전한 노동3권을 보장하여 주시기 바랍니다.3. 맺는말  노동부에서 입법예고의 제안이유를 "" '98.2월 노사정 합의와 보편화된 국제노동기준, 공무원의 권익향상을 위한 요구의 증대 등을 감안하여 공무원의 노동조합 설립 및 운영, 단체교섭 및 분쟁조정절차 등을 정함으로서 공무원의 노동기본권을 보장하고자 하는 것임""이라고 밝히고 있습니다.   그러나 이 법안이 진실로 보편화된 국제노동기준에 맞는 것이며, 공무원의 권익향상을 위한 것이라고 볼 수 있습니까? 실질적으로는 공무원노조를 탄압하기 위한 법률을 입법하고서 대외적으로는 대한민국이 공무원노조를 인정하고 있다고 내세우기 위한 허울좋은 알리바이입법을 하려는 의도는 아니기를 바랍니다.    마지막으로 꼭 부탁드리고 싶은 것은 예산·인사업무를 담당하고 있는 2년 6개월된 교육행정직 8급 서기에게도 노동조합에 가입하여 생존권적 기본권을 보장받고, 정당한 법규정과 명령에 따라 행정을 할 수 있도록 가입금지규정을 완화해 달라는 것입니다.",,,20240124,NA
공무원노동조합 법률(안) 개정 요구,노동/환경,,,2003-07-05,고용노동부,"○ 가입제한 대상기관의 명시  위에서 요구한대로 가입제한 완화가 이루어져 6급이하 공무원은 누구나 노조에 가입할 수 있게 된다면 이 요구사항은 필요없게 될 것이지만 만일 불행하게도 가입제한 완화가 이루어지지 못하고 인사·예산 등 행정기관의 관리·운영업무에 종사하는 공무원은 노조에 가입할 수 없게 된다면 가입제한 대상기관을 어느선으로 할 것인지를 분명하게 명시해주는 것이 바람직할 것입니다. 만일 그렇지 않으면 작은 기관이나 사업소 같은 곳에 근무하는 사람들은 대부분 인사·예산등 행정기관의 관리·운영업무에 종사하고 있는만큼 노조에 가입할 수 있는 길이 아예 원천봉쇄되어 버리기 때문입니다. 특히 일선학교 행정실에 근무하는 교육행정직은 한두명이 모든 업무를 처리해야 하니 당연히 인사·예산등 학교관리·운영업무를 맡아볼 수밖에 없습니다. 뿐만 아니라 도내 교육행정직의 80%이상이 일선학교에 근무하고 있습니다. 사정이 이러하므로 가입제한 대상기관을 명시하지 않으면 많은 혼란과 함께 노조자체가 결성되기도 힘들 것입니다. 따라서 노조가입대상제한 기관을 지방은 도단위, 중앙은 3급기관장 이상단위로 대통령령에 명시하여 가급적 많은 사람들이 노조에 가입할 수 있도록 하여야 할 것입니다.     다른 문제에 비해 위 두가지 문제는 노조 존립에 관련되는 중대한 사안이라 생각되어 의견서를 제출하오니 꼭 반영해 주시길 바랍니다. 다시한번 부탁드리고 싶은것은 교육행정직에 대하여 반드시 가입할 수 있도록 조치하여 주시기 바랍니다.",,,20240124,NA
공무원보조법 입법안에 대한 교육행정인의 소견,노동/환경,,,2003-07-05,고용노동부,"1. 시작하는 말  저는 현재 교육행정직 경력 10년차로 입사 당시와 현재 너무나 달라진 교육현장을 체험하고 있는 공무원이자, 학부모이며 시민입니다. 제가 갓 발령날 당시만 해도 전교조의 태동으로 교육혁신을 주장하는 교사와 교장간의 싸움이 치열했으며 많은 전교조 선생님들의 희생이 뒤따라 지금은 이루 말할수 없을 정도의 변화가 왔습니다. ...중략... 교실안 수업이외의 모든 일은 잡무로 규정되어 행정실의 의사를 묻지도 않고 무차별적으로 업무를 넘깁니다. 행정실 직원이 단 2명뿐 -즉, 일반직인 행정실장과 기능직인 사무원- 인것 알면서도 말입니다.시대가 바뀌어 행정실 자체 업무도 세분화되고 다양화되며 전문적인 지식요구도 엄청나게 늘었는데도 말입니다.여타 다른 공무원보다 교육행정직은 교사와 일반직간의 구조(국가와지방공무원간, 교단지원의 입장)에 있어 여러가지 불리함,불공평함을 가지고 있습니다.이에 저는 국민의 여망이자 우리 교육행정직의 여망인 공직사회 개혁을 이런 부당한 제도와 현실개혁을 통해 이루고자합니다 그러나 이렇게 절박한 문제를 안고 있음에도 이일은 손가락하나 자유로이 움직일 수 없는 나, 우리 스스로는 혹인 일개인의 힘으로는 거의 불가능한 일이기에 그 어떤 노동자보다도 온전한 노동3권을 가진 노동조합을 원합니다. 그러한 여망을 담아 이 의견서를 제출합니다. 2.규제 내용 <제6조(가입범위)에 대해서 인사.예산 기타 행정기관의 관리.운영업무에 종사하는 공무원은 노조가입을 제한한다>는 안이 있습니다 - 이에 대해 단 1명의 일선학교 일반직 공무원(행정실장)들이 인사,예산,시설, 보안, 물품, 재산등 기타 모든 업무를  수행할수 밖에 없는 입장인데 이 안은 교육행정직에 대한 전반적인 이해가 없는, 현실을 무시한 안이라고 생각합니다.학교의  행정실장은 인사에 있어 단 2~3명뿐인 기능직의 지휘 감독권에 있으며, 예산업무에 종사하고 있다고 하지만 최종 관리 감독 및 결재 권한은 학교장에게 있습니다. 회계업무에 있어 교사들보다 전문적인 지식을 가지고 있어도 절대다수의 의견에 밀려 단지 '교사 대신 품의 내주고, 구입하고 지출하는 보조자'라는 생각을 갖게끔 합니다. 행정실장들이 학교의 행정업무 주체로서보다는 교단지원 차원이 커서 교사들도 '행정실은 도와주는 자리'라는 생각을 우선가질 것입니다. 책임만 많고 권한도 없는, 단지 실무자 역할밖에 못하는  80%이상의 일선학교 행정실장들을 가입제한을 둔다는 것은 대단한 제약이고 제한이라고 생각합니다.이에 저는 6급 이하의 모든 교육행정직 공무원들은 가입대상에 포함시켜야 한다고 주장합니다",,,20240124,NA
한글 도메인 등록요청,재정/금융/소비자,,답변완료,2003-07-04,관세청,"[개요]
한글도메인에 ""관세청""을 등록해서 인터넷 익스플로어으로 접속시 주소창에 관세청을 한글로 도메인을 입력하여 접속할수 있다면 좋겠다.

[현행 및 문제점]


[예산절감액]
0

[국세/조세수입증대액]
0

[개선방안]


[행정개선효과]",,,20240124,
회사의 연금체납으로 인한 압류조치 통보,노동/환경,,,2003-07-04,고용노동부,"안녕하십니까. 이곳에 이 글이 맞는지 어떤지 모르겠습니다.저는 인터넷을 개발하고 있는 회사에 근무하고 있으면 총무,회계, 기획등을 맡아 업무를 보고 있습니다.저희는 학교에서 창업하여 만든 규모가 작은 회사로서 그동안 수년동안 개발해온 시스템을 금년에 납품을 시작하면서 이제 안정을 찾을 수 있지 않을까 안도의 숨을 돌리려 했습니다.하지만, 경기침체 및 제품의 마케팅력 부족으로 인해 극심한 자금난을 겪고 있으며, 이로 인해 직원들의 급여를 거의 10개월이상 지급하지 못하면서도 모두 힘을 합쳐 난국을 헤쳐나가자는 마음으로 개발에 전념하고 있습니다.하지만 자금의 부족으로 국민연금 비용을 그동안 어렵게 마련하여 부담하여 왔으나 지금 3개월이상 납부하지 않아 오늘 담당자와 통화한 내용은 다음주까지 납부하지 않으면 압류가 가해진다고 합니다.결국 자생력을 키우기도 전에 정부의 중소기업 살리기 정책과는 반대로 더욱 큰 어려움을 겪고 있습니다. 그래서 이를 위해 납부유예 방법을 찾아봤지만 회사의 화재등의 재난이 발생하기 전까지는 다른 방법이 없다는군요.결국 정부가 진행하고 있는 사업으로 인해 더욱 더 어려운 상황으로 빠져들고 있습니다.어떻게 이 문제를 해결해야 할지 모르겠습니다. 이제 더 이상 돈을 끌어오기도 지치고, 정말 사채를 끌어다 국민연금을 납부해야 할 것 같습니다.올해초부터 각종 정부지원자금을 받으려 진행한 것이 6건이며, 많은 준비와 노력을 했지만, 부채비율 초과등 각종 조건을 충족하지 못했습니다. 기술력이 뛰어난 것은 인정한다. 그러나 새로운 시장인 것 같은 데 위험성이 크지 않느냐 등의 이야기들만 되풀이 되더군요.이에 정부에서는 서로 상충되는 지원책이 아닌 총력적으로 어려운 중소기업을 지원할 수 있는 제도가 있어야 되지 않을 까 합니다.젊음이라는 시간을 사회에 조금이라도 기여할 수 있는 제품을 만들고자 노력해온 것들이 결실을 보기도 전에 사그러들지도 모르는 이런 상황에서 답답한 마음에 글을 올립니다.",,,20240124,NA
이게무슨 처리야>>>>?,노동/환경,,,2003-07-04,고용노동부,임금채불에관한 규제.사업주에게 넘 많은 시간을 주는 바보같은 규정..,,,20240124,NA
과속 단속 카메라감지기 기사를 읽고.....,행정/자치/안전,,답변완료,2003-07-03,경찰청,"1.중앙입보 7/3일자 40면 곽낙연 기자의 기사가 사실이라면?

  관련법안이 언제 만들어 졌는지는 몰라도 아마 오래되었다면 요즘 현실정과는 맞지않는 것아닌가싶습니다.  왜냐하면 Global Positioning System (GPS)의 기능과 차량장착시 제공되는 폐해나 편리함이나 운전자에게 어떤 도움이 되는지 정확히 알아야 할것같습니다.

2.도로교통법 48조 속도측정기기 탐지용 장치를 한 차를 운전해선 안된다.라고 되어있는데 요즘출시되는 기기는 대부분 과속 금지 구간,곡선도로,사고다발지점,상습안개 지역등을 전방 500m지점부터 안내해주고 있어 여간 운전자에겐 도움이되는 것이아니다. 또한 초행길일경우 그용도는 더할나위없이 도움이 되고있다.대부분위 과속방지 감시카메라설치위치가 과속시 위험한곳에 설치했다면 사전에 알려주어 서행하게 한다면 권장해야할 자동차 장치가 아닐까 싶습니다.

 특히 겨울철 노면이 얼어 있거나 눈이내린  도로를 주행 한다면 이 기능은 더욱 위력을 발휘한다. 기기가 장착된 차량에 한번 타고 고속도로를 달려본 사람들이 이구동성으로 하는말이 너무좋다고들 한다. 단순히 과속하여 벌금을 내고안내고할 문제의 성격을 넘어선것이 아닌가 싶다.

3. 세상이 너무 빠르게 진보 발전하고있다.

 그런데 관련법이 설사 어제 만들어 졌다고 해도 내일이면 용도 폐기해야할수도있다. 하루가 다르게 변화하는 문명을 인간에게 편리하게 활용하지않는 다면 우리가하고 있는 규제와 법의 틀은 과연 무었을위해 존재하는것일까를 생각케합니다.

4.GPS는 과연 운전에 도움을 줄까 피해를 줄까?

 제가여기서 GPS생산회사의 편을 들어서 하는말은아니다. 누구든 목돈이 들어가 문제가 되는것이지 기기를 장착해면 급제동을 하여 위험을 초래하고 장착하지않으면 서행을 한단말인가? 그것은그렇지않다 오히려 반대다. 실험을 통해검증을 해보면 될것이다.

5.판매는 합법 설치는 위법 이라고하는 아이러니한 법이 법치공화국인 대한민국에도 여전히 존재한다면 이것은 누가 해결해야 하나요?

5.사례 소개

 2002년 12월 영동고속도로 상행 소사휴게소 지나 최고 속도80km 지점에서  주행중 전방에 감시 카메라를 늦게 발견하고 급감속하던중 노면이 얼어있던 곳이라 차가 돌면서 뒤따르던 차들이 연쇄추돌하는 장면을 목격하면서 안타까워 하던때를 기억합니다.

6.요망 사항:본건에대하여 심사숙고하여 결정해주시고, 시험운행하여 타당성이있다면 관련법을 수정 보완할 필요성이 대두됩니다.

 수고하십시요.",,,20240124,
공무원의노동조합설립및운영등에 관한법률안에 대한 의견,노동/환경,,,2003-07-03,고용노동부,"의견서 제출사유 지금 우리국민과 공무원들은 공직사회가 바뀌어야 나라가 바로선다며 너도 나도 공직사회 개혁을 부르짖고 있습니다만 안타깝게도 개혁을 선도해야할 교육부가 가장 부패한 부서중 하나로 국민들의 따가운 질책을 받고 있는게 현실입니다. 이런 결과를 낳고 있는 이면에는 경직되고 현실성 없는 제도적인 문제가 있습니다. 20여일 전 우울증으로 스스로 자신의 목숨을 끊었던 서울 서강초등학교 서무부장 이재영(6급)이라는 분이 계셨습니다. 전 근무지 교장선생님의 부당한 압력과 갖은 인격모독이 우울증을 얻게된 계기였습니다. 이일은 비단 고 이재영 서무부장님 한사람의 개인적인 문제가 아니라 우리 교육행정직 공무원들이 처한 환경을 단적으로 보여주는 사건이었습니다. 하지만 애석하게도 지난번 보성초등학교의 기간제교사 차접대 사건처럼 언론의 관심도 끌지도 못한 채 서서히 묻혀가고 있습니다. 이번 일이 한 개인의 일이 아니라 학교에서 근무하고 있는 전체 교육행정직 공무원의 일이라는 말이 설득력을 가지고 있습니다. 교장. 교감선생님들의 불합리한 억압을 가능케 하는 다음의 법적, 제도적인 문제가 그 이유입니다. 첫째, 초중등교육법 제20조 4항 “행정직원등 직원은 교장 또는 원장의 명을 받아 학교의 행정사무와 기타의 사무를 담당한다.”라는 조항이 고무줄처럼 이리저리 자의적으로 해석되어 적용되는 악법중 악법으로 작용하고 있기 때문입니다. 참고로 제 20조 3항은 “교사는 법령이 정하는 바에 따라 학생 또는 원아를 교육한다”입니다. 둘째, 초. 중등학교의 행정실장에게 주어진 법적인 의무는 고스란히 한 기관의 관리부서가 하는 일 그대로입니다.(이것 때문에 이번의 공무원노조법률안에서 가입제한조건으로 작용할 가능성이 있습니다.) 예산편성, 학교회계출납원, 문서관리, 방화관리, 보안관리, 운영위원회 업무등등 일일이 손으로 꼽을 수도 없는 많은 일들의 주무부서로 행정실이 있습니다. 그 뿐만아니라 법적책임이 명확하지 않은 모든 업무가 “잡무”라는 이름하에 교원단체들의 업무경감 투쟁의 결과로 하나 둘 행정실로 넘어오고 있는게 현실입니다. 하지만 이일을 감당해야하는 인력은 초등학교의 경우 1명 내지 2명으로 현실적으로 감당할 수 없는 일입니다. 하지만 각각의 일에는 모두 엄중한 법적 책임과 의무가 주어져 있습니다. 말하자는 무한 책임을 (그것에 걸 맞는 현실적인 권위나 권리나 또는 보상은 전무한 상태로) 져야한다는 것입니다.이 때문에 일전에 천안에서 있었던 초등학교 축구부 화재참사에서도 겨우 7급인 행정실장이 중형을 받기도 했습니다. 이런 현실성 없는 무한책임의 업무들이 교장, 교감들이 종처럼 부릴 수 있는 좋은 빌미로 작용되고 있음이 그 이유입니다. 위와 같은 법적 제도적인 이유로 우리는 상부관청과 교장교감의 부당한 요구를 거절할 수가 없으며 반강제적으로 혹은 자발적으로 부패와 비리의 주인공이 되어가고 있습니다. 이러한 이유로 우리 교육행정직 공무원들 중 많은사람들은 실제로 고 이재영 서무부장님의 경우처럼 우울증을 겪고 있거나 그 경험을 말하고 있습니다. 이런 상태로는 과거 지난 정권에서처럼 교육부개혁은 현실성 없는 한낱 구호에만 그칠 뿐 어떤 정권이 다시 들어서 공직개혁을 부르짖는다 해도 겉모습만 조금씩 유연성있게 대처하며 달라질 뿐 점점 더 철저하고 견고하게 부패될 것임은 자명한 일입니다. 우리는 국민의 여망이자 우리 교육행정직의 여망인 공직사회 개혁을 이런 부당한 제도와 현실개혁을 통해 이루고자합니다 그러나 이렇게 절박한 문제를 안고 있음에도 이일은 손가락하나 자유로이 움직일 수 없는 우리스스로는 혹인 일개인의 힘으로는 거의 불가능한 일이기에 우리 교육행정직 공무원은 그 어떤 노동자보다도 온전한 노동3권을 가진 노동조합을 원합니다. 그러한 여망을 담아 이 의견서를 제출합니다.",,,20240124,NA
인간답게 살 권리를 ?,노동/환경,,,2003-07-03,고용노동부,"공무원노동조합설립및운영등에관한법률(안)에 대한 의견서 1. 의견서 제출사유 20여일 전 서울 서강초등학교 서무부장 이재영(6급)의 자살 및 천안초등학교 화재사건과 행정직원의 폭행사건 등에서 보듯이 현 학교현장에서는 교육행정직의 근무여건은 최악으로 치닫고 있으며, 전교조 및 한교조 등 교원단체들의 태도는 행정의 기본마저 파괴하고 있는 실정입니다. 또한 학교에서는 관리자도 아닌데(실제 관리수당 및 직위가 없음) 행정실장 혹은부장으로서  관리의 역할을 다하기 위하여 가만히 숨죽여 사는 교행가족들을 보면서 그래도 적은 보수와 열악한 근무환경속에서도 사명감을 가지고 열심히 일을 하였으나 최근의 사태들은 더 이상 물러설 자리가 없음을 깨닫게 됩니다. 책임과 권한은 비례해야 하지만 학교현장은 책임만 많고 권한은 아무것도 없는 빈껍데기 불과한 어쩌면 학교에서 가장 힘없고, 약한 존재입니다. 이것으로 끝나면 괜찮겠지만 사고가 발생하면 모든 책임은 우리에게 전가되는 실정이고 보면 우리에겐 아무런 희망이 없으며, 일을 열심히 하려 해도 솔직히 근무의욕이 나지 않고, 교장 및 교육단체의 횡포에 지금은 가장 낮게 업드려 있는 실정이며, 이는 국가와 학교의 큰 불행이자 개인으로서도 불행한 일입니다. 또한 동 입법예고안을 보면 행정실장은 노조에 제외되는 것으로 아는데 이것은 마지막 희망까지 빼앗는 인간으로서 행복하게 살수 있는 권리을  빼앗는 것입니다.  이에 학교현장의 문제점을 구체적으로 보면  교장. 교감 교사는 학교에서 다수로서 불합리한 억압을 가능케 하는 다음의 법적, 제도적인 문제가 그 이유입니다. 첫째, 초중등교육법 제20조 4항 “행정직원등 직원은 교장 또는 원장의 명을 받아 학교의 행정사무와 기타의 사무를 담당한다.”라는 조항이 고무줄처럼 이리저리 자의적으로 해석되어 적용되는 악법중 악법으로 작용하고 있기 때문입니다. 참고로 제 20조 3항은 “교사는 법령이 정하는 바에 따라 학생 또는 원아를 교육한다”입니다. 둘째, 초. 중등학교의 행정실장에게 주어진 법적인 의무는 고스란히 한 기관의 관리부서가 하는 일 그대로입니다.(이것 때문에 이번의 공무원노조법률안에서 가입제한조건으로 작용할 가능성이 있습니다.) 예산편성, 학교회계출납원, 문서관리, 방화관리, 보안관리, 운영위원회 업무등등 일일이 손으로 꼽을 수도 없는 많은 일들의 주무부서로 행정실이 있습니다. 그 뿐만아니라 법적책임이 명확하지 않은 모든 업무가 “잡무”라는 이름하에 교원단체들의 업무경감 투쟁의 결과로 하나 둘 행정실로 넘어오고 있는게 현실입니다. 하지만 이일을 감당해야하는 인력은 초등학교의 경우 1명 내지 2명으로 현실적으로 감당할 수 없는 일입니다. 하지만 각각의 일에는 모두 엄중한 법적 책임과 의무가 주어져 있습니다. 말하자는 무한 책임을 (그것에 걸 맞는 현실적인 권위나 권리나 또는 보상은 전무한 상태로) 져야한다는 것입니다.이 때문에 일전에 천안에서 있었던 초등학교 축구부 화재참사에서도 겨우 7급인 행정실장이 중형을 받기도 했습니다. 이런 현실성 없는 무한책임의 업무들이 교장, 교감들이 종처럼 부릴 수 있는 좋은 빌미로 작용되고 있음이 그 이유입니다. 위와 같은 법적 제도적인 이유로 우리는 상부관청과 교장,교감의 부당한 요구를 거절할 수가 없으며 반강제적으로 혹은 자발적으로 부패와 비리의 주인공이 되어가고 있습니다. 이러한 이유로 우리 교육행정직 공무원들 중 많은사람들은 실제로 고 이재영 서무부장님의 경우처럼 우울증을 겪고 있거나 그 경험을 말하고 있습니다. 이런 상태로는 과거 지난 정권에서처럼 교육부개혁은 현실성 없는 한낱 구호에만 그칠 뿐 어떤 정권이 다시 들어서 공직개혁을 부르짖는다 해도 겉모습만 조금씩 유연성있게 대처하며 달라질 뿐 점점 더 철저하고 견고하게 부패될 것임은 자명한 일입니다. 우리는 국민의 여망이자 우리 교육행정직의 여망인 공직사회 개혁을 이런 부당한 제도와 현실개혁을 통해 이루고자합니다 그러나 이렇게 절박한 문제를 안고 있음에도 이일은 손가락하나 자유로이 움직일 수 없는 우리스스로는  혹인 일개인의 힘으로는 거의 불가능한 일이기에 우리 교육행정직 공무원은 그 어떤 노동자보다도 온전한 노동3권을 가진 노동조합을 원합니다. 그러한 여망을 담아 이 의견서를 제출합니다. 2. 의견내용 첫째,  가입법위의 문제 입니다. 노조법안에서는 ""인사, 예산 등 관리. 운영업무에 종사하는 공무원”은 가입제한대상이라고 말합니다. 이런 문구는 그 범위가 명확하지 않아 악용될 우려가 있습니다.혹시 이런 애매한 문구로 말미암아 일선학교에서 실질적인 권리나 재량도 없이 근무하고 있는 “인사, 예산 등 관리. 운영업무에 종사하는 공무원”즉  6급이하 행정실장님들 까지 가입대상에서 제외되지 않을까 하여 걱정하고 있습니다.이 조항 때문에 억울하게 노동자로서의 권리를 희생당하는 공무원이 없도록 다시 한번 제고해 주실 것을 부탁드립니다.둘째, 단체협약 체결권 문제입니다. 노조법안의 “법령.조례 및 예산에 의하여 규정되는 내용등은 단체협약으로서의 효력을 인정하지 아니한다” 하는 내용입니다. 우리가 원하는 공직사회 개혁의 첫 번째 과제가 바로 제도개선입니다. 그일 중 어떤것도 “법령.조례 및 예산”에 의하여 규정되지 않은게 없는 실정에서 하필이면 바로 그 내용을 인정하지 아니한다 함은 우리 정부에서는 공직개혁의 의지가 전무하며 그것에 대하여 공무원 당사자들은 아무 것도 하지말고 그대로 있어라하는 말과 같습니다. 이런 이유로 이번정부에서도 “공무원노조 인정”라는 보기좋은 허울을 가지려할 뿐 알맹이인 개혁하고자 하는 의지가 없다는 비난을 피하기 어려울것입니다.  또한 제도적인 개선 없이는 노동조합의 일차적인 목적인 “근무조건 유지 개선 및 기타 경제적 사회적 지위 향상” 에도 부합될 수 없습니다. 셋째, 전임자에 대한 무보수 규정입니다. 전임기간을 무급휴직으로 하고 이를 이유로 신분상 불이익을 받지 아니한다 하였습니다. 하지만 무급휴직이 바로 신분상 불이익이라는 점에서 부당한 규정입니다. 노동조합은 개별 노동자 집단의 이익집단으로 보아서는 안됩니다. 건강한 노조활동을 통해 자본과 권력으로부터 노동자의 권리를 지켜내어 균형을 갖춘 건강한 사회건설이라는 공익을 위한일입니다. 따라서 노조전임자에 대한 무보수 규정을 두려는 것은 건강한 노조활동을 막는 중요한 요소로 작용할 것이기에 부당합니다. 넷째, 단체행동권 금지의 문제입니다. 노조법안의 ""파업. 태업등 업무의 정상적인 운영을 저해하는 행위""를 할 수 없도록 하는 규정입니다.  만약에 노조가 정당하고 합리적인 요구를 했을 때 조차도 사용자 측에서 요구를 들어주지 않는다면 어떤 방법으로 그 의견을 관철시킬 수 있겠습니까? 어떤 요구를 해도 안들어주면 그만인 노조는 있으나 마나입니다.그 어떤이유로도 단체행동권을 전면적으로 부정하여서는 안됩니다.  이것은 자연스러운 쟁의행위를 막아 평범한 많은 노동자들까지 범법자로 만들 수 있다는 점과 행동권이 없는 노조는 유명무실하다는 점에서 부당합니다. 3. 맺는 말 복지부동 무사안일 철밥통등의 단어가 공무원을 일컫는 고유명사로 자리매김한지 오랩니다. 하지만 아직은 우리 복지부동의 공무원들의 가슴에는 그 누구도 따라잡지 못할 애국심과 선량한 양심이 살아 숨쉬고 있습니다. 진정으로 맡은 일에 자부심과 긍지를 가진 공무원으로 거듭나고 싶었던 많은 공무원들은 이번에 공무원 노조가 합법화 된다하여 기쁨과 설렘으로 희망을 이야기 했습니다. 하지만 이번에 입법예고된 노동부의 법률안을 보고 허탈함과 실망을 감출 수가 없습니다. 허탈함과 실망을 넘어 또다시 절망하며 분노합니다. 다시 암담하고 답답한 현실의 벽에 숨막힘 현상을 맛보고 있습니다. 지금도 침묵 속에서 고요히 우울증을 앓고 있는 수많은 교육행정직 공무원들이 있습니다. 앞으로도 수많은 또다른 이재영이 다시 죽을지도 모릅니다. 이 법안이 이대로 통과 되어버린다면 우리에겐 이 숨막히는 부조리와 불합리를 개선할 힘을 얻지 못합니다. 수많은 교육행정직 공무원들이 부패와 비리의 수족노릇을 하며 날마다 조금씩 절망하며 양심을 죽여가고 있습니다. 또한 바로 자신이 당사자인지라 내부 고발제도는 있으나 마나입니다.  부디 우리가 스스로 부패와 부조리를 개혁 할 수 있도록, 다시 희망을 말할 수 있도록 이번의 법률안을 다시 한번 제고하셔서 반드시 수정하여 주시기를 바라는 맘으로 이 의견서를 제출합니다. 4. 의견서 제출자연대 서명에 따른 대표자성명 : 김형준  행정실장(8급)  주소 : 울산광역시 중구   전화번호 : 019-544-0255   (서명)의견서 제출에 따른  연대 서명자 명단성명 : 신애경  지방사무원(10급)주소 : 울산광역시 남구   전화번호 : 011-866-2659  (서명) 성명 : 박준탁  지방조무원(8급)   주소 : 울산광역시 울주군 전화번호: 019-515-8890 (서명) 5. 기타 참고사항이 의견서를 보낸 사람들은 울산광역시 울주군지역 초등학교에서 근무하는 지방교육행정 가족이며, 제출된 의견서 전체 통계에 대한 자료를 공지하지 않거나, 의견서를 제출한 사람들에게 의견서 전체 결과를 알려주지 않을 경우 정보공개 등을 통해 책임소재를 명백히 할 것임.",,,20240124,NA
교육행정직의 노조가입건...,노동/환경,,,2003-07-02,고용노동부,"2. 의견내용 첫째,  가입법위의 문제 입니다. 노조법안에서는 ""인사, 예산 등 관리. 운영업무에 종사하는 공무원”은 가입제한대상이라고 말합니다. 이런 문구는 그 범위가 명확하지 않아 악용될 우려가 있습니다.혹시 이런 애매한 문구로 말미암아 일선학교에서 실질적인 권리나 재량도 없이 근무하고 있는 “인사, 예산 등 관리. 운영업무에 종사하는 공무원”즉  6급이하 행정실장님들 까지 가입대상에서 제외되지 않을까 하여 걱정하고 있습니다.이 조항 때문에 억울하게 노동자로서의 권리를 희생당하는 공무원이 없도록 다시 한번 제고해 주실 것을 부탁드립니다.둘째, 단체협약 체결권 문제입니다. 노조법안의 “법령.조례 및 예산에 의하여 규정되는 내용등은 단체협약으로서의 효력을 인정하지 아니한다” 하는 내용입니다. 우리가 원하는 공직사회 개혁의 첫 번째 과제가 바로 제도개선입니다. 그일 중 어떤것도 “법령.조례 및 예산”에 의하여 규정되지 않은게 없는 실정에서 하필이면 바로 그 내용을 인정하지 아니한다 함은 우리 정부에서는 공직개혁의 의지가 전무하며 그것에 대하여 공무원 당사자들은 아무 것도 하지말고 그대로 있어라하는 말과 같습니다. 이런 이유로 이번정부에서도 “공무원노조 인정”라는 보기좋은 허울을 가지려할 뿐 알맹이인 개혁하고자 하는 의지가 없다는 비난을 피하기 어려울것입니다.  또한 제도적인 개선 없이는 노동조합의 일차적인 목적인 “근무조건 유지 개선 및 기타 경제적 사회적 지위 향상” 에도 부합될 수 없습니다. 셋째, 전임자에 대한 무보수 규정입니다. 전임기간을 무급휴직으로 하고 이를 이유로 신분상 불이익을 받지 아니한다 하였습니다. 하지만 무급휴직이 바로 신분상 불이익이라는 점에서 부당한 규정입니다. 노동조합은 개별 노동자 집단의 이익집단으로 보아서는 안됩니다. 건강한 노조활동을 통해 자본과 권력으로부터 노동자의 권리를 지켜내어 균형을 갖춘 건강한 사회건설이라는 공익을 위한일입니다. 따라서 노조전임자에 대한 무보수 규정을 두려는 것은 건강한 노조활동을 막는 중요한 요소로 작용할 것이기에 부당합니다. 넷째, 단체행동권 금지의 문제입니다. 노조법안의 ""파업. 태업등 업무의 정상적인 운영을 저해하는 행위""를 할 수 없도록 하는 규정입니다.  만약에 노조가 정당하고 합리적인 요구를 했을 때 조차도 사용자 측에서 요구를 들어주지 않는다면 어떤 방법으로 그 의견을 관철시킬 수 있겠습니까? 어떤 요구를 해도 안들어주면 그만인 노조는 있으나 마나입니다.그 어떤이유로도 단체행동권을 전면적으로 부정하여서는 안됩니다.  이것은 자연스러운 쟁의행위를 막아 평범한 많은 노동자들까지 범법자로 만들 수 있다는 점과 행동권이 없는 노조는 유명무실하다는 점에서 부당합니다. 3. 맺는 말 복지부동 무사안일 철밥통등의 단어가 공무원을 일컫는 고유명사로 자리매김한지 오랩니다. 하지만 아직은 우리 복지부동의 공무원들의 가슴에는 그 누구도 따라잡지 못할 애국심과 선량한 양심이 살아 숨쉬고 있습니다. 진정으로 맡은 일에 자부심과 긍지를 가진 공무원으로 거듭나고 싶었던 많은 공무원들은 이번에 공무원 노조가 합법화 된다하여 기쁨과 설렘으로 희망을 이야기 했습니다. 하지만 이번에 입법예고된 노동부의 법률안을 보고 허탈함과 실망을 감출 수가 없습니다. 허탈함과 실망을 넘어 또다시 절망하며 분노합니다. 다시 암담하고 답답한 현실의 벽에 숨막힘 현상을 맛보고 있습니다. 지금도 침묵 속에서 고요히 우울증을 앓고 있는 수많은 교육행정직 공무원들이 있습니다. 앞으로도 수많은 또다른 이재영이 다시 죽을지도 모릅니다. 이 법안이 이대로 통과 되어버린다면 우리에겐 이 숨막히는 부조리와 불합리를 개선할 힘을 얻지 못합니다. 수많은 교육행정직 공무원들이 부패와 비리의 수족노릇을 하며 날마다 조금씩 절망하며 양심을 죽여가고 있습니다. 또한 바로 자신이 당사자인지라 내부 고발제도는 있으나 마나입니다.  부디 우리가 스스로 부패와 부조리를 개혁 할 수 있도록, 다시 희망을 말할 수 있도록 이번의 법률안을 다시 한번 제고하셔서 반드시 수정하여 주시기를 바라는 맘으로 이 의견서를 제출합니다.",,,20240124,NA
공무원노조입법예고안 의견서 제출,노동/환경,,,2003-07-02,고용노동부,"○ 가입범위의 지나친 제한   공무원은 노동조합에 가입할 수 있도록 하되, 사실상 노무에 종사하는 공무원, 특정직·정무직 공무원, 5급 이상 및 지휘·감독권을 행사하는 공무원, 그리고 인사·예산 등 행정기관의 관리·운영업무에 종사하는 공무원과 공안업무 기타 그 업무의 성격이 노동조합원으로서의 지위에 저촉된다고 인정되는 공무원 중 대통령령으로 정하는 공무원 등은 가입을 금지한다고 하였습니다. 이는 공무원인 근로자에 대하여 노동기본권을 보장함으로써 근무조건의 유지·개선 기타 경제적·사회적 지위 향상을 도모할 수 있도록 한다는 근본취지와 배치된다고 보여집니다. 뿐만 아니라 일선기관이나 사업소 같이 규모가 작은 곳에 근무하는 사람은 어쩔 수 없이 인사·예산등 행정기관의 관리·운영업무에 종사하고 있는만큼 노조에 가입할 수 있는 길이 아예 원천봉쇄되어 버리는 문제가 있습니다.",,,20240124,NA
공무원 노조 입법예고안관 관련하여 가입제한 조건 완화 요청,노동/환경,,,2003-06-25,고용노동부,"공무원노조입법 준비에 고생이 많으신 줄 알고 있습니다.대다수 의견들이 6급 이하에게 노조 가입권한을 주고 있는데 이것은 현실을 외면한 부분이 많다고 생각합니다. 6급에서 5급을 준비하면서 과연 노조에 개입할수 있는 분들이 얼마나 될까요? 그리고 노조의 기본적인 모토가 조직원의 복리, 급여 등이라고 배웠는데 단위기관에는 5급이 중간관리자인 경우가 많습니다. 그런데 5급이 사용자 측에서 6급이하와 협상테이블에 앉아 과연 정도의 협상이 이루어지겠습니까? 또한 중앙정부에서도 고시에 합격한 후 첫 발령을 5급으로 받는데 첫 발령을 받고 근무를 하는 사무관들이 단지 5급이라는 직급때문에 사용자 측에 서야한다는 것은 아직도 관료주의가 사라지지 않고 있다는 것을 의미한다고 봅니다. 6급이하도 중앙정부의 시각에서 나온 것으로 알고 있습니다.그리고 교육행정공무원들은 직장협의회에서도 대다수가 가입제한 조건때문에 소외되었었는데 이번 노조 입법예고안에서도 마찬가지라 관계자 여러분게 진심으로 부탁드립니다. 교육행정공무원 뿐만 아니라 위 관련규정으로 인해 노조에 가입코자 해도 가입할수 없는 공무원 조직이 얼마나 되는지 그리고 그 들을 구제할 방법은 없는지 관심을 가져 주십시오. 수고하십시오.",,,20240124,NA
고용안정사업 근로자에게 직접 지원을 하여주었으면 합니다.,노동/환경,,,2003-06-25,고용노동부,사업주에게 지원하는 훈련비 교육비를 근무중인 근로자에게 직접지원을 하였으면 합니다.,,,20240124,NA
공무원노동조합입번예고안,노동/환경,,,2003-06-24,고용노동부,"안녕하십니까.  날씨도 우중충한 가운데 지금도 격무에 바쁘실 터인데도 이렇게 인터넷을 통하여 글을 올려 번거럽게 해드리는 것이 아닌지 심히 염려되긴 하오나 지금 현재 입법예고된 공무원노동조합법에 대하여 말씀드리지 않을 수가 없어 이렇게 글을 씁니다. 지금 현재 입법예고된 노동조합법은 기존의 공무원 직장협의회법과 전혀 다를것이 없습니다.  물론 문구가 직형에서 노조라는 명칭만 변경되었을 뿐이지 바뀐것이 없습니다.  1.5권 논쟁은 차치하고라도 가입대상에서부터 상당히 많은 제약이 따릅니다. 이것은 기존 행자부 주관이던 공직협과 전혀 다를게 없습니다.  국가의 노동정책을 주관하는 노동부에서 어떻게 이런 졸속한 법안을 제안하게 되었는지 심히 염려스럽고 개탄스러울 뿐입니다. 예고된 노동조합법에서는 인사, 예산, 관리, 운영, 공안, 사실상 노무에 종사하는 사람. 5급이상 공무원들을 제한하고 있는데 도대체 여기 안걸리는 공무원이 몇명이나 되겠습니까? 물론 노동부나 기타 국가부처에서는 안걸리는 분들이 많겠죠. 하지만 산하단체나 최소단위 기관에서는 제한에 안걸리는 직이 거의 없다고 봐도 될것입니다. 그럼 이들의 기본권은 말살당해도 되는 것입니까? 가까이만 보지 마시고 눈을 넓게 보아주십시오.! 일선기관에서 남들 하기 싫어하는 예산, 관리운영등을 하면서 책임은 책임대로 지고 욕은 욕대로 먹고 고생은 고생대로 하는데 게다가 노동조합 가입도 금지한다니요.   한마디로 진창에서 구르는 놈은 계속 진창에서 구르란 말씀이십니까? 제가 있는 교육행정직은 더욱더 상황이 심각합니다.  교육행정직은 9급 신규로 발령이나도 조그만 초등학교 행정실장이란 직위로 이 자리는 말그대로 하면 인사, 예산, 관리운영등을 합니다. 인사라고 해봤자 기능직 공무원분들 2~3분정도 거의 기계적인 근평을 매기는 거와  예산이라고 1~ 3억대 예산을 편성하고 집행하고 책임은 맨날 혼자다지고 관리운영이라고 9급임에도 불구하고 방화관리자에 시설안전책임자 물품및 재산관리 업무등을 하면서 소위 교육이외의 일을 몽당 책임지고 수행해나가는데 실질적으로 아무런 권한도 없고 일만 많은 직종입니다. 더군다나 숫적으로 소수이다 보니 노동조합의 열망또한 간절하였는데 이런 식의 입법이 이루어진다면 전국 5만명의 교육행정인들은 또 다시 움직일수 없는 족쇄에 쓰러질것입니다. 다시 말씀드리면 지금의 입법예고안이 그대로 시행된다면 이전에 시행되엇던 공무원직장협의회 수준의 졸속법안으로 밖에 이루어 지지 않을 것입니다. 다시한번 참고하시어 전국 공무원들을 모두 아우를스 있는 그런 법안이되도록 개선하여 주시기 바랍니다.",,,20240124,NA
임금체불에 관하여,노동/환경,,,2003-06-24,고용노동부,사업주가 임금체불일 경우 노동부에다 전자민원을 신청해 사업주를 조사.,,,20240124,NA
근로자 1인2자격제도 부활,노동/환경,,,2003-06-24,고용노동부,기간은 자세히 모르겠지만 저희같은 직장인이 시험보기에는 아주 좋은제도였다고 생각합니다.그런데 시험보는 직장인이 별로 없어서 인지 폐지되었더군요.다시부활하심은 어떨런지요.,,,20240124,NA
건축직종은 휴일도 없어요,노동/환경,,,2003-06-16,고용노동부,"제가 건축과를 나와서 건설계통에서 일을 해봐서 느낀겁니다.저는 다행히 관리직종에 있어서 현장직들의 어려움을 직접적으로 경험하진 못 지만...저두 일주일내내 아침8시 출근에 저녁7시 퇴근 일요일은 돌아가면서 당직까지결국 몸이 못 견뎌내고 관뒀습니다.현장직들 새벽부터 출근해서(아침 7시까지) 밤 늦게까지 (밤 8시)일요일, 공휴일 이런 날은 당연히 없습니다. 공사기간이 넘 촉박해서 준공일이 다가오면 야근을 밥먹듯이 하구여비오는 날도 현장에서 할 수있는 일을 해야하고,,,그렇다구 월급여가 많은건 절대 아니랍니다. 오히려 박봉에 속하죠...또 현장직은 차로 이동을 자주하니 유류대도 무시 못하죠..쉬는 날 없죠, 급여 적죠, 몸은 상할대로 상하죠, 사회에선 알아주지도 않죠,누가 이런 직종을 택하겠습니까? 그래서 이공계열에 학생들이 지원하겠습니까?주 5일근무 바라지도 않습니다. 제발 일주일에 한번이라두 쉬었음 합니다.",,,20240124,NA
고용.산재보험의 유예조치,노동/환경,,,2003-06-16,고용노동부,"안녕하십니까.저는 대한건설기계협회 고용.산재보험 사무조합의 업무를 담당하고 있습니다.그러나 동 업무를 처리할 때, 근로복지공단 및 노동부 고용안정센타의 도움으로 별 어려움 없이 업무를 처리하곤 합니다.그러나 요번 문제는 법령의 아무런 명시사항이 없어서 노동부의 의견을 듣고자 합니다.저희 사무조합의 위탁사업장 중 건설기계사업자(차주)가 한반도에너지개발기구와 북한간 경수로협정에 의한 경수로건설로 북한에 건설장비와 근로자를 투입하여 사업을 하고 있습니다.이때 사업주가 고용 및 산재보험을 성립하였다면 동 보험료의 납부유예가 가능한지여부와 차주가 경수로 건설공사에서 철수하여 다시 보험료를 납부할 때까지 발생한 보험료 및 연체료는 면제가 가능한지여부를 여쭙니다.그러나 지사 담당자는 건설기계사업주가 사업행위를 하는 것이 명백하니 성립취소는 물론 보험료와 연체금까지 유예를 시킬 수 없다합니다. 이에 명확한 법적 근거와 이는 규제개혁의 대상이 되는지를 여쭈어 봅니다.",,,20240124,NA
사회보험 미가입 대표자..,노동/환경,,,2003-06-15,고용노동부,이하,,,20240124,NA
지도 점검할때의 안건입니다.,노동/환경,,,2003-06-14,고용노동부,"직업능력훈련의 대해서 관할 노동사무소에서 지도 점검할때의 태도1. 담당하고 있는 신분을 잊어버림- 무턱대고 들어와 인사도 없음- 이서류 저서류 가져오라고 함.- 지도점검시 정중한 태도를 원함.  (나쁜짓해서 감사 받는 그런 기분에 어이가 없다.)- 개인감정 내세워 사무실에서 훈련생이 훈련하고 있는데, 큰소리로 떠듬.- 그러한 태도는 돈 봉투를 달래는 태도인것 같아 기분이 무척상한다.- 훈련기관의 사정을 타 기관에 가 얘기를 해서 난처한 일이 있었다.(비밀유지가 공무원의 기본인데 이해 안 가는 행동 하긴 원래가 그랬으니....)- 이곳에서 그 여직원을 원래 그래 그런 사람 취급한다.",,,20240124,NA
불필요한 직업상담사제도,노동/환경,,,2003-06-12,고용노동부,현재 노동부에서 근무하고 있는 직업상담사의 숫자가 3천명이라고 한다.그런데 언론보도에 따르면 그 숫자 중에서 실질적으로 직업상담사 자격을가진 인력은 오백명이 채 되지 않는다고 한다.이래서는 직업상담사 자격을 만든 취지 자체가 없어지게 된다.민간에서 담당해도 될 직업상담이라는 업종을 정부가 불필요하게 떠맡고있는 것도 불합리하거니와  그 효율성 자체도 의심이 되는 상황이다.그렇다면 과감하게 노동부 내의 직업상담사 제도 자체를 없애버리고그것을 민간으로 환원하는 방향을 생각해볼 시점이 아닌가 싶다.,,,20240124,NA
남녀고용평등법에 관하여,노동/환경,,,2003-06-04,고용노동부,현재 남녀고용평등법에 따르면 직원모집에 관한 공고를 게재할경우 남녀의 구분을 하지 못하도록 하고 있다,,,20240124,NA
경력증명서의 신뢰성 확보 및 정보화에 관한 제안,노동/환경,,,2003-06-01,고용노동부,"국민 개인의 경력증명을 개개의 사업체가 아닌 국민 모두가 신뢰성을 가질수 있는 노동부에서도 발급함으로서 경력증명서의 부조리를 없애고 국민의 편리도에 일조를 하리라 확신합니다.1) 개인의 경력사항을 국민연금이나 고용보험등으로 소스를 얻을수 있으므로 이러한 업무를 한층 더 업그래이드하여 개인의 경력증명을 노동부에서 대변해줄수 있는 시스템 구축이 필요하다고 봅니다.2) 정보화 시대에 맞추어서 인터넷을 통하여 개인의 경력증명서를 노통부 사이트로 접속하여 다운로드 받을수만 있다면 개인의 수고를 줄일수 있으며, 시간절약은 물론, 정보화 시대에 부흥하는 과정이라 봅니다.   3) 경력증명의 통일과 신뢰성을 가지는데 꼭 필요하다고 봅니다.4) 경력증명서의 허위기재나 부조리를 0%화 할 수 있습니다.감사합니다...",,,20240124,NA
파출소 총기 휴대에 대한 건의,행정/자치/안전,,답변완료,2003-05-31,경찰청,"현재 파출소 근무 남자 경찰관의 경우 혁대에 3.8권총과 삼단봉, 수갑, 무전기 등을 허리에 차고 있는데 신체구조상 허리는 비교적 약한 부분에 해당되는 곳으로,


경찰관의 특성상 흉악범인검거및 경찰관자신과 타인보호를 위하여 총기휴대가 필요한데


112신고등 출동을 위한 신속한 행동및 조치 절도범등 각종 검거시 달리기를 하여야 하고 도보순찰을 하는것이 본연의 업무로 3.8권총등과 같이 무게가 비교적 나가는 것을 허리에 차고 있어 경찰관의 신속한 행동에 다소 부담이 되고있고 업무에 지장을 초래하고 동료 경찰관들도 허리에 통증을 호소하며 허리디스크에 걸리는 사람이 많은 것으로,


현재 휴대장비를 개량화 경량화 하고 교통경찰관이나 여경들이 소지하고 있는 비교적 가벼운 권총을 지급하던지  아니면 자체적으로 살상용이 아닌 검거용의 권총을 가볍게 경찰관의 체형에 맞게 개발하고,


휴대 방법도 경찰관 개인의 특성에 맞게 허리, 에깨 등 착용방법을 선택하게 하여 업무을 집행하는데 능률을 높이도록 해야함.",,,20240124,
산재급여타인계좌이용을?,노동/환경,,,2003-05-29,고용노동부,산재급여를받는사람이 신용불량거래로 은행거래가안되는사람은 그돈을해결하지못하면 급여를받을수없다 통장거래가정지된사람도문재지만 돈이입금되면 채권단에서바로 돈을빼버리기때문에 급여를받을수가없다,,,20240124,NA
추월은 어디서,행정/자치/안전,,답변완료,2003-05-26,경찰청,"충북영동에서 김천방면 양민학살사건으로 유명한 노근리에서 김천까지 20km이상 황색 실선뿐이다

노근리 고개초입에서 과적의 공사차량이 20km의 저속으로 가는데도 

어디서 추월하란말인가?

5월 4일 팔순목전의 아버님이 사고로 병원에서 보호자없어 치료를 못한다고멀리살고 있는

본인한테 급한연락이왔다

내가 적발된걸 보고도 차량세대는 의경의 신호를 무시하고 도주했다 

사정이야기 하고 면허증 제시해고 병원전화 연결시킬래도 막무가내다 도주차량차종은 ?번호는?무전기로 수없이반복해댄다 그사이 순찰차가 추적하고 나서도 계속 도주차량만반복한다 

20여분 지체했다 병원에가니 온통베게가 피로적시고 봉합만 한시간했다

입원하고 과다출혈로 지금도 약드시며 농사일하신다 

사고잦은 고개 정상부근 고속도로 다리 아래서 단속안하고

버스 승강장에서 몸숨기며 단속해야하나 단속대상이 누군지모른다 상경?

그렇게 다급하면 에스코트 해줘야 한다 물론 바라지도 않는다 딱지 나중에 끊으면 안되나

송모상경 아무리 위에서 시킨일이라지만 경찰은 피도 눈물도없는가?

편도 1차선20km내에는 점선은 없는경부선 대한민국국도

지금이 60년도 인가?

불신만 조장하는 나라 알면서 묵인하는 내조국

이땅이 싫다 자식만이라도 진정한 자유가있고 상식이 있는 외국에서 살게하고싶다",,,20240124,
근로기준법에 의한 적용제외에 대한 입법취지 및 폐지에 대한 답변요청,노동/환경,,,2003-05-24,고용노동부,"0.근로기준법에서 정한 근로시간, 휴게와 휴일에 관한 규정은 적용하지 않는다.0.최저임금법에서 정한 최저임금에 관한 규정은 적용하지 않는다.",,,20240124,NA
고용보험 미적용자에 대한 직업훈련 차별,노동/환경,,,2003-05-23,고용노동부,직업훈련 대상자 제한적용에 대한 의견입니다.,,,20240124,NA
안전관리자 자격(제4조) 5항과 6항에 관련하여..,노동/환경,,,2003-05-20,고용노동부,"우리 경산대학교 보건학부에서는, 지난 4월 3일날짜로 공문을 보냈으나 아직까지 아무런 회신이 없어 다시한번 산업안전보건법 개정안에 관한 의견을 말하는 바입니다.꼭 답변 부탁드립니다.1. 산업안전보건법 개정안의 안전관리자 자격(제4조) 5항과 6항에 관련하여 산업안전 관련학과를 산업안전(공)학으로 개정함이 부당하다고 생각되어 그에 대한 사유를 밝힙니다.",,,20240124,NA
문의 드립니다.,노동/환경,,,2003-05-19,고용노동부,"안녕하세요?저는 현재 삼성계열사 파견직사원으로 근무하고 있는 사람입니다.원래 채용시는 기업체 소속의 대졸 계약직 사원으로 근무하기로 하여 출근을 결정하게 되었습니다.근무하는 곳이 대기업이라 곧바로 계약직으로 근무하기는 힘들다고 3개월 동안을 아르바이트(수습기간) 근무를 한 후 꼭 계약직으로 전환해주겠다는 약속하에 일을 시작했습니다.국내 최고의 그룹 인사과장이 한 약속이라 전 별 의심없이 그렇게 하기로 했습니다.그런데, 화장실 가기 전과 나온 후의 맘이 변하는 듯, 3개월 후 계약 시점에서 사내 인사 방침상더이상 계약직을 쓰지 않겠다고 하더군요. 부서 팀장과 협의 후 간신히 파견직으로 전환을 시켰습니다.파견직 계약도 인사팀에선 울며 겨자 먹기 식으로 해주는 식이라 9개월 밖에 해주지 않았습니다.원래는 오랫동안 같이 일할 취지로 저를 채용한 부서의 입장도 난감해 지기는 했으나, 새로운 인력 영입등으로제가 없어도 문제 없을 만큼 조직을 재정비 하더군요.졸지에 전 대기업 인사행정의 희생양이 되고 말았습니다.서류상 9개월 경력은 어딜 가서도 경력으로 인정 받지도 못하고...실질적으로는 12개월 근무 했지만, 서류상 9개월 근무하여 퇴직한 경우 실업 급여를 받을 수 있는지 궁금합니다.그리고 저같은 경우 어떤 보호를 받을 수 있는 법적 장치가 있는지도 궁금합니다.수고스러우시겠지만 답변 부탁드리겠습니다. 감사합니다.                       다른 편지함 받은 편지함 보낸 편지함 임시 보관함 지운 편지함 개인 편지함  으로 이동",,,20240124,NA
규제개혁 제안코너 운영방식 건의,노동/환경,,,2003-05-14,고용노동부,규제개혁 코너 개선,,,20240124,NA
경찰청 훈령 개정이 필요합니다,행정/자치/안전,,답변완료,2003-05-13,경찰청,"저는 울산 서부경찰서 경무과에 근무하고 있는 김태한 경장입니다


경찰규제에 관한 개정에 관한 제안을 합니다


관용심사위원회 설치및 운영에 관한규칙(경찰청훈령 제294호. 2000. 2.1 개정)이 바로 그것입니다


본 훈령 제6조 (심사청구)에는 피 경찰관이 관용심사를 청구할수 있는


근거가 없을뿐만 아니라, 청문감사관이나 관서장만이 관용심사를 청구할


수 있도록 하고 있는것이 정비의 대상입니다


 업무를 처리하는 중 과실로 인해 발생된 사실


 민원처리과정에서의 각종 오해가 발생하여 경찰관이 진정 또는 탄원 등 


 받았을때 우리 경찰은 감찰조사가 먼저 이루어 지고 계고장이나 징계로


 이어지는 것이 현실입니다


 이러한 조직의 비애를 느낀 경찰관은 스스로가 무사안일화, 면피성 


 문서 생산, 각종 감찰활동도 나만 지적이 되지 않으면 된다는 식의


 이기주의적인 발상으로 조직의 화합은 커녕 냉소주의로 바뀌어 가는것이 현실입니다



 이러한 폐단을 막기위해 본 훈령 제 6조에 관용심사의 청구권자를


 피경찰관이나 동료경찰관이 이를 청구 할수 있도록 하는 규정 신설


 지방경찰청별 인터넷 관용심사위원회 운영


 징계심의위원회 개최전 관용심사위원회 개최로 가, 부 결정


 관용심사위원회에 비간부 경찰(경사 - 순경) 을 위원으로 구성


 관용심사위원회 의무적 개최



이것이야 말로 소속 직원들에게 공감 받을수 있는 감찰이 될수 있을


것이고 조직원 전체가 화합하는 새로운 장을 열수 있을 것이라


생각됩니다


두서 없는 글 읽어 주셔서 감사하며, 경찰의 규제 개혁으로 보다더 밝고


활기찬 내일의 경찰이 되길 바라는 마음에서 이글을 올립니다


 감사합니다",,,20240124,
실업급여...궁금증..,노동/환경,,,2003-05-13,고용노동부,"안녕하세요?저는 저희 아버지 문제로 이렇게 노동부라는 사이트를 방문했습니다.자세히 보지는 못했지만...실업급여를 받기위해서는 고용보험에..꼭  가입이 되어 있어야만 하는 것인가요..저희 아버지는 무리한 노동으로  허리 통증과 다리 발목 통증으로인하여 현재 물리치료를 받으시고 계십니다.그리하여 다니시던 회사 또한 못 다니시게되고 ..그나마 산재보험 덕에 조금은 치료비의 걱정을 덜게 되었습니다하지만 산재보험의 적용기간은 29일 이라고 하더군요...병원치료 덕에 조금은 걱정을 더시는 가 싶으시더니다니시던 회사에서는 외면의 눈길을 보내고 그나마 아시는 분덕으로천안 근처로 회사생활을 하실수 있게 되었으나, 3일정도의 노동으로지금은 앉았다 일어나 실때마다 허리 통증으로 얼굴을 찡그리십니다.그래서 제가 듣기로는 실업급여라는 노동부 조치가 있다고 하여서 이렇게 조금이나마 알고자 글을 씁니다.그리고 저희 아버지는 용접공으로 일하셨고회사가 가입한 보험은 산재보험 하나밖에 없다고 합니다.산재보험사에 재요양신청을 요구 하셨으나 그나마도 않된다고 합니다.이럴경우 실업급여를 신청 할 수도 있는 것인가요?정말 궁금합니다.제가 사회생활을 하는데도 조금은 참고자료가 되리라 생각되오며,이런 비슷한 일들을 겪는 사람들은 많으리라 생각 됩니다.",,,20240124,NA
고용보험의 제한된 혜택.,노동/환경,,,2003-05-13,고용노동부,휴학생은 고용보험에 대한 보상을 받을수 없다는 규제에 대해서 입니다.,,,20240124,NA
현실에 맞지않는 근로자수강료지원,노동/환경,,,2003-05-03,고용노동부,"지난 1일 sbs뉴스를 통해서 듣게된 근로자 수강료 지원건! 정말 노동부가 제 할일 다하는구나 하고 감탄했었거든요...사실 영어학원비로 매달 10만원씩 지출하고 있는 일반 근로자들에게는더할나위없는 희소식이니까요....노동부에서 지정한 교육기관을 검색하려고해도, 외국어 과정은 눈씻고 찾아봐도 없고, 자세한 내용을 보니 참 어이가 없어서요....훈련과정이 2주 40시간이상이라고 하는데...노동부에서 근무하시는 분들은 외국어학원에 다녀보신적이 없나봐요?대부분의 학원이 주5일, 하루에 한시간씩 강의를 한답니다...간혹 하루에 90분 수업이나, 랩까지 포함해서 2시간씩 강의를 하는 곳도 있기는 하지만, 2주에 40시간 강의는 말도 안되는거죠....대부분의 학원이 1달에 20일 강의로 20시간정도를 강의시간으로 잡고 있는데어떻게 2주동안 40시간을 채울 수 있단 말이죠?2주동안 40시간을 채우려면, 하루 평균 3시간 수업을 들어야되는데그게 현실적으로 가능하다고 생각하시나요?말이 6시 퇴근이지, 대부분의 중소기업 근로자들은 8시가 다 되어서야 퇴근을 하고, 그렇기때문에 이른 아침에 학원에 들려서 출근을 하는데그럼 도대체 몇시부터 학원에 가야된다는 말이죠?",,,20240124,NA
산재보험법시행령 개정안은 도대체 언제 시행이 되는 겁니까.,노동/환경,,,2003-04-28,고용노동부,"남여간에 외모흉터에대한 차별을 없애는 취지로 개정이 이루어져 입법예고 중인 법안이 몇달째 감감무소식이라 이것이 다시 폐기되는 것인지 아니면 입법될 기미가 있는 것인지, 된다면 언제쯤인지 도무지 어떻게 돌아가고 있는 것인지 알길이 없어 이렇게 글을 올립니다. 최근에 이미 12급으로 판정받은 저같은 남성은 이법에 의하면 7급으로 상승되고 사회보장범위에 있어 7급과 12급은 현격한 차이를 보이는게 주지의 사실입니다. 이때 이미 12급을 받은 사람은 불소급의 원칙에 따라, 피해를 보아야 하는지요. 마음이 답답합니다.",,,20240124,NA
규제개혁위원회의 잘못된 개혁,노동/환경,,,2003-04-28,고용노동부,아래내용 확인,,,20240124,NA
소방기술사 자격검정관련 문제점에 대한 개선 건의,노동/환경,,,2003-04-25,고용노동부,"이러한 폐단을 없애기 위한 개선안으로 다음사항을 건의합니다. 이것은 국가기술자격검정의 공신력재고의 차원에서 반드시 개선이 되어야 합니다. 1). 소방기술사자격검정의 채점(평가)에서 기술사가 아닌 非기술사(대학교수, 석&#8228;박사 등)만으로 채점위원을 구성하여야 합니다. (이유) : 지금까지 소방기술사들이 참여하여 채점한 결과를 보면, 문제출제를 아무리 잘하고 시험답안작성이 우수한 수검자가 아무리 많아도 채점에서 미리 고정된 합격자수(3～5명)에 맞추어 잘라왔기 때문입니다. 이것은 산업인력공단의 합격자 통계자료를 보면 누구나 짐작이 가는 사안입니다. 그리고 이것은 채점한 결과론을 가지고 따질 수밖에 없을것으로 사료됩니다. 2). 출제에서 외국기준등은 배제하고 국내의 법규.기준과 국내에서 통용되고 있는 보편 타당성이 있는 문제를 출제하여야 합니다. 3). 출제과목에서 주과목(소방시설의 설계.시공, 소방설비의 구조원리, 소방관계법령)의 비중을 60%이상으로 올리고, 그 외의 부과목은 대폭 축소 조정하여야 하며, 또 부과목중에 화재.폭발 위험성평가, 화재역학, 건축방재 등의 과목은 별도로 분리하여 가칭“화재안전기술사”등으로 자격종목을 신설하여 화재감식 및 화재조사, 화재.폭발의 안전성평가 등의 업무영역을 전담하게 하는것이 타당하다는 전문가들의 의견이 많이 나오고 있습니다. 4). 소방기술사의 합격률을 현재의 1～3%에서 다른종목의 평균합격율 수준인 5～30%정도로 올려 형평을 맞춤과 동시에 현업에서 요구되는 소방기술사의 수요증가에도 부응하여야 합니다. 이것은 상기의 개선안 사항들이 실행이 된다면 자동으로 이루어 질것으로 사료됩니다. 끝으로 이에 대하여 노동부의 적극적인 개선의지를 기대하오며, 이에 대한 검토 결과와 구체적이고도 타당성 있는 답변을 부탁드리겠습니다. 감사합니다!",,,20240124,NA
1인 자유계약직 프리랜서 근로기준법 확대 요청,노동/환경,,,2003-04-23,고용노동부,1. 근로기준법 상의 근로자여부를 판단하는데 있어서는 업무 계약이 민법상의 고용계약이든 도급계약이든 계약의 형식에 관계없이 그 실질에 있어 근로자가 사업 또는 사업장에 임금을 목적으로 종속적인 관계에서 사용자에게 근로를 제공했는지 여부에 따라 근로자성을 판단. 2. 만약 근로기준법상의 근로계약이 아닌 일정부분의 작업을 완성해주는 대가를 받기로 민법상의 도급계약을 체결한 프리랜서라면 근로기준법 상 근로자로 볼 수 없다고 판단.,,,20240124,NA
여성출장장여금에대한 회신에대한 문의,노동/환경,,,2003-04-18,고용노동부,회신에 대한 내용,,,20240124,NA
직업능력개발훈련 비용 지원 신청 서류에 관한 건,노동/환경,,,2003-04-16,고용노동부,"직업능력개발 훈련 비용지원 신청을 할 때마다 느끼는 거지만 담당자별로혹은 지사별로 너무 원하는 서류가 틀립니다. 비록 회사입장에서는 지원을받는 입장이라 원하는 서류를 다 해주지만, 제발 원하는 서류가 지사마다통일되어 업무하는데 비효율적인 면이 없었으면 합니다.예전엔 수료증하고 계산서만 있으면 되었는데, 요즘엔 첨부해야될 서류가넘 많습니다. 물론 지원하는 노동부에선 비용누수 방지를 위해 여러가지근거를 원하겠지만 기업체 담당자로선 어쩔땐 이해할 수가 없습니다.",,,20240124,NA
여성재고용(임신출산)장려금에 관한 건,노동/환경,,,2003-04-11,고용노동부,여성재고용(임신출산)장려금 임신 출산으로 인해 6개월동 휴직한 여성을 채용한 사업장에 한해 한달에 30만원씩 6개월동안 지급,,,20240124,NA
무분별한 국가기술자격의 신설에 반대합니다.,노동/환경,,,2003-04-09,고용노동부,"국가적 관심사가 되고 있는 청소년들의 이공계 기피현상과 관련하여 각종 민간자격의 남발 또는 국가기술자격증의 무원칙한 통 폐합, 신설또한 이와 무관하지 않을 수 없습니다.양성수첩제도와 같은 비상식적인 제도의 시행으로 국가기간산업의안전성을 장담할 수 없는 현실과각종 민간자격의 남발로 인해 국가기술자격증 또한 불필요한 자격증화되어가고 있는게 현실입니다.더불어, 학경력인정기술자제도란 세계에서 유례없는 제도의 도입으로 인하여야기된 건설기술자들의 사기저하는 우리나라 건설산업의 내일을어둡게 하고 있습니다.이와 관련하여 각종 무차별적인 자격증의 신설, 통폐합등을작위적으로 행하는 노동부의 태도에 심히 우려를 표하지 않을 수없으며기존 건설시험재료기사 자격증과 유사한 콘크리트 기사/산업기사대기, 수질, 환경기술사/기사와 업무영역이 겹치는 자연환경기술사토양환경기술사의 신설에 반대합니다.1. 건설재료기사와 직무영역이 유사한 콘크리트기사/산업기사의 신설을 반대합니다 2. 기존의 기술사종목과 직무영역이 겹는 열차운영기술사/자연환경기술사/토양환경기술사 등의 무원칙한 신설을 반대합니다 3. 전체 국가기술자격자의 입장과 목소리를 대변하는 기술인연대는 국가기술자격자의 업무분석과 활용에 대한 연구나 대책이 전무한 상태에서 진행되는 신규기술종목의 추가에만 노력하는 노동부와 건설교통부,철도청등 관련기관에 강력히 항의 합니다 [ 콘크리트기사 /산업기사] 직무영역 : 콘크리트 제조, 시공 ,시험, 검사, 품질관리, 콘크리트 제품, 콘크리트 구조, 비피괴검사 및 진단, 유지관리 등을 수행 신청기관 : 건설교통부 [ 열차운영기술사 ] [궤도장비정비기사/산업기사/기능사] 직무영역 : 선로, 차량, 신호, 전차설비, 운전보완장치, 운전 및 안전관계 제도 등 철도의 전문지식을 바탕으로 철도선로 및 신호보안, 설비, 조건 검토. 판단, 열차운전성능 설정, 열차운영계획수립, 열차다이아 생성 등의 직무를 수행 신청기관 : 철도청 [ 자연환경관리기술사 ] [환경생태기사/산업기사] [생물분류기사] 직무영역 : 생태계에 영향을 미칠 수 있는 각종 계획 및 개발사업을 수립, 시행함에 있어 자연환경 및 생태관련 법규를 적용하며, 생태계 현황조사를 통한 분석, 예측, 평가를 수행하고 이에 따른 생태환경의 정화 및 복원계획수립, 설계, 시공을 실시하며, 계획에 따른 종합평가및 지속적인 생태계 관리업무 수행 신청기관 : 환경부 [ 토양환경기술사 ][ [토양환경기사] 직무영역 : 토양환경오염의 정화 및 복구사업을 시행함에 있어, 토양환경 관련법규를 적용하며 토양환경의 개황, 실태, 정밀조사를 통하여 작성된 자료를 분석하고, 자료분석에 따른 토양환경 오염의 정화 및 복구계획을 수립, 설계, 시공 및 공정을 관리하며, 계획에 따른 종합평가를 실시하고 지속적인 토양환경 모니터링, 관리, 경영업무 수행 신청기관 : 한국지하수토양환경학회 건강한 사회건설을 위한 기술인연대 (http://www.engforum.or.kr)",,,20240124,NA
산재 근로자의 원직복귀를 청원합니다.,노동/환경,,,2003-04-04,고용노동부,"산재 근로자의 원직복귀를 청원합니다.저는 농협중앙에에서 근무중이던 1998. 12. 1일  업무상 질병에 의한 뇌졸중으로 쓰러졌고, 뇌수술이래 반신불수가 되어버린 산재근로자로서 당시에는 불가피 질병휴직으로 그 그 직을 유지해 오고 있었습니다.그런데, 농협중앙회에서는 업무상 질병임에도 불구하고, 질병휴직 기간은 일반질병과 같이 2년이내까지만 가능하다고 하였으며, 당시에는 뇌수술의 후유증에 의한 기억력, 판단력의 부진과 불편한 몸으로 근무를 지속할 수가 없는 상태였기 때문에  2000. 7. 15일 퇴사를 하고 말았습니다. 그리고 그 뒤인 2000년 12월에 근로복지공단의 요양기간은 종료가 되고, 그 후에도 자부담에 의한 꾸준한 재활치료와 중단없는 운동을 실시함으로써 이제는 의사가 완치라고 할만큼 회복되어 직장에서의 압무 수행에   지장이 없을 정도로 회복되었습니다. 그래서 복직을 청원하오니 적극 조치하여 주시면 감사하겠습니다. 한편, 노동부에서는 산재자의 복직 활성화를 위해 ""직장 복귀 지원금 제도의 신설""을 골자로 하는 산재보험법 시행령의 개정을 위해 입법예고 중으로서 현재는 법제처에서 심사 심의 중인 것으로 압니다. 그러나 그 내용상에는  그 지원 대상을 ""요양 종료일로부터 1년 이내에 새로이 고용한 사업장""으로 제한하고 있어 그 입법 취지가 퇴색되지 않을까 염려됩니다. 가벼운 외상인 경우에는 요양 종료 1년이내에 복직이 가능할 만큼 건강이 빨리 회복될 수 있으나 제가 앓았던 뇌졸중의 경우에는 5년 이상의 치료가 필요하기 때문입니다. 저의 판단으로는 그 기간이 길어질수록 사업장의 입장에서 복직이 쉽지 않으므로 그 복직을 활성화 하기 위한 지원은 더욱 필요하다고 사료되어 청원하오니 동 시행령의 개정에 적극 반영하여 주시면 감사하겠습니다.청원인ㅇ. 성명 : 양태석주소 : (412-725) 고양시 덕양구 행신2동 무원마을 기산아파트 905 - 1201ㅇ. 산재사업장 : 농협중앙회(본부)-직원번호 :  74103056",,,20240124,NA
산재보험 요율 조정....,노동/환경,,,2003-03-31,고용노동부,"어업은 산재요율 다섯번째로 높습니다....산재보험요율 어업99%(1000분율)2002년도 해난사고현황: 614건(사망-66명,실종57명)비교해보세요..산재보험요율(운수관련서비스업)-6%(1000분율)택시공제조합 가입된 차량 현황 : 89,242대(사고발생 32.2%)",,,20240124,NA
주5일 근무를 하려면 같이해요.,노동/환경,,,2003-03-29,고용노동부,하루 8시간 근무와 주5일 근무에 대하여,,,20240124,NA
구인신청... 너무 어렵네요... 무슨악법이 그리 많은지..,노동/환경,,,2003-03-26,고용노동부,"일반회사에 근무하는 강민정이라고 합니다.저희회사는 전기공사하는업체로써.. 정규직과 일용직이 있습니다.일용직같은경우 ... 그리 고정적으로 있는편이 아니라서.. 일은 해야하는데사람이 없어서 일을 못하는 경우도 있구요... 그래서 노동부에 있는 워크넷을 자주 이용합니다.거기에 올리기만 하면... 전화부터시작해서 면접때까지.. 많은사람들이 오고거기서 저희는 맘에 맞는 사람을 구할수가 있으니깐요...하지만 문제는 일용직은 고정적이지가 않다는거죠.. 그래서 사람들이 하다가 바로바로 그만둘때가 종종 있습니다. 그럴때마다 회사는 속이 타게 또 사람을 구해야하는입장에 서게 되는데... 워크넷에는 한회사가 같은업종으로 일단 한번 올리게 되면 그 기간이 두달동안은 유효하기 때문에 다시 올리수 없다는겁니다... 그렇게 되면.. 회사는 두달동안을 기다려야 하는겁니다.구직자를 검색해봐도.. 별로 찾는사람들이 없고.. 누가 이런걸 정해놨는지는 모르겠습니다만, 노동부는 구인자와 구직자를 연결하기 위해서 이런걸 만든거 아닙니까?... 두달이란기간은 너무 긴것 같습니다.  사람들이 일주일하고 그만둘수도 있고 보름하고 그만둘수도 있는건데 두달이라는 시간을 묶어둔다는건 노동부입장에서는 규제겠지만 회사입장이나  구직자들에게는 쓸데없는 규제로 인한 희롱밖에 안된다고생각합니다. 구인구직자를 위해서 이런사이트를 만들었다면 자유롭게 활용할수있도록 해주십시요. 주로 사람구할때는 정말로 급해서 하는사람들이 더 많을텐데.. 노동부쪽에서 정해놓은 법규제로 자유로운 활용이 안되오니.. 빠른 시정을 부탁드립니다.그리고 노동부홈페이지에는 왜 고객불만센터가 없는겁니까?",,,20240124,NA
퇴사로 인한 고용보험기간이 하루가 단축되면.....,노동/환경,,,2003-03-25,고용노동부,회사를 옮기기위해 사직서를 제출한 바고용보험피보험기간이 사직한 날짜의 전날로 기재된피보험자격 상실 확인통지서를 받았습니다.,,,20240124,NA
고용보험료 왜내는지?,노동/환경,,,2003-03-14,고용노동부,"고용보험료를 왜 내야하는가?다름이 아니라 지난해 10월 회사를 퇴사하고 급여 미지급분이 남아있어서 12월 23일 노동부 홈페이지 민원을 올렸습니다. 서울지방노동청에서 연락이 왔고 1월 초에 방문하게되었습니다. 감독관님에 말씀을 듣고 잘 해결될거라 생각했는데 1월말쯤 해결될 것 같다고 했습니다. 1월말 다시 연락을 하니 사장이 2월말까지 시간을 달라고 하더군요. 2월말이 되서 다시 연락을 하였지만 급여는 지급되지 않았습니다. 3월초에 다시 감독관님에게 연락을 하니 안되니 법으로 처리한다고 하시는군요. 어이가 없는 것은 민원제기한 사람한테 연락을 줘야하는거 아닙니까? 꼭 시간이 지나서 연락을해야지 알수 있고…..어쨌든 법으로 처리하면 벌금형 정도로 끝나게 됩니다. 그리고 돈을 받으려면 법원에 가서 재판을 신청해야한다고…….사실 저뿐만 아니라 3명이 더 있는데 총급여가 1000만원가까이 됩니다. 고작 벌금을 내봤자 1000만원보다는 적게 내겠지요. 그러니 벌금내고 끝내는게 낳다고 생각합니다. 고용보험료를 먹고 사는 노동부에서 이럴수가 있습니까? 그럼 노동부는 왜 있는 겁니까? 법원만 있으면 되지? 어이가 없습니다. 고용보험료 먹고, 벌금 먹고 그걸로 받는 월급으로 대충시간만 축내면 되는겁니까? 솔직히 지금은 받을 생각도 없습니다. 직장에 다니면서 법원이나 왔다갔다 하느니 포기하는게 낳겠지요. 하지만 이런 일이 계속해서 다른곳에서 많은 사람들이 당하고 있는 일이라고 생각합니다. 노동부에서 시간 축내시는분들 한번 생각해보시기 바랍니다.",,,20240124,NA
세관압수 물품 개인도 공매 에 참여할수 있게 해주세요,재정/금융/소비자,,답변완료,2003-03-13,관세청,"[개요]
기존공매는 사업자 등록자 많이 할수 있느데..

이런제도를 개선하여 개별물품으로 사업자가 아니더라도 

일반용품의 경우(시계, 전자용품 등) 입찰가능하게 함이 어떠한지..

[현행 및 문제점]
또한 제품에 대한 정보도 사진으로 올려보심이

[예산절감액]
0

[국세/조세수입증대액]
0

[개선방안]


[행정개선효과]
전국민의 세관이 될 수 있고 

또한 세관행정의 투명화 도..

또한 세수입의 증대도",,,20240124,
이사 연임 제한,노동/환경,,,2003-03-13,고용노동부,법인 이사 연임을 규제 합시다.,,,20240124,NA
인턴사원활용에 대하여,노동/환경,,,2003-03-12,고용노동부,"조그만 기업체에서 정부로부터 인턴지원에 관한 수혜도 받고 저희회사에 필요한 인원도 확보하고 싶어서 고용안전센터를 찾았지만, 이상한 규제 내용이 있어서 못하고 돌아 왔습니다.저는 학교 인턴지원 제도를 통해서 입사해본 경험이 있어서 참으로 좋은 제도 같았습니다.그래서 이번에 활용하고 싶습니다.의견: 인턴활용지침서인가는 모르겠지만, 거기에 있는 규제중 기업에서 사전내정자도 활용이 가능하도록 해주십시요.제가 보기에는 ""피고용보험 1년이하, 고용보험상실일 6개월 경과한자"" 이정도면 충분한 제도적 장치가 될 수 있을것 같은데요.사전내정자의 범위는 활용하고자 하는 회사에 국민연금이나고용보험이 이미 가입된자로 함축시키면 될것 같은데.단순히 서류상으로 인턴만 활용하고 근무시키지 않는 회사는 감독기관에서 철저하게 가려내면 될 것 같구요(감독기관의 역할이 바로 그런것 아닙니까?)제가 인턴사원 취지를 잘못 이해 한건가요?",,,20240124,NA
자격취득및상실신고서간소화요청(날인문제),노동/환경,,,2003-03-12,고용노동부,자격취득및 상실신고시날인문제로 팩스를 두번이나 보내는 번거러움이 발생했고요..상실자가 실업급여와는 무관하여대표자 사인으로 취득및상실신고를 하였는데요..다음날 전화가 와서 사인은 불가하니 도장을 꼭 찍어 돌라내요..,,,20240124,NA
임금채권보장제도 개선의견입니다.,노동/환경,,,2003-03-07,고용노동부,"체당금 지급상한액 결정 방식이 임금, 퇴직금, 휴업수당의 각 개별 상한액을 두고 있음에 따라 1내지 2개월의 단기 체불인 경우, 즉 총체불액은 소액임에도 미지급 임금, 퇴직금, 휴업수당을 100% 보장받지 못하는 경우가 있음.",,,20240124,NA
수정신고의 경우 납기연장이 불가능하다는 세관,재정/금융/소비자,,답변완료,2003-03-06,관세청,"[개요]
수정신고의 경우 납기연장이 불가능하다는 관세청종합상담센터의 답변을 받고 이렇게 제안드립니다.

현재 관세법상으로는 사업의 중대한 위기나 현저한 손실등이 있을 때 그 납부기한을 연장해주는 납세자를 위한 구제방법을 마련해놓고 있습니다.

그러나 수정신고의 경우에는 납기연장이 불가능하다는데 납세자가 부족세액이 있음을 발견하고 자진해서 납부하고자 하는 경우에 납기연장이 안된다는 것은 불합리하다고 판단됩니다. 

[현행 및 문제점]
납세자가 자신이 신고납부한 세액에서 1억원의 부족세액이 있음을 발견하고 이를 수정신고하려고 하는 경우에 1천만원의 가산세와 1억원의 부족세액을 납부해야 하는데 1억1천만원의 자금이 급히 마련되지 않는다면 수정신고를 할 수 없는 상황이 발생하게 됩니다.

이러한 경우 해결방법이 세관에서 경정고지를 한후 그 납부기한을 연장해야 한다면 납세자는 20%의 가산세를 고지받게 됩니다. 부족세액의 징수이기 때문에 회수의 위험율 등을 고려한 것이라고도 생각해볼 수 있지만 국가의 세수증대 측면만을 너무 중시하는 것인지는 아닌지 하는 생각이 들며, 성실하게 수정신고하고 납부하고자 하는 납세자에게 이러한 경우는 가산세를 20%내야지만 납부기한 연장이 가능하다라고 통지하는 것과 다를게 없다고 생각이 됩니다. 

자금마련이 어려워 세관에서 독촉을 받고 이로 인하여 정상적인 사업의 운영이 곤란하게 되고 세관담당자에게 자금마련이 어려우니 조금만 기다려달라라고 청탁하게 되는 현상도 발생할 수 있습니다.

[예산절감액]
0

[국세/조세수입증대액]
0

[개선방안]
수정신고의 경우에도 납세보증보험증권등의 담보물을 제공하는 경우에는 그 납부기한을 연장할 수 있도록 하는 것이 합리적이며 납세자를 위한 길이라고 생각됩니다.

[행정개선효과]",,,20240124,
"현장일용직 안전교육,건강검진 이렇게 바꿔야한다",노동/환경,,,2003-03-06,고용노동부,"[문제제기] 위의 질의응답을 지금의 실정에 예를 들면 건설업체, 제조업체에서 하루동안 현장청소(잡다한 업무)를 위해 4명의 일용자를 인력소에서 불러 근무시켰을 경우,     (제조) 1.채용 당일 09:00~17:00 (8시간)신규자안전교육실시.            2.다음날 : 병원 검진실시       채용시 건강진단실시     (건설) 1.채용 당일 2시간 신규채용안전교육실시 후              채용건강진단실시      위와같이 법규정을 준수한 후 &#54789;장청소 투입. 이렇게 교육을 받고 건강검진을 받은 일용자들은 다음날이면 다른회사에서 또 교육과 건강검진을 받아야 하므로 한달에 20번정도 교육과 검진을 받아야한다. [제시방안]   제조회사,건설회사는 일용자를 1일 사용코자하는 경우   1일~2일을 교육과 검진으로 시간과 경비를 소모하고 있으므로   교육과 검진은 근로자를 채용한 인력소에서 실시하고   인력을 데려서 쓰는 회사는 건강진단서를 인력소에 사본으로 제출   받아서당사현장의 일반안전수칙과 해당업무의 안전수칙등을 1시간   정도 실시하는 방향으로 수정되어야 한다.      인력소또한 사업자등록증을 가진 사업체아닌가?   인력소에서 교육기관에 의뢰해 강사를 초빙하여 수료자에게 교육   수료하여야 한다(무상으로 교육해줌)   건강검진또한 인력소에서 실시하여 신체건장하고 정상적인 사람을   채용할 의무가 있지않는가?      일반제조,건설회사는 이곳에서 사람을 임대(?)하여 쓰는것 뿐이다.   이러한 일용자의 현장이동마다 교육,검진을 반복하는것도 문제지만   그 의무가 인력소가 아닌 회사에 있다는 점이 큰 문제라고 본다.",,,20240124,NA
관세업무 관련 교육과정 개설로 관세행정 업무능률 향상,재정/금융/소비자,,답변완료,2003-03-04,관세청,"[개요]
각종 수입신고 오류로 인한 관세등 제세 추징사례가 자주 발생됨으로 인한 

민원인과의 trouble이 야기되는 바, 민원을 줄이고 관세행정의 효율성을 제고

하는 방안을  모색하고자 함.

[현행 및 문제점]
1.현재 수입신고서 작성은  화주별로 거래 관세사의 평가 담당자에 의존하고

  있슴.

2.세번분류 및 세율적용이 오직 관세사 평가 담당자 한사람의 skill이나 지식

   에 의존하는 수준임.(평가 담당자들의 이직/전직이 다발하는 실정임)

3.관세 평가담당자들에 대한 보수교육 기회나 신규 평가사 육성기회는

  미흡한 실정임.

4.중소기업의 경우 통관 실무자들의 높은 이직율로 전문가 확보가 난이함. 

[예산절감액]
0

[국세/조세수입증대액]
0

[개선방안]
안1. 관세업무 관련 교육과정을 본부세관 단위로 개설하여

      관세업무 관련 인구(화주,관세사 요원등)의 저변확대를 유도함.

      -특히 품목분류,세율적용,수입신고자료 확보등

      -관세법,대외 무역법,외환 거래법 관련 규정등.


안2. 지역별 상공회의소나 중소기업 지원센터에 교육과정 개설의뢰함.

      (지역 관세사 협회에 교육 위탁) 

[행정개선효과]
1.관세관련 인구의 저변확대로 대민 친근감 확산가능.

2.전방위 skill교육으로 수입 신고업무의 적법성 유지도 향상.

3.교육 이수자들의 관세 행정업무 수행시 신고의 충실성으로

   오류에 의한 탈루세액의 사전차단이 기대됨.

4.탈루세액 추징시 대민 trouble 최소화가 기대됨.",,,20240124,
직업안정법 학력차별,노동/환경,,,2003-03-04,고용노동부,"유료직업소개사업의 등록요건, 직업상담원의 자격에서 학력 제한",,,20240124,NA
근로자 학자금 대부신청기간 연기,노동/환경,,,2003-02-21,고용노동부,대부신청기간이 2003. 2. 20일 까지입니다,,,20240124,NA
실업급여 수급을 위한 출석,노동/환경,,,2003-02-18,고용노동부,실업급여 수급을 위해서는 14일마다 본인이 고용안정센터에 출석하여 실업급여신청서를 제출해야 하는것으로 되어 있습니다. 그런데 만약 해외에 취업을 하고자 하여 현재 국내에 없을 경우에는 14일 마다 출석을 하기가 어렵습니다. 해외취업의 경우 국내에서의 취업보다 권장하고 싶은 취업 형태라 여겨지는데...,,,20240124,NA
입사시 나이제한 철폐를..,노동/환경,,,2003-02-17,고용노동부,"최근 각종구인광고를 보면 나이제한이 있다.심지어는 정부의 공무원을 뽑는데도 나이제한을 한다.최근 몇년동안 언론상에서도 청년실업이 늘어나고 있다고 하면서직업학교는 취업률이 100%라는 말을 한다. 그러나, 대부분의 직업학교는 1년이상 다녀야하며다녀온 뒤로 취업하기에는 나이제한이 걸린다.공부할 돈보다 공부할 시간이 없는 것이다.물론 나라에서 고용보험사업장에서 실업시에직업학교에 등록시에는 교육비를 대신 지출해준다.그러나, 시간은 지출해주지 않는다. 직업학교에 다닌다는 것은 실업자의 전직업과 이후의 직업이 다르다는 얘기인데, 그렇게 되면 신입으로 입사한다는 얘기다.예를 들어, 4년제 대학을 졸업하고 2년간 회사생활을 하다가실업자가 되어 취직이 불가능하여 전업을 하기위해 직업학교나 자격증을 따기위해 1년에서 2년을 보냈다면취직할수 있을까? 노동부 담당자에게 묻고 싶다.",,,20240124,NA
노동부 자격 지원과 에 드리고 싶은 나의 마음...,노동/환경,,,2003-02-17,고용노동부,"제 목 [질의]홈패션 국가기술자격 신설요청 (1차2차 회의 재요청)  질의자 성명 이경애 등록일자 2003-02-07 접수번호  1015886   접수일자 2003-02-11 2003-02-07   2003-02-11   2003-02-11   2003-02-17   주관부서 능력개발심의관실 처리과  자격지원과 담당자명 장진주 연락처  처리기한 2003-02-18 처리연기기한   비 고  중 간 회 시  답 변 내 용 1. 귀하가 우리부에 제출하신 인터넷 민원에 대한 회신입니다. 2. 국가기술자격종목 신설의 타당성 여부에 대하여는 그 종목의 주무부장관이 신청자의 신설요청내용을 토대로 그 분야 전문가회의 등의 방법을 선택하여 결정하는 것이며, 이 때 주무부장관은 신청자를 반드시 참여시킬 의무는 없습니다. 3. 따라서 귀하가 참석하지 않았다는 이유로 신설여부를 재검토하라는 요구는 수용이 곤란함을 알려드립니다. 아울러 홈패션 자격은 국가가 운영하는 것 보다는 민간에서 기술변화와 시대요구에 맞추어 운영하는 것이 보다 효율적일 것이라 판단되오니 참고하시기 바랍니다. 끝. ----------------맞습니다.당연히 ""신청자를 반드시 참여시킬 의무는 없습니다.""참석시키라는 것은 어느 법에도 규정된 것은 아닙니다.허나 꼭 참석을 시키지 말라는 법도 어디든 없습니다.인간은 ""이론이기 전에 실기만으로는 살아 갈 수 있지만"" 실기를 접어두고 이론만으로는 살아갈 수 가 없지요.꼭 이론적으로 공부만 해서 훌륭한 사람이 되는 것은 아닙니다.도덕 인성교육은 스스로라는 것이 있지요. 해서 상대에 배려의 깊이를 느낄 수 있는 인간사의 정이라는 것이 있습니다.그래도 현시점에 문명의 혜택을 월등히 많이 받고서 그곳(노동부)에 근무를 하시는 분들이 어찌하여 일에 대한 기본을 슬기롭게 처리를 못 하는지요.이미 상대가 뭔가 부족함을 나타낼 때는 본인들의 부족이 어디인가를 생각해 보셨나요?....불만의 상대를 이해시킬 수 없는 사람이라면 그곳에서 근무할 능력이 없는 분들입니다.우리 같은 사람들이 있기에 그곳(노동부)이 필요하며 즉 나(이경애푼수)같은 사람이 있기에이런 홈패션에 주장을 들고 나오는 사람이 있답니다.귀를 열고 눈을 아래로 아래로 내려보세요. 무한히 부족한 사람들이 많으며 들어내놓지 않는 훌륭한 사람들 또한 많이 있습니다.일 처리 과정이 이미 순조롭지 못했다는 것을 인정하는 것이 올바른 처사라고 봅니다.(문구 구절) 한 단어 <문학의 ""헛 점"">즉 상대를 이해 시킴이 부족한 점 인정을 바랍니다. 그곳(노동부)에 근무 할 수 있는 조건에는 분명 상대를 이해 시킬 수 있는 한글단어 문학을 좀더 공부하시고 (인성교육.도덕) 인간에 정 이라는 것 또한 좀더 아래를 내려볼 수 있는 눈을 크게 떠 볼 수 있길  바랍니다.이 글을 더불어 저(이경애)는 이 일 홈패션을 좋아하는 것 뿐이지 홈패션이 국가기술자격증이 되어서 저에게 부귀영화가 오는 것은 절대로 아닙니다.*나의 여담= 허나 제가 만약 좀더 여유로 운 생활(조건)이 된다면 개인의 자금이라도 꼭 홈패션 국가자격증을 만들어서홈패션에 모든 이들을 인정받는 직업인으로 조건을 갖추어 주고 싶습니다.저는 요즘 유행하는 로또복권은 한번도 사본 일은 없지만 만약 내게 그런 행운이 주어진다면 무엇보다도 홈패션 자격증에 쓰일 수 있을 자금을 우선하고 싶습니다.--이경애올림--",,,20240124,NA
산업인력관리공단 사이트에 대한 불만.,노동/환경,,,2003-02-17,고용노동부,산업인력관리공단의 사이트를 들어가보면너무 공단이라고 보기 보다 사설학원의 접수처를 보는 것 같다.이번에 기사시험을 보기위해 인터넷으로 접수를 하게되었는데.개인적인 실수로 면제과목을 선택하지 않아서 다시금접수하려고 하니 접수가 되지 않고 불만사항을 적을 게시판 같은 것이 없어서 노동부에 글을 올리게 되었습니다.산하기관이면서 어떻게 노동부 사이트보다도 못한 사이트 운영을 하죠..인터넷 접수로 돈만 벌어들이면 되는 겁니까?지금까지 자격증 공부를 했는데 시험을 포기해야하나요..,,,20240124,NA
노동부 자격지원과 에 홈패션에 대한 깊이를 알려 주고싶습니다.,노동/환경,,,2003-02-11,고용노동부,"이첩기관 처리결과 보기      민원인 성명   이경애 공개 여부   공개 공문번호 민정 07009-155428 민원번호 A0302-0155 이첩날짜 2003-02-04 오후 4:33:53 처리날짜 2003-02-11 오후 1:49:47 민원인 주장 홈패션기능사를 노동부에 신설요청 처리구분  해결  부분해결  미해결  자체종결  기타  처리결과 1. 홈패션(미싱기술자) 관련입니다.2. 귀하께서 국가기술자격으로 신설 요청한 홈패션(미싱기술자)에 대하여 국가기술자격법시행규칙 제10조의2(기술자격 종목의 신설 등)의 규정에 의거 자격 신설의 필요성 등에 대한 전문가 회의('02.12)결과, 자격의 필요성은 인정되나 사설교육기관들의 기능교육 체계 미흡 등으로 국가에서 시행하는 것보다는 민간(국가공인 등) 기술자격으로 시행하는 것이 바람직하다는 의견이 제시되었습니다.3. 따라서 귀하가 신설 요청하신 홈패션(미싱기술자) 자격은 신설 종목으로 추천되지 않았으며, 민간자격의 국가공인에 대한 자세한 사항은 한국직업능력개발원 자격평가인정연구센터(02-3485-5162, 5144-7)로 문의하시기 바랍니다. 끝. 향후대책 없음 민원회신방법 서신 전화 e-Mail 기타  민원회신날짜 2003년 02월 11일    민 원 처 리    담 당 부 서 소속 노동부 자격지원과 직명 직원 성명 장진주 전화번호 02-503-9757     ---------------------------------------------------홈패션은 (미싱기술자)가 아닌 전문가입니다.미싱기술자는 한달이면 누구든 미싱기술자가  됩니다.허나 홈패션의 전문가는 몇년씩 걸리는 것을 단순한 미싱기술자로 알고 있는 노동부 자격지원과 에 한없이 불만입니다.홈패션의 깊이를 충분이 알리고 싶습니다.미싱은 바느질 부분에 첫 발걸음 뿐입니다. 양재기능사.한복기능사 는 국가에서 인정하고홈패션은 왜 인정을 하지 않습니다. 미싱부분이 차지하는 것은 똑같습니다. 일부분 뿐입니다.홈문화의 발전으로 홈패션자격증이 꼭 필요하다고 생각합니다.(예제)우선 Home이란 가정의 안식처를, Fashion은 유행과 풍류 즉 멋지게 '만듦새'를 뜻 합니다.나만의 공간 즉 '가정이란 안식처를 보다 새롭고 아름답게 가꾸어 주는 것' 그 목적이자 의미가 홈패션이라고 말 할 수 있습니다. 우리가 생활하는 모든 곳의 기초가 되는 것으로 집안에서 흔히 버리기 쉬운 폐품으로 자신의 개성을 최대한 살려 독특한 분위기를 연출할수 있고 원단만 있으면 무엇이든 다양하게 만들수 있다는 것이 가장 큰 장점이라고 할 수 있습니다.시대가 바뀌면서 '홈패션'이란 말이 생겨났고 과학의 발달로 미싱(재봉틀)이란 기계가 개발되어 많은 발전을 가져왔습니다.옛날 우리 선조들에 비하면 너무나 많은 혜택을 누리고 있는 셈입니다.현대 사회는 생활에 필요한 것들을 쉽게 구할수 있고 원하는 것을 만들어 주는 것도 흔한 여건이지만 나만의 정성으로 세상에 단 하나뿐인 작품을 주위에 둘 수 있다는 것이 큰 장점이기도 합니다.홈패션은 장식성과 실용성을 함께 겸비하여 일상생활에서 널리 쓰일수있어 과정을 수료한 많은 사람들이 즐거운 마음으로 집 또는 사회에서 자신의 능력을 한껏 개발하며 열심히 생활할수 있을거라 생각합니다. 홈패션=홈패션의 관련품목= 가정의 손/재봉 바느질 파트는 모두를 뜻합니다. 가정꾸미기 토탈 입니다. (퀼트.커탠.재봉자수.수예.십자수.손뜨게.손누비.인테리어.)=홈패션미싱기술자가 10년씩 경력이 있어도 초보로서 홈패션 이론을 1~2년은 배워야 합니다.  --이경애올림--",,,20240124,NA
퇴직금 받게해주세요,노동/환경,,,2003-02-07,고용노동부,근데 3인 근무 라고 퇴직을 못받는것은  너무 어굴합니다 근무하는동안 기본 보너스 (명절 / 휴가 ) 도 못받구 일했는데요 퇴직금두 못받구 그냥 짤렸읍니다 실수두 아닌 실수을 변명으로 짤라버리더군요  그래서 넘힘들게 운전해왔는데 그만둘때는 이렇게 짤리구 퇴직금두       못받구하는게 넘 어굴합니다   첨엔   월급두 다 안주구 그냥 그만두라는걸  소란을 피워서 받아냈읍니다,,,20240124,NA
고용보험 여성근로자에게만 출산장여금 지급에 대한 법제도 문제점,노동/환경,,,2003-02-03,고용노동부,고용보험에서 여성의 출산휴가 60일에서 90일로 확대하여 60일 이전분은 회사에서 지급하며 이후(60~90일)분은 고용보험에서 급여에 대한 권리를 행사하고 있습니다.같은 남성의 처가 집에서 출산하면 아무권리도 없습니다.고용보험은 남성과 여성 똑같이 내고 있으며 모든 여성들이 혜택이 주어져야 되지만 현실이 그렇치 못하다는 사실도 알고 있습니다.추후 정책적으로 모든여성의 권리를 주어질 상황이라고 보지만우선 남성과 여성의 차이를 두며 성적은 잦대를 가지고 문제를 해결한느 정책적 문제가 더 큰 문제라고 봅니다.같은 노동자의 의무와 권리는 같다고 봅니다.사회 보장의 근복적 취지는 상부상조의 정신인데 어는 한쪽만 치우친다면기본정신에 위배될뿐 아니라 문제 해결에도 도움이 되질 않는다고 봅니다.성적의 차별문제가 아니라 근복적 해결이 더 절실하다고 봅니다.0 고용보험은 남편이나 근로하는 여성 어느 한사람이 납부하면 똑같은 권  리와 의무가 있어야 됩니다.새해 복많이 받으시구요. 정책에 임하시는 분들은 여러모로 고생이 많으신것 같습니다. 하시는일 잘 되시길 바랍니다.,,,20240124,NA
재직자 능력 향상과정에 대하여........,노동/환경,,,2003-01-27,고용노동부,현재 재직자 능력 향상과정은 국가부담과 회사부담으로 나누어져 있어서 근로자가 능력 향상을 위해 공부좀 하려면 회사에서 능력 향상에대해 별로 달가워 하지않고 회사부담되는돈을 상당히 아까워서 필요한 서류를 잘안해 주려고 함.,,,20240124,NA
수출신고필증의 내품 수량 표시,재정/금융/소비자,,답변완료,2003-01-25,관세청,"[개요]
2월1일 부터 시행되는 미국향 화물의 선적 24시간전 선적적하목록을 미 세관에 제출하여야 하는 CSI협정과 관련하여 미 세관에서 내품의 수량을 최소 포장 단위로 신고하여야 함(PALLET 또는 SKID로 표기하면 거절됨) 

[현행 및 문제점]
화주들이 SHIPPING REQUEST를 선사에 제출시 최소 포장단위 즉 CARTON

또는 PIECE로 원하고 있으나 선사에서 출항적하목록을 제출하면 수출신고필증의 포장 수량과 상이하여 ""M,B/L의 총 포장수량과 수출신고포장수량합을 확인하시오""라는 오류 MESSAGE가 나타나기 때문에 선사와 화주가 수출신고필증의 포장수량으로 신고후 미 세관에 신고하기 위하여 적하목록의 포장 수량을 최소 단위로 다시 수정하여야 함으로 1,000여건에 달하는 선하증권의

포장수량을 정정하는 것을 불가능한 것으로 사료됨 

[예산절감액]
0

[국세/조세수입증대액]
0

[개선방안]
화주가 수출신고필증 수리시 포장 수량을 미 세관의 요구안과 동일하게 최소 포장 단위로 표기토록 행정적으로 선사를 지원하여 주시면 고맙겠습니다.

[행정개선효과]",,,20240124,
40cc미만 원동기에대한규제완화...,행정/자치/안전,,답변완료,2003-01-24,경찰청,"저는 라이노라는 33cc레저용스쿠터를 가지고다니는사람입니다.

법이아직 어떻게 돼는지 저는잘모릅니다.

경찰관들한테 걸리면 헬멧을사용하고 인도로 다니지  말고 도로로 다니라고 합니다.

헬멧은 저희를 보호하자는 차원에서 써야하는것이 당연하다고 생각됩니다.하지만 도로로 다니라는것은 인도에서 헬멧을 착용안하고 다니는 것보다 더위험하다고 생각됩니다.미니스쿠터는 최고속력이라고 해봤자 30키로 정도가 나옵니다. 정체된 곳이면 몰라도 그정도 속도로 도로를 다니면 주위에서 빵빵거리고 욕을 먹으면서 다녀야 합니다 법적으로 되었다지만 왜 욕을 먹으면 서 다녀야 하는지요.

이좋류는 아직 법적으로 어떻게 돼는지 아직 확실히 정해 져있지 안다고 들었는데요.

그렇다면 미니스크터는 헬멧은착용하고 자전거도로나 인도 에서 탈수있도록 만들어주세요.....",,,20240124,
기능사보 기능사 인정 관하여,노동/환경,,,2003-01-22,고용노동부,저는 1977년도에 전기 내선공사기능사보 자격을 취득하고 현재까지(일용직)내선전공 으로 열심히  일을 해 왔읍니다기능사보 폐지에따른 기능사인정 관련하여 몇 가지 제언 드리고져 이 글을 올림니다기능사보 기능사 인정 관하여 시행규칙을 보면대상 : 1998년5월9일 이전에 기능사보 취득하고 경력기간 1998년5월9일부터 2001년12월31일 해당직무분야에 계속재직한 경우 되어 있습니다경력을 증명하기 위하여는 고용보험.의료보험.연금보험.산재보험.가입된 사업장 근무한 사람은      경력이 인정되고있는실정입니다  약 3년6개월 4 대보험 혜택을 받은사람은 기능사 인정이 되고 보험혜택받지 못한 25년 경력자는     기능사 인정을 받지 못하는 것은 매우 불평등하다고 생각 됩니다또한 경력기간 98년~2001년 이기간은 우리나라가 IMF 라는 엄청난 실업자가 많은 기간이고 특히   건설일용직 노동자와 소규모 영세사업장근로자 아픔이 가장컸던 기간 이었습니다.그런 아픔을 잃어 버리려는 이시기에 또 한번의 아픔을 전해주는군요 우리사회엔 아직도 일용직근로자(일당제) 특히 현장에 따라 수없이 이동 많은 건설일용 근로자. 소규모사업장 근로자들이4대 보험혜택을 받지 못 하지만 열악한 환경에서도 열심히 살어가고 있습니다25년 10년 3년6월 경력이 기능인으로서 같을수 없다고 생각합니다3년6월의 경력증명만으로 기능사가 되고  또는 10년 25년경력을 가지고도 경력증명을 받을수없다는 이유많으로기능사 인정 되지않는 것은 부당합니다 저의 좁은소견으로 몇가지 제언 드고져합니다 매우 바쁘시더라도 같은국민이라는 생각이 들게 해주세여그리하여 기능사로서 긍지를 같고 살수있도록 하여주십시요 두서없는 글 끝까지 보아 주셔서 감사합나다,,,20240124,NA
너무 안이하게 일하시는것 같습니다.(노동부 직원분들),노동/환경,,,2003-01-20,고용노동부,"우선 모두들 친절하셨다는것은 말씀 드리구요,제가 임금채불 문제로 질의를 했었습니다.회사가 일산에 있었다고 하니 담당자분께서 성남 노동부로 가보라고하셨습니다.그래서 성남 노동부에 토요일날 몇시까지 근무하시냐고 전화상으로 물어보니5시라고 하셨구요,2시정도에 가보니 민원실에 한분이 퇴근 준비를 하시면서 왜이렇게 늦게 왔냐고 물으셨습니다.제가 5시 퇴근으로 알고 왔다고 하니 누가 그랬냐고 물으시더군요,또 회사가 일산에 있었으면 의정부로 가라고 하시더라구요,도대체 왜 담당자라는 분께서 성남하고 의정부를 헷깔리셨는지 궁금합니다.설마 모르시리라고는 생각치 않습니다.그리고 공무원분들에게 퇴근시간이 무슨 의미가 있는지도 알고 싶습니다.조금만 더 적극적이고 책임감을 가지고 일하셨으면 좋겠습니다.",,,20240124,NA
퇴직금받는기준이 너무하다고 생각합니다.,노동/환경,,,2003-01-20,고용노동부,저는 사단법인회사에 다녔습니다. 2년5개월을 착실히 근무했지만 아직도 퇴직금을 받지 못하고 있습니다....개인사정으로 인해 인수 인계를 하지 못했는데 인수인계를 하지 않았다는 이유로 퇴직적립금이라고 적립금도 있는데 화난다는 이유로 주지 않고 있습니다.몇번을 전화해도 사람대접도 안하고 정말 화가나서 진정서를 제출했습니다.하지만 회장님을 포함 5명인데...회장님은 직원으로 안들어가서 퇴직금을 받을 방법이 없다고 하더군요....하지만 민원받으신분이 전화 한통은 해준다고 했는데...그래도 안주고 있으니 정말 어찌할바를 모르겠네요...5인 미만인 회사에 다니면 퇴직금도 못 받는다는 사실을 알지 못한 죄로 퇴직금을 받지 못하는게 너무 억울합니다.,,,20240124,NA
수춠신고서 정정을 좀 쉽고 간단하게 할 수 없나요,재정/금융/소비자,풍산모터스사유서.h30,답변완료,2003-01-15,관세청,"[개요]
수출단가협약이 지연되어 전년도 수출가겨으로 우선 수출한 후 단가협약이 완료디면 소급하여 가격을 인하 또는 인상하는 경우 매 수출신고건별로 정정하는 제도를 개선

[현행 및 문제점]
수출단가협약이 지연되어 전년도 수출가격으로 우선 수출한 후 단가협약이 완료디면 소급하여 가겨을 인하 또는 인상하는 경우 매 수출신고건별로 단가를 정정하여면 ㅅ출자와 세관의 업무가 크게 늘어납니다.

[예산절감액]
0

[국세/조세수입증대액]
0

[개선방안]
가격협상이 완료된 후 총수출액에서 인하 또는 인상된 율로 정정신청하거나

최후에 신고한 건 중 몇건만 정정하여 인상 또느 인하된 금액을 반영할 수 있도록 개선

[행정개선효과]
수출업체 지원 및 세관인력 절감",,,20240124,
일용직공무원의 처우에 관하여..,노동/환경,,,2003-01-07,고용노동부,"안녕하세요? 저는 충북지방경찰청에서 일용직공무원 (사무 여직원, 보통 사무보조라 함)으로 일하고 있는 사람입니다.  보통 기업체의 사무여사원이라고 표현하면 맞을것입니다.현재 일당 19,600원으로 책정되어 한달 급여를 받고 있습니다. 일요일 제외하고 한달을 꼬박일한 수당이 오십이만원이 정도이며며 의료보험료 등의 금액이 공제된후 실수령액은 사십팔만원 정도입니다.궁금한 점을 요약합니다 1. 관공서에서 일하고 있는 일용직공무원들의 일당이 왜 각기 다른건지? 2. 왜 같은 사무원들의 명칭을 일용직,기능직,일반직등으로 구분짓고    처우에 심한 차별을 두는건지? 3. 월차,년차 등의 휴가제가 왜 일용직에게는 해당이 되지 않는지, 그런     규정을 만들수는 없는지?",,,20240124,NA
전시회 수출물품에 대한 관세환급제도 개선건의,재정/금융/소비자,,답변완료,2003-01-06,관세청,"[개요]
○ 외국에서 개최되는 전시회에 출품(수출)한 물품이 현지에서 판매될 경우

    - 관련법에서는 관세환급이 가능하다고 되어 있으나 

    - 실무에서는 대한무역진흥공사의 장이 확인한 물품만 관세환급 허용

[현행 및 문제점]
○ 본 법의 취지에 위배되는 것으로 판단됨으로 재검토 필요.

    - 환급특례법 제4조 및 동법시행규칙 제2조 제1항 제1호에 의하면,  

    - 외국에서 개최되는 전시회 등에 출품한 물품도 외국에서 판매된 경우도

      관세환급이 가능하다고 되어 있습니다만, 

    - 실무에서는 전시회 출품물품중 대한무역진흥공사 명의로 수출된

      물품에 한해서만 관세환급 허용하고 있어

      (대한무역진흥공사장이 확인한 출품확인서가 있는 경우에만 환급허용)

   - 수출에 공한 물품임에도 불구하고 환급을 받을 수 없는 경우 발생.

[예산절감액]
0

[국세/조세수입증대액]
0

[개선방안]
○ 전시회 출품물품의 확인권자 변경

    - 변경전: 대한무역진흥공사장

    - 변경후: 수출지세관장

[행정개선효과]
○ 절차간소화 및 업체 환급지원효과

    - 전시회 출품물품의 경우 확인권자를 세관장으로 지정함에 따라

      수출업자의 업무절차가 간소화하고,

    - 업체 환급지원 및 환급누락분 미연에 방지.",,,20240124,
실업급여 기간중에도 별도 구직신청건의 불합리 제도 개선,노동/환경,,,2003-01-06,고용노동부,정년퇴직후 구직신청을 하고 실업급여중인데 3개월 마다 별도로 구직신청을 해야만 6개월후에 장기구직자 채용장려금 대상자가 될수 있는 규정은 문제가 만음 - 본인및 퇴직 동기생 모두 이런 피해로 취업이 6개월 지연됨,,,20240124,NA
