title,area,attachment,status,date_petitioned,branch,현황 및 문제점,개선방안,기대효과,검토내용,date_scraped,date_answered,실시 결과
경의선 운행할 전동차에 대한 개선점,국토/교통/농림/해양,,답변완료,2008-12-31,국토교통부,"경의선을 자주 이용하는 사람입니다.


09년 후반기에 경의선 복복선 공사가 완료 될 것입니다.


그와 동시에 열차가 전철화 되기 시작하는 것으로 알고 있는데요, 새 열차가 운행되기 전에 한 가지 제안할 것이 있습니다.

  열차 한량 중, 두 명씩 앉는 의자 말고 여러 명이 마주 보고 앉는 의자의 공간에 대한 얘기입니다.


 이곳에 지금은 한 줄 당 10 명이 앉게 되어 있는데, 9 명 내지 8 명이 앉을 수 있게 했으면 합니다.


 전체 좌석을 밋밋하게 만들지 말고 한 사람에 해당하는 공간씩 입체적으로 구분을 해서 8-9 명이 앉을 수 있게 했으면 합니다.  그래야 제대로 공간을 확보할 수 있을 겁니다.



평균 체격이 커진 만큼 한 사람의 공간도 커져야합니다.


여러 사람이 앉는 것도 좋겠지만, 일단 앉게 되면 더 편안하게 이용했으면 합니다.

그로인해 더 많은 사람들이 서서 가야 한다면 지금보다 더 많은 객차를 가동하면 될 것입니다.


그리고 코래일에서는 전동차를 운행하더라도 기존의 디젤 기관차도 같이 운행할 것이라고 하는데, 열차가 정차하고 있을 때 뿜어져 나오는 매연을 보면 기존차량의 매연은 너무 심합니다. 되도록 빨리 모든 차량을 전동차로 대체 했으면 합니다.  

 코래일이 플랭카드에  기차가 친환경 교통수단이라고 써 놓은 것이 무색할 정도에요. 


 코래일 열차가 지하철 보다 좋은 점은 화장실이 있다는 것인데 지금과 같이 관리 된다면 열차 이용 승객들이 오히려 더 불쾌해질 수밖에 없습니다.


 화장실에서 담배를 피운 사람이 객실로 들어오면 담배 냄새가 주변 사람들에게 퍼집니다.  담배 연기를 들이 마시는 것은 아니지만 그 냄새  또한 불쾌하기는 마찬가지입니다.


새로운 객차에는 담배 연기 경보기를 매입 부착해서 승객들이 손상을 주지 못하게 했으면 합니다.",,,,20240125,NA,NA
기차와 버스에 누을 수 있게,국토/교통/농림/해양,,답변완료,2008-12-30,국토교통부,"안녕하세요


첨부이미지를 보시면 이해하시는데 도움이 됩니다


밤에 기차를 타고가다보면 주무시는 분이 많이 계시는데


두 사람씩 앉게 만든 좌석에 누워가기 불편합니다


한 쪽에 좌석을 세 개 두고 다른 쪽에 좌석을 한 개 두면


승객이 적은 경우 좌석이 세 개있는 쪽에 누울 수 있고


좌석을 떼내고 마루를 깔면 실버들과 밤 기차를 타는 분들이


편하게 쉬어갈 수 있을 것 같습니다


시범적으로 경부선과 호남선 중앙선 등에 한 대씩 마루 열차를


달고 반응이 좋으면 확대하면 좋을 것 같습니다


저라면 요금을 더 지불하더라도 마루에 누워가고 싶습니다


침대열차가 없어 불편했는데 마루열차는 청소가 쉽고


유지비도 적게 들고 괜찮을 것 같습니다



답변을 주시기 전에 전화주십시요


고맙습니다",,,,20240125,NA,NA
 소비자 물품의 제조일 등 표시 철저 시행제안,재정/금융/소비자,소비자 물품의 제조일 표시 철저 시행제안.hwp,제안심사,2008-12-30,공정거래위원회,"시민생활 주변에서 조금 관찰해보면, 소비자 물품중 소비자기본법 제10조 (표시의 기준)'이


규정되어 있으나, 이의 이행상채가  철저치 못하여 실제 생활에 많은 불편과 또는 안전성도


저해할 우려가 있다고 생각하여 다음과 같이 제안합니다.


 제안 내용 요약

1.  제조일 등 표시 상품범위 확대; 예, 고가 의복 등

2.. 제조일 표시를 명확하고 잘 보이게 할 것; 예, 승용차용 타이어

3.. 내부 포장용기(외부 포장용 종이 박스가 아닌)에도 명확히 표시할 것; 

    예,  일부 의약품, 대부분의 화장품류(로션, 세제, 크림 등)


 상세 내용은 첨부 자료를 참조하시기 바랍니다.   -끝-",,,NA,20240125,NA,NA
통장 수당의 효용성 및 예산 낭비...,행정/자치/안전,,제안심사,2008-12-30,행정안전부,"먼저 이런 게시판이나 건의사항에 남기는 첫번째 글이라 다소 글의 내용이 억측 스럽거나

논리적이지 못하더라도 양해 바랍니다...

저는 금융기관에 다니는 은행원입니다.

통장수당이라는 것이 있는지도 모르다가 근무를 하면서 알게 되었는데요.

매월 지급되는 통장수당의 금액을 보고는 깜짝 놀라지 않을수 없었습니다.

기본 금액 매월 \220,000 에 3개월(?)에 한번씩 상여금(\220,000) 이 지급 되는 것으로 압니다.

이곳에 근무 하면서 통장들을 많이 알고 지내개 되는되요.

과연 통장들이 그만한 보상을 받을만큼의 일을 하는지 조차 의문입니다.

제가 사는 동에도 통장이 있겠지만 누군지 조차 모릅니다.

제가 근무하는 곳의 통장중에도 도저히 통장의 업무를 수행할수 없는 상황에 있는 분(질병)도 있습니다.  참고로 이동네는 통장이 30-35명 가량 됩니다... 엄청난 금액이죠?

이 금액이라면 서울시 동마다 엄청 날텐데, 동네마다 독거노인이나 소년소녀가장 가정이

참으로 많다는 것을 알고 있습니다. 그외  어려운 가정은 아주 많습니다.

물론 통장수당을 이용하여 어려운 가정을 도우라는 것은 아닙니다.

국가의 예산을 집행함에 있어서 조금더 세심한 부분에도 신경을 써서 더 필요한 곳에 

써지길 바랄뿐입니다. 

동네 통장을 하기 위해선 그들만의 친목도 있어야 하고 힘있는 동네분들을 알면 되기도 쉽고

되고 난 다음에는 그저 수당만 챙기면 된다는 생각뿐이지 않을까요?

물론 소수의 통장님들을 비방하거나 욕하고 싶은 생각은 없습니다...

과연 통장의 직무는 어떠한 것들이 있으며 실제로 어떤 일들을 행하고 있는지에 대한 연구가 필요하며, 지금이라도 철저한 현장조사를 통하여 통장수당의 효율적인 재집행을 간절히 

바랍니다.  

이시간에도 시민들의 말에 귀를 기울이고 계신분들에게 감사 드립니다...",,,NA,20240125,NA,NA
점심 시간을 조정하여 국민 건강및 업무 능률을 향상하자,행정/자치/안전,,답변완료,2008-12-29,인사혁신처,"현행 업무 시간은 9시 부터 12시 (오전 3시간) 오후 13시부터 18시 (오후 5시간)으로 

오전 시간이 짧아 아침을 거르는 사람이 많습니다 이에 따라 점심및 저녁은 폭식을 하게 되고 위장병 환자가 많이 있습니다.

업무 능률도 오전이 좋은데 3시간 밖에 안되어 능률이 떨어 지고 오후는 지루 하게 됩니다

점심 식사 시간을 13시부터 14시로 조정하든지 업무 시간을 08시부터 로 하든지 조정해야 합니다.

개인 생각으로는 불경기 도 해처 나가게 오전 8시부터 근무하고 퇴근을 오후17시로 바꿧으면 합니다",,,,20240125,NA,NA
무임승차권 사용조건변경,식품/보건/복지/가족,,답변완료,2008-12-25,보건복지부,"현 65세 이상이면은 사용할수잇는 대중교통 무임승차권의 사용하는데 제약을 가해야한다고봅니다

1. 출퇴근시간대에는 사용을 못하게한다거나 일정액을 지불하도록 최소100원이상의 금액을 지불케하여 국고의 적자를 최소화 

2. 무임승차권을 저소득층의 대상자에게만 지급, 재산이 여유가잇으신분들께서도 이것을 이용하여 무료로 이용하시는경우가 많다

3. 거리를 제한하여 주소지 에서 반경 얼마만큼의 거리를 제한하여 그 거리까지만을 무료구간으로 설정 그 이상은 추가로 요금을 부과",,,,20240125,NA,NA
지역아동센타 시설운영 방법 개선,식품/보건/복지/가족,지역아동센타 운영방법 개선.hwp,답변완료,2008-12-24,보건복지부,"지역아동센타 시설운영 방법 개선에 따른 제안입니다.


내용 : 별첨",,,,20240125,NA,NA
거꾸로 가는 마포구청,행정/자치/안전,김민지컬렉션.doc,제안추진,2008-12-22,마포구,"며칠전 저희 어머님께서 새로 개관한 마포청소년수련관에 다니시는 터라 업무차 마포구청에 함께 방문하였습니다. 마침 마포구청 여직원회에서 바자회를 열었더군요

연세 지긋한 나이드신 어르신들 옷이 전시되어 어머님과 함께 보는도중 어머님께서 화들짝 놀라시며 손사레를 치며 얼른 가자며 재촉하시더군요.

전시된 옷들은 바자회에는 걸맞지 않는 8만원도 아닌 88만원 코트와 100여만원의 모피코트가 전시되어 있고 더더욱 웃긴 풍경은 공무원증을 목에 찬 한 여직원의 말이였습니다.

88만원 모피코트가 싸다고 연신 중얼거리며 판매에 참여한 업체 직원에게 구매를 물어보더군요~ 전 그때 알았습니다. 

공무원들의 월급이 100만원을 호가하는 모피코트를 아무렇치도 않게 구매를 할 수 있을 정도로 그렇게 많은지를 말입니다. 그래서 그렇게 공무원을 할려고 기를 쓰나봅니다.

전세계적으로 어려워 공장문을 닫는 제조업체와 도산하는 기업이 넘쳐나고 있습니다. 저 또한 무역을 하고 있습니다만 IMF보다 더 어려운시기입니다. 

누구를 위한 바자회인줄 모르겠습니다. 상대적 박탈감과 더불어 '나만 어려운가?'라는 질문을 하게 되는 행사였습니다. 제발 무슨 행사를 하시던 생각을 하고 임하였으면 합니다.

아래 첨부파일은 마포구청 홈페이지에서 행사관련 안내문입니다.",,,,20240125,NA,NA
지하철 및 전철구간 턴널 조명장치 형광등에서  LED로 개선하여 에너지 절약,국토/교통/농림/해양,에너지 절약방안.hwp,답변완료,2008-12-15,국토교통부,"O.지하철 및 전철구간 턴널조명이 형광등으로설치되어 있어 24시간 불필요한 전력을 낭비

터널구간에서 형광등조명은 열차 진행시 승무원의 어둠에 대한 두려움을 방지하기위한 수단일 뿐 터널내에서 작업을 할 때에는 별도의 작업등이 있어야 가능함.

O.빛의 혁명이라 할 수 있는 저 소비전력의 램프인 LED를 이용하여 지하철 및 전철구간의 턴널내 조명을 개선하여 고유가에 따른 에너지 절약방안을 제안함.  

기대효과

저 전력 고효율인 고휘도LED를 터널조명등에 적용함으로서

1.년간 전력 에너지사용량 및  년간 전력요금 절감은 물론  전국적 적용시 에너지 절감효과가 클 것 임.

2.LED의 수명이 길어 형광등 교체에 따른 인력절감의 효과가 있을 것으로 사료됨.",,,"평소 국토교통행정에 관심을 가져주시어 감사드리며, 귀하의 민원에 대해 아래와 같이 회신합니다.


'공공기관 에너지 이용합리화 추진 지침(국무총리지시 제2008-3호)' 의 조명기기의 경우 LED제품을 우선 사용하도록 하는 규정 등에 따라 공공기관이나 지하철 등은 가급적 새로 설치하는 조명등은 LED등을 사용하고 있으며, 기존 조명등은 점차적으로 LED로 교체하고 있음을 알려드립니다. 


위 답변에 문의 또는 궁금하신 사항이 있으시면 국토교통부 광역도시철도과(TEL 044-201-3967)로 전화주시면 성심성의껏 답변드리겠습니다.",20240125,2013-12-26,NA
"안산시의 모든천에 .......,",행정/자치/안전,,답변완료,2008-12-15,안산시,"개요 

  날로 심각해져가고있는 환경오염을 막기위해서는  

안산에있는 모든하천을 정화작업과 함께 돌아보고 감시할수있는 감시단을  

경증장애인이나 건강하신노인들을 채용함으로써, 

일자리창출과 환경을 보존함으로 녹색도시로 알려진 안산시 이미지를 더 높이고 

썩어들어가는 지구를 살리는데 그 목적이 있다



 현황및문제점 

  안산천만 미약하게나마 정화작업을 하고 나머지 하천은 전혀 무방비 상태인채 관리가 전혀 안되고 있어 하천이 더럽고 악취가 풍겨 녹색도시 안산이 말이 아닐 

정도로 그 위상이 떨어져 전국최초의 에버그린도시란 말이 무색할 정도다



 개선방안 

  모든 하천물을 깨끗하게 돌보고 가꾸는 김시단을 둠으로 맑은물속에 갖가지 고기들이 살게하고 또한 개천들을 아름답게 꾸며 아이들의 학습장과 시민의 휴삭공간으로 돌려주어 진정 시민을 편안하고 즐겁게 살수 있도록 개선하자



 기대효과 

  날로 심각해져가고있는 환경오염도 없애 우리시 하천도 살려서 자연학습장과  

휴식공간으로 거듭나면 돈으로 환산할순 없지만 관광산업도 기대할수 있고, 

소외계층의 일자리도 만들어 주고, 

취약게층의 일자리창출사업도 전국에서 제일이 된다면 모든면에서의 전국1위 

아니 세계에서 1위란 말이 널리 알려져 시장님과 시민들의 위상이 높아지고   

살고싶은 도시,머무르고 싶은 안산시로 자리매김 할것이다.",,,,20240125,NA,NA
진료기록사본발급과 관련된 의료법 21조의 개정 제안,식품/보건/복지/가족,진료기록사본발급지침(복지부).hwp법령해석요청서(법제처 복지부 의료법 21조 ).hwp,제안심사,2008-12-14,보건복지부,"1. 제안 개요


 의료법 제21조(기록 열람 등) 1항 단서 조항을 보면, 


“다만, 환자, 환자의 배우자, 환자의 직계존비속 또는 배우자의 직계존속(배우자, 직계존비속 및 배우자의 직계존속이 없는 경우에는 환자가 지정하는 대리인)이 환자에 관한 기록의 열람이나 사본 교부 등 그 내용 확인을 요구하는 경우에는 환자의 치료를 위하여 불가피한 경우가 아니면 확인할 수 있게 하여야 한다.” 


라고 하여 환자의 진료기록사본발급과 관련된 기준을 정하고 있고, 이 법을 구체화하기 위해 복지부는 진료기록사본발급지침 (2003. 9. 1일부터 시행, 보건복지부 의정 65507-275)을 제정하였고 전국의 모든 병원은 복지부의 지침에 따라 진료기록사본을 발급하고 있습니다. 


그런데 위의 의료법 21조와 복지부의 관련 지침 간에 상호 모순된 표현이 있어서 진료기록 사본을 발급받는데 있어서 많은 국민과 병원 모두가 불편을 겪고 있다고 판단되어 의료법 21조를 개정할 것을 제안하게 되었습니다. 



2. 실태와 문제점


  의료법 21조 단서 조항을 보면 ""환자의 배우자"", ""환자의 직계존비속"", ""배우자의 직계존속"" 등 이 세가지를 특별히 명시했고, 이 세가지에 대해서는 진료기록사본발급에 있어서 ""환자""와 동일하게 진료기록 사본을 발급받을 수 있도록 하고 있습니다. 


즉 법조문만 놓고 보면 이 세가지(배우자 등)에 대해서는 환자의 대리인과는 달리 취급하도록 되어 있고, 오히려 진료기록사본발급에 있어서는환자와 동일한 자격이 있는 것으로 볼수 있을 것입니다. 다시 말하면 환자의 대리인이라면 대리의 성격상 당연히 대리인이라는 것을 확인할 수 있는 위임장과 인감증명서를 제시해야 되지만 세가지(배우자 등)에 해당하는 사람들은 굳이 위임장과 인감증명서까지 제시할 필요가 없도록 한 것이 이 법의 내용이라고 판단될 수 있을 것입니다. 


그런데 복지부가 제정한  진료기록사본발급지침 (2003. 9. 1일부터 시행, 보건복지부 의정 65507-275) 을 보면----(첨부파일 1을 참조하여 주십시오) 


"" 2) 환자의 가족 또는 그 대리인이 진료기록 사본 발급을 요청할 때에는 신청서를 작성하고 환자가 직접 작성, 날인한 위임장이 첨부되어야 함.(다만, 환자가 사망, 의식불명, 미성년자의 경우일 때에는 환자의 보호자 또는 대리인이 환자를 대신함)

 -위임장에는 위임자와 피위임자의 인적사항 및 위임의 내용 등이 구체적으로 명시되어야 하며, 이를 객관적으로 입증할 수 있는 인감증명서가 제시되어야 함.


라고 하여 배우자 등 세가지의 경우에도 대리인과 똑 같이 환자의 위임장과 인감증명서를 제시하도록 하고 있어서 의료법 21조와 모순되는 듯한(제가 보기에는 명백한 모순입니다. 그러나 복지부의 확고한 의지를 존중해서 이런 표현을 썼습니다.) 지침을 정하고 있고 이로 인해 많은 국민과 병원이 혼란을 겪고 있고 실제로 많은 불편을 겪고 있습니다. 


왜냐하면 환자 등 일반 국민들은 의료법은 알 수 있지만 복지부의 지침까지 알 수는 없을 것이고 따라서 배우자 등이 의료법을 찾아 보고 그에 따라 병원에 가서 진료기록사본을 발급받으려고 했는데 병원에서는 복지부의 지침을 근거로 위임장과 인감증명서를 요구하면서 이를 제시하지 못하면 사본발급을 거부하는 경우가 비일비재합니다. 아픈 환자를 대신해서 일부러 병원까지 왔는데 발급을 거부당하고 다시 돌아가서 위임장을 받고 인감증명을 떼어서 다시 병원에 가야되는 것입니다. 




3. 복지부의 태도


 이런 문제에 대해 복지부에 대하여 저 개인적으로도 수차례에 걸쳐 의료법에 저촉되는 진료기록사본발급지침을 변경해 줄 것을 요구했으나 복지부는 첨부 파일에서 보는 바와 같이 합리적인 이유는 제시하지 않으면서 ""지침에는 문제가 없어서 변경할 필요가 없다""는 권위적인 답변만 되풀이 하고 있습니다. 


따라서 복지부가 지침을 변경할 의사가 없는 한 법을 개정하는 것만이 국민들의 불편을 덜고 상위법인 의료법과 하위법규인 복지부의 지침 간의 일관성을 유지하는 유일한 방법이라고 판단되어 다음과 같이 법을 개정할 것을 제안합니다. 




4. 개선 방안(의료법 21조의 개정 제안 내용)


 의료법 21조의 단서 조항인 


“다만, 환자, 환자의 배우자, 환자의 직계존비속 또는 배우자의 직계존속(배우자, 직계존비속 및 배우자의 직계존속이 없는 경우에는 환자가 지정하는 대리인)이 환자에 관한 기록의 열람이나 사본 교부 등 그 내용 확인을 요구하는 경우에는 환자의 치료를 위하여 불가피한 경우가 아니면 확인할 수 있게 하여야 한다.” 


이 내용 중에 ""환자의 배우자"", ""환자의 직계족비속"", ""배우자의 직계존속"" 등 이 세가지를 삭제할 것을 제안합니다. 


복지부의 지침대로라면 사본발급에 있어서 배우자 등 세가지도 대리인과 다를 바가 없는데 굳이 이 세가지를 법조문에 명시해서 마치 이들 세가지에 대해서는 대리인과 다른 ""특혜""가 있는 것처럼 표현할 이유가 전혀 없다고 판단되며, 오히려 이로 인해 국민들과 병원이 불편을 겪고 있다는 것은 위에서 언급한 바와 같습니다. 


또한 위의 괄호 안의 내용, 즉 ""배우자, 직계존비속 및 배우자의 직계존속이 없는 경우에는 환자가 지정하는 대리인"" 이라는 부분도 삭제해야 되는 것이 마땅하다고 생각합니다. 

물론 이 부분도 법조문에 충실한 해석을 하면, 원칙적으로 대리인이 허용되는 경우는 배우자 등이 없는 경우에만 허용되는 것이 아닌가 하는 생각입니다. 


어쨌든 배우자 등 세가지를 삭제할 것을 제안합니다. 




4. 기대 효과


  1) 법과 지침의 상호모순에서 비롯된 환자 등 국민들의 불편이 없어질 것이며


  2) 법과 지침 모순이 해결되어 법체계의 일관성을 유지할 수 있을 것입니다. 




5. 부탁 말씀


  저는 지금 복지부의 지침때문에, 지침에 법을 맞추기 위해 법을 개정하자는 제안을 하고 있습니다. 코미디가 따로 없습니다. 일종의 하위법인 지침에 상위법인 의료법을 맞추기 위해 법을 개정하자는 주장을 하고 있으니 말입니다.  


그러나 복지부가 지침에는 문제가 없다며 확고한 의지(?)를 보이고 있는 이상 위와 같은 문제점을 해결하기 위한 다른 방법이 어디 있겠습니까? 


중앙부처가 판단했을 때 법이 아무리 현실과 맞지 않더라고 현행법이 있다면 그 법에 따라야 되는 것이 순리일 것입니다. 게다가 현재와 같은 의료법을  만드는 데 누구의 의견이 가장 많이 반영되었습니까? 복지부 아닙니까? 


잘은 모르지만 의료법 21조 나름대로의 합리적인 의미도 있다고 생각합니다. 요즘은 보험 등과 관련해서 진료기록사본을 발급 받을 경우가 많은데 그 때마다 환자 본인만 사본을 발급받을 수 있다면 아픈 환자나 가족에게 얼마나 큰 불편이 따르겠습니까. 이런 점을 감안해서 배우자 등 세가지에 대해서는 법이 특별히 배려를 해준 것이 의료법 21조의 취지가 아닌가 생각됩니다. 


물론 그 과정에서 복지부의 주장대로 환자의 프라이버시가 침해되는 경우도 생길 수 있을 것입니다. 그러나 그것은 입법론 적인 얘기고 그럼에도 불구하고 일단 현행법이 그렇게 되어 있다면 복지부도 그에 따라야 되는 것은 너무도 당연한 것입니다. 



일단 복지부의 확고한 의지를 존중하며, 따라서 관련 법조문의 개정을 제안하오니 제안을 수용하여 주실 것을 부탁드리며, 만약 수용할 수 없다면 그 이유만이라도 제대로, 제발이지 성의 있게 알려주실 것을 부탁드립니다. 


아마도 복지부에서 처리할 것으로 예상되는데 ""안되니까 안된다"" 는 식의 권위적인 답변 보다는 왜 안되는지 합리적인 이유를 제시해 줄 것을 간곡히 부탁드립니다. 


물론 어떻게 일개 국민이 요구한다고 해서 중앙부처에서 그 요구를 다 수용할 수 있겠습니까. 그걸 모르는 바 아니며 다만 안되는 이유라도 알자는 것입니다. 


감사합니다.



첨언 


 저번에 진료기록사본발급지침을 변경하자는 저의 ""국민제안""에 대해서 복지부에서는 국민제안으로는 부적합하다며  ""민원""으로 처리한다는 일방적인 통보후에 그렇게 처리하셨습니다. 제안의 수용여부를 떠나 지침을 바꾸자는게 왜 제안은 될 수 없고 민원으로만 처리해야 되는 지 이해할 수 없었습니다. 


타당한 이유없이 함부로 제안을 민원으로, 공개민원을 비공개 민원으로 임의대로 바꾸는 일은 없었으면 좋겠습니다. ""신문고""라면 설령 형식에 조금 문제가 있더라도 가급적이면 신문고를 두드리는 사람의 의견을 존중해 주셔야 되는 것 아닐까요? 아주 잘못된 제안이 아니라면 일단 제안으로 처리한 후에 채택하지 않으면 되는 것이 아닐런지요. 




첨부파일  1     진료기록사본발급지침(복지부 2003년)


                  2     복지부에 제출했던 관련 민원 내용 및 법령해석요청",,,NA,20240125,NA,NA
주택가 주변 주차장 건축 및 관리 사업,행정/자치/안전,,답변완료,2008-12-10,서울특별시,"그리고 이번 기회에 만성적인 도시내 주택가에 파킹하는 문제를 해결하기 위한 파킹 빌딩 건설을 추진하는 것을 제안한다.  국민들은 주택가에 자동차를 세우지 못해서 서로 싸우고 하는 문제들이 어제 오늘의 문제가 아니다.  주택가에 파킹 빌딩을 지어 줌으로서 국민들이 더이상 자동차를 주차하는 것으로 인하여 불편을 겪는 것을 해결해 주어야 할 것이다. 물론 지역 주민들은 스티카를 달며 할인된 요금을 내면 사용할 수 있도록 하는 것입니다. 이로 인하여 정부가 건설사들을 무조건 돈으로 부양해 주는 것이 아니라, 일거리를 제공함으로서 고용 효과와 국민들의 세금이 제대로 사용되고 국민으로 부터 긍정적인 반응을 얻어 낼 것이라 믿는다.",,,"주차빌딩을 건설하는 것은 부지확보 및 예산 등의 어려움이 있어서 우리시는 주차난이 심각한 주택가의 경우 주차환경개선지구로 지정하여 인근 주택 등을 구입하여 공동주차장을 건설하거나 기존 주차장 개방시 시설비 설치비 지원, 담장허물기 사업을 통해 주차장을 공유하도록 하고 있습니다.",20240125,2013-01-14,NA
사회복지법인 임원(시설장) 겸직 여부 조회 방법 개선,식품/보건/복지/가족,,답변완료,2008-12-04,보건복지부,"고생하십니다.


ㅇ. 현행

    - 사회복지법인의 임원이나 해당 시설의 장이 임용(변경) 될 시에는 사회복지사업법 제7조 3항. 제19조, 제21조, 제35조에 의거 전국 모든 지자체로 겸직여부 및 신원조회를 실시하고 있음.


ㅇ. 문제점

    - 모든 지자체로 겸직여부 및 신원조회를 실시하고 있어 지자체별로 하루 평균 3-4건의 문서가 접수되고 있음. 

    - 이것을 처리하기 위해서는 230여개 지자체 담당이 일일이 자기가 관리하고 있는 자료를 열람하거나, 신원조회부서의 협조를 받아 처리하고 있어 처리시간이 소요되고 번거로움

    - 또 모든 지자체 담당이 성실히 겸직여부를 조회한다고 볼 수도 없어 사회복지사업법이 당초 목적한바를 달성하기에 미흡함.


ㅇ. 개선사항.

    - 과거와 달리 인터넷 온라인 시스템이 매우 발달하였으므로 중앙부처에서 사회복지법인의 임원과 각 시설의 장(나아가 시설직원 포함) 등에 대한 직책과 신원조회 자료를 데이터베이스화 하여 온라인상에서 조회 가능하도록 조치한다면,

    - 해당 지자체 담당이 매번 전국 지자체로 문서를 돌리지 않고, 중앙부처 온라인 시스템에 접근하여 직접 조회한다면 책임감도 높아지고 또 이 제도가 보다 더 효율적으로 운영될 것으로 보임.

    - 데이터 베이스 확보방안은 중앙부처에서 시스템만 만들면, 각 지자체 담당이 자기가 관리하고 있는 사회복지법인에 대한 임원(시설장)에 대한 데이터를 즉시 즉시 입력 관리한다면 될 것으로 사료됨.",,,,20240125,NA,NA
신문고 홈페이지 수정 요망,기타,,답변완료,2008-11-29,국민권익위원회,"다른 사항으로 인해 접수하려다 신문고 홈페이지가 이런 식으로 엉망인가 싶어서

먼저 수정을 요청합니다.


1. 먼저 지금 현재 페이지의 개인 정보 입력시 빠른 속도로 입력하면 글자가 여러 글자가

찍히는 재미있는 오류가 있습니다. 

예를 들어 저는 0631 이라고 입력하면 00000666666333331111 이라고 찍히네요.

굉장히 재미있는 오류네요. 


 제 타자 입력수는 분당 400 타 정도인데,

그 정도로 입력한다고 이런 현상이 일어나는 홈페이지는 처음이네요.

한글은 괜찮은데 영문과 숫자는 계속 그럽니다.

Wwhaati iis tthe proobleem? 11123444566677789


지금 이게  what is the problem? 123456789 를 빨리 친겁니다만...


2. 홈페이지에 잦은 오류 메시지 출력

사용자가 많아서 그런지, 500 internaal errrorr가 계속 출력됩니다.

거기다 자바와 스트럿츠라는 프레임워크를 사용했다는 걸 보여주고 싶은지, 오류 내용까지

화면에 줄줄히 표시되는 건 뭔가요?

최소한도 내부적인 에러 처리를 통해 

'500 에러, 잠시 후에 접속하십시오.' 라고 처리하는게 


'jaavaa.sstruts.xxx. aaaaadjjjjj....... (이후 천줄)' 보다 낫지 않을까요?",,,"1. 선생님의 국민제안(신문고 홈페이지 수정 요망)에 대한 검토결과를 아래와 같이 알려드립니다.


2. 신청하신 제안의 요지는 

    - 첫째, 국민신문고에서 신청서 등을 작성할 때 빠른 속도로 영문이나 숫자를 입력하는 경우 글자가 중복 입력되는 오류가 있으니 개선해 달라

    - 둘째, 국민신문고에서 오류가 발생하면 이용자가 이해할 수 없는 메시지가 출력되어 혼란스러우니 이를 개선해 달라

    등 두 가지로 이에 대한 검토 의견을 차례로 답변 드리겠습니다.


3. 첫째,“국민신문고에서 신청서 등을 작성할 때 빠른 속도로 영문이나 숫자를 입력하는 경우 글자가 중복 입력되는 오류가 있으니 개선해 달라”에 대한 검토 의견입니다.

    - 국민신문고에서는 사용자 PC에 해킹 프로그램이 의도하지 않게 설치되어 키보드 입력 내용이 유출되는 것을 막기 위해“키보드 보안”프로그램을 제공하고 있습니다.

    - 말씀하신 사항은“키보드 보안”프로그램에서 입력내용 보호를 위해 암호화한 정보를 복호화 하는 과정 중 발생하는 오류로 제품 공급사에서 ’09년 1월까지는 조치하여 관련 패치를 배포하기로 하였습니다.


4. 둘째,“국민신문고에서 오류가 발생하면 이용자가 이해할 수 없는 메시지가 출력되어 혼란스러우니 이를 개선해 달라”에 대한 검토 의견입니다.

    - 이는 지난 11월 13일 말씀하신대로 오류가 발생하더라도 이용자에게 의미 없는 세부 메시지는 보여주지 않도록 조치하였습니다.


5. 국민신문고에 대한 관심과 좋은 의견 주신 것에 감사드리며 사용자 편의 증대를 위한 개선방안을 지속적으로 검토・반영하도록 하겠습니다.",20240125,2008-12-24,NA
공휴일 조정,행정/자치/안전,,답변완료,2008-11-28,인사혁신처,"현재공휴일은 11일 입니다(2008년/월~금요일까지)


업무의영속성과 능률을 위하여 다음과같이 조정하기를 제안 합니다


공휴일존속:1/1.석가탄신일.성탄절

공휴일페지:3/1.  5/5.  6/6.  8/15.  10/3.  (총5일)

공휴일추가:구정3일+1=4일. 추석3일+1=4일(총2일)

년중3일줄이게됨


-기본적으로 휴일이 너무 많으며,일 하는 분위기 조성이필요  하다고 생각합니다(연차.월차.토요일등)

-휴일을 추가 하는것은 교통혼잡을 피하여 교통비 와 시간낭비를 줄이기 위한것임",,,,20240125,NA,NA
3자녀이상 가구특별분양의 개선방향,국토/교통/농림/해양,,답변완료,2008-11-27,국토교통부,"저는 2009년 3월이면 4자녀를 가질 예정인 가장입니다. 다름이 아니오라 각종아파트

분양에 있어 3자녀이상특병분양자의 공급신청가능자는 면적에 관계없이 반드시 무주택자이어야  한다는 규정은 개선해야한다고 생각합니다. 자녀가 많으면 유주택자라도 

방이 많이 필요합니다. 그리고 집을 가지고 있다고 해도 작은면적으로 생활이 힘들어 

집을 넓혀가고 싶어도 자그마한 집이라도 소유하면 신청조차 되지 아니합니다.

드리고 싶은 말씀은 국민주택규모이하는 어쩔수 없다하여도 국민주택규모이상은 

무주택규정을 삭제해주셨으면 합니다. 현재청약통장가입자들의 경우 무주택규정이 없는것으로 알고 있습니다.",,,,20240125,NA,NA
민간방재조직 일원화 필요,행정/자치/안전,,답변완료,2008-11-27,행정안전부,"형식을 좋아하는 우리나라 국민들은 형식적인 봉사단체에도 다수 가입하고 있다

최근 소방방제청에서 지역자율방재단원과 의용소방대원에 이중 가입한 사람들을 정리하여 한곳만 가입토록 지침을 내렸다고 들었다

당연한 일이고 잘한 일이다

그런데 우리나라는 현실 여건을 고려하지 않고 정책을 획일적으로 추진하는데 문제가 있다

인적자원이 풍부한 읍단위이상 도시에서는 다양한 조직을 별도로 구성할수 있지만

인구 2천명도 안되는 면단위가 전국적으로 수두룩한데다가 봉사단체 조직에 참여할려면 어느정도 자율정신과 참여정신이 있어야 하는데 면단위에서 그러한 인적자원은 손에 꼽을 정도다 

참여정신이 없는 사람들을 형식적으로 조직해 봐야 행정력과 예산만 낭비할뿐 아무런 효과가 없다

자율방재단이나 의용소방대나 참여하는 봉사는 유사하다

면단위에는 인적자원이 부족하여 구색을 맞추기 위해 한사람이 3-4단체에 중복가입 하는 사례가 다반사다(2단체외에도 새마을, 바르게살기, 자율방범대등 많다)

자율방재단이든지 의용소방대든지 조직을 하나로 일원화하여 운영하는것이

지휘도 용이하고 효과적이며 실제 상황시 활용도도 훨씬 우수하며 예산도 절감되고

효과적으로 사용할수 있다

자율방재단과 의용소방대를 관장하는 중앙부처 조직이 다르다고 일선의 조직도 

분리할 필요는 없다. 일선은 기획조직이 아니고 현장에 투입하는 실천조직임을

정책입안하시는 분들은 감안했으면 좋겠다",,,"○ 안녕하십니까? 국민신문고를 방문하여 주셔서 감사드리며, 제안하신 사항에 대하여 다음과 같이 답변 드립니다.

 ○ 자율방재단은 국가·지방자치단체 행정력만으로 자연재난에 신속하고 효율적인 대처에 현실적으로 어려움이 있어, 현지여건을 잘 아는 주민이 자기지역의 자연재해 예방·경감활동 참여를 통하여 “내 지역은 내가 지킨다”는 자율방재역량을 강화하기 위하여

     지자체의 시·군·구의 조례를 통하여 구성․운영되고 있습니다

 ○ 자율방재단의 주요임무는 ①재해취약지역(시설) 현장예찰·점검 참여 및 주민홍보실시 ②주민, 행락·야영객 등 대피유도, 강수(강설) 및 피해현황 신고, 재난안전선 설치 등 현장조치, ③응급복구 및 재해구호활동에 참여 등 재난 전 분야에서 임무와 역할은

     수행하고 있으나

 ○ 반면 의용소방대는 지역대책본부장인 시장·군수·구청장의 지도·감독권한 밖의 조직이라는 법적인 제한과 소방분야 보조라는 업무의 한계상 재난의 예방·대응·복구 등 전 분야에 적극적으로 활용하기가 어렵습니다.

 ○ 농어촌 인구의 감소 및 노령화로 인하여 일부 지역에서 중복가입하여 활동하시는 분들도 있는 것으로 판단되어지나 두 조직은 임무와 역할이 상이함에 따라 통합은 어려운 실정입니다

 ○ 답변내용 중 궁금하신 사항에 대해서는 자연재난대응과 권영일(☎02-2100-0717, foresight01@korea.kr)에게 문의하시면 성심껏 답변 드리겠습니다. 감사합니다.",20240125,2015-01-15,NA
신문고의 발전을 위하여,기타,,답변완료,2008-11-26,국민권익위원회,"▣ 제안배경


일반국민은 일상에서 일어나는 각종 불편과 부조리 등에 대해 달리 처리할 방도나 해소할 길이 적다.

또 있다하더라도 그 결과가 '안한만 못한' 경우가 많다. 1996년 12월 대학교수, 사업자, 종교인, 직장인 등 시민이 함께 '부정부패추방시민연합'이라는 단체를 세종문화회관에서 창립하고 우리사회 부정부패와 싸우면서 그 피해자들을 위로하였다. 그 운동 중 하나가 당시 청와대에 신문고(북)을 달아놓고 억울한 시민이 가서 북을 치자는 것이었다. 어째든 북은 달렸으나 울리진 못했다.


신문고, '국민여론 파악과 부정부패의 사전예방,  국민의 불만 및 고충해소, 국정운영의 참고와 제도개선 등'으로 그 취지는 좋고도 바람직하다. 이는 보다 더 육성발전시키고 그 취지를 더욱 살려야 할 것으로 보면서 현재 부족한 점을 보완하고 이를 통하여 얻은 귀한 자료들을 가치있게 사용토록 하여야 할 것이다. 


▣ 현행상 문제점


관련부처의 담당공무원의 답변이 일상적이거나, 제안의 취지를 제대로 파악치 못한 태도(돼지우리의 진주를 발견치 못하는 듯한), 또는 강건너 불구경하는 듯한, 무성의한 태도 등으로 일관되어 있다. 참으로 안타깝다. 기업의 경우에는 고객의 아이디어를 사고, 포상을 하고, 진정한 태도로 심의검토함에도 불구하고 말이다. 우리 공무원의 마인드가 정말 문제인 것같다.

또 현재는 그 필요가치가 낮으나 차후 고가치로서 사용할 것들도 있으리라, 그럼에도 한, 두줄의 모범답변으로 끝나고 귀한 국민의 소리와 고충은 하나마나로 되어 사장되어 버린다.

이같은 행태는 국민에 대한 예의도 아니며 공복으로서의 태도도 아닐뿐더러 나의 세금에 대한 보답도 아니다. 이 모든 것들은 귀한 시간을 내어 열성으로 제안한 것 들 또는 국민의 고통이 수반된 것들임에도 말이다.


▣ 제안내용


1. 모든 민원과 제안에 대해 답변한 부처는 각각을 구분화 하여 '민원 또는 제안내용과 그 답변, 향후 가치여부에 대한 의견, 타부처 등에 그 결과 이첩 등'으로 기록하고 문서화하여 보관하자


2. 정기적으로 신문고에 등록된 모든 민원과 제안 그리고 답변을 기록물로 만들어 보관, 배급하자. 가령, 2008년 '국민의 소리'등으로 말이다


3. 원 취지에 맞도록 대통령께서 '정기적 또는 불시'에 신문고를 웹 서핑, 모니터링하시도록 하자.


▣ 기대효과


1. 그럼으로 담당 공무원의 보다 책임있고 적극적인 검토 및 답변이 보장될 것이며, 관련부처 또는 타기관에 향후 꼭 필요한 아이디어 뱅크의 역할을 할 것이다.


2. 이는 국가적 과제로서 정부와 국민이 하나가 되어 그 궤를 맞추는 것으로서 국가 전체가 스스로를 바로볼 수있다 할 것이다. 또한 이를 통한 민간, 공기업 등의 발전과 함께 국민 스스로의 성장에도 기여한다 하겠다. 이는 애국심과 가치관 및 국가관, 유사사례에 대한 쌍방의 이해 및 자기성찰에도 필요하다. 장기적으로 국가적 비용이 절감된다.


3. 국가기강을 바로잡고, 우리에게 가장 큰 문제인 집단적 부패 및 관료주의를 개선하고 무엇보다도 국정의 안정과 임기말 레임덕 현상도 잡을수 있겠다. 1997년 당시 말레이시아 최고지도자는 '한 국가의 부패는 그 나라 최고 권력자의 청렴과 관심으로만 잡을 수(낮출수) 있다'고 한 말있다.


부디, 검토하시어 좋은 결과가 있기를 바란다.",,,"강중환님 안녕하십니까? 국민권익위원회 양은경입니다. 국민신문고에 대한 관심과 좋은 의견에 감사드립니다.


귀하의 제안요지는 ‘모든 제안과 민원내용, 그 답변을 문서화하고 기록물로 제작・배포하여 업무의 내실화를 도모하자’ 는 것으로 이해됩니다.


국민신문고는 국민제안, 민원의 신청부터 결과 통지에 이르기까지 전 과정의 처리이력이 자동으로 기록되며, 내용 저장까지 가능한 전산시스템입니다. 또한 모든 민원과 제안은 아니나 우리 위원회의 고충민원 결정례집, 타 부처의 우수제안 사례집 등 유의미한 사례들을 묶어 책자를 발간하고 있음을 알려 드립니다. (국민신문고 우수제안, 민원처리사례코너를 통해 인터넷으로도 정보를 제공하고 있습니다.)


현재 우리 위원회는 국민신문고 국민제안・민원의 업무처리수준을 향상시키기 위해 각급기관 운영 실태 점검과 담당자 교육 등을 실시하고 있습니다. 또한 중요사안에 관하여 VIP 별도 보고를 통해 민의가 국정에 반영될 수 있도록 조치하고 있습니다. 이 점 널리 헤아려 주시기 바라며,


문제점을 개선하고 보다 효과적인 업무내실화・활성화방안을 마련하여, 국민신문고를 통해 국민께 만족과 보람을 드릴 수 있도록 업무 추진에 만전을 기하겠습니다.


문의사항이 있으실 경우 국민권익위원회 민원제도개선과 양은경(02-360-2878)으로 연락주시기 바라며, 강중환님의 댁내에 늘 행복과 웃음이 가득하시길 기원합니다. 감사합니다.",20240125,2008-12-26,NA
비공개 민원 및 제안을 쉽게 볼수 있도록해주세요!,기타,,답변완료,2008-11-12,국민권익위원회,"국민 권익위원회에 한 나의 제한및 민원에 보면 비공개 제안이나 민원을 보려면 그 접수 번호를 적어야 볼수 있도록 되어 있습니다. 제가 제안한 비공개 제안은 54개 이고, 비공개 민원은 18개 입니다. 제가 그걸 보기 위해서는 54+18= 72개의 민원및 제안 접수 번호(14개 자릿수)를 모두 외우거나 어디다가 적어 놔야 합니다. 물론 그 제목과 같이 적어놔야 모든 민원과 제안을 들춰서 확인하는 번거로움을 덜겠죠. 아마 이 목록만 작성해도 A4용지 1장은 넘을듯 한데요.

 아무리 초등학생이라도 제가 위에 적어 놓은 글을 보신다면 ""이럴때 필요한것은?"" 뻔하죠?

 비공개 제안이나 민원이라도 접수 번호와 상관없이 민원인이 로그인 했으면 볼수 있도록 해야지요! 

 그렇지 않고 지금처럼 유지한다면 민원인이 접수 번호 외울만큼만 민원 제기하고 제안하라는 겁니까? 아니면 그 접수번호를 모두 기억하지 못할바에는 아예 제안이나 민원도 제기하지 말라는 것입니까? 그래서 국민권익위원회 소속 공무원들은 일도 않하고 공짜로 월급 타먹게요?

 도대체 저렇게 바꿔 놓은 넘이 누굽니까? 노무현때도 이러지는 않았는데...

 최소한 저렇게 바꿔 놓은 넘의 뇌 용량은 2MB만도 못할 것이고 우리나라 모든 초등학생들의 수준에도 못 미칠것 같은데요!",,,"1. 제출하신 국민제안(비공개 민원 및 제안을 쉽게 볼 수 있도록 해 주세요!)에 대한 검토결과를 아래와 같이 알려드립니다.


2. 선생님의 제안 취지는“제출한 비공개 민원과 제안 확인 시 신청번호 확인절차 없이 바로 열람할 수 있도록 개선해 달라”는 것이나

    - 국민신문고에서는 신청인 개인정보 보호를 위해 비회원인 경우 비공개 민원・제안을 확인하실 때 신청번호를 한 번 더 입력받고 있습니다.

    - 로그인만으로 '비공개'민원이나 제안의 조회가 가능하다면, PC방 등 공공장소에서 로그인한 상태로 자리를 비운 경우, 민원내용 등의 개인정보가 침해될 우려가 있으므로 이러한 확인 절차가 다소 불편하더라도 유지해야 함을 널리 이해하여 주시기 바랍니다.


3. 참고적으로 비공개 민원과 제안의 신청번호는 요청하시는 경우 신청 당시 기입하신 정보에 따라 휴대전화 문자메시지나 이메일로 송부해 드리고 있으며 동 기능은 비공개 민원 열람 시 신청번호 재확인 화면 하단에 배치되어 있습니다.

    - 또한 국민신문고 회원 로그인 후에는 신청번호가 아닌 회원 비밀번호 재확인 과정을 거쳐 조회가 가능함을 알려 드립니다.


4. 국민신문고에 대한 관심과 의견에 감사드리며 보다 쉽고 편리하게 이용하실 수 있도록 개선・발전시키도록 노력하겠습니다.",20240125,2008-12-05,NA
민원기관  복수 선택과 하위기관 세분화 필요,기타,,답변완료,2008-11-03,국민권익위원회,"1.  민원신청시 수신처가 다수일 경우가 있는데 이때 민원인은 두 가지 방법가운데 하나를 선택할 수 있습니다.


- 수신처 수 만큼 별도로 민원신청

- 수신처를 5개씩 묶어 국민권익위원회에 신청


하지만 두 가지 방법 모두 민원인의 입장에서 불편할 수 밖에 없고, 5개씩 묶을 경우에도 국민권익위원회의  2차 분류작업이 뒤따라야 합니다.


제안 : 복수선택 가능하도록 수정



2. 하위 기관 선택 불가

경찰청의 경우 지방경찰청은 선택할 수 없는데 경찰청 홈페이지(cyber112.police.go.kr)에서 민원을 신청하면 국민권익위원회에 통합되어 관리됩니다.

결론적으로 신청은 경찰청 홈페이지에서 하고 조회는 국민권익위원회에서 해야 합니다.


제안 : 기관 선택시 하위 기관까지 선택할 수 있도록 수정해주시기 바랍니다.


3. 참고

열린정부(https://open.go.kr/)는 정보공개청구를 할 수 있는 곳인데, 하위기관이 매우 세부적이고 복수 신청이 가능합니다. 참고하시기 바랍니다.",,,"1. 선생님께서 국민신문고에 제출하신 국민제안(신청번호 : 1AB-0811-000221)에 대한 검토결과를 안내드립니다.


         2. 먼저, 국민신문고에 민원신청 시 여러 기관을 처리기관으로 지정할 수 있도록 요청하신 제안에 대해 검토결과를 안내 드리겠습니다.

           ○ 국민신문고에서는 국민이 민원을 신청하면 정부 내 행정기관 중 가장 잘 처리할 수 있는 기관으로 민원을 배당하여 그 처리 결과를 알려드리도록 하고 있습니다.

            ○ 또한, 민원내용이 여러 기관이 협업하여야 하는 복합민원인 경우에는 담당공무원이 유관기관을 협조부서로 지정하여 의견을 취합한 후 최종 결과를 민원인에게 통보하도록 하고 있습니다. 

            ○ 따라서, 선생님께서 제안하신 것처럼 민원인이 여러 기관을 동시에 지정하지 않더라도 동일한 효과를 낼 수 있도록 하고 있으니 이점 양지하여 주시기 바랍니다.


         3. 두 번째, 국민신문고와 통합되어 운영되고 있는 각급 기관 홈페이지를 이용하여 민원을 신청하였을 경우에는 해당기관 홈페이지에서 민원처리결과를 조회할 수 있음을 알려드립니다


         4. 마지막으로, 국민신문고에서 민원신청 시 하위기관까지 선택할 수 있도록 제안하신 것에 대해서는 국민신문고 이용자 편의성을 고려하여 중장기적으로 검토해 나가도록 하겠습니다. 끝.",20240125,2008-12-02,NA
미용업 위생교육 과 시험제도에 관하여..,식품/보건/복지/가족,미용국가자격증제도에 대하여.hwp,답변완료,2008-11-01,보건복지부,"수고 많으십니다.

저는 미용에 10여년 종사하고 있으며 대학에서 4년여 학생들을 가르친바 있습니다.

지금은 외국에서 좀더 공부를 하고자 하나 사정으로 인하여 잠시 귀국한 상태입니다.

다시 미용업을 시작하려 하니 예전부터 불합리하다고 생각한 제도에 대하여 제언을 하려합니다.


1. 미용 업 위생교육..

  상기 교육은 년간 1회 시행되며 4시간으로 규정되었다고 알고있습니다.

 국민과 고객의 건강을 위하여 또한 종업원의 위생을 위하여 교육을 실시한다는 취지에는 동의하나 본인은 본 교육이 과연 실효성이 있는지 관계당국에서 한번이라고 교육의 실태를 파악하고는 있는지 궁금합니다. 시간과의 싸움을 하는 미용업 종사자 그것도 대리인을 보낼수도 없게 만들어 놓고 정작 해야할 위생교육은 뒷전이고 신제품 선전과 잡다한 물건을 팔기에 여념이 없었습니다. 적어도 본인이 참석한 교육은 그러했고 위생교육이라기 보다는 제품을 팔기에 여념이 없고 회비를 (이만원) 받기 참석 불참석에만 신경을 곤두세우기 일쑤입니다.

  1) 본인의 제안은 좀더 구체적인 미용업에 관련한 위생교육을 실시하도록 전문인을 파견하는 것이 합당하며 미용협회에 일임할 것이아니라 -이것은 부정한 일이 발생하도록 방관하는 결과를 가져올수도 있습니다. 각종 미용업체들이 연결되니까요- 관계기관에서 감독을 하는것이 바람직하다고 봅니다.

 2) 위생교육을 폐지하고 종업원들의 건강검진을 정기적으로 받게하거나 영업장에 감독을 강화하는것 또한 좋은 방법이라고 봅니다. 위생교육이 무색하게 현재 수많은 미용업소들이 위생관리에는 소홀한것을 볼수 있습니다.",,,,20240125,NA,NA
인터넷 국민제안 민원접수 처리건,기타,,답변완료,2008-10-31,국민권익위원회,이 곳 방통위 인터넷 국민제안 민원처리의 경우도 보면 휴대폰 본인인증 절차가 없읍니다. 그러기에 명의도용자가 악의적으로 이상한  글을 올릴 소지가 다분합니다. 그러기에 공공기관의 어느 부서건 모든 민원처리 역시 휴대폰 본인인증절차를 밝아야 한다고 봅니다. 꼭 좀 시정해 주시길......,,,"1. 선생님께서 제안하신 국민제안(신청번호 : 1AB-0810-005276)에 대한 검토결과를 안내드립니다.


          2. 국민신문고에서는 국민제안 또는 민원신청 등의 서비스 이용 시 이용자가 입력한 이름과 주민등록번호를 통해 실명인증을 하고 있습니다. 


          3. 또한, 선생님이 제안하신 것과 같이 악의적인 명의도용과 주민등록번호 등 개인정보의 오남용을 사전 예방하기 위해 2009년도에는 국민신문고 사용자 인증 시 휴대전화 또는 G-PIN(Government Personal Identification Number, 인터넷 상 개인식별번호) 등을 이용한 인증절차를 신규로 적용할 예정임을 알려드립니다.  끝.",20240125,2008-12-02,NA
공개제안 수상사례도 공개에대해.,기타,,제안실현,2008-10-26,국민권익위원회,"이곳에 제안되는 사례들중 국민 아이디어가 정책에 반영되어 어떠한 수상사례가 발생하였고 어떻게 수상되는지 쉽게 찾아볼수 있는 코너는 없는지요.


국민이 제안하는 사례들중 작건 크건 수상사례들을 확인할수 있다면 또한 수상사례에대한 답변 코너등도 마련된다면 좀더 다양한 국민 참여를 이끌수 있지 않을까 생각됩니다. 


기본 제안이나 신고등의 커리큘럼은 쉽게 볼수 있는데 과거나 현재 수상사례는 보이질 않는군요. 이러한건 비밀코너가 되어서도안된다 사료됩니다. 


이에 제안 사례 아랫 부분에 과거부터 현재까지 제시된 아이디어중 수상사례를 달아주셨으면 하는 제안을 합니다.",,,"이경주님 안녕하십니까? 국민권익위원회 양은경입니다. 문화체육관광부로부터 이송된 본 제안에 관하여 아래와 같이 심사결과를 알려드립니다. (※ 현재 중앙행정기관의 제안관련코너는 범정부 국민참여시스템인 ‘국민신문고’ 와 통합되어 운영되고 있습니다. 이에 큰 틀의 시스템 개편은 국민신문고 운영・관리기관인 국민권익위원회에서 담당하고 있는바, 우리 위원회에서 답변을 드리도록 하겠습니다.)


귀하의 제안요지는 ‘수상제안사례 코너를 마련하여 양질의 정보를 제공함으로써 좀 더 다양한 국민 참여를 이끌어내자’ 는 것으로 이해됩니다.


‘제안사례’ 는 해당기관(문화체육관광부)에서 우수제안으로 승인한 사례가 게시되는 코너입니다. 즉, 수상제안과는 별개로 좋은 사례로 제시할만한 제안들을 등록하여 보여주는 코너로, 국민신문고(www.epeople.go.kr)에서는 ‘우수제안’ 메뉴를 통해 전부처의 우수사례를 확인하실 수가 있습니다.


현재는 위 메뉴에서 수상제안들을 별도로 구분・검색할 수 있는 기능이 없으나, ’09년도 이후 검색기능을 도입하거나 별도의 코너를 마련하는 등의 방식으로 시스템을 개편하도록 하겠사오니 다소 시간이 소요되더라도 널리 양해해주시기 바랍니다. 


문의사항이 있으실 경우 국민권익위원회 양은경(02-360-2878)으로 연락주시기 바라며, 이경주님의 댁내에 늘 행복과 웃음이 가득하시길 기원합니다. 감사합니다.",20240125,2008-11-25,"현재 국민신문고에서는 우수제안을 검색할수 있는 기능이 구현되어 있지만 수상사례들을 확인할수 있는

기능은 구현되어 있지 않아 2010년에는 검색기능을 도입하거나 각 부처와의 협의 후 별도의 코너를 마련

하는 등의 방식으로 시스템을 개편토록 노력하겠사오니 널리 양해해주시기 바랍니다. 감사합니다."
울릉도입도시 배삯을 할인해 주자,행정/자치/안전,,제안심사,2008-10-23,울릉군,"요즈음 독도와 관련하여 많은 말들이 나오고 있습니다.


연일 계속되는 국정감사에도 울릉도, 독도와 관련해서 질의와 답변이 많은 것으로 알고 있습니다.


우리나라 최동단의 영토수호 차원에서 울릉도에 각종 사업을 계획하고 지원한다고 하지만 한꺼번에 다 이룰수는 없다고 봅니다.


조그만 일부터 한걸음씩 추진해야 한다고 생각하고 제안합니다.


울릉도 방문시 배삯을 할인해 주면 많은 사람들이 방문할 것이고 울릉발전에도 큰 도움이 될 것입니다.",,,NA,20240125,NA,NA
청계천 스프링 철거를 요청합니다.,행정/자치/안전,,답변완료,2008-10-22,서울특별시,"청계천 스프링 철거를 요청합니다.

아래글은 조선일보 칼럼 내용입니다.

최근 '청계천의 유지비가 해마다 크게 늘어나는 반면, 환경은 더욱 나빠지고 관광객 수는 줄고 있다'는 국감 발표를 인용한 보도를 보았다. 발표가 사실이라면, 머지않아 청계천이 서울의 애물단지가 되지 않을까 걱정이다. 이런 현상을 놓고 풍수학에선 '청계천에서 기(氣)가 빠져나가고 있다'고 설명한다.


요즘 환경설계에선 풍수도 중시한다. 풍수상 청계천 광장에 세워진 클래스 올덴버그의 작품 '스프링'이 문제다. 이 조형물은 끝이 뾰족하여 풍수에서 불(火)의 형상이다. 색채도 불의 색인 붉은색을 감고 있다. 그런데도 청계천의 한가운데 설치함으로써 조형물이 밤낮으로 주변을 압도하고 있다. 풍수학상 서울에 불 기운이 강하고, 혈기가 들끓어 세상을 어지럽게 만든다. 조형물 설치 후 발생한 남대문 화재나 촛불시위 등이 이와 관계가 있다는 것이 풍수전문가들의 주장이다.



조선시대 관악산의 봉우리가 뾰족한 삼각형으로 불의 기운이 강해 화재가 많다 하여 광화문 좌우에 해태상을 설치했다는 것은 널리 알려진 얘기다. 그런데 청계천 복원 후 국가 중심부인 청와대~광화문~남대문 중심축 가까이에 불의 형상을 세워 놓은 것이다. 오행에서 불은 물(水)과 상극이다. 이 조형물이 청계천 물의 기운을 누르고, 명당수로서의 역할을 수행할 수 없게 청계천 기운을 막고 있는 형국이다. 이는 일제가 조선의 기를 꺾기 위해 북한산에 쇠말뚝을 박은 것보다 더욱 직접적이며 치명적이라고 풍수가들은 주장한다. 


조형물이란 주변과 조화를 이루면서 상징하고자 하는 바를 나타내야 한다. 그러나 사방이 네모난 건물인데 홀로 뾰족한 형상을 하고 있는 이 조형물은 스스로의 독특함만 강조하고 있어 주변과 어울리지 못할 뿐 아니라 청계천의 상징이라기 보다는 청계천이 자신의 상징인 것 같다. 선정 당시부터 공청회를 제대로 거치지 않았다 하여 잡음이 많았고, 지금도 '먹고 버린 고둥 껍데기'란 야유를 받고 있다. 꼭 풍수를 고려해서가 아니래도 조형물을 다른 곳으로 옮기는 방안을 강구하는 게 어떨까 싶다. 


(조선일보) 칼럼",,,"천현진님 안녕하십니까,


먼저, 우리 시정에 관심을 가지고 제안을 해주신 천현진님께 진심으로 감사드립니다.


천현진님의 제안은 시스템 상의 오류로 누락이 되어있다 최근에서야 저희과로 부서배정이 이루어졌습니다.


따라서 늦게 답변을 해드리는 점 깊이 사과드립니다.


천현진님께서 제안해주신 청계천 조형물 SPRING의 철거 요청에 대해 현재 SPRING 조형물 유지관리 담당부서인 문화정책과에서


검토한 결과를 알려립니다.


현재 설치되어 있는 SPRING 조형물의 경우 정책회의를 통해 작가를 추천 받아 미술장식물심의위원회에서 


작가 및 시안의 적합여부를 판단하여 설치를 결정하였고 2006년 준공이후 현재까지 청계광장 시점부의 상징으로 자리매김하고 있습니다.


조형물을 바라보는 다양한 의견이 있을 것이며 풍수상 좋지 않다는 의견도 일견 일리가 있는 의견으로 보입니다.


하지만 충분한 검토를 통해 설치되어 있는 조형물을 철거할 시에는 더욱 결정적이며 대다수가


수용할 수 있는 이유가 필요하기에 일간지의 칼럼의 글을 근거로 요청하신 천현진님의 제안을 수용할 수 없음을 알려드립니다.


시정 발전을 위해 좋은 의견을 주신 천현진님께 다시 한번 감사드리며, 천현진님의 가정에 건강과 행복이 늘 함께 하시길 기원합니다.",20240125,2013-01-10,NA
"국민신문고 기능 개선(질문내용, 답변 내용 다운로드 기능 추가) ",기타,나의제안(국민신문고 기능개선).hwp,답변완료,2008-10-13,국민권익위원회,"제안내용 : 국민신문고 기능 개선(질문내용, 답변 내용 다운로드 기능 추가) 


□  현황 및 문제점 


 ○    국민신문고 민원업무 처리시 기존 질문 내용 및 답변내용을 확인할 수 있는 방법이 해당 민원을 직접 클릭해서 들어가야만 확인 가능하므로 검색하여 해당 질문 내용과 답변내용을 확인하는 시간이 길고 비슷한 내용을 찾기가 쉽지 않으며 업무처리에 비효율적임 


 ○    새로운 업무를 맡게 되는 경우 해당업무에 대한 업무파악 등에 일정기간 이상이 소요되므로 이해관계가 얽혀있는 민원 업무 처리에 부담이 있으며 업무지침서 만으로는 답변 내용을 성의있게 작성하기 어려울 수 있음 


 ○    현재 신문고 민원업무 처리에 대한 질의 요약사항 및 처리현황만 다운로드가 가능함 


 □  개선방안 


  ○    국민신문고 민원 내용의 처리현황 뿐만 아니라 민원 질의 및 답변내용이 다운로드 가능하도록 시스템 기능 개선 


  ○    다운로드기능은 한글, 엑셀 2가지 이상 다운로드 기능 지원


□  기대효과


○    관련 질의 내용 및 답변내용을 다운로드하여 업무별 유형별 관리 및 참고자료로 활용하여 민원업무 처리에 대한 시간을 단축할 수 있음 


 ○    기존 답변방향과 내용을 알 수 있다면 해당 업무추진과 관련한 주변상황, 정책추진 배경, 정책흐름에 대해서도 짧은 시간에 쉽게 파악이 가능하리라 생각됨 


 ○    새로운 업무에 대한 부담감 감소 및 민원이 많은 부서에서는 업무 인수인계 자료로도 훌륭한 가치가 있을 것으로 생각됨",,,"1. 선생님께서 국민신문고에 제출하신 국민제안의 처리결과에 대해 안내드립니다.


         2. 선생님께서 제안하신 민원신청내용 및 처리결과 등의 일괄적인 다운로드 기능은 민원인의 개인정보가 다수 포함될 가능성이 많아 적절치 않은 것으로 판단됩니다.  


         3. 다만, 우리 위원회에서는 선생님의 제안과 유사한 효과를 낼 수 있도록 아래와 같이 민원처리사례의 활용을 위한 계획을 수립하여 추진 중임을 알려 드립니다.

                                                                      - 아 래 - 

           ○ 민원신청 시 민원인에게 유사한 민원처리사례를 자동으로 제공하여 불필요한 민원제기 사전 예방

           ○ 공무원에게 필요한 민원처리사례를 찾아볼 수 있도록 다양한 검색방법을 제공하여 행정효율성 제고",20240125,2008-11-05,NA
지방행정체제 개편에 대하여,행정/자치/안전,,답변완료,2008-10-10,행정안전부,"지금 대한민국은 경제후퇴/경기침체/실업자속출/금리인상/물가인상/환율불안등의 총체적경제위기에 직면해 있음을 누구나 공감을 하고있다.온나라가 경제문제로 총체적으로 어려운 이때에, 경제살리기에 전력질주를 해도 모자랄판에, 지방행정체제 개편을 하겠다니 참으로 실망스럽다.지방행정체제 개편의 주인공은 지방이다. 대부분의 지방사람들이고운시선을 보내지 않고 있다. 멀쩡한 道와 광역시를 없애겠다는 발상은 참으로 한심스럽다.중앙집권화를 더욱 강화하겠다는 것과 일맥상통한 일이다.이는 세계의 흐름과 추세에도 맞지가 않다.우리나라의 道와 광역시에 해당하는 것으로, 미국에는(주),일본에는(현),중국에는(성)이있다.우리는 道와 광역시의 기능을 선진국들과 같이 더욱 강화/보완/육성/유지/보완을 해야 한다.다만 하부의 시와 군과 구는 경제성과 효율성을 감안해서 유리하다고 결론이 난다면 통합을 시도해 볼수가 있을 것이다.경제문제로 온나라가 어려움에 처한 작금에 지방행정체제 개편을 하겠다니 ,시기적으로도 맞지가 않고 지방사람들을 또다시 소요와 혼란과 어려움속으로 밀어넣으려고 하는 것과 같다.애를들어 A,B,C란 3개의 도시를 1개의 도시로 통합한다고 가정해보자.그럼 시청은 어디로 옮길것인가? 서로자기네 도시로 유치하려고 토론하고 싸우고 큰 소리를 낼것이다.그럼 통합 도시 이름은 어떻게 부를 것인가? 이것도 마찬가지로 서로 유리한 입장을 고수하려고 분란이 일어날 것이다.국민투표를 한다면 그 비용은 누가 댈것인가?국민의 혈세가 소요될 것이다.온나라가 아마 소용돌이 칠 것이다.안그래도 어려운 이판에,대통령에게 힘을 몰아줘도 신찮을 판에, 아마도 대통령을 더욱 힘들게 할것이다.대운하와 같은 국민적 저항과 대통령 탄핵과 같은 난국에 처하게될 지도 모른다. 우매한 보좌진과 우매한 정치인들이 대통령의 입지를 더욱 어렵게 할지도 모를 것이다. 지방행정체제 개편은 장기적인 관점에서 충분히 시간을 가지고 접근을 해야 할 것이다. 하더라도 기존의 道와 광역시는 유지를 하면서 큰틀을 바꾸지 않으면서 하는 방법을 택해야 할 것이다. 道는 우리나라의전통과 미풍양속과 나아가서는 불교와도 맞물려 있다고 생각된다.옛날에 우리나라는 8개道가 있었고, 8개道에는 道를 대표하는 큰 절이 있었다.인진왜란과 같이 국난이 어려울때에는 8개道의 의병장과 승군들이 힘을 합쳐서 국난을 극복해 왔다.안그래도 기독교 일변도로 정부가 범불교계와 관계가 냉냉한데,왜 분난을 자초하려하는지 모르겠다.전통과 세시풍속과 관혼상제를 중시하는 불교계의 반발이 예상되는 道와 나아가서 광역시의 폐지는 막아야 할 것이다.오히려 道와 광역시의 기능을 더욱강화시켜서 지방자치를 완성토록  정부와 여야는 힘을 모아야 할것이다.장기간의 시간을 두고 단계적으로 연구와 토론을 거쳐서 10년이나 20년 후에나 진행함이 맞을것 같다. 정부도 중앙과 지방의 혼란을 야기시키는 지방행정체제 개편을 꼭 해야만 하는지? 10번 20번 생각을 해야 할것이다.지금의 지방행정체제 개편은 때가 아니다. 지방민들의 민심을 정확히 파악을 해야 할 것이다.",,,,20240125,NA,NA
홈페이지 리뉴얼 문제,식품의약품,,답변완료,2008-09-28,식품의약품안전처,"기존의 식약청 관련 질문들에 대한 답변을 찾아볼려고 하는데 뭐 이리 복잡합니까?

정보를 찾아보려고 해도 찾아볼 수가 없네요. 못찾았으니 민원을 넣으면 되는 겁니까?

그러면 기존의 민원과 비슷한 민원을 넣으면 형식적인 답변을 개인 이메일로 알려주나요?

먹거리 문화는 중요한 것이라고 생각합니다. 다른 민원과 달리 되도록 '공개' 로 해야하고 정보가 공유되어야 한다고 생각합니다.

또한 청와대는 자유게시판도 있는데 여기에는 왜 없나요? 국민들이 쓴소리 할까봐 없는 것입니까?


제가 요약해서 말씀드리자면 민원은 공개 계층형 게시판으로 최소한의 정보로 글을 쓸 수 있게 하는 것이고 자유게시판은 있어야 한다고 생각합니다.",,,,20240125,NA,NA
의약품완전표시제!!!,식품의약품,,답변완료,2008-09-28,식품의약품안전처,"식품완전표시제가 시행된지 몇 년이 되었습니다.

덕분에 원료 표시를 보면서 골라 먹을 수 있어서 좋은데요.

의약품의 경우는 원료약품만 표시되는 것으로 알고 있습니다.

9월 19일자 kbs 이영돈의 소비자고발이라는 프로그램에서 일반의약품 시럽 색소 첨가를 보고

깜짝 놀랐습니다.

어느 정도 합성착색료가 들어가는 것으로 짐작은 했었지만 다른 나라와 비교할 때 너무 심해서요.

대부분의 제약회사가 천편일률적으로 합성착색료를 사용하는 것 같습니다.

의약품은 1회 복용량이 적으므로 크게 상관없다고 할 수도 있겠지만,

그래도 먹는 입장에서는 조금이라도 피하고 싶은 사람이 있지 않을까요.

표시제가 의무화되면 무색소 의약품도 나올 테고 소비자에게 선택할 권리가 주어지지 싶습니다.

소비자 권리 향상을 위해 의약품완전표시제를 시행해 주셨으면 합니다.",,,,20240125,NA,NA
국민신문고의 민원처리답변 제도 개선,기타,민원답변.hwp,답변완료,2008-09-20,국민권익위원회,"""붙임과 같습니다""",,,"1. 안녕하십니까? 국민권익위원회 인터넷신문고과 박대근 입니다.

먼저, 국민신문고 민원제도 개선과 관련하여 좋은 의견을 주신데 대하여 감사를 드립니다.


        2. 맹기성님께서는 국민신문고 민원처리제도와 관련하여

ㅇ 국민신문고의 민원제도는 국민들의 국정참여를 촉진시키고, 국가와 국민들 간의 언로를 손쉽게 빠르게 이어주는 바람직한 제도이므로, 많은 홍보로 더욱 활성화되어야 한다고 하셨으며,


ㅇ 현행 민원처리결과 통보시, 민원처리의 신속성에 치중한 나머지 아직 해결도 되지 않은 민원을 「처리예정」이라는 회신으로 처리결과를 통보하여 민원을 종결하는 것도 있어, 민원을 내실 있게 처리하는데 다소 장애가 되고 있으므로

   제기된 민원이 완전히 해결되기 전에는 회신이 가능하지 않도록 국민신문고 운영 개선방안을 제안하였습니다.


        3. 민원은 처리기관에서 관련법령 및 발생원인, 관계자의 의견 등 제반사항을 감안하여 처리할 사항이므로, 국민신문고 시스템상으로 민원 해결여부를 판단하는 것은 적절하지 않다고 여겨집니다. 다만, 신청하신 민원에 대한 답변이 불충분하다고 느끼셨다면 국민신문고의 나의민원 보기에서 “한마디 더” 코너에 불만사항을 입력하실 수 있으며 민원처리담당자는 이를 고려하여 답변을 수정할 수 있습니다. 


        4. 선생님께서 제안하신 “제기된 민원이 완전히 해결되기 전에는 회신이 가능하지 않도록 국민신문고 민원제도를 개선하자”는 내용은 현재 국민신문고 시스템에서 제공되고 있는 기능으로도 충분하다고 판단되므로 제안으로 채택하지 않음을 양해하여 주시기 바랍니다.


        5. 앞으로도 국민신문고를 더 많은 국민들이 이용할 수 있도록 홍보를 강화토록 하겠으며, 추가로 궁금한 사항이 있으시면 국민권익위원회 인터넷신문고과 박대근(02-360-2748)으로 연락하여 주시기 바랍니다.


감사합니다.   끝.",20240125,2008-10-08,NA
 주민과함께하는지방자치행정의 필요성,행정/자치/안전,,답변완료,2008-09-20,행정안전부,"지방자치직선제확대를 원합니다

현재는 지방자치장(시장)과 지방의회의원만을 주민직선제로 선출하고있으며

동장은 시장임명제로되여있습니다

시행정의 투명성과 실질적인주민숙원사업들이 주민들이 이해할수있어야한다고생각합니다

사회가 옛날 1차산업에서 성장과정을 통해 필연적으로 발생하고있는현재의 3차 써비스산업

및 최첨단산업으로의 전지구적 경쟁으로의 전환과정에서 중산층은사라지고 빈부의 격차는

점점더커지는상황에서 대부분의 서민들의 주민의견이 반영될수있는 지방행정이 이루어져야한다고 생각하여 선심성행정은 주민들을 ???? 따라서 아래와같이 제안하고 이루어져야한다고 생각합니다

------아  래======

1.동장과 통장 및 주민지치위원은 주민들이 선출해야합니다

  현재는 외형상은 잘되있는것같지만 주민들의 숙원사업이나 개선할사항이 무엇인지를 

  LIST UP 및 CHECK하여 주민에게 정기적으로 주민설명회가 필요합니다

  선거는 시장선거전에주민들이 판단하여 선출하고  예산,행정의 투명공개가전재되고필요합니다

buttom up을 위주로 ,top  down은 검증후에

국민 서민주민들의 민심이 천심",,,,20240125,NA,NA
정부부처 민원통합관리시스템 운영으로 행정력 낭비 최소화,기타,국민제안.hwp,답변완료,2008-09-19,국민권익위원회,붙임 참조,,,"1. 선생님께서 국민신문고에 제출하신 국민제안(신청번호 : 1AB-0809-003001)에 대한 검토 결과를 안내드립니다.


  2. 우리 위원회에서는 지난 2008년 2월 15일부터 중앙행정기관, 전 지자체 및 주요 공공기관(14개 기관)의 민원시스템을 통합・연계한 국민신문고 시스템을 운영 중입니다.


  3. 이에 따라, 정부 각 부처에서는 동일 민원인이 여러 기관에 중・반복적으로 신청한 민원의 경우 국민신문고를 통해 해당 민원을 가장 잘 처리 할 수 있는 기관으로 전자적으로 이송・이첩하여 병합처리하고 있음을 안내 드립니다.",20240125,2008-10-10,NA
외국에 살고 있는 동포도 제안 할수있도록  ,기타,,답변완료,2008-09-13,국민권익위원회,"미국사는 동포임


문제점;


이 프로그램에  주소에 한국주소만이 입력되어야만 가능함




국내에 살때는 근시적으로만  생각되다


외국에 살게되니 원시적으로 내조국을 보게됨


정책에 참고될 의견 보내고 싶음

 700만 동포임 

이스라엘이 유지되는것이 바로 해외 동포 들입니다",,,"전현식님 안녕하십니까? 국민신문고 국민제안 운영업무를 담당하고 있는 양은경입니다. 국민신문고에 관한 관심과 의견에 감사드립니다.


귀하의 제안요지는 ‘국민신문고 제안 신청 시 한국 주소만 입력이 가능하여 재외동포의 참여가 어려우니 이를 개선하여 달라’ 는 것으로 사료됩니다. 


현재 국민제안・민원 신청 시 주소는 필수입력사항으로 우편번호 조회를 통해 기본주소를 불러오는 방식을 취하고 있으나, 국내주소가 아닌 경우에는 적용되지 않고 있습니다. 이는 신청인이 직접 입력하게 할 경우 오・탈자의 발생으로 정확한 연락처정보를 취득하지 못할 수 있고, 국가별로 주소체계가 각각 상이하여 이를 모두 반영하기가 현실적으로 어렵기 때문입니다.


본 제안은 그간 몇몇 분들이 건의하신 사항이나, 신청인 정보 입력사항을 국내・해외거주자로 이원화하기 위한 저장공간 확보, 나라별로 상이한 주소 및 전화번호 형식을 모두 소화하고 확인할 수 있는 지에 관한 기술적인 검토 등이 필요하여 단기간에 조치하기에는 어려움이 있습니다.


이 점 헤아려주시기 바라며, 향후 시스템 담당부서 등 관계자와의 협의를 통해 보다 효과적이고 편리한 방안을 강구하겠사오니, 다소 시간이 소요되더라도 널리 이해하여 주시기를 요청드립니다.


끝으로 추가문의사항이 있으실 경우 민원제도개선과 양은경(이메일주소 yolande@acrc.go.kr)으로 연락주시기 바라며, 전현식님의 일과 가정에 많은 성과가 있으시길 기원하겠습니다. 감사합니다.",20240125,2008-10-13,NA
의료소모품에 보험코드를 표기하게 해주십시오.,식품의약품,,답변완료,2008-09-11,식품의약품안전처,"저는 의료원에서 일하는 간호사인데요.

공급실에 근무합니다. 제가 공급실에 발령받은지 얼마안되어 잘 몰라서 그런지

모르겠지만 의료소모품을 사고 그 소모품을 사용하게되면 처방을 내고 심평원에 청구를 하고 

그 산 내역과 비교하여 삭감 등을 한다고 알고 있습니다.

그런데 소모품이 외국에서 수입되는 것들이 많아서 그런지 모르겠지만 

각각의 소모품에는 보험코드가 모두 있는데 포장지에 보험코드가 써있지 않아서

도대체 이물건이 이코드인지 저코드인지 헷갈리고 납품회사로 전화해서 알아보는데도 시간

과 비용이 들어갑니다. 그런 일이 자주 있고 해서 아예 포장지에 보험코드가 표기되어 있으면 

병동에서도 코드를 입력하는데 전화해서 계속 물어보는 일이 줄고, 그시간에 환자를 더 볼 수 있겠죠, 국가 전체적으로도 각 병원에서 그런 일들이 수시로 일어날텐데 거기에 들어가는 

시간과 비용을 따지면 많은 절약이 될것 같습니다.

외국에서 수입하는 것들도 한국 수입업체에서 한글로 다시 제품에 대한 스티커를 우리말로 

붙입니다. 거기에 어차피 견적서등에 표기를 하지만 한참 지나면 그 제품이 어떤 코드인지 

헤갈립니다.

의료소모품에 보험코드를 표기하는 것이 의무화하도록 하면 안되는 것인지요?",,,,20240125,NA,NA
반부패 제도개선 결과의 DB화를 요청합니다.,기타,,답변완료,2008-09-03,국민권익위원회,"저는 한국조폐공사에서 청렴정책 실무를 담당하고 있습니다.


지금 업무를 맡은지 1년이 지났지만, 실효성 있는 제도개선 사례를 발굴하기 위해서는 지금도 머리가 아프고, 앞으로도 그럴 것입니다.

아이디어 발굴도 힘들고, 새로운 제도를 만들때 다른 기관에서는 어떤가 조사하고 효과적인 방안을 만드는데도 상당한 시간이 소요됩니다.


마침, 국가청렴위원회 (현 국민권익위원회)가 2007년 10월 발간한 [ 청렴제도개선 사례집]은 저같은 사람에게는 참 도움이 많이 됩니다.


그런데 여기에 추가해서 기관자율 제도개선과제도 자료화하고 모든 공공기관이 공유했으면 좋겠습니다.  DB 또는 카페를 운영해도 좋을 것 같습니다.

그렇게하면  제도개선 아이디어 발굴과 적용사례 조사에 드는 노력을 크게 아낄 수 있을 것 입니다.


자료 양도 너무 많고 그 중에는 청렴과 직접적인 관련성이 떨어지는 것도 상당수 포함되어 있어서 DB구성이 쉽지 않을 수 있으나, 유목분류만 잘 하면 정말 유용한 자료가 될 것입니다.",,,기 시행중인 사항임.,20240125,2008-09-05,NA
장애인공동생활가정 입주연령 제한 폐지 제안,행정/자치/안전,민원신청서(국민권익위원회).hwp,제안추진,2008-08-26,서울특별시,"장애인복지시설 '장애인공동생활가정' 입주연령 제한규정 폐지 제안


<현황 및 문제점>

1. 장애인복지의 기본이념은 '장애인의 완전한 사회 참여와 평등을 통하여 사회통합을 이루는 데 있다'고 규정하고 있습니다. 


2. 지적장애인의 생활은 사회통합과정을 통한 사회생활능력 변화에서 자립생활 영위, 비장애인과의 관계, 지역사회 활동의 참여, 지역사회 자원 활용에서 발전적인 방향으로 변화되고 있는 것으로 나타나고 있으며, 소규모 그룹 홈이 대규모 생활시설에 비해 사회적 상황에 적응하는 사회적 능력이 향상되는 것으로 나타나고 있습니다.

서구사회에서는 1960년대 후반, 1970년대 초반 이후에 '탈 시설화, 정상화, 제한이 최소화된 환경'이라는 이념적 흐름을 바탕으로  대형시설이 외면을 당하고, 그룹 홈을 비롯한 소규모 거주시설 중심의 장애인생활시설이 각광을 받게 되었습니다. 

우리나라도 장애인복지법시행규칙 별표3에 '스스로 사회적응이 곤란한 장애인들이 장애인복지 전문 인력에 의한 지도와 보호를 받으며 공동으로 생활하는 지역사회 내 소규모 주거시설'로 장애인공동생활가정을 설립・운영할 수 있도록 규정하고 있습니다.


3. 무연고장애인은 가족으로부터 버림받고 생활시설에 입소하여 생활하면서 사회성 함양의 기본 단위인 가족관계를 맺기 어려워 사회성 향상에 부정적인 요인으로 작용하며, 18세 미만의 장애아동・청소년은 현실적으로 비장애 아동・청소년 중심의 아동 그룹 홈에 입소하기 어려운 실정으로 대규모 생활시설에서 생활함으로서 사회통합의 대전제에 역행하게 됩니다. 

 이에 사회복지법인 작은예수회에서는 무연고 장애아동・청소년들에게 가정환경을 구성하여 사회・심리적인 안정을 도모하고, 가족관계를 통한 사회적 관계에 대한 적응을 돕고, 반복적인 교육훈련과 개인의 기능을 발달시키기 위한 전문적인 재활치료를 필요로 하는 지적장애아동・청소년과 성인들이 한 가족을 이루어 생활하는 장애인공동생활가정을 21개소 운영하고 있습니다. 


4. 장애인지역사회재활시설인 장애인공동생활가정운영에 대한 운영보조금 지원은 2005년 보건복지부에서 서울시로 지방 이양되었으며, 서울시에서 장애인공동생활가정에 대한 운영보조금을 지원하고 있습니다.

서울시는「장애인공동생활가정 설치・운영지침」제9조(지원 대상 시설 입주자격)에 ‘입주대상자는 서울특별시에 거주하는 만 18세 이상 등록 장애인 중 다음 각 호의 1에 해당하는 자로 한다. 단. 2006.1.1이전 입주자는 2년간의 유예기간(2007.12.31 까지)을 둔다.’고 규정하고 있습니다. 


5. 서울시는 상기 규정을 근거로, 소규모 지역사회재활시설에 대한 보조금 지원신청에서 성인만 입주한 시설로 국한하여 신청하도록 하여 18세미만의 장애아동・청소년이 거주하고 있는 장애인공동생활가정은 보조금 지원 신청을 하지 못하도록 하여  운영보조금을 지원받을 수 없도록 하고 있어, 보조금을 지원받지 못하는 장애인공동생활가정에서 생활하는 장애인의 생활적 어려움을 가중시키고 있습니다.

또한 본 법인이 상기 규정을 위반하였다는 이유로 일부 지자체에서는 장애인공동생활가정 설치・운영 신고 시 시설 신고증의 심사 및 발부를 지연하여 사회복지시설 설치를 방해하고, 상기규정의 연령제한 지킬 것을 요구하고 조건을 충족하지 못할 경우 신고수리를 철회하겠다는 조건부로 시설 신고증을 교부하여 자율적인 운영을 방해하고 있습니다. 


6. 서울시에 상기 규정을 폐지하여 줄 것을 요청하였으나 ‘아동은 아동복지법에 의한 보호가 우선되어야 하며 아동공동생활가정은 아동 5~7인당 종사자 2명이 보호양육서비스를 제공하고, 장애인공동생활가정은 1명의 사회재활교사를 지원하고 있어, 아동의 안전보호・교육・보육서비스 등 아동복지에 필요한 서비스를 제공하는데 어려움이 있다’는 사유로 상기 규정의 폐지는 어렵다는 의견을 나타내고 있습니다.

이에 본 법인에서 서울시내 아동공동생활가정에 대한 전화조사를 통한 조사결과 아동공동생활가정(28개 시설 170명) 중 장애인이 입주한 공동생활가정은 2개 시설에 5명만이 생활하는 것으로 나타났고, 조사에 응답한 시설장 및 종사자의 대부분이 장애아동이 아동공동생활가정에 입주하는 것에 대하여 부정적인 의견을 나타내고 있어 실질적으로 장애아동이 아동공동생활가정에 입주하기에는 어려움이 있는 것으로 나타나고 있습니다. 

또한 아동공동생활가정에 비해 장애인공동생활가정은 1명만 배치하도록 되어 있어  아동의 안전보호・교육・보육서비스 등 아동복지에 필요한 서비스를 제공하는데 어려움이 있어 장애인공동생활가정은 만18세 이상으로 입주연령을 제한한다는 주장은  장애인복지법시행규칙의 장애인공동생활가정 인력 배치기준을 잘못 해석한 것으로 시행규칙의 인력배치기준인 장애인 4명당 사회재활교사 1명은 적절한 서비스를 제공하기 위하여 장애인 4명당 사회재활교사 1명을 배치하여 하고 4명을 초과할 시에는 사회재활교사를 추가로 배치해야 한다는 규정으로 해석되어야 합니다. 또한 아동복지에 필요한 적절한 서비스를 제공하도록 하기 위해서는 예산증액을 통한 인력지원의 확대로 문제를 해결해야 함에도 불구하고 입주연령을 만18세로 제한하여 해결하겠다는 것은 만18세 미만의 장애아동・청소년은 대규모 생활시설에서만 생활하도록 규제하겠다는 주장이라 사료됩니다. 


<개선의견>

1. 장애인복지 서비스의 패러다임은 보호차원의 배려에 중점을 두는 서비스개발(격리단계)에서 훈련과 교육에 중점을 두는 서비스 개발(재활단계)로 현대에 이르러서는 지역사회에서의 통합된 생활, 즉 지역사회통합에 초점을 두는 서비스개발(통합단계)로 변화하고 있습니다. 

현대 장애인복지의 이념인 인권보장의 이념, 정상화이념, 사회통합의 이념, 자립생활 이념을 실현하기 위해서는 대규모시설보다는 소규모시설이, 케어중심의 생활에서 자립생활 중심이 보다 효과적이며, 장애인공동생활가정은 현대 장애인복지 이념을 실현하는 데에 있어 기존 대규모생활시설보다는 소규모의 그룹 홈이 우수한 것으로 나타나고 있습니다. 


2. 장애인공동생활가정에서 주로 생활하는 지적장애인들은 자립생활에 있어 자연연령이 중요한 것이 아니라 생활능력 및 사회성에 의하여 사회적 자립 여부를 판가름할 수밖에 없음에도 불구하고 장애인 및 장애인복지 서비스의 특성을 고려하지 않고 규정한 ‘서울시의 장애인공동생활가정 입주연령 만18세 이상 제한’은 반드시 폐지되어야 합니다. 


※ 보건복지부에서는 대규모생활시설의 문제점 및 지역사회재활시설로 분류되어 있는 장애인공동생활가정, 장애인단기보호센터를 장애인거주시설로 재분류하고, 장애인생활시설을 30인 이하로 축소하는 등 장애인복지법 개정을 통하여 소규모시설로의 전환 및 정상화, 사회통합이 가능한 그룹 홈을 확대하고자 하고 있습니다. 

현재 서울시에서는 상기의 문제를 인식하고 있음에도 불구하고 장애인복지법 개정 및 시행령, 시행규칙이 개정되면 서울시의 운영지침을 바꾸어야 하므로 법개정이후에나 지침변경을 검토하겠다는 입장(서울시 당담 공무원은 2008년 말 장애인복지법이 개정되어 시행령, 시행규칙 변경 된 후 이에 맞추어 운영지침을 바꾸어야 하기 때문에 2009년 말에나 제도개선검토가 이루어질 것이라고 함)을 보이고 있어 장애인복지시설 운영의 현실적 어려움을 외면하는 행정에 답답함을 금할 수 없습니다.",,,"장애인공동생활가정의 입주연령 제한규정 폐지 제안에 대한 검토의견입니다. 서울시는 장애인복지법 내용 안에서 장애인 공동생활가정 설치,운영지침을 세워 그에 따라 장애인공동생활가정을 운영하고 있습니다. 상기 지침에서 정하는 장애인공동생활가정의 입주 대상자는 서울시에 거주하는 만 18세 이상 등록장애인으로 그룹홈에서 생활하는 것이 재활,자립에 더 효과적이라고 인정되는 자입니다. 

  18세 미만인 장애아동들에게도 대규모시설보다 소규모시설이 자립생활에 더 도움이 된다는 점에서 장애인공동생활가정의 입주연령 제한규정을 폐지하자는 의견을 검토할 필요가 있다고 생각합니다. 이 사항은 추후 심사 및 검토 후 제도 개선에 반영할 수 있는지의 여부를 결정하겠습니다.",20240125,2013-01-17,NA
국민기초생활수급자 교육 후 최종책정 방안,식품/보건/복지/가족,,답변완료,2008-08-26,보건복지부,"현재 국가 복지 차원에서 시행되고 있는 국민기초생활수급자(수급자) 책정 및 급여 적용에 무단히 노력을 많이 하고 있는 것으로 보여집니다.

현장에서 보는 문제점

1. 부적정 수급자가 의외로 많다. (젊은사람이 일 안하고 아님 일정 부분 소득을 누락시킨후 급 여 적용 받음)

2. 제도에 대한 이해도 부족으로 바르게 쓰여지지 않은 경우가 많다.

  가. 병의원 이용 공짜니 약처방이나 조제 많이 해서 그냥 증상 완화 되면 버린다던가 입원이 잦 아지고 있다. 

  나. 재산이나 소득 기타 가족등의 변경사항 누락을 시켜 환수 하는 사례 발생

  다. 수급자 아니면 그 소득 없어 질까 정규직 안하고 아르바이트 하면 소득을 누락시킴.

  라. 본인이 수급자라는 사실을 속이는 경우가 많다.

3. 고령화 사회에 대한 대책으로 출산 장려 정책을 펼친다지만 수급자들에게 지급되는 출산비로 인한  수급자의 자녀 출산율만 증가 하는 추세에 있는 것으로 보인다. (사실 조사가 필요할 듯)

  가. 사실상 사회중간계층은 둘이상 부양 능력 부족으로 인해 늘어나지 않고 있는 것으로 보여지나 수급자들은 4~5명을 출산하며 출산비에 생계비에 어마 어마한 급여를 받고 있다.

수급자가 수급자를 양산하는 모양세로 보임- 본인 앞가림도 못하며 자식만 많이 낳고 있는 실태

---정부가 나중에는 수급자와 노인 문제를 한꺼번에 떠 안을 것 같은 생각이 든다.


~~~~~~~~~~~~~~~~~~

여러 문제를 감안해서

수급자 책정시  조사 및 사후관리 절대적으로 필요하지만

일정시간 제도 및 교육 시간을 걸쳐 애국심 고양 및 제도의 올바른 습득 후 급여 혜택을 주어야 한다고 생각 합니다.

개인의 인권 침해 및 자존감의 문제가 있겠지만 기간 및 급여 액수로 봐서 그정도는 해야 할 것 같은 생각이 듭니다.

정부 급여 가 잘 키운 자식이 주는 용돈보다 많을 것이니 그 자식을 위해 무엇을 해줄수 있는 가를 수급자들이 생각해서 아끼고 고맙게 생각 하도록 할 수 있는 의식 개혁이 필요 할 것 같습니다.

그것이 수치 스럽고 자존심이 상하다면 근로 해서 정당한 급여 생활자로 삶을 살아가야 그 자녀들에게도 나라 발전에 기여 할 수 있는 사람이 되지 않을 까 싶어요.


간호학을 전공하고  가정간호를 다니면서 많이 느낀 부분이구요. 지금은 사회복지학을 공부한 대한민국의 국민으로써 두서 없이 써 봅니다.

소설가가 아니라서 예쁜 꾸밈말은 없지만 생각나는데로 쓰는 글입니다.

항상 국민 복지 향상에 기여해 주시는 여러분의 노고에 감사 드립니다.",,,,20240125,NA,NA
"국민신문고에서 클럽 창설과, 비활성화 대안",기타,,답변완료,2008-08-22,국민권익위원회,"1. 클럽을 창설 했을시에 포인트 지급 폐지

이유

(1)시민들이 정책 건의와 확실한 목적을 위해서 만드는 클럽이 아닌, 단지 포인트를 얻기 위한 수단으로 전락 해버림

(2)시민 들마다 쓸떼 없는 클럽을 생성하여, 난잡하고 꼭 필요한 클럽에 가입하고자 하는 사람 마저 유령 클럽에 가입해서 활동하지 못하게 함


2. 비활성화 클럽 폐쇄

비 활성화 클럽은 게시글이 10개 이하이며, 3개월간 방문자가 없을시 경고 조치, 6개월 후에도 활동이 저조할시, 목적이 없는 클럽으로 판단되어 폐쇄조치.


그 외 좋은 방안.

1. 클럽 창설시 100 포인트를 주는 것 보다.

클럽 접속, 게시글을 올리는 것에 따라 5포인트나 10 포인트씩 지급(매번 지급하기 불편하므로, 1주일이나, 1달간 올린 양에 따라서 지급. 도배시 포인트 차감)


2. 포인트를 많이 쌓아서 다음 단계로 승급(?) 했을시, 소정의 상품이나 상품권 지급. 2000포인트 정도 였나? 그정도는 모으기 확실히 힘들지만 그만큼을 달성했다는 것은 많이 활동 했다는 증거이기도 하므로 소정의 상품을 지급 하는 것도 좋은 방안.


3. 자유게시판 창설 및 덧글 제도 개선

자유게시판의 의미는 엄청 큽니다. 이 게시판에서 시민들은 많은 이야기를 나눌수 있습니다. 물론 쓸떼 없는 이야기도 있겠고, 욕설도 있을 수도 있습니다.(이 경우 관리자가 삭제 및 징계 조치) 하지만, 자유게시판이 생기면, 시민들이 더 많이 국민 신문고에 대해서 알고, 참여 하게 될거라도 생각됩니다.


다는 불가능 하더라도 개선에 고려해주셨으면 합니다.",,,"먼저 국민신문고 시민클럽 개설과 활성화 방안으로 포인트 적립 기준에 대한 대안을 제시해 주신데 대해 감사드립니다.


국민신문고 시민클럽 운영은 민원조사협력과에서 그리고 시스템 관리는 온라인 국민참여포털 운영규정 및 같은 규정 시행세칙에 의해 인터넷신문고과에서 관리하고 있습니다.

※ 국민신문고 회원의 이용 활성화를 위해 이용약관 제19조(포인트 정책)와 제20조(적립대상 활동)에 의거 포인트 적립 기준이 마련하고 있으며, 시민클럽의 경우는 시민클럽 개설 시 클럽 개설자 100, 클럽 회원가입 가입자 50, 클럽 글 추천 시 글 등록자 10, 클럽의 설문조사 참여시 설문조사 참여자에게 10점의 포인트를 적립할 수 있도록 되어 있습니다.


특히, 비활성화 클럽 폐쇄(게시 글 10개 이하이며 3개월 간 방문자 없을 시 경고, 6개월 후에도 활동 저조 시, 목적이 없는 클럽으로 판단될 시 폐쇄 등)와 포인트 적립 우수자에 단계별 소정의 상품이나 상품권 지급, 자유게시판 개설 등은 운영정책에 있어 큰 폭의 검토가 필요한 사항으로 보입니다.


그렇지만 비활성화 클럽 폐쇄나 포인트 적립 우수자에 대한 소정의 상품이나 상품권 지급, 자유게시판 개설 등은 담당 인력과 예산이 수반되어야 가능할 것입니다. 또한, 시스템 관리를 온라인 국민참여포털 운영규정 및 같은 규정 시행세칙에 의해 인터넷신문고과에서 관리하고 있음으로 인해 담당부서의 협조가 필요합니다. 따라서 중기 과제로 차기 시스템 개편 시 반영할 수 있도록 검토하고자 합니다. 이 점 널리 양해해 주시기 바랍니다.


보다 자세한 설명을 원하시면 연락(민원조사협력과 손치훈 : 02-360-2776)주시기 바랍니다. 감사합니다.",20240125,2008-09-02,NA
국민신문고 홈피 구성안 변경 제안,기타,,제안실현,2008-08-22,국민권익위원회,"안녕하세요!


국민신문고를 자주 이용하는 시민입니다.

이용을 많이 하다보니 불편한 점이 있어 제안을 드립니다.


현재 구성방식은 이용자인 시민이 민원이나 제안을 구분 관리할 수 없는 방식입니다.

예를 들면 각 검색엔진의 이메일은 폴더를 구성할 수 있게 하거나,

확인한 메일과 확인하지 않은 메일을 구분하여줄 수 있어

이용자가 이미 확인한 메일을 확인하지 않아도 

확인하지 않은 메일만 볼 수 잇어 매우 편리합니다.


이점을 착안하면,

국민신문고 홈페이지도

이용자가 나의제안을 완료,추진, 심사, 신청 등 구분하여 관리하거나 ,

확인 가능한 방버이 도입되었으면 합니다.


또한  나의민원도 역시 완료, 신청, 만족도확인 등등 구분하여 관리하거나,

확인이 가능한 구성이 되어으면 좋겠습니다.


현재는, 민원의 답변이나, 제안의 결과가 늦어지면 

많은 양의 민원을 시간순서 별로 관리되어 있어

답변이 먼저 완료된 자료 목록과 답변이 늦어지는 목록이 구별되지 않아 이용자의 불편이 매우 높습니다.


이러한 점이 개선되면 더욱 좋겠습니다.",,,"1. 선생님의 국민제안(국민신문고 홈피 구성안 변경 제안)에 대한 검토결과를 아래와 같이 알려드립니다.


2. 제출하신 제안의 요지는“나의민원과 나의제안에서 제출한 내용을 신청, 완료 등의 추진상황별로 구분하여 관리하거나 확인할 수 있도록 개선해 달라”는 것으로 

  - 제안하신 바와 같이 나의민원과 나의제안 목록 화면에서 추진상황, 만족도응모여부 등의 조건으로 검색하실 수 있도록 개선하겠습니다.

  - [나의민원]의 경우, 이미 신청기관명, 신청기간 등으로 검색이 가능하므로 말씀하신 두 가지 조건을 추가하여 2008년 하반기에 반영하고

  - [나의제안]의 경우, 현재 검색 기능이 제공되고 있지 않으므로 신청기관명, 신청기간 등의 검색조건과 함께 2009년 1/4분기 중 반영토록 하겠습니다.


3. 국민신문고에 대한 관심과 의견 감사드리며, 사용자 편의 증대를 위한 개선방안을 지속적으로 검토・반영하도록 하겠습니다.",20240125,2008-08-29,"o 나의민원,나의제안에서 제출한 내용을 신청,완료 등의 추진상황별로 구분하여 관리하거나 확인할 수 있도록 개선

  - 나의민원, 나의제안에 신청, 접수, 처리 등 추진 상황별 검색기능 추가

  - 나의민원은 2008년 하반기, 나의제안은 2009년 상반기 중 조치"
토지거래허가에대한 문제점,국토/교통/농림/해양,,답변완료,2008-08-19,국토교통부,"근자에는 도시재정비지역의 설정등으로 인한 토지거래허가지역이 무수히 많아졌습니다.

가뜩이나 경제가 어렵고 특히 부동산의 거래가 거의 중단된상태에서 각구청마다 도시정비지역이라는명목으로 토지거래허가지역을 지정하여 20평방미터 이상의 토지거래에 있어서는 무조건 관할관청의 거래허가를 받아야 매매를할수 있도록하고 심지어 아파트나 빌라등도 토지면적에따라 거래허가를받도록하고 있습니다.

이는 사회정의와 경제원칙에도 어긋나는것같고 각개인의 거래자유를 제한하는 심각한 침해라고 보여집니다.

이는 새정부가 마땅히 시정하여야 할것이고 투기를제한하는 조치라고 하나  비록투기를하면 양도소득세등을받고있기때문에 토지거래허가와는 아무런 관련이 없을것입니다.

노속한 시정을 바랍니다",,,,20240125,NA,NA
부정한 공무원 적발에 대한 방법 건의의 건...,기타,,답변완료,2008-08-07,국민권익위원회,"현재 이 나라에는 정직하고 우직스런 공무원도 많지만 그에 못지않게 썩어빠진 정치인, 공무원도 흔히 볼 수 있다.

세월이 지나고 지나도 제대로 고쳐지지 않음에 시민의 한 사람으로 부정을 방지할 방법을 제안하고자 한다.


우선, 한푼 빠뜨리지 않고 세금을 꼬박꼬박 내는 시민으로서 쓸데없는데 세금을 써지 않았으면 좋겠다.

그러나 여기 제안하는 방법에서는 얼마든지 사용해도 좋을 것같다.


[제안]

1. 부정한, 썩어빠진 경찰이나 정치인, 공무원 등(특히 감시할 곳 : 서울경찰청장을 포함한 서울경찰청) 의 부정한 사례를 고발하는 내부고발자에게는 건당 포상금이나 상품권 또는 마일리지를 선택하여 포상금을 받을 수 있도록 한다.

2. 정보화시대인 요즘은 직장인을 포함하여 학생들 대부분 MEMORY STICK은 물론 WEG-HARD를 즐겨 사용한다. 때론 대용량의 DATA를 휴대할 수 없어 곤혹을 겪기도 한다.

이러한 이유로 부정한 공무원(특히 서울경찰청장을 포함한 서울경찰청) 을 고발하는 시민에 대해서는 WEB-HARD를 사용할 수 있도록 포상금액을 환산하여 1원당 2MB를 적립할 수 있도록 한다.



더운데 수고많으십니다.

웃으시면서 회신주시기 바랍니다.",,,"1. 부패방지 및 국민권익위원회의 설치와 운영에 관한 법률 제68조 제1항에는 부패행위의 신고자의 신고에 의하여 현저히 공공기관에 재산상 이익을 가져오거나 손실을 방지한 경우 또는 공익의 증진을 가져온 경우에는 신고를 한 자에 대하여 상훈법 등의 규정에 따라 포상을 추천할 수 있으며, 대통령령으로 정하는 바에 따라 포상금을 지급할 수 있으며

또한, 부패방지 및 국민권익위원회의 설치와 운영에 관한 법률 시행령 제71조의 규정에 따라  다음각호의 어느 하나에 해당하는 경우 포상금을 지급하고 있음

 1. 부패행위자에 대하여 공소제기・기소유예・기소중지, 통고처분, 과태료 또는 과징금의 부과, 징계처분 및 시정조치 등이 있는 경우

  2. 법령의 제정・개정 등 제도개선에 기여한 경우

  3. 부패행위신고에 의하여 신고와 관련된 정책 등의 개선・중단 또는 종료 등으로 공공기관의 재산상 손실을 방지한 경우

  4. 금품 등을 받아 자진하여 그 금품 등을 신고한 경우

  5. 그 밖에 포상금을 지급할 수 있다고 법 제69조제1항에 따른 보상심의위원회(이하 ""보상위원회""라 한다)가 인정하는 경우

1호부터 제3호까지 및 제5호에 해당하는 경우 포상금은 5천만원 이하이며, 제4호에 해당하는 경우 포상금은 신고금액의 20퍼센트 범위로 하되, 2억원 이하로 지급하고 있으므로 불채택",20240125,2008-09-23,NA
제안 접수 메일을 보낼 때 본인의 제안에 링크시켜주세요 ,기타,,답변완료,2008-08-03,국민권익위원회,"제가 제안을 접수하고

보내주신 메일을 확인해 보던 중

신청번호 옆에 나의 제안이 있어 

이를 클릭해 보았습니다.


그런데 본인의 제안에 바로 링크가 되어 있지 않고

다시 로그인을 해야만 들어갈 수가 있더군요.


본인의 제안에 링크가 되어 있으면

곧바로 진행절차 등을 확인해 보고

시간도 그만큼 절약할 수 있어 좋을 것인데 말이죠.


이를 개선해 주시면 더욱 감사하겠습니다.",,,"메일등을 통하여 시스템에 자동으로 로그인되도록 하는 기능은 중요한 개인정보등을 메일소스에 노출시켜야 함으로 

보안에 중대한 취약점이 발생할 수 있습니다. 

약간 불편함을 느끼시더라고 국민신문고 사용자 인증절차를 따라주시기 바랍니다.",20240125,2008-08-12,NA
홈페이지 기술적인 문제점 발견,기타,,답변완료,2008-07-31,국민권익위원회,"추천을 누른후 뒤로가기를 두세번 누르니까 추천이 또 되었다면서 추천수가 올라가네요

후훗 

한사람이 추천을 열번 백번도 가능하더군요 뒤로에서 에러가 어느정도 까지는 나는지 모르겠지만

지금 글하나 추천 네번나오게 해놓았습 더이상도 가능할것 같은데 시도는 안해봤음",,,"1. 제출하신 국민제안(홈페이지 기술적인 문제점 발견)에 대한 검토결과를 아래와 같이 알려드립니다.


2. 제출하신 제안 요지는“공개제안은 1인 1추천을 기본으로 하나, 추천 후 [뒤로가기] 버튼을 누르면 중복 추천이 가능한 문제가 있으므로 개선해 달라”는 것으로 이해됩니다.


3. 먼저, 국민신문고를 이용해 주시고 문제점을 지적해 주신 점에 대해 감사드립니다.

    - 지적하신 바와 같이 중복 추천 문제를 조속히 해결하여 8월 중 조치하도록 하겠습니다.

    - 다만, 제출하신 의견은 국민제안규정 제2조에 의거한 단순 건의에 해당하여 불채택 함을 양해하여 주시기 바랍니다.


4. 국민신문고에 대한 관심과 의견 감사드리며, 사용자 편의 증대를 위한 개선방안을 지속적으로 검토・반영하도록 하겠습니다.",20240125,2008-08-07,NA
외국인에게 김치문화 전파,행정/자치/안전,서신1.jpg서신2.jpg서신3.jpg,답변완료,2008-07-30,서울특별시,제안내용 --- 붙임서신 참조,,,"안녕하세요 이재은님. 서울시정에 관심을 가지시고 제안을 해 주신점 감사드립니다.

서울시농업기술센터에서는 2009년도부터 재외국인에 대한 전통음식교육을 실시하고 있습니다.

다만 전통음식분야중 떡이나 한과류 재철농산물을 이용한 기초반찬교육을 실시하고 있으며, 김치는 발효음식의 특성상 단기간의 교육으로는 어렵고 실습공간의 제약등으로 실시가 어려운 점이 있습니다.

저희 전통음식교육의 주 대상은 일반시민으로 주로 공개강좌의 형태로 진행되고 있으며, 그중 일부를 재외국인에 대한 교육으로 하고 있습니다.

앞으로도 재외국인에 대한 전통음식 교육을 확대하고자 하오나 단기체험이 가능한 전통음식류(떡, 한과, 음료 등)가 주교육분야가 될 것으로 예상됩니다.

앞서 말씀드린대로 김치는 발효음식의 특성상 외국인에게 단기교육의 어려움과 제약이 많기 때문에 라이센스과정이 포함된 아카데미 운영은 어려울 것으로 생각됩니다. 

서울시민의 전통음식에 대한 가치와 식문화개선을 위해 노력하고 있는 저희 센터의 입장을 이해해 주시기 바라며 늘 건강하시기 바랍니다.

감사합니다.",20240125,2013-01-21,NA
에너지절약을 위한 동사무소관공서 담쟁이덩굴 심기운동전개 ,행정/자치/안전,유촌동우체국담쟁이덩굴심은사진1.JPG유촌동우체국담쟁이덩굴심은사진2.JPG유촌동우체국담쟁이덩굴심은사진3.JPG,답변완료,2008-07-29,서울특별시,"현행제도 : 고유가시대를 맞이하여 에너지절약은 시대의 흐름이다. 

그러나 현재 우리는 실내에서만 에너지절약을 찻고 있다 

전원플러그완전차단,조명등끄기,실내적정온도를 지켜라등등 

그래서 외부로 발상의 전환을 할때가 왔다. 

바로 대양열을 흡수하는 천연에어컨인 담쟁이넝쿨을 심어 에너지절약뿐만아니라 

지구온난화방지에 크게 이바지하고 도시미관을 한껏 아름답게 꾸미고 

국민들로 부터다시 찻는 관공서로 거듭난다. 


운영의 실태와 문제점: 1.현행제도에서 보는 바와 같이 오로지 실내에서만 

에너지 절약을 찻고 있어 한계성이 있다. 

2. 외부에서의 에너지절약 대책방안이 없다. 

3. 자연 친환경적인 에너지절약 대책방안이 없다 

4. 태양열을 차단할 자연적인 흡수 장치가 없다. 


개선방안 : 1.관공서 외부벽을 담쟁이 넝쿨을 심어 태양열을 차단한다. 

2. 전국적으로 담쟁이넝쿨 심기운동을 전개한다. 

3. 심은후 2~3년이면 청사외부벽을 덮는다. 

4. 등산겸 산에 가면 자연훼손하지 않는 범위내에서 자연채취도 가능하다. 

5. 대량수요충족을 위해 집단대량재배하여 부처별,기관별로 보급한다. 


기대효과 : 1. 담쟁이 넝쿨은 천연 에어컨이다.(2~3 효과 기대) 

2. 고유가시대를 맞이하여 일등에너지 절약이 된다. 

3. 우리의 도시 미관을 한껏 아름답게 꾸며 

4. 자연친환경으로 지구온난화 방지에 크게 이바지 한다. 


붙임 : 1. 2007년도 담쟁이 넝쿨 심은 유촌동우체국 청사 사진3 매",,,"현재 서울시는 도시구조물 즉, 도로변 옹벽, 방음벽 등 콘크리트 구조물이 노출되는 도시구조물에 한해서 

도시미관 및 쾌적한 보행환경을 개선하기 위해 벽면 녹화사업을 추진하고 있습니다.


다만, 공공기관 벽면 녹화사업은 따로 추진하지 않고 식물이 자랄 수 있는 햇빛, 온도 등 식물이 고사되지 않도록 주변환경을 고려해서 공공기관 청사 개별적으로 추진을 유도하고 있습니다.",20240125,2013-01-31,NA
뉴타운등 재개발 주민 재정착율 상향 방안,국토/교통/농림/해양,,답변완료,2008-07-28,국토교통부,"1. 현행제도 및 실태와 문제점

 : 1) 재개발 지역 주민들에게 개발부담금등이 과도하다

   2) 조합주민의 분양가와 일반분양가가 별차이가 없다

   3) 2008년 7월 28일 연합뉴스 ' 9월에 택지비,건축비 다 올려준다 ' 의 기사를 보면 다음과 같다

    - 분양가 상한제 적용 주택의 택지비는 원칙적으로 감정가 기준이다. 그러나 감정가는 시세보다 낮은데다 주택업체들은 시세보다 비싼 가격에 땅을 산 경우도 있어 이 기준에 따를 경우 수익성이 없어 주택을 지을 수 없다는 불만이 많이 제기됐다.국토부는 이런 주택업계의 요구에 타당성이 있다고 보고 매입비 전액은 아니더라도 감정가보다는 높게 인정해 주는 방안을 추진하고 있다.-

 라고 위와 같이 추진하는 반면 조합원들의 감정가 보상의 문제는 도외시 하고 있다.

   4) 때문에 위와 같이 추진 될 경우 앞으로 기존 조합원들의 재정착율은 더욱 떨어 질 것이다.


2. 개선내용과 기대효과

  1) 뉴타운등 재개발 지역 주민의 보상도 감정가 보다 높게 책정해 주어야 한다.

  2) 과도한 개발부담금등은 없애 주어야 한다.

  3) 조합원분양가와 일반분양가는 차등을 두어야 한다.(기존 주택 소유자로 자기 부담금을 내고 새 집으로 옮겨 가는 과정의 조합원과 외지에서 능력이 되어 이사 오려는 사람들과는 차등이 있어야 한다)

  4) 위와 같이 정책의 보완이 있다면 재개발지역의 주민 재정착율은 확실히 상향 될 것이다. 항상 말로만 주민 재정착을 외치는 정책은 국민들에게 믿음을 주지 않기 때문이다.",,,,20240125,NA,NA
전동 스쿠터 반사판 제작 설치,식품의약품,,답변완료,2008-07-28,식품의약품안전처,"제목 전동스쿠터(장애인) 반사판 설치건의


현황 


         전동 스쿠터의 경우 후면에 자체발광 야광 또는 다이오드가 없어 교통사고 발생위험이 있음



대책 

    1. 법령상 제도화 필요 및 반사판 규격화 추진

    2. 전동 스쿠터의 후면에 반드시 발광야광 또는 다이오드를 크게 설치 부착요망

    3. 기존 제품은 반드시 제작하여 부착해줄 것 요망


                       2008.    7.   11

원주시 판부면 서곡1리 내남송 121 

                   원규희   011-362- 4517",,,"안녕하세요. 국민신문고를 이용해 주셔서 감사드리며 '13.4.4일자로 접수하신 제안에 대하여 다음과 같이 회신 드립니다.


- 다  음 -


1. 제안요지

 - 전동휠체어 및 의료용스쿠터에 반사판 설치


2. 회신내용

 - 귀하께서 제안하신 안전 표시에 관한 사항은 전동휠체어 등의 안전사고 예방에 필요한 사항으로 ｢전자의료기기 기준규격 '50. 전동휠체어 및 의료용스쿠터'｣에 따라 야외주행을 목적으로 하는 타입(등급B, 등급C)에는 전방을 향하는 주행등과 방향을 나타내는 지시등, 측면과 후방을 향하는 조명등 또는 반사경을 갖추도록 하고 있습니다.

 - 또한, 전동휠체어의 안전한 사용을 위하여 차도에서 운행하지 않고 야간에는 야간조명등 및 형광 표식 등을 사용할 수 있도록 홍보 리플렛을 제작하여 배포하였으며 동 내용은 식약처 홈페이지(www.mfds.go.kr→정보자료→일반홍보물)에서 확인할 수 있습니다.

 - 의료기기의 발전과 올바른 제도 확립을 위한 귀하의 관심에 감사드리며 추가 질의사항이 있으신 경우에는 의료기기정책과(이병천,043-230-0411,knaqua@korea.kr)로 연락주시면 친절하게 상담하여 드리겠습니다.


☆ 참고로 우리 처 홈페이지(http://www.kfda.go.kr)를 방문하시면 보다 편리하게 의료기기 관련 정보를 얻으실 수 있습니다. 많은 이용 바랍니다. 감사합니다.  끝.",20240125,2013-05-06,NA
국보 285 호 반구대암각화의 훼손과 보존을 위한 대처방안(일부자료펌),행정/자치/안전,반구대암각화.jpg,답변완료,2008-07-27,울주군,"자료출처:  kbs 방영분


종목 : 국보 제285호


분류 : 유물 / 암벽조각/ 암각화


수량 : 1 기


지정일 : 1995. 06. 23


소재지 : 울산 울주군 언양읍 대곡리 산234-1


시대 : 기타


소유자 : 국유


관리자 : 울주군


대처목적:국가유물의 보존등을  체계적으로 관리하여 유산을 후손에게 물려주는데 있다.


대처방안: kbs의 방영으로 훼손되가는 국보를 보기만 하고 있는지 안타까워 제안해본다.


                1) 우선 암각화가 침수됨으로 그훼손상태가 빨리 진행되고 있어 그것을 막아야 한다.

                    ㄱ)가두리처럼 상류측을 조사하여 물이 스미지 않는 곳과 하류측의 물이 스미지  않는  곳을 찾아  선박의 세로를 1/2로 가른듯하게 자른 면을 풍화와 녹등에 영향을 받지 않는 재료로 물의 차단을 해야 할것이다.


                    ㄴ)우천등 으로 물로 침수될것을 대비하여 집수정을 만들고 그곳에다 자동펌푸 시설 제일 하류 밑에 설치 해야 한다. (물론 지상부분을막아  비를 원천적으로 막는 방법이 더좋겠지만 )


               2) 로마처럼 유물을 대리석 자르듯이  잘라 실내 박물관에 설치하는 방법이다.



유물의 형태 : 높이 3m, 너비 10m의 ‘ㄱ’자 모양으로 꺾인 절벽암반에 여러 가지 모양을 새긴 


바위그림으로


바위그림을 일명 암각화라고도 하는데, 


암각화란 선사인들이 자신의 바램을 기원하는 마음으로 커다란 바위 등 


성스러운 장소에 새긴 그림을 말한다.


전세계적으로 암각화는 북방문화권과 관련된 유적으로 


우리민족의 기원과 이동을 알려주는 자료이다.


1960년 사연댐 건설로 인해 현재 물 속에 잠겨있는 상태이거나  가믐시에는 볼수있다고들 하


며 바위에는 육지동물과 바다고기, 사냥하는 장면 등 총 75종 200여점의 그림이 새겨져 있다.


육지동물은 호랑이, 멧돼지, 사슴 45점 등이 묘사되어 있고! 그림의 내용으론 


호랑이는 함정에 빠진 모습과 새끼를 밴 호랑이의 모습 등 각종동물들의 생태학적 활동등이


잘묘사되어 있다.  


또한 선사인들의 생활상도 고스란히 담겨져 있고


조각기로 쪼아 윤곽선을 만들거나 전체를 떼어낸 기법, 


쪼아낸 윤곽선을 갈아내는 기법의 사용으로 보아 


신석기말에서 청동기시대에 제작되었음을 알려주고 있다


선과 점을 이용하여 동물과 사냥장면을 생명력있게 표현하고 


사물의 특징을 실감나게 묘사한 미술작품으로 


사냥미술인 동시에 종교미술로서 


선사시대 사람의 생활과 풍습을 알 수 있는 최고 걸작품으로 평가된다고 한다. 


p/s :  중국의 동북공정등을 봐라! 난 실제 가봤다 그들은 유물을 보존키위해 


백성들의 배고픔의 고통은 뒤로해도 


유물관리에는 마을이 통째로 없어지곤 한다,


우리가 배울점은 바로 그런것이다. 


예산편성때 유물관리에 더많은 예산이 배정되어야 한다. 한번 사라진 유산은 다시는 


우리앞에 서주지 않기 때문이다.",,,"먼저 답변이 늦어진점 진심으로 사과드립니다.


귀하의 제안은 2008.7.27일 접수된 이후

국민권익위로부터 2009.2.9. 우리군으로 재이첩되었으나

국민권익로부터의 이첩기간이 길어져

접수현황 관리가 제대로 이루어지지 않아

답변이 늦어진 점 다시한번 사과드립니다.


암각화를 보존하기 위한 다양한 방법이 제시되었고

현재는 보존물막이 시설을 설치중으로

반구대 암각화가 보존되도록 많은 노력을 쏟아붓고 있음을 알려드립니다.


답변이 늦어진 점 다시 한번 사과드리며

귀 댁에 좋은 일만 함께하기를 기원드립니다.",20240125,2015-06-01,NA
전동휠체어,식품의약품,,답변완료,2008-07-24,식품의약품안전처,"자동차를  운전하면서  위험 하겠다는 생각이들어 제안합니다.

승용차를 운전하면서 차선변경을 위해 옆길 차선으로 진입하던중 앞서 주행중인 전동휠체어를발견하고 급정거를 하고 말았습니다.

도로 주행중에 옆차선에 있는 자동차는 제가 운전하는 차보다 동일 높이거나 높기때문에 차선을변경 하기전에 도로상황을 사전에 파악하고 차선을 변경하는데 별 어려움 없습디다.

하지만 전동 휠체어는 모든 자동차에 비해서 높이가 낮기때문에 운전자가 발견하기에 어려움이많은걸로 알고있습니다.

자동차와 함께 운행 할수밖에 없는 현도로 실정에 따르면 이러한 위험상황은 언제나 발생할수있을 거라는 생각이듬니다.

그래서 전동휠체어 뒷쪽에 승용차 높이 만큼의 경광등이 설치 부착된다면 서로의 안전에 도움이되지 않을까 생각됨니다.

요즘 부쩍 늘어난 전동휠체어의 도로운행에서 불의의 교통 사고가 발생 된다면 서로에게 많은어려움이 생기겠죠.

보다 더 유용한 방안이 있다면 빠른 시일내에 전동휠체어에 안전표시가 시행 되었으면 합니다

물론 이러한 안전표시기는 정부에서 무상으로 설치의무화 되었으면 하는 바램입니다.",,,"안녕하세요. 국민신문고를 이용해 주셔서 감사드리며 '13.4.4일자로 접수하신 제안에 대하여 다음과 같이 회신 드립니다.


- 다  음 -


1. 제안요지

 - 전동휠체어 및 의료용스쿠터를 쉽게 확인할 수 있는 표식 부착


2. 회신내용

 - 귀하께서 제안하신 안전 표시에 관한 사항은 전동휠체어 등의 안전사고 예방에 필요한 사항으로 ｢전자의료기기 기준규격 '50. 전동휠체어 및 의료용스쿠터'｣에 따라 야외주행을 목적으로 하는 타입(등급B, 등급C)에는 전방을 향하는 주행등과 방향을 나타내는 지시등, 측면과 후방을 향하는 조명등 또는 반사경을 갖추도록 하고 있습니다.

 - 또한, 전동휠체어의 안전한 사용을 위하여 차도에서 운행하지 않고 야간에는 야간조명등 및 형광 표식 등을 사용할 수 있도록 홍보 리플렛을 제작하여 배포하였으며 동 내용은 식약처 홈페이지(www.mfds.go.kr→정보자료→일반홍보물)에서 확인할 수 있습니다.

 - 의료기기의 발전과 올바른 제도 확립을 위한 귀하의 관심에 감사드리며 추가 질의사항이 있으신 경우에는 의료기기정책과(이병천,043-230-0411,knaqua@korea.kr)로 연락주시면 친절하게 상담하여 드리겠습니다.


☆ 참고로 우리 처 홈페이지(http://www.mfds.go.kr)를 방문하시면 보다 편리하게 의료기기 관련 정보를 얻으실 수 있습니다. 많은 이용 바랍니다. 감사합니다.  끝.",20240125,2013-05-06,NA
건축물 부설 주차장 설치 대수의 축소 제안(서울시 주차장 관리조례),행정/자치/안전,서신1.jpg서신2.jpg,답변완료,2008-07-17,서울특별시,"1. 2007년도에는 주차장 문제가 바로 대도시 교통체증의 해소문제와 직결된다는 서신을 보낸 바 있습니다. 그리고 일본의 예에는 들면서 주차장 상한제를 실시하지 않고, 주차장 설치의무조차 없는데, 이로 인하여 거의 모든 건물에는 지하주차장이 없어도 건축될 수 있었기 때문에, 차를 몰고 어디 가서 주차할 수 없으므로, 대도시(특히 수도권) 교통량이 극히 적어 교통체증이 없으며, 그러나 3년 전부터 신식 고층 전자상가가 한국식으로 지하주차장을 지하 5~6층을 파 놓고 자가용을 주차시키는 현상이 나타나서, 토・일요일에는 그 일대의 교통체증, 교통 혼잡이 극심하다고 한 바 있습니다.


 2. 그런데 결론부터 말씀드리면, 시장님께서 결단을 내려야 할 사항이 있습니다. 바로 “서울시 주차장 관리조례”에서 각 건축물별 주차장 설치대수를 1970년도 수준으로 낮추어야 합니다. 예컨대 업무시설(사무소용도) 근린생활시설(치과, 의원, 소매점, 기원, 기타 일부 사무소용도)등의 경우, 건축면적 150㎡당 1대의 주차장을 설치케 하던 것을 1992년도부터는 건축면적 100㎡당 주차장 1대로 하도록 주차장법 시행령을 개정하였는데, 이로 말미암아 건축할 때마다 지하주차장이 자꾸 생기게 되어, 결국 자가용 이용률을 높였습니다.

 결과적으로 서울의 자가용이용률은 세계 주요도시(유럽의 대도시 런던, 파리, 베를린, 뉴욕, L.A, chicago, 도쿄 등) 중에서 가장 교통 혼잡도가 높습니다. 즉, 대도시에 주차가 용이할수록 자가용 승용차 운행율은 높아갈 수밖에 없습니다. 서울의 자가용 교통량을 대폭 낮추려면, 시민의 반발을 사지 않고, 교통량 축소, 에너지 절감, 서울 공기질의 향상, 서울시내온도하강등을 목표로 한다면 주차장 면적을 축소해 나갈 수밖에 없다고 단언할 수 있습니다. 그러면 주차장 면적을 축소가 가능하냐? 고 반문하겠지만, 서울시 주차조례에서 주차장 면적을 대폭 낮추면, 당장 효과는 없지만 서서히 그 효과는 나타나게 되고, 시민의 반발도 없게 됩니다. 그리고 현행 주차장 조례는 기존건물의 용도 변경을 사실상 금지시키고 있는데, 이것은 엄연한 재산권 침해입니다. 부당한 주차장 조례입니다. 기존 건물에도 신규 주차장법・조례를 적용시켜, 용도 변경 시에는 주차장을 새로 설치하도록 하였기 때문에 법의 소급적용으로 재산권 침해하고 있으니, 과거수준으로 주차장을 줄여야 합니다.


 3. 그리고 주차장 면적을 대폭 낮추게 되면, 건물의 이용도가 높아지게 됩니다. 1990년도에 건축된 건물의 용도변경은 사실상 불가능합니다. 주차장법시행령, 서울시주차장관리조례에 따라, 용도변경시 현행 주차장법규에 따라, 주차장을 더 설치해야하기 때문에(현행 법국에 따른 주차장 설치가 필수적이기 때문) 현실적으로 지하주차장을 더 만들 수 없습니다. 그래서 멀쩡한 건물도 파괴하고 새로 건축하는 사례가 많은데, 자원낭비와 건축비의 낭비를 초래하고 있습니다. 

 조례는, 주차장법시행령에서 규정한 면적보다 50% 범위 내에서 가감하여 개정할 수 있으니까, 그 면적을 현행 주차대수보다 엄청나게 낮출 수 있게 됩니다.


4. 그렇게 되면, 각 건물 소유주들은 일부 주차장면적을 창고, 기타 용도로 사용하게 될 것입니다. 조례개정후, 서울시에서 주차장 축소권장광고만 게재한다면, 건물주들은 대부분 호응할 것입니다. 그리고 주차장 상한제의 기준도 줄이면, 주차장 면적을 타 용도로 강제적으로 전환케 함으로서 주차대수는 줄어들게 됩니다. 그렇게 되면, 백화점, 기타건물에서 주차대수가 줄어들게 되고, 주차가 어렵게 되면, 자연히 백화점 올 때도 자가용 이용을 줄이게 됩니다.

그리고 서울시 도로상의 유료주차장(각 구청이 운영하는 거주자 우선 로상주차장)도 줄여야하고, 불법주차단속을 현재와 같이 지속적으로 행하면 자가용 이용률이 떨어지게 될 것입니다.

그 효과는 다음으로 나타납니다.

① 교통 혼잡의 완화

② 공기오염도 감소→질병발생감소→의료비감소

③ 유료소비의 감소, 자원낭비 제거, 무역적자 감소, 국제수지개선

④ 개인의 가처분 소득증가

⑤ 건축물 이용도 향상(주차장 증설 없으므로)


 5. 지난번 백화점등 대형건물에 들어오는 차량에만, 교통혼잡비를 징수하겠다는 것은 일반인들로부터 반발을 받을 수밖에 없습니다. 특정 건물에만 적용한다는 것은 일반적이지 못하니 설득력이 떨어집니다.

 그러나, 주차장 조례에서 주차장 대수를 줄이고, 그 줄인 주차장 면적을 타 용도로 쓰도록 한다면, 이러한 반발이 없게 되고, 그 효과도 서서히 나타나고, 강제적인 자가용 금지조차 아니니 얼마나 좋은 방편이겠습니까? 뉴욕의 맨하탄에 가보면 아파트 건물에도 지하주차장이 없으며, 억만장자들도 콜택시를 이용한다는 사실을 상기하면 될 것입니다. 이것은 뉴욕시 주차장조례로 맨하탄의 대부분 토지가 주차장설치 금지구역이기 때문입니다. 그러나 우리나라는 주차장법과 그 새행령으로 주차장 설치면적을 더욱 확대하여 갔기 때문에, 서울시, 수도권에는 자가용으로 거리를 꽉 채우게 되었습니다. 이 모든 것이 공무원들의 단견에 의한 주차장확보대책에서 나온 결과적 현상이며, 한국인 전체의 어리석음입니다.

참고로, 말씀드린다면 이명박 전 시장이 불법주차단속을 상시화하고, 철저히 한 이후 종전보다 자가용운행량은 강남구의 경우 15%정도 감소했다고 느껴집니다.",,,"서울시에서는 도심․업무지역의 주차수요 억제를 위해 부설주차장 설치를 제한하는 주차상한제를 '97년부터 시행하고 있음을 알려드립니다.

불요불급한 승용차 이용을 제한하기 위해 교통수요 밀집지역인 4대문 주변 등 10개 도심․부도심 지역을 주차상한제 지역으로 설정하여 부설주차장 설치를 제한하고 있으며, 세부사항을 「서울특별시 주차장 설치 및 관리조례」 별표 3에서 규정하고 있으니 참고하시기 바랍니다.",20240125,2013-01-14,NA
국민 신문고를 알립시다,기타,,답변완료,2008-07-16,국민권익위원회,"신문고를  모르는 사람들이 너무많고

처리기간이 너무 늦어요

그리고

신문고 광고좀 해주시면 어떨련지요",,,"1. 평소 우리위원회의 발전에 깊은 관심을 가져주시는 귀하의 무궁한 발전을 기원합니다. 


        2. 귀하께서 제출하신 국민제안(접수번호 2AB-0807-002777)의 내용은 아래와 같습니다.

        가. 국민신문고 인지도가 낮고 처리기간이 너무 길다는 의견

        나. 국민신문고 광고 촉구 의견


        3. 위 제안 사항에 대하여 다음과 같이 답변 드립니다.

         가. 2007년 기준으로 대국민 국민신문고 인지도는 40%정도이나 꾸준한 홍보로 매년 지속적으로 증가하고 있고, 처리기한이 14일내에 처리하도록 되어 있는 일반민원은 평균 7일정도가 소요되어 처리되고 있음을 알려드리며, 향후에도 계속하여 처리기간 내에 민원이 처리될 수 있도록 노력 하겠습니다. 


         나. 국민신문고에 대한 대국민 인지도 향상을 위해 신문 등을 통한 광고를 꾸준히 실시하는 등 매년 국민신문고 홍보를 위해 노력을 하고 있고, 올해는 이미 상반기중에 국민신문고 홍보용 포스터 및 리플렛을 제작하여 전 행정기관과 재외공관, 주한외국대사관, 농협 및 우체국, 공항 등에 기 배부하여 홍보를 하였음을 알려드립니다. 


        4. 기타 궁금하신 사항에 대하여는 인터넷신문고과 류지호(02-360-2740)에게 문의하여 주시기 바랍니다.  끝.",20240125,2008-08-12,NA
홈페이지 개선안,기타,,답변완료,2008-07-14,국민권익위원회,"안녕하세요.


두가지 개선되길 희망


1. 나의민원에서 제목을 클릭해서 내용을 본 뒤 ""뒤로가기""를 누르면 해당 목록페이지를 볼 수 있도록 개선 희망


2. 나의민원에서 제목을 클릭해서 내용을 본뒤 목록 단추를 누르면 목록 1페이지로 이동됩니다. 이것을 해당 목록 페이지로 이동되도록 개선 희망합니다.",,,"1. 선생님께서 제출하신 국민제안(홈페이지 개선안)에 대한 검토결과를 아래와 같이 알려드립니다.


2. 제출하신 제안의 요지는 

    - 첫째, 나의민원에서 세부 내용을 본 뒤 “뒤로가기”를 누르면 해당 목록 페이지를 볼 수 있도록 개선해 달라

    - 둘째, 나의민원에서 세부 내용을 본 뒤 “목록” 버튼을 누르면 해당 목록 페이지를 볼 수 있도록 개선해 달라

   등 두 가지로 이에 대한 검토 의견을 차례로 답변 드리겠습니다.


3. 첫째, “나의민원에서 세부 내용을 본 뒤 “뒤로가기”를 누르면 해당 목록 페이지를 볼 수 있도록 개선해 달라”에 대한 검토 의견입니다.

    - 국민신문고에서는 민원인이 제출한 민원 등에 포함된 개인정보의 보호를 위해 비공개 민원 상세 열람 직전 회원 비밀번호 또는 민원신청번호를 입력받고 있습니다.

    - 말씀하신 “뒤로가기”기능은 인터넷 브라우저 고유 기능으로 현재 페이지 열람 직전 열람했던 페이지로의 이동을 의미하며 국민신문고에서 브라우저 고유 기능을 변경 제공할 수 없음을 양해하여 주시기 바랍니다.

    - 다만, 상세 페이지 열람 후 목록으로의 이동 편의성을 위해 상세보기 화면 상단에 목록 이동 버튼을 추가로 배치하도록 하겠습니다.


4. 둘째, “나의민원에서 세부 내용을 본 뒤 “목록” 버튼을 누르면 해당 목록 페이지를 볼 수 있도록 개선해 달라”에 대한 검토 의견입니다.

    - 해당 기능은 기 추진 중인 사항으로 지난 7월 31일 개선 적용되어 현재는 상세 내용 조회 후 목록 버튼을 클릭하시면 열람 중이던 목록으로 이동 가능합니다.


5. 국민신문고에 대한 관심과 의견 감사드리며, 사용자 편의 증대를 위한 개선방안을 지속적으로 검토・반영하도록 하겠습니다.",20240125,2008-08-05,NA
서울 외곽에 공용 장기주차장(주차타워)을 만들자.,행정/자치/안전,,답변완료,2008-07-11,서울특별시,"제목 : 서울 외곽에 공용 장기주차장(주차타워)을 만들자.


1. 현상 : 서울 외곽에 공용주차장이 없어 친인척모임, 개인모임, 골프모임 등 지방 출타시

   나홀로 차량으로 이동함에 따른 제반 비효율성이 발생한다.


2. 문제점 : 불필요한 차량의 이동을 줄여, 환경오염예방, 유류절감, 사고예방, 도로파손 및

   혼잡 방지 등 비효율을 줄여 국가이익에 기여하자.

   - 여러 가지 이유로 서울외곽 및 지방출타시 나홀로 차량이 다반사이다.


3. 개선방향 및 기대효과

   - 서울외곽(외곽순환도로변, 고속도로 입구 등)에 공용주차장이나 주타타워를 건설하여

     나홀로 차량을 줄임으로서 제반이익을 취하자.

     (환경오염예방, 유류절감, 사고예방, 도로파손 방지, 도로 혼잡 방지 등 다수이익 기대)

   - 요지에 공용주차장 건설후 홍보를 거치면, 활발한 사용으로 효율성은 물론 정부정책에 

     대한 호응도와 찬사의 바람은 지대할 것임을... ^^


4. 기타 참고

   - 지방 골프모임이나, 동창회 등 모임시 누구나 한번쯤은 필요성을 인지하였을 것이다.

   - 실행되어 진다면 많은 찬사(^^)를 받을 것이다.

   - 소관은 기획재정부 ?, 국토해양부 ?, 서울시 ?  ........",,,"서울시에서는 시계지역에 환승주차장을 건립하여, 자가용 차량 유․출입을 줄이고 대중교통 이용을 활성화하는 정책을 지속적으로 추진해 오고 있습니다. 구파발역, 천왕역, 개화역, 장암역 등 4개소에 대규모 환승주차장을 건설하여 운영 중에 있고, 13년에는 도봉산역 환승주차장이 완공 예정임을 알려드리니 참고하시기 바랍니다.",20240125,2013-01-14,NA
국민신문고제도의 성공적 정착을 위한 제언,기타,국민신문고제도가 성공하려면.hwp,답변완료,2008-07-07,국민권익위원회,"안녕 하십니까?

국민신문고제도의 성공적 정착을 위해 첨부와 같이 제안 하오니 선처 있으시기 바랍니다.

첨부: 국민신문고제도가 성공하려면...  1부",,,"○ 이무용님 안녕하십니까? 국민신문고에 관한 좋은 의견에 감사드립니다.


○ 귀하의 제안은 국민신문고의 성공적인 운영을 위한 방안으로서 ‘현재 민원・제안 신청 시 처리기관의 요지 파악 미흡, 불충분한 사유 제시 등으로 처리만족도가 낮으니, 제3의 기관에서 각 기관의 민원・제안 처리결과를 재심사하는 방안을 강구하자’ 는 것으로 이해됩니다.


○ 먼저 민원에 관하여 답변 드리자면, 

- 각 기관의 민원처리결과가 불충분하다고 느끼신다면 국민신문고「한마디 더」코너에 처리결과에 대한 불만사항을 입력하실 수 있으며, 이에 민원처리담당자가 다시 검토하여 추가 답변할 수 있는 서비스가 이미 구현되어 적용되고 있습니다. 또한 추가답변 실시여부에 대해서는 국민신문고 운영・관리기관인 우리 위원회에서 기관별 국민신문고 민원처리실태 평가항목으로도 적용하여 관리하고 있습니다. 

- 추가답변에도 불구하고 민원처리결과에 대하여 만족하지 못하실 경우에는 국민권익위원회를 대상으로 다시 민원을 신청하실 수 있으며, 관련 민원조사부서에서는 고충민원으로써 처리여부를 재검토하고 있습니다. 


○ 국민제안에 관하여 답변 드리자면, 

- 민원사무 중 하나로 ’06년에 그 구체적인 사항을 규정한「국민제안규정」을 제정하여 운영되고 있으며, 현재 발전과정 중에 있는 제도라 할 수 있습니다. 이에 민원사무분야의 ‘국민권익위원회’ 와 같은 2차 처리기관이 설치되어 있지는 않으나, 기관의 자체적인 재심사 노력 및 우리 위원회의 운영실태 점검 등을 통하여 국민의 소중한 아이디어를 적극적으로 수용하고자 노력하고 있습니다.


○ 위와 같은 사유로 이무용님께서 제안하신 내용은 현재 시행중인 사항에 해당하여 새로운 아이디어를 수용하는 개념의 ‘채택’ 으로 처리하지 않음을 헤아려 주시기 바라며, 민원・제안업무에 관한 국민만족도를 높이기 위해 지속적인 개선노력을 기울이도록 하겠습니다.


○ 추가로 궁금한 사항이 있으시면 국민권익위원회 인터넷신문고과 박대근(02-360-2748), 민원제도개선과 양은경(02-360-2878)로 연락주시기 바랍니다. 감사합니다.",20240125,2008-08-07,NA
정부가 솔선수범,기타,,답변완료,2008-07-02,국민권익위원회,대한민국 정부 신문고에 입회하려면 한글아이디를 사용 못합니다. 정부는 대한민국의것을 사랑하고 아껴야 겠지요? 부가 설명 필요 없지요?,,,"1. 신청하신 국민제안(정부가 솔선수범)에 대한 검토결과를 아래와 같이 알려드립니다.


2. 제출하신 제안 요지는 국민신민고 회원 아이디를 한글로 입력할 수 있도록 개선해 달라는 것으로

   - 현재 국민신문고 시스템은 완성형 한글 코드(EUC-KR)를 사용하도록 기본 설정되어 있어 윈도우 XP 등 유니코드(UTF-8)를 사용하는 PC에서 입력하는 한글 중 완성형 코드에서 지원하지 않는 일부 글자는 깨져 보일 수 있습니다.

   - 이에 따라, 회원 아이디를 한글로 입력할 경우 글자가 깨져 보이는 등의 오류가 발생할 가능성이 있어 영문과 숫자만으로 사용하도록 제한하고 있습니다.

   - 제안하신 한글 아이디 도입은 국민신문고 전 시스템 설정 변경 및 테스트가 필요한 사항으로 중・장기적으로 검토하도록 하겠습니다.


3. 국민신문고에 대한 관심과 의견 감사드리며, 사용자 편의 증대를 위한 개선방안을 지속적으로 검토・반영하도록 하겠습니다.",20240125,2008-07-14,NA
지적법상 합병조건의 비합리성,국토/교통/농림/해양,,답변완료,2008-07-01,국토교통부,"지적법시행령 제15조(합병신청)2항 

1호--합병하고자하는 각필지의 지적도 및 임야도의 축적이 서로 다른 경우--삭제 

삭제이유--축적은 지금 기술로 동일하게 얼마든지 맞출 수 있는데 왜 필요한지? 

그리고 국가행 정부에서 맞추어 주어야지 민원인도 축적을 환산 할수 있는데.. 

옛날 관행식 사고가 아닐까요? 

5호--토지의 소유자별 공유 지분이 다르거나 주소가 서로 다른경우--삭제 

삭제이유--소유자별 소유지분은 지분비와 면적비의 환산이 각각 가능한데 왜 못하는 

지? 그리고 소유자 주소는 주민등록 번호나 여권 번호등으로 이민일때도 

본인확인 되면 권리가 보장 되는데 뭐가 또 필요한지?--구태의연한 행정방 

식 이 아닐까요.? 

이상 합병/ 분할에서 지금 시대에 모든 정보가 확실한데 왜 필요이상의 행정규제로로 국민들을 힘들게 만드는지요?. 등기법도 이렇게 고쳐도 모든 권리행사도 다 보장 되는데.. 

조속히 서투런 구법의 관행을 고쳐서 국민들의 불편을 덜어주시길 바랍니다",,,"* 신기간님의 토지합병제도 개선에 대하여 답변 드립니다.


* 제안1) 합병하고자하는 각필지의 지적도 및 임야도의 축적이 서로 다른 경우 


  검토결과) 임야대장 및 임야도에 등록된 토지를 토지대장 및 지적도에 옮겨 등록하는 것을 등록전환이라 합니다. 등록전환을 하기 위하여는 반드시 지적측량을 실시하고 그 측량성과의 정확여부를 지적소관청이 검사하여야 합니다. 만일 등록전환될 면적이 임야대장에 등록된 면적의 오차 허용범위를 초과하는 때에는 임야대장에 등록된 면적 또는 임야도에 등록된 경계를 정정한 후 등록전환을 하여야 합니다. 예를 들자면, 임야도에 등록된 토지는 면적등록 최소 단위가 30평(1무)이며,  먼적 등록된 지적도상 등록된 토지와 그 경계를 확인하여야 하므로 반드시 등록전환 측량을 실시하여야 하므로 합병을 할 수 없습니다.


* 제안2) 토지의 소유자별 공유 지분이 다르거나 주소가 서로 다른경우


   검토결과) 합병을 하려는 토지가 공유토지로서 공유자별 지분이 각각 상이한 때에는 합병등기를 할 수 없기 때문에(법원행정처 등기선례) 소유자가 동일하더라도 합병할 수 없습니다. 또한 주소가 다른 경우에는 먼저 관할 등기소에서 주소변경등기를 하여야하며,  이러한 주소변경 등기는 토지소유자만이 할 수 있습니다. 


* 참고로, 지적제도와 등기제도가 100여년을 유지, 발전시켜 오면서 불합리하거나 현실을 반영하지 못한 규정에 대하여는 꾸준하게 개선시켜 왔습니다. 제안하신 내용과 같이 합병제도 및 합필등기제도에 문제가 없는지에 대하여 법원행정처와 지속적으로 협의, 검토하겠습니다. 감사합니다.",20240125,2013-07-30,NA
국민신문고 : 미원처리결과만족도조사,기타,,답변완료,2008-06-23,국민권익위원회,"♠ 민원처리과정에 대해 불만이 있으신 경우, 사유를 선택해 주시기 바랍니다.   

  ○ 불친절・불성실한 민원처리자세 

  ◉ 불합리한 제도 

  ○공정성 결여 

  ○민원처리 신속성 저하 

  ○민원 이해 부족 


=제안이나 민원 처리후 민원처리결과 만족도조사에서


 위 항목에 대해 평가중  잘못 클릭을 해 표기가 되었는데 지워지지가 않아 잘못하면 불만 처리로 전달될 소지가 있습니다.


위 항목에 대해서는 한번 클릭을 잘못했을때 한번더 클릭을 하면 지워지도록 하는것이 좋을것 같습니다.


위 항목외 3가지 항목에 대해서는 항목중 한가지를 선택하면 자동적으로 하나만 선택하게 되어 있습니다. 


현재는 잘못지적한 것을 지우려면 등록하기 전 다시 처움부터 다시해야하는 불편함이 있었습니다.",,,"선생님께서 제안한 “국민신문고 민원만족도조사 시 불편사항 개선의견”에 대한 검토결과를 다음과 같이 알려드립니다.


                                              - 다 음 -

      ○ 국민제안 내용 

        - 민원인이 국민신문고를 통해 민원처리결과를 확인 후 만족도 조사항목에 답할 경우 마우스조작 실수 등으로 불만족 사유를 체크하면 이를 수정하지 못하고 다시 만족도조사 화면에 접속해야만 하는 불편사항 개선안 제출

      ○ 검토 결과

        - 국민신문고 민원만족도 조사 시 민원인의 불편사항이 발생할 수 있어 불만족사유 조사항목에 체크한 내용을 초기화할 수 있는 기능 도입 

        - 조치 시한 : 2008.7.25(금)  끝.",20240125,2008-07-17,NA
중국과 한국을 육로로 연결하는 고속철도 와 고속도로 연결제안,국토/교통/농림/해양,해외출원비용지원신청서 지금당장 제도개선앙청올림    2008    06   19목.txt이 명박 대통령님에게 9988중소기업진화를 앙청올립니다      2008  06   01일.txt경남도청    비전과 계획을 수립하고 지금당장 행동으로 추진하여 주십시오   2008  06  22일.txt진해시청    비전과 계획을 수립하고 지금당장 행동으로 추진하여 주십시오   2008  06  20금.txt,답변완료,2008-06-22,국토교통부,"항상 건강들 하십시오!



******************************



* 제목 : 


중국과 한국을 육로로 연결하는 고속철도 와 고속도로 연결제안




*******************************



* 1 수신 : (존경하는) 이 명 박 대통령님. 귀하.


* 2 수신 : 구토해양부. 귀중.



*******************************



* 서론 :



- 일본! 과 한국! 을 연결하는 ""해저터널""은 수십년 전부터 거론되고 있습니다.


- 한국! 과 중국(대륙)! 을 연결하는 ""해저터널""도 최근에 거론되고 있습니다.


하지만 현실적으로 ""해저터널""은 엄청난 건축비용이 투입되고; 유지 및 운영에도 엄청난 비용이 투입됩니다.


천만다행이 북한! 은 중국! 의 눈치를 정말정말 많이많이 봅니다.



- ""한반도 대운하!(포기) = 한반도 관광대운하!(선택?)"" 도 못 한다는 상황??? 입니다.





*************************************



* 결론 :



중국 과 한국을 연결하는 고속철도 와 고속도로 연결로; 한국과 중국의 거대한 토목공사에 따른 건축경제으로 양쪽국가 모두가 경제적 부흥을 이룰 수 있고;

완공 후에는 한국과 중국에게 획기적인 이익을 가져다 줍니다.

""해저터널"" 비용의 10% 정도로 육로연결을 할 수 있습니다.

중국은 북한을 움직일 수 있는 지구촌의 유일한 국가 입니다.





**************************************




* 본론 :



중국! 과 한국! 에도 모두가 엄청난 이익이 되고; 북한! 에도 큰 이익이 됩니다.

중국이 북한을 반드시 설득할 수 있습니다.

같은 동포인 한국 말은 안 들어도; 중국말은 북한이 반드시 듣습니다.


한국 에서 중국 대륙까지 가장 짧은거리의 육로지점(보기 : 한국의 A지점 과 중국의 B지점을 북한의

육로를 관통하여 연결함)을 설정하여

그 땅(예시: 고속철도! 와 고속도로! 를 놓을 수 있는 땅으로; 가로 100m ~ 200m 정도)을

한국(남한)! 과 중국(중국대륙)! 이 북한! 에 큰 돈을 주고 구입하는 것입니다.

물론 고속도로 및 고속철도; 중간중간의 서너곳에 휴게소 및 화물차량 및 관광차량 정비&주차용 넓은 땅도 마련되어야 합니다.


북한은 이 땅을 판 큰 돈으로 북한 자국의 경제적 궁핌을 해결할 수 있습니다.

한국 과 중국은 ""해저터널"" 이 필요없이 ""육로로 고속철도 와 고속도로"" 를 놓을 수 있습니다.


북한이 이 땅의 구분(보기 : 북한 지역 및 주민과의 분리)을 원한다면;

5m 정도의 담장(소음흡수기능이 포함된 높은 격리용 담장)을 쌓으면 될 것입니다.


이 땅 과 고속철도 및 고속도로 구입 및 건축비용은; 한국이 50% 부담하고; 중국이 50% 부담 합니다.


현재 구상되는 한국과 중국의 ""해처터널 비용의 10%만? 으로 땅구입과 고속철도 및 고속도로 건축"" 이 가능하다고 사료됩니다.



- 이 한국과 중국 연결 고속철도 및 고속도로 건축으로; 한국(우리조국)은 거대한 토목공사로 신규고용 및 경제성장도 이룰 수 있는 제안! 입니다.


- 이 한국과 중국 연결 고속철도 및 고속도로가; 한국(우리조국)과 중국의 경제적 부흥을 획기적으로 가져다 줄 것입니다.





*****************************************




그럼 이만 줄입니다.

2008년   06월   22일.   일요일.   오후 10시 50분.

이향제.    올림.",,,"먼저 국가 정책에 관심을 가져 주시고 정책적 제안까지 해 주신 점에 대해 감사의 말씀을 드립니다.

제안하신 한중간 고속철도 및 고속도로 건설 등과 관련하여서는

외교적 사항으로 우리부가 단순히 추진여부를 판단하기 어려우며

국민감정 및 상대국과의 공감대 형성이 필요하며

다양한 외교적 문제를 종합적으로 고려하여 결정해야 할 문제라고 사료됩니다.

현재까지 정부차원에서 동 사항에 대한 검토계획 및 추진검토는 없으나

향후 동 사항을 검토하게 될 경우 제안하신 내용을 꼭 포함하여 검토하도록 하겠습니다.


감사합니다.

추후 궁금하신 사항이 있으시면 아래 주소로 연락주시기 바랍니다.

국토교통부 종합교통정책과

044-201-3788

김태경",20240125,2013-06-21,NA
망우리 공동묘지를 이젠 정리하여 다른 용도로,행정/자치/안전,,답변완료,2008-06-17,서울특별시,"안녕하세요.

항상 국정에 힘써주신 공직지 여러분께 감사드립니다.

제가 관심같고 생각한 제안을 검토 하시여

조금이나마 국가발전에 도움이됬으면 합니다.


 현재 망우리 공동묘지가 1933년에 조성되어 

1973년에 만장된 어 53만평 거대한  금싸라기 땅으로 되어있지요

1073 년 만장되어 있을당시 6 만기가 매장되어 있었고  현재는  

후손들이 이장 하여 3 만기가  있다고 함니다  


매장된지 오래된 묘지중 후손들이 찿지않아 방치한 묘지도 많다고하네요

그러나 이곳에는 독립유공자 .문인.등 우리후손들이 간직해야할

묘지도 산재하여 있습니다


이묘지를 이젠 정리 할시기라 생각되네요  이곳에 묘지를 정리하여 

대단위 아파트를 건설하여 국가공사업에 쓰고 그고에 보전 할수있는 묘지를 공원으로

조성하여 학생들 체험 학습장으로 활용하고 현재 남은 3 만기는1 년서 3 년 동안은국가에서 무료로 개장해주고  4 년에서 7 년 까지는 국가에서 납골당을 무료로 조성해주고 나머지      정리안된 묘지는 수도권강제로 이장하고 이곳에는 우리가 보전해야할 묘지만 공원으로 

조성하면 수도권 택지도 조성되고 남은 수익금으로 국가발전에 쓰여졌으면 어떨까 제안합니다",,,"좋은의견 감사합니다.

저희 서울시에서도 망우리묘지, 용미리묘지 등을 정리하여

토지활용방안에 대하여 연구하고있음을 알려드립니다.",20240125,2013-01-11,NA
신문고 회가입 절차상의 문제점 개선방향 제안,기타,,답변완료,2008-06-10,국민권익위원회,"1. 아이디(대명)을 한글로 할수 있도록 시스템 개선요망

  *영자로 가입하는 것의 불합리한 점

   ㄱ.노년층과 이땅의 건설인력의 60%를 차지하는 블루칼라 진짜 노동자들은 영어에 익숙치

        않다

    ㄴ.사회소외계층들====>영어를 모른다.

    ㄷ.제일 큰 문제 입니다만, 세종대왕의 혼이 슬퍼 하십니다. 한국사람은 한국말을 써야 합

         니다.

2. 비밀번호는 되도록 영자 혼합없이 네자리 숫자 이내로 처리되는 시스템이 적당 합니다

    *통장비밀번호도 네자리에서 여섯자리로 늘어남에 따라 헷갈리는 현실 입니다

      거기에다 카드 비밀번호...조합하면 통장숫자가 네개 이상만 되어도 헷갈리는데요

      인터넷홍수 시대에 가입하는 곳 마다 비밀번호...관리 어렵습니다

      공무원들이 운영하는 곳이 민간이 만든 시스템 카피해서 쓴다는 것은 일을 관리자 편의 

      위주로 하겠다는 것과 마찬가지 입니다.

      무한경쟁 시대에 철밥통은 사라져야 합니다.

      시스템 개발하는 것 어렵지 않습니다. 용역만 주어도 눈에 불 켜고 달려들 실력자들 많습

      니다.",,,"1. 제출하신 국민제안(신문고 회원가입 절차상의 문제점 개선방향 제안)에 대한 검토결과를 아래와 같이 알려드립니다.


2. 제안 요지는

    - 첫째, 회원 아이디를 한글로 입력할 수 있도록 개선해 달라

    - 둘째, 회원 비밀번호는 네 자리 숫자로 관리할 수 있도록 개선해 달라

    등 두 가지로, 차례로 답변 드리겠습니다.


3. 첫째,‘회원 아이디를 한글로 입력할 수 있도록 개선해 달라’에 대한 답변입니다.

    - 현재 국민신문고 시스템은 완성형 한글 코드(EUC-KR)를 사용하도록 기본 설정되어 있어 윈도우 XP 등 유니코드(UTF-8)를 사용하는 PC에서 입력하는 한글 중 완성형 코드에서 지원하지 않는 일부 글자는 깨져 보일 수 있습니다.

    - 이에 따라, 회원 아이디를 한글로 입력할 경우 글자가 깨져 보이는 등의 오류가 발생할 가능성이 있어 영문과 숫자만으로 사용하도록 제한하고 있습니다.

     - 제안하신 한글 아이디 도입은 국민신문고 전 시스템 설정 변경 및 테스트가 필요한 사항으로 중・장기적으로 검토하도록 하겠습니다.


4. 둘째, ‘회원 비밀번호는 네 자리 숫자로 관리할 수 있도록 개선해 달라’에 대한 답변입니다.

    - 국민신문고는「국가 정보보안 기본지침」제41조 3항(비밀번호는 다음 각 호 사항을 반영하여 숫자와 문자, 특수문자 등으로 8자리 이상으로 정하고)에 의거하여 가입 회원의 개인정보 보안을 위해 비밀번호 체계를 영문, 숫자 혼용 8자리 이상 12자리 이하로 정하고 있습니다.

    - 비밀번호를 기억하기에 다소 불편한 점이 있을 수 있으나 개인정보의 도용이나 노출 위험으로부터 보호하고자 하는 조치임을 양해하여 주시기 바랍니다.


5. 국민신문고에 대한 관심과 의견 감사드리며, 사용자 편의 증대를 위한 개선방안을 지속적으로 검토・반영하도록 하겠습니다.",20240125,2008-07-04,NA
천안시 노인복지 항샹 방안 ,행정/자치/안전,,제안심사,2008-06-07,천안시,"현재 천안에 65-84세인 어르신들의 인구는 36760명이고

이 어르신들이 찾아가 쉴 수 있는 복지관에 수용가능한 인원은 1740명입니다

천안 어르신 인구의 4%밖에 안되는 미비한 수준입니다.

복지관을 짖는데 얼마 만큼의 예산이 들어 가는지 잘 모르겠습니다. 

천안의 예산에 여유가 없어 돈을 모아야 한다면 

이런 방법은 어떨까요?

천안에는 대학이 많습니다. 

대학내 공연이 가능한 동아리가 공연을 하고 모금활동을 하는 것입니다.

그리고 노인들도 뭔가를 배워서 공연을 하고 모금활동하는 것

요즘에 김치를 못 담는 주부들이 많은데 

그런 주부들을 노인들이 김치담는 법을 알려 주고 

직접담가 보고 체험료를 내는 것입니다.",,,NA,20240125,NA,NA
자체발광 안내/홍보 표지판,행정/자치/안전,경찰야간.JPG경찰주간.JPG한전전봇대표저후.JPG행사장.JPG한전전봇대표지.JPG,제안심사,2008-06-05,경찰청,"현제 안내/홍보 표지판은?


 일반 제품으로 이루어져 있어 야간에 가시성이 없음.


 이미지 없이 문자로만 표현되어 있어 친근감을 유도 할 수 없음.



귀사 제품은?


 현재 시장에 공급되고 있는 일반 소재와는 다른 최첨단 소재로서 전력 소모 없이 자동차 전조등이나 주위 조명만으로 발광하여 24시간 어디서든 뛰어난 가시성을 확보하는 획기적인 기능성 소재입니다.


 전력을 사용하지 않고 자동차 전조등이나 부변 조명을 활용하여 안내/홍보 표지판 이미지를 어둠속에서 아주 밝게 반사 시킴으로써 야간에 고가로 낭비되고 있는 에너지를 적약하고 뛰어난 야간 가시성을 발휘함은 물론 어두운 환경에서 환하게 발광되는 이미지로 광주광역시에 대한 인지도를 높여 줍니다.


제품의 기능 및 효과


 별도의 전력 연결 없이 주위의 빛과 조명 자동차 전조등에 의해 빛을 발산하므로 전기사용에 필요한 인력 설치 비용 유지비 절감 및 에너지 절약 효과가 있습니다.


 주간에는 일반적인 제품과 같은 효과를 볼 수 있고 야간에는 귀사 제품만의 특수한 보명 효과를 발휘하므로 24시간 안내 효과를 아름답고 선명한 칼라구현으로 할수 있습니다.


 250m 이상 야간 가시 거리 확보가 가능하고 야간에 일어나는 안전사고 예방 효과에 뛰어납니다.",,,NA,20240125,NA,NA
자전거 출퇴근 활성화 아이디어,행정/자치/안전,,답변완료,2008-06-04,서울특별시,"자전거로 출퇴근을 4년 정도 하면서 느낀 점을 몇 자 적어 정책에 반영하는데 조금이나마 도움이 됐으면 하는 마음에 몇 자 적어봅니다,

기름 값은 하늘 높은 줄 모르고 오르는데 출, 퇴근길에 보면 아직도 나홀로 차량이 많이 있습니다, 그 차량을 자전거로만 돌려도 기름절약에 교통도 수월해지고 서민들의 지갑도 가벼워 질것 같습니다, 제가 자출를 타인에게 권장할 때 마다 걸림돌로 많은 사람들이 이야기 하는 것과 제가 느낌 점을 몇 자 적어봅니다, 귀찮으시더라도 제발 일어보시고 반영해 주셨으면 합니다,


자출의 걸림돌과 해결책(예산이 많이 들지 않는 사항부터 적어보겠습니다,)


1.자전거를 타면 땀이 많이 나는데 샤워 할 곳이  없다,

 (자전거를 타고 출퇴근을 하면 땀이 많이 나는데 퇴근은 집에서 하면 되는데 출근이 문제입니다, 우리 정부 관공서부터 관공서 안에 조그마한 샤워 시설을 의무화 한다면 많은 사람공무원이 자출에 동참 할 것입니다, 대기업은 직원 복지 차원에서 샤워 시설의 권장하시고 약간의 지원도 해주면 좋겠지요, 큰돈도 들지 않을 것입니다 . 층별로 몇 개씩 있는 화장실을 한 칸씩 샤워장으로 개조만 해도 가능한 일이지요. 작게 시작해도 샤워시설이 모자라 확충을 하더라도 그것은 국민들의 자전거 인구가 늘어나는 것이니 더 확장을 해도 좋은 일이지요. 출근해서 땀나는 몸으로 일을 할 수는 없지요. 자전거 도로 확충보다 선행되어야 할 일입니다, 자전거 도로만 만든다고 자전거 인구가 늘지는 않습니다, 기반시설을 보안해야 한다고 봅니다,0


2.자전거 보관

(자전거로 출퇴근을 하다보면 생활자전거로는 가능 하지 않습니다, 자전거도 약하고 잘나가지가않아서 근방 고장이 납니다, 보통은 50만원은 넘어야 가능 합니다, 조금 저렴한 것 도 가능하기는 하지만 제가 해본결과 50만원이 넘어도 휘발유비용과 교통비 따지면 이익입니다,

우리나라는 자전거 보관대가 도로 옆 밖에 있지만 분실 위험에 노출되어 있고 실제로 자전거 도난이 너무도 많이 일어나기 때문에  건물 내의 주차장 몇 칸을 자전거 보관대를 설치 해주시면 마놓고 출퇴근이 가능하리라 봅니다, 자전거는 자동차와 달라 바닥에만 놓는 것이 않이라 벽면에 봉만 설치해도 벽에 걸어도 되고 천장에 봉만 연결하면 10평이면 100대도 가능 합니다 . 큰 돈 들지 않습니다, 효과는 정말 클 것 같습니다,아끼는 자전거 도난당하면 정말 난감합니다, 자꾸 사기도 어렵습니다, 자전거 도난방지 대책도 시급 합니다, 실내의보관이 가장 좋습니다,)


3.자전거가 위험하다, 

3번이 가장 걱정이고 예산도 많이 들것이라고 생각 합니다, 아무래도 자동차와 같이 달리는데 위험하기는 합니다, 그렇다고 우리나라의 자전거 전용도로를 인도로만 만들어 져서 인도로만 다니라는 것은 바쁜 출퇴근 시간에 무리입니다, 자동차와 많이 겹치지 않게 지금 있는 한강의 자전거 전용도로와 양제천 ,탄천 ,중량천 등 각 하천을 잘 이용하여 도로와 연결하면 보다 안전해 질 겁니다, 버스 전용차로도 만들었는데 더욱 파급효과가 클 것 입니다, 자전거 전용도로는 차도 옆으로 1미터만 내주시면 가장 좋습니다. 도로 폭이 넓은 곳부터 차례로 설치 하다보면  엄청난 효과가 있을 것입니다,)


자전거로 출퇴근은 해보신 분들은 아시겠지만 건강에도 좋고 대중교통보다 빠르기 때문에 가족과 보낼 시간도 많습니다, 따로 운동할 시간은 필요 없습니다. 정부도 향우 유가 급등과 환경, 국민건강, 교통대란, 모든 정책에 도움이 됩니다, 국민이 건강해지면 건강 보험적자도 줄고 자동차 운행이 줄어드니 자동차 보험사도 손실이 줄고 얼마나 이득입니까.

그 어떤 정책보다 우선해야 한다고 주장 합니다, 모든 국민이 자전거 출,퇴근 활성화대책은 환영 할 것입니다, 우선 1. 2 번만  먼저 해주셔도 많은 시민이 동참할 것입니다, 그 대신 많은 홍보도 해주셔야  합니다, 1.2 번은 제가 출퇴근 하면서 가장 어려웠던 것 입니다,한 시민으로써 제가 경험하고 느낀 점을 정책에 조금이나마 도움이 되면 좋겠다는 마음으로 몇 자 적어 봅니다, 감사 합니다,",,,"이강호님 안녕하십니까?

자전거 출퇴근하시면서 느꼈던 자전거이용시설 설치요청에 대한 정책제안 잘 받아보았습니다.

우리시에서는 자전거가 교통수단으로 활용될 수 있도록 많은 정책을 펼치고 있습니다.

이강호님께서 제안하신 내용은 충분히 검토해볼만한 사안이라고 판단되어 장기적이고도 꾸준히 시행하여 나갈 계획임을 알려드립니다.


1. 자전거 이용편익시설인 샤워실 설치요청에 관하여 답변드리겠습니다.

우리시에서는 지하철역 주변 환승센터에 자전거 보관시설과 더불어 샤워실을 설치하고 있습니다.

아직 많은 지역에 설치되지 않았습니다만 꾸준히 설치하여 나갈 계획입니다.


2. 안전하게 자전거를 보관할 수 있는 편익시설은 지하철역 구내 내지 주변에 밀폐형 보관함을 운영하고 있습니다.

현재 서울시내 18개역 410대를 주차할 수 있습니다. 또한 신도림역 등 8개역에 약2,000여대를 주차할 수 있는

건물형 자전거주차장을 설치하고 운영하고 있습니다. 자전거로 타 교통수단과 환승하실수 있도록 지하철역 위주로

밀폐형 보관함을 설치, 운영하고 있사오니 이점 참고하시기 바랍니다.


3. 자전거도로의 지속 확충계획에 대하여 답변드리겠습니다.

현재 서울시는 차로상 자전거도로를 90km를 설치운영하고 있으며, 앞으로는 경춘선, 경의선 폐선부지 활용,

도시계획 변경이 수반되는 사업추진시 자전거도로 확충 등 자전거도로 설치를 위하여 부단히 노력하겠습니다. 


자전거정책에 많은 관심을 가져주시고 아낌없는 조언을 하여 주신 이강호님께 진심으로 감사드립니다.

댁네 가정에 늘 평안과 행복이 가득하시길 기원합니다.",20240125,2013-01-14,NA
어린이 후문 주차장 위에 노인체력장 건설,행정/자치/안전,제안1.jpg제안2.jpg,답변완료,2008-05-22,서울특별시,"개요-노인어른들이 갈 곳과 쉴 곳 없고 건강관리도 마음대로 할 수 없어 노인 본인이나 가족에게도 경제적, 정신적,    

       육체적, 심리적 고통이 많아 고통의 짐을 조금이나마 덜어드리기 위함.

현황-경제적으로 어려움이 있거나 가족 또는 주위에서 돌보아주시는 분이 없는 분들은 참기 어려운 고통을 참아가며

        살고 있음.

        노인 분들이 동묘공원에 집중적으로 모여 장기와 바둑으로 소일을 하시는 분, 술로 인생을 한탄하며, 싸움, 장

        소 불문 대소변 등 온갖 추태로 개인 명예는 물론 국가 망신을 자초하고 있으며, 춥거나 눈비가 올 때는 지하철 1

        호선 3가역 대합실로 모여 밤늦게까지 차마 눈 뜨고 볼 수 없는 행동들을 많이 하고 있음.

대책-어린이대공원 후문 주차장 위에 건축법, 주위환경 안전성 등을 고려 66㎡를 2층으로 올려(1층은 현행대로 주차장

        으로 사용) 헬스기구 사용(1회 사용료: 1천원) 하도록 제반 설비 완료[전문강사: 박항규: 경력: 20년: 자격: 연세

        대 사회교육원 척추교정(스포츠마사지: 1997년 자격증 소유)]

효과및결과-저렴한 가격으로 건강을 유지할 수 있으며, 공원에서 휴식도 충분히 취할 수 있고, 건전한 놀이문화로 소일

       과 많은 사람들과 대화로 정신건강을 되찾아 본인과 가족에게 행복한 웃음을 주고, 교통여건이 좋아 활동하기에

       편리하고, 동묘공원의 집중현상을 동서로 분산, 안전성에도 유익하며, 막대한 사회적 비용도 절약되고, 노인 어르

       신들의 삶의 질이 향상되리라 사료됨.",,,"먼저 시스템 오류로 인해 답변이 늦은 점 진심으로 사과드립니다.

시민들의 복지향상을 위한 박항규님의 의견은 감사히 들었습니다.

해당 체력장 설치는 관련 법률과 예산 확보 가능성에 대해 좀 더 면밀한 검토가 필요함을 알려드립니다.

더욱이 주차장이란 시설의 특성상 자동차의 진입과 이동이 잦고 이로인해 어르신들의 안전에 위협이 되지않는지 일선에서 근무하시는 관리자분들과 주차장 이용 시민들의 의견 등도 수렴하여야 하겠습니다.

박항규님이 주신 고마운 의견은 차후 서울시 복지 향상을 위한 정책등에 참고토록 하겠습니다.

항상 박항규님 가정에 행복이 깃들길 바라겠습니다.",20240125,2013-01-24,NA
대중교통 갈아타기에 대해...,행정/자치/안전,,답변완료,2008-05-20,서울특별시,"안녕하세요. 얼마전까지 북미를 여행하고 왔는데요. 우리 나라에는 없는 것이 있더군요. 버스나 지하철을 탈때 현금을 내면 다른 대중교통수단으로 갈아탈때 돈을 또 내야하는 점이 그 전에는 아무렇지 않았으나 여행후 세삼 부담으로 다가 오더군요. 우리나라야 지하철이 서울에 워낙 잘 되어있고 내국인이야 모 버스카드쓰고 한다지만 가끔 쓰지못하는 경우(깜빡하고 챙기지못하거나 하는 경우)도 있을 것이고 특히나 외국 관광객들이 이용할때 그들로써는(특히 미국이나 캐나다) 이해할 수 없을 거라 생각했습니다. 버스탈때 시간 적힌 조그만한 종이 한장 찢어주면 가능할 것 같은데요. 

참고하세요.^^",,,"김성은님 안녕하십니까?


   2011년 12월 28일 국토해양부가 서울시와 한국스마트카드와 함께 발행한 ‘엠패스’는 수도권의 지하철, 버스, 공항철도 등을 연계한 대중교통 정기이용권으로, ‘메트로폴리탄 패스(Metropolitan Pass)’의 약어인 외국인 전용 정기권 교통카드를 발행하고 있습니다. 수도권을 방문하는 외국인 관광객의 교통 편의를 위한 ‘엠패스’는 서울 1~9호선, 인천지하철, 공항철도 등 수도권 전철을 하루 최대 20회까지 이용할 수 있으며, 공항 내 관광안내센터 등에서 구입이 가능합니다.

 이미 외국인을 위한 정기권이 출시되어 귀 하의 제안을 채택할 수 없음을 안타깝게 생각하며 앞으로도 시정에 많은 참여와 관심을 부탁드리며 김성은님의 건강과 가정에 행운이 함께 하시기를 기원합니다.  감사합니다.",20240125,2013-02-04,NA
신문고 민원처리 관련입니다.,기타,,답변완료,2008-05-16,국민권익위원회,"계약관련등으로 신문고를 한번씩 이용하는데 

질의회신을 제출하여야 하는 경우가 한번씩 있읍니다

인쇄할때 화면 맞추는 등의 절차가 복잡합니다.

신문고 민원처리 결과의 내용만 인쇄할수 있게 

인쇄관련 옵션을 추가해주시면 좋겠읍니다.",,,"1. 제출하신 국민제안(신문고 민원처리 관련입니다.)에 대한 검토결과를 아래와 같이 알려드립니다.


2. 제안 주신 내용은 “민원 처리 결과의 인쇄 기능을 추가해 달라”는 것으로

    - 처리결과 화면 전체가 아닌 민원 내용과 처리결과만 따로 인쇄하는 기능을 2008년 7월까지 반영하기 위해 추진 중에 있습니다.


3. 국민신문고에 대한 귀한 의견에 감사드리며 앞으로도 보다 나은 서비스 제공을 위해 노력하겠습니다.",20240125,2008-06-02,NA
1AB-0805-002431과 관련입니다,법제/사법,법제운영규정개정 청원2.hwp,제안심사,2008-05-16,법제처,"현행의 법제업무운영규정 제26조에서는 각각의 법률을 주관하는 최고행정기관의 잘못된 유권해석에 대하여 민원인도 정부유권해석인 법제처의 법령해석을 요청할 수 있는 권리를 부여하고는 있으나, 최고행정기관들은 유권해석을 잘못한 사실에 대한 과오를 은폐하기에 급급한 나머지, 민원인이 법제처의 법령해석을 요구하자 민원인 개인에게는 민원인의 주장이 옳다고 답변하고서는 현행법령에 위배되는 기존의 유권해석이 틀린 것임을 알리지 않아 기존의 잘못된 유권해석대로 법률이 오집행 되는 사실을 방치한 채 잘못된 유권해석의 효력을 그대로 유지하고 있는 위법・부당한 처리를 하고 있어 그 실효성이 전혀 없으므로, 최고행정기관의 유권해석이 틀렸다고 판단되는 경우 민원인이 그 최고행정기관의 관련 근거를 명확히 하여 법제처의 법령해석을 직접 요청할 수 있도록 개정하여 주실 것을 청원하는 바입니다.

  민원인이 법제처 법령해석을 요청할 경우 반드시 최고행정청을 통하도록 한 취지는, 무분별한 해석요청을 방지하기 위한 취지로 보이는데, 법령해석이란 법률조문의 의미에 관한 해석으로 한정이 되고 사실관계에 대한 확인은 제외 될 수밖에 없는 것이며, 또한 반대되는 내용의 최고행정청의 유권해석 내용이 문서화된 근거로 제시될 수밖에 없는 것이므로 무분별한 해석요청에 따른 행정력의 낭비는 우려할 필요가 없는 것인바, 잘못을 은폐하기에 급급한 최고행정청의 유사 불법사례를 방지하기 위하여, 최고행정청의 유권해석에 대하여 견해를 달리할 경우 민원인이 직접 법제처에 법령해석을 요청할 수 있도록 개정하여 주실 것을 청원 드리는 것입니다.",,,NA,20240125,NA,NA
 국민신문고는 정부의 “눈과 귀”가 되어야!,기타,,답변완료,2008-05-11,국민권익위원회,"현 국민신문고운영을 통. 페합 한 것은 행정의 일원화와 일관성 유지차원에선 효과가 있을 수 있으나, 그 기능과 역할의 축소(?)가 되어서는 곤란하다. 그 운영주체가 국민권익위원회 인 점은 다행 이랄 수 있으나 청와대와 국무총리실은 그 눈과 귀를 상실한 것도 되기 때문이다.


  어찌됐든 초고속 인터넷 보급률 세계1위국가인 우리나라의 실정을 감안 할 때에 국정운영에 관심이 많은 젊은 학생들과 청년층의 이용이 두드러지고 일부 4 ~ 50대의 참여도 간간히 볼 수 있어, 국정에의 직접적인 “국민 참여 마당”의 기능을 갖고 있으며, 유일한 대국민의 “창” 구실을 하고 있는 것이다.


  이러한 중요한 국민의 소리창구로서의 국민신문고의 보다 원할한 역할수행과 기능성의 제고를 위하여 몇가지 제안 을 하고자 한다.


  첫째로 홈 사이트 운영인데, 일반 포털 업체의 경우와 같이 “로그인”이 별도의 섹션화 되고 여기에 “국정홍보 동영상” 코너가 섹션화 되어 있어야 하는 것이다. 지금은 없는 “공개민원” 사이트도 신설하고, 회원상호 간의 “공개 토론방”도 개설 운영되어져야 서로간의 의견 및 정보교환 등이 가능하여져서 국민들의 다양한 형태의 참여를 높일 수 있기 때문이다.


  둘재로  민원신청 및 제안신청에 따른 처리기준인데, 일반제안 건이 민원으로 이첩되는 경우가 많고,  자세히 보면 절대로 민원처리가 불가능한 사안으로 정책적 개선 없이는 처리가 불가한 내용이 민원으로 분류 이첩되는 현상은 “귀찮이즘”의 게으른 행정의 다름 아니다.


  처리결과의 구분도 채택, 불채택의 이분법적인 구도로 밖에는 안되어 있는 데, 이는 정말로 이해할 수가 없는 대목이다. 어떻게 제안이 실 한가닥 뽑혀 나오는 것도 아니고, 다수의 부처에 관련되어지거나 여러 제시된 대책이나 제안 내용중 일부적인 채택, 업무추진시 반영이나 기타참고적인 사항 등이 있을 수 있는데,획일적으로 채택, 불채택 하면 당연히 채택이 거의 안되는 것이고, 이것은 일련의 무시되는 경우가 많아 참여율이 감소하고, 장난스런 무책임성과 대책없는 비난과 비판만이 난무하게 하는 것이다. 


   따라서 처리기준을 세분화 해서 “우수제안 선정”, “제안채택”, “부분채택”, “업무추진반영”, “참고 및 기타” 등의 5개과정으로 분류 제시되어야 하는 것이다. 이러한 중간과정이 없는 처리기준은 대단히 무성의한 처리결과를 연출하고 있는 것이다. 답변자체도 그래서 더욱 기분이 상할 정도의 무성의 하고 간단한 답변 밖에는 제시되지 않는 것이며, 실무처리 부서에서도 이 대목이 대단히 곤란한 경우로 작용되고 있을 것이기 때문이다.


  셋째로 국민신문고의 민원이나 제안을 통한 참여자에 대한 홀대 문제인데, 이것이 무슨 일반 포털업체서 운영하는 이벤트 코너나 마일리지나 쌓고자하는 기업홍보 사이트도 아니고. 그렇다고 우수제안 으로 뽑혀서 상금 타먹자고 하는 짓(?)도 아니고, 실제적으로 국정에 대한 열정과 관심 외에 엄청난 용기와 부담을 안고 참여하는 것이 대부분의 경우인 데, 너무 무시되고 홀대받고 일종의 기만행위로 까지 느껴지는 대목이기도 하다. 포인트 가산점을 10점씩 운영하고 만족도 평가에 응하면 다시 10포인트 추가해주는 것인데, 패널이 되려면 250건의 제안을 해야 하는 실로 가당치도 않은 비현실적인 구도와 부분채택과 업무반영은 그 처리결과가 불채택 되는 경우가 대부분인데 이런 식의 운영은 사기에 가까운 것이다.


  일단 참여하면 10포인트를 주되, 만족도 참여시는 일단 심사기준을 통과 하였으므로 20포인트로 하여야하고, 5단계로 구분된 처리기준에 따라서는 우수제안으로 채택되면 2,000포인트를, 제안 채택된 안건은 1,000포인트를, 부분채택은 200포인트를, 업무추진 반영은 50포인트를, 참고 및 기타는 10포인트를 각기 적립해 주어야 하는 것이다. 이것이 제안 작성자에 대한 예의이며 도리인 것이다.


  현행의 운영방식에 의한 것은 무슨 국민 기만 행위와 같고 아무런 메리트도 부여하지 않으면서 야바위꾼들이 속임수와 호객행위를 하듯이 그렇게 운영 및 처리를  해나가면 형식적인 운영에 그치게 되고, 가식적이고 전시적인 효과 밖에는 그 기능과 역할이 주어지지 않는 것이다. 패널은 무슨 얼어 죽을 놈의 패널? 월급 주는 것도 아니고...누구나 참여하는 기준이 다르기 때문에 보다 원할한 운영이 되고, 역할과 기능이 제고될 수 있도록 개선되길 바란다.",,,"임근배님 안녕하십니까? 국민신문고와 국민제안에 관한 좋은 의견에 감사드립니다.


귀하의 제안은 국민신문고 홈페이지 및 국민제안 운영에 관한 여러 개선방안으로서 ‘첫째 홈페이지 구성 변경 건의, 둘째 제안심사결과 통보방식 다변화, 셋째 참여포인트 운영 현실화’ 로 그 요지를 파악할 수 있습니다.


제안하신 사항에 관하여 답변 드리자면, 첫째 ‘로그인코너 및 국정홍보동영상코너 섹션화’, ‘공개민원 및 공개토론방 개설 운영’ 은 국민신문고라는 사이트의 운영목적에 따라 검토되어야 할 사안으로 사료되며, 현재 비회원도 민원・제안신청을 가장 빠르고 손쉽게 할 수 있도록 신청 및 조회서비스를 가장 가독성 있게 메인페이지에 배치하였다는 점을 말씀드립니다. 또한 공개민원은 통합검색을 통해 조회가 가능하며, 공개토론방도 정책포럼 의제 신청, 시민클럽 등을 통해 개설이 가능하다는 점을 말씀드립니다. 


둘째, 제안심사결과를 ‘우수제안 선정’, ‘제안채택’, ‘부분채택‘, ’업무추진반영‘, ’참고 및 기타‘ 등의 5개 과정으로 분류・통보하자는 것은 저희도 그간 고민했던 부분이며, 여러 분들이 이와 유사한 내용으로 건의하였던 사항입니다. 심사결과를 명시적으로 할 필요성과 제안자께 보다 사려 깊고 센스 있게 답변할 필요성을 비교・검토하여, 적절한 방안을 도입하도록 하겠습니다.


셋째, 신문고포인트는 온라인 국민참여포털 운영세칙 개정 시 변경할 계획입니다. 건전한 참여자와 우수제안자를 담보하는 계량지표로 활용될 수 있도록, 항목간 적정 점수 조정과 신규항목에 대한 포인트를 신설할 예정이오니 참조하여 주시기 바랍니다.


이상 제안하신 사항에 관하여 전반적으로 안내말씀 드렸습니다. 국민제안 제도 취지는 모두가 공감하는 바이나, 실제 실행 면에서는 여러 문제점을 나타내고 있는 것이 사실입니다. 국민제안 활성화는 제안문화의 확산 등 지속적인 참여와 관리에 의하여 이루어질 수 있다 보며, 현 상황에 대한 실망보다는 달라지는 정부의 모습을 조금 더 지켜봐 주시기를 부탁드립니다. 감사합니다.",20240125,2008-06-10,NA
공무원연금제도의 허와 실,행정/자치/안전,,답변완료,2008-05-05,인사혁신처,"지금 공무원연금제도를 고친다고 하여 공무원 사회가 술렁이고 있습니다. 그동안 정부와 언론은 공무원들이 적게 내고 많이 받아 연금이 고갈에 처했다고 말해왔습니다. 정년퇴직한 선배교사들의 연금수령액은 300만원 정도 된다고 합니다. 이 돈은 그리 많은 돈이 아닙니다. 공무원연금을 국민연금으로 고쳐 용돈 수준을 지급하려 하는지 걱정이 됩니다.  저희들은 박봉의 70년대와 80년대를 살아오면서 연금 하나만을 믿고 퇴직후를 설계해왔습니다. 그런데 갑자기 노후를 걱정하게 되었습니다.

   공무원노조에 따르면, 공무원연금기금이 고갈에 처하게 원인은 정부가 법적 부담금을 제대로 채워놓지 않은데 있다고 합니다. IMF 이후 많은 공무원들이 퇴직(교사는 정년단축으로)했는데, 이것을 정부의 보조없이 연금기금으로만 충당했다는 것입니다. 다른 나라들의 정부 부담률은 우리나라에 비해 훨씬 높습니다.(한국 8.5%, 미국 32.8%, 일본 25.6%, 프랑스 44.1%, 독일과 대만 100% 등) 이마저 제대로 부담하지 않아 고갈에 처했다고 생각합니다.

   공무원연금과 국민연금의 단순비교는 옳지 않습니다. 공무원연금은 낮은 임금의 후불제 성격을 포함하고 있고, 일반기업의 퇴직금의 성격도 포함하고 있습니다. 국민들의 불만은 용돈 수준의 국민연금에 있다고 생각합니다. 개혁을 하려면 불만이 많은 국민연금을 제대로 고쳐야 할 것입니다. 정부는 공무원연금의 급여를 끌어내릴 것이 아니라, 국민연금의 급여를 현실화하는 방안을 고민해야 할 것입니다. 부디 공무원연금을 용돈 수준의 국민연금으로 전락시키지 말아 주십시오.  

   그리고 공무원연금 발전위원회에 당사자측인 공무원들이 배제되어 있습니다. 발전위원회에 동수(1/2)로 참가하여야 합니다. 공무원들을 제외시킨채 자기들끼리 일방적으로 결정한다면 누가 용납하겠습니까?

   정부는 일단 법적 부담금을 충실히 채워놓고, 정부의 부담률을 외국처럼 높히는 방안을 고려해야 합니다. 공무원연금의 적자는 정부 재정 지출의 일환으로 받아들여야 합니다. 국민연금 역시 소득 재분배 기능을 강화하고 급여를 현실화시키되 장기적으로 기금 고갈은 정부의 재정 지출로 해결하는 것이 정답이 아닐까요? 공무원연금 좀 깎아서 국민연금과 형평성을 맞춘들 세수가 얼마나 늘어날 것입니까?  퇴직후가 불안한 공무원들은 아마도 부정한 돈의 유혹을 참기 어려울 것입니다. 이러한 하향 평준화가 이명박 대통령이 추구하는 선진 한국의 모습이 아닐 것입니다.",,,,20240125,NA,NA
국민권익위원회의 활성화방안,기타,,답변완료,2008-05-03,국민권익위원회,국민권익위원회의 목적은 국민권익우선주의라고 생각됨니다 그러나 위원회의 효율적인 운영을 위해서는 부설로 민간인으로 구성된 운영위원회도 있어야된다고 생각됨니다 그것은 제가 20년간시민단체 활동을 하면서 겪은봐 지역에계신분들이 그지역을 너무나 잘알고 신속하게 업무처리도 할수있고 능률적으로 업무처리를 할수 있다고 생각됨니다 참여정부 출범초기에 이런제도를 할려고 했 는데 이상하게 무산되었으며 그것은 참여정부의 크나큰 실책이라고 생각되며 이명박정부는 국민을 섬기겠다고했읍니다 그리고 공무원은 국민의 종이되어야 한다고 했읍니다 그럼민간으로 구성된 각지역권익위원들이 활동을 공식화시킨다면 업무효율과 지역민심탐방에도 엄청난효과를거둘수 있다고 생각합니다 대한민국은 선진화되어야합니다 선진화되기위하여 국민의 소리를 귀담아 들을수있는온라인과 오프라인의 두제도는 반듯이 필요하며 국민성공시대를 만들어가는데 엄청난 힘을 발휘하리라믿읍니다,,,"○ 김동수님 안녕하십니까? 국민제안과 우리 위원회에 관한 좋은 의견에 감사드립니다.

 ○ 귀하의 제안요지는「업무효율과 지역민심반영을 적극적으로 처리하기 위하여 민간으로 구성된 각 지역 권익위원을 위촉하여 민심을 적극 반영하자」는 것으로 판단됩니다.

 ○ 실질적으로 지역 민심에 귀 기울이기 위해서는 현장중심의 목소리를 귀담아 들을 수 있는 체계를 갖추는 것이 중요하고 이를 실현해나가는 데 있어 위원회의 끊임없는 노력이 중요하다고 생각하고 있습니다.

 ○ 현재 국민권익위원회에서는 서울상담센터를 비롯한 과천상담센터, 대전민원센터, 대구민원센터, 부산상담센터를 설치・운영하고 있으며, ‘09년까지 호남권・제주권・강원권 등의 권역별 상담센터를 단계적으로 확대할 예정에 있습니다.

 ○ 또한 민원인이 고충민원 상담 등을 위해 위원회 상담센터 등 여러 기관 등을 방문함에 따라 많은 시간적・금전적 불편을 초래하기에 각 지역의 행정사 및 퇴직관료, 전문직종 종사자 등 상담위원을 위촉, 민원인이 현지에서 바로 무료상담 서비스를 제공받도록 네트워크를 구축하는 내용으로 명예 국민권익상담 위원 제도를 운영할 계획에 있습니다.

 ○ 끝으로 앞으로도 국민의 작은 소리로 크게 듣는 위원회가 될 수 있도록 최선을 다할 것이오니, 따뜻한 마음으로 지켜봐 주시고 많은 관심 부탁드리겠습니다. 

 ○ 2008년 한해 김동수님의 가정에 행운과 행복이 가득하시고 화목하시길 소망합니다. 감사합니다.",20240125,2008-05-27,NA
농촌현실에 맞는 행정리의 통폐합으로 인한 예산절감 ,행정/자치/안전,,답변완료,2008-05-02,행정안전부,"정부의 공무원감축으로 인건비 예산절감액을  다른 분야으로의 전용의 문제는 일선공무원들의 사기와 감축된 공무원들이 우리 사회의 실업자군으로 전락되지않도록 철저한 대비책을 마련해놓고 객관적인 합당성을 가지고 추진하여주시기를 바라면서 저는 지방자치의 초석인 기초의원으로서 현 농촌 현실속에서 행정리의 개편을 통하여 급감하는  농촌인구와 고령,저학력등으로 정부의 정책이 이해력을 동반한 알기쉬은 내용으로 주민들에게 전파 될 수있도록 하기위하여  현행 농촌의 행정리제도를 국가차원에서 조사,개편하여 적은 예산으로 효율적인 행저체계를 수립하고져 다음과 같은 제안을 드립니다.

1,주민의 급감,고령,저학력등으로 인한 행정리 이장의 능력및 기동성저하

2,대체적으로 순수농촌인구는 급감하고 있는 반면 행정리는 마을단위로 증가추세

3,리장의 급여는 월24만원에 단위농협에서 영농업무를 보조한다해서 약 10만원정도 추가지급으로 월 약 34만원정도에 부락별로 적게는100만원에서 많게는 500만원까지 이장업무수당으로지급

4,농업을 위주로 하는 시,군의 행정리 중 30호 미만의 부락이 많이 있고 적게는 10호미만의 행정리도 꽤많은 것으로 파악됨 (음성군은 318개행정리 중 20%정도가 해당)

5,작은 부락에서 이장을 선출하다보니 고령자가 이장직을 맡게되고 그러다보니 기동성은 물론 정부의 정책,지방자치단체의 행정보조업무에서도 업무능력이 떨어져 일선공무원들의 노력없이는 행정업무달성이 어려운 실정

6,지방자치단체별로 행정리의 설치조례와 규정이 있으나  유명무실한 실정임

   이러한 현실로 볼때 이명박대통령님의 실용주의에 입각해서 보더라도

-, 현 농촌실정을 자치단체별로 정확히 파악하여 주민수가 적은 (약 50호에 주민은 100명정도미만) 행정리를 인근 부락과 통합하여 운영체계수립 (법정리로 통합) 

 -,줄어든 이장수만큼(행정리 3개부락을 법정리1개로 통합하면 이장수당은 월 100만원이 넘음) 남는 이장수당및부락모금은 통합된 부락에서 선임된 이장의 수당으로 지급을 하면 능력있는 이장이 이장업무를 수행하게 됨.

-,명예퇴직,귀향등으로 젊고 능력있는 분들이 이장급여 상승으로 이장직 선호로 공무원의 일선업무가 많이 줄어듬.  

-,통신,방송등의 정보매체 발전과 교통수단의 발달은 넓은 지역을 관장할 수 있는 여건이 성숙되어 있슴. 

-,FTA체결에 관한 이해,논농업 직불제 업무, 지방세징수업무,부락발전업무,고령화된 주민들의 복지,민원,행정업무등의 대행으로 주민불편해소

위의 문제와 답을 보았을 때  국가차원에서 조사를 해서 추진을 하면은 좋은 성과가 있으리라 믿어 의심치 않습니다.하찮은 생각일지모르지만 일선에서 느끼는 현실을 말씀드리오니 참고하여 주시기를 바랍니다.

음성군 의회 정지태 올림",,,,20240125,NA,NA
도대체 방송심의는 하는건가요?,산업/방송/통신/과학,,제안심사,2008-05-01,방송통신위원회,"요즘 방송심의 하시는 겁니까?

일선의 교육자로서 정말 청소년들의 머리속에 과연 무엇이 심어질까 걱정됩니다.

해피투게더 한 번 보십시오.. 

박미선이 말하는 거 한 번 들어보세요.. 그외 다른 연예인들도 마찬가지입니다.

아이들이 다 보고 있는데 참 거침없이 말합니다.

왜 방송을 건전하고 재미있게 못하는지 이해가 가질 않습니다.


방송심의원들 도대체 뭐하는 사람들인지 이해가 가질 않네요..

속옷을 다 벗어야 심의에 걸리나요?

케이블은 어떻고요.. 사람이 볼 수 있는 방송 몇 없습니다.

급격하게 방송내용들이 저급스러워 짐을 느낍니다.


심의하시는 분들 정신차리세요.. 자부심을 가지고 일하셔야지.. 직무태만 아닙니까?",,,NA,20240125,NA,NA
국민신문고 민원 처리 절차에 관한 제언,기타,,답변완료,2008-05-01,국민권익위원회,"안녕하십니까, 저는 방송통신위원회 시청자권익증진과에 근무 중인 봉지욱이라고 합니다.

다름이 아니오라, 저 또한 국민신문고를 통해 국민의 민원을 접수하고 처리하는 한 명의 공무원으로서 국민신문고 민원 처리 절차에 관하여 한 가지 건의를 드릴까 합니다.


우선 제가 알기로 국민신문고는 전 부처의 민원 기능을 통합하여 국민이 보다 편하게 민원을 신청하고 답변을 받을 수 있게 하자는 취지로 만들어졌습니다. 따라서 그러한 목적에 부합하려면 무엇보다 해당 사이트를 국민이 쉽고 편하게 이용할 수 있어야 할 것입니다. 


그런데 여기에 한 가지 더! 민원을 처리하는 공무원들이 수많은 민원을 효율적으로 처리할 수 있는 시스템이 갖춰진다면 결국 그것이 국민의 편익으로 돌아갈 것이라는 생각입니다.


현재 민원신청 절차는 민원인의 개인정보와 민원 내용을 먼저 입력한 후, 민원대상기관을 

지정하는 형식입니다. 


그러나 아시다시피, 각 부처는 업무의 성격과 형태가 현저하게 다릅니다. 민원인으로 하여금 민원내용 기입란에 민원 처리를 위해 필요한  모든 사항을 알아서 써넣으라는 것은 자칫 민원처리 시간을 지연시킬 수 있는 위험을 내포하고 있습니다.


따라서 저는 민원인이 민원을 신청할 시, 대상기관을 먼저 선택하고(민원인이 대상기관을 확정하지 못하는 경우 기존처럼 국민권익위원회에서 분류해주는 형식은 유지), 이후 민원내용을 작성하는 형식으로 바뀌어야 한다는 생각입니다.


순서가 바뀌면 일단 해당 부처의 민원 성격에 따라 민원신청 양식에 조금씩 변화를 줄 수 있을 것입니다. 모든 부처의 민원양식을 지금과 같이 단순하게 유지할 경우, 민원인이 원활한 민원처리를 위해 민원 신청 시 반드시 기재했어야 할 것들이 빠져서 민원처리가 지연되는 일이 없을 것입니다. 


예를 들어보겠습니다.


방송통신위원회는 방송위원회와 정보통신부가 합쳐져서 만들어진 대통령직속기구입니다. 이질적인 두 기관이 합쳐지면서 민원을 처리하는 부서도 자연스럽게 통합되었습니다. 그런데 정통부와 방송위의 민원을 접수할 때 필요한 자료에는 조금 차이가 있습니다. 


구 방송위의 경우, 방송 관련 민원을 접수하려면 반드시 민원을 제기할 방송사나 방송프로그램의 정확한 이름을 민원 내용에 포함시켜야 합니다. 그런데 지금과 같이 단순한 형태라면 대부분의 민원인들이 케이블방송사나 채널사용방송사업자명을  정확하게 알지 못하기 때문에 특히 유료방송에 대한 민원을 제기할 때, 해당 방송사명을 누락하거나 왜곡하는 경향이 발생합니다.


정통부의 경우 통신사업자가 몇 개 되지 않기 때문에 내용을 통해 충분히 통신사업자를 가늠할 수 있겠지만, 방송사는 케이블방송사와 채널사용사업자만 해도 수백 개입니다.


지상파방송사도 마찬가지입니다. 


엠비씨의 경우 19개 지역방송사가 있고 kbs 또한 수많은 지역총국을 갖고 있습니다.


따라서 민원인이 방송사업자에 대한 민원을 제기할 때, 반드시 해당 방송사를 정확하고 편리하게 찾아서 기재할 수 있도록 양식을 수정할 필요가 있습니다.(방송사업자와 방송프로그램명 기입란 추가)


주소찾기 검색 식으로, 민원인의 주소에 따라 케이블방송사만이라도 검색할 수 있게 한다면 어떨까요?  


마찬가지로 국민신문고에서 각 부처별로 민원신청 시 필수적으로 기입해야 될 사항에 대해 조사하여 민원신청 양식에 각각 반영한다면 보다 효율적인 민원 처리가 될 것 같습니다.


그럼 답변 기다리겠습니다.


감사합니다.",,,"1. 선생님께서 국민신문고를 통해 신청하신 국민제안(1AB-0805-000120)의 검토결과 각 부처별로 상이한 업무 관련 보유자료 형태 및 관리체계 등이 상이하여 표준화된 기능으로 단기간에 구현하기는 어려우며, 향후 중장기 발전계획에 반영하도록 하겠습니다.


       2. 다만, 국민신문고에서는 통합된 각 기관별 민원창구마다 필요한 자료를 민원본문에 입력을 유도할 수 있는 부가 기능(업무메뉴얼 기관운영자편 41페이지)을 제공하고 있으니 참고하시기 바랍니다.  끝.",20240125,2008-05-28,NA
"060업자들다신고하고싶은데,어케해야돼는지요?",산업/방송/통신/과학,,제안심사,2008-05-01,방송통신위원회,"망할놈의060업자들때문에,저나비조낸많이나왔는데

060업자들계속저나오구,미치겠는데,어케해야돼는지요?

정말그업자들다신고하고싶습니다!제발부탁드리겠습니다!!",,,NA,20240125,NA,NA
pd수첩을 없애버려야한다.,산업/방송/통신/과학,,제안심사,2008-05-01,방송통신위원회,"몇 백만명,몇 천만명에 하나씩 나오는 광우병 환자를 여과없이 그대로 보도하여

국민을 긴장시키고 현혹시켜 사회불안을 조장하는 이런 불량 프로그램이

과연 필요합니까.

그럼 미국산 쇠고기를 매일 먹고 사는 3억의 미국인이 방송보도처럼 매일 죽어나갑니까.

방송에 나온 광우병으로 죽은 흑인 여성도 미국내에서의 감염은 처음이라면서.....

그런 걸 방송하여 일반 국민을 이렇게 혼란스럽게하다니....

방송이란 건 공정성과 공익성이 생명이다면 보도 후의 사태에도 책임을 져야죠.

광우병에 걸려 죽기보다는  매일 수천건씩 발생하는 교통사고와 살인,강도등의  위험성이

더 큰것 아닙니까.",,,NA,20240125,NA,NA
국민신문고 통합관리운영에 대하여,기타,,답변완료,2008-04-30,국민권익위원회,"민원이나 국민제안이 ""국민신문고""로 통합운영되는 것에대하여, 행정의 일관성 유지와 체계적이고도, 효율적인 관리가 가능하리라고 보아 환영하는 바입니다.다만 운영처리과정에 대한 몇가지 문제점을 제시하고 개선의견을 제시하고자 합니다.


 먼저, 접수신청과정에서의 처리기관 오류가 많습니다. 일반국민들은 처리기관을 제대로 모르는 경우가 많습니다.부서 통폐합으로 더욱 어렵게 된점도 고려하셔서 처리기관 분류에 신중을 기하여 주시고,


  나의제안이나 공개민원을 열람하다보면 회원 로그인을 하고 들어왔는데도 갑자기 비회원으로 전환되어 있는 경우를 자주 당합니다. 전에는 그냥 상관없이 제안신청서를 작성하여 입력하곤 했는데, 그러면 포인트가 주어지지 않더군요. 개선이 필요할 것같습니다.


  다음은 처리과정의 불성실 부분에 대한 것입니다. 이부분은 각 처리주무부서의 사항이긴 하지만 ,국민신문고 운영자도 내용을 알고  제도적인 실효성확보를 위해 주무부서로서 책임있게 개선을 해야 할것 같아 언급하고자 합니다.


  국민신문고와 같은 유사기능의 제도는 전에도 있어 왔으나 일회성의 전시행정으로 실패를 거듭하여 왔습니다. 지금은 인터넷이 활성화 되어 편안하게 접수신정이 용이하지만, 그때는 직접 당당공무원을 배치하고,접수를 하도록하여 운영하였으나, 그처리과정에 있어서 담당자의 무성의한 처리와 답변으로 단순처리되는 사례가 많아 , 처음의 열정과 취지에도 불구하고 유명무실한 기능이 되고, 이내 철회 되곤 했습니다.


  그것은 결재처리과정에 모순이 있었기 때문입니다. 담당자 전결이 거의 대부분이고 책상머리에서 그냥 앉은 채로 적당히 규정 몇글자 인용하여 답변서만 작성하면 되었기 때문입니다.

그러니 제도적인 모순이나 오류는 시정되기 어렵고, 민원인들의 불편과 불만만 가중시키는 결과를 초래했던 것입니다.


  지금의 상황도 마찬가지로 그럴 수 있으며, 이를 개선하고 방지하기 위해서는 처리절차에 대한 엄격한 기준마련과 이를 준수토록 해야 합니다.


  먼저 신청접수된 민원이나 제안이 내용에 대한 심사가 이루어지고 처리기관으로 이첨되면,  제일먼저 기관부서장(주무장관)의 선열을 득해야 됩니다. 그런 다음 처리부서로 이첩되고, 부서장의 선열을 거쳐 담당자가 지정되어야 합니다. 


  담당자는 그처리과정에 대하여 구체적인 근거와사유,  처리기준을 제시하고, 처리내용을구체적이고 세부적으로 작성하여   계선의 결재를 득하고, 최종적으로 주무장관의 결재를 득하여 신청자에게 회신되어져야 하는 것입니다. 지금과 같이 담당자의 탁상에서 편의적이고, 즉흥적인 처리가 관행화 되면, 차라리 이제도를 운영하지 않음만 못하고, 오히려 행정낭비요, 국민 기만행위에 지나지 않는 것입니다.


    국가나 정부에 속한 공무원들이 눈과 귀를 열고, 관련된 국민들의 의견을 청취하고, 의견을 적극적으로 정책에 반영하려고 애씀으로써, 국민들의 권익이 보호되고, 신장되는 것입니다. 그렇지못하면 지금의 북한처럼 유명무실한 정부가 되고, 국민을 도탄에 빠뜨리게 되는 것입니다. 이점을 착안하시어 국민신문고관련 업무처리 지침을 작성하여 모든 기관에 시달하여서 준수토록해야 합니다.",,,"임근배님 안녕하십니까? 

국민신문고 국민제안을 담당하고 있는 국민권익위원회 양은경입니다.


먼저 국민신문고와 국민제안에 대한 적극적인 관심과 건설적인 의견에 감사드립니다. 국민제안에 관하여 지적하신 사항은 업무담당자로서 공감하는 부분이며, 이를 시정하기 위한 노력이 이미 진행되고 있는 상황입니다.


따라서 임근배님의 제안을 채택하지 않음은 주신 의견을 수용하지 않겠다는 의미가 아니라, 기시행중인 사안으로서 새로운 제안을 수용한다는 의미의 ‘채택제안’ 에 해당하지 않기 때문이오니 이 점 오해 없으시기 바랍니다.


주신 의견에 대하여 사안별로 답변 드리자면,

첫째. 접수 신청과정에서의 처리기관 오류 지정은 새 정부 출범 시의 조직 개편에 따라 통폐합 되는 기관들이 많아 기관별 분류체계를 재정비하고 있는 상황이며, 이 외 업무담당자들의 내용심사에 따른 적정 처리기관 지정 또한 신문고 운영노하우가 쌓여감에 따라 지속적으로 개선될 사항으로 보고 있습니다. 미흡한 점은 빠른 시간 내 기대하시는 수준까지 끌어올릴 수 있도록 노력하겠단 말씀을 올립니다.


둘째 회원 로그인 상태에서 갑자기 비회원으로 전환되어 있는 경우는, 신문고 시스템에서 한페이지당 지속적으로 머물 수 있는 시간이 60분으로 설정되어 있기 때문입니다. 회원 로그인 후 민원・제안신청 등 신청페이지를 열어 작성 중에 60분이 초과되면 시스템은 자동으로 로그아웃이 되며, 이때 민원・제안 작성내용의 유지를 위해 비회원인증으로 자동 신청되도록 설계되어 있습니다. 


셋째, 제안심사는 올해 국민제안 법・제도기관인 행정안전부에서 시행한 국민제안 활성화지침에 따른 ‘과장책임심사제’ 의 실시로, 이전보다 신중하고 엄정해질 것으로 기대하고 있습니다. 물론 법과 제도의 마련 자체보다 실제 이행이 중요하다는 점은 잘 알고 있으며, 이 부분 보다 관리・감독을 강화하여 국민의 소중한 제안이 사장되지 않고 최대한 반영될 수 있는 업무환경을 조성해 나갈 것입니다.


이상 부족하나마 임근배님의 제안에 답변을 드렸습니다. 앞으로 국민제안 제도가 상징성을 넘어 실질적인 성과를 창출할 수 있도록 고민과 노력을 더할 것을 약속 드립니다.


임근배님의 건강과 행복을 기원하며, 문의사항이 있으실 경우 민원제도개선과 양은경(02-360-2878)로 연락 주시기 바랍니다. 감사합니다.",20240125,2008-05-29,NA
휴대폰에 라디오 수신기 부착 의무화,산업/방송/통신/과학,,제안심사,2008-04-30,방송통신위원회,"오늘날의 첨단화 필수화된 휴대폰 기능에는 통화기능외에도 카메라, MP3, 영상통화, DMB, 네비게이션, 무선인터넷 기능등 참으로 다양하고 어디까지 진화될지 상상조차도 어렵다.

그러나 하나 빠진 주요한 기능이 하나 있는데, 그것은  바로어느매체보다도 보급성과 유용성을 갖고 있고, 전세계  60억 인구중 대부분이 가장 많이 이용하고 있는 대중매체인 "" 라디오 수신기능""이다.


  그러면 라디오의 기능적인 측면을 살펴보기로 하자 . 새삼스러울 것도 없이 모두가 많이 알고 있는 부분이긴 하지만, 가장 쉽게 이해 할 수 있는 일화 하나를 소개하기로 한다.


  2차세계대전을 일으킨 독일에서다 당시 히틀러는 집권당인 나치의 정책을 선전하고 홍보하기 위해 히믈러를 발탁하고, 히믈러는 당시 최첨단의 대중매체기능을 가진 라디오에 착안하게 되며, 정부의 적극적인 지원으로 라디오의 대량생산체제를 갖추고, 모든국민들에게 저렴한 가격으로 보급을 확대하였으며, 이를 통하여 국민들을 대상으로 선전선동을 전개하였던 것이다.국민적인 결집은 이루어 내었지만,  불행하게도 독재자의 아집과 독선에의한 2차 세계대전의 원동력(?)이 되었던 것이다. 


  이렇듯 라디오는 오늘날에도 뉴스를 통한 정책홍보와  민방위 사태 방송, 국가재난사태에 대한 방송, 다양한 기상특보등 정부차원의 국민들에게 시급하고도 유용한 정보를 실시간으로 가장 쉽고 빠르게 전달 할수 있는 매체로서,  세계모든나라가 라디오를 이러한 목적으로 활용하고 있으며, 개발도상국가들에 있어서는 그중요성과 비중이 더욱 큰것이다. 그 크기가 작고 휴대가 간편하여TV와는 또다른 이용가치가 있기 때문인 것이다.


  지금도 낮시간의 이동시간대와 여행자등 다양한 계층과 장소에서 애용되고 있는 매체로서

정부차원의 국가나 지역적인 기상특보,  재난사태 및 민방위 사태에 대한  신속하고도 정확한 방송이 가능하며, 가장 폭넒은 전파와 이용수신이 가능한 매체로서, 그유용성과 필요성에도 불구하고, 휴대폰을 휴대하고 라디오를 따로 휴대하는 경우는 거의 희박하다. 따라서 이를 통합하여 라디오기능을 휴대폰에 내장을 의무화하면, 모두가  어린이 들까지도 휴대폰을 이용하고 있으므로  그활용성과 보급적인 측면에서 모두 가장 양호한 공익적 매체로서 자리매김 할 수 있을 것이다.


   라디오 수신기능의 의무화는 공익적 가치실현에 있어서 최소.최상의 방법적인 선택이 되며, 사업자에게 있어서는 가장 절실하고도,  유용한 필요성 있는 매체기능을 휴대폰에 첨가하는 데있어서  기술적,비용적 부담은 거의 없으면서도, 거의 모든국가의 공익적 가치실현과 가장 많은 실수요자층의 확보가 가능할것으로 판단되는 것이다.


  DMB와는 선택적 의미가 다르기 때문에 사업자의 자율성 보다는 정부정책적인 주도적인 기능과 역할이 강조되어야 하고, 따라서 정부주도로 의무화를 제도화 함으로써 결국에는 사업자에게 새로운 아이템을 제공하는 일석 이조의 효과를 거양하게 될 것으로써, 관계당국의 보다 신중한 판단과 선택이 있기를 바랍니다.",,,NA,20240125,NA,NA
군 위생병 전역자에게 응급구조사 1급 자격증 발급요청,식품/보건/복지/가족,,답변완료,2008-04-30,보건복지부,"저는 1984년 8월부터 1987년 1월까지 육군 위생병으로 근무하고 전역한 사람입니다.

다름이 아니라 응급구조사 1, 2급이 있는 것으로 압니다.

저처럼 대구에 있는 국군 군의학교에서 후반기 교육까지 받고 군에서 위생병으로 근무 하고 전역한 사람들이 응급구조사 1급이 되려고 하니까 서울에서는 소방관만 해당이 되고 일반인은 대구에 있는 교육기관에서 그것도 자그마치 5개월씩이나 직접 등.하교를 하면서 유료로 교육을 받아야 한다고 하는데 이는 매우 부당하고 불합리한 처사라고 생각합니다. 

군에서 위생병으로 근무하는 동안에 환자 발생시 긴급구조, 응급처치 및 환자후송 까지의 모든 단계를 다 거치는 등 응급구조사의 역할을 두루두루 다 하기 때문에 군 전역 후에 응급구조사 1급 자격증 등을 무시험으로 발급해주는 것이 당연하다고 생각되며 최소한 응급구조사 1급 시험의 응시 기회인 응시자격이라도 주어야 한다고 생각합니다.",,,,20240125,NA,NA
민원신청후 처리 상황에 대한  소감을  적을 수 있는 방?,기타,,답변완료,2008-04-29,국민권익위원회,"어제 신청한 민원이  오늘 처리되어,  신속한 처리를 위해  힘써 주신

 정부기관과 담당자님께 감사의  맨트를   남기고 싶은데  메뉴바에 그런 목록은 없네요.


""민원 처리상황  토론방"" 이 있다면  처리후   감사글이나  미처리건의 경우 사후 대책에 대한 얘기를  할 수 있는  장이 마련되지 않을까요?

제안해 봅니다.",,,"1. 제출하신 국민제안(민원신청 후 처리 상황에 대한 소감을 적을 수 있는 방?)에 대한 검토결과를 아래와 같이 알려드립니다.


2. 제안 취지는“국민신문고 상에서 처리된 민원과 관련한 의견이나 감사의 말을 남길 수 있는 토론방을 개설해 달라”는 것이나

    - 민원 처리 과정에 대한 의견은 처리 완료된 민원별로 “만족도조사”를 통해 받고 있습니다.

    - 국민신문고 홈페이지 상에서 [나의 민원] 메뉴를 클릭 하여 완료된 민원 내용을 확인한 후 각 민원별로 1회에 한하여 만족도조사에 응할 수 있고 “한마디 더” 항목에 기타 의견을 기재하실 수 있습니다.

    - 이러한 민원 만족도 조사 결과와 “한마디 더”에 입력된 의견은 각 기관 민원 담당자들도 수시로 확인하고 있으며 국민신문고 운영 주관 기관인 국민권익위원회에서는 국민신문고 민원처리실태 확인・점검 시 기초 자료로 활용하고 있습니다.

    - 따라서, 민원 처리 과정에 대한 의견 등은 만족도 평가와 “한마디 더”를 이용하시기 바랍니다.


3. 또한, 국민신문고 이용자 간에 민원 등 관심 사안과 관련한 의견 교환은 국민신문고 시민클럽 코너를 활용하실 수 있습니다.


4. 국민신문고에 대한 귀한 의견에 감사드리며 앞으로도 보다 나은 서비스 제공을 위해 노력하겠습니다.",20240125,2008-05-27,NA
임대차 계약후의 영업신고로인한 임대인의 권리제한에 관하여,행정/자치/안전,,제안심사,2008-04-28,천안시,"저는 천안시에 거주하면서 조그만 상가건물을 임대하고는 문제점이 많이 있다는 것을 알게 되었습니다. 상가 39.6평방제곱미터를 임대계약하고는 계약기간이 종료하여 재임대를 위하여 약 8개월 후(그동 안 공실)에 다른 제삼자에게 임대를 하였습니다

새로 입주한 임차자가 시청에 영업 신고(대중음식점은 신고사항임)를 하려고 하였으나 시청에서는 이미 다른 사람 명의로 영업 신고가 되어 있어 영업신고를 받아 줄수 없다고 하기에 시청을 방문 담당(행정6급)및 실무자와 상담을  한바 이는 영업신고가 되어있는 사람이 폐업신고를 하든가 아니면 양도 양수 절차를 밟도록 하여야 한다고 하였습니다

이미 8개월전에 이주하여 현주소를 모른다고 말하자 법원에 양도요청 재판을 받아야 한다고 하기에 그에 대한 비용과  기간은 어느정도 소요되는 지 문의하자 담당자의 말로는 이에 대한 것은 법원의 소관임으로 모른다고 하였습니다.

건물주는 공실이더라도 이에 대한 재산세 종토세 의료보험료등을 지불하고 있는 데 행정 규제로 인하여 임차자의 신고사항에 대한 권리를 일방적으로 보호하기위하여 건물주의 재산권행사를 못하도록 제한하여 조세는 부담시키면서 이에 대한 아무런 구제 방법이 없다면 건물을 소유한 건물주에게 상대적 피해를 주게 도어 이에 대한 법적 규정을 신설하든지 지침으로 복합민원처리 절차를 적용 담당공우원으로 하여금 현지 확인 하여 담당공무원의 직권또는 요식업조합의 사실여부확인 만으로  재산권행사를 침해하는 사례가 없도록 하였으면 합니다

참고로 본사항은 전전임대차   (전전세) 사항으로 당초 임대자가 계약서를 회수 받아 계약이 종료한 사항으로 현재영업신고가 되어있는 사람에게 추후 추인하여 영업신고를 위하여 부득이 임대차 계약서를 다시 써 달라고 하여 부득이 써주었다가 계약종료와 동시 계약서 임차자 전전세입자에게 써주었던 계약서를 회수 하여 놓은 상태입니다.

제안사항 :1. 영업신고와 동시에 건물주에게도 영업신고에 대한 영업권이 존재할 수 있으니 계약 종료와 동시에 시청의 영업신고 필증의 폐업신고 또는 양도양수를 위한 인감증명을 첨부한 서류를 받아놓아야 한다는 것을 고지하는 것을 공무원에게 의무화 할것 (이유 이러한 권리가 형성되어 임대를 할 수없다는 것을 알지 못하여 발생된 사항임 

                  2..고의로 임차자가 전화등 수신을 거부하여 협조하지 않는 다면 이에 대한 손해배상청구를 할 수있도록 규정을 명문화 할것(어길경우 벌칙규정도 삽입)

                  3. 시청공우원의 임장확인으로 3일 이내 처리하도록 규정 명문화

                  4. 당당공무원의 귀책사유로 재산권 행사가 제한받거나 또는 불가피한 경우 지방세 감면 규정 신설",,,NA,20240125,NA,NA
시민 안전체험관 예약이 팔리고 있습니다.,행정/자치/안전,,제안실현,2008-04-28,서울특별시,"시민의 세금으로 이루어진 시민안전체험관의 예약권이 팔려 누군가의 이득이 된다면 안되겠지요 딸아이가 유치원에 다닙니다. 유치원에서 시민안전체험관을 간다고했는데 코끼리쇼 패키지로 간다고 하더군요 이유인즉슨 시민안전체험관이 워낙 인기가 좋아 3개월가량 예약이 밀려있고 예약도 상당히 어렵다고 합니다. 그런데 코끼리쇼를 구경을 하게되면 시민안전체험관을 바로 들어갈수 있게 해준다고하는데

과연 이게 옳은일인가 싶네요 이런일이 없도록 개선이 되었으면 좋겠습니다.",,,"안녕하십니까?

저는 소방재난본부 안전지원과 안전교육팀 김승범입니다.

귀하께서 2008.4.28.일 청와대 신문고 국민제안란에 ‘서울시민안전체험관 예약이 팔리고 있습니다’ 라는 제안과 관련하여

2008.5.7.일 제안채택 검토의견을 이메일로 발송하여 답변을 완료처리한 사실이 있습니다.

하지만 내부처리 과정에서 오류가 발생하여 재심사 요청이 있어 부득이 기 답변을 드렸다는 내용의 검토의견을 보내드리게 되었습니다.

불편을 드려 죄송한 말씀 올리며 혹시라도 이 답변과 관련하여 궁금하신 사항이 있으시면 아래 연락처로 전화 주시기 바랍니다. 감사합니다.

- 연락처 : 소방재난본부 안전교육팀 3706-1621",20240125,2016-03-07,
제2종일반주거지역에서의 건축물의 층수에 관하여,국토/교통/농림/해양,,답변완료,2008-04-22,국토교통부,"국토계획및 이용에 관한 법률 시행령 제71조에 제2종일반주거지역의 공동주택건설시 층수를 평균15층이내로 제한하고 있습니다. 그리고 제2종일반거지역안에서 용적률은 150%~250%이내로 정하고 있습닏.


제2종주거지역안에서 용적율을 200%로 적용했을시 평균층수 15층이로 제한한다면 건폐률이 높아지고 덩간거리가 좁아지고 녹지공간이 좁아져서 주거환경이 엄청나빠지게됩니다. 

서울시에서는 아름다운도시를 조성하기위해서 스카이라인을 살리는 아름다운 건축물을 유도하고 있습니다.

층수를 폐지한다고 무한정 층수가 올라가는 것이 아닙니다. 현행 건축법으로도  층수를 충분히  제한 할 수 있기때문입니다.

한번건축하면 수십년을 가는 아파트인데 지나친 층수제한으로 주거환경을 저해하는 건축물을 짓는것은 국가적으로도 큰 손해입니다. 건교부나 서울시를 찾아다니면서 아무리 민원을 넣어도 책임질수 있는 자가 없고 떠넘기기식으로 책임을 해피하니 답답한 마음 금할 길이 없습니다. 부디 국민들이 체감할 수 있는 규제개혁을 부탁드립니다.

정부는",,,,20240125,NA,NA
위생교육에 관한 건의,식품/보건/복지/가족,,답변완료,2008-04-21,보건복지부,"1.현행제도:식품위생법 제27조제2항에 근거하여 한국식품공업협회에서 위생교육을 실시합니다 

2.문제점: 강의 장소에 소집을 하여 교육을 시키고 있습니다.

3.개선방향 : 위생교육내용이 온라인 동영상 강의로도 충분히 고지할 수 있는 내용이므로

                         인터넷 강의로 대체를 제안합니다.

4.개선효과: 피교육자의 인력과 시간,비용을 줄일 수 있고, 교육자의 인력낭비를 줄일 수 있다.",,,,20240125,NA,NA
굴삭기 개인사업자도 노동자입니다.,재정/금융/소비자,,제안심사,2008-04-16,공정거래위원회,"저는 40대 주부 입니다.

제 남편은 11년째 굴삭기을 하시는데 너무 많은 문제점과 부당함에 글올립니다.

현재 지방에서 대기업건설회사,B하청업체에서 일하고있습니다.

2006년에도 같은 건설회사,A하청업체에서 일했으나 본청에서 A하청이 망했다고 50%로만 받으라고 연락이 왔습니다.

개인사업자라고 50%로 일괄처리한다고,할수없이 가압류건이 많아 1년걸려 받았습니다.

2007년부터지금현재까지 2천만원 체불된 상태에서 일하고 계십니다.

체불임금이 너무나커 본청에 전화해보니 A업체50%준 부서였습니다.

저희 아저씨에 대해 잘알고있구해서 B업체에 체불임금이 걱정되니 회사는 튼튼하냐고하니 그렇게 걱정되면 B업체에 가압류하고 차빼라고 합니다.

돈않준다고 차 빼버리면 B업체가 차주한테 돈을 쉽게 주겠습니까?

제가 너무 답답해 본청은 A가부도났다고 일일이 전화해50%받아가라,가압류가 많으니 기다려라 ,이런전화 골백번 하지말고 미리미리 노동임금처럼 매달 체크하면 얼마나 좋겠냐고하니,개인사업자는 법적으로  상관없다.

50%줄때는 부도난A한테 줄돈에서 본청이주고 ,현재일할때는 개인사업자라서 노동임금과는 법적으로 상관없으니 노동임금만 신경쓰고 있습니다.

노동임금은 노동부에 신고하면 본청이 골치아프거든요,그러니 하청업체도 신경쓰고요.

저희는 세금을 성실하게 내고있는 개인사업자입니다.

사실 개인사업자을 내야 일할수있어 낸거지 저희는 노동입금과 같습니다.

차한대에 한가족 6식구의 생계가달려 있습니다.

열심히 일하는사람이 돈않나올까봐 걱정하며, 일하고못받더라도 보호받을곳도 없습니다.

11년 일했지만 체불임금때문에 민사소송해서 이긴소송도많고, 그냥 도주,잠적,등등으로 받지못한 돈도 많습니다.

경찰서에서 만나면 돈준다고 각서쓰면 뮈합니까? 승소하면뮈합니까?

왜 분명 노동에 대한 체불인데,특히 굴삭기는 사람이 하나하나 내몸처럼 움직여야합니다.

기술또한꼭 필요하구요.

본청은 개인사업자란 이유로 받을돈을 자기마음되로 정하고 또다른 하청업체가 망하고 나가버리면 개인사업자란 이유로 또생계에 마음에 난도질을 하겠지요.

저는 선처을 바라지 않습니다.

세금내고 일하는데 체불임급이 발생해도 노동자의 임급보호는해주고,3D업종같은 굴삭기개인사업자를 보호해주는 대한민국 없습니다.

현장 노동자는 자기몸과기술이 필요하지만,굴삭기개인사업자는 체불임금,기름값,차값,기술,몸 ....... 신용상태는 엉망이고요.

하루빨리 저희같은 개인사업자 가보호받아야 대기업에서 보호아닌 법을 지키겠죠.",,,NA,20240125,NA,NA
"이 대통령님, 의료기기법 관련 제안을 드립니다.",식품의약품,,답변완료,2008-04-14,식품의약품안전처,"안녕하십니까.


의료기기법 시행에 있어서 제안을 해보고자 합니다.


현재 대한민국의 의료기기법상에서 인허가와 GMP/GIP 련하여 말씀을 드립니다.


현행 의료기기법에서는 신개발품 의료기기에 대하여


생체적합성, 메카니컬 테스트, 임상시험등을 요구하고 있습니다.


대국민 건강과 안녕을 위하여 이는 반드시 시행 되어져야 하며,


마찬가지로 만드시 지켜져야 한다고 생각합니다.


검증되지 않은 신제품을 어느 누구의 신체에 관련하여 사용할 수 있겠습니까.


문제는 이 단계에서 나타나는 경제적/시간적 소비에 대한 것입니다.


현행 의료기기법에서 상기 나열 된 검증 시험 중,


해외의 검증된 문건이나 논문을 인정하여


신제품 통과를 인정하는 사례는 없습니다.


국내에서는 장비나 시설이 없거나, 연구진이 없어서 실험할 수 없는 시험이 있습니다.


이러한 경우, 국가에서는 의료기기 수입이나 제조판매허가를 하지 않고 있습니다.


그렇다면 해외에서 또는 국내에서 개발하고 해외에서 인정받은 신제품 의료기기를


이용하여 받을 수 있는 국민건강 차원의 혜택을 대한민국 국민은 누릴 수 없게 됩니다.


신제품의 조/판매 허가를 받기 위해서는,


신제품의 생체적합성 실험, 독성실험, 메카니컬 실험 등 적게는 6종류의,


많게는 한 제품 당 몇 억씩 투자되는 임상실험까지 거쳐야 합니다.


이미 말씀드렸지만, 국내에서는 실험을 할 수 있는 곳이 없을 경우 문제가 됩니다.


또한 마찬가지로, 국내에서 실험을 할 수는 있지만


이미 기능/성능/안전성 상으로 해외에서 검증되어 널리 사용되어지고 있는


신제품의 제조/판매를 허가받기 위해서는


국내에서의 실험을 따로 해야 합니다.


보통 이 실험들의 경우, 소요경비도 엄청나지만


소요되는 시간도 굉장히 오래 걸립니다.


어찌하여 미국 FDA나 일본의 후생성 등의 논문/자료/연구결과/법령 등에서 인정하는


부분을 국내에서 독자적으로만 해결해야 하는 건지요.


과학에는 국경이 없다고 했습니다.


해외에서 널리 퍼지고 인정받은 실험결과가 있다면


그 제품을 수입하거나 동일 품목의 제품을 생산할 때에


해외의 서류를 최대한 참조하여


의료기기 수입 및 생산/판매허가 심사시에 최대한 반영을 하는 것이 옳다고 봅니다.


도입되지 못하는 의료기기로 인하여 하루하루 고통받고 살아가는 환자들,


그들을 지켜보는 가족들, 좋은 의료기기를 생산할 수 있거나 또는 수입거래를 완료했더라도


허가가 떨어지지 않아 그냥 지켜보고 있어야 하는 업체들...


모두에게 참으로 견디기 힘든 시기라고 생각합니다.


현재, 식약청의 인원과 인프라 부족으로 업종허가부터 시작하여


품목허가, 기술문서 신고 및 변경 절차, GIP/GMP심사등에


너무 큰 비용과 오랜 시간이 소비되고 있습니다.


정말 불합리합니다.


무조건적인 또는 쉽사리 허가받는 상황은 국민의 건강을 위협할 수도 있겠으나,


어찌하여 꼭 국내에서만 실험 된 내용만을 인정하는 것인지 모르겠습니다.


국내에는 실험을 할 수 있는 곳도 없으면서 말이죠.


더군다나 임상실험은 억대의 비용이 필요하지만


국가에서는 지원 자체도 없다고 알고 있습니다.


이런 상황에서 업체들은 물론, 병들고 아파하는 국민 모두,


또는 질병을 조기에 판단할 수 있는 의료기기를 필요로 하는 국민 모두가


사실은 피해를 받고 있는 현 시점인 것입니다.


다시 한 번 생각하여 주십시오.


미국 FDA만 해도 대한민국의 그것보다 무척 까다롭고 정말 전문적인 자료들을 갖추고 있습니다.


FDA승인을 받은 제품이 국내 식약청의 허가를 받지 못함은 애통한 일입니다.


의료기기 인허가와 수입/제조/판매허가는 주권의 문제가 맞습니다.


해외에서 우리 물건을 인정하지 않는다면


대한민국도 그들의 물건을 인정할 이유는 없습니다. 주권이니까요.


하지만, 과학적 근거가 되는 서류나 논문, 연구결과는 주권을 따져서는 아니됩니다.


아예 실험 자체를 못하여 국민의 건강을 방관할 수 밖에 없는 결과를 초래하고 있습니다.


부디,


해외의 연구결과물 또는 인증서등을 충분히 감안하시어


국내 의료기기 시장 또한 국제 수준에 맞추어 활기차게 변하길 기대합니다.


현재 심사 서류 하나 통과하려면 보통 두달,


서류가 오류가 있다면 몇 년씩 걸립니다.


게다가 국내에서 불가능한 실험이나, 업체 입장에서 감당하기 힘든 임상실험을


요구한다면 과연 어느 업체가 그런 위험을 감수하고 제품을 수입/판매/제조하려 하겠습니까.


반드시 인정하라는 것이 아닙니다.


제발 중용을 지켜가며 유동적이며 능동적인 자세로 의료기기 시장을 활성화 시켜야 한다는


주장입니다.


이 대통령님께서 의료기기 산업을 육성하시겠다고 말씀하셨습니다.


그 말씀만 믿고 있습니다.


대한민국 국민의 건강을 위하여 반드시 고쳐져야하는 부분이라고 생각합니다.


일례로,


티타늄에 칼슘을 입혀 신체와 반응이 없고 괴사조직이 현저히 줄었다는 연구결과가 있는데


국내에서는 그것을 입증하고 식약청의 제조/판매/수입허가를 받기 위해서는


임상실험을 해야할 수 있습니다.


칼슘을 이용한 마우어코팅이라는 기술은 국내에서 임상을 한 적이 없으니까요.


해외의 결과는 인정하지 않으니까요.


그렇다면 수 없이 많은 임플란트 기술 중 가장 안전한 기술을


사실은 사용할 수 없는, 국민은 그 기술을 누릴 수 없게 되는 것입니다.


부탁드립니다.


아무쪼록 살펴보아 주시길 부탁드립니다.


실험 내용이나 연구결과를 식약청에 설명을 하고 가르치고 이해를 시켜야만


수입/제조/판매가 가능한 현실은,


의료기기 업체들을 전부 연구원 수준으로 만들어버릴지도 모릅니다.


입증 된 사실을 다시 입증해야 하고, 입증 된 실험을 국내에서 다시 해야하니까요.


비현실적이며 낭비적이며 우둔한 처사입니다.


공무원 특유의 경직된 심사가 아닌


열린 생각과 사고로, 발전 된 기술을 빠르게 흡수할 수 있는


식약청의 인프라가 아쉬운 때입니다.


의료기기법은 약사법에서 따 온 것이 많아서,


취지는 옳지만 방법이 오래되거나 이해할 수 없는 부분이 많습니다.


빠른 개정 또는 실제 시행과정에서 응용력 있는 국가청이 되었으면 하는 바램입니다.


국민의 건강과, 대통령께서 목표로 두고 계신 의료기 산업 육성을 위해서 말입니다.


감사합니다.",,,,20240125,NA,NA
창업 기업인 규제안내 토탈서비스 시행,산업/방송/통신/과학,,답변완료,2008-04-10,중소벤처기업부,"1. 개요

   - 창업하는 중소기업주  및 소상공인들에게 정부 각 부처 및 기관에서 관장하는 각종 규제 및 지원사항에 대한 토탈안내서비스를 제공하여 경제발전 및 산업질서 확립에 기여한다.


2. 현 실태 및 문제점

   - 정부 각 기관 및 부처별로 관장하는 각종 규제(법규, 세제 등) 가 지나치게 복잡하고 도움을 받기도 어렵고 지원절차 등도 개별 추진되어 파악하기가 어려워 효과적이지 못함.

  - 대부분의 기업들은 이러한 형식 어려움으로 오히려 불편하고 몰라 각종 기관의 규제단속 등에 크게 어려움을 겪고 있음.

  -  이 때문에 정상적 경로보다는 비정상적인 경로로 관과 유착관계를 형성하는 등 부정비리의 발생가능성도 매우 높아진다고 할 수 있음

  - 속설로 대한민국에서 기업하려면 모든 법에 통달해야 한다라고 기업인들은 흔히 이야기함.


3. 개선방안

  - 정부 유관기관별 실무책임자들로 T/F팀을 구성하여 기업창립 및 운영과 관계되는 전반사항을 포괄하는 규제내용을 일목요연하게 정리 

  - 동 내용을 책자 또는 CD로 만들어 창업하는 사업주들에게 배부(세무서, 국민건강보험공단, 고용지원센터, 근로복지공단 등에 비치 배부)

  - 일반인들에게도 상시 개방하여 창업 및 투자 활성화를 이룰수 있도록 지원하여야 함.  

  - 1년 1회 이상(법령개정 시 등) 내용을 수시로 보완하여 현행 안내토록하여 선의의 피해가 없도록 해야 함.

  - 더불어 인터넷 안내서비스를 제공하여 업무내용을 검색하면 각 담당기관, 절차, 방법, 서식 등이 자동안내 되도록 함.


4. 개선효과

  - 창업 및 투자 활성화로 경제발전, 정부 위상 제고, 사업주 준법의식 제고로 산업질서 확립 등",,,,20240125,NA,NA
구충제 먹는날 정하기..,식품/보건/복지/가족,,제안추진,2008-04-09,보건복지부,"저는 1년에 한두번 정도 외국엘 다녀옵니다.

흔히 말하는 선진국 보다는 개발도상국이나 후진국엘 다녀오지요(동남아, 아프리카)

외국엘 다녀오면 늘 구충제를 먹곤 합니다.

이번에도 다녀와서 구충제를 아내와 먹으려고 하는데...

생각해보니.. 저희 부부문 먹어서는 안되겠더라구요..

같이 일하는 사무실 사람들이... 사무실에서 함께 밥을 먹고(찌게류) 공동 화장실을 사용하기에..

다같이 먹자고 제안을 했죠~

그러고 보니깐.. 사무실의 모든 분들은 그분들의 식구들과 함께 먹어야 하지 않겠냐고 나옵니다.

그러다 보니....

그 사무실 분들은 자녀들이나 형제 자매들의 학교와 친구들은 어떻게 하냐는 것 입니다.

곰곰히 생각을 해 보면서..

또 네이버에서 검색을 해 보면서 구충제 먹기 캠페인도 있는 것 같고

몇몇 사람들은 알아서 1년에 한두번 먹는 것 같은데..

가장 좋은 방법은 모두가 한꺼번에 먹어준다면???

우리나라 모든 국민들이 날을 잡아서 한번에 먹어준다면?

100%는 아니지만 좋은 효과가 있지 않을까 생각 합니다.

구충제가 가격은 비싸지 않지만(1000원 정도) 이런 캠페인과 함께 보건소나 정부 기관에서 

홍보도 하고 학교등에서 무료로 나누거나 아주 저렴하게 나눈다면

좋지 않을까 제안해 봅니다.


회충, 십이지장충.. 등등... 그녀석들 사진 보면 정말 드럽습니다.. 우엑..ㅡㅡ;;

박멸합시다.^^


좀 웃기지만 구충제 먹는 날~~을 정해요... 아님 적어도 대대적 캠페인이라도...",,,,20240125,NA,NA
국민제안 시스템에 대한 제안(우수제안댓글 문제),기타,,답변완료,2008-04-07,국민권익위원회,"우수제안에에 댓글을 달수 없게 되어있더군요 

이는 신문고 뿐만 아니라 타 정부 사이트도 같더라고요

제안에 대한 답변을 정부 직원만 하게 하는 것은 

매우 권위주의적이고 패쇄적인 방침 같습니다

조금 답답하기도 하고요 

제 경우는 우수제안을 더 많이 보는데 

우수제안은 조회수가 몇천이고 공개제안은 몇십인걸 보니 

저만 그런건 아닌듯 싶네요

인수위계시판에는 우수제안에도 댓글을 달수 있어 

불성의한 대답에 비판을 하거나 잘된 제안에 응원을 할 수 있었는데 

이곳 계시판은 참 답답합니다

우수제안 글의 경우 정부직원 뿐만아니라 

일반 시민들도 댓글을 덧불일 수 있도록 시스템을 개편했으면 합니다.",,,"정종수님 안녕하십니까? 

국민권익위원회 양은경입니다. 국민제안에 관한 좋은 의견에 감사드립니다.


귀하의 제안요지는「우수제안코너에 댓글 달기 기능을 도입하여, 국민의 적극적인 의견 제시를 가능하게 하자」는 것으로 이해됩니다.


과거 우수제안코너에서 해당 기능이 구현되어 있었으나 2008년도 1월 비공개제안의 수정 게시 및 해당기관의 홍보자료 등을 추가 첨부할 수 있도록 시스템이 개선되면서 동 기능을 삭제하게 되었습니다. 이는 달라진 메뉴에 적용될 수 있는 댓글 달기 기능을 별도로 개발하여야 하나, 사업기간 내 작업이 어려워 부득이하게 추진하지 않았던 사항입니다.


이 점 널리 헤아려 주시기 바라며, 바로 이루어지지 않더라도 추후 홈페이지 개편 시 말씀하신 기능을 도입할 수 있도록 노력하겠습니다.


앞으로도 국민제안에 많은 관심과 참여를 부탁드리며, 계절의 여왕 5월에 기분 좋은 일들만 가득하시길 기원합니다. 

감사합니다.",20240125,2008-05-13,NA
엄청난 고통속에서 죽는 농장개들을 살려주세요!!!!!! 진짜 이건 아니라고 봅니다.TTTTTTTTTTTTTTTTTT,행정/자치/안전,슬픈눈.JPG,답변완료,2008-04-04,서울특별시,"공개제안을 신청하실 경우, 본문과 첨부파일에 주민등록번호 등 귀하의 개인정보가 포함되지 않도록 유의하여 주 중요한것이 서울시의 허구성인 정책제안입니다. 


반려동물을 기르면서 개를 먹는 일부애견인들조차 찬성하는이유가 


""개식용합법화가 차라리 지금보단 개들이 받는 고통을 줄여주리라 

는 순진한 믿음에서 찬성한 수치가 다 포함된 것입니다."" 


이를 어찌 개식용합법화를 찬성하는 인구가 있다고 할수 있을까? 


그런 정책을 내놓았지만 불구하고 개식용합법화 반대표가 훨 많았 

습니다. 


서울시는 더이상 국민들을 우롱하지 마세요. 


★개식용합법화에서 오는폐해 


합법화된 축산동물이 얼마나 참혹하게 도살되는지 제대로 안다면 

그리고 그 사육과 도살방법이 효율과 이윤만을 위해 점점 더 악화 

의 길을 걸어왔다는 것을 안다면, 위생관리를 위해 또는 학대방지 

를 위해 개식용 합법화를 해야한다는 말은 도저히 할 수 없을 것 

입니다. 


개도 축산화되면, 이윤추구를 위해 보다 더 교묘한 학대방법이 점 

차 개발되어, 더 열악한 사육조건에 처하게 될 것이기 때문입니 

다. 




합법화는 절대 '위생'을 담보해 줄 수가 없습니다. 




활동성 강한 개들이지만, 살찌우려고 운동은 제한될 것이며, 뜬장 

에서 땅 한번 밟아보지 못하고 살다 죽게 될 것입니다. 


짖지 못하게 고막을 뚫거나, 물을 주지 않는 방법을 통해 활동성 

을 둔화시켜 사료를 덜 먹게하는 악덕업자들은 지금도 있고, 합법 

화 된다고 단속할 수 있는 일들이 아닙니다. 


그리고 일반적으로 개 도살 방법으로 사용된다고 알려진 전기충격 

법도 단번에 죽지 않는 경우가 많은 고통스런 도살법이라고 합니 

다. 




그러나 더욱 문제는 합법화 되어도 개는 아무나 쉽게 키우는 동물 

이라 음성적으로 도살하는 것을 막기 힘들다는 것입니다. 


개를 산채로 태워 죽이기 위해 개를 묶는 장치가 외진 곳에 감춰 

진 것이 발견된 적이 있습니다. 


개가 심한 고통으로 아드레날린을 분비해 육질이 좋아진다고 여기 

기 때문 입니다. 


또한 산채로 태우면 개가 고통스러워 알아서 몸을 돌려주니 털을 

태우기 쉽고, 죽임과 털 제거를 한꺼번에 할 수 있기 때문에 그리 

하는 것입니다. 


작은 개들에 사용하는 더 잔인한 방법들이 있지만, 차마 여기서 

언급하지는 못하겠습니다. 




이것들이 모두 전기로 도살하면 피가 굳어 맛이 없다는 이유로, 

그 리고 더 편하게 죽이기 위해 사용되는 방법들입니다! 


그러니 아무런 죄책감 없이 좀 더 맛있는 고기를 만들거나 조금 

더 쉽게 죽이려고 동물에게 최소한의 배려도 하지 않는 사람들을, 

개식용 합법화 정책과 부실한 동물보호법으로 어찌 막을 수 있단 

말입니까? 




현행법에 이미 잔인한 도살 행위나 학대 행위 금지 조항이 있음에 

도, 실제로 이런 잔인한 개 도살 행위로 처벌받은 사례가 전무합 

니다. 


그러니 합법화까지 한다면, 고통 속에 살다 비명에 죽어가는 개들 

은 훨씬 더 많아질 수 밖에 없을 것입니다. 




또한 활동성 강하고 예민한 개들이 식용으로 가둬키워지는 것 자 

체가 개선의 여지가 없는 잔학한 학대상황이므로, 합법화가 사육과 

정 에서의 학대를 줄일 것이라는 기대는 전혀 할 수 없습니다. 




개는 그 어떤 동물들 보다도 좁은 공간에서 키우게되는 축산체계 

에 맞지 않는 동물입니다. 



출처: <도서출판 더불어숨> 




개식용 관례를 버리고 법제적 금지를 하게된 나라들 


▶ 외국의 개고기 산업 규제화 및 켐페인에 의해서, 

개고기를 먹는 관례가 있던 나라 중 법제적/제도적 금지가 이루어 

진 사례 




- 대만: 애완동물이란 즐거움과 동반 목적으로 먹이를 주거나 기르 

는 개, 고양이 또는 다른 동물들을 말한다. 2001년 1월 개와 고양 

이를 고기나 모피용으로 도축, 판매, 소비하는 것을 금지하였음. 

벌금은 상황에 따라 50000~250000 대만달러, 특히 도살은 발견 때 

마다 연속 벌금으로 250000 대만달러(한화 8500000원 정도) 






▶ 2003년 12월 입법 통과되어 2004년 1월부터 이미 시행되고 


- 태국: 상업적인 목적으로 개와 고양이를 소비하는 것을 금지하겠 

다는 발표(2000년 자료)와 가축개발부에서 동물의 식용목적 운송 

과 도축 면허제를 실시하겠다(2003년 발표자료)고 하였음. 도축업 

자들의 집단적 항의가 거셈. 태국은 실제로 개와 고양이 가죽 거래 

로 인한 도축이 더욱 많음. 




- 필리핀: 1998년 동물복지법은 동물의 학대와 비식용동물의 도살 

을 금지하였음. 이 법에 따라서 개고기의 유통과 식용은 불법으로 

되어있음. 




- 홍콩: 홍콩은 1950년대부터 개의 도축과 식용이 이미 불법임. 그 

러나 근래까지 슈퍼마켓을 통하여 중국산 개고기가 팔리고 있어 집 

중적인 항의의 대상이 되고 있음. 




네팔과 싱가폴에서는 개와 고양이를 도축하는 것은 본디부터 불 

법. 

십시오.",,,"안녕하세요? 

반려동물에 많은 관심을 갖고 계신 조희정 님께 감사 드리며, 관련부서와 담당자가 수차례 바뀌어 지연 답변드린점에 대하여 대단히 죄송한 말씀을 드립니다.

 ""개고기 식용 합법화"" 반대에 대한 제안 내용을 잘 받아 보았으며, 검토 결과를 알려드리겠습니다.

개고기의 경우, 식품위생법상 식품으로 분류 할 수 없고, 혐오식품으로 분류되어 식품관련 부서에서 위생 감시 활동을 강화하고 있습니다.

또한, 동물보호 관련 부서에서도 동물학대 행위에 대하여 철저하게 감시 활동을 강화하고 있으며, 위반시에 1천만원이하 벌금 또는 

1년이하의 징역에 처하도록 규정되어 있습니다...

동물보호법 제32조의 규정에 동물판매업, 동물생산업 등을 관할구청에서 사후관리하도록 하고  동물 번식장에 대한 점검을 지속적으로

실시하여 동물보호 및 학대 행위에  만전을 기하고 있음을 알려드립니다.


동물보호와 복지에 많은 관심을 보내주신 조희정 님께 감사드리며, 가정에 행복과 건강이 항상 가득하시길 빕니다.   고맙습니다.",20240125,2013-01-21,NA
식품 사고 관련 법령에 관하여..,재정/금융/소비자,,제안심사,2008-04-02,공정거래위원회,"요즘 새우깡 사건등 식품사고로 국민모두에게 불안과 불신을 가져오고 있는 상황입니다.

현재 이러한 식품 사고 관련 소비자보호법에는 이물질혼입, 부폐 등의 식품 사고와 관련하여 ""동일 제품으로 교환 또는 환불"" 과 ""상해시 치료비 배상"" 으로 명기하고 있습니다. 


그러나 현실은 안일하게 대처하는 제조/유통자 또는 과도한 금액을 요구 하는 소비자로 나누어지고 있는 상황이라고 생각합니다.


당연히 동일제품으로의 교환 또는 환불 과 상해시 치료비 배상은 소비자의 당연한 권리이고 요구이나, 이것에 근거도 없이 과도한 위자료를 요구하면 제조/유통자에게도 많은 고통과 피해를 끼친다고 생각합니다.  특히 이것은 백화점이나 대형유통업체 쪽에 납품하는 중소기업인들에게는 많은 피해를 끼치고 있습니다. 


이에, 법령으로 명백히 위자료는 어떠어떠한 경우에 제품금액의 몇배까지 요구할수 있다라고 제정한다면 소비자와 제조/유통자 모두에게 명확한 근거가 되어 양쪽을 다 보호 할수 있지 않을까 생각합니다.",,,NA,20240125,NA,NA
유류인상,재정/금융/소비자,,제안심사,2008-03-29,공정거래위원회,정말 우리나라 대기업들 너무들하는 군요 전세계적으로 기름값이 비싼것도 모자라 인상속도는 가히 속도를 측정할수없군요 이나라는 법과 미래가 없는것 같아 슬프군요 대통령께선 서민안정을 걱정하시어 유류세인하하여 부담을 줄여 주시려 노력하고 계시는데 자기들만 배불려 욕심채우는 우리네 기업들을 바라보면 너무도 화가납니다 외국에선 우리나라 대기업의 관행과 행포를 두고 지금 바로잡지 못하면 나라전체가 정체된다고 하니 정말큰일이 아닐수가 없군요 나라의 정책에 역행하는 기업들 비리찾아내서 법대로차리하면 좋겠네요 공정위는 무엇하는지 모르겠네요 저번처럼 서민들 호주머니 다털고 단합행위 했다고 벌금 때릴건가요 한심합니다 국민의 혈세로 월급타시는분들 국민을 위한 일들을 하세요 과징금 때리지 마시고 비싸게 넣은 사람들에게 돌려주세요,,,NA,20240125,NA,NA
천안지역 방송국 신설이 필요합니다.,산업/방송/통신/과학,,제안심사,2008-03-28,방송통신위원회,"먼저 천안MBC, KBS천안이 필요 없다고 주장하는 쪽의 의견의 대부분은, 천안은 대전MBC 방송권역이니 방송국이 필요없다는 논리인데 제 의견은 조금 다릅니다.


방송법의 어디에도 도별로 지역 방송국을 하나만 허가한다는 규정은 없습니다.

같은 도 안에서도 생활권이 달라서 여러개의 방송국이 존재할 필요가 있으면 인접한 지역에도 방송국이 존재할 수 있습니다. 실제로 전남권의 경우 광주 외에 목포, 여수에 MBC, KBS가 있으며, 경남권의 마산, 진주, 창원에 방송국이 있습니다. 부산과 가까운 울산에도 UBC울산방송, 울산MBC가 있고, 강원도만 해도 춘천, 원주, 강릉에. 충남보다 인구가 적은 충북의 경우 청주와 충주로 방송권역이 나눠져 있습니다.


정확히 말하면 천안은 대전MBC의 전파가 닫기때문에 방송국을 세우지 않은게 아니라, 지역을 관할 할 방송국이 없기 때문에 같은 도에 속해있었던 대전의 전파를 중계소를 설치해 억지로 끌어온 것이 지금까지 답습되어 오는 것입니다. 다른 이유로는 수도권과 인접해 있다는 이유 때문도 있지만, 그보다는 과거 정권의 충남, 전북에 대한 지역 차별과 투자 부족 등에서 기인한다고 할 수 있습니다. 전라북도도 전주 이외 지역은 KBS군산방송국과 남원지국 뿐입니다.


서울이 중심부에 위치해 있어 전파가 고루 퍼지기에 유리한 수도권과 달리 충남은 대전이 한쪽 구석에 위치해 있기 때문에 전파가 도계를 벗어나지 않게 하려면 출력을 약하게 송출할 수밖에 없고, 따라서 충남 전체로 전파를 퍼지게 하려면 중계소를 설치해 전파를 증폭시켜야 합니다. 그 덕에 현재 KBS대전방송총국과 대전MBC는 매년 도 내 곳곳에 중계소를 설치하고 관리하는데 타지역 방송국보다 훨씬 많은 예산을 낭비하고 있습니다.


더 큰 문제는, 많은 사람들의 생각과 달리 충남은 결코 단일 생활권, 단일 문화권이 아니라는 겁니다.

천안, 아산, 예산, 서산, 연기, 당진, 태안 등 서북부 지역과 대전, 계룡, 논산, 공주, 부여, 금산, 서천 등의 충남 남부 지역은 생활권도 다르고 문화도 다릅니다. 그리고 충남 서북부 사람들은 자기 지역에서 접하기 힘든 문화나 물건을 찾으려 할때 서울로 가지 대전으로 가는 경우는 거의 없습니다. 생활권과 문화에 차이가 있는 만큼 서북부 지역은 서북부지역끼리, 남부지역은 남부지역끼리 서로 같은 권역만의 소식만을 접해도 생활하는데 큰 문제가 없습니다.


그럼에도 충남에는 방송국이 대전에만 존재함으로써 대전의 지방방송국이 충남 전체를 관할해야 하고, 이로 인해 타 지방 방송과 같은 시간 내에 다룰 수 있는 지역정보의 양이 상대적으로 부족해지고 깊이도 떨어지며, 방송국 본부에서 멀리 떨어진 북부권은 상대적으로 소외될 수밖에 없습니다.


따라서, 현재 대전 지역 방송은 충남 남부 지역을 가시청권으로 하고, 충남 북서부 지역을 가시청권으로 하고 북서부 지역의 보도와 목소리를 대변할 KBS천안방송국과 천안MBC가 신설되어야만 한다는 것이 저의 생각입니다.",,,NA,20240125,NA,NA
"불필요 주정차금지, 견인 표지판 철거.이전 재활용으로 예산 절감 방안",행정/자치/안전,,제안심사,2008-03-28,천안시,"<문제점>

-  차량들의 지정체가 없이 고속으로 진행되는 도로변이나, 주변에 주택과 상가가 밀집되지 않은 도로변에는 불법 주정차를 하는 차량이 전혀 없거니와, 

일반적인 국민들의 생각도 이러한 도로변에는 불법주정차를 할 지역이 아니라고 금방 파악이 된다.

그러나, 이러한 지역의 도로변에 주정차금지,견인표지판을 설치 하여 놓은 것은 누가 봐도 이해 할 수 없으며, 전문가인 관계공무원은 더욱 잘못 설치된 표지판이라는 것을 알고 있을 것이다. 

아니면, 묵인 했거나, 설치후 차후 현장 확인등을 하지 않아서 발생 될  수도 있을 것이다.

결국은 국민의 세금으로 고비용을 들여서 제작된 표지판이 제자리를 찾지 못하고 엉뚱한 곳에 설치되여 있으면서, 막대한 예산 낭비와 손실만 따르게 되는 결과가 되고 있다. 


<개선방안>

= 상기 문제점에서 지적한, 지정체가 없는 고속주행도로변, 주택,상가가 밀집되지 않은 도로변에 설치되여 있는 주정차금지.견인지역 표지판을 철거하여, 정말로 필요한 지역(도심지역의 불법주정차가 난무한 지역)에 재 설치하여 활용 하는 것이다.


<효과>

= 주정차금지.견인지역 표지판 설치 남발로 발생 되는 비용을 줄임.

(전국 도로변을 점검하게 되면 이러한 불필요하게 설치되여 있는 문제의 표지판이 엄청나게 많을 것이 확실시 되므로, 예산 절감 효과가 매우 클 것으로 판단함.)


<현재 천안지역 일부 지적함>

○시청(종합운동장)앞 도로변 주정차금지.견인표지판 불필요함.

===가까운 주변에 주택.상가가 밀집되여 있지 않으며, 차량의 고속주행 도로임으로 평시에 불법 주정차를 할 지역이 아니며, 누가봐도 할 수 있는 지역이 아니며, 관계 담당자가 확인하면 더욱 확실히 알게 될 것이다.

(단, 경기장 인근이므로 각종 행사나 경기가  있을시 어쩔 수 없이, 경찰관이 도로변에 주차를 유도하여 주정차를 시키고 있으며, 행사.경기시 일시적인 현상이다.) 

○백석공동묘지앞(아산경계지역) 도로변 주정차금지.견인표지판 불필요함.

=== 이지역 도로변도 주택이나 상가가 밀집되여 있는 지역도 아니고, 고속주행 지역이라 불법주정차를 할 수 있는 지역이 아니며, 누가봐도 불법주정차를 할 수 있는 지역이 아니며, 관계 담당자가 확인 하면 더욱 확실히 알게 될 것이다.(단, 명절에 성묘객들이 몰리고 있느나, 관리인들이 주정차 관리를 하고 있으며, 명절일 일시적인 현상이다.)",,,NA,20240125,NA,NA
난지도에 세계적으로 유일 무일한 대형 꽃동산 조성 이나 대형인공폭포 구축하자,행정/자치/안전,1.jpg2.jpg봉투.jpg,답변완료,2008-03-28,서울특별시,첨부,,,"○ 난지도 매립사면에 대한 제안은 2007년에 유사제안 검토후 실행불가처리

   - 2007.4월 천만상상오아시스(매립사면에 Hi Seoul, Welcome to Seoul 서울 홍보사인 검토 - 입체글씨 또는 초화류로 표현)

     ⇒ 기존 식생제거 등 사면안정성을 해침

   - 2007.7월 정책연구발표회(매립사면에 초대형 인공폭포 설치)

     ⇒ 사업비 과다소요, 현실성 없음

○ 이미 유사제안이 실행불가 검토된 바 있으며, 현재 한강르네상스 사업이 종료되어 추가 검토 곤란(공원관리에 참고하고자 함)",20240125,2013-01-21,NA
건물마다 태양광 발전소를 지으면,국토/교통/농림/해양,,답변완료,2008-03-24,국토교통부,"원유값의 폭등으로

에너지 비용이 늘고 있습니다. 환경비용도 늘고 있습니다.

친환경에너지를 생산해야 합니다.

제주도에가니 풍력발전소가 많더군요. 기분이 좋았습니다.


바람이 많이 부는 곳은 풍력발전을 하면 좋겠지만, 그렇지 않은 곳엔 태양광 발전을 하는 것이 좋겠습니다.

건물을 지을 때 태양광 발전기를 설치하는 것을 의무화 하는 것입니다.

예를 들면 아파트 지을 때 태양광 발전기를 설치하는 것이지요.

아파트 옥상에설치하거나, 요즘엔 미관을 좋게 하려고 하는지 무슨 갓 같은 모양도 많이 올리던데,

그 갓모양의 미관물을 태양광 발전기로 대체하는 것입니다.


또 남쪽을 향하는 벽에 태양광 발전기를 설치하는 것입니다.

태양광 발전으로 공용전기에 사용한다면 아파트 건설비가 좀 올라도 입주자들이 공용전기요금을 덜낼 수 있으니 

싫어하지 않을 겁니다.

남쪽을 향한 벽.. 여름에 뜨거워질텐데 태양전지판을 설치하면 벽이 뜨거워지지 않아 좋을 것입니다. 

아파트 관리소에는 전기담당자가 늘 상주하니 발전기 관리는 어렵지 않을 것입니다.

특히나 앞으로는 이산화탄소 배출권도 있다고 하니 환경적으로도 큰 이득이 될 것으로 봅니다.


일반 건물 옥상도 그냥 방치되어 있는 곳이 많은데, 그곳에 태양전지를 설치하게 하면

전기도 생산하고 옥상 복사열 때문에 맨 위층이 더워지는 현상도 막을 수 있고, 

잘 만 만들면 옥상 방수도 겸해지지 않을 까 생각합니다.

태양전지판의 소비가 많아지면 생산 단가도 떨어질 것 같습니다.",,,,20240125,NA,NA
국민권익위원회에 미아찾기 컨텐츠 항목 추가 ,기타,,답변완료,2008-03-17,국민권익위원회,"국민권익위원회에서 미아찾기 컨텐츠를 만들었으면 합니다. 미아찾기는 범국민적으로 일을 진행해야 합니다. 그만큼 중대한 국가의 임무이기도 합니다. 미아라는 즉슨 국민의 소중한 자식분들입니다. 즉, 반드시 국가와 국민이 나서서 미아를 찾아야하는 의무를 가지게 됨을 뜻합니다. (국민의 권익을 위해서도 중요한 일이기도 합니다.)


국민권익위원회에서 미아 찾기 컨텐츠를 따로 추가했으면 합니다. 국민들께서 미아에 대한 제보를 국민권익위원회에 하면 국민권익위원회는 미아에 관련된 공공부서에 따로 연락을 취하고 그와 동시에 국민권익위원회 메인 홈페이지와 각종 신문사 그리고 포털사이트등에 협조 공문을 보내 대대적으로 미아에 대한 신상 정보를 공개하여 미아를 최대한 빨리 찾도록 국민권익위원회에서 적극적으로 일처리를 해야할 것입니다.


기대효과 > 

국민들께서 국민권익위원회의 신뢰도가 크게 향상될 것입니다.

국가에 대한 신뢰도가 크게 향상될 것입니다. 

미아를 신속하게 찾을 수 있게 함으로써 국민들께서 크게 안심하실 수 있을 것입니다.",,,"○ 전홍현님 안녕하십니까? 국민제안과 우리 위원회에 관한 좋은 의견에 감사드립니다.

 ○ 귀하의 제안요지는「국민권익위원회 홈페이지에 미아 찾기 컨텐츠를 만들어 공공기관 및 포털사이트를 통하여 신속하게 미아를 찾을 수 있도록 하자」는 것입니다.

 ○ 실질적으로 실종 아동이 발생하고 있고, 신속한 정보 획득이 실종 아동 찾기의 주요 요소로 작용하기 때문에 홍보 등 행정 기관의 역할이 중요하다고 생각하고 있습니다.

 ○ 현재 경찰청 실종아동찾기센터(www.182.go.kr)에서 실종아동찾기를 진행하고 있어 실종아동찾기 창구역할을 하고 있습니다. 따라서, 국민권익위원회 홈페이지에 실종아동찾기센터(www.182.go.kr) 배너 링크를 통하여 직접 이동이 가능하도록 차후 구현하도록 하겠습니다. 

 ○ 2008년 전홍현님의 가정에 행복이 가득하길 소망합니다. 감사합니다.",20240125,2008-04-08,NA
"국민권익위원회 ""미담"" 컨텐츠 개설 ",기타,,답변완료,2008-03-17,국민권익위원회,"국민신문고의 중요한 역활중에 하나는 미담을 알리는 것입니다. 미담에 관련된 컨텐츠를 따로 개설하는 것은 어떨까요. 국민들께서 행정기관을 일일히 찾아다닐 필요 없이 미담부분을 따로 항목을 개설해 컨텐츠를 마련한다면 국민권익위원회 공직자께서는 보다 효율적으로 업무를 분류할 수 있으며, 국민들 입장에서는 편리하게 컨테츠를 활용할 수 있을 것입니다. 


또 우수한 미담에 대해서는 언론사에 공개하여 소개를 한다면 국민권익위원회의 신뢰도가 한층 높아질 것입니다.",,,"1. 선생님께서 신청하신 국민제안( 1AB-0803-002566, 국민권익위원회 미담사례 전용 게시판 개설)에 대한 검토결과를 아래와 같이 알려드립니다.


        2. 국민신문고는 전 중앙행정기관의 민원, 국민제안, 정책토론 등의 기능이 통합되어 운영되는 시스템으로 보다 다양한 민원처리사례 등을 확보하여 국민들에게 제공하고자  하고 있습니다.


        3. 다만, 선생님께서 제안하신 “미담사례”는 각급 기관의 미담사례 운영현황 등을 파악하여 장기적으로 검토하도록 하겠습니다.  끝.",20240125,2008-04-14,NA
국민권익위원회 모범공직자 추천란 개설,기타,,답변완료,2008-03-17,국민권익위원회,"국민권익위원회에 모범공직자 추천란을 개설하는 것은 어떨까요? 국민들께서 공공기관에 대해 감사한 일이나 감동적인 사연을 엮은 ""모범 공직자 추천"" 컨텐츠를 새로이 개발해 추가한다면 국민들께서 행정기관을 일일히 찾아다닐 필요 없이 국민권익위원회에서 편리하게 모범 공직자 추천을 할 수 있을 것입니다. 


기대효과 > 

공무원에 대한 국민들의 신뢰도 증가 

공공기관 편리함 증대",,,"○ 전홍현님 안녕하십니까? 국민제안과 우리 위원회에 관한 좋은 의견에 감사드립니다.

 ○ 귀하의 제안요지는「국민권익위원회 홈페이지에 모범공무원 추천란을 신설하여, 국민들이 이용 가능하도록 하자」는 것입니다.

 ○ 모범공무원 추천에 관하여는 행정안전부 상훈담당관 소관 사항이며, 국민권익위원회 소관 사항이 아닌 것으로 사료됩니다.

 ○ 또한, 현재 행정안전부 상훈포털 시스템(www.sanghun.go.kr)에서 모범공무원 추천을 진행하고 있어,  정부포상 국민추천 메뉴를 이용하시면, 모범공직자 추천이 가능합니다. 

 ○ 2008년 전홍현님의 가정에 행복이 가득하길 소망합니다. 감사합니다.",20240125,2008-04-08,NA
국민권익위원회(국민신문고) 회원가입시 민원신청번호는 자동으로 공개,기타,,답변완료,2008-03-17,국민권익위원회,"국민권익위원회 회원가입시 민원신청번호는 자동으로 공개가 되었으면 합니다. 회원가입후에 민원신청번호를 메일로 송신하기보다 민원신청번호를 회원 가입자가 볼 수 있게 하는 것이 더욱 편리할 것입니다. 


회원가입이 안된 미가입자는 민원신청번호가 중요하지만(그래야 민원 서류를 찾아볼 수 있지만)어차피 회원 가입을 할 경우에는 민원신청번호에 대해 별 의미 부여가 없습니다. 


회원 가입할 경우 민원신청번호를 메일로 따로 부여하는 것이 아니라 회원가입자에 대해서는 민원신청번호를 메일로 따로 송신할 필요 없이 국민신문고 홈페이지상에서 곧바로 볼 수 있게 시스템 개선을 한다면 국민들께서 국민신문고를 더욱 편리하게 활용할 수 있을 것입니다. 


개선 방안 > 

회원가입자 민원신청번호 국민신문고 홈페이지 상에서 곧바로 볼 수 있게 처리 


기대효과 > 

회원 가입 유도 

국민들 국민 신문고 더욱 편리하게 생각",,,"1. 국민제안(국민권익위원회(국민신문고) 회원가입 시 민원신청번호는 자동으로 공개)에 대한 검토결과를 아래와 같이 알려드립니다.


2. 제안 취지는“국민신문고 회원에게는 민원신청번호를 홈페이지 상에서 바로 볼 수 있도록 해 달라”는 것이나

   - 민원 신청 번호는 국민신문고에 민원 또는 제안 신청 즉시 화면을 통해 확인 가능하며 “진행상황알림”을 “이메일”로 선택한 신청인에 한하여 신청 완료 알림을 위해 이메일로 발송하고 있습니다.

   - 또한, 회원으로 가입하는 경우에는 민원 신청번호가 없어도 회원 비밀번호를 이용하여 비공개 민원 확인이 가능하고 민원 상세 내용 열람 시 신청번호가 함께 제공되어 현재도 홈페이지 상에서 바로 확인 가능합니다.


3. 다만, 나의 민원 목록에 바로 민원신청번호를 제공하지 않는 것은 

   - 민원신청번호를 개인정보로 간주하여 보호하기 위한 절차임을 양해하여 주시기 바랍니다.  끝.",20240125,2008-03-31,NA
국민권익위원회 민원처리결과 만족도 조사? ,기타,,제안실현,2008-03-17,국민권익위원회,"국민권익위원회의 민원처리결과 만족도 조사에서 순서가 뒤밖인 것 같습니다. 


귀하가 신청한 민원은 해결이 되었습니까? 

해결, 미해결, 부분해결 

이렇게 되어 있습니다. 


미해결, 부분해결의 별점이 순서가 잘못된 것 같습니다. 기본적으로 생각했을때도 미해결이 된 민원이 별점이 낮아야 하고 부분해결이 미해결보다 별점이 높아야 되는 것이 정석입니다. 하지만 국민권익위원회는 그 기준이 모호하군요. 부분해결이 별점이 낮고, 미해결이 별점이 오히려 높더군요. 그건 상식적으로 이치에 맞지 않습니다. 부분해결이 미해결보다 별점이 높아야 합니다. 빠른 시스템 개선 요청 부탁드립니다. 


기대효과 > 

신문고를 이용하는 국민들이 ""민원처리결과 만족도 조사""를 하는데있어 혼란스러워하지 않을 겁니다. 


추신, 

""민원처리 만족도""가 정확하게 어디에 쓰여지는지도 자세하게 나와있지 않습니다. 

민원처리 만족도 조사가 왜 중요한지도 나와있지 않습니다. 민원처리만족도 조사가 어느 조사에 쓰여지고 공무원 평가에 어떤 영향을 가져오는지도 비교적 상세하게 기술되있다면 국민들의 이해도를 높일 수 있을 것입니다.",,,"1. 국민제안(국민권익위원회 민원처리결과 만족도 조사)에 대한 검토결과를 아래와 같이 알려드립니다.


2. 제안 취지는“민원처리결과 만족도 조사 중 질문1의 선택 항목 문구와 아이콘이 서로 맞지 않으니 교정 처리해 달라”는 것으로

    - 시스템 사용과 관련하여 불편을 드려 죄송하다는 말씀을 드리며 관련 내용에 대한 시스템 보완 지난 2008년 3월 19일 완료하였음을 알려 드립니다.


3. 더불어, “민원처리 만족도가 어디에 쓰이는지 자세히 나와 있지 않다”라는 지적과 관련하여

    - 만족도 조사 결과는 각 처리기관의 운영 점검의 기초 자료로 활용되고 있습니다. 이러한 안내 사항을 만족도 조사 화면에 반영하는 방안을 향후 검토하도록 하겠습니다.",20240125,2008-03-31,"민원 만족도 조사 관련 문구, 아이콘 순서 조정"
대포차의 문제점과 해결방안,국토/교통/농림/해양,,답변완료,2008-03-15,국토교통부,"대포차의 문제점과 해결방안


1. 대포차의 정의

	자동차등록원부상의 소유자(형식상 소유자)와 실제 소유자 내지는 실제 이용자가 다른 경우


2. 대포차의 문제점

	ㅇ. 대포차의 경우에 실제 소유자가 자동차정기검사를 받지 않으면 그 책임이 형식상 소유자에게 있고 정기검사 예정기일 고지도 형식상 소유자에게 고지되므로 실제 소유자는 그 기일을 알지 못할 가능성이 많고, 정기검사기간을 알고 있다해도 정기검사를 받지 않으면 그 해결방법이 없음

	ㅇ. 실제 소유자가 자동차 운행중 적발된 신호위반등 과태료를 납부하지 않을 경우 그 납부책임이 형식상 소유자에게 있어 실제 소유자는 제교통법규를 준수에 미온적이고, 행정기관에서 대상 차량을 압류할려고 해도 그 사용본거지를 알지 못하는 관계로 자동차번호판 영치 등의 행정처분을 하는 것이 사실상 불가능하고, 과태료를 징수하는 것 또한 사실상 불가능. 

	ㅇ. 실제 소유자가 책임보험 등 자동차관련 보험에 가입하지 않는 경우 형식상 소유자가 그에 대해 형사책임을 져야 할 뿐만 아니라, 교통사고 발생시 피해자에게 심대한 피해를 입힘.


3. 현행법상 대포차의 해결방안 유무

	ㅇ. 실제 소유자에 대해 현행 형법, 자동차관리법 등 제 형사법에 처벌조항이 없음

	ㅇ. 형식상 소유자가 차량을 회수하기 위해 절도로 고소할 경우 무고죄가 성립하여 고소할 수도 없음. 

	ㅇ. 경찰관서에 도난신고를 할 경우, 통상 대포차는 정상적인 자동차매매계약에 의해 유통된 것이므로 도난신고의 대상이 아니므로 형식상 소유자가 허위의 도난신고로 과태료 처분을 받게 됨. 

	ㅇ. 민사법상의 해결방안-정상적인 매매계약에 의해 이전된 것이며 단지 매수자가 명의변경을 하지 않는 것에 불과하여 민사상 차량을 회수할 수 없으며, 단지 과태료, 자동차세금 등으로 인해 피해를 본 경우에 민사상 손해배상 청구등의 절차를 밟을 수 밖에 없음. 

	위와같이 현행 형사법, 민사법상 형식상 소유자가 대포차를 회수하여 그 폐해를 중지시킬 방법이 없으며, 그 피해는 모두 형식상 소유자에게 있게 되어 정의에 반하고, 서민에게 심대한 피해를 주고 있음. 


4. 해결방안

	ㅇ. 자동차매매계약에 의해 차량을 매도하였는데 매수인이 명의변경을 해 가지 않는 경우에 일정기간이 지나면 매도인 독단으로 매매계약서 등의 증빙자료를 첨부하여 자동차 명의변경의 절차를 밟을 수 있도록 입법함이 타당.

	ㅇ. 위와같은 명의변경시 매도인이 허위의 내용으로 명의변경할 경우에는 그에 대해 형사처벌 조항을 신설함이 적정.

	ㅇ. 자동차매매계약서 없이 구두계약 등에 의해 매도하였는데 매수인이 명의변경을 하지 않는 경우에는 매도인의 신고로 경찰관서에서 도난신고를 수리할 수 있도록 하고, 수배하여 차량을 회수할 경우 강제적으로 명의변경할 수 있는 규정을 둠이 타당. 

	ㅇ. 자동차매매계약에 의한 잔금을 지급받고 일정기간(예, 1개월)내에 명의변경을 하지 않는 매수인에 대해 형사처벌 조항을 둠이 상당.",,,,20240125,NA,NA
국토이용계획법 내용중 연접의 부당성에 대하여 ,국토/교통/농림/해양,,답변완료,2008-03-15,국토교통부,"이명박정부의 출범을 진심으로 축하드리며 어렵고 힘들더라도 잘 해 나가시리라 믿습니다.

제안하고자 하는 내용은 

국토이용계획법 제58조 제1항 1호와 동시행령55조의 개발행위허가의 규모의 법령에 따르면 

연접이라는 제한에 걸리게 되어 주택과 제1종근린생활시설에 해당하는 소매점외에는 그리 건축할수 있는 용도가 없다는 것입니다.

건축설계 상담을 하다보면 만흔 민원인이   공장, 창고, 사무소, 학원, 기타 여러가지 용도를 건축하여 사용하고 싶지만 도저히 연접에 걸리지 않은 땅이 별로 없어서 할 수 가 없다는 말씀입니다.

연접규정에 의하여 발생하는 단점을 여러 사람과의견을 나누어 생각해 보았습니다.


1. 땅값 상승의 원인입니다.

 공장을 짖고 싶은데 연접에 걸려 공장은 할 수 없고 또 할수 있는 땅은 극히 소수여서 그 땅을 매입하려고 하면 고가를 주어야 만 살 수 있으니 중소기업하는 자들이 어떻게 부지를 구입할수 있겠습니까. 노무현정권시절에 난개발방지를 위하여 만든 것이 아무효과도 없이 국민들만 힘들게 하는 법으로 존재하고 있습니다. 제발 시정이 되었으면 합니다.


2.국민들이 범법자가 됩니다.

주택이나 소매점 외에는  개발하여 건축을 할수 없으니  소매점으로 허허 벌판에 허가를 받아 준공 후 무단 용도 변경하여 공장이나 창고 등으로 사용하니 정부에서 범법자를 만드는 곳이 아니고 무엇이란  말입니까? 

국민들이 꼭 필요한 용도를 사용하고자  하여도 그렇게 할 수 없는게 현실입니다.

제한하는 것이 너무 많아 살기가 어렵습니다.


3.중소기업(공장,창고)을 확장할 수가  없습니다.

공장부지나  창고부지를  늘리고자 하여도 주변에 있는 땅들이 연접제한에 묶여 있어서  부지 확장에 애로가 많으며 나대지가 있다해도 개발행위허가의 규모에 걸려 이러지도 저러지도 못하는  상황입니다.


규제를 풀어준다고 하는데 이러한 기초적인 것이 풀리지 않는다면 중소기업하는 많은 사람들이 눈물을 머금고 높은 땅값주고 땅을  사서 적자보는 현실을 바라보면서 어쩔수 없이 해야하는 마음 안타깝게 전하오니 부디 관계법령을 정리하여 주셔서 대한민국이 보다 잘 사는 나라로 성장할 수 있도록 조치하여 주시기 바랍니다. 


감사합니다.",,,,20240125,NA,NA
대중교통 시민을 위한 정책에 대하여,행정/자치/안전,,제안심사,2008-03-13,천안시,"저는 천안시 성거읍에 거주하는 시민으로 정부에서 언제나 시민을위한 교통정책에 대하여 한번쯤 생각해봐야 할거같아서 이렇게 제안을 합니다,,, 2007년 천안시내 방향으로 진행하는 버스 노선에대하여 유선으로 건의를 하였으나 무성의한 답변에 실망을 금치 못했습니다.그러던중 2008년 신규노선에 대하여 시민을 위한 정책이 많이 반영 되었을 것으로 기대를 하였으나, 2007년보다 더욱더 시민을 위한 버스노선이 아닌것 같아서 시에 건의를 하였으나, 참고하여 본다는 답변뿐 속시원한 해결책을 말씀 해주시지 않으셨습니다. 건의내용은 2008년 변경된 버스 노선에 따른 버스 배차간격이 2007년 변경전 배차간격보다 훨신 넓은 간격으로 운행되어 아침 출근과 학생들에 등교에 많은 차질을 있어 단대병원에서 회차하는 버스를 성거까지 연장 회차를 건의 하였으나, 후추에 검토 해보겠다는 말과 함께 7시부터 7시30분까지는 원래 배차시간인 10분보다 빠른 5분이라는 배차시간을 두었다고 말씀해 주셨습니다. 하지만  성거에 사는 시민이라면 누구던지 배차시간이 5분이라고는 느끼지 못할정도의 버스배차 간격이 넒을 뿐만 아니라 무정차또한 수시로 범해지고 있습니다. 직접 체험하고 확인 하지않은 말뿐이고 겉모습뿐인 정책으로 우리아이들의 등교와 직장인들의 출근에 많은 어려움이 있다는걸 해아려 주시지 못하는것 같아 이번 2008년 버스노선 변경 정책이 시민을 위한 정책인지 아니면 천안시 지방자치의 겉모습을 치장하기 위한 정책인지 궁금하여 제안 합니다.",,,NA,20240125,NA,NA
부동산 과장광고 해결방안,재정/금융/소비자,,제안심사,2008-03-12,공정거래위원회,"안녕하십니까?    저는 공인중개업을 생업으로 하고 있습니다.

그런데 요즘 부동산경기가 영아니거든요?  그런데다가 부동산과장광고가 등장을 하면

손님들도 모든 중개업자도 같다라는 생각을 같고 계세요.   정말 억울하고 속상한일이지요.

그래서 제안합니다.


현행광고 방식


""서울00분대"" ""00역 0분거리"" 등

그런데 살펴보면 ""서울00분대""는 아마도 새벽에 과속과 신호위반을 해야만 가능한 시간대고요,,,,, ""00역0분거리""는 자가용으로 가능한 거리라는 겁니다.


문제점


1. 추후 계약자와 건설사간의 분쟁가능성

2. 소비자들의 불신(부동산업자들의 이야기는 모두 거짓말)

3. 시장의 부동산 가격왜곡


해결방안


1. 출발지와 목적지를 명기하여 시간 및 거리 표기 의무화

2. 교통수단 명기 의무화(자가용, 버스, 자전거, 도보 등)

3. 시간대 명기 의무화(출근시간대, 퇴근시간대, 새벽녘, 자정경 등)

4. 예를 들면 "" 마석역에서 잠실역까지 새벽시간대에 자가용으로 30분대 가능""

5. ""본광고내용과 상이시 건설사에서 과장광고에 따른 손해함""을 명기


검토 부탁드립니다.",,,NA,20240125,NA,NA
중고제품에관한 법규정미비 합니다..,재정/금융/소비자,,제안심사,2008-03-11,공정거래위원회,"정말열받아 미치겠습니다..신문고가 대체 왜있는건지 정말 기가찰노릇입니다..

제가1월25일에 원룸으로 이사하면서 중고제품을 구매했습니다...지마켓에서 찾아보던중

정확한 가격이 제시되어있지 않아서 전화번호로 전화를 했더니 여러가지 구매하면

싸게해주겠다고 직거래를 하자고합니다..저는 지마켓이라는 큰회사이기때문에 믿고 그업체와 직거래를 하게되었습니다..지마켓에서 구매하면 수수료때문에 싸게해줄수없고 그런이유로 저도 한푼이 아쉬운 생활이라 그렇게 하기로해서..완전평면 29인치 티비15만원 세탁기와 배송료2만원 포함해서 25만원에 거래를 했습니다..직접 물건가지고 설치해준분께 돈을드리면 된다고 해서 그렇게했구요..그런데 기사분가시고 티비를 트니 지지직 타닥 하는 폭발할것같은 소리가 들렸습니다..가끔이 아니고...계속이었죠..그래서 다시 연락을하니 창고에 오래보관을해서 습기때문에 그런현상이 있는것같다고..몇일있어보랍니다..몇일있었습니다..저는 티비를 볼시간이 별로 없고 일끝나고 와서 자기바빠 티비확인을 잘안했어요..그런데 주말에 가족들이와서 티비를 틀어놓는데..잡음도 심하고 계속해서 티비전원을 켤때마다 폭발하려는듯한 소리가 계속나는 겁니다..다시 전화해서 교환해달라고 하니...알았다고..하곤..기다려서..제가쉬는 월요일에 물건을 가지고왔는데...이건 완전평면도 아닌볼록한 티비이고..

리모컨도 고장나서 안돼는걸 가지고 오신겁니다..기사분께 말씀드렸더니 자기는 배송만하는 기사이고 회사로 전화를 하라는 말만하고 리모컨까지 가지고 갔습니다..그티비..정규방송 하나도 안나옵니다..채널도 막돌아갑니다...다시전화해서..임의대로 이런걸 가져다 놓았냐고 했더니..소리소리 지르고 화내면서 에이에스 해준다고 자기가 언제 안해준댔냐고 엉뚱한 소리만 해댑니다....그래서 전여기서 구입하고 싶지않으니 환불해달라고 했더니..그럼 배송료를 지불하라고 합니다..그래서..왜..하자있는 제품을 그쪽에서 주었는데 배송료를 물어야 하냐고 하니까...화내며 마음대로 하라고 끊어버립니다..보시다못한 저희엄마께서 전화를 걸어...그럼 다음주 월요일에 내가 올라와 있을테니..그안에 다른물건이 들어오지 않겠느냐..그때까지 기다릴테니..가져다달라하니..가지고 갔던 원래 29인치 티비를 에이에스 해서 가져다 준다고(3월2일까지)약속하고 끊었습니다..그리고 3월2일이 되었는데 저녁때까지도 전화한통 없습니다..너무 화가나서 전화를 했는데..안받습니다..일주일 내내 안받았고..제가 문자까지도 보내고...저희가족들 돌아가며 전화했는데 한통도 안받았습니다..그래서 신문고에 글올렸고..경찰청으로 넘어가더니..용인경찰서로 넘어갔다고 하더니..그건 해결안돼는거라면서 성의없는 전화한통 해주시더군요...이런식으로 하실꺼면 신문고가 왜있는겁니까??

가난한 사람이 돈이없으니 중고를 사는거고..3개월안에는 보상 받을수 있어서 신고를했는데..안된다니요?? 오늘 다시 그사람에게전화를 했습니다 받더군요..다른사람이..그래서 용인이라고..다시 말했더니..제가 잘모르고..화재가 났었다면서..확인후 금장 전화를 준다고 했습니다..한시간넘게 기다렸는데 연락이 없어 또전화 했습니다..그랫더니 전에 화냈던 사람이

다시받더군요..받아서..이번주 금요일까지 가져다 준다고 했습니다..전또 믿을수없어서..

신고해뒀다고...이번에도 약속 안지키면 그냥 고소하겠다고 했더니..또 마음대로 하랍니다

이건머 민사도 안돼니 알아서 하라고 또 소리소리 지르고 화내길래..그냥..좋게 환불해달라고 배송료 2만원 물테니..23만원 달라고 했더니 왜23만원이냐고 세탁기도 다가져가시라고 했더니 그렇게는 못하겠다고 직접 가지고 오랍니다..그럼 제가 직접 가지고 갈테니 주소와 상호명과 회사전화번호 알려달라고 했더니 주소 대충 불러줍니다...회사전화랑 상호 알아서 뭐할꺼냐고 네비게이션 찍고 오는길에 전화하랍니다...그래서 지금갈꺼니까 전화번호랑 상호명 알아야 찾아갈꺼 아니냐고 했더니 그냥 편하게 신고하라고 소리지르면서 전화끊어버렸습니다..정말 황당하고 화가나서 참을수가 없습니다..없는돈에..일끝나고 오면 힘들어서 누워있으면서 티비나 보려고 구입했는데...정말이지 살기힘든나라네요..이런게 배상책임이 없으면 어디에 하소연을 해야합니까?? 신문고도 믿지 못하겠네요..특히나 서로 떠미는 경찰청쪽은 더못믿겠네요..제동생도 중고 냉장고 구입했다가 원룸인데 전기요금이15만원씩 나와서 주인집에 말해보고 다해도 소용없어서..냉장고가 원인인걸 뒤늦게 알고 근1년을 전기요금 그렇게 내며 살았는데...6개월이 지나서 배상책임 없다고 그게 끝이더군요...없는사람들은 이렇게 서러움 받으며 살아야 하는겁니까?? 정말 우리나라 못가진자..힘없는자는 살수 없는 나라같군요...너무 화가납니다...",,,NA,20240125,NA,NA
참여마당 신문고 개명 건,기타,,답변완료,2008-03-02,국민권익위원회,"이 사이트에서 사용하고 있는 참여마당이라는 용어는 노무현의 참여정부에서

따온 용어로 알고 있습니다. 이제 정권이 바뀌었으므로 정권의 코드에 맞출 필요가

있습니다.  그러므로 청와대 사이트에서는 참여마당이라는 용어대신에 국민마당이라는 용어를 사용하고 있으며 그 하위메뉴에 자유게시판이 있습니다. 정권이 바뀌었으므로 정권의

코드에 맞게 참여마당이라는 용어를 국민마당이라는 용어로 교체하는 것이 바람직하다고 보여집니다.  따라서 참여마당신문고는 국민마당 신문고가 되어야 하겠습니다.",,,"1. 노주환님의 국민제안(1AB-0803-000221; 참여마당 신문고 개명 건)에 대한 검토결과를 다음과 같이 알려드립니다.


2. 먼저 저희 신문고 시스템에 대한 관심과 애정어린 충고에 깊은 감사의 말씀을 드립니다.

- 저희 국민권익위원회는 새정부 출범에 따라 '국민을 섬기는 정부'의 이념에 걸맞는 신문고 시스템의 명칭 변경을 검토하여 온 바, 2008.3.12일자로 시스템의 명칭을 '국민신문고'로 변경하게 되었음을 알려드립니다.

- 3.13~3.16일까지 신문고 홈페이지 변경작업을 진행하였으며, 향후 행정안전부 등의 유관기관과 긴밀한 협조를 통해 '국민신문고' 명칭의 대국민 홍보에 더욱 노력하도록 하겠습니다.


3. 상기 내용 이외에 추가로 궁금하신 사항이 있으신 경우 국민권익위원회 인터넷신문고과 노성래(02-360-2742)에게 연락주시면 성심껏 답변드리겠습니다.  끝.",20240125,2008-03-17,NA
식품 구매대행의 문제 개선,식품의약품,,답변완료,2008-02-22,식품의약품안전처,"인터넷의 발달로 인터넷을 이용한 쇼핑몰이 증가하고 있으며, 연예인뿐만 아니라 


많은 사람들이 쇼핑몰사업을 시작하고 있는 실정이다.


쇼핑몰의 발달로 국내쇼핑 이외 해외쇼핑을 대신해주는 이른바 구매대행쇼핑몰 또한


발전을 하고 있는 추세로 이에 맞춰 관세청에서는 2005년 1월 1일 부로 


구매대행업체를 합법화 하였다.


이는 관세등의 탈루사례나 불법적인 수입형태가 줄어들 것으로 전망했기 때문인데,


식약청에서는 구매대행업 역시 식품의 경우에는 수입업으로 정하여 불법으로


정하고 있다. 이로 인해 현재 국내법을 피하기 위해 사업자를 해외로 등록하여 


식품 및 기타 비타민제를 판매하고 있는 실정이다. 


이는 식약청에서 국내사업자는 국내법에 접촉을 받아 식품판매 및 허위과대광고 등


모두 바로 문제해결이 가능하나, 해외사업자는 국내법을 적용할 수 없기 


때문에 발생되는 문제인데, 식품 및 기타 비타민제 판매의 경우 


해외사업자가 90% 이상은 아니다. 단지 지인을 통해 이름만 빌려 사용하고 있을 뿐,


이는 국내 입금계좌 및 쇼핑몰 서버를 보면 알 수 있으나, 식약청에서는


권한밖에 일로 인해 해당 내용을 확인할 수 없어 결국 처리는 


해외사업자가 물품을 판매하는것을 국내서버에서 차단 처리로만 끝내고  있는


실태이다.  (근 몇년간 이와같은 업무처리가 반복) 이렇기에


이를 아는 사업자들은 위와같은 법에대한 접촉을 피하고 제한없이 판매를 하기위해 


현재 해외사업자로 아는 지인의 이름을 이용해 판매를 하여, 탈세가 이뤄지고 있다.


즉, 정당하게 국내사업자로 등록하여 세금을 꾸준히 내고 있는 업체들은 모두


불법이 되고 있으며,  불법을 이용하여 판매를 하고 있는 사업자들은 정당한 판매가


되는것이다. 이게 어찌 우리나라 국민을 위한 법이란 말인가?


이와 같은 문제가 발생하기에 관세청에서는 2005년 1월 1일 부로 법을 개정하였는데,


식약청은 아직도 옛날 법을 적용하여 불법이 아닌 합법적인 국내업체들만 


모두 매장시키고 있다. 


결국 합법적으로 이용했던 국내 업체들도 이와같은 일은 겪고 나면 모두 불법으로 전환하여


판매를 시작한다. 해외 지인의 이름만 빌려서 사용하면 법에대한 접촉을 받지 않기 


때문이다. 


인터넷이 발달한 만큼 '국민 보호'라는 입장을 내세운 법으로 


합법적인 국내사업자를 불법식품판매  및 허위과대광고에 대한 법을 적용시켜


불법사업자로 만드는 식약청법이 아닌 정말 현실적으로 국내법을 적용하여 


문제가 발생할 경우 국민들을 보호 받을 수 있는 법으로 개정을 요구한다.",,,"1. 귀하께서 국민신문고 국민제안을 통해 제안하여 주신 사항에 대하여 감사드립니다.


        가. 현행 「식품위생법」상에는 ‘구매대행영업’에 대해서는 별도로 규정하고 있지 아니하나 현재 인터넷을 통해 외국으로부터 식품을 구매대행・판매 중개하는 경우 수입신고 의무를 부과하는 등 귀하께서 주신 의견에 대해서는 현재 정부에서도 같은 의지를 가지고 온라인 상 안전관리를 강화하기 위해 노력하고 있습니다. 


        나. 해외사업자의 경우는 해외사이트에 대한 모니터링을 통해 위법사실이 발각될 경우 차단조치 중에 있습니다. 


        다. 이밖에도 다양한 강도 높은 식품안전관리 대책을 마련하고 지속적으로 추진하여 국민에게 안전한 식품이 공급될 수 있도록 최선을 다하도록 하겠습니다. 


2. 이밖에 문의사항이 있으시면 식품의약품안전처 식품정책조정과(☎ 043-719-2045, 담당 정현숙, jhs057@korea.kr)로 연락주시면 성심 성의껏 답변해 드리겠습니다. 앞으로도 우리 청에 많은 관심을 부탁드리며, 귀하의 가정에 행운과 건강이 가득하시길 기원합니다. 감사합니다.  끝.",20240125,2013-05-28,NA
제안 선정시 인증서 발급 등으로 자긍심을 살려주세요 !,기타,제안 선정시 인증서 발급으로 자긍심을 살려주세요.hwp,답변완료,2008-02-02,국민권익위원회,"제안 선정시 인증서 발급 등으로 자긍심을 살려주세요 !



1. 들어가면서

   최근 몇 년 동안 기업혁신, 정부혁신 등으로 온통 기업 및 정부 각 부처에서 자기주도적 변화관리능력을 배양하여 혁신주도적 풍토를 조성, 업무역량 강화를 통한 국가 경쟁력 향상을 도모하기 위하여 지속적인 노력을 경주하여 왔습니다.

   정부 각 부처별 오프라인, 온라인상으로 다양한 의견들을 청취하고 반영 가능한 내용은 각 사안별로 세부 검토하여 이를 적극 반영하고 있는 추세입니다. 그러나 이러한 노력들도 매우 중요하지만 이렇게 다양하게 표출되고 있는 각종 제안들에 대하여 선정된 제안의 추진과 사후 관리도 더욱 중요 하겠으며, 특히 제안자의 내실있고 의욕적인 제안활동 독려 및 전국민적으로 지속 파급효과 전파를 위하여 제도적인 관리 또한 반드시 필요하다 하겠습니다.

   이를 위하여 새로운 기술개발시 특허를 인증해 주듯이 제안 선정시에도 국민참여마당 신문고의 자체 확인 인증서 발급 등으로 제안자의 자긍심을 키워주었으면 더욱 좋겠습니다.


2. 세부 관리방안

   ① 제안 선정자에게는 인증서 발급으로 자긍심을. . .

     먼저 자체적으로 전체 제안자에 대하여 제안 목록을 일일이 확인하면 알 수 있으나 제안에 따른 선정자와 비선정자를 구분하여 선정된 사람에게는 비선정자와 구분될 수 있는 참여마당 신문고상의 인증서를 발급해주었으면 합니다.

   ② 직장인(공무원 포함)의 경우 선정 제안내용의 결과 통보를 통한 제안 주변인 파급효과 전파

     현재 제안 내용이 선정될 시 국민참여신문고 상에서 확인이 가능합니다. 그러나 여기에서 더 나아가 직장인(공무원 포함)의 경우 본인이 원할시 직장내 제안내용 결과 통보를 통하여 전국민 제안 활성화의 파급효과를 극대화하였으면 좋겠습니다.

     사실 일반인들의 대다수는 아직도 이러한 제안사이트가 있는지도. . .   활용하는 방법도. .   제대로 알고 있지 못하는 경우도 많습니다.  위와 같은 방법의 시행시 더욱 효과적으로 제안 파급효과를 일으킬 수 있습니다.



3. 맺음말

    지난 몇 년간의 직장생활은 저의 개인적으로 거의 모든 업무에 있어서 혁신적인 사고의 전환기였다 해도 과언이 아니었습니다.

    그동안 관행적으로 해오던 일들과, 행정의 원칙을 기준으로만 추진, 시행해오던 많은 업무들이 새로운 시각과 비젼을 토대로 새로운 변화 속에서 지속적으로 업그레이드 되어온 시간이었습니다.

    현 정부의 다양한 변화와 더불어 새로 출범하는 17대 정부에서는 한 단계 높은 혁신공감대 확산을 통한 시너지 창출로 이제는 즐기는 혁신의 장을 만들어 주셨으면 하는 바램입니다.",,,"정승문님 안녕하십니까?

참여마당신문고에 대한 애정과 국민제안 제도에 깊은 관심에 감사드립니다.


선생님의 의견은 제안 선정자에게 인증서 발급과 직장인 경우 직장에 통보하여 제안 활성화에 기여하자는 내용으로 이는 참여마당신문고의 지속적 발전과 지속적 발전을 위해서 우수제안자에 대한 획기적인 인센티브를 부여하자는 제안으로 이해됩니다.


2005년 참여마당신문고가 탄생하여 그동안 많은 발전을 이룩하였습니다만 국민제안에 참여하신 제안자 분께는 아직 흡족하지 못한 것이 사실입니다. 우리위원회 뿐만 아니라 여러 중앙행정기관에서 참여마당신문고 국민제안을 활성화하기 위해 우수제안자에 대한 인센티브를 부여하고 확대하였습니다. 2007년도에는 20여개 기관에서 우수참여자 및 우수제안자에게 포상을 실시하였고, 포상에 대한 권위를 부여하기 위해 노력하였습니다.


우수제안을 채택하여 국정에 반영하고 반영결과를 제안자에 설명하고 인센티브를 부여하는 등의 노력이 참여마당신문고 국민제안을 풍성하게 하며 국민이 자주 찾는 홈페이지로 만드는 것이 아닌가 생각합니다.


국민제안 제도가 각 행정기관에서 자리잡아가고 있는 과정에 있습니다. 또한 국민제안을 활성화하기 국민제안 규정도 개정해야 할 부분도 있습니다. 인증서 발급문제는 전 부처가 인식공유가 선행되어야 할 사항으로 인증서 발급은 각 행정기관에서 채택제안자에게 어떤 인센티브를 부여할 것인가를 판단하여 하고 이에 참여마당신문고 시스템에 반영할 수 있을 것이라고 봅니다. 향후 우수제안자에 대한 적정 인센티브 부여방안을 수립 한 후 반영 여부를 재검토하도록 하겠습니다. 


정책고객으로서 제안자에게 국정참여기회를 제공하는 것이 참여마당신문고의 운영취지이고 국민제안제도의 지향점일 것입니다. 또한 보다나은 제안 참여를 유도하고 국정참여를 확대하기 여러 방안을 연구하여 참여마당신문고 국민제안이 지속가능한 발전을 하도록 노력하겠습니다.


다시한번 국민제안에 큰 관심을 가져주셔서 감사드립니다.",20240125,2008-02-28,NA
"출력양식 제공, 민원회신 결과 선택 메뉴 복구 요청",기타,,제안실현,2008-01-22,국민권익위원회,"1. 민원회신 결과는 경우에 따라 증빙서류로 사용하는 경우가 있습니다.

   현재 신문고는 민원내용과 결과가 화면양식에 맞게 보여지고 있으며, 별도의 출력양식

   이  제공되지 않고 있습니다.

   그래서 화면 출력을 하고 있으나 여러페이지에 나눠지고 민원내용과 관련 없는 홈페이지

   의 메뉴나 베너가 출력됩니다.

   화면을 종이로  출력 할때  민원관련 텍스트는 회색으로 출력되어 가독성이 현격히 떨어집  

   니다.


    참고로 정부에서 운영하는 정보공개청구 사이트인 열린정부(http://www.open.go.kr)는 출력

    양식을 별도로 제공하고 있습니다.

    참고하시기 바랍니다.


2. 언제부터인지 민원회신 방법(진행상황 통보방식이 아님) 메뉴가 없어졌습니다.

    전자우편, 출력물 등 여러가지가 있어서 필요에 따라 민원회신 방법을 선택할 수 있었습니

    다.

    제 경우는 민원회신 결과를 다른 기관에 증빙으로 제출하는 경우가 많아서, 민원 신청시 공

   문으로 회신해줄것을 요청하고 했습니다.


    민원회신 방법을 선택할 수 있도록 메뉴를 재설치하여 주시기 바랍니다.


3. 참여마당 신문고를 이용하는 이유는 공문작성후 출력해서 팩스나 우편으로 보내는 불편함

   이 없기 때문입니다.

   그리고 민원 접수 사실이 증명되기 때문에 팩스나 우편물 수신 확인을 하지 않아도 되는 장

    점이 있습니다.

    그러나 참여마당 신문고를 통해 민원접수를 하고 공문으로 회신해줄것을 밝히지만, 대부

    분 참여마당 신문고 회신으로 대신하곤 합니다.


    그럼 다시 연락해서 공문을 받긴 하지만 여간 어려운게 아닙니다.

    민원회신 방법을 지정할 경우 지켜지도록 각 기관에 지도하여 주시기 바랍니다.",,,"1. 신청하신 국민제안(출력양식 제공, 민원회신 결과 선택 메뉴 복구 요청)에 대한 검토결과를 아래와 같이 알려드립니다.


2. 본 제안 취지의 취지는

    - 첫째, ‘민원내용, 처리결과를 출력할 수 있는 별도 기능을 제공해 달라’는 것과,

    - 둘째, ‘진행상황통보방식과 별개로 민원회신방법을 선택할 수 있도록 해 달라’는 것과

    - 셋째, ‘서신으로 회신 줄 것을 요청하는 경우 반드시 서신으로 받아볼 수 있도록 각 기관을 지도해 달라’는 것으로

    - 세 가지 사항에 대해 차례로 답변 드리겠습니다.


3. 첫째, ‘민원내용, 처리결과를 출력할 수 있는 별도 기능을 제공해 달라’에 대한 답변입니다. (채택)

    - 신청자 본인의 민원・제안 내용 및 처리결과만 출력 가능하도록 나의민원・나의제안 세부 확인 페이지에 별도의 출력 기능을 제공하는 것을 2008년도 연중 적용하도록 적극 검토하겠습니다.


4. 둘째, ‘진행상황통보방식과 별개로 민원회신방법을 선택할 수 있도록 해 달라’는 것에 대한 답변입니다. (불채택)

    - 현재 참여마당신문고에서 제공하고 있는‘진행상황 통보방식’은 처리진행상황 알림과 처리결과 알림의 의미로 혼동하는 경우가 있어「민원사무처리에 관한 법률 및 동법시행령」등 관련 법 규정을 검토하여 분리하는 방안 등을 고려한 후 반영 여부를 결정하도록 하겠습니다.


5. 셋째, ‘서신으로 회신 줄 것을 요청하는 경우 반드시 서신으로 받아볼 수 있도록 각 기관을 지도해 달라’에 대한 답변입니다. (기 추진 사항)

    - 우리 위원회에서는 민원인이 서신으로 통보받기를 원한 경우 서신으로 통보해 주도록 각 행정기관에 요청하고 있습니다. 향후에도 위 사항이 지켜질 수 있도록 교육 등에 반영하여 지속적으로 개선해 나가겠습니다.


6. 참여마당신문고에 대한 의견에 감사드리며 국민이 보다 쉽고 편리하게 이용하실 수 있도록 개선・발전시키도록 노력하겠습니다.",20240125,2008-02-21,"o 신청자 본인의 민원·제안 내용 및 처리결과만 출력 가능하도록 나의민원·나의제안 세부 확인 페이지에 

   별도의 출력 기능 제공

 - 민원은 2008년 하반기, 제안은 2009년 상반기에 적용 완료"
행자부 좋은 간판 공모전 개최,행정/자치/안전,,답변완료,2008-01-16,행정안전부,"현황 및 문제점]

우리나라는 간판의 천국입니다. 법에는 어떻게 하라고 되어 있지만 실상은 무법천지입니다.상가가 하나생기면 모든 건물에 곳곳 조그마한 틈까지 간판이 걸립니다. 지자체에서 간판정비 사업을 현재 추진하고 있습니다.  

[개선방안]

행자부 주관으로 좋은 간판 공모전을 온 국민을 대상으로 개최하여

나온 작품중에 좋은 간판을 선정하여 간판정비 사업에 추진하여

보다나은 간판이 걸리고 아름다운 거리가 조성되었으면 합니다.",,,,20240125,NA,NA
제안 채택자/시행자 포인트 500점 주세요,기타,,답변완료,2008-01-14,국민권익위원회,"현실태

- 국가고충처리위원회( 참여마당신문고)의 국민제안은 건수에 있어서 엄청난 양이 쏟아지고 있으나 채택율은 매우 저조하고 시행 결과는 아예 알수가 없음


채택율이 저조한 원인

1. 각 부처/ 부서/개인 채택 점수가 없음

2.각 부처 담당자가 제안을 채택하더라도 인센티브가 없음

3. 또 다른 이유는 채택자에게 부여되는 마일리지 포인트가 없음(제안자에게만 점수부여)


시행율이 저조한 원인 

1. 제안시행자가  시행결과를 올릴 수 있는 시스템이 없음

2. 시행부처/부서/담당자에게 주어지는 인센티브가 없음

3. 시행자에게 주어지는 포인트가 없음


개선방안

1. 제1안: 채택기관/채택부서/채택기관 인센티브 제 운영

  -  채택자 개인평가 점수 반영

  - 고가 점수 반영

  - 채택자 마일리지 부여/예)채택자 점수 500포인트 주기


2. 제2안 : 시행기관/부서/시행자 인센티브 운영

  - 시행자 개인평가 점수 반영

- 고가 점수 반영

- 시행자 마일리지 부여/예)시행자 점수 500포인트 주기


기대효과

- 고가점수에 반영됨으로서 제안 채택율이 획기적으로 개선

- 시행율이 획기적으로 개선되어 국민만족도 획기적 개선

- 채택자, 시행자가 적극 참여하여 국가 고충처리위원회의 이미지 획기적 개선

- 시행한 후 시행결과가 입력되어 있으므로 제안자가 행복해지며 우수사례는 획기적으로 많아질 것임

- 채택자나 시행자는 고가 점수가 있으므로 좋은 제안에 대한 사냥꾼으로 변신할 것임(제안 사냥꾼)

- 국가 고충처리위원회 페이지 뷰가 엄청나게 올라갈 것임

-  제안자가 행복하게 되므로 제안은 더욱 증가하게 될 것임

- 제안자/채택자/시행자가 다수 배출되어 국가 고충처리위원회가 배출하는 스타로 부상할 것이고 국가고충처리위원회의 든든한 매니아가 될 것임

- 제안자/채택자/시행자가 적극적으로 참여하게 되어  문제해결의 황금라인을 구축하게 되고 문제 해결 속도는 엄청나게 개선될 것임",,,"윤정수님 안녕하십니까? 국민제안과 우리 위원회에 관한 좋은 의견에 감사드립니다.


귀하의 제안요지는「국민제안 채택율 및 시행율을 제고하기 위해 제안처리담당자에게 마일리지 포인트를 부여하여 각종 개인평가 점수에 반영하자」는 것입니다.


실질적으로 국민제안을 실현해나가는 데 있어 담당자의 노력과 기여가 크기 때문에, 제도 활성화를 위하여 업무담당자에 대한 인센티브도 적극 도입하여야 한다 생각하고 있습니다.


현재 노동부, 소방방재청 등에서는 제안 채택 및 시행담당자에게 부상금을 지급하고 있으며, 농림부, 건설교통부 등에서는 인사고과에 제안 채택자에 대한 가점을 부여하고 있습니다.


귀하의 제안은 각급기관에서 담당자에 대한 인센티브 부여 시 이를 보다 편리하게 하는 지원기능으로 도입될 수 있겠으나, 현재에도 참여마당신문고 시스템을 통하여 채택제안 담당자정보 등을 쉽게 확인할 수 있고, 시스템적인 장치 이전에 제안 제도 활성화를 위한 각급 기관의 정책 및 노력이 우선되는 것이 문제 해결의 열쇠라 사료됩니다. 따라서 당장 도입하기 보다는 향후 시스템 개선 시 그 도입여부를 재검토하도록 하겠사오니, 이 점 널리 헤아려 주시기 바랍니다. 


끝으로 우리 위원회는 국민제안 시스템 개선과 아울러 중앙행정기관을 대상으로 처리기간 준수정도, 채택실적, 참여유도실적의 3가지 점검지표에 따라 운영실태를 점검하는 등 제도 발전기반 확충에 주력하고 있습니다. 앞으로 이와 더불어 참여활성화를 위한 대국민 홍보 등 제도의 내・외연을 넓히는 데 성심을 다하겠으니, 지켜봐 주시고 많은 관심 부탁드리겠습니다. 


2008년도 무자년 새해, 윤정수님의 일과 가정에 많은 성과 있으시길 소망합니다. 감사합니다.",20240125,2008-02-12,NA
참여마당 신문고의 절대 존속 발전 방안 ,기타,,답변완료,2008-01-13,국민권익위원회,"1. 실태


 지금 대통령 인수위원회에서 청와대 조직을 축소한다고 한다. 혹시 참여마당 신문고까지 축소하거나 폐기할가봐 두렵다. 전세계가 인터넷을 통한 우리의 국민참여마당 신문고를 관심있게 보고 있다. 노대통령의 업적중 여러가지가 있겟지만 그 중 민주화의 완성이라 할 수 있는 참여마당 신문고다. 이것은 존페의 문제가 아니라  영원히 존속 발전시켜 나가야 하겠다.


2. 발전 방안


 현재의 틀을 유지하데 참여마당 신문고를 통한 우수제안자에 대한 보상적 대우가 필요하다.

처음부터 완벽한 제도가 되기는 어렵다. 개인이거나  단체거나  경쟁논리에 의한  국민참여마당 신문고 , 경쟁을 통해야 우수제안이 많이 나올 수 있다. 참여정부에서는 이 제도의 시작이었다면 다음 정부에서는  한층더 발전적으로 정착시켜나가야 하겠다.  그렇게 되기위해서는 참여마당 신문고를 통한 인재발굴도 생각해 보아야 하겠다. 정부 각기관의 담당자가 생각못한 아이디어를 집에 앉은 일반국민이 우수제안을 한다는 것이 그리 쉬운 것이 아니기 때문이다. 이런 창의적인 인재들을 선발 조직해 해결책이 보이지않는 정부의 제도개선팀을 만들어 보면 더욱 신선한 아이디어가 집약되어 재 생산될 것이라 생각한다. 사안에 따라  기간제 인재로  임명하고 능력에 따라 적재적소에 정규직으로 배치하는 인센티브를 주는 방안을 생각해 보았다.


3. 전망

우리나라가 산업화 민주화를 거쳐 선진화로 가고 있다. 기득권을 깨뜨려야 앞으로 갈 수 있다. 인간관계에 따라 승진발탁되었던 인재로는 선진화가 되기 어렵다. 상식을 파괴해야 새로운 인재가 나와 새로운 제도가 만들어진다. 새롭지 않고는 살아남을 수 없는 세계속에 와 있다. 인재를 바꾸어야 선진화를 앞당길수 있을 것이다.",,,"최복규님 안녕하십니까?

참여마당신문고에 대한 애정과 국민제안 제도에 깊은 관심에 감사드립니다.


선생님의 의견은 참여마당신문고를 통해 인재를 발굴하자는 내용으로 이는 참여마당신문고의 지속적 발전과 지속적 발전을 위해서 우수제안자에 대한 획기적인 인센티브를 부여하자는 제안으로 이해됩니다.


2005년 참여마당신문고가 탄생하여 그동안 많은 발전을 이룩하였습니다만 국민제안에 참여하신 제안자 분께는 아직 흡족하지 못한 것이 사실입니다. 우리위원회 뿐만 아니라 여러 중앙행정기관에서 참여마당신문고 국민제안을 활성화하기 위해 우수제안자에 대한 인센티브를 부여하고 확대하였습니다. 2007년도에는 20여개 기관에서 우수참여자 및 우자제안자에게 포상을 실시하였고, 포상에 대한 권위를 부여하기 위해 노력하였습니다.


우수제안을 채택하여 국정에 반영하고 반영결과를 제안자에 설명하고 인센티브를 부여하는 등의 노력이 참여마당신문고 국민제안을 풍성하게 하며 국민이 자주 찾는 홈페이지로 만드는 것이 아닌가 생각합니다. 


정책고객으로서 제안자에게 국정참여기회를 제공하는 것이 참여마당신문고의 운영취지이고 국민제안제도의 지향점일 것입니다. 또한 보다나은 제안 참여를 유도하고 국정참여를 확대하기 여러 방안을 연구하여 참여마당신문고 국민제안이 지속가능한 발전을 하도록 노력하겠습니다.


다시한번 참여마당신문고에 대한 따뜻한 애정에 감사드립니다.",20240125,2008-02-12,NA
모든 인도의 인도/자전거 겸용도로화 제안,국토/교통/농림/해양,,답변완료,2008-01-12,국토교통부,"우리나라의 에너지 소비 저감및 환경오염 감소를 위해서는 대체 교통수단의 획기적인 보급확대 밖에는 없다고 보여집니다. 그중 제일 대안으로 적합한것이 자전거와 같은 인력에 의한 교통수단인 것입니다. 이 자전거의 사용율을 획기적으로 늘리기 위해서는 특별법을 제정해서라도 인도의 차량주차를 금지하고 모든 인도를 자전거와 겸용으로 사용할수있도록 해야할것입니다. 이를 위해서는 지금 인도폭이 좁아서 자전거도로를 설치할수없는 곳의 지장물을 인근 지역으로 이설하는 것입니다. 전못대등은 나두더라도 가로수들은 인근 다른 곳으로 옮김으로써 최소한의 폭을 확보함으로써 구태여 차선의 폭을 줄이면서까지 자전거 도로를 확보하는 방법은 비현실적이라 생각며 이를 전국으로 확대하여 매 분기별 실적을 관리하여 포상을 실시한다면 지방자치단체들도 많이 시행할수있다고 보여집니다. 

이런 자전거 도로 인프라 확충을 통하여 건강과 교통 편의를 둘다 이룰수만 있다면 이 얼마나 좋은 정책이겠습니까?",,,,20240125,NA,NA
제안기각 재 심의 대상 결정 제도 도입,기타,,답변완료,2008-01-09,국민권익위원회,"1. 개요

 국가나 정부의 정책이나 규정이 불합리하여 국민이 피해를 볼 경우 국민고충처리위원회를 통하여 정책제안 또는 불합리한 점을 개선함.


2. 현황 문제점

  본인은 공기관 종사자로  일선 민원현장에서 국민의 불만과 불편을 뼈저리게 느껴, 잘 못된 제도나 정책의  불합리함을 발견하여 2007년도에 수개의 정책제안을 하였음.  일부는 각 기관의 답변자료를 구하고 규정이나 법 등 구체적인 증빙자료 등을 찾아 붙임으로 하여 실제로 국민이 피해를 보는 사례까지 열거하며 신중하게 제안하였음.

결과 적으로 정부에서는 모두 기각 결정을 하였는데, 상당수 기각 결정이 나름대로 타당성의 설명도 있고 수긍도 가는 면이 있으나, 일부 건에 대하여는 전혀 엉뚱한 답변으로 기각 결정 내용을 가름하기도 하는데 이런 경우 재심의신청을 할 수 있는 제도가 없는 관계로 좋은 제안이 사장되는 경우가 있다고 사료됨.(실예를 든다면 복지부로 고충위를 통한 인터 민원에 대한 답변내용으로 ""우리부(보건복지부)로 문의하라""는 어이 없는 답변까지 있으나, 이런 불성실한 답변이나 결정에 대하여 걸러주는 제도적 장치가 전혀 없는 이상 고충위는  접수된 서류를 분류나 하는 단순한 기능밖에는 없다 할 것임)


3. 개선사항

  재심의대상 여부 결정을 할 수 있는 재심위 대상여부 위원회(가칭)를 설치하여 기각 결정된 자가 재심의신청 시  제안이 재심의 대상의 가치가 있는지만 국민적입장에서  재심의 하여 가치가 있을 경우 결정 부처에 재심의토록 하는 규정이 필요함.


4. 기대효과

  답변부처의 의례적이고 안이한 답변을 방지할 수 있으며,  좋은 제안을 간과한 점은 없는지 확인하고 국민의 불편을 조금이나마 해소하는 효과를 기대할 수 있음.",,,"이상선님 안녕하십니까?

국민고충처리위원회 제도개선팀 양은경입니다.

국민제안 제도와 우리 위원회에 관한 관심과 충고의 말씀에 감사말씀 올립니다.


먼저 안내말씀을 드리자면 국민제안은 참여마당신문고 시스템 운영기관인 우리 위원회, 법・제도기관인 행정자치부가 각각 소관업무영역을 담당하는 2원화체제로 운영되고 있습니다. 말씀하신 재심의 기능은 민원사무처리에 관한 법률로부터 파생된 국민제안규정(대통령령 제19491호)에 규정되어야할 사항이며, 이는 행정자치부의 권한사항입니다. 


그러나 이상선님께 우리 위원회의 활동 및 향후 업무계획에 관한 말씀을 보다 상세히 드리고자 본 건에 대한 처리를 직접적으로 담당하게 되었음을 말씀드리며, 본 건을 행정자치부에도 송부하여 참조케 하였음을 널리 헤아려 주시기 바랍니다.


현재 재심사는 국민제안규정 및 업무지침에 따라 각 기관에서 국민제안심사위원회를 구성하여 불채택제안의 재심사를 실시하도록 되어 있으며, 2007년도에는 상당수의 기관에서 외부전문가를 초빙한 회의체를 구성하여 불채택제안의 재심사를 실시한 바 있습니다.


이상선님이 말씀하신 국민의 직접 재심의 요청, 소관부처가 아닌 별도의 기구를 통한 재심의 등은 향후 제도발전과정에서 법 개정 및 제도 보완 등의 방편으로 심도 있게 검토되어질 사항으로 사료됩니다. 우리 위원회는 이에 관하여 적극적으로 의견을 개진하고, 제도 활성화를 위한 다양한 장치가 도입될 수 있도록 노력할 것임을 말씀드립니다. 


끝으로 우리 위원회는 2004년도부터 시작되어 시범 및 확대 1~3단계 사업까지 진행된 참여마당신문고 구축사업을 2008년도 2월경 마무리 지을 예정입니다. 또한 각급기관의 국민제안, 민원 운영실태 점검 등을 통해 하드웨어와 소프트웨어가 조화롭게 병존하여 내실 있는 제도 운영이 이루어질 수 있도록 이 부분 역량을 집중할 계획이오니, 앞으로도 많은 관심과 격려를 부탁드립니다.


2008년 무자년 새해에 이상선님의 일과 가정에 많은 행복이 깃드시길 기원하겠습니다.

감사합니다.",20240125,2008-02-11,NA
