title,area,attachment,status,date_petitioned,date_answered,branch,현황 및 문제점,개선방안,기대효과,검토내용,date_scraped,실시 결과
온라인 상품권 도입,행정/자치/안전,,답변완료,2010-12-31,2013-01-21,태안군,"2, 『온라인 상품권』도입 사업

     ○ 사업 필요성과 방향

      - 국내최초 온라인 상품권 이용의 유통시스템 확립으로 온라인 예약․ 판매 활성화

      - 인터넷 발전과 스마트폰 도입으로 실시간 온라인 구매 및 예약의 확대 추세로

        태안군 관내 업소들도 매출을 확대키 위해 온라인 예약 및 판매 시스템을 지속  

        적으로 도입할 필요성이 꾸준히 제기됨  

      - 기존 종이상품권 일부를 온라인 결제가 가능한 u-payment(전자화폐)로                      전환하여 편리성 제고로 농어업 및 펜션숙박․낚시등 서비스업의 소득증대 기여

      - 불법유통 근절로 부정 거래행위 예방이 가능하여 지역민에게 실질적 혜택이 돌아감

      - 기 개발된 프로그램을 현실에 맞게 실증 고도화 작업 필요 

    ○ 운영주체 : 도․농 교류센터

    ○ 참여기관 : 태안군, 금융기관(현, 상품권 농협 참여), 한국조폐공사(제조), 기타


관리 부문

￭ 관리운영 사이트 및 지역 판매점 쇼핑몰 구축

￭ 회원관리 기타 공지 사항 관리

￭ 할인 참여 업소 등록/삭제

시스템 부문

￭ 전자상품권 결제 시스템

￭ 쇼핑몰 프레임워크

￭ 상품권 이력관리 및 현금 정산 관리 시스템

￭ 포인트 적립 시스템

제공 서비스

￭ 지역 농수특산물 쇼핑몰 서비스 

￭ 지역 숙박업소 인터넷 예약 서비스

￭ 지역 축제 연계 서비스 

￭ 지역관광 프로그램 연계 서비스

연계 부문

￭ 금융권 시스템 연계 

￭ 카드 회사 연계

￭ 지역 축제 연계 서비스 

￭ 기타 다양한 서비스 구축 가능

    ○ 사업범위


    ○ 기능구성

      - 솔루션 기능구성은 현금정산 관리시스템, 전자상품권 결제시스템 상품권               이력관리 시스템, 쇼핑몰 프레임워크로 구성",,,중장기 검토 필요,20240125,NA
English 옆에 미국 국기 개선 바랍니다.,기타,,답변완료,2010-12-30,2011-01-24,국민권익위원회,"안녕하세요?


신문고에서 각나라의 국기 아이콘을 사용해 화면을 보기좋게 만드시려고 애쓰셨지만, English 옆에 미국 국기를 놓는 것은 옳지 않다고 생각합니다.


 영어를 자국어로 사용하는 나라도 많은 뿐더러 영어의 어원이 영국으로 알고있기 때문입니다.


 홈페이지를 구지 국기 아이콘 옆에 언어를 표시하는거 보다는 다른 개선 방안이 있지 않을가 하여 제안합니다.


 감사합니다.",,,"1. 국민신문고에 대한 관심에 감사를 드리며, 귀하께서 신청하신 제안(1AB-1012-016214, 국민신문고 외국어 홈페이지 English 옆에 미국국기(성조기)를 배치하는 것 시정해주세요)에 대한 검토결과를 다음과 같이 알려 드립니다.

        2. 답변사항

         ○ 현재 국민신문고 홈페이지에는 영어, 일본어, 중국어, 베트남어, 몽골어, 인도네시아어의 민원창구를 운영하고 있습니다. 영어를 사용하는 국가가 많으나, 대표적인 국가인 미국의 국기를 배치한 점 양해하여 주시기 바랍니다. 앞으로 국민신문고를 이용하시면서 불편한 사항이 있으면 언제든  문의하십시오. 친절히 답변 드리겠습니다.

        3. 제출하신 의견은 채택하기 곤란한 단순건의에 해당하여 채택하지 않음을 양해하여 주시기 바랍니다.

        4. 상기 내용 이외에 추가로 궁금하신 사항은 국민신문고담당관실 정진덕조사관(02-360-2750)에게 연락하여 주시기 바라며, 귀하와 귀하의 가정에 건강과 행운이 항상 함께하기를 기원합니다. 끝.",20240125,NA
(공정사회) 가정형편이 어려워 통학시 대중교통을 이용치 못하는 학생들이 너무도 많습니다.,식품/보건/복지/가족,ss-namys12.jpg,제안심사,2010-12-29,NA,보건복지부,"저는 서울시 송파구 방산고등학교에 재학 중인 예비고3 학생입니다. 사실 이러한 제안을 드리는 이유는 제 부끄러움을 반성하고 제 친구와 가정형편이 좋지 않은 대한민국의 모든 학우들에게 자그마한 희망을 전하고자 함입니다. 

꼭 끝까지 읽어주시길 간곡히 부탁드리겠습니다.


 현재 정부에서는 사회 소외계층에게 다양한 복지 혜택을 주고 있습니다. 예를 들어 ‘국민기초생활보장제도’를 들 수 있겠지요. 하지만 의아한 점은 ‘국민의 생계, 교육, 주거, 의료등을 보장하여 인간다운 삶을 영위 하게 한다.’ 는 대표적인 복지정책인 이 제도에도 교통비 명목의 지원금이 단 1원도 존재하지 않다는 점입니다. 저에게 이러한 의문점을 품게 한 사건이 있었는데, 우리 학급의 한 급우는 어머니를 일찍이 여의고 편찮으신 아버지와 어린 남동생과 함께 살며 생계를 책임지고 있습니다. 그는 오전에는 학교에서 공부하고 저녁부터는 일명 파트타임 일을 하며 아버지 병원비와 동생의 보육비  그리고 생활비를 벌고 있습니다. 저는 이러한 그에게 지금 생각해도 미안한 질문을 한 적이 있습니다. “너는 왜 학교에서 내내 잠만 자니? 오후에 아르바이트를 한다고 들었는데 차라리 용돈을 받아쓰고 그 시간에 공부를 하는 것이 낫지 않아?” 그는 저의 짓궂은 질문에도 해맑게 웃으며 답했는데 아직도 그의 말을 잊을 수가 없습니다. “나 때문에 수업 분위기가 해이해졌다면 미안해. 그런데 어머니를 일찍이 여의고 아버지까지 편찮으셔서 아버지 병원비에 생활비까지 나라에서 지원되는 돈으로는 부족하거든...” 나는 그의 말에 얼굴이 금세 달아올랐습니다. 다른 친구에게 알아보니 그는 6시 30분에 집에서 나와 버스로 10정거장이나 되는 거리를 1시간가량 걸어온다고 했습니다. 게다가 방과 후에 밤 10시까지 일을 하고 집에 돌아와 밀린 집안일을 도맡아 한다고 했습니다. 수능을 직전에 둔 학생들처럼 일찍 학교에 나왔으면서도 책상에 엎드려 자고 있는 그를 의아하게 바라봤던 저는 의문이 풀림과 동시에 제 자신이 부끄러워졌습니다. 교통비를 아끼려 남들보다 1시간을 일찍 일어나 등교하고 또 일을 하러 1시간을 걸어간다는 그에게 저는 학교에서 잠을 좀 잔다는 이유로 핀잔을 주지 않았습니까? 

 크나큰 민족 전쟁을 치루고 세계 유일의 분단국가에서 세계에서 손꼽히는 경제 대국 그리고 G20 정상회의 의장국으로까지 유일무이한 발전 신화를 써내려가고 있는 현재의 대한민국에서 벌어지고 있는 매우 슬픈 현실은 집안의 생계를 걱정하고 학업을 울며 겨자 먹기로 미룰 수밖에 없는 우리의 학생들에게서 찾을 수 있습니다. 자식에게 돈 한 푼 쥐어주지 못하고 짐이 될 수밖에 없는 부모와 그 흔한 대중교통조차 이용하지 못하고 머나먼 길을 걸으며 편히 부모들의 차를 타고 등교하는 아이들을 보며 교복에 눈물을 닦는 이들을 보면서도 전위 표의 내용과 같이 어디에도 복지지원 혜택에 교통비 지원이 존재하지 않다. 세계를 향해 당당히 우리의 발전사와 경제력을 논할 수 있을까요?

‘진심 속에 방법이 있다.’ 라는 말이 있습니다. 진솔함을 전제로 방법을 강구한다면 최선의 방법을 찾을 수 있다는 말입니다. 대표적으로 진솔함이 담긴 정책인 ‘학자금대출’ 제도를 통해 우리는 너무나도 밝은 대한민국의 미래를 볼 수 있습니다. 가정 형편이 좋지 않아 학업에 어려움이 있는 학생들에게 학자금을 대출해주어 국가로서는 출중한 인재를 육성하고 학생들은 훌륭히 성장하여 자신을 믿고 지원해준 조국에 감사하고 대출금을 상환하여 널리 이롭게 사용합니다. 이러한 제도의 뜻 깊은 취지를 따라 그보다 더 어리고 형편이 어려운 학생들에게 통학 교통비를 지원하여 글로벌 인재육성에 대한 기회부여가 과한 복지이고 무모한 투자일까요? 선진국을 어느 나라보다 염원하면서도 뜻 깊은 복지, 가능성이 무궁무진한 어린자원들에 대한 투자와 지원이 망설여진다면 그 꿈은 연장될 수밖에 없을 것입니다. 그들이 자라 자신에게 지원을 서슴지 않았던 자랑스러운 자국의 발전에 기여하고 예전의 자신들처럼 가난에 허덕이는 아이들에게 꿈을 전해줄 수 있다면 이보다 더 좋은 제도가 어디 있겠습니까? 물론 이러한 제도가 시행되려면 시간도 그에 대한 비용도 적지 않음을 알고 있습니다. 하지만 진솔함과 사랑을 거름으로 한 대한민국의 미래와 희망에 대한 우리들의 의미 있는 투자가 아름다운 꽃을 넘어 크나큰 거목의 숲을 이룰 것임을 믿어 의심치 않습니다. 

 ‘가정 형편이 어려운 가정의 학생들에게 교통비 지원’ 이라는 맑고 푸른 행복제도가 마련되어 집안의 생계를 걱정하며 일터에서 흘리는 그들의 눈물이 행복과 꿈에 대한 열정으로 바뀌어 그들의 책 위에 떨어지기를 진심으로 염원해 봅니다.",,,NA,20240125,NA
"(공정사회)저소득층, 독거노인가정등에 대한 동계/하계 주거환경복지 서비스제공",식품/보건/복지/가족,,제안심사,2010-12-29,NA,보건복지부,"제안 제목 : 저소득층, 독거노인가정등에 대한 동계/하계 주거환경복지 서비스제공


제안취지 : 저소득층, 독거노인분들에게 동계,하계로 나누어 주거환경복지 서비스를 제공

                   하여 우리 사회에서 경제적, 정서적으로 힘든 분들게 도움을 주고자 하는

                   내용입니다.


제안내용 :  각 자치구별 저소득층, 독거노인가정등에 대한 동계/하계 주견환경복지 서비스

                    팀을 구성하여 아래와 같은 소소한 부분도 해결해 주었으면 합니다.

                    또한 인력과 예산에 따른 어려움이 있다면 각 자치구별로 이러한 봉사 서비스를

                    제공해 줄수 있는 일반 시민들을 선발하여 최소한의 실비로 팀을 운영할수 있도

                    혹 하면 좋을것 같습니다.


                   가. 동절기 : 생활수도 동파방지 서비스(동파시 긴급지원, 동파전 방지작업)

                                        단수에 따른 생활용수 긴급 우선 지원서비스

                                        폭설등에 따른 우선 제설작업 지원서비스(내집앞)

                                        보일러등 난방제품 점검 및 수리 서비스

                                         폭설에 따른 주거환경주변 안전점검 서비스


                 나. 하절기 : 선풍기등 가전 제품의 무상수리 서비스

                                      단수에 따른 생활용수 긴급 우선지 원 서비스

                                      폭우에 따른 주건환경주변 안전점검 서비스

                                      우산 수리 및 제공 서비스


기대효과 :  현재 우리나라는 저소득층, 독거노인분들에 대한 복지서비스가  많은 발전을 하

                    여 기존보다 다양한 형태의 복지 서비스를 제공하고 있는것으로 알고 있습니다.

                   하지만 우리사회에서 실제적인 약자이며, 생활속에 작은 부분까지 해결하지 못

                   해 복지단체등에 의해 근근히 지원받는 경우도 있고, 시간도 오래 걸리기에 많은 

                   어려움을 겪고 있습니다.

                  또한 지자체에서 동계나 하계가 되면 그때 마다 지원해 주는 서비스도 제안내용

                  에 있지만 총괄적으로 사전에 서비스를 제공해 줄수 있어야 할것 같습니다

                  제가 제안한 내용은 실제로 예산이 많이 들지 않으면서 인력만 제대로 활용을

                  한다면 이러한 우리 사회 약자인 분들에게 어려운 생활환경 구석구석까지 도움을

                  주고, 그들에게 희망과 용기를 심어줄수 있다고 생각합니다.

                  어렵고, 힘든 사람들은 경제적인 지원도 중요하지만 이렇게 생활환경 자체에

                  어려움이 오면 빠르게 대처할수 있는 통로가 부족하므로 그런 부분을 해소해

                  주어야 할것입니다.",,,NA,20240125,NA
제설용차량 운행확대 및 제설용 모래주머니 비치에 관해서...,행정/자치/안전,,제안심사,2010-12-29,NA,거창군,"안녕하십니까...

동거창농협 가북지점에 근무하고 있는 정원황 입니다.

다름이 아니라 12월 들어서 2~3차례 눈이 왔습니다.

그런데 눈이와서 제설작업은 어떻게 하는지 모르겠습니다.

눈이 쌓여서 미끄러우면 모래를 뿌리고 눈이 녹아 다음날 기온이 떨어져 얼어 붙을거 같으면

염화칼슘을 뿌리는걸로 알고 있습니다.

주말은 그렇다고 하더라고 평일은 제설작업을 해야 되는거 아닌가요?

목숨걸고 출퇴근하는 것도 아니고, 출퇴근시간동안 완전 긴장상태 입니다.

읍도로를 다 다녀보진 않았지만 2교 및 4교를  통과하면서 소로 및 대로 모두 제설작업이 되어 있지 않았씁니다. 빙판길을 어떻게 운전하라고 거창군민들을 너무 과대평가 하시는거 같습니다. 빙판길 운전 다 잘하니까?  뭐 이런 생각이 듭니다. 오르막 오르다 미끄러워서 ""모레라도 뿌려서 가야지"" 찾아봐도 모레주머니는 없었습니다. 참 황당해서 온 길을 다시 내려와 고속도로로 돌아 갔습니다.

우리나라 행정이 다 비슷한거 같더라구요.  꼭 일이 벌어져야 위급함을 알고 대처하고 그렇지 않으면 조용히 넘어 갔으면.... 

지금 면지역에서 버스가 다니지 않아 주민들이 불편하다 하십니다.  앞으로 미리 대처하셔서

군민들이 불편함이 없었으면 좋겠습니다. 다시 한번 부탁드립니다.",,,NA,20240125,NA
폭설 후 버스 바퀴에 체인 장착을 의무화하자,행정/자치/안전,,답변완료,2010-12-29,2013-04-24,수원시,"폭설 후 버스 바퀴에 스노우 체인 장착을 의무화하자


오늘 눈이 많이 내렸습니다.(10년,12,28) 집앞 도로는 눈이 아직 많이 남아 있었습니다.

오늘 뉴스를 보니 폭설때문에 버스가 정차도중 바퀴가 미끄러져 40대 남성이 버스에 치여 그 자리에서 사망하셨는데 얼마나 안타깝습니까. 한 가족의 가장일텐데요.

저도 오늘 겪을뻔 했습니다. 학교로 등교하는 중에 버스를 급하게 잡았는데 버스가 한참 앞으로 가서 멈춰서 다칠뻔 했답니다.

또 아침시간때에 대중교통을 타고 출근,등교하는 사람들이 많은데 한 버스에 배차간격이 4분인것이 28분이 되어 결국엔 걸어가고 지각했습니다.


버스라는 대중교통이 정차(특히 급정차)와 출발을 다른차들에 비해 많이 합니다. 폭설이 내릴 경우 이러한 정차, 출발에 장애가 더욱 심할듯 합니다. 하지만 만약 버스에 스노우 체인 장착을 의무화 한다면 일단 버스의 속력도 조금더 나아질것이고 안정적인 정차와 출발을 하게되어 사고, 지각등 여러가지 비경제적인 사건이 발생할것이고 그것은 곧 국가에 결코 이익이 되지 않을것입니다.


국민 한 사람을 보호하기 위해서라도 폭설 대책좀 잘 짜주세요.",,,대도시는 폭설시 신속한 재설 작업을 실시하므로 체인을 장착할 필요가 없음,20240125,NA
자율고로 인한 불가피한 피해학생에 대한 구제대책은 왜 안세워주는건지요???,교육/문화/체육/관광,,답변완료,2010-12-28,2013-05-06,교육부,"반포본동에 위치한 세화고/세화여고는 자율고로 지정되어 이곳에 위치한 학생들은 부득이하게 원거리에 있는 학교에 배정되어야합니다...상문고/서울고/반포고...버스를 두번이나 갈아타야하고...이 지역은 교통이 너무나 불편합니다...우리아이들이 더이상 통근문제로 힘들지않게 이지역에 일반고교를 남녀공학으로 증설해주시던가...뭔가 다른대책들이 생겨야하는것 아닌지요???

이번 미달사태로 인해 학교선발권이나 운운하고 지정취소를 검토중이라하는데...좀 더 신중하고 자율고와 상관없는 일반학생들이 훨씬 더 많다는 점을 인식해주세요.


<자율고 제도개선안 왜 나왔나>

연합뉴스 기사전송 2010-12-28 10:44 


관심지수0관심지수 상세정보 

최소 0 현재 최대 100 조회 댓글 올려 스크랩 

[전송시간 기준 7일간 업데이트] 

도움말 닫기 글씨 확대 글씨 축소 

""문제점 보완하되 축소는 없다""

학생선발권 부여 특혜논란 빚을 수도


(서울=연합뉴스) 이윤영 기자 = 28일 공개된 자율형 사립고(자율고) 제도 개선안은 최근 논란이 된 정원 미달사태의 재발을 막기 위해 궁극적으로 학생 선발권을 일부 허용해 주자는 것이 핵심이다.


결국 선발권 제한으로 `이름만 자율고'라는 비판이 나오고 학교의 정체성이 모호해 학생・학부모의 외면을 받았기 때문에 미달사태를 초래했다는 진단을 내린 것이다.


◇자율고 현황과 문제점 = 자율고는 이명박 정부의 대선 공약인 `고교 다양화 프로젝트'를 대표하는 학교 모델이다. 


사립학교가 건학 이념에 따라 자율적으로 교육과정 편성, 학사 운영을 할 수 있게 하고 학생・학부모에게는 학교 선택의 기회를 늘려줌으로써 바람직한 사학의 모델을 만들어 보자는 취지를 담고 있다. 


2012년까지 총 100개교를 만든다는 목표에 따라 지난해 25개교가 처음 전환해 올해 3월 개교했으며 현재 총 51개교가 지정돼 있다. 


하지만 도입 후 1년이 지나자 여러 문제점이 드러나 정착 단계의 어려움을 겪고 있는 게 사실이다. 


우선 최근 2011학년도 신입생 모집에서 전국 10개교가 100% 충원에 실패했고 서울의 2개교는 충원율 30%대에 그쳤다. 


선발방식이 `선지원 후추첨'으로 제한돼 있다 보니 학교 측에서는 `학생 선발도 마음대로 못하는데 무슨 자율고냐'는 불만이 터져 나왔으며 일부는 지정 반납 의사를 내비치기도 했다. 


여건이 되는 곳이 많지 않은 상황에서 무리하게 목표치(100개)를 채우려다 수요에 비해 너무 많은 자율고를 지정해 미달사태를 자초했다는 지적도 나온다. 


◇개선안 내용은 = `사학을 사학답게' 운영하도록 학생 선발권을 일부 허용하는 방안을 담았다. 


사교육비를 유발하지 않는다는 전제로 외국어고, 국제고 등이 하는 자기주도 학습전형을 도입한다는 것이다.


연구진이 제안한 안은 현행 선발체제를 유지하는 1안과 서울을 제외한 나머지 지역에 자기주도 학습전형을 도입하는 2안으로 나뉘며, 2안이 유력한 것으로 알려졌다.


애초 학생 선발권을 제한했던 이유는 자율고가 고교 평준화 체제를 뒤흔들어 또 하나의 입시 명문고로 변질되고 사교육비를 유발할 것이라는 우려가 있었기 때문이다. 


따라서 선발권을 일부 허용하면서도 서울을 제외해 평준화 해체 우려를 최소화하고 학교 측의 요구도 수용한 절충안이 나온 셈이다. 


대신 서울에서는 선지원 후추첨 방식 외에 내신+추첨, 면접+추첨 전형을 할 수 있게 하는 방법으로 선발권을 일부 허용할 계획이다. 


하지만 범위야 어찌됐든 학생 선발권을 부여한다면 초기부터 삐걱거린 자율고에 다시 특혜를 주는 셈이 된다는 논란이 빚어질 소지도 있다. 


정원 미달 대책으로는 `워크아웃' 제도를 도입해 운영이 어려운 자율고에 퇴출 경로를 마련해 주는 안이 제시됐다. 


신입생 충원율이 일정 기준(60%)에 미치지 못한 학교 법인이 워크아웃을 신청하면 정부가 부족 재원을 지원해 주고, 대신 이듬해에도 충원이 안되면 지정을 취소해 퇴출하는 방안이다.


교과부 관계자는 ""100개라는 목표치에 연연해 무리하게 학교 수를 늘리지는 않을 것""이라며 ""그렇다고 자율고 제도를 축소하는 것은 아니다. 문제점을 보완해 바람직한 방향으로 확대한다는 게 개선안의 방향""이라고 말했다.",,,"자율형 사립고 등 고교다양화 정책은 학생, 학부모의 학교선택권 확대와 교육과정의 다양화, 특성화를 위해 추진되었으며,

학생. 학부모의 학교 만족도가 제고되고 학업성취도가 향상되는 등 일부 성과가 있었지만 고교서열화를 초래하고 입시경쟁을 불러일으키는 등 문제점도 있었다고 생각합니다. 다만, 고교다양화 정책의 급격한 변화는 학교 현장에 혼란을 초래할 수 있습니다.

 따라서, 발생할 수 있는 문제를 종합적으로 검토하여 시. 도교육감과 전문가 등의 폭넓은 의견수렴을 통해 지속적으로 개선, 보완책을 마련해 갈 예정입니다.",20240125,NA
복지 대상자 세대원 관리,식품/보건/복지/가족,,제안심사,2010-12-27,NA,보건복지부,"기초수급자 세대


부모와 자식이 같이 거주시 자식이 미성년자 일경우  근로무능력자로 봅니다


허나 자식이 고교를 졸업하고 대학생이 되면 근로능력이 있습니다


아르바이트라도 해서 소득활동을 할수가 있습니다


고교 졸업후 대학생이 되거나 일반사회인이 되면  근로능력자로 분류 시켜야 합니다

진단서 첨부하여 질병등으로 3개월 이상 치료가  필요한 경우를 제외하곤

근로능력자로 분류시켜 수급자 중지가 되어야  합니다


이문제로 부모가 수급자 탈락할까봐  성인이 된 자식을 주민등록을 옮기고 별짓을 다합니다


요즘 수급자들 잔머리 엄청나게 굴립니다  주민등록상의 수급자 세대원 관리

아주 철저히 관리해야 합니다


주민등록상의 수급자세대원 관리  해당 주민센타및 구청(통합조사팀)에서 관리,감독 철저히 해야합니다    기초수급자가 되기 위하여 온갓 편법을 동원합니다

또한 수급자 중지가 되지 않기위하여 주민등록을 이리저리 옮기는 자들이 많습니다


보건복지부 기초생활보장과 직원분들  수급자 관리 철저히 하세요

특히 영구임대주택에 거주하는 수급자들은 해당구청에서 특별관리를 해야 합니다

[차상위계층과 한부모가정도  같습니다]


전국의  영구임대주택 해당 지자체는 수급자세대원 관리 감독 잘해야 합니다

도박과 알코올 중독에 빠져있는 수급자및 차상위계층의 자들은 가려내어 시설에 입소시켜야 하며

영구임대주택에서는 자주보는 광경입니다


기초생활수급자및 차상위계층 주민등록상 세대원 관리감독 철저히 할수 있도록 지침 개선하세요",,,NA,20240125,NA
동별 자생단체 회원명단 관리 시스템 개발,행정/자치/안전,,제안심사,2010-12-26,NA,서구,"○ 자생단체회원의 빈번한 위・해촉에 따른 명단 일괄관리 필요성 증대

 ○ 구・동정 홍보 및 행사 알림 등 효율적 업무 추진


 □ 시책(사업)개요

  ○ 자생단체 회원 명부 관리 일원화 필요성 증대

     － 회원명부 양식 및 문서종류의 통일 ⇒ 불필요한 업무시간 절약

  ○ 구・동정 홍보 및 행사추진에 따른 주민지원 요청 업무 간소화

     － 평상시 회원 명부를 일괄관리 함으로써 업무추진 효율 극대화


 □ 세부추진계획

  ○ 각 동별 기초자료 작성

     － 통일된 양식에 의한 자생단체 회원 기초자료 작성

  ○ 서구 자생단체 회원 D/B 구축

     － 기초자료를 바탕으로 통합 명부 데이터베이스 구축

  ○ D/B 상시 관리를 위한 워크시트 작성

     － VBA를 연동한 워크시트(엑셀양식) 작성 ⇒ 데이터베이스 상시 관리

  ○ 새올행정시스템 게시판을 활용한 D/B 공유

     － 부서별 담당직원에게 접근권한을 부여하여 관련업무 추진시 활용


 □ 소요예산

  ○ 비예산


□ 기대효과

  ○ 자생단체 회원 명부관리에 통일성을 부여하여 효율성 제고

  ○ 기타 업무에 따른 회원자료 요청시 업무 중복 최소화",,,NA,20240125,NA
국민신문고의 국민제안에 무능접수 코너 신설 제안앙청 ,기타,국민신문고의 국민제안에 무능접수 코너 신설 제안앙청.txt,답변완료,2010-12-26,2011-02-24,국민권익위원회,"국민신문고의 국민제안에 무능접수 코너 신설 제안앙청 



* 현재 국민신문고 에

[민원신청]  [국민제안]  [정책토론]  [부패신고]  [행정신판] 5개의

코너가 존재 합니다.


* 저의 제안 앙청 :

[부패신고] 외에 [무능신고] 코너를 신설하여 주십시오.

어느국가사회나 최대로 잡아도 10%까지만 에이스들 이고,

나머지 90%는 대충 고만고만한 잡부들 입니다.

간단하게 그 국가사회의 에이스를 1%만 더 늘려도 좋겠으나, 하나님의 장난? 이신지

아무리 용을 쓰고 엘리트교육폭을 늘려보아도 완제품?으로 배출되는 에이스는 최대로 잡아도 10%를 넘기기가 물리적으로 불가능 한 현실 입니다.

조국사회는 정부부처그룹 공직자패거리 준공직자패거리 국책연구소(예:

엘트리 = 한국전자통신연구원 한국재료연구소 한국전기연구원 한국기계연구원

한국생산기술연구원 중소기업진흥공단 등등 대충 제가 파악한 것만 해도

50여개 이상 입니다.)에 거의 올인 몰빵 되어 있습니다.

여기가 사업주가 국민이므로, 노동환경이 천국이고 월급도 상당히 높고 평생보장에 퇴물노인노후특혜보장( = 국민연금에 비하여 공적연금은 천국입니다 제가 시비거는게 아닙니다) 등등의 특혜때문에, 조국사회의 머리 좀 돌아가는 에이스 10%의 대부분이 꿀단지인 이곳으로만 이쪽으로만 올인 몰빵되어 있습니다.

하오나 심각한 문제는 이들이 조직적으로 고의적으로 무위도식 = 식충이 = 뱀파이어 = 흡혈귀 패거리화를 지난 수십년의 세월동안 하였다는 것입니다.

100원가치의 성과물을 내놓고도 남을 에이스패거리 정부부처들이, 고작 10원거치의 성과물(복제품)만 내놓고 우리는 밤을새워 노력하였다? 라고 거짓말을 내년 국회예산을 받을 때마다 앵무새처럼 반복하고 있습니다.

조국사회를 견인할 책임이 있는 쪽은 10%에이스패거리 입니다. 

90%잡부 패거리가 아닙니다.

10%에이스패거리의 고의적인 집단적인 고착화된 무능을 신고할 창구를 국민신문고에 개설하여 주십시오.



2010년 12월 26일. 일요일. 오전 10시. 

이향제.    올림.




########

######## 구 분 선 :

########





검사님들에게 집결된 법집행의무중에서 공공기관무능처벌의무는 감사원에 이첩




- [감사원] 도 믿음이 안가지만, [검사님집단] 에게 너무 과도하게 집결된

권력의 분산을 요청 한 것입니다.

분명코 지난 대충 3년 에서 10년의 세월동안 [법무부 대검찰청 창원지검 부산고검 등 = 명품 검사님 집단]은

저의 개혁진정서를 묵살? 무시? 비웃기? 등을 하였습니다.

심지어는 저의 개혁진정서를 간첩(국가전복사범)쯤으로 몰아서

명품 법관(판사)님들과 작당? 을 해서 

저를 징역 4개월의 피울음을 토할 징역을 살게 하였습니다.",,,"1. 국민신문고에 대한 관심에 감사를 드리며, 귀하께서 신청하신 제안(1AB-1012-014456, 국민신문고 홈페이지에 “무능접수”코너를 만들어 주세요)에 대한 검토결과를 다음과 같이 알려 드립니다.

        2. 답변사항

         ○ 먼저, 국민신문고에 좋은 의견을 주셔서 감사를 드립니다, 국민신문  고 홈페이지에는 민원신청, 국민제안, 정책토론, 부패신고, 행정심판 의 기능이 있습니다. 무능접수는 민원신청 메뉴를 이용하여 주시기 바라며, 현재로서는 별도 신설계획이 없으니 양해하여 주시기 바랍니다. 앞으로 국민신문고를 이용하시면서 불편한 사항이 있으면 언제든 문의하십시오. 친절히 답변 드리겠습니다.

        3. 제출하신 의견은 시행하기 곤란한 건의에 해당하여 채택하지 않음을 양해하여 주시기 바랍니다.

        4. 상기 내용 이외에 추가로 궁금하신 사항은 국민신문고담당관실 정진덕조사관(02-360-2750)에게 연락하여 주시기 바라며, 귀하와 귀하의 가정에 건강과 행운이 항상 함께하기를 기원합니다. 끝.",20240125,NA
트위터 시민긴급재난 서포터즈 방안활용,행정/자치/안전,,답변완료,2010-12-25,2013-12-05,행정안전부,"[현황 및 문제점] 


- 우리는 일상생활을 하면서 각각의 이상한 기상이변으로 엄청난 위기의 상황과 재난을 맞닥치고 있는 위기의 상황에 있습니다. 


- 이산화탄소 등의 증가로 인한 엘니뇨, 라니뇨 등의 기압대 이상으로 기습적인 호우 및 폭우로 이어져 국민생활에 많은 피해를 주는 긴박한 국가적인 형태의 재난으로 심각한 문제점들이 있습니다. 


[개선방안] 


- 이러한 위의 기상이변에 가장 최선두에 있는 것이 우리 국민들이며, 시민들이라고 생각됩니다. 또한, 무선 인터넷 손 안의 작은 무선 노트북과 스마트폰의 급속한 보급으로 인한 가칭 트위터 시민긴급재난 서포터즈(자원봉사대)를 소방방제청에서 모집 구성하여 긴급재난 위기 사태에 대응하여 활용하는 방안을 제안합니다. 


- 이 사례는 방송사 및 신문사 등의 기자보다도 일반 시민들이 더 먼저 이러한 위기 및 재난에 먼저 노출되고 트위터 제보가 금번 폭우 시에 그 위력을 발휘하였고 그 파급속도도 대단하였다고 보도 되었습니다. 


- 미국에서 비행기 추락이 있어 인명사고가 발생하는 상황이 발생하는 과정에서 세계에서 현장취재하기로 유명한 CNN의 기자들보다 보다 일반 시민이 찍은 스마트폰의 사진이 트위터에 올려 전 세계에 타진 될 정도로 그 파급효과가 크다고 할 것입니다. 


[기대효과] 


- 트위터 시민긴급재난 서포터즈(자원봉사대)를 구성하여 급박한 위기 상황 발생에 대한 신속한 위기 대응 전파의 활성화 방안의 효과. 


- 기상 이변 등에 대한 급격한 위기 대응에 대한 현장 파악이 용이하며, 신속한 위기 대응 효과 극대화됨.",,,"제안하신 내용은 기존에 일부를 시행하고 있며, SNS을 활용하여 각종 안전 정보나 상식 등을 제공고, 항상 모니터링을 실시 하고 있습니다..

온라인 서포터즈 및 기자단을 활용 전국의 각종 정보를 공유하고 있는등 앞으로 지속 적으로 추진할 예정입니다.",20240125,NA
전문심폐소생술 시뮬레이션 교육훈련,식품/보건/복지/가족,,제안심사,2010-12-25,NA,보건복지부,"-현실태-

우리나라도 식생활 방식이 서구화화 됨으로써 누구나 잘 알고 있듯이 심장혈관 질환자와 노령인구의 증가로 ‘기본 심폐 소생술’의 중요성과 필요성이 높아지고 있습니다. 


-문제점-

심폐소생술 동영상이나 심폐소생술 폰과 같이 화면을 보고 따라하는 방법도 있지만 실제 상황에 다다랐을 때  지체 없이 행할 수 있는 실질적인 교육이 널리 보급되지 않았습니다.


-개선방안-

 각 시도별 청소년 문화센터, 성인 문화센터 에서 전문심폐소생술 시뮬레이션 교육훈련 시스템을 운영하여  남.녀노소 누구나 과정에 참여할 수 있도록 하였으면 합니다.

문화센터 홈페이지에서 교육훈련 신청을 받아 성인, 소아 심폐 소생술 실습, 자동제세동기실습을 지속적으로 운영 한다면 전 국민이 습득할 수 있는 유용한 기회를 제공 받을 것이라 생각됩니다. 



-기대효과-

사실 일반인들이 심폐소생술 과정을 실질적으로 교육훈련을 받을 수 있는 기회가 그리 많지는 않습니다.

그러나 문화센터에서 지속적으로 교육을 시행해 준다면 실제 심정지 환자가 생겼을 때 누구든지 지체 없이 심폐 소생술을 시행할 수 있어서 생존을 증가 시킬 수 있을 것입니다.",,,NA,20240125,NA
직원에 의한 직원의 친절교육,행정/자치/안전,,제안심사,2010-12-24,NA,서구,"□ 목    적

 ○ 직원들이 겪은 사례를 중심으로 하는 친절교육으로 실천방안 도출

 ○ 직원의 강사역할 및 지속적이고 반복적인 교육으로 친절생활화


 □ 세부 추진계획

  ○ 운영기간 및 일시

     － 기  간 : 2011.1월˜12월

     － 시  간 : 매주 목요일 18:30˜19:00(공휴일인 경우 다음날)

  ○ 친절교육 대상 및 강사

     － 대  상 : 전직원(공익근무자 및 도우미 포함)

     － 강  사 : 직원(내부직원들이 순번을 정하여 1일 강사로 활동)

  ○ 친절교육 내용

     － 기본예절 : 반갑게 인사하기

     － 민원응대요령 : 전화민원 응대법, 방문민원 응대법

     － 민원처리요령 : 민원의 유형 및 특징, 민원처리 유의사항

     － 민원처리사례 발표 및 토의 : 민원처리시 겪은 흐뭇했던 사례, 아쉬었던 사례, 후회스러웠던 사례

     － 행정서비스의 질 향상을 위한 실천방안 토의


 □ 기대효과

  ○ 직원의 친절을 직원이 교육함으로써 직원들의 친절에 대한 마인드 제고

  ○ 직원에게 친절에 대한 학습유도 및 친절교육 강사역할 통해 발표력 향상

  ○ 친절교육을 통한 행정서비스의 질을 향상시켜 주민의 민원만족도 제고


 □ 소요예산

  ○ 비예산",,,NA,20240125,NA
관내 전·출입 인감대장 사송 운영,행정/자치/안전,,제안심사,2010-12-24,NA,서구,"□ 목   적

 ○ 관내 전・출입 인감대장 사송운영으로 등기우편료 예산절감

 ○ 신속한 인감대장 전달체계 구축


 □ 시책(사업)개요

  ○ 관내 전・출입 인감대장 사송운영으로 예산절감

     － 주민등록증 교부, 출생・사망신고서 제출시 사송 운영

     － 동주민센터 우편발송료 대부분을 인감대장 등기발송료로 지급하므로 관내 인감대장 사송발송으로 예산 절감


 □ 세부 추진계획

  ○ 관외 인감대장 : 현행대로 등기발송 운영

  ○ 관내 인감대장 : 사송운영체계 도입

     － 인감대장 인계인수대장 비치 및 관리 철저


 □ 기대효과

  ○ 인감대장 등기우편발송료 예산절감 및 신속한 인감대장 전달


 □ 소요예산

  ○ 비예산",,,NA,20240125,NA
기초생활수급자의 자생력 강화를 위한 프로그램 개발 제안,식품/보건/복지/가족,,제안심사,2010-12-24,NA,보건복지부,"1)실태와 문제점

지금 우리 복지에는 문제가 많습니다. 특히 저희 동이 좀 심각하다고 느끼는데요 기초생활수급자가 되는 조건도 기초생활 수급대상자의 재산조사와 차정도를 조사하고 선별하는걸로 알고있습니다. 이렇게 선정되어 1급 이되면 30만원정도 지급받는걸로 알고있습니다. 문제는 열심히 나아가는 분들은 상관없지만 점점 빈부의 격차도 심하고 계속적으로 기초생활수급자로 남는것에 있습니다. 가난한 사람은 계속 가난할수 밖에 없는 그 싸이클을 개선하기 위해서는 무조건 적인 지원도 중요하지만 교육부분에 투자를 하여 벗어날수 있도록 도와주어야 겠습니다.

2) 개선내용

우선 수급자들에게 일자리를 주었으면 좋겠구요 요즘 정부에서 실행하는 ""바우처""제도를 활성화하여 바우처 직으로 우선 파견하여 돈을 벌수 있게해주고 싶습니다. 간호학원과 미용기술학원 제과제빵 그리고 경리회계학원을 우선 지원해줘서 교육을 시켰으면 합니다. 좀더 강화해서 기초생활수급자라면 학원중에 하나는 무조건 다니도록 좀 강화해서 가난에서 벗어날수 있도록 의지를 주고 싶습니다. 의지가 있어야 벗어나듯이 목표를 심어주고 싶습니다. 

기초생활수급자로 신청되면 적성에 맞는 하나의 학원에 등록이 되어 기술이나 교육을 받고 좀더

나은 삶으로 나아갈수 있도록 강화되었으면 좋겠습니다. 

제가 여기서 얘기하는 기초생활수급자중 장애인이나 노인분들은 제외하고 

건강하신 분들 중에도 가끔 말을 해보면 의지가 없으신 분들이 있으신데 그런 분들에게 교육을

통해 좀더 멋진 인생도 있다는걸 알려주고 싶었습니다. 

노력하는 분들을 돕는건 행복합니다. 하지만 아무것도 하지않고 바라기만 하시는 분들은

밉습니다.",,,NA,20240125,NA
자원봉사 연결 상담도우미 운영,행정/자치/안전,자원봉사 연결 상담도우미 운영.hwp,제안심사,2010-12-24,NA,서구,"□ 제안 배경 

  ○ 동주민센터 등 행정기관을 찾아오는 학생들이 있으나 마땅한 

     자원봉사 일거리가 없어 되돌려 보내거나 허드렛일을 시키게 됨

□ 현황 및 문제점

  ○ 자원봉사희망자의 구청 자원봉사센터사이트 활용미숙

  ○ 상담도우미 상담을 통하여 봉사 일거리를 쉽게 접근하게 할 필요 있음

□ 사업개요           

  ○ 구청내에 자원봉사 전담 상담도우미를 운영하여 상담전화를 통해 봉사가 필요한 기관과 봉사자를 적합하게 연결

□ 추진내용

  ○ 동 주민센터 등은 자원봉사상담도우미 홍보를 하고 학생 등의 

     문의가 오면 상담도우미 전담전화번호 안내

  ○ 상담도우미는 친절하고 적합하게 봉사수요기관과 연결",,,NA,20240125,NA
자치센터 내「우리동 공부방」운영,행정/자치/안전,구민아이디어(3).hwp,제안심사,2010-12-24,NA,서구,"□ 사업개요

  ○ 동 자치센터 내 공부방 운영하여 저소득계층 아동・청소년들에게 교육의 기회 제공 및 대학생 및 직장인의 봉사활동 기회 제고

 □ 세부 추진계획

  ○ 동 자치센터 내 일정공간 (회의실 등) 공부방 개설

  ○ 기간별로 공부방에 참여할 학생과 선생님 모집

     — 현실적인 도움 위하여 연령별 그룹 편성

     — 선생님 교육시간 봉사활동시간 인정

     — 그룹편성 후 주기적으로 지속운영 / 일주일에 1~2회 수업 등 

  ○ 주민센터 내 공부방 운영관리자 지정・운영",,,NA,20240125,NA
사랑을 실천하는 자원봉사활동,행정/자치/안전,구민아이디어(2).hwp,제안심사,2010-12-24,NA,서구,"□ 사업개요

  ○ 동 주민센터・학교・사회복지시설 등 관내 기관의 상호협력 하에 학생들의 자원봉사활동을 체계화하여

  ○ 서로 이해하고 기쁨과 슬픔을 함께 나누며 부족함을 채워주는 더불어 사는 행복사회 조성

 □ 세부 추진계획

  ○ 연초 관내 유관기관에 자원봉사 활동계획서 공문발송

  ○ 관내 소재 학교와의 협의 하에 자원봉사활동 일괄접수(수시접수가능)

  ○ 자원봉사활동이 용이한 방학기간 등을 고려하여 1년 활동 계획수립

     - 유관기관 : 초・중학교, 사회복지시설, 보건소, 치안센터, 우체국, 농업기술센터 등

     - 활동내용 : 건물 환경정비 및 방문민원안내

                 시설 입소자와의 말벗 도우미

                 독거노인세대 방문 시 학생참여 등",,,NA,20240125,NA
수급자 소득산정,식품/보건/복지/가족,,제안심사,2010-12-24,NA,보건복지부,"국가유공자로 선정되어 있는자가 기초생활수급자가 되었다면  보훈처에서 지원받는 연금,수당등을 기초생계급여비에서 소득으로 산정시켜 차감시키는것은 당연한 것입니다

보훈처에서 지원받는 연금및 수당등은 당연히 소득으로 보아야하며 소득으로 보지않고 

이중지급시 형평성에 매우 어긋납니다 


국가유공자이면서 기초수급자로 보호받는 자들은 정부로부터 이중으로 모든지원을 받는것입니다 일반인들과 동일하게 적용시키는것은  매우당연한것입니다

유공자 비리도 아주 많으며 국가유공자 관리차원에서도 보훈처에서는 매우 엄정하게 선정시켜야합니다  전쟁에 참전하여  몸을 다쳐 유공자되시는 분들이 진정한 국가유공자라고 생각합니다  

국가유공자의 비리는 매우 많습니다 이점은 국가보훈처에서 엄정하게 유공자선별 해야 합니다


기초생활수급자이면서 국가유공자로 지정되어 있는 사람들이 정부로부터 이중지원을 받게해선

절대 안됩니다  기초생활수급자의 소득부분에서 기초노령연금,유공자연금,수당등 사전이전소득은  전부 수급자 생계급여비에서 소득으로 보고 차감시키는것이 정상입니다


현행지침을 유지시켜야 하며  기초생활수급자는 소득기준에 있어서는 매우 엄정하게  해야합니다

기초노령연금,국가유공자연금및 수당 받는자들은 전액 소득으로 산정하여 현행대로 차감시키는것이 맞는것입니다   일반인들과 동등하게 형평성에 맞게 해야 합니다

중증장애자들이 지원받는 장애연금은 제외시키는것이 당연합니다


기초생활수급자의 소득산정부분  사전이전 소득부분은 매우 엄정하게 유지 시키시길 바랍니다


[보건복지부에서 수정해야하는 부분은 부양의무자 부양비 산정기준입니다

아들과 딸의 부양비 산정기준을 형평성에 맞게  지침개선을 요합니다]",,,NA,20240125,NA
"관광,공연안내 모바일 서비스",행정/자치/안전,구민아이디어(1).hwp,제안심사,2010-12-24,NA,서구,"□ 사업개요

  ○ 대전을 찾는 관광객에게 최신 유비쿼터스 기반의 관광정보를 제공함으로써 첨단과학도시・창조도시에 이어 관광도시 대전의 이미지 부각

  ○ 대전에서 열리는 각종 축제・회의정보 제공과 예술 공연을 전국 어디서나 간편하게 이용할 수 있는 예약서비스 제공으로 대전 방문의 기회 부여


 □ 세부 추진계획

  ○ 언제 어디서나 이용 가능한 내 손안의 관광안내 서비스 구축

    － 관광호텔 예약, 여행코스안내, 맛집, 문화재 탐방, 시티투어 등 서비스를 내 손안에서 한번에 OK!

  ○ 예술공연 홍보 및 예약 서비스로 문화예술대전 이미지 제고

    － 예술공연 예약프로그램, 공연 예약자에게 KTX 요금・주요관광지 이용요금 할인 등 연계서비스 제공",,,NA,20240125,NA
다자녀가정 민원발급 수수료 감면,행정/자치/안전,,답변완료,2010-12-24,2017-03-28,서구,"□ 목적 및 배경

 ○ 최근 사회문제로 대두하고 있는 저출산 문제에 대하여 민・관이 함께 하는  가족 친화적인 출산, 양육 환경 조성 및 다자녀 가 정에 대한 사회적 관심을    제고를 위해 실시된 「다자녀우대카드제」의 기능보강을 통한 제도 정착에 이바지

 □ 시책(사업)개요

  ○ 현재 다자녀 우대 카드제의 기능이 지역 업체와의 협약 체결을 통한 물품구입 및 시설 이용 시 할인혜택에만 국한되어 있어 큰 실효성을 거두지 못하고 있는 실정으로 제도 시행의 주체인 행정기관이 앞장서 각종 민원 발급 수수료를 감면해줌으로써 실질적인 혜택 제공 

 □ 세부추진계획

  ○ 다자녀 우대카드 발급세대 각종 민원 발급 수수료 감면

 □ 기대효과

  ○ 다자녀가정에 대한 행정기관의 실질적 서비스 제공으로 다자녀우대제」의 정착을 통한 출산장려책 실효성 극대화",,,"ㅇ 국민제안에 대한 관심과 소중한 제안에 대하여 깊은 감사를 드리며,

    아울러 시스템 개편 등에 따라 답변이 매우 늦어져 죄송하다는 말씀을 드립니다.


ㅇ 귀하께서 제안하여 주신 다자녀가정에 대한 각종 민원발급 수수료 감면 제안에

    애하여 답변 드리겠습니다.


ㅇ 각종 민원서류 발급 수수료의 경우 ""대전광역시 서구 제증명 등 수수료 징수 조례""에

    따라 징수 되고 있으며 현재 다자녀가정 관련 감면조항이 없어 수수료 감면은 불가합니다.


ㅇ 향후 인근 자치단체 등과의 형평성 등을 고려하여 장기적인 검토가 필요한 사항으로 

    판단됩니다.


ㅇ 이에 귀하의 제안을 채택하지 못함을 양해하여 주시기 바라며,

    다시 한번 소중한 의견에 감사드리고 귀하의 건강과 행복을 기원드립니다.",20240125,NA
행복 나눔 공동체 식당 운영(한마음 사랑회),행정/자치/안전,행복나눔공동체(방차석).hwp,제안심사,2010-12-24,NA,서구,"현재 운영되고 있는 대전 한마음 사랑회를 이용 행복 나눔 공동체 식당을 운영하자는 제안


자세한 내용은 붙임문서 참조",,,NA,20240125,NA
핸드폰 요금에 작은 금액일지라도 후원금이나.기부할수 금액을 선택할수있도록...,산업/방송/통신/과학,,제안심사,2010-12-24,NA,방송통신위원회,"IT강국인 우리나라는 핸드폰이 없는 사람이 없습니다.

할머니 할아버지에서 초등학생 아이들까지.

그러나 우리가 불쌍한 사람들에게 도움을 주고플텐 그 절차가  조금은 복잡하고 큰 금액이 아니면 

불쌍한 사람들에게 도와주어야 겠다는 마음은 있어도 쉽게 행동으로 옮겨지지 않는게 우리의 현실입니다.

핸드폰을 살때 핸드폰 요금에 기부나 후원할수 있는 금액을 설정하면

매달  얼마씩 불쌍한 우리 이웃들에게 나눔을 함께 할수있게 해 주셨으면 합니다.

큰 금액이 아니라.....월 1000원. 3000원. 5000원.10000원.설정해두면 자동으로 핸드폰 요금에서 매월 빠져 나갈수있게...

그럼 우리아이들에게 또한 후원하는 모든 사람에게 연말이나 특별한 날만 불쌍한 이웃을 생각하는게 아니라  

늘 ~어려운 이웃을 생각하는 마음. 

바쁜 생활속에 마음의 여유가 생길꺼라 생각합니다.

sk . lg . kt 각 핸드폰 회사에서는 후원금이나 기부금액을 1년에 한번씩 모인금액과 사용처를 소비자들에게 핸드폰 고시서에 보고 해 주면 서로 믿고 신뢰하는 사회가 되지 않을까 합니다.",,,NA,20240125,NA
보훈 대상자에 대한 명예수당 지급시 국민기초수급자 기초급여 지급액 감소 유명무실  제도개선필요,식품/보건/복지/가족,보훈 대상자에 대한 명예수당에 따른 제도개선 필요.hwp,제안심사,2010-12-24,NA,보건복지부,". 과제명: 보훈 대상자에 대한 지자체 추가 지원시 국민기초수급자 기초급여 지급액 감소 

2. 과제를 개선해야 할 주관부처 : 보건복지부 

3. 관련법령 

○ 남양주시『참전유공자예우에 관한 법률』 

: 2009년 4월부터 조례에 의한 지급 

(분기별 지급으로 인해 7월부터 최초 지급하고 있음) 


○ 2010년 국민기초생활보장사업 안내(지침) p85-87 

: 공적이전소득의 범위 

- (지자체지원)이・통장 등 직책수당,출산・고형화 관련 수당, 교통수당,보훈대상자추가지원등 


4. 현황 및 문제점 

○ 참전유공자에 대한 예우 및 시민의 애국정신함양을 목적으로 

지자체에서 조례제정하여 지급하고 있는 참전명예수당이 

국민기초생활보장사업 지침에 의거 공적이전소득으로 산정됨으로 인해 

수급자가 매월 지급받고 있는 기초생활급여를 감소시킴. 

<생계 ・ 주거급여액 산출예시> 

◎ 소득인정액이 150,000원인 1인가구= 

(422,180-150,000=272,180(생계급여:216,111 주거급여 : 56,069) 

◎ 참전명예수당 소득산정시 소득인정액이 180,000원으로 변경되어 

(422,180-180,000=242,180(생계급여:192,290 주거급여:49,890) 

・ 급여액이 참전명예수당액만큼 감소 


5. 개선방안 

○ 지자체에서 지급되는 보훈대상자에 대한 추가지원을 

공적이전소득에서 제외하여 급여액에 영향을 미치지 않도록 

개정필요. 


6. 작성자 : U-쾌한 남양주 지역사회복지협의체 공동위원장 (031-590-8649)",,,NA,20240125,NA
보훈 대상자에 대한 명예수당 지급 시 국민기초수급자 기초급여 지급액 감소에 따른 유명무실함 제도개선,식품/보건/복지/가족,보훈 대상자에 대한 명예수당에 따른 제도개선 필요.hwp,제안심사,2010-12-24,NA,보건복지부,"1. 과제명: 보훈 대상자에 대한 지자체 추가 지원시 국민기초수급자 기초급여 지급액 감소

2. 과제를 개선해야 할 주관부처 : 보건복지부

3. 관련법령

 ○ 남양주시『참전유공자예우에 관한 법률』

   : 2009년 4월부터 조례에 의한 지급 

    (분기별 지급으로 인해 7월부터 최초 지급하고 있음)


 ○ 2010년 국민기초생활보장사업 안내(지침) p85-87

   : 공적이전소득의 범위

  - (지자체지원)이・통장 등 직책수당,출산・고형화 관련 수당, 교통수당,보훈대상자추가지원등


4. 현황 및   문제점

 ○ 참전유공자에 대한 예우 및 시민의 애국정신함양을 목적으로 

    지자체에서 조례제정하여 지급하고 있는 참전명예수당이

    국민기초생활보장사업 지침에 의거 공적이전소득으로 산정됨으로 인해 

    수급자가 매월 지급받고 있는 기초생활급여를 감소시킴.

 <생계 ・ 주거급여액 산출예시>

   ◎ 소득인정액이 150,000원인 1인가구=

      (422,180-150,000=272,180(생계급여:216,111 주거급여 : 56,069) 

   ◎ 참전명예수당 소득산정시 소득인정액이 180,000원으로 변경되어

      (422,180-180,000=242,180(생계급여:192,290 주거급여:49,890)

     ・ 급여액이 참전명예수당액만큼 감소 


5. 개선방안

 ○ 지자체에서 지급되는 보훈대상자에 대한 추가지원을 

    공적이전소득에서 제외하여 급여액에 영향을 미치지 않도록 

    개정필요.


6. 작성자 : U-쾌한 남양주 지역사회복지협의체 공동위원장 (031-590-8649)",,,NA,20240125,NA
(공정사회) 주민센타 민원편의시설건의,행정/자치/안전,,제안심사,2010-12-24,NA,서구,"대전 서구 갈마2동 주민센터에는

언제나 민원인이 많은 편입니다.


간혹 타 동주민센터에 민원인용 컴퓨터가 설치된곳을 보았는데

여기 갈마2동 주민센타는 없습니다.


긴급시 사용할수 있도록 민원인용 컴퓨터 편의시설 부탁드립니다.

복사.팩스까지......",,,NA,20240125,NA
주민센터에도 와이파이존을 설치해 주세요!,행정/자치/안전,,제안심사,2010-12-24,NA,서구,"정보화 시대에 시청은 와이파이존이 설치 되어있는데, 주민들이 더 많이 접근하는 동주민센터에서 설치되어 있지 않습니다. 정보화국가를 위한 관심 부탁드립니다.",,,NA,20240125,NA
(공정사회)특별제안공모,법제/사법,,답변완료,2010-12-23,2014-01-26,법무부,"현행제도 및 운영의 실태와 문제점

1. 우리정부는 부국강병의 희망을 가진 국민들에게 2만불 고소득 성장의 시대를 열었습니다. 대단한 이정부의 노력의 결과입니다. 하지만 부끄러운 현실을 피해갈 수만 없습니다. 미성년 소녀들이 인터넷 채팅으로 대낮에 버젓이 모텔과 호텔을 출입하며 순결을 팔고 사는 소녀 창녀시대를 열어가고 독버섯같은 조직폭력배가 우리 정부와 법치주의를 무력화하며 우리 정부와 나란히 하나되어 이 시대의 동반자가 되어 있습니다. 

2. 조직폭력배들은 이나라 국민들을 등쳐먹고 살며 풍운아 행세를 하고 조직폭력배들이 전국의 나이트를 장악하고 룽쌀롱을 운영하면서 인근 호텔과 짜고 숏타임 성행위와 성매매사업을 버젓이 년중무휴 지속하고 있습니다. 조폭들은 각종 사업과 이권에 개입하고 있어도 이 정부처럼 조직폭력배가 각계각층에 진출하는 시대가 도래한 것입니다. 법치국가인 우리나라 이정부가 조폭과 공존하는 시대를 활짝 열어 놓았습니다. 

3. 전시체제와 같은 현실속에서 전쟁이 발발하면 조폭들은 전시를 적절히 이용하려 들 것이며 국민들을 우롱하고 우리조국, 이정부에 반기를 들고 북한과의 거래도 불사할 것으로 판단됩니다. “유비무환” 후환이 없도록 조폭에 대한 대책마련이 시급한 시기입니다.   

개선방안

불비한 법을 재정비, 강화하고 강력한 조치를 단행하여 조직폭력배를 모조리 잡아들여 엄히 다스리고 성매매 거래를 할 수 없도록 솜방망이 처벌이 아닌 강력한 법시행을 단행하여야 합니다. 법치국가로서 국가기강을 바로 세우자면 계엄령을 선포하고 치안유지를 확립한후, “호시탐탐” 이나라를 침략하려는 야욕을 버리지 못하는 북한에 대하여 “강경대응 방침을 실행”하여야 할 것입니다.

기대효과

성매매는 성폭행이 자리잡지 못하고 조직폭력배가 사라지고 대한민국 국민들의 기대에 부응하는 강력한 정부가 되어 국민들이 이나라, 이정부를 믿고 신뢰하며 마음놓고 국민적 사기진작과 국민적 정서함양과 문화생활과 여가선용을 할 수 있는 풍토가 조성될 것을 기대합니다. 그리하여 북한과의 전시체제에서도 아니 전쟁이 발발하드라도 국민적 단합을 이루고 애국애족의 국민들로 거듭날 수 있을 것입니다. 그런후 북한과 마찰을 줄 일 수 있는 노력과 함께 북한과의 거래와 상호교류가 이루어지고 미국과의 군사동맹을 강화하고 일본,중국과의 다각적인 교류와 관계개선등을 통하여 우리나라가 국민들과 함께 부국강병의 시대를 향하여 매진할수 있을것을 기대합니다.",,,"안녕하십니까?

좋은 의견을 주셔서 감사합니다. 


다만, 국민제안은「국민제안규정」에 따라 행정기관 소관업무인「정부시책 또는 행정제도・운영에 관한 국민의 창의적인 개선안」을 접수받아, 좋은 제안일 경우 행정에 도입하고 필요 시 이에 상응하는 포상을 수여하는 제도입니다. 

즉 국민제안은 문제 제기, 단순 건의 등에 그치지 아니하고 구체적이고 창의적인 문제 해결의 대안을 제시한 경우로, 이러한 제안사안에 해당하는 경우 심사하여 그 채택여부를 결정하게 됩니다. 


귀하께서 제기하신 제안은 구체적인 시행방안 등이 제시되어 있지 않아 즉시 이를 채택하여 실시하기는 어려움을 양해바랍니다. 귀하의 의견은 향후 관련 정책 또는 법령 입안 시 적극적으로 참조할 수 있도록 노력하겠습니다. 


앞으로도 많은 관심과 참여 부탁드리겠습니다. 

감사합니다.",20240125,NA
외국인용 신문고 인터넷 홈페이지를 만들어 주세요,기타,,답변완료,2010-12-23,2011-01-24,국민권익위원회,"국내에 거주하는 외국인중 한국어 읽기 쓰기를  능수능란 하게 사용하지 못하는 외국인을 위해


외국인용 국민 신문고도 만들어 지면 좋을것 같습니다...


언어를 영어나, 베트남어, 중국어등 국내거주 외국인의 자국 비율을 감안해서


외국인이 자기나라의 언어로 글을 읽고 작성할수 있도록하는 국민신문고가 있었으면 합니다.


기존의 국민신문고에 통합하여 언어설정을 해서 바뀌도록 하든지


아니면 외국인 전용 국민신문고 홈페이지를 따로이 개설하든지


국내거주하는 한국어를 쓰고 읽기 어려운 외국인을 위한(결혼이민자의 경우도해당)


국민신문고가 마련되었으면 합니다.",,,"1. 국민신문고에 대한 관심에 감사를 드리며, 귀하께서 신청하신 제안(1AB-1012-013026, 영어, 베트남어, 중국어 등 국민신문고 외국어 민원창구를   만들어 주세요)에 대한 검토결과를 다음과 같이 알려 드립니다.

        2. 답변사항

         ○ 현재 국민신문고 홈페이지에서는 영어, 일본어, 중국어, 베트남어, 몽골어, 인도네시아어 등 6개 외국어 민원창구를 운영하고 있으니, 이용하여 주시기 바랍니다. 앞으로 국민신문고를 이용하시면서 불편한 사항이 있으면 언제든 문의하십시오. 친절히 답변 드리겠습니다.

        3. 제출하신 의견은 현재 시행 중인 건의에 해당하여 채택하지 않음을 양해하여 주시기 바랍니다.

        4. 상기 내용 이외에 추가로 궁금하신 사항은 국민신문고담당관실 정진덕조사관(02-360-2750)에게 연락하여 주시기 바라며, 귀하와 귀하의 가정에 건강과 행운이 항상 함께하기를 기원합니다. 끝.",20240125,NA
기초수급자 생계비 지원에 관하여,식품/보건/복지/가족,,제안심사,2010-12-23,NA,보건복지부,"현재 기초생계비 지원대상이 자녀가 있으신 어르신은 대상자 자체에서 제외되고 있는 실정입니다. 하지만 자녀가 있다해도 연락도 안되고 도움이 전혀 안되는 자녀를 두신 어르신은 그야말로 생계가 막막한것이 현실입니다.

정확한 실사를 통하여 정말로 생계가 어려우신 어르신들은 제도적으로 지원을 해주셨으면 좋겠습니다.",,,NA,20240125,NA
해외 파견 교육공무원 선발에 관하여,교육/문화/체육/관광,,답변완료,2010-12-23,2013-04-11,교육부,"해외 파견 교육공무원 선발에 관하여 문의합니다.


현재 해외 파견 교육공무원 선발은 그 자격이 극히 제한적으로 이루어지고 있다는 데 문제를 제기합니다. 교육 경력이 20년이 넘어 명예퇴직한 교육자가 상당히 많습니다. 그런데 굳이 현직 교육자만을 대상으로 선발해야 하는 것은 지나친 관료주의 체제만을 고집하는 것은 아닌가요. 사립 고등학교에서 근무한 교사는 교장이나 교감이 되는 일은 현실적으로 공정한 과정에서 이루어진 것이 아니지요. 


○ 자격 조건 : 선발 절차

   - 교육원장 : 교육연구관 또는 장학관 경력, 교장자격증 소지자, 3년이상의 교육연구사, 장학사 또는 교감의 경력 중  한 가지 조건을 충족하는 자

   - 학교장 : 교장자격증 또는 교감자격증 소지자 중 학교별 자격조건을 충족하는 자


교사로 근무하다 명예퇴직하면 교감이라는 호칭을 교육청에서부터 사용하더군요. 실제는 교감이 아닌데도 말 그대로 명예를 주던데 이를 활용할 국가적인 방안이 필요하다고 봅니다.


어느 조직 단위에서도 교감, 교장 자격보다는 몇 년 이상 교육 경력을 자격 요건에 넣어야 옳지 않은가요.",,,"안녕하십니까?

교육부 재외동포교육담당관실입니다. 


먼저 해외파견 교육공무원 제도에 관심을 갖고 의견을 내주신 점 진심으로 감사하게 생각합니다. 

선생님께서 제기하신 사항에 대하여 다음과 같이 답변 드립니다. 


우리 부는 파견자의 해외 근무경험을 국내 교육에 활용함으로써 국가 예산 집행의 효율성을 극대화하고자 하는 취지에서 추천 대상자를 현직에 계신 분으로 한하고 있으며, 소재국의 특수성 등 국내보다 사안이 훨씬 많이 발생하는 점을 고려하여, 국내 교육행정경험의 노하우를 발휘할 수 있는 분을 재외교육기관장으로 파견하고 있습니다.


 다만, 급변하는 재외교육행정의 새로운 수요에 능동적으로 대처할 수 있도록 하기 위하여 공직 내외를 불문한 개방형 교육원장제를 도입하여 2011년도부터 운영 중이며, 이 제도에 선생님께서 말씀하시는 바와 같이 민간인도 응시하실 기회가 있습니다.


 본건과 관련하여 추가 문의사항이 있을 경우에는 교육부 재외동포교육담당관실 윤유숙 연구사(☎02-2100-6793)로 문의하여 주시면 친절히 안내해 드리도록 하겠습니다. 


앞으로도 우리부는 합리적이고 객관적인 시각으로 파견 교원 정책 추진에 임하도록 최선을 다하겠습니다. 


감사합니다",20240125,NA
국민기초생활 수급자 선정 개선방안,식품/보건/복지/가족,,제안심사,2010-12-23,NA,보건복지부,"현행제도 문제점 : 소득이 있는 자녀가 돌보지 않는  노인대상자 를 보호대상에서  제외

개선방안 :  실질적인 조사와 자녀 책임확인으로 수급자 또는 차상위자 선정

기대효과 :  생계유지 노인 보호",,,NA,20240125,NA
주민센터 내 대여 우산 비치 ,행정/자치/안전,,제안심사,2010-12-23,NA,서구,"□ 제안이유 

  ○ 전 세계적으로 이상기후로 인한 국지성 호우가 많고 기상예보와는 

     다른 집중적인 호우시 미처 우산을 준비하지 못한 주민에게 

     우산 제공을 통해 주민불편 최소화


□ 시책개요 

  ○ 동 주민센터에 상시 우산 비치 후 호우시에 방문 민원인 및

     외출중인 주민에게 우산대여를 통해 실질적인 민원행정 구현

  ○ 주민에 대한 세심한 배려를 통한 대 주민행정 신뢰도 제고


□ 추진계획

  ○ 주민센터에 우산 비치후 무료 대여 / 연중 실시

  ○ 주민 필요시 간단한 인적사항 및 연락처 기입 후 대여

  ○ 담당자 지정을 통한 철저한 우산 관리


□ 소요예산

  ○ 7,000원(우산) ☓ 20개 = 140,000원 


□ 기대효과

  ○ 갑작스런 우천 시 주민들에게 편의 제공을 통한 민원불편 방지

  ○ 우산 제공 등을 통한 친근하고 편안한 동 주민센터 이미지 제고",,,NA,20240125,NA
저소득 한부모 가정 선정기준 일부 변경요청,식품/보건/복지/가족,,제안심사,2010-12-23,NA,보건복지부,"* 현행 저소득 한부모 가정 선정기준 상 자녀의 나이에 대한 규정이 있음.

- 현재 자녀의 나이가 만18세미만, 또한 대학취학시 만22세 미만을 만족하여야 저소득 한부모가정으로 책정 가능.


* 문제점

- 재혼 후 다시 한부모가정이 된 경우, 이전 혼인에서 낳은 자녀의 나이가 초과면, 실제가족관계 단절 등으로 전혀 동일 가구원으로 볼 수 없는 경우에도 현재는 한부모가정의 혜택을 받을 수 없음.  대부분의 한부모가정이 자녀교육비지원을 목적으로 저소득한부모가정 지원을 신청하고 있는데, 단순히 장자녀의 나이초과로 신청자체를 할 수 없는 것은 근본 취지와 맞지 않는듯 함.

현실적으로 젊은 부 또는 모와 생활하는 자녀보다는 재혼이나 만혼으로 40대 후반~50대의 장년층이 혼자서 자녀를 양육할 때 재취업의 어려움 등으로 인해 더 많은 생활의 곤란을 겪게된다.

이런 경우 장자녀의 나이초과로 저소득 한부모가정이 되지 않아 복지의 사각지대에 놓이게 되는 문제점이 많이 발생한다.


* 개선요청 방향

- 장자녀의 나이제한의 목적이, 실제 동일 경제단위로 생활하면서 편법을 사용하여 부당혜택을 받는 것을 방지하고자 하는 것이라면 관련한 규정을 좀더 체계적으로 갖출 필요가 있는 듯 하다.


- 기초생활수급권자와 같이 관계단절에 해당하거나 다른 자녀가 결혼을 해서 별도가구를 구성한 경우, 재혼으로 인한 별도가구 구성 등 복지사각지대에 있는 한부모가정을 위해 나이 상한 예외로 두는 규정이 필요할 것으로 보여진다.",,,NA,20240125,NA
통장 사후방문 안내문 제작,행정/자치/안전,,제안심사,2010-12-23,NA,서구,"ꏚ 제안이유

   ○ 통장에게 부여된 업무처리를 위하여 가정방문 시 부재 등으로 거주자와 만날 수 없어 방문을 했음에도 방문을 한 상황을 입증할 수가 없음

   ○ 거주자의 계속된 부재로 업무처리가 되지 않은 경우 해당 거주자 들의

      민원이 빈번하게 발생됨

   ○ 현황 및 문제점 등

      - 맞벌이, 장기출타 등으로 부재중인 거주자가 갈수록 늘고 있는 추세

      - 전입자의 경우 업무추진을 위해 방문을 했음에도 거주자는 알수 있는 방법이 없음


ꏚ 시책개요 

   ○ 사후방문 안내문에 통장이 최초 방문했던 일시, 사유, 연락처, 이후방문예정일, 계속 부재중이라면 이후 처리되는 절차등을 기재 거주자 출입문에 안내문을 부착

       하여 거주자가 통장의 방문을 확인 업무를 처리할 수 있도록 안내

   ○ 안내문 이면을 이용한 구정 홍보

       - 사후방문 안내문 제작시 이면에 중구 슬로건 및 구정소식 홍보


ꏚ 추진계획

   ○ 월 1회 통별 소요량을 파악 구정 홍보자료 취합 후 안내문 자체 제작

   ○ 매월 통장회의시 통별 요청수량 배부 / 수시 배부

   ○ 비나 눈으로 날씨가 좋지 않은 경우를 대비 비닐코팅용 추가 제작",,,NA,20240125,NA
동(洞) 순회 지방세 강좌 및 상담,행정/자치/안전,,제안심사,2010-12-23,NA,서구,"□ 시책(사업)개요

  ○ 사업기간 : ‘11. 1월 ˜ 12월

  ○ 교육대상 : 통장, 자생단체회원, 희망 주민 및 기업체 직원

  ○ 교육장소 : 주민센터 회의실

  ○ 교육내용 : 지방세 주요사항, 납부방법, 세무상담 등

  ○ 교육강사 : 세무행정과 담당주사


 □ 세부 추진계획

  ○ 지방세 교육 계획 수립 및 지침시달 : ‘11. 1월

  ○ 지방세 교육자료 제작 : ‘11. 2월

  ○ 순회교육 실시 : ‘11. 3월 ˜ 12월


 □ 기대효과

  ○ 신고납부 세목에 대한 교육으로 적기 납부를 통한 납세자의 가산세

     부담 해소

  ○ 찾아가는 지방세 상담을 통한 지방세 궁금증 해소 및 성실납세 풍토 조성",,,NA,20240125,NA
초등학생 안전귀가 도우미 운영,행정/자치/안전,,제안심사,2010-12-23,NA,서구,"○ 초등학생들이 안전하게 귀가할 수 있도록 초등학교 주변에 초등학생 

    안전 귀가 도우미를 비치하여 학교폭력 및 아동 성범죄를 예방

○ 자녀에 대한 학부모의 불안감 해소로 안정적 사회 생활 도모


○ 기    간 : 2010. 5월부터 / 토・일요일, 방학기간은 미 운영

○ 대    상 : 서구 도마동 초등학교 2개교

             (도마초등학교, 유천초등학교)

○ 활동장소 : 초등학교 정문 앞, 주면 이면도로 

○ 활동내용 

    - 하교길 안전귀가 및 상급학생 학교폭력 감시

    - 스쿨존(School Zone) 지역내 횡산보도 통행안전 지도

    - 운전자 교통질서 및 서행 유도, 정지선 지키기 등

○ 소요인원 : 8명 / 학교별 4명 

     - 안전귀가 도우미 근무시간 오후 13:00˜17:00(4시간)",,,NA,20240125,NA
우리지역 관광명소 활성화 도우미,행정/자치/안전,,제안심사,2010-12-23,NA,서구,"우리지역 명소로 많은 관광객이 찾고 있으나 관리인력의 부족으로 주차지도 및 환경정화 등이 미비하여 관광객에게 불편을 주고


대외적 이미지 저하와 더불어 다시 찾고 싶지 않은 곳으로 전락할 우려가 있음



ꏚ 우리지역 관광명소는 내손으로 가꾸고 지킨다

  ○ 주차장 관리 지원

    - 자가용 이용의 보편화로 발생하는 주차장 관리 및 차량교행 원활로 지역 교통소통에 기여

  ○ 환경정화 지원

    - 자원봉사 인력의 활용한계 극복과 관할구역 지정등 책임분담제 실시로 구석구석 세세한 부분까지 항상 청결한 상태를 유지


ꏚ 다양한 계층별, 지역별 일자리 창출 가능

  ○ 청년, 장년, 여성, 노인 구분 없이 참여 가능

  ○ 지역별 탄력 운영으로 참여 가능

  ○ 총 소요인원 : 6,250명(25인 x 10개월(25일/월))",,,NA,20240125,NA
이순신장군 탄생지 생가 복원 요청,행정/자치/안전,,제안추진,2010-12-23,2013-01-17,서울특별시,"0.현황

-이순신장군은 ""세계최고의 해전전투 전략가""로 불리우고 있는 실정임.

-일본에서는 이순신장군을 신격화한 종교가 있을 정도라고 함.

- 이순신장군 출생지는 서울 중구 인현동1가 40번지라고 함.



0.개선사항

- 위 장군이 출생지 생가를 복원하여 세계적인 관광지로 복원 



0.기대효과

-세계적인 관광자원 확보",,,"이창희님, 안녕하십니까 

우선 시스템상 오류로 제안사항에 대한 처리가 늦어지게 된 점에 대하여 진심으로 사과의 말씀을 드립니다. 

이순신 장군 생가를 복원하자는 이창의님의 제안과 관련하여 현재 종로구청에서 이순신 장군 탄생지에 기념공관 조성을 추진하고 있음을 알려드립니다.

서울 중구 인현동 1가에 약 2,000m² 규모로 기념공원을 조성하고 지하공간에는 관련 전시실을 마련할 계획입니다.

우리 역사와 문화유산에 대하여 깊은 관심을 가져 주셔서 감사합니다.",20240125,NA
자주바뀌는 선생님들 계속이렇게 하면안된다.,교육/문화/체육/관광,,제안추진,2010-12-23,NA,울산광역시교육청,"현생제도:지금 공립 여러학교에서는 선생님들이 자주 바뀌고 있다. 건강상 문제도 아니고 가정상 

문제아니다.

문제점:1학년은 처음 그 학교를 가고 3학년은 마지막을 그 학교을 다니고 있다. 시작도 잘해야하고

마침도 잘해야하는데 선생님께서 수시로 바뀌고 있으니 문제다.

잘하시는 분들 뽑아간다는것은 더욱이 아니라고 본다. 잘하시면 그 학교를 더 발전하고 아이들이 잘 컬수있도록 몇년을 더 계시게 해야하지 않는가 

 공부만으로도 힘겨운 아이들에게 1년에 한번 학교방침에 따르게 하자

두번씩이나 학교 방침이 이렇게 변했다. 이러는 것은 안된다.

개선방안: 선생님 뿐아니라 교장 선생님 교감선생님도 6개월에 이동이 있어서는 절대로 안된다고 본다.

                  적어도 1년은 그 학교에 몸 담아서 잘 이끌어주어야하며 그의 책임을 다하시고 가셔야한다.

효과: 그러면 아이들도 우와 좌왕 하지 않고 공부에 전념할수있다.",,,,20240125,NA
동민원센터 홈페이지 활성화 하면 안될까요?,행정/자치/안전,,제안심사,2010-12-22,NA,창원시,"○ 실태와 문제점 : IT 분야의 발전과 유능한 공무원님들의 창의적이고 적극적인 업무능력으로 인하여 모든 분야에서 살기좋은 도시로 각광을 받고 있으며, 지역사회에서 생활공감 시민정책에 대한 주부모니터 요원들을 만명 이상으로 대모집을 하고 있다. 

○ 개선내용 : 동민들과의 의사소통장이 될수 있도록 잘 만들어진 동민원센터의 홈페이지를 활성화시키면 안될까요? 몇일전 창원시 통.리반 설치조례에 의거 31명의 통장님들을 공개 모집광고를 올리기도 했으나 정보를 검색하는 동민들은 극소수에 해당된다. 

○ 기대효과 : 많은 예산으로 잘 만들어진 동민원센터 홈페이지 활성화로 많은 정보들을 주민들과 함께 의사소통 할수 있는 장으로 만들어 의사소통의 장으로 활성화 될수 있도록 행정적인 역할 분담과 동민원센터 홈페이지 활성화를 기대합니다.",,,NA,20240125,NA
(공정사회)약자와 서민배려,식품/보건/복지/가족,,제안심사,2010-12-22,NA,보건복지부,"(공정사회)

국정운영과 국민의 삶의 질을 높이느라고 수고들 하십니다.

약자와 서민배려......

세상 살아가는데 어려움이 많은 생활보호 대상자들의 정책을 더낳은 세상을 열어갈수 있는 기회를 많이 만들어 줬으면 하는바램으로 글을 올려 봅니다..

자녀를 두고 살아 가면서 술독에 빠진 부모와 있는 자녀들은 직접혜택을 누리지 못하고 있는 실정 입니다...어떻게 4인가족으로 환산 하였을때 계산하여 나온 바는 모르겠으나 분명하게 그자녀가 있는것에 조금이나마 산정되어 나왔다고 봅니다만 모든최저생계 지원비는 술과 노름에 빠진 부모에게 들어가고 그애들은 더낳은 삶을 찾을수 있는 기회도 없 습니다.(저는 돈보다 현물로서 지원을 함이 더 좋지 않을가 합니다)..

밥만 먹고 살수있는 세상이라면 얼마나 좋겠 습니까 만은 그애들은 부모가 살아온 길을 다시 걸을수 밖에 없다고 보아 실질적으로 배울수 있고 경험을 할수 있는 지원을 바래옵고...또 부지런히 더좋은 세상을 누리며 살려고 하는  가족에게도 더많은 돈을 줄수는 없지만 어느 한계선 까지 (약 월200만원)까지는 별도의 수익이 있더라도 지원금에서 제하지 말고 계속 지원하여 더좋은 삶을 맛볼수 있는 기회를 제공 하였 으면 합니다...(놀지 않고 일했을때 주어지는 것이 더많다는 것을 알게끔 직접체험하여 부지런한 국민정신을  만들게 하고)

다같이 즐거운 세상을 영유하고 대한민국 국민모두가 중상층이 되는 그날까지...힘써주세요",,,NA,20240125,NA
기초생활수급자의 자격등을 전수조사로 확인했슴 합니다.,식품/보건/복지/가족,,제안심사,2010-12-22,NA,보건복지부,"현행제도 및 운영의 실태와 문제점

기초생활수급자 선정이 서류상으로만 확인하고 선정되는 까닭등으로 자격이 되지 않는 사람등으로 인하여

많은 불신등이 이루어 지고 있습니다.  현실적으로 기초생활수급자가 아닌 상황에서도 수급자 해택을 받는 경우가 종종 있습니다. 예로 자식이 본인의 등본상에 올려지지 않은 까닭으로 독거노인으로 분류되어 여러가지 해택등을 받고 있습니다.

개선내용

최근에 실시된 인구조사 처럼 조사원이 방문 및 탐문등을 거쳐 전수조사를 하여 자격여부를 확인함

개선시  기대효과

수급자 선정등에 대한 불신을 없앨수 있으며, 실제 수급대상자들에게 해택이 돌아갈 수 있습니다.

동사무소에서 수급대상자로 올려달라는 억지 민원이 줄어들것입니다",,,NA,20240125,NA
자격증이 너무 비쌉니다.,교육/문화/체육/관광,,답변완료,2010-12-22,2013-04-29,교육부,"민간자격증이 넘쳐납니다.

취미로 배우러 시작했다가 목돈을 들여서 자격증에 도전하게 됩니다.

자격증 하나 취득하는데 재료비등을 포함하면 거의 일백만원정도 듭니다.

고생은 고생대로 하고 아주 비싸게 자격증을 산다는 기분이 들지요.

고가의 자격증을 소지하고도 돈벌이가 되는 직장이 바로 연계가 되는것도 아닙니다.

수업료의 거품을 빼야합니다.

적당한 가격선을 넘지 않게 규제를 할 필요가 있습니다.

저렴한 가격으로 자격증을 취득하고 그에 알맞은 일자리 창출까지 각 시에서 관리해 주세요.",,,"안녕하십니까? 박선영님.

저는 교육부 인재직무능력정책과 교육연구사 강전훈입니다.

먼저, 공정한 사회 구현을 위한 합리적 민간 자격 제도 확립에 대한 깊은 애정으로

제언해 주신 점 마음 깊이 감사드립니다.


현재 민간자격의 수업료 책정 및 취득 비용, 일자리 창출 등을 국가가 강제할 수 있는 법적 근거는 없습니다.

다만 민간자격에 대한 모니터링 사업 등을 통하여 관리・운영 상에 문제가 있는 기관에 대한

지도・점검을 실시하여 소비자 피해를 예방하고자 노력하고 있습니다. 

만약 민원인이 자격 취득과정에서 분쟁상황이 생겼다면

소비자와 판매자간 분쟁을 해결하기 위한 제도로

자율분쟁조정위원회(02-774-4154)의‘분쟁조정제도’를 통해

소비자와 사업자 사이에 발생하는 분쟁을 해결할 수 있으며

조정이 불성립되는 경우 민사소송제도에 따라 피해보상을 요구할 수 있음을 알려드립니다.


일교차가 심한 요즘입니다. 건강에 유의하시고 늘 행복하시길 기원하겠습니다.

혹시 더 궁금한 점이 있으시면,

제 사무실 전화(2100-6246)로 문희하시거나 제 메일(justkjh77@moe.go.kr)로 의견 주시면,

성심성의껏 검토하고 정책에 반영될 수 있도록 노력하겠습니다.


감사합니다.",20240125,NA
전입자 동정현황 MMS 메시지발송,행정/자치/안전,,제안심사,2010-12-22,NA,서구,"ㅇ 목  적

    - 장문문자메시지를 통한 동행정 홍보 및 민원편의사항 홍보

    - 각종 동행정에 대한 관심증대 및 효율적인 동행정 구현


ㅇ 추진계획

    - 행정 별(주민등록, 환경, 민방위, 세무, 사회복지 등) 중요홍보사항을 원하는 

      주민에 한하여 MMS 문자메시지 발송

    - 담당자별 대상자 명단관리 및 홍보사항(각종 동정현황, 공고, 행사, 세무고지,

       주민등록사실조사기간, 재활용 안내) 발송

     - 신청서(동의서) 양식마련 / 필요시 민원분야별 선택사항 체크",,,NA,20240125,NA
찾아가는 행정 메신저 운영,행정/자치/안전,,제안심사,2010-12-22,NA,서구,"ㅇ 현  황

    - 급변하는 행정의 패러다임 속에 홍보의 효과 중요

    - 따라서 행정의 일선 기관인 동에 배부되는 홍보물의 양은 많음

    - 행정 홍보물 전달 등은 통장에 전적으로 의지하고 있는 실정

    - 그러나, 통장히의 날과의 격차 등으로 인해 시기적절하고 효과 높은 홍보에는 다소 무리가 있으며, 인력의 한계가 있음


ㅇ 추진계획

    - 업무 적임자를 공모하여 관내 현황 및 친절응대 교육 실시

    - 주기적인 모니터링과 피드백을 통해 성과 제고 노력",,,NA,20240125,NA
트위터를 이용한 행정 서비스 향상,행정/자치/안전,,답변완료,2010-12-22,2017-01-11,동구,"스마트폰의 폭발적인 보급으로 트위터 사용이 빠르게 증가하고 있습니다. 

대전시는 트위터를 이용하여 대전시 홍보 및 시민의견 청취에 매진하는 것으로 알고있는데 우리 동구도 이를 도입하였으면 합니다. 


앞으로 스마트폰의 이용은 더욱 늘어날 것입니다. 트위터를 이용하여 구민의 의견을 듣고 각종 정책이나, 행사, 공지사항, 재난상황 등을 빠르게 전파하고 이에 대한 구민의 의견을 들어 바로 행정에 접목 한다면 서비스 질이 크게 향상될 것으로 기대합니다.",,,기 시행중인 사업임,20240125,NA
동주민센터 민원안내 도우미 운영,행정/자치/안전,,제안심사,2010-12-22,NA,서구,"ㅇ 현    황

    - 동주민센터를 찾는 민원인 대부분은 민원서류 신청방법을 잘 모름

    - 민원안내도우미가 없다고 불평함

    - 민원인이 민원서류의 잘못 작성으로 민원발급 지연되는 경향 있음


ㅇ 추진방법

    - 민원실에 민원안내도우미 안내 데스크 설치

    - 필요로 하는 민원서류의 정확한 기입을 옆에서 도와 줌


ㅇ 기대효과

    - 동주민센터의 친절 이미지 변신

    - 민원창구 공무원의 신속한 업무처리",,,NA,20240125,NA
전입세대 열람원 어디서나 발급,행정/자치/안전,,제안심사,2010-12-22,NA,서구,"해당 물건지 관할 동 주민센터에서만 발급 가능한 전입세대열람원을 어디서나 민원목록에 추가하여

물건지가 현 거주지와 떨어져 있어도 전입세대열람원을 가까운 동주민센터에서 신청하여

신청받은 기관에서 물건지 관할 동주민센터로 신청서 팩스로 전송하여 발급할 수 있도록 함.",,,NA,20240125,NA
"대전 문화예술의 전당, 다양한 할인 패키지 티켓 운영 필요",행정/자치/안전,,답변완료,2010-12-22,NA,대전광역시,"* 현행제도 및 운영의 실태와 문제점


대전문화예술의 전당은 오랜기간이 아님에도 불구하고 대전의 자랑거리이다.

좋은 시설에 접근성도 용이하고, 해가 갈수록 수준높은 연주회, 뮤지컬 등이 공연되고 있다.

가끔 세계적으로 명성의 연주나 국민의 인기가 높은 뮤지컬 등의 경우관람료는 서민에게는 연 1회 관람도 큰 부담이 된다. 물론 연회원으로 가입한 회원이나 단체구입이 많은 법인, 청소년, 장애인 등에 대한 할인 혜택이 있지만, 어느 공연장에서나 있는 비슷한 내용이다.


* 개선방안


좀 더 다양한 할인 티켓을 운영했으면 좋겠다.

“모녀(부자) 할인-42세 이상 엄마(아빠)와 딸(아들)이 함께 공연관람시” 

“결혼기념일 할인- 공연이 있는 해당월에 결혼기념일이 있는 부부”

“꽃중년 할인 - 45세 이상 남자 1인 이상 포함된 4인 패키지”

“원앙부부 할인 - 결혼 20주년, 30주년, 40주년인 부부 당해 2회공연에 한해 30%, 40%, 50% 할인” 등


* 개선시 기대효과


- 대화가 단절되어가는 부자, 모자간 저렴하게 좋은 공연 관람을 계기로 소통의 시간을 가질 수 있고 

- 공연관람과는 거리가 먼 중년 남성들을 공연장으로 이끌어낼 수 있으며

- 결혼기념일에 더욱 오래 추억으로 남을 수 있는 공연선물이 될 수 있으며

- 오랜 기간 해로한 부부들이 더 뜻깊은 결혼기념의 해가 될 수 있다.

그 밖에도 다양한 계층을 겨냥한 특별할인 티켓을 운영한다면 공연 관람 인구의 저변확대와 함께 활발한 공연문화가 정착될 것이다",,,,20240125,NA
경로당 통폐합,행정/자치/안전,,답변완료,2010-12-22,NA,대전광역시,"- 도시지역의 주거형태가 단독주택에서 아파트로 변화됨에 따라 기존 \에 있던 경로당과 

  새로이 생기는 경로당이 각각 존치하여 운영비 지원등에 비효율서이 내포하고 있음

- 경로당 이용인원 분산으로 효율적인 관리가 어려움


- 도시지역의 경로당을 통폐합하여 행정력 낭비를 최소화하고 지원등에도 효율성 제고가 

  필요하며, 통폐합에 따른 연료비, 운영비 등 예산절감 효과 기대",,,,20240125,NA
"사람 살리는 '5분'...  ""80% 소생술 못해요""",식품/보건/복지/가족,사람 살리는 5분 80퍼센트 소생술 못해요.hwp,제안심사,2010-12-21,NA,보건복지부,"실태와 문제점


우리나라 심장마비로 숨지는 사람은 한해 2만 명으로 교통사로 사망자보다 세배 이상 많음

심장마비 환자 한해 2만명중 생존율은 2.6%임

미국 8%, 일본 12%에 비하여 턱없이 낮음

심장이 멈추어도 5분 안에 심폐 소생술을 받으면 살아날 가능성이 세배 이상 높아짐

심폐소생술 가능 인구는 전 인구의 18%로 저조한 편임

실제로 심폐소생술 뒤 저체온 치룔를 실시한 결과, 심장마비 환자의 생존율이 23%로 증가함


개선방안


 초,중,고,대 학생들에게 교육을 필수화 (심폐소생술  새로운 기술 습득)

 예비군, 민방위 훈련시간에  필수화

 각종 단체 및 공무원에게 교육 필수화

 Mobile Phone에  프로그램 내장하여 언제든지 습득할수 있도록 기회 제공 

 1시간이면 충분히 실습 병행하여 능력 배양 가능


기대효과


 우리이웃과 가족이 심장마비 증상이 일어날시 생명 구명

 5분안에 조치하여 뇌세포의  제 기능 유지

 전 국민의 의료비 부담이 적어지고 제대로 된 경제활동을 영위할수 있어 국가 경쟁력 강화

 소중한 인재를 살리수 있다는 자부심 강화

 안전한 사회에서 복지 국가 구현",,,NA,20240125,NA
부재시 통장 방문알림 스티커 일괄제작 배포,행정/자치/안전,,제안심사,2010-12-21,NA,서구,"맞벌이 가구와 단독가구의 증가로 통장이 각종 고지서 및 통지서 전달시 부재세대가 많아

업무효울성이 떨어지며, 민원발생이 증가하는 실정이므로 스티커 제작으로 믿음성을 부여

해야함  방문일시,방문목적,통장연락처,담당직원연락처,처리기한등 표기 하며,

 민원발생 소지 여부를 최소화함",,,NA,20240125,NA
기초생활 수급자 선정,식품/보건/복지/가족,,제안심사,2010-12-21,NA,보건복지부,"생활이 어려워 국민기초생활 수급자 신청을 하여 기본생계를 유지하려고 하지만 자동차를 소유한 경우에는 자동차가 소득으로 간주되어 소득금액이 놓으져  기초생활 수급자 선정이 어렵다고 알고 있습니다.

하지만 자동차는 현대 시대에는 생활이 조금 어려운 사람도 자동차를 소유할 수 있을 정도로  국민 대다수가 소유하고 있는 형편입니다.


자동차를 소유한 사람은 소득이 있는 사람으로 간주되어 진정으로 어려운 사람도 혜택을 못 받는 경우의 예를 여러사람에게서 들었습니다.


정확하게 알지도 못하면서 제안을 하는지는 모르겠지만 상기 내용이 맞는  말 이라면 차량을 소유하고 있다고 할지라도 소득이 전혀 없는 가정형편이 어려운 사람이라면 수급자 선정 기준을 바꿔 주셨으면 합니다.



감사합니다.",,,NA,20240125,NA
직원명함 사용으로 소통하는 행정구현,행정/자치/안전,,제안심사,2010-12-21,NA,서구,"□ 현황

 ○ 실무를 담당하고 있는 공직자는 대개 명함을 제작하지 않아 외부기관 회의나 민원인이 연락처 요구 시 곤란한 경우가 있고,

 ○ 상담 후 다시 담당자를 찾을 때 이름이나 전화번호를 알지 못해 다른사람을 통하게 되면서 민원불편 초래

    - 전화번호, 팩스번호, 이메일주소 등 확인을 위해 전화하는 사례 다수

    - 민원인이 기억하는 내용은 업무담당자는 얼굴갸름하고 상냥한 여자, 경상도 말씨의 마른 남자, 전에 누구하고 잘 알던 사람 등

□ 시책(사업)개요

  ○ 실무담당자도 명함을 사용해 투명하고 신뢰감 있는 공직문화 정착

    - 실무자는 명함의 활용도가 낮으므로 인쇄형태보다는 A4용지, 재활용지에 필요량만 출력해서 사용함이 바람직(인쇄해서 사용할 경우 버리는 양이 상당히 많아 낭비요인이 됨)

    - 개인별로 한글파일로 작성해 인사이동시 간단히 변경해서 사용

□ 기대효과

  ○ 책임성과 자긍심 고취

  ○ 상대방을 배려하고, 원활하고 신속한 업무처리 가능",,,NA,20240125,NA
민원용 복사기 및 모사전송기(FAX) 비치,행정/자치/안전,,답변완료,2010-12-21,2017-03-28,서구,"□ 현황

    － 개인적으로 복사기나 모사전송기를 이용하는데 어려움이 있어 관공서나 문구점을 이용할 수 밖에 없음

    － 관공서에서 업무용 복사기 및 모사전송기는 보안 및 개인정보보호에 대한 책임으로 민원편의 제공이 어려움

 □ 개요

  ○ 시기 : 연중시행

  ○ 대상 : 민원인

  ○ 내용 

     - 관공서에서 지역 음식점, 상점 등 전광판이나 반상회보에 광고 홍보 해주고 스폰서모집 자금조달 설치

    － 민원실에 민원인용 복사기 및 모사전송기를 비치하여 민원편의 제공 

  □ 기대효과

  ○ 민원편의 제공

  ○ 관내 음식점 및 가계 홍보호 지역경제 활성화",,,"ㅇ 국민제안에 대한 관심과 소중한 제안에 대하여 깊은 감사를 드리며,

    아울러 시스템 통폐합 등에 따라 답변이 매우 늦어져 죄송하다는 말씀을 먼저 드립니다.


ㅇ 귀하께서 제안하여 주신 민원용 복사기 및 모사전송기(FAX) 비치 제안에

    애하여 답변 드리겠습니다.


ㅇ 공공기관의 복사기와 모사전송기 사용의 경우 일부 기관에서는 주민들의 편의 제공을 위하여

    민원인 전용 복시기 및 모사전송기 등을 설치하여 시행하고 있으며,


ㅇ 아울러 모든 공공기관의 일률적인 민원인용 복사기 및 모사전송기 설치는 각 기관 주요 업무 및 장소의 

    성격 등 여건에 따라 보안상의 문제점 등을 유발할 수 있으므로 기관 여건에 따라 개별적으로

    시행할 사항으로 판단됩니다.


ㅇ 이에 귀하의 제안을 채택하지 못함을 양해하여 주시기 바라며,

    다시 한번 소중한 의견에 감사드리고 귀하의 가정에 늘 건강과 행복을 기원드립니다.",20240125,NA
서구 지역 거주외국인의 구정참여 활성화,행정/자치/안전,,제안심사,2010-12-21,NA,서구,"○ 서구지역 거주외국인이 구민의 일원으로서 지역사회에 제대로 

    정착할 수 있도록 구정참여를 보장하고 활성화하는 방안 모색


 □ 시책(사업)개요

  ○ 각종 자생단체에 외국인 참여 유도

     － 외국인들이 자생단체 회원으로 참여할 수 있도록 홍보

  ○ 외국인 참여 비율이 높은 자생단체에 우수단체표창 등 인센티브 부여

     － 자생단체장과 간부가 외국인 가정을 방문하여 자생단체 회원가입 홍보

 □ 세부추진계획

  ○ 외국인의 구정참여 홍보계획 수립

     － 관내 외국인 현황파악 및 안내문발송 등 외국인 참여 홍보계획 수립

  ○ 자생단체별 신청 외국인의 적합성 심사

     － 매월 자생단체별 외국인참여 심사 및 회원가입 승인

  ○ 회원가입 외국인의 사후관리

     － 회원가입 외국인이 적극적으로 구정에 참여할 수 있도록 구정홍보 등 사후관리 철저

 □ 소요예산

  ○ 비예산

 □ 기대효과

  ○ 거주외국인에 대한 구정참여 유도, 다문화가정 존중 사회분위기 조성

  ○ 구정참여를 통해 구민의 일원으로 지역사회 정착의 발판 마련   

  ○ 그들이 구정의 주인이라는 자부심과 인정감을 갖게 함",,,NA,20240125,NA
학생 자원봉사의 날 운영,행정/자치/안전,,제안심사,2010-12-21,NA,서구,"□ 시책(사업)개요

  ○ 자원봉사 활동을 위해 찾아오는 중・고등학생에게 매월 휴일을 지정하여 자원봉사활동 실시

  ○ 학생 자원봉사의 날 활성화로 주민들이 자발적으로 참여할 수 있는 계기마련 


 □ 세부 추진계획

  ○ 학생 자원봉사활동 신청・접수 : 수시

  ○ 학생 자원봉사활동 실시 : 매월 첫째주 일요일

    — 버스승강장 청소, 도로변 쓰레기줍기 및 어린이공원 청소 등

  ○ 자원봉사활동 확인서 발급 : 봉사활동 종료 후 익일 발급


 □ 기대효과

  ○ 자원봉사 인정・보상 기준을 공통 적용하여 공정성 및 합리성 제고

  ○ 자원봉사활동 인정・보상 문화를 바람직한 방향으로 유도 및 확산하여  자원봉사 활성화 도모",,,NA,20240125,NA
군 보조사업 공급사실확인에 읍면장확인이 과연 필요한가?,행정/자치/안전,,제안심사,2010-12-21,NA,거창군,"□ 현황(휴먼고딕 15p)

 ○ 군-공급자-보조사업자 간 공급사실확인에 읍면장 확인을 요구

    - 토양개량제, 비료 등 군의 직접적인 보조사업 정산시 필요한 공급확인서에 읍면장 확인(직인) 요구(ex.유기질비료, 토양개량제 등)

 ○ 2009년 농림수산사업시행지침상 공급방법 기재내역


▸유기질비료 공급방법

 : “조합이 공급업체로부터 납품받아 농가에 공급하거나 공급업체에서 직접 농가에 공급하도록 발주하고, 조합 담당자가 실물공급 여부를 반드시 확인”

▸토양개량제 공급방법

  - “공급업자는 물품을 현지에 수송, 해당지역의 마을 이장에게 인계하고, 이장으로부터 인수증을 받아 지역농협장에게 제출”

  - “마을이장은 공급업자로부터 인수받은 물량을 경작자별 공급대상면적 및 공급계획량에 의거 배분하고, 농가별로 인수증을 징구하여 지역농협장에게 제출”



□ 문제점(휴먼고딕 15p)

  ○ 상기 현황과 같이 공급사실확인은 지역농협 또는 공급업자와 보조사업자(마을,농가) 가 물품확인(서명)을 하며, 이(공급확인서 또는 인수증)를 타 정산서류와 함께 사업추진주체(시․군․구)에게 제출

  ○ 또한 당해사업추진의 관리감독책임은 보조사업추진주체의 당해공무원이 하게끔 되어 있으나(농산장려금보조금교부규칙 제13조)

  ○ 농업기술센터의 일부 직접적인 사업의 사후정산(보조금청구) 시, 읍면장의 확인(직인)과 읍면직원의 각 마을(농가)별 확인을 요구(예, 토양개량제, 유기질비료 등)

  ○ 이에 지침상 현장 물품공급의 읍면장(또는 읍면직원)의 확인은 전혀 찾아볼수 없으며, 읍면직원이 수십 이상의 마을과 농가에 방문하여 현장확인하는 것은 행정효율성 측면에서 개선되어야 할 사항으로 보여짐


□ 개선방안(해결방안)

  ○ 군의 직접적인 보조사업의 공급확인은 군 및 지역농협(공급자)에서 일괄처리 요망

    - 군-공급자-보조사업자 간 보조사업품목 공급확인서 내의 읍면장 또는 읍면직원 확인란 삭제 필요


□ 기대효과(휴먼고딕 15p)

  ○ 행정상 불필요한 업무의 정리를 통한 행정효율성 증대

  ○ 보조사업주체의 명확성 확보를 통한 업무 추진 책임성",,,NA,20240125,NA
인감증명발급대장 전산화 시스템 도입,행정/자치/안전,,제안심사,2010-12-21,NA,거창군,"□ 현황(휴먼고딕 15p)

  ○ 인감증명서발급시 수기 인감증명발급대장에 발급내역을 담당자가 작성후 수령인이 본인인 경우에는 서명 또는 무인을, 대리인인 경우에는 무인을 받은 후 이를 교부하고 있음.


□ 문제점(휴먼고딕 15p)

  ○ 인감증명발급시 수기대장작성으로 인한 번거로움과 시간낭비 초래.

  ○ 지문채취용 스탬프를 이용한 지문날인에 따른 민원인 불쾌감 발생

  ○ 주민등록증 등에 의한 본인확인이 어려운 경우, 지문을 채취하여 전산자료와 식안으로 비교하여야 하며, 우리군의 경우 본인확인 시스템도 도입이 되어있지 않아 각종 인감사고 발생의 위험이 있음.


□ 개선방안(해결방안)

  ○ 인감증명서 발급 교부시 본인의 경우 전자서명기를 이용 서명을, 대리인 경우는 본인확인을 위한 지문인식기에 무인을 접촉하여 전산 발급대장에 자동 저장 관리.  


□ 기대효과(휴먼고딕 15p)

  ○ 인감증명 발급대장 전산화 시행으로 지문채취용 스탬프를 이용한 지문날인에 따른 민원인 불쾌감 해소

  ○ 발급대장의 수기작성 및 신청인의 본인 일치여부 육안확인으로 인한 번거로움과 시간낭비를 줄임

  ○ 위조신분증을 이용한 각종 인감사고 발생 예방.",,,NA,20240125,NA
시효소멸로 인한 결손처분시 처분방법 개선,행정/자치/안전,,제안심사,2010-12-21,NA,거창군,"□ 현황

  ○ 도세부과규칙 제112조의 규정에 의하여 체납자의 행방 또는 재산을 조사

     하였으나 납세할 가망이 없다고 인정되는 경우에는 체납처분을 중지하고

     결손결정결의서와 결손처분표에 따라 결손처분을 하고 있음.

  ○ 결손처분 요건 : 체납처분 종결 및 중지,무재산,행방불명,시효소멸 등

  ○ 결손처분표 및 지방세결손검토조서 서시 : 별첨

□ 문제점

  ○ 결손처분 요건 중 소멸시효(5년)의 완성으로 인하여 결손처분을 하는 것은

    납세의무가 소멸되었다는 사실을 확인하는 데 지나지 않으며, 행방,재산등이 

    확인되어도 더 이상 체납처분을 할 수 없게된 상태인데도 매 건별로 결손

    처분신청서를 구비해야 함으로 행정력 낭비

   ○ 주민세,면허세 등 연간 약700~1,000여건이 시효소멸로 결손처분

□ 개선방안

  ○ 시효소멸로 인한 결손처분은 세입징수관의 내부확인(결손처분 내역서 

첨부)으로 가능하도록 도세부과징수규칙 제112조 보완


현  행

 경상남도 도세 부과징수규칙

 제112조(결손처분의결정) 제110조 및 제111조에 

 따라 체납자의 행방 또는 재산을 조사하였으나 납

 세할 가망이 없다고 인정되는 경우에는 체납처분

 을 중지하고 별지1호서식에 따른 결손결정결의서

 와 별지 제67호서식의 결손처분표에 따라 결손

 처분을 할 수 있다.

개 정 안

 경상남도 도세부과징수규칙

 제112조(결손처분의 결정)

 ----------------------------------------------------------------------

 결손처분표에 따라 결손처분을 할 수 있다.

 다만 법제30조의 2 제3호에 규정에 의해 징수

 권 의 소멸시효가 완성된 경우에는 결손처분표

 의 첨부를 생략할 수 있다.


□ 기대효과

    - 토지분 재산세,주민세,면허세 등 소액체납세의 신속한 처분이 가능하여 

      불필요한 행정력 낭비를 방지",,,NA,20240125,NA
체납세 징수,행정/자치/안전,,제안심사,2010-12-21,NA,거창군,"□ 현황

  ○ 조례․규칙등에 의한 각종 지원금 지원시 체납세 유무 확인 않음.

     (예-전입정착금지원)



□ 문제점

  ○ 체납세액이 있는 사람에게 각종 지원금 지원으로 체납세징수율 제고여지가 있음에도 계속 체납됨.



□ 개선방안(해결방안)

  ○ 각종 지원금 지원시 체납세 유무 확인 후 체납액이 있는 경우 체납세 납부 차액 지급



□ 기대효과

  ○ 체납세 징수율 제고",,,NA,20240125,NA
"민방위 관련 업무(민방위교육,인력동원 등) sms 알림 서비스",행정/자치/안전,,제안심사,2010-12-21,NA,거창군,"□ 현황

  ○ 현재 각종 민원 사항 및 처리기간 등을 실시간 sms 문자로 알려줌으로써 행정서비스 제고에 기여하고 있음

    - 예) g4c(대한민국전자민원) 각종 민원처리를 실시간 통보하여 행정 절차의 투명성 제고 효과

    - 예) 금융기관들도 각종 입출금 사항을 sms 문자로 통보하여 금융거래의 입출금 사항을 실시간 통보하여 금융거래의 투명성을 높이고 금융사기의 위험율을 낮추는 효과

  ○ 민방위 업무는 업무 특성상 전시 외에는 평상시 관심도가 저조하고 대상자가 한정적인 면에서 바쁜 실생활에서 소홀해 질수 있는 분야임.  

  ○ 대상자가 한정적이고 실생활과 약간 거리가 있는 국방의 업무가 바쁜 일상에 교육 참석 통지서를 수령받고도 잊어버리기 쉬워 교육참석율이 다소 낮은 실정.


□ 문제점

  ○ 대상자가 한정적이고 민방위 교육 통지서만 수령해 놓고도 바쁜 일상에 교육 일정을 놓치는 사례가 종종 발생하여 교육 참석율이 다소 낮은 실정임

  ○ 인력동원(자격증 취득) 업무도 물론 대상자가 자격증을 취득하지만 본인은 정작 인력동원 시 대상이 된다는 사실을 모르는 실정임


□ 개선방안(해결방안)

  ○ 교육 3일전, 당일 (2회) 교육대상자에게 문자서비스로 알려줌으로써 민방위업무의 경각심 고취 및 교육 참석율 제고 

  ○ 민방위 교육 참석 결과(참석, 결석)도 담당자가 전산에 등록한 후 당사자에게 sms통보해 줌으로써 본인의 출석 여부를 전화로 알아보지 않고도 올바로 등록이 되었는지 알려는 효과 

  ○ 인력동원(자격증취득․취소 등) 해당 통보사항을 각 담당자가 전산에 입력하기 전 해당 민원인에게 sms로 통보함으로써 인력동원 연명부에 등재되었음을 알림으로써 행정의 투명성 제고.


□ 기대효과(향후발전방향)

  ○ 민방위 업무에 대한 경각심 제고 및 민방위 교육 참석율 제고 

  ○ 실시간 sms로 민원인에게 알려줌으로써 행정서비스 제고 

  ○ 향후 새올(민방위) 시스템에 결과 등록 시 그 처리사항이 sms 통보가 가능하도록 시스템과 연계하는 방안 모색(제안 검토)",,,NA,20240125,NA
전자민원 G4C 접수알리미,행정/자치/안전,,제안심사,2010-12-21,NA,거창군,"□ 현황

  ○ 대한민국 전자정부의 우수성을 널리알리기 위한 전자민원 G4C는

편리하고 쉬운 민원 서비스와 행정업무 효율성 증진을 위한 서비스 지원을

확대하고 있는 추세임

  ○ 타기관 또는 개인의 온라인 신청으로 민원업무를 처리해야하는

G4C업무는 대부분 민원실의 주민등록 담당자가 혼자서 처리하고 있음


□ 문제점

  ○ G4C로 온라인 신청이 접수되어도 알려주는 창이 없고 수시로 

접속하여 조회해야하는 번거러움이 있으며 방문 민원을 중심으로 대민업무를

처리하다보면 G4C업무에 소홀하여 불편민원이 종종발생함


□ 개선방안

  ○ 타기관 또는 개인의 온라인 신청이 있을 경우 G4C알리미를 설치하여

즉결민원을 즉시 해결 할 수 있도록 함


□ 기대효과

  ○ 빠르고 편리한 민원서비스를 제공하여 민원인의 서비스 만족도를

향상시키고 민원처리 시간을 단축하여 행정업무처리 효율화를 도모하여

국민과 더욱 가까워진 열린 전자정부 실현",,,NA,20240125,NA
국민기초수급자 및 장애인 쓰레기 종량제 봉투 지원방법 개선,행정/자치/안전,,제안심사,2010-12-21,NA,거창군,"□ 현황

  ○ 종량제 봉투 지원근거 

    - 거창군 폐기물관리에 관한 조례 제23조(수수료 감면등)에 의거 국민기초

     수급자와 그 외 군수가 지정하는자에게 종량제 봉투를 무료제공

    - 매월 3매 (1,200원)를 분기별 지원


□ 문제점

  ○ 국민기초수급자는 생계곤란으로 인하여 종량제 봉투구입에 어려움이 예상

  ○ 하지만 등록장애인 전체에게 종량제 봉투를 무료 지원하는 것은 행정력 낭비

    - 2009년 1/4분기 지원량 : 6,796명 / 61,115장 / 24,446천원

    - 군에서 봉투를 직접 수령 후 마을별 대상자 전달까지 어려움

  ○ 수혜자 또한 복지 체감도가 낮은 사업 (월1,200원 지원)


□ 개선방안(해결방안)

  ○ 1안 : 국민기초수급자와 등록장애인에게 종량제 봉투 구입비용을 현금지급

  ○ 2안 : 지원대상중 등록장애인은 종량제 봉투 지원대상에서 제외 

    - 사실상 경제형편이 좋은 장애인들도 지원을 받고 있어 민원야기


□ 기대효과

  ○ 효율적인 복지행정 실현",,,NA,20240125,NA
주민생활불편 현장 점검반 운영,행정/자치/안전,,제안심사,2010-12-21,NA,거창군,"□ 현황

  ○ 관내 쓰레기 불법투기, 보도블럭 파손 등 주민생활불편 사항이 여러 곳에 산재

  ○ 당면 현안업무 등으로 직원들이 매일 주민생활불편 현장을 점검․관리하기에는

     애로사항이 많음(민원 신고․접수 후 민원처리)


□ 문제점

  ○ 민원인의 신고 후 현장을 방문하여 민원처리를 할 경우 업무처리의 신속성이

     떨어지고 주민들에게 행정의 신뢰성 저하


□ 개선방안(해결방안)

  ○ 점검일시 : 매주 목요일 06:00 ~ 07:00/수시

  ○ 점검반 편성


 ※ 2인 1조 등 과별 탄력적 운용


  ○ 주요점검내용

    - 쓰레기 불법투기 및 소각

    - 보도블럭 파손, 가로등 고장

    - 불법광고물 설치 및 부착

    - 시가지 공원 및 가로변 청소 상태

    - 재난위험지역 점검 및 주민생활불편 사항 등

  ○ 점검 후 조치사항

    - 점검에서 나타난 사항은 가급적 현장처리를 원칙으로 하고

    - 공공근로, 희망근로사업 등과 연계처리

    - 자체처리가 곤란하거나 예산이 수반되는 사항은 소관부서 통보

    - 통보받은 소관부서는 신속히 처리(군청 통보 등)

    - 총무담당 접수 처리부 등 기록유지


□ 기대효과

  ○ 현장을 찾아 주민불편사항을 적극적으로 해결하여 행정의 신뢰도 제고

  ○ 직접적인 현장 점검으로 안전사고 예방

  ○ 현장행정 실천에 간부공무원의 솔선수범으로 하위직 공무원에게 모범이 됨",,,NA,20240125,NA
"거창군을 비롯한 인근 각종 문화,예술행사 거창사건추모공원에서 개최!",행정/자치/안전,,제안심사,2010-12-21,NA,거창군,"□ 현    황

  ○ 추모공원 전체면적 : 162,423㎡

    - 참배공간,추모공간,체험공간(46,710㎡)

    - 연간 방문객수 : 30,000명 (1일 80명수준)

    - 광활하게 잘 조성된 추모공원에 비해 추모공원 방문자수와 활용도가 매우 낮음


□ 문 제 점

  ○거창군을 대표하는 잘 조성된 광활한 추모공원이지만, 그 활용도가 매우 낮음.

  ○국가에서 막대한 예산을 들여 잘 조성된 공원이 찾는 방문객 수가 저조함은

    물론 타 문화행사와 전혀 연계가 되지 않고 있으며, 조성된 공원 본래의 의미

    를 다하지 못하고 있는 실정임.


□ 개선방안

  ○거창군에서 개최되는 각종 문화,예술행사는 물론 인근 군에서 개최하는 각

    종 문화,예술행사도 거창군에서 일괄 유치 기획하여, 각종 문화,예술 행사를 

    추모공원에서 개최할 수 있도록 행사계획 마련.

  ○행사시 왕복 관광버스를 거창군에서 운행하며, 잘 조성된 공원을 입체적으로 활

    용 공원조성 본래의 가치를 더 높인다.


□ 기대효과

  ○ 막대한 국비와 넓은 부지 위에 잘 조성된 공원을 거창군을 비롯한 인근군

     각종 문화,예술행사 개최지로 활용 공원을 입체적으로 활용하며, 우리의 산 

     역사의 가치를 더 높이고, 거창군을 문화,예술 개최지로 대내외에 널리 홍보  

     도 하며, 거창군 인구증가에도 직간접적으로 영향을 주게 한다.",,,NA,20240125,NA
마을상수도에서 지방상수도 전환시 급수공사비 군에서 부담,행정/자치/안전,,제안심사,2010-12-21,NA,거창군,"□ 현황

  ○ 급수공사비 부담 

    - 거창군 상수도급수 조례 제11조(공사비 부담 및 급수장치 관리)에 따라

     공사비용은 당해 신청인의 부담으로 되어 있어,

    - 상수도 신규급수 공사시 현장 여건에 따라 공사비 납부


□ 문제점

  ○ 개인적인 사유에 따라 공사를 신청하는 경우 공사비를 납부하여야 하나,

  ○ 사용자의 의지와 상관 없이 정부 시책에 따라 면지역 등에 마을상수도(소규모

     급수시설 포함)를 지방상수도로 전환하는 경우 사용자에게 급수공사비를 부과

     하는 것은 사용자에게 부담이 되고 있어 사업 추진 애로


□ 개선방안(해결방안)

  ○ 정부 시책에 따라 기존에 사용하고 있는 마을상수도(소규모급수시설 포함)를 

     지방상수도로 전환하는 지역의 사용자에게는 급수공사비를 군에서 부담

  ○ 지방상수도 급수시작 후 개별적으로 급수신청을 하는 경우는 제외


□ 기대효과

  ○ 맑고 깨끗한 양질의 수돗물 공급지역 확대

  ○ 정부 시책에 맞는 상수도행정 적극 구현",,,NA,20240125,NA
마약류 폐기신청 방문처리제 운영,행정/자치/안전,,제안심사,2010-12-21,NA,거창군,"□ 현황

  ○ 현재 마약류를 폐기처분 하려면 보건소에 직접 방문하여 신청서와 해당       마약류를 제출해야 함 


□ 문제점

  ○ 마약류 폐기처분 요인 발생 시 근무지 이석 등으로 인한 업무공백 및 환자      들의 불편함을 초래



□ 개선방안(해결방안)

  ○ 마약류 폐기처분 요인 발생 시 신청서를 보건소에 팩스를 보내면 담당자가      해당 업소에 직접 방문하여 수거 및 행정처리



□ 기대효과

  ○ 대민 행정서비스 제공으로 업소 및 환자들의 불편 해소 기여

  ○ 업소 방문 시 지도점검 병행으로 의약품 등의 유통질서 확립",,,NA,20240125,NA
매각대상 불용품의 일괄매각,행정/자치/안전,,제안심사,2010-12-21,NA,거창군,"□ 현황

  ○ 불용품의 매각

    - 정기재물조사 및 매년 불용품을 처분하기 때문에 해마다 매각대상 불용품(고철, 비철)의 규모는 매우 적음. 

    - 일부 매각대상 불용품은 규모가 적기 때문에 매각 되지 않고 폐기됨.


□ 문제점

  ○ 부서별 매각으로 인한 어려움

    - 부서별 매각은 매각할 불용품의 규모가 적기 때문 큰 규모의 고물상에서는 수거(매입) 하러 오지 아니함. (타지역 고물상에서는 일정규모이상이 되어야 매입하러 거창으로 옴)

    - 불용품의 규모가 적기 때문에 거창지역의 고물상에서만 매각이 됨.

    - 불용품의 규모가 적기 때문에 매각시 고철시세보다 낮은 금액으로 매각됨.


□ 개선방안(해결방안)

  ○ 매각대상 불용품의 총괄 매각

    - 총괄 매각 부서 및 담당지정 

    - 매각 불용품 보관장소 지정

    - 거창군 전 행정기관에서는 매각할 불용품만 보관장소에 인계인수 

    - 폐기할 불용품은 부서별 자체 폐기 


□ 기대효과

  ○ 거창군 수입증가

  ○ 높은 금액의 불용품 판매

  ○ 불용품의 재활용 증가",,,NA,20240125,NA
보건진료소 진료원 자격완화 및 대책마련,행정/자치/안전,,제안심사,2010-12-21,NA,거창군,"□ 현황

  ○보건진료소에 근무하는 진료원은 간호사, 조산사등 대통령이 정하는 자격을 

    가진자로서 보건복지부장관이 실시하는 24주 직무교육을 받은자를 임용하여 

    근무하도록 규정 (※ 거창군 보건진료소 : 18개소 (경남 219, 전국 1,903))


□ 문제점

  ○ 보건진료원중 출산, 질병, 사고, 불성실(징계)사유등 긴급한 결원사유발생시

     불가피하게 근무를 하지못하거나,  장기간 공백상태가 발생될 경우 보건

     진료원의 자격을 가진 대상자를 새로 임용하거나 대체인력을 근무토록 

     하여야 하나, 대기자나 자격을 구비한 대상자가 없어 인력배치(임용)애로와

     주민 진료대책등에 불편을 초래하는등의 문제점


□ 개선방안

  ○ 간호사 자격을 구비한 일반직 공무원의 간호직렬 대상자중 희망자나 자치

     단체별 소요를 파악, 매년 정례화 하여 교육조치로 사유발생시 인력배치

  ○ 인력관리 및 업무추진상 간호직렬의 교육희망자는 교육기간을 단축하거나 

     (1~2개월), 단기교육방안 마련등으로 근무자격 완화, 또는 간호직렬은 보건

     진료원에 임용을 할수 있도록 자격을 완화

  ○ 보건진료소관리운영규정에 의한 교육필자는 언제든지 임용가능토록 규정을 

     개선 ( 6월이내 임용받지 못할경우 교육비 반납토록 규정 ⇔ 자격무효 )

  ○ 긴급하고 불가피한 경우를 대비, 교육인력을 증원하여 교육을 실시한 후, 

     각 자치단체에서 인력을 요청할시 적절하게 인력을 배치할수 있는 예비자   

     원등 대체인력 확보방안 마련

  ※ 보건진료원 대체인력 방안 및 보건진료원 자격등 대책마련, 관련법등 심도

     있는 검토, 개정조치등 (보건복지가족부에 건의등 대책요구)


□ 기대효과

  ○ 신속하고 적절한 인력배치 조정으로 진료공백사항 해소

  ○ 주민 진료불편사항등 해소와 건강관리에 기여",,,NA,20240125,NA
건축물 신축 민간보조 사업의 일상감사 실시,행정/자치/안전,,제안심사,2010-12-21,NA,거창군,"□ 제안배경(문제점)

  ○ 건축물 신축에 따른 민간자본보조 사업을 추진함에 있어 현재 업무 담당자가 

     전문직이 아닌 관계로 어려움이 있어 건축물 신축공사 1억원 이상의 

     건축공사는 보조금교부결정전 설계서에 대한 일상감사를 실시하여 행정착

     오 및 예산낭비를 사전예방하고 부실공사를 사전예방 하고자 함.


□ 거창군 일상감사 범위

  ○ 용역 : 1건당 총액 1,000만원 이상

  ○ 시설공사 : 1건당 총액 5,000만원 이상

  ○ 현행 민간보조사업은 일상감사 제외


□ 개선방안

  ○ 민간자본 보조 사업중 건축물 신축사업은 일상감사 대상에 포함

    - 대상범위 : 1억원 이상의 신축건물(선별장, 저온저장고 등)

    - 제외 : 소규모 저온저장고 제외(66㎡ 이하)


□ 기대효과

  ○ 설계서에 대한 사전 일상감사 실시로 부실공사 예방

  ○ 보조금 집행의 투명성 확보",,,NA,20240125,NA
FTA업무 정보화를 위한 모바일 장비 보급,행정/자치/안전,,제안심사,2010-12-21,NA,거창군,"□ 현황

  ○ FTA 사업추진의 효율적인 사업대상지 관리가 어려움

    - 지번도에 사업자, 사업내용, 사업대상 지역표시 입력 활용


□ 문제점

  ○ 사업농가수가 많아 현지포장 지도가 어려움

  ○ 지번도를 통한 FTA기금 지원사업의 현지조사의 어려움



□ 개선방안(해결방안)

  ○ GPS 기능을 탑제한 모바일PC 장비보급을 통한 FTA기금 지원사업의 정보화       구축 및 효율적 사후관리

    ※ GPS 위성신호수집기 및 데이터수집 관리 전용PC(예:타블렛PC)


□ 기대효과

  ○ 신속 정확한 위치파악을 통한 FTA기금사업의 현지지도 효율적 활용

  ○ 각종 FTA기금사업의 효율적 정부자료 DB구축에 활용

  ○ 현지 일선 FTA담당자의 효율적 업무추진 및 지역관리-",,,NA,20240125,NA
친환경농산물인증지원 및 품질관리,행정/자치/안전,,제안심사,2010-12-21,NA,거창군,"□ 현  황 

  ○ 친환경농산물인증수수료지원

    - 친환경인증수수료 80% 지원 (인증기관 수수료, 토양검사비, 수질검사비)

    - 사후 관리 검사비용 제외

  ○ 친환경농산물인증기관의 민간단체 전환 추진 중 

  - 인증기관 : 현재 국립농산물품질관리원 외 41개 민간기관

  - 인증기관 및 농산물 생산 지역의 신뢰도에 따라 친환경농산물 유통


□ 문제점 

  ○ 친환경인증농산물 사후관리 부실 

  - 친환경인증농산물관리 및 민간인증기관 관리/감독 : 국립농산물품질관리원

  - 사후관리 : 재배 환경 및 포장 조사, 의심지역 샘플 시료채취 잔류농약 검사

  → 관할 지역의 광범위로 전체 인증농산물 관리 어려움

  ○ 문제농산물 출하에 따른 지역 친환경농산물 신뢰성 저하 가능성 


□ 개선방안 

  ○ 인증수수료지원 비율 상향 80% → 90%

  ○ 친환경농산물 자체 잔류농약 검사 실시로 검사기관 검사에 대한 사전대비

    - 기술센터 잔류농약분석실 인원/장비 확충으로 검사능력 재고


□ 기대효과 

  ○ 수수료 지원비용 상향으로 우수 민간인증기관 인증농가 확대

  ○ 친환경농산물 1차 자체검증으로 지역 농산물 신뢰도 재고 

  ○ 수시 잔류농약 검사 실시에 따른  친환경농가 인식 전환",,,NA,20240125,NA
공공비축미 매입업무 개선,행정/자치/안전,,제안심사,2010-12-21,NA,거창군,"□ 공공비축미 매입업무 현황

  ○ 매입장소 : 08년 기준 107개소로 읍면별 매입업무 추진

  ○ 현황 : 각 농가에서 매입장소까지 40kg 포대벼의 이동이 필요


□ 문제점

  ○ 농촌주민 고령화 및 여성인구 증가로 공공비축미 40kg 포대의 상.하차, 

     이동에 어려움이 많음


□ 개선방안

  ○ 톤백(800kg) 단위 벼 출하 독려 → 트렉터 또는 지게차 필요

  ○ 트렉터 또는 지게차 대여 비용 및 인건비 지원 : 군비 보조

  ○ 톤백 계량용 저울 필요 : 읍면당 1대 이상 보급


□ 기대효과

  ○ 공공비축미 매입업무의 어려움을 해결하여 농촌주민의 삶의 질 향상 및 

     업무효율 향상",,,NA,20240125,NA
거창 특화작목 농업기술 전문 강사 육성,행정/자치/안전,,제안심사,2010-12-21,NA,거창군,"□ 현    황

  ○ 농업인 교육 현황(거창군)

[단위 : 회, 명]


계

2007

2008

2009(1/4분기까지)

교육과정수

참석인원

교육과정수

참석인원

교육과정수

참석인원

교육과정수

참석인원

28

15,024

10

7,800

9

4,425

9

2,799



  ○ 거창사과대학과 같은 1년 과정의 시군별 교육과정이 2008년 기준으로 91개소 운영(거창사과대학의 경우와 같은 사과대학이 전국에 7개소 운영)되며, 농업마이스터대학이 전국 시도별로 4년과정으로 운영되고 있음.


□ 문 제 점

  ○ 농업기술 교육 관련 전문 강의의 경우 농촌진흥청, 농업기술원 관계 연구원이 대다수 출강이 이루어짐으로 지방자치로 인한 전국적인 수요가 많음으로 강사 섭외 애로 및 자체 인력의 고유 업무 과다로 인한 연구 시간 부족

  ○ 2008년 새정부 출범 시 국가기관 개편안 중 농촌진흥청의 정부출연기관 전환이 있었으나, 현재 전환이 이루지지 않았고, 향후 국정 기조에 따라 어떻게 변할지 모르는 상황임 ⇒ 농업기술 관련 민간컨설팅기업이 존재(2009년 기준 농림수산식품부 등록 업체 39개소)하나, 농업기술의 경우 단기간에 축적이 될 수 없는 특성이 있고, 농가 부담의 가중이 불가피함.

□ 개선방안(해결방안)

  ○ 거창군 지역특화품목에 대한 지도ㆍ연구 인력 및 교육강사 육성 필요

    - 딸기의 경우 농업기술센터 내 자체실증시험포를 활용하여 새기술 및 새품종에 대한 지역적응성 및 실증 시험을 거친 후 농가에 대하여 보급(소요인력 : 1명)

    - 사과의 경우 향후 도립 사과연구소의 거창군 건립시 이와 유기적 관계를 형성하여 사과테마파크를 활용하여 연구인력 배치하여 지역특화된 연구 종사(소요인력 : 2명)


□ 기대효과

  ○ 자체 연구인력 및 지도인력 육성 시 농업인들의 접근성이 높아지며, 고품질 지역특화작목육성 기반 확보로 농가 소득 증대

  ○ 대외적 강사 활용시 지역특화작목의 홍보효과(1회 출강시 평균 50명 이상 참석) 대외적 기술력 과시로 유통전략 우위 확보를 위한 교두보 마련

  ○ 자체강사 확보를 통한 관내 지역ㆍ환경적 특성을 바탕으로한 교육 효율성증대",,,NA,20240125,NA
농촌여성농업인 능력개발교육 시스템 개선,행정/자치/안전,,제안심사,2010-12-21,NA,거창군,"□ 현황

  ○ 전년도 말에 전체 계획 수립 후, 각 과정별(‘09년도-전통문화반외 6개 과정)로 최소 1회에서 최대 6회까지 단기적인 교육 실시 

  ○ 읍․면, 지역신문, 홈페이지 게시를 통한 교육 홍보

  ○ 과정별로 구분하여 해당시기에 읍․면으로 공문 시달 후 신청․접수


□ 문제점

  ○ 전통 생활기술 보급 및 전통음식 계승에 대한 교육 회수 및 기간이 짧음

    - 지속적인 기능 보급을 위한 교육기회 확대 필요

  ○ 홍보가 부족하여 신청 시기를 놓치는 경우가 발생

  ○ 읍․면을 통한 접수보다 직접 접수하는 사례가 많아 이중 업무


□ 개선방안

  ○ 년중 수요가 많은 교육과정은 보다 전문화되고 지속적․장기적으로 별도 운영 

  ○ 교육과정에 대한 홍보책자(전단지) 발간․배부 

  ○ 읍․면을 통하지 않고, 과정별로 구분하지 않고 연중 직접 신청․접수


□ 기대효과

  ○ 대상별, 수준별 교육의 특성화와 전문화

  ○ 교육의 수혜자 확대 및 접근의 용이성",,,NA,20240125,NA
거창군 표지 및 마을입구 표지에 장수지역 해발 표시제 도입,행정/자치/안전,,제안심사,2010-12-21,NA,거창군,"□ 현황

  ○ 전국적인 편차가 없어졌다

     자연의 변화는 상대적으로 천천히 일어나므로, 만약 자연 환경이 장수에 상당한 영향을 미친다면 짧은 기간의 장수도에는 별 변화가 없어야 한다. 하지만 90년 94년 98년 장수도를 비교하면, 전국적으로 장수 지역의 편차가 크게 줄고 있다는 것을 쉽게 알 수 있다< 장수도 참도 >. 이는 장수 요인이 자연 환경보다는 사회 및 문화적 요인에 크게 영향 받는 것을 시사한다. 의료 시설의 보편화와 국민건강보험제도의 영향이 큰 것으로 추정된다

  ○ 장수 마을의 고도가 높아졌다

장수도가 높은 지역은 주로 해발 200~400m의 중간 산간지대에 몰려 있다. 또한 그 이상의 산간지역 장수도도 올라가고 있는 추세 이다. 이는 산간지대가 비교적 자연 환경과 접하기 쉽고, 주민들의 활동량이 많다는 것과 관련 있을 것이다. 또한 경제적으로 독립되어 주관적인 생활을 하는 것도 장수에 도움을 줬을 것이다.

  ○ 같은 조건이라면 사회기반 좋은 곳이 장수한다

    장수도가 높은 30개 군 지역과 전국 군 평균과 사회간접 시설 등을 비교해보면, 장수지역이 상수도 급수 인구 도로 길이 지방세 징수액 광공업 생산액 등 주요 경제 지표가 높다. 즉 같은 군 지역이라도 비교적 편리한 생활을 할 수 있는 여건이 된 곳이 장수 마을이 된다는 의미다. 

    노화 학자들은 젊은 세포는 늙은 세포보다 자외선과 같은 외부의 자극 즉 스트레스에 약한데, 이것은 늙은 세포가 외부저항에 잘 견디도록 진화했기 때문이라고 한다. 현대 도시 생활은 항상 신속하고 정확을 판단을 요구하나 나이를 먹으면 그 같은 민첩함을 잃는다. 따라서 노후의 일상적인 사회생활에서도 상당한 스트레스를 받고 위축된다. 

    반면 전원생활은 느슨하고 반복적인 작업이 대부분이다. 또한 농업은 창조적인 작업이며 노년에 필요한 충분한 활동량을 제공한다. 그런 뜻에서 노후의 전원생활이 장수에 도움이 될 것이다. 

    하지만 은퇴 후 귀향했다 후회하는 사람들을 자주 본다. 문화・사회적 환경이 매우 빈약해서 막상 그 생활에 적응하기 어렵기 때문이다. 따라서 본인 인생의 대부분을 지낸 사회・문화적 환경을 계속해서 접할 수 있는 상황이나 설비가 갖추어져 있는 지 먼저 고려해야 한다. (이정재・서울대 생물자원공학부 교수) 

  ○ 거창은 사회 문화적 기반과 농촌이 어우러져 있으며 해발 또는 장수지역의 이미지를 갖추고 있음


□ 문제점

  ○ 거창 지역을 오시는 분들은 거창읍이 해발 200m 라고 생각하는 사람들은 거의 없고 자연마을들이 200~700m 사이에 위치하고 있는 것도 홍보되어있지 못함

  ○ 상대적으로 강원도의 이미지는 산골이며, happy 700을 내세워 사람의 건강에 좋은 지역으로 홍보되어 있음


□ 개선방안(해결방안)

  ○ 거창 버스터미널이나 거창 도로 초입 부분에 거창읍이 해발 200임을 표시하여 사람들에게 새로운 정보를 제공하고

  ○ 체험마을은 마을입구 표지판에는 해발을 표시함으로써 거창을 찾는 이들에게 거창의 새로운 정보를 제공 


□ 기대효과

  ○ 장수 지역으로서의 이미지를 심어 주며 사회문화적 환경의 기반과 농촌지역, 사람이 살기 가장 좋은 200~700m 지역을 자연스럽게 홍보하여 은퇴이후의 도시로서의 이미지를 알리고 연금수령자들의 유입 기대",,,NA,20240125,NA
지역인재 육성을 위한 『거창 i 사랑 장학카드』 발급,행정/자치/안전,,제안심사,2010-12-21,NA,거창군,"□ 현  황

  ○ 지역인재 육성을 위한 거창군 장학재단 운영 : 2005. 12월 설립

    - 장학기금 적립액 : 98억원 (군 출연금 80억, 기부금 및 이자 18억) 

     * 기금 적립액 80% 이상이 군 출연금으로 마련되었으며, 군민과 출향인의 성금모금은 한계를 나타냄

    - 장학사업은 100억원 기금에 대한 이율(3%시 3억원, 4%시 4억원)에 따라 장학금 지급 규모 결정 

  ○ 군민과 공무원의 카드 사용실적의 일정금액을 장학기금으로 적립 가능한 은행제휴 장학카드 발급으로 장학사업비 충당(ex. 창원시청-창원사랑 카드, 마산시청-가고파 사랑 카드 등 제휴카드별 이용금액의 0.2% 지역발전기금 제공)


□ 문제점

  ○ 카드사별 할인 제공 등에 따라 각자 신용카드를 선택하여 사용하고 있으며, 대부분 카드를 2장이상 소지하고 있어 추가 발급에 대한 거부감 발생


□ 개선방안

  ○ 공무원의 경우 복지포인트 사용을 위하여 복지카드를 의무적으로 사용하고 있으므로 복지카드에 추가 기능 부여할 수 있도록 제휴 방안 협의

  ○ 군민 및 출향인 등에게 지역인재 양성을 위한 거창군 지역 발전 방안임을 인식할 수 있도록 홍보 및 발급 권장


□ 기대효과

  ○ 장학기금의 추가 재원 확보로 장학사업의 안정적 운영 및 확대",,,NA,20240125,NA
시군구 재난관리 시스템 담당자 메뉴얼화,행정/자치/안전,,제안심사,2010-12-21,NA,거창군,"□ 현황

  ○ 재난상황을 신속히 총괄하기 위한 시군구재난관리 시스템 가동

    - 자연재난에 관련된 각종 주의보나 경보 등 정보를 공유하기 위한 범국가적 시스템

    - 13개 분야로 나누어 행동요령, 재난대응활동, 자원정보, 관측정보, 복구 등으로 구성


□ 문제점

  ○ 관계부서 협조가 이루어지지 않음

    - 담당업무라는 인식이 부족하여 변경사항 발생시 수시 입력이 이루어지지 않음

    - 인사로 인한 업무 인수인계가 이루어 지지 않아 담당자 변동사항이 입력되지 않음


□ 개선방안(해결방안)

  ○ 담당자 지정 및 매뉴얼을 작성하여 지속적 관리가 유지되도록 함

    - 협조부서의 담당자 지정으로 시스템 업무를 소홀히 하는 사례 발생치 않도록 함

    - 1년에 상, 하반기로 나누어 담당자 시스템 교육을 실시하여 시스템에 대한 이해도 제고


□ 기대효과

  ○ 시스템 지속적 유지관리로 재난상황 발생시 신속한 현황파악과 인력 및 물자지원 가능",,,NA,20240125,NA
교육센터 활용 방안 제안,행정/자치/안전,,제안심사,2010-12-21,NA,거창군,"□ 현황

  ○ 우리군의 영상문화를 위해 고센시티 영화관에 입장객 1인당 3000원의 보조금을 우리군에서 보조하여 극장을 존속시키고 있는 실정임.

  ○ 거창지역 여건상 고센시티극장의 흑자운영은 앞으로도 어려울 것으로 판단되므로 장기적인 보조금 지출이 이루어져야 한다고 판담됨.


□ 문제점

  ○ 민간인에게 보조금을 보조하면서까지 지역문화의 발전 또는 존속을 위해 노력하는 우리군의 모습은 좋으나

  ○ 좀 더 경제적인 논리로 접근하여 우리군에 이미 갖추어져 있는 시설을 활용하는 방안을 모색할 필요성이 있음.


□ 개선방안

  ○ 우리군 교육문화센터에 이미 영사시설이 갖추어져 있고 문화센터 공연이 없는 날도 많으므로 약간의 인력과 시설만 보충하면 훌륭한 극장이 될 수 있을 것으로 판단됨.


□ 기대효과

  ○ 지역주민에게는 저렴한 가격으로 문화예술을 영위할 수 있고

  ○ 우리군에서는 기존 시설물 활용을 제고할 수 있으며 예산도 절감할 수 있을 것으로 기대됨.",,,NA,20240125,NA
건축물대장 등기촉탁 업무 간소화,행정/자치/안전,,제안심사,2010-12-21,NA,거창군,"□ 현황

  ○ 현행 법령상에 소유자 또는 건축주가 등기촉탁을 원하는 경우 사용승인신청(증축에 한함), 용도변경, 기재사항변경, 말소 처리후 7일 이내에 방문하여 다음 각 호의 서류를 제출하여야 함.

       - 등록세영수필확인서 및 통지서 : 등록세 3,600원

       - 등기수입증지 : 수수료 3,000원(법원수입증지) 

□ 문제점

  ○ 현황대로 등기촉탁을 하기 위해서는 신청서가 처리된 후 또 다시 군청을 방문을 해야하는 번거러움이 있음.

  ○ 민원서류 처리시 등기촉탁에 대한 안내문을 발송하여도 인지부족으로 등기촉탁을 못하고 개인적으로 법무사를 방문하여 등기를 의뢰함.

     -법무사로 인한 등기비용 : 대행비 5만원˜10만원

□ 개선방안(해결방안)

  ○ 사용승인신청(증축에 한함), 용도변경, 기재사항변경, 말소신청시 해당부서(건축민원담당)에서 안내하여 비용(6,600원)을 징수하여 신청서 처리시 등기촉탁이 될 수 있도록 조치.(자체 영수증 제작 발부)

  ○ 신청서 부적합으로 미처리시 방문 또는 우편(민원의 선택)으로 비용 환불.

□ 기대효과

  ○ 등기촉탁에 대한 안내를 적극적으로 함으로 인하여 등기촉탁 극대화

  ○ 다시 군청을 방문하지 않아도 됨으로써 민원인의 시간 절약과 등기촉탁으로 인한 경제적 비용 절감을 가져옴.",,,NA,20240125,NA
공동웹하드 운영 및 활용,행정/자치/안전,,제안심사,2010-12-21,NA,거창군,"□ 현황

  ○ 우리군 직원들의 업무용PC내의 자료는 개인PC 하드디스크에 저장되어 있어 인사이동시 각종서식등 업무관련파일의 이동이 어렵고, 바이러스감염 및 하드디스크의 고장 등으로 자료소실의 우려가 있음.


□ 문제점

  ○ 인사이동시 각종서식등 업무관련파일의 이동이 어려움

  ○ 바이러스감염 및 하드디스크의 고장 등으로 자료소실의 우려가 있음


□ 개선방안

  ○ 우리군 서버상의 개인 및 실과별 웹하드를 운영하여, 업무관련서류의 공유 

    및 이동, 자료소실시 백업데이터로 활용토록 웹하드 구축


□ 기대효과

  ○ 웹하드관리로 자료가 소실되었을때 복원가능

  ○ 관련자료가 필요할시 웹하드로 통제되어 자료유출의 우려해소",,,NA,20240125,NA
건설공사 주민설명회 개최 사전공고,행정/자치/안전,,제안심사,2010-12-21,NA,거창군,"□ 현황

  ○ 각종 건설공사 시행전 주민의견을 수렴하여 민원발생을 최소화 하고 

     맞춤형 공사시행을 위한 주민설명회를 개최하고 있으나

  ○ 공사 추진중이거나 완공 후 민원을 제기하는 주민들이 주민설명회 개최

     사실을 몰랐다는 의견이 많음


□ 문제점

  ○ 주민설명회 개최 전 해당마을 이장에게 통보하여 홍보토록 하고 있으나 

     공사관련 주민들에게 전달이 안되는 경우가 있으며

  ○ 공사 완공 후에는 주민들의 의견을 반영하기 어려운 경우가 많아 민원

     발생의 요인이 되고 있음


□ 개선방안(해결방안)

  ○ 주민설명회 개최 3일전부터 마을회관이나 주민들이 많이 모이는 장소에 

     안내문 게첨 및 마을방송을 통하여 해당 주민들이 많이 참석할수 있도록

     홍보강화


□ 기대효과

  ○ 공사시행전 주민의견 충분한 수렴으로 민원",,,NA,20240125,NA
詩가 있는 『책읽는 공원』,행정/자치/안전,,제안심사,2010-12-21,NA,거창군,"□ 현   황

  ○ 거창군 거창읍 상림리 『책읽는 공원』

    - 면    적 : 10.053㎡

    - 부대시설 : 조경, 유희, 운동, 관리, 교양시설 433.9㎡

□ 문 제 점

  ○『책읽는 공원』 이름 인식 부족 

  ○『책읽는 공원』이라는 이름의 이미지 부족 

□ 개선방안(해결방안)

  ○ 『책읽는 공원』이름표 달기

    - 예) 여기는 청정 거창 쌈지공원 1호점, 『책읽는 공원』

  ○ 진입로변과 또 여유공간에 시화 배너를 설치

    - 자연친화적인 목재 배너 또는  걸이대를 이용

    - 군민이 애송하는 시를 추천받아(100편정도) 주기적으로 교체 

□ 기대효과

  ○『책읽는 공원』 이름의 자리매김

  ○ 도심속 지역주민의 정서 순화와 사색에 도움 제고

  ○ 책읽는 공원과 한마음도서관이 서로 연계되어 이미지 제고",,,NA,20240125,NA
공동주택 음식물류폐기물 감량대회,행정/자치/안전,,제안심사,2010-12-21,NA,거창군,"□ 현   황

  ○ 공동주택 음식물류폐기물 위탁신청에 따라 수거

    - 수거중인 공동주택 : 현대아파트외 94개소 5,781세대



□ 문 제 점

  ○ 음식물류폐기물 분리수거중인 모든 공동주택을 대상으로 하기엔

     감량실적 측정에 문제가 있음



□ 개선방안(해결방안)

  ○ 관리사무소가 있는 공동주택을 위주로 음식물류폐기물 감량대회 추진함이 

     타당할 것



□ 기대효과

  ○ 음식물류폐기물 감량 및 위탁처리비 절감",,,NA,20240125,NA
노래연습장 및 PC방 등록 시 결격사유 조회,행정/자치/안전,,제안심사,2010-12-21,NA,거창군,"□ 현황

   ○ 노래연습장 및 PC방 등록을 위해서는 음악산업진흥에 관한법률 제27조 및 게임산업진흥에관한법률 제19조(영업의 제한)에 의한 결격사유가 없어야 함.

   ○ 결격사유조회를 위해 전국으로 공문발송

   ○ 음악산업진흥에관한법률 및 게임산업진흥에관한법률 결격사유 조회 내용

     - 영업폐쇄명령 또는 등록취소 처분을 받은 후 1년이 경과되지 아니한자

     - 영업정지처분을 받고 그 기간이 종료되지 아니한자 

□ 문제점

  ○ 현재 새올행정시스템 문화행정에서 전국 행정처분 사항 조회가 가능함에도

     불구하고 결격사유 조회를 위해 전국으로 공문 발송. 


□ 개선방안

  ○ 새올행정시스템(문화행정)에서 전국 행정처분 조회가 가능한 사항이므로 

     공문 발송 자제 및 문화행정 시스템 정비개선.   


□ 기대효과

  ○ 불필요한 공문 남발 방지로 행정의 효율성 증대",,,NA,20240125,NA
위생 관련 영업신고증 즉석 교부,행정/자치/안전,,제안심사,2010-12-21,NA,거창군,"□ 현황

  ○ 식품 및 공중위생업소 신규 영업신고․각종 변경신고 : 처리기한 『즉시』

    - 처리절차 : 신고서 제출(1회방문) → 서류검토(타부서 협의) → 기안,결재,

      발송 → 교부(2회방문)


□ 문제점

  ○ 신고서제출, 영업신고증 교부로 인한 2회 방문으로 경제적, 시간적 소비로 

     인한 민원인의 불편 초래

  ○ 원거리 방문자는 신고 접수 후 왕복이 어려워 인근에서 2~3시간을 기다림.

  ○ 즉석에서 영업신고증이 교부되지 않아 영업소 양도ㆍ양수가 지연되고 있음.


□ 개선방안

  ○ 서류 검토 후 저촉 사항 없을 경우 신청서 접수(1회 방문)후 즉석(30분이내)

     에서 영업신고증 교부

     - 단, 타부서 검토 사항이 있을 경우 사전 협의된 사항에 한함.

  ○ 영업신고 수리 통보 및 기타사항 안내 공문 등은 차후 우편 등기 발송


□ 기대효과

  ○ 1회 방문을 통한 업무처리로 민원인의 편의 제공

  ○ 영업개시에 필요한 사전절차(카드조회기 등) 신속화로 영업주의 손실 방지",,,NA,20240125,NA
식품ㆍ공중 모니터링 요원,행정/자치/안전,,제안심사,2010-12-21,NA,거창군,"□ 현황

  ○ 무신고 식품제조업소에서 생산한 식품을 인터넷으로 무신고 판매

    - 즉석식품판매업에서 과채류음료 등 생산 후 통신 판매 성행

    - 천마등 농산물을 의약품으로 혼동할 수 있는 내용의 허위과대 광고

    - 무신고 팬션, 민박의 영업행위 인터넷 홍보 등


□ 문제점

  ○ 식품위생법등 관련 법령에 대한 인식 부족

    - 신고포상금제 도입에 따른 “식파라치” 성행으로 식품제조판매업자가

      지속적인 적발됨

    - 무신고 판매행위에 따른 형사처벌로 판매업자의 심리적 경제적 피해

    - 허위과대 광고에 속는 소비자 피해


□ 개선방안

  ○ 인터넷이 가능한 10명 전후의 전담인력 확보 

    - 관련법규 교육 후 재택근무 통한 불법 영업행위 모니터링

    - 불법행위 발견시 지도ㆍ시정조치 및 관련규정에 의거 불법행위자 조치


□ 기대효과

  ○ 인식 부족에  따른 무신고 영업행위 근절

    - 허위과대 광고에 속는 소비자의 피해방지

    - 무신고 영업자의 형사처벌에 따른 심리적 경제적 피해 방지",,,NA,20240125,NA
농민들에게 수시 위생법령 교육 실시 ,행정/자치/안전,,제안심사,2010-12-21,NA,거창군,"□ 현황

  ○ 농민들이 식품위생법 인지 부족으로 인터넷 카페를 통한 무신고영업행위 성행

  ○ 허위ㆍ과대광고, 농약사용 증가로 인한 위반사항과 식파라치들의 신고 접수가 

     해마다 증가 추세임

     ※ 신고 접수 : 2006년⇒2건,  2007년⇒3건, 2008년⇒5건, 2009년⇒7건 


□ 문제점

  ○ 식파라치들의 인터넷 검색에 적발되어 무신고영업행위로 고발되는 등 식품위생법

     인지 부족으로 농민들의 피해가 계속 증가됨.

  ○ 인식부족으로 농산물에 무분별한 농약사용으로 수거검사 시 기준치초과로 

     형사고발 되는 등 불이익을 받고 있음.

  ○ 영농관계로 홍보 및 교육을 받을 기회가 없어 악순환의 연속이 되고 있음.


□ 개선방안

  ○ 교육대상 : 사과 , 딸기 ,포도, 천마, 야채 등 과일 채소 농민(귀농) 재배자 

  ○ 전담자 배치 : 식품위생법령 관련 상담 문의 교육 홍보

  ○ 농업기술센터에서 주관하는 영농교육 및 수시 농민교육과 연계 실시

  ○ 교육신청 접수 : 영농조합법인 대표자가 신청(수시 접수)

  ○ 국번없이 1399번을 통하여 수시 상담 실시


□ 기대효과

  ○ 식품위생법 관련 법령 인지 부족으로 인한 농민들의 피해 사전예방

  ○ 농민들의 농약 사용기준 준수로 군민들에게 신선한 농산물 공급",,,NA,20240125,NA
전산시스템(UMPC(미니노트북)) 이용 현장 지도점검 ,행정/자치/안전,,제안심사,2010-12-21,NA,거창군,"□ 현황

  ○ 위생업소 현장 점검시 현황을 출력물 지참하거나 사무실 유선 문의

  ○ 현장 점검시 점검표를 작성하고 귀청하여 점검 사항을 새올행정시스템에 입력


□ 문제점

  ○ 현장 점검시 출력물 지참으로 인한 행정신뢰성 저하 및 사무실 문의 등 단속업무

     지연으로 인한 영업주 불만 

  ○ 귀청하여 점검사항을 다시 새올시스템에 입력함으로써 업무증가로 인한 야근근무 증가


□ 개선방안

  ○ 업무용 UMPC(미니노트북)를 구입 무선인터넷을 이용 현장행정 시스템 구축

    - 업무용 UMPC(미니노트북) : 1,000,000원 × 2대 = 2,000천원

    - 무선인터넷 사용료 : 50,000원 × 2대 × 8월 = 800천원


□ 기대효과

  ○ 현장 행정시스템 구축으로 인한  신속 업무 처리 및 위생행정 신뢰성 확보 

  ○ 현장에서 점검사항을 새올시스템에 입력함으로써 위생업무 부담 해소",,,NA,20240125,NA
영업의 폐업 신고 민원 110 처리제,행정/자치/안전,,제안심사,2010-12-21,NA,거창군,"□ 현황

  ○ 민원인이 영업을 폐업할 시 허가(신고)관청과 세무서 2개 기관을 방문하여

     신고토록 규정하고 있으나,

  ○ 일부 민원인이 법령 숙지 미흡으로 1개 기관만 폐업신고를 하고 있는 실정임 


□ 문제점

  ○ 폐업신고 시 2개 기관 방문으로 민원인 불편 초래

  ○ 일부 민원인 1개 기관만 폐업신고 함으로써 사실상 폐업 후 면허세가 부과

     되거나 사업자 등록이 폐업되지 않아 잦은 민원발생으로 업무처리 애로       

□ 개선방안

  ○ 허가(신고)관청과 세무서와 협약체결 후 민원인이 먼저 방문하는 기관에서

     폐업신고서 접수 처리

  ○ 접수 즉시 폐업신고서 해당기관에 우선 FAX 통보 후 원본은 뒤에 갖다 줌


□ 기대효과

  ○ 영업의 폐업신고 민원 110(1회 1곳 방문해결)처리제로  민원인 편의제공

     및 행정의 신뢰도 제고",,,NA,20240125,NA
부동산 중개업소 폐업 시 간판철거에 관한 법규 신설,행정/자치/안전,,제안심사,2010-12-21,NA,거창군,"□ 현황

  ○ 현재 우리군에 등록된 중개업소는 24개소로 2008년 1분기 27개소에서

     부동산경기 침체로 현재 감소되고 있는 추세임

  ○ 관내 폐업된 부동산중개업소의 건물에 종전에 사용하던 간판이 철거되지

     않고 존치되고 있음 


□ 문제점

  ○ 폐업된 부동산중개업소 건물에 종전에 사용하던 간판이 철거되지 않고  

     존치되고 있어 무등록업자의 불법행위로부터 민원인의 피해가 우려됨

  ○ 주인 없는 간판이 아름답고 쾌적한 도시 미관을 해치고 있음


 □ 개선방안

  ○ 중개업자가 폐업신고 할 때 간판철거 확인 후에 폐업신고를 수리하여야 

     하나, 현행『공인중개사의 업무 및 부동산거래신고에 관한 법』은 폐업신고 시

     중개업소의 간판 철거에 관한 명문 규정이 없음

  ○ 『공인중개사의 업무 및 부동산거래신고에 관한 법』에 부동산중개업소 폐업신고

     시 당해 중개업소의 간판철거에 관한 사항을 명문규정으로 법규를 신설


□ 기대효과

  ○ 무등록업자의 간판을 신뢰한 선량한 국민의 피해를 미연에 방지

  ○ 무질서한 간판의 난립 방지로 도시 미관 저해 요인 차단",,,NA,20240125,NA
비교표준지 선정 프로그램 개발,행정/자치/안전,,제안심사,2010-12-21,NA,거창군,"□ 현황

  ○ 개별공시지가 산정시 기준이 되는 비교표준지 선택

    - 개별토지와 비교표준지 특성을 비교하여 용도지역, 이용상황등이 유사한 비교표준지를 선택함

    - 비교표준지 가격에 다른 토지특성에 대한 가격배율을 곱하여 개별공시지가를 산정함


□ 문제점

  ○ 비교표준지와 개별토지의 특성 비교시 많은 시간이 소요됨에 따라 효율적인 

     업무처리가 어려움

  ○ 신규자 업무처리가 능숙하지 않고 비교표준지 선택이 어려움


□ 개선방안

  ○ 비교표준지 선정에 용이한 프로그램 개발

    - 개별토지와 동일한 용도지역 및 이용상황등을 고려함


□ 기대효과

  ○ 신규자 업무처리능력 향상

  ○ 객관적이고 정확한 공시지가 산정",,,NA,20240125,NA
공유지 물건 부동산거래신고서 작성 방법 개선,행정/자치/안전,,제안심사,2010-12-21,NA,거창군,"□ 현황

 ○ 소유자가 동일한 다수 필지 공유지분 물건을 거래신고 할 경우 

 ○ 물건마다 거래지분이 다르면 신고서를 동일지분별로 각각 작성하여 제출

 ○ 신고서별로 접수번호 부여 


□ 문제점

 ○ 동일소유자 물건을 지분이 다름으로 인하여 신고서를  각각 작성하여 

    신고함으로써 민원인의 불편 초래  


□ 개선방안 - 국토해양부 건의

 ○ 소유자가 동일하고 거래지분이 서로 다른 물건일지라도 한 장의 신고서를

    작성하고 별지를 첨부하여 필지별 입력 후 한건의 접수번호 부여 가능토록

    프로그램 및 별지서식 개발 보급


□ 기대효과

 ○ 신고서 작성에 드는 시간적 경제적 부담 최소화 및 자원절약",,,NA,20240125,NA
농업용시설 개발부담금 부과 제외,행정/자치/안전,,제안심사,2010-12-21,NA,거창군,"□ 현 황

  ○ 개발사업 면적 및 사업에 따라 개발부담금 부과 대상사업임

  ○ 부과대상 면적은 도시지역은 990㎡, 비도시지역은 1,650㎡이상이며

  ○ 부과대상 사업은 개발이익환수에 관한 법률 시행령 제4조 제1항에 규정하고

     있는 사업으로 택지개발사업, 산업단지 및 관광단지 조성사업, 지목변경 수반

     되는 개발사업등이 있음


□ 문제점

  ○ 개발부담금 부과대상사업중 지목변경 수반되는 개발사업중 창고시설이 

     부과대상임

  ○ 영농조합법인이 창고시설 건립하는 경우 대상면적 이상이면 개발부담금 

     부과대상사업으로 개발이익이 있을시는 개발부담금을 납부하여야 함.

  ○ 농지보전부담금은 100% 감면대상임

     - 농지법 시행령 제52조 규정에 농업용시설로 100% 감면


□ 개선방안 - 중앙부처 건의

  ○ 농업용시설로 이용되는 개발사업 개발부담금 100% 감면대상으로 건의


□ 기대효과

  ○ 인허가시 혼란스러움을 해소시켜 보다 나은 민원서비스를 제공함",,,NA,20240125,NA
토지행정지원시스템(KLIS)내 「공시지가 관리」프로그램 차단망 설치,행정/자치/안전,,제안심사,2010-12-21,NA,거창군,"□ 현 황

  ○ 개별공시지가 산정시 19개 토지특성을 KLIS 프로그램에 입력

  ○ 토지대장상 소유자 또는 과세대상자에게 결정통지문 발송


□ 문제점

  ○ 결정․공시 이후에도 수정이 가능하여 토지가격 및 토지특성이 변경될 수 있음

  ○ 미등기 토지, 종중명의 토지에 대하여 결정통지문 발송소유권 정리의 어려움이 있음

  ○ 결정통지문 발송 후 민원인의 신청 및 요구에 따라 소유권 정리한 부분이 토지대장상 소유자로 변경되는 경우가 있음

    - 민원이 야기되고 행정의 신뢰성이 떨어짐


□ 개선방안

  ○ 결정․공시 이후 「공시지가 관리」 프로그램 차단망 설치로 토지가격 및 

     토지특성, 소유권 수정이 불가능하도록 함


□ 기대효과

  ○ 개별공시지가의 신뢰성 및 공정성 확보",,,NA,20240125,NA
우편번호 검색을 통한 새주소 자동 변환 시스템 개발로 생활화에 기여,행정/자치/안전,,제안심사,2010-12-21,NA,거창군,"□ 현황

  ○ 2012년 새주소 전면 시행에 앞서 새주소의 생활화가 일부는 이루어져야하나, 

    - 현재까지 도로명 미확정으로 새주소 생활화에 한계가 있으며,

    - 행안부 조사에 따르면 새주소에 대해서는 주민 5명 중 2명 정도만이 알고 

      있는 실정이므로 생활화 비율은 거의 0%에 가까움.


□ 문제점

  ○ 2012년 새주소의 전면 시행을 앞두고 사업의 인지도 및 활용도는 매우 낮음. 

    - 새주소를 사용하려고 하더라도 자기집 새주소를 모르는 경우가 많음.

    - 새주소의 낮은 활용도로 인해 사업의 만족도가 50%대 아래에 그침.


□ 개선방안 - 중앙부처 건의

  ○ 새주소 사업은 현세대뿐만 아니라 차세대를 겨냥한 사업인 만큼 우편, 택배

     보낼 때 사용하는 현주소의 우편번호 검색 시 새주소 자동 변환 시스템 개발로 

     인터넷 세대의 새주소 사용의 활용도를 높일 수 있도록 함.


□ 기대효과

  ○ 새주소의 생활 속 활용도를 높임으로써 사업 만족도 및 인지도 제고",,,NA,20240125,NA
수급자 최저생계비까지 위협하는 압류,식품/보건/복지/가족,,제안심사,2010-12-21,NA,보건복지부,"우연히 기초생활수급자의 생계비가 압류되어 고통당하는 보도를 보게 되었습니다.

여러가지 합병증으로 앓고 있어서 각종약이 아니면 목숨부지하기도 어려운분이고

장애판정까지 받아서 힘든상황임에도  금융기관에 사지도 않은 할부책값이 연체되어

압류를 당했다고 합니다.


엄동설한에 갈곳없는 이들의 유일한 생계수단까지 차압당하는일이 없도록 제도적장치

마련이 시급함을 봅니다.",,,NA,20240125,NA
전투 민방위대,행정/자치/안전,,답변완료,2010-12-20,2015-01-12,행정안전부,"20일 저녁 9시뉴스를보고 제안합니다,뉴스내용은 자율 민방위대입니다 40~50대를 중심으로 자율구조 민반위대를 설립한다고 들었습니다 그래서 생각했던것을 제안합니다 비록50대지만 나라을위해 싸울수있습니다  40~50대를 중심으로 전투 민방위대를 설립하면 어떨까 생각합니다.",,,"안녕하십니까? 국민안전처 민방위과 김상수입니다. 

먼저 평소 민방위 업무에 관심을 갖고 이에 대하여 문의하여 주심에 감사드리며, 귀하께서 제안해 주신 '전투 민방위대 설립'에 대하여 다음과 같이 안내 드리겠습니다. 

1977년 제네바 협약에 대한 추가 및 국제적 무력충돌의 희생자 보호에 관한 제1의정서에 따라 민방위 활동은 군사적 공격대상에서 제외하도록 되어 있으며, 이에 따라 비전투원 신분으로 보호받기 위하여 민방위대 업무 범위에는 교전임무가 제외됨을 알려드립니다. 

다시 한 번 민방위 업무에 관심을 가져 주심에 감사말씀 드리며, 기타 더 궁금한 사항이 있으실 경우 국민안전처 민방위과 김상수(02-2100-0576, 이메일 legendarian@korea.kr)으로 문의 주시면 자세하게 답변 드리겠습니다.",20240125,NA
화성시 학점은행제 전국으로 확대시행해주세요.,교육/문화/체육/관광,,답변완료,2010-12-20,2013-06-13,교육부,"*현행제도 및 운영의 실태와 문제점.



화성시에서'제1회 화성시 학점은행제' 전문학사 학위수여식에서 

2년 교육과정을 이수한 졸업생 30명이  수원여자대학에 위탁운영하는 

'학점은행제'의 첫 학사 학위자들을  배출했습니다.


대학이나 기업체에서 운영하는 학점은행제는 있지만 지방자치단체에서 

운영하는 학점은행제는 전국에서 화성시와 경북 칠곡군 뿐입니다.


시는 매년 3월 1일 학점은행제 신입생 30명을 모집, 1.2학년 모두에게 

등록금의 50%를 지원했습니다.


여성인력을 전문적으로 육성하여 취업을 보장하고 있습니다.

나이가 많고 경력이 없는 여성은 취업하기가 쉽지 않습니다.

장기적인 취업계획이 필요하니다.


----개선내용 ,개선시 기대효과----


학점은행제는 정규대학에 다니지 않고도 교육인적자원부가 인정하는 

학점취득기관을 통해 학위를 따는 제도로 인정기관에서 학점을 이수하면 

대학이나 전문대학에서 학점을 이수한 것과 같은 학위를 받을 수 있습니다.

때문에 여성에게 평생교육의 기회를 제공하고 전문자격을 갖춘 여성인력을 

육성하여 앞으로 필요한 사회복지쪽 인력양성에 큰 도움이 될 것이며

취업난 해결에도 방안이 될 수 있습니다.


평생교육과 고령자들의 취업난을 동시에 해결 할 수 있는 좋은 방법이므로

전국적으로 시행이 되었으면 좋겠습니다.",,,"안녕하세요? 

교육부 평생학습정책과 학점은행제 업무를 담당하고 있는 김민수 주무관(2100-6387,3001space@moe.go.kr)입니다. 

먼저, 학점은행제에 대한 관심과 제안에 감사드립니다. 또한, 답변이 많이 늦어진 점 양해부탁드립니다.


귀하께서 제안해주신 시도지자체에서 학점은행제도를 통한 성인의 평생학습 지원 확대에 대하여 평생학습도시 사업 등 다양방 평생교육 사업들과의 연계방안 마련 및 시도지자체의 평생학습 활성화 방안에 대한 검토에 참고할 수 있도록 하겠습니다. 학점은행제 운영이 더욱 학습자 중심의 제도로 개선될 수 있도록 더욱 노력하도록 하겠습니다. 감사합니다. 


귀하의 앞날에 발전이 가득하시길 바랍니다. 

무더운 날씨 건강 유의하시기 바랍니다.",20240125,NA
광역도로망 협의대상 도로명 및 도로구간 설정,행정/자치/안전,,제안심사,2010-12-20,NA,거창군,"□ 현 황

  ○ 시도간에 걸친 광역도로망 협의대상 도로명 및 도로구간 설정 ⇒ 행안부 결정  

  ○ 시군간에 걸친 협의대상 도로명 및 도로구간 설정 ⇒ 시･도지사 결정


□ 문제점

  ○ 협의도로 구간설정에서 지자체간 유리한 이름을 요구 사업 추진에 어려움

  ○ 새주소위원회와 주민들이 행안부 협의구간 도로명(안)에 대한 동의 여부

  ○ 도로명 협의가 지연될 경우 도로명판 및 건물번호판 설치 등을 위한 예산

     집행과 주민홍보에 어려움 예상 

  ○ 협의도로 구간설정 및 명칭부여를 상급기관에서 결정하므로서, 지역별

     역사성과 특수성, 주민 정서를 미반영 (ex)황강대로 → 영서로       


□ 개선방안

  ○ 주민을 위한 도로 이용자 위주의 광역적인 구간설정 등 일관성있게 확보

  ○ 행안부 및 시･도별 새주소위원회가 강제 조정할 수 있도록 도로구간 설정 

  ○ 협의대상도로 구간설정 등에 새주소위원회의 권한을 강화하여 심의･의결


□ 기대효과

  ○ 도로명주소 사용 의무화에 따른 혼란방지 및 대대적인 홍보활동에 기여

  ○ 지번주소와 도로명주소를 효율적으로 병행할 수 있는 실생활 활용 기반마련",,,NA,20240125,NA
새주소사업 D/B 프로그램 정비 개선,행정/자치/안전,,제안심사,2010-12-20,NA,거창군,"□ 현 황

  ○ 새주소사업 D/B정비 프로그램 운용에 있어 1명의 담당자만을 지정하여 정비작업을 수행하도록 제한하고 있음.


□ 문제점

  ○ 도로구간 D/B정비 프로그램 작업 시 1명의 담당자만이 업무처리를 할 수 밖에 없어 업무량 과다 발생

    ⇒ 한 담당자가 도로구간, 기초구간, 건물 등 총괄 정비



□ 개선방안

  ○ 도로구간(도로명) 단위로 담당자를 지정하여 작업량을 분담할 수 있도록 개선

  ○ 각 담당자는 자신에게 해당되는 도로명의 도로구간과 기초구간, 건물 등의 자료만을 정비


□ 기대효과

  ○ 담당자별 지정으로 D/B 정비프로그램 작업수행 원활",,,NA,20240125,NA
지적도등본 민원발급 개선,행정/자치/안전,,제안심사,2010-12-20,NA,거창군,"□ 현  황

  ○ 군청 지적민원창구에서만 지적도 발급 가능

    - 읍․면 팩스민원으로 신청


□ 문제점

  ○ 읍․면에서 지적도 발급 시 긴 처리시간 요함


□ 개선방안

  ○ 읍․면별 지적도 발급 담당자 지정 후 발급권한 부여

  ⇨ 읍․면 지적도 전산발급 확대

  ※ 시스템 및 사용자권한관리 : 민원봉사과(지적민원담당)


□ 기대효과

  ○ 읍․면 지적도 전산발급으로 토지정보제공서비스 개선

    - 읍․면 지적도 발급 대기시간 단축

    - 군청 토지민원창구 분산효과",,,NA,20240125,NA
토지합병도 전자민원(G4C)에서..,행정/자치/안전,,제안심사,2010-12-20,NA,거창군,"□ 현  황

 ○ 토지소유자가 직접 소관청을 방문하여 토지이동(합병) 신청하면

 ○ 지적공부․등기부등본 등 열람 확인 후 현장조사를 거쳐

 ○ 토지이동정리하고 토지소유자에게 SMS(문자메시지) 발송


□ 문제점

 ○ 토지이동신청은 소관청(지적관련부서)에서만 가능하므로

 ○ 대부분의 민원이 한․두건의 토지이동 신청을 위하여 직접 방문해야 하는 불편함을 겪고 있으며

 ○ 토지소유자가 타지 및 오지 등에 거주하는 경우 막대한 경비 및 시간이 소요됨


□ 개선방안

 ○ 전자민원(G4C)에 토지이동(합병) 신청 항목을 개설하고

 ○ 공인인증서를 통해 로그인 하도록 함


□ 기대효과

 ○민원

  - 토지소유자는 언제 어디서나 전자민원(G4C)을 통해 토지이동 신청가능으로

  - 직접 방문해야하는 불편함을 해소할 수 있고 시간 및 경비도 절약할 수 있음

 ○ 공무원

  - 민원인의 신분을 일일이 확인해야하는 불편함을 해소할 수 있어

  - 대위․허위신청에 따른 민원발생의 소지가 사라짐으로써 업무능력 향상",,,NA,20240125,NA
토지정보 통합발급시스템 구축,행정/자치/안전,,제안심사,2010-12-20,NA,거창군,"□ 현황

  ○ 현재 민원인에게 발급되는 토지정보에 대한 대장의 종류는 아래와 같다

    - 토지(임야)대장, 지적(임야)도, 토지이용계획 확인원 , 건축물대장 등

  ○ 발급되는 지적공부의 95%이상이 토지(임야)대장, 지적(임야)도, 토지이용계획 확인원, 건축물대장 


□ 문제점

  ○ 현재 민원인이 토지에 대한 정보를 알기 위해서는 토지(임야)대장, 지적도, 임야도, 토지이용계획 확인원, 건축물대장을 각각 신청해서 발급받아야 하는 번거로움이 있음.

  ○ 일일이 토지정보를 확인하는데 다소 많은 시간 소요


□ 개선방안-중앙부처 건의

  ○ 토지속성, 도면, 건축물정보를 하나로 통합하여 발급

    - 토지(임야)대장, 지적(임야)도면 또는 연속지적도면, 토지이용계획, 건축물대장정보등


□ 기대효과

  ○ 민원인이 토지에 대한 정보를 한번에 신청하여 발급받음으로 여러 종류 민원을 신청하는 번거로움이 없음.

  ○ 각종 토지에 대한 정보를 하나의 대장으로 쉽게 확인할 수 있음.

  ○ 고품질 민원서비스 제공 및 인력․예산 절감",,,NA,20240125,NA
공공사업 추진 소면적 잔여필지 전체편입보상,행정/자치/안전,,제안심사,2010-12-20,NA,거창군,"□ 현 황

  ○ 개발사업 및 공공사업 추진시 편입토지 사전분할 후 감정평가 보상협의

  ○ 분할시 계획된 설계도면과 일치되게 분할요청 소면적이 남는 경우도 분할

     ➟ 3㎡ 이하 및 1㎡이하도 지적법에 따라 1㎡로 반올림 하여 분할요청

  ○ 측량을 토탈시스템에 의한 전산처리로 0.1㎡이하까지도 면적산출 가능


□ 문제점

  ○ 전산으로 분할 및 공부정리는 가능하나 토지를 사용하기는 어려움

  ○ 해당토지 소유권행사시 측량없이는 토지의 위치확인이 안되며,

  ○ 지적도면이 발급되어도 도면에 정확히 표시되지않아 확인이 곤란함 


□ 개선방안-중앙부처 건의

  ○ 사업에 편입후 남는 토지의 면적이 3㎡이하인 경우 전필지 편입 보상

  ○ 3㎡ 이하라도 연접토지와 합병가능한 경우 분할하여 합병처리 종용



□ 기대효과

  ○ 각종 사업추진에 따른 민원발생 사전해소 및 지적공부의 효율적인 관리",,,NA,20240125,NA
홈페이지 부동산 소유권이전 등기신청 서비스,행정/자치/안전,,제안심사,2010-12-20,NA,거창군,"□ 현 황

  ○ 소유권 보존등기, 이전등기, 가등기, 전세권 설정 등을 위하거나

  ○ 권리관계에 대한 정보획득 수단으로 민원인의 방문이 증가하고 있으며,

  ○ 등기에 필요한 구비서류, 방법 등에 많은 문의와 상담이 이루어지고 있음


□ 문제점

  ○ 민원봉사과 홈페이지 민원편익제도 서비스 부족

     - 부동산 소유권이전 등기안내 등 


□ 개선방안

  ○ 부동산 소유권이전 등기절차 안내 

     - “부동산을 취득(잔금지급후)한 후 60일 이내에 등기를 하지 않으면 과태료          처분을 받게 되니 기한내 등기를 하시고, 또한 소유권이전(매매, 상속, 증여 등)          시에는 토지와 건물을 함께 이전하시기 바랍니다.”  

  ○ 종유별 구비서류 수수료 등 안내

     - 종 류 별 : 보존등기, 이전등기, 건축물 말소등기, 가등기, 전세권설정 등 

     - 구비서류┌ 매도인 : 건축물대장, 등기권리증, 주민등록초본, 도장

               ┗ 매수인 : 주민등록등본, 도장, 토지(건축물)대장, 도장 등


□ 기대효과

  ○ 전자민원 G4C는 365일 24시간 인터넷 민원발급 서비스가 된다는 점에서     

  ○ 인터넷을 즐겨 이용하는 민원인의 눈높이 서비스를 통한 만족감 부여

  ※ 타 자치단체의 경우 다양한 “부동산 소유권이전 등기안내” 서비스",,,NA,20240125,NA
무인민원발급기 관리 개선 방안,행정/자치/안전,,제안심사,2010-12-20,NA,거창군,"□ 현황

  ○ 현재 무인민원발급기가 운영되고 있는 곳은 거창군청을 제외한 거창읍사무소, 가조면사무소, 농협중앙회, 농협대동지소, 거창사과농협, 북부농협하성지소, 법원등기계, 창남지소에 있는데 담당자가 있는 곳은 공공기관을 제외하고는 없는 실정임

  ○ 읍사무소에서 농협 등의 무인민원발급기를 관리하고는 있으나 실질적으로 다른 업무를 맡고 있어서 본인출장이 거의 불가능하여 수입을 몇 달에 한번씩 수거하는 방식으로 함으로써 관리에 어려움이 있음.

□ 문제점

  ○ 읍사무소에서 농협 등의 무인민원발급기를 관리하고는 있으나 실질적으로 다른 업무를 맡고 있어서 본인출장이 거의 불가능하여 수입을 몇 달에 한번씩 수거하는 방식으로 함으로써 관리에 어려움이 있음.

  ○ 잔고장이나 용지공급 등 단순한 업무는 담당자가 즉시 처리가능하나 전산오류등 기술자가 필요한 부분은 청내 관리 기사를 통해서 해야 하므로 많은 시간이 소요되고 민원들의 불편이 가중됨.

  ○ 공휴일 발급기 담당자가 부재중인 경우 발급기 고장 시 당직자들이 다른 곳으로 안내하거나 담당자를 호출해야하므로 불편 초래

□ 개선방안

  ○ 불규칙한 수수료 정산 시기를 분기별로 정기 정산

  ○ 무인민원발급기 설치 장소별 담당직원 관리교육 및 정기점검 시행

□ 기대효과

  ○ 기계 장애시 신속한 처리로 민원불편 감소에 기여함과 동시에 담당자들의 업무효율성 증대",,,NA,20240125,NA
마주보는 민원 업무 처리,행정/자치/안전,,제안심사,2010-12-20,NA,거창군,"□ 현황

  ○ 민원인들과 눈을 맞추어 상담을 하거나 관련 업무를 처리할 때 더욱 민원행정서비스에 만족감을 느끼며 신뢰감을 얻게됨.


□ 문제점

  ○ 현재 민원 작업대에는 너무 많은 물건들이 비치되어 시선을 분산시키고 애매한 높이에 위치하고 있어 민원 눈높이 맞춤 서비스 제공에 어려움.

  ○ 작업대 위의 컴퓨터 모니터의 위치가 민원과 담당자의 시야를 가릴 정도로 높게 설정되어 있음.


□ 개선방안

  ○ 작업대 위의 프린트기 등을 밑으로 내리고 깔끔하며 시선이 분산되지 않는 열린 민원처리 환경을 제공하여 행정서비스에 신뢰감 부여

  ○ 민원의자의 높이 변경

    - 민원인과 눈을 맞추며 업무를 처리할 수 있는 환경 제공


□ 기대효과

  ○ 눈높이 맞춤 민원 처리로 고객이 만족하는 민원행정 추구",,,NA,20240125,NA
가족관계 증명 및 제적 등·초본 발급권한 부여 확대시행,행정/자치/안전,,제안심사,2010-12-20,NA,거창군,"□ 현황

  ○ 주민등록 업무는 읍・면・동사무소에서 관장하고 있으나, 전국 지방자치단체 민원실 어디에서나 발급이 가능하도록 권한을 부여하여 민원편의 제공

  ○ 가족관계 등록 및 제적업무는 국가위임사무로 시・구청 및 읍・면에서 관장하고 있으며 시・구의 경우에는 동사무소에 발급권한을 부여하고 있으나, 군청의 경우에는 열람 및 발급권한이 부여되어 있지 않으며, 무인민원발급도 되지 않고 있음.


□ 문제점

  ○ 종합민원실이 운영되고 있는 군청 민원실에 가족관계 증명 및 제적 등・초본 발급 권한이 부여되어 있지 않고 무인민원발급항목에도 포함되어 있지 않아 여러 가지 복합적인 민원발급을 위하여 방문하는 민원이 가족관계 증명 및 제적 등・초본 등을 발급 받기 위하여 원거리에 있는 읍・면사무소를 다시 방문해야 하는 불편이 있음.


□ 개선방안 - 중앙부처 건의

  ○ 가족관계와 관련한 단순 증명 발급권한을 군청 및 무인민원발급기에 부여 


□ 기대효과

  ○ 민원인이 시・군・구청이나 읍・면・동사무소 어디를 방문하든지 단순발급 제 증명을 발급 받을 수 있어 민원편의 제공에 기여",,,NA,20240125,NA
군청 민원실 내 현금자동화기기 및 수납전용 창구 설치,행정/자치/안전,,제안심사,2010-12-20,NA,거창군,"□ 현황

  ○ '09년도 민원제도 및 서비스개선 추진지침에 따르면 민원인을 섬기는 모범 민원실, 신속한 처리 등을 통해 민원인 편의를 증진시키도록 하고 있음.

  ○ 따라서 전국적으로 정보화기기 무료 이용 확대, 민원인 대기실 환경개선, 장애우 도우미 서비스, 통합민원발급 확대 등 민원인의 동선을 줄이기 위한 노력을 아끼지 않고 있으나,

  ○ 우리 군에서는 장소협소 등 여러 가지 문제로 군 금고가 지하에 위치하여 민원인이 일일이 지하 금고를 방문하여 금융 업무를 처리하고 있음.


□ 문제점

  ○ 현재 은행 업무의 경우 국․공채 매입과 취․등록세를 제외하면 대부분의 수납 사무가 전산화되거나, 세입징수관 계좌 입금이 가능하도록 되어 있음.

  ○ 그러나 현금자동화기기 역시 지하에 위치하고 있어 각종 수수료 수납 시 현금이 부족하여 인출하거나, 차량 취․등록 시 타 시․군 압류 해제를 위해 무통장 입금만 하면 되는 간단한 금융 업무조차 지하 금고까지 내려 가서 업무를 처리하고 있으며, 고령자의 경우 계단을 오르내리는 불편이 가중되고 있음.


□ 개선방안 - 금융기관 협의

  ○ 군청 로비에 현금자동화기를 설치하여 간단한 금융 수납, 현금인출업무를 1층에서 처리 가능하도록 개선

  ○ 향후 군 금고와 협의하여 민원통합발급 창구와 함께 지방세수납, 국․공채 매입 전담 창구를 민원실 내 설치


□ 기대효과

  ○ 민원인 동선 최소화를 통한 민원편의 기여 및 민원처리 신속성 증진.",,,NA,20240125,NA
과태료 납부 업무시스템 개선으로 민원편의 제공,행정/자치/안전,,제안심사,2010-12-20,NA,거창군,"□ 현황

  ○ 자동차 1대에 지방세체납, 환경개선부담금, 책임보험과태료, 주정차위반과태료가 부서별로 있을 경우 압류를 해제하고자 할 경우 자동차소유자가 청내 부서를 각각 방문하여 고지서를 발급받아 금융기관에 납부하고, 납부한 영수증을 각 실과별로 확인시켜주면 압류를 해제하고 있음.


□ 문제점

  ○ 민원인이 압류해제를 위해 각 과(경제과, 산림환경과, 재무과)를 방문함으로써 시간낭비는 물론 3층까지 두 번씩 가야하는 불편으로 불만 증폭.


□ 개선방안 - 중앙부처 건의

  ○ 자동차등록부서에서 자동차 압류와 연계된 체납과태료 수납확인 후 압류해제 업무 일괄처리 → 해당 실과에 처리결과 통보


□ 기대효과

  ○ 자동차 이전을 위해 과태료와 세금을 내는 민원인들에게 편리함을 제공하는 업무시스템으로 개선함으로써 행정의 신뢰 구축",,,NA,20240125,NA
중가산금부과에 따른 업무시스템 개선,행정/자치/안전,,제안심사,2010-12-20,NA,거창군,"□ 현황

  ○ 2007. 12. 21. 질서위반행위규제법이 제정(공포)되어 6개월이 경과한 2008년 6월 22일부로 시행됨에 따라 체납과태료(5%)외에 체납된 과태료를 나부하지 않을 경우 납부기한이 경과한 날부터 매 1개월이 경과할 때마다 체납과태료의 1.2%에 해당하는 중가산금을 최고 60개월까지(72%) 부과하도록 되어 있음.


□ 문제점

  ○ 체납된 과태료를 납부하지 않을 경우 매 1개월 단위로 1.2%에 해당하는 중가산금을 징수결의 함에 따른 업무과중 및 용지낭비 등 시간적・경제적 부담이 되고 있는 실정임.

    - 세외수입정보시스템에서 매 1개월 단위로 중가산금 징수결의 등록을 하도록 되어 있어 시간적ㆍ경제적 부담이 됨.


□ 개선방안 - 중앙부처 건의

  ○ 매월 징수결의 하도록 되어 있는 중가산 징수결의를 연 2회 정기 징수결의 할 수 있도록 개선하고,

  ○ 수시 발생하는 체납과태료 납부에 대해서는 고지서 출력 시 누적 중가산금이 자동 계산되어 징수결의 될 수 있도록 개선


□ 기대효과

  ○ 매월 발생되는 중가산금을 징수결의 대상으로 관리하므로 체납과태료 열람시 누적과태료 금액이 얼마인지 확인할 수 있고

  ○ 매월 중가산금 징수결의 등록을 하지 않음으로서(1년 단위 징수결의) 시간적․경제적 비용 절감은 물론 행정의 효율성 제고에 기여",,,NA,20240125,NA
지방세 제 증명 민원발급 개선(안),행정/자치/안전,,제안심사,2010-12-20,NA,거창군,"□ 현 황

  ○ 세목별 과세증명, 납세증명(속칭 지방세완납증명서) 발급 업무를 읍・면사무소에 위임하여 읍・면사무소에서만 발급

  ○ 군청에서는 어디서나 민원(FAX)으로 신청하여 발급하고 있음


□ 문제점

  ○ 지방세정보시스템을 이용하여 군청 세무민원 창구에 발급 권한을 부여하면 발급이 가능하나,

  ○ 읍・면 위임 사무이며, 재무과내 내부 업무분장이 민원봉사과에 파견직원 소속 업무가 아닌 관계로 (세입관리담당↔세정담당) 직접발급이 되지 않아       행정 편의에 따른 민원불편 


□ 개선방안

  ○ 위임사무 조정을 통해 민원봉사과 내 발급 권한 부여 

    - 기존(군청방문시) : 민원인→어디서나 민원 신청(FAX 송부)→읍사무소 접수 → 읍사무소에서 발급 군청 FAX 송부→민원 서류 발급 및 교부

    - 개선 안(군청방문시) : 민원인 신청→전산 온라인 발급(민원서류 교부)


□ 기대효과

  ○ 신속한 민원 처리로 고객만족 민원행정 구현에 기여",,,NA,20240125,NA
체납세 및 체납과태료 통합징수 관리체계 구축,행정/자치/안전,,제안심사,2010-12-20,NA,거창군,"□ 현황

  ○ 지방세는 재무과 세입관리담당에서 부과징수를 하고, 과태료는 각부서의 관련업무 담당에서 부과징수를 하고 있으며,

  ○ 체납세 및 체납과태료의 가산금 및 중가산금 부과징수에 따른 압류 및 결손처분도 각 부서에서 처리하고 있음.


□ 문제점

  ○ 체납세 및 체납과태료에 대한 압류등록 및 결손처분의 경우에 대상자 1인에 대하여 체납세는 재무과에서 그 외 체납과태료에 관해서는 각 부서에서 처리함에 따라 행정력낭비와 행정공신력 저하요인이 되고 있으며,

  ○ 각부서의 과태료 부과징수 담당자는 2~3년 단위로 인사이동 등 맡은 업무처리 등으로 징수업무에 전념할 수 없는 실정으로 체납과태료가 누증되고 있음.


□ 개선방안

  ○ 체납세의 압류 및 결손 처분 시 한 대상자에 대한 각종 체납과태료를 일괄적으로 파악하여 한 번에 처리하도록 개선(필요 시 인력보강)

    - 예) 자동차 압류 및 해제관련 : 차량등록관리부서에서 총괄

  ○ 고액 체납과태료의 경우 관리부서(세외수입부서)에서 취합관리


□ 기대효과

  ○ 한 대상자에 부과된 체납세 및 체납과태료를 일괄고지 함으로서 체계적인 세입관리 및 행정공신력 제고에 기여

  ○ 각부서의 체납과태료를 취합하여 일정금액 이상의 고액과태료 체납자에 대한 통합관리 및 재산압류 등 적극적인 징수활동으로 체납과태료 징수효과 거양",,,NA,20240125,NA
무인민원발급기 이용수수료 인하 및 관리대행기관 관리비 지원,행정/자치/안전,,제안심사,2010-12-20,NA,거창군,"□ 현황

  ○ 우리군 무인민원발급기 설치현황 : 7대(법원 제외)

    - 군청 1, 읍사무소 1, 농협군지부 1, 읍농협대동지점 1, 사과원협 1

    - 웅양면사무소 1, 가조면사무소 1

  ○ 등기부등본(법원사무) : 무인발급 시 수수료 1건당 1,000원, 법원창구발급의 경우 1,200원으로 수수료에 차등을 두고 있으며, 무인민원발급수수료 전액을 법원으로 송금하고 있음.

  ○ 일반행정기관 민원발급수수료 : 창구와 무인발급 수수료가 동일


□ 문제점

  ○ 무인민원발급기수수료와 창구발급수수료가 동일하여 창구민원 감소 효과가 미미하고, G4C와 같이 셀프서비스 개념의 민원발급임에도 불구하고 서비스비용 절감에 따른 혜택이 없는 실정임.

  ○ 면지역, 행정기관 외 설치된 기기들은 고장 및 사소한 에러발생 시 즉시 대응조치가 어렵고, 유지관리비에 대한 부담이 발생.


□ 개선방안

  ○ 무인민원 발급 시 수수료 인하 검토

    - 예) 주민등록등(초)본 발급 350원→300원 정도

    - 거창군 제증명 등 수수료 징수조례 개정 등

  ○ 자치단체 사무 외 민원에 대한 대행수수료 정산 송금

    - 여권의 경우 수수료의 22%를 대행기관(지자체) 수입으로 정산하고 나머지를 송금하고 있는 것처럼 법원사무인 등기부등본발급 수수료 중 기기유지관리 및 담당인력배치에 대한 대행수수료 명목으로 일정비율(10~20%) 지자체 수입으로 정산하여 송금토록 개선(상부기관 건의)


□ 기대효과

  ○ 무인민원발급기 사용 확대로 창구민원 업무부담 경감 및 민원처리인력 절감

  ○ 무인민원발급기의 효율적인 관리체계 유지",,,NA,20240125,NA
"기계장비, 이륜차에 대한 자동차세 업무 프로세스 개선",행정/자치/안전,,제안심사,2010-12-20,NA,거창군,"□ 현황

  ○ 현재 일반 자동차는 자동차민원행정 종합시스템과의 연계를 통하여 정기・수시분 부과를 적기에 하고 있으나, 기계장비와 이륜차 시스템과 표준지방세 프로그램의 연계가 되지 않아 정기분 부과시 각각의 담당자(기계장비-종합민원실, 이륜차-경제과)로부터 자료를 받아 일일이 수작업 대사 후 부과


□ 문제점

  ○ 다른 재산과 달리 빈번한 소유권의 이동으로 적기 과세가 중요한 세목임에도 불구하고 시기 일실로 인한 민원야기 및 정기분 부과시 과세기간의 오류 등 세무행정 불신 초래


□ 개선방안(해결방안)

  ○ 기계장비 이륜차에 대하여도 일반 자동차와 같이 시스템 연계를 통한 매월 표준지방세상의 기계장비 및 이륜차 대장 업데이트


□ 기대효과

  ○ 자동차세 적기 부과와 대장정비로 인한 세무행정 신뢰 제고 및 탈루세원 방지

  ○ 시스템간 연계를 통한 대장정비 업무 시간 단축",,,NA,20240125,NA
교육훈련 대상자 선발 방법 개선,행정/자치/안전,,제안심사,2010-12-20,NA,거창군,"□ 현    황

  ○ 교육과정별 수요 파악

    - 시기 : 전년도 말

    - 활용 : 교육기관 년간 교육계획 수립 및 교육생 선발 시 참고

  ○ 교육훈련 대상자 선발

    - 시기 : 교육시작 일이 속한 달의 전월

    - 방법 : 교육기관별 익월 교육계획에 따른 우리기관 선발 인원 통보

            자체 기준(교육실적, 근무년한, 희망자, 업무필요도 등)에 의해 교육생 선발


□ 개선방안

  ○ 교육실적 및 매월 교육수요 게시

    - 전자결재시스템 게시판을 활용 최근 2년간의 교육실적 및 매월 교육수요 게시

  ○ 교육희망자 공개 접수자 중 자체 선발기준에 의한 교육생 선발

    - 매월 게시된 교육과정에 대하여 교육희망자 접수

  ○ 업무관련 및 기타 사유로 인한 교육필요자에 대하여는 희망자외에도 선발가능


□ 기대효과

  ○ 교육희망의사 적극 수용 및 교육생 선발에 대한 공정성 확보

  ○ 부서 및 개인 사정에 의한 교육 불참율 감소로 업무 효율성 증대",,,NA,20240125,NA
사회복지시설 통합 관리,행정/자치/안전,,제안심사,2010-12-20,NA,거창군,"□ 현황

  ○ 사회복지사업법, 노인복지법, 장애인복지법, 국민기초생활보장법에 따라 각 

     담당별 사회복지시설 관리

    - 노인복지담당 : 노인복지시설 8개소(3개시설 신축중)

    - 장애인자활담당 : 장애인복지시설 5개소, 자활시설 1개소


□ 문제점

  ○ 늘어나는 사회복지시설에 지도 점검이 필요하며 신규 사회복지시설에

     대한 시설운영 전반에 대한 지도가 필요하나 늘어나는 시설에 대한 신설

     업무 숙지에 대해 담당부서의 업무가 과중되고 있음.

  ○ 또한 담당 공무원의 인사이동에 따라 시설 업무에 대한 업무 파악에 어려

     움이 많음


□ 개선방안(해결방안)

  ○ 사회복지시설에 대한 전반적인 관리는 사회복지사업법에 통일되어 있음

  ○ 사회복지시설 안전점검 : 하절기(6월), 동절기(11월)

     - 담당에 관계없이 실시(주민생활지원과, 위생담당, 소방서, 경찰서, 한전, 가스안전공사 협조 체제 구축)

  ○ 사회복지시설 정기점검 : 4월

     - 담당에 관계없이 합동으로 실시(예산, 인권보호 등)


□ 기대효과

  ○ 사회복지시설 관리 업무에 대한 담당자간 정보 교류 및 인사이동에 따른 

     업무 단절보다는 연속성 유지.

  ○ 사회복지시설 정기점검 및 안전점검의 기간 정례화.

    - 정례화된 기간에 시설점검을 함으로써 행정 신뢰도 제고

      ⇒ 사회복지시설 관리․운영의 체계화 구축",,,NA,20240125,NA
일상감사 규정 개정,행정/자치/안전,,제안심사,2010-12-20,NA,거창군,"□ 현황

  ○ 군정 주요업무 처리에 있어 결재권자의 의사결정 시 객관적 의견을 제시

     하므로서, 행정착오 또는 예산낭비 등의 예방효과를 기하기 위하여 사전

     지도적 일상감사를 실시하고 있음.

    ㆍ현행 일상감사 규정(범위) 주요내용


주 요 내 용

ㆍ용역/물품 : 1건당 총액 1,000만원 이상

ㆍ공사      : 군 1건당 총액 5,000만원/ 읍,면 사업소 2,000만원 이상



□ 문제점

  ○ 일상감사 대상 금액이 낮게 규정되어 있어 예산조기집행 애로 및 업무량 과다.

    - 2008년 일상감사 시행 : 606건(월 : 91건)

  ○ 기술직 공무원의 매년 합동설계, 지속적인 일상감사 등으로 인한 설계기술

     능력 향상으로 소규모 사업의 지적사례 감소.


□ 개선방안(해결방안)

  ○ 예산조기 집행을 위해 10월말 까지 한시적으로 상향 운영되고 있는 일상감사

     대상 범위 조정.

    ㆍ주요개정 계획


주 요 내 용

ㆍ용역/물품 : 1건당 총액 3,000만원 이상

ㆍ공사      : - 군 → 1건당 총액 10,000만원(전문공사 : 7,000만원)

              - 읍,면 사업소 → 5,000만원 이상



□ 기대효과

  ○ 계약심사 절차 간소화로 사업조기 발주

  ○ 지역경제 회복과 건설경기 활성화.",,,NA,20240125,NA
언론 보도기사의 스크랩 운영방법 개선,행정/자치/안전,,제안심사,2010-12-20,NA,거창군,"□ 현실태

  ○ 언론 보도내용 복사 편집

  ○ 많은 시간 소요(2시간)

  ○ 소수 인원만 활용


□ 문제점

  ○ 광범위한 매체의 스크랩 자료 수집 한계

  ○ 중요 보도자료 수집의 누락 우려 등

  ○ 보도자료 출력물의 비정형성 및 인쇄 상태 불량 

  ○ 스크랩 업무에 투입되는 많은 시간과 행정의 비효율성


□ 개선방안(해결방안)

  ○ 인터넷 방식인 “온라인 모니터링 및 지면스크랩 서비스” 도입

  ○ 검색의 다양성(기사별, 기자별 등)

  ○ 다양한 출력파일 선택가능(PPT, PED, WORD)


□ 기대효과

  ○ 스크랩 시간 단축으로 행정력 낭비 해소

  ○ 전 직원이 일시에 공유할 수 있고 보도자료 제공 담당부서의 보도기사

     확인 가능",,,NA,20240125,NA
각종 공모전 및 행사 참여시 제작하는 홍보부스의 단일화,행정/자치/안전,,제안심사,2010-12-20,NA,거창군,"□ 현황

  ○ 현재 거창군 내 각종 공모전 및 행사 참여시 홍보부스를 제작

    - 홍보부스 사용부서 : 기획감사실, 경제과, 1010추진단, 농업기술센터 등

    - 각 부서마다 공모전이나 행사 참여시 홍보부스를 개별적으로 제작․사용


□ 문제점

  ○ 목적은 거창을 알리기 위함으로 단 한가지 이다. 그리고 주로 홍보하는 내용은 거창사과, 거창화강석, 거창교육, 거창 농특산물 등 거창의 주요 특산물인데, 홍보부스는 각 부서마다 각기 개별적으로 제작하고 있으므로 예산 낭비와 자원 낭비를 초래하고 있음.


□ 개선방안(해결방안)

  ○ 거창군 홍보부스의 디자인의 단일화 추구

    - 1년 5회이상 각 공모전에 거창군이 참여를 한다. 각기 개별적으로 제작하던 홍보부스를 거창을 대표적으로 알릴 수 있는 특화된 디자인으로 단일화 하여 거창하면 이 홍보부스구나 하는 인식을 심어줄 수 있을 정도로 단일화를 추구하는 것이 좋을 것 같다. 업체와 계약을 맺어 홍보부스를 디자인해놓은 다음 공모전이나 행사가 있을 때마다 대여해서 사용하는 것이다. 


□ 기대효과

  ○ 이렇게 되면 홍보부스 디자인하는 시간도 절약하고 새로 제작하는데 드는 시간도 절약할 수 있을 것이다.",,,NA,20240125,NA
[가변차로제 요청] 경북 구미시 홈플러스에서 순천향병원까지(1공단로) 출퇴근 시간  ,행정/자치/안전,,답변완료,2010-12-20,2013-01-04,구미시,"수고 많으십니다. 


형곡동에서 1공단 지역으로 출퇴근하는 직장인입니다. 

아침, 저녁마다 차량정체로 인해 수많은 시민들이 아까운 시간을 도로위에서 허비하고 있습니다. 시간뿐만 아니라 정차시간만큼 유류가 낭비되고 CO2도 발생으로 인한 대기오염도 발생합니다.. 


홈플러스에서 순천향 병원까지 도로를 넓히면 가장 좋겠지만 현실적으로 당장 도로확장은 

쉽지 않을 것입니다. 이 구간의 도로정제로 인해 형곡에서 사곡으로 넘어오는 거리(일명 아우토반이라고 불리는 도로) 역시 정체가 심해 신호등 2~3번은 기다려야 합니다. 


그래서 제안드리고자 하는 사항은 이 구간을 아침, 저녁 출퇴근 시간대에만 차선을 변경해서 교통량이 많은 방향은 3개 차선을 할당하고, 교통량이 적은 곳은 1개 차선만 적용하단면 원활한 교통흐름이 발생되어 정체현상을 많이 해소시킬 수 있을 것이라 예상됩니다. 

(출근 : 홈플러스에서 순천향 병원 방향, 퇴근 : 순천향병원에서 홈플러스 방향) 


교통신호 흐름에 대해 일시적인 시민들의 혼선도 있겠지만 교통체증 해서를 위해 정체구간에 한해 도로위에 신호등(녹색, 적색 등으로 구분, 서울 톨게이드 입구와 서부산 톨게이트 출구 낙동대교 도로 참조)을 표시해 둔다면 혼선은 많지 않을 것으로 예상됩니다. 


경북 구미시에서 적극적인 검토요청드립니다.",,,"평소 시정에 많은 관심과 애정을 가져 주신데 대하여 감사드립니다. 

- 먼저, 귀하께서 건의하신 가변차로제의 경우 ①차량의 속도가 떨어지고 지・정체현상이 발생하는 구간, ②첨두시간 양방향 교통류의 비가 최소한 3:2 이상인 구간, ③차로수가 원칙적으로 최소한 양방향 5개차로 이상인 구간, ④도로의 폭과 차로수가 일정한 도로로 장대교량 등이 적합, ⑤진출입(좌회전)과 주차 등이 금지되어 있는 구간, ⑥가변차로 구간 유출부에서 교통처리 능력이 충분한 구간에 대하여 경찰서내 교통안전시설심의회의 결정을 통해 운영됨을 알려드립니다.

 그러나 귀하께서 건의하신 광평오거리(홈플러스)↔순천향병원 구간(연장 2.1km)의 경우 도로폭 및 차로수(4-5차로)가 일정하지 않고, 진출입이 가능한 14개의 신호 또는 무신호교차로가 있어, 가변차로운영시 회전대기차량(좌회전)으로 인한 도로의 지정체가 오히려 가중될 우려(반대방향이 1차로로 운영되기 때문)가 있는 구간 특성이 있습니다.

 특히, 최근에는 가변차로 구간내에서 교통사고 발생빈도가 높고, 사고발생시 대형사고로 이어져 점차 가변차로구간을 폐지하는 추세로서 건의하신 구간에 대한 가변차로제 운영에는 어려움이 있음을 알려드립니다.

- 앞으로도 시정에 많은 관심을 가져주시기 바라며, 기타 자세한 문의사항에 대해서는 교통행정과(480-6273)나 구미경찰서 교통관리계(450-3250)로 문의하여 주시기 바랍니다.

- 귀하의 가정에 늘 행복이 가득하시고 날마다 좋은 날 되시기 바랍니다. 감사합니다.",20240125,NA
심폐소생술 흉부 압박법에 대하여,식품/보건/복지/가족,,제안심사,2010-12-19,NA,보건복지부,"현실태)

일상생활을 하면서 여러 가지 위급한 상황을 맞이하게 되는데, 짧은 시간에 적절한 응급처치를 하지 못하여 생명에 어려움을 맞이하게 됩니다.


문제점)

우리는 흔이 집안에서 심장질환이라든지, 추운 날씨에 등산을 하다가 심장경색 등,.. 우리가 또 흔히 접하는 교통사고 등에서 발생하는 심장발작 등과 함께 뇌출혈 등등 현장에서 심폐소생술의 일종인 흉부압박법을 제대로 아는 시민들이 많치 않아 병원으로 이송 시에는 이미 생명을 소생시키는데 너무 늦은 사례가 빈번하다. 라는 문제점들이 있습니다.


개선방안 및 기대효과


○ 우리가 흔히 일상생활의 현장에서 일어나는 심장질환의 사고에 대하여는 심폐소생술 흉부압박법은 가슴에 강하게 15회 정도 압박을 가하게 되면 사람의 생명을 건질 수 있다고 합니다. 현재 스마폰이 선풍적인 인기로 대박적인 판매를 하고 있습니다. 스마트폰 통신업체에 무료 어플리케이션 웹으로 기본 설치하여 심폐소생술 흉부압박법을 위급 시에 의무적으로 활용하도록 설치 제안함. 


□ 기대효과 

○ 국민들의 위험하고 급박한 위급사항에 대처방안으로 국민 일반 대중들이 사용하는 스마트폰 무료 웹으로 기본 설치하여 국민들의 안전에 효과적으로 대응하게 하는 방안의 효율성 극대화 효과.",,,NA,20240125,NA
도심형 구급차를 제작 및 운영하자,식품/보건/복지/가족,,제안심사,2010-12-19,NA,보건복지부,"- 현재 구급차(앰블런스)가 모두 중형차(봉고형 밴) 이상으로 제작된 것이어서 긴급 환자 이송 도중에 적절한 처치는 비교적 용이하나 가장 우선적인 항목인 신속성에는 매우 심각한 문제를 안고 있음.

- 특히 대도시의 러시아워 같이 도로에 교통체증이 심한 경우에는 1분 1초가 급한 상황에서도 구급차까지 그 속에 끼여서 귀중한 시간을 하염 없이 보내어야 하는 경우가 최근 들어 매우 많이 발생하고 있음.

- 앞 차들의 양보를 받아, 소위 '모세의 기적'을 만들어 내려고 하여도, 교통 체증이 심한 경우에는 도로 여건에 의해서 앞 차들이 만들어 낼 수 있는 공간에 한계가 있는 실정임.

- 따라서 구급차는 봉고형 승합차 이상의 크기로 만들어져야 한다는 고정 관념을 깨고, 우리나라 고유의 형태로도 만들어 보급할 필요가 있음.('도심형 구급차'라고 칭할 수 있을 것임)

- 도심형 구급차는 경차(약 150 cm) 정도의 차폭(車幅)을 갖도록 하고 대신, 높이를 다소 높여서, 내부에는 환자 한 사람을 눕힐 수 있는 다소 협소한 침상 공간을 두고, 그 옆 공간에 1~2사람이 다소 불편하더라도 동승할 수 있는 공간을 마련하도록 함.

- 도심형 구급차에 탑재되는 응급장비는 (마치 우주선 내부처럼) 모두 컴팩트하게 제작 및 부착 되도록 하며, 침상도 쉽게 밀어 넣고 빼어내도록 레일화를 하도록 함.

- 이럴 경우, 아무리 길이 막히더라도, 앞 차들이 양쪽으로 약간(약 80 cm 정도)만 비켜주면 그 사이를 매우 용이하게 그리고 정상속도로 통과할 수 있어, 아까운 인명을 구조하는데 매우 도움이 될 것임.

- 누구나 당할 수 있는 위급상황에 적절히 대응하기 위해서는 '모세의 기적'만을 바랄 것이 아니라 그 시대와 상황에 맞는 적극적인 대응도 필요할 것임.

- 물론 동승자가 다소 불편할 수 있을 것이나, 환자의 위급성에 비하면 감내할 수 있는 것이며, 또 길어야 20분 정도 내에 상황이 종료되므로 내부 구조를 잘 설계하면 충분히 극복 가능할 일일 것임.

- 우선 서울 등 대도시에 시범적으로 보급 및 운영하고, 효과성을 보아가며 전국적으로 보급하는 것도 바람직할 것임.

- 더우기 우리가 이 분야에 경험과 기술을 축적하면 세계 시장에 수출도 가능할 것임.

- 결론적으로, 아무리 어려운 도로 사정에서도 응급차는 빨리 달려야 하는 기능이 무엇보다 중요하다고 하겠음.",,,NA,20240125,NA
서울랜드에서 수륙양륙 자동차를 태워주게합시다.,행정/자치/안전,,답변완료,2010-12-19,2013-01-31,서울특별시,서울랜드에서 수륙양륙 자동차를 태워주게합시다.,,,"안녕하십니까. 국민신문고와 서울대공원의 시스템적인 오류로 인해

지연 답변 드린 점 깊이 사과드립니다.

제안하신 내용은 서울랜드는 민간기업인(주)한덕개발에서 

운영 중인 업체로 박정욱 과장 02-509-6181로 문의하시면

자세한 내용을 아실 수 있으십니다.

추운겨울 감기조심하시고 행복한 겨울 보내세요.",20240125,NA
(공정사회)제2금융권 고금리대출  대폭낮춰야,재정/금융/소비자,,제안심사,2010-12-18,NA,금융위원회,제2금융권에서 고금리 대출에 따른 사회적인 폐해가 심각할 지경으로. 대통령님께서도 고금리 대출에 따른 문제점을 언급한 바도 있었다 현재 제1금융권에서 대출자격이 미달되어 제2금융권으로 몰리고 있는데 이자를 갚아 나가기도 벅찬  이들에게   이제부터라도 제2금융권에서도 무분별한 광고행위 자제와 기업의 구조개선으로 이자율을 대폭 낮추어 고질적인 사회적 병폐인 악순환의 고리를 끊고 어려운 우리 이웃이 상생할 수 있도록 앞장서서 노력해 주었으면 한다.,,,NA,20240125,NA
유흥지역 도로변 가드레일을 설치해 주세요,행정/자치/안전,,제안심사,2010-12-18,NA,화성시,"며칠 전 유흥지역에서 도로에서 택시를 잡기위해 서성이다 던 사람이  음주운전에 의해 사망한 안타까은 일이 있었습니다. 이사고는 음주운전자가 없었다면 이라고  여길 수도 있지만 어찌 생각하면 택시를 잡기 위해 도로에 있지 않았다면 사고도 없었을 것이라 여겨 집니다.

흔히 유흥지역에서는 밤 늦게 차를 잡기 위에 도로로 나가는 사람이 있습니다.

위험 천만한 일 입니다. 따라서 유흥지역 도로변에 가드레일을 설치하여 행인이 도로로 나가는 일이 없도록 하면 되지 않을까요? 가드레일 설치와 더불어 요즘같은 연말이나 토요일 등에는 경찰의 지도단속 강화도 필요하다고 판단 됩니다. 경찰력이 모자라면  지역내 자원봉사 단체를 활용하는 밥법도 있을 수 있습니다.

또한 도로의 경고표시와 함께 지역 유흥주점에도 주위사항을 공지하면  더 좋은 효과가 있을것 같습니다.",,,NA,20240125,NA
부양의무자 기준 완화 시키세요 ,식품/보건/복지/가족,,제안심사,2010-12-17,NA,보건복지부,"기초생활수급자 부양의무자 자격조건 완화시키세요


2011년도에도 현행과 똑같이 기초생활보장지침을 만들껏입니다


왜? 아들과 딸이 부양자 기준에서 소득기준적용이 다릅니까? 아들 30% 딸 15% 사위는 몇%적용시킵니까?  누구머리에서 나온발상입니까...


아들과 딸 아들이 돈 더번다고 생각하십니까?  딸이 더 잘법니다

똑같은 자식입니다 공평하게 적용 시키세요

똑같이 30% 적용시키던가요?  아들과 딸 구별말고 15% 하던가요?


제 아는 할머니는 딸만 4명인데 4명의 딸중에 소득이 기준이하라 이 할머니가 보호1종으로 보호 받습니까?  딸 4명이 다 소득활동을 조사에서  나온게 없는지 딸들이 차량도 다 있고 

사위들도 돈벌이 하는데 어찌 보호1종으로 당당히 영세민으로 사는지? 이해안됨


아들이 소득수준이 낮은 부양자들이 많습니다

아들놓치말고 딸만 낳아야겠습니다 딸은 15%적용시키니 더 이득이지요

보건복지부 기초생활보장과에서는  수급자 부양의무자 기준을 완화시켜야 합니다

정부예산 핑계~ 수급자 양성이 더 될까봐? 부양자 기준을 이리도 빡시게 만들었지요?


보건복지부 공무원들에게 이런글 적어봐야 아무런 이득 없습니다

청와대 이명박 대통령께서 기초생활보장제도 부양의무자 기준을 완화시켜라 지시가 떨어지기전엔  부양자 기준 완화 절대 안됩니다


예) 수급자 2인가구에  부양의무자 아들 1명이 있을경우  부양의무자 아들소득이 170만원초과되면

수급자이신 부모님이 탈락입니다 60-170 미만이되어야 탈락이 안되고 아들의 소득기준에 따라

부양능력없음,부양능력미약으로 지정되어 30%를 적용시켜 생계비에서 삭감시킵니다 


여기서 부양자 소득기준을 170만원이 아니라 250만원정도선에서 소득기준을 올려야 합니다

그리고 30%라는 소득기준에서 생계비를 삭감시키는것을  딸과 똑같이 15% 적용시키세요

뭐가 문제라서 그렇게 못합니까?  참 아이러니 합니다

부양자 기준때문에 수급자가 될수 없는 노인들이 얼마나 많은줄 아세요?

아들도 돈 몇푼벌어서 자기 가정을 지키고 살아야죠  부모에게 돈을 줄수가 없는 사람도 많습니다


부양의무자 기준을  완전히 뜯어고쳐야 합니다 

적극적인 검토바랍니다  아이러니 한 부양자  기준때문에 수급자생계비 삭감 30%

정말 한심합니다  청와대와 여,야당에서 이문제는 반드시 개정시켜야 합니다",,,NA,20240125,NA
국민기초 생활 수급권자 선정기준 개선 의 건 ,식품/보건/복지/가족,,제안심사,2010-12-17,NA,보건복지부,"현황: 정부에서는 생활이 어려운 저소득층의 최저생활을 보장하고 자활을 조성하기 위하여 국민기초생활보장제도를 시행하고 있습니다. 


문제점: 문제는 수급자(차상위계층,등)선정 기준이 너무 포괄적(넓은의미)이라 생각 합니다, 특히 선정 기준의 중요한 요소인 주택소유(몇평?,시세?,등),자동차(몇cc기준)보유,에 관한 기준은 이제현실에 맞도록 개선이 되어야 합니다. 


개선내용: * 주택소유에 대한 심사 기준~1.가족구성원중1주택소유인지(평생1주택자도많음) ,2.주택담보대출이 생계형인지(경제적어려움때문에대출받은) 3,주택평수에 기준하지말고 매입한 금액이 얼마인지(평수보다 실제 거래가격이 낮은부분) * 자동차 심사 기준~ 1, 자동차 배기량 기준 무의미(차량가는 연식에 따라 천차 만별) 2, 현재 대중교통 요금이 가구당 차량 1대 쇼유시 유지되는 금액보다 적지 않기 때문에 서민 다수가 생계형(출,퇴근,가족비상시사용,등)으로 소유 하고 있는 현실을 직시 해야 합니다. 


기대효과: 현정부의 중요 정책의 핵심인 친서민정책은 ""국민통합 사회통합을 위해서 더욱더 친서민정책을 강화하겠다""는 이명박 대통령님의 말씀처럼 이제는 국민기초생활수급자(차상위계층,등)선정기준이 현실에 맞게 선정이 되어야 하며 주택소유(생계형담보대출자)및 자동차 보유(재산가치가없는)로 정부의 지원을 받지못한 많은 실제 친서민(외환위기후,중산층,무너짐) 에게 정부의 헤택이 정당하게 주어 지기를 기대하며 잘 검토 하시고 좋은 결과 바랍니다.",,,NA,20240125,NA
쓰레기 종량제 봉투 지퍼백 장착 ,행정/자치/안전,,제안심사,2010-12-17,NA,북구,"울산 북구에서는 끈달린 봉투를 사용하고있지만 

가정용 쓰레기봉투 사용 시 한번에 봉투 용량을 채우지 못해 모아두는 경우

봉투가 밀봉되지 않아 악취가 발생하고 미관상 좋지 않음 

쓰레기봉투 밀봉 부분에 지퍼백 기능을 장착한다면 악취도 다소 줄어들것이며 사용의 편의성도 증대될 것임",,,NA,20240125,NA
명품 벚꽃거리 조성,행정/자치/안전,,제안심사,2010-12-17,NA,거창군,"□ 개   요

  ◦「거창읍 대평리 도축장 ~ 남하면 무릉교」까지 하천제방 및 군도에 아름다운 벚꽃거리 조성


  ◦ 사업량

    - 우시장 아래 도축장 ~ 양곡 구교량 : 3.4km

      ・ 우시장 아래 도축장 ~ 양곡 구교량 : 2.6km(2줄 식재)

      ・ 양곡교 ~ 무릉교 제방 : 0.8km(1줄 식재)

    - 거창읍 김용마을 ~ 남하면 양곡마을 : 1.5km

      ・ 거창읍 김용마을 ~ 심소정 앞 양항교 : 0.5km(1줄 식재)

      ・ 심소정 숲 ~ 양곡마을(군도 9호선 도로변) : 1.0km(1줄 식재)


□ 현실태 및 문제점

  ◦ 거창군 면적 중 임야가 76.5%를 차지하지만 거창시내의 녹지공간이 적어 시내에 들어오면 빌딩과 아파트로 둘러싸여 청정지역의 분위기를 느끼지 못함.

  ◦ 시내 주변지역 중 거열산과 위천천을 제외하고는 마땅한 산책로나 조깅코스가 없음.

  ◦ 거창시내는 하천이 도심의 가운데 흐르는 지역으로 전국적으로도 그 특수성이 있으므로 위천천과 황강을 중심으로 녹지공간을 확보함으로써 보다 아름다운 전원도시를 만들 수 있는 방안을 모색할 필요성이 있음.


□ 개선방안(계획)

  ◦ 벚꽃거리 조성 : 붙임 도면 참조

    - 황강변 양안 제방을 따라 벚꽃거리 조성

  ◦ 사업량 및 사업비 : 72,500천원 정도

    - 우시장 아래 도축장 ~ 무릉교 : 42,000천원

      ・ 우시장 아래 도축장 ~ 양곡 구교량 제방 : 2.6km(2줄 식재)

        《벚꽃나무 구입비 : 260본 x 70,000원 X 2줄 = 36,400천원》

      ・ 양곡교 ~ 무릉교 제방 : 0.8km(1줄 식재)

        《벚꽃나무 구입비 : 80본 x 70,000원 X 1줄 = 5,600천원》

    - 거창읍 김용마을 ~ 남하면 양곡마을 : 10,500천원

      ・ 거창읍 김용마을 ~ 심소정 앞 양항교 제방 : 0.5km(1줄 식재)

        《벚꽃나무 구입비 : 50본 x 70,000원 X 1줄 = 3,500천원》

      ・ 심소정 숲 ~ 양곡마을(군도 9호선 도로변) : 1.0km(1줄 식재)

        《벚꽃나무 구입비 : 100본 x 70,000원 x 1줄 = 7,000천원》

    - 식재비 : 20,000천원


□ 기대효과

  ◦ 군민의 생활여가 공간 조성 및 휴식 공간 제공

  ◦ 황강변 수변의 정비를 통해 꽃이 있는 푸르고 아름다운 거창 조성 

  ◦ 산책로 제공으로 군민의 건강 증진

  ◦ 벚꽃길 조성으로 강변 5km, 10km 구간 벚꽃 단거리 마라톤 코스 가능

  ◦ 벚꽃길을 이용한 자전거 타기 운동 활성화 기여",,,NA,20240125,NA
거창시장 앞 전광판 설치,행정/자치/안전,,제안심사,2010-12-17,NA,거창군,"□ 개   요

  ◦ 거창의 5일장은 예로부터 인근의 산청, 함양, 합천의 군민들까지 와서 장을 볼 정도로 규모가 크고 또한 많은 사람들이 정보를 공유하는 정보공유의 장이었다. 하지만 지금의 현실은 대형마트에 밀려 시장 본연의 기능을 상실하고 있으며 이러한 추세가 지속될 경우 앞으로는 우리의 재래시장이 없어 질 수도 있는 위기상황이므로 재래시장의 활성화는 무엇보다도 중요한 과제이다. 


□ 현실태 및 문제점

  ◦ 재래시장의 침체는 비단 거창의 문제만은 아니지만 타 시군의 경우 여러 가지 좋은 개선방안을 내놓아 옛 명성을 되찾는 경우를 종종 볼 수 있다. 거창의 경우도 충분히 훌륭한 개선방안을 내놓아 활성화 할 수 있다.

  ◦ 현재 거창의 시장은 시장 안에 들어섰을 경우 비교적 상품별로 점포가 분류되어 있지만 막상 자신이 사고 싶은 물품이 어느 골목 어느 위치에서 팔고 있는지 모르는 경우가 많이 있다. 특히 외지인이 시장을 이용하고자 할때는 더욱 그러할 것이다 따라서 시장입구에 각 가게별 위치를 표시한 전광판을 설치하여 시장안 가게의 위치를 한눈에 파악 할 수 있는 경우 시장활성화에 많은 도움이 될 것이라고 본다.


□ 개선방안(계획)

  ◦ 시장입구에 전광판을 설치하여 자신이 원하는 상품을 품목별로 한눈에 볼 수 있게 되면 시장이용이 보다 편리하고 자신이 원하는 상품을 미리 구매하고 느긋하게 다른 상품을 구경 할 수도 있어 상품구입의 기회는 늘어날 것으로 보인다.

    또한 각 가게별 위치도에 그 가게주인의 실명을 기재하는 것도 좋은 방안으로 보인다. 전광판 위치도에 그 가게의 주인 이름을 기재함으로써 소비자는 좀더 신뢰감을 갖고 상품을 구입할 수 있고 상품을 구입했을시 그 상품이 마음에 들 경우 다시 그 가게를 찾을때 좀더 쉽고 빠르게 찾을 수도 있을 것이다. 또한 가게 주인은 자신의 이름이 붙은 전광판을 보면서 좀더 투명하고 정직하게 장사를 하게 되는 충분한 유인이 될 수 있을 것이다.


  ◦ 모든 정책이 그렇듯이 백이면 백 모든 사람이 만족하는 정책은 보기 드물 것이다. 이러한 개선방안이 실행되기 위해서는 시장번영회 및 공무원이 한 마음이 되어 시장사람들을 설득해야 하며, 이러한 방안이 시행됐을 경우 가게의 주인이 바뀐다던지 가게가 휴ㆍ폐업을 하게 될 경우 전광판의 빠른 업데이트도 무엇보다도 중요한 일이 될 것이므로 한달에 한번정도 날을 정하여 시장을 빠짐없이 둘러보는 것도 중요 할 것이다.


□ 기대효과

  ◦ 소비자들은 자신이 사고 싶은 물품이 어디에 있는지 한눈에 알 수 있으므로 빠르고 편리하게 상품을 구매하고 여유롭게 다른 상품을 둘러볼 수 있는 여유가 생긴다.


  ◦ 특히 휴가철 같은 경우 타지의 사람이 거창시장을 방문 했을때 다른 재래시장에는 없는 시장의 위치도를 보고 상품을 쉽게 구입함으로써 거창시장을 위상을 높일 수 있다.


  ◦ 위치도에 자신의 이름을 알림으로써 가게주인이 좀더 책임감 있고 정직하게 물건을 팔게끔 유도할 수 있고 소비자들은 믿음을 가지고 상품을 구매하고 상품이 마음에 들 경우 헤매지 않고 그 가게를 쉽게 찾음으로써 구매효과를 더욱 높일 수 있고 나아가서 시장 활성화에 많은 도움이 될 것으로 본다.",,,NA,20240125,NA
관공서 에너지 절약형 시설도입,행정/자치/안전,,제안심사,2010-12-17,NA,거창군,"□ 개   요

  ◦ 관공서 옥상과 빈터에 태양광 전기 발전시스템을 설치

    이에 발생하는 전기를 활용 관공서 유지 

  ◦ 거창읍 및 면사무소 민원순방용 자동차 전기자동차로 교체 활용  

    ※ 환경을 생각하는 도시 스위스 체르마티 참고


□ 현실태 및 문제점

  ◦ 미래의 화석에너지 고갈에 대비하고 

    청정지역 거창의 환경을 생각하는 관공서 시설이 미흡함

  ◦ 관공서부터 에너지를 절약하고 환경을 생각하는 시설을 설치하여 군민들에게 인식 제고


□ 개선방안(계획)

  ◦ 가까운 지역 출장시 활용하는 관공서의 차량을 전기 자동차로 바꿈으로서   고유가 에너지절약과 환경, 그리고 민원인들과의 친근감을 유지 할 수 있음


     ※ 2007년말 도로주행 가능



  ◦ 태양광 에너지 설치를 관공서 옥상이나 지붕, 빈터에 설치하고 이에 나오는 전기를 관공서에서 활용함으로서 에너지 절약



□ 기대효과

  ◦ 에너지 절약효과 및 환경 오염을 줄이는 효과",,,NA,20240125,NA
“IDEA 뱅크 = 화장실”음악 화장실 설치,행정/자치/안전,,제안심사,2010-12-17,NA,거창군,"□ 개   요 

  ◦ 화장실이란 공간에 음악이라는 청각적 요소를 가미하여 심신의 안정을 도모코자함

  ◦ 고객을 맞는 공간으로서 음악서비스 제공을 통한 관공서 이미지 제고


□ 현실태 및 문제점

  ◦ 공공화장실은 깔끔함은 유지하고 있으나 음악이 나오는 곳은 없음

  ◦ 흡연가능공간으로 비흡연자에게 줄 수 있는 불쾌감을 음악적 요소로 경감 가능

  ◦ 부산 및 서울지하철 등에서는 이미 음악화장실이 등장했음


□ 개선방안(계획)

  ◦ 화장실 자동음향기기(천정매립형 / MP3재생방식 / 인체감지센서)를 설치해  화장실 문을 여는 순간 음악이 나올수 있도록  설치함

  ◦ 시간대별로 민원방문수 및 연령대에 맞게 장르를 구분하여 음악서비스를 제공 

  ◦ 우선 군청사 1층화장실부터 시범적으로 설치하여 운영해보고, 반응이 좋으면    읍면으로 확대설치


□ 기대효과

  ◦ 딱딱한 관공서의 이미지를 부드러운 음악화장실로써 순화시키는 계기마련 

  ◦ 심리적인 안정으로 화장실 이용자의 기분 전환가능

  ◦ “화장실=명상공간=IDEA뱅크”",,,NA,20240125,NA
읍면 업무추진용 이륜자동차 구입 배치,행정/자치/안전,,제안심사,2010-12-17,NA,거창군,"□ 개   요

  ◦ 고유가 시대를 맞이하여 일선행정업무를 추진하는 현 시점에서 민원편의를 위한 현장행정 수행 시 개별차량을 운행해야 하는 불편함과 불합리를 개선코자 각 읍면에 공무수행을 위한 이륜자동차를 배치하고자 함.


□ 현실태 및 문제점

  ◦ 각 읍면에 관용차량 1대씩 배치되어 있으나, 1대만으로는 기동력이 현저히 떨어짐

    - 직원 개개인의 소유차량은 승용차이므로, 협소한 마을안길, 농로길 등을 운행 시 차량파손이 우려됨으로 출장을 꺼림.

  ◦ 도로사정이 협소하고 비포장이므로 차량 운행 불가 지역은 걸어서 업무 수행 하는 실정임.

  ◦ 예산 형편상 100% 출장여비 지급 애로


□ 개선방안(계획)

  ◦ 구입배부처 : 전 읍면

  ◦ 구입품명 : 100cc 미만

  ◦ 소요예산액 : 18,000천원(150만원 × 12대=18,000,000)

    ※ 직원들의 안전을 위한 보험가입 요망


□ 기대효과

  ◦ 불편사항 접수 시 즉시 출장가능

  ◦ 공무원들의 즉각적인 현장대응으로 주민들로부터 신뢰제고

  ◦ 고유가시대에 획기적인 예산절감",,,NA,20240125,NA
군 농협 출장소의 1층 종합민원실 내 이전,행정/자치/안전,,제안심사,2010-12-17,NA,거창군,"□ 개   요

  ◦ 현재 청사 지하 1층에 위치하고 있는 군 농협 출장소를 1층 종합민원실 내       로 이전하여 민원 편의를 도모하고 청사 공간을 효율적 활용하고자 함 



□ 현실태 및 문제점

  ◦ 여권 신청 민원인의 경우 종합민원실에서 여권 신청서 작성 후 지하 1층의  농협 출장소로 내려가 수입증지를 구입하여 다시 종합민원실에 제출해야    하는 실정임

  ◦ 농협 출장소를 종합민원실 내로 이전하면 민원처리와 은행 업무를 동시에   볼 수 있어 민원인의 불편이 크게 개선될 뿐 아니라 군 청사의 효율적인 활용에도 도움이 될 것으로 예상됨

  ◦ 고객 중심의 사고에 따라 타 시군구에서도 은행 출장소를 민원실 내에 배치      시키는 추세임 - 경남 통영시, 거제시, 전북 남원시, 장수군 등


□ 개선방안(계획)

  ◦ 농협과의 협의를 통해 은행 금고, 보안문제 해결, 출장소 이전 추진

  ◦ 종합민원실 내부 공간 정비, 효율적인 재배치

  ◦ 군 농협 출장소를 민원실 입구 배치


□ 기대효과

  ◦ 군민 편의를 우선하는 군정 실현으로 군민의 만족감 및 신뢰 제고

   ◦ 군 청사의 효율적인 재배치로 공간 활용 도모",,,NA,20240125,NA
구 읍사무소부지 지하주차장 설치,행정/자치/안전,,제안심사,2010-12-17,NA,거창군,"□ 개   요

  ◦ 구읍사무소 부지에 지하주차장을 만들어 협소한 군청 주차공간 확충

  ◦ 문화공간조성 이전에 공사를 실시함으로 예산절감 효과발생


□ 현실태 및 문제점

  ◦ 군청 부설주차장 현황 : 103면(앞면 37, 옆면 14, 뒷면 52)

  ◦ 구읍사무소 부지 임시주차장 : 40면

  ◦ 1일 군청주차장 이용자 현황 

    - 정기권을 이용하는 직원 및 관용차량 : 91대

    - 1일 주차권을 이용하는 차량 : 450대 정도

  ◦ 구읍사무소 부지 문화공간 조성시 주차장 부족현상 초래 예상


□ 개선방안(계획)

  ◦ 구읍사무소 부지에 대한 지하주차장을 만들어 주차난을 해소

  ◦ 지하주차장 설치에 따른 과도한 수억원의 예산이 소요될 것으로 추정되지만, 주차공간과 문화공간이라는 군민요구를 모두 반영할 수 있음

  ◦ 문화공간조성을 위한 공기연장이 예상되지만 향후 조성된 문화공간을 부수고 다시 지하주차장을 만드는 것보다는 효율적일 것임

  ◦ 군청 뒤편 주차장에 대한 주차타워 설치에 대한 의견도 있지만 출입구 주변 주택에 대한 편입이 언제될지 모르기 때문에 조속한 민원해결이 대두됨


□ 기대효과

  ◦ 군청을 찾는 민원인에게 넓은 주차공간 제공으로 불만해소

  ◦ 문화공간 조성 이전에 조성을 하게 되어 예산절감 효과발생",,,NA,20240125,NA
공과금 이메일 전자고지 및 자동납부제,행정/자치/안전,,제안심사,2010-12-17,NA,거창군,"□ 개   요

  ◦ 공과금에 대한 고지서 발부시 이메일 전자고지 및 자동납부제

   ⇒ 인터넷의 활성화로 각종 고지서 발부시 소요되는 인쇄비와 발송시 소요

      되는 우편발송 비용등 절감

  ◦ 온라인 서비스 활성화로 공과금 납부와 동시에 수납 사실확인

   ⇒ 공과금에대한  전자고지,납부로 온라인 서비스화 하며 군민의 편익도모


□ 현실태 및 문제점

  ◦ 매년 각종 공과금 고지서 발부시 소요되는 인쇄비와 우편발송시 소요되는

    발송료등의 소요 예산낭비와 개인 정보사항등 유출 우려의 문제점

  ◦ 전자 온라인 서비스의 운영으로 공과금 전자고지와 납부의 활성화에 기여

  ◦ 현재 각종 공과금 고지서 발부사례 : 10여회

   ▶ 6월 1기 정기분 자동차세  ▶ 7월 재산세 ▶ 8월 주민세 ▶ 9월 재산세

   ▶ 12월 2기 정기분 자동차세 ▶ 기타 체납세등

   ※ 우리군 실정의 예산 : 년간 6천~7천만원(1회 6~7백*10여회)정도 소요

     - 고지서(1회 15만~16만부) 인쇄비와 고지서 발송 우편료 예산임


□ 개선방안(계획)

  ◦ 공과금 이메일 고지,납부등 세부계획서 수립 및 활용방안 마련

    - 전자 매뉴얼 프로그램, 적립방안 및 포인트 사용 규정등

  ◦ 각종 공과금 고지서 발부에 따른 이메일 고지 및 납부에 대한 홍보

  ◦ 신청서식등 구비(작성), 인터넷 군 홈페이지등에 신청 매뉴얼 조치

    - 신청서식, 자동이체, 인터넷 벵킹, 직접 금융기관 입금등 

  ◦ 희망자등 신청접수 : 인터넷 홈페이지, 전화, 직접 방문신청등 가능

  ◦ 신청자에 대하여는 감면혜택, 마일리지등 적립하여 현금화등 조치

 ※ 예) 자동차 1대, 주택 1채 소유의 납세자일 경우 (5회 가정시)

      - 1건당 500원일 경우 포인트 규정시는 연간 2,500원의 마일리지 적립

        ▶ 6월 1기 정기분 자동차세  ▶ 7월 재산세  ▶ 8월 주민세 

        ▶ 9월 재산세  ▶ 12월 2기 정기분 자동차세등

  ※ 서울특별시등 대도시에서 시행중임


□ 기대효과

  ◦ 종이 고지서 발부시 소요되는 인쇄비 및 우편 발송비용의 소요예산 절감

    ⇒ 전자고지 납세자에게 절감된 징수비용 만큼(적립된) 돌려주며, 예산절감

       효과

  ◦ 전자납부를 활성화하고 납부와 동시에 수납사실을 확인하는 등 업무효율성 과 온라인 민원서비스 활성화로 군민 재정적 혜택 및 편리도모

  ◦ 개인 정보유출 등 사전 방지",,,NA,20240125,NA
읍면 출퇴근 거리별 교통수당 지급,행정/자치/안전,,제안심사,2010-12-17,NA,거창군,"□ 개   요

  ◦ 읍면 출퇴근 거리에 상응한 교통수당의 차등 지급



□ 현실태 및 문제점

  ◦ 고유가시대 유류비 인상으로 읍면 출퇴근시 출퇴근 거리에 다른 유류비 부담 가중

  ◦ 특히 먼거리의 면단위 지역은 유류비 지출이 가계에 상당한 부담이 되고 있음(20km거리 한달 평균 20만원 이상 소요)

  ◦ 현재 읍면 교통보조비는 일률적으로 120,000원 정도로 공무원전체가 차등화 필요성은 느끼고 있으나 현실적으로 적용여부는 지도층의 의지에 달려있음.



□ 개선방안(계획)

  1안) 10km이상은 5만원, 20km이상은 10만원 교통수당 추가지급

  2안) 기본 10만원으로 하고 2km 추가시 1만원 추가 지급



□ 기대효과

  ◦ 먼거리의 면단위 출근자의 교통비 부담 해소

  ◦ 먼거리 출퇴근 직원들의 시간 및 비용에 대한 보상으로 근무의욕 고취",,,NA,20240125,NA
공무원 1인 1기관 홈페이지 담당제,행정/자치/안전,,제안심사,2010-12-17,NA,거창군,"□ 개   요

  ◦ 공무원 1인 1기관 홈페이지 담당을 지정하여 우리군 홍보 및 

     타 기관 우수사례를 벤치마킹하여 전국에 우리군을 홍보하고 

     타 기관의 우수사례를 접목 


□ 개선방안(계획)

  ◦ 공무원 1인 1기관 홈페이지 지정

   - 대    상 : 군산하 6급이하 전직원

   - 전담기관 : 중앙부처 및 전국 자치단체 등

  ◦ 주요추진사항

   - 지정된 홈페이지 회원가입

   - 전담기관 주1회 방문 - 우리군 홍보 및 우수사례 벤치마킹 실시

  ◦ 홍보방법

   - 우리군 홍보물 게시

   - 전국적인 행사, 관광지 소개, 특산물 홍보, 기타 시책 등

  ◦  제안내용 : 혁신제안, 직무제안, 고객편의제안 등 


□ 기대효과

  ◦ 타 지자체 및 중앙부처에 적은 비용으로 우리군을 널리 홍보

  ◦ 각종 공모사업 조기 파악 응모 및 타 기관 우수사례 

    벤치마킹으로 군정 발전에 기여",,,NA,20240125,NA
싸이월드 미니 홈페이지 운영을 통한 이미지 제고 및 감동행정 창출,행정/자치/안전,,제안심사,2010-12-17,NA,거창군,"□ 개   요

 ◦ 온라인이라는 시대의 흐름에 맞는 마케팅 툴 필요

   - ‘06년 말 싸이월드 홈페이지 개설자 1,800만명

 ◦ 군민 등이 적극 참여할 수 있는 기회를 확대하여 거창군 인지도 제고 필요


□ 현실태 및 문제점

 ◦ 군청 홈페이지를 통한 정보전달의 한계

   - 다수가 이용하기 편한 참여의 장 마련 필요

   - 다수의 눈높이에 맞는 찾아가는 맞춤형 서비스 제공 필요 (주민참여 활성화)

 ◦ 홈페이지를 통한 군정 파악 한정적 및 군정 홍보 미약 (주민 공감대 형성 부족)

   - 홈페이지의 획일화된 콘텐츠로 주민에게 지루함 제공 


□ 개선방안(계획)

  ◦ 미니 홈페이지 활성화

    - 주민의 관심과 참여를 높일 수 있는 미니 홈페이지 제작

    - 군정 및 특산품 등 거창을 홍보할 수 있는 플래시 게임 개발

    - 거창 소식, 각종 행사 정보를 쉽게 각색해서 제공


  ◦ 미니 홈페이지 활용방안

    - 미니 홈페이지 활성화을 위한 차별적 보상제 도입

     ․홈페이지 네임공모 등을 통한 분위기 확산

     ․정기적 방문자 대상 이벤트 실시

        ⇒ 당첨자에게 특산품 및 관광상품 증정

    - 타 군청/기관 연계홍보 강화

     ․ 기 미니홈피 개설한 기관과 연계 상호콘텐츠 교환으로 지역네트워크로 홍보 강화


□ 기대효과

  ◦ 정보화 시대의 흐름에 맞는 미니홈피 도입으로 다양한 정보제공 및 감동행정 창출로 거창의 인지도 및 이미지 제고 

  ◦ 민관의 갭을 최소화하여 따뜻하고 친근한 거창의 이미지 제고


※ 싸이월드 : 인맥 기반의 가상사회, 정보 공유를 내용으로 하여 사람과 사람 사의의 친분 관계를 형성하고 도와주는 인터넷 커뮤니티",,,NA,20240125,NA
관내 소재지 게시판 전광판 설치 제안,행정/자치/안전,,제안심사,2010-12-17,NA,거창군,"□ 개   요

  ◦ 군정에서 추진하는 모든 사업과 시책의 홍보 한계

  ◦ 관내 주간지, 보도자료, 홈페이지 배너, 회보는 일시적인 홍보의 한계

  ◦ 기존의 관내 사무소 현관, 소재지 게시판 및 주요 게시판 상단에 전광판을       설치하여 홍보 효과를 극대화하여 고객만족 행정서비스제공의 현실화



□ 현실태 및 문제점

  ◦ 낙후되어 방치된 관내 게시판의 공고물 및 안내문의 홍보 효과 저조

  ◦ 주간지, 보도자료, 홈페이지 배너, 회보는 일시적이고 접근성이 약함

  ◦ 주의 환기를 일으키고 집중도를 높여야하는 게시판 활용도 저조


□ 개선방안 및 추진방법

  ◦ 추진방법

    가. 현재 게시판의 위치 및 사용실태 점검

    나. 적정한 장소에 게시판 재설치와 전광 게시판 설치 가능성 조사

    다. 읍․면사무소 현관 및 관내 주요 게시판에 전광판 설치

    라. 읍․면사무소 현관, 관내 주요 게시판의 사용 실정에 맞게 홍보 내용     을 입력할 수 있도록 조작 매뉴얼 교육 ․ 배포


  ◦ 추진 중 예상되는 문제점

    가. 전광 게시판 설치시 예산 확보

    나. 전광 게시판의 파손 및 관리에 대한 유지보수 문제",,,NA,20240125,NA
상페보다는 주차카드 를.............,행정/자치/안전,,제안심사,2010-12-16,NA,노원구,"매년 이만때면 자원봉사자들을 위해 

각 구청에서 자원봉사자의날 행사를 하면서 

봉사자들한때 표상 으로 상폐을 주곤 합니다

하지만 자원봉사자들은 꼭 필요한 것을 해주시면 좋겠다는 의견을 많이 합니다

봉사자들이 관내 구청을 많이 찾습니다

그런데 주차비용 많이 부답된다고들 하더군요

그래서 봉사시간으로 처음은 50시간 1시간 무료주차,  3.00시간 2시간무료주차, 5.000시간 무료주차,

7.000시간에서 10.000시간이상은 완전무료 주차카드를 표상하는것은 어떠하신지요

그렇게 해주시면 많은 자원봉사자들이 어르신들을 위해 구청에서 일를 보면서

또 관공서를 찾아가서 일을 볼때도 많은 도움이 되지 않을합니다 .......",,,NA,20240125,NA
스마트폰 약정 무료통화에 대한 이월건,산업/방송/통신/과학,,제안심사,2010-12-16,NA,방송통신위원회,"스마트폰 구매시 월45,000원인경우 문자200건,무료통화200분,무선데이타500MB를 약정으로 하고있습니다.

이에 대해서 한달에 모두 소모하지못한 소비자들에게 이월을 시켜줘야한다고 봅니다.

물론 3가지 다 적용하면좋겟지만 무료통화건에 대해서만이라도 시정했으면 어떨까합니다.

통신사들은 손해라고하겠지만 과도한 약정요금으로 피해를보는건 결국 소비자니까요.

통화량이 많지 않은사람들에게 보상이 돌아가야한다고 봅니다.

일정기간(한달)동안 무조건 쓰든지말든지하는 통신사들의 관행이 잘못됐다고봅니다.",,,NA,20240125,NA
민방위훈련 사이렌소리 어디서든 잘 들을수 있도록 해주세요,행정/자치/안전,,제안심사,2010-12-16,NA,행정안전부,국민들의 정신무장과 생활화를 위한 민방공대피훈련이 전국적으로 대대적인 훈련을 했습니다.  전 부터 느끼는 거지만 민방위훈련을 할 때 사이렌 소리가 장소에 따라 잘 들리는 곳과 그렇지 않은 곳이 있습니다.  주민들이 좀더 적극적으로 훈련에 참여하도록 유도하기 위해선 어디서든지 사이렌 소리가 잘 들릴수 있도록 해 주시면 좋겠습니다.,,,NA,20240125,NA
구급상자 의무화,식품/보건/복지/가족,,제안심사,2010-12-16,NA,보건복지부,"보건소 각부서,구청 각부서 주민센타각부서 공공기관각부서에 의료긴급구급상자비치의무화를 제안합니다

우리나라같이 분단국에 특수한상황일때 긴급구조및 상황에대비해야합니다

물론 약의유효기간때문에 예산낭비라 할수있지만 생명을 살리는 일과 유비무환입니다

꼭제안신청되길바랍니다",,,NA,20240125,NA
(보물섬 남해포럼)인구감소에 대한 시책개발과 인센티브제도를 도입,행정/자치/안전,,제안심사,2010-12-16,NA,남해군,"인구감소에 대한 시책개발과 인센티브제도를 도입하고 


사천시, 하동군 등의 시책 벤치마킹 필요


등록금지원, 원어민강사 지원 등


- 기획감사실 

인구증대를 위한 조례개정이 필요하고 교육정책 지원 수립과 검토",,,NA,20240125,NA
"(보물섬 남해포럼)생태관광(숲, 해양)과 머무는 관광(휴양)",행정/자치/안전,,제안심사,2010-12-16,NA,남해군,"남해군은 장기적으로 생태관광(숲, 해양)과 머무는 관광(휴양)이 전망이 있으며


미래의 ""블루오션""으로 가꾸어야 한다


- 기획감사실


관련부서별로 세부적인 추진을 위해 아이디어 사업개발 추진",,,NA,20240125,NA
(보물섬 남해포럼)남해군 전통 무형문화(굿 종류) 집중육성,행정/자치/안전,,제안심사,2010-12-16,NA,남해군,"남해군 전통 무형문화(굿 종류) 집중육성이 필요함


사람모으는 힘이 될 것임


- 기획감사실


제안하신 분도 적극 도와주겠다는 의지를 표명하였으므로 시행방안 마련",,,NA,20240125,NA
"(보물섬 남해포럼)""보물섬에 살면 더 젊어진다"" 프로그램 개발",행정/자치/안전,,제안심사,2010-12-16,NA,남해군,"역발상과 창의적인 전략으로 ""보물섬에 살면 더 젊어진다""는 캐치프레이드와 함께


1주, 한달, 1년, 10년... 을 연결하는 프로그램 개발


- 기획감사실

제안하신 분과 세부적인 자문을 받아 시행여부 검토 필요",,,NA,20240125,NA
"(공정사회) ""기초생활수급자 급여 지급방식""의 개선을 통한 취약계층의 생활안전강화방안",식품/보건/복지/가족,,제안심사,2010-12-16,NA,보건복지부,"(현황 및 문제점)


  생활이 어려운 자에게 생계, 주거, 의료, 교육, 자활 등 필요한 급여를 행하여 이들의 최저생활을 보장하기위하여 기초생활수급자에 대한 급여가 이루어지고 있습니다. 수급대상자별로 현금급여기준, 가구의 소득인정액, 주거급여액 등을 고려하여 ""매월 동일한 일정액수의 급여""가 이루어지고 있습니다. 취약계층의 생활안전을 위한 매우 중요한 제도라고 생각합니다. 하지만 기초수급생활자들의 경우 계절에 따른 최저 생활비의 지출이 많이 차이가 납니다. 특히 겨울철(12월~2월)의 경우 난방비의 급격한 증가, 가계소득의 일정부분을 차지하는 소일거리의 감소, 새학기 자녀 교육비의 지출 등으로 다른 계절에 비하여 현격한 생활비의 증가가 이루어져 기본적인 생활을 하기가 곤란합니다. 월별로 동일한 급여액을 지급하는 현행 방식의 개선이 필요한 이유입니다.


(개선방안)


@ ""기초생활수급자 급여""의 지급방식을  ""월별 동일급여""가 아닌 ""계절에 따른 차등지급방식""으로 개선하자.


1.  1년간 지급되는 급여의 총액수는 현재와 동일합니다.(예산의 증가는 없음)

2.  겨울철(12월~2월)에는 현재 지급되는 월별 급여액에 30%를 가산하여 급여를 지급합니다.

3.  나머지 계절(3월~11월)에는 현재 지급되는 월별 급여액의 10%를 차감하여 급여를 지급합니다.

4. 기타급여 중 교육급여에도 동일한 원칙을 적용합니다.

5. 2월~11월 까지 차감한 급액을 12월~2월에 가산하여 지급하는 원리입니다.


(기대효과)


1. 예산의 증가없이도  계절을 고려한 효율적인 급여를 통하여 기초생활자의 생활안정을 강화할 수 있습니다.

2. 생활비 지출의 관리가 부재한 기초생활자들에 대한 최소한의 금전적 관리를 국가에서 대신하는 효과를 거둘 수 있습니다.

3. 겨울철 소일거리 감소, 난방비의 급격한 증가, 신학기 교육비의 증가에 의한 기초생활수급자의 일시적 어려움을 기초생활자들이 스스로 해결할 수 있도록 유도할 수 있습니다.",,,NA,20240125,NA
밝은사회,행정/자치/안전,,제안심사,2010-12-16,NA,노원구,"나는 구민회관에 있는 인터넷광장을 이용하려고 왔다. 어디서간 들여음악소리에 넑을 잃고 말았다. 선거에 관한 자료를 보면서 나는 과거대한 회상을 하면서 지금도 별반 다르지 않다라는 생각을 했다. 선거를 할때마다 누구를 선택해야하지 누구를 선택해야지 우리나라가 1등을 하지 라는 생각만있다. 음악소리가 들였다, 다른 때였으면 짜증이나 불만이 있었겠지만 이젠 나도 결혼할 나이가 되었나 보다. 내 아이가자라서 선거를 하고 음악에 맞춰 어르신에게 율동을 보여주는좋은 모습을 할때 헌병대라도 나와주셔서 주변을 정리하고 행사장 당일 멋진 어른의 모습을 보여준다면 아이들이 한국을 신뢰하고 어른말도 잘 듣곡 선진국에 한발 다가서는 조그마한 밑거름이 될 것이다. 구민회관에서 그동안의 잘못들 예) 대통령저격사건, 자동차사고,등 수많은 인사사고에 대한 시범을 영상이 아닌 실제로 보인다면 아이들에게 현실적인 교육으로 앞으로의 삶에 조그마한 밑거름이 될것이다. 국민의 한사람으로. 노원구의 시민으로 중계동의 동네사람으로 공부하는 학생으로 1. 어린이행사의전 2. 과거서 구연 3. 투표시 어린이(외국인포함)",,,NA,20240125,NA
주정차단속 문자알림 서비스 확대시행에 대하여.,행정/자치/안전,,제안심사,2010-12-15,NA,남동구,"□ 현황

  - 최근에 서울 양천구청에서는 2011년 1월부터 주정차위반 단속대상 차량에 대해 1,2차에 걸쳐 문자알림서비스를 시행하겠다고 밝힌바 있다. 

  - 이는 기존 단속방법에 따라 발생한 민원제기를 미연에 방지하고 단속의 실질적 목표인 교통소통에 이바지 하고자 함이다.

  - 그리고 이 서비스는 양천구내에서만 받을 수 있으며 미리 구청홈페이지에 서비스신청을 하여야 한다고 한다.


  □ 동향

  - 이러한 서비스는 정말 주정차 장소의 부족으로 인한 문제가 빈번한 우리나라에서 매우 획기적인 방안으로, 서비스 시행 계획의 발표와 함께 네티즌사이에서 단순히 양천구청에서만 시행하기보다는 전국적으로 확대했으면 하는 바람이 일고 있다.


  □ 문제점

  1. 서비스시행범위의 협소로 인한 효율성 부족

  - 양천구에서 설치한 CCTV나 CCTV탑재차량의 단속시에만 서비스 시행이 가능

  2. 서비스 신청 가능대상이 차량의 소유주나 동일세대원으로 한정

  - 렌트카나 회사차량의 경우처럼 운전자가 수시로 바뀌는 경우에 대한 고려가 부족하다는 비판이 제기될 우려가 있음.

  3. 다른지역으로의 서비스 확대시 매번 신청해야되는 번거로움이 발생할 우려가 있음.


  □ 개선방안 및 기대효과

  1. 서비스의 국가적인 확대 시행으로 효율성 및 국민편익 증대

  - 이와같은 획기적 서비스는 단순히 지자체에 그치는 것이 아니라 국가적으로 시행시 알림서비스를 받고자 하는 사람의 경우 한번의 신청으로 모든지역에서 서비스를 받을 수 있을것으로 기대됨.

  2. 신청가능대상자의 범위에 대한 범위 확대의 필요

  3. 서비스신청시 연락가능 번호를 실시간으로 수정 가능토록 검토함으로써 렌트카등에게도 서비스를 확대 시행할 수 있고 국민편익 증대에 크게 이바지 할 것으로 보임.

  4. 이와 더불어 현재는 차량등록시 전화번호를 거의 기재하지 않고 있으나 등록양식에 서비스통보 여부와 함께 전화번호를 자율적으로 기재하도록 하여 차량의 등록과 서비스신청을 한번에 할 수 있도록 하는 방안의 모색.",,,NA,20240125,NA
유통관리사 자격증 시험에 관하여,산업/방송/통신/과학,,제안실현,2010-12-15,2013-05-29,산업통상자원부,"안녕하십니까

저는 이번 11월 21일에 유통관리사 자격증 시험을 본 학생입니다.

다름이 아니고 유통관리사 자격증 시험을 주최하고 있는 상공회의소에 대해 민원신청을 하려고 이렇게 글을 씁니다.


이번 시험을 볼 때 많은 문제점들이 지적되었습니다.

시험지에 오타가 발생하고 잘못된 문제들이 많아서 시험보는 중간에 

여러번 방송으로 문제들을 수정하곤 했습니다.

그런데 이 과정에서 시험보는 수험자들은 피해를 볼 수 밖에 없었습니다.


시험 시작하기 전에 문제에 대해서 수정을 하는 것이 아니라

시험 중간 중간에 잘못된 문제에 대해 방송을 하면서 많은 수험자들이 집중하기 어려웠고

시험시간조차 부족해서 제대로 마킹을 하지 못한 수험자들도 많이 발생하였습니다.


중간에 잘못된 문제들을 수정하려면 공정하게 시험시간을 늘리거나 아니면 시험 전에 

미리 수험자들에게 공지해야 한다고 생각합니다.

수험자들은 20000원에 가까운 돈을 지불하고 정당하게 시험을 보는 입장인데 반해서

상공회의소 측은 성의없고 너무나도 주관적인 태도로 임하고 있습니다.


제가 시험을 보던 교실에서는 수험자가 시간을 어기고 답을 체크하였는데

감독관이 다음부턴 이러지 말라고 하면서 답을 마킹할 수 있는 시간을 더 주는 사건도

발생하였습니다. 이런 상황을 수험자들이 보고 있었는데 어떻게 그렇게도 그 수험자에게 시간을 더 주는지 저는 이해 할 수가 없었습니다.

상공회의소측에 항의하는 글을 올렸더니 전화가 와서 이번만 넘어가 달라고 죄송하다면서 다음번에는 꼭 시정하겠다고 하더군요.

제 눈으로 보지 않는 이상 시정하겠다는 저 약속도 제대로 지켜질지가 의문입니다.


이뿐만이 아니라 잘못된 문제가 수두룩하여 많은 수험자들이 이의신청하는 과정에서도

수험자들은 참고서와 정당한 방법으로 이의신청했지만 

상공회의소측에서는 제대로 된 이론도 없을 뿐더러 출제자의 주관적인 생각만을 늘여놓는 방법으로 저희들에게 답변해왔습니다.

그렇게 주관적인 생각만 답변한다면 모든 문제들을 주관적인 생각으로 간주하여도 된다는 것입니까?

너무나도 무책임하고 정당하지 못하다고 저는 생각합니다.


출제자가 출제하는 방식이 무엇인지도 의문입니다.

문제를 보면 유통에 관련된 문제가 아닌 경영이나 경제학에 관련된 문제가 나오거나 

참고서에서 공부하지 못했던 내용들이 많이 출제되어 수험자들이 난항을 겪고 있습니다.

상공회의소의 답변으로는 제대로된 참고서를 보라고 하는데 그럼 어떤 책을 봐야하는것 입니까?

유통관리사에 관련된 서적만 해도 수두룩합니다.

학생들은 그 중에서도 좋은 정보를 담고 있는 책을 선택하게 되구요.

그런데 제대로 된 책이라니요...?

그런 기준이 어디에 있습니까? 오히려 학생들이 여러 권의 많은 서적들을 보게 되니

그 내용들을 충분히 고려하여 출제하는 것이 옳은 방법 아닙니까?


상공회의소의 비공정하고 무성의한 점들을 바로 잡아주시고 유통관리사 자격증 시험을 보는 많은 수험자들에게 부당한 결과가 가지 않도록 해주십시오.

이번 시험으로 인해서 피해를 입은 학생들이 분명히 있을거라고 생각합니다.

그냥 한 시민의 글로만 보지 마시고 꼭 정당한 방법으로 수험자들에게 기쁨을 주는 상공회의소가 될 수 있게 도와주십시오.

저의 글을 읽어주셔서 감사합니다.",,,"산업통상자원부 유통물류과입니다.

저희부는 유통인력 양성을 위하여 유통관리사 자격증 제도를 시행하고, 이의 출제 및 관리를 유통법에 의거 대한상공회의소에 일임하고 있습니다.


지적하신 시험과정에 있어서의 시험감독의 허술한 점 등에 대해서는 유통관리사 시험 시행기관인 대한상공회의소에 관련 사항을 전달하여

추후에는 이러한 일들이 발생하지 않도록 엄격히 관리하도록 하겠습니다.


답안에 대한 이의신청과 이의 처리과정에 있어서는 그간 여러 분쟁이 있었으며 개선과정에 있는 것으로 알고 있습니다.

다만, 이의신청에 대한 재심의 절차 등을 보완할 수 있도록(전문가 참여 등) 대한상공회의소 등과 협의하도록 하겠습니다.


주신 제안에 대하여 깊이 감사드리며, 보다 자세한 사항은 저희부 유통물류과로 문의(02-2110-4590) 하여 주시기 바랍니다.",20240125,
아이디어뱅크 = 화장실 음악화장실 설치,행정/자치/안전,,제안심사,2010-12-15,NA,거창군,"□ 개   요 

  ◦ 화장실이란 공간에 음악이라는 청각적 요소를 가미하여 심신의 안정을 도모코자함

  ◦ 고객을 맞는 공간으로서 음악서비스 제공을 통한 관공서 이미지 제고


□ 현실태 및 문제점

  ◦ 공공화장실은 깔끔함은 유지하고 있으나 음악이 나오는 곳은 없음

  ◦ 흡연가능공간으로 비흡연자에게 줄 수 있는 불쾌감을 음악적 요소로 경감 가능

  ◦ 부산 및 서울지하철 등에서는 이미 음악화장실이 등장했음


□ 개선방안(계획)

  ◦ 화장실 자동음향기기(천정매립형 / MP3재생방식 / 인체감지센서)를 설치해  화장실 문을 여는 순간 음악이 나올수 있도록  설치함

  ◦ 시간대별로 민원방문수 및 연령대에 맞게 장르를 구분하여 음악서비스를 제공 

  ◦ 우선 군청사 1층화장실부터 시범적으로 설치하여 운영해보고, 반응이 좋으면    읍면으로 확대설치


□ 기대효과

  ◦ 딱딱한 관공서의 이미지를 부드러운 음악화장실로써 순화시키는 계기마련 

  ◦ 심리적인 안정으로 화장실 이용자의 기분 전환가능

  ◦ “화장실=명상공간=IDEA뱅크”",,,NA,20240125,NA
군농협 출장소의 1층 종합민원실 내 이전,행정/자치/안전,,제안심사,2010-12-15,NA,거창군,"□ 개   요

  ◦ 현재 청사 지하 1층에 위치하고 있는 군 농협 출장소를 1층 종합민원실 내       로 이전하여 민원 편의를 도모하고 청사 공간을 효율적 활용하고자 함 



□ 현실태 및 문제점

  ◦ 여권 신청 민원인의 경우 종합민원실에서 여권 신청서 작성 후 지하 1층의  농협 출장소로 내려가 수입증지를 구입하여 다시 종합민원실에 제출해야    하는 실정임

  ◦ 농협 출장소를 종합민원실 내로 이전하면 민원처리와 은행 업무를 동시에   볼 수 있어 민원인의 불편이 크게 개선될 뿐 아니라 군 청사의 효율적인 활용에도 도움이 될 것으로 예상됨

  ◦ 고객 중심의 사고에 따라 타 시군구에서도 은행 출장소를 민원실 내에 배치      시키는 추세임 - 경남 통영시, 거제시, 전북 남원시, 장수군 등


□ 개선방안(계획)

  ◦ 농협과의 협의를 통해 은행 금고, 보안문제 해결, 출장소 이전 추진

  ◦ 종합민원실 내부 공간 정비, 효율적인 재배치

  ◦ 군 농협 출장소를 민원실 입구 배치


□ 기대효과

  ◦ 군민 편의를 우선하는 군정 실현으로 군민의 만족감 및 신뢰 제고

   ◦ 군 청사의 효율적인 재배치로 공간 활용 도모",,,NA,20240125,NA
거창군 이니셜 및 로고개발 활용,행정/자치/안전,,제안심사,2010-12-15,NA,거창군,"□ 개   요

  ◦ 거창군 브랜드마크와 캐릭터만으로 우리군을 대외적으로 알리는데 한계

  ◦ 거창군을 쉽게 대외적으로 알릴 수 있는 이니셜 및 로고 개발필요

 예) 한국방송공사 ⇒ KBS, 금강고려화학 ⇒ KCC


□ 개선방안(계획)

  ◦ 거창군 이니셜(Initial) 개발 활용

    - 각종 지역상품 및 도로명, 행정업무 등에 로고와 병행 표기

    - 당선자에게는 보상금 지급(공무원의 경우 인센티브 부여)


□ 기대효과

  ◦ 거창군 브랜드마크 등과 병행 활용시 거창이미지 부각 및 독창성 확보

  ◦ 글로벌 시대에 걸맞는 거창군만의 이미지 표현으로 시각적 효과는 물론 대외경쟁력 향상",,,NA,20240125,NA
거창군 싸이월드 미니홈피 운영,행정/자치/안전,,제안심사,2010-12-15,NA,거창군,"□ 개   요

 ◦ 온라인이라는 시대의 흐름에 맞는 마케팅 툴 필요

   - ‘06년 말 싸이월드 홈페이지 개설자 1,800만명

 ◦ 군민 등이 적극 참여할 수 있는 기회를 확대하여 거창군 인지도 제고 필요


□ 현실태 및 문제점

 ◦ 군청 홈페이지를 통한 정보전달의 한계

   - 다수가 이용하기 편한 참여의 장 마련 필요

   - 다수의 눈높이에 맞는 찾아가는 맞춤형 서비스 제공 필요 (주민참여 활성화)

 ◦ 홈페이지를 통한 군정 파악 한정적 및 군정 홍보 미약 (주민 공감대 형성 부족)

   - 홈페이지의 획일화된 콘텐츠로 주민에게 지루함 제공 


□ 개선방안(계획)

  ◦ 미니 홈페이지 활성화

    - 주민의 관심과 참여를 높일 수 있는 미니 홈페이지 제작

    - 군정 및 특산품 등 거창을 홍보할 수 있는 플래시 게임 개발

    - 거창 소식, 각종 행사 정보를 쉽게 각색해서 제공


  ◦ 미니 홈페이지 활용방안

    - 미니 홈페이지 활성화을 위한 차별적 보상제 도입

     ․홈페이지 네임공모 등을 통한 분위기 확산

     ․정기적 방문자 대상 이벤트 실시

        ⇒ 당첨자에게 특산품 및 관광상품 증정

    - 타 군청/기관 연계홍보 강화

     ․ 기 미니홈피 개설한 기관과 연계 상호콘텐츠 교환으로 지역네트워크로 홍보 강화


□ 기대효과

  ◦ 정보화 시대의 흐름에 맞는 미니홈피 도입으로 다양한 정보제공 및 감동행정 창출로 거창의 인지도 및 이미지 제고 

  ◦ 민관의 갭을 최소화하여 따뜻하고 친근한 거창의 이미지 제고


※ 싸이월드 : 인맥 기반의 가상사회, 정보 공유를 내용으로 하여 사람과 사람 사의의 친분 관계를 형성하고 도와주는 인터넷 커뮤니티",,,NA,20240125,NA
관내 주요 게시판 및 관공서 입구에 홍보용 전광판 설치,행정/자치/안전,,제안심사,2010-12-15,NA,거창군,"□ 개   요

  ◦ 군정에서 추진하는 모든 사업과 시책의 홍보 한계

  ◦ 관내 주간지, 보도자료, 홈페이지 배너, 회보는 일시적인 홍보의 한계

  ◦ 기존의 관내 사무소 현관, 소재지 게시판 및 주요 게시판 상단에 전광판을

      설치하여 홍보 효과를 극대화하여 고객만족 행정서비스제공의 현실화



□ 현실태 및 문제점

  ◦ 낙후되어 방치된 관내 게시판의 공고물 및 안내문의 홍보 효과 저조

  ◦ 주간지, 보도자료, 홈페이지 배너, 회보는 일시적이고 접근성이 약함

  ◦ 주의 환기를 일으키고 집중도를 높여야하는 게시판 활용도 저조


□ 개선방안 및 추진방법

  ◦ 추진방법

    가. 현재 게시판의 위치 및 사용실태 점검

    나. 적정한 장소에 게시판 재설치와 전광 게시판 설치 가능성 조사

    다. 읍․면사무소 현관 및 관내 주요 게시판에 전광판 설치

    라. 읍․면사무소 현관, 관내 주요 게시판의 사용 실정에 맞게 홍보 내용     을 입력할 수 있도록 조작 매뉴얼 교육 ․ 배포


  ◦ 추진 중 예상되는 문제점

    가. 전광 게시판 설치시 예산 확보

    나. 전광 게시판의 파손 및 관리에 대한 유지보수 문제


□ 기대효과

  ◦ 관내 주간지, 보도자료, 홈페이지 배너, 회보의 일시적인 홍보의 한계 극복

  ◦ 군정의 주요 시책과 군민 참여 사업에 접근성 강화를 통한 참여율 상승

  ◦ 24시간 홍보 효과 극대화를 통한 고객만족 행정서비스제공의 현실화",,,NA,20240125,NA
통신비 너무 비싸 이제는 내려야한다,산업/방송/통신/과학,,제안심사,2010-12-14,NA,방송통신위원회,"문제점

요즈음 가족에 생활필수품 이 되어버린 핸드폰 꼬맹이를 제외한 초딩 부터


나이 드신 어른까지 다가지고 있다


그러다보니 매달 통신비 지출이 장난이 아니다



현실태

유선을 이용하는 고객이 줄면서 사생활 편익을 위해 개인 핸드폰을 이용하다보니 가계지출이 너무 많아 감당하기가 힘들다


통신대란 이제는 내려야한다


정말 통신사는 통신비 걱정하지 않고 유선 전화처럼 쓸 수 있는 시대 기술을 도입 되야한다


통신기기 변경으로 인해 지출도 감당 안 된다


누구나 겪어본 일이다 남에 일이 아닙니다


 개선및효과

통신사 경쟁은 치열하다 반듯이 새로운 저가에 통신비 지출이 되도록 도입되야한다


-가계부 지출이 줄어 서민 경제에 도움된다


-생활필수품인 핸드폰 요금으로 인해가족 상호 언성이 줄어 든다


-비싼 요금 때문에 걱정하지 않고 자유롭게 쓸수있다",,,NA,20240125,NA
휴경논 담수화사업(빗물가두기),행정/자치/안전,,제안심사,2010-12-14,NA,거창군,"③개    요

○ 일반적 현황

  - 우리나라는 UN이 선정한 물부족 국가임

  - 연 강수량이 1300㎜정도이나 여름철에 집중

  - 빗물 이용률 : 26%(주요 선진국 40%선)

○ 필요성

  - 여름철에 집중된 빗물을 효율적으로 이용할 필요

  - 농촌지역의 고령화․기계화로 미 경지정리답의 휴경 

    가능성 증가

  - 과거 휴경지 보상사례 참고

  - 휴경논의 담수화 사업추진으로 사막화 방지 및 가뭄

    극복 기여

④현황 및 문제점

○ 현  황

  - 휴경논 : 15천Ha정도

○ 문제점

  - 휴경논의 황무지화 증가

  - 향후 기상이변에 따른 가뭄심화 가능

  - 빗물 저장시설 절대부족

  - 현실적으로 중․소규모 댐의 건설이 필요하나

    님비현상으로 애로

⑤개선방안

(개선내용)

○ 휴경논의 담수 시설화 추진

  - 휴경논 담수보강시설비 지원

    (절토, 논두렁 쌓기 등)

○ 과거 휴경 보상을 참고하여 담수 보상비 지원

  ※ 휴경논 담수화사업을 기반으로 향후 중․소규모

     담수시설 확대정책 시행

⑥기대효과

(개선성과)

 ○ 빗물의 효율적 활용

  - 담수능력 확보 : 150백만톤×0.5=75백만톤

    (남강댐의 70%정도)

  - 집중호우시 홍수방지 효과

○ 기타효과

  - 람사르총회 개최국으로서 친환경정책의

    대외적 효과(환경 선진국)

  - 휴경논의 황폐화 방지

  - 빗물의 효율적 관리

  - 자연스런 습지확대 효과(사막화 방지)

  - 식생의 보호기능

  - 가뭄극복에 도움",,,NA,20240125,NA
녹색성장과 지속가능한 건축문화도시 건설,행정/자치/안전,,제안심사,2010-12-14,NA,거창군,"③개    요

❍ 국토의 균형적 발전 및 국가경쟁력 확보 : 중앙 ․ 지방 격차 해소 및 지역 발전 

❍ 녹생성장의 지역 패러다임 창출 : 농촌 소도시지역에 걸맞는 건축문화도시 건설 

❍ 미래기업 양성 : 투자확대, R&B 확대, 진정한 국가 기업 양성

❍ 국민 편의 증진 및 삶의 질 향상 : 도시주거환경 개선, 고품격 건축도시 공간 

④현황 및 문제점

❍ 세계경제(국내 포함) 장기불황 예측 및 국가 발전 저해와 국민 고통 증가

❍ 미래지향적, 지속가능한 도시건설과 국가 자립경제 건설 위한 시스템 미비

❍ 시장경제자본주에서 기업성장 부진, 기업가 정신 및 의식과 가치 변화 부족

❍ 국가(지방)위기 돌파 및 선진국가 진입을 위한 문화조성과 토대 구축 마련 

 ⑤개선방안

(개선내용)

❍ 개  요 

  ✱ 지역 중․소도시내 노후․불량 집단 주거지 및 건축물과 도시특성 개발

  ✱ 지역도시 역사성 및 정체성 확보 건축 도시문화 사업 추진 및 확대

❍ 내  용

  ✱ 기존 법령(도시 및 농촌개발 관련법) 한계 및 공백 해소

   : 특별법 제정 ➩ 중․소도시 주거환경 및 문화개발 사업, 예산 등

  ✱ 지역주민 편의 단지 및 고품격 지방도시 경쟁력 확보 

    : 기반시설, 건축(주택), 역사적 공동체 시설 등 ➩ 편의 및 문화관광 연계 

  ✱ 건축(토지) 국유화 사업 및 공개념 도입, 서민(저소득) 중심 및 조세정책 추진

  ✱ 기업재원 활용 및 투자 활성화 사업 : 내수 진작, 건강기업 육성

❍ 기  타

  ✱ 국가(기업) 연구센터 건립, 삼위(국가,국민,기업) 일체화, 중장기 프로젝트 사업 

⑥기대효과

(개선성과)

❍ 국가(지방) 정책 변화, 경제 구조적 체질 개편 및 지속가능한 국가도시 건설

❍ 지역경제 활성화, 지역 중․소도시 건축문화 발전 및 지방도시 경쟁력 강화

❍ 지역 중․소도시 주거환경 개선, 지역주민의 생활 편의 확보 및 삶의 질 향상",,,NA,20240125,NA
산림분야 일자리 창출산업 근로자임금 차등지급,행정/자치/안전,,제안심사,2010-12-14,NA,거창군,"*개    요

 산림분야 일자리창출사업 참여자 임금단가를 능력과 실적에 따라 차등지급하여 공공근로 사업의 효율적인 추진과 열심히 일하는 사회분위기 조성

*현황 및 문제점

 현행 산림분야 일자리창출 사업의 특성상 힘들고 위험해서 임금단가가 타 공공근로사업보다 월등히 높으나, 개인별 능력과 실적에 관계없이 동등하게 임금을 지급하는 사회주의식의 임금지급 형태로, 열심히 일하는 분위기보다 서로 눈치를 보거나 감독의 눈치를 살피는 등 일을 능동적으로 하지 않는 실정임

*개선방안 (개선내용)

- 개인별 능력과 실적 등에 따라 지역여건을 감안하여 임금을 단순노무인부, 보통인부, 기술인부 등 세분화하여 임금을 차등지급하는 관련지침 개정

- 개인별 능력과 실적에 따라 임금을 차등지급하여 효율적인 사업추진과 일의 능률을 올리고 다같이 열심히 일하는 사회분위기를 조성하여 사업효과 극대화 추진",,,NA,20240125,NA
관내 전지역 가로등 발광다이오드로 교체,행정/자치/안전,,제안심사,2010-12-14,NA,거창군,"* 개    요

LED 가로등은 기존 가로등보다 10배 수명이 길고 전력소비량도 절반 이상 감소되어 온실가스 줄이기에 획기적임

 - 종전 가로등 : 전기에너지 → 열 → 빛에너지(3단계)

 - LED 가로등 : 전기에너지 → 빛에너지(2단계) 

 ※ 열 발생 공정이 없기 때문에 전력소모량이 적고 수명이 오래감

* 현황 및 문제점

기존 가로등 교체에 따른 초기투자비 투입

 - 100만원/개 × 5,700개 = 57억원

* 기대효과(개선성과)

○ 개선성과(5년 기준)

 - LED 1개소 설치할 경우 42만원 절약

 - 전 지역 설치할 경우 24억원 절약

 - 인건비 절약 등 관리용이 및 감전위험 최소화",,,NA,20240125,NA
신호등불편사항,행정/자치/안전,,제안심사,2010-12-14,NA,경찰청,"상남동 토월로93과토월로95표지판에 (경남은행에서장충동왕족발,옛골토성에서 대동아파트123동)서의 보행자 신호등 불편사항으를 제보합니다.

신호동시작과 동시에 보행을 시작하더라도 뛰지않으면 빨간불이 켜진상태에서 건널목을  건너게되어 있어 우회전하는차와 부딪힐뻔했습니다..

가운데 안전지대가 있습니다만  안전지대에서 기다리다   건널목을 건너는 사람은 극히드물어   교통사고를 유발합니다.

현장점검부탁드리며 시정해주세요",,,NA,20240125,NA
"지금휴전선, 누가봐도 위험하게 보입니다. 남북 평화안전지대 구축이 시급.",국방/보훈/외교/통일,,답변완료,2010-12-13,2010-12-29,민주평화통일자문회의사무처,"지금 휴전선은 누가봐도 위험하게 보입니다.



다음의 글 내용은 국무총리실과 국방부에서 ""심사"" 표시가 된 글입니다.

남북한이 다음의 글 내용은 피해갈수 없을 것이라는 것을 감히 자신하는 바입니다.


어너 네티즌은 ""그러면 서울을 대전 밑으로 옮기야 하겠내?"" 라고 반문 하셧지만, 서울과 평양이 평화안전지대 안에 그대로 있으면 더 안전하고 더 평화화롭고 더 번영이 이루어지리라 봅니다.

서울과 평양이 지금처럼 상대 군 주둔선이 가까운것보다 군 주둔선이 머니까 훨씬 안전하리라 봅니다.


남북평화 문제를 어러운 문장 에서 찾을려 할게 아니라 다음과같은 쉬운 말에서 찾아지기를 간절히 바라는 바입니다.


            다음 


      남북한이 각각 평화 안전지대를 만들자!



지금 휴전선을 보면 중무장한 국군과 인민군이 너무 가깝게 대치하고 있습니다.


일반 세상 에서도 서로 감정이 좋치않는 사이에 주먹이 가까우면 주먹다짐으로 싸우기가 십듯이, 중무장한 국군과 인민군이 너무 가깝게해서 대치하고 있으면 사소한 감정에서도 총격전이 벌어질수있는 위험이 많코, 나아가 전면전까지 벌어질 큰 위험이 많타고 봅니다.


몇일전 (2010년 11월 23일) 연평도에서 국군. 인민군간에 포격전이 벌어진것도 서로 너무 가깝게 대치하고 있기 때문이라고 봐야합니다.



* 제안(提案)


* 인민군은 휴전선에서 주둔하고있는 위치에서 북쪽으로 150km~200km이상 북상해서 주둔하고, 국군(주한미군 포함)은 휴전선에서 주둔하고있는 위치에서 남쪽으로 150km~200km 남하해서 주둔하게 합시다!.


필자가 제안하는대로 남북이 받아줬으면 합니다!.


필자가 제안하는대로 해서 남북한 군 주둔선 사이 300km~400km 안에서는 경찰이 치안에 필요한 권총정도만 소지하게하면 평화안전지대가 형성될수있다고 봅니다.


남북한 사이에 평화지대가 형성되면 남북 국민들이 자유롭게 왕래해서 살수있도록 발전이 될수있다고 봅니다.


이렇케 발전 되 나가면 최선의 통일(단방국통일=單邦國統一)은 못되도 차선의 통일(국가연합국통일=國家聯合國統一)은 되어질수 있다고 생각 해봅니다.


어차피 통일이 어럽게 되어있는 상황에서(북한이 주한미군영역 밑으로 들어가는 통일은 할수없다 하는 상황에서) 최선의통일(단방국통일)이 될때까지 차선의 통일이라도 만들어내서 안전하게 살아야 한다고 봅니다!.


최선의 평화통일 될때까지 일민족 2국가(一民族二國家)면 어떠냐 하고싶은 생각입니다.


남북의 통일은 오직 평화통일(남북합의통일) 뿐인것을 끝도없이 으르릉 거리면서 서로 불안하게 사는것보다는 나은것 아닌가 싶어서 두서없이 제안을 한번 해보는 바입니다!.



* 만일 평화통일이 아니고 양쪽이 무력통일을 하겠다고 전쟁을 일어켯을때 다 망하고나서 힘이 없어지면 우리가 살아왔든 한반도땅은 외국한태 빼얏기고 말겁니다.


전쟁으로 처참하게 망했을때 외군 참전국이 차지할수도 있다 이겁니다.


외세가 "" 너거는 국가를 운영할 능력이 없어니 우리와 합방을 해야겠다."" 라고 하면서 과거 일본이 그랬든것 처럼 앞잡이들에게 힘을 줘서 합방방식으로 땅을 완전히 뺏으버리면,  우리는 다시 찾을수없는  나라없는 민족이 되버리고 말것입니다.


남북은 이점을 깨닿고 각각 평화안전지대를 만들어서 단방국 평화통일이 될때까지 안전하게 살아가는 방법을 택해야 한다고 봅니다.



자칭 김삿갓똘망이(정득용) 올림",,,"먼저 민주평화통일자문회의에 대한 애정과 관심어린 제안에 감사드립니다. 

귀하의 제안을 검토한 결과, 

취지와 내용은 좋으나 

현재로서는 그러한 구역을 설정할 수 있는 대내외적 여건이 성숙되지 못한 것으로 판단되어 

남북한 평화안전지대에 대한 귀하의 제안은 장기 검토 사항으로 유보하려고 합니다. 

뜻깊은 제안에 대해서 만족할 만한 대답을 드리지 못해 송구하오며, 

앞으로도 좋은 의견 있으시면 언제든지 제안 바랍니다.",20240125,NA
기초 생활 수급자의 대학 등록금,식품/보건/복지/가족,,제안심사,2010-12-12,NA,보건복지부,"현행제도 및 문제점: 입학금과 등록금을 이웃집에 빌려서라도 먼저 내고 난 후 영수증을 읍,면, 주민자치센타에 제출 하여야 한다. 

 초,중,고등학생의경우 관련서류만 학교에 제출하면 학교와 읍,면, 주민자치센타에서 공문협조로 이루어다. 


개선내용:

* 대학  합격을 하여도 축하 받을수 없다는 어른의 말씀에 .. 갑자기 (내년2월)입학금이며 등록금을 마련해야 한다는 압박감에 손주의 대학 합격이 반갑기만 하지는 않다는 말씀.


* 기초 생활 수급자의 대학 등록금과 입학금은  관계 읍,면,주민자치센타와 관계 대학의  공문 협조로 서류 처리가 되었으면 하는 제안 입니다.


기대효과: 밖으로 드러나는  상처는 금방 나을수 있지만 마음의 상처는 영원히 나을 수 없는 것입니다.   

한참 예민할 시기에 없는 돈 때문에 상처 받고,  도움을 받고자 하는 그 이웃들에게 상처 받을 수 있다는 것을   한 봉사자의 마음으로, 어떤 청소년 상담사의 말을 빌려봄니다.


할수 있는 일에는 우리 사회가 먼저 손을 내밀어 그 들과 동행하고, 그 들은 또 다른 봉사로 다른 이들에게 다가가는 법을 우리는 알려 주어야합니다. 

& 어짜피 제공 되는 혜택 꼭 필요할 시기에   제공해 주시면,  한부모 가정, 조손가정, 손년.소녀가장들은  대학 합격이 축하 받을만한 일이 될것입니다.",,,NA,20240125,NA
모든 경로당에 소화기 설치 의무화해야한다.,행정/자치/안전,,답변완료,2010-12-12,2017-01-17,행정안전부,"* 현실태와 문제점.

경로당에 보면 소화기가 설치되어 있지 않다.

노인들이  경로당 주방의 가스불에 음식을 해 드시기도 하는데

연세 많은 분들이라 정신없이 깜빡하고 잊고 화재 발생할수도 있을것이다.

연세드신 노인들이 노시는데 정신 팔려 음식을 태워 화재 발생할수도 있을것인데

경로당에 소화기가 비치되어 있지 않다.

노인들이 만일에 화재가 발생하면 당황 하실것이다.


* 개선시 기대효과.

경로당마다 소화기를 설치를 의무화 하여 노인들에게 소화기 사용법을 교육시켜야 한다.

그래서 만약에 화재가 발생하더라도 당황하지 않고 

또 더 큰 화재를 미연에 방지 할수 있을것이다.",,,"안녕하세요? 우리 국민안전처 업무에 관하여 소중한 의견 주셔서 감사드립니다.


국민제안규정의 심사기준에 따른 결과를 아래와 같이 안내해 드립니다.


□ 화재예방, 소방시설설치. 유지 및 안전관리에관한법률 시행령[별표5]특정소방대상물의 관계인이 특정소방대상물의 규모. 용도 및 수용인원 등을 고려하여 갖추어야 하는 소방시설의 종류 제1호 소화설비 가목 소화기를 비치하여야 하는 대상은 연면적33제곱미터이상인것은 소화기를 비치하여야 합니다.


 <종합의견>

  - 이와 같은 현재 시행되고 있는 사유로 귀하의 제안을 즉시 수용하지 못하는 점을 널리 이해해 주시기 바라며, 이 밖에 문의사항은 중앙소방본부 소방정책국 소방제도과<담당자 : 박성우(연락처 : 044-205-7255)>로 연락주시기 바랍니다.

답변이 늦어 죄송합니다.",20240125,NA
청정주천강 쉼터조성,행정/자치/안전,,제안심사,2010-12-12,NA,횡성군,"□ 현 황

  ○ 청정의 고장 강림의 뛰어난 관광자원과 지역의 우수한 농․축산물을 연계한 원스톱 공간부족으로 인하여,

  ○ 각 마을과 도로변으로 분산되어 있는 간이농산물판매장이용률 및 판매량 부족으로 인한 대규모 판매장소 설치 필요성 대두

  ○ 강림면을 찾는 관광객들이 마땅하게 쉴 수 있는 공간부족으로 대단위 쉼터조성이 대두됨.(꽃길조성, 분수대, 쉼터조성 등)


 □ 추진상 문제점

  ○ 토지소유주에게 장기임대 가능여부 

  ○ 소비자들의 지속적인 방문 및 구매력 확보 여부


 □ 개선방안

  ○ 토지소유주에게 시책설명 및 이윤보장 

  ○ 소비자들의 지속적인 방문을 위한 홍보 및 마케팅 강화

  ○ 생산품의 품질확보와 지속적 관리로 소비자 신뢰제고 

  ○ 주민들이 편안하게 휴식할 수 있는 쉼터 조성 


 □ 시책효과

  ○ 전국 최고 수준의 횡성 농․축산물 현지 판매로 전국제일 

     청정명품 이미지(Green Premium)제고와 지역경제 활성화

  ○ 강림면 녹색성장의 신성장동력 확보

  ○ 청정자연과 지역소득 창출로 살맛나는 강림발전에 이바지

  ○ 기피지역(축사)주변을 청정명품농․축산물관광단지화한 

    역발상으로 축사인근주민 민원 감소 및 명품축산물 이미지 극대화

  ○ 관광객들이 쉬어갈 수 있는 쉼터조성으로 청정강림이미지제고 및 농산물 마케팅 효과 증대",,,NA,20240125,NA
풍수원 수구대 계곡 차별화 테마 조성,행정/자치/안전,,답변완료,2010-12-12,2015-03-12,횡성군,"□ 현 황

  ○ 406호선의 약5km 계곡이 도로와 인접 

  ○ 특색없는 거리의 전형 

  ○ 미개발 상태로 방치 


 □ 문제점

  ○ 무분별한 가로수 식재

  ○ 특색없는 거리의 전형

  ○ 마을 소득과 연계할 수 없는 환경 


 □ 개선방안

     풍수원 성당 주변에 자연생태, 천연 상태의 훌륭한 계곡이 있는 상황이지만 그러나 미 개발 방치상태인 관계로 수구대 계곡주변을 정비하여 유적지 풍수원성당과 벨트화로 풍수원 수구대 계곡으로 명명하고 계곡 주변을 특색 있는 이벤트 테마 공원으로 조성하여 관광자원화


   1. 풍수원계곡을 포함한 환형 도로를 이용한 마을단위 마       라톤 구간개발",,,"※ 검토 결과


  ○ 유현문화관광지(풍수원성당) 조성사업

     - 기간 : 2002 ~ 2016

     - 위치 : 서원면 유현리 1100번지 일원

     - 사업내용 : 기반시설, 가마터, 원터, 강론광장, 유물전시관, 옥외화장실 등

     - 제안 검토 결과

       ＊ 본 유현문화관광지 조성사업은 순례객 및 관광객들에게 휴식 및 힐링의 공간으로 조성된 사업으로 

           이벤트 테마공원 조성은 본 사업의 취지에 맞지 않는 것으로 사료됨",20240125,NA
 자연휴식년제 지정운영,행정/자치/안전,,답변완료,2010-12-12,2015-03-12,횡성군,"□ 현 황

  ○ 여름 행락철 래방객이 계곡 규모에 비해 많음. 

  ○ 하천 및 산지에 오염정도가 지나침

  ○ 마을관리 휴양지 해제후 관리 되지 않코 있음. 


 □ 문제점

  ○ 기업관광도시과에서는 오토캠핑장만 2인이 관리

  ○ 규모에 10배가 넘는 곳을 갑천면에서는 1인이 단속 및 계도

  ○ 단속에 참여하는 자의 규정과 방법등의 부재로 단속 미미

  ○ 마을의 문제점을 지속적으로 제기


 □ 개선방안

  ○ 자연휴식년제 지정외의 구역은 자율적으로 활용관리

  ○ 지역주민의 토지와 휴양 시설은 당사자가 관리",,,"○ 병지방캠핑장은 오토캠핑장으로 조성되고 있으며, 금년도 1차 캠핑장 조성사업이 완료되고, 2차 캠핑장 

    조성이 진행되어 2016년에 완공될 예정입니다.

○ 병지방 오토캠핑장의 관리는 직영 또는 위탁공모를 통해서 관리감독을 하게 될 예정으로 부대시설, 사용료 징수 등의 관리가 이루어질 계획입니다.",20240125,NA
아름다운 거리 조성을 위한 간판정비사업 개선,행정/자치/안전,,답변완료,2010-12-12,2015-03-18,횡성군,"□ 현 황

  ○ 기정비 : 횡성읍외 5개면(우천, 청일, 강림면 미정비)

     ․ 정비지역 : 횡성재래시장 및 각 면소재 중심 상가지구

  ○ 관주도의 예산(보조금) 투입형 사업으로 전시행정 전략사업

     ․ 투자형태 : 보조(국,도,군비) 80%, 자부담 20%

  ○ 사업추진

     ․ 특정지역을 시범사업지구 임의선정 후 주민참여 유도

     ․ 간판디자인 전문가(공공디자인)에 용역의뢰 후 사업추진


 □ 문제점 

  ○ 도심의 특정지역에 대한 보조사업 실시로 소외지역 반발

  ○ 정비지역에 대한 사후관리 미흡으로 도시미관 저해 간판 난립 

  ○ 상급기관의 정책에 따른 경쟁적인 사업추진 우려

  ○ 주민의 자발적 참여를 위한 제안 및 아이디어 공모 미흡

  ○ 미 참여자에 대한 향후 사업 참여를 위한 제도적 장치 미흡  


 □ 개선방안

  ○ 읍․면 단위별 도심가․도로변 등 순차적 정비로 주민공감대 형성  

  ○ 광고물 난립방지를 위한 정비지역을 특정구역 지정(조례 제6조) 

  ○ 건축물 특성․업소별 특성을 최대한 살리면서 주변 환경과

     조화를 이루는 정돈된 도시미관유지 계획수립으로 경제활성화

  ○ 간판정비 미실시자 규정간판 미설치시 신고(허가) 제한(법 정비)",,,사업의 기대효과등을 감안하여 추진중,20240125,NA
우리지역 지킴이 운영,행정/자치/안전,,제안추진,2010-12-12,2015-03-31,횡성군,"□ 현 황

  ○ 노인일자리 참여자 주3회 (1일 4시간) 도로변, 하천변 등 환

     경정화 활동 참여

  ○ 노인일자리 참여자 노령화로 이동수단이 없어 버스 등을 

     이용 면사무소 등에 집결하여 참여활동 후 귀가


 □ 문제점

  ○ 노인일자리 참여자 도로, 하천변 환경정비 주 역할을 하고 

     있으나 고령화 등으로 사업의 실효성이 떨어지고 이동수단 

     등이 없어 참여자 어려움 호소

  ○ 봄, 가을철 산불감시요원을 배치 산불예방 활동 펼치고 있으

     나 산나물 채취 등 외지인이 출입이 많아 산불 예방단속 허

     점 노출

  ○ 봄, 가을철 영농으로 집을 비운 사이 빈집털이 피해 발생


 □ 개선방안

  ○ 봄, 가을철 산불 발생 우려 기간 (금,토,일)에  노인일자리

     참여자 마을별로 3-4명 주요 길목 지킴 활동 

    - 외지인 주요 출입 시간대 금,토,일 오전 마을 길목 지킴후

      귀가 조치

  ○ 영농철에도 봄, 가을철 산불예방 활동과 연계 추진으로 빈집 

     털이범 예방",,,"1. 먼저 횡성군정에 많은 관심을 가져 주심을 감사드립니다.


2. 노인 사회활동지원(구.노인일자리) 사업은 노인에게 일을 통한 소득보충과

    적극적 사회참여 및 건강증진을 목적으로 이미 2015년 사업은 도 및 보건복지부

    그리고 한국노인인력개발원에서 올해의 사업을 심사, 평가받아 실시하있습니다.


3. 귀하께서 제안하신 우리지역지킴이(산불감시, 영농철 범죄예방)는

   2016년 신규사업으로 채택하여 시행을 검토하겠습니다.


4. 다시한번 횡성군청에 관심을 가져 주시고 좋은 제안을 해 주셔서

    감사드립니다.",20240125,NA
노인들을 위한 상점 간판  ,행정/자치/안전,,답변완료,2010-12-12,2015-03-18,횡성군,"□ 현 황

고령화시대로 접어들면서 횡성군에도 노인인구가 늘고 있다.

그리하여 노인들이 불편함이 없도록 한눈에 볼 수 있는 거리의

간판들을 만들면 어떨까 해서 제안한다.


 □ 문제점

 상점주인들이 자비를 들여서 과연 만들것인가? 


 □ 개선방안

아래의 사진은 서유럽으로 배낭연수 갔었을 때 스위스의 한 

식당간판이다. 노인들을 위한 간판이라고 한다. 

높게 올라가 있는 캐릭터 간판은 멀리서도 잘보이고 식당이라는

게 한눈에 들어온다",,,"현재의 간판은 필요에 의하여 실사,도안등..다양한 방법으로 표현하고 있으며

가로,돌출간판외의 옥상간판등의 설치는 제한이 따름에 따라 반영이 어려운 실정임",20240125,NA
다문화 가정 주치의 제도,행정/자치/안전,,답변완료,2010-12-12,2019-01-24,횡성군,"□ 현 황

  ○ 이질적인 문화와 언어 장벽 속에서 건강생활보다는 

     생활유지에 급급

  ○ 바쁜 농사일이나 가정생활로 아동의 건강 상태 방치

  ○ 피부색이나 이방인이라는 터부시로 고립되어 각종 건강

     정보나 지식에서 격리

 □ 문제점

  ○ 한국어 도우미의 도움으로 가까운 보건소나 의료기관을 방문 급한 질환은 치료가 되나 오래도록 진행되는 만성질환이나

    아동의 구강건강(충치나 잇몸병)경우 정기적이고 지속적인 관리가 안 되어 방치, 성장속도를 느리게 하고 있음

  ○ 건강교육의 경험이 없어 가정생활 속에서도 건강은 건강할 때 지킨다는 건강생활의식 없음

 □ 개선방안

  ○ 각 해당 읍면에 파악되어있는 다문화 가정을 분기에 한번씩 방문이나 전언 후 내소시켜 가정주치의(내과.치과)제도를 실행하여 다문화 가정 아동의 경우 성장속도나 치아건강상태 검진. 해당가정에 한하여서는 주치의처럼 관리

  ○ 건강생활의 사각지대에 놓인 다문화가정의 건강교육 실시로

     실생활에서 건강 생활을 실천 할 수 있도록 독려

  ○ 정기적 건강검진 후 이상이 있을시 유관기관과 협조 연계치   료를 받게 한다

  ○ 분기 검진 중 각종 건강생활 정보제공

  ○ 1990년대 이후 늘어나는 국제결혼으로 단일 민족이라는 말이 사라진지 오래되었다. 여러 가지 문화가 뒤섞인 사람들이 만났지만 이제는 더불어 사는 녹색청정도시 횡성을 만들어

    가야 할 때다",,,"안녕하십니까? 군민건강증진 향상에 관심을 가져주심에 깊이 감사드립니다.

귀하께서 제안하신󰡒다문화 가정 주치의 제도“ 건에 대하여 답변을 드리고자 합니다.


1. 각 해당 읍․면의 다문화 가정을 분기에 한번씩 방문이나 전언후 내소시켜      가정주치의(내과․치과)제도를 실행하여 다문화 가정 아동의 경우 성장속도     나 치아건강상태 검진, 해당가정에 한하여서는 주치의처럼 관리하자는 제안     에 대해서 답변드리겠습니다.


  가. 아동의 성장속도나 건강체크 등을 위해서는 전문 소아과 전문의의 진료         및 관리가 필요합니다. 현재 보건기관에는 공중보건의가 근무하고 있으며,        횡성군 9개 보건기관을 통틀어 소아과 전문의는 전무한 상태입니다. 보건        기관에서 다문화가정의 가정주치의 제도를 위하여 소아과 전문의를 영입        하는 것은 재정상의 많은 어려움이 있을 것으로 사료됩니다.


  나. 국가검진사업에서 현재 영유아 건강검진을 무료로 실시하고 있으므로, 해        당 연령의 소아는 소아과 전문병(의)원 검진기관에서 정기적 검진을 받는        것이 훨씬 안전하고도 효율적․효과적인 방법이라고 사료됩니다.


 2. 다음은 건강생활의 사각지대에 놓인 다문화가정의 건강교육 실시로 실생활      에서 건강생활을 실천 할 수 있도록 격려하자는 제안에 대하여 답변드리겠      습니다.


   나. 현재 횡성군 보건소에서는 다문화가족을 위한 다양한 기 프로그램을 운         영하고 있어 건강생활실천 향상에 적극 노력하고 있습니다. 

       - 다문화가구 방문건강관리사업

       - 다문화가구 임산․출산관리, 영양플러스 사업

       - 다문화 이주여성대상 어린이 국가예방접종사업

       - 다문화가정 부부 건강검진 운영

       - 다문화가정 대상 저소득층 기저귀·조제분유 지원사업

       - 다문화가정 건강생활실천사업, 구강보건사업 등

       - 2019년 아동 치과주치의제도(강원도주관 공모사업) 

   나. 또한 횡성군에서는 “건강가정·다문화가족지원센터”가 운영되고 있어 가족        관계․가족돌봄․가족생활․가족과 함께하는 지역공동체 등의 다양한 프      로그램 및 사업을 체계적으로 운영하고 있어, 다문화가정의 사회참여 확        대와 지역사회 정착, 삶의 질 향상을 위해 부단히 노력하고 있습니다.



    귀하의 소중한 의견에 감사드리며, 2018년 12월말 기준 횡성군 다문화인구      가 횡성군 전체 22,411 세대의 14.2% 를 차지하고 있는 만큼, 매년 증가하는      다문화가정이 소외되지 않도록 촘촘하고 다각적인 서비스 제공을 위해 더욱      더 노력하겠습니다.


    항상 건강하시고 행복하시길 기원합니다. 감사합니다.",20240125,NA
특수차량을 이용한 이동보건소 확대운영,행정/자치/안전,,답변완료,2010-12-12,2019-01-17,횡성군,"□ 현 황

  ○ 민선5기 공약사항과 관련 이동보건소 확대 운영 필요 

  ○ 의료취약지역 주민에게 실질적이고 전문화된 의료서비스 요구  

  ○ 식품위생업소 종사자 건강진단서 보건소에서만 발급

□ 문제점

  ○ 공약사항 시행시 예산 및 인력확보 어려움

  ○ 적극적이고 전문화된 방문보건사업 필요 

  ○ 직제개편으로 인한 조직원 감축 및 공중보건의 감소에 따       른 인력난   

  ○ 보건증 발급을 위해 군보건소를 방문하는 시간적 경제적 불편  

□ 개선방안

  ○  특수차량 및 전문인력을 이용한 실질적인 이동보건소 운영

  ○ 예산확보방안 : 공약사업 소요예산을 대체 활용

  ○ 차량확보방안 : 방역용 봉고트럭과 노후된 앰뷸런스 1대                      정수 변경

  ○ 인력확보방안 : 공중보건의 활용, 물리치료사 1명 공채 또는 계약직 1명 채용

  ○ 운영방법: 9개 읍면을 2개 구역으로 분할하여 정기적으로 순회하며 X-선 촬영 및 물리치료도 실시

□ 기대효과

   ○ 찾아가는 사업으로 전환함으로써 보건소 이용에 대한 주민 불편해소  

   ○ 실질적인 인력관리 도모 및 장기적인 예산절감

   ○ 공약사업을 적극 실천하고 보건소를 이용하는 주민에 대한 욕구충족으로 “다 함께 살맛나는 횡성”을 실현",,,"1. 안녕하십니까? 군민건강증진 향상에 관심을 가져주심에 깊이 감사드립니다.

2. 귀하께서 제안하신󰡒특수차량을 이용한 이동보건소 확대운영“ 건에 대하여 답변    을 드리고자 합니다.


  가. 횡성군은 면단위의 취약한 의료환경을 보완하고, 통합적인 보건의료서비스

      를 제공하고자 2017년 3월부터 현재까지 이동보건소를 기 운영하고 있습니다. 


  나. 2018년 7월부터는 2.5톤 윙바디 특수차량을 구입하여, 관내 취약지역을 중심으로 무료진료(내과․한의과), 기초건강측정, 건강상담, 건강체험 등 현장중심의 통합보건의료서비스를 제공하고 있으며, 2017년도에는 총 18회, 2018년도에는 총 34회의 이동보건소를 운영한 바 있습니다.


3. 다음은 식품위생업소 종사자 건강진단서 발급 건에 대하여 답변드리겠습니다.


   가. 식품위생업소 종사자 건강진단(보건증)은 9개 보건기관 중 방사선실과 임    상검사실이 배치되어 있는 보건소에서만 검사가 가능합니다. 귀하의 제안    대로 9개 읍․면을 2개 구역으로 분할하여 정기적으로 순회하며 X-선 촬    영 등을 실시하는 방법도 매우 좋은 제안입니다.


  나. 그러나, 보건증 발급이 시급한 민원인의 입장에서는 상시 검사가 가능한    군보건소에서 검사하여 보건증을 하루라도 속히 발급받는 것이 훨씬 만족   도가 높은 것으로 사료되며, 이동 보건증 검사를 위하여 방사선사와 임상   병리사를 별도 채용하는 것이 현재에는 군재정 및 인력운용 상의 어려움   이 매우 클것으로 사료됩니다.


  다. 다행히, 2018년 12월부터 보건증의 발급이 소속면 보건지소 뿐만 아니라,   타 시군에서도 발급이 가능하여 민원인의 편리성이 훨씬 개선되었습니다.


     귀하의 소중한 의견에 감사드리며, 제안하신 “특수차량을 이용한 이동보건소 확대운영”에 보다 적극적인 보건행정으로 질향상을 위해 노력하겠습니다. 


     항상 건강하시고 행복하시길 기원합니다. 감사합니다.",20240125,NA
독립형 태양광 발전 가로등 설치사업,행정/자치/안전,,답변완료,2010-12-12,2015-03-13,횡성군,"□ 현 황

  ○ 현재 농촌 및 도심에 설치되어 있는 가로등의 전기요금은 군에서 납부하고 있음


 □ 문제점

  ○ 장기적이고 계속적으로 사용되어지는 가로등의 전기요금을     절약할 수 있는 새로운 방법이 필요함

  ○ 새로운 가로등 신설시 선로매설작업등이 추가되어야 함 


 □ 개선방안

  ○ 청정에너지인 태양광을 이용하여 범국가적인 에너지 절약     사업에 선도적 역할을 할 수 있음

  ○ 태양전지판을 이용하여 주간에는 변화된 전기에너지를 축전지에   저장하였다가 야간에 가로등 전원으로 이용하는 태양광 발전   시스템의 도입이 필요한 시기임.

  ○ 초기비용이 다소 소요되더라도 장기적인 에너지절약 및 탄소  배출축소등에 관한 비용이 상계할 것으로 판단됨.",,,"- 군정발전을 위해 관심을 보여주신데 대해 감사에 말씀을 드립니다.

- 상기 의견에 대하여 우리군은 에너지 고효율기자재 LED가로(보안)등 교체사업을 검토진행중에 있음을 알려드립니다.",20240125,NA
"병지방 계곡 등 간이화장실, 쓰레기 처리 개선",행정/자치/안전,,답변완료,2010-12-12,2015-03-12,횡성군,"□ 현 황 

  ○ 매년 여름철이면 우리군을 찾는 피서객들이 증가하고 있으나 

     병지방, 신대, 속실계곡 등에 설치된 간이 화장실은

     대부분 재래식 화장실로 찾는 방문객들로 하여금

     좋지 않은 인상을 주고 있으며 

  ○ 노상 방뇨, 무단 쓰레기 투기 등으로 소중한 자연 자원을

     훼손하고 있음

  ○ 또한 대부분의 방문객은 본인 지역의 대형마트에서 

     먹을 꺼리를 구입하여 오고 있어 실질적인 지역경제에는

     큰 도움이 되지 않고 있음.


 □ 문제점

  ○ 수많은 방문객리 사용하는 재래식 간이화장실로 인하여 

     청정녹색도시 횡성의 이미지 실추  

  ○ 쓰레기 무단투기, 노상방뇨 등으로 자연환경 훼손

  ○ 수많은 방문객들이 피서철이면 우리군을 방문하고 있으나

     우리 지역에서 소비 할 수 있는 시스템이 부족


 □ 개선방안

  ○ 간이화장실의 일부를 현대식으로 변경 설치하되

     화장실과 샤워장 사용료 징수로 화장실 관리 및 환경정비

     활동비 등 지역발전기금 사용 ( 1인 1회 사용료 1,000원 )

  ○ 실질적인 지역경제에 도움이 되도록 농산물 판매  가판대

     설치 등 대책 마련 필요",,,"현재 병지방캠핑장의 경우 어답산관광지 조성계획으로 사업이 추진되던 중 2013. 12월 사업계획 변경으로

오토캠핑장 조성사업으로 진행되고 있는 사항입니다.


금년 1차 캠핑장 조성이 완료되며, 향후 2차캠핑장까지 조성되어 병지방을 찾는 관광객들에게 편의를 제공

할 것으로 화장실 및 샤워실 등 부대시설까지 확보하여 진행되고 있는 사항입니다.",20240125,NA
민원인 전용 셔틀버스 운행,행정/자치/안전,,답변완료,2010-12-12,2015-04-10,횡성군,"□ 현 황

  ○ 면에 거주하는 군민들, 특히 노인분들은 교통이 불편하거나

     거동이 불편하여 민원을 위해 군청을 찾는것이 쉬운일이 아

     님.



 □ 문제점

  ○ 따라서 급한 민원이 있거나 중요한 민원이 있어도 시기를 놓   치거나 포기하는 경우도 생김  


□ 개선방안

  ○ 하루 2회(오전, 오후) 교통이 불편한 지역을 중심으로 셔틀버스를 운행하고 긴급민원 신청건에 대해서는 차량을 즉시 제공해 민원을 해결하는데 시간을 절약하고 불편함이 없도록 개선.",,,"안녕하십니까? 군정에 적극적인 참여와 관심을 보여주신 귀하께 깊은 감사를 드립니다.

 귀하께서 제안하신 사항은 중장기적으로 검토가 필요한 사안입니다.  

 추후에도 좋은 의견 있으면 제안하여 주시기 바랍니다. 감사합니다. 끝.",20240125,NA
명예야생동.식물 보호원 위촉 운영,행정/자치/안전,,답변완료,2010-12-12,2019-01-18,횡성군,"□ 현 황

  ○ 야생동물 구조.치료민원 요청시 군청 환경산림과에서 민원접   수후 현장출동하여 야생동물 구조 및 치료가 필요한 야생동   물은 원주가축위생시험소남부지소나 춘천강원도야생동물구조   관리센타로 인계

  ○ 주말이나 공휴일에는 군청 당직실에서 민원 접수후 야생동물

     담당자에게 연락하여 담당자가 민원과 통화후 현장출동하여

     야생동물 인수후 평일날(공휴일은 불가) 원주가축위생시험소

     남부지소나 춘천강원도야생동물구조관리센타로 인계


 □ 문제점

  ○ 횡성군 전역에서 발생되는 야생동물 구조 민원을 횡성군청

     야생동물담당자 1명이 처리하다 보니, 구조 차량 및 운반과

     정이 미흡하고,

  ○ 특히 주말에는 담당자가 야생동물을 구조하는데 상당한

     시간이 소요되며, 보관장소가 마련되어 있지 않음

  ○ 원주가축위생시험소남부지소나 춘천강원도야생동물구조센타   직원들이 근무하는 낮시간(09:00〜18:00)외에는 야생동물 담

     당자가 야생동물을 구조하더라도 보호 및 치료할 수 있는 시   설이 없어 직원들 근무시간까지 기다렸다 인계하여야 함


 □ 개선방안

  ○ 각 읍면별로 야생동물 보호 관련단체 회원이나 야생동식물

     보호에 경험이 많은 지역주민을 한명이상 지정, 명예 야생

     동.식물 보호원으로 위촉하여 야생동.식물 구조 및 보관(일시)",,,"1. 안녕하십니까? 제안 참여에 감사드리며 귀하의 제안에 대해 다음과 같이 회신하여     드립니다.


2. 최윤정님께서는 각 읍면별로 야생동물 보호 관련단체 회원이나 야생동식물 보호에     경험이 많은 지역주민을 한명이상 지정, 명예 야생 동·식물 보호원으로 위촉하여      야생동·식물 구조 및 보관과 관련하여 제안해주셨습니다.


3. 동물보호명예감시원은 동물의 학대 방지 등 동물보호를 위한 지도·계몽 등이 필요할     경우 법에서 정한 교육과정을 수료하고 동물보호단체 등의 추천을 받거나 일정한      자격을 갖춘자에 대하여 농림축산식품부장관, 시ㆍ도지사 및 시장ㆍ군수ㆍ구청장이     명예감시원으로 위촉이 가능토록 동물보호법 제41조 제1항에 정해져 있음을 알려드리며


4. 현재 우리 군에서는 야생동물로 인한 피해보상 등에 관한 조례 제 10조(야생동물      포획 및 구조)야생생물 보호 및 관리에 관한 법률 제58조2에 따라 설립된 야생생물     관리협회 또는 비영리법인에 야생동물 구조 활동을 위탁하여 처리 할 수 있다.에      따라 야생동물 구조에 야생동물구조담당자 외 기간제근로자와 야생동식물 보호에      경험이 많은 야생생물관리협회에서 출동 하고 있음을 알려드립니다.


5. 귀하께서 제안하신 내용은 추후 업무에 참고하겠으며, 횡성군 시정에 관심 가져주셔서     감사합니다.  끝.",20240125,NA
에너지 절감형 산란계 LED 점등장치 농가보급,행정/자치/안전,,답변완료,2010-12-12,2019-02-20,횡성군,"□ 필요성

  ○ 닭은 장일성 동물로 점등자극에 의한 산란이 지속되므로

     점등시 전력에너지 소비가 많음

  ○ 점등 광원으로 이용하고 있는 형광등과 백열등은 

     매우 낮은 광변환 효율성으로 큰 문제점을 갖고 있음

  ○ 기존 점등광원인 백열구는 에너지 효율이 낮아 금후 생산

     중단예정으로 이를 대체할 점등광원의 필요성 대두


 □ 추진방안

  ○ LED 뛰어난 에너지 절감과 친환경적 효과로 각광받는 광원

  ○ LED 점등장치의 특정 파장 이용시 생산성 효과 기대

  ○ 사업내용

    - 사업규모 : 30백만원/6개소 (산란계 3만수 이상)

    - 주요내용 : 산란계사 LED이용 사양시스템 설치운영

     ․ LED 활용으로 닭 난소발달이 빠르며 산란자극이 강하게

       일어나 백열전구에 비해 효과적

     ․ LED는 백열전구 비해 수명이 15배이며 소비전력 낮음


 □ 기대효과

  ○ LED 교체 후 에너지 80% 절감, 생산성 8% 증대

  ○ 백열전구 대비 산란수가 19.86개 향상 (59주령 기준)

  ○ 산란계 농가 LED이용으로 연간 7900만원 조수익 증가

     (5만수 기준)",,,제안 신청 접수의 장기간 미처리건으로 불채택 처리합니다.,20240125,NA
시가지 도로변 1화단 가꾸기,행정/자치/안전,,답변완료,2010-12-12,2019-01-10,횡성군,"□ 현 황

  ○ 상점앞 인도에 상품진열 판매 및 노점상 상행위

  ○ 시가지 인도변 대형 화분 설치


 □ 문제점

  ○ 여름철 상점앞 인도에 상품진열 판매 및 노점상 상행위로 

     주민 통행 불편 및 시가지 미관저해

  ○ 상점앞 차량 불법 주정차로 차량통행 불편

  ○ 인도상에 설치한 대형화분 적기 관리 어려움


 □ 개선방안

  ○ 통나무, 벽돌, 건축자재 등으로 자기집 앞이나 상점 앞에 가   로등 또는 가로수 아래 화단을 직접 꾸미고 관리하여 도시미   관 개선 및 아름다운 내집앞 가꾸기 참여

  ○ 인도 상품진열 판매 및 노점상 상행위 근절 효과",,,"귀하의 좋은 의견 감사합니다

귀하께서 등록하신 내용은 단순한 건의사항 및 개선방안 또는 그 기본구상이 널리 알려져 있는 제안으로 국민제안규정의 심사항목인 실시가능성, 창의성, 효율성 및 효과성, 적용범위, 계속성 등을 평가하기는 어려울 것 같습니다. 

귀하의 의견은 제안요건을 갖추지 못하여 불채택함을 양해바라며 댁내 건강과 행복이 늘 함께 하시기를 기원합니다. 감사합니다.",20240125,NA
긴급복지 지원대상자 사후관리 효율화 방안 ,행정/자치/안전,,답변완료,2010-12-12,2015-04-01,횡성군,"□ 현    황

  ○ 긴급복지지원은 선지원후 기준에 부적합 할 경우 지원금 회수  

  ○ 통상적으로 신청인의 상담만으로 지원 결정하여 지원금 집행

  ○ 의료비 지원시 대부분 지역주민 또는 대리인 신청서 제출 


 □ 문 제 점

  ○ 지원대상 부적합으로 조사된 경우 선지원금을 회수하여야 하나 

     지원금 회수에 어려움이 많음

    (신청인 대부분 일상생활이 매우 어려운 가구임)   

  ○ 지원대상자 재산 및 소득(금융) 조회후 공적자료 회신기간이

     장기간 소요됨으로 업무처리 지연


 □ 개선방안

  ○ 처리기간이 접수 즉시 처리하여야 함으로 인해 지원기준(재산,

     소득, 금융재산)을 파악할 시간적인 여유가 없음으로 일방적인 

     지원을 하다 보니 지원금 회수 문제가 발생 됨으로 공적자료 

     회신 확인후 지원토록 개선

     (생계비,의료비 지원이 대부분으로 긴박한 사항은 예외적으로 

      처리가 가능하다고 판단됨)

  ○ 신청 상담시 해당지역 리장이나 지역주민의 의견을 충분히    

     반영하여 실질적으로 생계가 어려운 가구 지원",,,"안녕하십니까? 제안참여에 감사드리며 귀하의 제안에 대하여 다음과 같이 회신하여 드립니다. 

진기영 님께서는 긴급복지 지원대상자 사후관리 효율화방안에 대하여 제안해 주셨습니다. 

귀하께서 제안하신 사항을 검토한 결과는 다음과 같습니다.

긴급지원사업의 사후관리 효율화 방안은 매우 바람직한 사항이나 긴급복지지원법 제 3조와 4조에 의하여 신속하게 지원하는 것을 기본원칙으로 합니다. 

따라서 공적자료 회신 후에 지원여부를 판단하게 되면 긴급복지지원법의 기본취지와 목적에 위배 되므로 현실적으로 도입하기에는 어려움이 있다 사료됩니다. 

제안하신 바대로 신청상담 시 해당지역 이장이나 지역주민의 의견을 충분히 반영하여 실질적으로 어려운 가구에 도움이 될 수 있도록 최선을 다하겠습니다.

긴급복지지원사업에 관심을 가져주신 데에 대하여 감사드립니다.",20240125,NA
노상주차관리원 주차초소 설치,행정/자치/안전,,답변완료,2010-12-12,2015-03-12,횡성군,"▣ 현    황

  ○ 횡성읍내 노상주차 관리요원들이 몸이 불편하시거나 

     연세 드신 분들이 주차요금을 징수하고 있으나  

     근무여건이 열악하여

  ○ 비가 오나 눈이오나 추우나 더우나 의자 하나에 의지한 채 

     하루 10시간 이상을 근무함으로서 근무자들의 신체적 

     정신적으로도 힘든 현실이며 

  ○ 이 분들의 근무방법이 미간 상으로도 보기가 안 좋고, 

     운전자나 외지인들이 보는 시각이 좋지 않은 상황임


 ▣ 개선방안

  ○ 주차관리 요원들의 주차초소를 설치하여 주차관리 여건을 

     개선함으로서 비인격적인 처우를 개선하고

  ○ 주차관리 요원복장을 지원하여 정복을 착용함으로서

     주차징수요원에 대한 운전자들의 비하의식을 불식시키며

  ○ 미간 상으로나 효율적인 주차관리를 위해 개선이 필요함


 ▣ 주차초소 설치내용

 ․ 사이즈 : 0.9m(폭)X1.8m(길이)

            X2.3m(높이) 사각형 

 ․ 재  질 : 갈바 및 유리창문

 ․ 전기설치로 선풍기 또는 히터 설치

․소요예산 : 개당 220만원

 ※ 타 시․군 설치사례가 있음",,,기검토 사항으로 관련부서 검토완료,20240125,NA
할머니 태권도단 운영,행정/자치/안전,,답변완료,2010-12-12,2015-03-10,횡성군,"□ 개    요

   ○ 시    기 : 2011. 1부터(년중)

   ○ 운영주체 : 횡성군(생활체육회)

   ○ 대    상 : 관내거주 65세 이상 여성노인

   ○ 인    원 : ○○○명


 □ 운영방법

   ○ 지도방법

     1안) 강사선발 : 생활체육지도자(태권도분야) 1명 신규채용

     2안) 생활체육프로그램으로 운영

   ○ 강습장소 : 실내체육관

   ○ 소요예산 : 20백만원˜35백만원 / 년간

      → 체육지도자 인건비 or  생활체육교실 운영 지원비


 □ 향후계획

   ○ 할아버지 태권도단 운영

     → 할머니 태권도단의 운영효과를 분석한후 확대여부 판단

     - 예시) “할멈․할범 태권도단” 으로 확대 운영


 □ 기대효과

   ○ 횡성만의 독특한 “생활체육” 양성  → “남과 다른 생활체육”

   ○ 생활체육을 통한 활기찬 노후생활 도모",,,"안녕하십니까? 제안 참여에 감사드리며 귀하의 제안에 대해 다음과 같이 회신하여 드립니다.


우리군에서는 고령화사회를 맞이하여 노인복지향상을 위하여 다방면으로 노력하고 있으며 유사한 취지의 사업을 추진하고 있습니다.

귀하의 제안을 수용하지 못한점을 널리 이해해 주시기 바라며, 앞으로도 많은 제안 부탁드립니다.",20240125,NA
 LED 현수막 설치 활용,행정/자치/안전,,답변완료,2010-12-12,2015-03-18,횡성군,"□ 현 황

  ○ 청내 각종 집회 등에 게첨되는 현수막이 직물로 제작되어

     1회사용에 그침

  ○ 대회의실, 소회의실, 의회 및 정문 등 4곳에 제작활용되는

     1회용 현수막은 년간 400개 이상으로 판단


 □ 문제점

  ○ 년간 약 2,400만원 정도의 예산이 현수막 제작비용으로

     사용되어 낭비를 초래하고 있음

     - 년간 400개 × 60,000원 = 24,000,000원


 □ 개선방안

  ○ LED 조명(칼라)을 활용한 현수막을 제작 반영구적으로

    사용함으로써 예산절감 기대",,,공공시설물 유지관리부서에서 판단 설치하여할 사항임,20240125,NA
식품관련영업신고 택배 서비스 제공   ,행정/자치/안전,,답변완료,2010-12-12,2015-03-13,횡성군,"□ 현 황

○ 식품관련영업 - 식품접객업(일반음식점, 휴게음식점, 단란․ 유흥

   주점), 식품제조․가공업 등 15개 업종

○ 식품관련영업신고 절차

  신청서작성 → 접수 → 서류검토 → 결재 → 신고증발급 → 

  신고인 수령 (읍, 면사무소 직접 방문)


□ 문제점

○ 영업으로 인한 바쁜 시간에 신고증 수령으로 불만 요소 잠재


□ 개선방안

○ 신청서작성 → 접수 → 서류검토 → 결재 → 신고증발급 → 

  택배(우편)로 민원인이 직접 받아 볼 수 있도록 개선.",,,"1. 안녕하십니까? 제안 참여에 감사드리며 국민신문고를 통한 귀하의 제안에 대해 다음과 같이 회신하여 드립니다.


2. 귀하께서는 ‘식품관련영업신고시 영업자를 위한 영업신고증 택배서비스를 제공하자’는 내용으로 제안해주셨습니다.


3. 귀하께서 제안하신 사항을 검토한 결과는 다음과 같습니다.


  가. 현재 식품관련영업신고는 즉시(3시간이내) 처리 민원으로서 접수시 즉시 처리하여 영업신고증을 발급 교부하고 있습니다.


  나. 따라서 택배서비스보다 더빠른 민원접수처리가 이미 시행되고 있는 사항으로 택배서비스는 불필요하다 판단됩니다.


4. 위와 같은 사유로 귀하의 제안은 불책택되었음을 널리 이해하여 주시기 바라며, 이밖에 문의사항은 횡성군 보건소(033-340-5694)에 연락주시면 성심성의껏 답변해 드리겠습니다. 감사합니다.",20240125,NA
출생신고방식 개선,행정/자치/안전,,답변완료,2010-12-12,2015-05-08,횡성군,"□ 현    황 

  ○ 아이를 출산하면 병원에서 출생증명서를 첨부하여

     관할 읍.면사무소에 1개월내에 신고서2부를 작성하여 신고

     하여야 함


 □ 문 제 점

  ○ 배우자가 없는 싱글맘이나 산모외 배우자나 가족(친인척)등이

     있어도 출장, 교육 등 다양한 사유로 신고를 할 수 없는

     상황으로 출생신고 기간이 지나서 신고를 해야하는 경우

  ○ 산모가 직접 읍.면사무소를 방문하여 신고하는 경우

  ○ 배우자가 있어도 일과시간에 외출이나 연가를 달고 읍.면사무소

     를 방문하여 신고해야 함


 □ 개선방안

  ○ 제 1 안 

    - 산부인과 또는 산후조리원에 출생신고서 양식 및 출생신고서함

     을 비치하여 

    - 병원 또는 조리원에 비치된 출생신고서를 산모나 가족이 작성

     하여 비치된 출생신고함에 넣어두면 관공서에서 수거

   ※ 횡성군은 산부인과 및 조리원이 없지만 해당 시군청에서 

      해당(담당)시.군으로 송부함 

  ○ 제 2 안 

    - 출생신고를 온라인 하여 병원에서 발급하는 출생증명서를

     전자파일로 온라인으로 발급할 수 있도록 하여 관할 관공서

     홈페이지 출생신고 접수란에 전산 접수될 수 있도록 함

     (전산접수시 공인인증서로 부모임을 인증할 수 있도록 함)",,,서신답변완료,20240125,NA
버스정보시스템(BIS)구축 및 버스 정류장별 시간표 안내판 설치,행정/자치/안전,,제안추진,2010-12-12,2015-04-10,횡성군,"□ 현  황

  ○ 버스는 대중교통 이용수단으로 많은 군민이 이용하고

     있는 실정임

  ○ 정류장에 버스정보시스템(BIS)가 구축되어 있지 않음

     ☞마을단위의 버스정류장에는 시간표 안내판마저 없는

       실정임

  ○ 요즈음에는 버스정보시스템(BIS)을 구축하는 지자체가

     증가하고 있는 상태임

     ex>수도권지역, 원주시, 경기 연천군(우리군과 인구 비슷)

 □ 문제점

  ○ 일시의 버스정보시스템(BIS)구축으로 인한 재정적 부담

     요인 초래

  ○ BIS미 구축 및 시간표 미 부착으로 무작정 버스를 기다

     리는 불편초래 및 민원야기

 □ 개선방안

  ○ 버스 이용자가 많은 정류장에 대한 우선 BIS 시범적 설치

     ☞축협, 시계탑, 농협앞, 로타리, 읍면소재지 등 등

  ○ 기타 마을 소재지 정류장에 대하여는 버스시간표 안내

     표지판 설치

 □ 기대효과

  ○ 이용자에 대한 버스정보를 실시간 제공하여 군민편익

     증대 및 민원불편 해소

  ○ 대중교통 이용 활성화 도모 및 이미지 개선

  ○ 버스 이용자의 증가유도로 군예산 절감효과 거양(손실보상금)

     󰁾 “다 함께 살맛나는 횡성” 구현 기대",,,"대중교통 업무에 관심을 가져주신 귀하께 감사드립니다. 

귀하께서 제안하신 BIS시스템은 이미 대도시의 시내버스 운영에 사용되고 있으며,

횡성군은  2014년 생활권 선도사업으로 선정됨에 따라 2015년 현재 원주~횡성간 광역버스정보시스템 구축사업을 시행하려고 합니다.

올해 구축사업이 완료되면 군민들에게 많은 도움이 되리라 기대하고 있습니다. 앞으로도 많은 관심 부탁드립니다.",20240125,NA
광고물 정비에 민간업체 참여로 함께하는 행정 실현,행정/자치/안전,,답변완료,2010-12-12,2015-03-18,횡성군,"□ 현 황

  ○ 불법 현수막 설치, 광고전단 등의 부착이 지속적으로 증가 

  ○ 불법광고물이 ‘청정녹색도시 횡성’ 이미지에 많은 악영향 줌


 □ 문제점

  ○ 각종 불법ㆍ불량광고물 정비에 많은 행정력 소모  

  ○ 불법ㆍ불량광고물 환경정비에 민간 참여가 이루어 지지 않음 

  ○ 위험성, 장비부족 등으로 봉사단체의 참여 어려움


 □ 개선방안

  ○ 방법 : 광고물 제작업체 직원이 이동시 불법광고물을 발견하면          차량에 비치된 장비(사다리, 현수막 제거기 등)를 이용  하여 제거하고, 실적 제출

  ○ 진행순서  

    ① 업체 등록 : 광고물 제작업체중 불법광고물 정비 희망 업체 

    ② 등록업체 교육 : 활동범위, 안전사항 등

    ③ 필요장비 지급 : 현수막 제거기, 전단제거용 물품

    ④ 실적 관리 : 업체별 일정기간의 활동내용(목록,사진) 제출

    ⑤ 인센티브 제공 : 우수업체 포상, 보도, 수의계약 우선순위,                        물량배정시 고려 등 

  ○ 효과 : 광고물 제작업체의 자율참여로 함께하는 군민 참여 행정          의 수범사례, 절약된 행정력 다른 분야에 활용

   ※ 관내 광고물 제작업체 : 19개",,,기 시행중인 사안임,20240125,NA
"소회기 사용방법, 공익광고방송으로...",행정/자치/안전,,답변완료,2010-12-10,2015-02-06,행정안전부,"현 : 화재시 소방차가 도착하기까지  시간이 걸린다.

      불은 작은 불씨에서 화재로 변하는데 화재는 초기에 잡아야한다.

      화재초기에 소화기1대는 소방차1대보다 큰효과가 있을수 있다고 한다.


문 : 집에 소화기가 있지만 소화기를 사용할수있는 사람은 많지 않다.

      특히 연세가 드신분들은 더욱 그렇다.


개 : 우리는 소화기는 어떻게 구입하고 어떻게 사용하는가를 알아야 한다.

      소화기는 생활 필수품이라는것을 인식해야한다.

      소화기사용방법을 아는사람도 화재시 당황하게 되어 소화기 사용이 제대로 되지않는다.

      공익광고방송으로 소화기사용법을 계속 반복한다면 자연스럽게 사용방법이 숙지 될것으로 보인다.

      특히 화재가 많이 발생하는계절에는 꼭  광고가 필요할것으로 생각 된다.",,,"안녕하십니까? 

우리 처 홈페이지를 방문해 주신데 대하여 감사드리며, 제안하신 내용에 대하여 다음과 같이 답변드립니다. 


우리 처에서는 소소심(소화기, 소화전, 심폐소생술) 익히기 국민안전 캠페인을 중점 추진하며,

공익광고, 리플릿, 홈페이지 등 다양한 방법으로 홍보하고 있음을 알려드립니다.


답변내용 중 궁금하신 사항에 대하여는 국민안전처 중앙소방본부 119생활안전과(☏02-2100-0912)로 문의하시기 바랍니다.",20240125,NA
저소득층에 지급하는 연탄 쿠폰의 문제점,식품/보건/복지/가족,,제안심사,2010-12-10,NA,보건복지부,"*현행*

겨울이 되면 동주민센터에서는 구의 복지 예산이나 각계각층의 성금으로 저소득층에게 연탄 쿠폰을 지급합니다.


*문제점*

연탄 쿠폰을 받은 저소득층(홀로 어르신, 한부모 가정 등) 세대 중, 가정 형편이 너무 어려워 쿠폰으로 

연탄을 사지 않고 싼 값에 팔아 현금으로 유용하는 일이 종종 있습니다.


*개선방안*

시나 구청, 동 주민센터에서 지급하는 저소득층 연탄 쿠폰대신 직접 연탄으로 공급하는 시스템을 마련,

규정화하면 좋겠습니다.


*기대효과*

경제적인 보탬을 주기위해 저소득층에게 나눠주는 연탄 쿠폰이 취지대로 사용되어 어려운 이들이

 따듯한 겨울을 보낼 수 있고 복지 예산과 주민들의 성금이 투명하게 활용되어 신뢰할 수 있습니다.",,,NA,20240125,NA
국민기초생활보장법의 목표는 가난의 대물림입니까? 자활입니까?,식품/보건/복지/가족,,제안심사,2010-12-10,NA,보건복지부,"안녕하세요? 저는 현 사회복지학과 2학년에 재학중인 대학생입니다.

다름이 아니라 아무것도 아직 아는 것도 없고 부족하지만

제가 이건 정말 아니지 않는가 해서 이렇게 컴퓨터앞에 나서게 됐습니다.


저는 현 기초생활수급자입니다.

아버지의 교통사고로 인해서 어렸을 때부터 기초생활수급자로 생활했고 

저는 수급비를 받으며 나라의 도움을 받으며 생활했습니다.

아무것도 남지 않은 저희 가정에게 국민기초생활보장법으로 인한 혜택은 

제가 지금까지 자라기에 정말로 큰 도움이 되었고 

지금도 물론 감사하고 있습니다.

이렇게 감사하고 있는 제가 이 곳에 글을 쓰게 된 이유를 

이제부터 말하려합니다.


저는 지금 사회복지를 전공하고 있고 사회복지법제를 배우면서 

제가 수급자 자녀이기 때문에 더 현실적으로 다가오게되었습니다.

그런데 공부하면서 그런 것이 있더군요.


국민기초생활보장법 제 9조 4항에 보면 

생계급여는 보건복지부장관이 정하는 바에 따라 수급자의 소득인정액등을 

감안하여 차등지급할 수 있다.

즉 이 말은 현금급여기준에서 소득인정액을 뺀 보충급여방식으로 지급한다는 것이지요.


그러면 한 가정이 100만원의 급여를 받고 있는데 

그 가정의 소득이 30만원씩의 소득이 생겼다고 하면 급여를 

70만원만 하신 다는 거지요?


이렇게해서 그 가정의 최저생계비를 유지하고 자활을 하게 하겠다

라는 취지는 어느정도 이해 할 수 있습니다.

하지만 그것은 머리로만 이해할 수 있는 거지요.

수급자로서의 생활을 하지 않는 법만드시는 높으신 분들은 

머리로는 이해해서 이렇게 법을 만드시겠지만 수급자들의 삶을 알지 못하기에

이렇게 밖에 하실 수 없으신거 이해합니다.


국민기초생활 보장법의 주요목적은 최저생활을 보장하고 자활을 조성하는 것을 목적이라고 분명 법에는 제시했습니다.


분명 머리로는 보충급여방식을 하면서 꾸준히 지나면 돈을 더벌고 나라의 도움없이 자활하여 최저생계이상의 삶을 살겠다. 라고 생각하시겠지만

머리로 이해하시는 분들의 의견이 아닌 현 몸으로 겪고 있는 저의 의견은 그렇지 않습니다.

과연 이렇게 꾸준히 나에게 돈을 모을 수 있는 기회가 없고 돈을 벌수록 

급여를 줄인다면 과연 어떠한 사람이 돈을 벌겠습니까?


저는 지금 임대아파트에서 생활하고 있습니다. 이곳에서 보면 그러한 사람들이 너무나 많습니다. 어차피 일하면 돈 번거만큼 까서 주는데 뭐하러 일하나

내가 일 안해도 그만큼 편히 살수 있게 주는데...


이게 법을 만드신 현 우리나라의 사회복지법을 개정하고 만드신 분들의 목적입니까?

이렇게 사람들의 삶이 망가져가는 것이 매달 주는 돈만 바라는 이러한 삶이

내가 돈 벌면 뺏는데 모이지 않는데 왜 일해 라고 생각하고 자활을 포기한

이러한 삶이 과거의 사회주의와 뭐가 다릅니까?

일하던 사람들도 내가 일해도 이정도고 일안해도 이정돈데 안해

라는 생각에 자활을 포기하게 될 것입니다.


제가 이렇게 주절주절 말했지만 과연 이 글을 어떻게 보시고 어떻게 처리하실지 너무 궁금합니다.


이제 현실적으로 제가 처한 상황을 적용해서 말씀 해보겠습니다.

저는 현재 방학을 맞이했습니다.

그래서 구청에서 모집한다는 대학생 아르바이트를 신청했습니다.

기초생활수급자자녀와 장애인은 우선선발 한다기엔 

저는 아... 나라가 우리를 위해 배려해주는 구나 너무 감사하다 라는 

생각을 하면서 신청을 했고

오늘 합격했다는 소식을 들었습니다.


하지만 수급자는 대학생아르바이트 사업 참여시 생계비 지원이 감소될 수 있으니 신청에 유의하시기 바랍니다.

라는 주의점을 받아서 저는 연락해서 물어봤지요 어느정도 감소되나

어느정도는 솔직히 생각을 했습니다.


하지만 이게 뭔일입니까

저희 가족이 4인기준으로 110만원정도를 받는데 제가 한달 아르바이트를 하면서

받는 75만원의 30퍼센트를 뺀 나머지 70퍼센트를 생계비에서 차감한다는 것입니다.

그럼 110만원에서 약 50만원 가까이를 차감시키고 저희 생계비는 반정도 벌고 

저는 75만월 받는 거지요

그럼 결국 저는 30일동안 6시간 일하고, 즉 180시간 일하면서 25만원정도 번다고 생각하면 되는 겁니다.


이런 것이 어디있습니까?

대학생이 집안 형편이 어렵기에 아르바이트를 하여 삶에 도움이 되려하는데 이렇게 차감을 한다면 도대체 누가 일을 하겠습니까?

그리고 이럴려면 왜 수급자자녀와 장애인은 우선선발을 하셨습니까? 

차감하여서 돈 주니까 현실적으로 25만원 정도 주니까 돈 조금 주는 거니까

돈 아끼실려고 미리 21명 뽑는 것입니까?


전 오늘 발표확인하고 친구들의 부러움을 샀습니다.

저도 제가 아 좋은 아르바이트 구했구나 라고 생각했습니다.

하지만 집에 도착해서 저는 결국 포기하고 말았습니다.

도저히 이러한 현실에서 이렇게 돈을 벌고 싶지는 않았습니다.


이렇게 해서 어떻게 자활하라고 하는 것이고 언제 자활하는 것인가.

가난을 대물림 하려는 것인가...

결국엔 현실은 이런 것인가.

현실에 대한 분노와 나의 지금이 너무 화가 나서 이렇게 글을 쓰게 되었습니다.


솔직히 말해서 사람은 아무리 자기가 도움을 주려고 하고 저희 같은 사람을 위해

도우려고 법을 제정하고 일한다하여도 자신이 겪지 않고서는 정말 필요한 

큰 도움이 무엇인지 어떤 것이 문제점인지 알 수 없습니다.


저는 사회복지를 공부하고 있습니다.

사회복지를 공부하면서 현실에 대한 많은 문제점도 보았고 

나는 꼭 이러한 것을 바꿔야 겠다 라는 생각도 많이 하고

이럴 수 밖에 없는 현 사회앞에 아무말 하지 못하고 쓰러지기도 했습니다.


존경하는 대통령님과 높으신 분들....

이글 꼭 주의 깊게 봐주시기 바랍니다.

풍족하신 여러분들은 이해 할 수 없을 지 모릅니다.

하지만 자활하고 싶어도 현실이 이렇기에 포기하고 아무것도 하지 못하고 있는

현 21살밖에 되지 않는 대학생이 눈앞에 있고 더 어리고 어려운 사람들이 많이 있습니다.


저는 지금 용기내어 이렇게 글을 씁니다.

제 글이 비록 얼마나 영향을 끼칠치 기대는 하지 않지만 

제발 이글을 읽으시고 우리의 입장에서 다시생각해보시고

정말 바른, 훌륭한 복지국가로 나아가는 대한민국으로 우리나라가 성장하길

소망합니다.",,,NA,20240125,NA
응급 구호 물품 및 응급 대피요령 설명서 핸드폰  메뉴 설정,행정/자치/안전,,답변완료,2010-12-10,2015-02-06,행정안전부,"갑작스런 화재와 테러 등을 대비하는 방법은 알아도 정작 응급 물품을 사용할 줄 아는 사람은 매우 드물다. 더욱이 군필자가 아닌 일반 여성들은 방독면 조차 어떻게 착용하는지 모른 경우가 다반사다.  일반 소화기, 공기호흡기, 방독면, 응급시 지하철 문개폐법, 지하철 소화전 사용법등 일반 국민의 안전을 위해 설치된 응급품을 실제로 사용하게 되는 경우가 드물기때문에 사람들의 관심도가 떨어져 실제로 작동방법을 아는 사람은 적다. 하지만 안전은 항상 미리 대비 햐야하지 않은가? 응급구호품 옆에 설명서가 써 있지만 위급하고 화재가 발생되거나 어두운 상황에서는 사용법을 몰라 안타까운 사고가 생길 수 있다는 점을 간과해서는 안될 것이다. 위급한 상황에 대처하기 위해 핸드폰에 응급 발생 대피요령,비상 탈출법 및 응급 물품 사용법, 내가 있는 지역 대피호 찾기 등을 기본 메뉴로 정해 국민의 안전을 도모한다면 국가 발전 및 국민의 삶의 질을 향상시킬 수 있을 것이다.",,,"안녕하십니까? 

우리 처 홈페이지를 방문해 주신데 대하여 감사드리며, 제안하신 내용에 대하여 다음과 같이 답변드립니다. 


귀하께서 제안하신 응급상황시 대처요령 등은 재난안전포털앱 '안전디딤돌'에서 서비스하고 있음을 알려드립니다.


답변내용 중 궁금하신 사항에 대하여는 국민안전처 중앙소방본부 119생활안전과(☏02-2100-0912)로 문의하시기 바랍니다.",20240125,NA
"(공정사회)유아, 어린이 문화시설 개선방안",행정/자치/안전,,제안심사,2010-12-10,NA,창원시,"안녕하세요. 저는 주택에 사는 창원시민입니다. 창원꽃길이라는 명목으로 봄에 은행나무

한그루 마다 나무 밑에 꽃씨를 뿌리고 꽃이 다치지 않도록 나무 울타리를 박았습니다. 인력이 10명 남짓되던데 그 다음 날부터 울타리는 하나 둘씩 무너지고 버려지고

꽃씨 심어놓은 곳엔 오물과 쓰레기더미에 의해

창원시보를 통해 꽃길 완성을 보았으나 우리동네 라인은 철거인들이 와서 나무 울타리를

뽑아 수거해 갔습니다. 

휴..예산 낭비죠.. 주택 상황 봐가면서 일을 진행해야지 무조건 예쁜길 만들기 위해 큰도로 작은도로 모두 꽃을 꽂는건 아닌거 같아요. 그 진행작업을 보면서 동네 주민 모두가 혀를 끌끌찼습니다.  창원시에 문화예산은 남아돌고 이리빼내고 저리빼내기 위해 명목으로 보여주기 위해 이런 헛수고 한다며 말이죠.


서울, 경기만 문화의 혜택 다 받고 정작 통합되어 커진 지역, 많은 시민들은 문화혜택에 대한 갈망도 소망도 꿈꾸지 않네요. 기존에 있는것에 집착하고 즐기지. 더 원하고 갖고 싶어 시에게 말조차 하지 않습니다.


서울, 경기에 흔하게 즐비한 어린이 도서관, 영어 도서관, 게다가 어린이와 유아를 위한 다양한 행사들.


너무 없어요, 기껏 도서관내에 어린이 코너, 영어서적 코너가 다라서 그것에 만족하면 다들 아웅다웅합니다.


통합창원시 이젠 뭔가 큰도시 대열에서 우리도 기본으로 이것쯤 보여줄때가 아닐까요?

의왕시에 어린이 랜드를 보면서 부러워하지말고

주말에 멀리 도외지로 나가야하나 걱정하지 않도록


다양한 시설을 겸비한  어린이 도서관

영어 도서관

그리고 제일 기대하는건

어린이 랜드같은 목적이 있는


만화,애니 랜드를 만들어 보면 어떨까요?

파크랜드, 애버랜드를 상상하셨죠?

그런 규모가 아니라


4층 건물에 1층은 이벤트홀, 만화팬시,도서 판매장

2층은 상설 전시회, 타나라 만화 및 만화의 역사 관람

3층은 만화동아리 방, 코스튬 플레이 제작실 등

4층은 만화방


(사실은 위 이야기를 하고 싶어 메일을 쓰게 되었습니다)

문화예산이 남아서  뭘 해야하나 고민히자말고 창원 통합시 만의 문화 예술을 위한

설문조사해보세요.

다들 주어진 환경에서 만족하다 설문조사를 위해 자신들의 생각을 끌어내면

엄청난 소망들이 쏟아져 나올겁니다.


애들데리고 어디로 가나...매번 공원만 갈순 없잖아요.

주어진 소극장에 바글거리는 아이들

다양한 문화혜택을 통해 창원시에 기쁨을 느끼며 성장할 수 있도록 해주세요.",,,NA,20240125,NA
민원 사안 이첩  제도 개선 ,기타,,답변완료,2010-12-09,2011-01-19,국민권익위원회,"안녕  하십니까?

1. 현행제도 및 운영실태

국민신문고가 접수한  민원 사안을 해당 처리 기관에 이첩 할  때에는 상당한 이유가 있을것 이지만   불법을 야기한 당해 기관으로 하여금 그 처리를 하도록 이첩 한다는 것은 아주 잘못 된 처사라 할 것입니다. 도둑놈 보고 너 도둑질 했느냐고 물어보면 ""예' 하고 대답하는 도둑놈을 보셨는지요?(예 : 1AA -1012 - 016929)


2. 개선방안

접수된 모든 민원을 직접 조사 처리 할 수 없다면,  제3의 기관으로 하여금 당해 민원을 조사 처리토록 하는 것이 가장 합리적이라 할 것입니다. 국민신문고가 단순하게 접수된 민원을 교통정리하는  것으로 책임을 다하고 있다고 자평 한다면 문제가 있는 것입니다. 접수된 민원은 최소한 관계 전문가 들로 하여금 신청한 민원 사안의 사실 여부를 조사토록 하여  문제가 있다면 당해 민원을 야기한 차  상급 기관으로 하여금 적법한 시정조치를 하도록 하는 것이 정답일 것입니다. 


3. 국민신문고에 접수된 민원 처리가 법원의 판결과 견줄 정도로 공정하다면 더욱 신뢰 받는 기관으로 거듭 날 것 입니다. 

안녕히 계십오",,,"1. 국민신문고에 대한 관심에 감사를 드리며, 귀하께서 신청하신 제안(1AB-1012-004435, 접수된 모든 민원을 직접 조사 처리할 수 없다면, 제3의 기관으로 당해 민원을 조사 처리토록 해주세요)에 대한 검토결과를 다음과 같이 알려 드립니다.

        2. 답변사항

         ○ 현재 국민신문고에서는 기피제도를 운영하고 있습니다만, 기피제도는 공무원비리, 불친절 신고, 담당자 교체 등의 민원신청으로 민원인에게 현저한 불이익을 받을 수 있을 경우에만 반영됨을 알려드립니다. 따라서 이러한 경우에는 기피 공무원과 기피사유를 기재하시고, 기피신청을 하시기 바랍니다. 앞으로 국민신문고를 이용하시면서 불편한 사항이 있으면 언제든 문의하십시오. 친절히 답변 드리겠습니다.  

        3. 제출하신 의견은 시행하기 곤란한 건의에 해당하여 채택하지 않음을 양해하여 주시기 바랍니다.

        4. 상기 내용 이외에 추가로 궁금하신 사항은 국민신문고담당관실 정진덕조사관(02-360-2750)에게 연락하여 주시기 바라며, 귀하와 귀하의 가정에 건강과 행운이 항상 함께하기를 기원합니다. 끝.",20240125,NA
시외버스정류장 승강장 이용 편의 개선,행정/자치/안전,,제안심사,2010-12-09,NA,북구,"1. 현행제도 및 운영의 실태.

- 북구 시외버스정류장 하차위치가 호계사거리 지나서 하차하도록 되어 있어서 불편함.

2. 문제점. 

- 버스하차후 호계쪽이나 농소3동쪽으로 이동시 신호등을 건너서 버스를 타거나 기다리는 택시나, 자가용을 이용하는 불편함이 있음.

3. 개선내용.

(1) 시외버스 하차 위치를 호계사거리 이전에 하차하도록 하차지점을 변경한다.

(2) 호계사거리에서 원지삼거리 중간지점에 유턴구간을 만든다.

4. 개선기 기대효과

- 하차지역 변경으로 택시 및 자가용을 어느 방향이든지(호계,농소3동, 달천지역 등)원하는 지역

 으로 이용이 가능하다.

- 호계사거리 및 원지삼거리 중간지점에 유턱구간을 만듦으로 혹시나 호계사거리에서 좌,우 회전을 놓친 운전자들에게 쉽게 돌아갈수 있을것으로 보임.",,,NA,20240125,NA
수질관리 운영의 헛점에 대한 제안,노동/환경,,제안심사,2010-12-08,NA,환경부,"안녕하십니까?

국민의 건강을 위해 애써 주심에 감사드립니다.

전 경기도 평택시 포승에 3년 차 거주하고 있는 김양희입니다.


깨끗한 물 공급을 위해 지자체와 관련기관에서 항상 관심을 갖고 있음에도 불구하고, 

여러 이유들로 인하여 불신이 회복되지 않고 있습니다.

주민들 개개인에게 공급되기까지의 과정에 있어 미흡한 부분에 대한 보완을 제안하고자 어렵게 말씀드립니다.


수많은 아파트단지의 저수조 청소 관리는 관리소에서 하고 있습니다. 관리소의 직원은 업체가 청소를 제대로 하는지, 해당 톤 수에 맞는 장비는 갖추었는지 감독해야 하고, 입주자대표는 관리소가 그 책임을 다하는지 견제를 하는 역할을 해야 합니다.

그리고 지자체에선 각 아파트단지에서 들어오는 저수조 청소 후의 ""수질검사분석표""를 보고

최종적인 단계인 각 세대에 이르기 까지의 수질이 적합한지를 확인.관리해야 할 의무가 있습니다.

하지만 지자체에서 그 업무가 제대로 행해지고 있을까요?


저희 아파트의 경우는 3년 전의 수질 분석표를 비치하고 있질 않았습니다.

담당자들도 분석표 보고가 의미 없는 행정낭비라는 것을 알고 있습니다.


현재 수질검사 항목은 6가지입니다만. 1년에 2번 청소를 하지 않고 어떤이유로든지 1번만

실시해도 검사결과는 적합으로 나온다는데 문제가 발생될 소지가 있는 것입니다. 적합으로 나올 확률이 90% 이상이라고 분석센타에서 말합니다. 


검사표를 제출해야 할 때는 그나마 업체가 양심적으로 청소를 해 주면 다행이라고 생각합니다. 몇 명도 아니고 몇 백. 몇 천 세대의 주민이 먹는 물 관리가 얼마나 허술하고 주먹구구식인지 직접 관여를 해 보지 않은 보통의 많은 사람들은 모를겁니다.


수 많은 관리소에선 청소업체를 완전공개입찰 방식으로 선정을 하여, 관리비절감과 투명성으로 주민들에게 신뢰를 주고 있습니다만, 아직도 수의계약으로 몇 년씩 같은 업체에게 용역을 주어 주민에게 불신을 사고 있는 곳도 비일비재 합니다.


청소할 때마다 지하 저수조에 가서 감독하는 일 쉽지 않습니다.

그렇다고 행정기관에 도움을 청 할 수 있는 방법 역시 없습니다.

오래된 아파트이거나, 배수지에서 먼 거리에 위치해 있음으로해서 발생되는 수질의 오염은 어쩔 수 없지만 내가 사는 단지내의 저수조를 관리 못 해서, 깨끗한 물을 먹을 수 있는 기회를 놓친다면 정말 억울한 일입니다.


그렇다면, 어떻게 해야 물에 대한 의심.불안을 버릴 수 있을까요?








담당자님! 감히 제안합니다.


첫째, 무엇보다도 저수조 위생 상태에 대한 불신을 없애야 합니다.

그러기 위해선 1년에 2번 실시하는 저수조 청소시, 청소 전과 후의 사진을 주민에게 공개함을 강제해야 합니다. 


이 점이 실행되는 방안을 찾지 못한다면, 연 2회 실시는 의미가 없으며, 차라리 1회로 줄이는 것이 관리비 낭비를 막는 것입니다.


둘째, 저수조의 위생상태를 알 수 있는 수질검사항목을 추가해야 합니다.

 현재는 ""탁도"" 한가지 밖에 없는 걸로 알고 있습니다.


셋째, 청소업체 선정시 반드시 공개입찰에 붙이도록 해야 합니다.

아직도 7년 간이나 같은 업체에 용역이 주어진다는 것은 있을 수 없는 일입니다.",,,NA,20240125,NA
제안심사결과 통보시 제안 제목표기화,기타,,답변완료,2010-12-08,2011-01-19,국민권익위원회,"제안을 올리면 신청번호가 정해집니다

문자나 메일로 제안신청번호가 오긴 하지만

대부분 제안자가 그걸 외우고 있지는 않을 겁니다

어느 날 제안처리결과가 문자로 올 때 제안신청번호로 결과를 통보하기 때문에

문자만 보고는 어떤 내용의 결과인지 궁금합니다

집에서 있다면 온라인접속이 가능하겠지만

그렇지 못 할 경우 스트레스입니다

제안제목으로 결과통보를 해 주신다면 바로 궁금증이 해소 될 수 있습니다",,,"1. 국민신문고에 대한 관심에 감사를 드리며, 귀하께서 신청하신 제안(1AB-1012-004117, 국민제안 처리결과 통보 시 국민제안 제목도 표기해 주세요)에 대한 검토결과를 다음과 같이 알려 드립니다.

        2. 답변사항

         ○ 현재 국민신문고 국민제안 신청, 접수, 처리결과 통보 시 등록하신 이동 전화번호로 진행상황을 문자로 안내해 드리고 있습니다만, 글자 수의 한계로(40자) 인하여 현재로서는 제목까지 표기하기는 어려운 점 양해하여   주시기 바랍니다. 앞으로 국민신문고를 이용하시면서 불편한 사항이 있으면 언제든 문의하십시오. 친절히 답변 드리겠습니다.

        3. 제출하신 의견은 시행하기 곤란한 건의에 해당하여 채택하지 않음을 양해하여 주시기 바랍니다.

        4. 상기 내용 이외에 추가로 궁금하신 사항은 국민신문고담당관실 정진덕조사관(02-360-2750)에게 연락하여 주시기 바라며, 귀하와 귀하의 가정에 건강과 행운이 항상 함께하기를 기원합니다. 끝.",20240125,NA
시시콜콜?,기타,,답변완료,2010-12-08,2010-12-31,국민권익위원회,"-국민신문고""에 공개제안'를 하거나 보는  경우에 ~~


""나도한마디""~""추천""를 하라는 표시 다음에~


-""~~위 제안에 당신의 생각은 어떠세요?~~ 이러한 표현은


잘못된 표현이라 생각됩니다.(국민신문고)


마치,남의 예기,표현등과 같은 불성실한 표현""이 아닐까요?


***기왕이면~~""위 님의 제안에 님의 고견""을 남겨 주십시요!


~~~이러한 글귀가 필요합니다.


-더 이상 부연할 필요가 있나요?",,,"1. 국민신문고에 대한 관심에 감사를 드리며, 귀하께서 신청하신 제안(1AB-1012-004106, 국민신문고 공개제안 열람 시 하단 부분 의견 제시 및 추천  문구 “위 제안에 당신의 생각은 어떠세요?”를 “위님 의 제안에 님 의 고견을 남겨 주십시오”로 수정해 주세요)에 대한 검토 결과를 다음과 같이 알려 드립니다.

        2. 답변사항

         ○ 국민신문고 공개제안 열람 시 하단 부분 의견 제시 및 추천 문구에 “위 제안에 당신의 생각은 어떠세요?” 문구를 “위님 의 제안에 님 의 고견을 남겨 주십시오”문구로 변경하자는 의견은 문맥상 차이가 없어 현재로서는 변경 계획이 없음을 양해하여 주시기 바랍니다. 앞으로 국민신문고를 이용하시면서 불편한 사항이 있으면 언제든 문의하십시오. 친절히 답변 드리겠습니다. 

        3. 제출하신 의견은 적용하기 곤란한 건의에 해당하여 채택하지 않음을 양해하여 주시기 바랍니다.

        4. 상기 내용 이외에 추가로 궁금하신 사항은 국민신문고담당관실 정진덕조사관(02-360-2750)에게 연락하여 주시기 바라며, 귀하와 귀하의 가정에 건강과 행운이 항상 함께하기를 기원합니다. 끝.",20240125,NA
소방동요 어플리케이션 제작,행정/자치/안전,,답변완료,2010-12-08,2015-02-06,행정안전부,"현재 소방동요집이 6집까지 나와 있습니다.


어린이집 및 유치원의 소방안전교육을 하다보면, 소방동요 배우기 만큼 소방안전교육의 

효과성있는 것도 없습니다.


소방동요에는 교육적인 가사로 인하여 눈높이에 맞는 교육이 될 수 있습니다.



소방방재청에서는 응급처치와 소방안전교육의 앱 어플리케이션이 있습니다.


그래서 스마트폰 어플리케이션 보급함으로서 소방동요를 추가하면 어린이들이 따라 부르면서


교육이 되었으면 합니다.",,,"귀하께서 제안하신 의견은 우수한제안이나 예산확보 미흡으로 추진에 어려움이 있습니다.

향후 예산확보를 통해 추진할 수 있도록 검토하겠습니다.

소중한 의견주심에 감사를 드립니다.",20240125,NA
기초생활수급자 에서벗어나기,식품/보건/복지/가족,,제안심사,2010-12-08,NA,보건복지부,수급자분들이 자활능역이없는건 일을하게되면 자동으로 급여가올라가면 수급자명단에서탈퇴됩니다 그래서 수급자분들은 일을하고싶어도 수급자명단에서 탈퇴가 될까봐 일을꺼리고있습니다   일을해도 한달만에 생활능역이 생기지는안습니다 어느가정이든 그래서 이글를씁니다  수급자에서 벗어나는길? 일을하게면수급자명단에서 바로탈퇴를 시키는것보다 1-2년정도 수급자권안을유지하면서 자활을할수있도록 지켜보면서 수급자해택을 한번에취소하는것보다 그동안의 소득을보면서 수급자해택을 하나하나씩줄이면된다고생각합니다  하루만에소득이조금 오른다고해서 생활이 되는건아닙니다  많은수급자분들이 지금꺼 벗어나지못하는이유는 일을하면 바로 수급자에서탈퇴되니깐 쉽게일을하는것을 포기를하다고합니다,,,NA,20240125,NA
구청마다 야외 체험학습을 위한 유아 전용버스 비치,행정/자치/안전,,제안심사,2010-12-08,NA,노원구,"현행제도 및 운영의 실태와 문제점

유치원과 어린이집을 다니는 유아들이 야외 체험학습을 하기 위해서는 전용버스가 없기 때문에

전세버스를 빌려서 가게 됩니다. 성인 2사람이 앉는 좌석에 3명씩 앉혀서 안전벨트도 성인용

안전벨트이기 때문에 유아들에게 착용하기에는 너무 커서 불편하고 제대로 안전벨트 구실도

못하게 됩니다. 그래서 체험학습을 보낼때마다 부모들은 항상 걱정을 하고 움직임이 많기 때문에

그래서 혹시라도 사고가 났을때에는 큰 사고로 이어지게 됩니다.


개선내용

구청마다 노란색으로 된 유아 전용버스 비치


개선시 기대효과

2명의 좌석을 3명이 앉을 수 있게 좌석을 작게 만들어서 유아 한명 한명이 안전벨트를 할 수 있게 하고

어린이집 유치원마다 필요시에는 구청에 신청을 해서 겹치지 않게 야외 체험학습을 간다면 유아들이

안전하게 야외 체험학습을 할 수 있을 것입니다. 그리고 부모도 아이가 안전벨트를 하고 가기 때문에

걱정도 덜하게 되고, 구청에서 버스를 관리를 한다면 믿고 아이를 보낼 수 있을것이다. 저출산시대에 

한명의 아이라도 보호하기 위해서는 꼭 필요하다고 본다.",,,NA,20240125,NA
무단폐가구의 재활용활용을 제안.,행정/자치/안전,,제안심사,2010-12-08,NA,남동구,"○ 현행운영실태 : 현재 모든 가구들은 가구,가전제품을 스티커를 관할주민센터에서 구입해서 부착 후 배출하면 지정업체가 수거해가는 방식으로 되고있다. 또한 재활용이 안되고 일반건축폐자재는 빨간봉투를 구입해야한다.

 ○ 문제점 : 사실 스티커나 봉투비용이 비싸다. 전출자나 독거노인분들이나 주민센터의 거리와 비용문제로 무단투기를 한다. 특히 이사가면서 쓸만하니까 누군가 가져가겠지 하는 마음으로 무단으로 배출하고 가버린다. 사실 이 물건들을 가지고 싶어하는 사람들도 있긴 하다. 하지만 오래된 폐기물은 관할 동사무소에서 민원발생으로 인하여 수거해서 소각하는 경우도 있다.

 ○ 개선내용 : 관할 주민센터에  재활용가구를 기부한다는 전화를 하면 어려운곳에 연결해주는 민원업무가 신설되면 좋겠다. 미리 관내 어려운가정이나 지역내 열악한 아동센터들은 주민센터에 필요한 목록을 연락하고 서로 연계되면 좋은 것 같다.

 ○ 개선효과 : 주민센터와 주민간의 유대감 형성.  불법쓰레기처리비용 절감효과.",,,NA,20240125,NA
정수장운영 및 관리실태 평가규정 개정,노동/환경,제도개선(2).hwp,제안심사,2010-12-07,NA,환경부,붙임 첨부파일 참조,,,NA,20240125,NA
군복무기간 동안 휴대폰 일시 정지시 무료헤택,산업/방송/통신/과학,,제안심사,2010-12-07,NA,방송통신위원회,"*  초등학생부터 일반 성인, 노인, 어르신분들까지 휴대폰 없이는 한 발짝도 움직일수 없을 만큼 휴대폰 홍수속에 살고 있다..

*  처음 번호를 부여 받으면 특별한 일이 없는 한 번호 변경은 없이 평생을 간다고 볼수 있다.

* 문제는, 국방의 의무를 위해 입대한  군 복무자가  군 복무기간동안 휴대폰을 해지 하지않고 일시 정지를 시켜 놓고 군에 입대를 한다.

* 휴가 때 나와서 일시정지 해지를 풀어 사용을 하는것이다.그리고 다시 들어갈때는 일시정지 시켜놓고..

*  국방의 의무를 다하는 군 복무 기간동안도 ""일시정지"" 라는 명목으로 매월 일정액을 사용하지 않아도 번호를 가지고 있다는 이유 하나만으로 사용료를 내고 있는데..

*  군 복무 기간 동안 만이라도 일시정지 했을때의 금액을 통신 업체와 협의해서 면제해주기를 바랍니다..

* 아들을 군에 보낸 부모들의 간절한 바램입니다.(일시정지 해지하고 사용할때는 본인부담으로하는것은 당연한 일이고...)",,,NA,20240125,NA
대부업체 대출금리에 관안 건(2차),재정/금융/소비자,,제안심사,2010-12-07,NA,금융위원회,"제안접수번호 2AB-1009-004199

접수일 2010.09.13. 16:45:22 에 관련입니다.


최근에 뉴스를 통하여 많은 서민들이 대부업체 금리에 대한 불만이 이만저만이 아니 걸로 발표하면서 당국은 대부업체의 금리인하는 자율에 맡긴다는 발표를 듣은 적이 있습니다. 자율적이라고요? 모든 것이 그런 미사어구로 발표한다면, 법이 무슨 필요가 있으며, 규제는 뭐 때문에 하는 건지요?


이 대부업의 제도가 사채를 제도권으로 진입시키기 위한 제도라면, 이 전에 명동사채시장이나 동네 아줌마들에게 돈을 빌릴 때의 이자가 월2% 혹은 월2.5%이였습니다. 간혹 소개받아 잘 모르는 사람에게는 월3%의 이자를 부담하였습니다. 그런데, 이를 제도화한다면서 시행하는 당국의 처사는 정말 국민의 한사람으로 못마땅하기가 그지없습니다. 도대체 년 50%에 달하는 이자를 서민들이 감당하라는 것인지? 도무지 이해가 가질 안습니다.


대기업은 공적자금이다  산업기금이다하면서 년 2~3% 또는 정상적인 은행금리로 5~6%의 금리로 거대한 자금을 대출하여 주고서는 원금까지도 말아먹게 하면서, 

서민들은 기껏 2~5백만원을 은행에서 대출받기 힘들어 고리대부업체에 떠넘기는 현실을 어떻게 분노하지 아니하고 받아들일 수가 있다는 것입니까?! 현실이 그렇다면 적어도 옛날 사채시장에 형성된 년25%의 수준에서 대부업체들의 금리를 규제하여야 할 것이 아닙니까? 금융당국자들은 서민들의 고금리로 인한 눈물이 보이질 않겠지요? 물론!  청문회하면 안걸린 놈들이 없는 고위공직자들의 부정부패를 보면서 저들이 제도적으로 규정한 법규들이 부자들만 위한다는 생각을 지울 수가 없습니다. 공정한 사회? 진정으로 공정한 사회를 만들려고 노력하려는 공직자가 있다면,  이러한 작은 노력부터 시작하십시요!  대부업체의 금리를 년25%로 제한한다고 공정한 룰을 만드십시요! 눈물로 호소합니다.",,,NA,20240125,NA
주정차위반에 따른 의견진술기한의 문제점,행정/자치/안전,,제안심사,2010-12-06,NA,강남구,"현행제도 :.주정차위반과태료부과 사전통지서(이하 통지서)를 받으면 원과태료가 감경된 과태료가 찍혀있으며 동시에 자진납부기한/의견진술기한이 동일한 년월일로 적혀있다.(CCTV에 찍히는 경우). 의견진술서를 제출하는 사람은 의견진술서를 제출하겠다고 결정하여 진술기한까지 의견진술서를 제출할 경우 자진납부기한이 2주 이상 넘어가게 되어 과태료를 자진 납부할 수 없게 돌아가는 시스템이다. 


문제점 : 통지서의 자진납부기한과 의견진술기한 및  통지서 후면의 의견진술서 작성 및 제출요령 등은 요식행위에 불과하며 주무행정부서의 행정 처리 일변도의 비상식적인 자의적인 해석으로  의견진술자에게 혼동(속았다는 느낌)과 불만 야기

  1. 사전통지서에는 의견진술서를 제출할 시 의견진술기한내(?)에 제출하지 않을 시 감경혜택이 상실된다는 주의사항이 명기되어 있는데 인터넷으로 구청홈페이지에서 의견진술서를 작성하고자  ""주정차위반안내""에 들어가 보면  ""의견진술이란? 의견진술을 하신 단속자료 에 대해서는 과태료 감경 혜택을 받으실 수 없으며 또한 과태료를 납부한 자료는 의견진술을 하실수가 없습니다.""라고 비로소 솔직하게 빨간 글씨로 안내해 주고 있다

  2. 구청 주차민원부서에서는 자진납부기한과 의견진술서기한 이 동일하며 의견진술기한이라 함은 의견진술자가 심의위원들의 심의결과를 받아보는 기간까지를 의견진술기한에포함한다고 답변하고 있다

 3. 결과적으로 보통  의견진술기한은 위반일시로부터 약 1달 뒤가 되는데  의견진술자는 위반일시로부터 약 2주 후 보통등기로 사전통지서를 받게 되며 의견진술서를 제출할 시 심의위원회가 열리고 결과가 내려지는 시간을 약 2주(?)로 볼 때  자진납부기한은 위반일시로부터 4주가 넘게 된다.  상식적으로 기한이란  마감일자로 보는 것이 통상 관례인데  의견진술서를 의견진술기한까지 제출하게 되면  이는 자진납부기한을 초과하게 되어 감경혜택이 상실되게 된다

 4. 이는 행정부서 위주의 고압적인 편의주의의 발상임과 동시에 행정정처리기간을 의견진술자에게 떠넘기는 것이며  의견진술서를 제출하려는 사람을 협박하는 것이다.  즉  의견진술서를 제출하면 감경혜택을 주지 않겠다는 논리이다.  구청홈페이지에서 ""주정차위반안내""에서 ""의견진술이란? 의견진술을 하신 단속자료 에 대해서는 과태료 감경 혜택을 받으실 수 없으며 또한 과태료를 납부한 자료는 의견진술을 하실수가 없습니다.""가  행정부서의 의도이다. 의견진술서를 받아 억울한 사람들의 말을 듣고 구제의 기회를 주고자하는 것이 아니라 우리도 이런 제도를 시행하고 있다는 보여주기위한 포장을 하며 ""의견진술서를 써봐라 가만두나 ""식의 으름짱을 넣고 있다 


개선방안 :  의견진술기한을  합리적으로 해석하고 위반일시로부터 주무부서에서 통지서를 처리하는 시간, 발송.부시간  또한 처리심의처리과정과 심의결과를 받아보는 시간을 포함시켜 자진납부기한을 정하는 것이 타당하다


기대효과 : 의견진술서를 제출하는 민원인들에게 본래 취지에 맞는 처리에 따라  신뢰성있는 주정차질서 확립


*본인은 주정차위반과태료부과 사전통지서를 받고 의견진술서를 제출하는 과정을 밟던  

 중 비합리적인 행정처리절차를 수정해야한다고 생각하여  국민신문고에 의견을 제출한다.",,,NA,20240125,NA
주거환경개선,행정/자치/안전,하천사진 003.jpg하천사진 004.jpg하천사진 001.jpg,답변완료,2010-12-06,2013-01-04,구미시,"1. 개선대상장소 : 구미시 대성지 입구 하천(남통이편한세상아파트 옆에서 대성지까지)


2. 현재의 문제점및실태 : 하천바닥면이 장기간 물흐름으로인한 지형 불균일 및 엄청난        잡 초 로인한 모기및해충 서식지이며 바닥면 불균형으로 인한 물흐름이 어느한쪽으로 편중되어 부분 하천파손우려와 사계절 잡초로인한 관리부재로 생활쓰레기가많으므로 환경오염원인이됨.


3. 개선방안 : 잡초가 최소인시기 (동절기) 및 물량이 최소인 (동절기)시기에 중장비를 활용한

    바닥고르기를 실시한다.


4. 기대효과

  1) 구미시민들의 깨끗하고 쾌적한 환경샐활공간을 공유할수있음.

  2) 여름장마 및 수류의 넓은 하천바닥으로 골고루 흐름으로 도시미관개선과 하천 부분파손의 원인을 사전에 방지할수있다.

  3) 깨끗한 환경으로 모기및해충을 사전에 최소화할수 있다.

  4) 해당하천은 구미시민들이 가장가까이 접할수있는  하천이며 운동및산책공간으로 많이 활용하므로 시민들에게 깨끗한 생활 환경개선이 될수있음.

  5) 동절기 1회실시로 양9개월간 깨끗한 환경으로 유지할수있음.

  6) 부대효과로  잡초씨앗이 땅속깊이 일부뭏혀 없어지므로 잡초를 최소화할수있음.  

  7) 구미시민의 최대생활및시민밀집지역인 금오산입구도 동시실시시 큰효과기대함.

  8) 참조 : 칠곡군 가산면 석우리 1km정도 하천청소상태사진을  별첨으로 첨부합니다 참조바랍니다.


 깨끗한 주거환경개선을통한 시민들의 생활공간을 한단계 업그레이드 되기를 희망하며 제안드립니다.


좋은 결과를 기대하며 제안해 봅니다.

감사합니다",,,"1. 제안번호 : 2AB-1012-016444

       2. 행정상 착오로 인하여 답변이 늦어 죄송합니다.

       3. 먼저 귀 가정의 평안과 안녕을 기원 드리며 우리시 방문을 환영합니다. 

        가. 귀하께서 건의하신 구미천(대성지 입구하천) 정화사업은 2012년 6월에 하상을 준설하여 일부 구간정화를 하였고 추후 예산확보를 통하여 상류까지 정화를 위해 노력 하겠습니다.

        나. 또한 건의하신 구미천은 현재 정부에서 추진하고 있는 낙동강의 풍부한 물을 활용하여 건천화된 도심하천을 복원하는 물순환 수변도시 조성사업의 시범지구로 2010년에 선정되어 있으며, 본 사업은 현재 실시설계중에 있으나 금년 상반기에는 공사착공이 가능할 것으로 예상되며 완공되는 2~3년 후에는 새롭게 변화된 하천으로 시민 여러분을 맞이 할 수 있도록 최선을 다하겠습니다. (문의처:구미시청 건설과(480-5372)",20240125,NA
혹시 소방방재청에서 SNS 계정을 운영중이신가요?,행정/자치/안전,,답변완료,2010-12-06,2013-12-05,행정안전부,"요즘 트위터나 페이스북 등 많은 사람들이 실시간 정보를 주고받는데요

혹시 소방방재청에서 운영중이신가 해서 이렇게 문의와 동시에 제안을 올리는 바 입니다.


소방방재청에서 운영을 하신다면 여러가지 긍정적인 효과가 생길 것 같네요^^

화이팅!",,,"우리청에서는 SNS를 운영하여 각종 안전정보 및 재난정보 등 정보 확산의 매체로

활용하고 있습니다.",20240125,NA
국민신문고의 만족도 조사에 대한 포인트 지급 차별화 시정,기타,,답변완료,2010-12-06,2011-01-19,국민권익위원회,"현황

국민신문고에 정책제안을 하고 나면 회신을 받게 된다.

만족도 조사에 성실히 답변을 마치고 나면 10포인트를 받게 되는데, 

민원에 대한 만족도 조사에는 아무 것도 없어 이의 시정이 요구된다.


문제점

정책과 민원에 대해 포인트 지급 유무라는 차별을 두는 이유가 무엇인가?

정책과 민원의 개선효과가 미치는 영역, 범위가 다르기 때문인가?

만약 그것이 이유라면 포인트에 차별화를 두면 어떨까?

정책이 10포인트라면 민원의 경우, 5포인트를 주면 될 것이다.

국민신문고에 들어가 민원을 제기하는 것은 정책 제안하는 것만큼이나 어렵고 힘들다. 

또한 민원이라 하더라도 개선 효과가 정책만큼이나 무게와 가치를 가지는 것이 있음도

고려해야 할 것이다.


개선방향

민원에 대한 회신만족도 조사에도 반드시 포인트를 지급해 주자.

정책과 민원을 굳이 차별화해야 한다면, 

민원은 정책의 절반, 즉 50포인트로 조정해서라도 반드시 지급하자.    


기대효과

국민신문고의 이용활성화를 촉진한다.",,,"1. 국민신문고에 대한 관심에 감사를 드리며, 귀하께서 신청하신 제안(1AB-1012-002309, 국민제안 만족도 평가뿐 아니라 민원 만족도 평가 시에도 포인트를 지급해 주세요)에 대한 검토결과를 다음과 같이 알려 드립니다.

        2. 답변사항

         ○ 현재 국민신문고 국민제안 만족도 평가 시 포인트를 지급하고 있으며,   민원 만족도 평가 시에도 포인트를 지급하는 방안을 현재 검토 중이니,  양해하여 주시기 바랍니다. 앞으로 국민신문고를 이용하시면서 불편한   사항이 있으면 언제든 문의하십시오. 친절히 답변 드리겠습니다.

        3. 제출하신 의견은 현재 시행 계획 중인 건의에 해당하여 채택하지 않음을 양해하여 주시기 바랍니다.

        4. 상기 내용 이외에 추가로 궁금하신 사항은 국민신문고담당관실 정진덕조사관(02-360-2750)에게 연락하여 주시기 바라며, 귀하와 귀하의 가정에 건강과 행운이 항상 함께하기를 기원합니다. 끝.",20240125,NA
박사과정 수료자에게도 대학 강단에 설 기회를 주세요. ,교육/문화/체육/관광,,답변완료,2010-12-05,2013-05-12,교육부,"저는 개인사정상 박사과정을 수료했습니다. 말 그대로 학위를 받지 못했습니다. 

현재 전문대학에서 시간강사를 하고 있습니다.

이런 자리를 얻기 위해 박사과정 수료자들까지 응시를 허용해주는 대학을 찾은 끝에 겨우 강사를 하게 되었습니다. 왜냐하면 대학의 99%는 강사 채용에서도 박사학위자만을요구하기 때문입니다. 그런데 제가 몸담은 지방 전문대학은 10년전부터 석사학위자도 계속 강의를 하고 있습니다. 그 뿐이 아니라 20년전에 석사를 한 분도 시간강사를 거쳐 정교수(전임강사, 조교수나 부교수)까지 되었습니다.

이것은  요즘 들어 매우 드문 현상입니다. 그 외 4년제 대학에도 오래 전 박사만 수료했는데도 연구실적을 쌓아서 현재 정교수가 된 분도 있습니다.  

그런데 몇 년전부터 수도권이나 지방의 대학들이 거의 박사학위자만 요구합니다.

과거에는 석사학위자나 박사과정 수료자도 시간강사에서 부터 정교수까지 되는 경우가 있었다가 몇 년 전부터 법이 바뀌어서 무조건 박사학위자만 요구하는 것에는 국민의 한 사람으로서 물론 할말이 없습니다.   

많은 경제적 부담과 학계에 노고를 한 박사학위자들이 대학에서 강사나 교수 채용시 우대받는 것이 합당하다는 것을 매우 인정합니다. 

그러나 박사 과정 수료자는 매우 어정쩡한 위치입니다. 학부나 석사 학위자와 동등하게 취급받는다는 것은 어찌 보면 인간적으로 너무한 것 같습니다.


제 경우는 시간강사라서 당장 다음 학기 강사자리를 알아보려 해도 무조건 박사 학위자만을 요구하기에 절망감에만 빠지고 있습니다. 

박사수료자와 박사학위자를 똑같이 강사나 교수로 채용했을 때, 호봉과 고가점수, 승진에 차이를 둔다면 그 정도야 얼마든지 이해할 수 있습니다.

정규 학교를 졸업한 것과 단 한 번 검정고시 합격으로 졸압장을 딴 사람이 호봉에 차별 받는것이 합당하다는 이치와 같다고나 할까요.


어정쩡한 위치에 있는 박사과정 수료자에게도 대학 강단에 설 수 있는 기회를 주었으면 정말 고맙겠습니다. 위에 말씀 드린 대로 강사비, 승진 등에 차별을 받는  제도는 감수할 수 있습니다. 또한 박사괴정 수료자에게도 연구실적을 낸 것으로 채용 기회를 준다해도 고맙겠습니다.",,,"안녕하십니까?

교육부 대학정책과입니다.


우선 우리부의 고등교육정책에 관심을 기울여주신 것에 감사의 말씀 드립니다.


고등교육법 제17조에 따르면 대학은 시간강사 임용권을 가지고 있으며, 시간강사 임용에 있어 그 자격기준, 근무조건 등은 임용권을 가지고 있는 대학에서 결정할 사항으로 생각되어집니다.

다만, 우리부에서는 대학 강의의 1/3 이상을 담당하고 있으면서도 열악한 환경에 처해있는 시간강사의 실질적인 처우개선을 위해 국회, 대학, 시간강사 등 이해관계자의 의견 수렴, 고등교육법 등 법령 개정, 국립대 시간강사 강의료 지원 등 다양한 방안을 마련하여 추진하고 있습니다.


제안인께서 주신 소중한 제안은 향후 관련 업무 추진 시 참고하도록 하겠습니다.


본 건과 관련하여 추가 문의 사항이 있을 경우에는 교육부 대학정책과 황혜경(02-2100-6922)에게 문의하여 주시면 친절하게 안내해드리도록 하겠습니다.

감사합니다.",20240125,NA
개정된 홈페이지에 관한 제안,기타,,답변완료,2010-12-05,2010-12-30,국민권익위원회,"1. 개정된 국민권익위원회 홈페지가 행정기관의 '민원사무처리에 관한 법률' 위반의 민원사무를 부추기고 있습니다. 


2. 예를 들어 설명 드리자면, 신청번호 1AA-1011-040080, 접수번호 2AA-1011-082708(민원인 장진성, 신청기관: 공정거래위원회)의 경우, 


가. 민원사무처리에 관한 법률에서 정하고 있는 처리기간은 

● 신청일: 2010.11.15, 

● 연장전 처리예정일: 2010. 11. 23,

● 연장후 처리예정일: 2010.12. 2,


나. 개정된 홈페이지(처리기관 정보)상의 처리기간은 

● 신청일: 2010.11.15, 

● 연장전 처리예정일: 2010. 12. 1.

● 연장후 처리예정일: 2010.12.17,


다. 따라서 위 건 신청 및 접수번호 민원사항은 반드시 2010. 11. 15,(연장 후 처리예정일: 2010. 12. 2,)까지 처리를 하여야 위법하지 않다고 할 것인바, 이 부분에 대한 시정을 제안합니다.


3. 덧붙여서 홈페이지 안내 멘트를 ① “해당기관 소관법령에 별도의 처리기한이 정해진 민원 외의 질의 등에 대해서는 7일(법령질의는 14일)이내에 회신하여 드리겠습니다.”(공정거래위원회 서비스 헌장) ② “민원 성격상 처리기한이 7일 이상 걸릴 경우에는 반드시 7일 간격으로 중간 처리상황을 전화 또는 전자우편 등으로 고객께 알려드리겠습니다(행정안전부 「민원행정서비스헌장」)” 등과 같은 내용으로 변경할 것을 제안합니다.


4. 관련규정

● 민원사무처리에관한법률 제6조(처리기간의 계산) ② 민원사무의 처리기간을 6일 이상으로 정한 경우에는 ""일"" 단위로 계산하고 초일을 산입하되, 공휴일을 산입하지 아니한다.


● 민원사무처리에관한법률 시행령 

제17조 (처리기간의 연장 등)

① 행정기관의 장은 부득이한 사유로 처리기간 내에 민원사무를 처리하기 곤란하다고 인정되는 경우에는 그 민원사무의 처리기간의 범위 내에서 1회에 한하여 그 처리기간을 연장할 수 있다. 다만, 연장된 처리기간 내에 처리가 곤란한 경우에는 민원인의 동의를 얻어 처리기간의 범위 내에서 처리기간을 다시 연장 할 수 있다.


제19조 (질의 및 행정개선 건의의 처리)

① 행정기관의 장은 제2조제2항제4호의 질의 ・ 상담사항에 대하여는 특별한 사유가 없는 한 다음 각 호의 기간 이내에 처리하여야 한다.

2. 제1호 외의 질의 ・ 상담사항 : 7일 이내(법령에 대한 질의는 14일)",,,"1. 국민신문고에 대한 관심에 감사를 드리며, 귀하께서 신청하신 제안(1AB-1012-002022, 국민신문고에 신청하는 민원에 대해서는 민원처리기간을 준수해 주세요)에 대한 검토결과를 다음과 같이 알려 드립니다.

        2. 답변사항

         ○ 국민신문고에 신청하는 민원에 대하여는 민원사무처리에 관한 법률에 따라 처리기간을 지정하고 있으며, 각 기관에서 처리기간을 준수하지 않을 경우에는 민원처리실태 평가 항목에 포함되어 있어, 평가 시 감점요인이 되고 있습니다. 앞으로 국민신문고를 이용하시면서 불편한 사항이 있으면 언제든 문의하십시오. 친절히 답변 드리겠습니다.

        3. 제출하신 의견은 시행중인 건의에 해당하여 채택하지 않음을 양해  하여 주시기 바랍니다.

        4. 상기 내용 이외에 추가로 궁금하신 사항은 국민신문고담당관실 정진덕조사관(02-360-2750)에게 연락하여 주시기 바라며, 귀하와 귀하의 가정에 건강과 행운이 항상 함께하기를 기원합니다. 끝.",20240125,NA
환경 도시 창원을 위한 한 청소년의 제안입니다. ,행정/자치/안전,,제안심사,2010-12-05,NA,창원시,"안녕하세요 저는 현제 김해외국어고등학교에 재학중인 문민지라고 합니다.

일단 이 글을 적기 전에 많은 생각을 했는데요 과연 어린 내 의견이 받아들여지긴 하는가 에서부터 내가 제시하는 방안의 현실성까지 별의 별 생각이 다 들더군요. 하지만 불타는 청소년의 도전 정신으로 일단 글을 올립니다.


가음정동. 저희집 앞에는 너무나도 아름다운  공원 3군데가 있습니다. 

기숙사 고등학교라  주말 밖에 나오지 못하는 터라 토요일 일요일은 저에게는 가족과 보낼 수 있는 매우 소중한 시간입니다. 주말 아침 엄마와 공원을 산책하며 고민을 나누고 농담을 주고 받는 시간은 금값이 아무리 올라간다지만 금과도 바꿀 수 없는 것입니다.  하지만 공원을 돌아다니며 인상을 매우 찡그리게 하는 것이 있습니다. 바로 사람들이 양심 없이 버린 쓰레기입니다. 


 가는 길마다 버려진 쓰레기를 보고 무심코 엄마에게 

""다음에 올땐 쓰레기 봉투 들고와서 치우던지 해야지 원..""했던 말이 

이 글을 적도록 했습니다.

본론으로 들어가서 제가 제시하는 방안은 주말마다 청소년 자원 봉사 단체를 만들어 쓰레기를 줍는 것입니다.  청소년들이 학업의 스트레스에서   잠시 벗어나아름다운 자연의 소중함도 느끼고 의미있는 일도 하는 일석이조의 일이 또 어디있겠습니까?


혹시 조금이라도 관심을 가지신다면, 그리고 의견을 수렴하실 의양이 조금이라도 있으시다면  부디 연락부탁드리겠습니다.",,,NA,20240125,NA
동네병원의 병원기록 큰병원에서도 열람가능하도록,식품/보건/복지/가족,,답변완료,2010-12-03,2013-03-20,보건복지부,"ㅁ 현행제도및 실태와 문제점

  ㅇ 현재는 동네병원에서 엑스레이, 피검사등 각종검사 기록을 그 병원에서만 열람 가능하고

      큰 병원에 가면 처음부터 새로 다시 검사를 하게 되어 있습니다.

      우리나라는 컴퓨터 네트워크 강국이므로 정보를 컴퓨터를 통해 새로 가는 병원으로

      같이 공유하고 엑스레이 등 똑같은 검사를 두번하지 않아야합니다.

ㅁ 개선내용

  ㅇ 정보를 공유하고 교환하는 시스템을 구축하여 똑같은 검사를 두번하지 않도록

      해야합니다.그러면 불필요하게 검사받느라 시달리지않고 환자는 덜 고통을 받을 것입니다.

ㅁ 기대효과

  ㅇ 불필요한 검사비용을 줄일수있으므로 병원비를 줄일수있습니다",,,"보건복지부 업무와 관련하여 좋은 의견을 제안하여 주신 민원인께 감사드립니다. 

민원인께서 제안하신 사항에 대하여는 정부에서도 지속적으로 검토하고 있는 사항입니다. 

국민의 건강정보보호 방안 마련 및 정보교류를 위한 표준 마련, 비용대비 효과분석 등 해결하여야 할 사항이 

많아 장기적인 검토가 필요한 사업임을 알려드립니다.  

실행계획",20240125,NA
심폐소생술  정기적으로 하자,식품/보건/복지/가족,,제안심사,2010-12-03,NA,보건복지부,"ㅁ 현행제도와 문제점

  ㅇ 현재는 적십자사, 소방학교, 특정한 단체가 요청하면 이루어지고 있어

     일반 시민들은 잘 모르고 있는 경우가 대부분입니다.

     어디서나, 심장마비 등 돌발상황이 발생한다면 당황하여 제 때 심폐소생술을 몰라서

     귀중한 생명을 잃을 수도 있습니다.

ㅁ 개선내용 

    ㅇ 지역의 동사무소에서 1년에 한번씩 정기적으로 주민을 대상으로 심폐소생술 교육을 실시합니다.

 ㅁ 기대효과

   ㅇ 그리하면 위급한 상황 발생시  요긴하게 쓰일 수 있어 귀중한 생명을

        살리는데 크게 보탬이 될 것입니다",,,NA,20240125,NA
동교동 자연휴양림에 대한 제안,행정/자치/안전,,제안심사,2010-12-03,NA,포천시,"동교동 자연 휴양림 사업은 자연을 훼손하며 돈을 낭비하는 사업이라고 생각합니다..


펜션을 짓기위해 토목 공사를 하여야 하며 길도 확충하여야 합니다..


현재 운영중인 동교 야영장 텐트촌은 넓은 부지를 가지고 있습니다..


하지만 현재 텐트촌은 사용이 거의 없다고 봅니다.


이러한 부지를 활용하여 시의 예산을 절감하고 야영장 부대시설을 동시에 


같이 운영하면서 많은 단체와 가족들이 자연 휴양림을 좀 더 효율적으로


사용할수 있도록 하는것이 바람직하다고 생각합니다...


또한 야영장 주변에서 산림욕도 할수있고 충분히 야영장을 활용하면 


좋을거 같습니다. 야영장을 충분히 활용할수있는 방안은 많다고 생각합니다...


개발보다는 이용하지 않는 시설을 활용하는 것도 좋다고 생각합니다..


야영장이 어디 소속인줄은 모릅니다. 만일 교육청 땅이라면 교육청과 연계사업도 중요하고 생각합니다.",,,NA,20240125,NA
광려천 하천 준설(정비) 작업,행정/자치/안전,,제안심사,2010-12-03,NA,함안군,"칠원면 오곡리 일대 광려천 하천 바닥에 퇴적물이 많이 쌓여 농지의 보 기능을 상실한 상태이므로 하천 퇴적물을 함안군에서 허락만 하면 정리 하여 가져갈 업체가 있음.


함안군에서 하천 정비 작업을 하려 해도 예산상의 문제가 따를 것이고, 그대로 두면 농사 짓는데 지장이 많으므로 정비 허가만 해주시면 바닥의 퇴적물을 정비하여 일석 이조의 효과를 거둘 수 있음. (무료로 해 줄 정비 업체 있음)


2011년 5월 모내기 때부터 효과 발생함",,,NA,20240125,NA
"국민신문고 홈페이지, 비회원실명확인에 아이디와 비밀번호 개설, 개인정보보호",기타,,답변완료,2010-12-03,2011-01-07,국민권익위원회,"1. 현행제도 운영실태

국민신문고의 국민제안☞나의 제안☞로그인☞비회원실명확인☞나의이용내역보기에서 비회원인 경우, 이름과 주민등록번호만 기재하면 나의 이용내역보기를 전부 열람하여 공개되어 유출됩니다.

본인이 가입하여 등록해 준, 회사의 상업용 외부문서와 공공기관 외부 문서에는 개인의 이름과 주민등록번호를 기본으로 기재해야 함으로써 사회 전 분야에 개인정보가 노출되어 있습니다.

2. 문제점

타인이 다른 개인의 이름과 주민등록번호를 도용하여 국민신문고 홈페이지중에 나의 제안에  비회원실명확인으로 들어가 나의 이용내역보기를 도용할 수 있음으로써 개인정보가 유출되고 사생활침해가 유발됩니다.

3. 개선내용

개인이 국민신문고 홈페이지를 열어서 국민제안☞나의 제안☞로그인☞‘비회원실명확인’을 할때, 본인의 ‘이름( 아이디), 실명확인과 주민등록번호, 실명확인’  ‘이름(닉네임), 실명확인과 주민등록번호, 실명확인’ 입력 메뉴얼로 변환하자는 시스템입니다. 그 뜻은 이름만 쓰는 실명확인을 삭제하자는 변환시스템입니다.  

기타 비회원실명확인에 본인의 ‘이름, 실명확인’과 ‘비밀번호, 실명확인’ 입력 메뉴얼로 열람할 수 있도록 합니다. 그 뜻은 주민등록번호 입력 실명확인을 삭제하자는 변환시스템입니다. 

4. 기대효과

개선내용처럼 국민이 국민신문고 홈페이지를 개설하여 열람할 경우, 개인정보 유출을 방지한 결과, 개인정보보호와 사생활 침해를 방지할 수 있을것입니다.",,,"1. 국민신문고에 대한 관심에 감사를 드리며, 귀하께서 신청하신 제안(1AB-1012-001185, 비회원 실명확인에도 아이디와 비밀번호를 사용하게 해주세요 )에 대한 검토결과를 다음과 같이 알려 드립니다.

        2. 답변사항

         ○ 국민신문고에 로그인하는 방법은 회원 로그인 또는 주민번호 실명인증으로 로그인 하실 수 있습니다. 회원일 경우 아이디와 비밀번호를 입력하여   로그인 하며, 비회원일 경우 이름과 주민번호를 입력하여 로그인 할 수  있습니다. 비회원으로 로그인 하시는 분들에게 의무적으로 회원가입을   권유할 수는 없음을 양해하여 주시기 바랍니다. 앞으로 국민신문고를 이용하시면서 불편한 사항이 있으면 언제든 문의하십시오. 친절히 답변 드리겠습니다.

        3. 제출하신 의견은 시행하기 곤란한 건의에 해당하여 채택하지 않음을 양해하여 주시기 바랍니다.

        4. 상기 내용 이외에 추가로 궁금하신 사항은 국민신문고담당관실 정진덕조사관(02-360-2750)에게 연락하여 주시기 바라며, 귀하와 귀하의 가정에 건강과 행운이 항상 함께하기를 기원합니다. 끝.",20240125,NA
지난년에 아이 3명이상을 낳은 사람도 출산 장려금을 주세요,행정/자치/안전,,제안심사,2010-12-02,NA,남동구,"전 상인천 초등학교 4학년5반 김수진 입니다.

시험기간이라 사회가 약해 공부를 하던 도중 저출산에 대해 보았습니다.수학에서는 이상이 그 숫자를 포함하는 것이지요.

그런데 보고나니 참 마음이 불편했습니다.

아기를 3명이상 낳는 가정에는 출산 장려금을 주는데 저희만 받지 않았습니다.

저는 ""우리는 아이를 3명낳았는데 장려금이 없나요?""하고 여쭈어 보았습니다.그랬더니 어머니는 ""그 년도에 해당하는 가정만 주는거야..""라고 하셔서 저는 ""그럼 우리는 해택이 안되나요?""하고 여쭈어 보았습니다. 그랬더니만 ""우리는 해택이 안된단다.""라고 말씀하셨습니다. 얼마나 분하던지..옛날에는 '둘만낳고 더 이상 낳지말자'라고 출산을 제한하고는 이제와서 '하나만 낳지 말고 둘 정도는 낳자.'라고 하면 어떻하나요?   그년도에 해당하는 가정만 출산장려금을 주지 않고 아이를 3명이상 또는 3명 낳는 가정에는 출산 장려금을 주시면 좋겠습니다. 그러면 마음이 불편하지도않고 아이를 더 많이 낳을 것 같기 때문입니다.",,,NA,20240125,NA
다문화가정 경제에 힘 실어주기 (아이디어),행정/자치/안전,,제안심사,2010-12-02,NA,함안군,"현황:

     2010.1.1현재 경상남도 다문화 실태 조사인구 307가구로 군부1~3위 안에 있습니다.

    다문화 센터를 중심으로 이용하는 인원에 비해 이용하지 못하는 인원이 훨씬 많고

    다문화 가정을 위한 정책과 예산은 날로 늘어나고 있습니다.

    다문화가정의 자녀를 위한 정책 또한 다양해지고 있지만, 정작 이주여성의 인권 및 행복한 본인의 삶을 위한 다양함이 부족합니다. 

    또한 경제적으로 열악하고, 취약계층이 넓혀 지고있는 시점에서


개선방안:


    다문화 가정의 자조모임을 통해 다각도의 방향모색을 하고는 있으나

     다문화 가정의 특징을 살려, 다문화 음식점을 다문화가정 (예 베트남, 일본, 중국)이

    직접 운영할 수 있게 시장 안에 사회적 기업을 만들어 이국 음식점을 통해 그 가족과 

    친지에게 또는 군민에게 나아가 지역 인근에 홍보를 통해 함안을 소개하는 방법을

    제안합니다.


기대효과 :


         사회적기업이란 이익을 위함보다 일자리 창출에 비중을 두고 다문화가정의 

          경제기반을 튼튼히할 수있고, 맛있는 음식으로 재 탄생될때  인근지역에서

         함안을 찾을 수 있는 관광명소로 탈바꿈 될 수 있습니다

         함안의 여성으로서 자주 독립적 삶을 영위할 수 있습니다.",,,NA,20240125,NA
(공정사회) 취약계층 지원정책 개선 방안,식품/보건/복지/가족,취약계층 지원정책 개선 제안.hwp,제안심사,2010-12-02,NA,보건복지부,"(공정사회) 취약계층 지원정책 개선 방안


취약 지원정책 개선에 신용불량자, 파산, 면책자 가정도 포함 


[현황 및 문제점] 

정부가 사회 양극화 해소와 취약계획을 위하여 다양한 지원 정책을 내 놓고 있습니다. 그러나 정작 가장 어려운 사람들에게는 모든 정책이 그림의 떡에 불과합니다. 부부 중 한쪽이 신용불량자이거나, 파산면책자이면 그 가정은 아무것도 못합니다. 이러한 정책은 우리나라에 패자들을 위한 부활정책이 없음을 반증해 줍니다. 


[개선방안] -

취약계층 지원 정책에 신용불량자도 포함시켜야 합니다. -취약계층 지원 정책에 파산, 면책자 가정도 포함시켜야 합니다. -취약계층 지원 정책에 파산, 면책자도 포함시켜야 합니다.(이것은 연좌제와도 같은 잘못된 법이다. 가장이 잘못하면 그 가정이 어떻게 다시 일어날 수가 있겠습니까? 출소자도 다양한 자립지원 정책을 펼치고 있습니다. 그런데 법으로부터 파산면책을 받은 사람들은 정부의 어떠한 정책적 지원도 받지 못하고 제한을 받고 있습니다. 죄인도 아닌 사람을 지원해주지 않는 것은 출소자만도 못하게 여기고 있다는 것이므로 이는 대단히 잘못된 정책입니다.) -신용불량자, 파산, 면책자들에게도 국민주택구입이나, 전세자금 대출은 해주어야 합니다. (이들이 대출을 받으려면 이혼을 해야 한다. 세상에 이러한 법이 어디 있습니까? 진정으로 사회 취약계층들을 위한다면 제일 어려운 이분들을 도와주어야 합니다.) -취약계층 지원정책 혜택에 신용불량자, 파산, 면책자 가정도 포함시켜서 이분들도 재기를 할 수 있도록 기회를 주어야 합니다.


 [기대효과] 

-이혼 자살 예방 -자녀들 탈선 방지 -가정 해체 방지 -위기 가정 자립 지원 -사회양극화 해소 -사회통합 -선진 한국 건설",,,NA,20240125,NA
*구청 홈페이지에 야간당번 병원과 약국 안내 해주시면 좋겠습니다*,식품/보건/복지/가족,,제안심사,2010-12-02,NA,보건복지부,"한 밤 중에 응급한 상황이 발생되는 경우를 종종 경험하게 됩니다.

각 지역마다 야간 약국과 병원이 있다고는 하나 찾으려면 지역 신문이나 114안내를 통하는 것이 그나마 방법입니다만 

제 생각으로는 각 구청마다 잘 가꾸고 있는 홈페이지 첫 면의 한쪽에 작은 배너를 마련하여 매일 야간당번 병원과 약국 안내를 챙겨 주었으면 합니다.

본인들이 살고 있는 구청 홈페이지에 야간당번 병원과 약국을 찾을 수가 있다면  응급상황 발생시 유용하리라 생각되어 집니다.

늘 상 열어보는 구청 홈페이지에서 바로 보여 진다면 어느 누구든 기억을 하고 응급상황이 발생 되면 “아~ 거기에  있더라.” 하며 당황하지 않고 열람하여 유용하게 이용할 수 있을 것 같습니다.",,,NA,20240125,NA
불우 이웃 돕기 성금함을 만들어 주세요!!!,식품/보건/복지/가족,,답변완료,2010-12-02,NA,보건복지부,"우리 주변에는 불우한 이웃이 많습니다.

또, 불우이웃에 대한 무관심이 있습니다.

이런 이유 때문에 이렇게 제안 합니다.

불우 이웃 성금함을 만들어 주세요.

그러면 불우 이웃을 도와 주면 나도 기분이 좋아 지기 때문입니다.

또, 불우이웃에 대한 정이 생기기 때문입니다.

앞으로는 불우 이웃을 도와 주세요.",,,,20240125,NA
국민기초수급대상자 정부지원금 좀 올려주세요!~,식품/보건/복지/가족,,제안심사,2010-12-01,NA,보건복지부,"저는 고시원에 사는 기초수급자인데 정부보조금으론 생활이 턱없이 부족해요!~ 


매달 고시원비20만원내고나면 남는돈은20만원 남짓 


정부보조금이 현40만원수준인데 60만원으로 상향조정해 주세요!~~",,,NA,20240125,NA
기초수급자 정부지원금 좀 올려주세요!~,식품/보건/복지/가족,,제안심사,2010-12-01,NA,보건복지부,"저는 고시원에 사는 기초수급자인데 정부보조금으론 생활이 턱없이 부족해요!~


매달 고시원비20만원내고나면 남는돈은20만원 남짓


정부보조금이 현40만원수준인데 60만원으로 상향조정해 주세요!~~",,,NA,20240125,NA
통신사별로 요금납부서 함께보내주세요,산업/방송/통신/과학,,제안심사,2010-12-01,NA,방송통신위원회,"가족인원수만큼 통신사에서 요금청구서가 날아옵니다

한통신사에 같은주소인경우 묶어서 하나로 보내주시면 좋을것 같아서 제안합니다

한가족4명이모두 같은통신사를 쓰는데 4장을 보내지 말고 한장으로 묶어주세요",,,NA,20240125,NA
놀토요일(평일)국가시험으로자격증을취득하게해주세요 ,교육/문화/체육/관광,,답변완료,2010-12-01,2013-04-30,교육부,"교육과학기술부 장관님! 

나라의 교육을 위해 수고가 많으십니다.

다름이 아니오라 

지금은 대학졸업이 기본입니다.

특히 근로자들 가운데 대학의 졸업장 기회를 놓친 사람들이 많습니다.

4년제대학의 기본 졸업장이 있어야 모든 자격증을 취득하는데 시간상  유익한 점이 많습니다.

그리고 대학의 졸업장이 있고 없고가 취업과 대우가 여전이 존재를 하고 있습니다.

또 많은 젊은이들이 4년제 대학 졸업장을 갖기 위해 아무 4년제 대학교을 진학합니다.


이쯤에 학점 은행제를 통해 졸업장을 빠르게 취득하는 시험을 놀 토요일을 이용하여 1년에 몇번만 시행에도 많은 학생들 가운데 구태여 학위 취득을 위해 대학가는 기간을 사회를 위해 쓸수 있다고 생각합니다 .(고등학교 졸업장으로 되기는 하지만)

(컴퓨터 자격시험도 1년에 토요일시험으로 많은 국민과 학생들이 혜택을 보고 있습니다)


1년에 몇번이라도 놀 토요일에 국가시험을 치르게 해주세요 


  감사합니다.",,,"안녕하십니까? 

교육부 민원조사담당관실입니다 

먼저 우리부 국민제안에  의견을 주신데 대하여 감사의 말씀을 드립니다. 


서재규님께서 제안해 주신 내용에 대해서는 2013.4.30 전화로 답변드린 바와 같습니다.

원하시는 답변을 드리지 못해 죄송합니다. 또한 제안에 대한 지연으로 인한점 죄송합니다.


앞으로도 우리부 정책에 많은 관심을 가져 주시기 부탁드리며, 

교육부의 정책에 관한 전화상담은 우리부 콜센터로 전화해 주시면 친절히 안내하도록 하겠습니다. 

(전화번호) 교육부 콜센터 : 02)6222-6060 

선생님댁 가정에 항상 웃음과 행복이 가득하시길 바랍니다. 감사합니다.",20240125,NA
기초생활 수급자 현실에맞게 생황비 지급하라!!,식품/보건/복지/가족,,제안심사,2010-12-01,NA,보건복지부,"1.현 수급자들이 받는 생활비는 차등지급 함으로 격차가 너무 심하여 도움이 절대 적으로 안된다.가령1-3십원 받는사람이 한달을 살수있을까요? 정부에서 말하는 1-2인가족 최저 생계비를 일율적으로 지급해야 살수 있다고 봅니다.말로는 복지국가를 외치지만 정치성이요 형식에 불과합니다.이유는 한 수급자 장애인이 받는 생활비 50만원 으로는 살수가 없어서 조금이라도 보탬이 되고자 택시를 간간 운전해 한달 받은돈이 40만원 이었습니다.그런데 다음달 수급자비가 10만원이 나왔다니!! 이거 말이나 됩니까? 오히려 손해를 본셈이죠 차라리 가만히 놀고 애 안쓰고 주는돈 받는게 좋을뻔 했을것이라고 모두다 생각 합니다.어떻게 보면 정부가 국민들을 무기력한 사람으로 만들고 있습니다.그러므로 형편성맞게 일률적으로 최저 생계비를 지급하고 여기서 추가 수입부분만 삭감하는것이 타당하다고 사료됩니다.

2.현 수급자로서 매월 50만원 정도 받아 오다가 집사람이(56세) 생활능력이 있다고 판정하여 30만원이나 삭감되어(20만원지급) 큰 어려움을 격고 있습니다. 산후바람.각종 대 수술휴유증. 만성두통. 허리디스크.부종.신경통.등으로 인해 가사일도 제대로 할수없는데도 의사의 장애 확정판정으로 급수를 받지 아니하면 인정 할수 없다고하니? 과연 현 정부가 수급자들을 도와 줄려고 하는 것인지 정말 의심이 갑니다.제발 슬프게 하지마세요? 급수를 받지못하는 만성 질병들이 얼마나 많습까? 정말 진정으로 도와줄려고 한다면 현 환자의 상태를보고 전과같이 의사의 소견서나 진단서 만이라도 가지고 인정해주는 법이 다시 개정 되였으면 좋겠습니다.다른곳에는 국가재정이 줄줄 새는것을 막지 못하면서 소외된 수급자들의  지급되든 생활비마져 삭감해 빼앗아가는 처사는 매우 잘못된 처사라고 사료됩니다.시정촉구 바랍니다.",,,NA,20240125,NA
지하철 입출구 기둥에 방위각 표시 필요합니다.,행정/자치/안전,,답변완료,2010-11-30,2013-01-11,서울특별시,"-지하철 출입구 기둥에 동서남북(방위각)표시를 하게되면~


동서남북""~방향감각을 알수 있게 되므로 길을 찾아가는


보행자와 운전자등 여러 사람들에게 편리할 것 같습니다.


-가장 저렴한 방법으로 지하철 입출구 기둥에 반영구적


방위각""을 표시해 주십시요.


-길을 묻고 답할때 ""동서남북""이란 표현을 하게 되므로


좀 더 세심하고 정확한 효과가 예상됩니다.",,,"서울시 지하철에 관심을 보내주심 문성두님께 감사드립니다.

문성두님께서 제안해주신 사항은 제안의 취지를 고려하여 지하철 운영기관과 협의하여

검토하도록 하겠습니다. 


시간을 내어 소중한 의견을 주신점 진심으로 감사드리며, 더 나은 지하철 서비스를  제공하기 위해 더욱 노력하겠습니다.",20240125,NA
제안하기의 주민등록번호를 아이핀(i-PIN)으로 입력가능하도록 지원,기타,,답변완료,2010-11-30,2010-12-30,국민권익위원회,"1. 현황제도 및 운영의 실태와 문제점

  ㅇ 민원모니터단 내용 등록시 실명과 주민등록번호, 상세 주소 등 많은 개인정보를

      입력해야함

  ㅇ 악의적인 민원에 대한 예방책은 될 수 있으나, 개인정보 피해 사례 급증으로 개인

      정보 제공에 대한 불안감이 높아지고 있는 현실을 감안할 때, 선의의 충실한 민원인의 

      활동을 제약하는 요인이 될 수 있음


2. 개선내용

  ㅇ 정보통신부와 한국정보보호진흥원이 개발하여 '06년 10월부터 시행하고 있는 

      아이핀(i-PIN)으로도 민원 제안이 가능하도록 지원함으로써 민원인의 개인정보

      를 철저히 보호함


3. 기대효과

   ㅇ 개인정보 보호 강화를 통한 민원 제안의 활성화",,,"1. 국민신문고에 대한 관심에 감사를 드리며, 귀하께서 신청하신 제안(1AB-1011-010051, 국민신문고 국민제안 로그인시 아이핀(i-PIN) 사용 가능하도록 해주세요)에 대한 검토결과를 다음과 같이 알려 드립니다.

        2. 답변사항

         ○ 국민신문고 로그인시 아이핀(i-PIN) 로그인 기능 적용은 현재 적용 검토 단계에 있으며, 향후 행정안전부 등과 협의하여 적용여부를  결정하도록 하겠으니, 양해하여 주시기 바라며, 앞으로 국민신문고 이용 시 불편한 사항이 있으면 언제든 문의하십시오. 친절히 답변 드리겠습니다.

        3. 제출하신 의견은 시행 검토 중인 건의에 해당하여 채택하지 않음을  양해  하여 주시기 바랍니다.

        4. 상기 내용 이외에 추가로 궁금하신 사항은 국민신문고담당관실 정진덕조사관(02-360-2750)에게 연락하여 주시기 바라며, 귀하와 귀하의 가정에 건강과 행운이 항상 함께하기를 기원합니다. 끝.",20240125,NA
휴대전화 통화요금제 자율화를 위해,산업/방송/통신/과학,,제안심사,2010-11-30,NA,방송통신위원회,"오랫동안 사용해오던 휴대전화가 이젠 그 수명이 다해가는 듯해 최근 대세인 스마트폰을 구입하려 했더니 소위 말하는 끼워팔기식 요금제가 있어 그에 대한 개선을 요청합니다.

스마트폰 요금제는 ""I-모모""라는 식으로 ""무료문자 몇백건, 무료음성 몇백분, 데이터 무제한""으로 체계를 만들어 요금을 적용한다고 합니다.

SK텔레콤을 시작으로 KT, LG U+또한 초당과금제를 시행하여 고객의 입장에서 혜택아닌 혜택을 적용받는 요즘시대에 제 개인적 상황입니다만 차량운전을 통한 장거리 출장도 많고 하여 업무상 통화할 일이 많아 음성통화는 많이 사용하지만 문자메세지는 운전중 사고위험도 높고해서 거의 사용을 못합니다. 비단 제 개인적 상황일 수도 있지만 초중고생 들을 제외한 성인들 중 한달에 문자 메세리 얼마나 많이 사용하겠습니까? 

그렇다면 예를들어 KT에서 시행중인 요금제 I-미디엄 의 요금제는 월65,000원에 무료문자 400건, 무료음성 400분, 무료데이터 무제한으로 되어있는데, 저는 매월 무료문자 400건을 그냥 낭비하라는 것인지.. 그래서 그에대해 해당통신사에 문의하여 무료문자를 사용하지 않는대신 무료음성을 좀더 확대시킬수 없느냐는 질의에 단호히 ""그런 요금제는 없습니다""랍니다.

""초당과금제""라는 것이 고객에 대한 좀더 합리적인 요금부과를 위해 정해졌듯 현재의 스마트폰요금제 또한 고객의 입맛에 맞게 선택할 수 있게끔 개선이 필요할 듯 합니다.

적게내는것 만이 그 목적이 아니라 고객이 상식의 선에서 인정할 수 있는 과금제도가 필요하리라 생각합니다. 

통신사에서 정해놓은 요금제제 고객은 그저 따를수 밖에 없는 것이 아닌 고객이 직접 선택할 수 있는 요금제가 필요하다 생각합니다.",,,NA,20240125,NA
공정한 사회를 위한 교육 제안,교육/문화/체육/관광,,답변완료,2010-11-30,2013-04-03,교육부,"교육을 통하여 공정한 사회를 이루게 하려는

목적을 가지고 생각해 보았습니다.

우리나라는 똑똑한 사람도 많고 배운 사람도 많습니다.

헌데 배운이들은 다음 세대에게 배움을 요구할때

더욱 많은 것을 요구 하게 됩니다.

우리의 아이들은 어른들에게

무언가를 더욱 알고자 할때 우린 돈이라는 대가를 지불합니다.

바로 여기서 불공정이 많이 발생 하지요.

학원이나 고액 과외 해외 유학등 돈으로 쌓는 스팩경쟁도 일어 납니다.

조금이나마 이러한 불공정을 완화 해줄 방법은 없을까

생각해 보았습니다.

그러자 선생과 아이들을 소셜네트워크 시스템을 이용해

이어주고 인터넷 강의 처럼 온라인으로 이어진 교육 사업이

생각났습니다.


많이 배우고 저렴한 비용으로 아이들을 가르치려는 어른과

적은 비용으로 배움을 얻고자 하는 이들을 이어주는 사업이죠

이와 같은 사업을 전세계 적으로 실시 하면

우리나라의 교육 위상은 더욱 높아질 것이고

세상의 교육계의 리더로서 자부심을 가지게 될 것입니다.

유학 같은 것을 굳이 가지 않아도 스마트 기기를 이용해

지구 반대편의 교육, 문화, 요리 다양한 분야를

눈과 귀로 배울수 있을 것입니다.


전세계의 배우려는 사람과 가르치려는 사람을 이어주는

쇼셜네트워크 교육 사업 추친을 제안합니다.

우리는 보다 더 잘할수 있고 아이들에게 더욱 나은

미래를 제안할수 있을 겁니다.",,,"안녕하세요?

교육부 이러닝과입니다.

온라인 교육에 관심을 가져주셔서 대단히 감사합니다.

아울러 좋은 제안을 해주셨음에도 수년이 지난 뒤에 답변을 드리게 되어 송구스럽게 생각합니다.


우리부는 2000년부터 사이버가정학습 시스템을 마련하여 시행중에 있습니다.

사이버가정학습은 학생들이 온라인을 활용하여 자기주도적으로 학습을 할 수 있는 시스템입니다.

또한 우리부는 2011년부터 '스마트교육'을 추진하고 있습니다.

권진범님께서 제안하신 바와 같이 양방향 소통이 가능하도록 설계되어 서비스될 예정입니다.

스마트교육은 많은 예산과 제도의 개선이 필요한 사항으로 단시간에 추진되기는 어렵겠으나

현장의 반응과 부작용을 최소화하면서 단계적으로 시행될 예정입니다.


권진범님의 소중한 제안에 감사드리며

온라인을 활용한 교육격차 해소와 공교육 정상화를 위해

앞으로도 계속 노력하겠습니다.",20240125,NA
평생교육원의 보다 질높은 교육을 위한 제안,교육/문화/체육/관광,,답변완료,2010-11-29,2013-05-13,교육부,"<현 실태>

요즘 평생교육의 중요성이 증대되고 

각 대학에서는  평생교육원을 부설하여 이런 시대적 요구에 부응하고 있다. 


<문제점>

배우고 싶은 과를 선택할 때 강사가 잘 가르쳐 줄 수 있는지  


거기에 대한 대략적인 정보도 얻기가 매우 힘들다. 


강사진에 대한 프로필이 한 줄 정도로 너무 간단하게 되어 있는 실정이다.



<개선내용 & 기대효과>


①강사진의 학력이나 나이,약력등 프로필을 좀 더 상세하게 올려주면 한다.


②교육받은 교육생들의 후기를 의무적으로 올리고 누구나 볼 수 있게 열어 놓아 


다음 수강 희망자들에게  좀더 사전 정보를 알고 수강 결정에 도움을 주면 좋겠다.


③또한 외양만 그럴듯한 강사보다 실력이 있는  강사 초빙을 하는데 힘을 써야 할 것이며


④1년 정도의 수강기간이 되는것은 수강생의 설문지 답등을 통한 중간 점검을 한다면 


 시대의 요구에 부응하는 질 높은 교육의 장이  마련될 것으로 기대한다.",,,"○ 안녕하세요? 먼저, 평생교육에 대해 관심을 가져주셔서 대단히 감사드립니다.  민원인께서 제안한 사항에 대해서 다음과 같이 답변 드립니다.

 ○ 평생교육법 제6조(교육과정 등)에 ""평생교육의 교육과정ㆍ방법ㆍ시간 등에 관하여 이 법과 다른 법령에 특별한 규정이 있는 경우를 제외하고는 평생교육을 실시하는 자가 정하되 학습자의 필요와 실용성을 존중하여야 한다.""라고 규정하고 있습니다.

    따라서, 각 대학의 장이 평생교육원 개설 과정에 대한 안내 등을 정하여 운영할 사항이라고 사료됩니다.

 ○ 끝으로, 본 건과 관련하여 추가 문의사항이 있을 경우에는 평생학습정책과(유삼목, 02-2100-6248, ysm2020@moe.go.kr)로 연락주시면 친절히 안내해 드리도록 하겠습니다. 민원인과 가정에 항상 웃음과 행복이 가득하시길 기원합니다. 감사합니다.",20240125,NA
전자민원신청 및 제안신청 시의 주소입력의 건,기타,,답변완료,2010-11-26,2010-12-01,국민권익위원회,"본 전자민원 시스템을 이용함에 있어서 국민의 한사람으로 본 시스템의 관련 관계자님들께

감사드립니다. 

본 시스템에 대하여 한가지 제안을 드리고 싶습니다. 

민원신청 및 제안신청 시,  또는 로그인 등록 시의 주소 입력에 대하여 국내거주 국민은 문제

가 없읍니다만 국내주소가 없는 해외거주국민도 주소를 입력 가능하게 해 주셨으면 더욱 고

맙겠읍니다. 

괸한 제안일 지 모르겠읍니다만 확인 및 검토를 제안 드립니다. 

대단히 감사합니다.",,,"1. 국민신문고에 대한 관심에 감사를 드리며, 귀하께서 신청하신 제안(1AB-1011-008765, 민원 신청 및 제안 신청 시 해외 주소도 입력이 가능하게 해주세요)에 대한 검토결과를 다음과 같이 알려드립니다.

        2. 답변사항

         ○ 현재 국민신문고의 한국어 민원 및 제안 신청은 국내 우편번호로 해당 주소를 검색하도록 되어 있어, 해외 주소를 입력할 수 없도록 되어 있습니다. 다만, 국민신문고 외국어(일본어 등 6개국어) 민원신청 서비스를 이용하시면 해외 주소를 입력할 수 있으며, 민원내용에 제안사항을 입력하여 민원으로 신청하시더라도 국민신문고에서 제안으로 전환하여 처리할 수 있음을 알려드립니다. 앞으로 국민신문고를 이용하시면서 불편한 사항이 있으면 언제든 문의하십시오, 친절히 답변 드리겠습니다.

        3. 제출하신 의견은 시행중 및 적용하기 곤란한 건의에 해당하여 채택 하지 않음을 양해하여 주시기 바랍니다.

        4. 상기 내용 이외에 추가로 궁금하신 사항은 국민신문고담당관실 정진덕조사관(02-360-2750)에게 연락하여 주시기 바라며, 귀하와 귀하의 가정에 건강과 행운이 항상 함께하기를 기원합니다. 끝.",20240125,NA
대전역 동광장 택시승강장위치  변경,행정/자치/안전,,답변완료,2010-11-25,2015-04-27,대전광역시,"1. 동광장 택시승강장의 실태(문제점)

  -  서대전역이나 대전역 정문(?) 쪽을 보면 줄만 서면 바로바로 택시를 탈 수 있다. 그런데 동광장 택시승강장에서 택시를 기다리다보면 유독 택시 기다리는 시간이 길다라는 것을 느낀다. 그럼 왜 그럴까? 택시가 없어서? 지난주 택시승강장에서 택시를 기다리고 있는데 대전을 방문한 네 명의 여자들이 ""대전은 택시가 왜 이렇게 없어? 여기서 택시기사 해야겠다.""라는 말을 하는 것을 들었다. 조금 기다리더니 동광장 정면 쪽에 불법 주정차되어있는 곳에서 승객을 내려주는 택시를 마구 잡아타는 광경을 보자 바로 그쪽으로 가서 택시를 잡는 것이다. 본인 앞에는 약 10여명의 사람들이 택시를 기다리고 있어 '택시 타려면 오래 걸리겠구나'라는 생각에 '나도 그쪽으로 가서 택시를 잡을까?'라는 갈등이 있었지만 질서를 지켜야한다는 신념에 계속 서 있었다. 조금 뒤 외국인 3명과 한국인으로 보이는 사람 1명이 내 뒤에 섰다. 대전역 간판을 보면 서로 얘기를 나누다가 아까 그 장소에서 택시를 잡아타는 사람들을 보자 이들도 그쪽으로 발걸음 향했다. 정말 어이가 없었다. 질서를 지키지 않는 사람들도 어이없었고 그렇다고 승강장이 아닌 곳에서 승객을 태우는 택시기사들도 어이없었다. 


2. 개선내용 및 개선효과

 - 택시 승강장의 위치를 현재 불법주정차 하고있는 동광장 정면쪽으로 옮겼으면 좋겠다. 대전역을 찾는 대부분의 택시승객들이 그쪽에서 하차하기 때문에 택시기사분들도 동광장 주차장을 한바퀴 돌고 나서 승객을 태우는 것보다 하차하는 시점에서 바로 승객을 태우는 것이 편해서 승객을 태우기도 하고 손님들도 질서를 지키지 않는 유혹을 받지 않을 것이다. 또한 불법주정차를 할 만한 공간이 없어져 불법주정차 문제도 사라질 것이라 생각한다. 그리고 이제까지의 무질서하게 보이던 대전의 이미지가 바뀌게 될 것이라 생각된다.",,,"현재 대전역 동광장 택시 승강장은 택시 이용승객의 승,하차 편의를 위하여 대전역 계단에 가까운 위치에 설치되어 운영되고 있으며 택시 승강장을 요청 위치로 변경 시 무분별한 택시대기 차량으로 인하여 대전역 동광장, 인근 주차장을 이용하려는 차량의 진입등 교통흐름에 막대한 지장과 교통사고 발생 우려로 승강장 이전은 불가 할 것으로 사료됨.",20240125,NA
샬롬 쓰레기통관련 제안입니다,행정/자치/안전,,제안심사,2010-11-25,NA,노원구,"샬롬 쓰레기통말인데요 거리마다 쓰레기통이 있어도 접근이 좀 불편해요


파란색쓰레기통입구를 좀더 개방하여 멀리서 던지거나 지나치면서 던지는 사람들이 던지는


쓰레기도 잘 들어가도록 말입니다.또 인도에 띄엄띄엄 있기 보다 인도의 길이에 따라 서너개씩


설치해주세요 입구는 좀 넓혀주시는데 현재의 2/3정도면 좋아요(현재의 쓰레기통입구의)


그리고 병이나 캔같은 경우 사람들이 많이 먹으니까 그런 것만 넣는 곳은 더 자주 만들어주세요


현재 쓰레기통의 반정도로요 그 쓰레기통주변에 꽃을 심어놓아서 혹시 누가 잘못 넣더라도


그것이 사람들 눈에 띄지 않게말이죠.그럼 감사합니다",,,NA,20240125,NA
민방위날 신호소리를 휴대폰으로 소리나게합시다.,행정/자치/안전,,제안심사,2010-11-25,NA,행정안전부,민방위날신호소리를 휴대폰으로 소리나게합시다.,,,NA,20240125,NA
국민제안사이트에다가 아이디어 사이트를 올리게합시다. http://opencast.naver.com/NA986/569,기타,,답변완료,2010-11-25,2010-12-17,국민권익위원회,국민제안사이트에다가 아이디어 사이트를 올리게합시다. http://opencast.naver.com/NA986/569,,,"안녕하십니까? 

국민신문고를 방문해 주셔서 감사합니다. 


국민제안은 국민이 정부시책 또는 행정제도・운영의 개선을 목적으로 중앙행정기관의 장, 지방자치단체의 장 또는 특별시・광역시・도・특별자치도 교육감(행정기관의 장)에게 제출하는 창의적인 의견 또는 고안으로서, 

1. 일반적으로 공지되었거나 이미 이용되고 있는 것 

2. 타인이 취득한 특허권・실용신안권・디자인권・저작권에 속하는 것이거나 [공무원 직무발명의 처분・관리 및 보상 등에 관한 규정] 에 의하여 보상이 확정된 것 

3. 이미 채택된 제안이거나 그 기본구상이 이와 유사한 것 

4. 일반 통념상 그 적용이 불가능하다고 판단되는 것 

5. 단순한 주의 환기・진정・비판・건의 또는 불만의 표시인 것 

6. 국가나 지방자치단체의 사무에 관한 사항이 아닌 것 


등은 해당되지 않으며, 귀하께서 제출해 주신 글만으로는 세부내용을 파악하기가 어려워 불채택으로 종결하고자 하니 양해하여 주시기 바랍니다. 


추운 겨울철 건강에 유의하시기 바랍니다. 감사합니다.",20240125,NA
민원 올릴 경우 기관 또는 담당 부서를 지정해서 올릴수 있도록,기타,,답변완료,2010-11-25,2010-12-01,국민권익위원회,"민원을 올릴 경우 감사실이나 이런곳에서 처리해 달라고 문구를 달아도 대부분의 경우는 해당 부서로 넘어가 버려 별다른 조취없이 해당 부서에서 마무리 해버리는 경우가 다반사인듯 보입니다.

 보통 일상적인 민원 업무야 상관 없겠지만 의구심이 드는 민원이나 원인을 규명해야 할만한 민원들이 담당 부서로 그냥 넘어갈경우 고양이에게 생선을 맞기는 식이기 때문에 그냥 얼렁뚱땅 넘어가 버리는 경우가 많습니다. 특히 민원을 올린 사람의 의사나 해결여부와 상관없이 민원을 넘겨받은 담당 공무원이 완결 처리하면 그냥 마무리가 되어버리는데요.

 이렇게 특정 부서를 선택해서 올린다던지 감사를 원하는 경우 민원 신청시 별도의 기관 및 부서 선택 또는 감사관련 상태를 별도로 입력 받을 수 있는 항목이 있어서 이러한 부분이 체크가 될경우 별도로 처리할 수 있는 프로세스가 도입 되어야 중복된 민원의 등록하거나 하는 불편을 줄일수 있고 좀더 정확한 민원 처리가 이루어질수 있을거 같습니다.",,,"1. 국민신문고에 대한 관심에 감사를 드리며, 귀하께서 신청하신 제안(1AB-1011-008179, 국민신문고 민원 신청 시 기관 또는 담당 부서를 지정해서   신청하도록 개선 해 주세요)에 대한 검토결과를 다음과 같이 알려드립니다.

        2. 답변사항

         ○ 현재 국민신문고에서는 민원 신청 시 모든 중앙행정기관, 시도자치단체, 시도교육청, 17개 주요공공기관을 지정하여 신청하실 수 있습니다만, 담당 부서는 해당 기관의 민원접수 담당자가 내용을 판단하여 부서로 배정하는 것을 원칙(「온라인 국민참여포털의 운영에 관한 규정」제8조 민원의 분류)으로 하고 있음을 양해하여 주시기 바랍니다. 앞으로 국민신문고를 이용하시면서 불편한 사항이 있으면 언제든 문의하십시오, 친절히 답변 드리겠습니다.

        3. 제출하신 의견은 시행중 및 적용하기 곤란한 건의에 해당하여 채택 하지 않음을 양해하여 주시기 바랍니다.

        4. 상기 내용 이외에 추가로 궁금하신 사항은 국민신문고담당관실 정진덕조사관(02-360-2750)에게 연락하여 주시기 바라며, 귀하와 귀하의 가정에 건강과 행운이 항상 함께하기를 기원합니다. 끝.",20240125,NA
민원 신청의 진행상태 변경,기타,,답변완료,2010-11-25,2010-12-01,국민권익위원회,"민원의 경우 민원을 올린 후 담당 공무원으로 이관되면 민원이 해결되지도 않았는데 완료로 끝나버리는 경우가 종종 있는거 같습니다.

 민원이 올라왔으니 해결은 해야될거 같은데 해결이 안되면 안될거 같아서 그런지 그냥 완료로 넘겨 버리는데요. 그런경우 민원 올린사람이 미해결로 하더라도 그냥 완료 상태인 것으로 끝나버려 다시금 재차 민원을 올리는 현상이 발생을 하는거 같습니다.

 민원이 미해결이거나 완료 평가되지 않은 부분에 대해서는 완료 처리되지 않고 진행이 다시 이루어질수 있도록 프로세스를 일부 변경 처리 해야할듯 보입니다.",,,"1. 국민신문고에 대한 관심에 감사를 드리며, 귀하께서 신청하신 제안(1AB-1011-008173, 국민신문고 민원 진행 상태에서 민원이 해결되어야만 완료   처리 되도록 프로세스를 변경해 주세요)에 대한 검토결과를 다음과 같이 알려드립니다.

        2. 답변사항

         ○ 현재 국민신문고에서는 민원 신청 시 담당 공무원이 답변을 등록  하면 진행상황에서 완료가 됩니다. 답변이 불성실하거나 만족스럽지 못한 경우 만족도 평가 시 추가질의를 하실 수 있으니, 이용하여  주시기 바라며, 신청민원의 해결여부에 따른 완료처리는 주관적인 사항이라, 적용하기 어려우니, 양해하여 주시기 바랍니다. 앞으로 국민신문고를 이용하시면서 불편한 사항이 있으면 언제든 문의하십시오, 친절히 답변 드리겠습니다.

        3. 제출하신 의견은 적용하기 곤란한 건의에 해당하여 채택하지 않음을 양해하여 주시기 바랍니다.

        4. 상기 내용 이외에 추가로 궁금하신 사항은 국민신문고담당관실 정진덕조사관(02-360-2750)에게 연락하여 주시기 바라며, 귀하와 귀하의 가정에 건강과 행운이 항상 함께하기를 기원합니다. 끝.",20240125,NA
쓰레기 봉투 사용에 대하여,행정/자치/안전,,제안심사,2010-11-25,NA,노원구,"1.  구역별로 별도의 타는 쓰레기,  안타는 쓰레기 봉투를 분리해서 쓰고 있다.

2.  타는 쓰레기 봉투는 일반쓰레기를 집안에서 모아서 한봉투가 가득차면 버린다.

3.  버린 쓰레기는 매일 쓰레기 차가 와서 수거해간다.

4.  봉투를 사는데 집집마다 비용의 차이가 있다.

5.  이사를 가면 쓸수 없는 경우도 있다.

6.  몰래 쓰레기를 버리는 사람도 있다.

7.  쇼핑할때 지금도 여전히 비닐봉투는 많이 받아오게 되므로 쓰게 된다

개선내용.  기대효과

1.  쓰레기 봉투를 사용하다 보니,  결국 쓰레기 봉투 안에 또 다른 비닐 봉투를 쓸데가 많다.

이유인즉,  쓰레기를 모아서 버려야하므로 일주일 정도씩 집안에 두고 있어야 할때가 많기에

냄새가 나는것을 방지하기 위해서 봉투속에 또 봉투를 넣는다.

2.  쓰레기를 집집마다 요금을 공동으로 부과될때 생기지 않았던 쓰레기 무단투기가 생겼다.


공동주택의 경우 쓰레기를 매일 수거해주며,  쓰레기 봉투를 사용하지 않아요 되게 이전의 방법을 적용해주길 바란다.   결국 쓰레기의 양은 줄지 않으면서 쓰레기 봉투를 만들어 사용하게 되면 더욱더 늘어나는 경우도 있기에 공동주택의 경우 월별로 일정액을 지불하고 쓰레기통에 자유롭게 버릴수 있게 해주세요",,,NA,20240125,NA
소년소녀가정 및 저소득 가정에 도배지(장판) 무상지원,식품/보건/복지/가족,,제안심사,2010-11-25,NA,보건복지부,"○ 현실태와 문제점

   생활이 어려워 집안 도배, 장판 등 교체를 못해 불결한 환경에서 생활하는 가정이 많이 있음

 ○ 개선방안

   시청, 구청 등 국가 기관에서 재료를 무상 배급하고 작업은 해당 구에서 봉사활동을 희망하는 사람을 모아 시행

 ○ 기대효과

   저소득층 사람들도 깨끗한 생활환경에서 생활 할 수 있음",,,NA,20240125,NA
제안 신청 작성에 저장 기능을 만들어 주세요,기타,,답변완료,2010-11-25,2011-01-07,국민권익위원회,"제안 신청 작성을 하다가 끝내지 못할 경우도 생깁니다.

다시 처음 부터 작성을 해야 하는 불편함을 해결해주세요.

저장 기능이 있으면  한번 작성한후 재검토나, 유사한 제안을 검색하고 올릴수 있습니다.

중복된 제안이나, 유사한 제안이 난무 되지 않은 효과도 있고,

작성한 제안에 대한 자료 조사도 더욱 신중할수 있습니다.

제안 신청 저장 기능이 있어야 합니다.",,,"1. 국민신문고에 대한 관심에 감사를 드리며, 귀하께서 신청하신 제안(1AB-1011-007972, 국민신문고 국민제안 작성 중 저장 기능을 만들어 주세요)에  대한 검토 결과를 다음과 같이 알려 드립니다.

        2. 답변사항

         ○ 현재 국민신문고에서는 국민제안 신청 입력 작업 중 일정시간(1시간)이상 입력 작업이 없으면 개인정보보호 정책상 자동으로 로그아웃 되도록 시스템 상 설계되어있으며, 작성내용이 길거나 장시간 이석 시에는 문서 편집기 등에 입력하여 저장한 후 신청하여 주시기 바랍니다. 

             <참조> 현재 국민신문고에서 자동 로그아웃될 경우『로그인 정보유지시간이 초과되어, 작성 중이던 내용을 복사한 후 문서편집기에 저장하고 재접속해주시기를 바랍니다』라는 안내 메시지를 드리고 있습니다.

             앞으로  국민신문고를 이용하시면서 불편한 사항이 있으면, 언제든 문의하십시오. 친절히 답변 드리겠습니다.

        3. 제출하신 의견은 적용하기 곤란한 건의에 해당하여 채택하지 않음을 양해하여 주시기 바랍니다.

        4. 상기 내용 이외에 추가로 궁금하신 사항은 국민신문고담당관실 정진덕조사관(02-360-2750)에게 연락하여 주시기 바라며, 귀하와 귀하의 가정에 건강과 행운이 항상 함께하기를 기원합니다. 끝.",20240125,NA
취약계층(기초생활수급자)의 입원과 수급비 불공평삭감,식품/보건/복지/가족,,제안심사,2010-11-24,NA,보건복지부,"저는 기초생활 수급자이면서 암환자입니다

.

그런데 기초생활수급비의 경우 6개월간을 통합해 30일 이상 입원할경우

기초생활수급비가 거의 나오지 않습니다.


(30일간 입원했으면 다음달 30일(한달)만 수급비가 않나와야 함에도

무려 6개월간이나 수급비가 거의 나오지 않는 불공평한 일이 발생합니다)


기초생활수급자가 

수급비 지원을 받지 못하는 상태에서 투병을 해야 한다는 것은

지극히 힘든 경제적 상황을 맞게 됩니다.


6개월 간의 기간중 30일(한달) 이상을 입원할경우 

6개월 내내 수급비가 거의 지원되지 않는것은 불균형한 것으로


입원일수에 따라 40일이면 40일간의 수급비만 지원하지 않는것이 정상적인데 

6개월 내에 30일 이상 입원하면 6개월 내내 수급비가 깍인다는 것입니다.


결국 한달에 5일 이상 암이나 중요질병으로 입원하면 않된다는건데

중병의 경우 불가능하기때문에 암등의 중요 질병에 걸렸을 경우

예외적으로 인정해 수급비를 지원해 암치료와 생활의 도움을 줘야 

할거라 생각합니다",,,NA,20240125,NA
제초제 없는 푸른 논.밭두렁 가꾸기,행정/자치/안전,주민제안(제초제 없는 푸른 논.밭두렁 가꾸기).hwp,제안추진,2010-11-24,2013-05-01,서천군,제안서 첨부합니다,,,"논밭두렁 제초제살포는 농촌경관을 해칠 뿐만 아니라  생태계 및 인체에도 매우해로운 농약성분임 

따라서 서래야 친환경농업단지 600ha 전면적의 논에는 제초제살포을 금하고 있고 생태원 주변지역 장선리를

시범마을로 선정 추진하겠음.",20240125,NA
교원임용시험및 평생교육차원의 시험,교육/문화/체육/관광,,답변완료,2010-11-24,2013-05-12,교육부,"1.대학교 교원(교수)의 임용

-시험을 봐야한다 (초중고 교원도 보는 데......)

-논문은 연구원에게(희망자는별도로 하고)

-전공지도와 진로지도를 철저하게 하고   

-필요이상의 대학원 정리하기(방만한 석박사 배출-문제있다)


2.초중고 교원평가

-임용고시는 뭐고 교원 평가는 뭔지 정말 너무하다(누구에게나 평가권한 부여-도대체가 말이 안된다)

2.평생교육 차원의 메뉴얼 개발

-공부가 전문(?)인데

성취동기 부여를 할 수 있는 메뉴얼이 없다

평생교육 차원에서 

자신을 관리하고

타인을 공부라는 차원에서 선도 할 수 있는 집단이 되게 해야한다

희망자는 일년에 한번이라도 응시하고

통과자에게는 인센티브를 부여한다(재교육의 효과도 있으 며 각성시키는 원인도 된다)


3. 졸업후

인문사회,예체능,자연과학계열화에 따른 성취동기 부여

-전체를 통합할 수 있는 사람에게는 상당한  지위부여(총장이나 교육장)

-계열별 통합능력 인정자에게도 인센티브부여(학장이나 교장)

4.함량 미달자는 

기초적인 지위만 행사하게 해야 한다


-대학 교원이라면 ?

-대학 학장,총장이라면?

-초중고 교장이라면?

기본 한계지식  경계선을 설정해야 한다",,,"안녕하십니까?

교육부 대학정책과입니다.


교육공무원법 및 사립학교법에 따라 대학 총장 또는 학교법인은 소속 교원에 대한 임용권을 가지고 있으며, 학칙 또는 정관에 의거 근무조건, 근로기간, 급여 등을 정하여 교원을 임용하게 됩니다.

이는 대학이 자유롭게 교원을 임용하도록 하여 대학이 다양한 교육과정을 원활히 운영할 수 있도록 하고, 나아가 대학 교육역량을 강화하기 위한 것으로 생각됩니다.

다만, 대학교원 자격기준 등에 관한 규정을 두어 일정 기준 이상의 자격을 지닌 자를 대학 교원으로 임용 가능케함으로써 학생들의 학습권을 보호하고 양질의 교육을 받을 수 있도록 하고 있습니다.


또한, 초중등 임용고시는 초중등학교 교원을 임용하기 위한 선발고사이며, 교원능력개발평가는 임용 후 현직 교원을 대상으로 전문성을 신장을 통해 모든 학생들에게 양질의 교육을 지속적으로 제공하고자 실시하는 평가제로서 차별화됨을 알려드립니다.


제안인께서 주신 소중한 제안은 관련 업무 추진 시 참고하도록 하겠습니다.


본 건과 관련하여 추가 문의 사항이 있을 경우 대학 교원 관련해서는 대학정책과 황혜경(02-2100-6922)에게, 초중등 교원 관련해서는 교원정책과로 문의하여 주시면 친절하게 안내해드리도록 하겠습니다.

감사합니다.",20240125,NA
외부 공직자 초청 강의 통보 제도 신설을 통한 건전한 공직풍토 조성(안),기타,제언.hwp,답변완료,2010-11-23,2011-02-01,국민권익위원회,붙임 참조,,,"○ 안녕하십니까? 공직자 행동강령에 대한 귀하의 관심과 고견에 감사드립니다.


○ 귀하께서는 ‘외부강의 요청 기관에서 강사의 참석 및 강사료 지급 여부 통지를 매분기 1회 이상 의무화하자’는 내용의 제안을 해주셨습니다.


○ 귀하의 제안 내용을 검토한 결과는 다음과 같습니다.

   - 현재 각급기관이 반기별 행동강령 운영실적을 제출하면서 외부강의 건수, 인원, 강의료 등 실적으로 제출하고 있고, 

   - 전체 공공기관의 모든 외부강의 실적을 세부적인 사항까지 국민권익위원회에서 관리하는 것은 현실적으로 어렵고 실효성에도 의문이 있으므로, 불채택함을 알려 드립니다.


○ 본 답변과 관련된 사항은 국민권익위원회 행동강령과(02-360-6654)로 문의하여 주시기 바랍니다. 감사합니다.",20240125,NA
타인의 명의로 핸드폰 가입 후 해지시 해지절차 간략히!,산업/방송/통신/과학,,제안심사,2010-11-23,NA,방송통신위원회,"- 현 실태

요즘은 휴대폰이 기본이 되었다. 없어서는 안될 기호품처럼..

하지만 상황에 따라 본의의 명의를 사용하지 못해 남의 명의를 빌려쓰는 경우도 있고

나이에 따라 사용할 수 있는 요금제가 다르고 혜택이 달라 다른 사람의 명의로 가입하는 경우도 있다.

이런 경우 휴대폰을 신청할 때는 다른사람 명의로 구입하는데 아무런 규제가 없다.

가입자의 신분증 정도만 가지고 가면 바로 가입을 시켜준다.


- 문제점

하지만 해지시에는 경우가 다르다.

다른사람의 명의로 된 휴대폰을 사용하던 사람이 해지를 원할 경우에는

휴대폰을 사용하던 사람이 아니라 휴대폰의 명의자가 방문을 해야 해지를 할 수 있다.

명의자가 아닌 사용자가 가서 해지를 하려면 구비해야할 서류가 너무 복잡하다.

(가입고객 신분증, 대리인의 신분증, 가입고객의 인감증명서,

인감도장이 날인된 위임장1, 명의자의 핸드폰(인증을 받아야하기에) 등)

그렇기 때문에 다른 사람의 명의로 가입을 할 경우 해지에 어려움이 있다.


- 개선방안

휴대폰 가입시와 해지시에 동일한 조건으로 진행 됐으면 한다.

가입시에는 신분증만 가지고 와도 가입이 되면서 해지시에는 신분증만으로는 안된다면

이건 소비자에게 불이익을 주는 처사이다.

가입시에 통신사에서 쓰는 프로그램에 따로 메모를 해두는 방법(메모 예:타인의 명의로 가입)을 통해

해지시에도 가입시와 마찬가지로 신분증만으로 해지를 해주었으면 한다.


- 기대효과

명의자에게 방문을 요청해야하는 번거로움을 줄일 수 있고

사용자나 명의자 둘 다 시간적 경제적 도움이 될 것이다. 

또한 상황이 맞지 않아 다른사람 명의의 휴대폰을 바로 해지할 수 없어서 정지를 해놓을 경우

정지시 내야하는 요금 등을 부담하지 않아도 될 것이다.",,,NA,20240125,NA
반복적이고 계속적인  주차위반자에게는 중과태로와 면허정지,행정/자치/안전,,제안심사,2010-11-23,NA,경찰청,"현행제도: 주.정차 위반의 경우 현재는 승용차 40,000원, 승합차 50,000원을 과태료로 내면 된다. 하지만 부족한 주차공간과 대중교통이용의 저조로 우리 나라의 도로는 불법주차가 줄어들 기세를 보이지는 않고 늘어나는 자동차 보유대수와 비례해서 늘어만 가고 있는 형편이다.


운영의 실태와 문제점: 불법주차는 보행자의 안전도 위협을 받고, 또한 주행하는 차들에게는 생명의 위협이나 큰 사고로 발전할 가능성을 100% 가지고 있다. 하지만 부득이한 사정으로 나 하나쯤이야 하는 생각으로 불법주차는 줄어들지 않는다.


개선내용: 버스정류소, 학교앞, 횡단보도앞 같은 많은 시민들이 이용하는 장소에 주차위반을 한 차들은 과태료만 부과할 것이 아니라 계속적이고 반복적으로 하는 차들에게는 중과태료 처분을 내렸으면 합니다. 그것마저 적용이 안된다면 면허정지를 시켜도 충분하다고 생각한다.",,,NA,20240125,NA
쓰레기 줄이기 방안,행정/자치/안전,,답변완료,2010-11-22,2013-01-30,서울특별시,"현행 각 가정이나 회사에서 쓰레기를 배출 할때 쓰레기 종량제 봉투를 구입해서 버리고 있습니다.

이를 시행하기 전보다 어느정도 쓰레기의 양은 줄었으나 이를 더 업그레이드 하여 각구별 또는 지역별로 쓰레기를 적게 배출 하는지역은 종량제 봉투의 값을 차별화하여 일종의 인센티브를 제시하면 어떨까 싶습니다.

종량제 봉투 구입시 낱장 구입이 가능하도록 해서 (본인 확인 실명  시스템가동)으로  쓰레기 배출 확인

이는 각 개인을 떠나 각 자치구별로 쓰레기를 줄이고 종량제 봉투의 값을 낮출수도 있어 시행하게 된다면 긍정적인 효과를 가져올것으로 기대합니다.

또한 쓰레기 감소로 인한 환경오염이나 저탄소 녹색시대에도 일조하리라 생각합니다.",,,"쓰레기 종량제 제도는 폐기물관리법 제14조 제4항 규정에 의거 자치구 폐기물관리조례 및 환경부 ""쓰레기 수수료 종량제 시행지침""에 따라 각 가정이나 상가에서 생활쓰레기를ㄹ 배출하는 경우 자치구청장이 제작, 판매하는 종량제 봉투에 담아 배출하도록 하고 있습니다

쓰레기 배출시에는 재활용이 가능한 쓰레기는 분리배출하도록 하고, 음식물은 음식물전용 봉투 또는 용기에 담아 재활용이 가능하도록 배출토록하고 있으므로 쓰레기 종량제 시행이후 쓰레기 발생량이 많이 줄어들고 재활용량은 점차적으로 늘어나는 것으로 파악되고 있습니다

또한, 시민들은 쓰레기를 적게 버리면 봉투를 구매하는 비용이 줄어들게 되어 비용절감의 효과도 있을것으로 판단됩니다 반면에 쓰레기 봉투 구매비용을 아끼려고 무단으로 쓰레기를 버리는 행위도 빈번하게 발생되어 무단투기 단속 인력 등 행적력의 낭비의 요소가 되기도 합니다

우리시에서는 각 자치구에서 쓰레기 배출은 줄이고 재활용을 높이기 위해 쓰레기 분리배출 및 무단투기 금지 주민홍보 및 단속을 병행하여 시행하고 있으며, 특히 쓰레기 봉투 배출 실명제를 적극 권장하고 있으나, 주민 프라버시 보호 등 어려움이 있습니다 쓰레기 배출량 실명제도 현재는 어려울 것으로 판단되며, 현재 일반 사업장을 대상으로는 실명제를 실시하고 있음",20240125,NA
초등학생 핸드폰 요금제,산업/방송/통신/과학,,제안심사,2010-11-22,NA,방송통신위원회,"제 동생이 초등학교 6학년이 되서 핸드폰을 쓰는데 동생의 명의로 LG U+에 가입을 했습니다. 근데 최근 수신자 부담 요금 3개월 치가 요금 청구서에 청구되서 나왔습니다. 

 처음 통신사에 가입을 할때 분명 명의자를 동생으로 설정해놨기 때문에 분명 초등학생이라는 걸 알 것이며, 또한 가입시에도 초등학생 요금제(링 미니)로 했습니다. 그러나 초등학생이 수입이 없는데 어찌 수신자 부담 요금 청구가 웬말이며, 이러한 사항은 모든 통신사 측에서 자체적으로 차단을 해서 부당요금이 발생하는 일이 없도록 해야하는 것이 아닌가 생각됩니다.",,,NA,20240125,NA
"의자 주변, 정자 주변에 쓰레기를 되가져가자는 안내문구, 혹은 봉투 비치",행정/자치/안전,,답변완료,2010-11-22,NA,대전광역시,"1. 산이나 유원지주변을 청소하다보면 사람들이 쉬는 의자 주변, 혹은 정자 주변(앉아 쉬며 음식물섭취가 가능한 곳 주변)에 특히 쓰레기가 많이 버려져 있다. 


아마도 쉬면서 음식물을 먹다 컵이나 포장지등을 그대로 버리고 간 때문일 것이다. 준비해간 봉투가 없거나, 주변에 쓰레기통이 없으니 그대로 버리거나 혹은 의자 사이등 잘 보이지 않는 곳에 버리는 것이다. (길가의 보이는 곳에 버려진 쓰레기는 차라리 문제가 되지 않는데, 이렇게 의자 주변이나 정자 주변의 잘 안보이는 곳에는 이곳 저곳 사이마다 휴지나 쓰레기등이 끼어 있는 경우가 많다.) 


2. 의자 주변이나 정자주변(기둥에 부착이 가장 좋을 듯)의 눈에 잘 띄는 곳에 쓰레기는 다시 가져가자는 안내 문구와, 가능하다면 작은 봉투(되가져갈 봉투)도 비치했으면 한다.


3. 무심코 버리려다 다시 한번 생각할 수도 있을 것이며, 쓰레기를 버리지 않고 되가져 갈 기회도 될 것이다.


자신의 양심을 속이는 일이나 무단으로 쓰레기를 버리는 일이 조금이라도 줄어들 것이라고 생각한다.",,,,20240125,NA
함안IC~검암천다리(산인) 우회도로 개설의 건,행정/자치/안전,,제안심사,2010-11-22,NA,함안군,"1. 실태와 문제점 : 주말에 고속도로 정체로 인해 함안IC로의 외부 차량 유입(부산, 창원 등)

                           함주교의 교량 왜소화로 특히 정체가 심해짐.


2. 개선내용 : 

   - 우회도로 설치 : 함안IC로 나와 가야시내를 거치지 않고 산인으로 빠지는 

                              우회도로 개설을 하므로 가야시내의 차량 혼잡 해소

   -함주교의 확장공사 : 주말 외부차량 정체 해소 및 주중 시내 진입차량 정체 해소


3. 기대효과 : 해가 지날수록 고속도로 차량(부산,창원)은 증가하고 주말에 함안IC로 진입하는 차량도 지속적으로 증가하므로 우회도로 개설시 가야시내의 정체 해소가 됨.

                   현재는 군북IC에서부터 국도로 내려 군북시내의 정체도 심각하나 고속도로의 차선 증가, 함안IC 우회도로의 개설이 이루어 진다면 군북IC에서 국도로 내리는 차량도 감소할 것이며 함안IC에서 내려도 소통이 원활하여 함안군민 및 창원시민, 부산시민 등도 혜택을 볼것으로 기대됩니다.",,,NA,20240125,NA
농어촌 학교로 찾아가는 공연단 활성화,교육/문화/체육/관광,,제안심사,2010-11-22,NA,충청남도교육청,"각 교육지원청의 보조로 인터넷 중독, 성폭력 예방 교육등이 초등학교에서 이루어지고 있지만 

문화공연(연주회 음악회 연극 창...)등은 기회가 많지 않습니다.



스쿨버스가 없거나 근처 학교와 같이 스쿨버스를 이용하는 학교에서는 낮에 있는 공연 행사에는

시간조율을 해야 하고 아니면 전교생이 가지 않는 경우에는 선생님의 차량에 초과 인원으로 가는

경우가 있어 불안하기도 합니다.


연말이 가까워짐에 따라 지역문화 공연등의 안내가 문자로 오고 있지만 평일 낮 저녁 시간에 주로

행사가 이루어지고 있어 하교 후 농어촌 지역 학생들이 부모 조부모와 함께 관람하기는 어렵습니다.



지역 행사 공연시 교육청이나 행사장에서 학교에 버스를 무료로 지원해주어 안전하게 관람했음

좋겠어요.

각 학교에 행사 공연단이 찾아와서 공연을 하면 어떨까요? 학교로 찾아가는 공연단이 활성화되어 

도시에 비해  상대적으로 취약한 농어촌학교 학생들에게 다양한 간접 체험이 이루어지면 좋겠지요.

현장체험 버스(45인) 운행시 38만원 정도가 든다고 하는데 직접 공연단이 학교에 오는 비용이 

그 정도보다는 덜 들지 않을까요?",,,NA,20240125,NA
휠체어 타고 식당(음식점)가 이용 할수 있도록 해주세요!,행정/자치/안전,,제안심사,2010-11-21,NA,창원시,"○ 실태와 문제점 : 평소 잘 알고 있는 지인께서 불의의 교통사고로 본의 아니게 휠체어에 의지하게 되었는데 평소 즐겨먹었던 음식점에 갈수 없다고 하였다. 비장애인이라도 장애인은 누구나 될수 있는 영역이다. 세계화로 변화하는 우리나라에서 장애인도 휠체어를 타고 식당(음식점)에 출입 할수 있는  식당(음식점)이 없다. 


○ 개선내용 : 일반음식점(식당)  전부는 아니라도,  장애인들이  휠체어를 타고  식당(음식점)에 갈수 있도록  지자체에서 세금감면 혜택이나 모범식당으로  지정하여 전부는 아니더라도 식당(음식점) 문턱 개조하는데 공사비를 지원해주고 전국 도.시별로 몇군데라도 휠체어타고 식당(음식점)을 드나들수 있도록  배려함이 어떨까 한다.  

○ 기대효과 : 장애인은 누구나 내재되어 있기도하다.  식당(음식점)을 드나들수 있도록 문턱을 개조하여 줌으로써 모두가 더불어   식당(음식점)에서 외국에 대한 새로운 식생활 문화와  선택의 자유를 함께 누릴 수 있을 것이다.",,,NA,20240125,NA
국민신문고에서 컴퓨터 타자기를 치면 음성소리가 나게합시다.,기타,,답변완료,2010-11-21,2010-12-01,국민권익위원회,국민신문고에서 컴퓨터 타자기를 치면 음성소리가 나게합시다.,,,"1. 국민신문고에 대한 관심에 감사를 드리며, 귀하께서 신청하신 제안(1AB-1011-006354, 국민신문고에서 컴퓨터 타자기를 치면 음성소리가 나게 합시다.)에 대한 검토결과를 다음과 같이 알려 드립니다.

        2. 답변사항

         ○ 국민신문고 홈페이지에서는 하단에 시각장애인을 위한 홈페이지 이용 안내를 해드리고 있습니다. 화면을 읽어 주는 프로그램을 안내와 같이 설치  하시면 음성으로 홈페이지를 이용하실 수 있습니다. 앞으로 국민신문고를 이용하시면서 불편한 사항이 있으면 언제든 문의하십시오. 친절히 답변  드리겠습니다.

        3. 제출하신 의견은 시행중인 건의에 해당하여 채택하지 않음을 양해  하여 주시기 바랍니다.

        4. 상기 내용 이외에 추가로 궁금하신 사항은 국민신문고담당관실 정진덕조사관(02-360-2750)에게 연락하여 주시기 바라며, 귀하와 귀하의 가정에 건강과 행운이 항상 함께하기를 기원합니다. 끝.",20240125,NA
심폐소생술~ 모든국민이 배워야 합니다.,식품/보건/복지/가족,,제안심사,2010-11-20,NA,보건복지부,"과연 국민 중 심폐소생술을 제대로 알고 하는 사람이 몇명 있을까요?

며칠 전 우리 동네에 52세된 남자 어른이 집에서 갑자기 가슴이 답답하다시며 쓰러지셨답니다 집엔 아내와 고등학생인 아들이 있었지만 발만 동동 구르며 119에 신고해서 구급대원이 바로 왔지만 숨을 거두신 후 였답니다. 

병원에 시신을 모셔 갔더니 원인은 심근경색이라 하셨다네요.

이렇게 쓰러지신지 4분안에 심폐소생술을 했다면 살려낼 수 있지 않았을까 하는 안타까운 마음이 듭니다.

중,고등학생들이 학교에서 보건시간이나 체육시간에 심폐소생술을 배우고 남자들은 군대에서나 민방위훈련에서 배우고 직장인들은 보수교육을 할 때 배울 수 있게 했으면 좋겠습니다

주부들은 학부모교육을 통해 배우게 하고 공익방송을 통해 캠페인이나  건강프로그램을 통해 전국민이 심폐소생술을 배우게 해야 한다고 생각합니다.

심폐소생술을 알게 됨으로서 많은 사람들의 생명을 살릴 수 있으리라 생각됩니다",,,NA,20240125,NA
행정안전부 제안마당 댓글 달기,기타,,답변완료,2010-11-20,2011-01-21,국민권익위원회,"행정안전부 제안마당 댓글 달기


현 제도 운영의 실태

 1. 추천이라는 것으로만 의사표현을 해야하므로 개선할점들을 다른 국민들에게서 얻을 수 없다.그러므로 정부의 의견과 실행으로만 이루어 지므로 부작용이 일어날 가능성이 크다.

 2.몇개의 아이디어를 보아온 결과 조회 수는 60명인데 추천이 1이다. 59명중에 적어도10명 정도는 반박,동조하고 싶은 마음이 있지만 의견을 나타낼 곳이 없어 할 말이 있어도 하지 못한다. 

개선내용

 1.추천란을 지우고, 별 5개중 몇개 선택하게 하고 댓글을 다는 형식으로 만든다.

 2.로그인도 물론이고 로그인 필요 없이 주민등록번호와 이름만으로 댓글을 달 수 있게 한다(중복 불가).

 3.아이디어 제안자는 별 없이 댓글을 여러개 달 수 있게 해서 각 댓글에 대한 반박, 이해, 포용 의 글을 쓸 수 있게 한다.

 4.심사 할때도 어느 정도 댓글을 참고 하면 좋겠다.


기대효과

 1.전혀 생각지 못했던 문제점들을 댓글을 통해 알 수 있으므로 아이디어 실행시 부작용을 최소화 할 수 있다. 

 2.정부의 일방적인 생각이 아닌 국민의 의견을 어느 정도 보고 제안을 하는거니까 좀 더 민주적이다.",,,"1. 국민신문고에 대한 관심에 감사를 드리며, 귀하께서 신청하신 제안(1AB-1011-006249, 국민신문고 국민제안 댓글 작성 시 로그인 필요 없이 댓글을 달 수 있게 해 주세요 등)에 대한 검토결과를 다음과 같이 알려 드립니다.

        2. 답변사항

         ○ 현재 시스템 상 국민신문고 국민제안 댓글 작성 시에는 욕설, 비방 , 허위사실 유포 등을 방지 하고자 회원 가입자에게만, 댓글을 작성 할 수 있도록 운영하고 있으니, 양해하여 주시기 바랍니다. 앞으로 국민신문고를   이용하시면서 불편한 사항이 있으면 언제든 문의하십시오. 친절히 답변  드리겠습니다.

        3. 제출하신 의견은 수용하기 곤란한 건의에 해당하여 채택하지 않음을 양해하여 주시기 바랍니다.

        4. 상기 내용 이외에 추가로 궁금하신 사항은 국민신문고담당관실 정진덕조사관(02-360-2750)에게 연락하여 주시기 바라며, 귀하와 귀하의 가정에 건강과 행운이 항상 함께하기를 기원합니다. 끝.",20240125,NA
환경부  제공 환경지리정보  무제한  공개,노동/환경,,답변완료,2010-11-19,2013-01-23,환경부,"현행 환경부의 환경부 지리정보 서비스에서 환경지리정보 원본자료를 공급받으려면 공공기관사용자는 개인에게 사용자 계정(ID와 비밀번호)이 발급되지 않고  환경지리정보 원본자료를 활용하고자 하는 공공기관에서 공공기관사용자 계정을 관리할 담당부서를 정한 후, 사용자등록 신청서를 공문과 함께 환경부 정보화담당관실로 보내시면, 환경지리정보 관리자의 확인을 거쳐 등록하여 줍니다. 등록된 공공기관사용자 계정은 해당 기관에 소속된 직원들이 공유하여 환경지리정보 원본자료 신청과 다운로드에 사용할 수 있는 시스템으로 되어 있읍니다.  그리고 개인이 환경부의 지리정보자료를 이용하려면 매번 연구계획서 및 신청서를 제출하고 담당관의 승인을 받아 야 하는 번거러움이 있어 연구자 등 이를 이용하는 국민들에게 매우 불편한 점이 있읍니다. 미국에서는  우리나라와 비슷한 환경지리정보를 이메일과 성명정도만 정보로 알려주면 바로 사용자가 인터넷에서 다운받아 사용할 수 있도록 되어 있읍니다. 국가의 예산으로 구축된 지리정보를 사용함에 있어 누구에 의해 승인을 받고 안받고는 참으로 국가의 권의를 내세우려고 하는 생각이 있다고 사려됩니다.  국민들에게 특히 과학기술 연구자들 및 이를 필요로 하는 일반인들에게 완전히 무제한으로 제공된다면  국가가 국민들을 위해 매우 좋은 서비스를 제공하고 있고  국가발전 및 국민들의 생활을 윤택하게 하는데도 매우 큰 부분을 담당하고 있다고  생각되어 질 것입니다.  결론적으로  환경부  지리정보서비스(egis.me.go.kr)에서 제공되는 환경지리정보를 무제한 공개하여 사용자의 간단한 정보 등록만으로도  인터넷에서 바로 다운로드 할 수  있는 시스템으로 전환하여 주시기를 제안합니다.",,,"국가공간정보에 관한 법률 제28조 및 동법 시행령 제24조 제2항에 따라 정부기관이 생산, 관리하는 공간정보는 국가정보원의 보안관리기본지침 준수하여 공개 및 활용하도록 되어 있습니다.

동 지침의 규정에 따라 정부기관은 소관 공간정보를 일반에 제공시에 신청자, 신청목적 등을 검토하여 제공 여부를 심의하고 제공하도록 하여야 합니다.

따라서, 채택될 수 없음을 알려 드립니다.

아울러, 참고로 제안인께서 근무하시는 국립농업과학원도 흙토람서비스의 공간정보를 대외 제공시에 소정의 절차와 심의 과정을 거쳐 실시하는 등 모든 정부기관에서는 소관 공간정보를 대외에 제공시에 일정한 신청 절차와 검토, 심의 등을 거쳐 실시하고 있음을 알려드립니다.",20240125,NA
위치표시기능,행정/자치/안전,SAM_0194.JPG,답변완료,2010-11-19,2018-02-12,군산시,"시내 남북로 사거리 신호등 기둥밑에 사각보호시설를 설치하여 보기가 아주좋습니다.

여기에 글씨나 기호가 있는데 이걸 큰 숫자로 야광 표시하였으면 좋겠습니다.

이유는  1. 교통사고나 어린이 보호를 위해 목격자나 신고자가 번호를 기억하기 좋토록...

            2. 자전거 도로길 안내 및 관광길 안내

시민은 물론  외지인이 오면 지리를 잘 모르니까 숫자만 기억하고 있으면 목격자나 신고자, 안내자의 역할을 할수 있을것 같아요.

또한 돈이 거의 들지않아요 작은기호 대신 큰 야광숫자로 고치면 되니까요.

  관계부처에서는 각번호별 설치장소의 주소가 공유되도록 협조및 홍보..

이상입니다, 수고하세요",,,참고 의견입니다.,20240125,NA
교통위반 자들이  교통법칙위반 차량 사진을 찍어오면 법칙금을 안받게합시다.,행정/자치/안전,,제안심사,2010-11-19,NA,경찰청,교통위반 자들이  교통법칙위반 차량 사진을 찍어오면 법칙금을 안받게합시다.,,,NA,20240125,NA
교통위반 범칙금을 부자들에게는 만이 받고 가난한사람들에게는 적게받게합시다.,행정/자치/안전,,제안심사,2010-11-19,NA,경찰청,교통위반 범칙금을 부자들에게는 만이 받고 가난한사람들에게는 적게받게합시다.,,,NA,20240125,NA
교통위반  범칙금 차종에 따라 차등 징수,행정/자치/안전,,제안심사,2010-11-19,NA,경찰청,"1.교통위반시 발행하는 범칙금이 같은 위반 내용 이라도 모든 차종에 동일 합니다.

2.이에 차종(차량 가격)에 따라 단계별 등급을 정해 징수를 제안 합니다.

3.고급 승용차나 외제차 소유주는 그만큼 사회적 영향력이 있으신 분들이니 여러 서민들에게 모범이 되어야 하며 소유가 많은 만큼 책임감도 더 과중 합니다.

4.모든 과세가 수입과 금액에 따라 차별이 나듯이 범칙금도 차종(승용차 기준)에 따라 구분을 제안 합니다.",,,NA,20240125,NA
기초수급자의 겨울철 난방비 지급,식품/보건/복지/가족,,제안심사,2010-11-19,NA,보건복지부,"*현행제도 및 운영의 실태와 문제점

기초수급자들은 일정액의 생계급여를 나라에서 받아 생활을 하고 있습니다.

그런데 그 일정액의 생계급여란 4월1일부터 그다음해 3월말일까지 거의 균등하게 나오고 있습니다.

그리고 수도광열비는 일정액의 5%로 대로 책정이 되는 걸로 알고 있습니다.

특히 최저 광열비 산정 기준은 4인 가구 기준(11.2평)에 맞춰 계측되어 있습니다. 그렇지만 살고 있는 주거 형태나 면적 등에 따른 소비량 차이가 반영되지 않아 실제 소비량보다 크게 부족한 상황으로 매월 일정액이 지원되는 현 제도는 에너지 소비가 동절기에 집중되는 데에 따른 계절성을 무시해 동절기에 절실히 부족한 현상이 발생하고 있습니다.

그리고 전기, 도시가스, 지역난방 등 에너지 사용요금을 할인해 주고 있습니다. 그런데, 대도시는 별 무리가 없는 경우도 있겠지만 중소도시나 지역난방이 들어오지 않은 경우에는 겨울철 난방용 기름을 사용해야 한다고 합니다. 계속 올라가고 있는 기름값을 기초수급자분들이 어떻게 감당하겠습니다?


*개선내용, 개선 시 기대효과

1.일정액의 생계급여비 중 수도광열비를 좀더 비중있게 책정하기

2.일정액의 생계급여비를 계절별로 다르게 지급하는 방법

   (겨울철에만이라도 좀더 지급하는 방법)

3.겨울철만이라도 면세류를 기초수급자에게 판매하는 방법


선진국 수준의 사회복지를 지향하고 있는 우리나라 현실에 겨울철만 되면 기름값 걱정을 하는 기초수급자분들이 더이상 기름값으로 걱정하는 겨울이 되지 않았으면 좋겠습니다.",,,NA,20240125,NA
나만의 하천 정원을 만들어 보자!,행정/자치/안전,,답변완료,2010-11-19,2013-04-12,수원시,"창안동기


오랜만에 어머니와 함께 하천 길을 걷는 도중 옆에 풀과 나무들이 쓰러져 있는 것과 군데군데 자란 풀들이 하천을 초라하고 황량하게 만드는 것 같았습니다.

또 여기저기에는 개똥과 쓰레기들이 보였으며 하천의 더러움에는 자주 신경을 쓰려하지 않았던 것 같습니다.또 꺠진 창문의 법칙(뉴욕 지하철은 더러움의 극치였다. 많은 쓰레기들과 지하철 벽면에 낙서가 사람들에게 불퀘감을 주고 있었고 범죄의 소굴 이었다. 나중에 뉴욕 시에서 지하철 벽면을 새로 만들고 새롭게 단장을 하였더니 범죄율이 90퍼센트가 감소했다고 한다.)에서 알 수 있듯이 않 좋은 환경은 범죄 예방에도 도움을 주지 않을까... 실제로 그곳에서 원천천 근처에 매원고 학생들이 담배 피는 장면을 보았고 또 여러가지 범죄를 할 만한 후미진 곳도 많았습니다. 그래서 시민이 하천에 개인 미당을 정해서 각자의 식물을 심어서 하천 환경을 살려서 아름다운 하천으로 시민들에게 보여지면 좋지 않을까 해서 아이디어를 제안해봅니다.


 기대효과


1.개인이 하천 길옆을 각자의 아담한 마당을 꾸미므로 하천에서도 자기만의 식물(다양한 꽃, 난, 나무 등)을 볼 수 있으므로 아름다운 하천이 될 것 같습니다.

마치 공기업을 민영화 하는 것과 같아서 환경관리에 자신의 소유감과 책임감을 같고 서로 열심히 가꿀 것입니다. 물론 환경 안정에 대한 보장이 있어야 겠지요.

2. 자신의 식물 앞에 있는 쓰레기 같은 것을 가만히 두지 않을 것이고 또, 누가 소유하고 있다는 사실에 사람들도 함부로 쓰레기를 버리지 않을 것입니다.

3.위에서 말한 깨진 창문의 법칙에서 알 수 있듯이 퀘적한 환경은 범죄 예방에도 효과를 줄것 샅습니다.

4.옛날엔 각 집마다 마당이 있었지만 현재 아파트건설과 함께 사라졌습니다. 하지만 이 아이디어로 자신의 마당이 다시 태어나는 격이 될 것입니다. 

5.수요자는 중년층과 노년층이므로 식물을 가꾸므로 삶의 무료함을 달래므로 우울증이나 노인병을 조금이나마 퇴치할 수 있을 것 같습니다. 


 실행계획


1.식물 관리사(급여 50)를 월마다 하천에 조사하도록 투입하고 문제가 있는 마당에는 통보, 전화 조사와 함께 식물을 키우는 노하우(' 저 식물 멋지다 나도 저런식물 키우고 싶다, 이런 식물도 있구나!, 이런 식물을 키우면 사람들한테 잘보이겠지?' 와 같은 식물을 키우고 싶은 욕구가 들게 유인을 할 수 있도록)와 기상이변이 있을때 당부하는 식으로 식물 키우는데 정성을 쏟도록 해야 합니다. 또 3개월 마다 이달의 마당을 정해서 소개를 하고, 지역 신문에 내보내는등 으로 흥미를 유발해야합니다

2.개인당 1평~4평을 임시 소유 할 사람을 인터넷과 근처 아파트 동사무소에 공문을 띄어서 모집 합니다.

3.가격은 free(수요자가 많다면 점차 늘리기 시작한다), 한 세대당 최대 2개, 사람들이 책임감을 갖고 부담되지 않게 가격을 정하고 각 마당마다 간격은 최소 4미터로 정해서 무분별한 관리로 보이지 않게 합니다. 

4.구역하다 필요 하다면 간이 팻말과 간이 울타리등 여러가지 도구를 지급합니다.

5.동사무소에는 여러가지 식물을 전시(이 씨앗이 어떤 식물이다 라는 것을 알 수 있게), 저렴한 가격에 판매 합니다.

6.자연 재해가 마당을 망치게 하면 사람들이 오지 않을 것입니다. 또한 지금도 사람들의 인식이 ' 거기에 개인의 식물을 심으면 다 쓸려가 버리는데 누가 심냐 ' 라는 식으로 나와 버립니다. 그러므로 시민의 하천의 고정관념을 없애기 위해 하천에 하수 배수구가 있는데 이는 하천의 홍수를 촉진 시키므로 다른 길을 내어야 하고 홍수를 최대한 근절 시켜야 합니다. 하천에 홍수 조짐이 있으면 식물 관리사가 일단 각 구마당주인에게 전화를 주고 동시에 동사무소 직원들이 나가 식물을 잠시 옮길 수 있도록 도와야 합니다.-->이게 안된다면 홍수가 거의 안나는 지역을 중심으로 우선 실시

7.각 아파트 경비원에게 해당 하천을 6시간마다 청소 및 순찰을 하게 하여 함부로 식물을 짓밟거나 분위기를 저해하는 요소들을 수시로 없게 해야 합니다.

8. 하천에 오염된 물질이 나오지 않게 막아야 합니다. 왜냐하면 식물이 오염된 하천수를 먹고 자라지 않거나 시들어 죽을 수도 있기 때문입니다.

9.1회성 식용 식물은 키우지 못하게 해야 합니다. 상추,감자,고구마,땅콩 등 관상용이아닌 가족만의 식용 식물은 하천의 환경을 파괴할 것 입니다. (텃밭으로 개간금지)",,,"하천은 범람 등 자연적 교란에 의해 변화를 계속하는 역동적인 구조를 갖고 있으며 

타 식생과는 차별적인 종 및 군집특성을 나타내므로 홍수조절 등 하천관리를  

효과적으로 수행하기에 선생님의 제안은 바람직하지 못한 것으로 판단됩니다.

아울러 우리시 4개 구청(건설과)에서는 환경단체 및 시민과 함께  

「하천 일제청소 추진 및 유지관리 계획」에 따라 시민들에게 쾌적한 하천환경과 

깨끗한 도시 이미지를 제공하기 위해 노력하고 있으며 하천 이용에 불편 시 

관할구청으로 문의 주시면 적극 처리토록 하겠습니다.",20240125,NA
범죄신고,행정/자치/안전,DGT4808977394551.jpgDGT4808990287915.jpg2_40_8e_CF_1D2g7_6b9l_23_0.jpgDGT480ABD2002060.jpg,제안심사,2010-11-18,NA,노원구,"국민신문고에 글을 남기고 집으로 향하는 길에  평범하게 생기신 분들이 가주차를 하시고 톱을 주고 받는 것이었다. 다가가서 물어보고 싶었지만 범죄를 수사하는 직업이 아니여서 갈 수가 없었다. 


하지만 아주소소한 부분이 우리가정의 안녕과 평화를 지키드시 관심을 갖고 바라 보았다. 범죄에 이용될 물품을 주고받는 2명의 남자. 범죄가 발생이 되지 않으면 어디서 구입을 한 물건을 오픈된 장소에서 주고받았는지 알 수는 없었다.


왜? 내가 사는 곳에서 저런 불법이 행해지는지 저분들은 아무의미없이 행동한 부분이 사회에 불신을 낳고 사회와 이격을 시키는지 아니면 진짜 범죄에 사용될 소지의 장면이였는지 내가 해야 할 부분이 아니라는 것을 이젠 알게되었으며. 전문기관에서 처리하는 것이 더 효율적이라는 것이다. 


주어진 환경에 익숙하지 않은 내 자신이 싫을 뿐이지만 여러생각으로 중간에 차량 2대를 뒤로한체 집으로 발을 옮겼다.  하지만 하루가 다르게 발전해가는 아파트 단지내를 보면서 조금의 위안을 삼는다. 그렇다 할지라도  여기서 멈추거나 안주하면 더 좋은 모습을 기대할 수 없기에 안일한 생각은 버리고 희생정신을 발휘해 본다. 아파트 단지로 들어가는 곳은 허술하기 짝기 없다. 


누구나 손쉽게 범죄의 마음을 먹는다면 범죄를 행할 수 있는 곳이다. 일단 정문을 통하지 않고 여러 문으로 들어 갈 수 없고. 관리실을 통과하지 않은 유--무선 통화와 여러매체를 아주 손쉽게 접하게되 보안의식 허술해져 본분을 항상 만각한다.  


개선방안을 제안하면 우편물과 각호수에 방문하는 벌어지는 상황. 관리소에서 상담후 모든 업무를 처리. 입주전 교육 입주동안 교육 이주시 교육. 방번창 수거 경비원 확충. SH입주자 복장지급요망.",,,NA,20240125,NA
수영모자 차량내 비치 운동  ,식품/보건/복지/가족,,제안심사,2010-11-18,NA,보건복지부,"여름에 사용한 수영모자를 겨울에 보관하면 고무줄이 늘어나 쓰기 어렵습니다. 

겨울동안에도 운전자 좌석 뒤에 넣어서 구급낭과 같이 응용하여 머리 출혈 지압용으로 보조 사용하도록

홍보하였으면 합니다. 

보건복지부에서나 행정안전부에서 권장하는 사안이 되기를 바랍니다. 

119 구급대가 오기전에도 조치하도록 각자 이웃을 위한 구급낭을 비치합시다. 


*** 개선사항 

구급낭을 차량에 의무적으로 비치하여서 사고시 이웃이라도 

응급조치하여 줄 수 있도록 하기 바랍니다.",,,NA,20240125,NA
다국어로 번역된 외국인 민원가이드 제작,행정/자치/안전,,제안심사,2010-11-17,NA,보령시,"□ 개 요

○ 한글로만 제작한 외국인 민원가이드 리플릿을 다국어로 번역하고 제작하여 한국어가 서툰 외국인에게 편리함을 제공하고자 함

□ 현황 및 문제점

○ 국내에 거주하는 외국인이 증가함에 따라 2008년도 부터 외국인 민원가이드  리플릿을 제작하여 보령시로 전입하는 외국인에게 생활에 필요한 행정정보를 수록한 리플릿을 배부하고 있으나, 한글로만 제작하여 한국어가 서툰 외국인에게 도움이 되지 못하고 있음

□ 개선방안

○ 한글로만 제작한 외국인 민원가이드 리플릿을 영어, 중국어, 일본어 등 다국어로 제작하여 보령시로 전입오는 외국인에게 배부

□ 기대효과

○ 한국어가 서툰 외국인에게 다국어로 제작한 외국인 민원가이드를 배부하여    보령시에서 쉽고 빠르게 정착할 수있는 기회 제공",,,NA,20240125,NA
찾아가는 원스톱 건축서비스 시행,행정/자치/안전,,제안심사,2010-11-17,NA,보령시,"▶ 현행 및 문제점 

  ○ 전화 또는 방문민원처리 시 건축 민원은 현장을 확인하지 않고서는 정확한 답변이나 처리가 

    어려운 상황이 많으며, 건축

     가능 여부 등은 전문가(건축사 등)의 자문을 받도록 안내하는 실정으로서, 

    적극적이고 능동적인 주민 서비스가 이루어지지못하고 있음. 

 ○ 과장, 팀장은 총괄업무를 맡고 있는 실정이어서 특별한 경우를 제외하고는 현장을 찾아가는 경우가 

    많지 않고 담당자가 현장에 출장하여 민원처리를 함에 있어 신속하고도 원만한 처리가 이루어지지 않고 있음.

 ○ 현장답사 시 차량의 이용은 대중교통이나 공사관계자(설계, 감리자 등) 차량을 이용하고 있음.

▶ 제안 내용

 ○ 건축기동대 구성운영(과장, 팀장, 담당자)으로 민원발생시 즉시 현장 출장하여 3근무 시간이내 

    처리(건축가능여부 안내, 진정민원 처리,공사장관리, 건축물안전관리 민원 등)

 ○ 건축민원 처리용 차량 1대 구입・운영하여 즉시 출동체계 확립함으로써 원스톱 건축행정 서비스 구축.",,,NA,20240125,NA
조명 시설물에 야광스티커 부착,행정/자치/안전,,제안심사,2010-11-17,NA,보령시,"▶ 현행 및 문제점

 ○ 골목길, 공원 등에 시민의 안전을 위하여 조명 시설물(보안등  등)이 설치되어 있어 구청내 관계부서에서는 

    고장 유무와 신속한 수리를 위해 노력하고 있으나, 이를 확인할 수 있는 시간대가 야간이어서 

    주민들의 신고가 필수적이지만 야간 조명 시설물에는 관리번호, 연락처 등이 검은색 글씨로 쓰여져 있어 연락처를 

     식별 하기가 어려워 관리 부서에 고장 사실을 알리기가 어려우므로

    이를 개선할 필요성이 있음. 

▶ 제안 내용

 ○ 야간에도 식별이 가능하도록 관리부서, 당직실 등 신고가 편리한 연락처를 야광 스티커로 제작하여 부착

 ○ 미점등이나 고장시 누구나 쉽게 관리부서 전화번호를 명확하게 확인할 수 있어 신고를 적기에 하므로 

    시설물에 대한 신속한 수리 가능.",,,NA,20240125,NA
홈플러스 포인트 점수의 효율적 활용 방안,행정/자치/안전,,제안심사,2010-11-17,NA,보령시,"○ 개요 :

 -각 부서에서 법인카드로 홈플러스 매장 이용시 부가로 적립되는   홈플러스 포인트에 대해 수원시청 명의의 포인트카드를 발급 받아   부가 포인트를 시청명의로 일괄 적립


- 적립된 포인트를 각종 표창에 따른 부상품으로 사용하여 예산절감


- 연말 불우이웃 돕기 등에 효율적 활용

○ 현황 및 문제점 :

 - 현재 시청 전부서가 업무추진 시 법인카드를 사용하여 홈플러스

   매장을 상당히 많이 이용(지리적 환경의 영향)하고 있으나 이에

   따른 부가포인트 점수는 개인이 갖고 있는 포인트카드에 적립

   하거나  별도 포인트 점수를 받고 있지 않음


- 홈플러스에서 법인카드를 이용하여 발생되는 포인트점수를 개인   포인트카드에 적립할 경우 공무원행동강령 제13조(공용물의 사적   사용・수익의 금지)에 위반되는 사항으로 향후 감사 지적 및    시민들에게 지탄의 소지가 될 수 있음.


- 이를 숙지하고 있는 직원의 경우 별도 개인 포인트로 적립을 하고   있지는 않으나 결국 포인트를 적립하지 않으면 소멸되는 것으로   이는 기업(홈플러스)에만 이득이 되고 있는 실정임.


- 소멸되는 포인트 점수가 아까워 공무원행동강령에 위반됨에도

   개인포인트 카드에 적립하는 사례가 있으며, 심지어 매출전표에   기재된 개인포인트 적립내역을 훼손하여 은폐하는 사례 등도 있음

  ★ 개인포인트 적립내역은 매출전표 하단에 표시됨으로 하단부분     임의 절단하여 회계서류에 첨부


- 포인트 점수를 개인명의가 아닌 시청명의로 일원화 하여 사용할 수   있는 제도적 방안이 절실히 필요

○ 개선방안 : 보령시청 명의 별도 포인트카드 발급

  ★포인트카드는 개인별(주민등록번호로 부여)로 발급되는 것이 원칙이나 홈플러스측에 우리측 문제점을 설명 후 법인(보령시청)명의로 포인트 카드 발급 협의 


○ 각 부서에서 법인카드로 홈플러스 이용시 법인(볼여시청)명의의   포인트카드 번호를 전부서가 공유하여 포인트 일괄 적립

  ★물품구매후 카드결제 시 포인트카드 번호만 대면 어떤 결제카드를    이용하여도 일괄 적립 가능

○ 법인명의 포인트 창구 일원화를 통한 공무원 행동강령 위반 소지   제거(제도적 장치를 통한 공무원행동강령 위반행위 원천봉쇄)


○ 일괄적립된 포인트 활용을 통한 예산절감

   ★100,000천원 이용시 500천원 적립(구매액의 0.5%)

   ★법인카드로 홈플러스 연간이용금액 본청 전부서 

     약 2억원 추정(적립금 약 1,000천원)


○ 예산절감액은 미비하지만 개인 위법행위를 근절할 수 있는 제도임으로 부수효과가 크다 할 수 있음.

   ※기타 이와 유사 포인트 적립 가능 매장(NH 하나로마트 등)을 

     대상으로도 각 기관 여건에 맞게 실시 가능",,,NA,20240125,NA
예산절감을 위한 설계 자문위원회 운영,행정/자치/안전,,제안심사,2010-11-17,NA,보령시,"○ 우리시가 발주하는 5억원 이상 공공건설사업에 대하여 자문위원의     해박한 경험과 전문지식 반영 및 선진기술 적용 등을 통하여  예산절감 도모

○ 건설기술개발 및 관리 등에 관한 운영규정 제22조 제1항 제3호에     의하여 총공사비 100억원 이상의 공공건설공사 설계 검토서에  대하여 LCC(생애주기비용)에 관한 사항을 정하여 의무적으로  경제성을 검토하고 있으나, 100억원 미만 공사에 대하여는 설계의     경제성 등 예산절감에 대한 검토 기준 미흡

○ 우리시가 발주하는 5억원 이상 100억원 미만 공공건설 공사의 각종  낭비요소나 불요불급한 예산을 절약하기 위하여 예산절감 방안 검토를 의무화",,,NA,20240125,NA
100억원 미만 건설사업 설계 VE  실시,행정/자치/안전,,제안심사,2010-11-17,NA,보령시,"○ 개요 :우리시가 발주하는 20억원 이상 100억원 미만 공공건설 사업의      예산절감, 기능향상, 구조적 안전 및 품질확보를 추구하기 위함

○ 현황 및 문제점: 건설기술관리법 시행령 제38조의 13(설계의 경제성 등 검토)에      의거 100억원 이상 공사에 대하여는 의무적으로 설계의 경제성 등     검토를 실시하나 100억원 미만의 공사에 대하여 설계의 경제성 등     검토 기준 미흡

○개선방안 :  우리시가 발주하는 20억원 이상 100억원 미만 건설공사의 각종      낭비요소나 불요불급한 예산을 절감하기 위하여 예산절감 등의      효과가 큰 설계VE 제도 도입

○기대효과

 -  2011년 건설공사 금액의 절감액 4% 목표로 불요･불급한 예산절감

 - 건설공사에 대한 심도 있는 자문으로 건설기술 향상 도모",,,NA,20240125,NA
자재창고 관리개선,행정/자치/안전,,제안심사,2010-11-17,NA,보령시,"○개요 

-  권역별 자재 창고 확보 

- 새올, 행정포탈을 이용한 물품 관리 시스템 운영 

- 자재(장비) 수불 관리

○ 현황 및 문제점 

- 본청, 사업소, 구청, 동마다 필요한 자재들을 수시로 구입하여 사용하고 있으나 한시적으로 사용하는 경우가 대부분임 

- 보령시 전체로 물량을 취합하면 적은 양이 아님에도 항상 필요한  부서에서는 없어서 빌리러 다니거나 구입을 하고 창고에 방치됨

○ 개선방안 : 자재(장비)관리 시스템을 구축하여 필요한 부서에서 사용 후 반납 

   ꋻ창고는 권역별로 물류창고격으로 확보 

   ꋻ또는 동 단위 창고를 활용 

○ 기대효과 : 자재 추가구입에 대한 예산 절감 및 효율성 극대화

○ 조치사항 : 업무프로세스 조정",,,NA,20240125,NA
재활용품 및 집기 자재 보관창고 설치 운영,행정/자치/안전,,제안심사,2010-11-17,NA,보령시,"○ 개요 

  -각 공사장에서 나오는 폐자재를 보관 후 재활용

  - 각 부서마다 내구년한이 지나지 않아 폐기하지 않고 보관중인

     물품 및 집기 등이 많아 예산낭비요인 발생

○ 현황 및 문제점

  - 각 공사장 등에서 나오는 폐자재 

  - 각 부서에서 필요없는 부품의 경우 내구연한이 지나지 않아 사장

   되는 물품이 많음

  - 또한 폐기하는 물건의 경우도 수리하면 사용이 가능한 경우도

   많음

○ 개선방안 

 - 각 공사장 등에서 나오는 폐자재 보관창고 설치운영

 - 필요 없는 집기 등을 보관부서나 보관장소(창고)등에 이관하여

   필요부서에서 재활용토록 조치

- 이관 후 부서 비품대장에서 제외(삭제)

○ 기대효과

 - 각종 폐자재 재활용으로 물자낭비요인 제거

 - 사장되는 각종 집기 조기 재활용으로 예산낭비요인 제거",,,NA,20240125,NA
업무택시제 도입운영,행정/자치/안전,,제안심사,2010-11-17,NA,보령시,"○ 개요 : 각 기관마다 보유하고 있는 승용차량 대폐차시 신규구입을 억제하고

   택시업계와 협약을 맺어 택시를 업무용으로 이용

○ 현황 및 문제점 

  - 현재 시청 및 산하 기관에 화물 및 승용차량을 다소 보유하고 

   있으나 활용빈도가 높지 않은 승용차량도 일부 존재

 - 차량구입시 일시비용 및 차량유지를 위한 보험료 등을 비교 시

   택시를 이용할 경우 1석 3조의 효과가 있을 것으로 생각됨 

  * 화물겸용 차량 및 특수차량은 제외 

○ 개선방안 : 각 기관에서 보유하고 있는 승용차량 대폐차시 신규 승용차 구입을

   자제하고, 간단한 출장 등 승용차가 필요한 경우 택시를 이용하고     그 비용을 월 1~2회로 모아서 지급

  * 장거리 출장 등을 위한 필수차량은 보유

○ 기대효과 

- 신규 차량 구입비용 절감에 따른 예산절감

- 도로변 차량통행량을 줄여 배기가스 절감 등 청정도시 구현 

- 자가용증가, 택시의 증차로 인하여 어려움을 겪고 있는 택시업계

   영업 활성화",,,NA,20240125,NA
아파트 품질관리 점검단 운영,행정/자치/안전,,제안심사,2010-11-17,NA,보령시,"＊고질적인 아파트 분쟁해결을 위해 입주예정자 및 관련전문가가 참여한 품질관리 점점단을 구성하여 시공중인 아파트 시공상태를 점검 

＊아파트 분양시 현장확인없이 공사가 완료된 후 입주자점검시 시공상태를 확인하여 분양홍보물등과 시공상태가 상이하는 등 입주민의 눈높이에 미달하여 집단민원이 발생하고 있는 실정임 

＊100세대 이상의 아파트에 대하여 입주예정자와, 관련 전문가 등이 참여한 품질관리 점점단을 구성하여 시공중인 상태를 수시로 점검 

- 입주자의 생활편의, 안전등 아파트 품질향상 

- 아파트단지의 결함과 하자원인 자문 

- 아파트 주민의 민원사항 해결",,,NA,20240125,NA
해상 폐기 어획물 수거 및 재활용 처리,행정/자치/안전,,제안심사,2010-11-17,NA,보령시,"○ 실태 : 조업중 어획된 어획물이 폐기대상이면 바다에 투기 

○ 방안 : 폐기 어획물을 선상의 일정용기에 보관하여 귀항 

육상 용기에 집중수거 가축사료용으로 재활용 처리 

【현황】 

○ 대상어선 : 위판어선 350척(출입항 어선 580여척의 60%) 

○ 폐 기 량 : 2.5톤 정도 추정 

○ 주 어 종 : 가자미, 오징어, 전갱이, 청어 등 

○ 어업인 의식결여로 무단투기(폐어구, 폐어획물, 생활용품 등) 

【시행방안】 

○ 조업어선에 대해 수거용 용기지급 

○ 귀항 후 위판장내 육상 대형 수거용기에 일시 보관 

○ 사료업계에서 수시 육상 보관용기 폐어획물 이송처리 

○ 적립식 마일리지 도입으로 우수 참여 어선(원) 지원 

○ 수협과 협의 분기별 얼음, 유류 등 혜택 강구 

【기대효과】 

○ 어획물의 위생적인 처리 

○ 각종 폐기물 무단투기 예방 

○ 위판장 등 어획물 유통 환경 개선",,,NA,20240125,NA
도로변 수목방음벽 설치,행정/자치/안전,,제안심사,2010-11-17,NA,보령시,"◦ 현 황 : 도로 특히 고속도로 주변에 거주하는 주민들의 민원으로 인해 소음을 차단하기 위한 방음벽을 설치하고 있음 

대부분의 방음벽은 철제시설물로 제작 설치되고 있으며 도로변에 횡렬식으로 높이 설치되어 시야와 경관을 차단하고 있음 

◦ 문제점 : 실질적 소음 차단효과가 높지 않을 뿐 아니라 이러한 시설물로 인하여 도로 경관을 심각하게 저해하고 소음 반사효과로 운전자에게 피해를 주고 있음 


♧ 개선방안 : 도로변에 철제방음벽 대신 메타세콰이어, 전나무, 대나무 등 수목을 밀식하는 차폐숲을 조성하여 소음을 흡수함으로써 방음벽 역할을 하는 수목방음벽을 설치함 


♧ 기대효과 

1. 소음을 반사하여 방음하는 철제방음벽에 비해 소음을 흡수하므로 실질적인 소음방지효과가 높고, 방음벽으로 인한 반사소음으로부터 운전자를 보호함으로써 교통사고 예방 

2. 방음벽으로 차폐숲을 조성할 경우 저탄소 녹색성장 정책에 부합하므로 이산화탄소 저감효과 

3. 도로 주변에 녹지대가 조성되어 도로경관 및 운전환경 개선으로 교통사고 방지",,,NA,20240125,NA
에너지 절약 및 환경오염방지를 위한 건물녹화(옥상정원) 추진,행정/자치/안전,,제안심사,2010-11-17,NA,보령시,"-현행 

대부분의 정원을 대지위에 설치하여 건축법상의 조경조건을 충족하기 위해 의무적으로 설치되어 있음. 


-운영실태, 문제점 

건축법상의 의무 조경면적을 설치하기 때분에 사후 관리가 소홀하여 실질적인 조경의 효과가 부족하고 경관이 불량하고, 대부분 건축물의 옥상에 경관이 불량함. 


- 개선방안 및 기대효과 

건축법상의 의무조경면적 뿐만 아니라 , 놀리고 있는 건물옥상에 정원을 꾸며 

건축물의 쾌적한 환경조성, 지상의무 조경면적 대체, 건축물의 단열효과 증진, 냉난방을 위한 에너지 비용절감, 온도변화에 따른 건물손상예방으로 건물내구성 향상 불량경관을 녹화를 통한 도시경관향상, 쾌적한 녹지를 통한 건물이용자들에게 휴식공간 제공 

녹화식물을 통한 산소공급으로 대기오염 완화, 녹지와 생태계 복원, 도시열섬현상 완화 및 습도조절 효과, 옥상녹화의 토양층의 단열효과, 건물소음감소효과가 있음. 


옥상녹화(정원꾸미기)에 소요되는 사업비는 지방정부에서 일정비율을 지원하여 건물주 에게 옥상정원꾸미기에 적극 참여할 수 있도록 지원하는 것이 좋을 것임.",,,NA,20240125,NA
공공형 노인일자리 사업확대 : 老老 사회지킴이 활동,행정/자치/안전,,제안심사,2010-11-17,NA,보령시,"개요 : ○ 오늘날 아동들을 대상으로 한 성범죄가 나날이 증가하면서 아동들을 둔 부모님들의 불안심리는 매우 높아져 가고 있다 

○ 이에 아동들이 학교, 가정 등 지역사회 내에서 안전하게 보호 받을 수 있도록 아동들을 위한 사회지킴이 활동이 필요하다고 판단되며, 그에 필요한 현재 다양한 분야에서 노인일자리가 제공되고 있음 


현황 및 문제점 : ○ 아동인구 10만 명당 성폭력 범죄 피해 아동수는 지난 2005년 9.13명에서 2008년 15.81명으로 3년새 73.2%나 증가했다. 아동성폭력 발생건수도 지난 2005년 715건에서 2006년 946건, 2007년 1,036건 2008년 1,122건으로 해마다 늘었다 

○ 특히 전체 성범죄 가운데 13세 미만 아동대상 성범죄 비율이 지난 2005년 5.7%에서 2008년 7.5%로 급증, 문제의 심각성을 더하면서 전체 성범죄 중 가장 많이 증가한 수치다 

○ 이처럼 급증하고 있는 아동대상 성범죄를 예방하기 위해 현재 실시하고 있는 공공형 노인일자리 사업을 활용하여 지역사회 안전망을 강화 하고자 함 


개선방안 : ○ 노인일자리 창출의 한 형태로 노인들로 하여금 아동들이 방과후 시간을 보내는 동네 놀이터 및 학교 운동장 등 공공시설에서의 아동들을 보호하고 사회지킴이 활동을 실시하며 

○ 특히 오랜시간 노동을 할수 없는 노인들에게 흔히 실시하고 있는 환경정비 및 공공근로 사업보다는, 아동들을 범죄로 부터 예방하고 부모님들이 걱정없이 사회활동을 할 수 있도록 

○ 동네 놀이터 및 학교 운동장 등 공공시설에서 노인들이 아동들을 위해 지킴이 역할을 할 수 있도록 하는 것이 더 바람직 할 것으로 사료됨 


기대효과 : ○ 동네 놀이터 및 학교 운동장 등 공공시설에서 노인들이 아동들을 위해 지킴이 역할을 통해 아동, 청소년을 대상으로 늘어나고 있는 성범죄 및 일상 생활상의 위험으로부터 안전하게 보호를 받을 수 있고 

○ 또한 노인들이 사회활동 을 함으로서 자긍심과 건강에도 도움을 주고, 아동들을 맡겨둔 부모님들도 안심하게 사회활동을 할 수 있어서 노인 일자리 창출 및 지역경제 활성화에 기여할 것으로 사료됨",,,NA,20240125,NA
어린이집과 유치원의 준비물의 문제점,행정/자치/안전,,제안심사,2010-11-17,NA,창원시,전국이 모두 같은지는 알수없지만 진해지역에서는 어린이집과 유치원에서 1년에 2번씩 휴지등 생활용품을 준비물로 제출하고 수시로 실습이나 견학을 이유로 도시락등 준비물이 많습니다 어차피 보살피기로 한것이니 모든 준비물을 해당 어린이집과 유치원에서 준비하고  돈이 필요하다면 어린이 부모의 협조를얻어 필요한것을 자체 해결하면 직장등 바쁜생활을하는 부모님들의 수고를 덜어줄수있을것입니다,,,NA,20240125,NA
사회적기업 지원 육성을 통한 일자리창출,행정/자치/안전,,답변완료,2010-11-17,2015-07-06,금산군,"개요-사회적 기업 육성 및 지원계획 수립.제도 마련

연황 및 문 제점 일자리 창출 서업이 공공근로 희망근로등 단순 노무 제공 에  따라 전문성결여 및 단기성에 머물고 있어사업종료 후 생계 걱정의 악순환이 되플이 되어 중장기적이고 근본적일자리 제공으로 삶의 안장 필요  

개선바안 사회적 기업 육성 및 지원계획 수립 제도  마련 사회적 기업육성 및 지원에 관한 조례 제정육성 및 지원 바안 강구 기준안 마련등 


기대효과 지속가능한 일자리 창출로 삶의 안정 도모",,,사회적기업 육성 및 지원계획을 수립하고 2011년 11월에 1개기업을 지정하였고 사회적기업 육성 및 지원에 관한 조례를 제정할 계획임,20240125,NA
복지카드 발급제도,행정/자치/안전,,제안심사,2010-11-17,NA,금산군,"개요.장애인 복지카드 발급제도를 개선하여 민원인편의도모

현황 및 문제점.

장애인 복지카드발급은 장애인등급판정을 받은후장애인복지카드 발급신청을 하면 조폐공사에서 발급하는데 30-40이일 소요되는데 장에등급변경이있으면 다시신청하여 발급받아야 하는 민원인의 불편과 발급기간소요와 복지카드 발급비용이 소요됨.

개선방안    장에인 복지카드발급시 최초 장애인등급기록난과 장애등급변경판정기록난을 주소 변경기록난과 같이 만들어 장애인업무담당자가 기록 확인하여줌.

기대효과    복지카드발급기간 단축과 발급소요비용 절감.복지카드발급신청을 정정신청으로 즉시처리",,,NA,20240125,NA
쌀 소비 촉진을 위한 쌀을 이용한 가공산업 육성,행정/자치/안전,,제안심사,2010-11-17,NA,금산군,"개요 : 쌀 소비촉진은 쌀을 이용한 가공식품 개발 및 가공산업의 육성과 지역별 저가의 고품질 쌀 생산에 지원 확대, 지역별 특색있는 한식(식당) 지정 운영


현황 및 문제점 : 시장에는 밀가루를  원료로 한 이스턴트 제품이 너무 많이 나와 있어 주 소비층인 학생부터 성인까지 간편하게 제품을 구매하고 있어 쌀 소비층을 확보하는데 주력해야 될 것으로 사료됨.


개선방안 : 1. 밀가루 대용으로 쌀을 주원료로 하는 제품을 개발

                2. 쌀 가공산업 육성과 기업에 대한 지원 확충

                3. 고품질 쌀 생산자에 대한 농기계 및 자재비 지원

                4. 학생들에게 쌀 이용에 대한 적극적인 홍보

                  * 쌀 생산에 대한 현장체험 등 봉사활동 전개

                5. 지역에서 생산된 쌀을 이용한 밥집 지정 운영


기대효과 : .지역의 특산룸 개발로 지역경제 활성화 유도

                . 쌀 재배에 대한 적극적인 홍보로 저탄소 녹색경제 기반 조성",,,NA,20240125,NA
성범죄예방 수탈활동,행정/자치/안전,,답변완료,2010-11-17,2015-07-06,금산군,"개요 - 때와 장소를 가리지 않는 성범죄를 근절하기 위한 노력에도 불구하고 아동과 청소년들이 성범죄등으로 부터노출되어 있슴.

현황 및 문제점- 아동안전지킴이, 아동안전보호협의회등의 활동노력에도 불구하고 아동과 청소년들이 유기와 성범죄로 부터 노출되어 국민들의 관심과 예방활동이 필요함.

개선방안-경제위기로  일자리를 앋지못하고 어려움을 격는 청년실업자 노인들에게 일자리를 제공하는 실업대책 해소, 

유치원,학교,학원,버스승강장 ,놀이터 ,pc 방 등학교길의취약지역 순회순찰로 아동유기와 성범죄등의 피해사전 예방.

기대효과-희망근로 사업자 일자리제공으로 실업대책 해소.",,,지역공동체일자리사업 일환으로 학교지킴이사업을 추진하여 아동 성범죄 사전예방 및 노인들에게 일자리를 제공하고 있음,20240125,NA
노인공염팀개발로 인삼시장활성화,행정/자치/안전,,제안심사,2010-11-17,NA,금산군,"개요..우리지역은 노인 인구수가 날로 증가하고 있어 노인

        인적자원을활용한 고연등다양한 프로그램을 개발하

        여 전국 노인 대상으로 관광 벤치마킹의명소로 만들

        어 인삼시장과 연계한  관광객을 유치하여 인삼판매량

        증가로 지역경제ㅇ에 기여.

개선방향-

  ○ 공연은 오전, 오후 상시

  ○ 전국 노인회에 자매결연

  ○ 공연팀 구성 :한방건강대학생 및 지역노인

  ○ 다락원 공연1시간 관람  → 점심→ 인삼시장 견학

  ○ 지역 노인들의 공연팀이 관광객 대상으로 다양한

     공연을 실시하고 (인센티부부여)

  ○ 노인 자원을 활용한다면 큰 예산없이도 추진

      가능

  ○ 전국 제일가는 관광명소로 만듦

 ※ 홍보 :  전국 노인회에 자연결연 및 마을 이장단

    홍보, 전국 보건소 홍보

기대료과

  ○ 전국 제일가는 관광 명소로 만들어 지역경제 활성화",,,NA,20240125,NA
어린이를 위한 체험학습,행정/자치/안전,,제안심사,2010-11-17,NA,금산군,"개요

3세이상 취학전 아동을 대상으로 하는 체험학습 프로그램을 운영하여 아이들에게는 다양한

문화을 접할 수 있는 기회을 부모에게는 주말동안 아이들과 유익한 시간을 보낼수 있는 기회

를 제공

1맞 별이 가정의 아이들, 농촌지역 아이들은 부모님과함게 유익한 경험을 할 수 있는 기회가 제한적임

2특히 취학전 아동을 둔 부모들은 컴피터가 형성되지 않아 육아에 어려움이 큼

군 홈페이지나 여러 가지 방법을 통해메달 체험학습 신청을 받고 관내에서 가까운 곳에서 부모님과 함게 체험함

예)박물관,식물원,도서관 동물원, 농장 등 견학 쨈 만들기, 치즈만들기 등 체험

1.인지 정서적 측면에서 미래의회망이 어린이에게긍정적 영향

2.일상에 바빠 다양한 체험을 시킬 수 없는 부 모의 교육적 욕구 충족 및 공동육아문화 형성",,,NA,20240125,NA
농지원부발급 절차 간소화,행정/자치/안전,,제안심사,2010-11-17,NA,금산군,"개요 - 농지 원부 통합민원발급시관내 타면 농지소유 경우 별도의 민원절차를 생략으로 민원업무 신속처리


현황및 문제점  농지원부 발급시 지역민이 타면농지소유 경우 별도으 민원절차를 거쳐 발급되고있어바쁜 농번기와 차편이 없어 농민들의 시간상 기다리는 불편을 초래


개선방안  지역민의 경우 관내 농지소유시 별도의 민원절차 없이 새올 통합민원에서 일괄발급토록 시스템보완

기대효과 민원신청시 신속처리로 고객 만족 행정 추진",,,NA,20240125,NA
품의요구서 전자결재 이용 활성화,행정/자치/안전,,제안심사,2010-11-17,NA,금산군,"현황 및 문제점 - 호조시스템의 지출품의등록 이용하여 품의요구서 전자문서로 생산할수 있음에도 대부분의 직원이 품의요구서 수기문서로생산 


개선방안 - 호조시스템 및 전자결재 이용한 품의요구서 기안방법홍보  및 교육으로 품의요구서 전자결재 이용 활성화 


기대효과- 수기문서 생산 감소 및 업무편의성 확대",,,NA,20240125,NA
도계입구에 인삼조형물 설치로 인삼의고장 홍보,행정/자치/안전,,제안심사,2010-11-17,NA,금산군,"개요 ; 금산군을 찾아오는 관광객(외지인) 들에게 도계입구에 인삼조형물 설치로 인삼의 냄새가 물씬날수 있는 조형물 설치 요망. 


현황 및 문제점 ; 현재 도계입구에  인삼의 조형물이 설치 되어있지않아 금산군을 찾아오는 관광객(외지인) 들에게 인삼의 고장 이미지 및 홍보 부족


개선방안 ;도계입구에 대형 인삼조형물을 설치하여 금산군을 찾아오는 관광객(외지인 들에게 인삼의 냄새가 물씬 풍길 수 있는 인삼의 조형물을 설치하여 인삼의 종주지인 면모와 홍보에 기여 하고져함.


기대효과 ; 인삼종주지로서 면모와 인삼의고장 으로서 금산군을 찾아오는 관광객(외지인) 에게 인삼의 고장임을 인식시키고 지역홍보ㅇ] 및 경제 도움에 기여 할 것으로 예상됨.",,,NA,20240125,NA
직장탁아소 설치,행정/자치/안전,,제안심사,2010-11-17,NA,금산군,"개요 ○ 최근 여성공무윈 증가추세에따라, 육아시설이 일를병행

하기쉬운 사회구졸글만드는것은 여성인재의 확보는

물론장기적 저출산 현상해결

현황및문제점 마음놓코맡길수있는 육아시설이업ㄴ어,맡길곳이없는

남, 여직원들이 휴직을 내고있는 실정

개선방안 현재다문화센터나 새로지은 청산회관건물을활용

하여탁아소를설치

기대효과 직장내탁아소는 부모들의 심리적안전을가저와업무

능률향상

보육자격증을소유한 직원 채용의로 일자리창출",,,NA,20240125,NA
쿠폰북 발행,행정/자치/안전,,제안심사,2010-11-17,NA,금산군,"금산 및 추부 톨게이트 그리고 인삼랜드 휴게소에서

금산인삼과 먹거리에 대한 50%활인 쿠폰북 배포      방문객들의 소비 유도와  함께 금산에


(쿠폰북에는 금산의 축제 및 행사에 대한 안내문 수록)

고속도로 휴게소 또는 톨게이트에서는 지역의 관광지

도만을 배부하고 있어 특산품과 먹거리에 대한 정보가 

부족함

백화점 또는 영화관에서 배부하는 쿠폰북과 유사하게

금산인삼 및 먹거리에 대한 쿠폰북을 제작하여 

, 고속도로 휴게소 및 톨게이트에서 배포하고,신청인에 한하여 분기별 쿠폰북을 우편으로 발송 방문객들의 소비 유도와 함께 금산에 대한 소식 제공

로 휴게소 및 톨게이트에서 배포하고,신청인에한하여분기별쿠폰북우편으로발송",,,NA,20240125,NA
자전거 이용 활성화,행정/자치/안전,,제안심사,2010-11-17,NA,금산군,"가까운 관내 출장 시 자전거 이용할 수있도록

관공서 자전거 배치

현황및 문제점

정부의 정책방향(2010 자전거 추진계획)

-자전거 출퇴근 근로자 수당제 도입 등이 주요골자

차량 연료절감 필요성, 친환경적 흐름에 동참

정부의정책과 발맞춰 자전거 정책도입 요구

개선방안

관용차처럼 과용자전거로 가까운거리 출장

자전거 출퇴근 공무원 인센티브

예)자전거 출퇴근 수당제 도입, 인사가점 등


기대효과

정부정책방향에 동차하여 다른 사조직의 귀감

에너지 절약 및 환경오염비용 절감",,,NA,20240125,NA
인삼. 야초막걸리 제조,행정/자치/안전,,제안심사,2010-11-17,NA,금산군,"개요 먹거리와 즐길거리를 찾는 문화형태에 쌀소비 촉진

친환경농산물 및 특산물을 이용한 기호식품 선호

젊은층의 식습관변형으로 쌀소비가 줄어드는 추세임

인삼과 약초를 활용하는 먹거리 문화등의 한계도달

막걸리를선호하는 음주문화의 변화에 부응하여 쌀.인삼과 약초등을 첨가하여 장기관용

캔막걸리등주류 가공식품개발 보급

기대효과 쌀과 인삼.약초의 소비촉진으로 농가의 소득증대

및 지역경제 활성화 기여

물맑고 산세수려한 금산만의 논.특산품개발",,,NA,20240125,NA
꽃 공동육묘로 예산절감,행정/자치/안전,,제안심사,2010-11-17,NA,금산군,"개요: 읍.면별 국토공원화사업으로 각종 꽃묘재배를 위한 묘포장임차, 꽃씨, 거름, 비료구입 및 육묘등으로 재료비와 인건비 과다지출

현황 및 문제점: 재료비와 인건비 과다지출과 전문육묘기술 부족등의 어려움이 있음

개선방안: 읍면별 소요화종과 본수등을 사전파악 기술센턴에서 공동육묘를 통한 전문기술활용과 재료비등의 공동 부담으로 예상절감의 효과 거수

               주요노선별 공원별 화종 알선배치로 아름다운 꽃길조성

기대효과: 생명의 고향 미래의 땅 금산의 아름다운 위상정립

               전문기술력 활용과 예산절감 효과거수",,,NA,20240125,NA
출상장려금  지원제도,행정/자치/안전,,제안심사,2010-11-17,NA,금산군,"개요  출산장려금 지원제도 지원대상의 명확화

현황 및 문제점  현황 : 영아의 출산일을 기준으로 금산군 관할 구역 내에 주민등록을 두고

계속하여 영아와 함께 거주하는 가정의 부 또는 모로 한다.

문제점 : "" 계속하여"" 기준이 명확하지 않아 출산일에 금산에 주소를 두고 있다가 지원금 수령

후 전출했을  경우 회수할 수 있는 명확한 기준이 없음

개선방안  지원대상의 거주기간을 정하여 거주하고  일을 경우 월별로 지급 영아의 출생신고일 현재 금산군에 1년 이상 주민등록을 두고 거주하는 부 또는 모로 한다.

기대효과  금산군 지역의 출산율 저하와 인구 노령화 등의 사회문제에 적극 대처하고 인구

증기를 도모",,,NA,20240125,NA
자동차 권장속도 표시제,행정/자치/안전,,제안심사,2010-11-16,NA,금산군,"급커브 구간의 회전각도에 맞는 안정 권장속도 표시

현황

  - 도록의 종류에 따른 제한속도는 현행 도로표통법상 규정되어 있으나, 일부 회전각도가 심한 도로의 경우 규정속도로 운전할 경우 사고 위험성이 있음


개선방안 : 사고 위험성이 있는 급 커브구간에 안전한 속도로 운전할수 있도록 권장속도를 표시


기대효과 : 초행길의 경우에도 권장속도를 준수할 경우 안전하게 급커브 구간을 주행하여 사고발생률 절감에 기여",,,NA,20240125,NA
친환경농산물 급식 작목반 구성,행정/자치/안전,,제안심사,2010-11-16,NA,금산군,"친환경농산물 급식작목반 구성 금산군 친환경농산물 유통판매 활성화 및 안전 먹거리 욕구충족

문제점 : 소비지의 안전농산물 구매요구 증가

            관내 초.중.고등학교 각 공공기관 등 식당자체 급식으로 농산물 구매 증가

           친환경농산물인증 농산물 증가하는 반면 유통업계에서 소비는 둔화

개선방안 : 관내공공기관을 대상으로 금산군 친환경인증 농산물 우선구매할 수 있도록 친환경농산물 급식작목반 운영 역경제 활성화 도모


기대효과: 지역친환경농산물 유토판매 활성화로 지역경제 되살리기",,,NA,20240125,NA
도서관 휴무일 조정,행정/자치/안전,,제안심사,2010-11-16,NA,금산군,"제 목 도서관 휴무일 조정

개 요 금산읍 관내 도서관 휴무일 조정

현황 및 문 제 점 금산ㅇ읍 관내 인삼고을 도서관  및 기타 도서관의 휴무일이 월요일로

일괄 지정되어 자유열람실 및자료실 이ㅣ용을 할 수 없으며, 학생들이 월요일에는 도서관에서

공부할 수 없음

개선방안

꼭 월아ㅛ일을 휴무일로 지정해야 하는 특별한 사유가 없다면,도서관들의 휴무일이 중복되지 않도록 조정

대대효과

학생,수험생,주민들의 지속적인 공부에 도움",,,NA,20240125,NA
인삼포장재 개발,행정/자치/안전,,제안심사,2010-11-16,NA,금산군,"인삼시장에서 판매되고 있는 인삼을 소비자들이 특색있는 포장재로 교체


인삼시장에서 판마되는 인삼을 비닐봉지에 그냥 가져가서  손상되거나 금산의 특색이 없음


금산의 특색을 살릴 수 있는 포장재를 개발하여 소비자에게 이미지 인식 

ex : 금산 로고, 현수막 등 재활용 포장재 개발


소비자에게 편리한 포장재 공급 및 금산 이미진 제고",,,NA,20240125,NA
맞춤형 직장체험,행정/자치/안전,,답변완료,2010-11-16,2015-07-06,금산군,"컨텐츠 담당자 안내:기획감사실 기획담당 750-2216


개요: *청년실업자에 대한 맞춤형 직장체험

        -한시적 청년인턴제 민간기업과 연계한 맞춤형 직장체험 프로그램 전환

현황 및 문제점: *현행 청년인턴제의 저임금 및 한시적 일자리 제공에 따른 불만 토로 및

                        공공부문에 한정

개선방안: *청년인턴채용 예산 직장체험 참여 민간기업 지원(예산 지원+민간기업 부담)

               : 임금 불만 해소

              *고용우수 기업에 대한 인센티브 제공(지방세 감면 등)

기대효과: *청년실업의 안정적 고용창출 및 기업의 우수인력 채용기회 확대

               *다양한 일자리 창출 사업을 통한 실업율 해소",,,"지방세 감면, 보조금 지급 등 고용우수 기업에 대한 인센티브 제공을 통한 민간기업 참여를 유도하였으나

참여를 희망하는 민간기업이 적어 청년실업자에 대한 맞춤형 직장체험 프로그램 시행이 어려움",20240125,NA
독서통장 발급,행정/자치/안전,,제안심사,2010-11-16,NA,금산군,"컨텐츠 담당자 안내:기획감사실 기획담당 750-2216


개요 : 독서문화 장려를 위한 독서통장 발급

현황 및 문제점 : 개인이 따로 기록, 관리하지 않는 한 자신의 독서 이력을 관리하기 어려움

개선방안 : 독서통장 발급

                대출일, 도서명, 저자, 반납예정일 등 표기

기대효과 :  개인별 독서이력 효율적 관리

                  독서에 대한 관심 유발로 독서문화 장려",,,NA,20240125,NA
군단위 중고장터 사이트 운영,행정/자치/안전,,제안심사,2010-11-16,NA,금산군,"텐츠 담당자 안내:기획감사실 기획담당 750-2216

개 요 : 군 단위 중고물품 교환장터 웹사이트 개설

현황 및 문제점 : 사용 가능한 물품이지만 기술의 발달로 기능이 뒤쳐지거나

                         유행이 지나 폐기하는 사례가 많음

개선방안 : 사용 가능한 중고물품이나 유행이 지나 교체된 물품을 필요한 사용자와

                물물교환 또는 보상판매를 할수 있는 군 단위 중고장터 개설

기대 효과 : 중고물품의 재활용 및 산업폐기물 감소로 에너지 효과증대",,,NA,20240125,NA
식용인삼종료생산으로 농가소득 증대,행정/자치/안전,,제안심사,2010-11-16,NA,금산군,"문제점 : 정묘삼재배시 종자 및 인삼포에 안전농약을 사용하여야 하나(예,농약-리조렉스)을 사용, 종묘삼을 식용으로 사용시 농약검출로 민원발생, 건강에 해로움


개선방안으로는

1. 작목반조직 집단화 재배(영농법인설립등)

2. 종묘삼 재배시 안전농약사용지도 및 재배로 식용인삼을 재배

3. 위생시설을 갖춘 시설에서 세척 및 선별

4. 마트 및 백화점 식용으로 납품 농가소득 증대기여


인삼재배농가소득 증대 및 건강기호식품 보급으로 국민건강증진에 기여.",,,NA,20240125,NA
선산보건소 이용편의를 위한 제안,행정/자치/안전,,답변완료,2010-11-16,2013-01-04,구미시,"안녕하세요^^

어느 보건소든 시민들이 이용을 많이 하지만 선산에는 특히 농촌형으로 노인분들이 많고 또 보건소 이용을 많이 합니다,그런데 위치가 안쪽이고 언덕이어서 터미날에 내려서도  찾아오기가 멀고 택시타기도 애매한거리고 매번 타고오기도 그렇고 오토바이나 차가 있는 가정은 그걸 이용하기도합니다만 노인가구에선 그나마 없는 가정은 이용을 하기어렵습니다,또 언덕배기에 있어 주변에서 어르신들 말씀이 올라오기 힘들다 합니다, 또 주변에 약국이 없고...등등 말씀들을 하십니다,젊은 우리는 이언덕정도야 하고 생각이 드는데 그분들은 이언덕이 작은 산으로 보이는가 봅니다.

선산은 노령인구가 많아서 노인들을 위한 편리함을 조금 신경써준다면 다음세대에 좋은 귀감이라 생각됩니다,다음에 짓거나 계획중이라면 터미널근처등 여하간 교통용이와 평평한곳이 적당하다고 생각되며 참고해주세요.^^

안그래도 살림어려울텐데 이런 제안은 좀 난감하실테지만 민원서비스 차원이라면 앞으로 다가오는 복지국가로 가는길에 작은 편리함이 가정의 웃음으로 전달되지 않을까 싶어 몇자 적어 개선및 차후방안에 대한 제안을 시민으로서 올립니다

읽어주셔서 감사합니다수고하세요.",,,"보건사업에 많은 관심을 가져주셔서 감사합니다. 

현재 선산보건소는 84년도 신축건물이라 노후되고 장소도 협소합니다. 

하지만 구미시와 통합이후로 선산인구가 매년 감소추세이며 노인인구가 많은 부분을 차지하고 있습니다. 

현재는 신축계획이 없으나 앞으로 선산보건소를 신축할시에는 대다수의 주민들이 이용하기 편하고 용이하도록 할것입니다. 앞으로 많은 관심 부탁드립니다. 감사합니다.",20240125,NA
쌀 소비 촉진 및 가격안정,행정/자치/안전,,제안심사,2010-11-15,NA,금산군,"개요 : 쌀 소비촉진 운동 적극추진

 지난50년~70년도까지 유엔을 통하여 양식 무상지원을 받았던 우리나라 였기에 가능 하다면 유엔을 통하여 아프리카 등 개발 도상국 으로 지원

현항 및 문제점 : 연속된 풍년에 의거 정부관리 양곡 창고에 2005년산 살벼를 비롯 만고가 되어 있으며 벼 및 살갑이 떨어지어 가격대가 무너지고 있고 금년도 또한 풍년이 에견되어 문제점 대두됨 

개정방안 : 학상 공급 확대지원 - 기존 초등학교 일부에서 초등학교 전부 및 중등 학교가지 전면지원

가공용 살 공급확대 : 2005~2006년산 쌀에서 2007년산을포함 떡, 장류 및 주류등 가공용 쌀 확대지원  도시 거주자 아침 밥 먹기 적극 추진 기아에 허덕이는 아프리카 및 지진 피해국가 등을 유엔을 통항 지원등

기대효과 : 살 소비 촉진운동 적극 추진으로 살 가격 안정도모 및 유엔을 통한 살 지원으로 대한민국의 위상을 드 높이는 계기마련",,,NA,20240125,NA
지적재산권 총괄 관리,행정/자치/안전,,제안심사,2010-11-15,NA,금산군,"개요ㅡ금산군에서 개발 등록한 상표, 특허 등 산업재산권과 사진, 영상물 등 지적재산권에 대한 총괄 관리 활용 및 홍보가 필요


현황및 문제점ㅡ

  지적 재산권 현황: <금홍>, <비딘뫼>, 하늘선물  금산인삼,  각종 영상물 등

  문제점:  - 군CI의 무분별한 사용으로 소비자 혼란, 타지역 제품에도 금산군 캐릭터(삼동이, 

                 삼신령) 사용되고 있음

               - 비단뫼 포털검색시 유사상쿄 위주로 검색되어 소비자 혼란 및 군 브랜드 신뢰도  

                  하락

               - 영리업체의 무분별한 군정홍보자료 무단사용으로 소비자 현혹


개선방안 : - 지적재산권 관리 전담부서(담당자)를 두고 효율적인 관리와 홍보를 통해 군이 많

               은 예산을 들여 개발한 상표들이 높은 신뢰성을 갖고 활용되도록 추진


기대효과 : - 금산군 지적재산권의 높은 신뢰도를 바탕으로 군민의 산업활동에 활용됨으로써 

              지역경제활성화에 기여",,,NA,20240125,NA
리미티드(Limited) 제품 생산 판매,행정/자치/안전,,제안심사,2010-11-15,NA,금산군,"개요ㅡ다른 지역과 차별화된 금산인삼 리미티드(Limited) 제품 생산 판매


현황 및 문제점ㅡ  인삼재배기술의 보급에 따라 전국에서 인삼이 생산되고 다른 지역에서 재배하여 금산시장을 통해 유통되면서 금산인삼의 차별성이 점점 약해지고 있어 이에 대한 차별화방안이 필요


개선방안ㅡ금산에서 재배되고 가공되어진 고품질의 순수 금산인삼제품들을 소규모로 생산 오로지 금산지역내의 지정된 업소에서만 판매 및 구입할 수 있는 리미티드(Limited) 제품 개발


기대효과ㅡ한정된 지역에서만 구입이 가능한 고품질의 제품으로 금산을 방문하는 외부방문객들의 구매욕구 증대 및 금산인삼의 차별화",,,NA,20240125,NA
인삼 관련 고서. 의서내용 발췌 홍보,행정/자치/안전,,제안심사,2010-11-15,NA,금산군,"개요- 0고서(의서)에 기록된 당시 고려인삼 우수성인정내용 자료 발췌 홍보자료 적극 활용

현황 및 문제점- 0 인삼엑스포. 인삼축제를 통안 대외적 금산인삼 적극 홍보

                        0 학술용어 등을 통한 인삼의 우수성 연구 활발하나

                         ->고려인삼의 우수성과 역사성 증명할 자료 부족

개선방향           0  동의보감. 고려도경. 가종실록 등의 고서(의서)등에 기재된

                          -고려인삼의 중국. 일본 등지의 무역거래

                          - 고려인삼의 우수성을 인정한 내용 발췌

                        ->고려인삼의 유수성과 역사성 홍보자료  활용 

기대 효과         0 역사적인 무역 및 수출 동 거래 근거를 바탕으로

                         고려인삼의 우수성 부각 수출활성화 도모.",,,NA,20240125,NA
공사현장 군민참여게시판설치,행정/자치/안전,,제안심사,2010-11-15,NA,금산군,"개요:공사현장에 군민참여 게시판설치

공사관련 불편사항 고품질 공사 추진을 위한 각종아이디어 작성 유도


현장 및 문제점: 공사현장에서 느끼는 불편사항이나 아이디어 제보 등을

                        할 수 있는 의사소통 기제 부제


개선방안: 공사 현장별로 군민참여 게시판 제작 설치하여

               자유로이 의견이 게진될 수 있도록 함


기대효과: *주민 불편사항에 즉각적인 조치

               *주민 참여를 통한 고품질 공사 추진 및 효과성 제고",,,NA,20240125,NA
제목  군청동. 서 출입구 실과 배치 안내도 설치,행정/자치/안전,,제안심사,2010-11-15,NA,금산군,"개요 : 현재 군청 중앙현관에만 실과배치 안내도가 설치되어있음


현황 및문제점 : 현재 군청 중앙현관에만 실과 배치도가 있어 동. 서 출입구로 오시는 민원인  

                          을  실과를 방문에 불편을 주고 있음


개선방안 : 군청 동 . 서 출입구에고 살과배치고도 및 안도 를 설치


기대효과 : 금산군청 동 . 서 출입구 시과 배치도 및 안내도 설치로 동 . 소 출입구로 방문하는 

                민원인 불편해소",,,NA,20240125,NA
저출산극복을 위한  예비엄마 우대,행정/자치/안전,,답변완료,2010-11-15,2013-07-22,금산군,"개요:  출산율 1.19명(세계  최저)인 저출산을  극복하기 위한 출산장려 방안으로 공직에서   부 터 임신한 여성을 배려하는 분위기 조성 

현황 및 문제점: (현황) 근로기준법상 임신중인 셔성에 대해 시간외근로제한,  야간, 휴일근로 원칙적 금지, 가벼운 근로로의 전환등을 법으로 명시

(문제점) 위대한 어머니로의 재탄생을 준비하고 있는 예비엄마 직원에게 임산부임을 망각하고 시간외근무, 일숙직, 민원인의 폭언, 욕설, 믐주난동, 과중한 업무 등 정신적. 신체적 고통으로 저출산의 한 요인으로 작용

개선방안:  . 임산부 용품 지원 _ 임산부 의자, 전저파차단앞치마, 아이보호용 쿠션 등

                .공공근로, 사회복부요원, 희방근로 등 던단 보조인력지원

                .하반기 시행예정인 유연근부제(시간제근무) 우선 적용

                 .당직, 시간외근로, 업무배치 등 근무여건 고려

기대효과 : 저출산극복을 위한 공직사회 간접적 솔선수범",,,"안녕하세요?


저출산대책사업의 방향 제시에 대하여 감사드리며, 제안하신 내용에 대하여 답변드리겠습니다.


귀하께서 저출산 극복을 위하여 예비엄마에게 다양한 혜택으로 우대책을 제안하였습니다

공직에서부터 솔선수범하기 위하여

현재, 육아휴직을 6세미만의 자녀를 둔 여성공무원에게 3년까지 자율적으로 허용하는 등 

공무원 인사에 있어 공무원의 출산율 제고를 위한 제도가 시행중에 있으며

하반기부터 확대 시행예정인 유연근무제(시간제근무)는 월별로 신청이 가능하여 활용가능한 시책입니다.


그밖에 당직, 시간외 근무, 업무배치 등 근무여건 고려는

인사담당자가 개인의견 수렴과 배치기준에 맞게 충분한 검토 후에

임산부의 편익증진을 위한 노력으로 배치하고 있습니다.


향후 저출산대책사업 추진 시

임산부 용품지원은 검토 후에 연차별로 지원 할 수 있도록 검토하겠습니다.


관심과 의견주심에 감사합니다.",20240125,NA
쌀  .인삼 제품 공모,행정/자치/안전,,제안심사,2010-11-15,NA,금산군,"개요 : 금산 특산품인 인삼과 쌀을 조합한 제품 공모.제품개발

         ㅡ> 인삼제품제조판매업체 등에 보급 .확대


현황및 문제점 : ㅡ식생활의 다양화, 서구화 등으로 쌀소비 감소

                        ㅡ농가의 소득저하 및 국가근간이 되는 농업기반 위협


개선방한 :  ㅡ금산군 특산물인 인삼과 쌀의 조합한 제품을 공모

                 ㅡ인삼제품판매업체 등에 보급하여 많은 사람들이 이용할수 있도록 함


기대효과 :  ㅡ쌀소비 촉진과 더불어  ㅡ금산인삼의 소비 촉진, 인삼제 (상) 품의 다양하 도모.",,,NA,20240125,NA
금산홍보자판기 운영,행정/자치/안전,,제안심사,2010-11-15,NA,금산군,"개요 : 금산근을 알릴  수 있는 특화된 자판기 운영으로 관광객들에게 금산 인지도 제고


현황 및 문제점 : 금산을 찾는 관광객들에게 금산을 알릴 수 있는 기념품 부재 , 저렴한 가격으

                         로 이용할 수 있는 금산홍보 자판기 운영


개선방안 : - 청사내 또는 관광안내소에 자판기 설치

                   : 절편, 정과, 홍삼액, 홍삼건빵, 사탕, 제리 등 미니소포장 방식

                   : 실용성 있고 기념될만한 기념품


기대효과 : 전국에 하나 있는 자판기 운영으로 금산만의 독특한 관광홍보",,,NA,20240125,NA
지구촌 새마을 식당 운영,행정/자치/안전,,제안심사,2010-11-15,NA,금산군,"개요: 다문화 음식체험과 새마을 운동을 접목한 ""지구촌 새마을 식당"" 운영


개선방안: -사 업 명: 지구촌 새마을식당 운영

               -운영기간: 연중

              -운영방법: 새마을지도자와 다문화인으로 구성한 식당운영

              -운영내용: 요일마다 각 나라(베트남, 필리핀, 캐나다, 우즈베키스타느, 등)의

                                전통음식을 판매하여 각 국의 문화 체험기회제공


기대효과: -다문화시대에 세계 음식체험으로 다문화인식제고 

               -다문화인의 일자리 창출 및 자긍심 고취 

              -다문화인과 함께하는 뉴새마을운동 재점화",,,NA,20240125,NA
전자결제 완료시 민원인 이메일로 문서발송,행정/자치/안전,,제안심사,2010-11-15,NA,금산군,"개요;전자결제 문서 중 수신자가 일반인일 경우 결제 완료시

아메일로 자동전송 (정보공개 등 일부사이트는 결제 완료후 이 메일전송가능)


현황및문제점: 각종 민원서류 회신 시 전자결제 후 우편으로 전송하여 시간 및 예산낭비(우편료)발생


개선방안 :수신자 이메일 입력으로 전자결제 완료 시 수신자 이메일로 바로송부


기대효과: 민원처리 기간 단축 및 예산 절감 (우편료)효과",,,NA,20240125,NA
1회용 종이컵을 재활용한 종묘 재배,행정/자치/안전,,제안심사,2010-11-15,NA,금산군,"개요 : 우리가 사용하고 있는 1회용 종이컵을 작물 종묘 생산용 포트대신 활용함으로서 환경오염방지, 예산 및 에너지 절감


현황 및 문제점 : - 본청 및 읍.면 사무실에서 1회용컵을 1일 약 1500개년 39만개 사용하고 폐

                           기하는 실정으로 환경오염 및 예산을 낭비하는 결과 초래

                       - 우리군 꽃묘생산 이용 가능(봄꽃, 여름꽃, 고추묘 등)


개선방안 : - 읍.면별 1회용컵을 사용후 회수, 보관하여 꽃묘 생산의뢰(농업기술센터)->꽃 

                   묘를 1호용컵에 파종 -> 분양 -> 땅에 꽃묘와 컵과 함께 식재 -> 컵(부식)-> 꽃 

                   개화

                - 작물 종묘 재배시 포트대신 대체 사용


기대효과 : - 환경오염 및 자재비 예산절감 효과(15600천원/년)

                - 재활용과 동시에 포트를 벗기지 않고 그대로 식재함으로서 포트를 벗기는 시간 및 인건비 절감",,,NA,20240125,NA
고령자를 위한 택시쿠폰 도입,행정/자치/안전,,제안심사,2010-11-15,NA,금산군,"개요: 농촌지역의 특정상 교통상의 불편함이 많음. 특히 고령자의 몸이 불편하여 대중교통 

        이용이 불편함

현황및 문제점 - 면지역의 교통편이 불편함.

                     - 고령자의 버스이용이 힘듬.

개선방안 - 고령자(65세 이상 등)에게 한달 또는 1년 단위로 택시 쿠폰 지급.

기대효과 - 쿠폰을 이용하여 지역경제활성화 및 고령자의 편이 제공.",,,NA,20240125,NA
각 지방 수돗물병에 그 이름의 뜻을 적어놓자.,행정/자치/안전,,제안심사,2010-11-15,NA,인천광역시,"# 현실태와 문제점

   지방마다 고유 이름의 수돗물이 있다.

   믿고 마실수 있게 홍보도  많이 하고 서울의 경우 광고도 했던걸 볼 수 있다.

   덕분에 '아리수'라는 이름을 알게 됐지만 사실 무슨 뜻인지 모르는 사람이 많다.

   인천도 '미추홀샘물'이지만 왜 이름을 이렇게 지었는지 모르는 분이 많을것이다. 

#개선내용

   샘물병의 표지면에 이름에 대한 간략하게 나마 설명을 덧붙여보자.

   또한 홈페이지를 방문하는 분에게도 기억할 수 있게 한두줄로 제목에 대한 의미를 써놓자

#기대효과

   제목에 대한 의미를 알게 된다면 그 지방 색깔대로 자부심도 갖게 되고, 확실한 뜻도 알게 되고. 그 지역 수돗물에 더욱 애착을 갖게 될 것이다.",,,NA,20240125,NA
재래시장 활성화 방안,행정/자치/안전,,제안심사,2010-11-14,NA,창원시,"○ 실태와 문제점 : 창원시 의창동에는 자연마을에서 도시화된 지역으로 구창원시로 명칭되는 곳에는 국민들의 세금으로 만들어진 신건물이 있는데 만들어 놓기만하고 노력하지 않은 재래시장이 ""북동시장"" 있다. 이것은 대도시민들도 아니고 일개 동으로 구성된 지역인데 행정적지원활동과 주민들간에 의사소통만 이루어 진다면 충분하게 개선 될 수 있는 지역으로 본다. 

    재래시장이 마무리 파장시에는 도로가 차량과 사람들로 뒤덮여 시장 물건을 철수하는 차량과 시내버스와 오가는 차량과 행인들로 도로가 무법으로 변화되어 가도 그 누구도 제지하거나 관리감도하는 사람들이 없이 이루어지고  있다. 


○ 개선내용 : 국민들의 세금으로 만들어진 북동시장 신건물 내에서 상거래가 이루어 질수 있도록 수준있는 궤도가 필요하다.  도로를 시장터로 변화되어 가도 행정적으로 궤도가 없는것은 안전에 대한 의식이 없어지기 때문에 모든 행정을 동원해서 인도와 도로가 제자리로 갈수 있도록 장외에서 상거래를 하고 있는 상인들을 북동시장 건물내로 궤도해야 된다. 


   1) 도로는 도로로써 제 역활을 할수 있도록 만들어주고, 도로 옆에 상거래를 할수 없도록 안전망을 치면 쉽  게 해결될 수 있을 것이다. 

   2) 재래시장이 안정적으로 정착 될수 있도록 행정적인 지원과 자원봉사자들의 역활이 필요하기도 하다. 

   3) 도로가에서 사고파는 물건들은 지역주민들이 자제를 하면 자연스럽게 유도 할수 있을 것이다. 


○ 기대효과 : 북동 시장이 있는 곳에는 창원 시민들을 대표로 하고있는 창원시 향교가 있기도 하고, 세계적인 관광도시로 진입할 수 있는 문화콘텐츠로 '고향의 봄'과 아동문학의 거목인 동원 이원수 선생님의 탄생 100주년을 맞이 할수 있는 곳이기도 하다. 

   이 곳을 오가는 원활한 교통수단과 동민들의 안정적인 인도 보호를 위해서라도 거리질서가 회복되면 쾌적한 주거문화와 재래시장 활성화에 많은 도움이 될수 있을 것이다.",,,NA,20240125,NA
다중이용시설및 고층건물 공기 캔 의무화,행정/자치/안전,공무원제안.hwp,답변완료,2010-11-14,NA,소방방재청,"제안 1  다중이용시설및 고층건물 공기 캔 의무화

  제안 2 세외수입확충을 위한 공공시설물 광고매체 활용",,,,20240125,NA
다중이용시설및 고층건물 공기 캔 의무화,행정/자치/안전,공무원제안.hwp,답변완료,2010-11-14,NA,안전행정부,"제안 1  다중이용시설및 고층건물 공기 캔 의무화

  제안 2 세외수입확충을 위한 공공시설물 광고매체 활용",,,,20240125,NA
다중이용시설및 고층건물 공기 캔 의무화,행정/자치/안전,공무원제안.hwp,답변완료,2010-11-14,2010-12-16,국민안전처,"제안 1  다중이용시설및 고층건물 공기 캔 의무화

  제안 2 세외수입확충을 위한 공공시설물 광고매체 활용",,,"○ 소방업무에 관심과 애정을 가지고 지켜봐 주신데 대하여 감사드리며, 제기하신 제안에 대해 답변 드리겠습니다. 


○ 소방법령에서는 화재를 진압할 수 있는 소화기, 스프링클러 등 소화설비와 화재 시 발생하는 유독가스 흡입으로 인한 인명피해를 방지하기 위해 비상구, 방화문, 제연설비, 피난기구 등을 의무적으로 설치하도록 규정하고 있으며, 


○ 이와 더불어 화재시 발생하는 유독가스에 대하여 호흡을 용이하게 유지할 수 있는 간이호흡기구를  미국, 유럽 등 외국의 경우처럼 소비자 선책에 따라 자율적으로 비치하도록 하는 법령개정을 추진하고 있음을 알려 드립니다.

 ※ 법령개정안 입법예고 : ‘10. 10. 1 ~ 10. 30

 ※ 미국, 유럽, 일본 등 외국의 경우에도 소비자가 자율적으로 비치하도록 규정. 


○ 바쁘신 와중에도 소방업무에 항상 관심을 가져주신데 대하여 다시 한번 깊은 감사를 드리며, 더욱 노력하여 국민 여러분과 함께하는 소방이 되겠습니다. 감사합니다. 


담당자 소방방재청 소방제도과 소방경 윤강열(02-2100-5333)",20240125,NA
다중이용시설및 고층건물 공기 캔 의무화,행정/자치/안전,공무원제안.hwp,답변완료,2010-11-14,2010-12-22,행정자치부,"제안 1  다중이용시설및 고층건물 공기 캔 의무화

  제안 2 세외수입확충을 위한 공공시설물 광고매체 활용",,,"1. 안녕하십니까? 겨울날씨 건강에 유의하시기 바라며, 옥외광고 업무에 많은 관심과 애정을 가져주신데 대해 진심으로 감사드리며, 공공시설물 광고매체 활용과 관련된 사항에 대하여 회신드립니다.


2. 옥외광고물 등 관리법 시행령 제26조제1항제1호 내지 제4호에 광고물을 표시할 수 있는 공공시설물로 규정하고 있습니다. 이에따라 지방자치단체에서 동법 시행령 및 시군구 조례로 정한 공공시설물에 광고물을 표시하고자 할 경우에는 동조 제2항에 규정에 의하여 공공시설물 면적의 1/4 이내로 표시할 수 있을 것입니다.


3. 선생님께서 제시하신 지방자치단체에서 관리하고 있는 공공시설물에는 일반 광고주가 상업광고를 표시하여 관할 시군구(옥외광고물부서)에 허가를 받은 후 표시 ・ 설치할 수 있습니다. 참고로, 설치시 표시면적의 위치는 '시장・군수・구청장이 판단하여야 하고' 표시면적에 대하여는 전체 표시면적 또는 해당 면적을 기준으로 할 것인지의 판단은 공공시설물의 형상, 광고를 표시하였을때의 도시미관과의 공공시설물과 조화 등을 감안하여 시장・군수 ・구청장이 결정하여야 합니다.


4. 앞으로도 옥외광고 업무에 고견을 부탁드립니다. 감사합니다.  끝.",20240125,NA
민원신청에 대한 접수확인은 한번만 했으면 좋겠습니다,기타,,답변완료,2010-11-12,2010-11-24,국민권익위원회,민원신청을 하면 [민원알림]귀하의 민원이 정상적으로 신청되었습니다라고 오고 또  [민원알림]귀하가 신청한 민원이 접수되었습니다라고 꼭 2번씩 알려오는데 1번만 보내주면 충분한 것 아닌지요,,,"1. 국민신문고에 대한 관심에 감사를 드리며, 귀하께서 신청하신 제안(1AB-1011-004001, 민원신청을 하면 “민원이 신청 되었습니다”하고 “민원이  접수 되었습니다”하고 두 번이 오는데 한번만 보내주세요)에 대한 검토결과를  다음과 같이 알려 드립니다.

        2. 답변사항

         ○ 국민신문고에서 민원 신청 시 등록한 이메일이나 이동전화로 민원 신청 시, 접수 시, 답변 시 등에 안내 메시지를 보내드리고 있습니다. 신청과는 별개로 접수 시에는 어느 부처에서 접수하여 처리중인지 안내해 드리는  메시지이므로 양해하여 주시기 바랍니다. 앞으로 국민신문고를 이용하시면서 불편한 사항이 있으면 언제든 문의하십시오. 친절히 답변 드리겠습니다. 

        3. 제출하신 의견은 단순건의에 해당하여 채택하지 않음을 양해하여 주시기 바랍니다.

        4. 상기 내용 이외에 추가로 궁금하신 사항은 국민신문고담당관실 정진덕조사관(02-360-2750)에게 연락하여 주시기 바라며, 귀하와 귀하의 가정에 건강과 행운이 항상 함께하기를 기원합니다. 끝.",20240125,NA
음식물 종량제 봉투를 지퍼백으로 해주세요.,행정/자치/안전,,제안심사,2010-11-11,NA,중랑구,"☆현행 ;  음식물 쓰레기 봉투는 마무리 부분을  묶게 되어있습니다.



☆문제점 ;  묶음 사이로  음식물 국물과  악취가  새어 나오고

잘못 묶을시  음식물 지꺼기가  흘러나와   외관상 불결해 보이고 특히 여름철에는

위생불량으로  세균의 온상이 되기도 합니다. 



☆개선 ;  음식물 종량제 봉투를  지퍼백으로  개선해 주세요.


☆  기대효과 ;  지퍼백은  잠금장치가 되어있어  음식물 악취나 찌꺼기가  

                      흘러 나오는 것을 방지해줍니다.

                      위생처리가 간편합니다.


                      지역에  따라  음식물 수거통이 있는 곳도있고  종량제 봉투에다

                      버리는곳도  있습니다.    봉투가 약하여 수거 내용물이 터져 나오든지  묶음처리가

                      제대로 되지 않은채 페기하면  위생문제가 생기고. 일반 쓰레기와는 달리

                      음식물 쓰레기의  누출은  불쾌감과 거리를 오염 시킵니다.",,,NA,20240125,NA
재외 한국학교 다문화 상담에 관한 제안 ,교육/문화/체육/관광,교과부제안.hwp,답변완료,2010-11-11,2013-04-12,교육부,"재외 한국학교에 근무하면서 느끼고 경험한 다문화 상담에 관한 

의견을 첨부파일로 제안합니다.. ^^",,,"안녕하십니까?

교육부 재외동포교육담당관실입니다. 


먼저 “재외 한국학교의 다문화 상담방안”에 대하여 관심을 가지고 고견을 내어주신 점 진심으로 감사하게 생각합니다. 


현재 우리부가 인가한 30개 한국학교는, 외국에 설립한 사립학교 형태의 재외교육기관으로서 한국학교의 설립, 운영, 교직원의 임면, 보수, 복무 등에 있어서 초․중등교육법 및 사립학교법을 적용 받는 국내의 국․공립학교 및 사립학교와 다르게 「재외국민의 교육지원 등에 관한 법률」의 적용을 받고 있습니다. 또한 법령에 따르면, 재정지원에 있어 운영비의 일부를 예산의 범위 안에서 지원할 수 있도록 정하고 있으므로, 인건비, 운영비 등 일부를 지원하고 있습니다.


그러나 교사 채용 등에 있어서는 많은 예산을 요하므로, 2008년도부터는 교장을 제외한 교사 파견은 폐지한 상태입니다.


다만, 파견나간 교장선생님의 열정 및 적극행정 등으로, 학교에 따라 호치민시한국국제학교와 같이 다양하게 특색 있는 교육활동을 모색․운영하는 학교가 많습니다. 상담 등 진로교육에 있어 우수한 호치민시한국국제학교의 경우, 선생님께서 보내주신 자료를 보고 상담활동을 매우 우수하게 운영한다는 것을 알았기에, 우리부 차원에서 30개 한국학교에 호치민시 한국학교의 상담활동에 대하여 홍보를 하였습니다. 더불어 감사드립니다.


그 외에도 대련한국국제학교에서도 목사님과 신부님 그리고 자원봉사자를 모셔서 매일 교사들의 상담과 별도로 제2상담실을 운영하고 있습니다.

아무쪼록 좋은 자료를 주시고 제안해 주셔서 진심으로 감사드립니다.


 본건과 관련하여 추가 문의사항이 있을 경우에는 교육부 재외동포교육담당관실 윤유숙 연구사(☎02-2100-6793)로 문의하여 주시면 친절히 안내해 드리도록 하겠습니다. 


 앞으로도 우리부의 업무에 관심과 협조 부탁드리고, 더불어 선생님의 모든 일들이 순조롭게 해결되시기 바라며 여유 있고 넉넉한 하루 보내시기 바랍니다. 


감사합니다.",20240125,NA
남부내륙고속철도 노선관련 제안(금산 군수님께),행정/자치/안전,남부내륙고속철도 노선관련 제안(대전_서구_주부모니터단 안성숙).pdf,제안심사,2010-11-10,NA,금산군,첨부파일 참조,,,NA,20240125,NA
고속도로에서의 화물차 고정 장치 의무화,행정/자치/안전,,제안심사,2010-11-09,NA,경찰청,"■현실태

고속도로에서의 무법자라고들 불리는 물건을 수송하는 화물차가 교통사고를 유발하고 인명사고까지 부르게 하는 대형 사고를 종종 접한다.


■문제점

제대로 포장을 씌우지 않고 달리다 보니 짐칸에서 밑으로 떨어지는 물건들이 승용차를 덮치거나 고속도로 한복판에 떨어져 뒤를 따르던 차량에게 운전 방해를 하게 한다.

그런데 화물차가 고정 장치를 하지 않는 이유는 커브를 돌 때 뒤뚱하며 차가 같이 넘어갈까봐 하지 않는다는 것과, 고정 장치를 채우지 않으면 짐만 날아가고 차는 그대로 있으므로 사고가 나더라도 차체의 파손을 막을 수 있다는 것이다.


■개선방안

자기 차량 파손과 전복 방지를  막기 위해 다른 사람의 차량 안전 무시행위는 강력한 단속이 필요하며, 대형 사고를 예방하기 위해서라도 컨테이너가 떨어지는 것을 막기 위해서는 고정 장치를 필수 착용할 수 있도록 의무화해야 한다고 생각한다.",,,NA,20240125,NA
청계천변 도보길도 차도와같이 일방통행,행정/자치/안전,,제안추진,2010-11-09,2013-02-01,서울특별시,"*현행 제도및 운영실태와 문제점

현재 청계천 수변 양쪽 도보길은 서로 통행이 가능하다

요즘 청계천에선 세계 등축제가 열리고 있어서 지난 토요일 밤 다녀왔다

사람들이 너무 붐벼서 제대로 볼수도 없었고 휠체어에탄 아픈분들과 유모차동반자및 아이들의 스카이 싱싱 , 롤러 스케이트를 타고온사람등으로 서로 양쪽이 막혀서 구경은 고사하고 소통이 제대로 되지 않았다

사진을 찍는사람들로 인하여 긴 줄이 움직이지않고있어 사고가났는지 또는 무슨 이유인지도 모르고

 기다리기만 하여 답답도 하였다

전시된 등은 시청 부근에선 한쭉에서만 관람이 가능하게 등이 설치되어있다


*개선내용및 기대효과

한쪽방향으로 설치된 등축제를 양쪽에선 관람이 용이하지않으므로 일방통행이 가능

유모차와 휠체어 스카이싱싱, 롤러스케이트등이 양방향에서 진입하여 서로 불편함을 해소할수있고

사진촬영도 한방향만 진행한다면 가는사람 오는사람과 엉김도 덜할수있다

중간에 군데 군데 징검다리가 있으므로 다름방향으로 턴도 가능

양쪽에서 사진촬영및 유모차, 휠체어, 스카이싱싱, 롤러 스케이트등의 소통도 원할해질수 있다

사람들이 이유없이 막혀서 사고가 난것이 아닌가 의심도 감소시킬수 있다

보다 소통이 원할하게 등축제 감상및 평소에도 다니기가 수월할것으로 생각됩니다",,,"윤성희님 안녕하십니까?

우선, 제안하신 내용에 대한  답변이 늦어진 점 사과드립니다. 

시스템과 관리에 문제가 있어 지연되었으며, 향후 이런 사례가 없도록 노력하겠습니다.


윤성희님께서 제안하신 바와같이 보도를 차량과 같이 일방통행으로 지정할 경우에는 

보도를 이용하시는 분들에게 혼란을 드릴 우려가 있어, 

보도를 통행하는 주민들께서 자연스럽게 우측 통행으로 이동하실수 있도록 안내토록 하겠으며, 

보도의 폭이 좁아 이동에 불편이 있을것으로 판단되어 주말에는 차없는 거리를 운영하여 

차도를 보도로 이용하는 등 이용시민의 불편이 최소화되도록 노력하겠습니다.


좋은 제안에 감사드리며, 가정에 늘 행운이 함께 하시기를 기원드립니다",20240125,NA
노인 일자리 창출,식품/보건/복지/가족,,제안심사,2010-11-08,NA,보건복지부,"현행 : 일자리 창출 사업의 일환으로 몇몇곳의 초등학교에  어르신들 하교 도우미 사업이 진행되고 있습니다

         이 사업을 시행해 보고 여론이 좋으면 더 많은 초등학교로 확대운영한다는 내용도 접했습니다


문제 : 초등학생들의 하교 시간에 맞춰 교통안내 깃발을 들고 서계시는 어르신들을 보니 참으로 안타까운

         마음이 들었습니다

          여름엔 더운 태양볕아래 부채질을 하시면서 서 계시는 모습이 너무 지쳐 보이고 안쓰러워 보였고

         요즘 같이 추운날에는 두터운 겉옷에 마스크  모자 장갑까지 하신채 교통안내를 하시고 계셨습니다

         저도 녹색 어머니 활동을 해 본봐 한 자리에 오래 서 있는 다는 것은 젊은 사람에게도 힘겨운 일입니다


개선사항및 기대효과 : 노인들의 일자리 창출을 위한 것이라면 노인들의 역량에 맞게 요양보호  시설등에

     계시는 같은 어르신들의 말동무를 해드리는 것을 제안합니다

    같이 나이들어가는 입장에서 서로 공감대가 형성되어 서로간에 대화가 통할것입니다

    또 다른 한가지는 주민센터 공부방이나 지역 공부방에 아이들과 함께 놀아주며 동화책도 읽어주는

   것입니다

   요즘같은 핵가족 시대에 조부모와 함께 3대가 사는 가정은 찾아보기 힘듭니다

    어린이들은 자연스럽게 어른을 존경하고 할머니 할아버지의 사랑이 어떤것인지도 저절로 알아질것입니다",,,NA,20240125,NA
이정표 제대로 표기하자!!,행정/자치/안전,,답변완료,2010-11-08,2013-01-11,구미시,"현행제도:도리사 2주차장에서 산길을 가다보면 끝없이 길이 나온다.

실태와 문제점: 어딜가나 지금은 이정표가 표기 되어 있어야 한다. 그럼에도 불구하고 그 길은 이정표가 없다.

그렇다고 돌려서오기는 난감하다.끝이 보이는가 하면 어느새 정상이고 정상이다 하면 또 다른 산에세 굽이굽이 돌고 있다. 사잇길이 나오면 어는 방향으로 어느 목적지가 있는지 가르쳐 주는 것이 옳지 않을까?

개선내용: 이정표기를 잘 하여 목적지가 분명하게 알아 볼 수 있도록 표기해 주심이 마땅하다. 끝까지 가다보니 도문동이 나왔다. 목적지를 알고 달리는 산행은 더 즐거움을 자아낸다. 불안한 상태에서는 아무리 좋은 경관이지만 별 의미가 없다. 다시한번 이정표 재점검하여 요즘 아름다운 경관을 더욱 즐길수 있도록 배려해 주실것을 당부 드립니다.",,,"안녕하십니까? 

평소 구미시 산림행정에 관심을 가져주신데 대하여  깊은 감사의 말씀을 드립니다.

또한 질의하신 내용에 대한 답변이 늦어진 점, 사과의 말씀을 드리며 아래와 같이 알려드립니다.


귀하께서 말씀하신 지역은 해평면 도리사 제2주차장에서 도문리까지 연결되는 약16km 거리의  임도입니다.

이용하신 2010년도에는 임도 출발지와 종착지에만 안내판(거리, 방향표시)이 설치되어 있었으나, 산악레포츠 이용객(MTB, 등산 등)들에게 쾌적하고 안전한 산림휴양시설을 제공하기 위해 2012년부터 이정표와 안내판을 지속적으로 추가 설치하고 있습니다.


앞으로도 안전한 임도활용을 위해 제안해주신 내용을 적극 반영할 계획이며, 기타 문의사항이 있으시면 구미시청 산림경영과(054-480-5883)로 문의하여 주시기 바랍니다. 감사합니다.",20240125,NA
주정차 위반 단속 의견 진술시 관련증빙서류 제출 간소화,행정/자치/안전,,답변완료,2010-11-08,2013-04-25,수원시,"- 현행제도

도로교통법 제160조의제3항 및 질서위반행위규제법 제16조(사전통지 및 의견 제출 등) 규정에 의거 주정차위반 단속 의견진술을 할수 있게 되어 있습니다. 또한 질서행위법시행령 제2조의2(과태료의경감) 규정에 의거 과태료를 경감을 받고자하는 사람은 의견진술 기한내에 관련서류를 제출하면되게 되어 있습니다.

- 운영방법 및 문제점

현재 과태료를 경감받기 위해서는 증빙서류를 온.오프라인으로 필히 제출해야만 하는 불편함이 가증시키고 있음.

- 개선사항

과태료 경감에 필요한 서류를 제출하지 않고 고객의 경감요구시 온라인상으로 확인하여ㅛ 처리 할수 있도록 업무 프로세스 개선 요청합니다.  요즘 정부차원에서 행정정보 공유도 잘 되어 있고 더욱이 다른 기관도 아니고 같은 기관에서 조차 간단하게 증명서류를 확인할 수 없다는 것은 이해할 수 없다고 생각합니다.  

- 참고사항

 유사 업무를 수행하는 경찰에서는 의견진술시 경감 증빙서류를 기관에서 직접 시스템을 확인하여 처리하여 고객만족도를 높이고 있음.",,,현재 수원시에서는 parking.suwon.go.kr을 통하여 의견진술시 증빙서류 첨부가 가능한 사항이며 여러 가지의 사유로 온라인상 확인 할 수 없는 사항에 대하여는 반드시 증빙서류를 제출하여야 합니다. 또한 온라인으로 시스템을 구성하기 위하여는 각 기관과의 이해관계 부분도 고려하여야 할 사항입니다.,20240125,NA
고속도로 주변지역 관광자원화,행정/자치/안전,고속도로 주변지역 관광자원화.hwp,제안심사,2010-11-08,NA,청송군,붙임과 같음,,,NA,20240125,NA
응급환자 이송에 관한 규정 필요,식품/보건/복지/가족,,제안심사,2010-11-06,NA,보건복지부,"■현실태

시간을 다투는 응급환자의 경우 의료진과 인공호흡기와 같은 생명유지 장비가 확보된 가장 가까운 병원으로의 이송이 원칙이다.


■문제점

하지만 응급환자의 이송에 관한 구체적인 규정이 없다보니 시각을 다투는 교통사고나 심근경색, 농어촌 지역 환자일수록 환자나 보호자 대다수가 대학병원만을 선호하여 환자가 원하는 병원이 아닌 다른 곳으로 이송하다 최악의 상황이 발생했을 경우 책임소재의 민원이 발생할 수 있으므로 거리상 멀리 있는 병원이라도 환자 가족이 원하는 의료기관을 선택할 수 밖에 없는 불가피한 현실이다.

이로 인하여 이송 시간이 많이 걸려 불행한 일을 당하는 일을 종종 본다.


■개선내용

응급환자를 위해서는 대학병원과 준 병원 등의 응급의료진 인력과 시설 수용능력을 확대하여야 하며, 응급구호체계를 응급시설과 의료진 투입이 가능한 가까운 병원으로 무조건 이송토록 강제하는 법안이 마련되어야 한다.",,,NA,20240125,NA
맨홀 뚜컹의 소음제거,행정/자치/안전,,제안심사,2010-11-05,NA,화성시,"도로변에 맨홀뚜컹이 있을 경우 차량이 지나면 소음은 당연하고, 대형차량과 소형챠량에 따라 소음도 비례하여 커지기 마련이고,

 장마시에는 배수문제로 맨홀뚜컹이 열려 사고도 유발시키고 있는 장면도 매스컴에서 심상치 않게 보도되고 있는 상태입니다.

개선방안

맨홀뚜컹을 나사처럼 돌려서 설치하는 방법 밖에는 없는것 같읍니다.",,,NA,20240125,NA
교통단속에 경고제 도입안건...,행정/자치/안전,,제안심사,2010-11-05,NA,경찰청,"안녕하십니까?

저는 대구에 살고있는 이진우라고합니다..

관계자여러분 고생이 많으십니다..

교통에 늘 관심이 많아서 문득 이런생각이 들어서 몇자 올리겠습니다..


교통단속에 걸리면 바로 벌금을 내도록하지말고 경고제를 실시하는게 어떨까 싶습니다.

좀더 자세하게 제 생각을 얘기하자면...

위반을 하는 운전자중에는 물론 상습적으로 위반을 하는사람도 많겠지만 평상시엔 정말 잘 지키는데 어쩔수없는경우라든지 또 어떤 실수로 인해서 위반하는 차량도 있다고 봅니다..

그런운전자는 정말 억울합니다..그래서 처음에 위반하면 경고를주고 다음에 위반하면 경고받은 금액까지 누적된금액을 벌금으로 내게 만드는겁니다..죄를 지어도 왜 집행유예라는게 있지않습니까? 경고제도를 하면서 벌금을 줄이자는게 아니라 위반을 줄일수있는 방법이라고 생각합니다.. 그래서 위반을 잘 하지않는 운전자도 더욱더 조심하게 될꺼고..또 상습범들도 다음에 위반하면 벌금이 가중되므로 아무래도 심리적으로 상습위반을 줄이지 않을까 싶은 저 개인적인 생각입니다..경고 다음에 벌금 또 경고다음에 벌금 이런식으로 경고를 3회받은 운전자는 평생 경고제도 없이 바로 고지서가 발급되는..뭐~~이런 여러가지 방법이 있으리라 봅니다..요즘은 시스템이 좋아서 충분히 가능하리라 봅니다

제 생각은 어쩌다 위반하는 운전자들의 안타까움도 들어주고 또 사실 상습범들이 너무 싫어서 이런 글을 올립니다..

저는 사실 의경출신으로 지금까지 17년째 운전중이지만 정말 안전벨트미착용으로 한번 과속위반(70인데 80인줄알고)한번 이게 답니다..그런데 집주변에도 조금만 더 가서 뉴턴하면되는데 골목에서 나오자마자 바로 뉴턴(좌회전비슷)을 하니깐 아주 위험하고 정상적으로 가는사람은 뒤쳐지는것같고 화가납니다

상습범들은 정말 싫어요!!!!

바쁘신데 두서없는글 끝까지 읽어주셔서 너무 감사합니다..


수고하세요~~",,,NA,20240125,NA
빨라지는 경기도! 하나되는 경기도!,행정/자치/안전,빨라지는경기도하나되는경기도.ppt,제안심사,2010-11-04,NA,경기도,"<개요>

서울외곽순환도로 버스전용차로 개설 및 경기순환버스 운영체계개선


<문제점>

◦서울외곽순환도로의 상습정체      ◦기존노선의 비효율성

  - 목적지까지의 과다한 시간소요     - 일부시군만의 전유물

  - 에너지 낭비 및 환경오염                - 순환버스와 시내버스 노선중복

  - 생산성 하락 및 환경오염                - 쓸모없고 위험한 환승장


<개선방안>

◦버스전용차로 개설                          ◦노선체계의 변경

   -상습정체 해소로 시간단축            -31개시,군연결로 접근성향상

   -대중교통으로의 점진적 흡수         -31개시,군연결로 이용객수 증가

   -에너지발생 및 공해줄임


<기대효과>

소요시간단축, 소요비용절감, CO2배출량 감소, 이용객수 증가로 인한 

생산성 및 삶의질 향상",,,NA,20240125,NA
직무연수비 또는  자기능력개발비 지원에 대하여,교육/문화/체육/관광,,제안심사,2010-11-03,NA,전라남도교육청,"1. 교원의 자비부담 직무연수 지원과 지방공무원 자기능력개발비 지원 실태

교원의 자비부담 직무연수 지원은 학교예산에 책정을 하여 연수기관에 납부하는 연수경비를  교원 1인당 연 1회에 한하여 연수경비 전액을 지원하라고 되어있는데, 지방공무원의 경우에는 직무관련 자격취득 및 외국어수강, 사무관리관련분야 및 정보처리관련분야로 제한하고 퇴직예정자의 경우에는 공인중개사 주택관리사 등 재취업에 필요한 자격증 취득 위한 수강으로 제한되어 있습니다. 그리고 예산도 학교에서 책정하는 것이 아니라 전라남도교육지원청의 경우에는 (다른교육지원청은 잘 모름)도교육청에서 예산을 세워 개인별 지원액을 월 10만원 이내 연 30만원 한도로 정하고 있습니다.

2. 제안 내용 : 교원과 마찬가지로 지방공무원도 학교에서 자체예산을 책정하도록 지침을 수립하도록 지침을 있었으면 하며 교원처럼 연수비를 1인에 한해서 전액 지급한다는 것도 금액 한정이 되어 있지 않아 맞지 않는 관계로 개인별 지원액을 월 10만원 이내 연 30만원 한도로 책정을 하였으면 합니다. 또한 교원의 직무와 관련한다는 것도 애매하고 지방공무원의 직무관련도 애매합니다. 그래서 자율적으로 수강한 연수에 대하여 폭넓게 인정을 해 주었으면 합니다.",,,NA,20240125,NA
48번 국도에 자전거도로를 개설하여 청정도시로 변모하자,행정/자치/안전,,제안심사,2010-11-02,NA,김포시,"1.현행실태와 문제점: 현재 48번 국도를 이용하여 인근도시로 출퇴근 시민이 하루 수만명

                                       그중 50%이상이 자가용을 이용하는 실태임

                                      그로 인해 도로정체와  먼지와 매연으로 인근 아파트 주민들의

                                      일상생활에 피해를  주고 있음(예.도로인접창문 개방 못함)

2. 개선방안 및 기대효과

       . 48번국도 가장자리 일부를 활용하여 지하철을 탈수있는 곳 까지만이라도

          자전거도로를 만들면 지금의 이런문제는 많이 해소될 것으로 기대됨

       . 도로먼지 감소 및 에너지 절약으로 시민의 건강과 자연환경을 모두 지킬수있을 것으로

         기대됨

       . 도시이미지 개선됨(기존 시골스럽다에서 전원도시스럽다로 이미지 변모)",,,NA,20240125,NA
남산에다가 가로등 기둥을 세우지말고 소나무에다가 가로등 등만 설치합시다.,행정/자치/안전,,답변완료,2010-11-02,2013-01-17,서울특별시,남산에다가 가로등 기둥을 세우지말고 소나무에다가 가로등 등만 설치합시다.,,,"우리시정발전에 많은 관심과 남산에 대한 애정으로 고견을 보내주신 윤위석님께 감사드립니다. 

귀하께서 제기하신 소나무에 가로등을 설치하자는 제안은 나무에 가로등 설치시 나무생육에 방해가 되며 

화재발생위험등으로 나무에 가로등 설치가 어려움을 이해하여 주시기 바랍니다. 

항상 윤위석님 댁에 행복과 건강함이 가득하시길 기원합니다",20240125,NA
공공기관의 재테크 문제점,식품/보건/복지/가족,,제안심사,2010-11-02,NA,보건복지부,"국민건강보험 및 국민연금공단들이 수익을 창출하기 위해 재테크를  해외에 부동산을 매매하든지

주식과 펀드 및 실물자산에 투자를 한다

재테크란 이익이 나야만 되는데 문제는 몇천억에 이르는 손실을 내는 것이 메스컴에 종종 언급이 된다.


문제: 

자신의 재산이라면 그렇게 손실을 내면 망할텐데 공공의 재산은 손실이 나더라도 자신의 것이 아니라서 신중하게 투자하는 것이 부족한 것이 아닌가하는 생각이든다.


해결방법:

예를 들면 은행에서 예금금리를 적용에 있어 +-6%일때 10%금리를 최종수익에 있어서 준다는 것을 정하는 것처럼 수익을 낼 경우 담당자에게 인센티브를 제공하고 손실을 끼쳤을 때 일정부분 보존할 수 있도록 책임을 질 수 있도록 한다면 물론 손실의 경우 책임을 지라고 하면 누가 투자를 하겠냐고 하지만 그래야만 책임감으로 인해 손실을 줄여 보험료인상 및 연금을 삭감하는 일들이 줄어들 것이라 생각되네요",,,NA,20240125,NA
"음성""녹음으로 ~국민제안~할 수 있습니다!",기타,,답변완료,2010-11-01,2010-11-24,국민권익위원회,"-국민신문고""~에 ARS 대표전화를 두고 제안(민원)인이


""음성~으로 제안(민원)을 신청하는 방안입니다.


-글 쓰기를 할수 없거나 하지 못할 사람도 있습니다.


-단,수신자가 없고,그 대신 제안(민원)인의 육성을 녹음으로 


남기는 방안입니다.


-제안(민원)인의 주민번호와 연락처는 필수사항 입니다.


-단,발신자 표시가 없는 제안(민원)은 거부합니다.",,,"1. 국민신문고에 대한 관심에 감사를 드리며, 귀하께서 신청하신 제안(1AB-1011-000350, 음성 녹음으로 국민제안 할 수 있게 해주세요)에 대한 검토  결과를 다음과 같이 알려 드립니다.

        2. 답변사항

         ○ 현재 국민신문고에서는 국민제안을 국민제안규정 제4조에 의하여 방문ㆍ우편ㆍ모사전송 또는 「부패방지 및 국민권익위원회의 설치와 운영에 관한 법률」 제12조제16호에 따른 온라인 국민참여포털(이하 ""온라인 국민참여포털""이라 한다) 등 인터넷을 통하여만 신청을 받고 있습니다. 현재로서는 규정상 음성 녹음으로는 신청을 받을 수 없는 점 양해하여 주시기 바랍니다. 앞으로 국민신문고를 이용하시면서 불편한 사항이 있으면 언제든 문의하십시오. 친절히 답변 드리겠습니다. 

        3. 제출하신 의견은 적용하기 곤란한 건의에 해당하여 채택하지 않음을 양해하여 주시기 바랍니다.

        4. 상기 내용 이외에 추가로 궁금하신 사항은 국민신문고담당관실 정진덕조사관(02-360-2750)에게 연락하여 주시기 바라며, 귀하와 귀하의 가정에 건강과 행운이 항상 함께하기를 기원합니다. 끝.",20240125,NA
상습적인 쓰레기투기지역을 바꿔봅시다~!!!,행정/자치/안전,,제안심사,2010-11-01,NA,노원구,"안녕하세요. 

서울에서 대학교를 다니고 있는 학생입니다.

제가 제안하고 싶은 내용은 제목 그대로 입니다.

저는 서울지하철 7호선 공릉(서울과학기술대)역 근처에서 살고 있습니다.

공릉역 중에서도 2번출구로 나와 5미터정도만 걷게 되면 

상습적으로 건축폐기물 및 쓰레기봉투 등이 항상 뒤섞여 쌓여 있는 모습을 볼 수 있습니다.

(쓰레기가 많을 경우에는 도로의 차선 하나를 침범해서 쌓여 있습니다.)

그 곳이 쓰레기를 버리는곳으로 정해진 것도 아닌데 주변상가 및 사람들에게는

어느 순간부터 하나둘 그곳이 쓰레기를 버리는 곳으로 인식되어 있습니다.

또한 쓰레기봉투가 쌓여있으니 지나가는 사람들도 은근슬쩍 그 곳에 자기가 

가지고 있던 쓰레기나 담배꽁초, 껌등을 쉽게 버리고 가는 모습도 여러번 봤습니다.

이러한 악순환이 계속되면서 그 주변은 항상 지저분하고 냄새나는 곳으로 

인식되어 지나갈때마다 인상을 찌뿌리게 만들고 있습니다.

공릉(서울과학기술대)역을 처음 방문한 내국인이나 외국인이 그러한 모습을 

본다면 과연 공릉동을 어떻게 생각할 지 공릉동주민의 한 사람으로써 부끄럽기 짝이 없습니다.

따라서 제가 생각한 개선방안은 예전에 티비에서도 본 적이 있는데

상습 투기지역을 화단으로 꾸며 보는것입니다. 화단을 만든다고 얼마나 효과가 있겠냐고

생각할 지 모르겠지만 예전에 티비에서 봤던 기억으로는 그 효과는 어마어마 했습니다.

화단이 적절하지 않다면은 쓰레기 투기 장소를 한 곳에 지정하는 방법도 생각해 봤습니다.

(지정하는 투기장소는 유동인구가 적은 골목 구석의 공터등이 적당할 것 같습니다.)

그러면서 현재의 상습투기지역은 미관상 보기좋게 나무판넬같은걸로 이쁘게 꾸며 막아놓는 

것입니다. 

얼마뒤면 G20 세계정상회의가 서울에서 개최됩니다. 또한 서울시가 서울의 브랜드가치를

높이기 위해 여러가지로 노력한다는것도 알고 있습니다. 유명한 지역에 크고 멋진것들을

만드는 것도 물론 중요하겠지만 제가 제안한 어쩌면 그냥 넘어갈 수도 있는 자그마한

문제들 또한 간과하지 않아야 진정한 세계속의 브랜드 넘버원 서울이 완성될 수 있을 것입니다.

미숙한 제안과 내용을 끝까지 읽어주셔서 감사합니다. 수고하세요.",,,NA,20240125,NA
어르신의 무료함 달래기와 소일거리 제공,식품/보건/복지/가족,,제안심사,2010-10-31,NA,보건복지부,"1. 문제점 및 필요성

   ㅇ 고령화 사회에서 경제활동 가능한 어르신 계층의 마땅한 놀거리 및  일자리가 없어 

       사회적 문제

   ㅇ 공원주변 배회, 지하철 무가지 및 집주변의 재활용품이나 폐휴지 수집 용돈마련

   ㅇ 공원, 위락시설, 노인복지센터, 다수인 등 집결지에 전통과 향수를 느낄 볼거리 제공과

       소일거래거리로 생산한 제품 판매


 2. 개선 방안

    ㅇ 무료함을 달랠 수 있는 소일거리 필요 기자재 등 무료 제공

        예) 볏짚을 이용한 새끼 꼬기, 가마니 짜기, 멍석 짜기, 부채, 연, 제기 등

    ㅇ 고향 향수를 달랠 수 있는 전통 공예품 제작

        예) 왕골자리, 전동매듭, 팽이, 복조리 등


3. 기대효과

   ㅇ 관광객 및 학생의 볼거리 제공 및 민속문화 체험 학습장

   ㅇ 일자리 창출 및 민속 전통공예 등 계승

   ㅇ 어르신의 공경을 통한 효문화 계승",,,NA,20240125,NA
독거노인돌보미서비스,행정/자치/안전,,제안심사,2010-10-31,NA,함안군,"저는 함안군 칠서면에 할머니를 두고  있는 오유진입니다.

(군민이 아니여서 고려가 안되거나 하는건 아니겠지요?)

저의 할머니께서 연세가 많으신데 혼자 계시거든요..

항상 그게 너무 걱정이 돼서 신경쓰고 있었던 차에 오늘 기사를 하나 봤습니다.

""독거노인돌보미서비스"" 라는 것이 일부지역에서 시범적으로 시행되고 있다는 것을 

봤습니다,

아,,주에 한번식 노인돌보미 봉사자 분들이 집으로 와서 봐주시는거 저도 알고 있습니다.

하지만 독거노인돌보미서비스는 혹시라도 혼자 계실때 생기는 어떤문제들도 더 실용적으로 이용하고 해결할수 있다는  생각을 했습니다.

(정말 가끔씩 밤새 저희에게 전화하실수 없을 정도로 아프시는경우가 있더라구요,,

그럴때 마다 얼마나 가슴이 아픈지...)

잘 한번 검토해 봐 주셨으면 합니다.

잘 돼서 다른 모든 독거노인이나 몸이 불편하시지만 혼자생활하는 모든분들에게도 

도움이 되는 정책이 되었으면 하는 바램입니다.

(기사)

http://news.naver.com/main/read.nhn?mode=LSD&mid=shm&sid1=102&oid=353&aid=0000003079",,,NA,20240125,NA
창원 아이 잉글리쉬 해외어학연수 정책에 대해 제안합니다.,행정/자치/안전,,제안심사,2010-10-31,NA,창원시,"저는 초등학교 학부모로써 창원아이 잉글리쉬 홈페이지 활용에 대해 건의 하고 싶습니다.

마창진 통합으로 8월부터 마산 학생들이 창원아이 잉글리쉬를 활용할 수 있어서 좋은 기회가 주어진점 좋게 생각하며 아이 학습에 잘 활용을 하고 있습니다.

처음 마산시청에서 학부모 설명회를 할때도 참석하여 좋은 내용을 듣고 왔습니다.

그때 관심을 끌었던 내용이 창원아이 홈페이지 활용을 잘 하면 해외 어학연수를 저렴한 가격 (당시40만원정도)에 갈 수 있는 기회가 주어진다하였던 것입니다.

당시 홈페이지(8월)에서도 홈페이지 활용(80%, ESPT 점수 20%) 라고 되어 있어 홈페이지 활용 및 ESPT시험 준비를 하고 얼마전 창원아이 잉글리쉬에서 ESPT신청 받아서 

짧은 기간 동안 이었지만 시험 준비 하고 시험도 쳤습니다. 

근데 문제는 창원아이 잉글리쉬의 해외 어학 연수 자격 내용이 조금씩 바뀐다는 점입니다.


처음 홈페이지 내용에서 비용(총비용의 20%본인부담) 내용이 얼마 있다가 사라지고

ESPT시험은 해외 어학연수 신청의 자격만 주어지는 역할이 되고 

그것도 토익, 토플의 일정 점수까지의 학생들도 자격이 주어진다고 바뀌고 

홈페이지 활용 80%외 20%는 ""영어 실력겨루기""점수 반영으로 바뀌고 

해외 어학연수 신청기간은 11월 1일~ 12일 인데 불과 어제 홈페이지 내용에서 

참가 비용 : 본인부담 50만원 + 항공료(85만원~90만원)

이란 내용이 추가 됩니다.

저희는 저렴한 비용에 해외 어학연수의 기회를 갖고자 8월부터 홈페이지 내용 그리고 직원과 통화(그땐 본인부담 40만원 정도의 해외 어학연수 기회니 경쟁이 심할꺼다)내용등 나름 꼼꼼히 준비한다고 했는데 다른 것들은 충분히 따라 갈 만한 내용이었고 실력있는 학생들 보내고자 한다는 것 충분히 이해 하는 입장입니다만

참가비용이 세배 이상 갑자기 뛰어버린것은 이해 할 수 없습니다.

11월 신청사항의 자세한 참가 비용도 10월 30일에 올린 것도 이해 할 수 없습니다.

8월~10월(3개월동안)  추석, 휴일 , 중간고사등 빠지지 않고 열심히 학습을 시켰는데 

참가 비용이 미리 공지 되었다면 그렇게 열심히도 시키지 않았습니다.

좋은 기회라고 제가 권유한 학생들은 더 열심히 했기에 미안한 마음까지 듭니다.


제안합니다.

비록 제 아이가 해외 어학연수 캠프에 확정될 지 떨어질 지 모르나 

창원시의 지원을 좀 더 늘려서 처음 지원 내용처럼 캠프 참여 학부모 부담을 줄여 주십시오.

노력한 학생들이 참가금 때문에 못보내는 입장이 되지 않게 해주십시오.",,,NA,20240125,NA
기초생활수급자 지원제도 개선,식품/보건/복지/가족,,제안심사,2010-10-30,NA,보건복지부,"1.현행- 기초생활수급자 선정기준 

  1) 가구별 소득인정액이 최저생계비 이하인 자

    .1인 - 504,344원.  .2인 - 858,747 원    .3인 - 1,110,919원     .4인 -  1,363,091원

    .  소득인정액 = 소득평가액(실제소득) + 재산의 소득환산액

    ※ 재산이 2,900만원 초과시 소득환산율에 따라 재산의 소득환산액이 발생

  2) 부양의무자(1촌이내의 직계존비속 및 그 배우자) 기준 적합한 자

      - 부양의무자가 있어도 부양능력이 없거나 미약한 자 

        (“부양능력 있음”일 경우 기준 초과)     ※ 부양의무자 기준 붙임 참조


2. 운영실태 - 기초생활수급자 신청 및 조사 절차

  1) 본인 또는 친척, 이장 등 신청 → 기초 상담을 통하여 신청서 및 금융동의서 등 구비서류 제출

  2) 부양의무자(1촌이내의 직계존비속 및 그 배우자 - 아들, 딸, 며느리, 사위 등) 조사

    - 부양의무자 안내문 발송하여 생활실태 및 금융동의서 징구

  3) 모든 구비서류가 갖추어지면 군청 주민생활과 통합조사팀으로 조사 요청

     (부양의무자 중 1명의 자녀라도 자료 회신 되지 않을 경우 조사 불가)

  4) 통합조사팀에서 전산조사(국민연금, 국세청 등의 자료 조회)와    방문조사를 병행

  5) 조사 결과 신청인에게 대상자 선정여부 통지함.


3.  애로사항(문제점)

  1) 생활이 어려워 수급자 신청을 하나 자녀의 소득, 재산으로 인해 수급자 책정 제외 되는 사례가 많음. 자녀들 또한 본인들의 생활을 영위하기에 빠듯하여 부모님께 용돈 등의 지원이 힘든 실정임. 

  ※ 일정한 소득이 있으면 부모를 부양할 수 있다고 판단하여 부양비를 부과함 → 하지만 실질적으로 부양비(용돈)를 받는 가구는 많이 없음

 2) 부양능력이 있음에도 지원을 하지 않는다고 판단할 수 있는 정확한 기준, 서류가 없음(고소득임에도 부모를 부양하지 않는 경우 이를 단순히 자녀가 돌보지 않으므로 수급자로  책정 할 수 없음)

  3) 자녀의 부양능력이 있으나 가족관계 단절 등으로 실질적인 지원을 못 받을 경우 보장기관에서 

생활보장위원회를 조직하여 심의에 부침. 통과할 경우 우선 생계비 등을 지원하고 이를 부양의무자에게 청구함.

  4) 방문조사와 이장 등의 마을 지인을 통해 본인 및 부양의무자의 생활이 어렵다고는 볼 수 없으나 부동산 명의 이전, 예금 타인 명의 도용 등 기초생활보장법을 악용(?)하는 사례도 있음. 

   ex> 국민임대주택에 살면서 에쿠스를 몰고 다님.


4.개선사항

 1)국민기초생활보장법 시행령 제4조 부담능력이 없는 경우의 100분의 130미만인자를  150미만인자로

개정하여 영세민보호차원에서  조정필요

 2)보장비용부담 보장기관은 생활보장위원회의 심의,의결을  거쳐 비용전부 또는 일부를 부양자에게 징수할 수 있도록 되어 있는 규정을 - 생활보장위원회회의 심의,의결시  판단하여 비용전부(또는 일부)를  징수, 미징수로 구분하여 판단  본인생업에도 힘든 미징수 부양의무자에게  안정된 생활을 할 수 있도록 해야함.

 3) 단 부양능력이 확실함에도 부동산 명의 이전, 예금 타인 명의 도용등 파렴치하고 불법적인 행위시는 국세 또는 지방세체납처분의 예에 의하여 징수하고 불가시는 각종허가,신고,등록시에 제한조치

 4)  부양의무자(1촌이내의 직계존비속 및 그 배우자 - 아들, 딸, 며느리, 사위 등) 조사시 생활실태 및 금융동의서 징구 부양의무자 중 1명의 자녀라도 자료 회신 되지 않아 조사 불가시는 보장기관의 생활보장위원회의에서 수급대상자의 현재생활실태를 감안 심의하여 결정(읍면동 담당자의 조사상의 고충해소와 서민행정업무 지연사례예방)


5. 기대효과

 1) 기초생활수급자 중에 소외계층의  보호대책을 통한  서민대책 추진으로 국민행복 추구 

 2) 업무처리 방법 개선을 통한 일선 복지공무원의 업무능률 향상 및 사기고조 

 3)자녀로부터 버림받는 노인(어르신)생보자 구제로 참 복지정책 구현

 4)폭 넓은 서민생활 밀착형 정책을 통한 국민공감대 형성과 선진 복지추구",,,NA,20240125,NA
나의 비공개 제안 열람하기,기타,,답변완료,2010-10-30,2010-11-24,국민권익위원회,"1. 현황 및 문제점

   ㅇ 국가인권위원회의 제안시스템은 신상 공개 또는 비공개로 운영

   ㅇ 제안신청시 시스템에서 자동으로 접수(신청)번호 부여

   ㅇ 공개제안은 전체제안에서 제목이나 실명으로 검색 가능

   ㅇ 비공개 제안은 본인이라도 접수(신청)번호를 입력해야만 검색 가능

   ㅇ 접수(신청) 번호를 분실했을 경우 해당부서 담당자에게 유선전화로 확인하는 불편 초래


2. 개선 방안

   ㅇ 비공개 제안 신청자의 경우도  본인이 쉽게 확인할 수 있도록 검색 기능 보완

   ㅇ 제안 신청자의 인증절차 단계(비밀번호 또는 공인인증서)로 검색기능 해결


3. 기대 효과

   ㅇ 비 공개제안으로 신청(접수)번호를 분실해도 본인 인증절차를 통한 확인 가능

   ㅇ 열린 사고와 소통을 통한 불만 고충 해결

   ㅇ 불합리한 제안제도 개선을 통한 신뢰행정 구현",,,"1. 국민신문고에 대한 관심에 감사를 드리며, 귀하께서 신청하신 제안(1AB-1010-010753, 비공개 제안일 경우 본인이 쉽게 확인할 수 있도록 해주세요)에 대한 검토결과를 다음과 같이 알려 드립니다.

        2. 답변사항

         ○ 국민신문고에 신청한 제안 중 공개제안은 주민번호 실명인증 로그인 또는 회원로그인후 바로 확인할 수 있으며, 비공개제안일 경우 회원일 경우 로그인후 로그 비밀번호를 입력하면 확인할 수 있습니다. 비회원일 경우 기간을 설정 하여 신청번호를 조회하시면 입력하신 휴대전화 또는 이메일로 통보받아 신청 번호를 입력한 후에 내용을 확인하실 수 있습니다. 앞으로 국민신문고를 이용하시면서 불편한 사항이 있으면 언제든 문의하십시오. 친절히 답변  드리겠습니다.

        3. 제출하신 의견은 시행중인 건의에 해당하여 채택하지 않음을 양해 하여 주시기 바랍니다.

        4. 상기 내용 이외에 추가로 궁금하신 사항은 국민신문고담당관실 정진덕조사관(02-360-2750)에게 연락하여 주시기 바라며, 귀하와 귀하의 가정에 건강과 행운이 항상 함께하기를 기원합니다. 끝.",20240125,NA
다중이용시설에 안전지대(Safety Zone)설치,노동/환경,보건복지 정책제안.hwp,제안심사,2010-10-29,NA,환경부,"현행제도 및 운영의 실태


현재 우리나라 공공기관의 다중이용시설에 공공기관을 찾는 시민의 전염병에 대한 안전시설은 전혀 준비되어있지 않고, 또한 공공기관의 다중이용시설에 대한 안전시설에 대한 설치기준도 없다. 그래서 공기청정기, 공기살균기 제조업체들이 제마다 자기제품의 효용성을 과장하여 공무원들에게 돈으로 유혹하여 국민의 혈세를 마치 사막위에 뒹구는 고기 덩어리를  보고 몰려든 하이에나들처럼 물고 뜯는 것을 볼 때 이것이 누구의 책임인가를 곰곰이 생각해보지 않을 수 없다. 그것은 명백히 정부의 책임이다. 왜냐하면 새로운 산업이 출현하면 그것이 국가장래에 어떠한 이해(利害)되는지 고려하여 거기에 대한 여러 가지 대책과 방안을 강구하고 법령을 마련하여 국가이익에 도움이 되도록 하여야한다. 그러한 사실에서 공공기관의 다중이용시설은 항상 많은 종류의  방문객이 출입하는 정부관할의 공공장소이다. 그러므로 정부는 정부의 행정상 필요에 의해 공공기관을 방문한 국민의 안전을 책임져야할 의무와 공공기관 으로부터 전염되는 전염병의 전염 경로를 차단시켜야 하는 

책임이 있다.   


현행제도 및 운영의 문제점


최근 벌어진 학교장과 공기살균기 제조업체간의 납품비리와 그것을 처리하는 과정에서의 감사원과 조달청의 담당공무원들의 행태는 한심할 정도이다. 감사원은 조달청의 담당공무원에게 책임을 전가하고 조달청 공무원은 공기살균기 제조업체에게 책임을 전가하는 전형적인 복지부동의 자세는 우리나라 공무원들의 공무에 임하는 정신자세를 다시 한 번 의심하게 하는 행위라 할 수 있다. 감사원은 조사과정에서 공기살균기 제조업체들이 많은 로비비용을 쓰는 것은 조달청에서 처음 가격결정시에 조달가격을 너무 높게 책정하여 공기살균기의 제조비용 외에 영업비용을 책정했으므로 발생하는 비리로 가닥을 잡아가는 것 같습니다. 그렇다면 감사원과 조달청은 어떠한 기준으로 공기살균기 제조업체와 설치한 담당공무원을 처벌 할 것인가? 애초에 보건복지부에서 공공기관의 다중이용시설에 설치하는 공기살균기의 성능과 규격, 시험성적서의 조건을 법령화하고 규제했다면 공기살균기 제조업체들은 성능을 향상시키기 위하여 노력할 것이며 담당공무원들에게 로비하지 않고도 영업을 할 수 있었을 것이다. 그러나 현재 어떤 기준이나 법령도 가지고 있지 않으며 단지 사후 뒷돈거래에 따른 형사적 처벌만 있을 뿐이다. 이러한 사후 처벌적 행위만이 우리나라 정부기관의 역할인가? 공공기관에 공기살균기가 왜 필요하며 공기살균기는 어떠한 기능이 있는 것인가? 면밀히 살펴보지 않을 수 없다. 공기살균기는 제품명대로 실내공기중의 세균, 곰팡이, 바이러스, 냄새, 유해가스 등을 제거하고 실내 공기 중에 신선한 공기를 유지시키는 기능이 있는 기계이다. 그렇다면 공공기관의 어디에 공기살균기를 설치해야 하는가?


개선내용


위에 발생하는 여러 가지 문제는 새로 발생된 영역에 대한 담당부처의 관련법안 부재에서 오는 불합리라 할 수 있다.  공공기관의 다중이용시설 실내 공기질의 문제는 보건복지부에서 공기살균기에 대한 정의 설치 성능, 규격 시험성적 등을 관리 규제해야하며 특히 공공기관에 국민의 혈세로 설치되는 기계의 공공목적의 적합성과 합리성을 유도해야 할 것이다. 

그러한 목적으로 공공기관의 다중이용시설에 안전지대(Safety Zone)설치를 제안한다. 즉 안전지대란 공공기관의 다중이용시설(시청, 구청, 동사무소 등)에 설치되는 공기살균기의 성능을 완전하게 규제하여 공공기관의 다중이용시설 내의 공기 질을 관리하여 유사시의 전염병에 대비하는 목적이다.

   (첨부파일 참조)


개선 시 기대효과


1. 정부정책의 객관성과 효율성을 높인다. 

2. 정부의 다중이용시설에 대한 안전성확보로 민원인들이 안전하게 민원을 볼 수 있다.

3. 유사시 괴질로부터의 대피장소로 활용할 수 있다.

4. 제품들의 질적 향상을 가져온다.

5. 국민들의 정부에 대한 신뢰를 얻는다.

6. Safety Zone 시설의 대외 수출효과",,,NA,20240125,NA
"다문화, 다자녀가정에 어르신돌보미 파견으로 일자리조성을!!",식품/보건/복지/가족,,제안심사,2010-10-28,NA,보건복지부,"□ 제목 : 다문화, 다자녀가정에 어르신돌보미 파견으로 일자리조성을!!

  

□ 소속부서 : 고척2동 주민생활지원팀

  

□ 현황(현실태) 및 문제점

  - 최근 다문화, 다자녀가정들의 출현으로 가정생활을 돌보며, 일상생활을 

   꾸리는 데 적지않은 애로사항들이 발생하여 다문화, 다자녀가정들의 인구

   활성화 정책에도 심각한 문제점을 던져주고 있다. 엄마, 아빠가 직장에

   출근하려면 다자녀 가정들은 한바탕 전쟁을 치루는 기분으로 하루준비가

   바쁠 수 밖에 없고, 학교와 직장을 생각하며, 생각하며 생활하지 않을 수 

   없는 것이 현실로 다가 온다.   

  

□ 개선사항 

  - 하루하루가 바쁜 다문화, 다자녀가정에 육아의 경험이 많은 건강한 

   어르신들을 노인일자리로 만들어 파견하고, 청소와 집안일을 도우도록

   한다면 다문화, 다자녀가정의 육성에도 크게 기여하리라 생각됩니다.

   젊은 사람들이 모르는 것을 경험많은 어르신들이 생활의 지혜를 보완해 주며, 

   다문화, 다자녀가정의 생활도우미로 활용할 수 있다면 서로가 윈윈하는 복지

   도우미로서의 역할에 상당한 기여가 될 것입니다.

   건강을 관리할 수 있는 계기가 되도록 건강관리사를 경로당에 주기적으로

   파견순찰토록 하면 노인들을 위한 지역노인복지에도 상당한 기여가 될 것입니다.


□ 기대효과 

  - 다문화, 다자녀육성 정책에 어르신들의 일자리창출 공간을 마련하므로서

   건전한 사회문화의 뿌리를 내릴 수 있고, 지역사회의 바른 모델로서의

   주민복지, 아동복지, 노인복지에 한걸음 더 다가가는 열린복지의 지름길이

   될 것입니다.",,,NA,20240125,NA
국민기초생활보장수급자 신규 신청시 민원처리기한 변경(연장)의 건,식품/보건/복지/가족,,제안심사,2010-10-28,NA,보건복지부,"개요

- 국민기초생활보장수급자 민원처리기한 : 현행14일(특별한 사유가 있는 경우 30일 이내 연장가능)을 변경


현황 및 문제점

-  국민기초생활보장수급자 신청접수 후 공적자료 및 금융재산자료를 잔산상으로 요청을 하고 회신하여 반영되기까지 3주 정도 소요되어 민원처리기한 연장이 대부분 필수적으로 발생


개선방안

- 국민기초생활보장법상 처리기한14일을 자료 회신기간(3주소요)을 감안한 25일로 변경이 필요함


기대효과

- 국민기초생활보장수급자 신규 신청시 불필요한 신청처리기한 연장을 줄여서 행정력 낭비를 막고 민원인의 행정력에 대한 신뢰향상을 도모할 수 있을 것으로 판단됨",,,NA,20240125,NA
구민 체육대회에 대하여,행정/자치/안전,,제안심사,2010-10-27,NA,노원구,"1.  현재는 통장을 비롯하여 동대표들 위주로 시행하고 있습니다.

2.  시골에서는 마을 전체가 들썩거리는 행사이나,  서울에서는 구청을 중심으로 자치단체가 활동전체를 하는 경향이 있다.

3.  주민들은 체육대회를 하는 지도 모를정도로 홍보가 약하다.


개선내용 기대효과

1.  구청 홈페이지에 체육대회에 대한 공고문을 게시하길 바란다.

2.  지역 아파트 단지및 전체가 알수 있도록 공고전단지 붙이는 곳에 기재하여 개시한다.

3.  지역주민들이 최대한 행사에 많이 참석하여 즐길수 있는 행사로 자리잡길 바란다.",,,NA,20240125,NA
"시, 군립 도서관  24시간  무료 개방해 주세요",행정/자치/안전,생활공감 국민아이디어1.hwp,제안심사,2010-10-27,NA,창원시,첨부파일 참조,,,NA,20240125,NA
밤에는 공원에 전등이 없어 어두워서 센스등으로 밝게 하자,행정/자치/안전,,답변완료,2010-10-27,2014-09-12,창원시,"현행제도 및 운영의 실태와 문제점ㆍ

공원등엔 밤에 전등이 없어 청소년들이 탈선하는 일이 많습니다.

개선내용및 기대효과:공원에 사람이 지나가면 불이오는 센스등으로 불이 

들어오게하는 것이 좋을 것같습니다.

전기도 절약되고 불이 켜지면 사람이 있다는 것이보여

 순찰도 할수있고 나쁜일도 적어지리라 봅니다",,,"국민신문고 『밤에는 공원에 전등이 없어 어두워서 센스등으로 밝게 하자.』답변입니다.


         1. 우리 진해구 구정에 관심을 가지고 의견을 주신데 대하여 감사드립니다.


         2. 제안해주신 센스등은 장치의 특성상 유효범위가 5M 밖에 되지 않아 공원내 설치함에 있어 적합하지 않음을 양지하여 주시기 바라며, 공원내 가로등은 일몰 점등, 일출 소등하는 자동점멸기를 설치하여 운영하고 있습니다. 또한 우리구 공원을 지속적으로 점검하고 관리하여 안전하고 건강한 공원환경이 조성될 수 있도록 노력하겠습니다.


         3. 강문경 님의 가정에 건강과 행운이 가득하길 기원합니다. 감사합니다.“끝”",20240125,NA
지자체별 마을별 동별 게시판 활성화,행정/자치/안전,,제안심사,2010-10-27,NA,중랑구,"-현행-

각지체마다 한달에 한번씩 배부되는 반회보가 있다

통반장들이 구에서 한달에 한번씩 발간되는 반회보를 돌리고 있다

여러가지 행사나 교육,문화체육, 정책에 관한 좋은 내용들이 많다


-문제점-

그런데 반회보는 내용은 좋으나 신문의 규모가 아주 작아서 

많은 내용이 실려 있지 않다

한계성을 매번 느낀다


-개선내용-

반회보 외에 각통마다 통장집 집앞이나 적당한 장소에 마을 게시판이 있다면 

게시판에 성범죄자 얼굴이나 각종 중요한 취업정보라든지 지자체에서 하는 각종 행사나 

뉴스거리를 게시판을 이용해 광고를 한다면 살아 가면서 참으로 편리할것 같다

성범죄자 얼굴을 지구대나 경찰서가 아닌 마을 구석 구석에서도 볼수가 있다면 

성범죄자들도 점차적으로 줄어들것이다

각종 취업정보나 중요기관 전화번호 안내, 좋은 행사가 있으면 마을 게시판에 홍보를 하면 아주 좋을것 같다

게시판은 각마을 통장이나 지구대에서 관리를 하면 좋을것 같다",,,NA,20240125,NA
테마축제 발굴 개최,행정/자치/안전,,제안심사,2010-10-27,NA,유성구,유성 축제는 매년 5월에 이팝꽃과 온천을 주제로 개최되고 있습니다. 그러나 유성의 축제는 전국적인 축제로 부각되기 보다는 유성 지역 축제로 인식되고 있는 것이 사실입니다. 얼마전 금산 인삼축제와 공주부여 세계대백제전 축제에 다녀와서 느낀 것은 이곳의 축제는 해당 지역을 떠나 전국 곳곳에서도 유명한 축제가 되었다는 것입니다. 그 이유는 특별한 테마가 있기 때문입니다. 인삼=건강이라는 생각으로 ㅁ랂은 이들의 사랑을 받고 있습니다. 유성도 더 큰 노력이 필요하다고 생가가합니다. 정말 특색있는 테마 발견을 위해 계속해서 고민하고 노력해 주시기 바랍니다.,,,NA,20240125,NA
화재예방교육 의무적으로 실시,행정/자치/안전,,답변완료,2010-10-26,2015-05-26,행정안전부,"* 현행제도 및 운영의 실태와 문제점 

올해만 해도 화재사건이 많았다.

소화기를 쉽게 사용할 수 있었다면 큰 화재를 모면할 수 있는 화재 사건도 많았다.

화재에 대한 교육이 잘 되지 않으므로 화재가 났을 때 쉽게 소화기를 찾아 진화하는 것이 어렵고 소화기 사용에 대한 두려움도 가지고 있다


* 개선내용


1. 초등학교 때부터 일년에 한번 씩 화재예방교육을 실시하여 소화기 사용과 화재에 대한 피해에 대한 교육이 실시되어 소화기 사용이 익숙하게 되는 교육과정이 필요하다


2. 일반시민들에게는 의무적으로 각 소방서에서 직접 교육을 이수하도록 하거나 방문교육을 실시하도록 한다.


* 개선 시 기대효과


화재교육으로 소화기 사용 등에 대한 지식을 갖춘다면 화재 발생시 화재로 인한 피해로부터 방지가 될 것이며, 국가적 재산 손실도 막을 수 있을 것이다.",,,"귀하의 의견에 답변이 늦어 대단히 죄송합니다.

국민안전처에서는 매월 4일 안전점검의 날을 지정하여 소화기 사용법 등 기본적인 사항에 대하여 많은 노력을 기울이고 있으며, 안전한국소방훈련을 통해 대국민 안전의식 수준향샹을 위해 적극적으로 대피훈련 등을 추진, 노력하고 있습니다. 하지만 국민들의 참여가 부족한 것은 사실이며, 점차적으로 안전의식이 향상됨에 따라 안전수준도 향상되리라 판단됩니다.

또한 유치원 및 초등학생 대상에는  교육부와 협의하여 적극 추진중에 있으며 풀뿌리 세대 소방안전의식에 대하여는 선진국 수준에 준하는 많은 노력을 기울이기 있음을 알려드립니다.",20240125,NA
노년층 전문인력의 실버풀(Silver-pool) 신설 운영방안,식품/보건/복지/가족,제3회 생활공감 국민아이디어 공모 [노년층 전문인력의 실버풀(Silver-pool) 신설 운영방안].hwp,제안심사,2010-10-26,NA,보건복지부,'노년층 전문인력의 실버풀(Silver-pool) 신설 운영방안'으로 파일첨부합니다.,,,NA,20240125,NA
임산부 통폐합 관리의 건,행정/자치/안전,임산부통폐합관리.hwp,제안심사,2010-10-25,NA,송파구,임산부 통폐합 관리의 건,,,NA,20240125,NA
국민건강보험공단만 국민신문고에 접수하면 SMS통보가 1통으로 접수되지 않고  3통으로 접수됨,기타,국민제안.hwp,답변완료,2010-10-21,2010-11-09,국민권익위원회,"현상파악

국민신문고에서 동일내용을 민원제기해 보면  접수되었다는 문자통보가 국민건강보험공단은 3통으로 통보되고 다른 부처는 1통으로 통보됨

예) 표 첨부 참조


문제점

1. 폰 문자보관함관리에 짜증나며 

2. SMS 통신비 증가


개선보완책

1. 국민의 입장에서 업부처리 시스템 모니터링

-한번만 테스트를 해 보면 할 수 있슴


기대효과

1. 국민건강보험공단에 대한 신뢰도 제고

2. 낭비예산 감소로 국민의 부담 경감


기타

1. 국민건강보험관리공단에 제안을 하면 전부 불채택되었슴

어떤 내용이라야 채택될 수 있는지 ? 또 한번 지켜 보죠",,,"1. 국민신문고에 대한 관심에 감사를 드리며, 귀하께서 신청하신 제안(1AB-1010-006920, 국민건강보험공단만 국민신문고에 접수하면 SMS통보가 1통이 아니라, 3통이 수령됩니다. 개선해주세요)에 대한 검토결과를 다음과 같이 알려 드립니다.

        2. 답변사항

         ○ 국민건강보험공단은 국민신문고 기타단체에 속하는 연계기관으로서 국민 신문고 국민건강보험공단에 민원을 신청하시면 신청안내에 대한 SMS 통보가 전송이 되며, 국민건강보험공단에 이송이 된 이후에 안내되는 SMS는 국민신문고에서 전송하지 않고  국민건강보험공단 자체 시스템에서 발송이 됩니다. 따라서 국민신문고 시스템에서는 중복내용의 SMS는 발송하지 않고 있으며, 국민건강보험공단에서도 신청인의 편의를 위하여 처리단계별 진행 상황을 SMS를 통하여 안내하고 있을 것으로 사료됩니다. 앞으로 국민신문고를 이용하시면서 불편한 사항이 있으면 언제든 문의하십시오. 친절히 답변 드리겠습니다. 

        3. 제출하신 의견은 단순건의에 해당하여 채택하지 않음을 양해하여 주시기 바랍니다.

        4. 상기 내용 이외에 추가로 궁금하신 사항은 국민신문고담당관실 정진덕조사관(02-360-2750)에게 연락하여 주시기 바라며, 귀하와 귀하의 가정에 건강과 행운이 항상 함께하기를 기원합니다. 끝.",20240125,NA
기초수급권자 책정에 대해서,식품/보건/복지/가족,,제안심사,2010-10-21,NA,보건복지부,"기초수급권자 책정에 대하여  ...

현황

생활 능력이 없고 기본 수입이 미달되며 부양 할 자녀와 가족이 없는 자에게 

또한 부양 할 자녀가 있다 하여도 부양능력이 전혀 없을 때 국가로부터 

월단위로 생활비가 지급되고 있는 것으로 알고 있다

정말 생활능력이 없어서 해당 되는 자에게는 흡족한 금액은 아니지만 

현상 유지로는 아쉬운 대로 할 정도가 된다고 본다  

허지만 이중 비양심 가 가있다  

있는 돈 친족들에게 다 돌려놓고 부동산 역시 

다른 분에게 이전해서 소유 재산 없애고

기초수급권자 신청을 하는 얌체족들이 더려 있어서 사회에 물의를 일으키고 있다 

그래서 3 ~5년 후엔 몇 억대의 부동산을 매매 거래하다가 뒤늦게 발각되어 법원을 들락거리는 사례가 TV 에서나 신문을 통해 알려지고 있는 실정이다  


문제점 

기초수급권자를 책정하는 과정에서 각 관공서에서는 

서류 신청 접수와 형식적인 방문을 통해

탁상행정으로 철저한 절차와 관리 없이 책정하는데 문제가 있다고 본다 


개선방안 및 기대효과

수급권자에게 지급되는 생활비가 온 국민의 보이지 않는 혈세인 만큼 

귀중하고 소중하게 생각하여 대상자 책정 과정에 신중을 기하여야 할 것이다 

그러기 위해서는 탁상행정을 배제하고 현장을 뛰면서 

긴 시간을 투자하여 관망하고 조사해서 대상자 선정에 신중을 기해 준다면

우리들의 혈세가 유효 적절 하게 쓰여 지게 될 것이다",,,NA,20240125,NA
소화전 충돌방지 대책수립,행정/자치/안전,,답변완료,2010-10-20,2013-01-21,서울특별시,"저는 직장인이라 주로 야간에 산행을 합니다. 어제도 평상시와 마찬가지로

인왕산길을 향해 트래킹을 하기위해 사직 동사무서에서 종로도서관 방면으로 걸어가고 있었는데 그곳은 보도가 상당히 좁아 사실 1명씩 걸어야 되나 어제는 집사람과 얘기를 하기위해 같이 보조를 맞추어 걷던중 보도 한편에 설치된 소화전에 정강이와 무릅을 충돌하여

정강이가 부어오르고 살이 짖이겨지는 부상을 당했습니다. 본인이 조심해서 걸으면 될것이라하면 그만이겠지만, 내려오는 길에 유심히 보니 경복궁역까지 보도에 소화전이 2대이상 설치되어 있어  다른분들도 저와 유사한 피해가 특히 장애인은 큰부상으로 이어질수도 있겠다는 생각이 들어 소화전에 대한 보완책을 건의드리니 참조후 개선을 해주시면 감사하겠습니다. 차도에는 설치물에 충돌을 대비해 충돌시 피해를 줄이기 위한 완충물이 설치되어 있는데 소화전에도 스츠로폼 또는 고무등과 같은 완충제로 피복을 입혀주시면 만의 하나 충돌하여도 부상을 최소화 할수 있을것 같습니다. 붉은색으로 표시해 주의를 환기하는 것도 좋지만 충돌시 완충이되도록 완충제를 피복해 주시면 일반시민의 안전을 위해 세심한 부분까지 고민하는 바람직한 관의 모습이 될것 같습니다. 물론 보행자 본인이 조심해야 되지만 언제나 저같이 부주의한 사람은 있기 마련이거든요...",,,"먼저 시민의 안전사고 방지를 위하여 좋은 의견을 통보해주신데 대하여 감사드립니다. 

0. 서울시내에는 지상식소화전이 16,000여개 설치되어 있으며, 설치는 사람이나 차량의 통행에 지장이 없는 도로 

경계석에 설치를 원칙으로 하고 있으나, 

0. 간혹 인도가 확대 또는 횡단보도가 이동되어 통행에 지장을 초래하는 경우도 있으며 

0. 이러한 대상은 스치로폼이나 고무와 같은 완충제로 피복을 해서는 근본적으로 안전사고를 방지할 수 없으므로 

이러한 통행에 지장이 없는 대상에 대해서는 매년 예산범위내에서 이설작업을 하고 있음을 알려드립니다. 

0. 참고사항으로 '소방기본법 시행규칙 제6조2항'에 근거하여 주거.공업.상업지역에서는 100m이내에 설치, 

기타지역은 140m이내에 설치할 수 있음을 알려드립니다.",20240125,NA
현재 사용되는 10원짜리 문제 해결방법을 모색하고자 남깁니다.,재정/금융/소비자,,제안심사,2010-10-20,NA,금융위원회,"안녕하세요. 저는  대학교를 다니고 있는 한 학생입니다.

들고 다니기 귀찮은?? 잔돈의 처리 문제에.. 그리고 이번에 터진 10원짜리의 악용문제를 접하면서.. 그래서 이 기획이 채택되는 바람에 글을 적습니다.


  언제부터인가 우리나라에서는 10원짜리는 있으나 없으나한 가치로 전락된 거 같습니다. 

허나.. 음.. 제가 똑똑하질 못해서 잘 설명은 못하겠으나 대부분이 10원짜리가 필요없다하여 10원의 존재를 없애게 되면 왠지 나라의 물가가 상승 되어 국민이 살기 힘들어 질 수 있지 않을까 생각해 봅니다. 그래서 필수적이진 않은 10원의 돈을 만드는데 비용이 많이 들어도 존재한다라고 생각합니다. 언제가 10원 하나 만드는데 40원이나 드는 화폐대신 20원정도 드는 화폐로 교체한다는 기사를 읽었던 거 같습니다.


  그래서 제가 생각해 본건 

마일리지 카드의 모습입니다.

일반 마일리지 카드가 아니라 현재 사용되는 현금영수증카드처럼 만들어 신청한 사람들로 하여금 100원 미만 10원 대 비용들은 자동 적립될 수 있도록 카드를 만들어 조치가 이뤄지는 방안입니다.

(ex - 본인이 현금영수증을 만들 때 신청하게 되면 현금영수증은 증거자료가 되어 거래 후 현금을 돌려받을 때 10원이하의 돈은 받지 않고 10원이하의 돈들은 자동 적립되어 연말이나 돈이 일정부분 쌓여있을때 환급 받을 수 있거나 다른 일을 할 수 있도록 해줍니다.

(다른 일로는 불우한 이웃을 돕는다던지 세금을 낼 때 이익이 올 수 있게끔 해줍니다.) )

아니면 10원 이하의 돈을 본인의 마음으로 거래 후(계산 후) 적립 할 수 있도록 

은행이나 카드사같은 곳에서 마일리지로 전환되어 동전을 받지않을 수 있는 새로운 형태의 마일리지 카드를 만들어내는 방안이라던지..

여하튼 지금 10원짜리의 잔돈의 문제를 해결 하기 위한 전자화폐의 모습을 말하고 싶습니다.


  현재 10원의 존재를 없애는게 아니라 만들긴 만들대 지금의 1/10 수준정도로 만들어 내고 나머지 부분은 현금화가 아닌 마일리지같은 제도의 적립같은 형식으로 만드는 겁니다.

이에 많은 악용의 길이 나타 날 수 있겠으나 그건 똑똑한 전문가들이  일어 날 수 없게 조치를 취하는 방안도 만들 수 있을 것이라도 생각합니다.


  결과적으로 이렇게 10원짜리 만드는 비용을 줄인것과 국고에 쌓인 여유 10원들의 전자화폐는 다른 곳에도 이용 할 수 있을것이고 마일리지처럼 쌓인 돈을 사용하여 나라에서( 악용만 안한다면 ) 나라에서도 충분한 여유자금으로도 굴릴 수도 있을 것이라 생각합니다. 

5천만 국민이 10원짜리 한개씩만 모우면 5억이다라는 생각에서 시작 해 보았습니다.


  공책에 적고 머리 속에 생각 하는 건 많은데 글재주가 없어서 자세히는 못적었네요. 여튼 이 글이 채택되서 시행이 된다면 저보다 더 똑똑한 전문가분들이 이러한 방향으로 더 좋은 방안을 내세워 개선시켜 주셨음 좋겠습니다~


이상 여기까지 글을 읽어주셔서 감사합니다.",,,NA,20240125,NA
도로내 견인지역 표지판 보완방안,행정/자치/안전,제3회 생활공감 국민아이디어 공모 [도로내 견인지역 표지판 보완방안].hwp,답변완료,2010-10-20,2013-04-25,수원시,도로내 견인지역 표지판 보완방안으로 파일을 첨부합니다.,,,불법주정차 표지판 변경건에 대한 의견에 감사드립니다. 위 사항을 위하여는 수원시 전역의 표지판 변경을 위한 예산확보 및 SMS 통보를 위한 시스템 도입이 필요한 사항으로 중장기 검토 사항입니다.,20240125,NA
자율교통봉사대 운영방안,행정/자치/안전,제3회 생활공감 국민아이디어 공모 [자율교통 봉사대 운영방안].hwp,답변완료,2010-10-20,2013-04-25,수원시,자율교통봉사대 운영방안으로 파일을 첨부합니다.,,,"불법주정차 지도단속의 권한은 도로교통법에 의거 시장이 임명하는 공무원에 한합니다. 

제안하신 사항에 대하여는 법적사항 검토 및 시행을 위한 중장기 검토 사항으로 처리하겠습니다.",20240125,NA
단독주택 생활폐기물 보관용기(수거함) 비치 ,행정/자치/안전,,답변완료,2010-10-19,2013-01-30,서울특별시,"1.현황 및 문제점 

ㅇ공동주택과 달리 단독주택 생활폐기물의 경우 폐기물을 담은 종량제봉투를 문전앞 도로변 바닥에 놓게되어 바로 외부에 노출됨으로써 종량제봉투가 동물(개,고양이,쥐 등)이나 차량 등에 의해 파손, 훼손되기가 쉽고 이로 인해 항상 폐기물 내놓는 장소가 지저분해지고 냄새로 인해 주민들이 불편함 

ㅇ또한, 환경미화원분들이 찢어진 종량제 봉투에 담긴 폐기물 수거 및 수거 과정에서 떨어진 폐기물 정리에 많은 시간이 소요됨 

* 과거 통계자료에 보면 폐기물 수거직후 약46%가 주변에 이물질이 남아 있고 주변에 오수가 흘러나와 악취로 인한 피해가 발생 


2.개선내용 

아파트 등 공동주택에 설치된 폐기물 보관용기(플라스틱용기)처럼 단독주택에도폐기물이 담긴 종량제봉투를 바로 바닥에 놓지 않고 폐기물 보관용기에 담을 수 있도록 보관용기 제작 배포 

*해외에도 보면 거리에 대형 폐기물 보관용기가 설치되어 있어 그곳에 버릴 수 있게 되어 있음 


3.기대효과 

ㅇ단독주택 주변 및 거리 미관 개선 

ㅇ환경오염 및 악취 방지 

ㅇ환경미화원 생활폐기물 수거작업 불편 감소",,,"폐기물관리법 제14조 제4항에 의거 자치구청장은 조례에 의거 쓰레기 배출시 종량제 봉ㅌ에 담아 조례에서 규정한 요일, 시간, 장소에 쓰레기를 지정돤 봉투에 담아 내집, 내점포앞에 배출하도록 규정하고 있습니다

선진 도시들 처럼 골목마다 쓰레기통이 배치되어 집집마다 쓰레기 봉투를 버릴 수 있는 방안에 대해서는 음식물 쓰레기는 일반쓰레기와 달리 그냥 내어 놓을 경우 음식물 쓰레기 냄새 및 야생 고양이들이 음식물 봉투를 찢거나 하는 것을 방지 하는 등 자치구별로 가정에 음식물 봉투를 담을 수 있는 통을 지급하고 있으나, 가로휴지통 설치와는 달리 내 집앞 쓰레기 통 설치 장소 및 청결관리 문제, 쓰레기 통 주변 무단투기 문제 등 여러 가지 문제로 주민들의 반대로 자치구에서도 시행에 어려움이 있습니다.

우리시에서는 각 자치구별로 정해진 시간과 장소에 쓰레기 봉투를 배출하고, 청소업체로 하여금 쓰레기 수거 후에 뒷 마무리 청소 및 공공근로자 및 자원봉사자 등를 활용하여 골목길 청소지원 등 여러 가지 방법으로 지역 생활환경 개선을 위해 노력하고 있으며, 2009년도부터는 가로변 쓰레기 봉투 배출시 도시미관 저해 및 주민통행 불편 등을 개선하기 위해 가로변 상가․음식점의 쓰레기 봉투 배출시간을 3시간(밤 10시부터 익일 01시) 이내로 단축 하였으며, 또한 쓰레기 봉투 배출시에 배출자 실명제를 권고하여 쾌적한 생활환경 조성을 위하여 많은 노력을 기울이고 있습니다",20240125,NA
"고장난 전자제품, 고물 수거",행정/자치/안전,,답변완료,2010-10-19,2013-11-18,남동구,"[운영실태 및 문제점]

대부분의 가정에는 고장난 가전제품 하나씩은 있을것이라 생각됩니다. 고장난 가전제품은 처치 곤란하여 집안 한구석을 차지하여 애물단지로 남습니다. 그냥 밖에 내놓기도 불안하기도 합니다. 가끔씩 골목을 돌아다니며 ""고장난 냉장고, 컴퓨터 삽니다"" 하는 소리가 들릴때, 계단을 뛰어 내려가 아저씨를 불러보지만 벌써 아저씨는 보이지 않습니다. 

문제는 집안의 먼지만 쌓여가는 애물단지 고장난 선풍기, 컴퓨터, 모니터, 밥통, 각종고물 등을 어떻게 해야하는지 그 처리가 곤란합니다. 일반쓰레기나 음식물 쓰레기는 수거해가지만 이것들은 정말 어찌해야되는지.....

[개선내용]

위와 같은 문제로 자치단체 홈페이지에 전자제품,고물 수거 웹페이지를 개설하였으면 합니다.

전자제품 웹페이지에 전자제품명, 주소, 연락처, 사진등을 올려놓으면 고물상이나 전파상에서 검색,연락하여 제품을 수거해가도록 했으면 합니다. 단, 개인정보유출로 강도, 도둑의 범죄로 이용 될수 있으므로 웹페이지 게재는 공개가 아닌 비밀로 하며 검색, 수거해가시는 업체는 미리 해당 지자체에 등록을 하여 등록한 업체에서만 정보검색이 가능하도록 했으면 합니다.

[기대효과]

처치곤란한 고장난 전자제품이나 고물을 가정에서는 손쉽게 처리할수 있고, 수거해가시는 업체분들은 막막히 차를 이동시키면서 전자제품, 고물을 수거하는 것보다는 훨씬 일에대한 효율이 높아질것으로 사료됩니다.",,,"우리구에서는 현재 소형가전(선풍기.컴퓨터, 모니터)등은 가까운 주민센타에 가져 오시면 무료로 수거함을 알려드립니다. 다만 대형폐기물(냉장고)는 대형폐기물스티커를 구입하여 배출하고 있습니다..

기타 궁금한 사항은 남동구청 청소과 032-453-2563으로 문의 하시면 성실이 답변 드리겠습니다",20240125,NA
민원처리과정 만족도 조사도 출력이 가능하게 해 주세요,기타,,답변완료,2010-10-19,2010-11-09,국민권익위원회,"늘 국민의 권익과 편리를 위해 수고하시는 공무원 여러분께 감사드립니다.


저희가 이 국민신문고에 와서 글을 올리고 답변을 받은 경우

그 내용이 출력이 되기는 하는데

그 답변에 대한 민원처리만족조사도 내용에 저희가 유일하게 그 처리에 대한 의견을 올릴 수 있는 것인데

그 만족조사도의 내용을 출력할 수 없어 몹시 불편합니다.


그 내용을 출력하려면 저희가 화면 캡춰 프로그램을 사용하여 여러 장에 걸쳐 화면을 캡춰하여야 하오니 

그냥  출력인쇄가 가능하도록 하여서 편리하게 해 주시면 감사하겠습니다.",,,"1. 국민신문고에 대한 관심에 감사를 드리며, 귀하께서 신청하신 제안(1AB-1010-006034, 만족도 평가 내용을 출력할 수 있게 해주세요)에 대한 검토  결과를 다음과 같이 알려드립니다.

        2. 답변사항

         ○ 현재 국민신문고에서는 만족도 평가 내용에 대하여는 화면 캡처 후  편집 프로그램에 붙여 넣어 출력할 수 있으며, 만족도 평가 내용 출력은 검토 후 '11년 상반기에 시행할 예정입니다. 앞으로 국민신문고를 이용하시면서 불편한 사항이 있으면, 언제든 문의하십시오. 친절히 답변 드리겠습니다.

        3. 제출하신 의견은 현재 시행 예정중인 단순건의에 해당하여 채택하지 않음을  양해하여 주시기 바랍니다.

        4. 상기 내용 이외에 추가로 궁금하신 사항은 국민신문고담당관실 정진덕조사관(02-360-2750)에게 연락하여 주시기 바라며, 귀하와 귀하의 가정에 건강과 행운이 항상 함께하기를 기원합니다. 끝.",20240125,NA
예능분야 청소년에게 기회와 자부심을 가질기회를,행정/자치/안전,,제안심사,2010-10-18,NA,포천시,"포천에는 시장배 댄스스포츠 경연대회가 매년 열립니다 

물론 포천에는 재능이 뛰어난 어린 댄스스포츠 학생들이 많이 있습니다

그런데 매년 대회연릴때만 학생들을 부르고 포천에서 연리는 많은 행사나 공연에는 초청을 않하는게 현실입니다

반면 동두천시청은 이렇게 재주많은 동두천학생들이 왜 멀리 포천학원에서공부하고 허브에서만 공연하냐구 적극적으로 동두천 소속 학생들에게 봉사와 공연에 적극 참석시키고 장학금도 지급합니다.

매년 시장배 경기만 하는 포천과는 너무 차이가 나고 부러운 실정입니다

포천시청에서두 멀리서 가수나 초청공연만 할게 아니라 포천에서 자라나는 청소년들을 적극후원하고 활용해 보심이 어떨까하는 바랍입니다.

정말 훌륭하고 뛰어난 공연을 허브랜드에 와서 함 보시고 평가해주세요 

그리고  자라나는 포천의 훌륭한 인재들에게 포천을빛낼 기회를 주시기 바랍니다",,,NA,20240125,NA
강남구청의돈놀이,행정/자치/안전,,제안심사,2010-10-18,NA,강남구,"이명박정부가 들어설때저는 처음으로 대통령에게하고싶은이야기같은것을올린적있읍니다

해마다가을이되면 도로파헤치고 멀쩡한공공화장실고치고하는것정말말이않되는것같아서 각구청에 예산이남으면 다음해예산을줄이지말고 차라리 인센티브를줘서 정말지자체장이 꼭필요하고 시간이걸리는일이라고 소신을가지고 하는게 어떻겠냐고요  저는 정말서민이고 6년동안 신용불량자가 되지않고 내가진빚은내가 갚는다는의지로 1억가까운빚을거의청산했읍니다 열심히살고 있고 다행이 저는송파구에 살고있어서 환경이나 모든것에 세금을 많이내주시는 사람들이 많은동네라혜택을 덩달아 누리고산다고 고맙게생각하면서 살고있읍니다   어제 코엑스에서 식당하는 친구한테 놀려같다가 하도 어처구니가없는이야기를들어서 대한민국 국민으로서 참을수없어서글을씁니다

강남구청에서 수저 받침을(종이)로된것을 한박스 가져왔는데 친구 가게는 테이블이 작아서 유용하게 쓸수가 없다는군   그리고 수저받침꼽는 아끄릴꼿이도 가져왔는에 필요가없데요 

그리고도 메뉴판을 만들어준다고 하더라는데 메뉴판이라는게 어떤싸이즈냐고물으니 그것은 알수가 없다고하고 (메뉴판은 가게 수눈에 맞게 작게도 하고 크게도하는것인데)주방위생복도 가져다줐는데 자기네들하고는 안맞아서 쓰지도 못한다고 합니다 강남구청이 대한민국에서 제일 부자구청인것은 알고있지만 이렇게 돈을 쓰레기로 버리듯이 버리는지 이해 할수가 없읍니다 돈이남으면 정말로 안되나요? 이렇게라도 남는돈을 뿌려야하나요 ..

정말로 돈이 필요 한곳이 없는것인지 모르는것인지 화가나서 견딜수가 없읍니다

구청직원들식구중에도 식당하시는 분들이 계실텐데 뭐가 필요하고 아닌지는 조금만 생각해보면 알텐데 ....너무 안타깝습니다 그리고 식당에서 필요한것은 식당 업주가 하면되는것이고 어떤곳은 세수가 부족해서 안타까운일이 많은데 정말 답답합니다

송파주민으로 고마운마음을가지고 살고있지만 내가낸 세금이 아니지만 너무 안타까원서 몇자 적어봅니다 

해봤자 소용도 없다고 생각하면서 외면하고 살고있지만 그리도 바위에 얼룩이라도 생겨서 누군가는 한번쯤은 생각해보면 세월이 지나면 우리자식세대에는 나아질까요?

이런일은 저가 기억하는하는한은 계속 이어온일이지만 이제는 바뀌어질때도 되지않았을까요

언제쯤이면 조금만양보하면 이해가 다되는세상이올까요? 수고하세요",,,NA,20240125,NA
노인인력 활용 및 노인실업 개선 방안,식품/보건/복지/가족,노인인력 활용 및 노인실업 개선방안.xls,제안심사,2010-10-18,NA,보건복지부,"현행제도 및 운영 문제점

1) 노인에게 있어 직업의 사회적의미는 생계수단일 뿐 아니라 사회 구성원으로 소속감을 느끼게 하거나 소외감 같은 심리적 불안감 해소, 나아가 건강유지와 여가시간을 즐기는 수단이 된다.

2) 노인복지 대책이 선진국에 비해 미비하고 연금제도를 실시한지 얼마되지 않아 생활고에 시달리는 노인들이 많다

3) 연이은 경기침체와 기업의 구조조정으로 50대 전후반 장년층 조기퇴출 및 노인실업이 늘고 있으나 국가적인 차원에서 인력활용방안이 미비하다.


개선내용

1) 노인들에게 적합한 직업군 분류의 법적 적용

노인들은 젊은 사람들에 비해 생산성이나 작업수행 능력에서 뒤쳐지는 요인들이 있다. 일본의경우 1974년 부터 노인취업문제에 관심을 가져 고용대책법 규정에 따라 준/고령자들의 능력에 적합하다고 인정되는 직종을 선정 발표하여 이런직종에는 준/고령자들이 우선적으로 취업하도록 촉진하고 있다. 우리의 경우에도 보건복지부에서 선정한 고령자 적합직종이 있으나 일본의 경우에는 적합직종 선정 외, 의무 고용률을 적용해 법으로 규제하고 있다는 점이 우리와 다르다고 할수 있다. 노인들의 신체적 특성을 고려해 선정된 적합직종을 실제 고령자들에게 적용 할 수 있는 법적인 방안이 우리에게도 필요하다. 또한 과거 업종에 관계없이 고령자고용촉진법에 의해 일괄적으로 적용되던 고령자 3% 고용율도 업종에 따라서로 달리하여 고용주로부터 의무화 하는 방안이 필요하다.


2) 2MAN-1JOB SYSTEM

일자리는 제한되어 있는데 노인실업자가 늘어만 간다면, 지금 당장 없는 일자리가 생길리는 없다. 그렇다면 하나의 일자리를 나누는 것은 어떨까? 정해진 하나의 일자리를 2명의 노인이 협의하에 나누어 일하고 임금도 그에따라 나누어 받는 것이다. 이런 제안을 하게된 배경을 간단히 이야기 하면, 한 설문 조사에서 일자리가 있는 노인은 나빠진 건강과 스트레스 등의 이유로 쉬기를 원하지만 경제적 이유로 일을 하고 있고, 일이 없는 노인은 일을 하고 싶지만 기회가 없어 하지 못한다는 결과를 읽은 적이 있다. 그리고 고령 근로자들은 해고 등의 압박감으로 병을 숨기거나 아파도 대부분 근무시간과 병원의 영업시간이 겹치기 때문에 자신들의 건강을 잘 챙기지 못한다는 기사를 접한적이 있다. 일자리 하나를 두사람이 나눈다면, 더 많은 노인들에게 일 할 수 있는 기회를 주어 사회의 일원으로써 소속감과 소득 보장은 물론이고, 자기개발의 시간과 여가생활을 즐길수 있고 건강도 챙길 수 있다.


3) 노인상담사양성

노인들은 우리 인생의 선배이자 스승이자 친구이다. 어느정도의 소양교육을 통해 그들이 가진 다양한 사회적 경험과 연륜만으로도 충분히 젋은이 들의 최고의 상담사로써 역할뿐 아니라 같은 사회적으로 소외되기 쉬운 노인들에게는 친구가 될 수 있을 것 같다. 수험생의 경우 진로문제, 여성의 경우 출산에서 부터 육아에 이르기까지 남성의 경우 직업선택이나 회사생활 등 모든 분야에서 상담사로 활약할 수 있을 것이라 생각한다. 


4) OLD TEACHER양성

전문직종에 종사하다 퇴직하거나 전문적인 취미을 가진 노인들이 스스로 관심이 있는 다른 노인들을 가르치면서 자체 고용효과를 내는 방법이다. 제빵이나 요리와같은 전문적인 기술이나 재취업을 위한 기술은 물론이고 피아노나 바둑과 같은 취미생활로 하던 일들을 노인들을 대상으로 강의할 수 있도록 기회를 부여하여, 노인강사에게 그에 따른 수강료와 국가장려금 등의 제도적 장치로 소득을 보장해주는 방법이다.


또다른 한 방법은 노인들이 간단한 소양교육이나 전문화 교육을 통해 자신들의 지식을 일반 시민이나 학생들도 수강할 수 있도록 제도적 장치를 마련하고 장려하는 방법이다. 예를 들어 노인선생님의 강좌 개설이 용이하도록 하고 저렴한 수강료를 지불하게 하여 일반 시민들의 참여를 유도한다면 시민들에게는 배움의 기회를, 노인들에게는 사회일원으로 활동 할 수 있는 기회가 생길 것이다.


5) 유급 봉사활동의 기회 마련

노인봉사활동 프로그램을 만들어 운영하는 방법으로 남을 돕고 싶지만 경제적 여건이 되지 않거나 기회를 갖지 못하는 노인들을 대상으로 한다. 기존의 공공근로사업은 노인이 배제되기 일수이고, 참여자 또한 큰 보람또한 느끼지 못하는 것 같다. 그래서 공공근로화 조금 다른 방법으로 유급 봉사활동을 생각하게 되었다. 사회에서 상대적으로 소외되고 무기력해 지기 쉬운 노인들에게 봉사활동은 사회참여의 기회 및 소속감과 삶의 보람을 함께 줄 수 있는 좋은 해결책이 될 것이다. 노인봉사활동 프로그램에 한해서 소정의 활동비를 지급하는 순수한 의미의 봉사를 말하는 것은 아니지만 노인들은 그 활동비로 소득을 보장받고 사회활동에 직접 참여할수 있다.


기대효과

노인들은 직업과 여러 사회활동을 통해서 우리 사회 구성원으로 소속감을 느끼거나 소외감 같은 심리적 불안감 해소, 나아가 건강유지와 여가시간을 즐기는 수단이 된다. 노인들에게 적합한 직업군을 분류하고 법적으로 적용하게 하여 노인들이 일할 수 있는 곳에서 일할 수 있는 기회를 부여하여 노인들의 삶을 풍요롭게 할 수 있다. 1MAN-2JOB으로 일자리 하나를 두사람이 나누어 더 많은 노인들에게 일 할 수 있는 기회를 주어 사회의 일원으로써 소속감과 소득 보장은 물론이고, 자기개발의 시간과 건강은 물론, 여가생활을 즐길수 있도록 할 수 있다. 노인선생님을 양성하여 강좌 개설이 용이하도록 하고 저렴한 수강료를 지불하게 하여 일반 시민들의 참여를 유도한다면 시민들에게는 배움의 기회를, 노인들에게는 사회일원으로 활동 할 수 있는 기회가 생길 것이다. 노인의 사회참여는 단지 노인들만의 문제가 아닌 국가 전체의 문제라고 생각한다. 노인들의 잠재력을 개발하여 우리 사회 구성원으로 당당하게 살수 있는 대한민국이 되도록하자.",,,NA,20240125,NA
(명성산) 억새풀 축제에 관하여..,행정/자치/안전,,제안심사,2010-10-17,NA,포천시,"1.  지역 이름을 내걸고 축제를 많이 개최하고 있습니다.

2.  지역의 특산물을 알리고 홍보하는데 주력한다.

3.  타지에서 오신 분들을 위한 볼거리도 많이 행사로 재미를 돋구워준다.

4.  반면 그 지역에서 많이 알려진 '이동갈비'등은 볼수가 없었다

5.  날짜가 10월 15-17일로 정하여져 있었는데 실상 억새풀은 조금더 있어야 완연하게 자랄것 같은 모습이었기에 아쉬웠다.


개선 내용. 기대효과

1.  지방의 특색을 살려서 그것을 홍보하고 알리는 것이 지방축제이다.  그러기에 축제의 참 맛을 느낄수 있어야 다시 찾을수 있는 마음이 생기는 것은 인지상정이다.  그런데 특산물은 전혀 없었다면, 그 축제가 성황리에

끝낼수 있을까 의문이되었다.   그 지역 특산물을 홍보를 확실히 해서 알리고 시식코너를 만들어 주길 바란다.

2.  명성산의 좋은 자연환경을 살리고 그곳에서 좋은 추억을 가질수 있도록 먹거리도 개발해야  지역의 명소로 이름을 널리 알릴수 있을것이다.  


여러곳에 지역 특산물 행사들이 있다.  그것을 적절하게 홍보하고 알리는 것은 지역자치단체에서 중요하게 다뤄야할 일이라 생각한다.  물론 그렇게 추진하고 있겠지만,  특산품이 없다면 지역에 특산물을 만들어 내서라도 지역의 이익이 생길수 있게 되길 바란다.",,,NA,20240125,NA
구립 독서실 이용시간 확대 ,행정/자치/안전,,제안심사,2010-10-14,NA,중랑구,"<구립 독서실 이용 시간>

평일 : 09:00 ~ 23:00

주말 : 10:00 ~ 23;00

(휴관일 : 매월 첫째,셋째주 월요일)


현재 구립 독서실 이용 시간 입니다. 일반 독서실과는 달리 이용 시간이 너무 짧습니다.

특히 주말에는 이용 할 수 있는 시간이 더 짧아 아쉬움이 있습니다.

또 휴관일을 깜빡 잊어버리는 날이면 독서실에 갔다 다시 집으로 돌아가야하는 번거로움이 있습니다. 휴관일을 줄이고 구립 독서실 이용 시간을 조금 더 늘려주시면 감사하겠습니다.

이 문제가 개선이 된다면 공부에 한층 더 관심을 갖게 되어 사교육을 받지 않는 학생들도

성적이 오를 수 있을 것 같고 학생 뿐만 아니라 일반인들도 각자 개인의 공부에 훨씬

긍정적인 영향을 끼칠 수 있을 것이라고 생각합니다.",,,NA,20240125,NA
보도블록,행정/자치/안전,,답변완료,2010-10-14,2018-10-15,남동구,"[운영실태 및 문제점]

'년말이면 어디든지 볼수 있는 보도블록 교체 공사' 국민 누구나 많이들 보아왔으리라 짐작합니다. 

드리는 말씀은 보도블록을 교체할 때 나오는 폐 보도블록처리문제입니다.

교체 공사를 하게 되면 멀쩡하건 파손되었건간에 전면 교체를 하게됩니다. 어느 정도는 재활용 되겠지만 모두다 폐기처리 되지않나 싶습니다. 하여 필요한 단체 또는 농어촌에 폐 보도블록을 무상지원하였으면 합니다. 

[개선내용]

우선 자치단체 마다 폐 보도블록 사용신청을 단체 또는 국민 개인에게 신청을 받습니다. 그러하면

해당 자치단체에서 폐 보도블록이 발생될 때 우선순위를 두어 지급토록 하면 되겠습니다.

우선순위는 단체, 농어촌 주택, 개인등으로 하였으면 합니다.

단체 - 보육원, 양로원 등의 마당 및 정원 길등에 사용

농어촌 주택 - 주택 마당 및 진출입로, 담 축조, 농로축조 등

[기대효과]

폐 블록 자재를 이용하여 정말 필요한 곳에 쓰여진다는 가정을 하게 되면 폐기처리되는 비용을 줄일수 있을뿐더러 사용하는 단체나 농어촌에서는 경제적 부담없이 손쉽게 내집, 내고향을 가꿀수 있을것입니다.",,,"1. 귀하의 무궁한 발전을 기원합니다.

2. 귀하께서 제안하신 폐보도블럭 재활용에 대해 우리구 홈페이지에서 사용물량, 용도 등 신청하면 우리구에서 보도정비 공사 시, 폐보도블럭을 무상으로 제공하고 있음을 알려드립니다. 

3. 상기내용 및 기타 궁금하신 사항에 대해서는 남동구청 건설과(☎032-453-5644)로 문의하여주시면 성심성의껏 답변 드리겠습니다. 


붙임  국민제안신청서 1부.  끝.",20240125,NA
국민신문고 로그인 방법에 공인인증서도 추가해주세요.,기타,,답변완료,2010-10-14,2010-11-02,국민권익위원회,"안녕하세요...


국민신문고 로그인 방법에 공인인증서도 추가해 주시며 안되나요?


대부분 전자정부 사이트에는 공인인증서로 로그인을 하고있는데

국민신문고에 로그인시에는 아이디는 생각이 나도

비밀번호는 생각이 잘 나지않아서...


공인인증서로 로그인은 자주 사용하니까...편리할것 같은데...

공인인증서도 주민번호입력하는 방법말고, 로그인을 누르면 공인인증서만 사용하는것으로...

그럼...",,,"1. 국민신문고에 대한 관심에 감사를 드리며, 귀하께서 신청하신 제안(1AB-1010-004535, 국민신문고 로그인 방법에 공인인증서도 추가해 주세요)에   대한 검토결과를 다음과 같이 알려드립니다.

        2. 답변사항

         ○ 현재 국민신문고에서는 주민번호 실명인증 로그인, 회원로그인외에 공인인증서 로그인 방법도 내부 검토 중이며, 시행할 예정입니다. 앞으로 국민신문고를 이용하시면서 불편한 사항이 있으면, 언제든 문의하십시오. 친절히 답변 드리겠습니다.

        3. 제출하신 의견은 현재 시행예정중인 건의에 해당하여 채택하지 않음을  양해하여 주시기 바랍니다.

        4. 상기 내용 이외에 추가로 궁금하신 사항은 국민신문고담당관실 정진덕조사관(02-360-2750)에게 연락하여 주시기 바라며, 귀하와 귀하의 가정에 건강과 행운이 항상 함께하기를 기원합니다. 끝.",20240125,NA
보완용 cctv 활용,행정/자치/안전,,제안심사,2010-10-14,NA,중랑구,"운영실태

현재 서울에는 곳곳에 보완용 cctv가 설치 되어있다.

하지만 비싼 비용의 투자를 하고서도 그 활용도면에서는 낮다고 본다.

실제 차고를 들이 받고 도주한 차량을 확인하려고 cctv 확인요청을 하였는데 그 절차가 복잡하고 

관할 경찰만이 확인할 수 있는 등 참 난감했었던적이 있었다. 지금 하려는 이야기는 그것은 아니고

쓰레기 무단 투기도 확인해 주었으면 함이다.

왜냐하면 동사무소에 비치되어 있는 cctv는 1~2대 정도인데 구청에 민원을 넣으면 하시는 말씀이

 통장을 통해서 동사무소에 민원을 넣으면 설치해준다는 것이다. 구청에서도  동사무소 실정을 모라서 하는

말인지 아니면 책임 전가를 하는 것인지 참 답답하다. 그래서 보완 cctv 안내판에 적혀 있는 전화번호로 걸어서 쓰레기 무단 투기도 확인가능한지 문의 했는데 안된단다.

비싼 경비를 들여 cctv를 구매하는 것보다(야간에는 화질을 거의 확인할 수도 없단다) 설치 되어 있는 성능 좋은 보완용 cctv를 활용하는 것이 좋다고 본다. 그리고 사생활 침해 등등 으로 확인 절차가 너무 복잡한데 그것도 개선되어야 제대로 활용하는 것이 아닐까 생각한다.",,,NA,20240125,NA
도로 빗물받이 소음,행정/자치/안전,,제안심사,2010-10-13,NA,중랑구,"문제점

차가 다니는 골목길 중앙에(특히 언덕 밑) 가끔 빗물받이가 있다.

사람이 밟고 다닐 때는 상관이 없으나 차가 지나갈 때는 덜커덩하는 소리가 난다.

틀도 금속이고 덥개도 금속이다 보니 소리가 날 수 밖에 없다.

길가다 보면 어디든지 뚜껑 밑에 천이라든지 고무 쪼가리들이 완충시키려는 목적으로 끼워져있다.

하지만 그것도 닳던가 얇아져서 얼마 못가 또 소리가 난다. 주택가에선 이 소음이 꽤 신경 쓰인다.

주로 야간~새벽사이에 잠을 못잘 정도라고도 한다.

처음부터 뚜껑을 만들 때 두꺼운 고무바킹을 끼우는 방향과 아니면 더 좋은 완충(닿는것을 최소화 할 수 있는)제를 중간에 끼울수 있게 만들어 주었으면 한다. 

개선시 기대효과

소음을 줄일 수 있어 주민들의 스트레스를 줄일 수 있고 계속해서 구청이고 동사무소로 민원이 들어오는데

민원을 줄일 수 있고 또 미관상으로도 깨끗해서 좋다고 본다.",,,NA,20240125,NA
경찰서 개방하여 주차장이용을 하게하면,행정/자치/안전,,제안심사,2010-10-13,NA,경찰청,"주차장이 부족하다보니 

이곳저곳 차량한대 겨우 지나갈 공간밖에 남아있지 않은곳이 너무 많은데

그중에서도 석동 경찰서 뒷문쪽으로는 주차장이 있질 않아요.

공용주차장이 없이 상가들이 들어선것도 문제지만

이미 들어선 건물에 장사하는곳을 어찌할수 없다면

주차장을 만들수 있도록 해주던지

가까운 경찰서 개방하여 주차장으로 이용하게 하면 좋을듯 합니다.

어차피 야간 경비 서고 있는데 일반인들 주차 낮엔 하고 있는데

저녁시간에도 개방하는게 좋지 않을까요.",,,NA,20240125,NA
내부고발자에게는 엄청난 포상금 지급을...,기타,,답변완료,2010-10-13,2010-11-05,국민권익위원회,"* 현행제도 운영의 실태와 문제점

국가나 공기업에 있어서 계획 수립된 사업을 진행 함에 잘 되면 국가나 국민에게 많은 혜택이 돌아오나 잘못되어 전혀 엉뚱한 방향으로 실패하면 국민의 혈세로 큰 손실 되어진다. 예를 들면 LH공사의 무리한 사업 떠벌리기에 수백조원의 빛더미와 방위산업의 전투기, 탱크와 소총, 군화결함, 전함의 결함 등 수많은 국가의 사업들 중에는 분명 성공과 실체의 명함이 있을 것이다. 그런데 국가 기관에서 시작하는 사업은 적은 액수의 돈이 들어가는 것이 아니라 수 천억, 수 십조, 수 백조원이 들어 가기에 분명 정확하고도 치밀한 계획, 의견 수립이 우선 되어져 사업 실행 되어져야 하리라 사려된다. 


*개선내용

현행 운영되는 많은 국가 기관의 천문학적 사업에 어느 누가 결정 하는지는 모르지만 분명 그 실무진들의 의논과 회의와 시물레이션의 검정을 거칠 것이다. 그런데 이러한 결정 과정중에는 누군가 사업의 부당하고 잘못된 점을 지적하고 알고 있는 사람이 있을 것이다.  그러면 이러한 약간의 오류를 자기들끼리 결정하여 실행 할 것이 아니라 외부의 전문가 자문과 협조의 노력을 기울이면 실패의 확률은 극히 낮아 질 것이다. 그래서 조직이 움직이는데, 무엇인가 부조리한 점이 발견 되었을 때 이를 바로잡아 줄 수있는 장치가 있어야 하겠는데, 우리의 현실은 거대 조직의 힘에 개인은 무력하기 그지없다. 따라서 잘못된 점을 미리 알려줘 막을 수있던지,  아니면 이미 잘못된 점을 사회에 고발 해 주는 사람이 있다면 천문학적 손실을 막을 수 있으며, 잘못된 점을 밝힐 수가 있겠다. 어찌보면 이렇게 내부 사정을 잘 아는 사람이 고발을 해 줘야만 국가가 발전을 할 수있다. 모두가 조직을 감싸 자기들 끼리 끼리해 먹으면 국가의 발전은 느리고 항상 정체 될 수밖에 없을 것이다. 정부 최고자리에서 내부 정보를 이용해서 자신의 편의만을 위함이 있을 것이고, 중간계급, 하부계급에까지 걸쳐 모든 조직의 검열이 있으면 좋겠고, 아얘 내부신고와 내부고발로 국가에 이득이 생긴다면 그 고발자에게 엄청난 포상을 하는 제도가 있었으면 좋겠다. (예를 들면 잘못책정되어공사비가 1천억 들어 갈거라면 내부고발자의 고발로 500억 이득이라면 십분의 일인 50억을 내부 고발자에게 주면 좋겠다. 그러면 그는 그돈으로 그  조직을 그만두더라도 다른 삶을 살아 갈 수있기에 많은 포상금을 주는 것이 좋겠다 (현재 한국 사정으로는 내부 고발자는 눈초리와 따돌림으로 그 조직에서 있을 수없다. 선진국에서는 이득의 10%를 주고 있으며 내부 고발자를 영웅으로 취급하는 나라들도 있다. 이러한 나라들만이 선진국이 될 수있기 때문에 우리도 빨리 그들의 좋은 장점을 습득 하여야 할 것이다.


*개선 시 기대효과

1. 국가의 예산, 국민의 혈세 낭비 방지

2. 모든 분야 특히 국책사업에 있어서 천문학적 비용 감소효과

3. 국가 공기업에서 먼저 실천 하면 사회의 각분야와 기업에까지 영향 미쳐 발전 속도가 엄청 빠름",,,"안녕하십니까?


신고자 보상제도에 관하여 귀하의 관심과 제안에 대하여 감사를 드립니다.


귀하께서 제안하신 사항은 부패행위 신고로 인하여 정부 등에 이득이 발생한 경우 신고자에게 포상금을 지급하게되면 결과적으로 국가예산이 낭비되는 것을 방지할 수 있는 방안으로 판단됩니다.


우리 국민권익위원회는 2002년부터 부패행위 신고를 활성화하기 위하여 아래와 같이 보상금 지급제도를 시행하고 있습니다. 


<부패행위를 신고한 사람은 그 신고로 인하여 직접적인 공공기관 수입의 회복이나 증대 또는 비용의 절감을 가져오거나 그에 관한 법률관계가 확정된 때에는 국민권익위원회에 보상금 지급을 신청할 수 있으며, 국민권익위원회는 보상위원회의 의결을 거쳐 20억원의 범위 내에서 환수금액의 4%~20%에 해당하는 보상금 지급>


귀하의 부패방지에 대한 소중한 의견에 감사의 말씀을 드립니다.",20240125,NA
행정심판청구에 따른 집행정지신청 방법개선,기타,,답변완료,2010-10-13,2010-11-04,국민권익위원회,"<현행제도>

   ㅇ.행정청의 위법 또는 부당한 처분이나 부작위로 권리 또는 이익이 침해된 국민이 이의 구제를     

        위하여 행정청에 심판을 청구

<운영실태>

    ㅇ. 행정심판법 제30조 제5항에 따라 행정심판 청구자가 집행정지 신청을 하고자 할 경우 별도로

          집행정지 신청을 서면으로 제출 하여야 함.

     ㅇ,근래 국민의 법 의식이 개선되어 행정청의 행정처분에 대하여 수동적 수용자세에서 적극적 

          방어자세로 바뀌어  집행정지신청이 수반된 행정심판청구가  급격히 증가함.

          (대구광역서구통계: 2008년 25건. 2009년 83건. 2010년9월현재 62건)

      ㅇ. 특별한 사정이  있는 경우를 제외하고는 행정심판 청구와 집행정지 신청을  동시에 제출

            하고 있으며(제출률:94%)  집행정지 신청이 대부분 인용됨(대구광역시서구 3년인용률:92%)

  <문제점>

       ㅇ. 집행정지 신청내용과 소명자료는 행정심판 청구서와 동일한데도 별도 서면신청을 해야

             함에 따라 신청인의 경제적 낭비 초래

        ㅇ. 유사,중복된 서류 제출에 따른 민원인의 불만과 행정력 낭비

   <개선방안>

         ㅇ.행정심판 청구서에 ""집행정지 신청 여부"" 표기 란을 신설 행정심판 청구와 동시에 집행

              정지 신청을 하고자 할 경우 이 란에 표기하고 별도 집행정지 신청서는 제출 아니함.

         ㅇ.행정심판 청구후 추가로 집행정지 신청을 하고자 할 경우 현행대로 신청

         ㅇ. 행정심판법 제30조 및 동법 시행규칙 서식 30호 개정필요

    <기대효과>

         ㅇ. 민원행정의 간소화로 국민의 경제적 낭비를 방지하고 행정의 신뢰도 향상.

         ㅇ. 불필요한 행정력 낭비로 공무원의 대 국민 서비스 질 향상",,,"○ 집행정지는 처분에 대하여 신청하며, 부작위나 거부에 대하여는 성질상 신청할 수 없으므로 취소심판과 무효등확인심판에서는 가능하나 의무이행심판은 그 대상이 되지 아니하는 등 심판청구내용에 따라 집행정지신청여부가 달라지므로 청구서에 집행정지를 일의적으로 표기하기 곤란

○ 행정심판청구서에 제출하는 증거서류등은 처분의 위법・부당성에 관한 입증자료이며, 집행정지에 첨부되는 자료는 처분의 속행으로 인하여 청구인이 입게 될 중대한 손해에 대한 소명자료로서 그 성격과 효력이 원칙적으로 다른 것임

○ 심판절차상으로도 행정심판청구서는 처분청 또는 위원회에 제출하도록 하고 있으나, 집행정지신청은 사안의 급박성을 감안하여 위원회에 제출하도록 하고 있는 바, 집행정지를 행정심판청구서에 통합하도록 할 경우 청구절차상 혼선으로 오히려 청구인의 신속한 권리구제를 저해할 우려가 있음

○ 또한, 당사자의 신청이 없어도 필요하다고 인정하는 경우 위원회가 직권으로도 집행정지결정을 하게 되므로 굳이 행정심판청구서에 집행정지 신청여부를 표시할 필요가 없음",20240125,NA
국민건강 평생관리(네트워크 구축 및 진료기록 데이터 베이스화 도입),식품/보건/복지/가족,,답변완료,2010-10-12,2013-03-20,보건복지부,"[운영실태 및 문제점]

일반적 현황 - 몸이 아파 병원을 찾아 진찰을 받습니다. 담당의사의 진단내용을 토대로 약처방을 받습니다. 환자는 처방전을 가지고 근처 약국에서 가서 약을 지어 복용합니다.

문제제기 - 첫째, 중증환자나 병의 완치가 늦어져 다른 병원을 굳이 찾아야 할때 환자는 먼저 진찰받은 담당의사에게 진단서 및 소견서를 발급받아 타병원에서 진찰을 받아야 한다는 것으로서

환자의 진료기록을 타병원에서 열람할수 없다는 것입니다.

둘째, 개개인의 병원 진료기록 및 약국이용 내역을 확인할수 없어서 평소 개개인의 건강상태를 확인할 수 없다는 것입니다.

[개선내용]

병원과 병원 그리고 약국 간의 의료서비스 통합네트워크를 구축하고 진료기록을 데이터 베이스화 하여 평생 관리토록 합니다.

첫째, 진단서 및 소견서를 가장가까운 병원 및 약국에서 발급이 가능하도록 함

둘째, 환자진료기록을 어느 병원, 어느 약국에서나 열람할수 있도록 하여 진료의 신속하고 정확한 환자 맞춤형 진료가 되도록 함.

세째, 개개인의 진료기록을 데이터 베이스화 하여 평생관리가 되도록 함

      ( 이 환자는 어떤 알러지가 있고, 어떤 병을 자주 앓고, 어떤 약을 복용하여 왔는지등을 알수 있   

       음--->의료사고 방지)

네째, 중증환자나 중독환자드의 특별관리를 통해 주기적 진료일에 맞춰 문자서비스를 지원함

다섯째, 약처방이 필요없는 약을 약국에서 구입할 경우 개인의 진료 데이터 베이스에 그 내역이 남도록 하여 약의 오남용을 사전에 방지함.

(약물중독자 A라는 사람이 여기저기 약국을 돌며 감기약을 사재기한다면?)

[기대효과]

국민건강 평생관리 시스템을 구축한다면 개개인의 건강을 지속적이고 연속적으로 관리할 수 있으며 건강관리의 편의성 및 진료안전성을 최대한 기여 할수 있을것으로 보입니다.",,,"우선 보건복지 정책에 지대한 관심을 가져 주신 민원인께 감삳드립니다. 


민원인께서 제안하신 의료정보전산관리통합시스템 설치를 위해서는 다각적인 검토가 필요합니다. 

1. 진료정보 집중에 따른 개인정보 보호 및 보안문제 발생에 대한 우려 

2. 투자 대비 효과에 대한 객관적 분석자료(예산 확보를 위해) 

3. 진료정보의 교류를 위한 표준화가 선행되어야 함 

4. 의료기관의 참여 여부 


우리부에서는 이미 이러한 사안들을 해결하기 위하여 다각적으로 노력하고 있습니다. 

이에 따라, 민원인께서 제안하신 건에 대하여는 정부에서 이미 추진하고 있음을 알려드리며, 민원인께서 제안하신 사항을 다각적으로 검토하여 긍정적으로 반영될 수 있도록 일을 추진해 나가겠습니다. 감사합니다.",20240125,NA
트위터 긴급재난 시민 서포터즈 활용 방안마련,행정/자치/안전,,답변완료,2010-10-11,2013-12-05,행정안전부,"[현황 및 문제점]


-  우리는 일상생활을 하면서 각각의 이상한 기상이변으로 엄청난 위기의 상황과 재난을 맞닥치고 있는 위기의 상황에 있습니다.


- 이산화탄소 등의 증가로 인한 엘니뇨, 라니뇨 등의 기압대 이상으로 기습적인 호우 및 폭우로 이어져 국민생활에 많은 피해를 주는 긴박한 국가적인 형태의 재난으로 심각한 문제점들이 있습니다.


[개선방안]


- 이러한 위의 기상이변에 가장 최선두에 있는 것이 우리 국민들이며, 시민들이라고 생각됩니다. 또한, 무선 인터넷 손 안의 작은 무선 노트북과 스마트폰의 급속한 보급으로 인한 가칭 트위터 긴급재난 시민 서포터즈(자원봉사대)를 소방방제청에서 모집 구성하여 긴급재난 위기 사태에 대응하여 활용하는 방안을 제안합니다. 


- 이 사례는 방송사 및 신문사 등의 기자보다도 일반 시민들이 더 먼저 이러한 위기 및 재난에 먼저 노출되고 트위터 제보가 금번 폭우 시에 그 위력을 발휘하였고 그 파급속도도 대단하였다고 보도 되었습니다.


- 미국에서 비행기 추락이 있어 인명사고가 발생하는 상황이 발생하는 과정에서 세계에서 현장취재하기로 유명한 CNN의 기자들보다 보다 일반 시민이 찍은 스마트폰의 사진이 트위터에 올려 전 세계에 타진 될 정도로 그 파급효과가 크다고 할 것입니다.


[기대효과]


- 트위터 긴급재난 시민 서포터즈(자원봉사대)를 구성하여 급박한 위기 상황 발생에 대한 

신속한 위기 대응 전파의 활성화 방안의 효과.


- 기상 이변 등에 대한 급격한 위기 대응에 대한 현장 파악이 용이하며, 신속한 위기 대응 효과 극대화됨.",,,"우리청에서는 SNS를 활용 각종 안전정보를 제공하고, 항상 모니터링을 실시하여 이슈를 관리하고 있으며,

전국에서 활동하고 있는 온라인 서포터즈 및 기자단을 활용 정보를 소통하고 있으며, 앞으로도 지속적으로 

SNS를 활용 하여 각종재난 정보 및 상황을 전파 할 예정임",20240125,NA
"대출""광고에 ~~허가(등록)번호 필수 입니다!",재정/금융/소비자,,제안심사,2010-10-11,NA,금융위원회,"-하루에도 몇번씩 대출""과 연관된 문자가 핸드폰""이나 이메일을


받는 경우가 자주 있습니다.(일명 스팸메일)


-금융권~중에 ~~3융권?사채업 등에도 등록업체?인지 무등록 업체?


인지 전혀 알수 없습니다.


-이러한 제도나 허술한 정책? 때문에 당연히 빈곤층과 서민층이


피해를 입었고,앞으로 그렇게 진행되리라 짐작됩니다.


***대출""광고시~~해당 관청에서 부여한 등록(허가)번호를 소비자


에게 밝히는 방안입니다.(등록,허가번호)


-대출업체의 허가(등록)번호를 넣치 않으면 광고를 할수 없도록


만들어 주십시요.",,,NA,20240125,NA
휴대폰 문자메시지 활용 다중이용업소 소방안전교육,행정/자치/안전,,답변완료,2010-10-11,2015-04-16,행정안전부,"다중이용업소 관계자에 대한 소방안전교육은 지속적이고도 다각도의 방법으로 시행할 필요성이 있으며 휴대폰 문자메시지를 활용하여 다중이용업소 관계자에게 소방안전교육을 제도화 하게되면 소방관서와의 유기적인 협조관계 유지 및 적재적소의 현장감 있는 전달 등 사전 철저한 화재안전사고 예방에 많은 도움이 될 것이다 

ㅇ 현실태 및 문제점

  현행 다중이용업소 관계자에 대하여 소방관서에서 일정한 시기에 소집교육 또는 방문교육을 실시하고 있으나,  적은 인원으로 많은 대상에 대한 통제의 한계와 더불어 필요한 시기 적재적소의 전달교육에는 다소 미흡하다고 생각됨

ㅇ 개선내용

  다중이용업소 관계자에게 사전 동의를 얻어 휴대폰 문자메시지를 활용한 교육사항 등의 전달을 제도화하면 각종 법령개정사항 및 안전수칙 등을 적재적소의 필요한 시기에 관계자에게 간략하고도 신속하고 현장감 있게 전달이 되도록 개선함 

ㅇ 기대효과

  필요한 시기에 안전수칙 등 교육사항을 신속히 전파함으로써 관계자에 대한 경각심을 부여하고 소방관서와의 유기적인 관계로 초동 대응을 통한 적재적소의 사전 안전사고 예방에 많은효과 기대됨",,,"건의주신 휴대폰문자메시를 활용하여 내실있는 소방안전교육을  전달하기는 현실적으로 어려움이 많이 있을것으로 예상됩니다.


그 대안으로 현재 2014.9.1.자로 다중이용업 소방안전교육을 한국소방안전협회 홈페이지(WWW.Kfsa.or.kr) 사이버교육센터에

사이버교육과정을 개설하여 운영중에 있습니다.

총 교육차시 6차시(25분내외/차시)로 운영되고 있으며, 교육 이수후 이수증명서 출력이 가능합니다.

소방관서 소집교육에 참석하기 어려운 영업주를 휴대폰문자메시지 보다 더 내실있는 

사이버교육으로 소방안전교육 이수가 가능함을 알려드립니다.",20240125,NA
국민권익위원회 명예상담원제도 강화 방안,기타,,답변완료,2010-10-11,2010-11-09,국민권익위원회,"안녕하세요 저는 지난 한 해 동안 국민권익위원회 명예상담원직을 수행한 안동시종합사회

복지관의 김기철 사회복지사 입니다. 


1년간 명예상담원을 하면서 제안사항을 올려 봅니다. 

사회복지관은 현재 전국 410개소가 있으며, 지역사회 이용시설로서 지역의 어려운

사람들을 상담하고 필요한 복지 서비스를 직접 제공하거나 연결해주는 일 외에도

다양한 사업을 추진하고 있는 곳입니다. 국민권익위원회의 명예상담원을

사회복지관의 직원으로 위촉한 것은 그 업무 특성이나 전국적 인프라 구축 상황을

고려하였을 때 매우 바람직한 것 같습니다. 


제가 처음에는 사회복지관 외벽에 국민권익위원회 명예상담원이 있습니다

라고 현수막을 게재를 했습니다. 그 결과 많은 민원인들이 찾아왔고

권익위원회에 보고를 하지 않고 지역사회에서 해결할 수 있는 

일들을 많이 해결을 했습니다. 대부분 상담이거나 자원을 찾지 못해

어려움을 겪는 사람들에게 알맞은 자원을 연결해주었습니다. 

사회복지관은 앞서 언급한 것과 같이 전국적 인프라가 구축되어 있고

사회복지관의 직원들은 상담과 지역의 민원해결에 대한 노하우가 축적되어 있습니다.


이에 명예상담원 제도를 형식에 그치지 않고 더욱 강화하기 위해서는

홍보가 중요한 것 같습니다. 현재 다른 동료들의 얘기를 들어보니

각 복지관에 상담원이 있다는 홍보를 크게 하지 않은 것으로 알고 있습니다. 

국민권익위원회에서 ""복지관에 명예상담원이 상주하고 있습니다""라는

현판이나 안내판을 제작해서 전국 복지관에 배포를 한다면

안내판 제작 값이 처음에야 들겠지만 전국 복지관 현장 수준에서

민원이 더 많이 해결된다는 것을 감안한다면 장기적으로 행정비용을

절약할 수 있을 것 같다는 생각이 듭니다.",,,"김기철 명예국민권익상담위원님, 안녕하십니까


적극적인 명예국민권익상담위원 활동에 감사드립니다.


명예국민권익상담위원은 국민권익보호의 소통접점을 강화하고, 권익보호서비스의 접근성을 향상시키며,


국민들의 권익보호 길잡이 역할을 수행하기 위해 퇴직공직자, 사회복지사외에도 서민생활밀접분야


(이미용, 공인중개사, 요식업, 운송업, 여성단체, 소비자단체 등)로 분야와 범위를 확대하여 다양하게 위촉을 추진하고 있습니다.



위원님께서는 명예국민권익상담위원의 홍보가 중요하며, 상담위원이 있는 복지관에 명예상담위원이 상주하고 있다는


현판이나 안내판을 제작하여 배포할 것을 제안하셨습니다.


또한 그러한 조치를 통해 민원이 더 많이 해결되고, 행정비용을 절감할 수 있다고 하셨습니다.


위원님의 제안은 상담위원의 내실있는 운영을 위해 타당성 있는 매우 의미 있는 제안이라고 생각합니다.



다만 예산상의 이유로 당장 추진하기는 곤란하며 향후 사회복지관과의 MOU 체결과 업무협력을 통해 


제안하신 내용이 반영될 수 있도록 하겠습니다.


참고로 올해 말에는 전체 위원님을 대상으로 국민신문고 안내 포스터를 제작하여 배포할 계획입니다. 


복지관에 비치, 부착하시면 소정의 홍보 효과를 거둘 수 있을 것으로 생각됩니다.


명예국민권익상담위원 활동에 깊은 관심을 가져주셔서 감사드리며,


추워지는 계절에 감기 조심하시고, 건강하시기 바랍니다.


감사합니다.",20240125,NA
결혼이민자 관광 안내원 제도 도입,행정/자치/안전,,제안추진,2010-10-10,2013-01-02,서울특별시,"현황:

서울에서 살고 있는 결혼이민자가 많이 있다. 그들이 한국어를 잘 못 하지만, 외국어를 잘 한다. 근데 그들 한국어를 잘 못하기 때문에 한국에서 일자리를 구하기 힘든다. 그들이 서울 관광안내원이 될 수 있는 기회를 만들어 주시면 좋을 거 같다.


아이디어 요약:

결혼이민자 관광 안내원 제도 운영한다. (결혼이민자이면 관광 안내원이 되실 수 있는 기회를 준다. 대신 관광 안내원 자격증을 받기 전에 서울 관광에 대해서 잘 할 수 있게 교육을 받아야 한다. 똑 관광 안내원이 된 후에 서울시에서 통일 관리해서 운영한다. 외국 사람이 관광 안내원을 신청할 때 보내면 된다.)


기대효과:

1) 한국에서 가장 힘들게 살고 있는 결혼이민자에게 일자리를 만들어 준다.

2) 결혼이민자 외국어 능력을 잘 활영해서 서울 관광 사업이 발전을 시킨다.

3) 서울에서 결혼이민자에게 따로 이렇게 안내원을 될 수 있는 헤택을 만들어 주시고 대한민국 이미지 개선이 도움이 된다. (다문화가정에 대해서 관심이 많이 있는 나라)

4) 결혼이민자의 도움을 받으면서 더 많은 외국 관광객이 즐거운 서울 여행을 할 수 있다.",,,"현재 서울시에서 운영하는 관광안내소의 경우 일부 관광안내소에서 다문화가정 출신을 고용하여 운영하고 있습니다.

(현재 김포공항 -베트남어, 동대문 -태국어) 앞으로도 관광객 수요등 상황에따라 결혼이민자 등 다문화 가정의 인력을 적극활용하여 안내원을 고용하도록 하겠습니다.",20240125,NA
국민신문고 민원처리 제도개선,기타,,답변완료,2010-10-10,2010-11-02,국민권익위원회,"1. 전자정부법 시행령 제 21조 1항에 ""행정기관등의 장이 발송하는 전자문서에는 기안자. 검토자. 협조자. 및 결재권자의 직위 또는 직급과 서명 및 연락처를 분명하게 밝혀야 한다.""고 명시 되어 있고,

2. 민원사무처리에 관한 법률 제15조 제1항 단서에 ""대통령령으로 정하는 경우에는 구술 또는 정보통신망으로 통지할 수 있으며, 이 경우 민원인의 요청이 있는 때에는 지체없이 처리결과에 관한 문서를 교부하여야 한다.""고 명시되어 있습니다.

3. 그런데 국민신문고 처리결과 통보서식에는 처리기관 과  담당자 표시만 하게 되어 있습니다.

   다만 진행상황 통보방식에 서신요청도 할 수 있게 되어 있으나 이를 이행하지 않는 기관도 있는는 것으로 미루어 볼때 일부 기관에서는 거부논리에만 익숙한 담당지원(6급?)이 결재도 받지않고 위법부당하게 완결처리 하고 있다는 의혹이 불무합니다.

4. 그렇다면 이는 법치행정의 기본질서를 근본적으로 파괴하는 불공정 한 처사일 것이오니 사전에 여사한 일이  발생 하지 않도록 전자정부법 시행령에 명시되어 있는 기안자 처리자 검토자 등을   국민신문고 정보통신 회시문서에도  명기하도록 제도를 보완할 필요성이 있다고 사료됩니다.",,,"1. 국민신문고에 대한 관심에 감사를 드리며, 귀하께서 신청하신 제안(1AB-1010-003230, 국민신문고 민원신청 시 진행상황 통보방식에 서신으로 지정한 경우 반드시 문서로 교부받을 수 있도록 개선바랍니다.)에 대한 검토결과를  다음과 같이 알려드립니다.

        2. 답변사항

         ○ 현재 국민권익위원회에서는 민원신청 시 진행상황 통보방식에 서신으로 지정한 경우 반드시 우편으로 문서를 송부하고 있습니다만   타 부처의 경우 국민권익위원회에서 권고는 하고 있지만 강제할 수 있는 권한은 없습니다. 다만, 만족도 평가 시 불만족 율이 높게되고 추가요구가 가능하므로 사실상 간접적인 권고실효성을 확보하고 있습니다. 앞으로 국민신문고를 이용하시면서 불편한 사항이 있으면, 언제든 문의하십시오. 친절히 답변 드리겠습니다.

        3. 제출하신 의견은 현재 시행중인 건의에 해당하여 채택하지 않음을  양해하여 주시기 바랍니다.

        4. 상기 내용 이외에 추가로 궁금하신 사항은 국민신문고담당관실 정진덕조사관(02-360-2750)에게 연락하여 주시기 바라며, 귀하와 귀하의 가정에 건강과 행운이 항상 함께하기를 기원합니다. 끝.",20240125,NA
스마트폰에서도 민원을 신청하라고,기타,,답변완료,2010-10-09,2010-11-02,국민권익위원회,"스마트폰에서도 민원을 신청하라고 광고를 하는데


스마트폰이 안드로이드지원하는 것만 스마트폰인가요??


아이폰 어플도 만들어 주세요 


아니면 제목을 바꾸세요  스마트폰이 아니라 안드로이드 운영체제를 가진 스마트폰이라고 


아이폰 쓰는 국민 헷갈려서 아이폰 어플 찾느라 시간낭비했네요",,,"1. 국민신문고에 대한 관심에 감사를 드리며, 귀하께서 신청하신 제안(1AB-1010-002873, 국민신문고 어플리케이션이 다양한 운영체제를 지원하고, 특정 스마트폰 및 특정 제조사에 편향되지 않도록 지원할 수 있게 만들어 주세요)에  대한 검토결과를 다음과 같이 알려드립니다.

        2. 답변사항

         ○ 현재 국민신문고 안드로이드 폰 용 애플은 개발하여 사용 중이며, 다양한  운영체제를 지원하고, 다양한 스마트폰 및 다양한 제조사 제품도  지원할 수 있는 애플은 조만간 누구나 이용할 수 있도록 저희 위원회  에서 직접 개발할  예정이니, 양해하여 주시기 바랍니다. 앞으로 국민  신문고를 사용하시면서 불편한 사항이 있으면 언제든 문의하십시오. 친절히 답변 드리겠습니다.

        3. 제출하신 의견은 현재 시행중인 제안에 해당하여  채택하지 않음을 양해하여 주시기 바랍니다.

        4. 상기 내용 이외에 추가로 궁금하신 사항은 국민신문고담당관실 정진덕조사관(02-360-2750)에게 연락하여 주시기 바라며, 귀하와 귀하의 가정에 건강과 행운이 항상 함께하기를 기원합니다. 끝.",20240125,NA
안민고개 명품길 조성사업,행정/자치/안전,,제안심사,2010-10-08,NA,창원시,"■ 제안명 : 안민고개 명품길 조성

■ 현재 : 안민고개는 국내에서도 찾아보기 힘든 아름다운 경치를 가진곳임. 특히 진해 부분은 수십년된 벚꽃나무가 터널을 형성하여 봄철마다 장관을 연출하는 곳이지만, 현재는 이러한 천혜의 자연경관을 활성화 하지 못하고 있음.  

■ 실행방안

 - 현재 자동차도로인 안민고개를 자동차통행 불가로 지정하고 자전거와 보행자만 다니도록 하여 명품길로 조성.

 -  단기적으로 주말에만 차없는 거리로 지정하여 운영하여 시민여론 조사및 호응도를 조사하여 장기적으로 년중 차없는 거리로 지정.

 - 년중 차없는 거리 지정시 현재의 도로를 양분하여 자전거 통행길과 산책로를 인공화단 등으로 분리하여 자전거 주행에 의한 사고 예방및 특성화. 

■ 기대효과

 - 벚꽃 축제와 연계화 관광 사업화

  ☞ 벗꽃축제 기간중 관광열차 운행[트레일러]

  - ""자전거 도시""로서의 위상강화. 및 자전거대회, 걷기대회 유치가능",,,NA,20240125,NA
동전유통 시스템 개선을 통한 예산절감 ,재정/금융/소비자,,제안심사,2010-10-08,NA,금융위원회,"1.  제안요지

 - 연간 400억원에 달하는 동전발행 비용 예산을 절감하기 위하여 

   마트, 편의점 등 전산시스템이 가능한 업소 위주로 1,000원 미만의 

   거스름돈(동전)의 경우 포인트로 적립하는 방식으로 동전의 유통을 

   최소화해 동전회수율을 높이자는 제안임  

2. 현황 및 문제점  

  -  책상 서랍속이나 돼지저금통에 쌓여있는 동전이 실물경제에 유통이 않되고 있음 

  -  경제에 유통이 않되고 쌓여있는 동전으로 인해 조폐공사 동전발행 비용도 점차 증가추세에 있음 

      (연간 동전발행 비용 400억원) 

  -  공공기관이나 각종 단체에서 동전모으기 운동을 통해 동전을 모아 불우이웃 돕기에 

     사용하고 있으나 실적이 매우 저조한 실정임 

3.  개선방안 

   - 1,000원 미만의 잔돈(동전)의 경우 포인트로 적립하여 활용할수 있도록 하거나 

     그 포인트를 복지단체에 기부할수 있도록 개선 

   - 고객이 거스름돈으로 동전을 가지고 가도 책상서랍, 저금통, 승용차안 등 곳곳에 넣어둘뿐 

      실제로 활용하지 않고 있어 이로인한 동전발행 비용이 늘고 있는것이므로 동전의 유통 자체를 

      줄이자는 것임  

4. 기대효과 

   - 동전발행 비용 획기적 감소로 예산절감 

   - 소외된 이웃을 돌보는 사회적 공감대 형성 

   - IMF 경제위기시 금모으기 운동과 같은 국민결집 효과",,,NA,20240125,NA
G20 정상회의와 서울시의 준비,행정/자치/안전,,답변완료,2010-10-08,2013-02-04,서울특별시,"○ 현행제도 및 운영 

이제 서울G20 정상회의가 성큼다가왔습니다. 

여러 정부부처와 민간단체에서 많은 준비를 해오고 있습니다. 

그 노력의 하나로 국가브랜드위원회에서 글로벌 에티켓을 선정해 글로벌시민탐구생활 동영상홍보와 약속하기 캠페인등을 하는 것을 지켜보았습니다. 

그런데 그 내용에 많은 사람들에게 꼭 필요한 행동지침이 빠져있습니다 


바로 보행중흡연하기,실내흡연, 담배꽁초 무단투기 등 입니다. 

수많은 세계각국의 정상,수행원,언론인 등이 우리나라의 수도 서울에서 머물게 되는데 

그 분들이 겪을 수 있는 우리나라의 그릇된 흡연문화의 폐해를 예방하는 것이 중요합니다 


○ 개선방안 

문잡아주기,실내에서 조용히하기 보다 더 중요한 타인에게 간접흡연피해를 주지 않는 것을 대대적으로 국민들에게 홍보해야 합니다 

현재의 글로벌 에티켓 동영상에 이와 같은 내용을 적극 추가해야 합니다. 

구체적으로 길거리에서 버스정류장에서 식당에서 등등 간접흡연이 일어나는 장면을 

생생하고 구체적으로 보여주고 계도해야 합니다. 


타인에게 담배연기로 피해주지않기 서명운동,약속하기 이벤트 등도 제안합니다. 

꼭 제 제안을 신중이 검토해주시기 바랍니다 

서울G20 정상회의의 중요성은 강조하지 않아도 아실터이니 매너있고 깨끗한 코리아의 모습을 전세계에 보여주도록 합시다. 

감사합니다",,,"이상준님 안녕하십니까?


우선, 제안하신 국민제안에 대한 답변이 늦어진 점 사과드립니다. 시스템과 관리에 문제가 있어 지연되었으며, 향후 이런 사례가 없도록 노력하겠습니다.


이상준님께서 제안하신 내용중 G20행사추진과 관련하여 대시민 기초질서 지키기 계도에 대한 제안은 이후 국제적인 행사 추진시 좋은 제안임에는 틀림이 없으나, 이미 시행중인 사항임을 알려드립니다.


좋은 제안에 감사드리며, 가정에 늘 행운이 함께 하시기를 바랍니다.",20240125,NA
서울의 마지막쉼터 백사실계곡 유지및 보수관련,행정/자치/안전,,제안심사,2010-10-07,NA,종로구,"안녕하세요. 24살 유용준이라고 합니다. 

북한산 바로 앞에서 20년동안 살면서 동네에 대한 많은 정을 가지고 있습니다. 

북한산 같은경우 얼마전 이용료를 내지 않아도 산을 얼마든지 이용할 수 있도록 주민들에게 개방을 한 적이 있었습니다. 그렇지만 사람들이 그만큼 쓰레기를 많이 버려서 좋은 시스템이라고 생각되어 지지는 않았습니다. 

백사실계곡도 제가 어렸을때부터 많이 이용하던 곳이었습니다. 

초등학교 들어가기전에는 부모님과 같이 백사실을 드나들며 도룡뇽이며 가재며 여러가지 생물들과의 접촉을 할 수있는 공간이었습니다. 

초등학교때에는 소풍을 백사실계곡으로 오며 여러가지 생태계의 현황을 직접 체험할 수 있었습니다. 

그이후에도 백사실계곡을 많이 드나들며 서울에 이런곳이 없다는 생각을 많이 하였습니다. 그만큼 생태계도 많이 보존되어있으며 자연그대로 숨쉬고 있는곳이기 때문이죠. 

그렇지만 얼마전에도 백사실을 방문한적이있는데 생태계가 말이 아니더군요. 

그많던 도룡뇽 및 가재들이 어디로 갔는지 보이질 않고 주변도 참으로 으슥하여 밤에는 절대 못올곳이라는 생각밖에 들지 않았습니다. 


저의 제안은 이것입니다. 백사실계곡을 사람들이 많이 모르는데 백사실계곡이 있다는것을 많은 사람들에게 알렸으면 합니다. 

물론 초등학교에서도 생태계체험을 하기에도 정말 안성맞춤인 곳입니다. 

그렇지만 주변에 가로등이라던지 주변에는 바위와 물밖에 없어서 참으로 안타까울때가 많습니다. 

특히 백사실계곡도 들어가는입구가 따로 없고 어떤 산의 길을 따라 들어가야되기때문에 백사실계곡이 있는지도 모르는사람이 많습니다. 


백사실계곡을 다양한 문화체험공간이나 어린아이들에게 생태계체험공간으로 만들어졌으면 정말 좋겠다는 생각이 들었습니다. 

백사실계곡을 올라가면서 주변에 아무것도 없고 유지보수가 되지않고있는것 같아 이렇게 제안을 하여봅니다. 

주위 어른분들도 백사실계곡이 예전에는 좋았는데 갑자기 어느새부턴가 인적도 끊기고 백사실계곡이라는곳을 모르는사람이 많아졌다고 하시는분들이 많습니다. 

참으로 안타까운 사실입니다. 이대로 이렇게 방치하였다가는 그냥 아무도 모르는 산이 되어버려질것같아 안타깝습니다. 서울에도 강원도계곡과 같은 계곡이 있다 바로 백사실계곡 이라는 문장을 만들어 많은 주민들에게 알려 유지보수 및 문화생활 및 생태계체험을 할 수있는 공간으로 만들어졋으면 좋겠습니다.",,,NA,20240125,NA
가을행사로......,행정/자치/안전,,제안심사,2010-10-07,NA,노원구,"요즈음 가로수에 은행이 많이 달려있습니다

그런데 많은 사람들이 가로수를 마구 흔들어서 은행이 떨어지면 

그 은행을 주으려고 도로까지 마구 나와 줍습니다

그래서 제안 올립니다

가로수에 은행나무에 달린 은행을 

각 구 에 주민자치 센터에서 

주민과 함께하는 가을행사로 은행 터는 날을 만들어 주면 어떨까 해서 올려봅니다

일년에 한번씩 이런 행사를 하다보면

주민들이 은행을 줍다가 교통사고로 돌아가는 일은 없을것 같해 

한번 올려 봅니다",,,NA,20240125,NA
우리고장에 이런 사람을 모시자,행정/자치/안전,,답변완료,2010-10-06,2017-07-22,포천시,"0 포천으로 젊은이들이 이사를 오거나 아이를 나을경우 오랫동안 자긍심을 가질 수있는

   기회를 만들어 보자


   -아이가 태어나면 돈을 지급하기도 하지만 그 아이의 생일에 맞추어 동네에 좋은 해송,소나무, 느티나무, 은행나무 등 나무를 식재하여 아이가 자랄때 내 마무라는 자긍심을 길러주자

   모든 지원은 이장과 협의 행정에서 동네에 지원


0 서울에서 은퇴후 혹은 활동중인 사람이라도 ""우리동네""에 유익한 사람이라면 충분한 보상을 해주고라도 모셔오는 제도.  예) 강원도 춘천의 소설가 이외수 

   -마을을 위해 헌신 할 수 있거나 추앙을 받을 수있는 사람에 한해서

   -특이한 재주를 보급할 수 있는 사람 (동네에 기술과 재주전파)",,,"""국민제안에 적극 참여해주셔서 감사드립니다. 

귀하께서 제안하신 내용은 생일 기념 식수와 유명인 섭외에 관한 것으로, 단순한 건의사항에 가깝다고 판단됩니다. 제안제도는 단순한 주의환기,진정,비판,건의사항이 아닌, 창의적인 의견이나 구체적인 방안 등이 담긴 것을 채택하는 제도입니다. 생일 기념 식수와 유명인 섭외에 관한 것은 향후 업무 추진시 참고하여 반영하도록 노력하겠습니다. 다시 한번 귀하의 고견에 감사의 말씀을 드리며, 보다 자세한 사항은 포천시청 기획예산과(031-538-2482)로 연락주시기 바랍니다""",20240125,NA
기초수급자 중복급여 관련 제도 개선,식품/보건/복지/가족,,제안심사,2010-10-06,NA,보건복지부,"ㅇ 현 실태와 문제점

   - 국민기초생활보장법에 의 기초수급자는 생활정도에 따라 국가로부터 일정한 현물 또는 현급 지원을 받고 있음

   - 그러나 기초수급자중 국민연금급여를 받을 수 있는 자가 고의로 연금청구를 거부 또는 지연하는 경우  국가가 시행하는 사회보장체계내 2중 급여를 지급받거나 받을 개연성이 있음

   - 따라서, 이중수급으로 시급히 국가의 보호를 받아야 하는 자가 받지 못하고 기초수급자중 국민연금수급자간  형평성 문제도 제기될 수 있음

   - 현재, 지자체는 지연신고로 인한 연금누적분 수령에 대해서는 감액 등 조치가 없음


ㅇ 개선내용

   - 기초수급중인 자가 국민연금(노령,유족,장애) 수급대상자일  경우 즉시 차치단체에 통보하고 자치단체는 기초수급자에게 즉시 국민연금을  지체없이 청구하도록 의무 부과(소급환수)

   - 국민연금 지급사유발생일로부터 최대 4년 11개월(소멸시효 5년)을 지연하여 소급청구하더라도 중복급여분에 대해 전액 환수하도록 조치


ㅇ 기대효과

   - 동일한 조건에 있는 자가 정상신고, 지연신고에 따라 급전적으로 상대적 불이익 등 형평성의 문제를 해소 할 수 있음

   - 이중수급 즉시 해소를 통한 또 다른 기초수급대기자에게 적기 지원 가능


ㅇ 참고로 저는 국민연금공단 부산지사 직원입니다. 저의 담당업무를 처리하는 과정에서 계속 불합리하다고 생각되어 제안하오니 검토하여 주시기 바랍니다.",,,NA,20240125,NA
기관선택시 소속기관까지 선택할 수 있도록....,기타,,답변완료,2010-10-06,2010-11-02,국민권익위원회,"경찰청 :  지방경찰청 선택할 수 없음

지자체 : 시군구 선택할 수 있음


경찰관련 민원은 시군구 경찰서와 지방경찰청 민원이 많습니다.

그러나 모두 경찰청으로 접수를 하게 되어 있습니다.


예를 들어 서울 성동경찰서에 민원을 낼 경우 

경찰청 접수→경찰청, 서울지방경찰청으로 이첩→

서울경찰청, 성동경찰서로 이첩→성동경찰서 접수


접수와 이첩을 거치면서 소요되는 시간은 민원지연으로 이어질 수 밖에 없습니다.

지방경찰청 / **경찰서 까지 선택할 수 있도록 세분화하여 주시기 바랍니다.


시군구까지 선택할 수 있는 지자체와 같이 기관분류를 세분화하여 하면

민원인의 불편이 줄어들 것입니다.",,,"1. 국민신문고에 대한 관심에 감사를 드리며, 귀하께서 신청하신 제안(1AB-1010-002035, 국민신문고 민원 신청 할 때 기관선택시 소속기관까지 선택할 수 있도록 개선)에 대한 검토결과를  다음과 같이 알려드립니다.

        2. 답변사항

         ○ 먼저 국민신문고 이용에 불편을 드려서 죄송합니다. 현재는 민원  신청 시 기관 선택 란에 중앙행정기관, 자치단체, 교육청, 기타단체로 구성되어 있으며, 소속기관까지 선택할 수 있게 구성하기에는  너무나 방대하고 수시로 조직개편이 되는 관계로 삭제 또는 신설 등의 현행화에 많은 예산이 소요되어 시행이 어려운 점을 이해해 주시기 바라며, 해당부처에 민원접수가 될 경우 담당자의 검토아래 소속기관으로 이송 및 이첩되고 있음을 알려드립니다. 앞으로 국민신문고를 이용하시면서 불편한 사항이 있으면, 언제든 문의하십시오. 친절히 답변 드리겠습니다.

        3. 제출하신 의견은 국민제안규정 제2조에 의거한 단순 건의에 해당하여 채택하지 않음을 양해하여 주시기 바랍니다.

        4. 상기 내용 이외에 추가로 궁금하신 사항은 국민신문고담당관실 정진덕조사관(02-360-2750)에게 연락하여 주시기 바라며, 귀하와 귀하의 가정에 건강과 행운이 항상 함께하기를 기원합니다. 끝.",20240125,NA
남산에 안내 영상이 상영되도록,행정/자치/안전,,제안실현,2010-10-06,2013-01-28,서울특별시,"<현행제도>

남산은 내국인뿐 아니라 외국인도 많이 찾는 곳이다. 그 중 남산 케이블카는 연인,어린이,외국인 등 많은 사람들이 한 번쯤 찾는 곳이 되었다. 케이블카는 십여분씩 시간차를 두고 운행되는데 사무실에서는 남녀직원들이 커피를 마시며 큰소리로 웃고 떠들고 있었다. 사람들이 줄을 길게 늘어서있어도 따로이 안내하는 사람은 없었다. 


<개선내용>

케이블카 타는 곳에  남산에 대한 안내 영상이 상영될 수 있도록 권고했음 좋겠다.  남산에서는 봉수대 거화의식이나 무예시범,줄타기 등 여러가지 행사가 있다. 남산에 오르기 전에 케이블카를 기다리면서 남산에 대한 전반적인 내용이나 봉수대 역할,각종 행사내용이나 행사 시간 등 간단한 정보가 주어진다면 남산을 찾는 사람들에게 도움이 될 것이다.",,,"홍승희님 안녕하십니까? 중부공원녹지사업소 공원운영과 이동유입니다.

먼저 주신 의견에 답변이 늦은점 사과의 말씀을 올립니다.


현재 남산케이블카는 한국삭도공업주식회사에서 운영하는 시설로 강제적으로 홍보영상을 상영을 지시할 수 있는 상황은 아님을 이해를 부탁드립니다.


홍승희님께서 주신 의견을 한국삭도공업주식회사측에 전달하여 직원들의 업무시간에 사적행동에 대해 주의를 부탁드렸으며, 말씀하신 남산 등 홍보영상 상영에 긍정적 검토를 요구하였습니다.


주신 의견에 시간이 많이 경과 하였지만 주신 의견을 잘 참고하여 케이블카 승차장 등에서 홍보영상이 상영될 수 있도록 노력하겠습니다.",20240125,"한국삭도공업주식회사측에 확인결과 현재 서울시 홍보영상을 하부 승강장 및 상부 승강장에서 상영하고 있음을 확인하였음.

홍승희님의 의견을 정리하여 서울시정 홍보 및 남산의 여러가지 별거리를 상영하기로 함"
도로변관리,행정/자치/안전,,답변완료,2010-10-06,2017-10-18,포천시,안녕하세요 저는요즘 축석-광능간 도로변에가로수을심고있으나 작못된 행정이라생각되어 글 을올림니다  국가적 세금낭비와 직무유기인것입니다 지금심은나무는 다시뽑히고죽을것은 뻔한일이니까요  그리고 더 잘못된것은  주민과농민들이이용하는 도로변(인도)가없어보행시차도로곡예을하면서다니는그공간마저 나무에게 빼았기는 처지을 무어라고할까요 @ 1~ 일차로도로을측량을해 도로부지을 확보후(측량하면넓은도로부지확보 확실)    @ 2~ 좁은도로변은확보후 인도 자전거도로확보 가로수식재 가순서입니다 지금심은나무는 도로와40cm`~50cm로 겨울철제설작업시염화칼슘피해로죽을것입니다 위와갔은내용은 국민의안전이우선되었으면합니다 면밀히검토하시어심사숙고바람니다  이종영,,,"""먼저, 귀하의 제안에 대하여 답변이 늦어진점에 대해서 사과의 말씀을 드립니다. 

귀하께서 제안하신 내용은 축석-광능간 도로변에가로수 식재 중지에 관한 사항으로, 민원사항에 가깝다고 판단됩니다. 제안제도는 단순한 주의환기,진정,비판,건의사항이 아닌, 창의적인 의견이나 구체적인 방안 등이 담긴 것을 채택하는 제도입니다. 축석-광능간 도로변에가로수 식재 중지에 관한 사항은 향후 업무 추진시 참고하여 반영하도록 노력하겠습니다. 다시 한번 귀하의 고견에 감사의 말씀을 드리며, 보다 자세한 사항은 포천시 기획예산과(031-538-2482)로 문의하시면 성심성의껏 답변드리겠습니다. 감사합니다.""",20240125,NA
자하철 이동 에너지 절약방법,행정/자치/안전,,답변완료,2010-10-05,2013-01-30,서울특별시,"방법

지하철은 정지구간이 역으로 정해져 있다는것을 이용하면 되는데

정지하는곳을 약간 지대를 높게 하면

정지전에 일부러 브레이크를 밝지 않고 자연스럽게 속도가 약간 경사로 올라가면서 멈추게 되고

출발시는 자연스럽게 비탈길을 내려오므로 정지시에 운동 에너지 소모하는 브레이크와 정지에서 가속을 위한 에너지 소모 모두를 급격하게 절약됩니다

자동차 운전할때 약간 경사진곳에 올라갔다가 내려올때 생각하면 되나 그렇게 급격한 경사는 필요없고  지하철 전구간에 걸쳐서 역중간은 가장 낮게 역은 가장높에 미세하게 경사를 전구간에(고지 저지 차이 3m 정도만 주어 예민한 사람만 느낄수 있을 정도로 해도 효과는  나타날것입니다



단점

현재 어쩔수 없이 지하철이 서울시내등에 이미 깔렸으나 앞으로 새로 구간만드는곳이라도 이렇게 하여 먼 미래에는 어짜피 현재 지하철도 새로 뜯어고치고 할텐데 모든 구간이 이렇게 되는 미래에는 장기적인 전기절약이 누적되는 사회경비의 축적효과(본인 느낌에 1/4정도 절약가능할것입니다)가 클것으로 보입니다",,,제안내용은 hump라는 용어로 에너지 절감에 유리한 것으로 판단되어 우리시에서는 도로 지하에 건설되는 도시철도 노선특성상 적용이 어려운 곳을 제외하고는 최대한 적용하고있는 공법입니다.,20240125,NA
~부탁 드립니다.,기타,,답변완료,2010-10-03,2010-11-01,국민권익위원회,"-국민신문고""~하루~약 10만명~이용한다는 보도를 보았습니다.

그 만큼 국민신문고'를 통하여 ""국민제안,민원등~~올리거나

검색하는 네티즌""이 많다고 생각됩니다.

-여러가지 보다는 ~~단도직입""~으로 한가지 개선점을 제안

합니다.

-제안에 앞서~~공개제안""의 하단에 ~나도 한마디""~추천

[추천:명]~~위 제안에 당신의 생각은 어떠세요?~픽업창이

뜹니다.

-""나도한마디""에 간혹 제안자를 비방,욕설하는등 불쾌한

~한마디""를 보게 되고~~~

-""추천""에 추천하는 사람들은 개인이지?단체인지?불분명

합니다.

***개선방안***

-공개제안""에 대한 네티즌 점수평가제""를 부여하는 방안입니다.

**~~수(5점),우(4점),미(3점),양(2점),가(1점) 평점하는 방안입니다.

-나도한마디,추천""~을 없애고~~네티즌들이 ""평점'(우수미양가)

을 할수 있도록~~시쓰탬? 개선을 부탁드립니다.",,,"문성두님 안녕하십니까? 국민제안에 대한 관심과 참여에 감사드립니다.

귀하께서 제출하신 제안의 요지는 ‘공개 국민제안에 “나도 한마디, 추천”을 없애고, 네티즌 평가를 점수제(수(5),우(4),미(3),양(2),가(1)) 방식으로 개선하라.’는 내용으로 파악되며, 아래와 같이 검토결과를 알려드리고자 합니다.

귀하의 제안을 수용하기 위해서는 국민신문고시스템 보완이 필요할 것으로 사료되어 다양한 가능성 등을 중장기적으로 검토하여 처리하겠습니다. 

금번 귀하의 제안을 즉각 반영하지 못하여 아쉽게 생각하며, 앞으로도 좋은 의견을 많이 제출하시면 국민신문고 운영 활성화에 최대한 반영할 수 있도록 적극적인 노력을 기울이겠습니다. 감사합니다.",20240125,NA
포천시 체육공원 하키장,행정/자치/안전,,제안심사,2010-10-02,NA,포천시,"저희 포천시에는 체육공원이라는 시청 옆쪽에 공원이있습니다.

그공원 인라인 스케이트장 중심에는 하키장이 있죠

하지만 그하키장은 체육공원이 만들어지고 거의 열린적이 없는걸로 알고 있습니다.

물건이 들어가면 줍지도 못하고 쓰지도않고 그런데죠

저의 생각은 하키장을 없에고 중간에 인조잔디를 깔아서 풋살장이나

부모와 아이가 공놀이나 놀수있겠끔 바꾸자는겁니다.

요즘 시대가 바뀌어서 인라인 스케이트를 타는 사람도 거의 없습니다.

제가 포천 고등학교를 다니는데 지나갈때마 그냥 걷기운동 하시는 분만

몆분 계시죠 그리고 하키장은 왜 만들었을까 의문까지 가는 시설이라고 봅니다

아실진 모르겠지만 청성공원에 풋살장 2개가 있습니다.

얼마전에 예약시스템이 생겨서 예약을 안하면 못하죠 사람도 많아서

가끔 힘들게 걸어서 올라갔다가 내려오는 경우도 있습니다

체육공원 하키장을 없에고 풋살장을 만들면 학생들도 자주 찾아 좋은체육공원이

될수 있다고 생각합니다 풋살장이 아니라도 하키장은 아니라고 봅니다

열지도 쓰지도 않는 하키장을 없에고 풋살장을 만들어 주세요

풋살장이 아니라도 좀더 학생과 시민들한테 편리한 공간으로

활용해주셨스면 합니다.


부탁드립니다 그럼.",,,NA,20240125,NA
[서민생활] 지역일 일자리찾기/ 공무원 퇴직자가 자의 자리로 다시 돌아오다니/.... ,행정/자치/안전,,답변완료,2010-10-02,2014-04-23,횡성군,"우선 이렇게글을 올려서 죄송합니다.


문제점: 공무원 퇴직자한 분에게 (예를 들어)  복지문화센터장의  ""장"" 자리를 준다는 것은

뭔가 잘못된 행정이라고 생각합니다. 


다른사람에게 기회를 주지않는 행정과 서민 일자리 창출이라는 말은 뭔가 안맞는 말이아닌가요

미안합니다 

기분나빴다면 


공무원이  60세 까지 공직에 있으면서 열심히 일을 해서 퇴직을 했으면 그것으로 그만이라고 생각합니다. 

정말로 시 군 나가서는 한국을 그리고 인재를  위하고 발전시키는 것에 대해여 공부하고 열심히 일한 사람이 ""장""이 되어야하지않을까요 

저는 그렇게 생각합니다. 

그분야에서 공부하고 열정있는 사람이 민간인이 되어야 한다고 보니다. 

자꾸만 공무원퇴직자에게 그런 장의 자리를 준다는 서민들에게 얼마나 기회를 주지않고 

똑똑하고 그분야에 대하여 열정을 가진 사람들이 자리를 잃는 거라고 봅니다. 


그렇다고 공무원을 무시하는것도 아니고 개인을 무시하는것은 아닙니다. 

나라가 바로 서고 진정 서민을 위한 생각이 있다면 낮은 곳에서 제능자즐이 수면에 가라앉고 있다는 것을 

아셔야 합니다. 


미안합니다. 

이렇게 말씀을 드려서",,,"군정에 관심을 갖고 제안해 주심에 감사드립니다.

귀하께서 2010. 10. 2. 제안되었하였으나 알수 없는 사유로 인하여 2013. 3. 12. 처리부서가로 지정되었고

2014. 4. 9. 담당자가 지정되었습니다.

제안하신 사항은 4년이 가까워 오는 현재 상황에서 논의하기 어려움이 있음에 따라 새로운 제안으로 처리하지 않음을 알려드립니다.",20240125,NA
횡단보도 주변 불법주.정차 단속 강화 및 캠페인,행정/자치/안전,,제안추진,2010-10-02,2013-04-25,수원시,"<문제점>

주택가나 학교 주위의 횡단보도 주변에 많은 차량이 불법주차나 정차를 해 놓아 행인들이 도로를 횡단할때에 앞에서 달려오는 차량이 보이지 않아 사고 위험에 노출되어 있습니다. 그렇게 되면 앞에서 달려 오는 차량도 도로를 건너는 사람이 보이지 않아 불법 주차된 차량으로 인해 커다란 사고를 불러올 위험이 있습니다. 특히 대형차량이 주차되어 있으면 더욱 위험하며, 상황 판단력이 부족한 어린아이들에겐 사고 위험이 더욱 높아집니다. 

<개선내용>

횡단보도 주변 불법주.정차 단속을 강화하고, 언론매체를 통하여 꾸준한 캠페인이 이루어져야한다고 봅니다.

또한, 불법 주차 운전자의 안전 불감증으로 인해 어떤 불행의 결과가 초래되는지 정기적인 운전자 교육도 필요하다고 봅니다.

<개선 시 기대효과>

1. 교통사고를 줄일 수 있어 안전하고 행복한 사회의 밑거름이 됩니다.

2. 아이들에게도 어려서부터 교육이되어 어른이 되었을때 교통법규를 준수하는 사람으로 자라날 수 있습니   다.",,,의견 사항에 대하여는 지속해서 홍보토록 노력하겠습니다.,20240125,NA
"국민신문고""~전담부 편성해야 합니다!",기타,,답변완료,2010-10-01,2010-10-11,국민권익위원회,"-국민신문고""에 글""을 올리면 ~~국민권익위원회""에서


여러 해당 행정부처로 분류하여 줍니다.


-해당 부처,청은 제안?민원?으로 분류하여 심사를


하고,회신하고 있습니다.


-제안은 채택,불채택으로 명확한 회신을 받게 됩니다.


-민원은 ~~대부분 차후 그렇게 하겠다~`는 회신이


대부분 입니다.


-왜? 그럴까? ~~사실은 행정안전부""에 국민신문고""의


권한?책임?이 있다고 여겨집니다.


-즉,다원화된 구조적,행정적,정책적등 모순이라 생각


됩니다.


***행정안전부와 국민권익위원회를 통칭한 일부


책임있고,통합된 ~~""국민신문고 통합위원회? 혹은


""국민신문고""평가부?등 제안과 민원등 해당부처,청를


총괄하는 핵심 부서를 편성해 주십시요.


-""국신평부?(약어)~같은 행정적 부서를 만들어 주십시요.


-현재의 제도를 개선할 필요가 있다고 생각됩니다.",,,"1. 국민신문고에 대한 관심에 감사를 드리며, 귀하께서 신청하신 제안(1AB-1010-000289, 국민신문고 전담부서를 편성해야 합니다.)에

    대한 검토결과를 다음과 같이 알려드립니다.

2. 답변사항

 ○ 현재 국민신문고 운영은 국민권익위원회 국민신문고담당관실에서  전담하여 운영하고 있으므로, 별도의 국민신문고 전담부서를 편성

     해야 할 필요성이 없음을 알려드립니다. 앞으로 국민신문고를 이용하시면서 불편한 사항이 있으면, 언제든 문의하십시오. 친절히 답변

     드리겠습니다.

3. 제출하신 의견은 현재 시행중인 건의에 해당하여 채택하지 않음을  양해하여 주시기 바랍니다.

4. 상기 내용 이외에 추가로 궁금하신 사항은 국민신문고담당관실 정진덕조사관(02-360-2750)에게 연락하여 주시기 바라며, 귀하와 귀하의

    가정에 건강과 행운이 항상 함께하기를 기원합니다. 끝.",20240125,NA
하송우리 상징물건,행정/자치/안전,P100930001.jpg,답변완료,2010-10-01,2017-07-22,포천시,"하송우리에 최근에 포천의상징물을 만들어 주샤서 감사히 보고 다니고있습니다.

폭포도 있어서 여름엔 가슴까지 시원해지는것같더군요.

그런데 안타깝게도 상징물앞을가리고있는 돌조각이 눈쌀을 찌뿌리게합니다.

우선은 글귀가 `바르게살자' 어디 학교앞이나 교도소앞에 있어야할듯한 문구더군요

이왕이면 `무궁무진포천' 뭐 그런식의 것이 더 좋지않을가요?

그리고 위치도 문제입니다 최대한 자연스럽게 만들어진 상징물앞에 인공적으로 만든게 확드러나는 돌조각이 아주 코앞에 자리하고있습니다.정면에서 보면 밉상입니다

좀 멀직히 떨어뜨려서 상징물과 구분되게 해주시면 좋겠다는 생각을해봅니다.

잔소리라생각지 마시고 포천을 사랑하는 맘이라 받아주식 참고해주세요~~!!개선된다면 더욱좋구요..ㅋㅋ",,,"""국민제안에 적극 참여해주셔서 감사드립니다. 

귀하께서 제안하신 내용은 하송우리 시상징물 문구 수정에 관한 것으로, 단순한 건의사항에 가깝다고 판단됩니다. 제안제도는 단순한 주의환기,진정,비판,건의사항이 아닌, 창의적인 의견이나 구체적인 방안 등이 담긴 것을 채택하는 제도입니다. 하송우리 시상징물 문구 수정에 관한 것은 향후 업무 추진시 참고하여 반영하도록 노력하겠습니다. 다시 한번 귀하의 고견에 감사의 말씀을 드리며, 보다 자세한 사항은 포천시청 기획예산과(031-538-2482)로 연락주시기 바랍니다""",20240125,NA
세수절약 및 모두가 이용하기 편리한 인도설치 건,행정/자치/안전,,제안심사,2010-09-30,NA,포천시,"1,현재 도로변에 설치되어 사용되고 있는 인도는 대리석과 블럭으로 턱 을 만들어 사용함으로서

 장애인 과 노약자 .자전거 다니기가 불편합니다 .


1,개선 하고자 함은 아치형 파이프를 제작하여 도로갓길을 만들어 구분 해주면 누구나 쉽게 다    니 는 길이 되리라고 생각합니다.


 현행인도의 문제점.

1. 대리석 가공 과정 환경오염 유발

2.공사비용 과다 발생

3.장애인 진출입 불편

4.자전거 이용시 불편


아치형 파이프 장점

1.간편한 시공으로 공사비 절감

2.휄체어 및 자전거 이용하기 쉬움

3.노후 관리비용 절감",,,NA,20240125,NA
"서울숲공원의  ""바닥분수""와 관련한 어린이용 탈의실 설치 개선방안",행정/자치/안전,,제안추진,2010-09-30,2013-01-07,서울특별시,"현황 및 문제점


성동구에 위치한 서울숲공원은 성동구민 뿐만아니라 서울시민의 훌륭한 휴식처입니다. 서울숲공원에는 다양한 시설이 설치되어있는데 그중에 하나인 ""바닥분수""는 어린이들에게 가장 인기가 좋은 것 같습니다. 아이들이 바닥분수에서 솟아나는 물줄기속에서 옷이 젖는것도 잊고 재미있게 놀고 있는 모습은 또다른 서울숲의 자랑거리이기도 합니다. 하지만 바닥분수에서 재미있는 시간을 보낸 아이들이 젖은 옷을 갈아입거나 젖을 몸을 말릴 수 있는 탈의시설이 없어서 난처한 경우를 겪고 있습니다.  바닥분수에서 뛰어논 아이들이 옷을 갈아입고 젖은 몸을 말릴 수 있는 탈의시설을 보완하는 것이 필요한 이유입니다.


개선방안


@ 서울숲 바닥분수 주변에 어린이용 탈의시설을 설치하자.

1. 가능한 바닥분수 주변에 어린이용 탈의시설을 설치합니다.

2. 탈의시설의 설치가 어렵다면 바닥분수 주변의 4번 출구 화장실이나 방문자센터 화장실에 탈의시설을 설치하면 좋을 것 같습니다.

3. 탈의시설내에는 드라이기를 설치하여 젖은 몸을 말릴 수 있도록하면 좋을 것 같습니다.


기대효과


서울숲의 바닥분수를 이용한 어린이들이 젖은 몸을 말리고 탈의를 쉽게 하게 되므로 어린이들의 건강에 좋을 뿐만아니라 어린이를 동반한 보호자들이 편안하게 서울숲에서 휴식을 취할 수 있을 것으로 기대됩니다.",,,"서울숲공원을 방문하여 주시고 깊은 관심을 가져주셔서 감사드립니다. 바닥분수에 탈의실 설치는 2011년 8월부터 바닥분수가동기간(5월~9월말)       동안 설치 운영하고 있으며, 드라이기 등 전기시설 설치는 어린이 전기감전 등 안전사고의  위험이 있어 갈아입을 옷을 준비할 때 수건 등을 준비하여 사용하시면 좋을 것 같습  니다. 좋은 제안 주심에 감사드리며 임민규님 가정에 건강과 행복이 항상 함께하기를  기원합니다.",20240125,NA
기초수급대상자 변동사항 사전예고제,식품/보건/복지/가족,,제안심사,2010-09-29,NA,보건복지부,"<현황>

 ○ 기초수급대상자에 대한 부양의무자, 소득, 근로능력 또는 가구원의 변동으로 인하여 급여의 변경(수급중지) 및 결정시 급여의 중지가 결정된 달 또는 조건을 불이행한(조건부수급) 다음 달부터 급여를 중지하고 있으며, 서면으로 그 사유를 명시 수급자에게 통지하고 있음.


<문제점>

○ 갑작스런 수급급여중지로 인하여 생계위기와 탈 수급을 위한 준비가 미흡할 경우 그에 대한 대처능력 부족으로 수급자의 가족생계불안정은 물론 국민기초생활의 사각지대의 발생 우려

<개선방안>

○ 수급자가 근로능력 확보 및 탈 수급을 할 수 있도록 준비기간을 줌으로써 수급자의 전락을 막고 사각지대에 대한 안전망을 구축하고자 급여변경(중지)에 대한 사전 예고제를 실시하여 스스로 탈 수급을 위한 환경조성의 기간(일정기간동안-연구조사필요) 급여를 실시하는 것을 제안함. 

<기대효과>

○ 기초수급 재 전락을 예방하고 복지 사각지대 해소",,,NA,20240125,NA
바닷가or샛강 옆 가축농가 분뇨등 오물이 그대로 바다로,행정/자치/안전,,답변완료,2010-09-28,2017-02-14,포항시,"ㅁ현행제도 및 문제점

 ㅇ 바닷가o샛강 옆 가축농가 분뇨등 오물과 생활하수가 그대로 바다로 흘러 들어갑니다.

ㅁ개선내용

 ㅇ 분뇨처리장 과 생활하수처리장을 만든다. 비용은 나라에서 3/2를 대어주고

     농민들 부담은 저리융자를 해준다.

ㅁ기대효과

 ㅇ 자연과 조화를 이루어 마을 환경이 깨끗해지고 친환경적이다.

 ㅇ 바다로 흘러 들어가는 오폐수를 정화시킴으로써 바다의 오염을 막고

     물고기들에게도 살기좋은 환경을 제공함으로 결국 우리의 밥상도 풍성해진다.",,,국민신문고 개선에 따른 폐지부서(행정안전부)의 미처리 제안 건입니다.(2010.09.28 22:02:22 ),20240125,NA
도로 교통신호 연동,행정/자치/안전,,제안심사,2010-09-28,NA,포천시,"87번??? 국도를 이용하는 사람 입니다....

이 도로를 지날때면 짜증이 밀려옵니다....

신호가 바뀌어 좀 가다보면 신호에 걸리고,,, 또 가다보면 또 걸리고....

울산에서 철원까지 자주 다니는데.... 전국 도로중 제일 후졌습니다...

그래서 요즘은 일동쪽으로 다닙니다....

포천시장 엄청 욕합니다.......


제대로 도로신호 체계 바꾸세요..... 축제 자주하면 뭐합니까.... 오다가 짜증나서 돌아갑니다...",,,NA,20240125,NA
말도 많고 탈도 많은 룸싸롱,기타,,답변완료,2010-09-27,2010-11-16,국민권익위원회,"최근 언론매체에 나타난 “수 억원대 룸살롱 접대를 받은 부산사건, 강릉사건ㆍㆍㆍ”, “ ‘룸살롱 마담 2차 노트’로 00 시가  발칵 뒤집혔다” 등 보도상의 비리에 공무원들이 직ㆍ 간접으로 포함되어 있어 국민들의 비판이 거셀 뿐 아니라 대부분 선량한 공무원이 매도 당하고 국민의 불신을 초래함. 


공무원 스스로는 룸싸롱 등 소위 2차 음주(“여성 종사자와 동석하여 술을 마시는 경우”를 말함)는 극히 소수의 공무원만이 출입 할 뿐이라고 항변하지만 국민들의 시각은 반대로 인식하고 있는 것이 현실이고 업무 연관자와 동석인 경우가 아니더라도 스스로 급여가 적다하면서 그런 곳에 출입하느냐 질타.

고위 공직자 청문회에 나타나듯이 이제는 세상이 밝아져 국민들의 눈을 벗어나기 힘들뿐만 아니라 국민들은 공무원에게 과거의 관행에서 벗어난 높은 도덕성과 청렴성을 요구


이에 공무원이 솔선하여, 지탄을 받고 있는 2차 음주(룸싸롱 등)를 자제함으로서 건전한 음주 문화를 정착하는 한편, 오이 밭에서는 신발 끈을 고쳐 신지 말고, 배나무 아래에서는 갓 끈을 고쳐 매지 말라는 속담대로 비리와 의혹의 원천이 될 소지를 사전에 차단하여 국민의 신뢰를 회복하여야 함. 2008년 광우병 사태도 정부를 믿지 못함으로서 사태가 악화되었다 판단 됨. 신뢰 회복을 위하여 먼저 입법부와 사법부를 비롯한 공직내부에 2차 음주를 자제할 것을 권유하고, 필요시에는 국민 신고・포상제  또는 출입을 못하도록 하는 강행규정 등을 마련하여 강력 추진함으로서 청렴한 Clean 행정 완성


 ※ 유사 성공 사례 : 공공시설이나 대규모 건물, 시설에서의 흡연금지 정착",,,"○ 공직 부패 척결에 관심을 가져주시고 제안을 해주신데 대해 감사를 드립니다. 


○ 귀하의 공직비리 근절을 위한 제안은 향후 업무추진시 참고토록 하겠습니다. 

- 국민권익위원회에서는 매년 중앙부처, 지방자치단체, 교육청 및 공직유관단체 등 각급 공공기관을 대상으로 한 감사관회의 개최시 실천 지침 등을 시달하여 공무원 윤리의식을 제고토록 하고 있으며, ""청렴한세상"" 캠페인과 국민참여프로그램 등을 통해 공직자를 비롯한 일반 국민들이 청렴을 실천할 수 있도록 노력하고 있습니다. 

- 아울러, 공직자들의 행동강령 이행에 대한 상시 점검을 실시하여 위반사항을 적발, 통보하는 등 공직자 행동강령 운영에도 철저를 기하고 있음을 알려드립니다.


○ 앞으로도 사회 각 분야의 부정과 비리 척결에 많은 관심을 부탁드리며, 국민권익위원회에서도 부패방지와 청렴문화 확산을 위해 더욱 노력하도록 하겠습니다. 감사합니다.",20240125,NA
공개전자민원을 검열하는가?,기타,,답변완료,2010-09-27,2010-11-08,국민권익위원회,"○ 민원인이 공개전자민원을 국민신문고에 신청하면, 행정청들은 함부로 “비공개” 나 “비공개로 전환” 이라고 하고 있습니다.


○ 이에 대하여  문서로 이의제기하자 답변 내용에 대하여 아래와 같습니다.

 비공개 전환 근거 법률이 공공기관의 개인정보 보호에 관한 법률과 부패방지 및 권익위원회 설치와 운영에 관한 법률 제78조(고충민원사무의 정보보호) ‘위원회 또는 시민고충처리위원회와 관계 행정기관 등은 고충민원과 관련된 정보의 유출로 인하여 신청인과 이해관계인의 이익이 침해되지 아니하도록 노력하여야 한다. 에 따라 각 행정청에서 결정한다고 하였습니다.


○ 민원인 해석 내용

1. 민원인이 해석하기로는 제78조도 강행규정이 아니고, 하위 법령이 없으므로, 이를 근거로 한 것은 법치주의 근본을 흔드는 중대한 직권 남용 등의 범죄행위입니다.

2. 민원인이 여러 차례 이에 대한 근거 법령과 민원인의 민원 내용 중에서 비공개 대상이 되는 내용 공개를 요청하였음에도 이를 공개하지 않는 것도 불법입니다.


○  민원인이 여러 번 요구하였으나 답변이 없는 아래 내용에 대하여도 답변이 없습니다.

1.  민원인의 공개전자민원 신청도 비공개 전환 적법 이유 없이 공직자들이 임의로 비공개로 전환하여,  국민들에게 알리지 않으려는 것은 무슨 이유인지 좀 알려 주세요.

2.공개전자민원을 인쇄하면  비공개로 전환. 처리결과 답변일 및 내용. 만족도 조사 등록 내용이 인쇄되지 않습니다. 이와 관련하여 아래 내용에 대하여 조치결과 알려 주세요.

   1) 이런 행위를 한 자들의 성명. 직책 및 근거 법령 내지 규정.

   2) 이러 프로그램을 개발한 자들의 성명. 직책 및 개발 당시 적법 여부 검토 법령.

   3) 평가 시 인쇄되지 않는 내용들에 대한 평가기준

   4) 복사하여 한글 등으로 옮겨서 인쇄할 경우와 국민신문고 화면을 직접 인쇄할 경우 다르게 인쇄되는 부분 공개요청과 이들 문서의  효력 기준 및 근거 법령

   5) 공문서 보관 및 보존은 어느 인쇄를 기준으로 하는지와 근거 법령.

3. 공개전자민원을 내면 민원인의 민원 순서별 번호에 민원인 신청번호가 뜨더니, 아무런 통보 없이 비공개로 전환되면서 비공개로 전환되었습니다. 민원 내용을 검열하고 있나요?   

4. 1)민원인의 공개전자민원을 일방적으로 공무원들이 3가지로 처리하고 있는 것 같습니다.

     (1)‘비공개로 전환‘ 하고서도 공개로 평가한다고 하고,

     (2) 비공개로 하여 비공개로 답변하면서도 어느 것은 만족도 조사 등록을 하고, 어느 것은 만족도 조사 등록을 하지 않음.

     (3) 민원인별 공개전자 민원으로 개인별 순서 번호를 주고는 비공개로 전환.

   2)  아래 내용에 대하여 알려주시기 바랍니다.

      (1) 이런 행위를 할 수 있는 적법 및 판단 근거법령조항.

      (2) 민원인 민원 내용 중에 비공개로 전환할 정도의 내용이 어느 내용인지 구체적인 내용과 해당내용에 적용한 법령 조항.

      (3) 이런 행위를 한 자 및 지시자의 이름. 직위. 직책.

      (4) 이런 프로그램을 개발한  관련자들 전부와 이런 프로그램 개발시 적용 법령조항.

      (5) 민원인  뜻에 반하여 조치하는 것이 민원사무 처리에 관한 법령에 일치하는지 여부와 이에 대한 조치 근거법령 및 조치 결과


○ 민원인 제안 내용

 행정청이 우월적 지위에서 법을 집행한다고 하여도 그 범위는 법이 인정하는 한도 내여야 합니다.  

1. 공개전자민원신청을 공직자들이  “비공개‘ ”비공개로 전환“하는 행위 시에는 그 적법 근거와 민원내용에 대하여 알려 주어야 합니다.  

2.  비공개로 전환도 비공개 이니 비공개로 표시하고 비공개로 평가하여야 합니다. 

3.  어떤 인쇄를 해도 만족도 등록 내용이 인쇄되어야 합니다.

4. 다른 기관으로 이송 시에도 이송 근거 법령과 판단 근거를 알려주어야 합니다.",,,"1. 국민신문고에 대한 관심에 감사를 드리며, 귀하께서 신청하신 제안(1AB-1009-008998, 국민신문고에 공개로 신청한 민원을 비공개로 전환하지 않도록 해주세요)에 대한 검토결과를 다음과 같이 알려드립니다.

        2. 답변사항

         ○ 국민신문고에 신청한 민원 및 제안의 내용 중에 개인정보, 욕설, 비방,  광고 글 등이 포함되어 있는 경우“공공기관의 개인정보에 관한 법률” 및“부패방지 및 국민권익위원회의 설치와 운영에 관한 법률 제78조(고충  민원 사무의  정보보호)”등 에 의하여 해당접수기관에서 판단하여 비공개로 전환하고 있음을 이해하여 주시기 바랍니다. 앞으로 국민신문고를 이용하시면서 불편한 사항이 있으면 언제든 문의하십시오. 친절히 답변 드리겠습니다. 

        3. 제출하신 의견은 적용하기에 어려운 단순건의에 해당하여 채택하지 않음을 양해하여 주시기 바랍니다.

        4. 상기 내용 이외에 추가로 궁금하신 사항은 국민신문고담당관실 정진덕조사관(02-360-2750)에게 연락하여 주시기 바라며, 귀하와 귀하의 가정에 건강과 행운이 항상 함께하기를 기원합니다. 끝.",20240125,NA
한계상황의 국민들에 대한  긴급구제제도,식품/보건/복지/가족,,제안심사,2010-09-27,NA,보건복지부,"1. 현행제도및 운영의 실태와 문제점 

신문기사나 방송등을 통해 우리 주변에 극단적인 삶의  선택을 하는 분들이 전에 비해 더욱 증가하고 있다는 보도를 접하게 됩니다  특히 부모가 어린자녀들과 같이 또는 젊은 계층에서 동반하여 발생하는 경우도 많아 참으로 안타까운 일로 생각됩니다 우리나라가 이제는 남의 나라를 도울만큼 경제적으로 많이 발전하였고 국제적인 위상도 많이 높아졌다고는 하지만 그 이면에는 아직 경제적으로 어려운 가정이 많고  사회의 그늘진 구석이 많다는 것을 간과해서는 안될 것입니다 예전에는 사랑의 전화라는 것이 있었던 것 같은데 요즈음은 이런 분들을 위한 유사한 상담지원제도가 주변에 별로 없는 것 같습니다  외국에 원조하는 것도 중요하지만 급박한 어려움에 처한 우리 국민을 돌보는 것도 그에 못지 않게 소중하다고 생각됩니다  

2. 개선내용

정부나 지자체등에서 긴급구제제도 마련 

- 불우이웃돕기와 같은 범국민적 모금행사와는 별도로 정부나 지자체등에서 국민이 직접 일상적으로 제보할 수 있는 긴급구제 제도를 마련

3. 개선시 기대효과

급박한 어려움에 처한 국민들에 대해 전문가로부터의 진지한 상담과 조언을 통해 갱생과 자활의 방안을 모색하고 필요시 긴급지원등을 통해 소중한 삶을 쉽게 포기하지 않도록 함",,,NA,20240125,NA
生態都市(ecocity)의 實現을 위한 都市環境 관리방안,행정/자치/안전,ECO CITY.hwp,제안심사,2010-09-27,NA,창원시,"아래 글은 본인이 1998년 창원시 공무원 재직 중에 작성한 제안서입니다. 당시로선 생태니 eco니 하는 단어마저 생소한 마당에 이런 생뚱맞은 제안을 하니 수용될 리가 만무하였겠지요. 창원천을 생태하천으로 조성하자고 제안한 것도 본인이고 이 무렵이었습니다. 청계천 복원사업 설계가 2002년에 시작이고 보면 당시 본인의 제안이 너무 앞서간 탓에 받아들여질 수 없었겠지요. 퇴직을 하고 실내건축 전문건설회사를 차려 회사명을 (주)에코라 하였더니 사람들은 모두가 메아리 echo로 이해했습니다. 그리고 인터넷에서 ""에코""를 검색하면 처음에는 우리 회사가 첫 화면에 노출되었는데 지금은 에코라는 회사가 하도 많아 아예 찾을 수가 없을 정도입니다.  창원시청 민원실을 리모델링하면서 최초로 실내에 조화가 아닌 자연식물과 생화로 조경을 하고, 자연의 분위기를 최대한 살리고자 하였던 시도도 본인의 자연환경에 대한 집착 때문이었다고 봐야겠지요. 

 여기서 재미있는 일은 창원시는 이 공사의 대금으로 4천8백만원을 지출했는데 년말에 민원실 환경 개선분야 평가에서 전국최우수로 5천만의 상금을 받았다고 합니다.


 본인이 당시 창원을 생태도시로 만들고자 발상을 하였던 이유는 “창원=공업도시”하는 등식이 전국적으로 너무 깊이 각인되어 있어 장기적으로 보면 이것은 결코 바람직하지 못한 도시의 이미지라는 생각을 하였습니다.

 그래서 도시의 이미지를 확 바꾸는 대안으로 환경도시, 문화도시를 생각하게 되었고, 환경도시를 만드는 방안으로 창원천과 남천을 축으로 하는 생태이동로 조성을 핵심으로 하고, 문화도시를 만드는 방안으로 키네틱아트를 핵심으로 하는 방안으로 제안을 하였습니다.

  그로부터 12년이 지난 이 시점에 되돌아보면 늦은 감은 있지만 환경도시 측면에서는 상당히 진척이 있기는 하지만 문화도시 측면에서는 아직도 창원을 대표하는 문화의 키워드를 제대로 찾아가지 못하고 있음에 안타까울 뿐입니다.


 그리고 창원천 생태하천 조성사업은 시도는 좋았으나 창원시가 창원천의 생태에 관한 고찰 없이, 그리고 생태하천에 대한 개념에 대한 인식의 부족으로 계속 엉뚱한 방향으로 공사를 하면서 예산만 낭비하는 모습을 보면서 실로 실망을 금할 수 없습니다. 

 창원시 당국에 제발 바라건대 청계천은 청계천이 지니고 있는 환경조건이 있고, 창원천은 창원천대로 남천은 남천대로 지질이 다르고, 유입수원이 다르고, 모든 환경조건이 다르다는 사실을 알았으면 합니다.


 창원천과 남천이 지니고 있는 자연적, 도시적 환경에 대한 특징과 장점을 좀 더 깊이 이해하고 고민하여 그에 적합한 생태하천 복원사업을 하였더라면 선진지 견학이나 관광의 상품으로도 충분히 개발할 수 있었을 텐데 하는 아쉬움과 미련을 떨쳐버릴 수가 없습니다.",,,NA,20240125,NA
"꼭""~필요합니다!",기타,,답변완료,2010-09-26,2010-10-04,국민권익위원회,"-국민신문고""를 자주 들락 거리는~~ 한 사람입니다.


-신문고""에 제안,민원등을 제출하면서 늘 느꼈던 생각을


토로""하고자 합니다.


-국민신문고""~ 글(제안,민원)""을 초안""할 수 있는 수첩이나


노트가 없습니다.


***5000점 마다~~~ 포인트 획득자""에게 작은 수첩이나 


노트""를 제작하여 보내 주셨으면 합니다.


-그 곳에~~일목요연""하게~""국민신문고""~기록을 영원히


남길 수 있는 수첩이나 노트를 만들어 해당자?에게


보급해 주십시요.


-길을 가다가~~혹은 사무실에서 갑자기 아이디어""가


떠오를 때가 있습니다.


-준비된 필기구는 있는데~~메모할 마땅한 수첩이나


노트?가 없습니다.


-""국민신문고""~~수첩""이나 노트""가 있다면 ~~더욱 알차고


충실한 제안이 되지 않을까?~~~~",,,"1. 국민신문고에 대한 관심에 감사를 드리며, 귀하께서 신청하신 제안(1AB-1009-008740, 국민신문고 포인트 5,000점 이상을 획득하면

    작은 수첩이나  노트를 제작하여 보내주세요)에 대한 검토결과를 다음과 같이 알려드립니다.

2. 답변사항

 ○ 현재 국민신문고에서는 회원가입, 국민제안 신청시 등에 대하여   포인트점수를 부여하고 있습니다. 국민신문고 포인트 5,000점 이상이

     면 정책토론에 패널로 참석할 수 있는 권한 부여외에는 현재로서는 별도의 계획이 없음을 양해 하여 주시기 바라며, 앞으로 국민신문고

     를 이용하시면서 불편한 사항이 있으면 언제든 문의하십시오, 친절히 답변드리겠습 니다.

3. 제출하신 의견은 국민제안규정 제2조에 의거한 단순 건의에 해당하여 채택하지 않음을 양해하여 주시기 바랍니다.

4. 상기 내용 이외에 추가로 궁금하신 사항은 국민신문고담당관실 정진덕조사관(02-360-2750)에게 연락하여 주시기 바라며, 귀하와 귀하의

    가정에 건강과 행운이 항상 함께하기를 기원합니다. 끝.",20240125,NA
기초생활보장제도 완전히 뜯어고쳐야 합니다.,식품/보건/복지/가족,,제안심사,2010-09-19,NA,보건복지부,"국민 기초생활보장제도가  2000년도에  시행되어  지금까지 계속적으로 이제도가  시행이 되고  있습니다   보건복지부에서는 기초생활보장제도를  완전히 뜯어고쳐야 합니다


첫째.  영구임대주택에  거주하는 영세민 (수급자) 및 차상위계층

영구임대에 거주하는 자들은 (일반세대포함)  임대보증금 200만원 안밖의 보증금을 걸고

관리비를 내면서 장기거주를  하고 있습니다

이런 와중에 주차장에 보면 차량들이 줄비차개 많습니다  고급승용차들도 있습니다

부정 수급자들이 가지고 있는 차량을  명의도용하여 차주를 가짜 차주로  서류상으로 꾸며놓고  운행하는 자들도  많습니다   이  부정수급자들  어찌 적발해서 처리하겠습니까?

수급자는 차량을 소유하면 탈락입니다  하지만 차량을 타인명의로 버젓히 등록해놓고 운행하는 자들이  많습니다 .  심각합니다


부정수급자들의 형태는 여러가지가 잇습니다 수급자 가구원이 아닌자가 같이 거주하며 소득활동을 하는 수급자 세대도 있으며 위장이혼을 해놓고  몸은 같이 살며 생계비를 받아먹는 자들등...

 특히 타인의 차명계좌를 쓰면서  재산및 소득을 숨기고 생게급여비를  지원받는 자.

수급자들만 신청 지원하여 받는 쌀을  일반세대에 팔아먹는자.(또는 그냥 주는자)

별별 부정이 저질러 지고  있습니다  영구임대주택 거주 수급자들의 횡포는 끊임없습니다


제안자의 개인적인 의견은  국민기초생활보장제도를 대폭 축소하여야 합니다

-중증장애 1.2급자들만  수급자로 지정보호가 될수 있도록  대폭 축소하여야 합니다-


정부예산을 이렇게 부정수급자들에게 펴부어 주는것은 국민혈세의 낭비입니다

근로능력이 있고 없고를  떠나서  중증장애자(1.2급) 이왼  보호를 해주면  안됩니다

한번 수급자가 되어 소득및 재산이 기준이하이면  평생 죽을때까지  수급자로 생계비 지원해줘 .. 의료비 지원해줘등 (교육비포함) 각종헤택을 주는것은  잘못된 정책입니다


기초수급자들에게  3년이라는 시간을 주어  탈수급이 될수 있도록  해주어야 합니다

3년이 지나면  수급자에서 탈락을 시켜야 합니다  기간을 정하여 3년안에 자활을 할수 있도록

제도적 장치를 마련해야 합니다  


선진복지를 펼치는것은 좋으나  한번 수급자가 되면  다시는 탈수급이 안됩니다

계속적으로 기초수급자로 살다가 죽는것입니다

(이런자들이 상당수 입니다)


-또한 부양의무자 기준을 없애야 합니다

아들은 30%적용  딸은 15% 적용  이부분은 폐지를    하여야 합니다-


결론은 기초생활보장 제도에  있어서  중증장애자들에게만  기초보장제도를 주어 생계비및 의료비 혜택을 주고   조금이라도 근로가 가능한   사람들은   수급자에 포함시키면 안됩니다.


-로능력 평가에 있어서도[ 65세 이상자들의 노인들에 대한  근로능력 평가도 아주 절실합니다

예를들어  65세 이상자가  고혈압이 있다--> 합병증으로 수술을 하거나 뇌졸중이  와서

뇌병변장애자가 되면  수급자 보호를 해주던지... 해야  합니다


노인들이 너무나도 건강한 자들이 많아서   80.90에도 쓰레기 줍는 일이라도 하는 분들이 많더군요  그만큰 근로가 가능하다는 말입니다  큰병으로 누워계시는분들 제외하고 말입니다

결론은 국민기초생활보장제도  대폭 손질해야  합니다

또한 부정수급자들은 철저히  가려내어  민형사적 책임을 물어야 합니다


 둘째.  부정수급자 조사에 있어 타인이 연관되어  있을시  그사람까지 조사를 할수 있도록 해야 합니다   수급자가 아니면  조사를 할수 없다  이것은 잘못된것입니다

부정수급자 조사에서 제3자가 연관되어 같이 적발시 공범으로 똑같이 형사고발을 추진해야  합니다  ...

수급자가 아니더라도  부정수급자에 대한 신고가 들어오면  타인과(명의도용건) 연관되어  있을시

그사람까지 모든조사를 할수  있도록  장치를 만들어야 합니다 


전국의 각 지방에도 기초보장관리단을  만들어서  업무를 봐야  합니다

전국의 시군구에 기초보장관리단을  설립해야  합니다


국민기초생활보장제도는  좋은제도이나  어찌보면  가난한자들이 정부를 이용하여

생계비를 지원받으며  먹고놀고 도박하고  별별 형태가 판을 치고 있습니다


국민기초생활보장제도  대폭적인 손질이 필요할 시기입니다

중증장애자들에게만 생계비를 지원해주고  나머지 저소득층들은  탈수급을 유도하여

자활이 필요한 시기이자 자신의 노력으로  살아갈수 있는 길을 만들어주는것이

정부의 할일입니다.   참고 바랍니다 


옛말에 가난은 죄가 아니다라고 말하지만  가난은 되물림이자 좌악이라고 생각합니다

가난한자들은 뭔가가 달라도 다릅니다  가난을 구제한다는 취지하에서 이제도가 생겼지만

이제도를 악용하고 먹고놀면서 다달이 나오는 생계급여비를 받아서 겨우 생활은 하겠지만

이보다 더좋은 것은   기초수급자가 안되는것이 제일로 바람직한것입니다


잠시나마 어려워서  정부의 보호를 받을수도 있습니다  허나 장기적으로  평생을 이런제도를 악용하여  보호를 받으며  살아가는것이 과연 올바른것인지?  의문입니다

노력을 해서  자신의 힘으로 살아가는것이 제일로 바람직하지 않나 생각이 듭니다  그럼. 

보호받으면서 산다면",,,NA,20240125,NA
보육료 전액 지원에 대하여,행정/자치/안전,,제안심사,2010-09-19,NA,창원시,"요즘 보육료 전액지원에 대하여.


매일 인터넷을 볼적마다 이것인가 저것인가...


결론은 이웃나라 일본처럼 아이들 수당으로 정액제로 하면 가장 간단한 것이라는 것입니다


영어학원을 보내든 , 국립유치원을 보내든 그것은 부모님들이 결정하면 되는 것이고, 정부가 그것까지 세세하게 신경쓸 필요가 없다는 것입니다.


이웃일본의 경우는 만몇세 이하 규정을 정하여 :13,000엔/인당 지급으로 

아무런 말도 탈도 없습니다.

현재 제가 일본에 거주를 하면서 느낀점입니다.


정책에 도움이 되었으면 하는 마음으로 몇자 적어 봅니다.


김 경진배상",,,NA,20240125,NA
"신문고에서 민원신청시   ""필수""입력 요소  간소화 제안",기타,,답변완료,2010-09-17,2010-11-02,국민권익위원회,"모든 정부기관의 홈페이지에서

민원(제안) 신청 버튼을 누르면 나타나는 화면의 ""필수""입력 사항에 관련입니다.



1.  현재는 첫 번째 입력사항인 신청인이름을 입력하고자 할 때 한/영 변환키를 누르지 않으면 영문으로 입력됩니다.


이것을 한/영 변환 키를 누르지 않은 상태에서 한글로 입력되도록 개선하면 편리하겠습니다.


예를 들어,

""네이버"" 검색창 등에서는 한/영 변화키를 누르지 않은 상태에서 바로 한글이 입력됩니다.



2.  진행상황 통보방식에서

이메일이나 문자메시지를 선택한 사람은 주소를 입력하지 않아도 되고

서신을 선택한 사람에 한하여 주소를 필수입력하도록 개선하면 매우 편리하겠습니다.


주소를 입력하는 것이 은근히 짜증나는 작업입니다.",,,"1. 국민신문고에 대한 관심에 감사를 드리며, 귀하께서 신청하신 제안(1AB-1009-006556, 국민신문고 민원신청 할 때 신청인 이름 입력 시 기본 키를  한글로 설정 및 진행상황 통보방식에서 이메일이나 문자 메시지를 선택한 민원은 주소를 입력하지 않도록 개선)에 대한 검토결과를 다음과 같이 알려드립니다.

        2. 답변사항

         ○ 현재 민원신청 할 때 신청인 이름 입력 시 기본 키는 한글로 설정 되어 있으며, 회원 가입 후 로그인시에는 주소를 별도로 입력하지 않아도 자동으로 입력이 되고 있습니다. 앞으로 국민신문고를 이용하시면서 불편한 사항이 있으면, 언제든 문의하십시오. 친절히 답변  드리겠습니다.

        3. 제출하신 의견은 현재 시행중인 건의에 해당하여 채택하지 않음을  양해하여 주시기 바랍니다.

        4. 상기 내용 이외에 추가로 궁금하신 사항은 국민신문고담당관실 정진덕조사관(02-360-2750)에게 연락하여 주시기 바라며, 귀하와 귀하의 가정에 건강과 행운이 항상 함께하기를 기원합니다. 끝.",20240125,NA
중소기업 밀집지역에 기술관련 대학 캠퍼스 설치 운영,교육/문화/체육/관광,,답변완료,2010-09-16,2013-05-07,교육부,"- 현행제도 : 중기청에서는 중소기업 계약학과 등을 통해 중소기업에 근무하는 직원들의 못다한 학업에 도움을 주려고 하고 있으나, 아직 미흡한 실적으로 관련 사업확대 필요. 또, 특정 대학내에 위치해 거리가 멀거나 시간에 쫓기어 쉽게 학업에 도전하기가 힘든실정이라 판단됨.


- 개선내용 : 공단내 지원시설이나 개별입지 내 중소기업 밀집지역에 기술관련 대학 캠퍼스를 설립해 더욱 쉽게 접할 수 있도록 하여 중소기업 근무자의 지속적인 학업지원. 또, 자격증 취득에 필요한 학과 뿐만 아니라 수요에 맞는 몇개 학과개설 추진.


- 기대효과 : 대졸자보다 다른 처우를 받고 있는 근로자의 계속된 학업열기 지원. 각종 자격증 취득과 근로자 사기앙양으로 중소기업 생산성 향상.",,,"○ 안녕하십니까? 교육부 취업지원과입니다. 먼저 우리부 기술대학 관련하여 고견을 주셔서 감사드립니다.

  ○ 우리부는 기술대학 설립/운영규정을 마련하고 이에 따라 2000년부터 대한항공 산하 정석대학을 기술대학으로 인가하여 운영해 오고 있습니다.

  ○ 기술대학은  학교법인, 산업체 단독, 산업체 단체 법인이 이를 설립할 수 있으며, 산업체 직원 규모에 대하여는 제한을 두고 있지 않습니다.

  ○ 따라서, 현행법상 기술대학은 중소기업이나 대기업 여부와 관계없이 설립주체에 해당되는 경우 우리부의 인가를 통해 설립할 수 있습니다.

  ○ 다만, 중소기업에 대한 배려가 기술대학 설립 인가시 필요하다고 인정된다면 우리부에서 내부적으로 검토하도록 하겠습니다.

  ○ 본 건과 관련하여 추가 문의사항이 있을 경우 교육부 취업지원과 채정이주무관(☎: 02-2100-6885, E-mail: chaejy12@moe.go.kr)에게 문의바랍니다.

  ○ 민원인의 가정에 항상 웃음과 행복이 가득하길 기원합니다.",20240125,NA
자전거 도로에 대해서,행정/자치/안전,,제안추진,2010-09-16,NA,포천시,"의정부에서 포천까지 연결되는 자전거 도로가 없습니다.

자전거를 타고 의정부를 지나 중랑천까지 갈수 있는 전용도로가 있었으면 합니다.

요즘 자전거 족들도 많아졌잖아요~

저도 버스를 타고 다니는 것보다는 버스비도 아끼고 자전거를 타고 출퇴근 하면 좋을거 같아서.. 글을 올립니다.",,,,20240125,NA
유아용품 재활용,행정/자치/안전,,제안심사,2010-09-14,NA,강남구,"1.현행제도 및 운영의 실태와 문제점

유아용품은 장난감부터 가격대가 만만치 않은것들이 많으나 대부분 중국제품이거나 소모성으로 취급하는 경우가 많습니다. 요즘은 소리 나는 장난감들이 많아서 대개는 몇만원씩 하는 것들이 많습니다.

하지만 수입업체나 판매없체들이 판매에만 목적을 두고 수리에는 신경을 안 쓰는것 같습니다. 

저소득 가구나 또는 동생들이나 지인들에게 물려주려고 해도 다시 손질만 조금하면 다시 쓸수있지만 

전혀 찾을 곳이 없어 버려지거나 하는 경우가 많습니다.

2.개선내용 및 개선시 기대효과

재활용품을 모아서 기부를 하거나 옷이나 가구처럼 다시 손질해서 팔수있는 공간을 마련해 놓으면 좋을것 같습니다. 수리도 해주고 원하면 서로 교환도 하고 또 다른 사람에게 기부도 해줄수있는 아기 키우기가 만만치 않은데 정말 고장난 장난감들 그 비싼것을 고칠곳이 없어 버리다니 정말 자원낭비입니다. 

비싼 장난감이지만 대부분 아기들 손에 1년남짓지나면 소용이 없어 크게 신경쓰진 않지만 만약 고치고 수리해서 리폼을 해준다면 다들 자원을 유용하게 나누어 쓸수 있게 될것입니다.",,,NA,20240125,NA
서울시에서 시민에게 전화시 발신자명 표시해주세요,행정/자치/안전,,답변완료,2010-09-11,2013-02-01,서울특별시,"1.현황 및 문제점

ㅇ하루에도 수차례 걸려오는 자동차 보험사, 카드사, 유무선통신사의 전화는 물론 홈쇼핑, 대출, 부동산 전화 등 각종 스팸 전화나 보이스피싱 전화 등으로부터 많은 시민들이 정신적 스트레스를 받고 있음 

ㅇ이러한 텔레마케팅 전화등 스팸전화의 피해로 인하여 일부 시민들은 알지 못하는 전화는 안 받게 되고 받아야 하는 관공서 전화도 받지 않게 되는 경우 발생

* 실제로 시에서 제안관련으로 전화가 내게 왔을 때, 모르는 전화번호라 안 받은 적도 있음


2.개선방안 

ㅇ관공서에서 시민에게 전화시 발신자명이 표시되도록하여 스팸전화가 아님을 적극적으로 알리고 시민이 전화를 받을 수 있도록 함 

변경전)02-2171-xxxx, 02-731-68xx 

변경후)서울시 창의혁신담당관 02-2171-xxxx, 서울시 민방위교육과 02-731-68xx 

* 서울시청 시범운영후 서울시 전 주민센터 및 산하기관 확대 시행 

*현재 이동통신사에서 제공하고 있는 레터링 서비스로 발신자전화번호와 함께 발신자명도 같이 표출 가능하며 기업은행 등 일부 금융권에서는 발신자명을 표시해서 당은행 거래자에게 전화하고 있음 


3.기대효과 

ㅇ시청 등 관공서 전화에 대한 신뢰 향상 

ㅇ전화도 시민이 선택해서 받을 수 있는 권리 제공 및 스팸전화로 인한 역피해 방지 

ㅇ서울시에서의 솔선수범을 통한 올바른 전화문화 정착 유도 및 스팸전화 감소 기대",,,"시정발전에 좋은 의견을 주신 점 감사드립니다.

본 서비스는 통신사/휴대전화 기기별 서비스차이가 많고, 회선별 서비스 요금 부가되어 상당한 공공요금이 발생하여 소요예산 대비 효과가 미흡한 것으로 조사되었습니다.

본 제안은 해당 서비스가 일반화될 때 민원상담이 많은 특정 부서를 대상으로 장기적으로 검토할 예정이오니 이점 널리 양지하여 주시기바랍니다.

감사합니다.",20240125,NA
어린이 탑승차량 앞지르기 금지(반드시 정차),행정/자치/안전,,제안심사,2010-09-11,NA,경찰청,"문제점

1. 스쿨존이라는 명목하에 시속 30km 이하로 운행중입니다.

2. 또한 중심(국도 or 시내) 도로에서는 잘 실천되지 않습니다.

3. 미군기지나 미국에서는 어린이 탑승 차량 정차시 추월하지 않습니다.


개선내용

1. 우리나라도 스쿨존에서나 어린이 탑승차량 승.하차시 맞은 편 차량이나 뒤따른 차량은 모두 반드시 정지하여 아이들이 안전하게 스쿨차량을 이용하였으면 합니다.

2. 국민 캠페인 실시


기대효과 

1. 대한민국의 미래인 어린이의 생명을 보호할것입니다.

2. 선진 국민이 될것입니다.",,,NA,20240125,NA
새 권익위 위원장님께 건의합니다.,기타,,답변완료,2010-09-11,2010-10-01,국민권익위원회,"(권익위 위원장님이 바뀌셨기에 한번 더 건의합니다.)


우리나라에 이렇게 열린 창구가 있어서 행복합니다. 

저도 벌써 100여개나 건의를 했네요. 

와우~~~ 


제가 비교적 적극 건의하는 것은 삼삼오오 모여서 불평하는 것은 

국가 발전에 전혀 도움이 되지 않을 뿐만 아니라 오히려 해가 되지만 

적극 건의하며 좋은 방향으로 여론을 형성해 나가면 

우리나라가 훨씬 더 빨리 발전할 수 있다고 생각하기 때문입니다. 


그런데 애써 건의하면 담당부처에서 고정관념을 벗어나지 못하고 묵살해 버리거나 ""가제는 게편""이라고 자기네 부서의 이야기이기에 변명에 급급한 경우가 왕왕 있어서 안타깝습니다.  특히 ""좋은 의견 감사합니다. 참고하겠습니다.""라고  앵무새처럼 답하면 속상하고 힘이 빠진답니다. 


그런데 KBS TV에서 ""5천만의 아이디어""라는 멋진 프로그램을 하고 있네요. 

바로 이것입니다. 담당부처에서 간과된 의견도 100인에 의해 추천될 수 있다는 것입니다. 

장기 둘 때 당사자보다 훈수 두는 사람에게 더 잘 보이듯이 

제 3자가 보면 더 잘 보일 수 있기 때문입니다. 


따라서 권익위(또는 신문고)에 올라오는 모든 제안에 대하여 

담당부처에서 나름대로 처리하겠지만 권익위 자체적으로 ""국민제안심사위원회 ""를 두어서 

검토하신다면 혹시 담당부처에서 간과될 수 있는 좋은 의견을 

놓치지 않고 건질 수 있을 것입니다. 


제안심사위 구성은 다양한 계층의 사람 10~20명을 1개조로 하되 

예산이 문제라면 자원봉사자를 활용하거나 약간의 인센티브를 주는 방법도 있을 것입니다. 

여기 신문고에 글올린 사람들 중에서 모집하면 많이 지원할 것 같습니다. 


부디 적극 검토하시고 시행해 주시기 바랍니다.",,,"국민신문고 국민제안 코너에 깊은 관심을 가져주신 데 감사드립니다.


선생님께서는 국민신문고에 올라오는 모든 제안에 대해 “국민제안심사위원회”를 두어 해당기관과는 별도로 재심사를 하자는 제안을 해 주셨습니다.


2009년도에 국민신문고를 통해 접수된 국민제안은 8만4천여건이며, 2010년에는 이미 국민제안 접수건수가 8만건을 넘었습니다. 제한된 인력으로 모든 제안에 대해 재심사를 한다는 것은 물리적으로 불가능하며, 이를 위해서는 예산 및 인력 확충이 필요하므로 단기적으로는 실시가 불가능하여 불채택함을 양해하여 주시기 바랍니다.


다만 각 기관에서는 불채택된 제안에 대해 정기적으로 재심사를 실시하는 등의 노력을 하고 있으며, 국민권익위원회에서는 중앙행정기관의 국민제안 채택률 및 재심사 채택률을 평가하여 채택률을 높이기 위해 노력하고 있습니다. 앞으로도 채택률 제고를 위해 다양한 노력을 해 나가겠습니다.",20240125,NA
국민신문고의 정상적 가동을 위한 조치,기타,,답변완료,2010-09-11,2010-10-06,국민권익위원회,"현 문제를 해소하는 제 민원(제안)을 채택하지 않는 이유를 알려 주기 바랍니다. 즉 현재 문제를 해소할 근본적인 대책이 무엇인지?이며, 과거 행위나 미래 업무에 참고할 것이란 답이 아닙니다. 제 블로그(http://blog.daum.net/seojoung) 중 “제안”에 잘못된 내용이 기재되어 있으면, 구체적으로 알려 주기 바랍니다.

국민을 위하는 공정한 행정을 하기 바라며, 말만하지 말고 이를 실천하기 바랍니다.",,,"안녕하십니까? 

국민신문고를 방문해 주셔서 감사드립니다. 


귀하의 제안(1AB-1006-005968)에 기 안내(2010.07.13)해 드린바와 같이 국민제안은 국민이 정부시책 또는 행정제도・운영의 개선을 목적으로 행정기관의 장에게 제출하는 창의적인 의견 또는 고안으로서, 


「국민제안규정」제2조(정의) 제1호 마목에서는 ‘단순한 주의환기・진정・비판・건의 또는 불만의 표시에 불과한 것’은 국민제안에 해당하지 않는다고 하고 있고, 


「국민제안규정 시행규칙」 제3조(제안으로 볼 수 없는 사항의 처리)에서는 “행정청은 영 제2조 제1호 각 목에 따라 제안으로 볼 수 없는 사항으로서 「민원사무처리에 관한 법률」에 따른 민원사항을 접수한 때에는 민원사무에 준하여 처리・통보하도록 해당 부서에 이첩하여야 한다.”고 규정하고 있습니다. 


귀하께서 제출하신 제안(1AB-1006-003987)은 “국가보훈처가 임의로 제안을 민원이라 분류하여 이를 제대로 처리하지 않고 있으니 권익위에서 보훈처에 책임을 추궁하여 국민신문고를 정상적으로 가동할 수 있게 할 수 있는지, 할 수 있다면 그 처리 내용을 알려 달라.”는 것으로 그 내용이 구체적인 개선의견 없이 단순한 비판 또는 불만의 표시라고 보이고, 행정기관에 대하여 특정한 행위를 요구하는 민원사무라고 판단되어 민원으로 이관하였음을 재차 안내해 드립니다. 


감사합니다.",20240125,NA
국민권익위원회 명칭 적정 여부,기타,,답변완료,2010-09-11,2010-10-06,국민권익위원회,"현 문제를 해소하는 제 민원(제안)을 채택하지 않는 이유를 알려 주기 바랍니다. 즉 현재 문제를 해소할 근본적인 대책이 무엇인지?이며, 과거 행위나 미래 업무에 참고할 것이란 답이 아닙니다. 제 블로그(http://blog.daum.net/seojoung) 중 “제안”에 잘못된 내용이 기재되어 있으면, 구체적으로 알려 주기 바랍니다.

국민을 위하는 공정한 행정을 하기 바라며, 말만하지 말고 이를 실천하기 바랍니다.",,,"안녕하십니까? 

국민신문고를 방문해 주셔서 감사합니다. 


위원회의 명칭변경 및 해산에 대한 귀하의 제안에 대해 기 안내(1AB-1004-004286, 1AB-1004-006506, 1AB-1005-000187, 1AB-1005-001006, 1AB-1005-001690, 1AB-1005-002470)해 드린바, 동 내용을 참고하시기 바랍니다. 


귀댁에 건강과 행운이 함께 하길 기원합니다. 감사합니다.",20240125,NA
국민신문고 운영방법 개선,기타,,답변완료,2010-09-11,2010-09-27,국민권익위원회,"현 문제를 해소하는 제 민원(제안)을 채택하지 않는 이유를 알려 주기 바랍니다. 즉 현재 문제를 해소할 근본적인 대책이 무엇인지?이며, 과거 행위나 미래 업무에 참고할 것이란 답이 아닙니다. 제 블로그(http://blog.daum.net/seojoung) 중 “제안”에 잘못된 내용이 기재되어 있으면, 구체적으로 알려 주기 바랍니다.

국민을 위하는 공정한 행정을 하기 바라며, 말만하지 말고 이를 실천하기 바랍니다.",,,"1. 국민신문고에 대한 관심에 감사를 드리며, 귀하께서 신청하신 제안(1AB-1009-003584, 국민신문고 운영방법 개선에 대한 제 제안을 채택

    하지 않는 이유를 알려주시기 바랍니다.)에 대한 검토결과를 다음과 같이 알려드립니다.

2. 답변사항

 ○ 답변(1AB-1004-006513,1AB-1004-004359,1AB-1002-000021, 1AB-1005-003953, 1AB-1006-003986 등)드렸던 바와 같이, 국민신문고에

     제출하신 제안(현재의 단답식 운영방법을 문답식 운영방법으로 개선 등)은 각 기관별, 부서별, 업무특성과 민원내용에 따라 담당자가

     적절하게 사용할 수 있으며, 시스템상 강제화하기는 곤란하다는 점을 다시 한번 이해하여 주시기 바랍니다. 

3. 제출하신 의견은 국민제안규정 제2조에 의거한 단순 건의에 해당하여 채택하지 않음을 양해하여 주시기 바랍니다.

        4. 상기 내용 이외에 추가로 궁금하신 사항은 국민신문고담당관실 정진덕조사관(02-360-2750)에게 연락하여 주시기 바라며, 귀하와 귀하의 가정에 건강과 행운이 항상 함께하기를 기원합니다. 끝.",20240125,NA
대부업체 대출금리에 관한  건,재정/금융/소비자,,제안심사,2010-09-10,NA,금융위원회,"현 대부업체의 최고 금리는 약 연48%인 걸로 알고 있습니다.  이는 정말 불공정한 금리입니다. 도대체 이러한 발상이 어디에서 나왔는지는 모르겠지만, 이로 인해 서민들이 이러한 대부업체로 부터 높은 금리로 대출을 받아서 어떻게 산다는 것입니까?  이것도 시장원리라는 틀에서 생각하는 것입니까? 결국은 도둑질해서, 혹은 부정부패를 저질러서 이자를 내다가 파산을 하게 만드는 제도입니다. 대부업체는 소액을 대출해 주는 업체입니다. 그렇다면, 서민들이 소액을 대출받아 이자를 고액을 내야하는 악순환을 겪고 있습니다.  이러한 문제들이 사회의 나쁜 사건들로 이어져 나아가고 있다는 사실을 잘 아시면서, 정책 담당자나 결정자나 왜 이자율을 낮추려고 하지 아니하는가요? 현실적으로 대부업체 대출금리는 25%로 낮추어야 합니다.  50%가까이 하는 고금리의 현행 대부업체 금리는 부당합니다. 이거 정말로 정책담당자나 결정자는 별로 좋은 분들이 아니라고 생각합니다. 정말 너무합니다. 부디 속히 적어도 연25%선으로 조정하여 법규를 개정하여 주시기 바랍니다.",,,NA,20240125,NA
처리결과 보고,기타,,답변완료,2010-09-10,2010-09-28,국민권익위원회,"의결 받은 후  처리 결과 를 국민권익위원회 에 보고 

하는 시스템을 만들기를 제안 합니다.


예; 민원인이 신청한 민원 을 권익위원회에서 (1개월~1년) 열심히 조사하고 많은 노력을 해서  의결을 하였는데 주문을 받은 기관에서는 정작 달라지고 개선 되는 일이 없다면 국민권익위원회는 유명무실 하지 않을까요? 


국민권익위원회 로 부터 으결문을 받을때는 정말 희망이 보이고 우리나라에 이러한 좋은 위원회가 있다고 자랑하며 너무너무 감사하며 고맙다고 천번이라도 절을 하였지요 그러나 1년 반이 지난 지금도 달라진 것은 아무것도 없어 옛날 그대로 마음 고생만 한답니다.


              좋은 나라 개선되는 나라 가 되기를 기대 합니다.",,,"1. 안녕하십니까. 국민권익위원회입니다.


2. 귀하께서는 시정권고 한 사항에 대해 피신청기관이 의무적으로 수용하여 통보토록 하는 시스템을 도입하자는 취지로 국민제안을 하셨습니다.


3. 위원회의 시정권고를 통보받은 피신청인은 이를 존중하여「부패방지 및 국민권익위원회의 설치와 운영에 관한 법률」제50조 제1항에 따라 통보받은 날로부터 30일 이내에 그 처리결과를 우리 위원회로 통보하도록 하였으며, 피신청인이 위원회의 권고대로 조치하기가 곤란하다고 통보할 경우에는 지속적인 사후관리를 실시하고 있습니다. 


4. 또한, 권고의 실효성 확보를 위해 피신청기관에 사전에 권고의 취지를 충분히 설명하는 등 불수용 방지 노력 강화하고, 불수용민원에 대해 정기적인 이행독려와 이행실태 점검을 실시하고 있으며, 「부패방지 및 국민권익위원회의 설치와 운영에 관한 법률」제53조에 따라 시정권고의 내용과 불이행 사유를 언론에 공표하는 등 지속적으로 관리하여 조속한 해결을 유도하고 있습니다.


5. 권고의 실효성을 보다 강화하기 위해 권익위 법에 위원회에서 시정권고 한 사항에 대해 피신청기관이 의무적으로 수용하여 통보토록 하는 방안을 고려해 볼 수 있으나 국민권익 보호를 위해 강제력보다는 대화와 협력을 통해 보다 폭넓게 국민의 권익을 보호하는 제도로서, 행정소송 등 경직된 기존 권리구제 기능의 한계를 보완하기 위한 옴부즈만의 특성을 고려해 볼 때, 시정권고에 강제력 부여 시 적법성 위주의 소극적인 판단을 할 수밖에 없어 복잡 다양해지는 권익 침해에 유연하고 효과적인 대응이 어려울 것으로 예상됩니다.


6. 추가로 문의하실 사항이 있을 경우에는 담당자(이나현조사관, 02-360-2794)에게 연락주시기 바랍니다. 앞으로도 우리 위원회에 많은 관심을 부탁드리며, 귀하의 가정에 행운과 건강이 가득하시길 기원합니다. 

  감사합니다.   끝.",20240125,NA
송파구 로데오 거리 공영 주차장 주차 행태 관련,행정/자치/안전,CP100908_002.JPGCP100908_003.JPGCP100908_006.JPGCP100908_004.JPGCP100908_005.JPG,답변완료,2010-09-09,2019-12-31,송파구,"귀 담당 부서의 무궁한 발전을 기원합니다. 본인의 민원 1AA-1009-004544관련하여 답변은 보았습니다. 제기한 민원의 처리는 그냥 주기적인 관찰을 통하여 시정하도록 하겠습니다....이것이 민원에 대한 처리 결과 이군요...


뭐 어찌되었건 신경 쓰신다 하니......


별도로 이젠 민원이 아니라 제안을 하나 할까 합니다.

그리고 민원이던 제안이던 더이상 하지는 않도록 하겠습니다.


문정동 로데오 거리 공영 주차장 역시 일반 기업이나 어떠한 사조직에 일괄 공개 입찰 또는 수의 계약으로 관리권및 운영권을 불하 한것으로 파악이 됩니다.


그리고 동 주차장을 불하 하는 조건 자체가 주차구획이 몇개 있으니 그것을 기준으로 불하금액 또는 입찰 금액을 결정 하였을 것이구요...


해서 본인의 제안은 걸침 주차에 대하여 민원이 자주 발생하니 차라리 걸침 주차를 양성화 하여 불하금액 또는 입찰 금액을 정하시는것이...


이렇게 하면 민원 발생시에 명확한 규정에 의하여 두루뭉실한 답변이 아니라 양성화된 누구나 알수 있는 걸침주차를 포함하여 금액을 산정 하였으니 더이상 민원을 제기하지 말고 걸침 주차 역시 공정한 주차 방법임을 고지 하시면 되리라 생각 됩니다만...


참고로 계속 되고 있는 걸침 주차의 행태를 다시한번 첨부 사진을 통하여 전송하니 모쪼록 꼼꼼히 검토 하여 민원에 대한 답변 처럼 시정을 부탁 드립니다...


하지만 현 상황이 그리고 실질적인 여러가지 상황이 시정을 어렵게 한다면 그냥 관행 이라고 하셔도 무방 할듯....",,,"안녕하십니까? 귀하께서 국민신문고에 신청하신 민원(접수번호 1AB-1009-

003043)에 대한 검토결과를 다음과 같이 알려드립니다.


귀하의 민원내용은 “로데오길 공영주차장 걸침주차 개선”인 것으로 이해 됩니다. 귀하의 질의사항에 대해 검토한 의견은 다음과 같습니다. 


가. 민원접수 후 구청 담당자가 현장을 방문하여 운영자 및 주차관리원을 대상으로 민원사항을 전달하였고, 나. 하나의 주차구획 당 차량 한 대를 주차시키지 않고 주차차량을 더 받기 위해 운전자에게 바짝 붙여 주차하도록 유도하지 않도록 하였습니다.

다. 앞으로 지속적인 교육과 현장점검 등을 통해 동일사항이 재차 발생되지 않도록 하겠습니다.


귀하의 질문에 만족스러운 답변이 되었기를 바라며, 답변 내용에 대한 추가 설명이 필요한 경우 송파구청 주차관리과 조재용 주무관(☏02-2147-3200)에게 연락주시면 친절히 안내해 드리도록 하겠습니다. 감사합니다.",20240125,NA
교통관련 위반시 1회 훈계 차회시 벌칙,행정/자치/안전,,제안심사,2010-09-09,NA,경찰청,"1.현행제도 및 운영실태

얼마전 주말에 가족(4명)과 함께 즐거운 마음으로 점심식사를 하려고 차를 타고 이동 장소로 출발했습니다. 아이들도 좋아하고 아내도 너무 즐거운 마음 뿐이 었는데... 신호대기중 경찰이 다가와서 

""신호위반했습니다. 면허증 제시하세요."" 라며 창문을 두드리고 있었습니다. 순간 '내가 무슨 신호를 위반했나 오는 도중에 신호등도 없었는데' 혼자 여러생각이 막 들었습니다. 알고 보니 초등학교 앞에 횡단보도에  신호등이 있었던 것입니다. 매일 지나는 곳인데 늘 주황색 주의 점멸등만 보았던 그곳에 

토요일 오후에 정상 신호가 걸렸었나 봅니다. 평소에 늘 주의하고 바른 시민의식으로 노력하던 저라서 더욱 황당하고 아깝고 하다라구요. 또 그곳에서 자주 신호위반하는 차량이 있는지 경찰도 그 곳에서 지키고 있던 것입니다. 경찰도 한심하고 저도 사고없는 한번 실수로 6만원이라는 거금의 딱지를 받았습니다. 그날 점심은 먹는 것 같지도 않았고 기분만 하루 종일 안 좋았습니다. 


2. 문제점 

사고 없이 교통위반등에 의한 현장  과태료 처리는 국민들에게 참 불리한 제도입니다. 


3. 개선내용

많은 국민들도 교통위반을 하면 안된다는 사실을 알고 있습니다.

예를 들어 잘못된 일인지 알고있었지만 단 1번의 실수를 한 아이에게 그 부모가 채찍질을 하는 것보다

한번의 훈계와 바른 교육을 통해 다시 같은 실수를 하지 안도록 하는 것이 더 훌륭한 가정 교육 아닐까요... 사회도 마찬가지라고 생각합니다. 물론 큰 사고를 방지하기 위해 과태료 제도를 이용하는 것은 방법 중 하나지만 더 좋은 방법은 1회는 용서하고 훈계하여 국민들이 마음 속에 담아 다시 실수하지 않도록 유도하는 것이 더 좋은 제도라고 생각합니다.

따라서 

 가. 사고없이 적발된 교통위반에 대한 처리는 1회 면책과 담당경찰의 현장교육 및 훈계 

 나. 차회 위반시 과태료처리 하였으면 하는 바람입니다.


늘 생각하지만 더 좋은 나라 살고 싶은 나라 우리 나라이길 원합니다. 

좋은 아이디어들을 많이 반영하여 더 좋은 나라를 만드시는데 힘써주세요~ 화이팅!",,,NA,20240125,NA
국민기초생활보장수급자의 수급권 보호 실현 ,식품/보건/복지/가족,,제안심사,2010-09-08,NA,보건복지부,"1. 현행제도

우리나라 기초생활보장제도는 우리사회의 마지막 생존권보장 수단입니다

그런데 수급자들도 수급의 나락으로 떨어진 이유가 사업실패나, 건강악화, 잘못된 보증 등 일부 부적당한 경우를 제외하여 정말 어려운 계층들이라도 스스로 어떻게 할 수 없어 그렇게 된 경우가 많습니다

그러나 이들도 채권자들의 채무를 변제하지 못하여 전방위적으로 모든 금융기관의 예금계좌에 대하여 예금이 존재하는 관계없이 압류를 당하는 일이 다반사입니다.


2, 문제점

수급자의 수급권 계좌가 압류될 경우 압류취소신청을 법원에 하거나 다른 계좌를 등록하거나 제3자 명의로 수급금을 지급받거나 하여야 하며 압류취소신청은 법적인 절차로 수급자들에게 매우 어려운 것입니다, 비록 대한법률구조공단에서 무료로 압류취소신청을 해주고 있으나 기간도 많이 걸립니다. 그 상이 수급금을 받지 못하여 생계 어려운 경우는 감수하여야 합니다., 기초생활보장수급자들의 수급권보호를 위하여 법률에서는 압류할 수 없다고 되어 있으나 예금 통장이 압류당하는 사례가 많습니다 이경우 그 때 마다 법률구조공단을 통하여 압류취소신청을 하여 재판을 받아야 압류가 취소되는 등 번거로움을 당합니다



3. 개선방안 


만일 수급권자가 계좌 개설시 수급자증명서를 제출하여 수급금 전용계좌를 개설하여 처음부터 수급권통장임을 명시하고 압류금지계좌로 기입된다면 설사 채권자들이 압류를 하더라도 효력이 없을 것입니다,(나중에 수급자격상실시 관공서에서 금융기관에 상실 통지를 하여야 하겠지요)  

국민기초생활보장법 제27조제27조(급여의 실시등) 3항에.' 수급자로 결정된  자는 제1항에 의하여 급여실시 받기 전에 전용계좌를 등록하여야 한다. 고 새로이 규정하고  제35조(압류금지) 수급자에게 지급된 수급품과 이를 받을 권리는 압류할 수 없다. 법제 27조 제3항에 의한 전용계좌에 대한 채권도 이와 같다  로 개정하면 상당히 도움이 되지 않을까 합니다  


4. 기대효과

실제 수급금지급 전용게좌에 대하여 압류금지의 등록을 한다면 수급자들이 압류취소를 하러 법원이나 은행 등에 다니지 않아도 될 것입니다",,,NA,20240125,NA
노상불법설치물과 불법광고물단속에대하여,행정/자치/안전,,제안심사,2010-09-08,NA,노원구,"1.노상불법설치물인 인형뽑기등은 연관건물주나 세입자가 도로를 무단점거를묵인하고전기를공급하고 장소사용료를 받고있으니  징벌적으로도로점용료를사용료보다 더 높게 징수하고 국세청에 통지하여 세금으로환수하고 한국전력에 전력무단판매로통지하여 해당건물에 전력자체를 차단하고, 불법설치물때문에 교통사고가 발생하면 설치자와 묵인하고돈을받는자도 공동으로배상하도록하여 아예 불법설치물설치를 할생각을 못하게하여야합니다.

2..에어돔광고물등 불법광고물도 계고장으로 끝낼게아니라 지속적으로 단속하여 연간 2회이상 적발되면 영업정지와 많은 과태료를 내게하여야합니다.

선량한 국민들이 봐주는게없어젔다고생각이들게해주어야합니다.

그래야 불법을 저지르지않는 선량한국민들이 공정한 세상이라 느낄것입니다. 

3.민원번호 1AA - 0909 -024760 과관련입니다.

표면적으로는 해결되었으나 제가 민원답변대로 허위신고자를 모르는 상태로 고소하였으나  담당자는 허위신고자는 밝힐수없고 고소처리해봐야 벌금정도이고하니 생각해봐라하며 몇달을 끌다가 노원경찰서소속경찰관2명이 찿아와 장소를 2회연속오인했다며 실수했다는것입니다. 결국 어떻게 할지 난감합니다.

불의와 끝까지싸룰지 말이죠?

그러니 국민신문고에서도 민원이 표면적이아니라 완전히해결된것인지에도 관심을기울여야합니다.  

그래야 국민의 믿음이 두터워질것입니다.",,,NA,20240125,NA
배수로 그레이팅 개선,행정/자치/안전,배수로그레이팅개선제안서.hwp,답변완료,2010-09-07,2013-01-31,서울특별시,"배수로 그레이팅 개선 설치를 통한 이물질 투입방지로 장마철 호우 대비 및 통행 불편 해소 

* 세부내용은 붙임 참조",,,"김화중님 안녕하십니까?


우선, 제안하신 국민제안에 대한 답변이 늦어진 점 사과드립니다.  시스템과 관리에 문제가 있어 지연되었으며

향후 이런 사례가 없도록 노력하겠습니다.


김화중님께서 제안하신 내용 중 서울시와 관련된 사무인 빗물받이 유지관리에 대해 제안을 해주셨습니다.

제안해 주신 보조구, 주름형 그레이팅은 적은비에도 협작물이 쌓이는 구조로 빗물받이 본연의 기능을 저해하는

구조로 서울시에서는 설치를 지양하고 있습니다.  추가로 하이힐 빠짐과 유모차 바퀴 빠짐을 최소화 하기 위해

우리시에서는 횡단보도 구간에 빗물받이 설치는 지양하고 있으며, 혹시 주변에 횡단보도상에 빗물받이를 발견하신다면 

다산콜센터(120번)로 연락주시면 해당 구청에서 개선해 드릴 예정입니다",20240125,NA
단국대학교 약학대학(신설)의 전형수정을 요청합니다.,교육/문화/체육/관광,,답변완료,2010-09-07,2013-09-12,교육부,"충남의 천안에 소재하는 단국대학교의 약학대학 입학 전형 수정을 요청합니다.

선문대 순천향대를 제치고 최종적으로 약학대학이 천안의 단국대에 신설되게 되었습니다.

국내 약학계의 발전과 지역발전의 명분을 걸고 신설된 것입니다.

그러나 앞으로 올해부터 치르게 될 입학전형은 이 취지가 제대로 반영되지 못하는 문제가 있어서 교과부에 건의합니다.


이대학에서 뽑게 될 정원 25명중 15명이 특별전형입니다. 즉 60%가 특별전형입니다.

즉 10명만 일반전형으로 뽑는단 말입니다.

특별전형 15명중 7명(정원의 28%)이 충남지역대학 출신자 전형입니다. 충남에서 대학을 다닌자만이 지원이 가능합니다.(초중고등학교 출신과는 상관없음) 단국대학교는 지역인재 양성이라는 타이틀을 걸고 이 전형을 올해부터 실시할 계획입니다.


그러나 이 전형은 실제적으로 자교출신 학생 특별전형이 될 가능성이 큽니다. 왜냐하면 충남대학의 수준이 그렇게 높지 않고 대부분 충남과는 아무런 지역연고가 없는 외지인들이 재학생의 대부분이기 때문입니다. 지역발전과 지역인재양성과는 거의 상관이 없이 입학전형이 치러지게 될것입니다.


줄곳 서울에서 20년살다가 천안에서 2년 대학다니면 천안의 인재, 충남의 인재가 되는겁니까? 아니면 초중고를 충남에서 다니며 20년을 살다가 서울로 대학간 사람이 충남의 인재입니까?  제 생각은 후자입니다. 물론 애매한 면이있습니다만 후자가 가능성이 크다는 것은 누구나 인정할 것입니다.


그래요 여기 7명에 프러스 알파가 있습니다. 

그것은 바로 3명의 ""무약국지역출신자 전형"".

이 전형은 개인의 이해관계가 개입이될수있는 불공정 전형입니다. 

대학과 MOU를 맺은 해당 지방자치단체장의 추천을 받아서 뽑습니다. 충남에 단국대와 MOU를 맺은 지역은 2군데(당진,청양)이며 지역당 1명씩이라는 제한이 걸려있습니다. 따라서 최고 2명이 입학할수 있습니다. 그런데 전형상 입학인원은  3명입니다. 이는 물론 수정되어야 하며 농어촌 전형과 취지는 100% 겹치게 되는 전형이기 때문에 재고가 필요하다고 생각되어집니다. 이전형은 삼육대의 세례특혜와 더불어 가장 논란의 여지가 큽니다.


해당지역대학출신자에게 특혜를 주는 취지를 ""지역인재양성""이라는 타이틀로 걸면 안된다고 생각합니다. 


이에 저는 단국대학교 약학대학의 충남대학출신자 전형을 ""충남에서 고등학교나 대학을 나온자""로 지원자격을 완화해 줄것을 요구합니다. 그렇지 않다면 교과부에서 금지한 ""자교전형""으로 이름을 바꾸어 주십시오. 진정 지역발전이라는 명분이 있다면 제대로 전형을 실시해 줄것을 건의합니다.",,,"안녕하십니까? 교육부 대학학사평가과입니다.

제안하신 단국대 약학대학 편입생 선발 전형에 관한 사항은 법령의 범위내에서 학교의 장이 자율적으로 결정할 수 있으므로,

고등교육법 제33조 (입학자격)에서 정한 자격을 가진 사람중에서, 학교에서 정하는 전형방법으로 학생을 선발할 수 있습니다(고등교육법 제34조(학생의 선발방법))

감사합니다.",20240125,NA
"노후주택 개,보수지원 사업 대상자 선정의 문제점",행정/자치/안전,,제안심사,2010-09-06,NA,충청북도,"안녕하세요.


저는 충북노인보호전문기관에 근무하는 사회복지사 이순남이라고 합니다.

저희 기관은 노인복지법 제39조의 5조항에 의거 학대박는 노인의 발견,상담,보호를 하는 기관입니다. 다름이 아니라 제가 현장에서 일을 하다보니 빈곤할수록 노인학대에 노출되는 빈도가 높게 나타나고 있습니다. 빈곤한 노인 중 국민기초생활보장수급권자의 경우 국가에서 주거급여 포함 7가지의 서비스를 제공받고 있어 그나마 최소한의 보호가 가능합니다.  그러나 차상위계층의 경우 사각지대로 최소한의 보호도 받고 있지 못하는 경우가 많습니다. 그런데 노후주택 개,보수지원 사업의 경우 대상자를 국민기초생활보장수급권자로 한정되어 있어 대상자를 확대해야 한다고 생각합니다. 국민기초생활보장수급권자는 주거급여로 개,보수서비스를 제공 받을 수 있는것으로 알고 있습니다. 차상위계층이나 일반빈곤노인의 경우도 대상자로 추가로 확대하면 사각지대의 노인에게 큰 도움이 될것으로 생각되어 제안하게 되었습니다. 감사합니다.",,,NA,20240125,NA
 국민신문고 비회원 실명확인시 불편한점..,기타,,답변완료,2010-09-04,2010-09-14,국민권익위원회,"1) 비회원 실명확인시 주민번호 입력방법 개선부탁합니다.

주민번호 앞자리 6자리 입력후 다음 7자리 입력시

""TAB 키나 마우스를 움직여 클릭하는 불편이있습니다.

개선후: 주민번호 6자리 입력후 자동으로 다음번호(7자리) 입력칸으로 

        커서가 이동하도록함.

2) 신문고 제안서 신청중 주소검색후 나머지 주소를 입력할때 영문으로 나와서

  다시금 한/영 키를 누르는 불편이있습니다.

개선후: 주소 검색후 나머지 주소입력시 한글로 변활될수있도록 개선..",,,"1. 국민신문고에 대한 관심에 감사를 드리며, 귀하께서 신청하신 제안(1AB-1009-001354, 국민신문고 주민번호 입력시 6자리 입력후 자동

    으로 다음칸으로 이동, 주소검색후 나머지 주소입력할때 한글로 전환되도록 개선)에 대한 검토 결과를 다음과 같이 알려드립니다.

2. 답변사항

  ○ 현재 국민신문고에서 주민번호 입력시 6자리입력후 자동으로 다음  7자리칸으로 넘어가지 않는 것은 장애인을 위한 웹접근성 지침에

      따른 시스템 설계이므로, 양해하여 주시기 바라며, 주소검색후 나머지 주소입력시에는 현재도 한글로 전환되고 있습니다. 앞으로 국민

      신문고를 이용하시면서 불편한 사항이 있으면, 언제든 문의하십시오. 친절히 답변드리겠습니다.

3. 제출하신 의견은 현실적으로 적용하기에 어려운 제안 및 기 적용되고있는 제안에 해당하여 채택하지 않음을 양해하여 주시기 바랍니다.

4. 상기 내용 이외에 추가로 궁금하신 사항은 국민신문고담당관실 정진덕조사관(02-360-2750)에게 연락하여 주시기 바라며, 귀하와 귀하의

    가정에 건강과 행운이 항상 함께하기를 기원합니다. 끝.",20240125,NA
고위공직자 부정부패 국민감시단설치안..,기타,,답변완료,2010-09-04,2010-09-29,국민권익위원회,"* 현행제도 및 운영의 실태와 문제점ㆍ

요즘 보면 특히, 고위공직자들의 부정부패가 날로 심각해 지고있다. 뚜렷한 대처 방법도 없이 주먹구비식의 행정으로 인해서 국민들에게 실뢰감을 잃어버리는 것이 바로 현실의 문제점으로 지적되고있다.


개선내용: 국민과 정부가 하나의 손을 잡고 고위 공직자 부정부패를 척결하고 개선할수 있는 지략과 모략이 필요하기 때문에 국민감시단 설치를 특별히 제안하고자 한다. 이는 고위 공직자만에 해당되는것은 아니고 우리사회에서 범죄와의 해결을 위해서는 필요하다고 생각한다.


기대효과; 중요한것은 부정부패를 안하는것이 중요하지만 때론, 자신도 모르게 실수를 할수 있다 그러나 누군가 지켜보고 시정을 할수 있다면 이는 올바른 행정적 업무에 큰 도움과 함께 미래의 내일을 여는 또다른 자신이라고 될수 있다는 기대를 해본다.",,,"○ 공직 부패 척결에 관심을 가져주시고 제안을 해주신데 대해 감사를 드립니다. 


○ 귀하의 부패 척결을 위한 제안은 향후 업무추진시 참고토록 하겠습니다. 

- 아울러, 국민권익위원회에서는 국민참여 프로그램의 일환으로 각 지역 대학생들을 주축으로 한 ""대학생 청렴홍보단"" 및 각 일선학교의 어머니 학부형들을 대상으로 지역사회 청렴 문화 전파를 실시하는 ""어머니 청렴지킴이"" 등을 운영하는 등 반부패 청렴문화를 정착시키기 위해 노력하고 있습니다.


○ 앞으로도 국민권익위원회는 사회 각 분야의 부정과 비리 척결을 위해 더욱 노력하도록 하겠습니다. 감사합니다.",20240125,NA
형편이 어려운불들을 대상으로 단체보험 가입,식품/보건/복지/가족,,제안심사,2010-09-03,NA,보건복지부,"대부분의 직장인들은 미래를 생각하여 종신보험이나 생명보험은 기본으로 들고 그와 더불어 상해보험 또는 민간의료보험을 들고 있습니다. 


제가 조사를 해본거는 아니지만 생활이 어려우신분들의 경우 보험은 돈을 투자하는 곳에서 후순위로 밀릴수 밖에 없을 것 같읍니다. 


어디가 아프거나 다칠 경우 그에 들어가는 비용으로 인하여 생활이 더 어려워질수도 있지만 현재의 형편이 좋치 않은 관계로 미래를 예측하여 비용을 투자하기 어려운게 사실이구요 


다들 의료보험의 헤택을 보고 계시지만 그걸 초과하는 경우도 많고요, 


소년소녀가장이나 저소득층을 대상으로 국가에서 보험사와 협의하여 꼭 필요한 보험 항목을 조사 단체보험을 만들어 주셨으면 합니다. 


단체보험의 경우 동일한 조건에 혜택을 받지만 금액은 떨어지는 것 같더라구요 

비용을 대줄수 있다면 좋겠치만 현실적으로 어려울 것 같습니다. 

그래서 

국가에서 아니면 공공기관에서 보험사와 협의 단체보험(비용이 저렴해 집니다) 체결을 하여 소년소녀가장이나 저소득층이 좀더 저렴한 가격에 좀더 높은 서비스를 받을수 있었으면 합니다. 

- 전 개인적으로 비용을 일부라도 보조하여 주었으면 합니다. 현실적으로 어려울까요?-",,,NA,20240125,NA
태풍피해 해상지원의 건,행정/자치/안전,,제안심사,2010-09-02,NA,보령시,"태풍 “곤파스” 충남 서해안 해상재난 긴급복구 지원반 편성


목적

태풍 곤파스로 인한 충남 서해안 연안 및 도서의 선박과 어구 어장 피해가 다수 발생하였고 특히 선박의 침수나 침몰, 양식장의 유실과 파손등의 피해에 대하여는 해양환경 보전과 2차피해 예방을 위하여 긴급복구 및 지원이 필요하고 이를 위하여는 구난 및 수중과 해상작업이 절대적으로 필요하고 이에 대한 전문인력과 장비를 확보하기 어렵고 영세어민들이 자력으로 복구하기에는 많은 비용과 인력과 장비의 수급의 어려움이 예상되어 해양재난과 구조전문 국가 봉사단체인 한국해양구조단과 해양경찰청의 해난사고 대응조직인 122구조대와 특공대의 인력과 장비를 배정하여 피해 어민들의 애환을 해소하고 삶의 희망을 함께 하고자 함


기간 

2010년 9월 4일부터 12일까지 총 9일간(중,장기적 복구는 차후 상황 판단후 별도 계획수립)


장소

충남 서해안 연안과 도서의 피해 시,군 일원(태안,당진,서산,홍성,보령,서천)


인원

한국해양구조단 서해안권 각 지역대 지원 대원(잠수 마스터급 이상 10명이내 선착순)

협조:해양경찰청 서해지방 특공대 및 태안 해양경찰서 122구조대(5명이내 지원협조)


장비

승합차: 1대 인력 이동용

4륜차: 1대 야지 장비 운송 및 인력운송

수륙양용정: 1척 연안 및 해상과 수중작업 장비 및 인력 이송

리브콤비보트: 1척 해상 및 수중작업 안전지원

부력백: 대형2개, 중형2개, 소형2개

리프트 밸트: 대,중,소 다수

잠수장비: 15셋트

부대장비: 간이취사셋트, 아이스박스, 공구셋트, 포터블 콤프레셔, 에어탱크15개, 방수무전기           2셋트, 수중촬영장비셋트, 히빙로프 및 결색로프 다수, 기타


복구지원대상(침수 및 침몰선박과 해양수산시설물)

해경청, 충남도 또는 피해 시,군의 긴급상황 요청과 2차 피해 우려 대상을 우선하고 1차적으로는 단기 지원을 통하여 피해를 줄일 수 있거나 해양오염을 방지할 수 있는 시설과 선박을 지원하고 현장 상황을 고려하여 지원 대상의 우선순위를 정한다 


업무 및 비상연락처: 한국해양구조단(051-501-9119)     지원본부(010-9555-9119)

예산계획

무보수 자원봉사를 원칙으로 하고 필수 불가피한 유류비, 숙박비, 식비, 장비 운영비등은 재난기금 또는 지자체 재난복구 지원 예산 또는 후원 및 성금등, 협의와 협조를 통하여 조달한다


세부예산계획

숙박비: 일일 (15명) 4실×9일×40.000원= 1.440.000원

식비: 일일 (15명)× 3식×6.000원×9일= 2.430.000원

스쿠버용 공기통 충전비: 일일(15개)×12.000원×9일= 108.000원

유류비: 보트2척, 콤푸레셔1대, 휘발유 약 100L×1750원×9일= 1.575.000원 

교통 및 도로비: 약 500.000원 

기타 잡유및 잡비: 1.000.000원

총 7.053.000원 소요예상",,,NA,20240125,NA
버스기사분들의 무임승차 개선..,행정/자치/안전,,답변완료,2010-09-02,2013-01-22,서울특별시,"버스기사분들이 일을 끝내고 나면 집으로 돌아가실때나, 다른곳으로 이동시 무임승차 하시던데. 

뿐만 아니라 가족들도 얼굴을 알면 무임이나, 아니면 드링크 1병으로 인사하고 그냥타시던데 

별로 안좋아 보여요.

급여를 받으시는데, 적지않다고 듣고 있는데

기사용 버스카드나, 복지카드를 만드셔서 거기서 빠지도록은 안되나요?

시민의 입장에서 서울시 세수가 줄어드는거 같아 안타까워요

왜 무임으로 타시는지 왜 묵인되는지 참..

개선해 주셔야 될거 같아요

굉장히 많거든요 저희가 은평구쪽이라서 차고지가 가가와서 그렇수도 있지만,

유임승차로 개선시켜 주세요 .. 

특히 가족들의 무임승차는 시민들이 보고 신고할수있도록 해주세요.

학생들이나 일반인들도 차비 없으면 그냥 내리던데 기사들은 당당히 그냥타시더군요..",,,"버스종사원의 무임승차와 관련해서는 서울시버스 단체협약서 제35조(복지후생) 3항 “종사원의 출・퇴근 등 업무편의를 위해 소속회사의 차량을 이용할 시 교통편의(무임승차)를 제공한다”에 의거하고 있습니다. 다만, 소속회사 직원확인이 어려울 경우와 일반인에 대해서는 무임승차가 불가토록 운수종사자 교육을 지속적으로 하고 있습니다.",20240125,NA
초등학교 담장을 철망으로 바꾸면 어떨까요...,교육/문화/체육/관광,,제안심사,2010-09-01,NA,전라남도교육청,"최근 초등학생들을 대상으로 한 성범죄가 급증하고 있는 가운데 예전에는 학교 담장이 높게 있었는데 철거를 많이 하는 분위기 입니다...


그만큼 학교가 아무나 드나들 수 있게 되어 있어 어떤 면에서는 범죄의 가능성을 높이는 것이 아닐까 생각됩니다...


그래서 생각을 해봤습니다만... 철망식으로 울타리를 만들면 어떻까 하구요... 철망이 학교의 개방성을 어느정도 제공하면서도 함부로 넘어서지 않도록 하는 역할을 해줄 수 있을까 싶어 제안합니다...


또한 CCTV설치도 늘려야 겠다는 생각을 합니다만 비용문제도 더 늘어날 것이고, 관리측면(사각지대 발생)에서도 조금 어려움이 예상되는 바 이 제안을 각급 학교에서 긍정적인 검토를 해주셨으면 하는 바램입니다...",,,NA,20240125,NA
통합시 경제발전 계획안건,행정/자치/안전,,제안심사,2010-08-31,NA,창원시,"경제제안건: 통합시정의 발전향상을 위하여 창원시 산야 외곽부에 사냥터를 개설건


계획: 자연환경에 위배되지 않는 구역을 사냥터로 개설하여 새로운 인프라를 구축

        경제향상에 도움이 될수있는 새로운 놀이문화를 창조하여 시정 문화관광사업에 

       도움이 되었으면 함


 효과: 강원도 내 사냥터 개설로 인하여  자체적으로 연간 많은 경제수익을 창출해내고 있으며 

          창원시에도 이러한 구역을 창출해낸다면 하루 사냥을 즐기는 인원이 백명단위로 계산 

          모든 경비를 단축 십만원으로 환산하면 연간 삼백억이상의 수익을 올릴수 있다고 판단.",,,NA,20240125,NA
도로교통 신호체계 건의,행정/자치/안전,교통신호체계건의.bmp,제안심사,2010-08-30,NA,경찰청,"여기다가 건의를 하는게 맞는건지 모르겠네요. 

제가 건의 하려는 것은 도로 신호등체계에 대한 내용입니다

핵심내용부터 쓰도록 하겠습니다. 


대림사거리부터 신대방역까지 신호를 대림사거리 신호에 맞게 일치 시켜 주시기 바랍니다. 즉 대림우체국에서 신대방역 방향으로 대림사거리를 통과 하는 경우 대림사거리의 신호에 맞춰 신대방역까지 모든 신호등을 파란등으로 일치 시켜준다면 지금보다 신호대기 시간이 훨씬 더 줄어들 것으로 생각합니다. 


P.S : 이해를 돕기 위해 지도를 첨부 파일로 함께 보냅니다.

         지도상의 도로를 가로지르는 파란색은 신호등 입니다..


<자세한 설명>

저는 대림동에서 선릉역까지 전철로 출퇴근을 합니다. 보통때는 구로디지털단지역에서 전철을 타고 선릉역까지 가는데 아침에는 좀 늦게되면 택시를 타고 신대방역 까지 이동해서 전철을 탑니다. 그러면 도보로 구로디지털단지 까지 가는 것 보다 10여분을 절약할 수 있거든요 


그런데 대림공원사거리 근처에서 신대방역까지 택시를 타고 가는 경우에 신호대기가 너무 많아 불편함이 있어 건의하려고 합니다. 보통 아침에 택시나 승용차를 타는 경우 대림2동 

흰돌교회 앞에서 출발하면 신대방역까지 약 10개 정도의 신호등이 있는데요. 그중 최소한

 4-5개는 꼭 걸리더군요.

흰돌교회 앞에서 신대방역까지 거리가 1km가 안되는데 신호등이 너무 많이 걸려 좀 짜증스럽고 불편함이 있습니다. 

먼저 대림우체국앞 빨간신호등에 걸리고(약1분30초대기) 파란등으로 바뀌어 출발하면 대림사거리 빨간신호등에 또 걸립니다(약2분30초-3분대기) 신호가 바뀌어 출발하면 기아자동차대리점 앞 신호등 또는 GS칼텍스 앞 빨간신호등에 또 걸립니다(약1분30초대기)

파란신호를 받아 직진하면 차량이 많은 경우 신대방전철역 전에 또 한번 신호대기에 걸리고 차량이 적은 경우 신대방전철역의 신호대기에 또 걸립니다.

이렇게 보통 4-5회 정도 신호등에 계속 걸리게 되는데요. 그러다보니 택시나 승용차 운전자들이 신호위반을 자주 하더군요.

솔직히 아침에 지각을 하지 않으려고 택시를 타고 신대방역으로 가는 제 입장에서는 고맙지만 범법 행위를 한다는 건 결코 바람직하지 않은 것 같습니다. 

사실을 현실감 있게 설명하려다 보니 좀 장황하게 설명이 되었는데요. 

한번 아침 출근시간인 7시30분 전후에 제가 말한 곳(대림우체국앞 신호등)에서부터 신호대기후 출발하면 제가 무슨말을 하는지 바로 알게 될겁니다. 

제가 알기로는 일반적으로 부도로 또는 이면도로의 신호체계는 주도로의 신호체계에 맞추는 걸로 알고 있는데요. 가능하다면 대림사거리에서 파란 신호를 받아 직진하는 경우 신대방역까지 바로 갈 수 있도록 대림사거리의 직진 신호에 맞춰 신대방역까지 모든 신호등을 파란신호를 줘도 아무 문제없을 것으로 생각합니다.",,,NA,20240125,NA
제안신청인 문자메시지 모양을 핸드폰 모양으로 하게합시다.,기타,,답변완료,2010-08-30,2010-09-14,국민권익위원회,제안신청인 문자메시지 모양을 핸드폰 모양으로 하게합시다.,,,"1. 국민신문고에 대한 관심에 감사를 드리며, 귀하께서 신청하신 제안(1AB-1008-010024, 제안신청인 문자메시지 모양을 핸드폰 모양으로

    하게합시다.)대한 검토결과를 다음과 같이 알려드립니다.

2. 답변사항

 ○ 귀하께서 국민신문고 국민제안에 제출하신 내용에 구체적인 제안  내용이 작성되어 있지않아, 검토하기 어려우니, 구체적인 내용을  작성

     하여 신청하시면 검토후 결과를 안내하여 드리겠으니, 양해하여 주시기 바랍니다.

3. 제출하신 의견은 내용이 불분명하여 채택하지 않음을 양해하여 주시기 바랍니다.

4. 상기 내용 이외에 추가로 궁금하신 사항은 국민신문고담당관실 정진덕조사관(02-360-2750)에게 연락하여 주시기 바라며, 귀하와 귀하의

    가정에 건강과 행운이 항상 함께하기를 기원합니다. 끝.",20240125,NA
교차로비상등설치,행정/자치/안전,,제안심사,2010-08-29,NA,경찰청,"저는 팔용동34-1 드래곤호텔에 근무합니다. 호텔 뒤편 교차로에는 월1회 정도 충동사고가 나지만 전혀 대책이 없으며 다만 운전자만 유의해야한다는 것 밖에 없으니 안타까운 마음 뿐입니다.

왜냐하면 사고현장을 매번 보기 때문이지요. 8월27일 오전8시경 직진승용차와 우회전 승용차가 충돌하여  도로옆의 은행나무와 가로등에 부딪쳐서 나무 밑둥치가 완전히 부러지고 가로등이 넘어졌습니다. 나무와 가로등이 없었으면 호텔 담에 부딫쳐서  운전자는 많이 다쳤스리라 생각됩니다. 

호텔주차장에 주차한 고객 승용차에 부러진 가로수가 날아와서 차량이 손상되었습니다. 


그 후 2시간뒤 승합차 두대가 똑같은 장소와 독 같은 접촉사고로 언쟁이 벌어지는 현상을 보았습니다.  저는 사고 다발지역을 그대로 보고만 있어야 하는지 2시간 간격으로 사고가 났는데도 누구 하나 대안이 나오지 않습니다.


그래서 저의 생각으로 먼저, 직진차량이 교차로 전방 약80미터 지점(정확한 거리는 전문가에 의뢰해야함 )에 회전용 비상램프을 설치하고 , 우회전하는 모서리(코너)에 비상등을 설치한다. 우회전 운전자가 직진차량이 교차로 전 램프위치를 지나면 우회전 못하도록 유도하고  코너에 회전용 비상등을 설치하면, 양쪽 운전자가 경각심을 가지고 운전을 한다면 사고가 다소 줄어 들지 않겠습니까.


시민의 생명을 조금이라도 생각한다면 바로 시행할 수 있습니다. 예산이 많이 드는 것도 아니지요. 검토가 오래 갈수록 시민의 생명은 죽어가고 있습니다.

비가 올때는 사고가 더 많이 발생되니 부디 시행을 부탁드립니다.


그리고 교차로 직진신호등에 숫자가 나오도록 하면 운전하기 편리할것입니다.

결과에 대해 연락을 주십시오",,,NA,20240125,NA
대한민국 복지에 대해서 제안합니다.,식품/보건/복지/가족,,제안심사,2010-08-28,NA,보건복지부,"안녕하세요

혹시 현장르포 동행 이라는 프로그램을 아시나요?...

그 프로그램을 보면 우리 대한민국에서 아픔, 고통 등을 이기고 용기를 내며 살아가는분들이 나옵니다. 그중 대부분을 보면 "" 가난 ""  그 두글자때문에 프로그램에 나오죠 

"" 가 난 "" 이 두글자 속에는 많은 생각이 들어있죠

고통, 돈이 없음, 핍박, 놀림 등 많기도 하고 한편으로는 우리의 눈물을 흘릴수있는 단어 입니다.


""복지"" 사전적 의미는 ""삶의 질, 인간답게 살수있는 물질적 문화적 조건의 충족상태"" 입니다.

현재 가난한 기초수급자 분들을 생각해봅시다.

인간답게 살수있는 물질적 문화적 조건의 충족 상태입니까?

하다 못해 조금이라도 충족했으면 하는 생각이 있을것입니다.

삶의 질을 한층더 변화 시키기위해 이런 제안을 해봅니다.


현재 우리나라 복지 혜택은 많지도 않고 적당하지도 않습니다.

왜 그럴까요?  오로지 돈의 노예가 되고있기 때문입니다.

"" 우리 돈의 노예 되지 맙시다! 돈의 노예가되면... 곧 죽음이 다가옵니다 ""

이런 말 한번쯤은 들어 보셨을지 모르겠습니다.

복지 정책을 재대로 실현할 부서를 각 시도군청에 만들어 어려운분들을 적극적이 아니라도 도움의 손길을 한번쯤 내밀었으면 합니다.

다음과 같은 복지 혜택을 각 시도군청에서 조금이라도 해주셨으면 하는 생각으로 적어봅니다.


- 문화시설을 기초수급자에게는 무료로 일정을 정해 하게 해주셨으면 합니다.

단 무료가 안된다면 50% 할일 등 몇 퍼센트 할일 등 을 실시해 조금이라도 문화시설을 즐겼으면 좋겠씁니다.


- 학교, 각 기관, 학원 등 할일 혜택이나 무료 로 해주셨으면 좋겠습니다.

현제 기초수급자 분들 외 다른 어려운분들이 돈 그 돈이 없어서 학업에 열중하지 못하고있습니다.

이제 우리나라도 복지 에 투자를 조금씩 해 나아가야됩니다.

청소년 미래의 꿈, 미래의 지도자 라고하지 않습니까?

미래의 꿈, 미래의 지도자 에게 투자를 못하겠습니까?


- 기초생활수급자 분들을 조사해 무주택자, 돈을 못버는자 등 에게 지원혜택을 늘립시다.

현장르포 동행 에 보면 돈을 못벌고 사업이 망해서 나오는 경우가 많습니다.

현재 우리나라 경재가 회복되었다고 하지만 서민경재는 회복되지 않았습니다.

우리나라의 경재 가 회복되면 맨 밑바닥에 있는 사람부터 지원을 해 회복되야 됩니다.

즉, "" 잘사는 나라"" 가 될려면 밑 바닥 에 사는 사람부터 지원을 해야됩니다.

말, 글로만 ""잘사는 나라"" 라구 하지마시구 본격적으로 행동에 나섰으면 좋겠습니다.",,,NA,20240125,NA
내부 고발자에 대한 신변보호로 청렴사회  만들어가자,기타,,답변완료,2010-08-28,2010-09-03,국민권익위원회,"현재 운영 실태, 문제점

1. 공공기관이나 단체의 조직 내부에서 벌어지는 부정, 비리 사실을 사정당국에 고발한 자에 대하여 당해 기관에서 따돌림을 받거나 징계 받는 처사가 비일비재하다.

2. 조직체의 비리를 시정하려고 노력하는 사람이 승진에서 밀려나고 상관에 아첨하고 조직의 병폐를 묵인 협조하는 자가 인사상 우대를 받는 일이 많다.

개선 방안

1. 건전한 내부고발자를 보호 우대하는 내부 자체 규정을 공공기관이나 민간단체에서 반드시 제정 시행하도록 강제규정을 ㅈ제도화해야 한다.

2.  양심선언자의 고발 내용이 사실무근인 경우는 무고죄를 감수해야 하나, 개연적 사실이 있는 경우에는 적극 보호 우대한다. 다만 사실을 과장 왜곡 했을 경우에는 1회에 한하여 과실을 면책해 주도록 한다.

기대효과

1. 관료주의의 병폐적 요소가 잔존해 있고, 조직체에서도 권력욕이 강한자가 권모술수를 부리는 경우가 있어서 부정부패가 만연되어 있는데,  내부고발자를 적극 보호해줌으로써 조직의 비리를 신속히 발견 차단, 예방하는 효과를 거양한다.

2.  사회정의를 실현해야 할 사정당국 자체의 비리도 드러나고 있는 시점에서 내부고발자는 공익의 감시자로 비밀 보장, 신변보호를 강화해줌으로써 약자의 건전한 비판정신을 촉진시켜주어 평등 복지사회 구현에 우리 모두 힘 모아야 한다.",,,"안녕하십니까?


공공부문이나 민간부문의 불법행위를 신고하는 공익감시자를 적극적으로 보호하는 제도를 제정 및 시행하도록 강제규정을 제도화하자는 귀하의 제안에 대하여 감사드립니다.


귀하께서 지적하신 바와 같이 공공기관에서 발생하는 각종 부정부패를 예방 및 차단하기 위하여 국제적으로 평가받고 있는 저비용, 고효율의 ‘신고자 보호보상제도(부패방지 및 국민권익위원회의 설치와 운영에 관한 법률)’를 2002년부터 시행하고 있습니다.


또한 국민권익위원회에서는 민간부분의 기업 및 단체 등에서 국민의 건강, 안전, 환경 등을 침해하는 법률위반행위를 사전에 방지하고자, 공익침해행위를 신고하는 사람에 대하여 신분보장, 신변보호 및 비밀보장 등 통합적인 보호프로그램을 도입하기 위하여 ‘공익신고자 보호법안’을 마련하여 현재 국회에서 법안심사 중에 있습니다.


사회정의 실현과 복지사회 구현에 모든 국민들이 스스로 참여할 수 있도록 건전한 비판정신을 촉진할 수 있는 기반을 마련해야 된다는 귀하의 의견에 다시 한 번 감사드리며, ‘공익신고자 보호법’이 조속히 제정될 수 있도록 많은 관심을 당부 드립니다.


귀하의 가정에 건강과 행복이 늘 함께 하기를 기원합니다.",20240125,NA
국민신문고 사이트에 알약 백신프로그램을 설치해서 해킹을 막게합시다.,기타,,답변완료,2010-08-28,2010-09-14,국민권익위원회,국민신문고 사이트에 알약 백신프로그램을 설치해서 해킹을 막게합시다.,,,"1. 국민신문고에 대한 관심에 감사를 드리며, 귀하께서 신청하신 제안(1AB-1008-009561, 국민신문고 사이트에 알약 백신프로그램을 설치

    해서 해킹을  막게합시다.)대한 검토결과를 다음과 같이 알려드립니다.

2. 답변사항

  ○ 귀하께서 국민신문고 국민제안에 제출하신 내용에 구체적인 제안  내용이 작성되어 있지않아, 검토하기 어려우니, 구체적인 내용을

      작성하여 신청하시면 검토후 결과를 안내하여 드리겠으니, 양해하여 주시기 바랍니다.

3. 제출하신 의견은 내용이 불분명하여 채택하지 않음을 양해하여 주시기 바랍니다.

4. 상기 내용 이외에 추가로 궁금하신 사항은 국민신문고담당관실 정진덕조사관(02-360-2750)에게 연락하여 주시기 바라며, 귀하와 귀하의

    가정에 건강과 행운이 항상 함께하기를 기원합니다. 끝.",20240125,NA
남산을 올렛길로 조성하는것도 바람직하다.,행정/자치/안전,,답변완료,2010-08-27,2013-02-07,서울특별시,"현행제도 및 운영의 실태와 문제점ㆍ개선내용


현행은 남산을 공원으로 이용하고 있지만 그 길을 보다 효율적으로 볼거리가 있는 곳으로 개선한다면 더 많은 관광객들이 찾을것으로 생각한다. 제주도에 올렛길이 있듯이 남산의 길도 여러곳이지만

볼거리를 다양하게 마련하고 함께 하는 공간으로 만든다면 또 다른 서울의 올렛길이 탄생될것이다.


예를 들면 한곳은 사진 전시회 한곳은 그림 한곡은 음악 한곳은 추억의 영화 전시회 같은 남산의 옛

모습을 볼수있고 자연경관을 함께 조율할수 있는 기회를 마련한다면 서울 남산의 올렛길은 많은이들찾는 명소가 될것으로 생각한다. 남산의 여러개의 길을 볼거리를 제공하는 길로 마련하는것도 관광

분야에 보다 효과적인 도움이 될것으로 본다.",,,"- 평소 우리 시정에 많은 관심을 가져주신데 대하여 깊이 감사드립니다. 

- 남산은 일제시대와 고도성장기를 거치는 동안 많은 훼손과 개발이 있었던 곳으로 우리시에서는 1991년부터 2000년까지 남산제모습가꾸기를 통해 남산의 잠식시설을 철거하고 생태 ․ 역사자원의 복원을 추진하였으며,

- 2008년부터는 새로운 남산 자락문화 창조를 위한 장기적인 마스터플랜을 수립하고 자락별로 특색 있는 문화공간 조성(장충자락 - 근대역사문화를 느낄수 있는 교육공간, 예장자락 - 남산의 문화예술을 느낄 수 있는 낭만공간, 회현자락 - 능선과 성곽의 상승감을 느낄 수 있는 열린 공간, 한남자락 - 남산의 생태환경을 학습할 수 있는 체험공간, N서울타워 주변 - 서울을 조망할 수 있는 상징공간)을 통해 다양한 이야기가 있는 남산만의 문화를 만들어가고 있습니다. 

- 앞으로도 귀하의 좋은 의견을 참고해서 자연이 살아 있고 역사문화가 숨쉬는 명소가 될 수 있도록 더욱 노력하겠습니다.",20240125,NA
캐쉬백 제도,재정/금융/소비자,,제안심사,2010-08-27,NA,금융위원회,"미국에서 2년 정도를 살다 왔습니다...

시골에 살아서 즐겁게 지내다 왔습니다...


미국에서 처음 만난 제도로서 너무나도 편해서... 우리나라는 왜 실행을 안하고 있는걸까 하는 의문에... 건의를 드려봅니다...


전 미국에 사는 2년동안 통장을 만들때 말고는 단 한번도 은행에 간적이 없습니다..

단 한번도 atm기를 사용해 본적도 없습니다....

하지만 필요할 때 현금은 제 계좌에서 빼서 사용했습니다....

통장입출금 내역은 한달에 한번씩 메일로 오더군요..


현금을 빼서 사용할 때마다 정말 왜 우리나라는 이렇게 안 되지 정말 편한데 하는 생각을 하게 되었습니다....



미국은 미국이 인정하는 신용이 없으면 신용카드 발급이 안됩니다...

한국에서의 신용은 전혀 상관없더군요..


계좌를 만들때 신용카드와 똑같이 생긴 직불카드를 만들었습니다.. 마스터카드로 만들어 주더군요..^^


물건을 살때

평소에는 그냥 신용카드처럼 사용하면 되구요...

내가 현금이 필요하면...(미국의 패스트푸드점은 카드가 거의 안되더군요... ) 직불카드로 사용하면서... 10불 캐쉬백해달라고 계산원에게 말하면 됩니다... 

계산원에게 신용카드라고 이야기 하면 거의 사인으로 끝나구요..

캐쉬백을 하기위해서는 비밀번호를 한 번 눌러줘야하지요....


그럼 영수증에.... 내가 10달러의 물건을 샀다면....


물건건 10달러...

캐쉬백 10달러 하고 찍힌 

20달러의 영수증과 함께... 현금 10달러를 제가 줍니다....


통장에서는 당연히 20달러가 빠져나가지요...


한도가 있다는 말이 살짝 기억이 나는데...

큰돈을 달라고 해본 일이 없어서.... 


정말 편하더라구요..


어떻게 쓰는지만 알지.. 이 제도에 대해서 잘 알지 못합니다..

은행의 수수료가 얼마인지... 가게의 수수료가 얼마인지 등등...


이 제도가 우리나라에도 실행이 된다면...

은행마다, 마트마다 공간을 차지하고 있는 atm기의 숫자가 확 줄어들어도 되지 않을까요? 


마트나 각종 수퍼들의 장점은...

우리나라도 신용카드에서 제하는 수수료보다..

직불카드의 수수료울이 작은걸로 알고 있습니다..

마트나 가게도.... 사람들이 캐쉬백을 위해서는 직불카드로 구입을 해야하니...

수수료가 적어지는 장점이 있어서...

실행이 된다면 좋을일 일거 같구요...


저 같은 소비자들은 현금 찾으가는 시간을 따로 내지 않아도 되니 좋구요... 

은행은 쓸데없이 공간 확보해서 atm기 군데군데 설치하지 않아도 되니 좋구요...


어느 한 은행에서 나선다고 될 일은 아닐거 같아요...",,,NA,20240125,NA
매년 4월쯤 모든 하천을  정비합시다.,행정/자치/안전,,답변완료,2010-08-26,2013-07-30,행정안전부,"전국적으로 너무 건조하고, 산간오지나 내륙지방은  물론 모든 지역이 아직도 많은 비만 기다리고  있지는 않는지요. 여름철 대비 하천을 깨끗이 정비합시다. 주변 하천을 돌아보면 모든 면단위하천이 토사에 밀려 준설작업이 시급합니다.  방치 했다간 장마철이 오면 물이 범람하여 막대한 재앙을 가져올 것입니다.  이렇게 하다보면  최소한의 하천 범람은 막을 것이다,",,,매년 여름철 우기 전에 소하천 등의 관리실태를 점검하고 보수・보강 및 준설 등이 필요한 하천은 신속히 보완 및 조치하여 피해 최소화를 위해 노력하고 있습니다.,20240125,NA
구청 유인물 통합 인쇄 건,행정/자치/안전,,제안심사,2010-08-26,NA,노원구,"아파트 관리소에 근무하다 보면 구청등에서 오는 게시물들이 많습니다. 


어느때는 아파트  공지사항을 게시할 공간이 없을 정도로 많이 올 경우가 있습니다. 


그것을 보면서 게시물에 소요되는 비용에 대해 생각하게 됩니다. 


그래서 생각해본것이 구청에서 아파트등에 공지할 사항들을 일정한 기간에


취합하여 한,두장에 함께 인쇄한다면 비용이 절감되고, 게시공간을 절약할 수


있지 않을 까 생각됩니다.",,,NA,20240125,NA
친환경 녹색성장을 위한 건축방식제안,행정/자치/안전,친환경녹색성장을위한건축방식제안.hwp,답변완료,2010-08-26,2013-02-05,금산군,"#개요

o 황토는 예로부터 “살아있는 생명체”라 불리며 원적외선을 방출,

  인체에 유익하고, 아토피/호흡기/피부질환에 치료효과가 탁월

o 콘크리트 건물과 구조적인 차이점이 없으며, 동일한 예산으로     건물신축시 난냉방기능이 탁월하여 30%이상의 에너지절감 효과

o 국가정책사업인 저탄소 녹색성장 및 친환경시설에 부응, 에너지    절감에 기여하고, 일자리를 창출하며, 국민건강에 기여

#현황/문제점

o 대한민국에 신축되는 일반적인 건축물은 대부분 콘크리트 골조    및 시멘트 벽돌을 이용한 라멘조 건물로 신축

o 콘크리트 신축건물이나 주택은 시멘트에서 나오는 라돈,암모니아

  석회 등에서 나오는 포름알데히드 등으로 새집증후군 유발

o 새집증후군(Sick House Syndrome)이란 실내공기오염으로 인하여

  일시적 또는 만성적으로 오는 두통,목건조,무기력등의 건강 이상증상 

#개선방안

o 중금속이 없는 무공해 시설이 필요한 건축물의 신축

 - 황토벽돌을 이용하여 내․외부를 시공하는 방식

 - 학교시설, 군병사생활관(실제시공/별첨), 영유아시설, 노인복지시설

o 기존 콘크리트 건물 내부의 리모델링

 - 황토판넬을 이용하여 기존 시멘트 벽체에 부착하는 방식

 - 시공이 간편, 시공속도가 빠르고 간단교육으로 누구나 시공참여가능

 ☞ Green School 및 Green 주거생활 가능

#기대효과

o 공군교육사령부(경남진주소재) 기술학교생활관 실제시공(‘07.3월준공)

 - 건물소개 및 설문조사결과 참조(본문 및 붙임내용)

 o 황토건물 시공시

 - 중금속이 없는 무공해 건물로 최적의 주거환경 가능

 - 동일한 예산투입으로 에너지 30%절감을 통한 경제효과 유발

 - 이슈화되고 있는 새집 증후군의 근본적 차단효과

 - 건물 철거시 건설폐기물의 최소화를 통한 친환경화

 - 국가정책에 부응하고 저소득층을 포함한 일자리창출",,,별도의견 없음,20240125,NA
통합창원시장배 마스터즈 수영대회 개최 건의,행정/자치/안전,,제안심사,2010-08-26,NA,창원시,"○ 현  황

- 통합창원시 소재 수영장은 대략7개 이상이 운영중에 있으며, 수영장을 이용하는 수영인들이 상당한 걸로 알고 있습니다. (이용자 인원파악은 창원시에서 파악하면 대략적인 수치가 나올 것임)

- 인근지역을 예를 들면 부산, 대구, 울산 등은 우리 통합창원시 보다 수영장 및 수영동호인의 인원등의 규모가 작지만 매년 크고 작은 수영대회를 개최하고 있으며, 여러가지 홍보효과를 얻고 있습니다.

- 그러나 우리 통합창원시는 타 시도 보다도 좋은시설과 많은 규모 인원임에도 이러한 수영대회가 없는 실정입니다.


○ 문 제 점

- 통합창원시 소속 수영동호인들은 우리지역의 좋은 수영장 시설을 두고도 지역을 대표하는 공식적인 수영대회가 없어 먼 거리를 이동하여 타시도로 수영대회를 출전하고 있는 실정입니다.


○ 건의(개선)내용

- 우리 통합창원시에서도 공식적인 수영대회  ex)""통합창원시장배 전국마스터즈 수영대회""를 개최하여 창원시 수영동호인들의 기량을 겨루고, 타 시도 출전선수들 및 참가인원들에게 통합창원시를 널리 홍보하는 좋은 기회를 만들었으면 합니다.


○ 예상되는 기대효과

 1.  현재까지는 창원, 마산, 진해 따로따로란 인식을 가지고 있어 화합의 의미로써 통합창원시 수영동호인들이 화합할 수 있는 좋은 계기를 마련

2. 타 시도 관계자 및 선수단에 살기좋은 통합창원시, 최초 행정통합 창원시에 대한 홍보효과를 기대할 수 있음

3. 통합창원시의 우수한 수영장시설 및 부대시설(종합운동장,경륜장,스포츠센터, 누비자 등등)을 홍보할 수 있음

4. 수영대회 참가에 따른 선수단들의 부대비용(식사, 숙박 등) 발생에 따른 수영대회장 인근 상권 활성화 기대",,,NA,20240125,NA
퇴직한 경찰공무원을 일터로...,행정/자치/안전,,제안심사,2010-08-26,NA,경찰청,"현 상황

사회적으로 많은 이슈가 되고 있는것이 아동 성폭력이나 성추행입니다.있어서도 일어나서도 안되는 일이 자꾸 반복되고 있습니다.

문제점

학부모가 아이들을 학교에 보내놓고 안심을 할수 없습니다.

등,하교길 특히 하교길에 많은 사건사고가 일어나고 있습니다.

그래서 경찰공원들의 퇴직후에 학교의 안전 지킴이로 고용을 하면 어떨까 합니다.

기대효과

그 분들이 학교도 둘러보고 하교길 안내도 해주고...

아무래도 경찰을 하셨던 분들이니  아이들을 더욱 신경 써서 보아 주실것 같고 학부모도 안심을 하고 아이들을 학교에 보내고 아이들도 믿고 따를수 있을것 같습니다.

그럼 지금처럼 하교길에 사고도 줄을것 같습니다. 일자리 창출로 그 분들도 노후를 즐겁게 보내지 않을까요?",,,NA,20240125,NA
야외 결혼식,행정/자치/안전,,제안심사,2010-08-25,NA,창원시,"진해 엔 해변에 위치한 진해루 라고 있습니다.

바다를 전망으로 진해루 누각 이 정말 예쁘게 자리를 잡고 있고 여름엔 토요일 마다 야외공연도 열리는 시민 공원 입니다.

이 아름다운 곳에서 야외 결혼식을 할수 있도록 하면 정말 좋을것 같아요. 

진해루 에서 파티션을 치고 신랑 신부 폐백실을 만들어도 되고, 수요 음악회가 열리는 장소에서 결혼식장 으로 활용 할수 있다면 시의 이윤 창출에도 좋고 어려운 가정 저렴한 비용으로 결혼식을 올릴수 있어 좋고 , 아름 다운 진해루가 더욱더 명소롤 알려 줘서 좋은것 같습니다. 하객 음식은 출장부폐로 대체하고, 바다를 전망으로 식을 올릴수 있다면, 답답하고, 비싼 결혼식장 보다, 시간도 여유롭고 좋을것 같습니다.봄 가을 여름 계절이 따뜻하고 좋은절기에 선남선녀의 예쁜 모습과 아름다운 진해의 풍경이 잘 어울릴것 같습니다.",,,NA,20240125,NA
"대학 '전임 강사', 내년 폐지 2008년 9월17일 뉴스 ",교육/문화/체육/관광,,답변완료,2010-08-25,2013-05-12,교육부,"지난 45년간 대학교육의 한 축을 담당했던

전임강사 제도가 내년부터 폐지됩니다.


""대학강사들의 사기진작을 위한 건데,

전임강사나 준교수로 부르는 대신,

기존 조교수에 통합시키기로 했습니다.


이에 따라 대학교원은 현행 네단계에서

교수 부교수 조교수, 이렇게 세단계로

단순화되게 됐습니다. ""


위에 내용은 2008년 9월17일에 뉴스에 대학 '전임 강사', 내년 폐지라는  기사로 보도된적이 있습니다. 하지만 2년이 지난 지금까지 깜깜 무소식입니다.

전임강사없이 조교수로 바로 임용되는 대학들이 종종있지만, 아직 국회에 통과되지않았다는 이유로 실행되지않는 학교가 훨씬 많습니다.


학교에서 교수의 지위에 관한 명칭은 위에서 아래로 나열하자면 교수 -> 부교수 -> 조교수 -> 전임강사  -> 초빙교수 -> 겸임교수 ->시간강사 순입니다.

전임강사부터는 교원에 들어가지만, 강사라는 명칭때문에 오해에 소지가 많습니다. 요즘 시간강사 를 외래교수라는 단어를 쓰는 바람에 전임강사라는 지휘가 외래교수보다도 낮다는 인식을 하는 사람들도 있습니다. 이런 분위기때문에 전임강사를 폐지하자는 겁니다.


또한 요즘 전임강사를 채용할때 23개월로 계약직을 뽑습니다. 그다음 재계약을 안하고 또 다른 계약직을 뽑습니다. 정년보장 전임강사와 똑같이 23개월을 일하면서 연봉은 천만원이상 차이를 둡니다. 그러기때문에 다시 계약을 연장하지않고 계약직으로 계속 교원을 충원합니다. 계약직이었던 전임강사를 다시 뽑으면 계약직이 안되고 정년을 보장해주어야하고 연봉을 올려주어야하기 때문입니다. 왜 교원을 충원해야하냐면  50%가 되어야 정부 지원도 받고 정부사업도 할수있기때문입니다. 임시방편으로 계약직으로 메꾸는거죠. 

계약직 전임강사들이 23개월만 일하고 정교원이 안된다는걸 알지만, 들어가는 이유는 그자리도 정말정말 안나기때문에 황당한 연봉으로도 들어갈수밖에 없습니다. 학교들은 그것을 악이용하구요.


교수가 되기위해서 15년이라는 긴 시간동안 공부와 경력을 쌓았습니다. 교수라고하면 학기중 수업하고, 방학때 쉬는줄 아시는데 절대 그렇지 않습니다. 수업준비, 강의, 학생 상담, 학교행사, 과행사( 한학기 보통 4-5개 : 매달 하나씩 준비하고 치룬다고 생각하시면 됨 공모전, 전시) 학교홍보 ( 고등학교가서 과 홍보), 개인 업적 만들기 (논문)등등, 이런일들이 싫다는게 아니고, 너무 과중한 업무때문에 본질적인 교육에 더 힘껏 할 수 없다는 겁니다.


시간강사분들한테는 배부른 이야기 일수도 있지만,  23개월동안만 신분이 보장된다는것 빼고는 시간강사일때보다도 적은 월급으로 훨씬 많은 일들을 한답니다. 비정규직 전임강사된다면 또 이런 고충이 있다는 말씀을 드리고 싶습니다.


제가 이런 내용을 올리는 이유는 ‘대한민국 헌정회 육성법 개정안’을 통과라는 뉴스를 접하고 깜짝 놀랐습니다. 국회에 상정된지 하루만에 통과되었다고 하더군요. 저는 지금 2년을 기다리고 있는데...",,,"안녕하십니까?

교육부 대학정책과입니다.


우리부에서는 전임강사인 교원의 경우 ‘강사’라는 명칭을 사용하고 있어  해당 교원의 사기를 저하시키는 요인으로 작용하고 있는바, 전임강사의 명칭을 폐지하고 이를 조교수에 포함하기 위해 2011년 7월 고등교육법을 개정하여 시행하고 있습니다.


제안인께서 주신 소중한 제안은 향후 관련 업무 추진 시 참고하도록 하겠습니다.


본 건과 관련하여 추가 문의 사항이 있을 경우에는 교육부 대학정책과 황혜경(02-2100-6922, truebird94@moe.go.kr)에게 문의하여 주시면 친절하게 안내해드리도록 하겠습니다.

감사합니다.",20240125,NA
"햇살론, 미소금융 명의 도용금지",재정/금융/소비자,,제안심사,2010-08-25,NA,금융위원회,"국가에서는 서민들을 위한 정책으로 10%대 저금리 보증부 대출 햇살론이 지난 7월 26일부터 본격 실시됐다. 

그리고 미소금융도 서민지원을 위한 금융소외계층을 대상으로 창업ㆍ운영자금 등 자활자금을 무담보ㆍ무보증으로 지원하는 소액대출사업(Micro Credit)으로 알고 있다.

근데 오늘 8월 26일 아침 인터넷 뉴스를 보니 '햇살론 받으세요~' '미소금융입니다~' 이런 스팸문자나 전화가 많은 사람들에게 걸려온다는 것이다.

그런데 이전화가 시행중인 정책이 아니라 40%가 넘는 사금융이 이름을 도용한 것이란다.

그러면 분명히 나라에서 시행하는 정책인줄알고 덜컥 대출을 받는 사람들이 분명 있을것이고 벌써 피해 사례들이 나오고 있다고 한다.


나라에서 특별히 심사숙고한 끝에 서민들을 위한 정책을 마련했으면 끝까지 책임을 져서 이름보고 피해를 당하는 사람들이 없도록 명의를 도용하지 못하도록 하고 그에따른 피해가 더이상 없도록 해주길 바란다.

그로인해 서민들이 또다른 슬픔에 빠지지 않도록 말이다.",,,NA,20240125,NA
"자연재해, 재난에 대한 국민의 인식 향상",행정/자치/안전,,답변완료,2010-08-25,2015-01-23,행정안전부,"자연재해, 재난에 대한 대국민 알림이 부족한것 같다. 이번 여름만 해도 사상 초유의 무더위로 많은 인명피해가 있었던 걸로 안다. 실제로 내 주변분께서 일사병으로 숨지는 사고가 있었는데, 일사병은 어떻게 예방하는지, 일사병으로 쓰러진 사람을 발견했을 시에는 어떻게 해야 하는지, 어떤 조치를 취해야 하는지 아무도 몰랐다. 119를 부르는 것 이외에는 아무것도 못했다. 너무나 비통한 일이었다. 그리고 이런 일이 나 뿐만 아니라, 이번 여름에 상당히 많고 심각하게 대두되고 있다고 알고 있다.

 사람들은 보통 더우면 집에서 에어컨만 세게 틀며 밖에 외출할 때에도 '설마 죽기야 하겠어' 라는 무더위에 대한 경각심이 없이 활동한다. 이에 국가적으로 대국민 광고, 홍보가 필요하다고 생각한다. TV에서만 광고를 지원한다고 되는 게 아니다, 홍보가 중요하다. 각 학교들과 지역단체에 홍보를 실시하고 파급시키도록 해야한다. 그리고 이것만으로도 부족하다고 생각한다. TV 광고보다 파급효과가 더 센 것은 시청률 좋은 프로그램이다. 그 프로그램에 더위와 직결된 피해(인명피해)와 그에 따른 예방법, 대처법을 방송을 통해 꼭 보여주도록 한다. 진지한 형식이 아니더라도, 참신하고 알기 쉽게 구성하는 것이다. 그렇게 되면 그 방송이 나간 전후로 해서 한동안 인터넷에 실시간 검색어며,

뉴스며, 배너에까지 노출을 시키는 것이다. 사회문제에 가장 무신경하지만, 가장 인터넷에 과감하리 만큼 민감하게 반응하는것이 10~20대이다. 그리고 그들의 인식개선이 곧 가장 큰 홍보 효과라 볼 수 있기 때문에 그 효과는 뛰어날 것이다. 그리고 더위관련 캠페인도 실시한다. 금연캠페인 선거캠페인 등등 자주 볼 수 있는 익숙한 캠패인이 아닌 더위예방캠페인을 시행한다면 그 자체만으로도 관심의 대상이며 사람들이 심각성을 느낄것이다. 

 지금은 더위에만 국한시켜서 설명을 했지만, 겨울에도 마찬가지이고 다른 상황에서도 

마찬가지이다. 각각의 상황에 맞게 어느정도의 '경보 지수'를 지정하여 일정수준의 경보지수가 넘으면 그에 따른 정책을 펴도록 했으면 한다. 자연재해, 재난에 대한 강도가 심해지고 횟수가 잦아지는 요즘시대에 꼭 필요한 정책이라 생각한다. 국민의 안전을 위하여.",,,"○ 안녕하십니까? 국민신문고를 방문하여 주셔서 감사드리며, 제안하신 사항에 대하여 다음과 같이 답변드립니다

 ○ 최근 기후변화, 이상기후 등의 영향으로 여름철 폭염강도가 증가하고 있습니다. 국민안전처에서는 관련부처와 함께 폭염대책을 수립하여 추진해 오고 있습니다.

 ○ 폭염피해예방을 위한 국민행동요령제작 배포와 홍보동영상을 제작하여 정부부처 및 지자체 주요전광판, 홈폐이지 및 SNS를 통하여 홍보활동을 지속적으로 전개하고 있습니다.

 ○ 아울러 홍보효과를 높이기 위하여 지상파 방송과도 지속적인 홍보협의하고 있습니다.

 ○ 또한 2008년부터 우리나라에서도 기상청에서 폭염특보 기준을 마련하여 운영하고 있습니다(폭염주의보 : 낮 최고기온이  최고 33도 이상이 2일이상 계속될때, 폭염경보 : 낮최고기온이 최고 35도 이상이 2일이상

    계속될때)

 ○ 앞으로도 여름철 폭염피해 최소화를 위하여 폭염특보 발효시 주민알림서비스와 주민홍보활동강화, 무더위 쉼터확보등 다양한 대책을 추진토록 하겠습니다,

 ○ 답변내용 중 궁금하신 사항에 대해서는 자연재난대응과 권영일(☎02-2100-0717, foresight01@korea.kr)에게 문의하시면 성심껏 답변 드리겠습니다. 감사합니다.",20240125,NA
놀이동산...,행정/자치/안전,,제안심사,2010-08-24,NA,창원시,1. 국내 최고를 자랑하는 창원시의 대단지 놀이동산 유치                                                          2.  청소년을 대상으로 하는 다양한 체험활동을 연중 실시할 수 있는 다양한 프로그램 개발 육성    3.,,,NA,20240125,NA
"청계천, 중량천 하류 철새보호구역의 조류 관찰 안내문의 흑백 조류 그림을 칼라 그림으로 교체하자",행정/자치/안전,중량천 철새구역개선안.ppt,제안추진,2010-08-24,NA,성동구,"현황 및 문제점:


청계천, 중량천 하류에는 철새보호구역이 지정이 되어 운영되고 있습니다. 이 곳에서는 서식하는 철새들을 관측하기 편리하도록 안내문이 설치되어 있는데 안내문에 그려진 철새들의 모습이 흑백으로 그려져 있기 때문에 실제로 철새를 관측하는데 많은 도움이 되지는 못하는 것 같습니다.


개선방안: 첨부파일을 참조하세요


@  기존의 안내문에 흑백으로 그려진 철새들의 모습을 실제에 가까운 칼라로 그려진 그림으로 대체를 하여 철새 관측이 용이하도록 합시다.

@  장마철에는 침수가 되는 지역이므로 안내문의 표면은 코팅처리를 하여 색깔이 바래지는 것을 방지하면 좋을 것 같습니다.


기대효과


청계천, 중량천 하류 철새보호구역에서  서식하는 철새들의 관측이 쉬워지고 편리해 질것으로 생각됩니다.",,,,20240125,NA
"주말,공휴일에도 폭염대피 가능한 ""무더위 쉼터""만들어 주세요",행정/자치/안전,,답변완료,2010-08-24,2015-01-15,행정안전부,"* 현행제도

   이번 여름 폭염이 9월까지도 지속된다하고 이러한 이상기후는 올해뿐아니라 앞으로도 계속될거라는

   기상청이나 기상학자들의 예측이 나오고 있습니다. 폭염시 주민대피를 위한 ""무더위 쉼터""를 곳곳에 

   운영하여 주민의 안전을 위한다는 정책도 많이 보고 있습니다. 그런데....

* 개선내용

  ""무더위 쉼터""로 되어있는곳이 주로 관공서(동사무소), 금융기관, 복지관등등 많은데요..이런곳이

   주말이나 공휴일날은 직원분들이 쉬는곳이 대부분이라 공휴일에는 ""무더위쉼터""가 유명무실하답니다.

   산복도로가 인접한 저소득층이 많은 지역은 주택구조가 폭염에 취약하고 대부분 거주하시는분들이

   노인층이 많아 손쉽게 자주 이용할 수 있는 무더위 쉼터가 필요합니다

* 개선시 기대효과

   모든기관이 주말이나 공휴일 개방이 어렵다면 일부라도 주말에 이용할수 있는 ""무더위 쉼터""를 만들어

   주셔서 앞으로도 지속될 폭염에 적극 대비가 되었으면 합니다",,,"○ 안녕하십니까? 국민신문고를 방문하여 주셔서 감사드리며, 제안하신 사항에 대하여 다음과 같이 답변 드립니다.

 ○ 최근 기후변화, 이상기후 등의 영향으로 여름철 폭염강도가 증가하고 있어, 미래에는 폭염으로 인한 피해가 더욱 커질 것으로 예상됨에 따라 국민안전처에서는 폭염으로 인한 피해를 예방하기 위해 여러 가지 대책을 마련하여 운영하고 있으며, 그 중 가장

     대표적인 정책이 ‘무더위 쉼터’제도입니다.

 ○ 폭염에 취약한 노인들이 자주 이용하고 쉽게 이동할 수 있는 일상생활 공간 주변에 위치한 접근이 양호한 장소를 “무더위 쉼터”로 지정하여 폭염 발생 시 폭염 취약계층을 보호하고, 시민들의 건강을 관리하며 휴식기능의 역할을 할 수 있는 곳으로 ‘14년에는

     경로당 마을회관 주민자치센터 등 전국 36,000여 개소에 무더위 쉼터를 지정․운영하였으며 그중 15,000여 개소는 주말․공휴일에도 이용이 가능하도록 하였습니다.

 ○ 앞으로도 지역 내 쌈지공원 같은 도심 공지 등을 활용하여 숲 가꾸기를 통한 자연그늘 조성, 물 순한 설비․쿨링시스템 설치 등을 통하여 폭염기간 뿐만 아니라 상시 누구나 편하게 이용 가능한 다목적 휴식쉼터 조성을 지속적으로 추진하도록 하겠습니다.

 ○ 답변내용 중 궁금하신 사항에 대해서는 자연재난대응과 권영일(☎02-2100-0717, foresight01@korea.kr)에게 문의하시면 성심껏 답변 드리겠습니다. 감사합니다.",20240125,NA
하천 유속을 이용한 침수예방 하천 종단배수시설 설치(개선) 시공 방안,행정/자치/안전,100725제안서첨부자료.hwp,제안심사,2010-08-23,NA,행정안전부,"□ 현    황 

   ○ 우리나라 우수배수관의 종단방류관이 대부분 하천제방에 직진 연결 하여 방수하고 있음 


□ 실    태(문제점)

   ○ 우수관의 종단 방류관 설계 시 본류하천의 유속, 수압, 수위상승 등 하천주변 외부환경을 종합적으로 고려하여 물 빠짐을 좋게 시공하여야 하나,

   ○ 우수방류관, 지류하천 등 종단배수시설을 하천제방에 직진 연결하여 방수하고 있어 본류하천 유수와 마찰로 인해 배수가 잘 되지 않고 있음

   ○ 또한 장마철 집중 호우로 본류하천 수위상승(범람)시 하천 역류, 배수 정체 현상으로 저지대 등에서는 상습침수 원인이 되고 있음


□ 개선방안 

   1. 기존 하천제방의 종단배수시설을 45도 각도의 방향으로 돌려 하천  유속이 빠른 중앙 가장자리 유수와 접하도록 친환경적으로 설치

   2. 본류하천 수위가 종단배수시설보다 상승(범람)하는 경우, 본류하천 유속에 의한 자연적 빨림 배수가 될 수 있도록 과학적 설계 시공

      ○ 이 경우 하천유속과 수압, 배수시설의 각도와 수압 등 하천주변 내・외부환경을 종합적으로 정밀 분석한 후

      ○ 종단 방수시 유속을 빠르게 하는 낙차보, 고수부지, 수압송수관 연결 등 설치

      ※ 토목, 수리학자 등 관련전문가 자문을 받도록 규정화 검토


□ 건의사항 

   ○  하천유속을 이용한 배수관 빨림 현상을 이용, 침수를 예방코자 국토해양부에 제안하였으나 하천에 관한 답변으로 재해 총괄기관에 이첩 제안하오니 붙임 관련 자료를 참고 

   ○ 동 1, 2항 개선사항은 수리학자, 토목학자 등 사전 연구가 필요한 사항으로 판단되어 방재연구소 등 전문기관에 연구용역 의뢰하여  그 결과에 따라 시공 표준안 마련, 관련 부처간 협의 시행 

      - 하천 유속 및 수압과 우수배수관 설치각도 및 배수관 수압 등과의 관계

      - 하천 내 종단배수시설 설치 방안(유실방지대책) 등


□ 기대효과

   ○ 저지대 상습 침수지역 주민생활 불편 해소 및 인명, 재산 피해 예방 

   ○ 하천특성을 살린 자연친화적 생태하천 복원으로 친수공간 확대기여 

   ○ 재해복구 예산 절감 및 행정력 낭비 해소 기대


□ 관련자료

    1. 종단배수시설 설치 모의실험 결과 1부.

    2. 친환경 종단배수시설 개선 모형도 1부.

    3. 유체별 종단배수시설 설치(개선)안 1부.",,,NA,20240125,NA
환경미화원에게 자동청소기지급을 고려해 봅시다,행정/자치/안전,,제안심사,2010-08-23,NA,북구,"현행제도의 문제점 :새벽에 산책을 나가면 환경미화원들을 봅니다.

몽당 빗자루 아니면 자루가 긴 빗자루 숯이 얼마 남지도 않은것을 가지고 청소를 하십니다.

잘 쓸어지지도 않고 효율도 떨어집니다.


개선내용 : 자동으로 쓸어지는 청소기를 지급하면 어떨까요?

IT강국이라 자랑하는 대한민국 그런청소기 지급 정부에서 생각만 한다면 그 비용도 그리 많진 않을 것입니다.

길에서 잘 사용할수 있게 개발 해야겠지요.

프랑스에선 개똥도 쓸어 담는다고 하더라구요.

일의 효율성도 문제지만 고용의 문제도 있다고 하시겠죠.

그러나 동네 근린공원 팔각정등에서는 더러운 곳이 많아요.


개선시 기대효과 :  자동청소기로 하면 단시간에 깨끗이 할수 있으니 남아 도는 시간에는 다른 취약한 곳을 청소 하시면

우리의 모든곳이 깨끗해 지지 않을까 하구요.

환경미화원도 일이 쉬우면 자긍심을 느낄것 같구요",,,NA,20240125,NA
"""여신전문금융업법 제19조(가맹점의 준수사항) 제3항에 대한 사항입니다",재정/금융/소비자,민원수정.doc,제안심사,2010-08-23,NA,금융위원회,"위헌적 요소가 있는 여신전문금융업법 제19조(가맹점의 준수사항) 제3항에 대한 사항입니다


카드가맹수수료에 대한 문제점을 지적한 내용으로


꼭 담당부서에서 검토해 주시면 감사하겠습니다.",,,NA,20240125,NA
주택가 재활용품 분리 수거함 설치,행정/자치/안전,,제안심사,2010-08-23,NA,북구,"1. 현행제도 및 운영의 실태와 문제점

  가. 운영실태: 아파트 단지를 제외한 주택가에는 재활용품 분리 수거함이

               별도로 없음

  나. 문제점: 세대별 재활용 가능한 쓰레기를 각양각색의 비닐 및

            수거용기에 배출함에 따라 바람에 날리거나 동물 및 사람의 접근시

            미관상 지저분할 뿐만 아니라 수거시간을 맞출 수 없는 세대의 경우

            집안에 계속 쓰레기가 쌓이는 등 불편을 초래하고 있음


2. 개선방안 

  - 일정한 위치(예, 헌옷수거함이 있는 곳)에 재활용 수거함을 함께 설치함으로써

   시간에 구애받지 않고 재활용품을 배출할 수 있음. 예산상 많은 설치가 어려

   운 것을 감안하여 주택 밀집지역에 우선적으로 설치 운용


3. 기대효과

  - 재활용쓰레기 수거함 설치로 수거시간을 놓침으로 인해 세대별 집안에

   쓰레기를 쌓아두는 일이 줄어들 것임


  - 재활용 수거봉투가 있음에도 몰래 재활용쓰레기 등을 투기하여 미관을

   해치는 일이 줄어들 것임",,,NA,20240125,NA
국민신문고 운영방법 改善 提示,기타,,답변완료,2010-08-23,2010-09-14,국민권익위원회,"안녕하세요.담당자님.


國家가 어려운 국민의 民願을 청취하여 국가기관이 민원인의 고통을 조금이나마 덜어주고 그 解決方案을 講究키 위한 system으로  “국민신문고”는 많은 국민이 이용 내지 애용하는 바람직한 web site임엔 틀림없다.


허나 한 가지 아쉬운 점은 민원내용을 관련기관에 配當만 하는 것으로 그치지 말고 그 처리에 있어 적극적이고 능동적으로 進行狀況과 結果까지도 계속 추적하여 본란을 통해 민원인에게 알려 주면 더없이 바람직 할 것으로 생각된다. 


최후 처리기관에 배당된 진정내용은 結果없이 흐지부지 되는 게 대다수여서 신문고 本來의 趣旨가 퇴색되는 感이 든다.


민원인이 이곳에 진정의 글을 올리기까지의 고충을 간과하여서는 안 된다.


2010.8.23 민원인",,,"1. 국민신문고에 대한 관심에 감사를 드리며, 귀하께서 신청하신 제안(1AB-1008-007630, 국민신문고 민원을 관련기관에 배당만할게 아니라

    적극적으로 진행상황과 결과까지도 민원인에게 통보)에 대한 검토결과를 다음과 같이 알려  드립니다.

2. 답변사항

  ○ 먼저 국민신문고에 애정을 가지시고, 활성화에 지대한 관심을 가져  주셔서 감사드립니다. 국민신문고에 신청한 민원중 국민권익위원회

      에서 처리하는 민원에 대하여는 적극적으로 성실하게 처리하고 있습니다만, 타 기관에 배정된 민원까지도 사후관리를 하기에는 너무

      많은 민원이 신청되어(연간 70여만건) 어려움이 있습니다. 앞으로 국민신문고를 사용하시면서 불편한 사항이 있으면, 언제든 문의하십

      시오. 친절히 답변드리겠습니다.

3. 제출하신 의견은 국민제안규정 제2조에 의거한 단순 건의에 해당하여 채택하지 않음을 양해하여 주시기 바랍니다.

4. 상기 내용 이외에 추가로 궁금하신 사항은 국민신문고담당관실 정진덕조사관(02-360-2750)에게 연락하여 주시기 바라며, 귀하와 귀하의

    가정에 건강과 행운이 항상 함께하기를 기원합니다. 끝.",20240125,NA
주민들이 안심하고 이용할 수 있는 탁아방,행정/자치/안전,,제안심사,2010-08-22,NA,노원구,"자치구에서운영하는 지역주민들의 건강과 문화 스포츠등 각종프로그램에 참여하여 여러가지 교육을 받고 싶지만 어린아이가 있는 주부들은 엄두를 내지 못하고 있고 손자,손녀를 데리고 있는 어르신들도 배우싶은 마음은 간절하나 딱히 아이를 돌봐 줄 곳이 없어서 자치구에서 저렴하게 이용할 수 있는 여러가지 프로그램에 참여하지 못하시는 분들을 많습니다.

직장어린이집과 연계하여 통합 탁아시설운영이 이루어진다면 지역주민에게 더 다양한 혜택과 서비스가 이루어질수 있을겁니다",,,NA,20240125,NA
무선주파수 안전삼각대 보급 검토,행정/자치/안전,,제안심사,2010-08-21,NA,경찰청,"[현행실태 및 문제점]

- 자동차 트렁크에 안전삼각대를 보유하는 비율도 그다지 높지 않은 것으로 알려져 있음.

- 안전삼각대를 구비하고 있더라도 현행 법률에 의거한 설치는 사실상 어려운 것으로 알려져 있음.

- 즉, 주간에는 후방 100m, 야간에는 후방 200m 지점에 안전삼각대를 설치하도록 되어 있는 현행법률은 현실과는 괴리가 크다는 지적이 제기되어 왔음.

- 따라서 안전삼각대 설치를 활성화하려면 본인 소유의 자동차로부터 아주 가까운 거리에 설치해도 효과를 볼 수 있는 새로운 기술도입이 필요한 시점임.


[무선주파수 발신 안전삼각대 검토]

- 일정 주파수의 발신이 가능한 안전 삼각대를 개발하여 보급하는 방안임.

- 무선주파수 안전삼각대의 구매가격은 상승할 것으로 예상되며, 무엇보다도 모든 차량에 별도의 수신장치를 설치해야 효과가 있다는 점에서 장기적인 검토는 가능할 것임.


[자동차 내비게이션 활용방안 검토]

- 자동차 내비게이션은 보편화되고 있는 추세임.

- 따라서 내비게이션에 '사고발생' 기능을 추가하여, 해당 기능을 활성화하면 본인 소유의 자동차를 사고차량으로 인식할 수 있도록 하는 것임.

- 마치 과속단속 카메라를 알려주는 것처럼 전방의 '사고차량'도 내비게이션에 알려주는 것임.

- 이런 기능이 가능하려면 현행 GPS수신기능에 추가적인 발신기능이 포함되어야 하므로 다소간의 가격상승이 불가피할 것임.


[기타]

- 우선 고속도로 및 자동차전용도로를 운행하는 자동차를 대상으로 보급하면 심리적인 거부감을 줄일 수 있을 것임.",,,NA,20240125,NA
국민권익위원회 개선사항,기타,,답변완료,2010-08-20,2010-09-09,국민권익위원회,"1.행정절차 간소화 (총괄부서)및 편성인가증가

-2달에서 3달간의 행정심판이 열리는 것은 많은 소송인들의 고통을 모르는 무책임한 행동

현재 많은 인력부족을 호소하는 기관임.

감사실에 민원청구결과 감사실에서도 손대지 못할만큼 고통받는 인원수이기에 증원시켜야한다고 봅니다.

2. 행정심판위원회 위원선출시 위대하신 변호사님과 교수님들 만 선출하지 마시고 시민대표 자영업자 대표 사업가 대표도 뽑아서 운영해야할것임.

- 오직 법과 학업에만 열중하고 살아오신분들이여서 자신들의 생각이 너무 뚜렸하고 민원인 청구인들의 사정을 너무모르는 것이 단점임  실질적으로 시민대표와 자영업자 대표 사업가 대표를 일정한 비율로 선충해야할것입니다. (다른분야는 잘모르겟지만 운전면허 취소건에 대해선 확실히 필요합니다.)

이유~8월17일 집행정지 처분소송을 본인의 안건이 회부 되었지만 기각처리됨.

기각처리된 답변서 내용 - 면허취소로 인해 막대한 재산상 피해가 없어보임으로 기각처리함!!!!!! 저는 현재 부채가 5000만원입니다. 거기다가 한달에 이자와 원금을 120만원씩 갚고 있지만 두곳의 금융기관에 면허취소 8월13일 날부터 저는 연체중입니다.

이게 말이됩니까 ? 이것에 대해 민원처리했습니다.

3. 집행정지처분 에서 폐소 했을때 다시한번더 청구할수 있도록 해야함

- 가뜩이나 믿어지지 않는 위언님들께서 수백건의 안건을 단1일만에 처리함에 있어서 실수가 없다면 이것은 거짓행위일 것입니다.누구나 신이 아닌이상 실수할수 있다고 생각합니다.

그런데 위원회의 집행권한이 너무막강해서 다시재검토의뢰를 할수 없다는 것은 오만방자한 행위입니다. 실제로 피해를 격어보지 못한사람은 이해못할만큼 억울하고 죽고싶은심정인데 다시한번더 할가치가 없다고 판단하여 재심사를 가결시켜버리는 행위는 없어져야한다고 생각합니다. 

4. 행정절차의 투명성 제시

- 막연하게 홈피에서 진행사항 중 이딴거 말고 제대로 보여주시기 바랍니다.

담당자와 통화가 1주일 동안 단한차례도 안이루어 지는현실속에서 무엇이 어떻게 진행 되는지 알방법이 없었습니다. 진실되게 현재상황에 대해 짧게나마 진행내용을 서술해 주십시요.

다시한번 강조하지만 국민권익위원회에 많은사람들이 도움을 받기도 하고 있지만 행정절차의 답답함으로 인해 더많은 사람들이 고통받고 있다는 점 꼭 명심해주시기 바랍니다.

행정심판위원회에 청구하는사람들 대부분이 생계형 노동자입니다. 

5. 감사실 무용지물? 감사실타기관이 관리및 감사실시해야함.

자기자식 미워할 사람없습니다.

못믿는것이 아니라 현재 근무중인 사람들이 인정하는 사실입니다.

불편불만의 많은 소리가 들려와도 함부로 제재할수 없는 감사실은 무용지물입니다.

실질적으로 고칠것은 고치고 잘못된것은 바로 잡을수 잇도록 감사실 인원을 타기관에서 배치하던가 관리해야한다고 봅니다.

실제로 제가 감사실에 따지고 조사를 의뢰했지만 죽는 소리만 합니다.

어떻게 하기가 참으로 난감하다고 왜전화안받냐 같은 민원및 내담당자랑 연락이 안된다 진행상태는 어떻게 됬냐등등 이런것들로 몇번이나 시정조치하려고 햇지만 바쁜데 어떻게 합니까라는 오히려 따지고 든다고 합니다. 그래서 타기관에서 꼭 관리해서 좀더 좋은 서비스와 잘못된만행을 바로 잡을수 있다고 봅니다.",,,"1.행정절차 간소화 (총괄부서) 및 편성 인원 증가  

  - 현재 우리위원회에서 안건처리 기간을 단축하기 위해 행정안전부 등에 정원 증원 지속적으로 요구하고 있음. 


2. 행정심판위원회 위원선출시 위대하신 변호사님과 교수님들만 선출하지 마시고 시민대표 자영업자 대표 사업가 대표도 뽑아서 운영해야할것임

  - 기 답변드린 사항임

    ; 행정심판법 제7조 제3항 제5호(그 밖에 행정심판과 관련된 분야의 지식과 경험이 풍부한 사람)에 따라 각계 전문가를 행정심판위원장이 비상임위원으로 제청할 수 있을 것으로 보임(위촉권자는 국무총리임). 하지만 현실적으로 법에 의거한 47명의 비상임위원을 사회 전체의 각 부문별 대표자로 위촉할 수는 없을 것으로 판단되나, 귀하의 제안내용은 신규위원 제청시 참고하도록 하겠음. 


3. 집행정지처분에서 패소했을때 다시 한번 더 청구할수 있도록 해야함  

  - 행정심판법 개정이 필요한 사항으로 입법적으로 해결해야하므로 향후 법 개정시 참고하도록 하겠음


4. 행정절차의 투명성 제시

  - 현재 홈페이지에서 보여주는 진행상황보다 더 자세한 상황은 안건담당자와 통화할 수 있도록 하고 있음.

    (홈페이지에서 담당자 검색 가능)",20240125,NA
안전,행정/자치/안전,,제안심사,2010-08-20,NA,경찰청,"안녕하세요 

저는 서울 강서구 화곡동 신정초등학교 5학년 정윤성입니다

최고 인원이 많은 저희 학교는 정말 아름다운 학교입니다

수영장이랑 골프장이 있는 멋있는 학교라고 할 수 있죠

학생수가 제일 많은 학교라서 그런지

등하교때 녹색어머니들께서 얼마나 수고를 많이 하시는 늘 감사합니다

그 어머니들의 노고가 없으시다면 우리들은 안전하게 다닐 수가 없을거예요

등하교때 학교 앞길을 차량통제를 하는제도가 있다면

녹색어머니께서 서 있는데도 얌체같이 통학길을 운전하는 사람들 때문에

우리들이 늘 위험해 처해있습니다

녹색어머니들의 노고도 조금 덜어드릴 수 있을것 같아서 이글을 씁니다

등하교시간에 학교 바로앞길 차량금지 시간을 정해주세요

감사합니다",,,NA,20240125,NA
제안에 달린 댓글 확인이 편해야합니다.,기타,,답변완료,2010-08-20,2010-09-14,국민권익위원회,"현재는 자신이 올린 제안이나 토론에 대한 댓글을 확인하기위해서는 

자신이 직접 자신의 이름 또는 내용을 검색하여 들어가야합니다.


댓글이나 토론에 댓글이 달리면, 그에 대한 정보가 좌측 또는 우측에 보여져야합니다^^*

더 나아가 댓글에 대한 덧글이 달려도 확인이 가능하면 좋겠습니다^^*

확인에 있어 바로가기 기능이 있어 제안이 좀 더 구체화되고, 발전할 수 있으며

토론에 있어서 활성화가 가능하고, 일반 글들을 통해 친목이 가능할 수 있는 환경이 형성되야합니다^^*


이런 지원이 있다면 외롭지않게 효율적으로 좋은 제안들을 많이 만들어낼 수 있을 것 같습니다^^*

궂이 설문이라는 방법을 사용하지 않아도, 누군가 문제와 대안을 제시하면 그에 대한 다양한 의견들이 댓글을 통해 달리고, 그에 대한 덧글등을 바로 달아 의견교환이 진지하게 이뤄질 수 있어 바람직할 것 같습니다^^*",,,"1. 국민신문고에 대한 관심에 감사를 드리며, 귀하께서 신청하신 제안(1AB-1008-006732, 제안에 달린 댓글 확인이 편하게 해주세요)에 대한

    검토 결과를 다음과 같이 알려드립니다.

2. 답변사항

 ○ 현재 국민신문고 국민제안에서는 공개제안에 대한 댓글을 확인하실 수 있습니다. 댓글이 길어지면 하단으로 길게 이어질 수밖에 없으

     므로 불편하시더라도 상세보기를 하셔야 내용을 확인하실 수 있습니다. 앞으로 국민신문고를 이용하시면서 불편한 사항이 있으면,

     언제든 문의하십시오. 친절히 답변드리겠습니다.

3. 제출하신 의견은 현재 시행중인 제안에 해당하여 채택하지 않음을 양해하여 주시기 바랍니다.

4. 상기 내용 이외에 추가로 궁금하신 사항은 국민신문고담당관실 정진덕조사관(02-360-2750)에게 연락하여 주시기 바라며, 귀하와 귀하의

    가정에 건강과 행운이 항상 함께하기를 기원합니다. 끝.",20240125,NA
각 동 주민센터에 '헌책 기증함' 설치,행정/자치/안전,,답변완료,2010-08-19,2013-01-17,서울특별시,"ㅁ 현행제도 및 운영의 실태

 ㅇ 최근 공공도서관이 많이 건설되고는 있으나, 아직까지 마음놓고 책을 볼 수 있는 곳이 부족

 ㅇ 아이들 교육에 있어 독서는 매우 중요한 부분이나 서민들의 경우 정기적으로 들어가는 비싼 책 값을 감당하기는 사실상 버거움

 ㅇ 반면, 중산층 이상의 가정에서는 아이들의 성장에 따라 책이 필요없게 되는 경우가 있으며, 성인 책의 경우에도 한두번 읽고 나면 필요없이 집에 쌓아두는 경우가 많음


ㅁ 개선내용

 ㅇ 각 동 주민센터에 '헌 책', '헌 DVD', 중교 교육교재 등을 기증할 수 있는 기증함 설치

 ㅇ 기증받은 책이나 물품은 각 지역 공공도서관에 비치하거나, 지역의 저소득층 가정에 제공

 ㅇ 특히, 요즘에는 각 동네마다 저소득층을 위한 공부방이 많이 운영되고 있는데, 이곳에 비치해도 좋은 효과


ㅁ 개선 시 기대효과

 ㅇ '나눠쓰기'를 통해 지역 공동체 의식 강화

 ㅇ 저소득층 가정에 조금이나마 경제적으로 보탬이 될 수 있음",,,"김유미님 안녕하십니까?


 서울시 시정에 많은 관심을 갖고 좋은 의견 주신 것에 대하여 감사드립니다.


 먼저 담당자 변경 등으로 김유미님의 귀중한 제안에 대한 답변이 늦어진 점에 대하여 대단히 송구스럽다는 말씀을 드립니다.


 김유미님께서는 각 동 주민센터에 ‘헌책 기증함'을 설치하자는 의견을 주셨습니다.


 동주민센터 업무는 자치구 소관업무로서 서울시에서 동주민센터의 ‘헌책 기증함' 설치에 대해 직접 관여하기는 어렵습니다만, 김유미께서 말씀하신 의견에 대하여 동작구청, 송파구청 등에 내용을 확인하였습니다.


 김유미님께서 의견주신 대로 각 동 주민센터에서 헌 책, 헌 DVD, 중고 교육교재 등을 기증받아 각 지역 공공도서관에 비치하거나 지역의 저소득층 가정에 제공하면, 지역 공동체의식이 강화되고 저소득층 가정에 경제적으로 보탬이 될 수 있으리라 여겨집니다. 다만 현재 대부분의 동 주민센터에서는 기증받은 책・물품 등을 필요로 하는 적재적소에 배분할 수 있는 인적・물적 기반이 충분치 않은 상황입니다. 이에 현재로서는 ‘헌책 기증함' 설치에 대하여 우리시에서 일률적으로 정하기보다는 각각의 기관에서 주어진 여건을 고려하여 자체적으로 판단할 사항이라고 생각합니다.


 참고로 김유미님께서 느끼시기에 많이 미흡하겠지만, 송파구청에서는 헌책, 교복 등을 기증받아 이를 염가(200원~1000원 수준)에 필요한 분들에게 판매하는 ’헌책교복은행‘을 운영하고 있으며, 우리시에서는 향후 작은 도서교환코너 등을 포함하여 주민들이 주민센터에서 추가적으로 서비스해 주기를 원하는 기능들을 조사하여 이를 자치구에 건의코자 하오니 양지하시기 바랍니다. 아울러 우리시에서는 향후 김유미님의 제안 요지를 정책 수립시 참조하도록 하겠습니다.


 우리 시정에 많은 관심과 애정을 가지시고 좋은 의견을 주신 김유미님께 다시 한 번 감사의 말씀을 드리며, 가정에 건강과 행운이 늘 함께 하시기를 기원합니다. 감사합니다.",20240125,NA
"동별로 찾아오는 보건소&소아과와 보건소, 예방접종 백신 일원화",행정/자치/안전,,제안심사,2010-08-19,NA,서울특별시,"1. 현황 및 문제점

- 현재 구별로 보건소에서 아이들 예방접종을 무료로 해주고 있습니다. 물론 필수접종에 한해서요. 고마운일이지요. 하지만 애둘 딸린 아줌마들은 기동성이 떨어져 보건소가는 것이 큰 일이랍니다. 보건소 찾아가려면 택시를 타야하는 것이 기본입니다. 그래서 돈 주더라도 가까운 동네소아과를 갑니다. 

- 동네소아과랑 보건소의 예방접종 백신은 차이가 있습니다. 예를 들어 DTP 백신은 동네소아과는 SK DTP를 씁니다. 하지만 보건소는 다른 백신을 쓰지요. 1차 접종을 동네소아과를 했다면 2, 3차도 어쩔 수 없이 동네소아과를 가야합니다. 그리고 일본뇌염 접종도 동네소아과는 생백신을 써서 3차까지만 합니다. 하지만 보건소는 사백신을 써서 5차까지 합니다. 


2. 개선내용 및 기대효과

- 요일을 정해 보건소 예방접종 차량이 동별로 찾아오는 것은 어떻습니까?

보건소는 보건소대로 예방접종률 높이고 엄마들은 돈 절약해서 좋고 일석이조인듯 합니다.

- 동네소아과와 보건소 백신을 같은 것을 쓰면 어떨까요. 보건소 예방접종이 유명무실해지지 않도록 말이죠. 그리고 페구균, 뇌수막염, 로타같은 비싼 접종은 보건소에서 하지 않습니다. 이것 또한 보건소 무료접종에 포함시키는 것이 어떨까요. 애들 예방접종비만 한달에 30만원 이상 들어갑니다. 예방접종비를 덜어주는 것 또한 저출산을 극복하는 대안이지 않을까요.",,,NA,20240125,NA
항공스포츠공원(모형비행장) 조성 제안,행정/자치/안전,제안서.vol1.egg제안서.vol2.egg제안서첨부.vol2.egg제안서첨부.vol1.egg,제안심사,2010-08-19,NA,창원시,"2009년도 대전 전국체전부터 항공스포츠 분야에 모형항공기가 정식 체전 종목으로 채택되어 많은 인기를 얻고 있습니다. 이는 단순한 스포츠의 범주를 벗어나 초, 중, 고 학생들에게 하늘을 날 수 있는 꿈과 희망을 주고, 미래 지역의 첨단산업 발전을 도모할 뿐만 아니라, 명품 도시를 꿈꾸는 창원시의 브랜드 가치를 높일 수 있는 절호의 기회라 생각됩니다.

  아시다시피 모형항공기는 소형 기계기술과 로봇 제어기술로 이루어진 미래형 첨단기술의 집약체로서, 교육, 산업, 국방, 레저 등의 관련된 분야에 선도적 역할을 담당할 것입니다.    

  현재 창원시에는 전용 모형항공기 비행장이 없음에도 불구하고 직장인 및 학생들을 포함하여 200여명의 동호인이 활동 중에 있으며, 만약 장소가 마련된다면 예상컨대 아주 많은 동호회와 동호인들이 형성되리라 봅니다. 그리고 현재 우리 모형항공연합동호회 동호인들이 활동하는 곳에는 언제나 많은 갤러리들이 모여 듭니다. 이러한 상황을 유추해 볼 때, 창원시의 휴식 공간 또는 관광 명소가 될 것으로 예상되며, 또 창원시의 초, 중, 고 학생들의 과학체험교실, 군․민 항공관련 위탁 교육시설로 이용이 가능하여, 창원시 지역경제에도 보탬이 될 것으로 생각합니다.

  창원시 지역에서는 간이 비행장도 마련되지 않아 우리 모형항공연합동호회에서는, 인근 타 지역인 창녕, 함안, 밀양, 김해 등에 있는 모형항공기 비행장을 활용하고 있습니다. 타 시도의 경우, 시도에서 적극적으로 후원한 모형항공 비행장을 활용하여, 국내․외의 각종 모형항공대회를 개최하고 있으며, 이 대회를 통한 반사 이익을 창출하고 있다고 합니다.

  따라서 우리 창원시 모형항공연합동호회에서는 의창군 북면의 낙동강변에 적당한 규모의 모형항공 비행장을 마련하여 주시기를 간절히 부탁드립니다. 세계적으로 유명한 모형항공 연료회사인 라피콘에서 국제 모형항공대회를 개최하려 하였으나 아쉽게도 장소가 마련되지 못하여, 전전긍긍하고 있는 때에, 항공스포츠 동호인이 적은 안성시에서 유치하여 성황리에 개최된 바가 있습니다. 후문에 의하면, 시민들의 볼거리뿐만 아니라, 미래의 레저에 대한 인식변화가 생겼다고 하며, 모형항공기에 들어가는 각종 기기와 제어기술관련 산업이 국제적으로 상당히 번창하고 있다는 사실에 놀라움을 금치 않았다고 합니다. 미래를 준비하는 다른 시도를 부러워만 할 것이 아니고, 우리 창원시가 미래를 주도하는 명품도시로 거듭나기 위하여, 항공과학과 관련한 교육, 산업, 국방, 레져 등의 분야가 활성화 되도록 우선적으로 모형항공기 비행장 시설을 마련해 주시기를 간곡히 부탁드립니다.

  드리고 싶은 말씀이 많사오나 추가적인 내용들은 직접 찾아뵙고 전달드릴 수 있는 기회가 오기를 바랍니다.


연락처 : 이수대 (010-3880-0566)",,,NA,20240125,NA
창원 가음정 습지공원에 대한 제안,행정/자치/안전,,제안심사,2010-08-19,NA,창원시,"안녕하세요. 창원시는 너무나 깨끗하고 공원이 많아서 살기가 참 좋은 도시라고 생각합니다.

다음달 가음정으로 이사를 가게 되어 공사관계로 자주 오고가던차에 가음정 장미공원 맞은편의

습지공원을 보았습니다. 

장미공원은 사람들이 많이 애용하고 있고 봄철이면 꽃이 너무나 아름다워 참 보기 좋습니다.

그러나 반대편 습지공원은 처음엔 공사중인 공원이라고 생각하였습니다.

잡초가 무성히 나 있기도 하구 왠지 들어가기가 꺼려져서요...

입구쪽을 보니 분수대가 켜져 있어서 공사중인 아닌가보다 생각하였는데요.

그곳이 집에서도 가깝고 그렇게 방치되고 있는게 너무 아까워 제안을 합니다.

저는 아이들도 있고 해서 장미공원보다는 오히려 습지공원이 집에서도 가까운데 자주 이용해지지 않게 됩니다.

사람들이 자주 드나들수 있도록 만들어 주세요. 지금 현재로써는 사람들의 발걸음이 거의 없는듯합니다. 장소도 그리 좁지 않은편인데 조금만 가꾼다면 멋진곳으로 탈바꿈 할수 있으리라 생각합니다.

아름다운 공원이 되리라 기대해봅니다~",,,NA,20240125,NA
톱밥제조기구매해서 공동사용,행정/자치/안전,,답변완료,2010-08-18,2014-11-13,창원시,"통합시 초기라 시정에노고가 많습니다.

본인은 축산농장을 하다가 현제 내서주공5단지관리소장일을 하는 강영덕입니다.

당시민의 반이상이 아파트에 거주하며 도농통합시인 창원시에 도움되겠기에

다음과같은 제안을 하오니 살펴보시고 시정에 반영되기를 당부드립니다.

              -----------                아      래           ---------                                                       아파트수목전정시 부산물처리에 많은비용들며 축산농가는 축사바닥오물처리를 위해 

고가로 톱밥을 구입하는 부담이있습니다.이두가지를 동시에 해결할수있는 방안이 시예산으로

돕밥제조기를 구매해서 공동사용하고 톱밥을 농민에게 염가로 공급하는 방안입니다

작년에 마산시에 제안하였고 일부자치단체에서 시행하여 좋은반응이 있습니다.",,,"우리시는 매년 톱밥지원사업을 시행하고 있으며 수목전정에 따른 인건비와 톱밥이용을 위한 포장 및 수송에는

 많은 전문 인력과 재정이 수반되어야 합니다. 축사용 톱밥은 제조시 전문 목재상에서 가공과정을 거쳐 벌크포장되어

 축사 가가호호 방문하는 사업을 시 자체적으로 추진하고 있는 점 알려드리오니 이점 참고하시기 바라오며

 제안주신 강영덕님께 감사드립니다.",20240125,NA
교수 임용 고시 시행 제안,교육/문화/체육/관광,,답변완료,2010-08-17,2013-05-12,교육부,"얼마전 교수 임용 비리와 관련하여 사건이 크게 대두된 적이 있습니다. 돈을 얼마를 들여야 교수임용이 가능하고 사학비리의 뒷돈이 근절되고 있지 않습니다.



힘들게 공부하고 노력하는 교육자들이 인정을 받지 못하고 돈이 없어서 교수가 될 수 없다는 점이 너무나 안타깝습니다. 돈을 어떻게든 마련해야 교수가 된다는 게 교육계의 큰 문제라는 겁니다.

공부하는데도 돈이 많이 드는데 부모님들은 똑똑한 자식들의 직장을 위해 또 큰 돈을 마련해야한다는게 말이 안됩니다.




유치원 임용고시나 중고임용고시는 말그대로 고시라 무척 어렵습니다. 그래서 더 좋은 선생님들을 모시려고 하고 그 과목에 대한 노력과 성과도 기대할 수 있습니다.

돈만 있고 외국에 가서 박사만 따오면 되는 교수가 아니라 공신력있는 기관에서 시행하는 교수 임용고시도 이루어져야 한다고 생각합니다.

그러면 정말 능력있는 젊은 박사들의 수준있는 사학재단이 되지 않을까요?",,,"안녕하십니까?

교육부 대학정책과입니다.


우선 우리부 고등교육정책에 많은 관심을 기울여주심에 감사의 말씀을 드립니다.


사립학교법 제53조의2에 따르면 학교법인 또는 사립학교경영자는 소속 교원에 대한 임면권을 가지고 있으며, 정관 또는 자체규정에서 따라 근무조건, 근무기간, 급여 등을 정하여 교원을 임용할 수 있습니다.

이는 대학의 다양한 교육과정에 따라 자유롭게 교원을 임용하게 함으로써 대학 교육의 질을 제고하고 교육역량을 강화하기 위한 것으로 생각됩니다.


아울러, 교원 신규 채용 시 교육공무원법에서 정한 특정대학 학사학위자 편중 금지 및 객과적이고 공정한 심사 추진 등을 준용하게 하여 사립대학 교원 임용의 투명성 및 공정성을 담보하도록 하였음을 알려드립니다.


제안인께서 제안하신 대학 교원 임용고시 시행 방안은 향후 관련 업무 추진 시 참고하도록 하겠습니다.


본 건과 관련하여 추가 문의 사항이 있을 경우에는 교육부 대학정책과 황혜경(02-2100-6922, truebird94@moe.go.kr)에게 문의하여 주시면 친절하게 안내해드리도록 하겠습니다.

감사합니다.",20240125,NA
공직사회에서의 투서 행동 처벌 강화 건의,기타,,답변완료,2010-08-17,2010-10-01,국민권익위원회,"저 정부에 건의 할것이 있는데요? 다름이 아니라 인사철만 되면 투서 같은 행위가 너무나 심하다고 생각이 듭니다. 

조현오 경찰청장 내정자만 해도 그런 동영상 자료를 언론에 나도는데 누가 그런짓을 햇겠습니까? 바로 내부의 소행입니다. 

그래서 말인데 내부에서의 인사철만 되면 투서같은 것을 더욱 강력하게 처벌했으면 합니다.

결국 소리만 크지만 투서의 피해자들이 만약 임명되더라도 투서를 한 사람들은 처벌을 안받습니다. 이것은 처벌을 하지 않았기 때문입니다. 

공직사회에서의 인사철만 되면 투서행위는 강력한 처벌로 일벌백계하여만 비로소 그것이 없어 질꺼라 생각이 듭니다.",,,"안녕하십니까? 

국민신문고를 방문해 주셔서 감사합니다.


국민제안은 국민이 정부시책 또는 행정제도・운영의 개선을 목적으로 중앙행정기관의 장, 지방자치단체의 장 또는 특별시・광역시・도・특별자치도 교육감(행정기관의 장)에게 제출하는 창의적인 의견 또는 고안으로서, 


1. 일반적으로 공지되었거나 이미 이용되고 있는 것 

2. 타인이 취득한 특허권・실용신안권・디자인권・저작권에 속하는 것이거나 [공무원 직무발명의 처분・관리 및 보상 등에 관한 규정] 에 의하여 보상이 확정된 것 

3. 이미 채택된 제안이거나 그 기본구상이 이와 유사한 것 

4. 일반 통념상 그 적용이 불가능하다고 판단되는 것 

5. 단순한 주의 환기・진정・비판・건의 또는 불만의 표시인 것 

6. 국가나 지방자치단체의 사무에 관한 사항이 아닌 것 


등은 해당되지 않으며, 이에 귀하의 의견을 불채택 하고자 하니 양해하여 주시기 바랍니다.


환절기 건강에 유의하시기 바랍니다.

감사합니다.",20240125,NA
처리기관명 마크그림을 새기게합시다.,기타,,답변완료,2010-08-16,2010-09-14,국민권익위원회,처리기관명 마크그림을 새기게합시다.,,,"1. 국민신문고에 대한 관심에 감사를 드리며, 귀하께서 신청하신 제안(1AB-1008-005353, 처리기관명 마크그림을 새기게합시다.)대한 검토

    결과를 다음과 같이 알려드립니다.

2. 답변사항

 ○ 귀하께서 국민신문고 국민제안에 제출하신 내용에 구체적인 제안  내용이 작성되어 있지않아, 검토하기 어려우니, 구체적인 내용을 작성

     하여 신청하시면 검토후 결과를 안내하여 드리겠으니, 양해하여 주시기 바랍니다.

3. 제출하신 의견은 내용이 불분명하여 채택하지 않음을 양해하여 주시기 바랍니다.

4. 상기 내용 이외에 추가로 궁금하신 사항은 국민신문고담당관실 정진덕조사관(02-360-2750)에게 연락하여 주시기 바라며, 귀하와 귀하의

    가정에 건강과 행운이 항상 함께하기를 기원합니다. 끝.",20240125,NA
심사를 받은 글자색을 파란색을 변하게해서 알아보게합시다.,기타,,답변완료,2010-08-16,2010-08-27,국민권익위원회,심사를 받은 글자색을 파란색을 변하게해서 알아보게합시다.,,,"1. 국민신문고에 대한 관심에 감사를 드리며, 귀하께서 신청하신 제안(1AB-1008-005352, 심사를 받은 글자색을 파란색을 변하게해서 알아

    보게합시다.)대한 검토결과를 다음과 같이 알려드립니다.

2. 답변사항

  ○ 귀하께서 국민신문고 국민제안에 제출하신 내용에 구체적인 제안  내용이 작성되어 있지않아, 검토하기 어려우니, 구체적인 내용을 작성

      하여 신청하시면 검토후 결과를 안내하여 드리겠으니, 양해하여 주시기 바랍니다.

3. 제출하신 의견은 내용이 불분명하여 채택하지 않음을 양해하여 주시기 바랍니다.

4. 상기 내용 이외에 추가로 궁금하신 사항은 국민신문고담당관실 정진덕조사관(02-360-2750)에게 연락하여 주시기 바라며, 귀하와 귀하의

    가정에 건강과 행운이 항상 함께하기를 기원합니다. 끝.",20240125,NA
횡단보도에서 신호위반 차량 벌금에 관한사항,행정/자치/안전,,제안심사,2010-08-16,NA,경찰청,"횡단보도에서 차량이 신호위반을 햇을 때  해당 차량의 벌금을 현행벌금보다


20배인상 하여서 그 벌금으로 위험지역 cctv 확대 설치를 요망합니다.",,,NA,20240125,NA
국민신문고 민원업무처리 개선 요망,기타,,답변완료,2010-08-16,2010-08-27,국민권익위원회,"일반국민들이 살아가면서 힘든 일 해결하기 어려운 일 들이 많습니다.

일선 읍,면,동 그리고 파출소,경찰서나 일반 구청,시청에 건의나 요망 사항이 

많습니다.


일반 국민들은 애로사항이나 요망사항등을 일선행정기관에 건의나 요망 할 수

없는 예산이 수반되거나 정책사항등을 일선행정기관에 요청해도 불가능할때가 

많습니다.


그렇다고 청와대나 국회,법원에 일일이 찾아 갈수도 없는 실정입니다.


그래서 국민신문고에 제출하면 직접 처리를 하지 않고 읍,면,동이나 구청,

시청 그리고 해당 부서로 이첩을 하고 있습니다.


가까운데 관청을두고 멀리 신문고에 민원을 제출 하는 것은 민원이 제대로 

처리되기위해서 입니다.


국민신문고에 낸 민원이 읍,면,동이나 파출소,경찰서에서 답변이 옵니다.


이제 지금까지 하고 있던 국민신문고가 국민들 아픈데를 치료해주고

가려운데를 긁어 주는 국민민원처리 기관으로 거듭나기 바랍니다.


예산이 수반되고 정책적인 민원은 직접 국민신문고에서 처리해주고

국민신문고에서 처리가 불가한 사항은 해당 지방자치단체에 내도록 해주십시요.


이렇게  해줌으로써 국민들이 시간을 줄이고 국민신문고에 신뢰를 쌓을 수있도록

국민신문고 민원처리 업무를 대폭 개선실천 해주시고 회시하여 주시기 바랍니다.


  경기 남양주시 오남읍 최 연 성",,,"1. 국민신문고에 대한 관심에 감사를 드리며, 귀하께서 신청하신 제안(1AB-1008-005237, 국민신문고에 신청한 민원은 읍,면,동,구청,시청등

    으로 이첩 하지말고 권익위에서 직접처리)에 대한 검토 결과를 다음과 같이 알려드립니다.

2. 답변사항

  ○ 국민신문고에 신청한 모든 민원(연간 70여만건)에 대하여 권익위에서 직접 처리하기에는 인력 문제 등 현실적으로 수용하기에 힘든 점

      을 양해하여 주시기 바랍니다, 앞으로 국민신문고를 이용하시면서 불편한 사항이 있으면, 언제든 문의하십시오, 친절히 답변드리겠습

      니다.

3. 제출하신 의견은 현실적으로 적용하기에 어려운 제안에 해당하여 채택하지 않음을 양해하여 주시기 바랍니다.

        4. 상기 내용 이외에 추가로 궁금하신 사항은 국민신문고담당관실 정진덕조사관(02-360-2750)에게 연락하여 주시기 바라며, 귀하와 귀하의 가정에 건강과 행운이 항상 함께하기를 기원합니다. 끝.",20240125,NA
'국민건강連프로젝트'(가칭)사이트 운영,식품/보건/복지/가족,,답변완료,2010-08-16,2013-03-20,보건복지부,"* 현행제도 및 운영의 실태와 문제점

신체적 건강함을 유지하기 위해서 이에 필요한 정보를 얻기위해 일반인들은 인터넷 검색등에 의지하는 것이 일상다반사 여서, 인증되지 않은 정보로 자칫 잘못된 건강상식으로 인해 오히려 건강을 해칠 수 있기 때문에 잘 정리된 어떤 것이 필요하게 됩니다.


* 개선방안

보건복지부에서 운영하는 '국민건강連프로젝트'(가칭)사이트를 운영하여 다른나라보다 더욱 건강한 대한민국을 만들었으면 좋겠습니다.


* 국민건강 連프로젝트 사이트의 내용

1. 연령대별(또는 나이별)로 필요한 영양성분과 음식물 소개

2. 연령대별로 걸리기 쉬운 질병과 예방법 소개

3. 계절별 건강유지 방법 소개

4. 가정이나 직장, 학교에서 손쉽게 할 수 있으면서도 효과가 큰 운동법 소개

5. 부록으로 전국의 산림욕장 및 산림휴양지 소개

6. 자료실에서는 e-book형태의 파일로 제작(종이책자 인쇄비 절약)하여 무료 배포

7. 최근(또는 최신) 이슈 질병 소개 및 예방법 안내

8. 건강한 삶을 위한 면역력을 높이는 생활 습관등 건강에 필요한 건강상식을 그림으로 쉽게 표현

9. 청소년들에게 이 사이트에 대한 과목을 다뤄서 학습과 시험을 통해서 성인이 되어도 건강상식만큼은 잊지 않게 하는 것을 목적으로 꾸준하게 학습 시킴

10. 사이트 홍보는 정부의 모든기관과 홈페이지 이용

11. 국민의 건강에 대한 내용외에 다른 내용은 배제하고 사이트를 간결하게 만드는것을 기본으로하여 읽기 쉽게, 보기 쉽게를 원칙으로하여 사이트를 제작


* 기대효과

1. 나라의 재산인 국민건강보호

2. 계속되는 건강정보로 온국민이 건강한 복지국가 실현

3. 의료비, 건강검진비의 경제적 부담 절감으로 건강해지는 정부 재원

4. 정부가 국민에게 해줄 수 있는 가장 기본적인 건강사업이면서, 건강에 대한 정부의 믿을수 있는 정보로 국민의 더큰 신뢰을 받음

5. 틀림없이 타국에서 부러워할 정책으로 국가이미지 상승에 기여",,,"먼저 보건복지 정책에 지대한 관심을 가져주신 민원인께 진심으로 감사드립니다. 

민원인께서 제안하신 건과 관련하여 우리부에선 이미 추진 중에 있음을 알려 드립니다. 

- 사업명 : 국가건강정보포털 구축 

- 포털주소 : http://health.mw.go.kr 

- 오픈시기 : 2010. 10월경(현재 국민이 보다 쉽고, 편리하게 이용할 수 있도록 고도화 추진 중) 


다시 한번 민원인의 깊은 관심에 감사드리며, 제안하신 사항에 대하여는 정책에 반영될 수 있도록 노력하겠습니다.",20240125,NA
** 여성발전센터의 회원관리,행정/자치/안전,,답변완료,2010-08-15,2013-01-30,서울특별시,"*현행제도

현재 서울시여성센터에는 취업을 위한 여러가지교육과 기본 소양교육을 실시하고있다.


*실태와 문제점

서울시에서 지원을 받고 많은 프로그램을 진행하고 있다.

그래서 교육종류도 많다.

그러나 실질적으로 평범했던 주부들이  한번의 교육으로 바로 취업전선에 들어가기가 쉽지 않다.

그런데도 여성센터에서는 종류를 바꿔가면서 교육을 시키고 실적으로 잡고,또 다른 교육을 시킨ㄷ.

이렇게 되다보면 전에 자격증이나 경력자가 아니면 도움이 되지 않는다.


*개선내용

여성센터에서 처음에 교육을 시킬때 장기간을 활용해서 초보자들이 차근차근 교육을 받고 취업할수 있도록 프로그램을 진행했으면 좋겠다.

이렇게하다보면 자격증있는 사람만 취업하는것이 아니고, 전업주부도 취업할수 있는 기회가 될것이다.",,,"현재 여성인력개발기관에서는 1기에 최대 100여개 직업교육 및 생활문화 과정을 개설 운영하고 있음

이는 여성의 다양한 욕구를 충족시키기 위함이며, 교육과정도 기본 및 심화과정, 중장기 맞춤형 교육으로 구분하는 등

본 제안사항은 기 센터별로 실시하고 있습니다. 참고로 여성발전센터는 시립시설로 여성단체에 위탁운영하고 있고,

여성인력개발센터는 민간시설로 민간이 책임운영하고 있음을 알려드립니다.",20240125,NA
불쌍한약자들,행정/자치/안전,,제안심사,2010-08-14,NA,경찰청,"가족 성폭력 범죄가 증가하고 있다. 2007년 120건이던 것이 지난해는 352건으로 3배 가까이 늘었다. SBS '그것이 알고 싶다'가 가족 성폭력의 실태를 점검하는 '침묵 속의 절규, 가족 성폭력' 편을 14일 밤 11시 10분에 방송한다.


지난달 27일 서울 영등포경찰서는 친딸을 성폭행한 혐의로 염모(52)씨를 구속했다. 염씨는 딸이 열 세 살이던 2005년부터 22차례 성관계를 맺어 오다가 딸의 신고로 긴급체포됐다. 경찰 조사 결과 그는 딸을 임신시켜 낙태 수술까지 받게 한 것으로 드러났다.


그러나 구속영장 신청 과정에서 22건 중 18건에 대해서는 친족 강간이 아닌 성매수 혐의가 적용됐다. 부녀 사이라도 폭행ㆍ협박 등이 있어야 강간죄가 성립되기 때문이다. 제작진은 용돈 2만원을 주고 딸과 성관계를 맺은 염씨의 행위를 성매수로 분류하는 기계적인 법리 해석의 문제점을 지적한다.


한국형사정책연구원에 따르면 가족 성폭력의 가해자 대부분은 아버지였고, 피해는 1년 이상 지속적으로 이어졌다. 그러나 법원은 가족 성폭력 사건에 대해 피해자 양육 등의 이유를 들어 형기를 줄여주는 경우가 많았다. 이렇게 피해자가 가해자와 다시 한 집에서 살게 되는 경우, 재범의 위험에 노출될 뿐 아니라 무의식 속에 공포와 무력감이 크게 자리잡게 된다.


피해자가 도망을 다녀야 하는 현실도 보여준다. 제작진이 만난 유미(가명)는 몇 년째 집으로 돌아가지 못하고 있다. 유미는 5년 전 폭력을 휘두르는 아버지를 피해 갔던 외가에서 외삼촌으로부터 여러 차례 성폭행을 당했다. 그러나 외삼촌을 고소한 유미에게 돌아온 것은 집안 망신을 시킨다며 고소를 취하하라는 가족들의 회유와 압박이었다

위뉴스내용과그것이알고싶다내용처럼부모를잘못만나 친딸이힘없이

가족들에게친척들에게당함과동시에이세상여성들이위험에처해있습니다

여성가족부관계자분들유미라는여자아이를지켜주십시요간곡히부탁드립니다

또한수원역소녀노숙자가폭행당해사망하는사건이발생했는데요여성가족부관계자분들위내용처럼

수원역소녀노숙자폭행진범을기필코찾아주시기바랍니다강력히촉구합니다

찾아내법정에공개적으로내새워주시기바랍니다

한국이라는나라더이상먹칠하는일이발생하지말아스면하는저의강력한생각입니다",,,NA,20240125,NA
창원시 유동인구가 많은 장소에 설치하였으면 합니다.,행정/자치/안전,DSC_2946.pngDSC_2948.pngDSC_2952.pngDSC_2957.png,제안심사,2010-08-14,NA,창원시,"전주시 한옥마을 경기전 앞에 설치된 얼음조각입니다.

더운 여름 오후 창원시 각 요소에 설치된다면 반응이 좋을 것 같습니다.

아이디어가 문제가 된다면 전주시에 양해협조를 받으면 되지 않을까 생각합니다.


전주시민들의 반응은 좋았습니다.",,,NA,20240125,NA
웅천 천을 걱정하신분 의견에 동의하면서,행정/자치/안전,,제안심사,2010-08-14,NA,보령시,"웅천에 살고 있는사람으로서 웅천 천을 걱정하시는 분의 의견에 동의 합니다,

""한필 바다에서 완장내 까지 중선(안강망)배가 커다란 돗폭에 바람을 가득히 안고,

 구진모탱이 우도를 지나 펼쳐오는 광경은 정말로 장관이였습니다,""


말씀하신 대체적인 걱정도 걱정입니다만,


 현재 보령댐(수자원공사) 에서  물을 정수하고 나오는 찌꺼기가 웅천 천으로 흘러서

바닥에 가라앉고 바위를 덮어서 지역주민들의 걱정이 이만저만이 않입니다,

허나, 지역의 뜻있는 젊은이들이 노력하고 있으니 기대해봅니다 

아무튼 귀하의 관심이 웅천 천이 맑아지는데 도움되기를 바람니다,

건강하십시요,",,,NA,20240125,NA
국민신문고 홈페이지 사용자를 더 늘려야 합니다.,기타,,답변완료,2010-08-12,2010-09-14,국민권익위원회,"여기 홈페이지가 있는줄 오늘에서야 알았습니다.


인터넷 강국인 한국이 이런 홈페이지는 널리 알려야 더 활성화 될껍니다.


그래야 더 좋은 제안도 들어올꺼고, 그 제안에 따른 추천수도 몇만개는 되어야 하지 않을까 합니다.(추천수가 1개,2개가 무엇인가요? 0개인거는 또 먼가요?)


모든 포털사이트(다음,네이버,야후..) 배너를 넣어주고, tv광고까지 해서 모든 국민이 찾고, 제안할수 있는 곳으로 만들어야 할꺼 같습니다.


그리고 국민 신문고에 하루방문사용자수로 볼수 있게 해 주셨으면 좋겠습니다.


더 좋은 제안과 그 제안의 추천이 많이 늘어나야 할꺼 같습니다.


더 살기좋은 대한민국으로 거듭나길 바랍니다.",,,"1. 국민신문고에 대한 관심에 감사를 드리며, 귀하께서 신청하신 제안(1AB-1008-004229, 국민신문고 사용자가 늘어날 수 있도록 적극적으로

    홍보 요청)에 대한 검토결과를 다음과 같이 알려드립니다.

2. 답변사항

  ○ 먼저 국민신문고에 애정을 가지시고, 활성화에 지대한 관심을 가져  주셔서 감사드립니다. 우리 국민권익위원회에서는 국민신문고 활성

      화에 많은 노력을 기울이고 있으며, 올해도 지하철 홍보등을 통하여국민신문고에 대한 홍보를 추진하고 있으며, 앞으로도 국민신문고에

      대한 홍보를 적극적으로 추진하여, 더욱 활성화 되도록 하겠습니다.

3. 제출하신 의견은 국민제안규정 제2조에 의거한 단순 건의에 해당하여 채택하지 않음을 양해하여 주시기 바랍니다.

        4. 상기 내용 이외에 추가로 궁금하신 사항은 국민신문고담당관실 정진덕조사관(02-360-2750)에게 연락하여 주시기 바라며, 귀하와 귀하의 가정에 건강과 행운이 항상 함께하기를 기원합니다. 끝",20240125,NA
유치원 방학동안 보낼유치원 만들어주세요,교육/문화/체육/관광,,제안심사,2010-08-12,NA,충청남도교육청,"유치원의 방학이 짧게는 1주에서 길게는 5주까지라고 합니다. 

공립유치원에 종일반으로 보냈는데 방학이 없거나 1주일 내일꺼라 생각했는데.. 4주네요


또한 원비는 분기별로 납부를 해서 방학4주동안 원비를 안 내는것도 아니고(이건 시.도의 조례에 따른다고 하니..이미시행중인데 저만 모르고 있는건지) 직장인이라고 종일반에 보냈는데 방학을 4주간이나 하면 어떻게 직장을 다니라는건지 막막합니다. 현재는 둘째를 돌봐주시는 분이 첫째를 같이 봐주시고 계시는데.. 둘째가 곧 어린이집에 다녀야해서 겨울방학엔 어찌해야하나 걱정입니다. 

타도시들에서 방학동안 유치원을 일부 운영하고 있는데 방학을 못 줄이면 일부라도 유치원을 운영하게끔 요즘같은 세상에 아이들 맘편히 키울수 있게 도와주세요",,,NA,20240125,NA
녹색명품도시 장기계획에 제언,행정/자치/안전,제목 녹색명풍도시 장기계획에 제언.hwp조수미씨 인척의 별장.jpg,제안심사,2010-08-12,NA,창원시,첨부파일 참고,,,NA,20240125,NA
구매포인트 점수에 후원 아이콘 달기 의무화,재정/금융/소비자,생활공감과제(김정국).hwp생활공감과제(김정국).hwp,제안심사,2010-08-11,NA,금융위원회,"=첨부문서가 열리지 않아 내용을 요약합니다.=

구매포인트 점수에 후원 아이콘 달기 제안입니다.

현황 및 문제점

인터넷 쇼핑몰에서 상품구매시 구매포인트가 부여되고 이를 일정액 적립하여 추가 상품구매등에 사용

그러나

1회 포인트 점수가 소액이고 상품구매시 여러 인터넷 쇼핑몰을 사용하므로 포인트를 미 사용하거나 장기간 미사용으로 소멸되는 경우 발생

여러 인터넷 쇼핑몰을 사용하는 경우 포인트가 어디에 적립되어 있는지 인지하지 못하는 경우 발생

한편

국민의 불우이웃돕기등의 기부활동은 저조한 실정

개선방안

상품구매시 발생되는 포인트를 국가 또는 각종 후원단체에 기부하고 기부된 금액은 국세청 현금영수증 SITE와 연동하여 연말에 세제 혜택 부여

이를 위해 후원아이콘을 상품구매 포인트옆에 달고 이를 구매자가 희망에 의해 기부토록 여건 조성

기대효과

국민 개개인의 소액기부이지만 전체적으로는 큰 금액으로 활용가치가 있다고 판단됨

구매자 입장에서는 소액 포인트를 적극적으로 활용할 수 있음

특히 기부를 하는것이므로 자긍심이 고양되고 차후 세제혜택을 누리게 되므로 구매자의 적극적인 참여가 있을것임

짜투리 포인트 금액을 목돈으로 세제혜택 가능. 끝.",,,NA,20240125,NA
음란 퇴폐 문화 퇴출을 위한 제안 글입니다.,교육/문화/체육/관광,음란 퇴폐 문화 퇴출 국가 기관들.hwp,제안심사,2010-08-11,NA,충청남도교육청,"(이 글은 충남교육청에 보내는 글입니다. 다른 기관으로 전환되지 않도록 부탁드립니다.)


안녕하세요? 

저는 인터넷 인권 사회 운동가입니다. 

바쁘게 살고있지만, 음란 퇴폐 문화로 인해 영혼이 죽어가고 사회가 음란해지고 성범죄가 증가되는 비참한 현실을 외면할 수 없어 사회정화운동을 하고있습니다. 

음란 퇴폐 문화 퇴출을 간절히 원하는 맘을 제 글에 담아 보았습니다. 

저는 이 글에서 음란 퇴폐 문화가 얼마나 위험하며 영혼을 죽이는 어두움의 문화인지를 폭로하고 음란 퇴폐 문화가 사회의 도덕적인 가치관을 무너뜨려 무질서와 방종으로 유도하여 혼외 성관계, 불륜, 기형적인 성관계를 증가시켜왔고 성범죄를 증가시켜왔으며 저출산 문제를 가져왔고 국민들의 인성과 도덕성의 수준을 떨어뜨렸음을 지적하고 현정부의 음란물 심사, 규제, 단속, 처벌에 있어서의 문제점을 강조하면서 앞으로 어떻게 변화되어야 할지 방향을 제시하고자 합니다. 

우리가 살아가는데 있어서 가장 기본적이고 중요한 것을 다룬 내용이니 글이 길더라도 끝까지 진지하게 읽어주시기 부탁드립니다. 

감사합니다.  


  (이 글은 충남교육청에 보내는 글입니다. 다른 기관으로 전환되지 않도록 부탁드립니다.)",,,NA,20240125,NA
중랑구의 입체 그림을 활용한 도시 디자인 제안과 구성안,행정/자치/안전,입체벽화 팜플렛 한장.jpg,제안심사,2010-08-11,NA,중랑구,"이번에 저희 2XP에서는 입체그림과 입체벽화를 도시 디자인에 접목시키려 합니다. 단순한 벽화가 아닌 시민들에게 재미와 입체그림을 체험할 수 있는 도시 미관을 꾸며 줄 수 있을 것입니다. 

 저희 2XP는 벽화 전문 업체로서 벽화뿐만 아니라 그래피티와 입체그림을 전문적으로 시행하고 있습니다. 10년이상의 노하우를 바탕으로 상업적인 예술을 탈피하고 공공서비스 차원의 입체 그림의 도시 프로젝트를 준비하려고 합니다. 아직 입체그림이라는 생소함이나 대중적 가치는 작을 수 있으나 점차 도시 디자인의 중요한 아이템이 될 것 입니다.

이에 중랑구 도시 디자인의 주요한 역할을 담당할 파트너가 되고자 합니다.",,,NA,20240125,NA
서울-분당간 고속도로통행버스 입석 방지방안 강구 ,행정/자치/안전,,제안심사,2010-08-11,NA,경찰청,"얼마전 서울에서 죽전까지 9001번을 타고 퇴근한적이 있었습니다.

동버스는 고속도로를 주행하는데도 많은사람이 입석으로 승차하고 있었으며, 좌석에

앉아있는 승객들도 안전벨트를 착용한사람은 거의 없었습니다.

가벼운 추돌사고만 발생해도 많은승객들이 다칠것같은 생각이 들었습니다.

관련법규에 의거 운행될수 있도록 단속을 부탁드립니다.",,,NA,20240125,NA
스쿨버스 공동사용 ,교육/문화/체육/관광,,제안심사,2010-08-11,NA,충청남도교육청,"ㅇㅇㅇ 현행제도 ㅇㅇㅇㅇ

전국적으로 초등학교에서 스쿨버스가 운행되어지도 있다. 시골의 경우 버스노선이 적은 반면 

학생의 학교등교거리가 멀다 보면 너무 힘들게 학교에 다닌다. 


ㅇㅇㅇ 문제점 ㅇㅇㅇㅇ

 부모님들이 승용차를 이용하여 이동시키기도 하므로 큰 문제는 없다. 


ㅇㅇㅇ 개선방안 ㅇㅇㅇㅇ 

1. 조금 생각의 폭을 넓혀서 학원버스나 교육청 버스들을 재활용하는 방안을 검토한다. 

2. 초등 중등 고등 합승 할수 있는 방안도 검토하여 형제들이 함께 타고 다니는 방법도 강구한다.",,,NA,20240125,NA
민원관리 방식,기타,,답변완료,2010-08-10,2010-08-23,국민권익위원회,"민원신청 시 주민번호 입력후 민원입력을 마치고 로그아웃 할 수 있는 기능이 없습니다.


컴퓨터를 껏다 켜야 하는 불편함이 있으니 개선 바랍니다.


또한 과거 민원을 삭제할 수 있는 기능 또한 결여되어 있으니 조처바랍니다.",,,"1. 국민신문고에 대한 관심에 감사를 드리며, 귀하께서 신청하신 제안(1AB-1008-003103, 국민신문고 민원입력 완료후 로그아웃 할수 있는

    기능 추가, 과거 민원 삭제 기능 추가)에 대한 검토결과를 다음과 같이 알려드립니다.

2. 답변사항

  ○ 현재 국민신문고에서도 민원입력 완료후 국민신문고 홈페이지 상단에 로그아웃 메뉴가 있으니, 사용하시기 바라며, 국민신문고에 신청

      하신 민원에  대하여는「민원사무처리에 관한 법률」,「공공기록물 관리에 관한 법률」등에 의해 엄격하게 관리되고 있는 바, 신청

      민원 및 국민제안에 대한 임의수정 및 삭제는 시스템상 불가하오나, 해당 신청기관에 신청글이 보이지 않도록(비활성화) 요청하시면

      처리할 수 있습니다, 앞으로 국민신문고를 사용하시면서 불편한 사항이 있으면 언제든 의견 주시기 바랍니다.

3. 제출하신 의견은 현재 시행중 및 적용이 불가능하여 채택하지 않음을 양해하여 주시기 바랍니다.

4. 상기 내용 이외에 추가로 궁금하신 사항은 국민신문고담당관실 정진덕조사관(02-360-2750)에게 연락하여 주시기 바라며, 귀하와 귀하의

   가정에 건강과 행운이 항상 함께하기를 기원합니다. 끝",20240125,NA
제안인 입혁사항 밑에다가 유사제안 내용 보게해서 다른사람들도 확인하게합시다.,기타,,답변완료,2010-08-10,2010-08-23,국민권익위원회,제안인 입혁사항 밑에다가 유사제안 내용 보게해서 다른사람들도 확인하게합시다.,,,"1. 국민신문고에 대한 관심에 감사를 드리며, 귀하께서 신청하신 제안(1AB-1008-003039, 국민제안에서 유사제안 검색할 수 있게 해주세요)

    에 대한 검토결과를 다음과  같이 알려드립니다.

2. 답변사항

 ○ 현재 국민신문고 국민제안의 공개제안 및 우수제안 메뉴로 가시면 선택분야 및 처리기관을 지정하여 유사제안을 검색할 수 있으니, 사용

     하시기 바랍니다, 앞으로 국민신문고를 사용하시면서 불편한 사항이 있으면 언제든 의견 주시기 바랍니다.

3. 제출하신 의견은 현재 시행중이므로 채택하지 않음을 양해하여 주시기 바랍니다.

4. 상기 내용 이외에 추가로 궁금하신 사항은 국민신문고담당관실 정진덕조사관(02-360-2750)에게 연락하여 주시기 바라며, 귀하와 귀하의

    가정에 건강과 행운이 항상 함께하기를 기원합니다. 끝.",20240125,NA
신호를무시하는버스들,행정/자치/안전,,제안심사,2010-08-09,NA,화성시,"저는 경기도 화성시에 살고 있습니다.

제가 제안하는 내용은 다음과 같습니다.

요즘 버스들은 신호를 무시하고 지나갑니다.

횡단보도에 사람이 지나가면 바로 지나치고 정말 위헙하다고 생각합니다.

학교에서 집으로 돌아오는길에 MP3를 들으면서 횡단보도를 건너가면 버스들은 횡단보도의 신호를

무시하고 지나갑니다. 물론 일반인분들도 신호를 무시하고 가지만 버스만큼은 그렇지 않았으면 하는

바램입니다. 제가 제안하는것을 버스회사에서 단속을 좀 더 철저히 했으면 하는 것입니다.

저의 제안과 중복되는 글도 있을것이라 생각합니다. 하지만 버스는 하나의 교통수단인데 

이렇게 신호를 무시하고 지나다니면 사람들은 정말 무서울것입니다.",,,NA,20240125,NA
짜증나는 열람실,교육/문화/체육/관광,,제안심사,2010-08-08,NA,전라남도교육청,"목포공공도서관 열람실 이용하는 대학생입니다.

집에서 공부하기엔 너무덥고 에어콘 가동하기엔 형편이 되지 않아서 집 근처에 있는 목포공공도서관을 7월 말부터 다니게 됐는데요.. 아.. 도서관은 정말 시원하고 쾌적하겠지.. 시원한 곳에서 열심히 공부해야지 하며..기대감에 갔었어요.. 

 엘리베이터안는 찜통이며  열람실은 복도와 느끼는 온도가 같았습니다. 

그나마 컴퓨터 실은  에어콘이 가동중이여서 시원 하였구요. 열람실 정말 공부하기엔 맞지 않는 온도 입니다. 복도에 걸려있는 온도계는 32도를 가르키고 있으며 열람실은 냉기가 정말 약하게 나오는 에어콘 같지도 않는것이 켜져있고 , 천장엔 선풍이 3대가 돌고 있고.. 

행정일선에 계신 선생님.. 열람실에 오셔서 공부해 보십시요. 강렬하게 햇살이 비치는 시간대에는 가만히 있어도 땀이 날 정도 입니다. 무거운 책을 들고  30분 동안 걸어서 온 열람실은 정말 짜증 자체 입니다. 내가 이런 도서관을 왜 왔을까 하는 후회감이 들 정도 입니다. 

정부에서 에너지 절감한다고들 하지만 시민들과 학생들이 이용하는 도서관은 시원하고 쾌적했으면 합니다.",,,NA,20240125,NA
재활용품 교환시에 재래시장 상품권 교부,행정/자치/안전,,답변완료,2010-08-07,2014-10-13,창원시,"- 현행제도 : 각종 지자체에서 운영하는 재활용품 교환, 나눔장터, 우유팩교환 등을 하고 있음 

1. 재활용품 교환행사 등에서는 우유팩, 패지 등을 화장지 등으로 교환해주고 있음 

2. 나눔장터 행사에서는 각종 중고물품을 물물교환하거나 싼값을 치르고 매매하고 있음 


- 개선내용 : 재래시장 상품권 및 각종 지역사랑 상품권, 희망근로 상품권 활용 

1. 재활용품 교환행사 등에서는 화장지 등을 교환해주는 대신에 그 값에 해당하는 재래시장 상품권 등으로 지급 

2. 나눔장터 행사 등에서도 각종 중고물품의 값을 재래시장 상품권 등으로 지불 


- 기대효과 

1. 재래시장 상품권, 희망근로 상품권, 각종 지역사랑 상품권 활용으로 지역 재래시장 및 소상공인 운영 상점 활성화 제고 

2. 재래시장 상품권 등을 지불 함으로 인해 국민의 참여도를 높이고, 각종 상품권을 만든 취지에 적합한 활용도 제고",,,"평소 전통시장에 관한 많은 관심과 애정에 감사말씀드립니다

현재 전통시장 온누리상품권 활성화를 위하여 각종 단체장 수당 및 행사시상금 등 행정에서 활용가능한

수단을 활용하여 온누리상품권 활성화를 위한 행정기관 참여를 유도하고 있습니다

관련 기관과 협의하여 우유팩 재활용 교환시 온누리상품권 유통이 가능하도록 노력하겠습니다

감사합니다.",20240125,NA
표지석이야기,행정/자치/안전,,답변완료,2010-08-06,2013-01-18,서울특별시,"(1)평소 여러분야에하고싶은이야기가많았는데우선2가지만말씀드리겠습니다.

잘아시다시피서울에산재한유적지표지석들이많은데검은색으로눈에별로뜨이지도않을뿐더러,대다수의사람들이그러려니하고무심히지나치는경우가많다.이미설치한표지석옆에몇개국어까진못해도영어로도같은내용을쓰고,표지석위나옆이나(표지석을받침대로활용해도좋고)그표지석내용에맞는집이나사람모습모형을사실에가깝게컬러로만들고조명도설치해주야로눈에도바로뜨일수있습니다.표지석크기비슷하게조그마한크기로.

유적지표지석순회코스만들어서학생들교육에도좋고외국인과일반인들에게도상당히호기심을불러일으킨다고생각합니다.관광자원을하나라도발굴해야될때,비용대비효과가클것이라생각합니다.

예전부터수많은표지석이좀더효율적이지못한게안타까웠습니다.특히종로쪽은많이밀집된것같은데,인사동,삼청동,효자동...여행객들도많고,비교적접근성도좋죠

(2)광화문광장에서적당한시기에가령추석전후도좋고슬라이드(?)로""표지석유적지여행""(가제)프로그램으로많은사람들이볼수있었으면좋겠습니다.몇번에걸쳐서해도좋죠.근원을따라가면단순한역사의숨결뿐아니라근대인문학등배우고느낄것이매우많을것입니다.해당교수나학자의해설도있으면좋구요.",,,"문화재에 관심을 가지시고 제안을 해주셔서 감사합니다

외국인들을 위하여 외국어를 추가로 표기해야 하는것에 대하여는 필요성이 인정되나 

표지석에 영어를 표기할 공간이 없어 표기하지 못하는것을 안타깝게 생각합니다

현재의 일률적인 표지석 대신 유적의 중요도나 설치장소의 환경에 따라서 최소한 몇개 유형의

표석디자인을 개발하여 2014년 이후 추가로 설치하거나 교체되는 표석에는 새로운 디자인을 

적용할 계획으로 있습니다.


광화문광장에 표지석 유적지 여행에 대해서는 해당 자치구 등에서 문화유산해설사와 함께 표지석분만 아니라

지역 문화재와 연꼐하여 딥시프로그램이 수시로 운영되고 있습니다, 이것이 더욱 활성화 되도록 노력하겠습니다.

시스템 문제로 늦게 답변을 드리게 되어 죄송합니다",20240125,NA
몇 가지 제안합니다.,기타,,답변완료,2010-08-06,2010-08-23,국민권익위원회,"1. 우리는 현재 존재하고 있는데도 몰라서 이용 하지 못하는 기관이나 상담처 

  같은 것이 있습니다. 예를 들면, A상담센터가 내가 질문하기 적합한 상담센터

  인데도, A상담센터가 있다는 것을 몰라 상담을 못하는 경우 입니다.

   이렇게 존재하고 있음에도 이용자가 모르는 경우가 많습니다. 저 또한 그렇습니

  다. 따라서, 전화번호부처럼 쉽게 찾아볼 수 있도록 유용한 사이트나 상담센터

  및 기관에 대한 정보를 일정한 기간마다 책자로 발간했으면 합니다.

2. 국민신문고 등에서 제안이나 민원을 올릴때 신청인 정보를 매번 일일이 채워

  주어야 하는 번거로움이 있습니다. 로그인하거나 이름 주민등록번호로 신분

  확인이 되면 자신이 채워넣었던 패턴이 자동으로 입력되게 하면 편하겠네

  요.",,,"다수의 정부기관에서 상담센터를 자체 운영하고 있고 개별 상담센터로서의 인지도가 낮아 민원인들이 손쉽게 상담하고자하는 내용을 어느곳에 상담요청해야하는지에 대해서 정확한 정보를 얻기에 어려움이 있으나, 현재 범정부대표콜센터인 110정부민원안내콜센터에 전화하시어 상담내용을 문의를 하면 자체상담 또는 해당기관연결이 가능함을 알려드리며 기관콜센터 웹사이트 현황을 확인하실경우에는 110홈페이지(110.go.kr)에 접속하시면 정부 및 공공기관에서 운영하는 콜센터 정보를 취득할수 있습니다. 또한 보다 자세한 사항을 원하시면 웹사이트에서 기관 상세검색을 통하여 정보를 취득할 수 있음.

또한 위와같이 개별 콜센터가 많고 인지도가 낮아 민원인들의 이용상의 불편함을 근본적으로 해결하고자 현재 통합콜센터를 추진하는 등 노력을 기하고 있으니 이점 참고하시기 바랍니다.",20240125,NA
경찰의 신호기 수동조작으로 인한 교통체증,행정/자치/안전,,제안심사,2010-08-06,NA,경찰청,"서울시내를 다니다 보면 교통량이 많은 교차로나 좀 넓고 큰 교차로에서 교통경찰들을 쉽게 볼수 있습니다.

요즘처럼 무더운 날씨나 추운날씨에 밖에서 고생하는건 너무나 잘 알고 있습니다.

그런데 교차로에 보면 신호를 수동으로 조종할수 있는 신호 제어기가 있는것으로 알고 있습니다.

원래 신호라는게 일정한 주기로 바뀌어야 그 교차로를 중심으로 다른쪽에 있는 교차로의 신호도 바뀌는 걸로 알고 있는데 어느 한쪽만 수동으로 경찰이 신호주기를 잡고있으면 그 교차로를 중심으로 다른쪽에 교차로는 차들이 엉키고 난리도 아닙니다.

경찰이 신호주기를 수동으로 조종할려면 그 교차로를 중심으로 다른쪽 교차로도 수동으로 조종하던지 아니면 신호주기는 그냥 냅두고 교차로에 차들이 엉킬라 하면 경찰이 직접 교차로에 나와 통제를 하면될것을 신호 제어기 앞에서 얘기나 하면서 있는것을 볼때면 정말 분통이 터집니다.

112에도 120에도 전화 많이 했는데 그때마다 하는 얘기는 해당부서로 얘기 전하겠다는 말밖에 없던데 언제까지 이렇게 서울시내를 다녀야 하는겁니까.

다시 한번 부탁드립니다.

교차로 신호주기를 임의로 조작하여 더 극심한 교통체증을 만들지 말아주세요.

신호주기는 자동으로 바뀌게끔놔두고 경찰이 직접 교차로에 나와서 수신호로 교통량을 조절해 주면 어떨까요?

가끔 경찰이 나와 있을시간에 교차로에 경찰이 없으면 오히려 그주변이 소통이 잘됩니다.이건 어떻게 설명할수 있을런지...",,,NA,20240125,NA
2011년 peet 사회배려자 대상자를 시정하여주십시요,교육/문화/체육/관광,111.bmp,답변완료,2010-08-05,2013-09-13,교육부,"이번 2011년 peet 사회배려자 전형에 대한 차별적 선발에관하여 위법이 아닌가 의심스럽습니다. 최초대학입학시 기초생활수급자전형으로 신입학한자로서 그 신분을 유지하고있는자만이 이번 약학대학 배려자전형에 지원할수있도록 공문이 내려온것으로 알고있습니다. 


사회배려자가 peet약대입시를 위해서 사교육을 받을수있는 형편도 되지 못합니다. 

고등학교때 학업이 미미한자가 아니라 peet 2년과정 준비가 형편때문에 어려운자가 그대상임을 분명히해주십시요. 분명 고등학교실력으로 가는것이아니라 2동안 peet입시를 위해서 언어추론, 화학, 생물, 유기, 물리등의 과목을 새롭게 공부해야이번 입시를 치룰수있습니다. 


독학해서 peet입시를 치른다는 것은 거의 불가능에 가깝습니다. 2년간의 대학교육을 가정형편때문에 충실 받지못한 사교육 학원도 못가는 사람들을 대상으로 사회배려자전형을 하는것이지 고등학교때부터 가난한사람을 대상으로 하는것은 촛점이 빗나가고 있습니다. 


분명 수능입시도 고등교육이 가정형편때문에 받지못한자를 대상으로한다면 

약학입시도 가정형편때문에 대학2년과정을 충실이 받지 못한자를 대상으로해야 

합니다. 수능이아니라 분명 peet라는 다른 기준으로 학생을 뽑으면서 배려자기준은 고등학교수능기준으로 한다는것은 연좌제도 아니고 이치에 맞지가 않습니다. 

억울합니다. 


가정형편상 어려운 peet입시를 준하는과정은 어려움은 이루 말할수가없음을 헤아려주시기바랍니다. 




사회배려자전형은 분명 사회약자에대한 사회진출을 독려하기위한제도임에도 

오히려 그대상자에는 아무혜택이 없는 이상한 전형으로 바뀌었습니다. 


대학지원과 민미홍사무관과 전화통화에서 고등과정에서 어려운 사람에게 혜택을 주기 위함이라고 

말씀하셨습니다.그러나 이번 약학대학 지원가능한자는 고등학교졸업후 4년제이던 2년제이던 또한 방송통신대학과같이 학점이수자이던간에 2년간의 학점을 수료한자는 

누구나 응시할수있게 되어있습니다. 고등학교과정의 연장선이 아니라 새로운 peet라는 시험을 준비해야만 이번 시험에 응시할수있는 것입니다.


그중에 사회배려자전형이 있다면 그요건을 갖춘사람이면 응시가능해야 함에도 불구하고 

지금의 특별전형으로만 신입학자에게 사회배려자전형을 제한하는것은 이 제도를 기다려온 많은 

수험생에게 혼란과 억울함을 주고있습니다. 


1.10년을 수급자 자격을갖춘사람임에도 특별전형으로 입학하지않은자는 오히려 사회배려자전형에 넣을수가없습니다. 

2.등록금이없어 학점이수제로 자격을 갖춘경우도 이제도에서배제됩니다. 

3.특별전형이 실시되기이전 졸업자는 특별전형으로 입학할수있는길이 전혀없는데도 

특별전형으로 입학한자만이 그자격을유자한자만이 배려자전형을 넣을수있습니다. 

4. 나이가적고 최근에 특례전형으로 입학한자만이 이제도에 혜택을 받을수있습니다. 


편입이라는것이 본래 고등졸업자가 아니라 나이가 많은30대 40대도 2년 학업수료이면 얼마든지 지원할수잇음에도 최근에 대학에 신입학사람만이 유리하게끔 사회배려자에대해 역차별되고있습니다. 

아무리 탁상공론으로 제도를 만든다지만 분명 이번 약학대학은 대학2년과정을 수료한 과정을 지닌 사람중에서 사회배려자가있다면 혜택을 주어야함에도 등록금이없어 특별전형을로도 대학을 입학할수도 없었던사람은 오히려 배려자전형에 넣을수가없습니다. 


고등학교 졸업하고 곧바로 대학진학하는것도 아니고 

학점이수제로 이수하는사람도있고 

학업을 중단하였다가 다시 다니는사람도있습니다. 

더군다나 사회배려자임에도 특별전형으로 입학않은자도있습니다. 


같은 맥락에서 수능입시에서도 사회배려자전형은 중학교에서 고등학교를 특별전형으로 입학한자만이 특별전형으로 대학입학하지는 않습니다. 


차라리 기간을 두어 1년,2년 차상위계층을 유지한자로 했다면 아무런 차별없이 수긍이 갔을것입니다. 사회배려자로서 이제도를 간절히 기다려온사람으로서 역차별에대한 억울함을 호소할길이 없습니다. 


약대입시를 준비하는 과정에서 형편상 학업에 충실하지 못한사람은 peet시험에서 분명 낮은점수를 받을수밖에 없는상황입니다. 대학2년과정에서 입시를 준비하는 사람중에 사회약자를 위해  사회배려자전형이 있는것이 본 취지에 합당하다고 봅니다.

과연 peet 입시를 하기 위해 가정형편상 학업에 전념하지 못한 대상자로 

지금의 자격은 정정되어야합니다.


사회배려자 자격으로 약학대학에가려면 다시 수능봐서 특별전형으로 1학년으로 신입학하고 2년뒤에 약학대학에 지원해야합니까? 

분명 이번약학대학 전형 대상자가 고등학교졸업자가 아님에도 최근졸업한자 기준으로 역차별을 하고있습니다. 

특별전형으로 20살에 신입학자이라 하더라도 그자격을 유지한자가 30대라면 그기간을 10년이상 유지해야 한다는 말도 안되는 계산이 나옵니다. 


최근 고등학교바로 졸업하고 특별전형으로 2년 이수한자에게 유리하게만 한다는것은 

못사는사람중에서도 나이 어린사람만을 뽑다겠다는 취지로 밖에 보이지않습니다. 

대학등록금이없어 학점만 이수한사람은 사회배려자임이 분명한데도 사회배려자전형에서 오히려 배제되고있습니다. 


입시에서 제도적으로 차별을 둔다는것은 형평성에 맞지 않습니다. 

모든대학에 문의해도 교과부지침이 그렇다는 말만 되풀이 하고있습니다. 

자격을 갖춘 사회배려자가 약대 입시 사회배려자전형에 넣을수 있는것이 사회배려자전형의 취지가 아닌가 생각됩니다. 

잘못된 제도로서 선의의 피해를 받고있는 국민의 한사람으로서 민원합니다.",,,"안녕하세요

교육부 대학학사평가과입니다.

귀하께서는 약학대학 편입학 모집과 관련하여 의견을 주셨습니다.

2012학년도 약학대학 편입학(전과) 모집전형부터

사회배려대상자에 대한 모집자격을 변경하였음을 알려드립니다.


☞ (2012학년도) 입학자격을 갖춘 자로서, 

고등교육법 시행령 제29조제2항제14호라목의 자격(국민기초생활보장법 제2조제1호에 따른 

수급권자 및 같은 조 제11호에 따른 차상위계층)을 갖춘 자


감사합니다.",20240125,NA
청소년유해환경예방,행정/자치/안전,,제안심사,2010-08-04,NA,경찰청,"요즘 인터넷에서는 무분별하게...야한 동영상이 넘쳐나고 있다..

누구나 주민번호만 알면 접속이 가능하다..

따라서 신원확인을 더 세부적으로

 가능한 좀 더 강력한 회원가입을 통해서 청소년들이 가입을 하지 못하게 하여야 한다.

또한 미성년자가 유흥업소에 출입하지 못하도록 철저한 단속이 이뤄져야 한다.",,,NA,20240125,NA
이상한 신호체계 ,행정/자치/안전,,제안심사,2010-08-04,NA,경찰청,"현실태 :경남 진해시 이동 우림필유 아파트앞 사거리에는 진해에서 가장 교통량이 많고, 복잡한 곳이다. 이곳은 진해에서 가장 큰 대단위 아파트인 우림필유와 인근에 농협 하나로 마트, GS자이 아파트, 롯데마트, 연세병원, 등으로 교통이 혼잡한 곳에 신호체계가 이상하게 되어있다.



문제점 : 안민터널에서 우림필유 정문 앞 신호등에서 1차선에서 좌회전 신호를 받고 회전해 들어오면 기아자동차 사무실 앞에 있는 신호등에서는 연세병원에서 GS자이아파트 방향으로 운행되는 신호등에는 직전 신호등이 되어 있어 이 신호 체계대로면 좌회전 운행차량과 직전진행차량과의 교통사고와 충돌이 예상된다.

다시말하면 우림필유 아파트에서 1차선 좌회전 신호와 일루스 아파트앞의 직전신호가 동시에 이루어 지고 있다. 



개선 방안 : 동시에 이루어지는 교통체계로 교통사고가 우려 됩니다. 

교통의 안전과 원할한 소통 그리고 운전자의 안전을 고려하여 종합적으로 검토를 해주시고, 불합리한 교차로는 신호체계변경, 빠른 시일안에 개선해 쾌적한 교통환경을 조성하면 좋겠습니다.",,,NA,20240125,NA
청소년 유해 환경 예방 및 근절 방안,행정/자치/안전,,제안심사,2010-08-04,NA,경찰청,"우리 청소년 정말 엄청나 유해환경속에 살고있는것이 현실입니다.

낮에는 공부하고 밤에는 학원다니는 이 현실에서 벗어나려는곳이

대부분 어른들이 만들어놓은 좋지않은곳들입니다.


이러한 우리 청소년을 위해 해줄수있는것은

PC방에 10이후 청소년 받지않기

성인사이트 폐쇄

밤 10시이후에 케이블방송 성인물 걸러 보여주기

담배 피우는아이들을 위한 학교에서의 금연교육


우리 아이들이 바로설수있도록 우리 어른들이 모범이 되었으면합니다.",,,NA,20240125,NA
"        5,18--재심에 관하여- 2",국방/보훈/외교/통일,,답변완료,2010-08-04,NA,민주평화통일자문회의사무처,"5,18--재심에 관하여- 2

이사건은 법적인문제오 제도적인 문제듣등 많은 문제가 있겠지만...

대한민국 시민으로써,,,

   역사의식결여,진정한 민주심민의식결여,주위사회환경에대한 역사적 고찰및성찰결여...

아니말로 대한민공해요,,,도저히용납할수없는 과오요..

후대 자손들에게,,물려줄 ,,부끄러운역사요,수치요,오만이요, 독선이요,,

과거정부가 어떤 판단을했다 하더라도,, 현정부가,,지금 당장 이라도 고칠수있는데 하지않은것은____????

또과거와같은 잘못된 역사를 되풀이,,아니 더잘못된 역사를 물려줘야 합니까??

그들의만행을 잊었습니까??

아니면 모르고 계십니까??---어느쪽이십니까??

그래서 못고치겠다는겄니까//----온세계가, 온세상이 다아는 역사요,사건이요,만행이요,학살이요,온사회에 뿌리를 뽑지않으면,,,

일제와 6.25-월남전을격은우리조상님들께!!!!,,,,

또 그와같은역사가 언제, 어디서,,우리와 우리의 자손들에게,,,다가올 세상에,,

그 더럽고, 잔인하고,온갖만행 이있는역사를 또 되풀이 해야 합니까

정치인들 다 죽었습니까,,,법관들은 이ㅉ었습니까,아니면 회피하시는건가요.

아니면 대한민국이 죽었습니까

불의를 보고도 지나치면, 불의를,, 저지른자들보다도 더 잘못된 불의를,과오를 저지른다는 사실을 명심합시시요^^

--대한민국은 아직 살아 있습니다-저의두눈도 아직 살아 있습니다

도저히 잊지못할--잊어서는 안될--잔악무도하고,어떤 잔인한 학살보다

더 나쁜짓을,,,, ㉧조상님들,순국선열,호국선열들꼐서 물려주신 대한민국이 했다 말입니까??

다시한번번 더 말ㅆㅡㅁ 올리겠습니다___??

   빠른 시일내에 온국민이 납득할 수있는 조치가 나오지 않으면,,,,

또,또,또,또,,,,,,

------항명하고, 항명하겠습니다----

그럼 --수고하십시요----감사합니다",,,"죄송합니다만, 귀하께서 제안하신 내용은 민주평화통일자문회의의 직접적인 업무내용과 관련이 없음을 말씀드립니다.


관심 가져 주셔서 감사드립니다.",20240125,NA
안전(술과 담배를 판매하는 곳 양심가게 스티커 배부),행정/자치/안전,,제안심사,2010-08-03,NA,경찰청,"현행제도 및 운영의 실태와 문제점 : 청소년에게 술담배 판매를 근절하고 있지만 보이지 않은 곳 상술에 눈이 멀어 술과담배를 판매하고 있다.


개선내용 :  모든 가게에서 스스로 청소년에게 술과 담배를 못하게 양심가게 스티커를 만들어 배부하는 것입니다. 

개선 시 기대효과 : 양심가게 스티커를 가게에 부착하고 있으면, 가게 주인 스스로 청소년에게 술과담배를 판매할때 한번더 생각할 것 같다.",,,NA,20240125,NA
안전(청소년에게 술과담배를 판매하는 곳 문자메세지 홍보),행정/자치/안전,,제안심사,2010-08-03,NA,경찰청,"현행제도 및 운영의 실태와 문제점 : 현재 청소년에게 신분증 확인없이 담배를 판매하는곳이 많다고 한다.

업주가 아무런 죄책감 없이 판매한 담배 한갑 

업주는 담배 한갑을 판매하였지만 담배한갑을 가지고 여러명이 어울려 피운다는 것이다.


문제점 : 눈앞의 이익만을 생각하고 아무런 생각없이 청소년에게 담배를 판매하는 곳이 많아지면서 청소년 흡연률도 높아지고 있는것이다.


개선시 기대효과 : 선거를 하면 선거 홍보를 문자메세지로 하듯, 술과담배를 판매하는 업주 핸드폰번호를 일괄취합하여 일주에 한두번 날짜를 정해 문자메세지로 홍보를 하는것입니다.(예 : 청소년에게 술과담배를 판매하는것을 벌금 00만원에 처합니다. 이런식으로 문구를 바꾸어서 홍보를 하는것입니다. )문자를 받을때마다 청소년에게 술과담배를 판매하지 않아야 겠다는 생각이들듯합니다.",,,NA,20240125,NA
안전공제회 운영진분들 이글좀 봐주십시요?,교육/문화/체육/관광,,제안심사,2010-08-03,NA,충청남도교육청,"전 천안에 살고있는 김동선 아니 천안삼거리 초등학교1학년을 다니다 하늘나라로 간  고김유빈의 아빠임니다

이글을쓰는 이유는 우리 유빈이가 갑작스럽게 죽게된계기 그리고 시간이 지난 현제 저의 억울함과분통을 모든분들 그리고 학교안전공제회 운영진 분들 봐주십사하고 적습니다

이사건은 5월13일 전국이 실시한 지진재난대피훈련도중에 일어난 일입니다

그날도 다름없이 전 우리빈이를 차에태우고 여느때와다름없이 같은학교에다니는  형과 함께아이를 학교현관문앞까지 바래다주었습니다

그리고 1시간반만에 싸늘한주검으로 전 제 눈에 넣도 아프지않다는표현도 의심치않을 제아들을 품에 안았습니다

병원에도착하였을땐 이미 20분전에 사망하였다고 하더군요 제가학교에 도착한건 119가빈이를 싫고출발하기직전 그리고 병원까지 가는도중이10분 학교에서 이미 빈이가 사망하였다는 애기가 되더군요

전 너무 청천벽력같은 일이라 우리 죽은빈이를 2시간동안싸늘한 주검을 영환실에넣지못하고 않고있었습니다

주위분들에 성화에 못이겨우리빈이를 영환실냉동고에 넣고 전 경찰서로진술서를쓰러가게되었습니다

담임선생님이 계셨습니다

전 저도 슬프지만 얼마나 슬프실까 하는맘에 담임선생님을 위로했습니다 ...하지만 그건 그담임선생님의연극이었다는걸 뒤늦게알게되었습니다...책임을 회피하기위한자작극이였죠 그때

까지만해도 전 우리아이의운명이라 생각하고 싶진않았지만 그렇게 생각했습니다

하지만그날저녁 경찰분께서 오시더군요

부검을 하라고...전 가슴이철렁 울빈이를 두번죽이는게 아닐까 하는맘으로 거절하였습니다 하지만 담당형사님이 말씀하시더군요~어짜피검사님이 부검의뢰를 할거라고 ...전 정말어쩔수없이 부검을 의뢰하게되었습니다

그리고 그날 저녁늦게 교감 그리고 심폐소생술을 하였다는 체육교사두분이 오시더군요

그리고하시는 말씀이과관이더군요

종이쪽찌를적어와서 자기학교변론을 하더라구요~참전어의가없었습니다

아니 지금위로를 해도 시원찬을판에 전 그자리에가서 화를냈습니다


그러자 체육교사가 눈을부릅뜨며 기새등등하게 대하더군요  어의가없었습니다

너무 기운도 없고 사람들의 만류하에 그자리를 피하게되었습니다

사람들 학생들하나둘씩 조문객이 오기시작했습니다

그사람들얘기가 한두사람씩말이오고 가기시작했습니다

교감 체육교사 그사람들이와서 종이쪽지에 자기들의변명을써서 읽는이유를 알게되었습니다

그건 다름아닌 재난대피훈련과정중에 인솔과정 그리고 응급처치 부족을 모면하기위한입막음을하기위함이였던거였습니다

그것또한재생각이겠지 하고 생각하였는데 학교 부녀회회장님이 오시더군요 그러구저에게 얘기하시더라구요 학교측에서 돈을모았다 그돈이한천만원 정도되겠다 받겠느냐?

하하하 완전합의 하자는애기더군요 그래서 제가 얘기했습니다

다른학부모님들 그리고 주변분들 또한빈이를 위해서 그런돈이라면 부의함에넣지왜저한테 그걸주십니까말하였더니 말을얼버무리시더라구요~그때부터전 선생님들을 의심하기시작했습니다

그리고 그다음날 전 냉동고에서 꽁꽁언 제아들을 국과소에인계하게되었습니다

두번죽이는거였죠?

그리고 전 25일이지난 지금까지아무것도 하지못하고 결과만기다리며 정신과치료를받으며 하루하루를보냈습니다

잠도잘수없고먹지도 못할뿐더러 원인이나타나지않았으니말이죠

그러구 난후 25일째되는날 부검결과가 나왔습니다...심장비대증이라구요

정말 청천벽력같은소리더군요 심장이 비대해서 급사 했다라구요

그걸인정하려했지만 인정할수없었습니다

그래서 그부검을 가지고 흉부외과전문의를 ?찿았습니다

그분이 말씀하시길 심장이 비대하여도 평상시 생활하는데는 지장이없다 하더군요 하지만 급심한운동 달리기 긴장감 이렇게 원인이 있어야 가능하다라구 말씀하시더라구요 ~

그후 전 십시일방 뛰어다녔습니다

학부모 학생들 그결과 빈이죽음에 대한왜곡된부분이 있더라구요

빈이담임선생님 말씀하시길 줄서서 인솔하던중 빈이가쓰러져서 사망하였다 진술하셨지만 cctv를제가 직접보았지만 인솔은 커녕 담임 선생님도 같이뛰더라구요~또한 빈이가 쓰러졌을떼 최초발견자또한담임이라 진술하였지만 쓰러졌을당시 주위에 선생님들은 없었고 학생들이 그걸보고 피를닥아주고 흙을 털어줄동안 아무선생님이없었다더군요~제가이말을왜하냐구요?호흡이정지되거나 심장이멈추면4분안에 심폐소생술이시행되지않으면 생종가능성이희박하다는거죠?즉 그자리에 응급구조사 아님 심폐소생술을할수있는자 아님 담임선생님이라도 있었다면 애기는 틀려졌다는겁니다

사람살리자고 대피훈련 해놓고 사람죽게만든 훈련이 대채왜필요한겁니까?그리고 그어린친구들이 인솔없이 전학년들이 운동장에 싸이렌이울리자 우왕좌왕하며 운동장으로 뛰어나갔다면 그상황이 우리빈이에겐 얼마나 큰 충격이었겠습니까?

참 그중에 정말인솔하여 침착하게 움직이신 선생님들도 계시더라구요

우리 유빈이형인도 그학교에 다니는데 선생님이 그렇게 얘기하셨더라구요 실제상황처럼 실감나게 뛰어나가라구 말이죠~

이건 우리빈이가 아닌 다른누군가가 죽을수있게만들수 있는요인이 된거라생각합니다

그리고 나중에 담임선생님이 말씀하시더군요 ..빈이가 다른아이들보다 커서 뒷줄이라 신경을못썻다구요 ...이게할소립니까?이건도 나중에 부검 끈나고 사건 이마무리 되니말씀 하시더군요 나참어이가없어서 ...제가왜 어의가 없냐구요 ..학교 관계자분들 왜 몸사리려고 하시다 불쌍하게 죽은 우리아들 개죽음을 만드십니까?거기까진좋다 이겁니다 오늘 제가 이렇게 우리애기 죽었을때심정을 또한번 느끼게만든계기를 말씀드리죠?아니 안전공제회라는게 도대체뭡니까?

우리애기가 다름 아닌 학교에서 그런건데 학교 안전 공제회에선 해당이 안됀다구요?ㅎㅎㅎ 참어의가없네요?당신 아들이라면 그따위로 말하겠습니까?우리애기 죽은것도 억울한데 그일로 인해 제가 받은 정신적인손해 저희가족이 앞으로 살아가는데 이일로 저희한가정은 풍지박살났습니다 애기엄마는 신경정신과에 다니면서 수면제없인 잠도 제대로못잡니다...이거또한 저희일이니 어쩔수 없는일이라고 할겁니까?

학교안전공제회운영회당신들이 부모마음을 조금이라도 헤아린다면 이렇게 까진 나오지않았을겁니다

당신들은 자식안키웁니까?이런일 안생기라는보장 없지않습니까?담당이 그러더군요 판례를봐도 이런일은 없었다구요?그럼제가역으로 한마디하죠?우리나라에서 지진으로 사람사망한적 있습니까?저희애기가 왜죽었는데요?국과소에서도 그럽디다 공문 좋아하는 운영진님들 재난훈련도중에 그상황으로도 사망할수 있다구요 ~운영진 분들이 모여서 뭐커피마시고 그냥 뉘집애가 죽었데드라 그렇게 다과 연겁니까?이글을 읽을지는 모르지만 아니 관계자분들이 삭제할지또한 모르지만 이거 어디 겁나서 학교보내겠습니까?이런데도 학교측그리고 더나아가 교육청 그리고 국가가 잘못인정 못하는겁니까?아무리 힘이 없고 빽이 없더라도 그러는거 아닙니다..지렁이도 밟으면 꿈틀한다고 하는데 한번 꿈틀거려보죠 ~참 안전공제회비또한 국민의 세금아닙니까? 그렇게 자산만몇백억씩축척해 두시고 뭐하시려고 그러는건지 참 어의가 없네요~자 이글 을읽어주신모든 분들께 제억울좀 알아주십시요?그리고 학교안전 운영회 운영진 여러분 이글을 읽으시고도 아무렇지않습니까?전 누구를 비방하려고 이글을 쓴것도 아니구요?제입장 아니 유빈이의엄마 입장 을 한번생각해 보세요?그럼 이해가 될겁니다...(참 시간이 벌써 3개월이 지나고 있습니다..누구하나 연락해주는사람 일처리가 어떻게지행되는지?당사자는 3개월동안 지옥이었다는거 알아주시고 이런부분도 교육청에서 신경좀 쓰시죠?)",,,NA,20240125,NA
상도동 직진신호 체계 변경요청,행정/자치/안전,,제안심사,2010-08-02,NA,경찰청,"현행제도및 문제점;

서울 동작구 상도터널에서 진입 사거리 신호중 봉천사거리 좌회전신호는 5-6개이며, 국사봉터널 직진신호는 1개뿐이다  버스정류장과 우회전 차량도 많은데, 마지막 한차선만 직진에 우회전에, 버스승하차까지하고 있어, 부득이 좌회전 차선을 침입 직진하는 경우가  다반수 이다. 이때 경찰관이 있다면, 스티커 발부는 기본이다. 범칙금 명목이 아니라면, 좌회전 차량표시에 동시신호표시만 하면 된다. 돈드는 것도 아닌데, 왜 시정을 안하는건지 알수가 없다.

개선내용 및 기대효과;

1개만 있는 직진 신호 옆 좌회전신호표시에 직진표시만 하면 된다. 사거리를 지나 터널진입차선이 2차선이므로 1개신호만 표시에 직진표시 그림만 그리면 된다.

우회전하는 차량과 직진하는 모든 차량에 도움이 된다.",,,NA,20240125,NA
교육경찰신설,행정/자치/안전,,제안심사,2010-08-02,NA,경찰청,"우리사회는 획가족화로 인하여 개인주의에 모두 빠져있어 주의의 여러정황을 섬세히 알지 못하고 살아가고 있다.  또한 사회가 성적위주 이다보니 윗어른을 공경하고 아랫사람을 사랑하는 상경하애의 우리고유의 전통예절을 망각하여 각종 사건 사고가 끊이지 않고 있다.

또한 학교에선 교사들의 입지가 예전 같지 않아 학생들을 지도하기가 쉽지만 않는게 현실이다.  

따라서 교육경찰제도를 신설하여 모든 초중고등(대학제외)학교에 배치하는 것이 좋을 듯 합니다.

교육경찰제도를 도입하면 당연 실업률을 억제하고  학교폭력(성폭력) 등 모든 학교사건사고를 미연에 방지하는데 큰 도움이 될 것 같아 이렇게 제안합니다.",,,NA,20240125,NA
[안전] 안전하고 원활한 교통소통 방안마련 0802,행정/자치/안전,,제안심사,2010-08-02,NA,경찰청,"□ 현황 및 문제점

 ○ 요즈음 시내 및 시외에서 운행을 하다가보면 갑자기 자동차전용도로나 일반도로에서 서행을 하는

   경우가 종종 발생한다.

 ○ 남, 녀 운전자들을 불문하고 운행 중에 핸드폰 통화를 하고 있어서 다른 운전자들의 안전 운행에

   방해 줄 뿐만이 아니라, 교통 안전사고의 원인이 된다는 교통안전공단(음주 상태보다 안전 운전의 인지가

    늦는 상황에 처함.)의 자료 분석이 있다.

 ○ 


 □ 개선방안 (구체적으로 작성)

 ○ 지금의 운전자들은 운행 시 핸드폰을 통화하는 것이 잘 단속이 미치지 않고, 과태료 및 범칙금이

    미약하다, 라는 점을 악용하고 있는 사례로

 ○ 안전하고 원활한 교통 소통의 방안으로 수시로 단속을 강화하고, 범칙금 규정을 현행보다 2배 이상 

    강화한다면 운전 중에 불필요한 핸드폰 통화는 감소될 것이라고 판단하여 제안함.


 □ 기대효과

 ○ 안전하고 원활한 교통 소통의 방안으로 수시로 단속을 강화하고, 범칙금 규정을 현행보다 2배 이상 

    강화한다면 운전 중에 불필요한 핸드폰 통화는 감소

 ○ 선진 안전교통문화의 정착으로 교통안전 사고 예방에 기여함.",,,NA,20240125,NA
(안전) 청소년 유해환경 예방 및 근절 방안,행정/자치/안전,,제안심사,2010-08-02,NA,경찰청,"현행제도 및 운영의 실태와 문제점

1.  학교 주변에 유흥업소들이 즐비한 곳이 있다.  

2.  학교 주변에 PC방등 이상한 방들이 많이 있다

3.  무차별적으로 눈을 돌리면 접하는 많은 전단지가 있다.

4.  나이랑 관계없이 출입을 허가하는 무분별한 유흥업소 주인들이 있다.


개선내용 ,개선시 기대효과

1.  유흥업소는 물론 이고 많은 유해 환경들이 있지만, 특히 전단지나, 유혹하는 광고지에 대한 

단속을 철저히 해주길 바란다.   이런 전단지를 무분별하게 만들어 유포하는 이를 고발조치할 수 있게한다.

누군가는 단속을 해야한다면, 그것은 유포자가 될것이다.

아이들은 청소년기에 방황하기 마련인데.. 마음으로 방황하던것을 실제로 발걸음을 옮기게 만드는

것이 유해 전단지 라고 생각한다.   전화번호가 기입되어 있으므로 신고하면 과중한 벌금을 매기거나

신고자에게 포상하는 제도가 있어야 근절될것이다.


싱그러운 미소가 이쁜 사춘기의 아이들에게 진정한 아름다움을 지속적으로 지켜줘야 하는 것은 우리 어른들의 몫이다.  유해 환경을 만들어 주는 나쁜 어른들을 단속 철저히 해주길 바란다.",,,NA,20240125,NA
피톤치드 생태 숲 조성,행정/자치/안전,,제안심사,2010-08-02,NA,창원시,"현실태

- 진해구에는 인공조림지인 편백숲, 삼나무숲군락이 많이 조성되어 있음

- 진해구 여좌동입구 편백숲 일부에는 피톤치드 산림욕장겸 휴식처가 있음

- 진해의 편백숲, 삼나무숲이 정리되지 않고 있음

문제점

 - 자연을 활용, 창원을 알릴수 있는 요소를 간직하고 있음에도 개발미흡

개선내용

 - 진해시에 소재해 있는 편백숲, 삼나숲 군락지를 잘 정리 개발하여

    피톤치드 생태숲을 만들자

 - 테마 숲을 조성( 아토피 치료숲, 뇌를 활동 강화 숲,  스트레스 해소 숲)

기대효과

 - 창원의 새로운 명소로 부각되어 찾아오는 전국에서 창원시 기대 

 - 바다와 산과 숲, 등산로 가 어우려 지는 창원의 명소로 탈바꿈",,,NA,20240125,NA
안전 (청소년 유해환경 예방 및 근정 방안),행정/자치/안전,,제안심사,2010-08-02,NA,경찰청,"현행제도 및 운영의 실태와 문제점

- 날로 심각해지는 인간성 상실 문제

- 유해시설 및 장소 (비행장소로 이용,불법고용 양상)

- 유해물질 (환각으로 인한 충동적 비행 유발, 심신의 비폐)

- 유해정보 (선정적, 폭력적 비행을 유발)


현행제도의 개선점 

- 학교 환경속에서 여가시간의 중요성을 인식

    (여가시간의 개발 프로그램 개발)

- 가정, 학교, 지역사회, 종교단체, 유대관계 강화

- 청소년의 집단생활 및 사회참가 권장 및 지원

- 여가관련 프로그램 다양화 

- 경찰서와 학교간의 유대관계 (정기적으로 학생을 대상 근절 및 홍보교육)


기대효과 

- 친사회적 행동과 자아 존중감 

- 청소년의 잠재력 개발 효과

- 비행청소년 감소

- 사이코페스 예방 및 감소",,,NA,20240125,NA
"(안전) 청소년 유해환경 예방 및 근절- 인터넷 폭력,자살사이트 근절",행정/자치/안전,,제안심사,2010-08-02,NA,경찰청,"문제점 : 무분별한 인터넷 사이트 근절 법적 제도화 

            인터넷 사이트 청소년(만19세)이하는 접속 불가 방안 강화

            TV방송(자살,폭력) 자제

            특히 미수에 그친 상황묘사 - 청소년들의 모방 사고

            자살 연예인 방송 - 자살이 미화되어 청소년들의 자살충동일으킴

            살인자들의 현장확인모습 - 살인방법, 살인도구등 자세하게 묘사함으로써 오히려 방송이 

           살인 충동을 일으킴

           TV,영화 등 매스컴에서 폭력이 예술화 미화 되어 청소년들에게 전체적으로 영향을 미치고 있으나

           상업적으로 치우쳐 인간성 상실로 이어지고 있으나 기성세대조차 안전 불감증임",,,NA,20240125,NA
"무조건 견인""보다는 ""잠금장치""가 다방면 경제적 효과가 있다.",행정/자치/안전,,제안심사,2010-08-01,NA,경찰청,"-불법 주차 위반 차량에 견인""하는 방법에 국가경제에 마이너스


 정책에 대한 제안입니다.



1.현황과 문제점


1)주차 위반 차량은 과태료가 부과 됩니다.


2)주차단속에 의한 적발도 있고,민원에 의한 단속도 있습니다.


3)당장 교통장애를 이르키는 곳이 있고, 않는 곳도 있습니다.


4)현재는 일정시간이 경과하면 무조건 견인차로 견인합니다.



2.개선방안


1)과태료 부과한 후 바로 바퀴에 잠금장치""를 합니다.


2)주차단속 요원은 차주 연락처에 문자메세지를 보냅니다.


 (몇분후~~귀하의 차량을 견인 조치""합니다!!)



3.기대효과


1)견인차량이 차량입고지 까지 끌고 가는 에너지가 절감된다.


2)차를 찾으려 가는 운전자의 교통비와 주차료,차량이동~하여


 목적지~~에너지와 시간낭비에 효과가 예상된다.


3)광범위한 국가 경제적 다방면을 고려 할때~~국익에 도움을


 가져오는 방안은 무조건 견인 보다는  ""잔금장치""가 필요하다고


 생각되어 제안서 상신합니다.


*첨언:몇해전 일부 지자체에서 ""잠금장치""를 하다가~개인의 


 재산권 침해와 운전자가 차량방치등 으로 ~불법 주정차 차량


 견인""에 중앙 부처의 법령개정이 필요하다""는 회신(민원)을 


 받고 제안 하오니~지자체나 민원으로 이첩을 거부합니다.


*경찰청""에서 저의 제안을 관계되는 여러 부처와 심도있게


 의논 하셔서 저의 제안에 대한 회신을 보내 주십시요.",,,NA,20240125,NA
<안전>청소년 유해환경 예방 및 근절방안 ,행정/자치/안전,,제안심사,2010-08-01,NA,경찰청,"★ 현행

가끔 길을 가다 보면 


성인인터넷방


화상채팅방


전화방,키스방 이라고 쓰여진 pc방을 볼수가 있다



★ 문제점

대놓고 pc방 안내문구로 


호객행위를 하듯이...


화상채팅방,키스방등등...이라고 쓰여진 곳이 많은데


불쾌한 기분이었어요 


청소년들에게 나쁜 악영향을 미치지 않을까 우려가 됩니다


★ 개선방안

화상채팅방이니 


전화방이니


키스방이니 하는 문구가 적혀 있는 


pc방 업소에 한해서 강력한 단속을 하여


그러한 문구를 다시는 선보이지 않도록 경고장 내지는 벌금형 또는 강제철거를 할수 있는


방안을 마련해 주세요


자라나는 청소년들이 나쁜길로 빠져들지 않도록 께끗한 환경을 만들어 주세요",,,NA,20240125,NA
<안전> 청소년 유해환경 예방 및 근절 방안 ,행정/자치/안전,,제안심사,2010-08-01,NA,경찰청,"※ 나이 체크가 가능한 신분증리더기(신용카드단말기에 기능을 추가할 수 있지 않을까 합니다.)로 

필히 나이를 확인토록 합니다.


● 현 실태 및 문제점  


 * 겉모습만으로는 청소년인지 성인인지의 구별이 모호할 경우가 있다.


* 특정인에게만 신분증 제시를 요구하면 기분이 나빠질 수도 있고, 거부를 할 수도 있다.


* 나이를 속이려는 사람을 일일이 가려내기는 쉽지 않다.


* 업주 측에서도 청소년인 줄 모르고 어찌했다는 등의 책임회피를 할 수 있는 여지는 있다고 생각되는 문제점이 있었다.


● 개선사항


* 신용카드 단말기 처럼 신분증리더기가 있으면 좋겠습니다. (신용카드단말기에 신분증 리더 기능이 있다면 금상첨화겠죠?)


* 주민등록증, 학생증, 여권, 운전면허증 등의 신분증을 제시하면 출생년월에 따른 나이만으로 해당 업소의 이용이 가능한지를 나타내 주는 리더기가 있으면 좋겠다.


* 그래서 나이제한을 요하는 곳이라면 신분증리더기를 통해서 확인을 한 후에 출입을 시키도록 한다.


* 또한 담배나 술 등의 판매시에도 청소년에게는 신분증리더기를 사용하므로 자연스럽게 거절을 할 수도 있다고 생각합니다.


● 기대효과


* 나이를 속이고 유해업소를 간다든가 하는 일은 사라지리라 기대합니다.


* 자연스럽게 나이 제한에 따른 시비가 줄어들 수 있다고 생각합니다.


* 일부 악덕 업주도 근절죄리라 생각합니다.",,,NA,20240125,NA
신문고 포인트의 정상적 작동,기타,,답변완료,2010-07-31,2010-08-13,국민권익위원회,포인트가 계속 자동적으로 계산되지 않습니다. 자동 계산될 수 있도록 조치하여 주시기 바랍니다.,,,"1. 국민신문고에 대한 관심에 감사를 드리며, 귀하께서 신청하신 제안(1AB-1007-009302, 국민신문고 포인트 자동계산 조치)에 대한 검토결과

    를 다음과  같이 알려드립니다.

2. 답변사항

  ○ 답변(1AB-1004-003068, 1AB-1003-004317) 드렸던 바와 같이, 현재 국민신문고 포인트가 자동으로 계산되고 있습니다, 앞으로 국민신문

      고를 사용하시면서 불편한 사항이 있으면 언제든 의견 주시기 바랍니다.

3. 제출하신 의견은 현재 시행중이므로 채택하지 않음을 양해하여 주시기 바랍니다.

4. 상기 내용 이외에 추가로 궁금하신 사항은 국민신문고담당관실 정진덕조사관(02-360-2750)에게 연락하여 주시기 바라며, 귀하와 귀하의

    가정에 건강과 행운이 항상 함께하기를 기원합니다. 끝.",20240125,NA
[안전] 청소년 유해환경 예방방안,행정/자치/안전,,제안심사,2010-07-30,NA,경찰청,"□ 현황 및 문제점(필요성)


  ◦ 학교 주변 아파트에서 학생들이 5 ~ 8명이 무리지어 낙오고 있는 모습들을 우연히 보게 

     되었음.


  ◦ 학교 점심시간대라고 생각되는데, 학생들 손에는 담배가 들려있었고, 열심히 끽연하는 

    모습을 보게 되었음.


  ◦ 학교 주변 슈퍼나 마트에서 아무런 거리낌 없이 담배나 술을 구입하고 있는 문제점들이 

     발생함. 



 □ 개선방안(제안내용)


  ◦ 청소년 유해 환경에 해당하는 담배 및 주류를 청소년에게 판매하는 것은 불법임에도 이를

    확인하지 않고 다음에 신분증을 갖고 오라며 판매하는 사례가 빈번함.


  ◦ 학교 주변 동네슈퍼 및 마트에 대한 집중적인 관리감독 강화 및 단속이 필요하며, 위반 시

    에는 처벌이 강화되어야 하는 것을 제안함.


 □ 기대효과(활용방안)


 ◦ 학교 주변 동네슈퍼 및 마트에 대한 집중적인 관리감독 강화 및 단속이 필요하며,  청소년

    주류 및 담배 판매 위반 시에는 처벌 강화로 청소년 유해환경의 차단 조성에 기여.",,,NA,20240125,NA
(안전) 청소년 유해환경 예방및 근절반안,행정/자치/안전,,제안심사,2010-07-28,NA,경찰청,"실태

청소년 시기에는 방황심도 많고 본인 스스로도 모르게 화가 날때도 많고 초등학교시설 단지 호기심이 였던것을 실행으로 과감히 옮기는 시기이기도 합니다. 아직 어른도 아닌데 어른들이 하는 것은 다 해보고 싶은가 봅니다.청소년들의 지나친 행동이나 우발적인 행동이 벌어지면 부모들은 거의 놀랄수 밖에 없습니다. 청소년 시기에는 정말 부모도 아이들도 학교도 매일매일이 전쟁인 경우가 있다. 물론 일부 청소년들을 얘기하는 것입니다.

첫째, pc방에 대해 의견을 얘기하고 싶습니다.(pc방 점주교육이 주기적으로 필요한 경우입니다)

1. 청소년들이  pc방 가는 것은 억지로 막을수 없습니다. 하지만 청소년들을 자리가 없다고 하여 흡연실에 자리를 만들어 주지 않았으면 좋겠습니다. 이런경우 처벌이 필요하다고 봅니다.

2. 간혹 청소년들이 가출을 해서 pc방에 잔다고 합니다. 대부분의 pc방은 안그러겠만 그런 곳이 있다면 처벌이 필요하다고 봅니다.

둘째,청소년들의 로망 오토바이입니다(학교에서 주기적으로 교육해주었으면 하는 경우입니다)

1.남자얘들은 오토바이의 로망이 있습니다. 그래서 때로는 그 욕구를 참지 못하고 토바이에 손을 대는 

경우가 많이 있습니다.  물론 그 욕구를 꺾으기가 힘들다는거 알고 있습니다. 고등학교 때는 면허증도 딸수 있다고 하는데  너무 위험한것 같습니다. 

학교에서 성교육하는 것처럼 사고난 현장이나 사고난 사람들의 모습이나 인터뷰를 해서 적극적인 교육을 해주었으면 좋겠습니다.

셋째, 가출청소년을 재워주고 인성교육을 간단히 시켜주는 곳이 있었으면 좋겠습니다.

1.가출 청소년들이 맘편히 잘수 있는 곳이 있었으면 좋겠습니다.

가출을 했는데 뭘 재워주냐 하면 나몰라라 한다면 더 큰 범죄를 노출이 되기가 쉽습니다.

여러가지 이유로 가출을 하지만 아직은 가족의 따뜻한 사랑이 필요하다는것 본인도 알고 가족도 알고 학교도 알고 사회도 알고 있다고 봅니다. 하지만 가출했다는 이유하나만으로 무방비상태로 버려지는 것은 아니라고 봅니다. 예를 들어 미혼모들을 보호해주면서 돌봐주듯이 청소년들의 가출을 있는 그대로 받아들여서 하룻밤정도는 재워주는 기관이 있으면 어떨까요?  대부분 홧김에 나간 청소년들이 많이 있습니다. 하룻밤을 잘보내면 따뜻한 집으로 빨리 돌아오고 싶을거예요


기대효과

몇가지만 지켜진다면 청소년들이 더 안정된 삶을 살지 않을까요?",,,NA,20240125,NA
특수학급 학생들의 교정?재활 치료 ,교육/문화/체육/관광,,제안심사,2010-07-27,NA,충청남도교육청,"현황 

특수학급 대상 학생들에게 교육청에서는 물리치료비를 지원해주고 있습니다.  

문제점 

공주시에서는 계룡면 기산리에 있는 충남 남부 장애인 복지관 말고는 특수학급 학생들이 전문적인 교정․재활 치료를 받기 어렵습니다. 교육청에서는 더 많은 특수학급 학생들에게 물리치료비를 지원해주어 교정․재활 치료를 받을 수 있도록 하기 위해 공주시내 정형외과 외과 가정의학과 병원에 전화하여 교정․재활 치료 가능 여부를 여쭈어 보았습니다. 일반 물리치료(핫팩 등)는 가능하지만 교정․재활 치료를 할 수 있는 물리치료사들이 없는 경우와 가능하지만 교정․재활 치료는 한 시간 이상을 장애우와 1:1로 하여야 하는데 시설도 협소하고 그 사이 일반 물리치료가 불가능해 병원 사정상 어렵다는 말씀을 하십니다. 특수학급 학생에게 지원이 가능하지만 우리 지역에는 계룡에 있는 복지관까지 가야 하기에 이동이 여의치 않은 학생들에게는 여간 고역이 아닐 겁니다. 꾸준히 치료를 받는 기회를 놓치는 경우도 있을 겁니다. 지역내 대학교 병원이 없다는 것도 그 이유가 될까요?  

개선방안 

지역내에 있는 정형외과 중 특수학급 학생들이 교정․재활 치료를 받을 수 있는 병원이 교육청과 연계되어 어느 특정한 곳에만 몰리는 일이 없고 또 계룡까지 가지 않고 시내에서도 교정․재활 치료를 받았으면 바랍니다  

기대효과 

이동이 어려운 특히 계룡 지역과 먼 거리에 있는 특수학급 학생들이 시내에있는 병원 또는 각 지역의 보건소에서 물리치료를 받는다면 가지고 있는 장애에서 한 단계 더 활동이 쉬울 수 있고 지역 사회에서 관심을 기울임으로써 소외되었다는 낮은 자존감에서 어느 정도 탈피 할 수 있을 거라고 믿습니다",,,NA,20240125,NA
모형항공기 비행장 조성 제안,행정/자치/안전,,제안심사,2010-07-27,NA,창원시,"창원 근교지역에 모형항공기 비행장 조성을 제안합니다.  


본격적인 주5일 근무제를 맞아 여가활동에 대한 국민들의 관심이 점차 고조되어 가고 있으며, 모형항공기도 레포츠로서 점차 동호인들이 늘고 있는 추세이며, 현재 서울시, 청주시, 밀양시, 진주시 등에서 고수부지를 이용하여 모형항공기를 즐기는 시민을 위해 장소를 제공하고 있습니다. 


그러나 창원시 근교에는 비행장이 없는 실정입니다. 


창원시 근교에 비행장을 설치한다면 창원 및 경남모형비행기 동호인과 가족들이 주말을  즐길수 있습니다. 또한 모형비행기를 배우는 학생들도 안심하고 연습할 수 있을 것입니다. ( 전국 대회 입상시 대학 특기생으로 지원 가능합니다. ) 


좋은 여건이라면 전국대회를 개최하여 지역을 알릴 수도 있으며, 전국체전 종목중 모형항공기 대회장으로 사용가능합니다.",,,NA,20240125,NA
(안전) 학부모 유해환경 감시단을 만들자 ,행정/자치/안전,,제안심사,2010-07-27,NA,경찰청,"현행 : 청소년들을 대상으로 하는 사건사고들이 학교 안팍으로 자주 일어나고 있다


문제 : 어린 청소년들을 대상으로 일어 나는 범죄는 경찰력으로만은 막을수 없다고 생각한다


개선방향 : * 학부모 유해환경 감시단을 만들자

                   등교시간 하교시간에 맞춰 조를 편성하여 학교주변과 주거 지역을 집중적으로 순찰을 

                  돌도록 하자 

                  하교 시간이후에는 학생들이 자주 찾는 상가밀집지역 우범지역등을 순찰하자

                학부모 유해 환경감시단에게는 조끼나 어깨띠로 표식을 한다(ㅇㅇㅇ 학교 학부모 유해환경감시단)


기대효과 :  학부모 유해환경 감시단이 순찰하는 것만으로도 사건사고 발생빈도가

                        많이 줄어들것이다

                        또한 학부모들도 내아이를 포함하여 모든 아이를 봉사몇 시간으로  돌볼수 있어서

                        한층 마음이 놓일것이다

                         유해환경 감시단은 자원봉사로 운영한다

                         참여한 학부모에게는 자원봉사시간을 인정해 주며 더욱 효과가 클것이라 생각한다",,,NA,20240125,NA
국민신문고에 국민신문고 건물 사진을 부착합시다.,기타,,답변완료,2010-07-27,2010-08-13,국민권익위원회,국민신문고에 국민신문고 건물 사진을 부착합시다.,,,"1. 국민신문고에 대한 관심에 감사를 드리며, 귀하께서 신청하신 제안(1AB-1007-008132, 국민신문고에 국민신문고 건물 사진을 부착합시다.)

    대한 검토결과를 다음과 같이 알려드립니다.

2. 답변사항

  ○ 귀하께서 국민신문고 국민제안에 제출하신 내용에 구체적인 제안  내용이 작성되어 있지않아, 검토하기 어려우니, 구체적인 내용을 작성

       하여 신청하시면 검토후 결과를 안내하여 드리겠으니, 양해하여 주시기 바랍니다.

3. 제출하신 의견은 내용이 불분명하여 채택하지 않음을 양해하여 주시기 바랍니다.

4. 상기 내용 이외에 추가로 궁금하신 사항은 국민신문고담당관실 정진덕조사관(02-360-2750)에게 연락하여 주시기 바라며, 귀하와 귀하의

    가정에 건강과 행운이 항상 함께하기를 기원합니다. 끝.",20240125,NA
청소년 밤문화,행정/자치/안전,,제안심사,2010-07-26,NA,경찰청,"청소년은 밤 10시면 PC방이나 사우나 출입을 못한다.

하지만 지금 현재 아이들은 두 곳을 자유로이 출입한다. 

피시방이나 사우나에서 받지 않는다고 하지만 단속이 너무 허술해서 아직도 계속 출입을 한다.

경찰들이 확실하게 단속하고 벌금을 크게 물리면 가게 주인들이 철저하게 할것 같다.

경찰인원이 부족하면 정부에서 늘리면 좋겠다.

한참 자라나는 청소년에게 유해시설이 너무 많다.

모든 경찰이 다 단속을 못하므로 나라에서 인정하는 자율 방범대를 철처하게 교육시켜 단속을 한다.

청소년이 10시이후 있을시 부모와 통화하여 인계한다. 

가출 청소년이 많으므로 사회가 더 혼란스럽다. 범죄가 더 많아진다.

가출 청소년 쉼터를 마련해서 교육하면 좋겠다.

자퇴자나 퇴학자들에게 한번의 기회를 더 제공하여 정규 중,고등학교는 아니더라도 기술,전수학교에 입학할 기회를 주어서 학교를 다닐수 있게 한다.

한번의 기회를 더 주자는 의미이다.

충분히 잘 할수 있다.",,,NA,20240125,NA
-안전-청소년 유해환경 예방 및 규제방안,행정/자치/안전,,제안심사,2010-07-26,NA,경찰청,"현재 일반 주택가 까지 청소년들에게 악영향을 끼치는 업종들이 많이 있습니다.

아파트와는 달리 일반주택은 그린생활시설 상업용으로 나누어져 있습니다.

예로 저는 일반 빌라지역에 살고 있습니다. 아이들과 함께 외출을 하다보면 가장 쉽게 접하게 되는 것이 '다방'간판입니다. 일부차량에는 불법으로 차량에 다방을 알리는 광고 문구를 붙혀 광고를 하고 있습니다.

다방은 업종이 일반휴게음식점입니다. 또한 다방은 일반그린생활시설에도 허가가 나고 있습니다.

우리 아이들 가장 가까이에  있는 다방이라는 간판대신 일반휴게음식점이라는 간판을 사용하도록 하거나 간판 자체를 사용못하도록 했으면합니다. 또한 차량에 불법으로 설치되어 있는 광고물을 단속하고 일반 가정집 앞에 까지 뿌려지는 광고에 대해서는 신고시 처벌할 수가 있도록 규정을 마련했으면 합니다.

그리고 모든 차량에 유흥업소를 알리는 광고물을 불법으로 장착해서 홍보하는 행위를 철저하게 단속해야합니다. 주말이면 대형나이트클럽 광고차량들이 활부하고 있습니다. 일시적인 단속이아니라 주민들 누구나가 신고하면 단속이 가능하도록 했으면 합니다.(지자체에서 단속하는 것 보다 정부차원에서 단속해야합니다.)

가끔 어린아이들이 집앞에 붙혀진 유흥업소 광고를 가지고 놀고 있는 모습을 보면 정말 할 말을 없습니다.

작은 곳에서 부터 관리하는 것이 청소년들을 유해환경에서부터 예방하는 것이라 생각합니다.",,,NA,20240125,NA
범죄 피해자 조사시  촬영,행정/자치/안전,,제안심사,2010-07-26,NA,경찰청,"특히 성폭력 피해자 조사시 몇번을 반복해서 진술한다.

그 순간을 떠올리며 다시 말한다는 것이 고통이다.

처음에 피해자 신고시 그 내용에 대해서 몇번을 반복해야 한다. 

처음부터 촬영을 한다.

경찰서나 파출소내에 동영상 찍는 사람을 배치한다.

그러면 안 좋은 일을 몇번씩  떠올리며 진술을 해야 할것을 한번에 한다.

요즘 오디오 시대에 한 말을 또하고 몇 번씩 한다는 것은 시간 낭비이며 피해자에게 고통을 안겨준다.

그러므로 카메라기사  즉 동영상을 찍는 사람을 정부에서 뽑아서 공무원으로 채용한다.

각 경찰서나 파출소에 근무하게 한다. 그러면 시간도 절약되고 피해자에게 안 좋은 기억을 떠 올릴필요가 없다. 특히 여성 성폭력 ,성추행자 조사시 더욱 더 좋다.

조사방에 몰래카메라를 설치하고 꼭 그 방가서 해도 좋다.",,,NA,20240125,NA
국민권익위원회 직원이 암행어사처럼 각지역을 ,기타,,답변완료,2010-07-26,2010-08-23,국민권익위원회,국민권익위원회 직원이 암행어사처럼 각지역을 다니면서 일를하게합시다.,,,"○ 국민신문고 국민제안을 이용해 주셔서 감사합니다.


  ○ 윤위석 님의 제안에 대하여 아래와 같이 답변 드립니다.


   - 고객님께서 제안을 신청한 곳은 국민신문고 국민제안 코너입니다. 국민제안은 정부업무에 대한 국민 여러분들의 창의적인 생각을 접수 받아 정부정책에 반영하고자 마련된 제도입니다. 

   - 그러나 윤위석님의 제안내용을 검토한 결과, 단순한 의견 개진으로 내용도 불충분하여 국민신문고 국민제안 운영 취지에 맞지 않아 불채택으로 처리하게됨을 양해해 주시기를 바라며, 

   - 차후 보다 좋은 제안이 있으신 경우 제안에 대한 현황, 문제점, 개선방향 등을 작성해 주시면 검토하도록 하겠습니다.


  ○ 본 제안과 관련하여 답변 내용이 미비하거나 기타 궁금한 사항이 있으신 경우, 국민권익위원회 행동강령과(02-360-6657)로 전화 주시면 친절하고 신속하게 상담하여 드리겠습니다. 좋은 하루 되십시오.",20240125,NA
공직 사회 부정부패 척결 관련 기관내 정기 공문 시행 제도 도입하여 청렴한 공직 사회 조성 분위기 확산,기타,,답변완료,2010-07-24,2010-08-17,국민권익위원회,"ㅇ 현행제도 및 운영의 실태

     - 국민권익위원회에서 지난 해 말과 올해 1/4분기에 공공기관 등을 대상으로 

       공직 사회 부정부패 척결 관련 공문을 시행하여  

       부정부패 신고 제도 등에 대한  안내 및  표어 공모 등 추진

ㅇ 문제점

     - 지난 기간 동안 시행된 공문 주기를 감안할 때, 분기별 1회였던 것으로 판단됨

     - 공문 열람 후 관련자 등에게 경각심 효과는 거둔 것으로 보임

     - 그러나 부정부패는 공개적으로 이루어지는 것이 아닌 만큼 

       확실한 단서 포착에 의한 신고에 이르기까지 진행되는 경우는 드물다고 판단됨

ㅇ 개선방안 

     - 국민권익위원회에서 현재 추진하고 있는 부정부패 척결을 위한 (분기별 1회) 

       공문 시행은 그대로 유지하되, 관련 사례를 구체적으로 제시(처벌 명시 포함)

     - 공공기관 자체에서 관련 공문을 (매월 1회) 정기 시행하도록 법률로 제도화

ㅇ 기대효과

     - 정기 공문 시행 및 공문 시행 주기 단축으로 관련자에게 경각심 고취 및 

       청렴한 공직 사회 조성을 위한 분위기 확산",,,"안녕하십니까?

국민신문고를 방문해 주셔서 감사 드립니다.


귀하께서는 청렴한 공직사회 조성을 위한 제안을 제출해 주셨으며 이에 대한 답변은 다음과 같습니다.


귀하께 유선으로 기 안내해 드린 바와 같이 동 제안의 내용을 살펴보면 구체적인 공문내역이 명시되어 있지 않아 분기마다 시행하는 문서 및 표어공모 내역이 확인되지 않고, 또한 이에 대한 보완요청에도 응하시지 않은바 불채택하여 종결하고자 하니 양해하여 주시기 바랍니다.


앞으로도 많은 관심 부탁드리며 무더운 여름철 건강에 유의하시기 바랍니다.

감사합니다.",20240125,NA
[안전]청소년 유해환경 예방 및 근절 방안,행정/자치/안전,,제안심사,2010-07-23,NA,경찰청,"운영의 실태

뉴스나 이웃에서 성범죄나 유괴로 인해서  어린이들과 청소년들이 위험하다. 

부모의 생활에도 많은 걱정꺼리이기도 하다.


문제점

우리는 선진국처럼 안전하게 할 수 없는가?

친부모들의 범죄도 너무 많이 발생하고 있는 상황이다.


개선내용

1.경찰의 차량의 범위를 확대하자.->교통이나 범죄자를 잡는 차량은 기존의 차량으로 이용하고

  청소년들이 길거리에서나 위험상황이 발생했을때 언제든지 부를 수 있는 분홍색차량을 도입하자.

2.여자 경찰을 더 뽑자 - 상담을 해야 하거나 위험을 알리고 싶을 때는 남자경찰보다는 여자경찰이

 더 좋을듯하다.

3.경찰 지구대를 살려서 면이나 동기준으로 심리상담사를 배치하고 운영하자.

 -> 언제든지 상담하고 내주변에 위험한 사람이 살고 있는지 확인 할수 있게 하자.",,,NA,20240125,NA
통합 콜센터 운영,기타,,답변완료,2010-07-23,2010-07-27,국민권익위원회,"- 현행

구급 및 구호 : 119, 경찰 : 112, 전화문의 :114, 다산콜센터(서울) :120 등 

우리 보통사람이 알고있는 대표전화 콜센터 입니다.


- 문제점

 제가 얼마전 영종도 바다에 구경가다가 바다에서 기름유출로 인해서 냄새가 독하고 기름띠가 바다에 번져 있길래 전화를 114에 해도 어디에서 담당하는 곳인지 모른다고 하구요~, 경찰에 전화하니 해양경찰로 전화번호를 가르쳐 주고요. 볼펜이 없어 전화로 불러주는 전화번호를 쉽게 외울수는 없구요

또한번은 영동고속도로에서 갈지자로 가는 음주운전차량을 발견해서 경찰에 신고했더니 고속도로는 고속도로경찰이 담당한다고 하고요~~


또또 한번은 고속도로에 타이어가 떨어져 있길래 전화를 물어물어 도로공사에 했더니 거기는 우리도로가 아니라 민간도로라고 하더라구요~ 이런~~ 또 내돈들여

전화를 해야하는 건가~ 난 사고가 나지 안았는데 내가왜~ 라는 갈등을 만들더군요


우리 일반인들은 어떠한 상황이 발생 했을때 알고있는 전화번호는 위와 같은데 담당하는 곳이 아니라는 답변만 들을 때가 있습니다.


물론 다 그런것은 아니고요~~ 일부 애매한 상황에서 그렇다는 거지요


개선내용

1번째 제안 : 통합 콜센터 운영입니다.

 서울시에서 운영중인 다산콜센터가 있지만 서울지역에 한정되어 있고 그곳에서도 단순 조회만을 해서 고객에게 제공하는 형태입니다.

제가 바라는 것은 요~~ 통합 콜센터로 전화해서 강도를 당했는데 피가 많이 흐른다 그러면 경찰에 신고해야 하나요? 구급대에 신고해야 하나요? 그것을 대신 해 줄수 있는 그런 제도를 말하는 것입니다.


2번째 제안 : 위 사항이 쉽지않다는 것을 알고 있습니다.


때문에 기존대로 경찰, 구급대, 114 등에 전화를 하면 그곳에서 담당업무만을 안내하는 것이 아니라 여러곳이 공조해서 내일, 내가족일처럼 도움을 준다면 효율적이라고 사료됩니다.


예를들어 114에 전화를 해서 차가 고장났는데 견인차량 전화번호를 모른다 연락좀부탁드린다

하면 114에서 견인업체로 전화를 대신 해 주는 서비스등 이런 형태의 운영을 제안하는 겁니다.


물론, 1안이 운영되면 더 좋지만요~",,,"국정 운영에 깊은 관심을 가져주신 귀하께 감사의 말씀을 드립니다.

귀하께서 제안해 주신 통합콜센터 운영은 정부에서도 이미 그 필요성에 대하여 인식을 하고 수 년 전부터 추진을 계속해 오고 있습니다. 현재 관련 부처들과 협의가 진행중이고 예산 지원 및 기타 실무적인 뒷받침이 이루어질 수 있도록 여러가지 노력을 기울이고 있는 중임을 말씀드립니다.

다시 한번 감사드립니다.",20240125,NA
<안전> 청소년에게 안전한 환경을 만들기 위한 제안,행정/자치/안전,,제안심사,2010-07-23,NA,경찰청,"<현행제도 및 운영의 실태와 문제점>

집 근처에서 아이들이 성폭행을 당하기도 하고, 유괴를 당하기도 하고 그 외에도 각종 폭력에 시달리고 있습니다.

아이들이 누구에게 끌려간다고 해도 주변에서 별로 신경을 쓰거나 말리지도 않는 편입니다.

특히 아이들끼리의 폭력에 나서는 어른들이 별로 없습니다.


<개선내용>

조금이라도 이상한 일이 있으면 바로바로 문자로 신고할 수 있는 시스템을 만들면 좋겠습니다.

신고자의 신분을 노출하지 않고 적당한 보상도 필요하다고 생각합니다.


<개선 시 기대효과>

내 아이를 지키자는 캠페인을 통해서 이런 신고 문자번호를 알리면서

어른들 모두가 아이들을 관심있게 지켜본다면

통학로와 집근처에서 아이들이 폭력에 시달리는 일이 확실히 줄어들 수 있을 것입니다.",,,NA,20240125,NA
아동 성폭행 예방을 위한 제안,행정/자치/안전,,제안심사,2010-07-22,NA,경찰청,"아동 성폭행 예방을 위한 제안


□ 현황 및 문제점(필요성) 

요즘 아동 성폭행문제로 나라가 떠들썩하다. 가슴 아픈 일이 아닐 수 없다. 성폭행을 당한 본인 자신이나, 자녀의 부모님은 얼마나 마음이 아플까 ... 일평생 그 아픔이 따라 다닐 것이다. 그러기 때문에 성범죄는 다른 어떤 범죄보다 더 확실한 예방이 필요하다고 본다. 특히 가난하고 어려운 편부모나, 맞벌이 부모의 자녀들이 더 성폭력에 방치 되어 있다. 관리를 못해주기 때문이다. 


□ 개선방안(제안내용) 

-국가적으로 성폭력 예방센터를 만들어서 특별 기구로 관리해야 한다.

-취약계층, 편부모, 맞벌이 부부들을 위한 미성년자 보호시스템을 지역마다 구축하여 미성년 자녀를 보호해 주기를 원하는 부모는 누구나 그곳에 위탁관리를 할 수 있도록 한다.

 관리내용

 a)부모님이 의뢰한 시간동안 아동의 스케줄을 일일이 체크(전화로)하여 보호한다.

   (이것을 행정안전부의 희망일자리와 연계해도 좋을 것이다. 가난한 부모님들은 돈을 주고 맡길 수가 없다. 가난한 사람들을 위해 정부가 대신해주면 좋을 것이다. 그리고 동 사업을 통하여 일자리를 제공 할 수도 있다.)

 b)자녀에게 핸드폰을 소유케하여 비상벨을 울리면 즉시 위치 추적하여 달려갈 수 있도록

 c)아동들에게 더 적극적인 교육과 홍보가 필요하다.

 d)아동들에게 비상벨이나, 비상호루라기를 꼭 가지고 다니게 한다.


□ 기대효과(활용방안) 

-철저한 아동 보호

-아동 보호를 통한 부모님 안심 

-획기적 성폭력 예방

-안전한 사회 구축",,,NA,20240125,NA
국민신문고 전자민원 등록 방법을 개선하자,기타,,답변완료,2010-07-21,2010-07-27,국민권익위원회,"국민신문고에 등록하기 위해 다른 곳에서 작성한 민원내용을 복사하여 등록하려 할 경우, 

""표""가 나오지 않고, 자주 끊어지고, 등록과정에서 등록되지 않은 경우에 기존 민원 내용이 전부 없어지는 등 아주 불편합니다.


전자정부를 지향햐는 정부가 이런 정도 문제점조차도 개선하지 않고 있는 것은 무슨 이유인가요?


복사해서 쉽게 올릴 수 있도록 개선해 주세요.",,,"1. 국민신문고에 대한 관심에 감사를 드리며, 귀하께서 신청하신 제안(1AB-1007-006417, 국민신문고에서 민원내용 작성시 다른곳에서 복사

    하여 붙일때 표가 복사가 안되니 개선바랍니다)에 대한 검토결과를 다음과 같이 알려드립니다.

2. 답변사항

  ○ 먼저 국민신문고 사용에 불편을 드려 죄송합니다, 국민신문고 민원내용 작성시 다른곳에서 내용을 복사하여 붙일때에는 시스템상 글자

      (텍스트)만 복사가 됩니다, 표나 그림 등이 포함되어 있을 경우에는 파일을 첨부하여 신청하실 수 있습니다, 앞으로 국민신문고를 이용

      하시면서 불편한 사항이 있으면, 언제든 문의하십시오, 친절히 답변드리겠습니다.

3. 제출하신 의견은 국민제안규정 제2조에 의거한 단순 건의에 해당하여 채택하지 않음을 양해하여 주시기 바랍니다.

        4. 상기 내용 이외에 추가로 궁금하신 사항은 국민신문고담당관실 정진덕조사관(02-360-2750)에게 연락하여 주시기 바라며, 귀하와 귀하의 가정에 건강과 행운이 항상 함께하기를 기원합니다. 끝.",20240125,NA
"~국민신문고!~보다는 ""국민청문고""가 낫지 ~안나요?",기타,,답변완료,2010-07-20,2010-08-23,국민권익위원회,"-국민신문고(國民申聞鼓)~~맞나요?


-~~申(펼신),聞(들을문),鼓(북고)~~맞나요?


***국민신문고""가 아니라 ~""국민 청문고""가 맞다고~생각합니다.


*국민청문고(國民聽聞鼓)~~廳聞(hearing)~~~사실조사를 하는 


 행정절차 행정기관의 규칙이나,행정처분 또는 재결 등을 행~ 


 하는데 그 필요성이,타당성을 판단하기 위하여 상대방~~(중략)


~~~~~~~~~~~~~~~?


***국민신문고""~~보다는 ""국민청문고""가 현재, 미래적~~


 뉘양스가 풍부하다고? 생각되어 제안서 올립니다.",,,"1. 국민신문고에 대한 관심에 감사를 드리며, 귀하께서 신청하신 제안(1AB-1007-006257, 국민신문고 명칭을 국민청문고로 개칭)에 대한 검토

    결과를 다음과 같이 알려드립니다.

2. 답변사항

 ○ 국민신문고란 명칭은 조선시대 민원해결 수단인 신문고의 취지를 살려 오늘날 인터넷으로 민원 신청을 받고 있습니다, 국민 대부분이

     신문고라는 명칭에 익숙해 있고, 그 의미를 누구나 인지하고 있어, 명칭을  변경하기 어려운점을 양해하여 주시기 바랍니다, 앞으로

     국민신문고를 이용하시면서 불편한 사항이 있으면, 언제든 문의하십시오, 친절히 답변드리겠습니다.

3. 제출하신 의견은 국민제안규정 제2조에 의거한 단순 건의에 해당하여 채택하지 않음을 양해하여 주시기 바랍니다.

4. 상기 내용 이외에 추가로 궁금하신 사항은 국민신문고담당관실 정진덕조사관(02-360-2750)에게 연락하여 주시기 바라며, 귀하와 귀하의

    가정에 건강과 행운이 항상 함께하기를 기원합니다. 끝.",20240125,NA
스마트웍스 관련,기타,,답변완료,2010-07-20,2010-08-10,국민권익위원회,"무더위 수고가 많으십니다.

다름이 아니라, 이번에 행안부에서 발표한 스마트웍스와 관련하여 본인이 2010년 5월 4일 제안한 ""글로벌 오피스 사업 제안""의 내용과 배경, 목적등 제안 내용이 매우 비슷 합니다.


그러나 귀 기관에서는 5월 13일 ""제안심사대상외"" 평가하여 회신을 주셨습니다.

저의 제안이 해당되지 않는다고 제시한 6가지중에 어떤것이었는지 알려주시기 바랍니다.",,,"이종철님 안녕하십니까? 국민제안에 대한 관심과 참여에 감사드립니다.

귀하께서 제출하신 제안의 요지는 ‘행안부에서 최근 발표한 스마트웍스와 관련 본인이 이보다 빨리 5월4일 “글로벌 오피스 사업제안”으로 먼저 국민제안을 제출하였음에도 비제안 처리하는 것이 부당하니 비제안 처리원인을 정확하게 제시하라.’는 내용으로 파악되며, 아래와 같이 검토결과를 알려드리고자 합니다.

원격 사무실 근무(Telework or Smart office)에 대한 개념은 이미 관련분야에 전문지식을 갖고 있는 분들에게는 일반화된 개념입니다. 귀하께서 해당 제안을 제출(‘10.5.4.)하기 전인 ’10.2.16.에도 행정안전부에서는 “정부, 「유연근무제」본격도입, 적극 추진키로”라는 보도자료를 통해 정부가 시행하기로 한 9개 유형의 유연근무제중 주요내용의 하나로, “② 주거지 인접지의 원격근무용 사무실(스마트 오피스)에 출근하여 근무하거나, 모바일 기지를 이용하여 사무실이 아닌 장소에서 근무(Telework)”를 설명하였습니다. 따라서 귀하께서 제출하신 제안은 일반적으로 공개되었거나 이미 사용되고 있는 것으로 볼 수 있기에 제안으로 검토할 대상이 아닌 것으로 처리되었음을 양해하여주시길 바랍니다. 

귀하의 제안을 채택하지 못하여 아쉽게 생각하며, 앞으로도 좋은 의견을 많이 제출하시면 국민신문고 운영 활성화에 최대한 반영할 수 있도록 적극적인 노력을 기울이겠습니다. 감사합니다.",20240125,NA
신문고 아이폰 어플을 만들었으면 좋겠다.,기타,,답변완료,2010-07-19,2010-08-13,국민권익위원회,"실시간으로 세계 사람들이 트위터나 페이북을 통해 메세지를 전달하고 있다. 현재 세계인의 생각을 읽을 수 있다.  

그래서 이를 응용한 국민의 소리 민중의 소리를 대통령이 직접 실시간으로 챙기고 들을 수 있게 신문고 어플을 아이폰과 안드로이드폰에서 호환되는 어플을 만들어 보급하면 어떨까 생각한다. 정부에서 국민의 소리를 쉽게 전달받고 이를 통계처리하여 국가의 정책에 반영한다면 그보다 더 좋을게 있겠는가? 자유로움 속에서 대통령께 , 옆집 아저씨에게 말씀드리듯 누구나 쉽게 전달 할 수 있으면 21세기 신문고가 아니겠는가? 옛날방식으로 서울 시청앞에 신문고 북을 만든다 하는데 그 설치비로 차라리 어플을 개발함이 어떨까요? 대통령께서 국민의 소리를 직접듣기가 여간해서 어려운 것 , 특u히 시간을 내서 방송국을 통하여 국민과 의 대화 마당이라는 프로를 만들어 해야 되지 않습니까? 이게 얼마나 진솔한 국민의 소리가 전달 될까요? 그리고 주변 대통렬 보좌관들에게서 전달 받게 되면 그대로 전달 될까요? 아니겠죠... 그래서 신문고를 통하여 국민의 쓴소리 달콤한 소리 슬픈 소리 기뿐 소리를 모두 챙길 수 있지 않겠어요? 일단, 빨리 만들어 나왔으면 합니다. 그리고 부족한 부분은 자꾸 버젼업해서 더욱더 좋게 목적한바데로 이루어 질 수 있게 진행해 나갔으면 합니다.",,,"1. 국민신문고에 대한 관심에 감사를 드리며, 귀하께서 신청하신 제안(1AB-1007-005922, 국민신문고 아이폰 어플을 만들어 주세요)에 대한

    검토결과를   다음과 같이 알려드립니다.

2. 답변사항

  ○ 현재 국민신문고 안드로이드폰용 어플은 개발하여 사용중이며, 아이폰용 어플은 조만간 누구나 이용할 수 있도록 저희 위원회에서 직접

      개발할 예정이니, 양해하여 주시기 바랍니다, 앞으로 국민 신문고를 사용하시면서 불편한 사항이 있으면 언제든 문의하십시오, 친절히

      답변드리겠습니다.

3. 제출하신 의견은 현재 시행중인 제안에 해당하여  채택하지 않음을 양해하여 주시기 바랍니다.

4. 상기 내용 이외에 추가로 궁금하신 사항은 국민신문고담당관실 정진덕조사관(02-360-2750)에게 연락하여 주시기 바라며, 귀하와 귀하의

    가정에 건강과 행운이 항상 함께하기를 기원합니다. 끝.",20240125,NA
소형종이류 분리수거 가능하도록 분리수거용기 제조,행정/자치/안전,,제안심사,2010-07-18,NA,강남구,"보통 다가구 주택가의 분리수거함이 그물망으로 되어 있어 플라스틱이나 스티로폼,유리병등 한꺼번에 모아서 수거해 갑니다.



길이 좁은 주택가등은 수거해 가는 차가 들어설수가 없어 그냥 한꺼번에 모아서 수거를 해가는 실정입니다.

하지만 종이류 등은 따로 묶어서 버리게 되는데 신문이나 비교적 면적이 넓은 종이류는 묶어서 분리수거 하는데 큰 어려움이 없지만 과자봉지나 종이컵,우윳곽등 면적이 작은것은 분리수거에 어려움이 있네요. 따로 분리수거창고가 있는것도 아니어서 우천시에는 모두 젖게 되고 바람이 부는 날에는 날아가기도 해서 골목길이 지저분해지기도 합니다.

또는 면적이 작은 소형종이류(과자봉지,휴지심지,등)는 대부분 종량제 봉투로 들어가게 되어 쓰레기로 버려지게 됩니다.


다가구 주택이나 빌라등 분리수거전용 자루가 없을경우 신문이나 박스등은 모아서 묶어서 배출토록 하고 종이컵,과자봉지등 부피가 작은 종이류는 따로 압축해서 버릴 수 있는 분리수거용기가 제조되었으면 합니다.

신문등은 압축 하지 않아도 부피를 많이 차지하지 않지만 소형 과자박스등은 공간을 차지하기 때문에 압축해서 젖지않도록 용기를 제조 비치한다면 좀더 종이수거가 더 용이하지 않을까 싶습니다.

또한 저탄소 녹색성장 시대에 좀더 긍정적인 효과를 가져 오리라 생각됩니다.",,,NA,20240125,NA
"국민신문고""제안현황~실시간 공개합니다.",기타,,답변완료,2010-07-17,2010-08-10,국민권익위원회,"-국민신문고""에 제안을 하면,~자동분류 되어 해당 부처청,지자체


 사이트에 접수되고 있습니다.(일부는 권익위에서 분류)


-국민들이 제안한 제안은 ~~제안과,민원으로 분류됩니다.


-?~600년 만에 부활""된 국민신문고에 전체적 집계현황이


 일목요연한 메뉴얼이 없습니다.


**즉,총 제안건수,민원건수,채택건수,불채택 건수,우수제안 


 건수등 한 눈에 알아 볼수 있는 메뉴얼""을 갖추어 실시간


 제안현황을 알려 주셨으면 합니다.


-기대효과?


-국민신문고""의 지속성,활력성,창의성등의 유,무형 효과가 있지


 예상됩니다.


-귀 부서의 정책적 제안이 되길 바라오며,제안서 올립니다.",,,"문성두님 안녕하십니까? 국민제안에 대한 관심과 참여에 감사드립니다.

귀하께서 제출하신 제안의 요지는 ‘국민제안 건수, 민원 건수, 채택․불채택 건수, 우수제안 건수 등 상황을 실시간으로 안내하라.’는 내용으로 파악되며, 아래와 같이 검토결과를 알려드리고자 합니다.

귀하의 제안을 수용하기 위해서는 국민신문고시스템 전반적인 보완이 이루어져야할 것으로 사료되어 다양한 가능성 등을 중장기적으로 검토 할 필요가 있습니다. 

금번 귀하의 제안을 채택하지 못하여 아쉽게 생각하며, 앞으로도 좋은 의견을 많이 제출하시면 국민신문고 운영 활성화에 최대한 반영할 수 있도록 적극적인 노력을 기울이겠습니다. 감사합니다.",20240125,NA
어촌에 생활쓰레기가 바다에 그대로 버려집니다,행정/자치/안전,,답변완료,2010-07-17,2017-02-14,포항시,"○  현황- 어촌에 생활쓰레기가 바다에 그대로 버려집니다

○ 문제점- 바다오염

○개선방안- 1. 마을에 사람들이 많이 모이는 장소에 분리수거통을 설치한다.

                   2. 자율 생활환경개선팀을 만들어 운영한다.

                   3. 일년에 두차례 주민회의때 교육을 시키고 모범시민은 상을 준다.

                   4. 가축오물 처리방안으로 국가에서 오물통을 지어주거나  다시 분뇨를 모아서

                      재처리 할 수 있도록 농촌지도소에 지도를 받는다.

○기대효과- 바다가 깨끗해진다.

                  환경이 개선되어 마을 미관상에도 좋다,",,,"국민신문고 개선에 따른 폐지부서(행정안전부)의 미처리 국민행복제안에 대한 답변입니다. 


우리 시 시정발전을 위하여 제안해 주심에 감사드리며

귀하께서 제안하신 건에 대한 검토 의견을 말씀드리겠습니다.


-귀하의 환경보전을 위한 지대한 관심에 감사드립니다. 

우리 시는 해양쓰레기 관리대책을 타시군및 경북도와 합동으로 전개하여 사람들이 많이 찾는 해변 등에 대한 지도․단속과 더불어 

홍보 계도활동을 강화하고 있으며 쓰레기가 적정 수거․처리될 수 있도록 노력하고 있습니다.  


따라서 귀하의 제안을 채택하지 못함을 양해하여 주시기 바랍니다.

기타 문의사항은 포항시 정책기획관실(054-270-2175)로 연락주시면 성실하게 답변드리겠습니다.


포항시 발전을 위해 많은 관심을 가져주심에 다시 한번 감사드리며 귀 가정의 건강과 행복이 늘 함께 하시기를 기원합니다.",20240125,NA
여성들도 자원시 민방위대 훈련에 참여할 수 있도록 제도화해주세요,행정/자치/안전,,답변완료,2010-07-16,2015-02-27,행정안전부,"-. 현재는 지역방위를 위한 민방위대에는 남성들로만 편성되고 있다. 군제대자들은 ""잠자러 가""는 민방위대 교육장의 프로그램 중에는 매우 현실생활에 유익한 내용들이 풍부하다. 그런 기회에 여성들이 참여하게 된다면 훨씬 효과적인 생활교육실천이 이뤄질 수도 있을 것이고 국방 지역방위 등에도 보탬이 될 것이라 본다.

-. 성별영향평가상으로 볼 때에도 여성들이 참여 못할 바는 없다고 생각된다.

-. 실제로 참여코자 욕심내는 여성들도 있다. 그러나 제도적으로 막혀있어서 참여가 전혀 불가능하다.

-. 군대 갈 수 있는 연령층인 젊은 여성들이 민방위대에 참여하게 된다면 남녀가 공공연히 만날 장소나 

   기회도 저절로 제공되어 요즘같이 결혼지원에 온힘을 기울이는 정부시책에도 도움이 될 수도 없지 않을 

   것이다.

-. 자원자들로서 민방위대에 참여하는 방안으로서는 국방부에서 군인모집하듯이 신청을 받는 프로그램을 

   벤치마킹하면 보다 용이한 운영을 할 수 있을 것으로 본다.

-. 이제는 법제도화하여 여성들도 남성들과 동등하게 국방의무에 참여할 기회를 주어야 할 때가 왔다. 

   행주산성 앞치마 여성들이 왜 현대에는 없겠는가! 아예 참여할 기회를 박탈했기 때문이 아닌가싶다.",,,"안녕하십니까!

국민안전처 민방위과의 민방위 교육 담당인 황대성입니다.


먼저 민방위에 대한 관심과 애정에 깊이 감사드리며,

제안하신 의견에 대해 말씀드리겠습니다.


민방위기본법 제18조 제2항에 따라 여성도 지원하여 민방위 대원이 될 수 있도록

법으로 보장하고 있으며 전국적으로 참여하고 있으나, 아직까지 활성화가 되지

않는 부분이 있습니다.


민방위대에 지원하고 싶은신 경우 읍면사무소 및 동 주민센터에 지원신청을 하시면 됩니다. 


말씀하신 것처럼 여성분들이 민방위대에 참여하여 적극적으로 활동 및

재난대응 능력 함양을 통해 가족과 주민까지도 안전해지는 사회를 만들기 위한

목표를 가지고 법적, 행정적, 재정적 지원을 위해 지속적으로 노력하고 있습니다.


기타 법령 및 지침상 문의사항이 있으시면

02-2100-0578 또는 sagar1527@korea.kr로

연락주시기 바랍니다.


그럼 항상 건강과 행운이 함께 하시길 기원합니다.",20240125,NA
웃음치료교실의 확산이 필요하다.,행정/자치/안전,,답변완료,2010-07-16,2013-08-02,성남시,"현실태와 문제점

 많은사람들이 우울증을 가지고 있다.

노인인구가 증가하면서 노인자살율 세계1위를 달리고 있다.

신체의 질병보다 마음의 질병으로 병원순회를 하는 노인인구가 증가 의료비부담이 증가


개선내용


주민센터 프로그램에 웃음치료프로그램을 의무화 확산시켜야 한다.

전국민이 웃음치료교실을 즐겁게 이용할수 있는 시스템을 만들자.


기대효과


국민이 건강하면 국가가 건강하다.

억지웃음도 커다란 효과를 가져와 질병을 치료한다.

노인우울증감소와  의료비부담의 감소효과를 가져올 것이다.",,,"○ 각 동 주민자치센터 프로그램 개설은 이용시민들을 대상으로 설문조사를 

   실시하여 희망하는 프로그램을 주민자치위원회 심의를 거쳐 동별 특성,

   재정형편 등을 고려 개설 운영하고 있음.


○ 또한 각 동 주민자치센터에서는 주민(노인포함)들의 우울증 감소와 건강 등을 

   위해 웃음 기체조, 웃음치료, 노래교실, 실버 스포츠댄스, 실버 율동, 실버 난타,

   실버 에어로빅, 게이트볼 등 다양한 프로그램을 기 운영하고 있음.",20240125,NA
나의제안 중에 지우고 싶은것을 지우게합시다.,기타,,답변완료,2010-07-16,2010-08-10,국민권익위원회,나의제안 중에 지우고 싶은것을 본인이 지우게합시다.,,,"윤위석님 안녕하십니까? 국민제안에 대한 관심과 참여에 감사드립니다.

귀하께서 제출하신 제안의 요지는 ‘본인이 제출한 국민제안은 본인이 삭제하고 싶을 때 삭제할 수 있는 기능을 부여하라.’는 내용으로 파악되며, 아래와 같이 검토결과를 알려드리고자 합니다.

귀하의 제안과 관련, 제안인이 제출한 서류를 제안인 임의로 삭제할 수 있는 규정이 없으며, 민원행정의 안정성 등을 고려하여 중장기 검토가 필요한 것으로 판단됩니다. 

금번 귀하의 제안을 채택하지 못하여 아쉽게 생각하며, 앞으로도 좋은 의견을 많이 제출하시면 국민신문고 운영 활성화에 최대한 반영할 수 있도록 적극적인 노력을 기울이겠습니다. 감사합니다.",20240125,NA
호소문:해결문,기타,사진.jpg첨부사진.jpg,답변완료,2010-07-14,2010-07-16,국민권익위원회,"호소문 : 해결문 

많은 어려운 여건 하에서 불철주야 수고하시는데 감사드리오며 인사드립니다. 

안녕하세요. 

먼저 두서없이 써내려가는 점을 표현, 문자 격식 없이 백번 양해하여 주십시오. 

국회에 탄원서를 제출해도 접수가 되지 않고 수많은 사람이 비웃고, 생각하고, 

꿈을 키웠고, 등지고 같은 곳이기 때문 가정에 있는 혈육은 해결하기 힘듭니다. 

가정 예기를 해야 될까 합니다. 가정이 잘돼야 될 것 같습니다. 가정이 있어야 

남에 가정도 있다고 봅니다. 두 번째 어머니 자손으로 위로 배달은 형, 그웃대 합장 

서로 신경 갈등이 맞지 않아 자신의 기본이 없어지고 이룰려는 1,2 원칙은 남에 

손에 넘어가고 주위의 힘의 비중이 클수록 더 어려워지는 현상이 나타나 부모는 

감금 아닌 감금생활이 되고 생명선을 예기하기란 무척 힘든가 봅니다. 

여러 세월에 수많은 집 가정이 있지만 우리 집은 대화가 1,2촌 지간에 정겨운 대화가 

웃대부터 없는 집안입니다. 수많은 유언비어와 지나간 시절에 환경의 이치에 맞지 

않는 집안이 되어버렸습니다. 100년 된 합장묘, 어떻게 생각하면 과격했다고 보는 

사람도 있고, 그를 수 있다고 보는 사람도 있고 당연히 키워줘야 된다고 보는 사람도 

있고 각자가 틀리니, 저희가 본건데 아버지가 태어나기 전에 아버지의 배달은 삼촌이 

와서 아버지,어머니한테 자라고 아버지 6세때 아버지의 아버지에 의해 합장 되었으니 

아버지도 미안해서 예기를 못하고 그 혈육의 생각은 다르니 서로 예기를 못하고 누가 먼저 

예기하는가 식으로 50~60년을 내려온 것 같습니다. 그러면서 모든 것을 버려야 하고 오로지 1,2인칭 밖에 

모르고 심심하면 공부,술,담배 그러면서 부모의 행실을 아는지 서로 얘기를 못한 것 같습니다. 

주위적으로 보면 소동네 200~300호 마을에 장재룡(택호원계)는 학문께나 하고 하니 가문이 

있는 집안인가 그렇게 생각하는 사람도 있었지만 실속을 조금 아는 사람은 그로 인해 

실속 있는지 확인해서 가는 사람도 있었고, 신경추적이 되니 평생 남에 집에 안가고 

말 한마디 실수 안하는 사람으로 변모해 가는 자연과 흙과 사람과는 별개의 존재가 

되는 것 같습니다. 문제는 그 어려우면서 삶, 바르게 살았는 것이 논문의 대상이 되는 것 같습니다. 

예, 잠농, 우간다 만델라

그래서 저 역시 어렵게 이어지는가 봅니다. 콩심은 데 콩나라는 법은 

없는 것 아닙니까. 한국 사람은 머리가 좋다고 하는데 이러니 공통된 이치적이 다른 갈레로.... 

가정에서도 의견이 다 틀려지는데 인식은 같이 하게 되고요 말은 못하고 벙어리 수하는 식입니다. 

물도 흘러야 맑고 고인 물은 절대로 맑지 않다고 봅니다. 

합장되어 있으니 살면서 잘못한 것은 붙을 수도 있고 백번 잘해도 한번의 잘못은...... 

묘가 합장되어 있으니 아주 위험합니다. 사촌이 땅사면 배아프다는 옛날과는 다르다고 봅니다. 

그러면서 부모는 교육에 자식 배달은 형제 8남매 남은 그래서 그 교육이 되겠냐고 생각하면서 

남의 집안일이니 간섭 할리도 없고 실속있고 도움이 되면 그만이고 전체적으로 볼 때 환경의 

힘의 비중이 있을때마다 더욱더 어려워지고 어디가서 일을 할려면 자기집안부터 깨끗이 

그 속은 유령의 집, 팬션 그러면서 그 속은 참되고 청렴결백하게 1,2인칭이 살았다는 흔적이 

남아 있는 것 같습니다. 문제는 인간과 자연 속에 살면서 비유해 봤을 때 인간은 1,2인칭 외 

어떠한 일을 하면서 살아야 된다고 보는지 표본이 된 것 같습니다. 그러나 그 표본은 참으로 

허리가 굽어지도록 신경 고생하지 않으면 지키기 힘들다고 봅니다. 우리 집의 그래프를 그려 놓고 

볼 때는 절대로 그렇게 살지 말아야 된다고 봅니다. 

남들은 현실에 살려고 바쁘고 저희는 무거운 신경에 눌려 1,2인칭의 기본에 생각에 

살기 힘들게 되었습니다. 어디에 살든지 바르게 살면 된다고 

봅니다. 문제의 근원인 합장묘부터 선 화장되어서 새로운 싹이 날 수 있도록 1,2,3인칭 도와주세요. 

저희가 20년 전에 이런 편지를 손수 깨우쳤을 때, 모든 것이 잘 될 줄 알았지요. 

친척, 여러 기관에 30년전 정신과에 녹음 상담도 하고, 수없이 많은 편지를 보냈지만 헛수고 였습니다. 

그래도 남는 것은 정신병은 글속에 깨우친다는 것을 인정이 된 것 같습니다. 오늘 내일 될 것 같은 

일이 가는데 마다 테스트 당해야 되고 아직도 못하고 테스트 당하는 중입니다. 가만둬도 먼저 두 번째가 

인정되는데 신경마저 그렇게 눌르니 어려운 신경이 더욱더 억울하게 됩니다. 금융실명제 하는데 우리 집의 

사람 실명제도 되어야 겠습니다.더 억울한 사람이 안나오도록 화장하여 주시고.... 환혼과 소생 

아버지 91세 2003년 돌아가셨는데 묘를 파고 석유를 붓고 불을 지르는 현상이 나타납니다. 

그의 20년은 누워서 지내다 돌아 가셨지만 그의 자연의 활동은 못하셨지만 하고픈 의욕은 컷다고 

봅니다. 지금 현재 부모에 의한 나의 위치는 없다고 봅니다. 번지수도 집도 아무것도 없는 오로지 

부모의 정기 어려움을 찾아주고 더 좋은 사람과 만나고 더 꽥꽥 거리지 않는 미운 오리가 되었으면 합니다. 

이런 글을 쓰면 대상의 보는 분은 다 틀리다고 봅니다. 그러나 그 진실은 같은 곳을 갈 수 있으면 합니다. 

신경이 눌리면 생각,분열 모든 것이 어려워지니 이것이 문제입니다. 

현제 내용도 중요하지만 본론은 합장으로 인해 태고 어려운 여건 속에 생존에서도 힘들었고, 돌아가셔도 힘든 

생활을 하고 있다고 봅니다. 태고를 바로 잡아 가정을 만들어 줘야 남의 가정을 억누르지 않는 삶이 온다고 봅니다. 

6대조 때 한양가서 벼슬을 해서 잘했는지, 못했는지 아니면 맹진사댁 영화처럼 내려왔는지 여하튼 

두 번 장가 간 합장 증조는 가선대부 할아버지는 공릉참봉. 그런데 제가 주위사람도 인식하지만 현재까지 

그 벼슬을 자랑하고 우쭐한 일은 하나도 없다고 봅니다. 그러면서 아버지는 30년 전 경리정리사업에 

도지사 공로상, 그전에 이승만 대통령 신익희 후보시절 이승만 대통령 선거위원 표창, 이후로 아무 사회적인 공식 활동은 없었다고 봅니다. 오리지 1,2 인칭의 신경에 삶의 자체밖에 없다고 봅니다. 그러니까 사람의 머리는 만들 수 

없는 존재지만 네 엄마 젖먹고 살았니 아니면 여러 가지 신경활동은 경험하지 않으면 모른다고 봅니다. 

그러면 그 당시 해결할 수 있지 않았느냐 하면 그 역시 힘들었다고 봅니다. 내 삶의 지금까지 웃대의 생각을 

해야 하는지, 아니면 내 삶을 찾을려는 것이 여러 사람속에 개미와 같이 부딪히지 않고 갈수있는 길을 띄워주세요. 

이 길은 오로지 합장묘 화장뿐입니다. 지금은 더불어 잘살고 많은 것을 요구하고 정의시대로 간다고 주위에서 이구동성인데 저희는 기본도 못찾는 묻혀진 세월에 케지플레인 선진 시대에 맞지 않는 생활을 하고 있으니까요. 

혈육 내에서도 혈육 간판은 없고 주가조작을 하고 상표를 주장하고.... 

요즘은 잘나가는 자동차(차이름)도 많은데 가정의 사람이 나가지 못하고 묶여 있어야 되니 묻혀진 세월이 되지 않게 

해 주세요. 모든 것은 다 잘 풀리는데 유달리 가정의 혈육의 1,2인칭 길이 없는지요. 빨주노초파랑이 

있으면 합니다. 노래가사와 같은 개똥벌레 오랜 신경 추적의 흔적에 의한 인권,가정,삶,생명이 보장되었으면 합니다. 

읽어주셔서 고마웠구요. 이런 글이 신경이 안걸렸으면 합니다. 노력하겠습니다. 

감사합니다. 

2009년 7월 29일 

장덕환 올림



@이 편지를 여러 곳에 제출하더라도 양해해 주십시오. 

존경하옵는 분께라고 서두를 잡지 못한 점도 양해해 주십시오. 

글의 대상 사진 장재룡 사진 3장, 합장묘(화장) 사진 1매, 국회 제출한 탄원서 1부.











탄원서 

존경하는 국회의원님들 신경이 어려워 변론하기 힘드니 해결하여 주십시오. 

안녕하세요. 

가족도해처름 약 (97년 100년경) 합장 

증조할아버지 두 번째 증조할머니 둘째 출생(16일만)에 사망 

16일 된 할아버지 배다른 형의 할머니(권인옥)에 자람 

그 당시 아버지 안태어남, 아버지(6세)때 증조 할아버지 사망. 

맞 할아버지의 친모 윤씨 (약 25년전 사망) 합장됨. 

배다른 삼형제 산소에 가니 우리 할아버지는 아버지, 어머니 맞고 

할아버지 두 분(16일 된) 아버지는 맞는데 엄니가 아님. 

이러므로 장손인 아버지, 일 년에 제사 약 15회. 

6.25에 큰 어머니 사망 

어머니 19세 시집와서 10년만에 장덕환 출생. 

위로 배다른 형들과의 신경적 갈등 어려움. 

위로 배다른 형들과의 신경적 갈등 어려움. 

부모의 바른 마음 찾기 힘들어 태고의 사람으로 살기 힘들고 

인권유린, 내정간섭에 시달림. 

아버지 6세 때 배다른 삼촌(16일 된)분들은 서로 예기를 못하고 

어려우면서 말은 못하고 생사 수없는 신경고생 이어서 옮. 

그래서 1994년 여러 기관(약 10개)에 민원서를 보냈지만 해결하지 못하였음. 

1994년 7월 말복 날 변론기일 경주 법원에서 재판을 청고하였으나, 

솟장미비로 각하됨. 

2009년 한식일 날 합장묘를 파고(약 1m) 석유를 붓고 불을 질렀으나 

도로 원상 복귀 됨. 

어머니 폐암이 와 살아계실 때 해야겠다는...... 

2009년 4월경 묘 사진 4X8 합판(현수막)에 붙여서 문구 

“배다른 형은 신경을 누르지 마세요.” “100년 된 묘 화장하세요.” 

국회의사당가서 민원접수를 했으나 취소됨. 

취소 이유는 단체적인 문제는 해결하나, 개인적인 문제는 해결 못 한다고 함. 

살아볼려는 것이 힘드니, 해결하여 주세요. 

감사합니다.


탄원2장 뒷면. 

1대,2대 인질극 중요한 머리가 답답하고, 망가지고 있다. 

하루 속히 기본을 찾을수 있도록 신경병 환자인 합장묘 화장을 하여주세요.



가족도해처럼 24시간 인권유린 1.2촌사이에 대화가 없으니 

잠재의식이 말끔히 사라지도록 

우뇌 좌뇌 활동제대로하여 

국어순화운동,면담,삶의본능이 있는 집안이 되게 하여 주세요 

이길은 합장묘 화장뿐입니다.



민원 

1. 합장된 묘 화장. 

1. 성 바로 변경: 할머니(권인옥), 친정어머니 성(담양 전씨에서 이씨로 되어있음) 

1. 호적에 성함 틀리고 바뀜: 증조할아버지(장하수), 할아버지(장병철) 

1. 1923년경 호적법이 생겼다는데 1935년경 할아버지 사망, 아버지 호주 승계 

그 이전 합장된 증조 제적등본이 안나옴. 만들어 주세요. 

그 이전에 나왔었는데요. 

@ 화장 이후 과거의 신경추적이 더 이상 반복되지 않도록 투명한 밝은 교육, 

가장, 생명, 미래에 일원으로 동참하기로 선처바라 옵니다.



첨부서류 

1. 제적등본 

1. 지적도, 주소: 경북 영덕군 병곡면 거무역리 산 10-3번지 

1. 합장 묘 사진 2장 

1. 가족도해


우리집안에는 인간기본 생명의 좋은 약을 제조할줄 모릅니다. 

조속히 인권유린 신경병 환자인 내용을 해결하여 주세요. 

내용의 부서가 아니라고는 하지 말아주세요. 

감사합니다.


인권 유린하는 우리집안 고쳐주세요 

해방 광복절이 우리집안에 100% 와야합니다

합장묘로 너절구레(변태)적인 코메디						


○이웃같은 혈족이 쇠말뚝을 박았어요. 화장해 주세요

○뇌줄기세포신경자극임신 물의 흐름 거의 불가능....

○1,2대 노력해도 안된다(화장부분)

○쓰리랑부부. 어메기죽어. 어메기살어.잘될턱이있나.잘풀리는집.딸랑딸랑.누가네가.누가네가.

○귀곡산장.저승사자.왕따.격리.생사람잡는다.고통과 쾌락(삶의 본능)채널.주파수.호두알

찌그러진 우리집 펴주세요.묶은사람 질질끌기.....주판계산법.에밀레종.윷놀이.방사선핵물질

자진해서자라도록 내버려두세요.

낚서판이제는말한다.

합장묘를  화장하여 해마다 한국 방문의 해 우리가족 방문 해가 ？으면요 똑똑해서 오지.

덕환 니어려움 누가아나 니는 어디 살아도 상관없어 다른 사람은 잘 못 해도 원계 너만 잘 못 안하면되..... 얼굴 보고 아나. 10만원. 걸면 걸리버.마무리 짠.시커머스 시커머스. 뻘거머스 뻘거머스. 도마 위에 생선. 천재 지변이 아닌 인재.지연. 중요한 부분 밑줄 쫙 원조. 네네치킨. 판데기. 신돌석. 골목길. 비니루. 습자지. 1472.네트웍.탱자.약국.요지.잘모르겠는데요.행주.워크샵.회식..부채도사.뛰어봤자 벼룩. 얼레리 골레리. 사면. 복권. 레이다. 부모종교.개구리. 철조망.무공해 식품.거짓말 탐지기. 애늙은이. 우리가정 땅굴파는줄도 모르고.....예멘.소말리아.우랄 알타이어족.게르마늄.징기스칸.한민족.50년의 감방생활 종류.....사탕.김춘삼.좋은생각.바르게 살자. 바닷게가 한말 너만은 똑바로 걸어라.풀뿌리.하느님이 보우하사 마르고 닳도록.....생각차단 물자.1종10종차단.다람쥐의 삶(본능) 부둣가 3등실 배닦고 있다. 신경병환자.답답해서 못살겠다. 다시 뛰는. 우리 집안(본능의 길)만담. 다아는 사실. 우리집 박힌돌좀 빼주세요. 우리집안 광복되어. 세계광복길로 간다.남에 아픔 3년을 참는다. 인간이 해서는 안되는 일이 없다. 팔자를 믿지말자. 밤새 꽥꽥거리고 집을 못찾고.....


참새가 여러마리 있는데. 우리집안 사람의 생각(잉꼬) 즉석에서 잡아먹는다. 한마리만 잡아서 새장속에 키운다.술과 오만가지 음식 수혈해서 반응을 본다. 병들게해서 약을 분리해서 주어 실험해 본다. 제명대로 살게 .자연으로 보낸다(아우토반) 포유류를 넣어 생활하게 한다. 합장을 하여 그 영향을 본다. 박쥐하고 살게 한다. 생명이 없는 모형을 넣어 살게한다.

48시간 온열기로 쬐어. 뿌리없는 자유인으로.공중.만들어.주위 참새 반응 영향을 본다.얼마간 열대지방에 살게 하고.향수.꿈.추억.단절.한대지방으로보내본다. 복권을 사서 넣어본다.판사를 세명붙여 조사하게 해본다. 웃대의 묘를 넣어 살게 해본다. 열을 쬐어 전기를 쓰고

과격하게 하고. 이로운 엔돌핀을 본다. 여러마리를 넣어 한대 교육을 시켜왜 꽥꽥거리는지.인권을 본다.층계로 집을 지어. 다양하게 본다. 여러마리 먹이방법 자연사를 본다. 최대장점.

수정.수명까지.고립하게 하여.영향.통계를 보고.이세는 그렇지 살지말라고 좋은 교육을 해본다. 고립되게 하여. 그 젊음을 삶의 기본을.항상대리로 누려본다. 깜박 졸게하여 다른 것을 넣어본다. 그 웃대 집안을 보고 삶을 따라가게 해본다.(맹모삼천지교) 삼강오륜 잘 길러 교육 입신 효행을 본다. 억지로라도 옆의 혼과 정기를 업그레이드 해본다(고통).죽은 소에게 다뒤집어 씌어 본다.밥먹고 자고 나서 다시 생각해본다.

이슬이 맺히는이유:기름을 약간(기)를 피스볼트를 빼고 다른기를 넣었을 때 반응붙은데 붙이기 뇌기능.너는 암만해도 안돼 무덤속까지라도....정글.타잔.식인종.허수아비.고목나무.식물인간.캔.안락사(뇌기능혼빠지면....)낮놓고 기역자도 모른다.스킨.칫솔.면도기.처삼촌벌초하기....비폭력은 서두와 종장이다.선과 악에.... 인간의 의무.못찾겠다 꾀꼬리.이쪽은 잘해주고.못해주고.잘해주고.부모를 파는 파렴치한 신경.벌과 새 인간껍데기 선생님보다 진도가 빨라 단불양복두불.칠뜨기.무돌이.돌쇠 그참신통하다.시간의 시속에 세월은 흐르고....컨트롤박스 시간은 금전보다 더 귀중하다.자살론.논갈라묵기.대리강화.1번가.벌통 껍데기.동물농장.피는물보다 진하다란 말이 우습다. 형제는 남이되는 시초.형제는 수족이다.형제혁장.형제는 양손.눈이 와도 좋고 비가 와도 좋고(벼는 자라고....)영구.고문관.밥풀데기.숭구리당..디기디기궁당당.괜찮아유.산에 있으나 집에 잇으나.진달래.쥐틀.찌릿찌릿.지구인간 토성인간.옆집과의 관계.세계인.포도주와 오래된 요쿠르트 사건(iow)소주뒤끝이없다.블랙박스.아응애에요.뻔칠이.짬뽕은 싫어 짜장면이 좋아.맹구.아직도 캄캄한 밤인가봐.배추.게토레이.아쿠아레스.작명.아글세.비슷한 사람(닮은)바가지.사랑은 아무나 하나.내 인생은 나의 것.둥지.잘난사람 못난사람.점하나 울고웃고.히트곡.여태껏 뭐했나.민경이다(거울)출입국.말려줄게.대추나무 사랑걸렸네.장기간 뇌신경 시.신경조율잘못하면.허리가 굽어진다(예 장재룡)허리가 굽어가면서 부모가 아닌데(생명)부모라하니까말은 못하고 ....돈으로 95%는 해결한다 나머지 5%의....국영수못해도 사람은 산다.밥숟가락 몇 개.현재는 한두개 채널.결혼안한 사람과는 안논다.격동의 반세기.그 어려우면서 단계적으로 생명.고통.삶의 바르게 살았는 혼.만들었는 세월.논문대상 희망의 길.생명의 위협을 받는다.어디가도 안편해.집에서는 새는  바가지.나가서도 메아리 물파동현상.니는 그것만 쓰면 되나.앞으로의 살길.인권풀뿌리.바르게 살고 화장하여 풀어줘야 합니다.자연과 공유.

화성.토성.우주.종말론의 우리가정 딜레마 게임.탈옥하는 이유.머리띠.마듬받기.릴레이.피라미드.다단계.집성촌..당신.협동.배반.협동.배반.협동의 진화론.그후의 발전.

1)T>R>P>S. 상대가 무슨행동을 취하든간에 나에게는 배반하는 것이 가장좋다.

2)(T+S)12ALLD""최선의 대응책.생명과 삶.대응전략이다.희망.협동과 배반.마음의 역동학.의심적 잡음.오인된 잡음.적응의 역동학.생명학과 문화간의 관계.딜레마.매트릭스.미래의 그림자.희망.벌.유혹.흡혈귀의 세금.생활기록부 불량학생.다른 것 다 필요없다.묘화장 없는 앙꼬없는 찐빵.몸이 아프면 병원에 가서 고치면 되고.이것은 어디가서 고치나.화장.한강에 돌던지기....니는 그것만 쓰면 되나.남들은 하나 해결하면 또하나 해결하려 하는데 우리집은 삶의 기본도 해결못하고 50-60년 웃고넘길상황이 아닙니다.빠를수록 좋다.합장묘화장부분 빨리 수사를 종결해 주세요.판결부분.희망의 길 가정의 맞집의 정책으로 책에나오는데 (찾지못하였음)

상하 우위를 보면서 생면존중 인간본능의 길로 가는게 바람직하다라는 문구같에.....(찾거든 메일로 보내줘 으에하든지간에 합장묘나 화장해주세요.

우리들의 첫째요결은 될수있는한 훌륭한 가정을 갖고 그속에 생활의 전부를 넣어야합니다.

어디로갔나,어디로갔나,타타타,하지마,하지마,빳데르자세 더 이상 못참겠다.자 묘화장하러 갑시다.어디 장씨가 쎄나 빠삐용 어어쩔수없어요.사마귀,점 그치쎄나 더쎈놈이 나타났다. 휴식처.콘도미늄. 씨나,(합장묘)멍멍 재판도 못해봐.목구녕이 포도청.인권. 근대사회 죽어버리지 우리나 잘살게 배다른형들은 원인이 내가 아닌데 합장묘인데, 나한테 신경눌러 인권유린 부모를 파는 파렴치한 행동,식인종 문자하루 10번 보내불편하면서신경,생각,생활,호흡,잠재의식문제있다.고통분담들기,한번 굽고 두 번 구워 세탁,목베단 사람 다리잡아 당기기,엎어진 놈 꼭지차기 호랑이 잡을때는 스포츠 물리면 재난,검증,아리송해“어제한너의말.원체 답답하고 해결이안돼 미.영.일.중.러.독.등 상임이사국으로 보냄 왈왈 이해가 안가 잘살려고 그러는거 아냐. 글이 짧아 마담풍 바람들어온다 문닫아라,한문좀....영어는 제로 나도 한문공부해야지. 귀하고 천한 것은 자기한테 있어 남을원망하지마.고무줄 바지 올렷다 내렷다. 똥바가지.팬티만 입고,망원경,일년에 전화 1,2통.닭틀기계 어디 아프나,국산품애용,민원이 하나도해결안돼,맑다 다비치네,보너스줄게,적은동네,가나다라마바사카타파하,으하으하,터널,일산,문틈에끼어,뭐 바쁘나,니가 돈이 뭐필요하나,그를리있나,대우,쌍용,지릉이,안정,선정,진리,한다,안한다,한다,안한다,지하의 비밀,도깨비방망이, 바로 코앞. 니는 십년전에 썻는데 또 써나 . 일 좀 합시다. 질서, 전문가.

어디보자. 잘못쓴게 없는지 돋보기, 현미경, 어른 공경, 애들 사랑 다산 사과문은 언제 쓰나 (화장) 가슴에 못을 박아. 깨진독 물붓기. 제살 깎아먹기. 사랑의불시착 생명만 남기고 휴지통에 버리기. 목 졸르. 우방. 잘해줄게 우리 사인데. 예정된 약속의 배반. 우표 붙이는 사람.

수박. 맞춤 서비스. 속알 머리 없는 사람. 내일또 해가 뜬다. 무슨생각. 밤세 안녕. 피우지 못할 그사연에. 친구니까. 아픔이 있어. 세계에서 유달리 신경적 미개인 집안. 프로젝트. 

복제. 잃어버린 사람 찾기. 너는 모르는게 약이다. 선화장해야합니다. 이기주의자 세계에서 협동이 발달해 나올수 있는가. 

1. 어떻게 행동이 시작될수있는가. 2.협동의 정책들이 비협동적 경쟁자들보다 더 생존할수 있을까 3. 어떤 행동의 정책이 제일 좋은 성적을 얻으며 어떻게 이것이 가장 우월한 위치에

서게 되는가. 이것을 좀더 분명히 악셀로드의 토너먼트 14종 정책 탈포르틱(눈에는눈) 선한(nice) 정책 순진하게. 상대가 배반하기 전에 먼저 배반하지 않는다.TIT FOR TAT 선한데비하여 JOSS는 그렇지 않은것이다. 여기서 선*nice) 한다고하여 절대 배반하지 않는다는 것이 아니라는 것은 분명히 해 두어야 한다 즉 TIT FOR TAT 로 도발을 받으면 배반하게 되는데 그럼에도 선하다는 사실은 달라지지 않는 것이다. TIT FOR TAT 이단 깊이. 세단 깊이. 카오스의 벼랑. 가시덤블. 최선의 정책. 도덕적 미래상. 산타페 인공생명 워크숖 “예스” 라는데 별의의달지 않음. 무슨 일이 일어났는가 하면 첫라운드에서 어떤 교훈을 얻은 사람과 다른교훈을 얻은 사람들 사이의 상호 작용이다. 첫교훈은 선한게 굴고 용서하라는 것이엇고.다른 교훈은 좀 착취적이여서 상대가 선하고 용서한다면 그런 사실을 이용하는 것이 득이다. 첫교훈을 따른 사람들이 둘째 교훈을 실천한 사람에게 당한셈이다. 사람들은 이것을 믿을 수 없었으며, 더 머리를 쓰고 꾀를 부림으로써 승리할 수 있으리라고 생각하였던 것이다. 두 번째 토너먼트를 치르고 나서야 그들은 잘못되었다는 것을 인정하였다. 세 번째 핵심. 정책개념 - 도발성. 

“흥분케하는” 것은 아주 비싼값을 치르게 된다는 것점 가능한 협동을 많이 하도록 정책을 가지되 상대가 치고 들어올 때 재빨리 반격할 의지를 갖는 것이 이익이라는 것 증명.ALLD정책을표방하는 바보들의 세계를 뚫고 들어가는방면 바보들의 집단은 협동자들의 세계에서는 아무리 많은수가 나타나더라도 곧 퇴치됨을 보이고 있다. 즉 협동이 한번 시작되고 나면 지속성을 지니는 것이다. 사회진화의 바퀴에는 (거꾸로 도는 것을 막는 ) 미늘 톱니바퀴의 기어가 장치되어있다. “사회” 프로그램. “생각” 인식능. 중요한것은 정책의 주체가 박테리아이건 조그마한 동물이건 고등동물이 한나라이건 마찬가지라는 점이다. 또 “숙고 하는 이성”(reflectitve rationality)이 필요한것이아니라 TIP FOR TAT를 보면 반사적 시람들에게는 이러한 연구의 결과는 모든 것을 다시 생각하게 할것이다. 사람들사이 의 윤리적 행동이 오직 강력하고 끝없이 계속되는 위협(예를 들어 죄를 지으면 지옥의 겁화에 시달린다는 것)으로부터만 형성될 수 있다고 믿던 사람들에게는, 이러한 연구의 결과는 모든 것을 다시 생각케 할 것이다. 책좀 사서 읽어봐. 우리가정 실전에 쓰는말 많이많이 나와. 원님덕에 나발불자. 시샘하지말자. 먼저 배반하는 자가 되지말자. 협동에는 협동 배반에는 배반으로 대응하라. 또 너무 영리하게 굴지말라. 문제의 핵심은 시행착오를 통해 배우는 것이 느리고 뼈아프다라는 사실.장기적으로보면발전은틀림없이 이루어질것임에 틀림없으나 맹목정과정의반복을통해 상호교환(조건)으로협동을이루어가기에는시간이없을는지모른다 이러한협동의과정을 잘이해하면 협동의진화를더 촉진시킬수있지 않을는지.... 로버트 길핀. 스코트브레쉬. 사고하는 사람의뇌. 도서관의 책.그리고 컴퓨터 보수체계는 연속적 닭 게임에서도 보상이 극히 높으며 이때 다른경쟁자가 배반할때까지 협동하고. 배반하면 경기가 끝날때까지 배반. 최선의 정책 임이 증명. 이보수체계와 함께 후기하게될 미래의 그림자가 얼마나 중요한가에 따라서도 최선의 정책이 변화됨도 검토 되었다. 붙었는 것 뜯어내기, 옛날에는 친했는데 지금은 안친해. 니캉 네캉 famous(페이머스). 혈육친서. 은사. 닭. 오리 책에 다 있는거네.. 슬로머신 X발발 떤다..낮이나 밤이나, 문잠그고 몽둥이.. 밥먹었나, 너 엄마 ..식카불까


존경하옵는 미국 대통령님께 답장을 주셔서 감사합니다.

저는 가난한 직업(화물차 기사)에 종사하고, 영어를 할 줄 모릅니다. 특별한 지시를 하든지, 조사를 하여 민원을 해결하여 국내 부서도, 세계의 일원으로 동참하기를 바랍니다. 한글로 써주시면 더 욱 고맙고요. 다른국가도 마찬가지 내용입니다. 보낸 곳 미국.일본,영국.독일.중국.러시아.

국내 이메일아이디를 공개합니다. 어떤 부서에서 해결해 주시고 영어를 하시는 분은 해석을 하여 올려주시면 고맙겠습니다.

NAVER 아이디: dh1036	비밀dh5454

침묵만이 신들의 소리를 들을 수 있다. 간다. 간다. 하면서 밑질짐(하루라도 빠른것이 낳다)

일제시대 징집면제 받기위해 농사교육활동. 후계자. 민주주의(삶의 본능. 인권) 왜 안되지 원인 빨리 합장 묘 화장하여 인간 삶의 본능대로 너절구레 그만쓰고 풀뿌리로 살게 해주세요. 함빡 시키면 바가지시키고 바가지시키면 쪽박시킨다. 예수 피하면 범나와. 6.25직전 산패에 끌려가 돈주고 아군에 발각 맞고 돈줘. 죽은 시인의 사회. (삼권분립 장단점의 내용문) 낮말은 새가 듣고 밤말은 쥐가 들어 딱 달라붙었다. 바보가 있어야 잘난 사람이 두드러진다. 행국아. 몸은 낳아도 마음은 못 낳는다. 시루떡대감. 그의 예술이야. 전화도청. 할배한테 가봐라. 워워~~워워노래. 고생안한 사람 같아. 자기 일은 못하고 남의 일하는.....(생명)

식당. 큰집에서 생각. 작은 집에서 생각. 많이 많이. 마약 단속반. 백하원리. 잘한다 잘해 더 잘해. 요가(유리겔). 가정당. 문제는 어렵게 해도 생각 고통 바른 마음 대리강화해서 살고 있다는 점(혼. 흔적) 우리집 사람들은 산 사람 필요없고 죽은 사람의 흔적을 쓰려한다는 점 (인권. 양심수) 찮바람. 국민학생수준 (우리집) 입이 어. 소(양심수.인권) 잃고 외양간 고친다. 오지탐험. 꽃대장. 장독마개. 아눌이삿짐. 하우리이삿짐. 남묘효령객. 정신과의사. 막가파. 전시용. 소방차. 콩깍지. 고위급. 시의원도 대학나와야되. 점 잘보는 집에 가봐. 하수도. 탱자. 천물.  같기도하고 똑똑한 것같기도 하고.... 그래서 어떻하란 말인고. 건너마을 최진사댁(고양이, 소) 마스크. 상대성원리.(언어. 생활. 진리의 길) 의문사. 현판사. 알까기. 그랬다카이. 말이야 말이야. 참새의 눈물. 날으는 새도 떨어뜨린다. 묶은 사람 먼지 털기. 신경적분위기 어려운 시절 여러생각 변상. 갈등. 분위기이니.... 살아서 만나자. 헛발질. 그래서 뭘 써먹을려고. 적반하장. 신경쓴다고 되나. 불안에 떨지 말고 자수하여 광명찾자.(화장부분) 환영합니다. 숙청. (우리집) 옛날 정신이 맑았으면 한이 없어. 고추장에 비벼먹어.(집구석) F왈왈 잘하거든 니가 해봐.(화장부분) 원래 머리가 그래. 시력병원. 통신표는 똥표. 밭갈이후챙이. 개명 작명. 마음속에 뭐가 들어있어. 과외수업. 쪽집게교사. 신문이 몇개되. 제사를 지내야 할 사람. 뇌를 움직이는 메모. 생사람 잡는다. 장안의 화제. 로얄제리. 껍데기. 차량박치기. (안기부) 이쪽 생활 반나절 저쪽 생활 반나절 가는 길은 희망의 길. 남에 얼굴 보기 없기. 

자랑거리.

우리집사람들의 이름. 풍,석진,뚝.뚝.남창흥업.똔.금화아파트변기사건.숨은그림찾기.오리알.오리발.퇴근후몸관리.액자.저쪽사람같애.자장가.부시맨.태국방콕.말레지아.싱가폴.스위스.뉴질랜드.대만.

+손자병법.적을알고 나를 알아야(화장부분)재롱뜰어봐.푸하하하하....나중에얘기하자.재미붙였나.납골당.수목.같이살면얼마나좋아.제발저림.우리집안믿을사람없어.백인이나쁜사람이라하면나쁜사람.우리가정사람들왈왈묘화장합의가되야된다.똥누러가는것도합의하나.해마다참기름짜기(신경)접붙이기.왜복잡하고 도깨비. 많은사람들이 주기적으로 들락날락 각기생각데로....디지탈.반도체.그러면서 바르게태고의생각6가원칙의생각....인질극.인질극.통합관리.백지장도맞들면낳다.우리집은대들보가약해.밥하는남자.먹새.인권유린하는인질극우리집안친인척비리.스파이드맨.가는세월누가막을수있나요.F.동장때돈갔다줫다고억지시비그런사실없는데(심기불편)그게벌써신문에났는가.로버트.깡패가되려하나.머리가커진다(20년전)제사상돈붙이기.발등에불이떨어져도꼼짝안해.한쪽눈감고견적받나.직업.어릴때꿈.뭐가.뭐가.뭐가.뭐가되어어려운사람을위해일할것이며우리집안종말론.비밀을믿는것은어리석다가까운곳에있는손쬐는화로오늘내일미루다.영원히못한다(화장부분)한문공부이후의것들은....

악셀로드의요약은

""자기자신에게 점수를 올려주지 못하는 그런법에 잘적응하는 것들은 결국 자멸하는 과정을 밟는다.불선한 것이 처음에는 유망해보이지만 결국 장기적으로 보아 자신의 성공에 필요한 환경을 파괴하게 된다""“영웅의(hero)”의 성공이 지나칠 정도로 단순하게 하다는데에 기가막힌데가 있었다. 또 하나의 흐뭇한 것 TIT for TAT 같이 경쟁한 어떤 상대방을 물리쳐서 이긴것이 아니라는 점이다.

""너무복잡하면 아예혼돈된 것""무작위 행동이라고 보이는 정책을 사용하면 상대경기자에게는 무반응적 인 것으로 비친다. 무반응적이면 다른 경기자가 당신과 협동할 인센티브를 찾지 못하므로 너무 복잡하게 행동하여 도무지 이해할수 없다는것은 극히 위험한것이다. 반격적. 자비. 지선의정책. 환경. 건전성. 도발성. 용서. 명료성. 다상성태초의(암죽)용액은복제물분자들모두하나의선조에서 내려온 ""후손""분자들로 구성하게되었다""오래살기""때문에 수명이 긴 복제자.""진화의경향""""성실성""만약X형분자와Y형분자가 동일한 속도로 복제되고 똑같이 지속된다고 할때. X가 10번복사에 한번오류를 일으킴에 비해 Y가 100에 한번오류를 범하면 Y형분자가 당연히 더 많이 존재아들은""을잃어버릴뿐아니라그의모든후손과후손의가능성을 함께잃어가게된다.

""살았다""""삶""""좋은것""진화론의또다른묘한사실은 모든사람이 그이론을 잘 이해한다고 생각하는점!""살아남게된 복제자들은 자신들이 들어가 살수있는 생존기계를 만들어낸종류였다.처음의 생존기계는 일종의 보호막에 불과하였다. 그런데 이들의 생존도 더좋고 효율적인 생존기계를 가진 새로운 경쟁자들이 생겨나면서 점점더 어려워져갔다. 생존기계들은 더크고 정교해 갔고 이과정은 축척되고 발전되어갔다.기다린다는것은 의미가 없기때문에 그들이 말하고자하는모든것을 하나의 거대한메세지로만들어우주에방송하는데 수개월에걸쳐 송신이 완결되고 송신이 되풀이된다 내용은 거대한 컴퓨터를 건설하는 암호문으로 되어있다. 아무튼 조드를 뱅크의 라디오망원경에 잡히고 메세지의 암호가 해독되고 컴퓨터가 건설되며 결국 프로그램이 돌기 시작한다.결과는 인류에게 굉장한재앙이되는데 안드로메디안들이컴퓨터를만들게한것은 이타적이라할수없어서 컴퓨터는 세계를지배하기 일보직전까지 가게된다.소설은 결국 어떤영웅이나타나서 도끼로 컴퓨터를 파괴하는것으로 끝나게 된다.

미래의 그림자에서 특히 한시적 반복죄수의 딜레마(FRDP)가많이 연구되었는데 최종라운드에는 보상이없고 그래서 최종직전라운드에 서도 보상이 없으며 그전라운드에서도....하는식의 게임이다 이경우 계산능력에 따라 보상체계등에 따라 협동과배반의 다양하게 나타났으며 경험을 계산에 넣는 프로그램은 끝으로 갈수록 배반이 많아지는그러한경향을 나타내게된다 스코트가 감안하지 못한것은 냉정한계산을 하는중에 다른사람들이 냉정한계산으로 다른사람들이 냉정한계산으로....감안하고 있다는 사실 최근우리는 신경생물학적으로부터 뇌속에서 아편향물질과 유사한 물질들이 분비된다는 것을 배워알게 되었다. 이러한(사회적)프로그램중 어떤것을 작동시키면 아편향물질등등이 뇌에서 분비되어 내적보상을 하며,달리보면 별로 보상적이지 않는 일들을 행하는데 대한즉이타적행위등에 대하여 우리를 행복하게 느기게 해준다는 것이다.

어느개인의 어린시절 사회적프로그램.방대한양의독립성 내적보상체계의발달결과라 할수 있다.내가쓰는너절구레이유 신경머리를 망가지게해유식한글우리집안로누가먼저얘기하는식100년된합장잘못하여혼(생명)이나는우리가정달달볶임반복해서신경.4개국을하기전한국어.유전자문화사이문화의 다양성“하나의 문화를(aculture)”를 정의 하는것은 정말 골치아픈 문제이다. 문화는 하나의사회를 특징 짓는사람들속에 사람들사이에 나타내는 형질들 복합체들및 관계에 패턴이라고 정의될수있다. 특정문화기적응이란미국문화는미국에태어난많은사람들이미국사회의자유에쉽게적응하는것을보면최소한미국문화의일부는거의일반적인간문화잠재력과융화될수있다는것이라할수있다.미드는마누스족사람들이 얼마나쉽게석기시대문화로부터현대적개념의사회조직과기술에근거한사회로한세대만에변모될수있는가기술한바있다그룹들이가지고있는인간과문화의 상관관계의융통성 얼마나큰가의극명하게보여준여러예들중의하나동양의유태인이라불리는한민족우수한유전적자질위에과학어가된영어를익히고입자성언어로다듬어낸우리말로서정확한사고를할수있게가정을교육할수있게된다면꼭필요한사고자들을쉽게감염시킬수있다면우수한유전자-사고자의협동진화로서초강력가정이한반도에탄생할수있지않을까 상상해본다

남의 가정침범 매초마다 신경적 중요. 어렵게 발버둥친 흔적,,,, 쿤타킨타, 삐에로, 낙하산, 하룻밤의 술값과 유언비어, 재판, 도망, 녹취로, 허허.... 후후.... (기분)

한사람이라도 붙잡고있으면 안돼(신경화장부분) 좋은게있어.... 그게뭐야.... 책상.... 힐튼.... 민주인권의힘. 갈데가어딨어. 이불덮어쓰고보자. 은막. 3D현상. 나는조건이불리. 위로배다른형 두 번째.... F는 혼자.... 영어를못하는 한국인의 뇌. 헐크. 터프가이. 간사. 정당. 여긴 왠일이고. 탄헌서. 내용증명서. 진정서. 답변서. 반소장. 우리가정 사면과 복근이 되어야한다. 뭐 했는데. 6가원칙.... 생명은 예비가 없다. 다아네. 만나기는 어려워도 해어지기는 쉽다. 우리집 이산가족. 눈만 껌뻑껌뻑. 예기하기 힘들어. 다루기힘들어. 이현상은 향수. 사회. 기본없이 어울리기 힘들어. 관을 만들어. “앎” 새로운. 뭐씻나. 신기가있어. 수건. 목욕. 약. 병원. 완전뜻풀이. 무대포. 논에물데로. 뇌신경붙이기.... 자살론. 합장묘 화장해야합니다. 어장. 반칙. 배다른형은 맥주병으로 나한테 맞고 신경건들어.(20년전) 그치걸나. 뇌신경적인권유린(중요한부분)가정. 국내. 세계. 마스크. 토종. 수입. 잡초. 거기가서(야) 들어봐(15년전). 오른손.... 왼손.... 왼손.... 오른손.... 약올라 있는 사람 약올리기. 기분나쁜 사람 기분나쁘게.(신경) 환자상대하기.... 열대. 한 대. 열대. 한 대. 떠신데. 차가운데. 어그지. 날치기. 우리가정 신상명세서. 50년도F면장선거낙선.

우리집사람들의 화장이 늦어지는 이유. 독립된 가정을 인정안하고.... 화장없이는 절대로. 절대로. 바르게 살수없다는 것을 증명한다. 신경. 꼴. 냉가섬. 웃데도 그랬으니까. 법이바로들어서야합니다. 독립된가정을 인정해야합니다. 가정에의한. 가정에의한.... 만세삼창. 합장묘화장합시다. 외칩시다.

달리는말. 열차. 묶고사업. 고속도로. 명칭. 세월은 주기적으로 간다. 의성어 은유법 의태어 비유법. 정신연령(압류) 누워서도 무언중에도 진리가 있는것. 고목나무 매미의 소리는(답답.평안.그냥세월) 코에걸면 코걸이. 귀에걸면귀걸이. 누명. 스카웃. 5년을 속고살겠습니까. 게추. 억지. 신사. 탈렌트. 인신매매. 이 골목 저 골목 인사. 실수하도록 바라고 있어. 합리화. 뇌의 자극. 성선설 성악설. 호르몬의분비(극한선한)안개낀장충당공원 카추사의 밤. 차에볼트빼기. 봉인. 티. 아주가난해보여. 배려. 계획. 하루는아침에. 1년은 연초에. 한자리 안주겠나. 요령. 출장. 봉사. 소주. 양주(도수,외제.국산) 봉숭아학당. 개다리춤. 배속에들어가봤나. 미련. 바이오리듬. 탤레파시. 선서. 묘자리화장해야 가정이살고. 동네. 국민. 세계. 조용한 아침의,,,, 쇼파(토성. 지구) 월세받는날. 다른경기자가 시셈하는 것은 별로 좋은일이 못되는데 연속적 죄수의 딜레마에서 보면 장기적으로 타인의 성공이란 자기자신의 성공에 꼭 필요한 조건이기 때문이다. 사회. 프로그램. 생각. 인식능. 반사적-무릎반사반응. 나를 속여 넘겼다. 이성적. 명제. 페러독스. 선택. 그를싸. 통계의원칙. 자유의지. 동시성. 비밀통신이 필요한것이 아니고. 필요한것은 산수의 보편성과 타당성. 동질성. “내가하는것은 무엇이든. 다른사람도한다.”그러나 당신이 관찰한 논리를 다른사람들에게 보여주어 납득시킬 수 있다면 다른사람들도 당신과 EHr같은 답에 도달할 것이라는 것을 인정할 수 있을 것이다. 요약하면 당신은 그사람들을 뛰어넘을 수는 없고 그저 좋건 싫건 한패거리가 될수밖에 없는것이다. 결국 모두가 D거나 모두가 C거나 인것이다. 이는 페르독스가 아니다. 양성인 순환논리이며 생명력이 있는 해결이다. 하나를찍어라 100%오해하게된다. 논리. 선택행위. 양성. 순환논리. 생명력이 있는 해결. 클래식음악. A콘서트 B콘서트. 당신의 도시에 두 개의 음악회. 기가믹히다는것은. 질렌코. 부추나니라는 바이올리니스트가 나오기 때문이다. A콘서트예기와 B콘스터예기 진정한 합장묘화장없이는. 절대로. 절대로. 지금의 글은 만담에 불과하다는것. 어처구니없이 50-60년 그래왔으니까. 사색가. 한마음(insyne) 초이성적. 재정상화. 기본입자. 광자. 우정어린설득. 가상적전자. 가상적광자. 가상적입자. 상호작용. 본성(nature)이라는말. 한마디로 처리해버릴수있다. “나는 부루클린 다리를 산사람이 되고싶지 판사람이 되고 싶지 않네. 마찬가지로 협동하여 얻은 3을 쓰는편이 배반하여 얻은 10을 쓰는편이 편하겠네” 솔직하게 “세계적으로 배포되고 있는 잡지에 배반자로 기록되고 싶진 않아서이네” “누구나 생각하는 바가 비슷한것 ” 쉬운선택이 절대 아니였네 저 들 좀 보지. 아니. 어떻게 모두 배반할 수가 있나. 정말 미칠지경이군. 난 자네 친구들 정말 실망했네 최종결과 14명이 배반. 6명 협동. 배반자는 43을 받았고 협동자는 15을 받았다. “내가 이렇게하는것이 나을것이라고 말했었죠? 안그래요? 전형적인 사람이 할 일. 유혹복권. 장(field) 독특한. 무작위성과 수학적증명 밀집군. 환상적. 승리. 생명시스템. 자연선택과 절로질서. 자촉매세트. 원시적인대사. 단백질사슬분자. 성장. 다양성. 환경에의 적응. 생물학적 자조직화. 진화성의사건. 끌개. 카우프만의설명. 곰팡이. 밀리고있는거지. 공동진화. 소나무와 송충이. 안전과 변화. 위상전환. 세포성자동체. 자연과인관의동족성. 생물성과문화. 생문화. 정상적인 가정에서나 책에나오는말이맞지. 비정상적인 가정에서는 안맞는말. 묘화장합시다. 인공적완충. 문화란? 생물적본질(biology)어떤 상호작용하는가. 세계적으로 학자들간의 열띤논쟁유발. 생물동력학. 아마존지역의문화. 유전풀. 유전적변이. 자신의소환경. 유전적장비. 이익. 신체적정신적능력. 생물.문화적.잠재력.정신력잠재력. 유전의실체. 포괄적접합성. 사회문화내용. 인간의생문화. 진실여부. 프로페쇼널윤리.사회철학. 인간사 상당부문은 강한사회 약한사회 정복. 강한사회는 더 강한 사회에 의해 정복되고. 지배됨을 기록하고 있다. 이러한 갈등속에 죽어간. 무수히 많은 생명들과 해악을 당한 사람들. 사회의 붕괴가 문화적 창조와 인간사회의 발달을 얼마나 저해하였는지에 대하여, 사회가 별다른 고려를 하지 않고 있음은 놀랄만하다. 오웰의 드라콘적 사회 조절방법. 어두운 시나리오가 가능하다는것은 맥락안에서 우리의 생문화유산 우리는 우리가 계승하고 있는 문화의 보따리에 무엇이들었나를 알아야하며, 현대적 사회조건에적응함에 있어 우리의 생문화유산이 어떤 정도로 적절한 기전을 제공해주는지도 알아야한다. 인간의 역사는 사회에 악영향을 끼친 문화적 변화들의 예로 가득차 있다. 예로, 신석기시대, 청동기시대로 근접, 도시주의 영아사망율 전염병 인구하수도 도시사망율이 시골의 출산율, 일부. 도시. 문화. 퇴폐성. 인간의간섭(화재. 산림. 소실) 으로 생긴 수자원변화, 질병콜레라 결론은. 인간사회가 마주하게될 중요한 사안은 미래사회가 강조할 ”“ 개인대 사회적 요구의 대비” 개인들의 자유로운 선택을 할수있도록 정치적 사회적 분위기 사회계획가 넓은기초, 후자에서는 교욱된인구집단. 적절한 적응정책에 컨센서에 도달하고 책임있는 실천에 옮기게 된다. “우리는 어떻게 적응할것인가” “우리는누구인가” 창조적방법. 또한 더 높은 수준의 관용, 전세계적 문맹. 퇴치와  교육을 통한 잠재력 경제력 키우고. 실용화과정 미래 국제적합의 누군가 굶주리고 있는 사람이 있으면 가장 즉각적으로 식량. 더 낳은 교육. 분명하지만 만약 개인들 좀더 건설적. 얻는방법. 선택할지식. 융통성과 피통치성 그래서 우리가 잠재적으로 큰 재앙이 될 것으로 추정하고 이야기하는 상황 이라는 것이 실제로는 우리가 높은 가치를 부여하고 있는 문화적 요소의 파괴이며 꼭 인종의 파괴라고는 할 수 없는 것이다. 오르트너 인류학담당 낙천론과 비관론 우리문화의 재미난모습. 우스운 맹점. 유전적이면 고칠 수 없고, 문화적이면 고칠수있다고 가정 유전적이상들은 고치는 방법은 알고있지만 어떻게 문화적 이상을 고칠지는 모른다는 증거들이 많이 있다. 계획된 변화. “침략성 예견된 미래의 스트레스 중 전례가 없는것이 어떤것이며, 또 어느정도인가” 원기회복력 “점점나아지고 있었는데, 발전이 위협받고 있는지도 모른다. 그럼에도 불구하고 사회적, 경제적 수정, 또 그렇게 살았다는 것, 앞으로 절충하고 살게 될 것이라는것 믿는다. 하산박사 ”“수용능력한계선” 안정되며, 고병리학적. 새로운 복지상태(well-being) 틀, 접근성. 내분비선적. 타자. 사생활. 정보의부담. 우발적사태. 범주의셋트. 모트프리드가말한 평등사회 계급사회. 조직사회 - 세련과정 분획화 . 예로 집만들기와 옷입기. 정보부하를 줄이고 사생활을 늘리는 것이다. 신우익. 즉. 적응. 문화는 어떻게 성장할 것인가. 프랑스인으로 클 것인가. 중국인이 될 것인가. 변화의 종교. 이데올로기의 귀의인데. 우스꽝스럽고 비생산적 일지는 모르나. 변화(무상한세상)을 극복하는하나의방도 또 약물사용. 관리능력향상. 우리의 적응성. 생물학적 진화의 문화적 진화사이의 유사성. 되먹이기기전 유전적(선)소질. 내지선적응. 현대의정치시스템은 사람을 다스림에 극도의 어려움을 격고 있는데. 많은 부분은 사람들의 문화적변화의 적응에 저항하는데 기인하고있다. “멋진신세계(Brave.New.World) 정치적 의미를 초월하여 생문화 진화의 개념 재정림을 할때가 아닌가 한다. 묘화장합시다. 오르트너는 생물학적 문화적 ”자유방임정책 희망. 인간존재목적성이없다는것을 인식하면서 첫 번째 딜레마. 전통적종교와. 그세속적대응신화들. 즉 우리 정신의 태생적성향. 인간본성. 학습의 법칙. 감정의 보강테. 사회적행동의발달. 일정한 통로를 인도. 하는 홀몬에 의한 되먹이기 루프등이 있다. 잠재적배열 뇌간의 거대한신경섬유 수명중 자극 꿈이나타나는 현상 대뇌피질은 기억장소로부터 영상을 불러내고 그를듯한 줄거리를 만들고 꿈이형성 인간의 정신은 도덕 종교 신화등을 만들어내고 감정의 힘을 그에 부여하는 것. 맹목적인 이념이나 종교적인 신앙을 빼앗아 버리면 그 즉시 다른 것들이 만들어져 대치된다. 만일. 대외피질을 비판적분석의 기술. 엄격히 훈련하고 검증된 정보로 꽉채운다면 그것은 그 모든 것을 어떤 다른 형태의 도덕. 종교. 신화 등으로 재정리 할것이다. 이성적활동. 과학적윤리를 종교보다 더우위에 두는 이유를 다시 한번 설명. 사회과학적법칙. 인과론적 설명. 인간정신. 진리파악 능력. 생물학자 할데인. 인간의 성취. 사회주의혁명에서 성화이지만 그 다음으로 교육. 과학. 기술. 이들의 결합이 불가피하게 제 1 및 제 2의 딜레마로 귀결된다. 헉슬러. 와딩톤 모노 도브잔스키. 카텔. 고르곤의 얼굴을 들여다본다. 휴머니즘. 합창 : 당신은 우리에게 예기한 이상 멀리 나아간듯하군요? 프로메테우스 : 나는 인간의 파멸을 예견하는것을 그만두게 하였다. 합창 : 그 병에 대한 어떤 특효약을 주었나요? 프로메테우스 : 나는 그들속에 맹목적인 희망을 넣어주었지 우리는 이제 시작한 여행이 방금막끝난것보다 더 멀고 더 좋은것이 될것이라는 막연한 희망으로 강화되어,,,, 생명만 남기고 선화장해야합니다. 태고. 기본삶. 배달들 신경눌러도 나는반응하기 힘들어. 원인합장묘화장. 헤쳐나갈길은.... 어디아프나?F평생안가는 불교탈퇴. (어려움)가묘석관깨기 3일간 (25년전) 생고생 집이이런집에사니 좋은사람싫어지기도 하고, 기본으로. 가리봉공단취직(10곳) 택시3년. 혼자하기힘들텐데... 법의학. 신경학. 사람은 사람속. 트라젠. 소방차. 패스모아 시민정신관 범위한 교육. 매연단속. 가마니때기. 바이오리듬 정신과 의사. 로저마스터스. 4가지 기본형태. 비친족간(a) 친족간(b) 단기계산(a) (소한마리추가) 단기계산(b)(소x마리추가) DNA 역주자 RNA 공동구역의비극. 공동의 기초가 되는 자원 - 땅아래 있는물 - 누구나 다 뭐 나도 . 그저다른사람이그러듯. 나가서 물을 좀 뽑아쓰겠다. 각개인의 펌프질 - 그만집이사라져버리게 된다는 점. 마빈헤리스방식. 상호해약으로 기술. “공동구역의 비극”에서 나오는 파멸을 피하기 위하여 사람들이 선택하고 싶어하는 것이“멋진신세계”일 가능성도 아주 높다고 생각한다. 마빈헤리스의 방식. 상호해악으로 기술 되는 상황. 아계열과 아아계열.내가 dbtlrrksrmfTM는 이유 평생 신경눌려 공부는 시계. 이제와서. 구리. 취급당하니 답답,,,, 묘화장합시다. 무언중. 사람들의 목표는 1.2.3.4... 1차목표. 합장묘화장이다. 가정. 동네. 국가. 세계. 일원이 되기위해서... 기본의 삶을 위해. 거대한 통나무 안에 안전하게 외계와 격리되어 있으면서. 복잡한 간접적방법으로. 외계와 연락하면서 일방적으로 외계를 원격조종하고있다. 그들은 여러분과 나의 몸속에 있다. 유전자. 우리는 그들의 생존기계인 것이다. 행동의 특질. “예측” 사고자 숙주세포 유전지구 사후의 생을 믿음. “이기주의”의 뜻이다. 즉. 당신은 친구.호의.동정이라는 감정을 게임 상대에게 느끼지 않으며, 양심도없고 그저 점수를 얻는데에만 그것도 더 많이 또 더많이 EK는데에만 신경쓸뿐인 그러한 존재로 규정된다. “첫번째 마주침에는 우선협동하고 그다음부터는 상대가(바로직전에) 한 대로한다” 는것이다. ‘그게뭐야’ 할정도로 단순 한 그런 것인데 세상에 이런것이 전문가가 만들어낸 복잡한 정책의 프로그램을 이기게 될줄은 아무도 몰랐다. 3차효과에서 비싼값을 치루게 되는데 혼자 배반함으로 끝없는 수렁에 빠져들게되는 그것이다. 이러한 사실은 인식하지 못하고 이들 규칙은 결국 자기자신들을 벌하게 되는데 다른참가자들(규칙을 경기하는 프로그램) 에게 이러한 자벌 현상을 늦게 알리거나. 또는 잘 알수 없게 하기 때문에,,,, “상대적 힘의세계” 자체의 선. 구조적오류. 최선의 정책이라 할수있는 단일정책은 존재하지 않으며 어떤환경에서 승리한다 하더라도 또 다른 토너먼트에서 이긴다는 보장은 없다는 것. 증명하였을뿐 인 것이다. 부품공급자-재료-돈-반격-품질관리-납품-값을깍는다-상대를속이지 않는 비즈니스. 누구를 때려눕히는 법은 없으며, 단지 비슷한 사람들끼리 잘해나가게 되는것이다. “우리”는 한 대가 내려갈때마다 당신의 유전자는 반으로 줄어든다. 원리암스가 말한데로 누가 상관이나 하는가? 소크라테스. 레오나르도 다빈치. 마르코니. 사고자 복합체는 오늘도 강력히 살아남아있다. 장사꾼. 빈보리따리냐 온보따리냐 진정한 유전자는 무엇이며 찾아다니는 유전자 인위적 붙이기 가정 내외 학문의 한분과 그 반대되는 분과 신경 생물학 사회 생물학 꽁트적혁명. 도없고 원시과학적 문화의 돌연한창조도없다. 전황은 정진적으로 일어날 것이다. 인간성 중심적 문제 이데올로기 종교 신앙포함 이야기 인간생물학 특유한 양상 다룰 수 있도록 특별히 다듬어져야한다. 뇌는 조금이라도 손상되면 그기능을 충분히 발휘할수없다.

뇌의내부는 “몇개의뇌” 사람다움 “지각.사고.이성.감정.판단.기억.운동.감정.표현.의지.생명유지.뇌량에 신경다발 뇌구조는 대뇌반구,간뇌,중뇌,연수,-척수 복잡한 고도의기관 형성.가장중요한기관-매일초마다 신경유린 인권유린         독립적인 것으로 실제 취급할수있다는것을 보여준것은그레고르멘델(Gregor.mendel)의 위대한업적 씨스트론(cistron) 유전자는 더 이상 나눠 지지않는 것은 아니다. 극히드물게 나뉘어지기도 한다.

어떤 하나의 유전자는 어떤 일 개인의 체내에 있을수도있고 없을수도있다.

만약 유전자 서로서로항상 뒤섞이고 있으면 우리가 지금 이해하고 있는식의 자연선택은 불가능하다. 몸을 자신의 목적에 맞게 자기방식대로 이용하며 늙어죽어가는(유일한)몸은 버려진다. 자석.허공.자석. 유전자는 자유분방한가 쫓아다니는가 자기위주로 지성.감정 뇌를항상 괴롭히는 유전자는 뭔가합장묘화장합시다 전화도청 이번에 못내려오면 내려오기 힘들텐데

식당.취직.직업 우리초등학교 안나온거같에 세면기.너는 개나잡아먹고 낚시나하고살지

항상피곤영업용자가용 영업용.탱자.교차로.우리집사람들 왈 마음고생하지말라. 제문짓기

나도불교탈퇴(30년전) 마스크.중절모.일단 한번와보시라니까요 카네기.페트릭핸리.간디.빙글빙글 69년경 서울대 머리검사 기독교,불교,기독교,도로아미타불(법당에서도하나)다른사람한테져도 너한테는 이긴다. 우리가족 이산가족 평생(50~60년)F상석바로놓기 잠롱 부시맨 잠롱 부시맨 장롱 부시맨 협동의 진화론 모델은 호혜주의(reciprodty)에 협동의 존재를 증명한바 악셀로드는 호혜주의에 입각한 소수의 경기자들이 비협동적인 경기자들 안에서 입질을 하고 나아가 전체를 지배하게됨을 보여주었고 한번 성립이된 협동자그룹은 비협동자그룹의 침범으로부터 안전하여 협동의 진화가 완성된다고 보았다.“여기에서 하나 명심을 해주게 자네는 승자가 되려는것을 목표로 하지말고 자네들이 가질수있는 돈이 어떻게하면 가장 많아지게 될지에만 전심해달라는것이네. 즉(어떤누구도 자네를 이기지못하도록 D라고하여)19 갖는 것 보다 (10명의 친구들과 함께 C라고 대답하여 몇몇D라고한 친구들이 자네보다 더 많이 가지게는 되겠지만)30을 가지는게 행복하다는 진실을 명심하란말일세 이런쉬운 곱셈을해서 자네에게  보여주는 것이 어리석은 일이라는것을 알고있네.모두머리가좋기로는우열을가릴수가 없지 않은가! 이편지를보내는 목표가 사람들이 홀로 독립적으로 행동할 때 어게할런지를 알아보자는것이기때문일세 끝으로 자네의 선택을 말해줄때 왜그렇게 결정했는지를 간단히 말해주게 친구더그H 19명의 어쩌면 나와 비슷한 친구들이 모두 한배를 타고나와

동일한 문제를맞아 끙끙대고 있다는것 말하자면 순수한 이성적사고 이외에는 기댈것이 없다는것이다. 특히율리적감각 죄의식 무언지모르는불편등등은 버리라고 하고싶다. 나는 편지를 작성하고 누구에게 보낼지를 정한 후 반응이 어떨지를 생각하고 또 해답을 받는데까지를 큰즐거움을 느꼈다. “우리를 살아남게 하는데 최선이라고 생각 되는것을 행하라”딸랑딸랑 신바람 밥먹었나 헛전화40년 경찰 지존 얄팍한 머리 가슴 칡과 나무 오르트너가 지정한 사람의 수및 밀집현상과 미래의 정신적스트레스를 일으킬 잠재력 사이의 관계에 대해 좀 길게 검토하고저 한다. 장보고. 장계석 장면, 장재룡 런닝구로 기워입나 “네가지의 행동” 이타주의. 사회적 덕행. 새얌축재. 자유방임정책 공동구역의 비극 분명히 우리는 인간의 본성을 형성하게한 진화과정에 대하여 더 잘 이해하여야 할 도더적의무감을 가지게 된다. “최적자의 생존)Survival of fittest)"" 안정자의 생존*survival of the stable) 우주의 안정적 개구리 알 올챙이 와룡산 한라산 지리산 백두산 논 비누방울 태초의 수-프(primeval soup) 생물학자가 생물채에 대한 진화를 논할 때 의미하는 뜻은 바로이것이다. 그리고 그기전은 한결같이 자연선택(natural selection)이다. 합장묘화장합시다.

뜨물, 광고, 원머타임, 리바벌은 없어 하지마 하지마 건배, 우리가 남인가(삼촌하면서 들짐짐) 수배자, 평생F TV시청 안해, 핑계 메주알, 고주알, 묘화장 합시다. 맞박에 (ㅅ)나온다. 자랑거리, 토종, 신토불이, 잡초 중요한것은 누구나 세계를 생각 일명 원조(장재룡)물리면 다 물리게 되있어(신경) 우리집 사람들 그것은 오랜세월(50~60년) 경험을 통해 그래왔으니까. 민주주의 신경이 맑지못해 진정한 주가가 없단말입니다. 기본삶을위해 합장묘 화장합시다. 얼레리 꼴레리 전화도청(머했는데)읽어봐서 손해될것은 없어요. 악착같이 바르게 살고 묘 화장합시다. 고사, 불공, 부적, 압류된사람 압류하기, 인권 몇가지 방법, 소파동(13년), 닭파동(57년), 신경, 신경중요 초등 3년 시절 (68년경) 10명 좌측통행, 손흔들기, 버스박치기, 입술 조금찢어짐, 밀렸나 1개월 병원신세 이때부터 왕따 왜그랬을까 내가 쓰는 이유 배가차면, 뭣이차면, 머리에 쓸때없는 신경이 차면....우리집 사람들 어려운 부탁하면 그래 어떤하란말인고(20년전) 하루 문자배달 20번 신경뛰기, 라디오도 듣고 밥도 공부도하고.... 무공해로 살겠습니다. 한푼도 없습니다. 청춘도 젊은도 다 지고가겠습니다. 생고생, 헛방송, 삐라, 합장묘 화장합시다. 압류해서 진정한 책의 의미란 답답해서 못살겠습니다. 갈아봅시다. 뭘 (묘 화장합니다) 삶의 기본대로 혼빼고, 다른 신경주입하기 흐려져. 맑게합시다. 왈 이보다 더우에 맑게하나, 합장묘 화장합시다.

세계인의 다람쥐의 삶, 학교, 직장, 결혼, 부모 돌아가시고 있다면 승급....형제는 남이되는 시초, 형제는 어릴때 같이 잘 지내다가도, 학력, 경ㅇ제력, 처가살림에 이끌려 남이되는 시초 우리 꼭두각시들을 끈 같은 것으로 직정조절하지 못하는 이유가 시간차라는것은 꼭같다. 유전자는 단백질의 합성을 통하여 조절기능을 발휘한다.태아를 하나 창조하는데는 수 개월의 정밀한, 끝질긴 작업이 필요하다. 행동의 특질은 이와 반대로 빠르다는 것에 있다. 올빼미가 하늘을 날고 숲속에서 부스럭 소리가 날 때 중추신경계는 밀리초에 행동을 지시하고 근육수축하면 벌써 어떤생명체가 생명을 구하거나 아니면 잃게된다. 유전자에게 이런 반응 시간이 없다. 안드로메디안 유전자가 할수있는 최선은 미리 빠른 컴퓨터를 자신을 위하도록 만들고는 “예측”할수있는 필연적인 것들을 극복할수있게 대응하고 “충고”하는 프로그램을 짜넣는일이다. 그러나 생이란 바둑경기와 같이 너무나 많은 변수가 있어서 미리 모든 것을 예측하기란 불가능하다. “가르치는 것” 생존에서 일반정책과 암수의 원리를 줄 수 있을뿐이다. 영(J.Z. Young)이 지적한 바 있지만, 유전자는 예측 합장묘 화장합니다.

그후의 일은 모두 생존기계 자체에 달려있고 유전자는 안에서 가만히 앉았을 뿐이다.왜 그렇게 수동적일까? 왜 고삐를 잡고 순간순간 지시를 하지 않을까?해답은 시간차 때문에 그렇게 할수 없다는데 있다. 이것을 설명하려면 공상과학소설에서 하나를 골라 비유를 하는 것이 좋겟다. 프레드호일(fred hoyle)과 존 엘리엇(john elliot)이 쓴 “안드로메다부터 온 것 ” 이란 소설은 아주 흥미로운데 다른 좋은 과학소설이다. 다 그렇듯이 흥미로운 과학적 진실이 배경에 깔려있다. 우리집 F주위에는 (1.2대)신경붙이기에서 (고통)잘 풀리고 잘 살고 하는 것은 무슨효과 인질극(50-60)년 나오면서 한번도 지금이시간도 직선연결 매초(mm)마다 감전,스트레스,중풍,신경뇌팍막증,식물인간 가정에서 나와 쓰러진다.(사망)신경인질극수사 베달들 신경붙이니 나가서도 다른사람과 머리받쳐(신경어려움)화장하여 남들과 어울리는 기쁨말이 씨앗.F신경어려우니 모든 것 버려야 하는 평생사는 심정 생물적 쿤타킨타 주위사람의 생각반응 과거의 신경 되살아남 피곤 한가정의 말살이 오는 것은 ....리바이블은 없어 하지마 하지마 고통분담덜기 이글은 전국 시청,군청,교회,구청,불교,이글을 보는 분은 붙여넣기 올리세요 그것이 화장과 인권의 살길입니다.F후회없는 인생(가칭)화성 연쇄 토막극 종말론 궁금증 집에 돌던지기 (어릴 때）엿치기 동료,인상 광속도 우주의 한지점 -라디오통신-지구까지 200년이 신호걸려 이런거리는 대화를 할수 없다는 점 다음번 메시지 12대가 지난사람들에 의해 보내지게된다는 사실을 무시한다 하더라도 지구에서 그렇게 먼 거리를 두고 대화를 하겠다는 것은 단순히 무의미한 허사일 뿐이다. 이문제는 우리에게 실제로 다가올 것이다.합장묘 화장하고도 오랜시일 삶의 기본으로 살아야...광고 너무 많은 것 요구 자신부터 용광로(녹이는 것)사회성 맞고 안맞고 합장묘 화장합시다. 이러한 “첫째자리”를 차지하기 위한 속 좁은 경쟁은 거대한 궁중속의 한 개인이 어떻게 자기 자신만을 독특하다는 그릇된 환상을 갔는지를 보여준다. “승리”할것으로 믿으리라고 생각한다.또 대부분 수학자들을 속 썩이게 할 정의들로 구성된 엔트리를 보낸 이들은 틀림없이 승리할것이라 믿었을 것이다. 그러나 결과가 말해주듯이 누가 이겼는지 도저히 모르게 되고 말았는데 이러나 저러나 상관은 없는 것이 상금은 신이라 할지라도 0과의 차이를 알수없을 정도로 적어져 버렸기 때문이다. 이 모든 것으로부터 무슨결론을 끌어내는가? 그러나 독자들이 다음 “행동”과 “배반”의 판단을 내릴 경우를 만나면 잠깐 이야기를 한번 생각해 보기를 부탁하고 싶다. 이런일은 수분이내 하루에도 여러번 부닥칠수 있기 때문이다. 어떤 것은 사소한 일이고 어떤 것은 기념비적인 일이 될수 있다. 가정의 장래는 결국 당신들 손에 달려있는 것이 아닌가 합장묘화장합시다. 주물럭 서더리탕 김일(되려하나) 집에서가지고 놀려나가서도.... 극하게 보는사람(합장) 우리집 가만내버려두는것 도와주는것 (화장) 병풍 삼손과 데릴라. 구조조정. 초등학교성적표. 팬션 그렇게깊은뜻이 그렇게 심한말을 . 피아니스트 . NBC. CBS NHK. 로이타통신. 신화. 써도 그렇고 안써도그렇고 (신경) 내가쓸이유가.... 맛있는거 해놨어. 우리집안. 1백가지가 아니고 1천가지 연결되있음. 묘화장. 삶의기원. 살맛나는 승산. 삶 국민신문고는 맨날 접수만....F사진보내기.거짓말,씨를 말리니, 영혼,찜,비문,멍석,쇠뿔도단김,인권,삶의기본,..F당사자가 얘기안하니(6H1)주위약올리는식 빙빙돌고 자식이 잘사면 그만...내막 모르는사람은 그런집인가....F의 16일된 배다른 삼촌 전기세 많이 나온다고 쪽지 우리집 마루 시랑에 갖다놓고 중앙청에 방문(70년 중반)야당 지도자들 사진 가지고 다니고(16일된분) 혈족 왈 F뭐라하드나, 지금의 후손들 못살았으니 할배가 있어 잘살아야 된다나 뭘 팔아가지고....민원인이 몇 번이나 쌍방이 이라고 편지 썻지만....(20년전)  스컹크. 카멜레온. 이아구라. 설문지. 바가지. 모기가나올것같은데. 아무것도.... 단식운동. 자라보고 놀란가슴 솥뚜껑보고도.... 터가좋니 나쁘니. 묘화장없이는 아무것도 못해. 숨쉬기도 힘들어. 1단넣었다. 2단넣었다. 왔다갔다. 과학적인수사. 배반은배반을낳고. 이래도저래도 마음이 안변하니. 에라모르겠다 살길바쁜데 세계화로... 사리 6개 7개 비행기태웠다 내렸다. 천재도 99%노력.이러한 패러독스를 해결하는 것은 모든 질서란 외계에서 에너지를 섭취하는 시스템이라는 것이 카우프만의 주장이다.에너지를 취할 경우 제2법칙은 지연적으로 국한된 질서적 구조가 생겨나는 것을 허용한다고 말한다. 가장 간단한 예로 끓는 국솥을 들 수 있는데, 솥이 불에서 열을 받으면, 국은 끓고 솟구치고 하는 일정한 패턴으로 액체의 흐름이 조직화된다는 것이다. 이러한 자조직화가 생명시스템 (living system)의 특성인 것이 사실이라면 카우프만의 견해로는 생명체를 이러한점에서 물리적시스템과 다르게 생각하여야할 아무런 이유가 없으며 또 그렇다면 진화란 그저 우연한 사건의 연속만은 아니라는 것이다. 진화는 “자연선택과 절로질서(natural selection and spontaneous order)"" ""복합적결과이며. 이들은 아직 잘이해되지 못하는 심오한 방식으로 상호작용하고 있다. 인공생명. 워크숍. 공동조직자. 도인파머(Doyne Famer)는 대략 40억년전 전지구상에 쉽게 형성될수 있었던 아미노산들. 단순당질들 및 여러 생명체의 구성성분이 되는 물질들이 제짝 제찾기식으로 저절로 짝이름(부츠트랩. bootstrap)하여 생명을 이루게 되었다고 주장하였다. 합장묘화장합시다.


시골처럼.... 옛날한 것을 현대인 2대에게 그 생각의 (합장묘)판단을 하라니.... 우리집 사람들 매초마다 신경 누르면서 잘 하라고 하니.... 니는 니대로 살면 된다나. 졸음. 답답. 뇌신경.... 공부는 아무나 하나.... 페인트 폐병과 담배 건식 습식 세무사 칼자루(스펀지)를 흔드니 柄谷.... F아주 어렵게 삶(신경) 우리집 배달들 안 먹으면 번다나  신경이 그런줄 모르고.... 기독교. 구세군. 통일교. 성당. 조계종. 천태종. 백담사 알라....  젖먹는 힘을 다해 묘화장. 생명과 삶. 바이올린. 기타. 창극. 지질 장의 전문가. 화장하여 창호지 싸서 다른데 묻는 다는 둥.... 엉뚱한 소리. 충성심.... 납치. 도둑. 울고 가니.... 아침에 기분이 조금 나쁘면 xx찾느데 우리집은 평생 기분 안좋아. 뇌속에 타신경 계속 주입. 지금 이시간도 왜 그럴까(50-60년) 한번도 빈틈을 준적 없어. 사람이 사는 방법. 경찰이 노인 안내. 광고. 애들을 안은 모습. 인권주의. 민주주의는 묘 화장만 하면.... 삐릭삐릭.... 신경을 눌러 본다. 더 센 놈이구나. 어울릴까. 본질을 본다. 부시맨이구나. 행동을 본다. 잠농 같기도 하고 부시맨 같기도 하고 그냥 놔두면 보통 사람. 깊은 생명을 본다. 목숨과 관계 있나. 2대의 신경을 1대에 붙여본다. 8000천만의 (신경 붙일시) 뭐 바쁘나. 뭔데. 인간의 행동양식의 측면에 적용할 경우 사회생물학은 사회과학이 가장 강력히 유지해 온 신념에 도전하게 된다. 그것은 우리 사람이란 충분하다고 할만큼 어린 나이에 극히 강하게 어떤 문화에 노출된다면 문화적으로는 선천적으로 중립적이어서 어떤 문화이든지 배울 수 있는 잠재력을 가지고 태어난다는 신념 말이다. 사회 생물학의 여러부분에 필연적으로 수반되는 이러한 유전적 결정론(genetic determinism) 요소 때문에 많은 사람들은 이를 신인종주의(neo-racism)로 보고 강한 반발을 보이고 있다. 인간의 생문화(bioculture)-진실여부(matters of fact). 

참고자료 진화론으로 본 인간의 사회, 이홍규, 최강원 편역 . 합장묘 화장합시다 

문제는 F의 태고도 안남기고 심지까지 다차지하려니 부모가 없는 심지가 됩니다. 누가 자기 F 힘들면 알고도 가만있는  있겠습니까 F 똑똑하고 현명한 사람 머리 망가지게 하는 이유 세파트와 진돗개 종자는.... 극한 말을 하면 붙었는데 붙어.... 짠 하지마 하지마 누구를 미니 묘자리 미니 밀은사람 아무도 없어 벌이 날라 들어 꿀만 빨고 껍데기 남아서요 새싹이 나도록 화장해주세요.새를 불으는 사람,벌을 붙이는 사람,밤에 스트레스 주고 낮에 상황....민원 해결해주세요.너절구레 그만 쓰게요 

잘못할때까지 놔둬 자로가야지 짬뽕은 싫어 자장면이 좋아 F 우리집 사람들 평생 (50-60)노리개 감으로 보고있어. 사기도박 트럼펫 만지니 신경을 주입 빛나리 여기가 최전방 콩 메주 돌 상주는 슬퍼서 울고 문상객은 음식에.... 내가 문자보내는 내용 우리집 식구들 자꾸 신경붙이면 뻔칠이 식인종 된다고 수없이 문자 부모를 파는 파렴치한 행동 손가락질 받는다고 누워서 침뱉기 F 돌아가기전 마당에 대변을 봤다함 왜그럴까 정신은 맑았는데

진화론적 서사시는 우리가 가져볼 수 있는 최선의 신화일 것이라는 사실일 것이다. 그것은 인간 정신의 진리 파악 능력의 한계에 이르기까지 진실에 접근시킬 수 있다.

끝으로 말하고자 하는 것은 우리가 적응성(adaptability)을 변화시키고자 한다면 Pg 자체를 손대어서는 잘되지 않으리라는 것이다. 이것은 유전자 조작을 뜻하고 현재로서는 검토의 대상이 못된다. 앞서 어느 발표자가 언급한 바와 같이 가정 프로그램을 변경하는 것이 어렵기는 하지만 우리가 관심을 두어야 할 곳은 그것밖에 없다. 이것은 우리 가정에서 일어나는 변화에 적응하기 위하여는 가정 프로그램을 바꿀 필요가 있다는 말이다. 

우리는 우리의 노력에 도움을 주는 그러한 유전 프로그램을 활성화하는 가정 프로그램을 쓸 수 있다. 달리 말하면 유전 프로그램에는 아주 이롭지 못한 어떤 요소가 있다는 것이고 우리는 유전적 프로그램 중에서 어떤 것이 우리가 발달시켰으면 하고 바라는 가정 시스템에서 어떻게 작동될 것인가를 세밀히 검토하지 않으면 안될 것이라는 것이다. 

(제임스 F 다니엘리는 미국 마사츄셋츠주 우스터 소재 다니엘리 연구소 소장이다.)

합장묘 화장합시다. 우리집(각각) 신상명세서 소머리, 붙이기작전, 너무합니다(노래) 잠자는 시간 합장묘 화장없이는 사람은 잠자는 시간도 없어 합장묘 화장합시다. 묘에 붙여 꼼짝 못하게 하고 스카웃 신경앞에 천하장사 없다 우리집 사람들 묘에 걸고 있어 순리의 삶,묘자리 두고는 합의는 절대없다. 기침에 종류 파티장에서 공기중 즐거워 괴로워 식사(음식) 기관지 합의이쇼당 아이돈 노우 유 돈 노우 갑으시키 돈 노우 이것만은 되도 저것만은 안되 철수는 내 아들이 아니기 때문에 재산을 물려줄수 없다.(긍정-부정 옛날 시험문제->외는) 시의 흐름 열명 x주고 뺨맞는 식 혈족들 F안경 깨고 (40년전) 몇회전 안경을 끼니(10년전) 항상(50-60년) 눌르면 머리는 교차로에 못 들어냄 시조 법이 가정에 침투 못하는 것 이 아니라 신경을 남의 가정에 주입하면 두 번 죽이는 현상 2010년 4월5일 아주머니 (불교) 집주위 절에 유인 25만 갈취 서대문 경찰서 접수. 이러한 실패의 대가는 도덕적 합일점의 상실과 인간의 조건에 대한 점증하는 무력감, 자기자신과 가까운 장래에 대한 관심의 축소이다. 첫 번째 딜레마의 이성적인 해결은 생물학과 사회과학 소견들을 종합한 인간 본성에 대한 보다 깊고 용기있는 탐구에 의해서만 이룩될 수 있을 것이다. 정신은 뇌신경세포기구(neuronal machinery)의 부수현상(epiphenomenon)으로 설명하는 것이 보다 정확할 것이다. 이 기구는 수십만년동안 그 태고적 환경속에 인간에 작용한 자연선택에 의한 유전적 진화(genetic evolution)의 산물이다. 신경생물학,동물행태학(ethology) 및 사회 생물학의 여러 방법과 아이디어를 현명하게 원용함으로서 사회과학의 적절한 기초를 놓을 수 잇을 것이다. 또 이렇게 함으로서 자연과학과 인문 및 사회과학을 여전히 갈라놓고 있는 불연속성도 사라지게 될 것이다. 합장묘 화장합시다. 

민생치안.삐에로.바다와노인.우리가정내의스포츠페어플레이.다리를거니.투하.구출.CIA.과정의히스테리.추적60분.과학적인수사.가만두고.헛디기.바가지....희망...제너머하원.속았다.지금도속이고있다.(매초마다)순리데로 바른삶.(생명)1.2대.세월다쓰고.엔진 가정을바로잡으려는....기관에서민원을해결해주세요

그들은 이전 세대의 상상의 한계를 넘어선 공간과 신비를 탐색하고 이ㅆ는 것이다. 하나님께서는 인간의 정신을 압도하기 위한 개념으로 욥을 꾸짖었다.

그무지한 말로 어둠속의 내설계를 흐리게 하는자 과연누구인가? 기운을 내어 사내답게 일어서라 그리고 내물음에 답하라..... 너는 바다의 근원에까지 내려가 본적이 있느냐? 혹은 깊이를 헤아릴 수 없는 심연속에서 걸어 본적이 있느냐?죽음의 문을 네가 열어 본적이 있느냐?암흑의 문지기를 본적이 있느냐? 너는 우주의 광대함을 이해한 적이 있느냐 ?와서 말하라,네거 만일 알거든 안다.우리는 알고 있고 또우리는 말하였다.야훼의 도전에 대응하는데 그치지 않고, 과학자들은 더욱 더 큰 수수께끼를 생명이 대략 어떻게,언제 지구위에서 시작되었는지도알고 있다,또우리는 새로운 좋이 창조되었으며, 진화는 분자의 수준까지 추적되고 있다.유전자는 한생명체로부터 다른 생명체에로 이어붙일 수 있게 되었다. 분자생물학자들은기본적인 생명체를 창조하는데 필요한 대부분의 지식을 가지고 있다. 우리가 화성에보낸 기계는 광대한 조망과 토양의 화학분석 결과를 보내오고 있다. 구약성서의 저자가 이러한 활동을 상상이나 할 수 있었을까? 그리고 위대한 과학적 발견과정은 아직도 도약의 단계에있다.인간의 정신이 인과록적 설명을 잘 받아 들이기 때문에 주위의 바람직한 변동도 이제는 더쉬워질수 있을 것이다. 어떤 서사시든 간에 영웅이 필요하다. 100억개의 은하계와 거의 무한에 가까운 거리를 다루는데 익숙해진 천문학자들이라할지라도 인간의 뇌가 우리가 아는한 가장 복잡한 장치이며, 모든 주요 자연과학 분야의 연구의 교차로임을 인정해야 한다.합장묘 화장합시다.우리집 묘화장없이는 다른생각 금물.바르기로100%는...무슨신경이 모때문 먼저 얘기 못하나 잘못해서 안될 이유 단체적인 해결전에 가정적인 먼저....행주짜며.행주짜며.평생해주는 것 없이 (묘화장....신경)가져가기만 할려해 신경 기분 말Z.사생활 사생활....우리집사람들 장난을 계속 신경 생명.... 문자 급할때만 차단.불을 안꺼주니 멀 보고 그래 웃었는지동문서답 마이동풍 민심 인심 부모를 돌보니 안보니 막가파 신경주입 어뚱한 것 고생했으니까 남하고 감정이 생기면 평생가서 붙어 왜 붙어있고 붙이니까 고참 그런삶 .... 화장합시다그래서 남들과 극하게 되고 악한 것을 붙이면 사람만나는것도 .... F배달 삼촌(16일) 일본 돈벌러 형(16일된분) 청진에 돈벌러 .... 귀한 우리집 사람들 남도움(묘화장) 뭐하러 바라나하면돼지 재살 깍아먹기 어려운 사람을 도와야 합니다. 어려운 사람이 누군지(어려움의 신경 내용문) 사람은 태어나면 먹을복을 이러한 정당화는 여기에서 다루는 바와 같은 복잡하고 미묘한 문제를 다룰 때, 사람들이 이성적 사고 뿐 아니라 여러 가지 이미지,편견,뚜렷치 못한 기억 등을 묶어 한 묶음으로 판단하기 때문에, 총체적 결과를 보면 일정 퍼센트의 사람들은 어떤 한 쪽 결론으로,나머지는 다른 결론으로 몰고간다고 여길 수 있기 때문이다. 미리 몇%가 어떤 대답을 하리라고 미리 예측하기를 바랄 수는 없으나, 어떤 상황에 있는 일정인의 사람을 샘플로 선택하여 관찰하면 사람들의 전형적(typ-ical)판단이 어떤 것인지를 알수 있게 된다.그래서 5:2로 초기의 회신이 배반쪽으로 기운다는 사설을 연장하여 최종결과 14:6이 나타나는 것을 예측할 수 있는 것은 첫 7명의 친구들이 이 골치아픈 문제를 맞이한 사람들의“전형적”행동 이었기 때문이었다고 간주할 수도 있는 것이다. 합장묘 화장합시다. 무궁화 꽃이 피었습니다. 꼭꼭 숨어라 머리카락 보인다 못찾겠다 꽤꼬리. 합장묘 화장합시다. F의 F지 모르게 대진항 배로 15일간 청진에 F의 배달은 삼촌 데리로간 이유 숙모가 걱정을 해서 촛밥.... (F의 약 1932년경) 현재 가족 혈족도해도를 그릴려 했으나 너무많고.... 하고싶은 얘기있으면 책을좀 보고 그려보세요 가족중심 간호학 가족내 갈등. 약속. 이웃간. 알아서 꾸려가세요  반상회. 성희롱. 과학적인 수사. 현재 외국거주 혈족 2명. 윳놀이. 시대별 위기란 효과적으로 기능할 수 없게 하는 가족 또는 개인 생활에 발생한 스트레스를 말한다. 위기 중재는 위기상황을 중재하는데 관련된 제한된 치료양식이다. 위기상태는 체계의 평형을 깨뜨리는 위험한 사건으로부터 시작된다. 그런 사건은 변화를 나타내고 전화점이기도 하지만 개인이나 체계의 일상적인 적응방법이 실패하면 위기가 된다. 위기는 그 성질상 시간 제약이 있고 어떤 형태의 재평형이 세워지지만 그 대체된 것이란 언제나 개인에게 이익을 주는 것만은 아니다.

 심리적 고통은 위기상황에서 발생할 수도 있다. 심한 정도의 불안은 개인의 일상적 극복방법이 실패하였을 때 나타난다. 이별이나 임종질환과 같은 위험한 사건은 즉각 드러난다. 또 어떤 때는 그 위험을 확인하기 어려운 때도 있다. 이때 ‘부정’이라는 방어기제가 사용되었다면, 위험한 사건은 시간을 거슬러 올라가서 밝혀져야 한다. 실제로는 훨씬 먼저 위험이 있었음에도 불구하고 가족이 현재의 촉진적인 요소를 찾지 못하는 경우가 많다. 합장묘 화장합시다. 언론의 자유 몸에 열이나니.지관 통이크니 넓니, 미디어 네트워크 박사가 월수입(1천만원) 한달 50만 지원 출가외인이라 고맙다고 생각하라나 자기를 낳아준 부모한테 돈을 안쓰면 누구한테 쓰나....기분나쁜사람 신경어렵게....혈육,승용차,변태,회사 배달들 자가용 2대 끌고 다니면서 기른정도 못생각하고 10원짜리하나 지원 끊고 신경 붙이기만 하는 혈육....합장묘 화장합시다 .부모를 파는 파렴치한 손가락질 받아.묘자리를 키우니....우리집 사람들 묘화장 안하고 이쪽 저쩍 달려들면 신경 어떻하려고....묘화장 합시다. 정신분석학적인 틀에 대한 기본은 가족 집단에 관련된 개인의 요구와 자기 주체성을 수립하기 위하여 그것으로부터 이탈하는 요구간의 갈등이다. 효과적으로 기능하는 사람은 이들 요구간의 균형을 이룰 수 있으며, 다른 사람들과 관계하며 자기 주체성을 상실하지 않는다. 사회적 유기체로서의 가족은 주체성을 강하게 하거나 또는 약하게 하는 데 큰 영향을 다. 개인화가 생존에 대한 위협으로서 보여지는 가족에게는 가족 결합력을 위하여 주체성은 ‘포기’되어진다.가성 상호관계(pseudomutuality)라는 용어는 가족 역할이 항상성을 유지하는 강직을 나타내는 과정의 묘사이다. 어떠한 가족도 고정되고 피할 수 없는 역할들을 가지게 된다.Foley(1974)에 따르면, 가족이 병리적일수록 역할들의 융통성이 없다.Freud는 대부분의 관심을 게인과 정신내의 과정에 쏟은 반면에 또한 가족의 중요성에 대해서 어떤 생각들을명확하게 말하였다. 그는 집합적인 정서생활을 나누는 자연스러운 집단이 가족이라고 가정했다.융합의 무의식적인 과정을 통해서 한세대에서 다른 세대로 느낌, 태도,가치들이 전달되고 그리하여 정서 생활의 세대 상호간의 연속성 창조한다(Anthony, 1971).Bowen(1976)은 세대 상호과정에 대한 그의 개념을 가지고 이러한 생각에 대해 자세히 진술했다. 정신분석학적 접근은 정신 내부의 현상과 가족 교류, 과거와 현재에 관심이 있으며, 이러한 것은 행동 양상을 규명한다. 모든 가족 이론들 중에서, 이것은 진단과 치료의 목적으로 질병 분류학적인 분류를 때때로 채택하며 관련 틀로서의 학적 모형을 가장 많이.. 사용한다. 합장묘 화장합시다.그린벨트.기름띠. 돈 안보태도 좋으니 배달들 신경붇히지 마....합장묘 화장때까지 신경유린 매초 (50-60년}. 5월1일20일계약10일근무 팬티를찟니,근무태만내쫏고 어그지....기분....정신분석학적인 틀은 가족의 전체성이 집합적인 정서생활을 나누는데 반영되는 겄으로 보여진다는 점에서 체계 접근과 양립할만하다. 상호관계는 전이의 밀접한 망상조직(부모.자녀.형제)에 기여하여 반데로 관계에 영향을 끼친다. 전이현상은 또한 가족의역활과 가족 신화의 형식화에 기여한다, 이러한 방법으로 행동유형은 점점 복잡하고 순환 하게된다. 상호 관련성은 가성 상호관계와 가성 적대감의 역동에서 보여질수 있으며 가족 구성원 들이 너무 얽혀져서 개별화와 개인의 분리가 아주어렵다 정신분석학적 이론은 또한 기능 부전의 향상성을 유지하는 비논리적인 ‘고무울타리(rubberfence)'의 예를 제공한다.합장묘 화장 합시다.남에물건 부지께로 쑤시려해.눈물,우리집 시집온 여자들 장씨왜그러나.묘자리에 의한 묘자리화장에 의한 of the 묘자리 화장에 의한....우리에 소원은 묘화장 꿈에도 소원은 묘화장....육법전서에 없으면 칠법전서에 있는지 신경 인권유린 매초묘화장 때까지 오줌을누여달래니 시집온 여자들(20년) 피터 드럭커는 “지식이란 일하는 방법을 개선하거나 새롭게 개발하거나 또는 기존의 틀을 바꾸는 혁신을 단행해서 부가가치를 높이는 것” 지식은 교수나 학자 기술자 등 일부. 엘리트 계층의 전유물이 아니다. 우리모두가 지식사회에 맞는 새로운 패러다임을 구축하고 스스로 배우며 혁신하는 지식인 즉 knowledger가 되어야한다 그리고 우리 조직이나 사회가 학습조직.나아가 사회학습사회가 되도록 각자가 노력해야한다 예로 매일 경제 시리즈“당신도 지식인 입니까” 자장면 배달부 조태훈 씨 20년간 송이버섯 이한씨 김밥집할머니 구두닦이 다양한업무혁신 부가가치높이면 지식인이 될 수 있다. 좋은 계획인지 아닌지 알아보는 방법의 하나는 실제로 해 보는 것이지만 상상해 볼 수 있는 모든 장정적 계획을 다 실천해 보는 것은 바람직하지 못한 것이 “나의 가정”을 위하여 죽고자 하는 젊은이들도 제한이 있을 뿐 아니라 실천 가능한 계획의 수가 너무 많은 것이다. 여러 계획은 그저 가상적으로 해보는 것이 실제 죽기살기로 해보는 것 보다 낫다. 합장묘 화장합시다. 배달문상밧디가없니 혈족 친척 형제라한다나(18년)....뭐다맞아 하는것갇에(25년 )우리집 사람들의 완장 노란 검정 백색 붉은파란 묘화장 신경숨쉬는 것도 속고국회특별조사단은 언제쯤....검사....

감마나이프 항암치료3회 약복용 퇴횡성관절염90% 에게접근 욱박지러고 찻아갔다는 증인 청원경찰이 있는데 전화로 물어보고제수사2번재촉수사종료 기분....우리가정 묘화장을 위해 머리띠를 메야합니다 이러한 실패의 대가는도덕적 합일점의 상실과 인간의 조건에대한 점증하는 무력감 자기자신과 가까운 장래에 대한 관심의 축소이다 첫 번째딜레마의 이성적인 해결은 생물학과 사회과학 소견들을 종합한 인간 본성에 대한 보다 깊고 용기있는 탐구에 의해서만 이룩 될수 있을 겄이다정신은 뇌신경 세포기구(neuronal machinery)의부수현상(epiphenomenon)으로 설명하는 것이 보다 정확할 것이다 이기구는 수십만년 동안 그 태고적 환경 속에 인간에 작용한 자연선택에 의한 유전적 진화(genetic evohution)의 산물이다 신경생물학 동물형태학(ethology)alc 사회생물학의 여러 방법과 아이디어를 현명하게원용함으로서 사회과학의 적절한 기초를 놓을수 있을 것이다 또이렇게 함으로서 자연과학과 인문 및 사회과학을 여전히 갈라놓고 있는 불연 속성도 사라 지게될 것이다 합장묘 화장 합시다.혈족들 제사를 니지내라 우리지낸다 니지내라....우리집사람들 엿재이마음데로....합장묘화장합시다 이틀간의 술값....신경붙이기해서,재판 녹취록 법무사왈팬티값인가  이름이순자 (89년)우리집 사람들 묘화장 안하는 것은인권유린 인질극평생사람몸속 남이들어와 고통 매초 계속하겠다는가 자살론 실물인간 안락사 ....방사능 핵물질 애밀레종....물흐러는데로산다나(78년)배달들 집마당이 이게뭐고..헛디기 배누들밭메며 노래부엉이가 닥아먹고..합장묘 화장합시다,

우리집 사람들 안까망 숱까망....바이오리듬 스트레스 정신과의사 우리집 콩 돌 메주....화장없이는 94년 묘화장민원(10군데)쓰면서 모임이나 단체에 절대로 가입 하지 않으며 오해 받지 않는 삶을 살겠습니다 기본의삶과 묘화장을 위하여 사면복권 되겠습니다 우리집 사람들 일거리 만들기신경 인간문화재.... 배를린장벽과 합장묘는....세계에유달리 미게인집안....우리집 사람들.... 납닥하게 베팅....나는   이러한 통합주의가 진전됨에 따라진실한 경이감이 광범위한 문화전반에 걸쳐침투해 갈 것을 희망한다 우리가 알지 못하는 것에 대해 보다 분명하게 말할 필요가 있다 자연과학자들이 기술적인 단편으로 쓰고 있는 서사시는 아직도 엄청난 간극과 흥미진진한 미스태리를 가지고 있으며 이간정신의 물질적 기초도 그런 예의 하나다 일부만 탐험된 세계의 지도위에 dLT는 빈자리처럼 그들의 가까운 경계는 확정할 수 있으나, 그 내부의 크기는 그저 대강 짐작할 수 있을 따름이다. 과학자와 인문과학자들은 발견의 향해에서 학식이있는 사람들이 지향하는 커다란 목표를 분명히 하는데 과거보다 월씬 더 잘 항 수 있이다. 미지의 놀라운 일들이 기다리고 있다. 초기의 유럽 탐험가들이 신세계를 발견했을 때나 최초의 현미경 관찰로 물한방울을 가로 질러 헤엄치는 세균을 보았을 때의 원초적 경이의 시대에서와 마찬가지로 우리는 그들 경이의 세계에 접근할 수가 있다.

지식이 증대됨에 따라 과학은 점점 더 상상력을 자극할것 임에 틀림없다. 이러한 견해는 의심할 바 없이 경제, 사회문제 중심주의자들로 부터는 엘리트 주의라고 배척될 것이다. 이러한 반대론에는 일면 진실이 있는 것도 사실이다. 사람들이 사하라사막이나 인도에서 굶주리고 아르헨티나와 소련의 감옥에서 썩어가고 있는데, 다른 어떤 문제 문에제 중요성이 있을까?

 그에 대한 응답으로 이렇게 물을수 있다. 우리가 도대체 사물에 관심을 가지는 이유를 우리는 알고 싶어 하는가? 그리고 이것이 해결되면 다음에는 무엇을 할것인가? 어디에서나 정부의 공식적인 목적은 동물적인 생존을 넘어선 한결 높은 의미에서의 인간성의 성취라고 하고 있다. 거의 모든 사회주의 혁명에서 최우선적 목표는 물론 혁명자체의 성화(consecration)이지만, 그 다음으로는 교육, 과학, 기술등인데 이들의 결합은 결국 불가피하게 다시 제1및 제2의 딜레마로 귀결된다.

이러한 견해는 자신의 감정적 필요가 전통적인 조직 종교에의해 충족되는 부류의 사람에겐 완강하게 배척될 것이다 이들의 주장에 따르면 하나님과교회는 과학에 근거한 절대적인 신화에의해 일방적으로 소멸될수 없는 것이다 그들은 옳을 것이다 설사아무리정의하기 어렵고 또 시험 불가능한 개념이라 하더라도 원동력으로서의 하나님은 유력한 가설로 남아있다 종교의 의식특히 죽음의 의식과 국민의 성화는 깊숙이 뿌리를 박고 있고 현존하는 문화의 가장 장려할 요소들을 포용하고 있다 그것들은 그 원인 론이 규명된 다음에도 오래 동안 계속 행해질 것이다 죽음의 고통 하나만 하더라도 그것을 잔존케 하는데 충분하다 인격적 윤리적인 하나님에 대한 신앙이 사라질 것이라고 말한다면 그건 너무 오만한 일이 될 것이다  그것은 마치 과학적 유물론이 신화창조적 에너지를 그자신의 것으로 취할 때 그의식 어떤형태를 취할것인ㄱㅏ를 예언하는 분별없는 행동과같다 나는 과학적 일반화를 예술의 대치물이나 혹은 예술의 영양많은 공생자 이상의어떤것으로도 상상하지 않는다.합장묘 화장합시다       우리집 시집온 여자들어머니가 불쌍하다나 ......평생 봐주는 것갇이신경들짐....    똥..공부..공부..똥.. 우리집 사람들 신경강도나다름없어무기만 안들엇지 현명하고 총명똑똑한머리망가 떠리는이유....배달들 신경머리붓히기 합장되는 줄도모르고..한구멍....한구멍....(오만문자보냄....)우리집안 볼트식 인줄도모르고묘화장안해 우리집 사람들 눌러놓고 친하게지내 지내자나 우리집안 심지 찻기 배달 상예나가는데 동네사람 들 오래잇으면 안된다나..우리집안 민심 가만안혀 놓고 만들어 선화장 합시다 삼손과 데릴라 우리집 사람들 배우는 것....평생 생각만 하는 집안....내트워크 우리집안 날치기....귀마크 냉수 장나라 40년만에 전화온 초등여자들..헛헛...우리집의 그래그래그게좋겟다내용문은...살면서 한번잘못은....개구리 종말론자 사재기....인간 본성에 관한 우리의 지식이 증가하고 우리가 가치체계를 보다 객관 적인 될 때 궤도간의 간극은 더욱 좁아질 것이다 두가지 극단적인 반대의 예를든다 근거에 따라 선택하기 시작하며 우리의 정신이마침내 우리의 심정과 하나면 절대적인 사회 다윈주의자인 월리엄 그레이언섬너(william graham sumner)의 세계는 생물학 적으로 불가능하다 사회과학이 예언적학문으로 성숙해감에 따라허용가능한 궤도는비단 수적으로는 줄어들 뿐만 아니라 우리 후손들은 그것을 따라서더멀리까지 내다볼수 것이다 그때인간은 세 번째이자 아마도 최종적인 영적 딜레마에 봉착하게될 것이다 인간 유전학은 이제 과학의 다른 분야와함께신속한 성장을 보이고 있다 조만간에 사회적행동에 관한 유전학적 근거에관한 많은지식이 축적될것이고 유전자공학과 클로닝을 통한 신속한 선택에의해서 유전자 복합체를 변화시킬 방법이 이용가능하게 될것이다그리고 최후에는 재래식 우생학에 의한 원만한 진화적 변화가 가능할 것이다 인간이란 종은 그 자체의 본성을 변화시킬수잇다그것은 어떤 것을 선택할것인가 합장묘 화장합시다  F생존때 임야등기 예기하면안주나 정정 삭제 혈육들 한테예기오래된위터.. 잘난사람 잘난데로 살드라도 묘화장해주고살아요 우리집 코가 입이 하나드라도 바르게생각... 심지를 찻아야.... F 장석이묘(4대)임야매입후 타인묘 이장종료재판(약60년전) 종이 볓집 신문지 휴지 말끔이 F 고모출가계셧음(가족도해) 그것은 이미 부분적으로 무용지물이 되어버린 빙하시대의 적응의 아무렇게나 만든 기초 위에서 흔들거리고만 있을 것인가 아니면 더욱 높은 지성과 창조력 그리고 거기에 덧붓혀 좀더 많은-혹은더적은-감정적 반응능력을 향하여 더욱 노력할것인가 새로운 형태의 사회성이 조금씩 서서히 정착될 것이다 합장묘 화장합시다. 고물장사 널그리며 노래 신경문구 삭제 이들은 엄청나게 복잡한 상호작용의 네트워크를 만들어 서로서로를 켰다.껏다(on and off)하고 있다. 이렇게 복잡한시스템이라면 그저 혼돈(chaos)에의 초대장일 뿐, 영원히 어떻게 해 볼 수 없는 것이라고 보통 생각하게 되지만, 실제는 그렇지 않다고 카우프만은 지적하고 있다. 즉.암세포를 제외하면 게놈은 항상 자조직화되기를 세포가 일정한 안정된 패턴의 활동을 나타내도록 하며, 가령 백혈구는 백혈구로, 근육세포는 근육세포로서의 기능을 나타내게 하고 있다. 어떻게 이럴수가 있는가? 합장묘 화장합시다. 유금사절 F.외집안식구 장부 없는 것 확인참배(2010.7.9.)  우리집5종경기 자동차 자전거 수영 달리기 책상 묘 소림사 쿵푸 태권도 합기도 다전호흡 법의학 신경학 생물학 ....학....학....학....학 야구 축구 농구 니야카 자연과인간  오리 닭 다이빙 사교춤 싱크로나이징 하늘 땅 바다 외국 직업 원점 청소하기 산소벌초하기 인공위성 납골당 화장 토벌 인권운동 삶 한쌍 두쌍....담치기 pc의자 의자 혈육힘들게하기 신경 짜장면기술자 맞춤식 양복기술자 의사 자장가 1급비밀 블랙박스 화장없이....신경남에몸....남에가정 망가지게....묶은방식 묘화장 이후의 5종경기 삶의기본 희망의길....글의대상(90,10,4)네이버 한우리화물이삿짐검색-고객센터 F.M.동영상, 하얀손 원숭이(babboon)의 거의 완벽한 핵가족이나꿀벌의 조화로운 우애를 유전적으로 모방하는 것이 가능할지도 모른다 아마도 우리가 여기서 인간성의 가장 깊은본질에 대해 이야기하고 있는지도 모르겠다 아마도우리의 본성에는 우리가 그러한 변화를 만들지 못하도록 하는 어떤것이있는지도 모른다어찌되었건 다행이도 이 세 번째 딜레마는 후손들의 시대에속한다 합장묘 화장합시다",,,"안녕하십니까? 

국민신문고를 방문해 주셔서 감사합니다. 


국민제안은 국민이 정부시책 또는 행정제도・운영의 개선을 목적으로 중앙행정기관의 장, 지방자치단체의 장 또는 특별시・광역시・도・특별자치도 교육감(행정기관의 장)에게 제출하는 창의적인 의견 또는 고안으로서, 


1. 일반적으로 공지되었거나 이미 이용되고 있는 것 

2. 타인이 취득한 특허권・실용신안권・디자인권・저작권에 속하는 것이거나 [공무원 직무발명의 처분・관리 및 보상 등에 관한 규정] 에 의하여 보상이 확정된 것 

3. 이미 채택된 제안이거나 그 기본구상이 이와 유사한 것 

4. 일반 통념상 그 적용이 불가능하다고 판단되는 것 

5. 단순한 주의 환기・진정・비판・건의 또는 불만의 표시인 것 

6. 국가나 지방자치단체의 사무에 관한 사항이 아닌 것 


등은 해당되지 않으며 귀하께서 제출하신 내용은 국가나 지자체의 사무에 관한 창의적인 의견으로 보기 어려운바,

제안심사대상외로 처리하고자 하니 양해하여 주시기 바랍니다.


장마철 건강에 유의하시기 바랍니다.

감사합니다.",20240125,NA
교통이불편한 오지어르신들을 위한 교통편의방안제시,행정/자치/안전,,답변완료,2010-07-14,2016-09-28,경상북도,"시골지역의 어르신들은 지역적 특수성으로 대중교통이 하루에 2번정도 운행하는 지역이있다.

이런 불편함으로 식료품구입및 병원진료의어려움을 겪고있다.

공공어린이집이나 학교의 통학용차량을 공공기관에서 보조해서 특정지역의 셔틀차량처럼 운행하는 방안을 제시합니다.(제안 1)

노인분들의 시간개념이 떨어져 판단미숙으로인해 교통불편을 겪고있는 부분에 대해 조금이라도 도움이되리라고 제안을 신청합니다.",,,"- 먼저 교통행정 발전에 관심을 가져 주신 점에 대하여 감사의 말씀을 드립니다


- 귀하께서는 ""공공어린이집이나 학교의 통학용차량을 공공기관에서 보조해서 특정지역의 셔틀차량처럼 운행하는 방안""을 제안했습니다.


우리 도 역시 제안하신 오지어르신들을 위한 교통편의방안을 다각적으로 검토하고 있음을 알려드립니다.


- 아울러, 오지지역의 대중교통 이용불편을 해소하기 위해 수요응답형 교통모델인 시골버스, 동네택시 등을

도입하여 시행하고 있으며, 점차 확대토록 하겠습니다.


- 앞으로도 우리 도 교통행정 발전을 위해 지대한 관심과 협조를 부탁드립니다.


감사합니다. 



붙임 1. 국민제안신청서_2AB-1007-009789.",20240125,NA
폐교를 유기동물보호소로 활용하면 좋겠습니다.,행정/자치/안전,,답변완료,2010-07-12,2014-11-13,창원시,"우리 시에서 폐교되는 학교 부지가 나온다면, 그 곳을 유기동물보호소로 활요하기를 제안합니다.


제주도 도 자치단체에서 지은 유기동물보호소를 어린이들과 청소년, 학생들에게 생명 존중과 생명을 끝까지 책임지는 교육의 장으로도 한다는 뉴스를 보았습니다.


우리 시에서 하는 유기동물보호소도 보호하는 동물들을 10일이라는 너무 짧은 기간으로 대하지 말고, 이렇게 학생들의 견학 장소로 하여 충분한 기한을 두고 삶의 기회를 주면 좋겠습니다.


폐교되는 초등학교 부지의 경우, 유기동물보호소로 활용하는데, 최적의 장소인 것 같습니다.


첫째, 풀들은 동물들에게 진드기를 옮길 수 있는데, 운동장 바닥은 풀이 없어 좋구요,

또 살아있는 동물들의 운동 공간도 됩니다. 운동을 통해 하는 건강관리가 최고니까요.


둘째, 교실 공간들은 자원봉사자들이나 생태보호관광하러 온 분들의 숙소로 활용할 수 있습니다.

또한 우리 지역의 수의사분들의 적극 협조도 꼭 필요한데,

지역 수의사협회의 세미나나 모임 공간으로 교무실 공간을 쓸 수도 있습니다.


그래서 폐교하는 학교 부지의 경우, 건물도 보존하여 학교 역사 박물관도 하고,

버려진 동물들을 거두어 사랑으로 보호하고 길러주어

진정한 인간성을 보호하는 우리 지역사회의 공간으로 했으면 참 좋겠습니다.


개체 수의 적정 유지 방법은 입소시 중성화수술을 하고,

관할 지역 내에 반려동물을 기르는 사람들에게 끝까지 잘 책임지는 교육 캠페인도 벌이고,

입양을 위한 노력을 최대한 들이는 것입니다.


서울시 서초구 몽마르뜨 공원에 갔을 때, 모나미 볼펜사에서 사회환원사업으로 만든

반려동물 용변봉투가 비치되어있는 것을 보았습니다.

서초구의 관심이 없었다면 불가능한 일이었을 것입니다.

이렇듯 관심을 가지고 정성을 기울이면 얼마든지 변화가 가능합니다.


만약, 우리 시에서 폐교 건물이 안나온다면,

현재 보호소 시설의 학생들 견학 장소로서의 목적 전환을 해 보았으면 합니다.

그리고 꼭 새롭게 건립도 하면 좋겠습니다.

창원시 과학 체험관처럼  생명존중 체험장소가 꼭 있었으면 합니다.


입양도 지금보다 더 적극적으로 하고요.

현재, 시 홈페이지에서는 계류 공고를 하고 있는데,

이를 홈페이지 내에서 찾아내기도 어려울 뿐 아니라,

바로 사진이 뜨는 것도 아니고, 첨부파일을 열어보아야 하는 번거로움이 있습니다.

홈페이지에 따로 보이게 <유기동물실시간계류공고>라는 버튼을 만들고, 배너도 만들어

사람들이 쉽게 찾아볼 수 있도록 해야 겠습니다.


감사합니다.",,,"우리시에서는 최근 국도비를 지원받아 신설 보호소를 완공하여 운영중인 사항(창원보호소/'13년, 마산보호소/'08년, 진해보호소/'10년)으로 신규 예산을 투입하여 새로운 유기동물보호소를 만드는 것에는 어려움을 있음을 양해바랍니다.

  다만, 기존 운영중인 유기동물보호소 운영을 더욱 효율적으로 추진하여 시민이 만족할 수 있도록 노력하겠습니다.",20240125,NA
나의제안 결과 통보 전달 게시판을 만들어서  결과통보를 알려주게합시다.,기타,,답변완료,2010-07-11,2010-07-14,국민권익위원회,나의제안 결과 통보 전달 게시판을 만들어서  결과통보를 알려주게합시다.,,,"윤위석님 안녕하십니까? 국민제안에 대한 관심과 참여에 감사드립니다.

귀하께서 제출하신 제안의 요지는 ‘나의제안 결과 통보 전달 게시판을 만들어서 결과통보를 전달하라.’라는 내용으로 파악되며, 아래와 같이 검토결과를 알려드리고자 합니다.

귀하의 제안과 관련, 「국민제안규정」 제4조 제2호의 규정에 따라 ‘현행 제도 및 운영의 실태와 문제점, 개선방안 및 기대효과 등에 대한 사항’을 작성하는 일반 제안인에게 시급한 기능으로 사료되지 않아, 다양한 가능성을 고려하여 중장기 검토가 필요한 것으로 판단됩니다. 

금번 귀하의 제안을 채택하지 못하여 아쉽게 생각하며, 앞으로도 좋은 의견을 많이 제출하시면 국민신문고 운영 활성화에 최대한 반영할 수 있도록 적극적인 노력을 기울이겠습니다. 감사합니다.",20240125,NA
장애인용 전동차 및 자전거도로와 인도의 구분과 정비,행정/자치/안전,,답변완료,2010-07-10,2016-07-27,제천시,"1)현황 및 문제점: 

-장애인용 전동차의 지원과 보급으로 많은 장애우분들께 자유를 드렸으나, 사망등의 사고로 이어져 

위험함은 문제가 심각하다.

- 인도와 차도의 턱과, 노면의 울퉁불퉁함때문에 차도로 다니시는 전동차가 많다. 

- 야간에는 눈에 잘띄지 않아 위험하고

- 크기가 작아 앞차등이 가리면 사각지대에 가려질 수밖에 없어 위험하고,

-운전자들에게도 대형사고로 이어질 수있는 위험 그 자체이다. 

-또 안전모와 안전장비를 갖추지 않고 타므로 큰 사고가 될 수 밖에없다.


2)개선방안및 기대효과: 

1. 도로턱을 없애도록한다. 대체방해뭏설치등으로 보호할 수 있다.

-차도와의 경계는 놔두더라도, 인도와 인도의 도로턱을 없애서 통행할 수 있도록한다: 자전거도 안전한 길을 확보할 수 있으므로 환경운동과 국가경제등에 이익이된다.

-울퉁불퉁 보도블럭을 대체할 수 있도록 한다. 

2. 장애우용 전동차를 보급시 반드시 안전모와 안전조끼, 스티커, 안전교육을 실시 한다.

3. 장애우용 전동차에 형광을 입힌다.",,,"안녕하세요. 귀하의 제안참여에 감사드리며 귀하의 제안에 대하여 다음과 같이 회신하여 드립니다.


귀하의 제안은 장애인 전동차의 통행 안전을 위하여 인도와 인도의 도로 턱을 제거하고 대체방해물을 설치하자는 제안과 장애인용 전동차 보급 시 반드시 안전모와 안전조끼, 스티커, 안전교육을 실시하자는 제안 등 크게 두 가지 제안으로 판단됩니다.


귀하께서 제안하신 사항을 검토한 결과는 다음과 같습니다.

- 우선, 인도 도로 턱 제거는 보행자들의 안전을 위해 실현이 어려우며, 교통약자 이동편의 증진법에 따라 횡단보도 및 보도와 보도의 연결구간은 보도를 낮춤시공하여 보행에 불편이 없도록 정비를 추진하고 있음을 알려드립니다. 또한 보도의 노후로 인한 노면 불량은 보도정비 계획에 의거 연차적으로 추진하고 있음을 알려드립니다.  

- 장애인 전동차 안전 지원 제안에 대하여 우리시는 제천시 장애인 휠체어 등 수리지원에 관한 조례 규정에 의거 장애인보장구에 대한 무상수리를 지원하고 있으며, 수리 시 형광판을 부착하고 있습니다. 또한, 장애인보장구의 안전한 이동권 확보를 위해 상 ·하반기 2회에 걸쳐 사용자에 대한 안전교육을 실시 및 무상수리 등을 실시하고 있습니다.

  더불어 안전모 및 안전조끼 보급은 예산 확보가 필요한 사항으로 담당부서와 협의 등 장기적인 검토가 필요할 것으로 보입니다.



- 위와 같은 사유로 귀하의 제안을 즉시 수용하지 못하는 점을 이해하여 주시기 바라며, 그밖에 문의사항이 있으실 경우 노인장애인과 (☎641-5351), 건설과 도로팀(☎641-6144)으로  연락주시면 성심성의껏 답변해드리겠습니다. 귀하의 제안참여에 다시 한번 감사드리며 앞으로도 적극적인 참여를 부탁드립니다. 감사합니다.",20240125,NA
성범죄 예방 및 사전방지 시스템도입,행정/자치/안전,,제안심사,2010-07-10,NA,경찰청,"1.기존의 CCTV는 사후관리 시스템으로 모든 범죄가 저질러진 후 번죄자 색출의 의미가 있으므로 학교 및 공공장소에 전자발찌 감지 시스템을 도입하여 무단출입시 설치장소내에 경광등(경고사이렌) 작동, 가까운 경찰서나 지구대 자동알림기능 등이 될 수 있도록 성범죄 및 기타범죄가 사전에 방지될 수 있도록 하는것이 좋을것 같습니다.

범죄방지 시스템을 도입.

2.학교 및  어린이집  학생(원생)들에게 스마트카드를 배포하여 무단출입자 발생시 교(원)내 경광등(경고사이렌)작동 및 가까운 경찰서나 지구대 자동알림기능 포함.

3.경찰 인력이 부족하다면 자율방범대원  확충 및 범죄 방지 도우미(직업, 병원기록, 학력,  형사기록 등 철저히 검토 후 선정)등의 제도 개선",,,NA,20240125,NA
민방위 훈련을 지역 방범으로 전환 시급,행정/자치/안전,국민제안_자율방범대편성_2010.ppt,제안심사,2010-07-09,NA,경찰청,"안녕하십니까?

날로 급증하는 각종 범죄를 접하면서 이대로 있어서는 안 될 것 같아 '국민제안'을 올립니다.

현재 유명무실하게 시간 때우기 식으로 진행되고 있는 민방위 훈련은 

개인에게나 국민에게나 무의미하고 혈세의 낭비만 발생합니다.

각 개인이 받아야 할 민방위 훈련 시간을 자기 지역의 자율방범에 할애한다면,

지역사회의 범죄예방으로 밝고 살기좋은 우리 지역 만들기에 일조할 수 있다고 봅니다.

현재의 경찰 인력으로는 오늘날 급증하는 아동,여성 대상 성범죄나 청소년 범죄 등을

모두 책임질 수 없다는 것은 국민들 모두가 공감하는 사실입니다.

그렇다고 해서 날로 지능화되고 흉악해지는 범죄를 이대로 보고만 있을 수는 없기에,

범죄발생을 미연에 예방하기 위해 이제 국민들이 스스로 발벗고 나설 때라고 생각합니다.

국민의 자발적 참여나 국가의 참여유도 정책 등을 통해 전국에 확대된다면

지금의 어려운 현실을 조금이나마 타개해 갈 수 있으리라 봅니다.

구체적인 안을 첨부파일로 올려 봅니다.

한 개인의 목소리가 열이 되고 백이 되어 온 강산에 퍼지기를 기대해 봅니다.

수고하십시요!",,,NA,20240125,NA
아동 & 성인 성 범죄 예방과 대책,행정/자치/안전,,제안심사,2010-07-09,NA,경찰청,"1. 성인 : 단순하게 공론화를 시켜서 여중학생이상 성인 여성들의 통금시간을 정 하여 실시하는

              데 시민의 의사를 투표로써 찬.반을 물어서 법제화 하면 범죄가 줄어들것임.


2.어린 초등학생 : 대한민국 운휴노인들을 총 동원하여 등,하교 지킴이로 적은비용을 투입하여 

                           운용한다.


      1)여자 초등생 : 학교와 그 지역을 연고지로 할머니들이 등.하교를 책임지고 활동한다.

      2)남자 초등생 :          ""               ""              할아버지들이 유괴와 범죄를 막도록 학생 대

                              예방원(할머니,할아버지)과 동네별로 맨투맨 혹은 그룹단위로 책임지고

                              활동하도록 1),2)항 을 실시한다.

★ 전국에 수없이놀고계시는 노인들이 얼마나 많습니까?

       1)노인들의 자원봉사제도 또는 유급으로 하든 제도를 마련합시다.

       2)학.경력을 심사하여 책임감이 투철한 노인들로 구성하여 자라나는 청.소년들을 

          대한민국의 미래를 위하여 준비 합시다.

       3)성 범죄로 인한 가족들의 충격과 슬픔을 어떠한 방법을 강구해서라도 근절시키도록

          기관에서 최선을 다 합시다.

       4)건강한 노인들의 힘을 빌려 살기좋은, 안심하고 학,유치원을 보낼 수 있도록 합시다.

       5)문제의식을 가지고 원인을 들여다보면 반드시 대책의 결과물을 얻을 수 있습니다

★위 제도와 더 참신한 아이디어를 간절히 기대하면서 애쓰시는 장관님과 모든분들의 노고에

    위로와 격려를 드립니다.


★이 사회에 운휴되고있는 노인들을 운용할 수있는 PROGRAM을 꼭 개발하여 주십시요.

    감사합니다.",,,NA,20240125,NA
선박 난파및침몰시 표식용 부표설치,국토/교통/농림/해양,,답변완료,2010-07-08,2010-07-16,국토해양부,"올해 들어 욕지도 근해 모래선 침몰.천안함 격침과 수색작업에 합류한 금양호

실종 등 가족과 주변사람 나아가 국민들의 가슴을 메이게하는 큰 해난 사고가

일어날때마다 공통적인 목소리 배는 어디에 있는지 시신이라도 찾았으면 하고 

목을 멘다. 넓은 바다에서 열길 백길 바닷속에 침몰한 배를 찾기위해 애간장을 태운다.

특히 거제 태생이면 주변 친척 이웃이 대다수 어업에 종사하며 남의 일이아니고 

내 일일 수 있습니다.

위의 개선안으로 모든선박에 줄을 메단 부표를 휴대토록하여 선박의 조난 침몰시 위치를

표시함. 부표에 각시군의 마크와 선명을 새겨 운항항는 해상의 수심깊이의 줄에 매달아 

선상작업시 방해가 되지않는 마스타나 갑판 상부에 뚜껑이 열린 상자에 줄을 곱게 사려

두도록하여 사고시 배의 부표를 보고 신속한 구조가 될수 있을것입니다.

제안이 채택된다면 계몽후 의무화하여 해난사고처리에 도움이 되길 바랍니다",,,"송학수 고객님 안녕하십니까?

침몰선박 수색인양 등 해양안전에 대한 관심과 애정을 가지고 고견을 보내 주신데 대하여 깊은 감사를 드리며 고객님께서 제안하신 내용에 대해 아래와 같이 답변 드립니다.


1. 제안내용


  줄을 매단 부표를 갑판 상부에 비치토록 하여 침몰선 수색구조시 활용 


2. 다음과 같이 답변 드립니다.


  선박은 인명과 선박 자체의 안전을 위하여 국제협약에서 정한 사항과 선박안전법 등 국내법에서 정한 사항에 따라 소방설비, 구명설비 등 각종 안전설비를 설치 또는 비치하여야 합니다.


  조난선박의 수색구조를 위하여 현행 국제협약과 선박안전법에는 선박이 침몰시에 조난신호와 조난위치를 위성을 통해 즉시 알려주는 위성위치표시장치(EPIRB)를 의무적으로 설치토록 하고 있습니다. 

  동 설비는 침몰시 수압센서에 의해 자동적으로 부양하며 침몰선박의 위치를 위성을 통해 즉시 알려주므로 조난시 신속한 수색과 구조를 용이하게 하여주는 장비라 할 수 있습니다.


  따라서 조난위치를 표시하는 장비는 이미 EPIRB와 같은 기존 설비가 개발되어 선박에서 사용중에 있으며 줄을 연결하는 문제는 수심이 깊은 경우 오히려 부양을 제한하는 요소가 될 수 있음을 알려드립니다.


  해양안전에 대하여 고객님께서 보여주신 관심과 고견에 대해 다시 한번 깊히 감사드리며 추가 문의사항이 있을 경우에는 우리부 해사기술과(이인수 사무관, 전화 02-2110-8587, isulee@korea.kr,)로 문의하여 주시면 친절히 답변해 드리도록 하겠습니다.  감사합니다.",20240125,NA
선박 난파및침몰시 표식용 부표설치,국토/교통/농림/해양,,답변완료,2010-07-08,2010-07-29,농림수산식품부,"올해 들어 욕지도 근해 모래선 침몰.천안함 격침과 수색작업에 합류한 금양호

실종 등 가족과 주변사람 나아가 국민들의 가슴을 메이게하는 큰 해난 사고가

일어날때마다 공통적인 목소리 배는 어디에 있는지 시신이라도 찾았으면 하고 

목을 멘다. 넓은 바다에서 열길 백길 바닷속에 침몰한 배를 찾기위해 애간장을 태운다.

특히 거제 태생이면 주변 친척 이웃이 대다수 어업에 종사하며 남의 일이아니고 

내 일일 수 있습니다.

위의 개선안으로 모든선박에 줄을 메단 부표를 휴대토록하여 선박의 조난 침몰시 위치를

표시함. 부표에 각시군의 마크와 선명을 새겨 운항항는 해상의 수심깊이의 줄에 매달아 

선상작업시 방해가 되지않는 마스타나 갑판 상부에 뚜껑이 열린 상자에 줄을 곱게 사려

두도록하여 사고시 배의 부표를 보고 신속한 구조가 될수 있을것입니다.

제안이 채택된다면 계몽후 의무화하여 해난사고처리에 도움이 되길 바랍니다",,,"안녕하십니까 농림수산식품부 어업정책과입니다

평소 어선어업 부분에 관심을 가져주셔서 깊이 감사드립니다

귀하께서 제안하신 내용에 대하여 아래와 같이 회신하여 드립니다

귀하께서 제안하신 줄을 매단 부표를 이용하여 해양사고 선박의 위치를 파악할 수 있는 방법이 될 수도 있으나, 현재 관련법령에 따라 선박에서는 신속한 수색 구조 및 사고위치를 알려주는 구명설비 등 각종 장비를 비치하고 있으며, 효율적인 해양사고 방지 및 선박위치추적장치를 이용한 사고 선박의 위치확인 시스템 구축 등을 검토하고 있음을 알려드립니다.",20240125,NA
"치안관리 문제점 해소 및 실버인력 ,군면제자 활용방안",행정/자치/안전,,제안심사,2010-07-07,NA,경찰청,"현행 치안관리 실태 및 문제점


1. 현재 경찰인력 만으로는 늘어만가는 강,절도 및 부녀자 성폭행 특히 아동 성범죄에 대한 예방 및 유기적 관리가 매우 어려움

  0. 경찰인력만 가지고는 각 분야별 업무처리만으로도 녹녹치 않은 상황에서 발빠른 초동대처 및 예방 , 범인검거등에 한계가 있슴.

  0. 산더미 같은 처리업무가 있음에도 지역 치안 또는 아동성범죄등의 문제까지 경찰의 힘으로 해결을 요하는 것은  엄청난 무리가 따름


2. 개선방안

  첫째. 사회적 정년을 채우고 일선에서 물러나 쉬고 계신 어르신들을 학교 주변 및 아이들 등,하교길 특히 외진 골목길등을  돌아다니시며 순찰 하시는 업무를 부여함. 물론 유급이여야 겠지만 최소한의 비용으로도 어르신들 일자리도 만들어 드리고 치안도 다스릴수 있을 것임. 현재 몇몇 학교에서 시행하고는 있지만 국가 전체적으로 제도를 만들어 시행하자는 것임.

  둘째. 군면제라고 해서 국방의 의무를 하지않는 것또한 평등의 원칙에 어긋난다고 생각하는 바이며, 신체적 급수 미달로 면제를 받은 자들을 대상으로 일정기간 지역순찰 업무를 부여하는 것임.   그로 인하여 강,절도 및 아동 성범죄등을 예방하자는 것임.


3. 기대효과

  0. 아무리 웃어른 공경의 자세가 땅에 떨어진들 어른들의 말씀을 들어야 하는 것이 인간의 도리임. 가장 웃어른에게 일할 기회를 부여해 드리고 혹여라도 나쁜 마음을 먹은 자라 할지라도 이분들을 보고 실행에 옴ㄹ기지 못하게 하자는 것임.


  0. 군면제자는 면제받았다고해서 국방의 의무가 끝난것이 아님. 고로 각 지역(동네)마다 이들을 활용하여 범죄의 처리가 아닌 예방업무를 할 수 있도록 국방의 의무를 대체하는 효과가 있으며 


  0. 아무리 CCTV를 설치하고 관리감독 한다해도 사람이 직접 돌아다니며 감시한다는 것만큼의 예방효과는 없다고 판단됨.


  마지막으로 이 제안은 성범죄로 부터 어린 아이들을 보호하고자 하는 마음에 발상을 하게 된것임. 사람의 몸으로 사람의 눈으로 감시하고 통제하는 것만이 가장 큰 예방책임

이 세상에 남자와 여자가 존재하는 한 성범죄는 보이지 않곳에서 끊임없이 자행 될것임.

부디 끊이없이 감시하고 또 감시한다는 것을 범죄자들이 알아야만 예방에 효과가 있을것임. 

이상 성남에서 조재천 드림.",,,NA,20240125,NA
우리나라는 정부가 말한대로 물 부족   국가인가요?,행정/자치/안전,,제안심사,2010-07-06,NA,강남구,"7월5일 저녁11시경 강남 청담동에서 신사동 방향으로 물트럭3대가 강남대로를 

물바다로 만들더군요.저녁이라 낮보다 더위도 덜하고 마침 2만원주고 세차한 제 차도 

만신창이가 되었습니다.세계 어디도 이렇게 무계획적으로 물을 낭비하는 나라는 없습니다.

세금낭비고 물차운전수는 버리는 물은 수도물이 아니고  지하수라 그러는데 수도물의 80%는 전기세라고 합니다.그만큼 물을 끌어올리는데 전기가 필요하다는 것이죠.

바닥에 물을 뿌리고 그 물을 맞은 차들은 다시 세차하려 물이 필요하고 세차할때 세제와 

더러움으로 하천은 시궁창이 되어가죠.1년간 물차에게 주는 돈도 엄청날텐데 

세금 그런데 낭비하게 하지 마십시요.",,,NA,20240125,NA
"청소년 보호구역, 어린이 보호구역, 청소년 금지구역 등의 명칭 정립 및 개선",행정/자치/안전,,제안심사,2010-07-06,NA,경찰청,"* 현실태 및 문제점

   - 용산역 앞의 윤락가 입구에 ""청소년 보호구역""이라는 문구가 되어 있으며, 수원 등을 비롯한 여러 윤락가에 ""청소년 보호구역""이라는 용어를 사용


* 관련법규를 보면 ""청소년 보호구역""이라는 법적 근거는 찾을 수가 없었으며, 청소년 통행금지구역에 대해서는  청소년보호법에 다음과 같이 기술되어 있습니다.  

제19조의3(청소년통행금지구역 등의 설정) ①법 제25조의 규정에 의한 청소년통행금지구역이라 함은 청소년의 통행을 24시간 금지하는 구역을 말하고,청소년 통행제한구역이라 함은 청소년의 통행을 일정시간 제한하는 구역을 말한다. 다만, 친권자, 후견인, 교사 기타 당해 청소년을 보호할 수 있는 보호자를 동반하는 때에는 통행할 수 있다.


②관할 국가경찰서장은 청소년통행금지구역 또는 청소년통행제한구역에 청소년의 통행이 금지 또는 제한될 수 있도록 경찰상 필요한 조치를 하여야 한다.<개정 2006.6.29>


③법 제25조제4항의 규정에 의하여 청소년통행금지ㆍ제한구역을 통행하고자 하는 청소년의 통행을 저지하거나 또는 통행하고 있는 청소년을 해당 구역밖으로 퇴거시키기 위하여 관계공무원은 외견상 청소년으로 보이는 자에 대하여 신분증의 제시를 요구할 수 있다.


즉, 사창가 입구에는 ""청소년 보호구역""이 아닌 ""청소년 통행금지 구역"" 또는 "" 청소년 통해제한 구역"" 등이 되어야 할 것임.


* 또한 보호구역이라는 용어가 사용되는 ""어린이 보호구역(스쿨존)""의 경우 ""어린이 보호구역의 지정 및 관리에 관한 규칙""에 명시되어 있으며,  ""어린이 보호구역""의 의미는 다음과 같이 해석할 수 있습니다. 

 - 보행자가 존재할 가능성이 있는 학교로 이어진 횡단보도 주변이나 학교 가까이에 있는 도로의 지역을 말한다. 스쿨 존(school zone)이라고도 부르며 청소년들이 안심하고 활동할 수 있도록 설정된 안전 지대를 뜻하는 ""블루 존""(blue zone)과 비슷하다. 어린이 보호구역은 일반적으로 특정한 시간 동안에 속도 제한을 도입하고 있으며 자동차 운행을 금하는 경우도 있다.


* 결론

  - 이러한 의미들을 볼때 사창가에 붙은 ""청소년 보호구역""을 해석하면 청소년이 안심하고 활동할 수 있도록 설정된 안전지대로 해석될 수 있습니다. 물론 느낌상으로 ""청소년 보호구역""이라하면 청소년이 보호받아야 되는 구역이니까, 들어가면 안되는 구역이라 생각하는 사람도 있겠지만, 위에서도 설명한 것처럼 해석될 수도 있으므로  경찰서나 국토해양부.. 등등의 공공기관에서 법적용어로 사용하는 용어를 통일하고, 느낌상으로 용어를 사용하는 일이 발생하지 않도록 했으면 합니다.",,,NA,20240125,NA
주민자치 센터 야간 이용을 허락해 주세요!,행정/자치/안전,,제안심사,2010-07-05,NA,성북구,"현황: 현재 주민자치센터의 야간 사용이 원활하지 못하네요! 이유는 직원의 야간 근무를 해야하기 때문이랍니다. 보안유지 때문인건 알고 있지만 직장을 다니는 주민들은 운동을 하고 싶지만 장소 문제로 운동을 할 수 없답니다. 물론 체육관을 이용하면 되겠지만 3d업종에 종사하는 주민들은 한달 적은 월급으로 비싼 돈 주고 할 수없습니다. 한달에 만원이나 만오천원 정도의 실비로 운동을 하고 싶어하지만 잘 지어진 동 주민센터가 무용지물인 샘이죠  주민 복지를 위하여 조금의 희생이 있으면 좋겠습니다.


개선방안: 3D업종의 직장인들은 적은 비용으로 운동을 할 수 밖에 없는 형편이지만 야간의 운동 프로그램은 잘 없습니다. 주민자치센터의 직원에 대한 보수는 관에서 지급하고 서민들의 고충을 생각하여 많은 프로그램을 운영 할 수 있게 해 주세요!  세금으로 지은 주민센터 많은 주민이 이용하면 얼마나 좋을까요!

몸도 마음도 건강하면 의료보험 공단에서 얼마나 좋아 할까요!



기대효과: 서민들도 돈 만원정도 내고 부담없이 운동할수 있게 한다면 성인병 예방에도 도움이 되고 국민의료보험의 고충도 들어 줄 수 있어 기대효과는 크다고 생각합니다.

특히 대사증후군과 비만이 문제인 지금  장소가 없어 운동을 할 수 없다는건 비극이라고 생각합니다.

보건소에서의 관리와 주민센터의 운동으로 연계가 될 수 있다면 더더욱 기대효과는 배가 되지 않겠습니까

항상 수고해 주시는 관계자님께 감사드립니다.",,,NA,20240125,NA
근린공원에 농구대를 2~3개이상 설치하여 청소년을 건전한 방향으로 인도 합시다.,행정/자치/안전,,제안심사,2010-07-05,NA,강남구,"현재 청소년이 이용할 수 있는 시설이 턱없이 부족한 형편입니다.

어디가서 이용할수 있는 공간도 없고 마음놓고 이용할수 있는 시설도 없습니다.

청소년범죄가 증가하는 현상입니다.

그래서 청소년들이 스트레스를 풀수 있는 공간이 운동을 할 수 있는 장소입니다.

축구는 학교운동장에서 하지만 농구는 쉽게 이용할 수 있는 가까운 공원에 설치하면

공부에 지친 많은 청소년들이 이용할 수 있습니다.



현재 근린공원에는 베드민턴장정도가 있습니다.

물론 시설이 갖춰진 곳도 많습니다.

하지만 가까운 공원이나 휴식공간에 농구대를 설치하면 좋겠습니다.

농구장처럼 풀코트를 원하는 것이 아니라 농구대를 가로로 몇개 정도를 

설치하면 많은 청소년들이 이용할 수 있습니다.

풀코트의 농구장을 만들면 두팀이 이용할 수 있습니다.

그 공간에 농구대를 설치하면 6~7개정도를 설치할 수 있습니다.

농구대를 이동식으로 설치해도 좋겠지요.



가까운 공원에 청소년들이 이용할 수 있는 시설이 많이 있으면 

청소년범죄도 줄일 수 있습니다.

청소년들이 이용할 수 있는 시설을 많이 만들면 건전한 사회로 간다고 생각합니다.

공부를 하다가 힘들때 갈 수 있는 공간을 어른들이 많이 만들어 줘야 합니다.


농구장이 있다면 청소년들이 건전한 방향으로 놀이문화를 즐길 수 있습니다.

현재 부족한 농구장을 이용할려고 멀리까지 가지 않아도 됩니다.

청소년들은 많이 뛰어놀고 건전한 방향으로 갈 수 있을것입니다.

수많은 청소년범죄가 사라집니다.",,,NA,20240125,NA
50대 이상 어머니는 어디로 ,행정/자치/안전,,제안심사,2010-07-03,NA,경찰청,"생활공감주부모니터단-   7월달 제안




50대이상~ 60대사이 주부들의 소외된 시간을 삶의 진리로 베푼다면 참으로 보람있는 선물입니다.

요즘 범죄가 점점 늘어나 안심하고 외출하고 밤길에 어린이,청소년,노약자 방과후

잘 다닐수 있어야 하는데 오래 전 방범대원이 동네를 지키고 하였다.


자식을 다 키워 놓고 일하고 싶어도 50대이상 주부. 어머니들의 특별한 자격이 없으면 취업하기가 어렵다.


나이 제안 걸림돌 써 주지도 않다는것 잘 아시나요.

오히려 시간, 능력, 책임감 더 강하다 봅니다.

서울시에서는 앞으로 사회적 행복한 도시. 일자리 지원대책.  복지사회 자원도 확대해 나가신다는 것으로 알고 있습니다.


지역에 살면서 아이들을 낳고 정착할 수 있도록 교육수준.주거환경에 투자를 집중적으로 탄생하여 50대이상(어머니) 주부들이 많은 시간 삶을 높여 중앙정부에서 지방단체장님께서 관심을 주셔야 할때라 생각합니다.


지난 ""2009서울시 유동인구조사원""으로 활동하면서 민원사 지역발전에 새로운 공감대가 형성하면서 지역에  많은 도움이 되어 발전하고 있습니다.




자식을 다 키워놓고  할일을 만들어 어머니의 사랑과 관심을 우리 한국청소년.아동지킴이 안전과 확보를 위한 어머니 폴리스 역활로서 생활공감 주부모니터단 이 지역별 활발한 봉사활동으로 통해 주부가 참여 해주고 일상생활에 편익을 위하여 우리사회 희망의 바탕으로 확산해 나가길 바램입니다.





예:  -구로구청 홈페이지 새소식 .고시공고 -


                          ㅁ주부 순찰요원ㅁ



 ㅁ.지원 자격:거주한지 10년이상 50세 이상~60세미만 신체건강하고 대응 잘하는 주부 


 ㅁ.근무시간 :12시~24시 


 ㅁ.모집인명/갑.을 1조- 4명씩 근무조 -13개조  각 지역구 인원:예산계획 모집(52명)


 ㅁ.지역구 학교주변 우범지역  보도로  순회.순찰(소품/호르라기.경광등.무전기)


 ㅁ. 복장:여 경찰복 명찰마크(주부 순찰요원)


 ㅁ. 급여:행정인턴월급 정도(60만원)


 ㅁ. 4대보험


 성폭력 없는 문화 바로 한국어머니들의 열정을 합쳐 ""주부 순찰요원""으로 조직내 일을 스스로 찾아 명예로운 여성공감 정책에 자부심을 갖고 경제력. 적극적추진 해주시면 감사하겠습니다.

저는 2006년부터 현재 인터넷명예경찰관 시민참관 음주단속현장,방범순찰.녹색어머니회 봉사활동 경험한바 ""청소년 보호 켐페인"" 보다는 방과후 현장에서 느끼며 새로운 체감 제도적 기반을 바탕으로 확산해 좋은 일자리 보다는 야밤에 어린이.청소년 .노약자 보호도 되고 보람있고 따뜻한 이웃사랑. 나누기. 성폭력범죄가 줄어 들어  배려와 관심이 여러분의 아이들한테 돌아갈 것입니다. 모두가 우리 사랑하는 아들,딸입니다.




주부 일자리도 만들고 명예로운 일도하고 많은 월급 보다는 예산절감으로 서울시에서 

자격을 현재 경찰서명예경찰관,방범순찰대원,청소년선도위원,자원봉사자,녹색어머니회 풍부한 경험자 바탕으로 하며 추진 사회적 행복한 도시 한국어머니 힘 더하기 행복한 사회 자신있게 실천 하도록 제안드리고 싶어 저의 소망을 올림니다.




 대단히 감사하겠습니다.",,,NA,20240125,NA
핸드폰 모바일 상품권 사용,기타,,제안실현,2010-07-02,2010-07-30,국민권익위원회,"권익위의 노고에 늘 감사를 드립니다.


제안시상시 핸드폰 모바일 상품권을 사용하면 우편물 반송으로 인한 예산낭비를

방지할수가 있다고 사료되오니,


이에 대한 검토를 바랍니다.


감사합니다.",,,"국민신문고 국민제안 코너에 깊은 관심을 가져주신 데 감사드립니다.


국민제안 우수참여자 시상시 우편물 반송 등으로 인한 예산낭비 방지를 위해

핸드폰 모바일 상품권을 사용하자는 제안의 취지에 대해서 깊이 공감을 하고 있습니다.


다만 모바일 상풍권의 경우에는 여러제약이 있어 시행하는 데 어려움이 있으나,

이를 대체할 만한 수단으로 이메일 상품권 등이 있어 향후 국민제안 우수참여자 시상시 반영토록 하겠습니다.


이메일 상품권 사용으로 향후 상품권 배송료 절감 등의 기대효과가 있을 것으로 사료됩니다.


다시 한 번  좋은 제안을 해 주신 데 대해 감사드립니다.",20240125,2010년 국민제안 우수참여자 시상시 모바일상품권 이용
"국민신문고~우편발송시 수취인""~부담으로~",기타,,답변완료,2010-07-02,2010-07-05,국민권익위원회,"-국민신문고""에 우편으로제안서  접수시 발신자가 우표를


 부치게 되므로 우체국이나 우표 파는 곳에 가는 불편함이


 있습니다.


-국민신문고""제안이나 민원을 우편으로 보낼시 ""수취인""


 부담으로 보내게 되면 제안자의 편리함과 경제적 부담도


 덜어 주는 효과가 예상됩니다.",,,"문성두님 안녕하십니까? 국민제안에 대한 관심과 참여에 감사드립니다.

귀하께서 제출하신 제안의 요지는 ‘제안이나 민원 우편물을 수취인 부담으로 접수 처리 할 것을 제안한다.’라는 내용으로 파악되며, 아래와 같이 검토결과를 알려드리고자 합니다.

귀하의 제안과 관련, 제안이나 민원뿐만 아니라 모든 우편물이 위원회를 경유하여 무료 이용이 가능할 수 있으므로, 막대한 예산이 소요될 수 있는 등 다양한 가능성을 고려하여 중장기 검토가 필요한 것으로 판단됩니다. 

금번 귀하의 제안을 채택하지 못하여 아쉽게 생각하며, 앞으로도 좋은 의견을 많이 제출하시면 국민신문고 운영 활성화에 최대한 반영할 수 있도록 적극적인 노력을 기울이겠습니다. 감사합니다.",20240125,NA
간판이 너무하 복잡해요 ,행정/자치/안전,,제안심사,2010-07-01,NA,김포시,"사우동 사거리에 있는 건물들은 건물주들이 자율적으로 한것인지 간판정리가 잘 되어 있습니다..그러나 사거리 바러뒤 먹자골먹만 가도 간판이 복잡하게 들어서 있습니다.


사우동 사거리에 있는 건울들의 간판이 정리가 된것과 같이 김포의 중심인 사우동만 이라도 간판 정리가 좀 되었습합니다.


김포의 중심이 정리 정돈이 잘된것 을 보면서 김포는 도시 공공 디자인이 잘되어 있구나 하는 생각을 할 것입니다.",,,NA,20240125,NA
2010년 상반기 마지막 제안.,기타,,답변완료,2010-06-30,2010-07-01,국민권익위원회,"-2010.6.30일 상반기 마무리 제안입니다.


-국민신문고""에 올려 주신 제안과 민원에 감사드립니다.


-채택,불채택의 의미를 크게 두고 ""국민신문고""를 두들기는


 패널들은 그리? 만치 안타고? 생각됩니다.


-국민신문고 ~주체(국민권익위,행정안전부)가 가장 많은


 노력과 열정에 개인적 찬사를 보냅니다.


-보잘것 없는? 제안도 채택하는 행정부처도 있고,~꼭 필요한


 제안""인데도 여타한 여건? 때문에 ~밑거름""으로 남게 됩니다.


-~~때로는 패널이나,심사자도 힘든 경험을 많이 했다고 봅니다.


-이러한 ~좌충우돌""~하지 않으면 ""국민신문고""~가 유명무실~


 하다고~~~생각됩니다.


-~""우수마발""과 같은 저의 제안에 귀 기울려 주신 모든 분에게


 행복과 행운이 함께 하시길 기원합니다.


-2010년 하반기에는 세계""를 살리는(환경,경제,문화등) 참신한


 제안을 ""국민신문고""에 올려 주십시요!!!",,,"안녕하십니까?

국민신문고를 방문해 주셔서 감사합니다. 


국민제안은 국민이 정부시책 또는 행정제도・운영의 개선을 목적으로 중앙행정기관의 장, 지방자치단체의 장 또는 특별시・광역시・도・특별자치도 교육감(행정기관의 장)에게 제출하는 창의적인 의견 또는 고안으로서, 


1. 일반적으로 공지되었거나 이미 이용되고 있는 것 

2. 타인이 취득한 특허권・실용신안권・디자인권・저작권에 속하는 것이거나 [공무원 직무발명의 처분・관리 및 보상 등에 관한 규정] 에 의하여 보상이 확정된 것 

3. 이미 채택된 제안이거나 그 기본구상이 이와 유사한 것 

4. 일반 통념상 그 적용이 불가능하다고 판단되는 것 

5. 단순한 주의 환기・진정・비판・건의 또는 불만의 표시인 것 

6. 국가나 지방자치단체의 사무에 관한 사항이 아닌 것 


등은 해당되지 않으며, 귀하의 의견은 행정제도 및 운영의 개선을 위한 제안내용이 아닌

단순 건의 및 의견개진 이라고 판단되는바 제안심사대상외로 처리하겠사오니 널리 양해바라며,

앞으로도 많은 관심과 참여 부탁드리겠습니다. 


국민의 곁에서 늘 깨어있는 국민신문고가 되도록 노력하겠습니다. 

감사합니다.",20240125,NA
"네이버나 다음이나 국민신문고에  몇명이 접속 되어있는 숫자를 알려주게합시다,.",기타,,답변완료,2010-06-30,2010-07-06,국민권익위원회,"네이버나 다음이나 국민신문고에  몇명이 접속 되어있는 숫자를 알려주게합시다,.",,,"1. 국민신문고에 대한 관심에 감사를 드리며, 귀하께서 신청하신 제안(1AB-1006-009018, 네이버나 다음이나 국민신문고에 몇 명이 접속 되어

    있는 숫자를 알려주게합시다.)대한 검토결과를 다음과 같이 알려드립니다.

2. 답변사항

  ○ 귀하께서 국민신문고 국민제안에 제출하신 내용에 구체적인 제안  내용이 작성되어 있지않아, 검토하기 어려우니, 구체적인 내용을 작성

      하여 신청하시면 검토후 결과를 안내하여 드리겠으니, 양해하여 주시기 바랍니다.

3. 제출하신 의견은 내용이 불분명하여 채택하지 않음을 양해하여 주시기 바랍니다.

4. 상기 내용 이외에 추가로 궁금하신 사항은 국민신문고담당관실 정진덕조사관(02-360-2750)에게 연락하여 주시기 바라며, 귀하와 귀하의

    가정에 건강과 행운이 항상 함께하기를 기원합니다. 끝.",20240125,NA
"""국민권익위원회~주요 정책 실천현안""",기타,,답변완료,2010-06-30,2010-07-29,국민권익위원회,"-정부의 각부처 마다 ""주요현안""이 있습니다.


-""국민권익위원회"" 홈페이지에 다음과 같은


 ""주요현안""을 두고 위원회의 역점 정책으로


 펼치는 방안입니다.



-~~~""국민권익위원회 주요 정책 실천현안""~~~~~


---창의적 국민제안 활성화


---공정,신속한 민원해결


---토착화된 부정부패 척결


---청렴한 사회생활 문화 정착


-국민권익위원회""~무궁한 발전을 기원하면서


 제안서 상신합니다.",,,"안녕하십니까? 문성두 님! 

먼저, 우리 위원회 업무와 관련한 좋은 의견을 주셔서 감사드립니다.

귀하께서는 창의적 국민제안 활성화, 공정․신속한 민원해결, 토착화된 부정부패 척결, 청렴한 사회생활 문화 정착을 위원회 역점 정책으로 추진하자는 제안을 제출해 주셨습니다.

이와 관련하여 우리 위원회에서는 2010년 중점추진과제로 선정하여 현재 추진 중에 있는 사항으로 불채택함을 알려드리며,

자세한 사항은 우리 위원회 홈페이지 공통자료 코너에 게시된 '2010년 연두업무계획' 자료를 참고하시기 바랍니다.

앞으로도 저희 위원회에 많은 관심 부탁드리며, 귀하의 가정에 행운과 건강이 가득하시길 바랍니다.",20240125,NA
부정부패 포상금제도를 만들어 주십시요,기타,,답변완료,2010-06-30,2010-07-02,국민권익위원회,공무원들이 부정부패를 신고하면 포상금을 주게합시다.,,,"부패행위 신고에 대한 포상금 제도는 '부패방지 및 국민권익위원회의 설치와 운영에 관한 법률'에 의해 

이미 시행되고 있습니다. 

* '부패방지 및 국민권익위원회의 설치와 운영에 관한 법률' 제68조 제1항

  : 위원회는 이 법에 따른 신고에 의하여 현저히 공공기관에 재산상 이익을 가져오거나 손실을 방지한 경우 또는 공익의증진을 가져온 경우에는 신고를 한 자에 대하여 상훈업 등의 규정에 따라 포상을 추천할 수 있으며, 대통령령으로 정하는 바에 따라 포상금을 지급할 수 있다. 

* '부패방지 및 국민권익위원회의 설치와 운영에 관한 법률' 시행령 제71조

  : 법 제 68조제1항에 따라 포상금을 지급할 수 있는 경우는 다음 각 호의 어느 하나에 해당하는 경우를 말한다. 

    1. 부패행위자에 대하여 공소제기/기소유예/기소중지, 통고처분, 과태료 또는 과징금의 부과, 징계처분 및 시정조치 등이 있는 경우

    2. 법령의 제정/개정 등 제도개선에 기여한 경우 

    3. 부패행위신고에 의하여 신고와 관련된 정책등의 개선/중단 또는 종료 등으로 공공기관의 재산상손실을 방지한 경우

    4. 금품 등을 받아 자진하여 그 금품 등을 신고한 경우

    5. 그 밖에 포상금을 지급할 수 있다고 법 제69조 제1항에 따른 보상심의위원회가 인정하는 경우",20240125,NA
"부정부패""~자진신고제 만들어 주십시요.",기타,,답변완료,2010-06-30,2010-07-21,국민권익위원회,"-국민권익위원회""에 드리는 제안입니다.


-부정부패척결,청렴도 교육,각종 민원해결등에


 굉장한 노력과 열의에 감사드립니다.


-부정부패""는 신고자의 접수를 받아 수사기관에


 의뢰하여,사건에 연루된 공직자를 처벌하고


 신고자에게 일정 포상금을 주고 있습니다.


-신고자의 접수도 중요하지만~~저의 제안내용도


 제고해 주셨으면 합니다.


-즉,국민권익위원회에~~""부정부패 자진 신고기간""의


 제도와 설정기간을 정하여,부정부패의 당사자나


 같이 연루된 사람들이 ~자신의 범죄행위를 사전에


 국민권익위원회""미리 자진신고""하는 방법입니다.


-지금도 지난 부정부패에 시달리며,마음 고생하는


 사람들을 미리 양지로 나오게 말 입니다.


-신고자의 고발,신고에 의해 처벌하는 것만이?


 능사가 아니기 때문입니다.",,,"귀하의 고견에 감사드리며, 누구라도 우리 위원회에 부패행위를 자진 신고한 경우에는 관련법령에 따라 책임을 감면받을 수 있도록 최선의 노력을 다 할 것을 약속드리는 바입니다.


* 자세한 검토내용은 첨부파일을 참조하시기 바랍니다.",20240125,NA
경찰관 실적제도 문제점과 보완책,행정/자치/안전,,답변완료,2010-06-29,2013-12-11,경찰청,"경찰 성과제는 바람직한 제도입니다 만,


제도 중 실적주의를 보완하는 문제, 예를 들어 형사사건을 많이하는 것 보다는 국민을 위해서 보탬이 되는 문제해결을 누가 많이 했느냐.를 평가하는 것으로 


형사사건 보다는 이웃집 간에 분쟁을 해결해 주고, 때로는 청소년을 선도해 준 실적입니다.


이런 행위는 허위로 보고 할 수 있습니다. 


삼성전자에서 서비스를 해 주고 사후에 설문조사를 하듯이 감사실에서 일일이 확인 할 수 없을 때, 퇴직경찰관 등 이용하여 확인한다면 퇴직경찰관들이 경찰의 지도자로서 역할도 할 수 있을 것입니다.",,,"선생님, 안녕하십니까?

행정에 관한 좋은 의견을 주셔서 감사합니다.

앞으로 국민의 의견으로서 수렴하여 정책 수립에 참고하도록 하겠습니다.

즉답을 드리지 못하여 송구스럽단 말씀드리며, 주신 의견을 소중희 모아 좋은

정책과 제도를 개발하는 밑거름으로 활용하도록 하겠습니다.

댁내 건강과 행복이 늘 함께 하시기를 기원합니다.

감사합니다.",20240125,NA
"""청렴한세상"" 브랜드 활용 제안",기타,,답변완료,2010-06-29,2010-07-14,국민권익위원회,"직원들 명함을 제작하다가 문득 떠올라서 제안해봅니다.

국민권익위원회는 2010년을 청렴한 세상 만들기 원년으로 선포하고, 캠페인을 벌이고 있습니다. 그 캠페인의 효과를 좀더 향상시킬 수 있는 방법이 될것 같습니다.


제가 가진 생각은 공직자들의 명함에 ""청렴한세상"" 브랜드를 활용하는 것입니다.

보통 명함은 자신의 얼굴과 같다는 인식을 가지고 있습니다.  명함에 ""청렴한세상""이라는  브랜드 이미지를 새겨넣게 한다면, 자신의 얼굴에 ""나는 청렴한 사람이다"" 라고 써놓고 다니는 격이 되므로, 부패방지에 큰 효과가 있을 것으로 생각이 됩니다.


먼저 공직자 본인의 입장에서도 '""나를 소개하는 명함에 청렴하다는 것을 입증하는 브랜드를 새겨넣었으니, 그렇게 소개한 사람에게 뇌물이나 기타 부정한 이득을 얻는어서야 되겠느냐?"" 하는 생각을 가지게 되고, 또한 보다 큰 죄책감을 느끼게 할 수 있을걸로 생니다.


그리고 부패를 제공하는 입장에서는, 부당한 이득을 제공하는데 있어서 망설임을 가지게 될 것입니다. ""명함에 청렴에라는 글자를 새기고 다니는 사람에게 과연 부정한 이득을 받을려고 할까?"" 하는 생각을 할 수 있을것이고, 그로인해 사전에 부패행위를 예방할 수 있을것으로 생각됩니다.


명함에 청렴한세상이라는 글자를 새김으로서, 공직자 본인과 부패를 제공하는 당사자 모두에게 큰 효과가 있을 것이로 생각이됩니다. 쌍방의 행위로 이루어지는 일이라면 한 방향으로 예방하는것 보다, 쌍방의 예방을 이끌어 낼 수 있는 ""명함""을 통한 방법이 더 큰 효과를 가져 올 것이라고 생각됩니다.",,,"o 청렴한 세상 캠페인에 대한 관심과 제안에 감사드리며, 귀하께서 국민신문고에 제출하신 국민제안(제안접수번호 2AB-1006-008708)에 대한 심사결과를 아래와 같이 알려 드립니다.


o 귀하의 제안요지는「청렴한 세상 캠페인의 효과를 향상시키기 위해 공직자의 명함에 청렴한 세상 브랜드를 활용하자」는 것입니다. 


o 명함, 쇼핑백 등에 브랜드를 활용하는 것은 일반적인 브랜드 응용방안의 하나로「청렴한 세상」브랜드 개발 당시에 제시된 바 있어 이미 적용 중에 있는 사안입니다. 아울러 타 공공기관에도「청렴한 세상」브랜드를 공동 활용할 것을 적극 홍보하고 있사오니 이 점 널리 양지하여 주시기 바라며, 추가 아이디어나 문의사항이 있으실 경우 국민권익위원회 청렴교육과 양은경(02-360-6554/yolande@acrc.go.kr)으로 연락주시기 바랍니다. 감사합니다.",20240125,NA
빗물받이 뚜껑 개조,행정/자치/안전,,답변완료,2010-06-27,2013-01-31,서울특별시,"1. 현행실태와 문제점- 뚜껑자체 사이가 넓어 쓰레기가 날리면 입구를 막거나, 투입이 되어 막힘의 원인이 된다. 오물냄새가 올라와 주택가에서는 나무나, 철판으로 입구를 막아버리는 경우가 있다. 이런경우 빗물받이 기능을 할 수 없어, 매년 여름철 수방대책의 일환으로 각구청과 동사무소에서 인력동원하여 주면 협잡물 제거 작업을 하게되므로 인력및 경비 낭비가 초래된다.

2. 개선 내용- 투껑을 개폐할수 있도록, 예를 들면 에어컨 가동시 문이 열리듯 수동으로 조작하게끔 만들면 좋겠다. 비가 올때면 뚜껑을 수동으로 열어 사용하고, 사용치 않는 경우는 닫혀있어, 담배꽁초나 나뭇잎이 몰리지않게 밋밋한 형태가 되면 좋을듯하다. 현재 사용하고 있는 형태에 철판을 열고닫을수 있도록 조립해도 무방해 보인다.

3. 기대효과 - 냄새가 안난다. 막힐 우려가 없다.  여름철 인력동원및 경비절감 효과 있을듯 하다.",,,"백미자님 안녕하십니까?


백미자님께서 빗물받이 개선을 위해 귀중한 제안을 주신데 대하여 감사의 말씀을 드립니다.


우선, 제안하신 국민제안에 대한 답변이 늦어진  점 사과드립니다.  시스템과 관리에 문제가 있어 지연되었으며,

향후 이런 사례가 없도록 노력 하겠습니다.


백미자님께서 제안하신 ""빗물받이 뚜껑 개조"" 제안하신 사항은 이미 시중에 여러 종류의 유사한 제품이 생산

유통되고 있으며, 우리 시에서도 사용중에 있음을 알려드립니다.


시정에 대한 애정 어린 관심으로 좋은 의견을 주신 백미자 님께 다시 한 번 감사의 말씀을 드리며

가정에 건강과 행복이 늘 함께 하시길 기원합니다.",20240125,NA
"육류, 생선류의 유통기한 제도화!!!",식품/보건/복지/가족,,답변완료,2010-06-25,2010-07-21,식품의약품안전청,"현실태:

마트나 생선가게, 식육점등에서 육류 및 생선류에 대한 유통기한 표시가 없어 소비자가 구입할 때 변질된 음식은 아닌지 신선하지 않은 음식을 비싸게 사는 것은 아닌지 의문이 생긴다. 

 마트에 가보면 진열대에 포장이 된건 유통기한이 표시되어 있는걸 볼 수있지만 낱개 포장이 안된 고기덩어리채 있어서 잘라서 팔거나 생선이 박스채 놓여져 한마리 얼마 이렇게 파는건 유통기한 표시가 없다. 그리고 간혹 마트 생선가게에서는 그날 그날 안 팔린 생선을 떨이로 팔기는 하지만 육류 같은 경우는 그러한 일이 거의 없다.


문제점:

마트에서 생선, 육류에 유통기한 표시가 없어 구입시 간혹 육안으로 구별할 수도 있지만 모든 사람이 구별할 수 있는 건 아니다. 

가족의 건강을 책임지는 주부로써 음식재료 구입시 신경 쓰이는게 이만저만이 아니다. 

특히 육류나 생선으로 만드는 요리는 신선도가 중요하기 때문이다. 


개선점:

할인점 및 마트에서 파는 생선과 육류의 원산지 표시와 더불어 유효기한표시를 제도화하여 신선한 재료의 구입으로 가족의 건강을 지킬수 있었으면 좋겠다. 

신선하지 않은 생선이나 육류는 반값등으로 소비자로써 손해보지 않고 식품구입도 가능할 것 같다.",,,"1. 국민신문고 국민제안을 방문해 주셔서 감사합니다.


          2. 김수현님께서 “비포장 및 포장된 육류 및 생선류에 유통기한 의무 표시”를 제안하셨으며, 이에 대한 검토 결과는 다음과 같습니다. 


           가. 「식품등의 표시기준」에 따르면 관능으로 내용물이 보이지 않도록 용기․포장에 넣어진 자연상태의 농・임・축・수산물은 제품명(내용물의 명칭 또는 품목), 업소명(생산자 또는 생산자단체명), 제조연월일(포장일 또는 생산연도), 내용량, 보관방법 또는 취급방법을 표시하여야 하며, 다만 식품의 보존을 위하여 비닐랩 등으로 포장(진공포장 제외)하여 관능으로 내용물을 확인할 수 있는 투명 포장한 경우에는 이를 표시하지 아니할 수 있도록 규정되어 있습니다.


           나. 즉 비포장되었거나 투명포장(진공포장 제외)된 자연상태의 농・임・축・수산물은 별도의 제조・가공 과정을 거쳐 규격화된 가공식품이 아니면서 외관으로 식품의 상태를 확인할 수 있고, 또한 수확 및 출하 시기, 재배 장소, 원산지 등에 따라 제품의 품질 등이 달라질 수 있으므로 유통기한을 적용하여 표시하도록 하는 것은 사실상 어려움을 알려드리오니 양해하여 주시기 바랍니다. 


           3. 기타 답변이 미흡하거나 문의사항이 있으시면 식품의약품안전청 식품안전정책과(☎ 02- 380-1726, 담당 이지영)로 연락주시면 성심 성의껏 답변해 드리겠습니다. 좋은 하루 되십시오. 감사합니다. 끝.",20240125,NA
"육류, 생선류의 유통기한 제도화!!!",국토/교통/농림/해양,,답변완료,2010-06-25,2010-08-11,농림수산식품부,"현실태:

마트나 생선가게, 식육점등에서 육류 및 생선류에 대한 유통기한 표시가 없어 소비자가 구입할 때 변질된 음식은 아닌지 신선하지 않은 음식을 비싸게 사는 것은 아닌지 의문이 생긴다. 

 마트에 가보면 진열대에 포장이 된건 유통기한이 표시되어 있는걸 볼 수있지만 낱개 포장이 안된 고기덩어리채 있어서 잘라서 팔거나 생선이 박스채 놓여져 한마리 얼마 이렇게 파는건 유통기한 표시가 없다. 그리고 간혹 마트 생선가게에서는 그날 그날 안 팔린 생선을 떨이로 팔기는 하지만 육류 같은 경우는 그러한 일이 거의 없다.


문제점:

마트에서 생선, 육류에 유통기한 표시가 없어 구입시 간혹 육안으로 구별할 수도 있지만 모든 사람이 구별할 수 있는 건 아니다. 

가족의 건강을 책임지는 주부로써 음식재료 구입시 신경 쓰이는게 이만저만이 아니다. 

특히 육류나 생선으로 만드는 요리는 신선도가 중요하기 때문이다. 


개선점:

할인점 및 마트에서 파는 생선과 육류의 원산지 표시와 더불어 유효기한표시를 제도화하여 신선한 재료의 구입으로 가족의 건강을 지킬수 있었으면 좋겠다. 

신선하지 않은 생선이나 육류는 반값등으로 소비자로써 손해보지 않고 식품구입도 가능할 것 같다.",,,"□ 식육판매업 영업자는 축산물가공처리법 시행규칙 별표13에 따라 비닐 등으로 포장한 식육은 식육의 종류, 부위, 유통기한 등을 표시하여 판매하도록 규정하고 있습니다.

   다만, 진열하여 판매하는 식육은 유통기한이 표시된 포장된 상태의 포장육을 판매를 위해 절단하여 주로 당일에 판매 완료되는 것이 일반적입니다. 포장하여 판매하지 않는 신선제품은 유통기한 표시가 어려운 점과 신선제품은 신선한 상태로 판매하여야 하므로 당일 판매하는 양만큼만을 절단하여 판매하는 유통판매의 일반적 상황을 이해하여 주시기 바랍니다.",20240125,NA
장애인주차구역 불법차량 견인제도,행정/자치/안전,,답변완료,2010-06-25,2014-09-12,창원시,"□ 현황

 ○ 장애인주차구역은 공공에서 민간까지 전 분야에 설치되어 있으나

 ○ 단속인력 부족으로 장애인주차구역 불법 주차를 제때 단속하지 못 하는 실정임


□ 문제점

 ○ 장애인이 이용해야할 장애인주차구역을 일반인이 주차를 하는 사례가 많이 발생함

 ○ 이를 단속해야할 인력이 태부족하여 실질적 단속은 어려운 상황임

 ○ 몇시간 동안 일반 차량이 장애인주차구역에 불법 주차하여 실제로 이용해야할 장애인이

    장애인주차구역에 주차를 하지 못 하여 어려움을 겪고 있음


□ 개선내용

 ○ 현실적으로 관공서에서 장애인주차구역을 단속하기에는 불가능한 실정임

 ○ 몇시간 동안 장애인주차구역에 불법 주차한 차량을 과태료 부과 후 방치하는 경우가

    발생하여 장애인들의 불만이 폭증하고 있음

 ○ 이에 장애인주차구역 불법 주차를 막기 위하여 장애인주차구역 불법차량 견인제도 시행

   - 대도시 위주로 시행하되 지자체 실정에 맞춰 시행 여부 결정

 ○ 장애인주차구역 불법 주차 견인제도 흐름도

대상                            해야할 일                                                                                 비고

건물(주차장)관리자     불법주차 발견, 견인지정업체 신고

견인지정업체              불법주차 증거자료 확보(사진 등), 견인 후 해당 지자체(민원) 통보 

해당 지자체                견인지정업체로부터 받은 자료를 통해 민원인에게 과태료 부과

민원인                        견인 차량 인수, 지자체로부터 받은 고지서로 과태료 납부

해당 지자체                 매월 지정업체에 견인 건수에 따른 수수료 지급


□ 기대효과

 ○ 장애인주차구역 단속을 지자체와 견인지정업체간 업무를 분담하여 단속의 실효성 제고

 ○ 신속하고 지속적인 견인을 통한 단속으로 장애인주차구역 불법주차 예방

 ○ 불법주차 예방을 통한 장애인 이동권 보장, 장애인복지 업무 효율성 극대화",,,"귀하의 의견에 감사드립니다.


장애인주차구역에 대한 시민의식 개선을 위한 지속적인 홍보를 해 나갈 예정입니다.


귀하의 의견은 검토 후 반영하도록 하겠습니다.",20240125,NA
시립도서관에서 서점을 운영하게해서 시민들에게 좋은 책들를 판매하게합시다.,행정/자치/안전,,답변완료,2010-06-24,2013-03-27,인천광역시,시립도서관에서 서점을 운영하게해서 시민들에게 좋은 책들를 판매하게합시다.,,,"우선 도서관에 관심가져 주신 점에 대하여 감사드립니다. 

도서관에서는 자료를 무료로 대여하고 열람하게 하는 공공시설입니다. 도서관을 이용하는 이용자들의 편의제공을 위한 최소한의 편익사업(식당, 휴게실, 자판기 등) 설치는 가능하나 서점을 운영하는 것에 대해서는 도서관이용자들의 의견과 영세서점을 포함한 기존 서점의 의견을 수렴하여 검토하겠습니다.",20240125,NA
올리는글 삭제하지 안았으면 한다.,기타,,답변완료,2010-06-22,2010-06-24,국민권익위원회,"벌서 오늘 아침에 글을 두번이나 삭제해 버렷다..

잘못한 부분이 잇으면 이를 인정하고 받아 들이는 자세가 

시급하다. 내용을 보고 분류한다고 하고는 답변도 하기전에 

글을 삭제를 하다니 그렇다고 사실이 아닌것도 

개인을 비방하는것도 아니거늘 억울하고 국민의 권리를 잃어 버리고

강도질 당한것을 올렸는데 글을 삭제하는모습은 잘못된 처사가 아닌가 싶다.",,,"1. 국민신문고에 대한 관심에 감사를 드리며, 귀하께서 신청하신 제안(1AB-1006-006640, 국민신문고 민원신청시 신청글을 삭제하지 마세요)

    에 대한 검토 결과를 다음과 같이 알려드립니다.

2. 답변사항

  ○ 먼저 국민신문고를 이용하시면서 불편을 드려 죄송합니다, 전화상으로 안내드린바와 같이 국민신문고에 신청한 민원에 대하여는 시스템

      상 임의로 삭제하지 못하게 되어 있으며, 신청글이 등록이 안되는 경우는 컴퓨터 문제, 첨부파일이 10MB가 초과한 경우 등 여러가지가

      있을수 있습니다, 앞으로 국민신문고 이용시 불편한 사항이 있으면 언제든 문의하십시오, 친절히 답변  드리겠습니다.

3. 제출하신 의견은 현재 시행되고 있는 제안에 해당하여 채택하지 않음을 양해하여 주시기 바랍니다.

4. 상기 내용 이외에 추가로 궁금하신 사항은 국민신문고담당관실 정진덕조사관(02-360-2750)에게 연락하여 주시기 바라며, 귀하와 귀하의

    가정에 건강과 행운이 항상 함께하기를 기원합니다. 끝.",20240125,NA
중랑구 cctv골목을 구민들이 알수있도록  널리 홍보해주세요~,행정/자치/안전,,제안심사,2010-06-22,NA,중랑구,"요즘 아이들의 안전과 시민의 안전으로 불가피하게..cctv설치 거리가 많아지고 있는듯합니다.

cctv가 설치가 되는것도 유지가 되는것도 중요하지만...


1.cctv있는 거리를 널리 홍보해주세요.

cctv있는 거리가 어디인지....안전한 하교길이나 퇴근길에...cctv있는 일이 어디인지..잘 알수있다면..

그쪽을 이용하는 방법도 좋은방법인듯합니다.

구청 홈페이지나...주민센터 홈페이지에 본인동네의 cctv거리를 알수있게 공고하고~

아파트나 동네 게시판에 널리 홍보해주셔서 시민의 안전에 도움을 주셨으면 합니다.


2.cctv가 설치된 지역이라는 안내표지판을 골목입구에 붙여주세요.

요것만으로도 범죄예방에 도움이 되리라 생각합니다.",,,NA,20240125,NA
아이핀,기타,,답변완료,2010-06-21,2010-06-24,국민권익위원회,"아이핀 사용은 국가시책이라고 알고 있고...또 아이핀으로 변경해서 사용하고 있습니다.

그런데 여기서는 아직도 주민번호네요..

같이 동참해야하지 않을까 싶습니다.",,,"1. 국민신문고에 대한 관심에 감사를 드리며, 귀하께서 신청하신 제안(1AB-1006-006405, 국민신문고 로그인시 아이핀으로 로그인 가능하도

    록 해주세요)에 대한 검토결과를 다음과 같이 알려드립니다.

2. 답변사항

  ○ 국민신문고 로그인시 아이핀으로 로그인 기능 적용은 현재로서는  중복 및 동일인 식별을 위해 이름 및 주민번호 정보가 필요하여 적용

      계획이 없으나, 행정안전부 등과 협의하여 향후 적용여부를 검토하도록 하겠으니, 양해하여 주시기 바라며, 앞으로 국민신문고 이용시

      불편한 사항이 있으면 언제든 문의하십시오, 친절히 답변 드리겠습니다.

3.  제출하신 의견은 국민제안규정 제2조에 의거한 단순 건의에 해당하여 채택하지 않음을 양해하여 주시기 바랍니다.

4. 상기 내용 이외에 추가로 궁금하신 사항은 국민신문고담당관실 정진덕조사관(02-360-2750)에게 연락하여 주시기 바라며, 귀하와 귀하의

    가정에 건강과 행운이 항상 함께하기를 기원합니다. 끝.",20240125,NA
만족도 평가 관련 재 수정 요청,기타,,답변완료,2010-06-18,2010-07-01,국민권익위원회,"안녕하세요~


이전부터 여러차례 민원과 제안을 드렸던 사람입니다.


제가 공인인증관련 행정자치부에 올렸던 글에 답변주신 분께서


상당히 적극적이고 성실하게 답변을 주셨었는데,


제가 잘못체크를 하고 말았습니다.


그런데 알아보니 현재는 수정할 수 있는 방법이 없다고 하네요...



그래서 좋은 공무원에게 불이익이 가지 않기를 바라는 마음에서


이렇게 제안드립니다.


만약 국민이 공무원의 올바른 노력과 성의를 보았다면


그사람에게 좋은 점수가 가는 것이 맞다고 생각합니다.



그러므로 수정 기능을 주시고 무엇보다


제글중 공인인증 관련된 글 만족도 관련하여 다시 체크할 수 있도록


이멜로 알려주시기 바랍니다. 감사합니다.",,,"1. 국민신문고에 대한 관심에 감사를 드리며, 귀하께서 신청하신 제안(1AB-1006-005918, 국민신문고 국민제안 처리결과에 대한 만족도 평가

    결과를 수정할 수 있도록 해주세요)에 대한 검토결과를 다음과 같이 알려드립니다.

2. 답변사항

  ○ 먼저 국민신문고를 이용하시면서 불편을 드려 죄송합니다, 국민제안처리 결과에 대한 만족도 평가는 신뢰성 확보를 위해 현재로서는

     시스템상 수정할 수 없음을 알려드립니다, 앞으로 국민신문고를 이용하시면서 불편한 사항이 있으면 언제든 문의하십시오, 친절히 답변

     드리겠습니다.

3. 제출하신 의견은 국민제안규정 제2조에 의거한 단순 건의에 해당하여 채택하지 않음을 양해하여 주시기 바랍니다.

4. 상기 내용 이외에 추가로 궁금하신 사항은 국민신문고담당관실 정진덕조사관(02-360-2750)에게 연락하여 주시기 바라며, 귀하와 귀하의

    가정에 건강과 행운이 항상 함께하기를 기원합니다. 끝.


 ※ 추가답변 : 현재로서는 적용하기 어려우니, 양해하여 주시기 바라며, 향후 시스템 개선시 반영여부를 검토하도록 하겠습니다.",20240125,NA
공부방,교육/문화/체육/관광,,답변완료,2010-06-17,2013-05-15,교육부,"정부의 문교 기본 정책중 핵심인 사교육비 없에기 입니다. 그래서 관계기관 등에서 여러가지 정책을 내놓기도하고 시행하고 있습니다 그 중 공부방에 대해 한가지 제안을 하고자 합니다.

학교외 지역 동사무소나 지역 단체 또는 공공기관 등에서 운영하는 공부방 확대는 좋은 정책으로 알고 있습니다.

문제는 사설 공부방입니다. 

초등학생을 상대로 하는 것은 그리 큰 문제는 없어 보이나.

중고등학생을 상대로 하는 사설 공부방은 문제가 많은것 같아 중고등학생을 상대로하는 사설 공부방은 없에 줄 것을 제안 합니다.

요즘 대형학원 등은 그런대로 유지되고 있나 봅니다. 그러나 중소형 학원들은 여러가지 환경으로 줄어 들면서 거기에서 종사 하셨던 강사들이 나와서 아파트 타운이나 오피스텔 타운 등에 사설 공부방을 운영 하고 있으며, 그 숫자 우후죽순 처럼 늘어나고 있습니다.

문제는 분위기가 학원과는 달리 아파트 같은 곳이라 카드는 안되는 줄 알고 대부분 현금으로 결재하기 때문에 매출이 공개되지 않아 탈세가 되고 있으며 소구룹이라고는 하지만은 학원의 강사 1명당 학생 수 보다 더 많은 학생을 상대로 하고있어 학원 보다 더 실속있다고 합니다. 그리고 그 중에 몇몇 학생을 상대로 고액 과외도 하고 있으며 학원처럼 시간제한도 받지 않은것 같아 늦은 밤 새벽까지 영업을 하고 있습니다.

철저한 단속은 현실적으로 각 교육청의 학원 담당자 한 두명으로써는 현실성이 없다고 생각합니다.   

그래서 초등학생이 아닌 중고등학생을 상대로 하는 사설 공부방 제도를 없에는 것을 제안하는 것이며, 비영리단체나 공공기관에서 하는 공부방을 장려하면 좋겠습니다.

학원 숫자는 줄어 들고 있는데 사교육비는 더 늘어난 것은 세금도 제대로 못 받는 중고등학생 대상으로하는 사설 공부방이 늘어났기 때문이라고 생각합니다.",,,"안녕하십니까? 교육부 평생학습정책과입니다.

먼저 우리부의 정책에 관심을 가져주신데 대해 감사의 말씀을 드립니다.


민원인께서 말씀해 주신 바와 같이 고액 불법 과외로 인해 사교육비 증가, 소득 수준에 따른 교육격차 심화 등 많은 부작용이 발생하고 있습니다.


우리부에서는 불법 학원 등에 대한 단속의 효과를 높이기 위해 온라인 불법사교육신고센터 및 신고포상금제도를 도입하여 운영하고 있으며, 학원단속보조요원 채용 예산을 시ㆍ도교육청에 지원하여 지도ㆍ점검 인력 확충을 통해 연중 지도ㆍ단속을 실시하고 있으나, 불법 교습 장소에 대한 정보 부족 등으로 단속에 어려움이 있습니다.


민원인께서 알고 계신 불법 교습에 대한 정보(인적사항, 교습장소 등)를 불법사교육신고센터 또는 관할 교육청에 알려주시면 지도ㆍ단속을 실시하여 관련 법령을 위반한 불법 행위인 경우 형사 고발 및 국세청 통보 등 강력한 조치를 취하겠습니다.


다만 학원법령에 따라 보장되어 있는 중ㆍ고등학생 대상 개인과외교습을 금지하는 것에 대하여는 법적, 교육적, 사회경제적 측면에서 신중한 검토가 필요할 것으로 판단됩니다.


앞으로도 다양한 교육정책에 많은 관심과 좋은 의견 부탁드립니다.

감사합니다.",20240125,NA
"""어린이 성폭행 신고 포상금제도""를 실시합시다",행정/자치/안전,,제안심사,2010-06-17,NA,경찰청,"현황 및 문제점:


어린이를 대상으로하는 성폭행이 날로 증가하고 있습니다. 성인과 달리 심각한 부작용을 수반하는 어린이의 성폭행을 예방하기위해서는 어린이들에 대한 교육과 성폭행 범죄자의 감시 및 처벌이 중요하다고 생각합니다. 하지만 어린이 성폭행의 예방을 위해서는 이웃이나 주변사람들의 관심과 배려가 더욱 중요하다고 생각합니다. 어린이 성폭행 방지를 위한 이웃이나 주변사람들의 관심을 이끌수 있는 방안이 필요한 이유입니다.


개선방안:


@ 어린이 성폭행 ""신고 포상금제도""를 실시합시다.

1. 어린이 성폭행이 우려되는 상황에 대하여 누구나 신고할 수 있습니다.

2. 신고자를 대상으로 성폭행 예방의 정도에 따라 포상을 실시합니다.

3. 신고 내용이 허위인 경우, 포상을 실시하지 않습니다.

4. 신고내용이 허위는 아니지만 성폭행이 아닌 경우에도 간단한 포상을 실시합니다.  이 경우 소액의 상품권을 포상으로 실시하면 좋을 것 같습니다.

5. 신고 내용이 사실이고 성폭행을 예방한 경우이면 일정액수 이상의 포상을 실시합니다. 이 경우 포상금의 액수는 예산의 범위에서 실시하지만 20만원 이상은 되어야 할 것 같습니다.

6. 연말에 우수사례를 선정하여 추가적인 포상을 실시합니다.

7. 포상의 대상자는 피해자의 가족을 제외한 제3자로 합니다.

8. 포상자의 신분을 보호하기위하여 특정사건과 포상자를 연관짓지 못하도록  노력합니다.

9. 예산이 부족한 경우 포상금제도를 일정기간동안 한시적으로 시행할수도 있습니다

10. 예산이 허락한다면 항구적으로 실시하는 것이 좋을 것 같습니다. 


기대효과:


이웃과 주변 사람들의 어린이 성폭행 방지를 위한 관심과 노력이 증가하여 나날이 증가하는 어린이 성폭행을 예방하는데 효과가 있을 것으로 생각합니다",,,NA,20240125,NA
PEET 약학대학인문시험 응시료가 너무 비쌉니다.,교육/문화/체육/관광,,답변완료,2010-06-16,2013-09-13,교육부,"안녕하세요?  저는 대학2학년,고등학교2학년 두형제를둔 엄마입니다.  아이둘을 키우다보니 대학수업료와 고등학교  교육비와 사교육비로 허리가 휘고있습니다. 

그런데 이번에 저희 큰아이가 약학대학인문 자격시험을 보려고 해서 PEET사이트에 들어갔는데 원서접수사이트에 응시료가 27만원이라는 것을보고 깜짝 놀랐습니다. 

국가에서 시행하는 시험인데 응시료가 이렇게 비싸야하는지 이해가 되질않습니다. 

돈없는 사람은 학교도 못보내고 ,공부도 못시키고 ,시험도 못보는 사회가 되어가고 있는데 이는 정부에서 추진하는 교육정책과 도 일치하지 않는다고 생각합니다.

 수능원서비가 5만원이고, 대학정시 원서비가 7만원 정도인데 27만원이면 너무 과다한 응시료라고 생각되오니 정부에서 현황파악을 하시어 조정해 주셨으면 감사하겠습니다.

정부에서도 사교육비를 절감 시키려고 다각도로 노력을 하고 있는것으로 알고있습니다. 

시험응시료를 줄여주는 것도 그 일환이라고 생각하오니 꼭 시정해 주시기를 간절히 바랍니다.

수고하십시요.",,,"안녕하십니까? 교육부 대학학사평가과입니다.

제안하신 내용은 PEET를 주관하고 있는 한국약학교육협의회와 적극 협의하도록 노력하겠습니다.

감사합니다.",20240125,NA
 제안신청 할때 주소 가입란에 새주소 사용을 제안합니다,기타,,답변완료,2010-06-16,2010-06-24,국민권익위원회,"지난번 공원시설물에 대한 답변은 잘 들었습니다. 감사합니다.

그리고 정식으로 제안신청할때 주소 가입란에 새주소사용을 정식으로 제안합니다.

지금 전국적으로 새주소가 나와서 사용할 것을 권하고 있는데

시청홈피에서 먼저 새 주소를 사용할 것을 제안합니다. 

그러면 자연스럽게 새 주소 사용이 확산되리라 생각합니다.


ps 참고로 저한테 전화주신 담당자분은 제안신청할때 주소를 넣느냐고 물어보던데 조금은

황당했습니다. 다시한번 확인하시고 가입할때 새주소를 넣게 하거나 당분간 구주소를 치면 새주소를 알려주는 시스템을 병행했으면 합니다.",,,"1. 국민신문고에 대한 관심에 감사를 드리며, 귀하께서 신청하신 제안(1AB-1006-005183, 국민제안 신청시 주소기입란에 새주소로 사용하게

    해주세요)에 대한 검토결과를 다음과 같이 알려드립니다.

2. 답변사항

  ○ 먼저 국민신문고를 이용하시면서 불편을 드려 죄송합니다, 현재로서 는 새주소에 대하여 국민들이 많이 알고있지않아 현재 주소를 대체

      하여 적용하기에는 다소 무리가 있음을 이해해 주시기 바라며, 현재주소와 새주소의 병행 표기 적용은 향후 행정안전부와 협의하여 적용

      여부를 결정하도록 하겠으니, 양해하여 주십시오, 앞으로 국민신문고를 이용하시면서 불편한 사항이 있으면 언제든 문의하십시오, 친절

      히 답변드리겠습니다.

3. 제출하신 의견은 국민제안규정 제2조에 의거한 단순 건의에 해당하여 채택하지 않음을 양해하여 주시기 바랍니다.

        4. 상기 내용 이외에 추가로 궁금하신 사항은 국민신문고담당관실 정진덕조사관(02-360-2750)에게 연락하여 주시기 바라며, 귀하와 귀하의 가정에 건강과 행운이 항상 함께하기를 기원합니다. 끝.",20240125,NA
학교 주변에 관할 파출소로 연결된 비상벨 설치,행정/자치/안전,,제안심사,2010-06-16,NA,경찰청,"현행제도 및 문제점

근래에 또 초등학교 여학생을 성폭행하는 어처구니없는 사건이 일어나 국민들을 경악에 빠뜨리고 있다.

생각할 수록 기가 막히고 말문이 막히는 사건이 생길 때마다 여러가지 방안을 모색해보건만 속수무책으로 당하는 것 같아 정말로 가슴 찢어지는 아픔을 어찌할길없어 안타까움 이루다 말로는 할수가 없다.


개선내용 및 기대효과

이제는 정부에서 적극적으로 나서서 아이들을 보호하려는 의지를 보여줘야 한다고 여긴다.

학교 인근 주변 특히 대로보다는 한적한 곳에 세워진 전봇대 한 두곳이라도 관할 파출소로 연결된 비상벨을 설치했으면 한다. 

따라서 학교에서는 학생들에게 설치된 비상벨을 눌러야 할 때와 절대로 눌러서는 안되는 사유를 매주 조회시간마다 아니면 종례시간마다 빠짐없는 교육을 통해서 주입시켜 경찰들의 과중한 업무를 만들지않도록 아이들을 관리해야 할 것이다.

물론 거기에 따른 경찰관계자분들의 업무 부담이 따르고 정부의 예산도 엄청나리라 여겨지지만 그래도 나라를 짊어지고 나갈 우리의 아이들을 보호하는 것이 어른들의 책임이라고 생각하신다면 한번 더 꼼꼼하게 여론에 귀를 기울여주셨으면 한다.

그래야만 지금처럼 아이들을 대상으로 일어나는  하늘이 무너지는 듯한 엄청난 일이 줄어들 것이며 학부모들도 안심하고 학교에 아이들을 보낼수 있을 것이라 여겨진다.",,,NA,20240125,NA
"""나의 제안"" 확인시 한글 자막 자동처리 요망 ",기타,,답변완료,2010-06-16,2010-06-24,국민권익위원회,"수고가 많으십니다.

문득 제가 제안한 내용을 확인하는 과정에사 확인된 사항 인데요!!!

제안서 신청작성시 신청인 이름이나 주민등록 번호를 치는데 신청서 작성시에는 커서를 놓고 그냥처도 한글이 나오는데 나의제안 확인에서는 왜 영어로 쳐지는지,

그리고 주민등록번호를 치는데 앞자리 6자를 치면 자동으로 넘어가야할 주민등록번호가 왜 안넘어가고 커서를 움직여 뒤에 대고 다시쳐야 하는 수고를 번거롭게 하는지,

외국인 문제때문에 그렇다면 내국인 외국인 표시를 하게하고 내국인 일 경우에는 주민번호 앞자리를 치면 자동으로 뒷자리를 칠수있게 넘어가는 프로그램을 업그래이드 해 주시기 바랍니다.

사소한 문제지만 실로 그렇지 않습니다.

정부문서 창안제안 내용 신청서식이 이렇게 관리 된다면 안된다고 봅니더

요새 왠만한 싸이트에도 이런 문제가 없을진데 좀 관리를 안하고 계시다는 생각이 짙군요

이의 개선을 바랍니다.

항상 열려있는 소리를 듣고 답해주시는 수고하시는 여러분이 있어 대한민국은 더욱 발전할 것입니다.

감사합니다.",,,"1. 국민신문고에 대한 관심에 감사를 드리며, 귀하께서 신청하신 제안(1AB-1006-005064, 실명인증시 이름 입력할때 한글이 기본값으로

    개선, 주민번호 6자리 입력후 자동으로 다음칸으로 넘어 가도록 개선)에 대한 검토결과를 다음과 같이 알려드립니다.

2. 답변사항

  ○ 먼저 국민신문고를 이용하시면서 불편을 드려 죄송합니다, 전화로 안내드린바와 같이 실명인증시 이름입력란에 입력 기본값은 현재

      한글로 설정되어있으며, 주민번호 6자리 입력후 다음칸으로 자동으로 이동되지 않는 기능은 시각장애인들을 위한 웹접근성(키보드를

      이용하여 이동)에 의하여 설계되어 있으니, 양해하여 주시기 바랍니다, 앞으로 국민신문고를 이용하시면서 불편한 사항이 있으면 언제

      든 문의하십시오, 친절히 답변드리겠습니다.

3. 제출하신 의견은 국민제안규정 제2조에 의거한 단순 건의에 해당하여 채택하지 않음을 양해하여 주시기 바랍니다.

4. 상기 내용 이외에 추가로 궁금하신 사항은 국민신문고담당관실 정진덕조사관(02-360-2750)에게 연락하여 주시기 바라며, 귀하와 귀하의

    가정에 건강과 행운이 항상 함께하기를 기원합니다. 끝.",20240125,NA
아동 안전을 위해 길거리 CCTV 실시간으로 휴대폰이나 인터넷으로 볼 수 있게 해주세요.,행정/자치/안전,국민제안3-조가빈.hwp,제안심사,2010-06-15,NA,경찰청,"길거리, 공원, 놀이터 등의 국가에서 설치한 CCTV에 일련번호를 부여하고 ‘학부모CCTV실시간보기’를 신청한 학부모만이 실시간으로 핸드폰이나 컴퓨터 인터넷으로 CCTV를 확인 할 수 있도록 하여 내 아이의 위치를 눈으로 확인할 수 있게 만들어 주세요. 이는 부모가 실시간으로 아이를 지켜볼 수 있기 때문에 각종 강력 범죄로부터 아이를 보호할 뿐만 아니라 횡단보도를 건널 때 교통안전을 지킬 수 있도록 하기 때문에 아동의 안전사고예방에도 도움이 됩니다. 


★현 실태 및 제안배경: 

아동들의 등, 하교시간과 학원을 가기 위해 외출하는 시간에 아이들은 강력범죄와 교통사고에 무방비로 노출되어 있습니다. 더욱이 맞벌이 부모인 경우는 아이의 등하교를 도와 줄 수 없기에 전적으로 하교 시에만 학원 차량에 의지하는 경우가 다반사입니다. 향후 몇 년 안에 아동들이 학교에 등교 시, 하교 시 부모에게 문자알림을 시행하기로 했다고 알고 있습니다. 하지만 범죄 발생과 교통사고는 이미 문자올 시간 안에 다 발생해 버리고 맙니다. 사태를 뒤늦게 파악하는 셈이지요. 그래서 아동이 주로 다니는 길과 놀이터, 건물, 공원 등의 CCTV를 학부모들이 핸드폰이나 인터넷으로 실시간으로 볼 수 있게 만든다면 내 아이의 위치파악 및 범죄 노출 방지와 교통안전까지 해결 할 수 있습니다. 


★제안 세부내용

 학원이나 유치원, 학교 내의 CCTV는 인권침해와 사생활 침해 이유로 실시간 공개가 쉽지 않음이 현실입니다. 하지만 학교나 유치원, 학원 주위, 길거리, 공원, 놀이터에서 라도 내 아이가 어디에서 어떻게 잘 가고 있는지 실시간으로 확인할 수 있다면 범죄예방, 교통안전, 부모안심까지 해결 할 수 있습니다. 

 우선 국가 소유의 길거리 모든 CCTV에 일련번호를 부여 합니다. 그리고 학부형으로 인증 받은 사람만이 휴대폰이나 인터넷으로 실시간으로 CCTV를 확인할 수 있게 해야 합니다. 이는 이것을 역이용하는 것을 미연에 방지하는 이유입니다. 휴대폰 통신사나 인터넷 공인인증으로 '학부모CCTV실시간보기‘를 신청한 후 아이가 주로 다니는 길의 CCTV 일련번호를 확인 한 후 목록을 등록하고 학부모가 필요시 실시간으로 CCTV를 확인할 수 있도록 정책을 시행해서 아동이 학교나 집, 학원을 잘 가고 있는지 길은 잘 건너는지 낯선 사람이 주변에 있지는 않은지 안심하고 아이를 키울 수 있는 기회를 마련해 주시길 바랍니다. 핸드폰으로 CCTV를 볼 때는 전화 통화까지 할 수 있는 기능을 추가 한다면 휴대전화를 소지한 아동과는 부모가 통화도 할 수 있게 되므로 낯선 사람과의 접촉을 막아 강력 범죄로부터 아이를 보호하고 건널목을 건널 때도 지도하기 쉽기 때문에 아동의 교통안전까지 지킬 수 있는 계기가 됩니다.  


★기대효과

길거리의 CCTV 실시간 영상공개는 유아부터 고등학생까지의 모든 학생들의 길거리 안전을 지켜 줄 수 있는 지름길이다. 아이의 행동반경을 파악해 미리 CCTV목록을 등록해 두어 아이의 등하교나 외출, 학원 갈 때 아이의 안전을 한 눈에 확인할 수 있다. CCTV를 보며 아이와 통화도 할 수 있다면 아이가 미처 보지 못하는 주위의 위험으로부터 아동을 지켜 줄 수도 있다. 아이와 일과를 같이 할 수 없는 부모들이 안심하고 아이를 외출 시킬 수 있는 기회가 하루 빨리 마련되었으면 좋겠다. 특히 갓 입학한 초등 1학년 아이를 둔 맞벌이 부모는 아이의 등교, 하교 지도에 애를 먹기 일쑤인데 회사에서도 아이의 행보를 알 수 있고 지도 할 수 있어 안심하고 일 할 수 있기 때문에 작업능률도 오를 것이다. 사건이 일어난 후 CCTV를 확인하고 공개해 범인을 잡는 것은 사후약방문이다. 미연에 내 아이는 내가 지킬 수 있도록 거리의 눈인 CCTV를 집에서도 회사에서도 학부모가 볼 수 있도록 해준다면 범죄예방 및 교통안전의 지름길로써 아동을 지키는데 한 몫을 톡톡히 할 것이다.",,,NA,20240125,NA
혈세 제정 국민이 보고있다,행정/자치/안전,,제안심사,2010-06-13,NA,노원구,"상계동 수락산 르네상스 길공사에대해 

르네상스와 수락산 길 공사가 무슨 상관인지.   멀쩡한길 다 부수고  꽃도 피고 그늘도있어 좋 던데 국민 혈세로 누구 배 불리우는 건지 시민은 바보가 아닙니다. 나무 ,조경석 ,기존 돌 ,정자 다 파해치고 무었하는겁니까. 그러니까 국민이 공무원 욕합니다..  구청장 말년 보너스인가.   볼때마다 무엇을 하려나  궁금했는데  고작   다    허물고 돌로 바닥 까는 공사.... 훤히 보입니다. 시민속이지 마시요. 

또  한 가지 돌을 깔려면 적당한 크기의 돌을 깔아야지 공사 시공업자 편의봐서 싸이즈  큰것깔면 비나 눈오면   미끄러져  병원 돈 벌려고   하는짖       보면    한숨 ... 혈세로 ...... 무슨법에 돌 싸이즈    정에져     있습니까?  한심합니다 .   공무원 들 작심해야 합니다   시민의  의식을 무시하는처사  입니다.

수락 산 역주변  인도 공사 한번 눈  있으면 한번 보세요. 다  깨지고 보기흉칙합니다.  나라가발전되고   미래가 있을려면  공무원이 잘되야합니다  항상 어떤 대통령이  될때마다 공무원에게 기대를걸지만 그들은 말을 듣지않아요 급여가 적도고 웃기죠 철밥통들 서로 할려고 야단법석이니 지금이라도 현장 보시고 감사원 국민 신문고 직원들 확인해 보세요",,,NA,20240125,NA
국민신문고 개선,기타,,답변완료,2010-06-12,2010-06-24,국민권익위원회,"향후 개선때 까지는 문제점 해결을 위한 대책없이 문제점(거짓회신 등)이 계속 반복됨을 용인하고 있습니다. 제도적, 시스템적으로 다소 시일이 걸리거나, 실현하기에 어려운 사항도 있음을 양해하여 주기 바란다고 말하면서 그 사유는 없습니다. 국민을 위해 문제점을 책임있게 해결해 주기 바랍니다. 이러한 자세는 대통령과 여당에게 책임을 전가한다는 것은 알 것입니다. 대통령이나 여당에게 책임을 전가하지 말기 바랍니다. 그리고 민원인이 양해하여 줄 것을 기대 하지 말고 잘못된 것은 스스로 해결하여 문제가 없게 하기 바랍니다. 대안없이 반대하지 말기 바랍니다. 거짓회신이 반복되게 하는 현 실정을 개선하기 바랍니다.",,,"1. 국민신문고에 대한 관심에 감사를 드리며, 귀하께서 신청하신 제안(1AB-1006-003986, 문제점을 지적한 제안에 관해서 재조치 요청)에

    대한 검토결과를 다음과 같이 알려드립니다.

2. 답변사항

  ○ 답변(1AB-1004-006513,1AB-1004-004359,1AB-1002-000021, 1AB-1005-003953 등)드렸던 바와 같이, 국민신문고에 제출하신 제안

      (현재의 단답식 운영방법을 문답식 운영방법으로 개선 등)은 각 기관별, 부서별, 업무특성과 민원내용에 따라 담당자가 적절하게

      사용할 수 있으며, 시스템상 강제화하기는 곤란하다는 점을 이해하여 주시기 바랍니다. 

3. 제출하신 의견은 국민제안규정 제2조에 의거한 단순 건의에 해당하여 채택하지 않음을 양해하여 주시기 바랍니다.

4. 상기 내용 이외에 추가로 궁금하신 사항은 국민신문고담당관실 정진덕조사관(02-360-2750)에게 연락하여 주시기 바라며, 귀하와 귀하의

    가정에 건강과 행운이 항상 함께하기를 기원합니다. 끝.",20240125,NA
"""선진한국을 위한 정책도우미 5000인""선발합니다!",기타,,답변완료,2010-06-12,2010-06-18,국민권익위원회,"-국민신문고""에서 활동하는 패널들이 많이 있습니다.


-5000 포인트 점수 이상을 획득하면 정책에 참여할 수 있습니다.


-저는 5000점 이상의 포인트 점수를 획득한 패널들에게 좀더 의욕적


 이고 참신한 제안을 하도록 정책적 제도가 필요하다 생각합니다.


***~""선진한국을 위한 정책도우미"" 5000인~을 선발하여 


  정부정책에 도우미 역활을 하게 말 입니다.


***국민신문고 패널중에 5000점 이상 포인트를 획득한 사람에게


 명함크기 스티커""를 만들어 보내주는 방안입니다.


---""선진한국을 위한 정책도우미 5000인""이 정부의 정책에 도움이


 될수 있는 자부심과 활기를 불어 넣어 주십시요.",,,"1. 국민신문고에 대한 관심에 감사를 드리며, 귀하께서 신청하신 제안(1AB-1006-003947, 국민신문고 포인트 5,000점 이상을 획득하면 ""선진

    한국을 위한 정책도우미 5000인""을 선발하여 명함크기에 스티커를 보내주세요)에 대한 검토결과를 다음과 같이 알려드립니다.

2. 답변사항

  ○ 현재 국민신문고에서는 회원가입, 국민제안 신청시 등에 대하여   포인트점수를 부여하고 있습니다, 국민신문고 포인트 5,000점 이상이

      면 정책토론에 패널로 참석하여 정책도우미 역할을 할 수 있도록 하고 있습니다, 별도로 정책도우미 5,000인을 선발할 계획이 현재는

      없음을 양해 하여 주시기 바라며, 앞으로 국민신문고를 이용하시면서 불편한 사항이 있으면 언제든 문의하십시오, 친절히 답변드리

      겠습니다.

3. 제출하신 의견은 국민제안규정 제2조에 의거한 단순 건의에 해당하여 채택하지 않음을 양해하여 주시기 바랍니다.

4. 상기 내용 이외에 추가로 궁금하신 사항은 국민신문고담당관실 정진덕조사관(02-360-2750)에게 연락하여 주시기 바라며, 귀하와 귀하의

    가정에 건강과 행운이 항상 함께하기를 기원합니다. 끝.",20240125,NA
범경찰의 변화와 아동성폭력은 상관있다,행정/자치/안전,,제안심사,2010-06-12,NA,경찰청,"안녕하십니까?

국민의 불신이 크기에 저또한 제가 올리는 제안을 검토할까 하는 의구심이 듭니다. 하지만 누군가는 해야하고 귀막고 눈막고 있다면 그 눈을 뜨고 듣게 하는것도 국민이라고 판단하여 제안합니다. 부디 전국의 일선현장을 올바로 보고 듣는 행안부가 되길 바라면서 시작하겠습니다.


저는 90년 의경으로 입대하여 민생치안 일선에서 파출소 근무,경찰서근무, 방범,치안,데모진압까지 새우잠을 자다시피 하면서 94년까지 경찰의 최하부 조직에서 의무경찰로 근무를 하고 제대하였습니다.  그때는 지금처럼 지구대 조직으로 개편하기 전이였으며 3교대가 아닌 2교대 근무로 경찰이 인력이 부족하여 대거 의경들이 방범근무와 주야로 순찰을 돌았습니다. 2명이 1조가 되어 파출소에서 담당하는 지역을 몇개조로 나뉘어 시간에 따라 순찰과 주변인들을 살폈습니다.

 가시적인 효과는 그당시에 컷습니다. 경찰복을 입고 다니는 의경과 경찰들이 주기적으로 순찰경로를 돌았기때문에 범죄대상이 지금처럼 많지 않았던거겠죠. 참고로, 순찰도중 오토바이를 훔친 절도범이 우리를 보고 이상행동을 해서 검거하는가 하면, 미성년자의 집단행동들을 미연에 방지하는 효과등을 이루었습니다.


그런데 지금은 경찰력을 확보하지 않고 경찰의 피로도를 풀어준다는 이유로 파출소를 축소하고 지구대로 인력을 집중시켜 3교대로 전환하였습니다. 지구대에 있는 인력은 과거 파출소 인력과 별반 다를것이 없었구 그로인해 파출소에서 파악하고 관리하던 우범지역과 순찰경로는 없어졌으며 범법자들로 하여 범행지역을 더 크게 만들어 준 격이 되었습니다.


 과연 행안부는 민생치안을 위한 현장실사를 충분히 하였는지 묻고싶은것입니다.  경찰인력활용방안을 시대착오적 발상으로 거꾸로 하는것이 아닌지 묻는것입니다.

 시도의 인구는 증가하면서 각 동의 거주자들또한 외부에서 유입되면서 지역민과 타지역사람들이 서로 안면식없이 많이 인구가 증가되는게 요즘도시의 형태입니다. 그런데 지구대형태의 민생치안으로 과연 지역치안이 해결될까요?


매스컴등을 통해서 강력범죄를 엄단처리 하겠다고 했습니다만 사건후보단 사건전에 범행을 미연에 방지하지 않으면 과거와 같이

조두순, 김철수등 아동성폭력범들은 더 늘어날것입니다. 경찰운영을 지금의 형태에서 구조변경 하지 않는다면, 경찰의 안위주의로 일관한다면 우리 어린 생명들은 동네에서도 불안에 떨면서 집밖으로 나와 놀지 않을것입니다.


경찰행정조직 개편으로 민생을 다시 한번 안정화 해주시기 바랍니다.

첫째,지역주야순찰 부활과 운영(도보와 차량/오토바이/전동자전거)

       (범죄예방프로그램 즉, 순찰경로 확대)

둘째,우범지역과 전과자에 대한 거주지 파악(성폭행범)

       (성범죄 전과자 관리프로그램 즉, 주1회 거주지 파악과 신상변화주시-직접방문)

셋째,일선 파출소 운영 부활

넷째,아동,미성년성폭행 초동수사 메뉴얼 검토

다섯째,성도착증,정신이상자등 성범자가 정신이상이 의심되는 경우 출소보다 정신병원으로 격리하는 법안 검토(외국사례)


일선현장을 두루 24시간이상 다니시면서 감찰하시고 확인하셔서 범경찰의 개혁과 발전으로 좋은 대안들로 적극 검토하시기 바랍니다.",,,NA,20240125,NA
 성범죄 재발 예방 그 어떤 방법이라도 시급히 해야...,행정/자치/안전,,제안심사,2010-06-12,NA,경찰청,"1) 현행제도...

지난 한해 15세이하 1000여명의 아동이 성폭행을 당했다는 조사를 보았다.

조두순, 김길수 사건이 터지고 엊그제 또 불미스런일로 인해 어린아이의 희생이 발생했으니 전자발찌, 공소시효정지등 방안이 통과하여 실행됨에도  새로운 헛점으로 인해 재발되니  참으로 안타깝다. 

성범죄들의 무서운 사형구형도 모르쇠로 일관하고 있으니 정말 경악을 금치 못한다.

2)개선내용및...

현재 cctv를 많이 설치 한다하여 사생활 침해라는 애기도 있는대  범죄추적에는 더 할 나위없는 수단이다.

특히, 학교 후미진 뒷뜰에서 삼삼오오 모여 담배피는 모습, 일대 다수로 한사람을 폭행하는 모습이 TV에 비춰질때  그런 사각지대에 까지 인력확보하여 ""지킴이""를 통하여 어슬렁거리고 기웃거리는 시선에대하여 감시하는 순찰인력 확충에 힘써야겠다.

또한 재범의 가능성이 있는 성범죄자들의 계속감시하는 특진의 조치가 필요하다.  사후 약방문이라도 또다른 사건발생의 시작을 방지한다. (감시카메라 설치, 재범자 계속 감시, 격리조치,  초중고 순찰인력 강화등)",,,NA,20240125,NA
"국민신문고""에 마일리지,포인트~적립합니다.",기타,,답변완료,2010-06-11,2010-06-18,국민권익위원회,"-마일리지~포인트제등 


-항공사나 카드업체에서 고객을 많이 확보하기 위해


 마일리지,포인트""를 사용 금액중 일부 금액을 적립


 하여 고객에게 돌려 주고 있습니다.


-이러한 제도는 유효기간이 있는 회사도 있고,유효기간이


 없는 경우도 있는것 같습니다.


***여기서 유효기간이 있어서,찾아 가지 않는 마일리지나


 포인트등은 국민신문고""로 자동이체케 하는 방안입니다.


***~~적립한 회사가 자동소멸 하지말고,국민신문고""에


 보내는 방안입니다.


-항공사와 카드계 회사들이 적극 협조해 주신다면 가능


 하다고 생각되어 제안서 제출합니다.


-그러고 보니 핸드폰""""요금에도 포인트 점수도 있군요.",,,"1. 국민신문고에 대한 관심에 감사를 드리며, 귀하께서 신청하신 제안(1AB-1006-003692, 항공사, 카드업체, 통신사의 마일리지나 포인트중

    에 유효기간이 있어서 찾아가지 않는 마일리지나 포인트를 국민신문고 포인트로 전환하여 사용)에 대한 검토결과를 다음과 같이 알려

    드립니다.

2. 답변사항

  ○ 항공사, 카드업체, 통신사의 마일리지나 포인트는 회사 및 개인의 재산권에 해당하여 유효기간 유무를 떠나 임의로 국민신문고 포인트

      로 전환하여 사용하기에는 법적으로 문제가 될뿐만 아니라 회사 및 개인으로서도 동의하지 않을 가능성이 커 적용하기에 어려우니,

      양해하여 주시기 바랍니다.

3. 제출하신 의견은 국민제안규정 제2조에 의거한 단순 건의에 해당하여 채택하지 않음을 양해하여 주시기 바랍니다.

4. 상기 내용 이외에 추가로 궁금하신 사항은 국민신문고담당관실 정진덕조사관(02-360-2750)에게 연락하여 주시기 바라며, 귀하와 귀하의

    가정에 건강과 행운이 항상 함께하기를 기원합니다. 끝.",20240125,NA
국민신문고 사이트에서 공개제안중 추진하는 제안만 따로 볼수 있도록 개설,기타,,답변완료,2010-06-10,2010-06-21,국민권익위원회,"현행 실태와 문제점

국민신문고에 들어가 공개제안을 자주 보는 편입니다. 하지만 결과를 보려고 하면 추진, 심사, 완료 이런 세가지 종류가 나오는데 공개제안을 볼때 이 세가지를 좀 더 자세히 분류해주셨으면 합니다.

개선내용 

국민들이 제안한 내용을 세부적으로 완료된 내용 따로, 심사중인내용 따로, 추진되고 있는 내용을 따로따로 볼수 있다면 자신이 원하는 답을 더 빨리 찾을 수 있을거라 생각되어집니다.

개선시 기대효과

공개제안을 일일이 하나하나 둘러보지 않아도 내가 지금 나라에서 추진하는 제안에는 무엇이 있는지 일목요연하게 볼수 있어서 자신이 원하는 정보를 찾는데도 시간 절감의 효과가 더 크다고 생각되어집니다. 이런 소소한 점까지 고려해주시면 좋겠습니다.",,,"김희연님 안녕하십니까? 국민제안에 대한 관심과 참여에 감사드립니다.

귀하께서 제출하신 제안의 요지는 ‘공개 국민제안의 진행사항(심사,추진,완료)별 검색이 가능하도록 하라.’라는 내용으로 파악되며, 아래와 같이 검토결과를 알려드리고자 합니다.

귀하의 제안과 관련, 이미 시스템에서 활용할 수 있는 것으로 판단되어 추가검토 없이 종결 처리하고자 합니다. 

앞으로도 좋은 의견을 많이 제출하시면 국민신문고 운영 활성화에 최대한 반영할 수 있도록 노력을 기울이겠습니다. 감사합니다.",20240125,NA
대학생 아르바이트 활성화 방안,행정/자치/안전,,제안심사,2010-06-10,NA,서초구,"대학 등록금이 연 7-8백만 시대에 대학생 학부모나 대학생 본인에게 경제적으로 큰부담이 된다

본인이 용돈이나 등록금에 보태기 위해 방학때 아르바이트를 하고자 해도 마땅히 할만한 곳이 없고 

시급 아르바이트를 구해서 해도 근로조건이 매우 열악하고 부당대우를 받는 경우, 심지어 임금을 받지 못해도 신고하거나 이의를 제기할 수도 없다

대학생 아르바이트를 교과부나, 지자체에서 제도적으로 활성화해서 경제적인 도움과 사회생활에 필요한 준비로써 공부도 되고 경험도 쌓을 수는 기회가 되었으면 합니다

구청에서 모집하는 대학생 아르바이트는 경쟁이 치열해서 기회가 거의없고, 통장자녀들은 신청만 하면 매학기마다 하게 합니다  주부모니터 자녀들에게도 기회를 주면 좋겠습니다",,,NA,20240125,NA
신문고 홈페이지 대한 제안 입니다.,기타,,답변완료,2010-06-10,2010-06-18,국민권익위원회,"신문고는 북을  울려서 잘못된 점을 이야기 해달로 하는건가요??


북을 치기 까지 과정이 너무 힘드네요


홈페이지에  그냥  비공개 공개든 자유로운 생각을 올려야 되지 안을까요?


지금은 신문고가 신문하는 단계인데요


그냥 듣기 이런거 어떨까요??",,,"1. 국민신문고에 대한 관심에 감사를 드리며, 귀하께서 신청하신 제안(1AB-1006-003041, 신문고 홈페이지 대한 제안입니다.)대한 검토결과

    를 다음과 같이 알려드립니다.

2. 답변사항

  ○ 귀하께서 국민신문고 국민제안에 제출하신 내용에 구체적인 제안  내용이 작성되어 있지않아, 검토하기 어려우니, 구체적인 내용을 작성

       하여 신청하시면 검토후 결과를 안내하여 드리겠으니, 양해하여 주시기 바랍니다.

3. 제출하신 의견은 내용이 불분명하여 채택하지 않음을 양해하여 주시기 바랍니다.

4. 상기 내용 이외에 추가로 궁금하신 사항은 국민신문고담당관실 정진덕조사관(02-360-2750)에게 연락하여 주시기 바라며, 귀하와 귀하의

    가정에 건강과 행운이 항상 함께하기를 기원합니다. 끝.",20240125,NA
"우수한 국민의 소리를 위한 귀--국민신문고""의 활성화를 위해..",기타,,답변완료,2010-06-09,2010-07-01,국민권익위원회,"현재..

우리나라는..

국민의 작은 목소리를 크게 듣는.. 민원 포털 싸이트가 운영중입니다..


참으로 선진국형의 국민과 함께 하는 범 국민적인 우수한 포털 싸이트..

빠른민원, 모든행정기관에 대한 의문과 제안..그리고 정책 토론까지..


참으로 폭넓게 국민의 소리에 귀를 기울이기 위한.. 국민권익위원회에서 운영하는..

참좋은.. 열린문..


허나..안타까운것은..

선진국형 포털 민원,제안,정책토론의 문인 신문고 싸이트를 잘 모른다는 것입니다.

사용하는 사람에 대한 제한성..


모든 국민이 다 같이 정치인이 되고.

정치 참여인이 되어.. 두드릴수 잇도록..국민을 향해 열어놓은 귀..국민신문고.


이 국민신문고에 대한 홍보가 좀더 이뤄져야 한다는 아쉬움이 있어..제안서를 올립니다.


@@ 개선내용--국가공기업이나, 은행, 공공기관--등에..

출입문 이나 건물입구에.. 국민신문고이용을 위한 홍보판의 설치가..필요하다고 생각합니다.


국민신문고의 사이트 에 들어서면..보이는..신문고(큰북)을 그려넣은-- 

신문고 사용과 홍보,.그리고 국민제안과 각행정기관의 민원 등을 .. 올릴수 잇음을..

홍보하여.. 전 국민이 정치인이 되고..전국민이 민원인이 되어..


국가를 위해..참여한다면..(국민제안. 민원, 그리고 개선, 정책토론 등)

엄청난 아이디어와 개선, 그리고 궁금증에 대한 정책해석등을.. 들을수 잇고.

국민과 정부가 정말 서로 의견을 나누며 , 나라를 좀더 이해하고 각 부서의 특징과 고충을 이해할수 잇고..또 정부는 국민의 고충과 민원을 다루면서.. 서로가 공감해 나가는 나라로..발전성장 할것입니다.


국민신문고의 .. 활성화 를 위해.

모든 국민이 .. 이런 훌륭한 사이트가 잇음을.. 알고 활용할수 잇도록..

국민신문고의 홍보를 좀더..적극적으로 하였으면 하는 간절한 ..제안입니다.


정말..국민신문고..는 특별한 사람들이 드나드는 싸이트로 오해하는 사람들이 너무나 많으며..

이런 훌륭한 국민포털 싸이트가 있는지 조차..모르는 사람이 너무 많아..

아쉽습니다.

..

우리 국민이 모두.. 정부와 한 묶음이 될수 잇도록..

이런 개선의 제안은 어떻습니까?",,,"1. 국민신문고에 대한 관심에 감사를 드리며, 귀하께서 신청하신 제안(1AB-1006-002995, 국민신문고가 더욱 활성화 될 수 있도록 적극적

    으로 홍보 요청)에 대한 검토결과를 다음과 같이 알려드립니다.

2. 답변사항

  ○ 먼저 국민신문고에 애정을 가지시고, 활성화에 지대한 관심을 가져  주셔서 감사드립니다, 우리 국민권익위원회에서도 국민신문고

      활성화에 많은 노력을 기울이고 있으며, 올해도 지하철 홍보등을 추진  하고 있습니다, 앞으로 국민신문고에 대한 홍보를 적극적으로

      추진하여, 더욱 활성화 되도록 하겠습니다.

3. 제출하신 의견은 국민제안규정 제2조에 의거한 단순 건의에 해당하여 채택하지 않음을 양해하여 주시기 바랍니다.

        4. 상기 내용 이외에 추가로 궁금하신 사항은 국민신문고담당관실 정진덕조사관(02-360-2750)에게 연락하여 주시기 바라며, 귀하와 귀하의 가정에 건강과 행운이 항상 함께하기를 기원합니다. 끝.",20240125,NA
3째는 더 이상 고려하지 않게 되었습니다,교육/문화/체육/관광,,제안심사,2010-06-09,NA,충청남도교육청,"저는 6살 4살 사내아이 둘을 키우며 일까지 하는 행복한 엄마였답니다 3째딸까지 계획하고 있었는데.......지난주 까지만 해도요 근데 지금은 절대 절대 .............................

지난 금요일(6.4일) 우리 큰아이가 오전수업만 마치고 집으로 돌아와 천천벽력같은 소리로 제 가슴을 쓸어내렸죠 ` 엄마 애들이 난 가만히 있는데 때려요`  누가 때리는데 엄마 한테 말해봐 했더니 `다요 다때려요 충원이하고 길인영이만 안 때리고 다 때려요` 유난히 어린집을 가기 싫어 했는데 전 애들이 다 그려려니 했지 맞고 다닐 줄은 꿈에도 상상조차 하지 못했네요 근데 때 마침 그전에 우리아이와 친하게 지내던 아이 다니는 유치원에 자리가 있어 큰아이를 보낼 수 있었습니다  작은아이와 떨어뜨리것이 안타까워서 사정사정해서 작은아이까지  형다니는 유치원에 보내려 했는데  둘형제를 새로운 유치원에 보낸 첫날(6.7일) 교육청에 민원이 들어와서 우리작은 아이는 받을 수가 없다는 통보를 받았습니다  그래서 작은아이는 형과 떨어져 어디로 보내져야 할까요  민원이 들어와서 큰아이 다니는 유치원은 교육청감사가 불가피하다고 하던데........ 제가 유치원 관계자라면 우리큰아이가 이쁘게 보이진 않을것 같아요 그리고 민원을 넣은사람이 감이 잡히지만 그래도 제가 우리작은아이 정서를 생각해서 그전 어린이집에 다시넣어야 하나 고민하는데 애 아빤 멍충이냐고 길길이 날뛰고.........전 어떻게 이일을 해결해야 할지 막막해서 두서없이 적어보았습니다  전 장담컨대 3째를 계획하진 않을 것입니다  우리나라에서는.........  못난 엄마 글이 였습니다  읽어 주셔서 감사합니다",,,NA,20240125,NA
창원 읍면동 개발에 대하여 제안합니다,행정/자치/안전,,제안심사,2010-06-09,NA,창원시,"저는 용호동에 주거하고 있는 창원시민으로서 한 말씀드립니다.

사실 창원의 주거환경은 어느 도시에 비교해도 손색이 없을 정도로 잘 정비되어 있다고 생각합니다. 생활체육시설이라든지 문화거리 등등 아주 만족합니다.

그런데 창원시에 속한 지역이지만 너무나 낙후된 지역이 있어 제안코저 합니다.

창원 마산 진행의 교차지역인 신촌 양곡동입니다.

주민수는 몇천세대 되는 거 같은데 반반한 체육시설이라든지 문화 인프라 등 모든 편익시설이 전무할 정도로 생각됩니다.거리를 봐도 조그만한 가게들만 있는 그런 반촌같은 지역이 어떻게 통합창원시에 방치될 수 있습니까? 진해도 마산도 통합시에 흡수되어 개발하겠다고 하는데 양곡은 아무런 정책도 개발방향도 없는 거 같아 너무 안쓰럽네요

즉 저의 제안은 다음과 같습니다

지리적으로 보면 통합시의 중심이라고도 할 수 있는 양곡을 생활체육시설과 학교시설 그리고 문화인프라를 구축해 축복받는 통합시민으로 자긍심을 가질수 있도록 정책을 펴 주시길 바랍니다.",,,NA,20240125,NA
제목에서 오른쪽 마우스를 누르면   제목에서 나의제안 목록들이 나오게합시다.,기타,,답변완료,2010-06-09,2010-06-18,국민권익위원회,제목에서 오른쪽 마우스를 누르면  제안내용 제목에서 나의제안 목록이 나오게합시다.,,,"1. 국민신문고에 대한 관심에 감사를 드리며, 귀하께서 신청하신 제안(1AB-1006-002776, 국민신문고 국민제안 제목에서 오른쪽 마우스를

    누르면 나의제안 목록들이 나오게 해주세요)에 대한 검토결과를 다음과 같이 알려드립니다.

2. 답변사항

  ○ 먼저 국민신문고 이용에 불편을 드려서 죄송합니다, 국민신문고 국민제안 제목에서 오른쪽 마우스를 누르면 나의제안 목록들이 나오게

      하는 기능은 적용하기에는 어려운 점이 있으니, 양해하여 주시기바라며, 나의제안에서 목록들은 현재도 실명인증후 확인 하실 수 있습

      니다, 앞으로 국민신문고를 이용하시면서 불편한 사항이 있으면 언제든  문의하십시오, 친절히 답변드리겠습니다.

3. 제출하신 의견은 국민제안규정 제2조에 의거한 단순 건의에 해당하여 채택하지 않음을 양해하여 주시기 바랍니다.

4. 상기 내용 이외에 추가로 궁금하신 사항은 국민신문고담당관실 정진덕조사관(02-360-2750)에게 연락하여 주시기 바라며, 귀하와 귀하의

    가정에 건강과 행운이 항상 함께하기를 기원합니다. 끝.",20240125,NA
"일상생활에서 필요한 주인의식을 심어줄 ""아이디어 뱅크 저축 통장""",행정/자치/안전,지방자치단체 아이디어 수첩.jpg,제안심사,2010-06-05,NA,북구,"♣제안의 취지

일상생활에서 필요한 주인의식을 심어줄 ""아이디어 뱅크 손수첩""을 공무원에게 매년 지급되는 업무용 다이어리의 교체와 정책에 참여한 적극적인 시민들에게 지급하면 더 많은 관심을 가지고 기록하고 메모해 정책에 참여를 할 것 입니다.


공무원들에게 매년 나눠주는 다이어리는 너무 크고, 몇장 쓰지도 않고 버려지기 때문에 낭비 요인이 있습니다. 현 다이어리의 반만한 노트형 손수첩이 업무에 효율적이고 보관도 쉬울것이며, 현 비효율적 다이어리 예산을 줄일수 있을것 입니다.(참고로 되도록 무달력 노트가 효율적입니다.다이어리 날짜에 맞춰 쓰는  경우가 극히 드물다는 것은 여러분들이 더 잘 알것 입니다)


일명 ""아이디어 뱅크 손수첩""이란 생활 아이디어를 저축 한다는 의미 입니다. 


☞ 직원들의 업무용다이어리에는 : 업무용 ""창의수첩"" 으로

☞ 적극 참여 시민들에게는 : ""창의시민수첩"" 명 하면 좋을것 입니다.


♣ 현행제도 


창의시민의 창의도시와 시민들의 생활공감 정책 참여를 위해 다양한 정책을 만들어 가고 있으며, 시민들이 불편한 제도개선과 정책개발, 국민 생활공감 아이디어 공모를 통한 생활공감정책 개발에 많은 노력을 하고 있습니다. 



♣ 운영및 실태와 문제점 


지자체는 월례회의및 공모제도, 시정제안제도를 통해 분기별, 반기별, 년중 시정 발전에 공로를 인정받은 시민들에게 시상을 하고 있으며, 상급단체와 행사 초청자들이 지자체 행사에 초대를 받습니다. 

또 한 다양한 지역 특화 이벤트와 홍보를 통해 관광활성화, 국민참여활성화, 지역경제활성화, 국민참여 행사를 확대하고 있습니다. 


이와같은 다양한 행사로 만남의 장이 펼쳐지는데 행사후 남는것은 별로 없는것 같다는 생각을 하게 됩니다. 일회성 행사와 지속성 있는 발전 모멘텀을 제공하지는 못하고 있다는 생각이 듭니다. 



♣ 제안취지 


위에서 언급한 현행제도의 내용과 운영및 실태와 문제점에서 말씀 드렸듯이 일회성이 아닌 지속 가능한 참여와 지속가능한 홍보, 지속 가능한 발전을 이루기 위한 기념품을 개발해 보면 어떨까 생각을 해 보았습니다. 


1. 아이디어는 세상을 바꾼다고 합니다. 

생각지도 못했던 단순한 생활에서의 불편을 메모하여 두었다가 아이디어 제안을 했는데 그것이 시정정책으로 시행이 되고, 특허품이 되었다면 지자체와 시민에게 어떤 변화가 올까요? 


2. 아이디어는 생활하면서 나옵니다 그래서 메모가 필요합니다. 

우리가 일상 생활을 하면서 많은 생각을 하게 됩니다. 생활이 불편하고, 제도 개선의 필요성을 인식하고, 예산의 낭비요인과 위험요소, 획기적인 장치와 개발품등 우리 시민들은 일상생활을 하면서 현장에서 느끼는 다양한 생각과 마음을 갖습니다. 하지만 1시간이 지나면 아무리 좋았던것도 잊혀지게되고 당시 느꼈던 생각과 마음이 반감되어 적용치 못하고 그만큼 시간이 늦어지게 되는것 입니다. 

그래서 메모가 중요하다고 생각 합니다. 메모는 잊혀진것도 다시 일깨워주고 실행을 할 수 있도록 하는 힘이 있습니다. 


3. 메모는 시민들의 생활 수준을 올리고 지식을 쌓게 만들고, 참여를 하게 만듭니다. 

메모 자체가 참여이며, 관심입니다. 모든 시민들이 관심을 갖게되면 그것보다 더 큰 힘은 없다고 생각을 합니다. 정책을 쉽게, 참여를 쉽게, 아이디어를 쉽게 누구나 할 수 있도록 하는 힘은 메모에서 나오게 됩니다. 


4. 메모가 습관이 되면 창의적인 사람으로 직장에서 대우를 받습니다. 

메모는 사람을 긍정적으로 만들고 창의적으로 만들며, 신뢰를 쌓을 수 있는 경쟁력의 하나 입니다. 

대한민국의 모든 국민이 메모 수첩을 갖고 다닐때 이 또한 기네스가 될 것입니다. 

세계 최고의 특허가 가장 많은 나라 대한민국. 

국민의 아이디어로 세계 최고가 될 대한민국. 과연 꿈일까요? 




♣ 아이디어 제안 : 별첨자료 : 아이디어 수첩 디자인 그림 1매 


예산을 고려하여 공무원(직원)들에게 그리고 초대된 적극적인 참여자와 각 종 시상자들에게 작지만 가장 큰 선물이 될 수 있는 그리고 주인의식을 심어줄 ""아이디어 뱅크 수첩'을 나눠주는 제안을 드립니다. 


이 ""아이디어 뱅크 수첩'은 지자체의 시정 홍보 자료와 교통 정보, 행사정보, 관광지도, 달력등 생활에 필요한 지자체의 자료와 ""생활아이디어와 제도개선'등을 항상 메모할 수 있는 ""아이디어 저축 기입장으로 구성이 된 작은 손수첩 입니다. 


본 수첩은 지자체의 종합상품 명함의 역할로도 그 활용도가 높을 것 입니다. 수첩의 앞면을 지자체 명함의 디자인으로 해도 되니까요? 


수첩의 내용물은 작지만 알찬 내용으로 아이디어의 중요성을 일깨워주는 내용과 메모 습관의 중요성도 필요함. 메모지를 다쓴 적극적인 시민에게 메모지 속지를 바꿔주는 센스가 필요할 것 입니다. 


별첨 : 아이디어 수첩 디자인 그림 1매 



♣ 기대효과 


1. 아이디어 제안 활성화 

2. 시민 정책 참여 활성화 

3. 창의시민 창의도시 실현 

4. 지자체 실용신안, 특허상품중점 발굴 

5. 국민 생활공감 정책 참여 생활화 (정책 관심도 향상) 

6.시민의 재미와 성취감 향상 

7. 실용적 기념품으로 예산의 저비용 고효율 정책방향 

8. 지자체 홍보 기념품으로 획기적 상품 개발 

9. 시민의 품격과 지자체의 품격 향상 

10. 특별한 기념품은 소자의 가치가 있어 관광객 유치에도 기여.",,,NA,20240125,NA
철산교 지하차도 금천교 방향 차선변경관련,행정/자치/안전,철산교 지하차도 금천교 방향 차선변경관련.xlsx,제안심사,2010-06-04,NA,경찰청,"[실태와 문제점]

현재 금천교 방향의 철산 지하 차도 진입전 차선이 첨부파일의 1페이처럼 그려져 있습니다. 

1페이지의 1처럼 자동차들이 주행하면 정상이지만 자동차는 차선에 따라 운행을 하다보니 1-1처럼 많은 자동차들이 주행하고 있습니다.

그래서 1-1의 A와 B지점에는 항상 사고의 위험과 트레픽이 발생합니다.

특히 비오는 날에는 더 심하며, 금천교 지하차도가 개통되고 광명역사까지 도로가 개통되면 더 심해질 것입니다.

트레픽으로 인한 사회적 간접비용은 돈으로 환산하기 힘들것입니다.

[개선방안 및 기대효과]

그래서 2페이지 처럼 차선의 변경을 요청합니다.

그러면 자동차의 주행은 2번처럼 자연스럽게 주행하게 되며 A지점과 B지점의 사고의 위험 및 트레픽 또한 없어집니다. 

광명지하차도 진입하기전의 차선은 이미 2번처럼 그려져 있습니다.

모든 차선은 차량의 소통을 원활하게 하는것에 목적이 있다고 생각됩니다.",,,NA,20240125,NA
국민신문고 민원/제안 게시판 도배방지를 제안합니다.,기타,,답변완료,2010-06-04,2010-06-18,국민권익위원회,"국민신문고에 글들을 보면 동일한 내용으로 도배를 하는 경우를


종종 보아옵니다.


이는 자신의 내용을 강조하고 싶거나 빠른 채택을 원하는 심리에 일어나는 경우이나,


해당 국민신문고 담당자께서는 동일 민원이나 제안글을 중복처리해야 하는


번거로움과 업무의 과중이 발생하며, 업무의 비효율을 초래합니다.


국민신문고 개발부서에서는 이점을 인지하여


동일인이 동일한 내용으로 반복적으로 올리는 일련의 게시물도배작업을 방지하는


도배방지기능을 도입해 주시길 적극 반영검토 바랍니다.",,,"1. 국민신문고에 대한 관심에 감사를 드리며, 귀하께서 신청하신 제안(1AB-1006-000841, 국민신문고 민원/제안 게시판 중복된 내용의 신청글

    을 방지할 수  있게 해주세요)에 대한 검토결과를 다음과 같이 알려드립니다.

2. 답변사항

  ○ 국민신문고 민원 및 제안은 누구나 자유로이 신청할 수 있습니다, 민원 및 제안을 중복된 내용으로 신청하더라도 방지할 수 있는 기능을

      현재로서는 적용하기에 어려움이 있다는 것을 양해하여 주시기 바라며, 중복된 내용의 민원 및 제안일 경우 공람종결 또는 병합하여

      처리할 수 밖에  없습니다. 앞으로 국민신문고를 이용하시면서 불편한 사항이 있으면 언제든 문의하십시오, 친절히 답변드리겠습니다.

3. 제출하신 의견은 국민제안규정 제2조에 의거한 단순 건의에 해당하여 채택하지 않음을 양해하여 주시기 바랍니다.

4. 상기 내용 이외에 추가로 궁금하신 사항은 국민신문고담당관실 정진덕조사관(02-360-2750)에게 연락하여 주시기 바라며, 귀하와 귀하의

    가정에 건강과 행운이 항상 함께하기를 기원합니다. 끝.",20240125,NA
동탄신도시내 포장마자,행정/자치/안전,,제안심사,2010-06-02,NA,화성시,"1. 현행

- 동탄신도시 건설시 포장마차와 가두 구두수선등 수선집은 설치하지 않고 불법설치시 철거한다는 말을 들었다. 그런데 현재 시내 나가보면 구두닦는 가건물도 많이 생겼고 포장마차는 더 많다. 방치 된 포장마차도 많음. 혹시 이권개입은 아닌 지 의심스럽다.


2. 개선방안

- 모두 철거하고, 영세민 서민등의 생계차원이라면 이러한 영업을 할 수 있는 일정지역을 지정해 그 곳에서만 영업을 허용하는 방법으로 대체하는 것이 정비된 도시의 모습을 유지하는 방법일 것이다.

예) 먹자골목,  재래시장지역 등 특화 된 지역운영


3. 기대효과 

-  정비되고 정리 된 도시모습(가장 큰 효과)

- 상호 서비스 경쟁의 유도로 서비스의 질적 향상",,,NA,20240125,NA
로그인 아이디를 본인 영어 알파벳 이름으로 하게합시다.,기타,,답변완료,2010-06-01,2010-06-09,국민권익위원회,로그인 아이디를 본인 영어 알파벳 이름으로 하게합시다.,,,"1. 국민신문고에 대한 관심에 감사를 드리며, 귀하께서 신청하신 제안(1AB-1006-000092, 국민신문고 로그인 아이디를 본인 영어 알파벳

    이름으로 하게 합시다.)에 대한 검토결과를 다음과 같이 알려드립니다.

2. 답변사항

  ○ 국민신문고 로그인 아이디의 작성은 개인이 정하는 것으로 임의로 강제할 수 없는 사항이니, 양해하여 주시기 바랍니다.

3. 제출하신 의견은 국민제안규정 제2조에 의거한 단순 건의에 해당하여 채택하지 않음을 양해하여 주시기 바랍니다.

4. 상기 내용 이외에 추가로 궁금하신 사항은 국민신문고담당관실 정진덕조사관(02-360-2750)에게 연락하여 주시기 바라며, 귀하와 귀하의

    가정에 건강과 행운이 항상 함께하기를 기원합니다. 끝.",20240125,NA
국민신문고 홈페이지 로그인 관련및 스마트폰 어플 개발,기타,,답변완료,2010-06-01,2010-06-18,국민권익위원회,"요즘 인터넷 로그인방법이 다양화하고 있습니다.

가장 많이 쓰이는 공인인증서 방식및 아이핀 방식이 선호도가 높다고 할수

있습니다. 그런데 유독 국민신문고만 기본적인 방식인 아이디.패스워드 방식으로만 로그인이 가능합니다. 국민신문고 홈페이지도 공인인증서와 아이핀방식으로 로그인 할수있게 만들어 달아 제안해봅니다. 

또한 최근 스마트폰이 대세라 할정도로 많이 보급되고 사용하고 있습니다.

국민신문고도 국민들이 가장많이 이용하는 민원창구로써 스마트폰 어플을 사용하여 쉽고 빠르게 많은 분들이 이용할수 있도록 어플개발을 해달라고 제안하여봅니다. 아이폰과 안드로이드폰 두종류로 개발하여 보급해주신다면  호응도 매우 높을것으로 생각됩니다., 제자신도최근 스마트폰으로 인터넷 뱅킹등 아주 다양하게 이용하고 또한 만족하고 있습니다.  상기 제안이 채택되어 보다 국민에게

한걸음 더 다가설수 있는 국민신문고가 되었으면 합니다. 감사합니다.",,,"1. 국민신문고에 대한 관심에 감사를 드리며, 귀하께서 신청하신 제안(1AB-1006-000008, 국민신문고 로그인시 공인인증서, 아이핀으로 로그

    인 가능하도록 해주세요, 스마트폰용 프로그램 개발해주세요)에 대한 검토결과를 다음과 같이 알려드립니다.

2. 답변사항

  ○ 국민신문고 로그인시 공인증서, 아이핀으로 로그인 기능 적용은   현재로서는 중복 및 동일인 식별을 위해 이름 및 주민번호 정보가 필요

      하여 적용계획이 없으나, 행정안전부 등과 협의하여 향후 적용여부를 검토하도록 하겠으며, 스마트폰용 프로그램은 개발이 완료단계에

      있어 곧 보급 예정이므로 많은 이용 부탁드립니다

3. 제출하신 의견은 현재 적용계획이 없거나 시행예정인 제안에 해당하여 채택하지 않음을 양해하여 주시기 바랍니다.

4. 상기 내용 이외에 추가로 궁금하신 사항은 국민신문고담당관실 정진덕조사관(02-360-2750)에게 연락하여 주시기 바라며, 귀하와 귀하의

    가정에 건강과 행운이 항상 함께하기를 기원합니다. 끝.",20240125,NA
"정치인,고위직들 비리및 방만경영 퇴치 전략",기타,,답변완료,2010-05-31,2010-06-18,국민권익위원회,"우리주위의 어르신들 말씀을 듣자면 자유당 시대때부터 전해오는 일이다 이런말을 듣읍니다. 무엇이 그럴까요......바로 정치인 고위직들의 비리및 방만경영 입니다. 왜 수년이 지난 지금까지도 비리의 사슬이 끊어지질않고 갈수록 더 늘어만 가는지 이것을 척결할수 있는 방법을 제안 합니다.  우리국민들 께서는 옛부터 잘용서하고 ,믿어주고 , 참아내고  이런 미덕으로 살아왔읍니다.  그러다보니 이분들은 지금까지 크게 뉘우치는 기색없이 자리에서 물러나기만 하면된다 였읍니다,  그다음에 정부 고위직 관료는  하위 공기업 높은 자리로 가고 또 거기에서 방만경영을 하고 국민혈세로 적자 메꿔주면  그돈으로 보너스파티하고 , 해외여행가고 정계에서는 뒷선으로 물러나서 공천장사 한다고 신문방송에서 수차례 보도를해도 그때뿐.....악순환이 계속됩니다.  너무쉽게 용서하고  명확한 벌칙이 없이 자기들끼리 구렁이 담넘어가듯 동종업자들의 유대관계임......공무원들이 힘없는 서민 에게 , 기업체들이 비리 직원에게 하는방법 원상복구, 보증인변상, 5배의 과징금.등..... 지나간 일부터 끝까지 추적하여 그들의 자손에게라도 배상책임을 물으면 후손에게 망신당하기 두려워서 라도  근절 될것입니다.",,,"○ 공직 부패 척결에 관심을 가져주시고 제안을 해주신데 대해 감사를 드립니다. 


○ 귀하의 공직자 비리 근절을 위한 제안은 향후 업무추진시 참고토록 하겠습니다. 

- 아울러, 국민권익위원회에서는 비리공직자에 대한 처벌규정 강화, 공무원 뇌물제공업체 입찰참가 의무적 제한 등 각종 비리근절 대책 추진을 위해 노력하고 있음을 알려드립니다.


○ 앞으로도 사회 각 분야의 부정과 비리 척결에 많은 관심을 부탁드립니다. 감사합니다.",20240125,NA
국민신문고,기타,작은 소리도 크게듣겠습니다.hwp,답변완료,2010-05-31,2010-06-11,국민권익위원회,"문제인식;


홈펭이지 첫쪽


개선방안;


제안 1: 첨부파일

제안 2:  스클롤바 삭제


기대효과;


경제원리

본능호소",,,"1. 국민신문고에 대한 관심에 감사를 드리며, 귀하께서 신청하신 제안(1AB-1005-007539,1AB-1005-008321, 웹사이트 개선필수, 스크롤바

    삭제)대한 검토결과를 다음과 같이 알려드립니다.

2. 답변사항

  ○ 귀하께서 국민신문고 국민제안에 제출하신 내용에 구체적인 제안  내용이 작성되어 있지않아, 검토하기 어려우니, 구체적인 내용을 작성

       하여 신청하시면 검토후 결과를 안내하여 드리겠으니, 양해하여 주시기 바랍니다.

3. 제출하신 의견은 내용이 불분명하여 채택하지 않음을 양해하여 주시기 바랍니다.

4. 상기 내용 이외에 추가로 궁금하신 사항은 국민신문고담당관실 정진덕조사관(02-360-2750)에게 연락하여 주시기 바라며, 귀하와 귀하의

    가정에 건강과 행운이 항상 함께하기를 기원합니다. 끝.",20240125,NA
노후 안내판 활용해 대충청방문의 해 홍보활동 서비스 확대방안,행정/자치/안전,노후 안내판 활용해 대충청방문의 해 홍보활동 서비스 확대방안 0531.hwp,답변완료,2010-05-31,2013-01-18,충청남도,"당진 행담도에 있는 충남道 홍보관 앞 안내판이 ‘2010대충청방문의 해’ 대형 홍보물로 재탄생 된다.


충남도는 당진군 신평면 서해안고속도로 행담도 휴게소 옆 ‘충남도 홍보관’ 앞에 설치된 노후 안내판을 󰡔2010대충청방문의 해󰡕 광고 시안을 부착하여 행담도 휴게소를 이용하는 유동인구(1일 평균 1만여명)를 주 타겟으로 전략적인 홍보사업을 펼쳐 나가기로 했다.


5.15m×6.2m 크기의 대형 안내판에 부착하게 될 광고(안)은 세계대백제전의 기마군단 행렬 장면과, 보령 머드축제 이미지 및 대충청방문의 해 홍보대사(정준호, 태진아, 한은정) 연출 사진과 ‘충남으로 오셔유! 즐겨유!’라는 충청도 사투리로 구성한 슬로건을 활용하여 구성하게 된다.



           [광고 개선 전]                            [광고 개선 후] 


- 위와 같이 ‘2010 대충청방문의 해 홍보대사와 함께’하는 충남관광 홍보에 대하여 전 충남 여러 지역에 확산한다면 충남관광 인지도 확산과 사업성과 거양을 위해 지속적인 홍보활동 활성화에 기여 할 것이라는 점에 착안하였음. 


- “2010 대충청방문의 해 성공개최를 위해서는 관광기반시설 확충과 함께 추진 분위기 확산을 위한 홍보사업에 기여”

“충남관광 인지도 확산과 사업성과 거양을 위해 지속적인 홍보활동에 기여 효과”",,,"○ 귀하의 충남 도정에 대한 깊은 관심에 진심어린 감사를 드립니다.


 ○ 현재 우리 도에서는 행담도에 설치한 충남도 홍보관 앞에 위치한 광고판을 활용하여

     도가 개최하는 주요 행사, 중점 홍보가 필요한 도정에 대한 내용을 홍보하고 있습니다.


 ○ 감사합니다.",20240125,NA
공인 사인 (공인들의 공인다움 추구요망),기타,,답변완료,2010-05-31,NA,국민권익위원회,"문제점;


심문고엔 (신문고와 고충처리)

참아하리 (진아이냐 제안이냐 게시이냐 인내이냐)


개선안;


공무원도 (헌신봉사)

이비인후 (생존권익)


기대효과;


소쩍새는 (새이름임)

소쩍소쩍 (고착상태)


정치낌새 (지도계층, 부유계층, 대물림층)

서민서민 (배수의진, 구태의연, 정체확인, 자아정체 분수각성)",,,"안녕하십니까? 김창선 님

국민신문고를 방문해 주셔서 감사합니다.


국민제안은 국민이 정부시책 또는 행정제도・운영의 개선을 목적으로 중앙행정기관의 장, 지방자치단체의 장 또는 특별시・광역시・도・특별자치도 교육감(행정기관의 장)에게 제출하는 창의적인 의견 또는 고안으로서, 단순한 문제 제기, 건의 등에 그치지 아니하고 구체적이고 창의적인 문제 해결의 대안을 제시한 경우에 심사하여 그 채택여부를 결정하게 됩니다. 


아쉽게도 귀하께서 제출하신 내용만으로는 구체적인 시행방안 등이 나와 있지 않아 불채택 하고자 하니 양해하여 주시기 바라며, 앞으로도 지속적인 관심과 참여를 부탁드립니다.


귀댁에 건강과 행운이 함께 하길 기원합니다. 감사합니다.",20240125,NA
지하철 스크린도어에 알림벨 설치를...,행정/자치/안전,,답변완료,2010-05-30,2013-01-10,서울특별시,"*현   행:  지하철 승하차시 설치되어 있는 스크린도어는 승무원의 판단에 의해 조작됩니다. 

*문제점:  지하철 승하차시 스크린도어가 닫힐려고 하는데, 조금 더 빨리 승차하려고 굳히 가지고 있는 물건을 들이미는 경우가 많습니다. 자칫 대형사고로 이어져 상해를 입는 경우도 생길 수 있습니다. 

*개선사항: 줄 서 있는 승객들이 다 탑승하고 스크린도어를 닫을 때, 스크린도어 양쪽 문에 알림 벨을 설치하여 문이 닫힘을 미리 알려주면, 승객들이 무리하게 탑승하여 생기는 사고를 예방할 수 있으리라 생각합니다. 

*기대효과: 무리한 탑승으로 일어나는 안전사고 예방도 되고, 지하철 지연운행으로 인한 시간과 그에 따른 손실도 많이 줄어들 것으로 생각합니다. 또한 공익근무요원들의 손길이 미치지 않는 곳도 어느 정도 안전사고 예방을 해주는 효과도 있다고 봅니다.",,,"국민신문고에 소중한 제안 주신점 감사드립니다.

현재 서울지하철에 설치된 안전문(스크린도어)에서는 문이 열리거나 닫힐때 삐삐삐 소리가 나면서 동작하는 것을 알려주고 있습니다.

안전을 위해 안전문을 설치 운영중이며, 시민들의 안전을 위해 더욱 노력하겠으며, 무리한 탑승을 시도하는 시민들의 성숙한 시민의식도 필요한 때라고 생각합니다.

앞으로도 서울 지하철에 애정과 관심을 가지시고 많은 조언 부탁드립니다.",20240125,NA
웹사이트,기타,,답변완료,2010-05-28,2010-06-11,국민권익위원회,"문제점:


웹사이트

개선필수


개선방안:


현직에서

관심요망


기대효과:


점진적인

개선기대",,,"1. 국민신문고에 대한 관심에 감사를 드리며, 귀하께서 신청하신 제안(1AB-1005-007539,1AB-1005-008321, 웹사이트 개선필수, 스크롤바

    삭제)대한 검토결과를 다음과 같이 알려드립니다.

2. 답변사항

  ○ 귀하께서 국민신문고 국민제안에 제출하신 내용에 구체적인 제안  내용이 작성되어 있지않아, 검토하기 어려우니, 구체적인 내용을 작성

       하여 신청하시면 검토후 결과를 안내하여 드리겠으니, 양해하여 주시기 바랍니다.

3. 제출하신 의견은 내용이 불분명하여 채택하지 않음을 양해하여 주시기 바랍니다.

4. 상기 내용 이외에 추가로 궁금하신 사항은 국민신문고담당관실 정진덕조사관(02-360-2750)에게 연락하여 주시기 바라며, 귀하와 귀하의

    가정에 건강과 행운이 항상 함께하기를 기원합니다. 끝.",20240125,NA
G 20기간 노숙자 관리 에대한 의견 ,행정/자치/안전,,답변완료,2010-05-28,2013-01-31,서울특별시,"G 20기간 노숙자를 관리 하기 위한 아파트를 구입하여 집단수용을하여 숙식를 제공 

할 방법을 모색 중인것으로 생각되여 본인의 의견을 여기에 기술합니다

노숙인들에게 숙식을 제공하는것은 좋생각이지많 국민이낸 세금은 좀더 가치있게사용하여 

주시기를바라며 이글을올림니다

첫째 무상 숙식 않됨니다   노동을시켜 일을 하지안으면 먹응수없다는것을 가르치세요

둘째 노숙인뿐만아니라 (교도소재소자또한포함임니다) 개인의인권도 중요하고 존중되여야

하지만  세상에 존재한다는것은 혼자가아닌 공동생활의 범주에있으므로 먹고.입고 .숙식

를 제공받으려면 반듯이 노동의대가가 있어야함을 철저히 교육시켜야합나다.

* 노동방법 에는 충분히 숙의하여야 하겠지만 건설현장에서 특별 감독자를 배치하여 

강력하고 철저한작업과 규칙을 수행하였으면합니다.

세째 숙식제공장소 : 서울지역이아닌 지방의 미분양 아파트를 구입 하여사용한다면

지역에 어려운 건설사업자도 도움으주게되 좋은방법이아닌가합니다",,,"안규성님 안녕하세요?

우선 시스템 누락으로 접수가 많이 늦어지면서  답변이 지연된 부분에 진심으로 사과의 말씀드립니다.

안규성님께서 의견을 주신 G20기간 노숙인을 관리하기 위해 아파트를 구입하여 숙식을 제공한다는 부분은 사실과 다름을 알려드립니다. 우리시에서는 G20기간 노숙인 관리를 위한 별도 대책을 수립하지 않았습니다.

그러나 안규성님께서 말씀하신 부분처럼 교육을 통해 노숙인이 자활의지를 갖도록 해야 한다는 부분은 우리시에서도 공감하는 부문이며 인문학강의 등을 실시한바 있습니다. 

다시한번 늦게 답변을 드린점 죄송하다는 말씀드리며 안규성님의 가정에 행복과 웃음이 가득하시길 기원합니다.",20240125,NA
신문고에 ~잠시 쉬어 가십시요?,기타,,답변완료,2010-05-27,2010-05-28,국민권익위원회,"-국민신문고""를 이용하는 패널님께 국민권익위원회""힘?을 빌어


 패널님께 힘""을 실어 드립니다.


-흔히 사람들은 이렇게 표현 합니다.


-""내 힘들다! 내가 힘드니까~힘들다!~~표현합니다.


***거꾸로 문자를 바꾸어 보십시요!


***다들 힘내!?가 됩니다.


***국민신문고~패널님 에게 잠시 쉬는 ~제안입니다.


*********************아자!아자!아자!아~~~~``자!!!!


-내 힘들다!를 거꾸로 읽어 보삼~


**********다들 힘내!!!!!!!!!!!!!!!!!ㅎㅎ~~


-골머리 때리는 국민신문고""자리에도 잠시 쉬는 공간이


 필요하여 제안서 올립니다.",,,"안녕하십니까? 문성두 님 

국민신문고를 방문해 주셔서 감사합니다. 


국민제안은 국민이 정부시책 또는 행정제도・운영의 개선을 목적으로 중앙행정기관의 장, 지방자치단체의 장 또는 특별시・광역시・도・특별자치도 교육감(행정기관의 장)에게 제출하는 창의적인 의견 또는 고안으로서, 


1. 일반적으로 공지되었거나 이미 이용되고 있는 것 

2. 타인이 취득한 특허권・실용신안권・디자인권・저작권에 속하는 것이거나 [공무원 직무발명의 처분・관리 및 보상 등에 관한 규정] 에 의하여 보상이 확정된 것 

3. 이미 채택된 제안이거나 그 기본구상이 이와 유사한 것 

4. 일반 통념상 그 적용이 불가능하다고 판단되는 것 

5. 단순한 주의 환기・진정・비판・건의 또는 불만의 표시인 것 

6. 국가나 지방자치단체의 사무에 관한 사항이 아닌 것 


등은 해당되지 않으며, 귀하의 의견은 개선을 위한 제안내용이 없는바, 제안심사대상외로 처리하겠사오니 널리 양해바라며, 앞으로도 많은 관심과 참여 부탁드리겠습니다. 


국민의 곁에서 늘 깨어있는 국민신문고가 되도록 노력하겠습니다. 

감사합니다.",20240125,NA
어린이 안전을 위한 신개념 위치추적기 제안,행정/자치/안전,신사업제안-PT형.ppt,답변완료,2010-05-27,2013-01-24,서울특별시,"현재 서울시에서 어린이 유괴,납치를 예방하기 위해 GPS 위치추적 단말기를 이용한 U-시티 어린이 안전존서비스를 시행중인것으로 알고 있습니다. 제가 제안하고자 하는것은 현재 위치추적 서비스를 보다 실용적인 서비스가 될수 있게 하는 아이디어 입니다. 현재 휴대폰이나 목에 걸고 다니는 위치추적기의 경우 범인이 위치추적기를 알고 쉽게 제거해 버린다면 무용지물이 된다는 것입니다.


제가 가지고 있는 아이디어가 통신사와 연결되어  제아이디어가 현실로 이루어 졌으면 좋겠습니다. 


 -아디디어 개요- 


여성 및 어린이, 보호대상(치매환자, 정신지체장애인)이 납치, 유괴, 성범죄와 같은 위험에 처했을 때 비상 호출하거나 실종을 방지하는 장치로써 팔찌, 전자시계의 형태이다. 손목에 착용하여 위급상황시 비상버튼을 누르면, GPS 위성 망 및 휴대폰기지국 망을 통해 자신의 위치정보를 전송하고 친구나 가족 또는 경비업체직원에게 구조요청을 할 수 있는 비상호출팔찌이다. 그 외에도 응용제품으로 위치정보를 이용하여 차량납치구조, 도난차량 추적 및 고가의 자전거 도난방지등 서비스도 가능하다. 이처럼 위치추적을 응용한 새로운 서비스로 광범위하게 응용가능하다. 


이장치의 핵심적 특징은 장금장치가 탑재 되어있어, 가해자가 사용자의 구조요청 및 위치추적을 방해하기 위해 본 제품을 파손하거나, 강제로 뺏는 것을 방지한다. 잠금장치를 해제하기 위해서는 전용키가 필요하며, 다이얼식 잠금장치의 경우에는 숫자 키를 돌려서 해제하면 된다. 또한 본 장치는 비상버튼을 누름과 동시에 녹취가 가능하다. 사건 당시의 주변음을 저장하여 범인검거와 증거물 확보에 도움을 줄 수 있다. 


 그리고 비상호출기능 외에도 옵션으로 원하는 사용자에 한 하여 교통카드, 블루투스MP3기능 등을 탑재하여 실용성을 높인다.  사용자는 이 제품을 사용함으로써 위급상황 시에는 비상호출기능으로 범죄의 위험에서 신변을 보호받고, 평상시는 범죄대한 불안감으로 인한 스트레스를 줄이고 부수적인 편의 기능으로 삶의 질을 향상시킨다.",,,"서울시에서는 2008년부터 ""서울꿈나무프로젝트""의 일환으로 u-서울안전서비스를 제공하고 있습니다.

2008년 초등학교 학교 중심의 실시간 위치확인, 등하교알림, 긴급호출서비스인 ""어린이안전존"" 서비스를 7개 초등학교에 시범 운영하였고,

2012.2월 부터는 GPS+WiFi+Cell ID 기반의 실시간위치확인 및 긴급호출, 비상통화 기능이 개선된 u-서울안전서비스 시범 구축사업을  완료하고

현재 초등학교 아동, 치매어르신, 지적장애인을 대상으로 시행하고 있습니다.

제안하신 내용은 서울시 및 행정안정부에서 추진하고 있는 위치기반 안전서비스와 유사하며, 다만 팔찌형태의 단말기 디자인 부분만 상이한 것입니다.

서울시에서도 다양한 형태의 안전단말기 디자인을 고려하였으며,

현재의 단말기는 단말기 제조단가, 이동통신사 통신모듈, 통화기능 탑재 등의 사항을 다각적으로 검토 한 결과 최소의 예산범위에서 구현된 것입니다.

또한, 이용자 만족도 등을 면밀히 검토하여 향후 이용자 특성을 고려한 단말기 형태(스마트폰 등), 통신방식 등에 대해 성능 개선을 추진하고 있습니다.

제안하신 내용의 실행을 위해서는 제안장비의 제조가격, 이동통신사 망 활용에 따른 통신비용 세부산출 등의 추가적인 세부 자료가 필요할 것으로 판단됩니다.",20240125,NA
음식물 쓰레기처리에 대해,행정/자치/안전,,제안심사,2010-05-27,NA,부안군,음식물 쓰레가 여름철에는 과일을 많이 먹어서 쓰레기가 많은 양이 배출된다 그러나 주말에 수거를 안하니까 여름에는 벌레들이 많이 생긴다 여름철에 만이라도 주말에 수거를 했으면 한다,,,NA,20240125,NA
심사자에게 포인트 점수 주셔야 합니다.,기타,,답변완료,2010-05-26,2010-06-03,국민권익위원회,"-국민신문고""에 제안자가 제안하고 평점을 하면 20점 포인트""를


 얻게 된다.


-심사자에 대한 평점~매우만족,만족,보통,불만족등에  제안자가


 평점을 부과한다.


-대부분 심사자는 보통""이상의 만족도~평점을 받고 싶을 것이다.


-***제안의 핵심(키포인트)이다.


***제안자의 만족도 평가에 ""매우만족""은 50점""의 점수를 준다.


***제안자가 매우 불만족""평점을 부여 했다면 마이너스 10점을


 부과한다.


***즉,제안자에 관한  평점은 있고 가장 중요한 ~~~심사자에 


 대한 제안자 ~평점은 없다.


-제안자가 포인트(점수)를 받드시, 심사자도 당연히 ~~제안자의


 심사자의 평점?을 받아야 한다.



***심사자의 포인트 점수?가 높아 지면 당연히 


 여타한 여건등에 혜택을 주어야 한다.


*********그래야~~성의가 가득한 심사가(회신) 되지 않을까요?",,,"1. 국민신문고에 대한 관심에 감사를 드리며, 귀하께서 신청하신 제안(1AB-1005-006897, 국민신문고 국민제안 심사자에게 포인트 점수

    주셔야 합니다.)에 대한 검토결과를 다음과 같이 알려드립니다.

2. 답변사항

 ○ 국민신문고 국민제안 신청시 답변 완료한 사항에 대하여 만족도   심사결과는 기관평가에 반영되고, 대부분의 기관은 해당 공무원을

     성과평가 등을 통하여 인센티브를 부여하고 있습니다.  

3. 제출하신 의견은 국민제안규정 제2조에 의거한 단순 건의에 해당하여 채택하지 않음을 양해하여 주시기 바랍니다.

4. 상기 내용 이외에 추가로 궁금하신 사항은 국민신문고담당관실 정진덕조사관(02-360-2750)에게 연락하여 주시기 바라며, 귀하와 귀하의

    가정에 건강과 행운이 항상 함께하기를 기원합니다. 끝.",20240125,NA
전쟁 발발설이 사회불안을 조장하고 있어요,법제/사법,,제안심사,2010-05-26,NA,대검찰청,"천안함 사태로 한반도 위기상황이 고조되면서 중고교생들 사이에서 ‘북한이 전쟁을 선포했다’는 내용의 허위문자가 유포되고 있다고 합니다.

네이버 게임 카페 게시판에 “‘북한전쟁선포 만 16세 이상 남성들은 즉시 전투태세에 돌입하기 바랍니다’라는 문자를 받았다”는 기사(동아일보, 5.26일자)도 있습니다.


북한의 기습공격에 의한 천안함 침몰로 안그래도 안보불안을 느끼고 있는데

휴대폰이나 인터넷 사이트에 전쟁발발설이 유행처럼 번지고 있어 더욱 더 불안합니다.


국가안보 위기상황에서 국론을 결집하여 북한의 추가도발을 적극적으로 막아야 할 때 장난처럼 전쟁놀이를 하는 것은 안보 불감증때문이라 생각됩니다.


단순히 장난으로 넘겨버리기에는 너무나 어이가 없습니다.

혹시라도 진짜로 비상전시상황 관련 메시지가 전파되었을때 양치기 소년처럼 장난처럼 여길 수 있는 너무나 위험한 짓입니다.


또, 이러한 유언비어들이 넘쳐나면 사회불안감이 확산되어 국론분열과 함께 정말 전쟁이 날 상황으로 악화될 소지도 있습니다.


그러므로 검찰에서는 천안함 관련 각종 유언비어 단속과 함께 전쟁발발을 퍼뜨리는 조직적

음모가 있는지 꼭 좀 수사해 주시길 바랍니다.",,,NA,20240125,NA
(어린이)차량으로  등하교시의 교통안전.,행정/자치/안전,,답변완료,2010-05-26,2017-08-31,행정안전부,"문제점: 학원차나 승용차로 등하교하는 학생들로 인해 학교앞이 매우 복잡하여  아이들의

            시야를 가리고 자기가 탈 차를 찾느라 뛰어 다니는 아이들로 위험할 때가 많다.

           특히 비가 오는 날에는 우산에 가려 더 위험하다.

           학교로 가는 인도가 넘 좁아 아이들이 차도 등으로 내려감.

개선내용: 학교 교문(근처)의 100M 이후에서 승하차 하도록하며 

              학교앞 횡단보도는 등하교 보행안전 도우미 들이 노란 깃발을 들고 함께 건너기,

              비가 오는 날에는 어린이 보호색의 노란우산등을 이용하기.

기대효과:학교 교문(근처)에 등하교 차량을 막음으로서 아이들의 시야를 넓힘으로서 보호.

              노란색으로서 아이들을 잘 띄게 함으로서 운전자들이 조심하게.",,,"○ 어린이보호구역 교통 사고예방을 위해 관심을 가져 주신데 대하여 감사합니다.


 ○ 귀하께서 “학교 교문의 100M 이후에서 승하차, 학교앞 횡단보도는 등하교 보행안전 도우미 들이 노란 깃발을 들고 함께 건너기, 

비가 오는 날에는 어린이 보호색의 노란우산등을 이용하기”을 제안하신 내용에 대하여는 일부지역에서 기 시행하고 있으나, 교통안전 업무를 관장하는 경찰청과 협의하여 중장기적으로 검토하겠음을 알려드립니다.

 ○ 추가로 궁금한 사항이 있으시다면 언제든 연락주시기 바라며 성심성의껏 답변해 드리겠습니다. 감사합니다.

    담당자 : 국민안전처 안전개선과 강석도(044-205-4221)",20240125,NA
국민신문고의 홈페이지 보완요구,기타,,답변완료,2010-05-25,2010-06-09,국민권익위원회,"민원 이나 제안을 남기고 답변이 실리면 저의 e-mail로 이런  -----    [민원알림] 귀하가 신청한 민원에 대한 답변이 등록되었습니다.  ------  식으로 메일이 오는데  내용안의  나의민원을 클릭하면 메일안에서 국민신문고 로그인 페이지로 바뀌는데 아이디와 패스워드을 넣어도 로그인이 이루어지지 않습니다.

당연하다고 봅니다.

왜냐면 나의민원을 클릭하면 국민신문고 창이 메일 하고 별도로 창이 열려야 하는데 열리지 않고 메일 안 작은 작은창으로 열리다보니 로그인 자체가 안이루어진다고 봅니다.

보통 다른 메일을 받아서 클릭창이 있어 클릭을 하면 해당싸이트 창이 열리게 됩니다.

이부분이 수정되어 답변의 메일 에서도 국민신문고 홈페이지가 연결되는 동시에 로그인창으로 열렸으면 합니다.

보완 부탁합니다.",,,"1. 국민신문고에 대한 관심에 감사를 드리며, 귀하께서 신청하신 제안(1AB-1005-006567, 국민신문고 답변완료 메일을 받은후 나의민원을

    클릭하면 로그인 페이지로 바뀌는데 아이디와 패스워드를 넣어도 로그인이 이루어 지지 않습니다.)에 대한 검토결과를 다음과 같이

    알려드립니다.

2. 답변사항

  ○ 점검한 결과 국민신문고에 로그인시 아이디와 패스워드를 정확히 넣으면 로그인이 이루어지니, 다시 한번 확인하여 주시기 바라며,

      앞으로 국민신문고를 사용하시면서 불편한 사항이 있으면, 언제든 문의하여 주십시오, 친절히 답변드리겠습니다.

3. 제출하신 의견은 국민제안규정 제2조에 의거한 단순 건의에 해당하여 채택하지 않음을 양해하여 주시기 바랍니다.

4. 상기 내용 이외에 추가로 궁금하신 사항은 국민신문고담당관실 정진덕조사관(02-360-2750)에게 연락하여 주시기 바라며, 귀하와 귀하의

    가정에 건강과 행운이 항상 함께하기를 기원합니다. 끝.",20240125,NA
국민제안 사이트에  글자색깔를 여러가지색으로 쓰게합시다.,기타,,답변완료,2010-05-25,2010-06-01,국민권익위원회,국민제안 사이트에  글자색깔를 여러가지색으로 만들고 아바타도 만들어서 시민들이 아바타를 사게해서 그돈으로 복지예산으로쓰게합시다.,,,"1. 국민신문고에 대한 관심에 감사를 드리며, 귀하께서 신청하신 제안(1AB-1005-006319, 국민신문고 국민제안 사이트에 글자색깔을 다양

    하게하고, 아바타를 만들어 시민들에게 판매하여 복지예산으로 사용합시다.)에 대한 검토결과를 다음과  같이 알려드립니다.

2. 답변사항

 ○ 국민신문고 국민제안사이트에서 글자색깔을 다양하게 하면 오히려 신청인에게 혼란을 줄수 있으며, 아바타를 만들어 판매하는 문제는

     공공기관이기 때문에 이윤을 추구할 수 없어 실행하기 곤란한 문제이니 양해하여 주시기 바랍니다.

3. 제출하신 의견은 국민제안규정 제2조에 의거한 단순 건의에 해당하여 채택하지 않음을 양해하여 주시기 바랍니다.

4. 상기 내용 이외에 추가로 궁금하신 사항은 국민신문고담당관실 정진덕조사관(02-360-2750)에게 연락하여 주시기 바라며, 귀하와 귀하의

    가정에 건강과 행운이 항상 함께하기를 기원합니다. 끝.",20240125,NA
교통 신호체개 개선을 요청합니다,행정/자치/안전,,제안심사,2010-05-25,NA,경찰청,"구미시의 교통흐름을 보다빠르고 원활한 흐름을 위해서 현재의 교통 신호 쳬계를 바꾸어야 할것으로 판단되어 제안합니다

타 지역의 신호보다 길게 주어지므로 차량이 없는데도 불구하고 대기시간이 많으니까 대기 시간에 따른 연료 소모라든가  대기오염이라든가 바쁜 샐활속에서 대기 시간이 길다고 생각합니다

어떤때는 차량이 좌우 아무곳도 없는데 신호로 인하여 대기를 해야 하는 상황이 종종 접하고 목격하고 있음


★  개선 안


 현재의 교통 신호시간을 줄여서 교통흐름을 원활하게 하므로 기름도 나지 않는 나라에서 조금이나마 보탬이 되지 않을까 해서 제안합니다",,,NA,20240125,NA
버스 출발시간 표기,행정/자치/안전,,제안심사,2010-05-25,NA,화성시,"제안개요

0 배차 간격이 긴 농어촌 버스 간이승강장에 버스 출발시간을 표기하므로 대중교통 이용에 편의 도모


현황 및 문제점

0 교통정보 발달로 큰도시에서는 노선별 이용코자하는 버스의 도착 예정시간을 실시간 확인이 되고 있으나, 1일 7회이내

   운행되는 시골의 대중교통을 이용하는데 많은 어려움이 있다.

0 배차시간이 긴 것은 물론 어쩌다 이용하는 승객은 배차시간도 모르기 때문에 계속 기다려야 할지 다른 교통수단을

  이용해야 할 지 판단이 안간다.


개선방안

0 배차 간격이 긴(1시간 이상인 경우) 버스 출발지 시간표를 버스노선 또는 해당 버스번호별 표기.부착하여 대중교통을 

  이용하는 승객이 이용 여부를 판단할 수 있게 한다.",,,NA,20240125,NA
특별신고기간 설정,행정/자치/안전,,답변완료,2010-05-24,2017-08-07,삼척시,"황금 연휴에 시골에 다녀 왔습니다.

50년을 넘게 가곡면 동활계곡에서 살아온 가족입니다

몇해전 동활 계곡으로 이사온 외지인이 저희집 지붕 높이와 맞춰 2층 집을 짓습니다.

처음엔 살림채 하나를 짓더니 올해 5월부터 말하자면 다세대를 만들고 있습니다.

법규안에서 건축신고를 득하여...

(그래서 경계선에서 자라던 저희 집 40년 된 호도나무를 말도 없이 잘라내더니

미안하다면서 시멘트로 공간을 메꿔줍디다)

집 토방마루에서 보던 도로길도 동활계곡도 그집 부엌 창문만 바라보게 되었습니다.

저희 집은강원도의 어느 집이 그렇듯 언덕위에 비스듬하게 있던 모습이죠 새로짓는 

2층의 뒷부분을 베란다를 내어 저희 마당과 일직선으로 높이를 똑같이  하여 누가보면

그집 마당과 저희집 마당이 하나 인 듯 합니다.


알아보니 저희집은 무허가 건축물도 아닌 밭(토지대장상 허가가 전이죠)에 허가없이 지은 집이라  법적 대응력이 하나도 없답니다.

법적인 면에선 저희 동네 아니 가곡면의 대다수의 시골 부모님의 그리 지내시고 계십니다.


너무 경우없는 그집의 양심에 가슴이 무너 집니다.

삼척시에 전화해보니 3번정도 특별신고기간을 두어 건축물 신고하게 했다는데..

그땐 이런 문제가 있을 줄도 모르고 그냥 귀찮은 일 정도였지만,

이번 사건이 저희 동네의 이슈가 되었네요

다시한번  꼭 특별기간지정을 해 주셔서 삼척시 가곡면 대다수의 

오래된 가옥들이 신고할수 있도록 도와주세요 

물론 대대적인 홍보도 해 주시면 더욱 감사하겠습니다.


전원주택 좋아라 하는 도시사람들이 이제 시골에 하나둘 찾아와 둥지를 짓는데

무지랭이 대한민국의 시골 부모님들이 법앞에서 보호받을 수 있는 기회를 다시한번

꼭 만들어 주세요",,,특정건축물 양성화 법안의 발의 및 시행에 관한 내용으로 소관사무가 아님,20240125,NA
동네 공원의 운동기구 지붕 설치요망,행정/자치/안전,,제안심사,2010-05-24,NA,노원구,"요즘 동네 공원에 가면 간단한 운동기구 몇개씩 설치되어있는데

비가 올때도 간단한 운동을 할 수 있도록 지붕이나 지붕대용 천막이 설치 되었으면 합니다

비가 조금 올때도 운동을 할 수 있을 뿐더러 운동기구의 노후 방지에 도움이 될것 같습니다",,,NA,20240125,NA
음식물수거통개선,행정/자치/안전,,제안심사,2010-05-24,NA,북구,지금은음식물을버릴때통한개에찌꺼기와밑에있던물까지다버려지고있읍니다음식물줄이자고하는데고인물까지버려양이아주늘어나고있어요불리수거통을가정에서쓰고있는것과같이속에소쿠리처럼걸러지도록해서양을줄일고냄세도덜나게했으면합니다,,,NA,20240125,NA
"국민신문고""에 매주 행운권 추점?필요 합니다.",기타,,답변완료,2010-05-23,2010-05-26,국민권익위원회,"-금주 로또복권 당첨금액은 100억 정도의 당첨금을 받게 됩니다.


-국민신문고""에 제안을 하여 채택(당첨?),추진 하게 되면 최고 


 8백 만원 이하의 금액을 받게 됩니다.


-국민신문고""에 채택 확률은 ~~로또복권 당첨의 확률과 대동소이 합니다.


???복권 추첨은 매주 실시 하지만 ~~???



***국민신문고'에 제안""한 건수에 대해 무작위(전산시스탬)방법으로 매주


 당첨자를 발표합니다.


***매주 일요일 12:00 까지 제안을 마감하고,매주 월요일 12시 에 당첨자""


 을 발표합니다.


***로또복권?에 당첨된 사람이나 ~국민신문고""에 제안하는 패널의 입장을


 널리 이해해 주십시요!!! 


-현재 반기별 ~실행하는 상품권 지급?은 너무 나약한 제도가 아닌가요???",,,"ㅇ 국민신문고 국민제안 코너에 깊은 관심을 가져주신 데 감사드립니다.


ㅇ 국민제안 제도는 국민의 창의적인 의견 또는 고안을 정부시책에 반영하고 

    불합리한 제도를 개선하기 위한 목적으로 운영되고 있으며,


ㅇ 고품질의 우수제안 장려를 위한 인센티브 제공 차원에서

  - 국민권익위원회에서는 우수참여자를 선정하여 정기적으로 상품권을 지급하고 있고

  - 행정안전부에서는 중앙우수제안 심사위원회 심의를 거쳐 최대 800만원의 부상금을 지급하고 있습니다.

  - 또한 중앙행정기관별로 별도의 심의과정을 거쳐 우수제안자에 대해 포상금을 지급하고 있습니다.


ㅇ 국민신문고에서 매주 행운권 추첨을 하자는 제안은

  - 거액의 당첨금으로 인해 과도한 사행심을 유발하고 건전한 국민생활을 저해할 수 있고,

  - 국민의 사행심을 유발할 수 있는 행위는 「사행행위 등 규제 및 처벌특례법」및 

   「복권 및 복권기금법」등에 의해 엄격히 제한되고 있으므로

  - 채택이 불가함을 양해하여 주시기 바랍니다.",20240125,NA
덕수궁 수문장 교대의식 관람형태?,행정/자치/안전,,답변완료,2010-05-23,2013-01-16,서울특별시,"덕수궁 관람 후 수문장 교대의식을 보며 느낀점을 보고 몇가지 올려봅니다.

새삼 느끼는 거지만 외국인 관광객들 정말 많아졌습니다. 

사진도 찍어달라고 웃으며 다가오는 외국인도 있더군요. 오히려 제가 놀랬습니다. 

그만큼 편안하게 즐기며 관광할 수 있는 분위기가 갖추어져 있다는거죠.


그런데 수문장 교대의식을 보고는 궁을 둘러보고 나오는 편안함이 일순간 깨지고 말았습니다.

아마 설문조사 해보면 제대로 구경한 사람 몇명이나 될까요?

맨 앞줄과 두번째 줄에 서있는 사람들 백여명(글쎄 될려나?) 정도!


수문장 교대의식 주변 모습을 설명하자면 이렇습니다.

첫째, 수문장교대의식을 수행하는 금군들 옆에까지 사람들이 바짝 밀려들어, 

관람객들하고 구분이 없고,


둘째, 대한문에서 관람객들 매표와 출입을 하면서 행사가 동시에 이루어지기 때문에 드나드는 관람객들 통제가 어려워 관람객이 금군들 사이로 빠져 나오는 경우가 간혹 있더군요. 밖에서 관람하는 사람들 입장에서 보면 영화극장에서 스크린에 머리그림자가 지나가는 거나 다름 없는거죠.


셋째, 시청별관 앞에 농성하시는 분들 중에 대한문 앞까지 진출하신 분들도 계시더군요.  큰소리만 안치셔도 이해 하겠더만 신경쓰여 자꾸 쳐다보게 되어 관람 자체가 어렵더군요.


시끌벅적, 왁자지껄, 우왕좌왕, 허둥지둥, 한마디로 아수라장이 따로 없습니다.

지금까지 수문장 교대의식을 눈요기로 보여주는 쇼(?)였다면,

이제는 단순한 행사가 아닌 영국의 근위병들을 보듯 우리나라의 진짜 금군의 모습을 볼 수 있었으면 좋겠습니다. 


제안합니다.

첫째, 매표소를 다른 곳에 두어 교대의식 장소와 분리하면 좋겠습니다. 대한문을 입장료 내고 들어가는 출입구가 아닌  궁궐의 한 부분으로서 가치를 높이고 보호하기 위해서라도 필요하고요. 어차피 수문장 교대의식은 밖에서 봐야 하거든요.


둘째, 대한문 앞 관람공간을 더 크게 광장처럼 넓혀 금군들하고 관람객들이 완전히 분리될 수 있도록 했으면 합니다.  시청광장도 옛날에는 도로였었지요. 솔직히 행사요원들(금군)을 옆에서 바짝 들여다 보면 신비감이 떨어지고 덕수궁 안쪽에서는 준비하는 모습이나 사담을 나누는  모습들은 금군의 권위있는 모습과 교대의식의 엄숙함을 떨어지게 하지요. 좀 멀찍이 봐야 멋있어 보인답니다.",,,"이장근님의 좋은제안에 감사드립니다.


우리시에서는 1996년부터 덕수궁 왕궁수문장교대의식을 진행하고 있으며, 

서울의 대표적인 관광상품으로 발전하여 많은 내.외국인 관람객에게 다양한 볼거리를 제공하고 있습니다.


그동안 국가지정문화재인 덕수궁 대한문 주변 행사장이 너무 협소하여 원활한 행사진행에 어려움이 있었습니다.

이에 우리시에서는 행사 안전관리 인력을 충분히 활용하여 행사장 주변 안전관리에 철저를 기하고 있습니다.

또한, 이상근님의 좋은 제안에 대하여는 향후, 행사 검토시 충분히 참고토록 하겠습니다.


시스템상 오류로 제안사항에 대한 처리가 늦어지게 되어 죄송합니다. 좋은 제안에 거듭 감사드립니다.....",20240125,NA
"부패방지~보다는 ""부패척결위원회""~",기타,,답변완료,2010-05-22,2010-06-01,국민권익위원회,"-연속되는 ""청렴특강""과 민원해결등에 노고가 많으십니다.


-특강중 가장 많이 쓰시는 ""부패방지""란 말을 많이 들었습니다.


-그래서 부패방지위원회""도 있습니다.


-부패방지~?란 좀 느슨한 표현인듯 싶습니다.


*~~방지:어떤 일이나 현상이 일어나지 못하게 막음.


*~~~척결(剔抉):살을 도려내고 뼈를 발라냄.


-부패방지위원회""~~보다는 ""부패척결위원회""표현이


 한결 강한 메세지를 전달하는 표현이라 생각되어 제안서 상신합니다.",,,"○ 공직 부패 척결에 관심을 가져주시고 제안을 해주신데 대해 감사를 드립니다. 


○ 부패에 대한 느슨한 표현보다 강한 메세지를 전달토록 하자는 귀하의 제안은 향후 업무추진시 참고토록 하겠습니다. 

   - 다만, 국민권익위원회는 기존 국가청렴위원회(구 부패방지위원회), 국민고충처리위원회, 국무총리행정심판위원회 등의 기능을 합쳐 2008년 2월 출범한 기관으로 국민의 권익보호 관련 업무를 처리하고 있습니다. 따라서, 현재로서는 국민권익위원회의 명칭을 ""부패척결위원회""로 변경하기는 어렵다는 점을 양지하여 주시기 바랍니다.  


○ 앞으로도 많은 관심을 부탁드리며, 귀하의 가정에 건강과 행운이 가득하시길 기원합니다.",20240125,NA
국민신문고 사이트에 들어오면 국민들이 지켜야할 법들를 음성으로 알려주게합시다.,기타,,답변완료,2010-05-22,2010-05-28,국민권익위원회,국민신문고 사이트에 들어오면 국민들이 지켜야할 법들를 음성으로 알려주게합시다.,,,"1. 국민신문고에 대한 관심에 감사를 드리며, 귀하께서 신청하신 제안(1AB-1005-005480, 국민신문고 사이트에 들어오면 국민들이 지켜야할

    법들을 음성으로 알려주게 해주세요)에 대한 검토결과를 다음과 같이 알려드립니다.

2. 답변사항

  ○ 현재 제정되어 시행되고 있는 모든 법률은 국민들이 준수해야 하며, 그 종류 또한 많고 다양하여, 음성으로 안내하여 드리기에는 현실적

      으로 어렵습니다, 법률에 대한 정보를 다양하게 알고자 하시면,   국회 또는 법제처 홈페이지를 이용하시는 것이 보다 편리할 것으로

      판단됩니다.

3. 제출하신 의견은 국민제안규정 제2조에 의거한 단순 건의에 해당하여 채택하지 않음을 양해하여 주시기 바랍니다.

4. 상기 내용 이외에 추가로 궁금하신 사항은 국민신문고담당관실 정진덕조사관(02-360-2750)에게 연락하여 주시기 바라며, 귀하와 귀하의

    가정에 건강과 행운이 항상 함께하기를 기원합니다. 끝.",20240125,NA
 파파라치?~~,기타,,답변완료,2010-05-21,2010-06-01,국민권익위원회,"-우리의 말에~~`~~아"" 다르고~~`야"" 다르다는 말을 많이 하고 듣는다.


-흔히 쓰는말 중에 ~파파라치 ,암행어사에 대한 표현이 있다.


가)파파라치:유럽에서 개인의 프라이버시에 근접하여 특종 사진을 노리는


 지업직 사진사.(사전에 정의함)


나)암행어사;조선시대 왕명을 받고 비밀리에 지방을 순행하면서,악정을 


 규명하고 민정을 살핀 임시관직.


-국민권익위원회""가 중추적 역활을 하고 있습니다.


-파파라치?암행어사?등~~~은 구태의연'한 표현이라 생각됩니다.



***~부패 올빼미?""부패 지킴이?""진실 지킴이?""사실 알림이?""진실 레비?~


 등으로 표현해야  하지 않을 까요?",,,"○ 공직 부패 척결에 관심을 가져주시고 제안을 해주신데 대해 감사를 드립니다. 


○ 귀하께서 제안해주신 ""부패지킴이"", ""진실지킴이"" 등의 표현은 향후 업무추진시 참고토록 하겠습니다.

   - 현재 국민권익위원회에서는 반부패 청렴 문화가 범국민적으로 확산될 수 있도록 캠페인 및 국민참여프로그램 등을 실시 중에 있으며, ""청렴지킴이"" 등의 표현을 사용하고 있음을 알려드립니다. 


○ 앞으로도 사회 각 분야의 부정과 비리 척결에 많은 관심을 부탁드립니다. 감사합니다.",20240125,NA
국민신문고'활동 실적에 가산점 부여합니다. ,기타,,답변완료,2010-05-21,2010-06-30,국민권익위원회,"-국민권익위원회에서 계약직 공무원 채용,기간제 근로자 채용등


 유능한 인재를 모집합니다.


-물론,여러가지 적성과 시험,면접에 의해 채용하는 줄 압니다.


-그 분야에 비슷한 실력과 품성을 갖춘 사람들이 여럿 있다면~


***가능 하다면 ~~`국민신문고""에 가입하고,활동실적이 많은


 사람을 채용하시는 방안은 어떠 하신지요?


-국민신문고""의 주체는 권익위원회""이기 때문입니다.


-많은 사람들이 짬 나는 시간에 자신과 국가를 위한 생각을


 키우는 밑걸음이 되지 않을까요?",,,"우리 위원회 업무에 많은 관심과 애정에 감사드립니다

귀하께서 제안하신 국민신문고 활용 실적에 대한 채용 시 가점 부여 의견에 대하여

제도의 필요성 및 효과성 등을 면밀히 검토하여 추진하도록 하겠습니다",20240125,NA
"국민신문고~에서 일자리""만듭니다.",기타,,답변완료,2010-05-20,2010-05-26,국민권익위원회,"-국민신문고에 평생동안 제안 한건도 올리지 않는 사람도 있고,


신문고에 수백,수천건의 제안을 올리는 사람이 있습니다.


-제안 1건에 20점의 포인트 점수가 주어 집니다.


-국민신문고""~포인트 점수를 20,000점 얻으려면 대략~~1,000건의 


 제안을 해야 합니다.


-말이 쉽지~~??? 한번 생각해 보십시요? 누구나 할수 있습니까??


***국민신문고""에 제안건수 1천건 이상, 포인트 점수 2만점 이상되는


 패널에게 정부에서 일자리를 주셔야 하지 않나요?


-상,하반기에 상품권? 정도로 취부해 버리는 정책은 아쉬운 면이 있습니다.


***국민신문고~~1)""아이디어 맨 ""2)제안 연구소"" 3)신문고 창의력 연구소""


 4)토탈 아이디어""업소등 


-국민신문고에 제안을 열심히 하는 패널에게 ""개인사업등록증""을


 챙겨 주셔야  ~~하지 않을까요?


*오락,복권,경마등 사행성에 미쳐서 우리사회를 오염시키는 폐단의


 일부분을 책임지는 효과가 있지 않나요?


*국민신문고""가 국민으로 부터 제안을 받는 궁극적인 목표는 괜한?


 부질없이 시간 보내지 말고 정부의 정책에 몰두하여 국민과 정부가


 서로 이득?을 갖자""는데 목적이 있지 않나요?


----온갖 사행성,요행을 바라며 오늘도 내일도 하는일 없이 음지진 사회


 에서 생활하는 사람들을  구""해 주십시요.


***개인,정부,국가를 위한 삶'을 영위하는 국민신문고""제안에 2만 포인트""


 이상되는 패널이 개인 사업을 할수 있는 방안을 마련해 주십시요.",,,"국민신문고 국민제안 코너에 깊은 관심을 가져주신 데 감사드립니다.

 국민제안 우수 참여자(2만포인트 이상)에 대해 개인사업을 지원해주자는 제안은 국민신문고 운영정책상(제23조, 포인트는 전문가로서 활동 자격 부여 용도로 쓰이며 어떠한 경우에도 현금으로 환급되어지지 않음) 채택이 불가함을 알려드립니다.

 다만 국민제안 우수제안에 대해서는 국민권익위원회에서 실시하고 있는 우수참여자 시상(상품권 지급)과 함께,

질적으로 우수한 제안에 대해서는 행정안전부 중앙우수제안심사위원회 심의를 거쳐 서훈 또는 표창 및 부상금을 아래와 같이 지급하고 있음을 알려드립니다.

- 대상 : 1제안당 500만원 이상 800만원 미만

- 금상 : 1제안당 300만원 이상 500만원 미만

- 은상 : 1제안당 100만원 이상 300만원 미만

- 동상 : 1제안당  50만원 이상 100만원 미만",20240125,NA
스쿨존에 아이들 생명이 달린문제입니다,행정/자치/안전,,제안심사,2010-05-20,NA,경찰청,"서울 강남구 대치동 대곡초등학교 등하교길에 비보호 횡단보도가

너무 위험합니다. 

이횡단보도는 학교정문옆 편의점(세븐일레븐) 앞에 있는 횡단보도 

입니다.(편의점- 미도아파트201동 연결,4차선) 단지와 통학로를 

연결해주는 횡단보도로 등하교길 아이들이 매우 많이 건너는 길입니다.

 등교길에는 다행히도 녹색어머니회어머니들이 통제를 하고 있으나 

하교길은 무인지경입니다.


횡단보도가 4차선이고 남부순환로에서 들어오는길이고 특히

나가는차들이 좌회전 신호를 받으면 빨리 가려고 속도를 내고

4차선이기때문에 키작은아이들이 횡단보도를 건너는게 잘 보이지도

않아서 위험천만입니다. 

저도 위험한 상황이 있었고요.

몇차례 위험한 상황을 목격도 했습니다.


지난번에도 같은내용으로 민원을 했지만 담당경찰은 위험한건 인정하나

아파트 단지지역이라서 어쩔수 없다고 무책임한 답변을 하더군요

(법적으로 단지땅인지 모르겠으나 대로변 인도를 연결하는 횡단보도이기에 

단지에서 사유지라고 주장하는건 모순임 그걸 이유로 나몰라라하면

경찰로서 자격없음)


다른일도 아니고 우리 아이들의 생명이 걸린문제입니다.

사실 조금전에 들어오다가도 어떤 아이가 좌회전 신호보고 속도내서

나가는 승용차에 치일뻔한 아찔한 장면을 목격했습니다.

그래서 재차 민원 올립니다. 

꼭 나중에 불의의 사망사고가 나야지만 공무원이든 경찰이든 움직이실겁니까?


해법은 간단합니다 횡단보도 높이를 높이는 겁니다. 

그러면 자연스럽게 속도방지턱 역할을 해서 차들이 속도를 줄일것이고

보행하는 키작은 어린이들이 운전자눈에도 잘띄어서 훨씬 안전하고 

사고가능성도 훨씬 낮출겁니다.


아이를 키우는 부모이자 시민으로서 꼭 부탁합니다

진짜 위험합니다.  꼭 개선이 필요합니다. 


말단 경찰에게 기계적으로 맡기지말고 

권익위 담당분이 꼭 현장 방문해보시고 

느껴보십시요. 위험한게 저만의 기우인지 아닌지를요...


죄송한말씀이지만... 

같은내용 두번째 민원인데요

이번에도 조치가없고 추후에 횡단보도에서 사고가 나게되면

제가 나서서 해당공무원들, 법적인 직무유기여부를

따지겠습니다.  


제 민원 꼭 저장좀 부탁 드리고요.",,,NA,20240125,NA
서울랜드 애버랜드에서 야외결혼식 하게해서 서울랜드 애버랜드 표값를 싸게합시다.,행정/자치/안전,,답변완료,2010-05-20,2013-01-31,서울특별시,서울랜드 애버랜드에서 야외결혼식하게해서 서울랜드 애버랜드 표값를 싸게합시다.,,,"안녕하십니까? 국민신문고와 시스템이 원활하게 이루어지지 않아 오류가 생겨

부득이 하게 지연하여 늦은 답변을 드린 점 깊이 사과드립니다.

에버랜드는 민간 사기업이고 서울랜드는 서울시에서 운영 중인 서울대공원에서 

사용수익허가를 내준 기업체로 현재 서울랜드 장미원이라는 곳에서 예식장을

운영 중입니다.

문의하신 티켓 판매금액은 서울랜드를 운영중인 (주)한덕개발 업체 운영 사항이므로

더 자세한 문의사항은 서울랜드 박정욱 과장 02-509-6181로 전화하시면

알 수 있습니다.

추운 겨울 감기조심하고 늘 행복하시길 기원합니다.",20240125,NA
약초나 수삼.홍삼액에 관하여...상한제나 표준가격제를 제정하는것이 옳을듯싶어서요..,행정/자치/안전,,제안심사,2010-05-20,NA,금산군,"컨텐츠 담당자 안내:기획감사실 기획담당 750-2216


제가 알기로 말린 약초나 인삼같은것은은 어느정도 표준화된 가격이 있는것같기도하구한데요.. 수삼같은경우는 마켓플레이스같은 곳에서의 경쟁과 정보공개로 어느정도 가격이 형성되어있는것같구.. 농산물의 특성상 수요와 공급이  예측하기 힘들고 또한 보이지않는 손에 의하여가격 변동이있을수 있지만.. 아직도  일부 매니아분들정도의 시세를 하는 분들한테만 통하는 것같다라는생각이듭니다.. 더군다나 홍삼액의 경우는 가격변동이 엄청심하고 내용물을 알수없으니 신뢰성에 더욱 문제가 있습니다..우연히 민원창구를 읽다보면서 방문판매같은 피해처럼 금산에서 이런피해가 일어나는것이 조금 수치스럽다는생각도듭니다. 온라인판매도아니구 직접 금산에와서 이런피해들이 발생한다는것이 조금 보기않좋습니다. 다들 금산에 올때는 조금 더싼거를 기대하고 오는것은 인지상정입니다.


따라서 제가 제안드리고 싶은것은  금산에서 생산되는 홍삼이나 홍삼액같은경우 상한제를 도입하는것입니다.   생산자입장에서는 불리하겠지만 소비자권익을 보호하는차원에서는 당연히 제도화의 필요성이 잇으면 더욱이 지금은 전국적으로 인삼이 재배되고 있으며 금산인삼의 명성이 언제까지 지속된다는 보장이 없습니다..


종주지로서 가장먼저 품질과 가격제도화에 앞장서야합니다.  아무리좋은 홍삼을 써도 일정이상은 못받게 하는 것입니다.  제도가 없으면 조례라도 제정해서라도 앞장서야할 필요성이 있으며  바가지요금이나 이런 민원이 접수되고 사실이 확인된 사업장에 대해서는 강력한 행정제제가 필요합니다. 


군청사이트에 가격에 관한 팝업창이라도 항상 띄울필요성이 있습니다. 민원을 의식해서소극적으로대처한다면 나중에 더큰피해가 발생된다고생각합니다. 지금은 아프겠지만 금산의 미래를 위해서는 이제 앞장서야합니다. 


더불어 장날에는 특별한 이벤트라도 만들어서 고객들을 유치해야합니다..

반드시 인삼축제만 하는 것은 잘못된생각이라생각합니다..중고등학생들의 문화공연도 괜찮구

중부대학생들을 이용할수도잇구요..문화도 만들어가는것이라생각합니다. 그렇지않으면

리조트같은 놀이공원같은것도 만들어서 손님들을 유치할 필요성이 잇습니다..

생각해보면 금산에 그럴듯한 문화공원하나없구..뽀대나는 분수대하나없습니다..

건축물하나를 짓더라두 분위기잇는 허가가필요하다고 생각합니다..

일정정도 생각의전환이필요합니다. 


신동리 전태식 올림.",,,NA,20240125,NA
일반 시민을 위한 개선책 제안,행정/자치/안전,,제안심사,2010-05-20,NA,노원구,"우리는 이런 저런 꿈을 많이 간직하고 있으나 마땅히 이를 펼쳐보고 싶어도 전문가가 아니면 접근조차 안되는 현실입니다.  

  나이에 상관없이 큰 꿈을 갖고 이를 실현하는 노력을 한다면 아름다운 인생을 구가하는 것이 아니겠습니까? 우리 사회가 보통 사람들도 보다 큰 꿈을 갖고 노력하면 이룰 수 있다는 희망을 주는 사회로 변모하여야 합니다. 

  올림픽에서, 월드컵에서 두각을 나타내는 운동 선수나, 세계적인 음악가, 화가, 과학자, 학자 등을 꿈꾸어 볼 수 있고 사업으로 성공하여 워렌 버핏이나 빌게이츠, 이건희 삼성회장, 오바마, 스티브 잡스 처럼 되고 싶은 것은 누구에게나 꿈 꾸어 볼 수 있고, 이렇게 될 수 있도록 나아가는 사회가 바람직한 사회입니다. 

  인간이 계속하여 발전할 수 있게 하는 것은 바로 우리의 두뇌를 계발하고 깨우치는 것입니다. 책을 가까이 하기 위하여 도서관이나 서점을 찾는 사람들이 많아져야 하고 우리의 현재 실력을 테스트 해볼 수있는 시험의 장이 많이 만들어 져야 합니다. 


  자본주의 사회에서 돈이 없으면 인간으로 생활하기가 불가능하고 돈 많은 사람들은 멋대로 돈을 쓰면서 자유를 구가하는데 누구에게나 같은 시간이 주어지고 성공할 수있는 기회가 주어졌는데도 누구는 성공하여 멋진 삶을 구가하는데 그렇지 못한 많은 사람들은 어려움에 봉착하여 하루 하루 피곤한 일상을 지속하여야 할까요?  우리 사회는 혼자만 잘 살고 자기 지역 주민만 여유롭게 산다면 된다는 사고 방식은 이제 버려야 할 때입니다. 사회 문제는 바로 이런 사고 방식이 만연하기 때문에 나타나는 반 작용입니다. 

  여유있는 사람은 어렵게 사는 이웃을 도와야 하고 돈을 많이 번 사업가는 자선 사업에 번 돈을 써야 하고 도움을 받은 사람들은 그들의 도움을 잊지 않고 스스로 노력하여 사회에 되 값아야 합니다.

  제가 구체적으로 하고 싶은 제안은 이런 자원 봉사자나 단체나 행정기관이나 공공기관 사기업 사업주들이 일반 시민들의 소중한 꿈을 펼쳐 볼 수 있는 공간을 보다 많이 제공하고 관련 전문가나 운동선수, 음악가,화가, 과학자나 학자들이 일반 시민들에게 가지고 있는 지식이나 기술을 아무런 물질적 댓가없이 가르쳐 주는 사회 풍조를 만들자는 것입니다. 그러러면 학교나 사회 단체, 기업체나 행정기관,공공기관들의 시설 개방과 자원 봉사하려는 요원들이 많아 져야 하고 그런 분위기를 유도하도록 관련 기관이나 사업체의 장이나 주요 인사들이 이런 사고를 가지고 실행하려는 의지가 충만해야 합니다. 

  또한 그렇게 하도록 언론 매체나  홍보기관들의 적극적인 국민 홍보가 선행되어야 합니다.",,,NA,20240125,NA
"국민신문고""포인트 점수?",기타,,답변완료,2010-05-19,2010-05-26,국민권익위원회,"-국민신문고""포인트 점수는 무의미한 점수인듯 싶네요?


-차라리 신문고 포인트 점수를 기부하는 제도?는 없나요?


-18,000점~이상 포인트 올려 본들 무의미 합니다.


-의미없는 포인트 점수""는 불필요한 요식행위라 여겨집니다.


-차라리 바둑의 급수를 부여 하듯?~


***5000점은~~ 1단? 10000점 2단? 15000점은 3단?등 포인트 점수에


 대한 차등화를 두어야 하지 않나요?


-무의미한 포인트 점수""는 가깝고,유능한 패널에게 기부하는 방안은


 어떠 하신지요?",,,"1. 국민신문고에 대한 관심에 감사를 드리며, 귀하께서 신청하신 제안(1AB-1005-004982, 국민신문고 포인트 점수에 대하여 타인에게 기부할

    수 있도록 해주세요)에 대한 검토결과를 다음과 같이 알려드립니다.

2. 답변사항

  ○ 현재 국민신문고에서는 회원가입, 국민제안 신청시 등에 대하여   포인트점수를 부여하고 있습니다, 포인트 점수는 해당 개인에게 부여

      되나, 경제적인 혜택이 부여되지 않아, 타인에게 기부하는데  따른 실익이 없는 관계로 기부제도를 두고 있지 않습니다, 따라서 귀하의

      의견은 향후 그 필요성 등을 면밀히 검토한 후 개선방향을 결정하도록 하겠습니다.

3. 제출하신 의견은 국민제안규정 제2조에 의거한 단순 건의에 해당하여 채택하지 않음을 양해하여 주시기 바랍니다.

4. 상기 내용 이외에 추가로 궁금하신 사항은 국민신문고담당관실 정진덕조사관(02-360-2750)에게 연락하여 주시기 바라며, 귀하와 귀하의

    가정에 건강과 행운이 항상 함께하기를 기원합니다. 끝.",20240125,NA
건물신축시,행정/자치/안전,,제안심사,2010-05-17,NA,관악구,건물신축시마다 출입문 입구의  적절한위치에 벽돌한장크기(석재등의 재료)로 반드시 지번을 표시하도록 개선하면 지번찿느라 드는노력을 해소함과 아울러 구청등에서 플라스틱행정지번을 붙이는 수고도 덜수 있겠고 행정지번은 골목길표기정도의 이정표로 그쳤으면하는 바람임(왜냐면 법정지번과 심히 혼동되므로),,,NA,20240125,NA
국민신고 제안신청에서,기타,,답변완료,2010-05-15,2010-05-25,국민권익위원회,국민신고 제안신청에서 주소를 적으면 우편번호가 저절로 적혀지게 합시다.,,,"1. 국민신문고에 대한 관심에 감사를 드리며, 귀하께서 신청하신 제안(1AB-1005-003781, 국민신문고에서 제안신청시 주소를 적으면 우편

    번호가 자동으로 입력되게 해주세요.)에 대한 검토결과를 다음과 같이 알려드립니다.

2. 답변사항

 ○ 국민신문고에서는 제안신청시 주소입력란에서 주소를 직접 입력하지않고, 주소찾기 버튼을 눌러 해당 동(읍,면,리)명을 입력하여 검색후

     해당 동(읍,면,리)을 선택하면 자동으로 우편번호가 입력되고  있으니, 참고하시기 바랍니다.

3. 제출하신 의견은 국민제안규정 제2조에 의거한 이미 이용되고 있는 건의에 해당하여 채택하지 않음을 양해하여 주시기 바랍니다.

4. 상기 내용 이외에 추가로 궁금하신 사항은 국민신문고담당관실 정진덕조사관(02-360-2750)에게 연락하여 주시기 바라며, 귀하와 귀하의

    가정에 건강과 행운이 항상 함께하기를 기원합니다. 끝.",20240125,NA
국민신문고 페이지 에서 제안 이나  민원에서 제목으로 비슷한 내용 검색이 이루어졌으면 합니다.,기타,,답변완료,2010-05-14,2010-05-25,국민권익위원회,"이곳 에서 글을 다쓰고 해당 부서을 찾고 나서 유사 글을 확인 할수 있는데 처음 부터 제목으


로 먼저 검색이 이루어지면 내용란에 글을 쓰는 경우가 덜 할거고 다쓴 경우에 비슷한 경우


가 있다고 해도 글쓴게 아까워 그냥 접수을 시키는게 아마 대부분이 아닌가 합니다.


아니면 제안 이나 민원 칸이 아닌 메인 화면에서 검색창이 있고 공개의 글이 보여서 내가 쓰


고자 하는 글하고 비교을 해볼수 있으면 중복되는 민원이나 제안으로 인해 소요되는 비용이


 크게 줄어드리라 봅니다.


검토와 시행이 이루어졌으면 합니다.",,,"1. 국민신문고에 대한 관심에 감사를 드리며, 귀하께서 신청하신 제안(1AB-1005-003662, 국민신문고에서 민원이나 제안신청시 유사사례

    검색이 이루어졌으면 합니다.)에 대한 검토결과를 다음과 같이 알려드립니다.

2. 답변사항

 ○ 국민신문고에서는 민원이나 제안신청시 유사사례 검색이 자동으로 이루어 지는 기능을 이미 구현하고 있습니다, 민원이나 제안신청시

     신청서 작성후 신청서에 기재된 제목 및 내용으로 유사한 사례의  민원이나 제안을 검색해주고 있으니, 참고하시기 바랍니다.

3. 제출하신 의견은 국민제안규정 제2조에 의거한 이미 이용되고 있는 건의에 해당하여 채택하지 않음을 양해하여 주시기 바랍니다.

4. 상기 내용 이외에 추가로 궁금하신 사항은 국민신문고담당관실 정진덕조사관(02-360-2750)에게 연락하여 주시기 바라며, 귀하와 귀하의

    가정에 건강과 행운이 항상 함께하기를 기원합니다. 끝.",20240125,NA
"기상천외""한 제안~을 보도합니다!",기타,,답변완료,2010-05-13,2010-05-24,국민권익위원회,"-국민권익위원회""에 올리는 제안입니다.


-메스컴~보도에 한 주간 가장 기상천외""한 제안을 국민신문고""에 등록한 


 제안내용을 보도자료""에 실어 주십시요.


-황당무계""한 제안 내용도 있겠지만???


**한 주간(일주일)에 ""기상천외""한 제안을 보도자료로 활용해 주십시요.


**연상법?은 끝 없는 연상과 상상을 하게 하므로 더욱 값진 제안의 효과가


 예상됩니다.",,,"문성두님 안녕하십니까? 국민제안에 대한 관심과 참여에 감사드립니다.

귀하께서 제출하신 제안의 요지는 ‘매주 기상천외한 제안을 보도 자료로 제공하라.’는 내용으로 파악되며, 아래와 같이 검토결과를 알려드리고자 합니다.

귀하의 제안과 관련, 제안인이 본인 제안을 기상천외한 제안으로 결정하고 보도 자료로 제공하는 것에 대해 부정적인 입장일 수 있는 등 선결해야할 문제 소지가 있으므로, 다양한 가능성을 고려하여 중장기 검토가 필요한 것으로 판단됩니다. 

금번 귀하의 제안을 채택하지 못하여 아쉽게 생각하며, 앞으로도 좋은 의견을 많이 제출하시면 국민신문고 운영 활성화에 최대한 반영할 수 있도록 적극적인 노력을 기울이겠습니다. 감사합니다.",20240125,NA
행단보도 건너는 데  안전 지킴이를 배치해주세요.,행정/자치/안전,,제안심사,2010-05-10,NA,문경시,"현행제도 : 시내의 번화가에는 주차단속을하여서 다니기편한데, 시내 안쪽이나 시장들어가는데에는 행단보도를 자동차를 주차를해서 사람들은 행단보도가 아닌 무단행단을 한다. 길가는사람들은 자동차를 행단보도앞에 주차하는것을 보아도 하도 인심이사나워서 주차하지 말라고 하지못한다. 왜냐하면 요즈음은 큰차가지고 다니는사람들은 남의시선이 필요없이 마음대로 하고 사는 세상이 되었다. 

개선 내용: 주차단속 요원이 모자라서 보이는데도 못한다고 할  것이다. 주차단속 요원들을 희망근로 하시는분들이나 공공근로 하시는 분들께 주차 스티커를 주어서 행단보도를 구역 적으로 나누어주어서 주차 딱지를 붙이고 그 사항을 주차요원에게 연락하면 주차요원이 그 곳에와서 일처리를 하면될것이다. 시내의 공공근로나 희망근로하시는 분들은 길에있는 휴지나 쓰레기를 줍기때문에 휴지나 쓰레기가 메일 수북하게 있는것도 아니니까 시간을 보낼 때가 없어서 그냥나무 밑에 앉았다가 시간이되면 가는것 같았다.  그렇게 얼마간 행단보도건너는데에 주차를 하면 주차딱지를붙인다는소문이나면 사람들은 영악해서 행단보도 건너는데에 주차를 하지 않을 것이다.",,,NA,20240125,NA
봉화산  봉화대옆 산책로  안전 난간 필요합니다.,행정/자치/안전,,제안심사,2010-05-09,NA,중랑구,"★ 실태및 문제점.


서울시 중랑구 상봉동 산6번지에 위치한  봉화산 정상에 있는 봉화대가 있는곳에

중랑구를 한눈에 볼수있는  전망대와  산책로가 있습니다.

아래로는  가파른 산이 있습니다.   가족단위에서 부터  노인들의 쉼터로  각광을 받고있는

중랑구의 오래된 등산명소로로  사랑을 받고 있습니다.

그러나  자칫 부주의하다보면  낭떠러지로  떨어질수있는  위험이 있는 산책로입니다.

산책객들의 안전을 위해  안전 난간 설치가  필요 합니다.

겨울에 눈이 라도 내려  빙판길이 생기면  위험은 더욱더 큽니다.


★ 개선및 효과.


철재로 된 보호망이나   나무난간 같은것을 설치하면  노.약자나  안전하게  거닐수있고

이용객들에게  아래가 낭떠러지임을  알려줘   안전사고에  주의를 할수있습니다.

건강과 휴식을 위해  많은사람들이  봉화산에 오르고  중랑구의  역사 문화재 봉화대가

위치하고있어서  명소로 알려진곳 ...    안전난간을  설치해주신다면  주. 야간 산책객들의

만약의 사고를 예방할수있을것 같습니다.",,,NA,20240125,NA
"보납산~자라섬, 호명호수~상천역간 케이블카를 설치하자",행정/자치/안전,,제안심사,2010-05-08,NA,가평군,"~현재 자라섬~남이섬선착장~남이섬간에 짚와이어가 설치될 예정이라는 것을 알고 있습니다.

이와 연계하여 보납산정상이나 자라섬, 남이섬이 바라다 보이는 강변쪽의 산등선(전망대 설치)과 자라섬간에 케이블카를 설치하는 방안과 호명호수정상과 경춘선 상천전철역앞을 연결하는 케이블카를 설치하는 방안을 제안합니다.",,,NA,20240125,NA
대형폐기물 수거기간에 대한 건,행정/자치/안전,,제안심사,2010-05-07,NA,노원구,"3주전에 이사를 했다. 

이사전에 미리 것을 구분하여 버렸다 하여도 이사당일 생각지도 못하게 부서진 책상,의자등을 

버리게 된다.

우리 동은 아파트가 아니기에 개인주택주변에 폐기물을 버리고 간다.


이사후 몇일뒤에 동주민센터에서 대형폐기물 스티커를 발급받아서 붙였다.

하지만 1주일이 지나고, 2주일이 지나고, 3주때 되던주에 처리가 됐다. 

(물론 이것도 구청에 전화를 걸었더니 다산콜센터에서 처리를 해준 사항)

동주민센터에 몇번이나 전화를 했는데도 언제까지 처리가 된다고 얘기를 안하고, 알았다고만 한다.

도대체 스티커 붙이고 수거기간이 어떻게 되는지?

아파트가 아닌 곳에서는 마땅히 놀 장소가 없기에 주택가 주변에 세워두거나 주차장에 두는 것이

일반적인데 빠른시간내에 수거하지 않으면 안전상, 미관상의 문제점이 있다.

또 그것에서 아이들이 가지고 놀다가 사고가 나면 그책임은 누구에게 있나요?


주민센터에서 대형폐기물 스티커를 발급시 예상기한을 알려준다.

주택가 주변의 경우는 장농, 침대, 책상등, 크기가 적지 않은것들을 버리기에 빠르시간안에 대형폐기물을 수거토록 한다.

대형폐기물의 빠른수거는 안전상, 미관상으로 조속히 처리되어야 한다.",,,NA,20240125,NA
다이아몬드 누구에 소행 인가 !!  노면표시 제거방법 으로 노면을 태우는 방법을 금지 시행령 개정이 필요,행정/자치/안전,노면표시 지우기 작업시 화력사용 023.jpg노면표시 지우기 작업시 화력사용 014.jpgSDC10098.JPG노면표시 지우기 작업시 화력사용 022.jpgSDC10122.JPG,제안심사,2010-05-05,NA,경찰청,"시행청인 부천시 도로과는 2009년6월~11월 교통혼잡지역개선사업으로 부천시관내 22곳에 횡단보도 차선이설 교통섬 자전거전용도로를 토담건설외 시공사에 발주 하였고 시공사들은 노면제거방법으로 태우기방법으로 시공하며 LPG통에 램프을 연결하여 화력을 사용하여 선을 제거 하였고  비와 눈이와 도로가 젖은 상태에서 제거부위에 통행 차량의 바퀴가 마찰하며 손상을 입혀 관내 통과차량에 불편과 2010년 2월~4월 아스콘절삭포장공사가 시공된곳이 30제곱미터 이상 85곳입니다.

중동대로 에코팔트 길주사거리의 3.7km구간(송내역~부천체육관)

흥천길 에코팔트 계남고삼거리의 2.8km구간(부천정보고~부천소방서)

계남큰길 에코팔트 GS~현대백화점 1.0km구간(시청)

부일길 에코팔트 산우물사거리의 2.7km 구간(부인초~부천전화국) 

문예로 구간등 원미구 구간에 에코팔트가 90% 이상 시공되여 있으며

2010년 5월1일 신정동 목동역 부근 도로와 5월5일 상동 무지개고가 주변도로에 전국의 도로에 차선 지우기 비보호 좌회전 이설 공사시 태우는 방법으로 시공되고 있어 이번 장마시에 도로의 손상으로 시민의 불편과 예산낭비가 예상됨니다.

* 에코팔트는 기존 아스팔트에 입자가큰 자갈과 페타이어가루와 포리아세틸렌수지을 섞어 고무 성분이 추가 되여 있어 불에 직접 가열시 치명적인 손상이 옴니다.

에코팔트는 소음과 배수성이 뛰어나 인천공항고속도로 아파트 주변도로와 전국 주요도로에 널리 시공되여 있습니다.

* 현행 노면표시설치 관리 메뉴얼(경찰청) 5.도로

 3.1 노면표시제거방법 

 노면을 태우는방법 

 노면을 손상하는 경우가 많아 시공시 유의 하여야 한다.

 손상된 부분은 시공사의 부담 으로 한다.

* 개정

 노면표시제거방법

 동력을 사용 하여 제거 한다. 

 노면을 태우는 방법을 사용해서는 안된다. 위반시 수주시 제외 또는 벌금형

 *부천시청 도로과 담당자인 최광희(032-625-3891)는 노면표시제거시 불을 사용하면 도로에 손상이 오는 것을 알고 시공사에 불로 선을 지우지 말것을 지시 한바 

 있으나 시공사는 무시하고 불사용을 강행하고 있으며 관리감독청인 담담자는 강제할 규정이 없어 동력을사용하라는 말을 할뿐이라 하였으며 본인 한테도 공사시 불을 사용 할수도 있다는 애매한 답변을 하였습니다. -끝-

                                                                      2010.5.5일 작성자 이명원",,,NA,20240125,NA
퇴직남성들을 위한 프로그램 활성화 및 장소마련,행정/자치/안전,,답변완료,2010-05-03,2013-01-30,서울특별시,"< 퇴직남성을 위한 프로그램활성화 및 장소마련 >

1. 현실태및 문제점.

 지자체에서 실시하는 성인학습 프로그램에는 여성들을 위한  

프로그램이 대부분을 차지하고 있습니다. 또한 '여성화관' 이란 전유물도 가지고 있고

문화원이나 주민자치센타 이용객도 거의 여성입니다.

가정을 위해 사회를 위해 열심히 일했고  꼬박꼬박 세금도 납부했지만 

정작 퇴직한 남성들이 갈 곳은 인근 산 밖에 없습니다.


2. 개선점.

사회공동체적인 입장에서 볼 때 '여성회관'이란 명칭은 적합하지 않다고 생각합니다.

그런 맥락이라면 남성회관도 있어야 한다고 생각합니다.

따라서 '여성회관' 명칭을 고쳐 남,녀 모두가 이용할 수 있는 공간으로 

탈바꿈하는 것이 필요합니다.

또한 성인프로그램 개발시 퇴직한 남성들을 위한 재취업 프로그램이나 

자기계발 및 취미활동, 또 부부가 함께 하는  프로그램을 많이 만들고 적극 홍보를 하여

퇴직 남성들을 참여시키는 것이 보다 건강한 사회로 나아가는 방법이라고 생각합니다.


3. 개선 후효과

* 퇴직한 남성들이 소외감을 느끼지 않는 지속적인 사회참여 방법으로 활용될 수 있음.

* 신체적으로 건강하고 정신적으로 건전한 삶 영위.

* 가족간에  대화가 풍부해지고  행복한 노년의 삶의 준비로 위기의 가정에서 벗어 날 수 있음.",,,여성능력개발기관은 여성발전기본법 제33조에 따라 여성의 권익과 복지를 증진하고 여성을 교육하기 위한 여성관련시설을 설치・운영하는 시설로 제안 수용이 불가함,20240125,NA
불법체류  외국여성의  성매매를  철처하게  단속해주세요.,행정/자치/안전,,제안심사,2010-05-03,NA,경찰청,"국경 없는 거리에 있는 원곡본동주민센터 주변은 불법 성매매를 알선하는 이른바 ‘외국인 여성 티켓 다방’ 30여곳이 성업 중인 곳이다.

한 지하다방으로 들어서니 7개의 테이블이 모두 칸막이로 막혀 있어 안을 들여다보기 어려운 구조다. “어서오세요, 오빠들.” 20~30대로 보이는 6명의 중국인 여성들이 어눌한 한국말로 인사를 건넸다. 커피를 주문하자 후안(23・가명)과 주이덴(35・가명)이라는 여성이 다가와 앉았다.

둘 다 결혼 비자로 한국에 들어왔지만 실제로 결혼을 하지 않았으며, 이 때문에 한국 국적을 취득하지 못했다고 소개했다. 20~30분 정도 한담을 나누자고 하자 후안이 “‘티켓’을 끊을 거냐.”고 물었다. 주이덴과 후안은 “데이트는 시간당 2만원, 2차(성매매)는 10만원”이라며 함께 나가자고 끈덕지게 졸라댔다. 이들은 “얼마 전까지만 해도 중국과 베트남 손님이 많았으나 최근에는 한국 손님들이 많이 온다.”면서 “단골 노래방에 가면 중국, 베트남 등지의 여성을 원하는 대로 불러줄 수 있다.”고 꾀기도 했다.

서울과 수도권을 중심으로 외국인 여성을 고용, 내국인을 상대로 성매매를 알선하는 불법 유흥업소가 급증하고 있다. 단속 사각지대에 놓인 탓에 외국인 여성의 성매매는 최근 규모가 1만여명으로 커진 것으로 추산된다. 경찰은 서울 구로・대림・이태원과 경기 안산 등 외국인 성매매 성행 지역에서 2일부터 대대적인 단속에 돌입했다. 

하지만 관계 당국은 외국인 성매매 여성의 숫자 등 정확한 실태조차 파악하지 못하고 있다. 업계 관계자와 시민단체들은 합법 또는 불법으로 국내에 체류 중인 외국인 여성들 상당수가 유흥업소 등에서 성매매를 하고 있는 것으로 파악하고 있다.

한국이주여성인권센터의 한국염 대표는 “공연예술비자(E-6비자)를 갖고 한국에 들어와 유흥업소에서 일하는 여성들이 5000여명 정도 된다.”면서 “여기에 결혼이민, 관광비자 등으로 들어와 성매매를 하는 사람까지 합하면 외국인 성매매 여성이 1만여명은 될 것”이라고 추산했다.

서울 이태원동 일대에서도 내국인들을 고객으로 한 외국인 여성들의 성매매가 기승을 부리고 있다. 지난주말 밤 이태원 뒷골목과 대로변 버스정류장 등지에서는 50대 여성 호객꾼이 행인들에게 노골적으로 성매매를 제의했다. 이 여성은 “동남아인이나 백인 다 원하는 대로 불러 준다.”고 유혹했다. 거래가 성사되면 인근 모텔에 방을 잡아 아가씨를 보내거나 여성들이 대기 중인 가정집으로 데려간다는 설명을 곁들였다. 이런 외국인 여성 성매매 업소가 서울 강남 지역으로 확산되고 있다. 한 클럽 종업원은 “요즘에는 이태원보다 서울 강남 업소에서 외국인 성매매 여성을 더 많이 고용하다 보니 ‘2차 가격’이 뛰면서 아가씨들이 강남으로 대거 이동했다. 외국인 여성 성매매 상권이 그쪽에 꽤 크게 형성돼 있다.”고 귀띔했다.









경찰관계자는 “지난해 하반기 이후 내국인을 대상으로 한 성매매 업소가 크게 늘고 있는 것으로 파악돼 수사에 착수했다.”면서 “성매매업소와 외국인 폭력조직의 연관성도 함께 수사 중”이라고 말했다.",,,NA,20240125,NA
여러 종교의 바람직한 발전 방향,국방/보훈/외교/통일,,답변완료,2010-04-28,2010-04-29,민주평화통일자문회의사무처,"제목: 여러 종교의 바람직한 발전을 위하여

수신: 행정안전부, 불교 정책 담당자앞, 불교대학 정책 담당자앞, 

      통일부 정책 담당자앞,


예전에는 불교 입문하는 사람들이 기준이 까다로워 스님이 되려면 여러 가지 수행과정을 거친 다음 선발하여 삭발식을 하고 스님이 되는 것으로 알고 있습니다. 하지만 요즈음 외국 사람들과 국내인들이 스님에 입문하는 사람들을 보면 인상이 좋지 않은 사람들이 입문하고 있습니다. 선발 기준정책을 까다롭게 하여 올바른 사람들이 입문하여 일할 수 있도록 선발 부탁드립니다. 

 저는 신교인 기독교인(크리스챤)입니다.  신교 목사님, 구교 신부님들을 보면 여러 가지 시험을 거치고 선교과정, 현장교육을 거친 다음 목사님으로 임명되고 있습니다. 크리스챤인들(기독교인) 여선교인, 남선교인, 그리고 장로님, 권사님, 전도사님, 집사님, 그리고 무료봉사하는 유아부, 유치부, 초등부, 중등부, 고등부, 대학부, 청장년, 장녀 선생님들이 가정과 국가를 올바른 방향으로 건실하고 깨끗하게 이끌어 왔던 것이 사실입니다. 그리고 어려운 이웃인 소외계층, 노숙자, 장애인, 노약자들을 무료 봉사하며 도와주고 지원하여 좋은 일들을 많이 하였던 것도 사실입니다. 기독교인 사업자들은 사업을 건실하게 운영하여 바람직한 회사를 많이 만들었던 것도 사실입니다. 물론 몇 안되는 잘못된 교인들 때문에 교회 이미지를 흐리게 했던것도 사실입니다. 

  불교 입문하는 스님들, 목자님들도 여러 가지 시험과 과정을 거쳐 입문 할 수 있도록 부탁드립니다. 시대가 변천하면서 시대에 맞게 바뀌어야 하겠지만 그러나 예전처럼 여러 가지 시험과 인내와 각고의 노력을 거쳐 스님이 되었으면 합니다. 그렇지 않다면 일반인으로서 믿음을 갇는 평신도의 사람이 되어야 하겠지요.

또한, 신약 성경 기독교, 구약 성경 천주교처럼 불교 법전을 2원화, 3원화하여 연구 발전 시켰으면 합니다. 산쪽에 있는 불교사원은 그대로 발전시키고, 도시 쪽에 있는 불교 성전, 농촌, 어촌, 섬에 있는 불교 성전과 법전을 불교 교인들의 현대 생활에 맞게 디자인하여 교회의 십자가처럼 느티나무같은 상징물로 불교성도들의 의견을 수렴하여 불교성전을 도시, 농촌, 어촌, 섬 지역에 아름답게 디자인하여 건축하였으면 합니다. 

  불교인들이 현실생활에서 점점 자리를 잃어가는 것이 사실입니다. 옛날 표식을한 불교인들의 사원이 도시 곳곳에 있으나 바람직하지 않은 형태로 있고 열악한 상태입니다.  불교 사업자들, 일반 사업자들도 엄선하여 컨설팅 회사를 분야별 품목별로 설립하여 가정과 국가, 세상을 올바르게 이끌수 있도록 사업 방향을 설정하였으면 합니다.

 아시아 문화권의 토종 종교인 불교를 현실생활에 맞게 연구하여 여러 국가에 보급하자는 의견입니다. (건축헌금, 감사헌금, 십일조.......목사님처럼, 불교대학에서 정식승인을 받은 불교 목자님을 머리도 기르고 현실에 맞게 발전시킨 법전으로 불교를 발전 시켰으면 합니다. 불교 현실에 맞게 소화시킴)

좋은 것, 좋은 문화는 수렴하여 우리것으로 소화하여 연구 발전시키고, 나쁜 문화는 받아들이지 않으려고 노력한다면 우리 국가는 2중, 3중 안전 체제를 갖춘 일류 선진 문화를 갖춘 국가가 될 것을 믿습니다.

  본인이 본 견해를 말씀드렸습니다. 불교 관계기관에 전달 부탁드립니다.

여러 종교의 바람직한 발전을 위해서...........",,,민주평통 업무와 직접적 관련 없음.,20240125,NA
"""국민신문고 모바일 센터""어플리케이션 운영",기타,,답변완료,2010-04-27,2010-05-04,국민권익위원회,"1.현행 제도  및 문제점


요즘 스마트폰을 사용함으로써 세상과의 긴밀히 통하며,

또한 세상을 변화시키고 있습니다.

(트위터, 싸이월드, 페이스북신문읽기,책 읽기, 장소 검색, 등등) 

이는 누구든 마음만 먹으면 장소를 불문하고 어디에서든 접속이 용이하고 , 

국가를 넘어 서로가 정보를 나누고 , 이를 실천하고 있습니다.

위 같은 것을 가능하게 하는 것은 핸드폰 하나에서 시작되고 있는 것입니다.

뒤집어 생각해 본다면 이를 이용하여 좀 더 국민들이 쉽고 용이하게

접근을 가능토록 하여 참여를 유도할 수 있도록 하는 것입니다.


2.개선방안


국민들이 쉽게 접근하며 많은 참여를 이끌 수 있도록 

""국민신문고 모바일 센터""  어플리케이션을 구성하여 운영하는 것입니다.

기존  한정된 접근 방식 보다 더 포괄적으로 문을 열어 놓는 방식입니다.


3.기대효과


국민신문고 모바일 센터 어플리케이션을 운영함으로써 나타나는 기대효과로는

스마트폰을 이용해 언제 어디서든 어플리케이션으로 국민들의 많은 참여를 

이끌 수 있고, 참여를 통해 질 좋은 의견을 만듦써 이상적인 발전방향을

생각해 볼 수 있는 계기를 만들 수 있을 것이며, 무엇보다 세계 어느 곳에서

접근 할 수 있어 세계인들도 함께 참여를 유도할 수 있는 좋은 계기로 안착 될 

것입니다.",,,"1. 국민신문고에 대한 관심에 감사를 드리며, 귀하께서 신청하신 제안(1AB-1004-007300,“국민신문고 모바일 센터”어플리케이션 운영)에

     대한 검토  결과를 다음과 같이 알려드립니다.

 2. 답변사항

   ○ 국민신문고를 사용하시면서 좋은의견을 주셔서 감사드립니다, 국민신문고에서는 날로 발전하는 정보통신기술을 시스템에 응용하고자

       귀하께서 제안하신 스마트폰에서 사용 가능한 응용 프로그램을 개발추진중에 있습니다, 금년 하반기쯤 개발완료 예정이니, 많은 이용

       바라며, 앞으로 국민신문고를 사용하시면서 불편한 점이 있으시면 언제든 문의하십시오, 친절히 답변드리겠습니다. 

 3. 제출하신 의견은 국민제안규정 제2조에 의거한 기 추진사항에 해당 하여 채택하지 않음을 양해하여 주시기 바랍니다.

 4. 상기 내용 이외에 추가로 궁금하신 사항은 국민신문고담당관실 정진덕조사관(02-360-2750)에게 연락하여 주시기 바라며, 귀하와 귀하의

     가정에 건강과 행운이 항상 함께하기를 기원합니다. 끝.",20240125,NA
세이하 유아 있는 가정의 승용차에 장애인 구역 주차 가능하게 해주세요 기제안에 추가입니다.,행정/자치/안전,,답변완료,2010-04-27,2013-01-14,서울특별시,"3세이하 유아를 데리고 이동할경우 


승용차를 이용할 경우 장애인을 데리고 다니는 것처럼 힘이 드는데 


장애인구역에는 세울수가 없습니다. 


일정나이이하의 유아 (예를들어 36개월이하)가 있는 가정에는 


임시 장애인구역주차가능 스티커를 한장씩 주었으면 합니다 


일정나이가 지나면 회수하면 되겠지요 


정부의 출산진흥정책과도 맞는 이야기이고 


현실적으로 큰 돈 안들이고도 자녀가진 부모들을 편하게 해주는 


일이라 생각됩니다

----------------------------------- -------일전에 민원으로 내었던 내용입니다.


답이



전용주차장 설치는 기본적으로 휠체어 이용자의 편의를 염두에 두고 그 넓이도 고려하였고 주출입구와 가까운 곳에 설치하도록 하고 있습니다. 따라서 그 설치 취지가 상이함으로 임산부나 유모차, 그리고 아동을 동반한 경우같은 경우는 다른 방법으로 주차장 편의를 도모하는 것이 더 적절하리라 여겨집니다. 


○ 참고로 서울시 등 일부 지자체에서 조례로 ‘여성전용주차장’ 등을 운영하고 있음을 감안할 때 해당 사항을 지자체에 제안해보시는 것도 좋은 방안이라 사료됩니다. 감사합니다.


보건복지부에서 이렇게 했는데 유모차도 휠체어 처럼 공간이 필요하고 한데 취지가 상이하다는걸 이해하기 어렵군요


일단 서울시등 지자체에 제안해보라고 해서 서울시에 제안합니다. 다른방법으로 주차장 편의를 도모하라는건 어떤방식을 말하는 건지도 조금 이해가 안가긴 하군요.",,,"임한진님 안녕하십니까 

장애인 전용구역에는 장애인외 주차시 과태료가 부과되므로 유아동반의 경우 여성우선주차장을 이용하시기 바랍니다.

임한진님의 가정에 건강과 행운이 항상 함께 하시기를 기원합니다..",20240125,NA
"공들여 작성한 제안서 취소""되지 않게 ~개선해 주세요.",기타,,답변완료,2010-04-23,2010-04-28,국민권익위원회,"-국민신문고 제안내용을 작성한 다음 ~~오른쪽 하단에 ~~


-""다음---""취소 크릭 버튼이 한곳에 가깝게 있다보니 잘못하여 애써 작성한 제안이


 ""취소""돼 버린 경우가 종종 있습니다.


**제안내용 작성후 ~~""취소는 좌측""~~""다음은 우측""최 하단에 이격거리를 두어서


 공드려  작성한 제안이 취소""되는 전산 시스탬을 바꾸어 주십시요.


**아니면 다음""보다는~~~ ""1차등록""이란 표현을 해야 합니다.


-국민신문고에 제안서를 제출하면서 수번 경험한 사례를 제안합니다.


-별로 어렵지 않는 시스탬 구조는 바로 개선 부탁드립니다.",,,"1. 국민신문고에 대한 관심에 감사를 드리며, 귀하께서 신청하신 제안(1AB-1004-006354, 국민신문고 국민제안 신청시 하단에 ""다음"" 과 

      ""취소"" 거리 간격을 넓게하고, ""다음""이란 용어 대신에 ""1차등록""으로 용어를 변경해주세요)에 대한 검토 결과를 다음과 같이 알려드립

      니다.

 2. 답변사항

   ○ 먼저 국민신문고 사용에 불편을 드려 죄송합니다, 국민신문고 국민제안 신청시 하단 화면에 “다음”과 “취소”버튼 거리 간격 조정 및

        “다음”대신에 “1차등록”으로 변경 제안에 대하여는 화면   디자인 등 여러 가지 사항을 검토하여 향후 기능개선시 반영토록  하겠음을

        알려드립니다.

 3. 제출하신 의견은 국민제안규정 제2조에 의거한 단순 건의에 해당하여 채택하지 않음을 양해하여 주시기 바랍니다.

 4. 상기 내용 이외에 추가로 궁금하신 사항은 국민신문고담당관실 정진덕조사관(02-360-2750)에게 연락하여 주시기 바라며, 귀하와 귀하의

     가정에 건강과 행운이 항상 함께하기를 기원합니다. 끝.",20240125,NA
"국민신문고""에서 제안자를 편리하게 도와 줍니다.",기타,,답변완료,2010-04-23,2010-05-19,국민권익위원회,"-우리의 주변에는 POST 우편함(지자체 재산)이 있습니다.


-국민신문고""제안이나 민원등을 제출할 때는  인터넷,우편,전화,팩스로 보내게 됩니다.


-많은 사람들 중에는 인터넷,우편,전화,팩스등 으로 자신의 제안과 민원등을 알리는데


 불편한 사람들이 있을 겁니다.


*제안자가 제안내용을 봉투에 담아서 ~~국민신문고""귀중(간략하게)~~표시하여


 우체함에 넣어 두면 수신자 부담으로 받아 주는 방안입니다.


*우체함""에다 ""국민신문고 투고함""이란 문구도 동시 표기해 주면 더욱 좋겠습니다.


-국민신문고""를 이용하는 제안자에게 최대한 편리하게 하여 주십시요.",,,"문성두님 안녕하십니까? 국민제안에 대한 관심과 참여에 감사드립니다.

귀하께서 제출하신 제안의 요지는 ‘우편함에 “국민신문고 투고함”이라는 문구를 표시하고, 제안 등의 우편물을 수신자 부담으로 접수 처리 할 것을 제안한다.’라는 내용으로 파악되며, 아래와 같이 검토결과를 알려드리고자 합니다.

귀하의 제안과 관련, 제안이나 민원뿐만 아니라 모든 우편물이 위원회를 경유하여 무료 이용이 가능할 수 있으므로, 막대한 예산이 소요될 수 있는 등 다양한 가능성을 고려하여 중장기 검토가 필요한 것으로 판단됩니다. 

금번 귀하의 제안을 채택하지 못하여 아쉽게 생각하며, 앞으로도 좋은 의견을 많이 제출하시면 국민신문고 운영 활성화에 최대한 반영할 수 있도록 적극적인 노력을 기울이겠습니다. 감사합니다.",20240125,NA
홈페이지 관련입니다.,기타,,답변완료,2010-04-22,2010-04-28,국민권익위원회,"금융감독원 홈페이지 

e-금융민원 - 민원신청 - 민원신청하기 하단에 보면

금융감독원 업무처리에 대한 불만에 대해 국민신문고로 민원접수 할 수 있도록

링크를 만들어 놓았습니다.


하지만,  링크는 걸어 놓았지만

기피신청할 수 있는 란만 빼놓아서 금감원 홈페이지상에서 피민원인이

금감원 업무처리에대해 불만이 생기더라도 담당자가 금감원쪽 인원으로 배정될수 밖에 

없는 시스템으로 만들어 졌습니다.


기피신청 할 수 있게  같이 링크 걸어 놓아 주시면 민원신청의 편의성이 증진되리라 봅니다.",,,"1. 국민신문고에 대한 관심에 감사를 드리며, 귀하께서 신청하신 제안(1AB-1004-005797, 금융감독원 홈페이지에 링크되어 있는 국민신문고

      에서도 기피신청 할수 있도록 시스템 개선)에 대한 검토결과를 다음과 같이 알려드립니다.

 2. 답변사항

   ○ 전화상으로 안내드렸던 바와 같이, 금융감독원에 링크되어 있는   “국민신문고 신청하기”에서 신청하는 민원은 금융위원회 해당부서에

        연결되어 처리되고 있습니다, 단, 귀하께서 신청하신 민원이   확인결과 금융위원회에서 금융감독원 감사부서로 이송되지 않고 담당과

        로 이송되어 처리된 것은 해당기관(금융위원회 또는 금융감독원)에 그 사유를 문의 하셔서, 답변결과에 따라 개선요구 등의 조치를

        취하시기 바랍니다.

   ○ 참고로 “국민신문고” 홈페이지에서 신청한 민원은 기피기관 및 기피부서(담당자 등)를 지정할 수 있도록 되어있습니다.

 3. 제출하신 의견은 국민제안규정 제2조에 의거한 단순 건의에 해당하여 채택하지 않음을 양해하여 주시기 바랍니다.

        4. 상기 내용 이외에 추가로 궁금하신 사항은 국민신문고담당관실 정진덕조사관(02-360-2750)에게 연락하여 주시기 바라며, 귀하와 귀하의 가정에 건강과 행운이 항상 함께하기를 기원합니다. 끝.",20240125,NA
길거리 쓰레기통옆에 분리수거함을 따로 설치하자,행정/자치/안전,,제안심사,2010-04-20,NA,노원구,"길거리를 걷다보면, 유독 학원이 밀집해 있는 우리동네 노원구에는 구석진 곳, 곳곳에 캔 음료병이나

테이크아웃 컵들이 숨겨져 있는것을 많이 발견할 수가 있다.


쓰레기통에 넣기도 하고, 아무곳에나 버려져 방치되 흉물스럽고, 냄새가 나게 버려져 있는데

미관상이나, 병이 깨져 동네에 나뒹굴때도 있어 안전에도 적잖이 염려스럽다.


이러한 병이나, 캔, 컵등이 분리수거함이 따로 설치되어 학교에서부터 홍보가 된다면, 자용 재활용과

거리미관, 그리고 안전등의 문제에서 많은 개선사항이 뛰따르리라 생각이 든다.",,,NA,20240125,NA
공공주차장 요금수납 방법 개선,행정/자치/안전,,답변완료,2010-04-20,2018-07-19,제천시,"1)현황 및 문제점: 

- 공공주차장의 경우, 10분에 100원, 200원, 300원하는 주차비를 관리원이 시간 체크하거나 출입권을 발급받고 나갈 때 현금으로 받고 있다.

-동전이 준비 되지 않았을 경우 가방에서 지갑꺼내고 지폐꺼내고 뒷줄이 밀리기도 한다. 

-100원 500원짜리등 동전의 유통에 높은 기여도 하겠지만, 

-조금의 불편함일 수 있으나 차를 이동하는 시간대비 어쩌면 낭비가 될 수도 있다.

-동전을 받는 분들은 정직하신 분들이 많으리라 믿는다.


2)개선방안 또는 기대효과:

-신용카드(교통카드)로 버스, 지하철등 모두 이용할 수 있는 세상인데, 

-고속도로통행료와 마찬가지로 공공주차장 주차비가 통합기능이 안된다면 

-공용으로 쓸 수 있는 공공기관 전용카드(공공기관시설물이용 또는 공공주차장비, 공원 및 국립유적지 입장료, 민원서류 발급비, 가칭 지역마일리지 카드)를 발급해서 통합을 쓸 수 있도록 한다.

-체크카드, 직불카드 등으로 계산할 수 있게 한다.

-봉사마일리지를 전환할 수있는 카드로 개선한다면 보다 친절한 나라가 될 수도 있다고 생각한다.",,,"1. 안녕하십니까? 제천시청 교통과 담당자 장계현 입니다. 귀하께서 제기하신 공영주차장 요금수납 방법 개선 건에 다음과 같이 회신하여 드립니다.


2. 귀하의 제안요지는 공공주차장 이용료 수납 시 동전수납하는 과정에서 현금이 미리 준비되지 않은 경우 많은 불편함이 있으므로 신용카드(교통카드 등) 수납을 가능하게 하여 이를 개선하고자 하는 제안인 것으로 판단됩니다.


3. 우리 제천시에서 운영하는 공공(노상)주차장의 경우 공공주차장 이용료를 신용카드(교통카드 등) 결재 또는 지역 마일리지 적립 등 다양한 방법의 해결방안을 위한 시스템 마련에 있어 카드체크기 설치 및 수수료 부담 발생 등에 대해 임대사업자와 충분한 논의를 거쳐야 이행할 수 있는 실정임을 알려 드립니다.


4. 위와 같은 사유로 귀하의 제안을 즉시 수용하지 못하는 점을 널리 이해하여 주시기 바라며, 이 밖에 문의사항은 제천시청 교통과 장계현 에게 연락주시면 성심성의껏 답변해 드리겠습니다. 감사합니다.

   (043-641-6354)",20240125,NA
폐형광등  분리수거가  정착되길 바랍니다,행정/자치/안전,,제안심사,2010-04-15,NA,북구,"라디오나  텔레비젼 등  통신매체에서 환경을 살리는데 일조하자고 국민들에게 홍보를 

  많이 하고 있습니다. 

  물자를 아껴쓰자. 재활용을 잘하자~~ 등

  저도 때마침 폐형광등이 한꺼번에 3개나 발생하여 구청에 재활용과에 문의를 하였더니 

 재활용된다고 합니다. 그러나  저희 아파트나 인근에 타 아파트에서도  폐형광등이   분리

 수거가  잘  되지 않고 있다고 합니다.  그리하여 안타까운 마음에 이렇게 제안하고자 

 글을    올리게 되었습니다.  분리수거를 잘 할수 있도록 국민들에게 알릴  좋은 방법이 없 

 겠 습니까?",,,NA,20240125,NA
자전거 대여소,행정/자치/안전,,제안심사,2010-04-12,NA,노원구,"현실태

노원구에 설치되어진 자전거 대여소의 관리여부를 알수 없습니다. 



문제점 

대여소에 관리인(근무자)이 상주한다고 알고있지만 실재로 있는지도  모르겠습니다 (방문시 부재).

또한 자전거의 고장으로 빌릴수 있는 자전거의 수가 제한되고 있습니다. 고장을 모르고 빌릴경우가 발생하여 신체의 부상이 예상됩니다.  



개선방법및 기대효과

자전거대여소에 근무하는 사람을 자전거를 수리할수 있는사람(소정의 교육)으로 상주시켜 고장시 바로 수리할수있게함으로 고장으로 빌릴수없는 상황을 최소화하고 신체의 부상을 방지로 신뢰도 확보.",,,NA,20240125,NA
국민신문고 포인트 계산 방법 개선,기타,,답변완료,2010-04-12,2010-04-14,국민권익위원회,"제안한 것에 대한 답이 아닙니다. 제 제안은 프로그램 계산오류 수정이 아니고, 현재의 수동방식(수작업 방식)을 전산으로 자동배정토록 하기 바라는 것이니, 다시 검토해 보기 바랍니다.",,,"1. 국민신문고에 대한 관심에 감사를 드리며, 귀하께서 신청하신 제안(1AB-1004-003068, 국민신문고 포인트 자동배정토록)에 대한 검토결과

    를 다음과 같이 알려드립니다.

2. 답변사항

  ○ 답변(1AB-1003-004317, 국민신문고 포인트 자동계산 프로그램 오류 수정) 및 전화상으로 알려드렸던 바와 같이 포인트 자동계산

       프로그램 오류 수정으로 현재는 국민신문고 포인트가 자동으로 배정되고 있습니다, 앞으로 국민신문고를 사용하시면서 불편한

       사항이 있으면 언제든 의견 주시기 바랍니다.

3. 제출하신 의견은 국민제안규정 제2조에 의거한 단순 건의에 해당하여 채택하지 않음을 양해하여 주시기 바랍니다.

4. 상기 내용 이외에 추가로 궁금하신 사항은 국민신문고담당관실 정진덕조사관(02-360-2750)에게 연락하여 주시기 바라며, 귀하와

     귀하의 가정에 건강과 행운이 항상 함께하기를 기원합니다. 끝.",20240125,NA
시내버스도우비를 활용하자!,행정/자치/안전,,제안심사,2010-04-12,NA,보령시,"시내대중교통버스에 승하차 안내도우미를 활용하자. 


농어촌중심의 시군은 대부분 해당이 될거라 여겨지고 제가 살고있는 

충남 보령을 중심으로 설명을 합니다. 

제가 살고 있는 보령의 실상을 들여다 보면 

시내버스의 이용자의 대부분이 노년층이 차지하고 있습니다. 


시내중심가에서 멀어져 승하차 할수록 칠십은 거뜬히 넘긴 세대들입니다. 

눈도 어둡고 버스를 승하차하기에(짐까지 있을 경우에는 더욱더)벅차 보이는 경우를 

쉽게 볼 수 있습니다. 

특히 노인승객이 급증하는 장날이나 월요일 같은 경우는 

도우미의 필요함의 절박성을  느낄 수 있지요. 


여차하며 사고로도 이어질 수 있으니 버스기사도 노심초사하며 

승하차에 주의하며 운행을 하지만 

장날 같은 날등 특히 노인층이 많은 날은 불안 할 수밖에 업지요. 


버스기사는 양질의 버스운행하기에 충분히 바쁘고 

버스회사에 경제적 부담을 주기에는 어려워 보이니 

공공재나 봉사자를 활용함이 합당하다 여겨지는군요. 


그래서 공공근로자나 사회봉사자등을 활용하여 일자리를 창출하거나 

봉사의 한 분야로 해도 생활밀착형 사회복지인프라나 봉사의 한 영역으로서 

가치가 있을 거라 생각됩니다. 


여전히 시장에서 읍내에서 긴요한 일을 보기위해서는 대중버스 이용이 절대적이니 

노인층 이용이 급증하는 날, 시간대,코스를 파악하여 도우미를 배치,활용하면 어떨까요? 


고령화로 치솟는 충남 농산어촌형 시군의 실정에  

귀하게 고맙게 쓰여질 것입니다. 

지사님 ok.

감사합니다. 항상 건강하세요.",,,NA,20240125,NA
연령대별 주사 맞는시기 통보,식품/보건/복지/가족,,답변완료,2010-04-09,2021-01-14,질병관리청,"개인의 위생 및 건강관리는 개인의 책임과 관심속에 이루어져야 하지만 대부분의 국민이 사전에 예방접종 및 적정나이에 필요한 접종주사의 종류에 대해서는 잘 모르고 지냄. 물론 출생시 유아기 때애는 산부인과나 소아과 등에서 해당 예방 접종을 하지만 그 이상 나이가 먹게 되면 대부분 모르고 지내고 있는게 현실임. 예를들면 65세 이상은 폐렴주사를 맞는게 좋다고하고 파상풍은 10년에 1회 맞는게 좋다고 하는 식인데, 이러한 보편적이고 상식선에 준하는 예방접종 등에 대해서는 국가(또는 건강보험공단 등)가 개인에게 정보를 사전에 통지해 준다면 관련 질병의 사전 예방으로 의료실비(보험공단) 지급이 절감되어 오히려 대승적 차원에서 예방이 치료하는것보다 저렴하게 비용이 들 것이라고 봄. 물론 수많은 국민에게 그때 그때 통보하는것은 무리이고 비용도 많이 들것이라 생각됨. 대신 차선책으로 개인들이 병원에 질병으로 내원할 시 병원에서는 개인정보를 의료공단과 조회할때 그 화면에 접종주사 시기와 종류를 자동으로 화면에 뜨게한다면(예:팝업 등)  간호사가 환자 화면 조회시 해당내용을 손님에게 알려주면 되는 방식으로 하면 간단하리라 봅니다.(물론 몸이 너무 건강해서 동네의원 한번 안간다면 더 좋은 일이구요) 그 후 예방접종의 선택은 각 개인이 알아서 선택하면 되구요. 본 제안의 취지는 이제 인간 수명이 길어지고 있고 삶의 질 향상에 애착을 많이 갖는 세상에 국민 개개인들이 자기 병 관리를 위해서 비용을 지출하려는 경향도 크다고 봅니다. 그래서 사전에 의료상식 및 정보를 접한다면 기꺼이 의료 비용(물론 예방차원이니까 초기비용이 싸겠지요)을 지불하려고 하구요. 그것이 오히려 건강보험 재정에도 도움이 되리라 봅니다.",,,"1. 민원번호 1AB-1004-002335에 대한 답변입니다.

2. ‘성인 예방접종 안내’에 대한 귀하의 제안에 아래와 같이 답변드립니다.

  ○ 최근 인구 고령화 및 만성질환 등으로 개인의 질병 예방과 합병증 발생에 따른 질병부담 및 삶의 질 향상을 위한 성인 예방접종의 중요성이 증가하고 있습니다.

  ○ 이에, 국가에서는 65세 이상 어르신 대상으로 인플루엔자 접종(매년)과 폐렴구균 23가 다당 백신(1회)을 지원하고 있으며, 사업대상자 중 문자수신동의자 한해서 예방접종 안내 문자서비스를 실시하고 있고, 대국민 홍보를 통해 적극적으로 사업을 홍보하고 있습니다.

  ○ 예방접종 시 수집되는 정보는 「감염병의 예방 및 관리에 관한 법률」 제32조 및 동법 시행령 32조의3에 근거하여 ‘예방접종 내역 사전 확인, 다음접종 및 완료 여부 등’의 확인을 목적으로 개인정보 수집 및 처리하고 있어, 제안해주신 ‘병원에서 개인정보 조회시 접종안내(팝업)’는 예방접종 수집 목적 이외의 내용을 제3자에게 정보를 제공하는 것으로 건강보험공단 등에 정보 제공은 어렵습니다.

  ○ 현재, 성인 예방접종력 관리를 위해 관련 학ㆍ협회에 전산등록 요청을 지속적으로 독려하고 있으며, 국민들에게는 성인 예방접종의 중요성, 성인 예방접종 일정 등을 안내할 수 있도록 지속적으로 노력하겠습니다.

  ○ 예방접종과 관련된 추가 의문사항 등은 질병관리본부 예방접종관리과(043-719-8397~99) 또는 질병관리청 콜센터(국번없이 1339) 로 문의해 주시기 바랍니다.  끝.",20240125,NA
홈페이지 개선,기타,,제안실현,2010-04-09,2010-05-24,국민권익위원회,"현행 및 문제점


일상생활하면서  문득문득  생각나는 제안을 올릴때 비슷한 제안이 있는지

있다면 행정기관에서 어떻게 답변을 했는지  궁금해서  공개제안 사항을 열어보는데

대부분의 제안이 비제안 처리되어 그런지 답변이 없습니다.


답변이 있는 제안만 골라서 보고 싶은데

답변이 있는 제안을 찾기란 정말 힘든 실정임



개선방안


국민신문고에 올라온 제안이 행정부처에서 답변사항이 있는지 없는지를

확인할 수 있도록


제안제목 옆에 답변이 있는 제안은 표시를 해 주세요

예를 들어... 저출산 고령화를 위한 제안 → 저출산 고령화를 위한 제안 ★

★표 하나만 표시하면 제안서 답변 내용을 쉽게 확인할 수 있지 않을까요?


그렇게 된다면 비슷한 제안을 중복해서 하는일도 줄어들 테고...

암튼 제 의견을 그렇습니다.",,,"이은희님 안녕하십니까? 국민제안에 대한 관심과 참여에 감사드립니다.

귀하께서 제출하신 제안의 요지는 ‘공개 국민제안 가운데 답변이 있는 경우 답변이 있음을 표시하라.’라는 내용으로 파악되며, 아래와 같이 검토결과를 알려드리고자 합니다.

귀하의 제안과 관련, 실시가능성이 있고 창의성이 있기에 채택하여 추진하고자 합니다. 

앞으로도 좋은 의견을 많이 제출하시면 국민신문고 운영 활성화에 최대한 반영할 수 있도록 노력을 기울이겠습니다. 감사합니다.",20240125,"국민제안에 비제안 처리 기능을 제거하여, 제안 취지 달성"
국민신문고 문자메세지에 관해서,기타,,답변완료,2010-04-06,2010-04-09,국민권익위원회,"국민신문고에 문자메세지 신청했더니 

질문하면 문자오고 접수하면 문자오고 답변하면 문자옵니다 

국가에서도 돈이 지불될것 같은데요 돈이 아까운것 같네요 


저는 답변을 받을때만 문자를 받고 싶어요 

질문은 제가 했는데 질문했다고 문자 보내실필요없잖아요 

돈아깝게요",,,"1. 국민신문고에 대한 관심에 감사를 드리며, 귀하께서 신청하신 제안(1AB-1004-001367, 국민신문고 문자메세지 발송시 답변완료시에만

    선택적으로   발송할 수 있도록 기능개선)에 대한 검토결과를 다음과 같이 알려드립니다.

2. 답변사항

 ○ 국민신문고에서 민원신청, 제안을 신청하시면 신청,접수,완료시에 처리상황을 요청하신 통보방법(이메일, 휴대폰)으로 발송하고

      있습니다, 휴대폰으로 요청하신 경우에는 현재는 신청,접수,완료를 개별적으로 선택하여 통보받을 수 없습니다만, 향후 기능개선시

      참고하도록 하겠습니다.

3. 제출하신 의견은 국민제안규정 제2조에 의거한 단순 건의에 해당하여 채택하지 않음을 양해하여 주시기 바랍니다.

4. 상기 내용 이외에 추가로 궁금하신 사항은 국민신문고담당관실 정진덕조사관(02-360-2750)에게 연락하여 주시기 바라며, 귀하와 귀하의

     가정에 건강과 행운이 항상 함께하기를 기원합니다. 끝.",20240125,NA
불법주차단속시..,행정/자치/안전,,제안추진,2010-04-06,2013-01-15,구미시,"현행제도  및 실태

    자동차로 돌아다니며 바로 찍힌차량은 차 주소지로 고지서가 바로 가버립니다. 

문제점..

    구미같은경우 부모님 명의로된 차가많고, 회사주차장에 비해 사원들자가용이 넘쳐나는

 상황입니다. 이같은 경우로 인해 부득이하게 회사주변으로 불법주차를하게되는데, 만약

부모님이 아프시거나해서 고지서를 살피지 못하는 경우라던지, 고지서때문에 연락을해도 일이바빠서 흘려듣다가 잇어버리는경우... 

  차는 구미에 있고 고지서는 고향으로 날아가니, 고향에서 연락이 제대로 이루어지지않을경우 같은장소에서 매번 딱지끊어서 고향에다가 돈내라는 방식,. 사채업자가 하는짓이랑 같은 맥락으로 비춰질지모릅니다.

차주소지로 고지서가 간다하나 같은장소에서 여러번,그것도 회사앞이라면 분명 차를 몰고다니는사람은 구미직장인 임에 분명한데 너무 하다는 생각입니다.

개선방안

   적어도 차를 몰고다니는 사람이 딱지 끊긴줄은 알수있게 스티커든 뭐든 표시를 해두거나

차량 정보를 통해서 고지서발송되었다는 걸 알려줘야 정당하다고 봅니다.",,,"1. 평소 시 교통행정에 많은 관심과 협조에 감사드립니다.

2. 민원인께서 제안하신 불법주.정차 단속시 CCTV  차량에 의해 단속된 차량에 대한 단속여부를 단속현장에서 즉시 알 수 있도록 조치해 달라는 제안에 대하여 우리시에서 긍정적으로 적극 검토하여 민원인들이 불법주.정차 단속여부를 즉시 알 수 있는 제도를 실시할 수 있도록 긍정적으로 검토하겠습니다.",20240125,NA
행정심판위원회위원들의 배정에서 공무원이 차지하는 비율이 너무 많네요,기타,,답변완료,2010-04-03,2010-04-08,국민권익위원회,"다음은 심판위원들의 배율입니다. 공무원이 하는 일을 심판하는 제도에서 공무원이 차지하는 비율이 민간인과 동수이면 공정성에 문제가 있는 것아닌가요? 

공무원1/3, 학계, 법조계 1/3, 시민단체 1/3로 하여야 하지 않을까요? 


라. 민간위촉위원이 과반수로 구성

      행정심판위원회는 공무원인 위원과 교수 또는 변호사인 민간위촉위원으로 구성되며, 민간위촉위원이 과반수로 구성되어 심판사건을 객관적이고 공정하게 처리 되도록 하고 있다.",,,"귀하의 제안에 감사드립니다. 귀하의 제안과 관련하여 혀내 행정심판법상에 규정된 행정심판위원회 구성에 대하여 알려드립니다.

 행정심판법 제7조 제5항에 따르면,


 행정심판위원회를 9명으로 할 경우 6명이상을 민간위원으로, 7명으로 구성할 경우  5명이상을 민간위원으로 구성토혹하고 있어 귀하께서 제안하고 있는 내용을 기 반영하고 있습니다. 다만 민간위원의 구성비율을 학계 법조계를 구분하여 일정부분을 규정하는 것은 위원회 운영상 어려울 것으로 보이며, 다양한 경력의 민간위원 위촉을 위해 법제7조 제4항에 자격요건을 제시하고 있다는 점을 알려드립니다.",20240125,NA
대한민국에 해피바이러스 감염을 시켰으면 좋겠습니다.,기타,,답변완료,2010-04-03,2010-04-07,국민권익위원회,"1. 현행제도 및 문제점


현 국민신문고의 이미지는 과거와는 달리 국민들에게 

여러가지로 친근감을 전해주고 있습니다. 

그러나 신문고는 실제 국민들에게 각종 민원 및, 제안에만 치중 및 인식

되어 있는 것 같습니다.

이같이 하루에도 수천명 이상의 국민들이 신문고를 접속을 하고 있습니다. 

요즘과 같이 힘든 시기에 좋은 이미지와 웃음, 그리고 작은 희망을 

전해 수 있는 수단 부분에 있어서는 아쉬움이 나타나고 있습니다.



2.개선방안


국민신문고의 ""해피바이러스 감염""이 될 수 있는 일명""칭찬릴레이""코너를

운영하는 것입니다.

언급했듯, 하루에도 수천명 이상의 국민들이 접속하고 있는 현황에 있어

국민신문고를 활성화 하며  친근감을 높여 찾고 싶은 신문고 이미지를

만들고, 이를 통해 더욱 질 높은 제안이 활발하게 일어나도록 유도하는 것입니다.

(단, 최근 신변보호 문제를 위해 글 내용상의 주인공은 익명으로 하며, 가능한 

선에서의 최대한의 생생한 칭찬의 글을 이어갈 수 있도록 도모해 나가는 것입니다

또, 칭찬의 글을 담은 사연은 각 행사 즉 , 지난 행사 예로 디자인대회에서의  

많은 제안들이 전시된 것과 같이 함께 전시를 해 놓아 해피바이러스를 더욱 

세계적으로  세계인들에게 알릴 수 있게 만들며, 때에 따라서 칭찬릴레이가 

성공적으로 4천만  국민에게 전파될 수 있도록 작은 시상도 함께 병행하며 시행을 

하는 것입니다.

또, 국민신문고에 우수 칭찬사연을 매달 하나이상의 글을 기재하여 국민들이

보고 공감하며 함께 나눌 수 있도록 만들어 가는 것입니다.)


4. 기대효과


많은 국민들이 접속하고 활동함에 따라 질 높은 국민신문고로써 변모할 것이며,

다가가기 힘든 이미지에서 언제든 찾아갈 수 있는 신문고 이미지로 높아질 것이고,

칭찬릴레이가 이어짐으로써 식어가는 국민들의 희망과, 웃음을 전해주어

삶에 있어서 좋은 단비 역활로  만들어 질 것입니다.


--작은 실천으로 큰 효과를 만들어 낼 수 있을 것입니다, --

우리 4천만 국민들에게 작은 희망과 웃음이 곧 국가 발전에 큰 기여를 할 

것이라 믿어 의심치 않습니다.

해피바이러스 만세! 대한민국 만세!",,,"1. 국민신문고에 대한 관심에 감사를 드리며, 귀하께서 신청하신 제안(1AB-1004-000663, 국민신문고 홈페이지에 칭찬릴레이 코너 신설 요청)

    에 대한  검토결과를 다음과 같이 알려드립니다.

2. 답변사항

 ○ 먼저, 국민신문고에 좋은 의견을 주셔서 감사를 드립니다, 국민신문고는 민원신청, 제안, 정책토론 등을 주기능으로 하는 홈페이지

      입니다, 현재로서는 칭찬릴레이 코너 신설계획이 없으나, 향후 개선계획 수립시 검토하도록 하겠습니다.

3. 제출하신 의견은 국민제안규정 제2조에 의거한 단순 건의에 해당하여 채택하지 않음을 양해하여 주시기 바랍니다.

4. 상기 내용 이외에 추가로 궁금하신 사항은 국민신문고담당관실 정진덕조사관(02-360-2750)에게 연락하여 주시기 바라며, 귀하와 귀하의

    가정에 건강과 행운이 항상 함께하기를 기원합니다. 끝.",20240125,NA
국민제안을 한것에 대한 답변내용을  이메일로 알릴경우..,기타,,답변완료,2010-03-31,2010-04-09,국민권익위원회,"국민제안내용의 답변을 이메일로 알릴경우 이메일을 매일 확인못하는 경우가 생기다 보면 어느덧 다른 이메일과 혼합되어서 확인못하는 경우가 발생되는것 같습니다. 

국민제안의 접수는 이메일로만 알려주시고 문자로는 안 알려주셔도 될것 같습니다만 답변내용은 정말 궁금하기까지 하거든요. 다른 여러 내용과 혼합되어지는 경우가 생기다보면 자칫잘못하다가는 나의 민원설문조사를 하여야 함에도 불구하고 기간이 지나감으로 인해 내가 적은 글에 대한 민원도 해결될수 없는 경우가 발생하는것 같습니다. 

늘 그것만 쳐다볼수도 없는 실정이다 보니 답변내용을 적었다는 것을 확인할수 있도록 유도하는 문자 알림서비스를 해 주시면 다시 재 검토후 그날은 이메일을 확인할수 있을것 같습니다.",,,"1. 국민신문고에 대한 관심에 감사를 드리며, 귀하께서 신청하신 제안(1AB-1003-009737, 국민제안 답변완료후 제안인이 답변내용을 확인할

    수 있다는 문자를 발송)에 대한 검토결과를 다음과 같이 알려드립니다.

2. 답변사항

  ○ 국민신문고에서 국민제안을 신청하시면 신청,접수,답변완료시 등록하신 휴대폰 또는 이메일로 처리상황을 알려드립니다, 답변이

       등록되었다는 메시지를 받으신후 답변내용을 확인코자 하시면 국민신문고로 로그인하여 해당 국민제안의 답변을 확인하실 수

       있습니다. 

3. 제출하신 의견은 국민제안규정 제2조에 의거한 단순 건의에 해당하여 채택하지 않음을 양해하여 주시기 바랍니다.

4. 상기 내용 이외에 추가로 궁금하신 사항은 국민신문고담당관실 정진덕조사관(02-360-2750)에게 연락하여 주시기 바라며, 귀하와 귀하의

     가정에 건강과 행운이 항상 함께하기를 기원합니다. 끝.",20240125,NA
일자리 창출건입니다,행정/자치/안전,일자리 창출 아이디어(2010.3.29).hwp,답변완료,2010-03-29,2013-01-29,서울특별시,사회적기업육성을 통한 일자리창출 아이디어 입니다,,,가사도우미 등의 사업을 통한 일자리창출 및 주민자치 중심의 지역사회공헌형 사회적기업 제도는 이미 시행중에 있습니다.,20240125,NA
사회복지수급자를 위한 표준리플렛 제작으로 통합안내서비스 활성화,식품/보건/복지/가족,,제안심사,2010-03-29,NA,보건복지부,"□ 현    황

   ○ 기초수급권자 신청시 관련복지사업 총괄안내 및 사회복지

       통합지원서비스사업안내 홍보지 제작 미흡 


 □ 문 제 점

   ○ 복지사업의 전반적인 내용에 대해 문의하고자 하는 

       민원인이 전화 및 재차 방문으로 민원 다수 증가


 □ 개선방안

   ○ 사회복지통합지원서비스 표준리플렛제작 및 안내

     - 광역, 지자체별 표준리플렛제작 방문서비스효율성제고


 □ 기대효과

   ○ 국민(수급자)의 알권리제공 및 사회복지서비스 향상

      - 통합지원서비스만족도향상",,,NA,20240125,NA
"서울시 저출산을 해결하고, 여성이 행복한 고품격 여행 프로젝트 정책",행정/자치/안전,서울시.jpg,답변완료,2010-03-28,2013-02-01,서울특별시,"지방자치단체의 품격차별과 향상을 위한 고품격 행복한 여성 복지정책 개발 


아이낳는 여성이 행복한 복지도시, 고품격 여행(여성이라 행복한) 프로젝트 정책. 



♣ 현행제도 


저출산 대책과 사회적 배려가 필요한 '임산부 all pass card""를 활용한 복지제도가 없음. 


저출산 문제와 인구정책의 체계적 관리를 위한 초기 임산부의 DB(DataBases) 화 시스템을 통한 체계적 관리와 맞춤형 관리 시스템이 없음. 


♣ 문제점 


1.경제적 부담과 사회활동의 불편. 

2.임산부에 대한 사회의 배려 미흡 (특히, 고령 임산부들의 부담). 

3.임신의 두려움. 

4.대중교통 이용시 임산부 배려가 없고, 증명할 방법도 배가 나와야만 확인이 가능해 초기 임산부(임신 1개월~5개월)의 태아관리 위험성에 대한 사회적 배려를 현실적으로 받기 어려움(임신초기 위험률이 높지만,,,). 

5.산모와 태아 건강상태를 주기적으로 쉽고, 편리하고, 지자체의 지원이라는 배려로 검진 받을수 있는 방안이 없었음. 

6.저출산 문제에 대한 관심에 비해 임산부의 체계적 관리시스템인 DB(DataBases) 화 시스템이 안되어 있음. 


♣ 개선방안 = 첨부 : 가칭 ""임산부 all pass card"" 형식그림 1매 


임산부 all pass card로 임신중인 임산부의 문화적 혜택과 사회활동보호, 임산부복지지원 정책으로 개발, 여성인 임산부가 편리하고 편안한 10개월의 사회적 배려가 있는 행복한 국가를 만들고, 이를 DB(DataBases) 화 시스템으로 선진적 관리와 맞춤형 복지 시스템으로 발전해야 합니다. 


가칭 '임산부 all pass card""의 기능은 


주소지의 주민자치센타에서 임신의 사실증명서를 제출하면 신청서 작성후 발행되며, 본인의 사진이 표시되고, 정부, 지자체의 인구정책의 정확한 파악과 임신 여성을 위한 임신기간 동안의 필요한 정보나, 복지 관리를 위한 DB(DataBases) 화 되어 체계적 관리가 됩니다. 


카드는 전자칩(교통, 병원, 문화시설의 이용시 필요한 장치)이 내장 되어 있으며, 임신 확인후 임신 기간인 10개월(2010. 1. 1 ~ 2010. 10. 31)의 기간이 명시 되어있어 임신 기간만 활용이 가능하며, 본인외 이용시 카드는 취소됩니다. (예산이 가능하다면, 장애인과 같은 보호자 1인까지 해택을 주면 더 좋겠습니다.) 


본 임산부 all pass card는 지자체가 저출산 문제를 해결하기 위해 시민인 임산부들에게 주는 최선의 임산부 여성이 행복한 지자체 복지카드가 될 것 입니다. 


정부지원과 지자체별 부여되는 혜택이 가능한 복지 혜택으로 지자체 예산의 정도에 따라 지자체와 선택적이고 탄력적으로 적용할 수 있으며, 임산부와 태아의 건강검진 2회(시, 군, 구, 국립병원과 저출산정책 참여병원), 대중교통의 무료이용(카드체크시 ""임산부입니다"" 라는 멘트가 나옴) - 열차와 항공은 50%혜택-정부지원)과 영화관람(정책 참여 영화사) 5회, 박물관및 관람시설 무료이용, 병원의 이용목적시 택시 50% 할인(카드택시이용시), 임신 8개월~10개월시 장애인택시 이용가능(카드에 임신기간이 표기되어 가능), 지자체 임산부all pass card 카드 발급자에게 간단한 임신 기념품이나 출산 기념품 지급(출산관련 기업의 출산정책 협찬 협의), 등록된 임산부에 SMS 문자서비스(황사, 일기예보, 기온, 안전의 내용과 관련 정책정보)-일기와 관련 서비스는 기상청(정부)에서 지원사업으로 채택 필요함, 줄서기, 오래서있기 곤란하거나 기다리기 힘든 임산부들과 태아의 건강을 지키기 위해 우선 입장이 가능토록 확인증의 역할도 하게 됩니다. (장애인 우선/ 임산부 우선입장 조레나 관계기관 협조필요) 


임산부 all pass card는 임산부들에게 임신한 기간동안의 사회적 배려와 지자체와 정부의 적극적인 지원이 압축된 임산부 종합복지 카드로써 지원이 가능한 범위의 혜택과 임산부의 확인이 가능토록 하기위한 행복한 배려의 카드입니다. 


* 지자체의 추진과 정부의 지원을 받도록 검토가 가능하며, 카드사와의 협력으로 임산부, 다둥이 세대를 위한 특화된 문화 혜택 카드를 개발하여 다양한 혜택이 생겨 나도록 지원하는 방안도 필요하다 생각 합니다. 


본 카드의 유효기간은 임신확인서에 기록된 임신주기를 포함 10개월로 유효기간이 주어지며 ,출산후 주민자치세타나 구청에 출산신고시 카드를 반납 받을수 있습니다. (유효기간이 지나면 자동 정지되도록 지정) 


첨부 : 임산부 all pass card 형식그림 1매 


♣ 기대효과 


1.시민인 임산부들의 지자체 행복한도시 여성프로젝트 정책 개발. 

2.임신이 표시나지 않는 임신부들의 대중교통 이용시 배려와 일상생활에서의 불편을 해소합니다. 

3.문화시설의 편리한 이용으로 태교와 건강에 도움을 줍니다. 

4.임산부들에게 즐거움과 혜택의 기쁨을 임신기간중 체감할 수 있습니다. 

5.공감하고 실효성있는 공감형 임산부 정책 개발. 

6.혜택을 받기위해 임신을 고려할 수 있는 정책으로 판단함. 

7.여성 생활공감 정책으로 시행. 

8.DB(DataBases) 화에 따른 정확한 통계와 체계적 관리체계 도입",,,"임신한 기간동안의 사회적 배려와 지자체와 정부의 적극적인 지원이 압축된 임산부 종합복지 카드로써 지원이 가능한 범위는

다양한 검토가 필요할 것으로 보이며 , 이는 정부와 지자체 재정뿐아니리 기업, 민간, 개인 등이 모두 관심과 협력이 필요한 분야로 보입니다.

향후 업무추진시 참고 필요",20240125,NA
공공기관 각종 콜센터 전화번호 안내 개선,기타,,답변완료,2010-03-26,2010-04-09,국민권익위원회,"현황 및 문제점 : 현재 각 공공기관에서는 각종 콜센터를 운영하고 있습니다.  이러한 콜센터

                             의 숫자만 해도 상당한것 같습니다. 

                             하지만 콜센터의 홍보 및 안내가 적정하지 못해 많은 사람들이 정보를 찾고

                             자 할때 어려움 이 있는것 같습니다.  관련 콜센터 홍보가 특정 기관만 눈에 

                             띄고 다른 기관들의 콜센터 안내 홍보등은 많이 미흡한것 같습니다.


개선방안 : 각 공공기관의 관련 콜센터를 a4크기의 홍보지를 만들어 그 안에 관련 공공기관 

                   콜센터 연락처를 각 각 기입하여 안내하는 문구를 만들어 대중교통 내부나 지하

                   철 역사 및 버스정류장등에 부착하여 시민들이 한눈에 알아 보고 이용할 수 있도

                   록 하거나, 관련 배너창을 만들어 각 공공기관 홈페이지 한쪽에 홍보를 하면 좋을

                  것 같습니다.


기대효과 : 공공기관에서 제공하는 콜센터 서비스의 활성화와 서비스를 받고자 하는 시민들

                   의 불편함 해소가 될것 같습니다.",,,"국민권익위원회에서는 국민이 복잡한 정부조직 및 전화번호(콜센터, 특수번호, 대표번호 등) 체계로 정부기관 전화민원서비스에 접근하는 과정에서 겪는 불편과 전화대기, 반복설명, 전화돌림 등으로 겪는 불편 획기적 개선하기 위하여 110 정부민원안내콜센터를 2007년 5월 10일부터 운영해오고 있습니다.


따라서 국민이 전국 어디서나 110 하나의 전화번호 만 기억하고 있으면 정부관련 모든 민원을 상담 안내 받을 수 있으며 각 공공기관의 담당자와 직접 연결을 원하면 110콜센터와 연계된 317개 기관(중앙행정기관, 지방자치단체, 지방교육청, 공공기관)의 업무담당자에게로 연결될 수 있습니다.


각 공공기관의 콜센터 전화번호를 홍보하는 것 보다는 110번을 적극 홍보하여 국민들이 행정서비스를 원활하게 제공받을 수 있도록 하는 것이 필요하다고 판단됩니다.",20240125,NA
원스톱 지원센타 확대,행정/자치/안전,,제안심사,2010-03-25,NA,경찰청,"현행제도 및 운영의 실태와 문제점:해가 거듭할수록 성범죄 피해자는 늘고있다.

그런반면 전문가의 도움이 필요한 원스톱 지원센타는 현재 전국 16곳에 불과하다.

개선내용:""구""마다 원스톱 지원센타 설치

개선시 기대효과:피해자가 신속하고 빠르게 대응 대처할수 있다.",,,NA,20240125,NA
버스(마을버스포함)의 순환버스 개념으로 변경,행정/자치/안전,5번 노선변경 요청.hwp,제안심사,2010-03-25,NA,강서구,"현행제도 및 운영의 실태와 문제점

전철노선이 개통이 되었는데 전철과 연계하지 않고 기존 노선으로 운영함으로 인해 가까운 전철역을 가지못하고 2-30분 걸려서 전철역을 가야하는 번거로움이 있다.(공항동 5번 마을버스 뿐만이 아니라 조사해 보면 불편함을 감수하고 시간을 소모하는 버스노선이 많을 것이다)


개선내용

버스(마을버스 포함)의 노선이 변화 된 교통환경(전철노선의 개통을 반영한)에 맞게 변경되었으면 한다.

첨부파일과 같이 순환노선으로 정비한다(예를 공항동 마을 버스로 하였음)

순환버스라고 하여 한방향으로 운행이 아니라 양쪽 방향을 모두 운행한다.


기대효과

* 버스를 이용하는 자들의 교통이용 편리 및 시간 절약

* 여러번 버스를 갈아타야하는 번거로움을 줄일 수 있음.

* 타 버스와의 원활한 환승효과 

* 양방향 모두 운행을 하기 때문에 빠르게 목적지 도착",,,NA,20240125,NA
원스톱지원,행정/자치/안전,,제안심사,2010-03-25,NA,경찰청,"실태:요즘 성범죄가 사회적으로 큰문제입니다.성범죄 예방법이나 범죄자들의관리문제등 명확한것이없습니다.성폭행을 당한 피해자들이 어떻게해야하는지에대해서도 무지합니다.    개선내용:원스톱지원센터가 6개밖에없다고합니다.구단위에 하나씩 원스톱지원센터를 개설하여 피해자들이 빠른시간에 도움을받을수있도록해주셨으면합니다. 그리고 원스톱지원센터에대하여 많은홍보가 필요하다고생각됩니다.     기대효과:원스톱지원센터에서히는일이 피해자에서 가해자의 DNA를 채취해주고,임신가능성이있을경우엔 약을주어 임신이되지않도록 해주신다고합니다.여경이있어 상담하기도편하고 24시간운영된다고합니다.미혼모도 줄어들고 범인도 잡을수있고 상담도받을수있어  피해여성들에겐 꼭 필요하다고생각됩니다.원스톱지원세터의수를늘려 많은 피해여성들이 도움을받기바랍니다.",,,NA,20240125,NA
단속차량  싸이렌소리.. // 우리말  단속을  제안합니다.,행정/자치/안전,,제안심사,2010-03-24,NA,남동구,"현행제도 및 운영의 실태와 문제점

도로 차량소통을 위해 불법 주정차차량을 단속하고 있습니다.

단속하는 과정에서 싸이렌 소리와 함께 번호판 번호를 불러 주지요..   길을 걷다가 갑자기 싸이렌소리를 옆에서 듣고 깜짝 놀라 옆을 보면 불법주정차 단속차량이었습니다.   두세번 싸이렌소리를 들으면 주변의 사람들은 단속차량으로 눈길이 쏠립니다. 그리고 한마디씩 하지요..  

이런 소음은 거리를 걷는 사람들은 물론 주변 상가에까지 영향을 미칩니다.  

불법 주정차 차량은 불법인줄 알면서도 도로에 방치해 놓은 개인의 책임이지요.  그 사람을 찾기 위해 요란한 싸이렌소리를 울린다면 불법차량을 세워놓은 한사람 때문에 더많은 사람들이 피해를 보는 //그것은 문제라고 생각합니다...  


개선내용

불법 주정차차량 요란한 싸이렌을 소리를  언어로 바꾸기를  제안합니다

""불법 주정차를 하지맙시다"" "" 이곳은 버스전용차선입니다"". "" 횡단보도나 코너부분에는 차량을 주차하지 맙시다""라는 등 상냥한 목소리로 단속한다면 홍보도 할수 있고 거리의 소음은 없겠지요..


개선시 기대효과

도로에 맞는 방송 문구로 인한 경각심 고취 및 거리의 소음 해결

불법차량에 대한 홍보 강화",,,NA,20240125,NA
국민신문고 로그인 시 비밀번호 입력시 불편함,기타,,답변완료,2010-03-22,2010-03-30,국민권익위원회,"국민신문고를 자주 이용하는 편은 아니지만 가끔 이용할때면 

불편함을 격는 사항이 있습니다

비밀번호 입력할때 입니다.

국민신문고 비밀번호는 대문자로 입력하게 되어 있습니다

그러나 아이디 입력시 소문자로 하기 때문에 그냥 입력하면 오류 메세지가 자꾸 나타납니다

이런 불편함 때문에 다른 홈페이지는 CAPS LOCK키가 작동 하란는 메세지가 나옵니다

국민신문고에도 그런 기능을 부여해 주시면 좋겠습니다.

저도 이런 일로 몇번 비밀번호를 수정한 터라 올립니다

간단하게 수정가능하다면 부탁드립니다",,,"1. 국민신문고에 대한 관심에 감사를 드리며, 귀하께서 신청하신 제안(1AB-1003-006936, 국민신문고 ID입력시 대문자로만 사용하기 때문에

     CAPS LOCK키가 작동하라는 메시지 기능 추가)에 대한 검토결과를 다음과 같이 알려드립니다.

 2. 답변사항

   ○ 국민신문고 사용시 ID는 현재 대문자, 소문자, 숫자 모두 사용할 수 있기에, 별도의 “CAPS LOCK키가 작동하라는 메시지 기능”은

       필요하지 않습니다만, 아이디 입력 오류발생시 문의하여 주시면, 친절히 안내드리겠습니다. 

 3. 제출하신 의견은 국민제안규정 제2조에 의거한 단순 건의에 해당하여 채택하지 않음을 양해하여 주시기 바랍니다.

 4. 상기 내용 이외에 추가로 궁금하신 사항은 국민신문고담당관실 정진덕조사관(02-360-2750)에게 연락하여 주시기 바라며, 귀하와

     귀하의 가정에 건강과 행운이 항상 함께하기를 기원합니다. 끝.",20240125,NA
음성(전화)으로 생활공감 정책 접수가 필요합니다.,기타,,답변완료,2010-03-22,2010-04-02,국민권익위원회,"음성(전화)으로 생활공감 정책 접수가 필요합니다.


정부홍보 : 이제 국민의 작은 소리를 큰소리로 듣기위한 정부민원 110콜에서 국민의 소리를 제안으로 받을수 있도록 하겠습니다.


불편하고 복잡해 하지못했던 생활공감 정잭제안!  이제 공감 110콜로 빠르고 쉽게 아이디어를 올려 주세요. 하면 좋겠습니다. 


♣현행제도


정부 종합민원 처리를 위해 110콜센타가 운영중이며, 제안사이트와 우편등으로 정책제안을 받고 있습니다.


♣운영의실태와 문제점


정부 110콜센타는 종합 민원이나 안내 위주로만 운영이 되고 있습니다.


컴퓨터나 우편으로 제안을 할 수 있으나 글쓰는 재주가 없는 분들이 많고, 장애인, 노령층과 소외계층의 분들이 쉽게 정부와 소통할 수 있는 음성제안접수 시스템이 없습니다.


전화 음성제안 시스템은 아이디어가 생각날 때 바로 바로 제안을 올릴수 있으나, 현제 정부 제안 시스템은 생활중 발생한 아이디어를 메모하기도 그렇고, 시간이 지나면 기억이 나지않아 잊어버리는 제안도 상당이 많습니다. 국민들이 생활을 하며, 또는 행정서비스를 받으며 순간 떠오른 아이디어나 정책의 문제점과 불편에 대한 혁신과제나 정책제안과 민원행정시스템의 개선제안, 현행문제점등등 국민이 체감하는 현장에서 제안을 바로 할 수 있는 코너가 사실 없습니다. 


음성(전화) 제안 110콜 시스템의 운영은 이러한 불편을 없애고, 정부와 국민의 빠른 소통의 새로운 서비스가 될 것 입니다. 


♣개선내용


정부의 생활공감 정책의 개발과 발전을 위하고, 생활공감 국민 제안에 있어 소외되는 국민이 없도록 하기 위한 정부민원 110콜센타의 체널에 국민제안 콜센타를 개설해 안내 멘트에 따라 제안을 음성으로 올릴수 있도록 하는 시스템으로 음성으로 접수된 제안은 담당부서로 보내지며 ,국민의 생생한 음성으로 정부에 정책제안을 올릴수 있도록 하는 시스템 입니다.


정부 생활공감 음성(전화) 정책제안 창구인  정부 포탈 110콜센타 전화시


멘트 : 생활공감정책 제안은 1번, 민원은 2번,,,,,(민원의 종류 구분 안내)을 누르세요. 


멘트 : 삐~~ 소리와 함께 제안기관을 ""행정안전부""  말해 주신후 다음 안내에 따라 제안을 등록해 주시면 감사하겠습니다. 


삐~~


멘트 : 제안하실 내용의 현행제도및 문제점을 말씀해 주신후 #을 누르세요.(제안의 등록중 다시 하시려면 * 를 누르세요)? 


멘트 : 제안하실 내용의 개선내용을 말씀해 주신후 #(등록)을 누르세요?


멘트 : 제안 내용의 기대효과를 말씀해 주신후 #(등록)을 누르세요?


멘트 감사합니다. 제안이 등록 되었습니다. 제안의 내용을 다시 들으시려면 1번, 등록은 2번을 누르세요?


멘트 : 제안을 재등록 하시려면 * 를,  서비스 처음은 #(등록)을 눌러주세요.


이렇듯 문서로 제안을 하지 못하는 분들과 집이나 직장, 일정 공간에 가서야 제안을 올릴수 있는 현 문제점을 개선하고, 생활화된 휴대폰과 전화를 이용한 제안의 접수는 국민과 정부의 빠르고, 새로운 소통 공간이 될 것으로 판단을 합니다.  또한 순간 떠오른 아이디어를 바로바로 접수시킬수 있는 방안이기도 합니다. 


제안이 접수된 해당기관의 검토결과 우수한 제안의 추천과 포상시 필요한 제안서는 요약제안서를 간단히 작성해 상급 기관으로 접수된 음성제안의 음성파일과 해당기관 담당자가 요약한 요약 제안서를 첨부해주면 현행 제도와 크게 다르지 않게 심사가 이루어질 수 있다고 생각 합니다.  


♣기대효과


1. 정부의 생활공감 정책 확대와 새로운 제안시스템 개발 

2. 국민들중 정책제안 참여의 소외계층에 대한 문제점 개선

3. 빠른 소통공간으로 발전

4. 생생한 국민 제안창구로 발전 

5. 국민서비스 개선효과",,,"1. 귀하께서 제안하신 국민제안(2AB-1003-009966)에 대한 회신입니다.


2. 귀하께서 국민신문고 국민제안코너를 통해 제안하신 내용은 ""110콜센터에 국민제안 콜센터를 개설하여 안내멘트에 따라 제안사항을 음성으로 접수하여 해당 기관・부서에서 처리토록 하는 시스템 신설""에 관한 사항으로 보여집니다.


3. 110콜센터는 정부민원과 관련한 종합적인 상담・안내서비스를 제공하고 있으며, 2009년부터 상담과정중에서 '제도개선 및 생활공감정책' 등을 적극적으로 발굴하여 해당 기관 및 부서에 제공하고 있습니다.

   ※ 참고 : http://korea.kr/newsWeb/pages/brief/partNews2/view.do?dataId=155416210&call_from=extlink&call_from=extlink


4. 다만, ""제안내용을 음성파일 형태로 접수하여 관련 기관・부서에서 처리하도록 하는 방식""은 관련 법,제도 및 정보시스템 구성환경 등을 고려하여 볼 때 현재로선 동 방식의 서비스 제공이 적절하지 않다고 사료되는 바, 귀하의 제안을 불채택하였음을 알려드립니다.


5. 국민권익위원회 110콜센터 업무에 관심을 가져 주신 것에 대해 감사드리며, 향후에도 110콜센터에서는 대국민 서비스를 개선하기 위해 지속적으로 노력하도록 하겠습니다.


6. 귀하의 건승과 귀댁에 행운이 함께 하기를 기원합니다. 감사합니다.",20240125,NA
국민권익위 업무 개선 요청의 건,기타,,답변완료,2010-03-22,2010-04-06,국민권익위원회,"1. 국민신문고 로그인 후 2건 이상의 민원에 대해서 이름, 주민번호, 메일, 주소 등 생략 하고 자동 입력하도록 하고 수정이 필요할 경우만 기록하도록 운영 개선 요청 합니다. 


2. 신문고 만족도 조사 하단에 추가답변을 요구한 경우 


첫째: 이곳을 이용하여 계속 추가 답변 받도록하고 

둘째: 반복 민원에 대해서는 법에 따라 3진아웃 하고

셋째: 불성실한 답변 3회의 경우 지휘감독자가 검토하고

넷째: 지도 받은 후 불성실한 답변자는 책임을 묻도록 공지하고

다섯째: 제도개선 등 법적사항으로 해결 안되는 경우오 불성실한 답변민원을 구분운영하여 주시기 바랍니다. 

여섯째: 국민신문고 권익위민원도 단순민원과 조사연구민원을 구분하여 단순 민원에 대해서는 답변 기간을 단축하여 주시기바랍니다.",,,"1. 국민신문고에 대한 관심에 감사를 드리며, 귀하께서 신청하신 제안(1AB-1003-006826, 국민신문고 로그인후 이름, 주민번호, 메일 등

    자동입력 기능 추가 등)에 대한 검토결과를 다음과 같이 알려드립니다.

2. 문의 및 답변사항

 ○ 국민신문고 로그인후 2건이상의 민원에 대해 이름, 주민번호, 메일, 주소 등 자동입력 기능추가

   - 회원가입후 로그인 하시면 이름, 주민번호, 메일, 주소 등이 자동입력되고 있습니다.

 ○ 신문고 만족도 조사하단에 추가답변을 요구한 경우 이곳을 이용하여 계속 추가 답변을 받을 수 있도록 하고

   - 현재 3회에 한하여 추가답변을 받을 수 있도록 운영하고 있습니다.

 ○ 반복 민원에 대해서는 법에 따라 3진아웃 제안

   - 국민신문고에서 반복민원을 배제하는 것은 또다른 민원을 야기할 우려가 많아 현재 고려하고 있지 않습니다.

 ○ 불성실한 답변 3회의 경우 지휘감독자가 검토, 지도받은후 불성실한 답변자는 책임을 묻도록 공지

   - 국민신문고로 신청한 모든 민원의 답변은 결재과정에서 면밀한 검토를 거쳐 답변하고 있고, 수시로 민원감사도 받고 있습니다.

 ○ 제도개선 등 법적사항으로 해결 안되는 경우와 불성실한 답변민원을 구분운영

   - 명확한 판단기준이 모호해 시스템상에서 적용하기에 어려울 것 같습니다.

 ○ 국민신문고 권익위 민원도 단순민원과 조사연구민원으로 구분하여 단순민원에 대해서는 답변 기간을 단축하여 주시기 바랍니다.

   - 현재 일반민원과 고충민원을 구분하여 운영하고 있습니다, 일반민원의 경우 답변기간이 7일 또는 14일 등으로 고충민원보다

      대폭 단축 운영하고 있습니다.

3. 제출하신 의견은 국민제안규정 제2조에 의거한 단순 건의에 해당하여 채택하지 않음을 양해하여 주시기 바랍니다.

4. 상기 내용 이외에 추가로 궁금하신 사항은 국민신문고담당관실 정진덕조사관(02-360-2750)에게 연락하여 주시기 바라며, 귀하와 귀하의

    가정에 건강과 행운이 항상 함께하기를 기원합니다. 끝.",20240125,NA
제안 신청 주소 및 연락처 자동 생성건,기타,,답변완료,2010-03-20,2010-03-30,국민권익위원회,"제안신청 할때마다 주소/ 메일/연락처 /주민등록번호등 반복하여 기록하는데

본인을 확인하면 제목과 내용을 작성할 수 있게 개선 해주세요

여간 번거로운 것이 아닙니다.

모든분들께 도움되길",,,"1. 국민신문고에 대한 관심에 감사를 드리며, 귀하께서 신청하신 제안(1AB-1003-006520, 국민신문고 제안신청시 주소,메일,연락처,

     주민등록번호등을 한번만 입력하도록 기능 추가)에 대한 검토결과를 다음과 같이 알려드립니다.

 2. 답변사항

   ○ 국민신문고 사용시 회원일 경우 로그인후 자동으로 성명,주민번호,메일,연락처 등이 입력되나 비회원일 경우에는 로그인 상태가

       아니기 때문에 시스템에서 인식하지 못하여 반복적으로 입력할 수밖에 없는점 양해하여 주시기 바라며, 기타 국민신문고 이용시

       불편한점 있으시면, 친절히 안내드리겠습니다. 

 3. 제출하신 의견은 국민제안규정 제2조에 의거한 단순 건의에 해당하여 채택하지 않음을 양해하여 주시기 바랍니다.

 4. 상기 내용 이외에 추가로 궁금하신 사항은 국민신문고담당관실 정진덕조사관(02-360-2750)에게 연락하여 주시기 바라며, 귀하와

     귀하의 가정에 건강과 행운이 항상 함께하기를 기원합니다. 끝.",20240125,NA
국민신문고 회원가입제도 개선,기타,,답변완료,2010-03-20,2010-03-30,국민권익위원회,"현행: 

국민신문고의 공개제안내용을 읽고 추천에 한표를 하려고 하면 회원으로 가입 후 로그인 하여야만 추천이 가능토록 되어 있음.

문제점: 

국민신문고의 회원대상은 전국민임. 

이름과 주민등록번호를 밝혀 본인임이 확인되면 제안도 받아주면서 

왜 공개제안을 보고 추천하려면 회원가입해야 하나요?

개선방안: 

본인확인되면 누구나 자유롭게 참여할 수 있도록 개선

기대효과:

참여방법 간소화

아이디 및 비번 등 외우기 불편해소",,,"1. 국민신문고에 대한 관심에 감사를 드리며, 귀하께서 신청하신 제안(1AB-1003-006442, 국민신문고 공개제안 추천시 회원이 아닌 경우에도

   추천할 수 있도록 기능 개선)에 대한 검토결과를 다음과 같이 알려드립니다.

2. 답변사항

 ○ 국민신문고 공개제안 추천시 동일인의 반복 추천을 방지하고자 회원 가입후 로그인 상태에서만 추천할 수 있습니다, 현재로서는

     비회원일 경우에도 추천할 수 있는 기능개선에 대한 계획은 없으나, 향후 기능개선시 검토하도록 하겠습니다. 

3. 제출하신 의견은 국민제안규정 제2조에 의거한 단순 건의에 해당하여 채택하지 않음을 양해하여 주시기 바랍니다.

4. 상기 내용 이외에 추가로 궁금하신 사항은 국민신문고담당관실 정진덕조사관(02-360-2750)에게 연락하여 주시기 바라며, 귀하와 귀하의

   가정에 건강과 행운이 항상 함께하기를 기원합니다. 끝.",20240125,NA
획기적 디자인의 금연 휴지통을 설치하자! ,행정/자치/안전,,답변완료,2010-03-19,2013-01-30,서울특별시,"서울의 젊음을 대표하는 강남역, 그 곳은 항상 사람들로 붐빕니다. 

외국인들에게도 강남은 잘 알려져 있지요. 

그런데 길거리에 쓰레기가 너무 많이 버려져 있습니다. 

특히 버스 중앙차선 정류장 중간 중간에 휴지통, 재떨이가 없어서 바닥은 담배꽁초와 쓰레기가 난무합니다. 도시미관을 해치고 환경오염도 심각할 뿐더러 서울의 이미지에도 치명타입니다. 

이에 제안합니다. 


1. 현행제도의 문제점

규정상, 법률적으로 금연구역이라 재떨이 설치가 제한되어 있으나 현실적으로 많은 사람들이 담배꽁초를 바닥에 버리고 있고, 이를 제재할 수 있는 방법이 없습니다. 


2. 개선내용 

담배꽁초를 버릴 수 있는 휴지통을 설치하되, 일반 휴지통의 모습이 아니라 다양한 음향효과나 멀티미디어 기법을 통해 담배의 유해함을 알리고 금연을 강조하는 디자인으로 설치함. 도시미관을 위해 통일되고 수려한 디자인요소를 가미하여 설치함. 

어느 정도의 강제성이 필요하므로 경찰 또는 시공무원의 스티커(벌금) 제도를 일정기간 병행하여 실시하는 것도 요구됨 


3. 개선 시 기대효과

휴지통의 개념을 바꾸어 캠페인과 도시미관을 함께 이끌어 낼 수 있는 구조물로 활용할 수 있고 금연문화의 확산에 도움을 줄 수 있음",,,"-  흡연구역을 점차 축소하는 추세이고  특히 버스정류장 등 다중이 모이는 장소에서는 금연구역을 점차로 확대해 가고 있으며, 

   담배꽁초로 인하여  휴지통 주변이 오히려 더 지져분해져 가는 현상이 발생하고 있으며,  대부분의 버스정류장에도

   휴지통이설치되어 있지만 주변에는 휴지통 유무와  관계없이 도로측구, 화단, 하수 맨홀에 대부분 투기가 되고 있는 것을  볼때 

   휴지통이 많거나 디자인이 요소를 가미한다고  해서 반드시 담배공초를 버리는 것이 줄어든다고는 할수 없으며 

   이는 담배를 피우는 사람들이  담배꽁초를 함부로 버리지 않는  시민의식이 선행되기 전까지는 어려운 문제라로 할 수 있음.

 따라서 현재는 담배꽁초를 함부로 버리는 부분에 대하여서는 무단투기  단속을 통한 과태료를 부과하고 있는 실정임.",20240125,NA
거주자우선주차에 대한 개선방안,행정/자치/안전,,제안심사,2010-03-18,NA,중랑구,"거주자 우선 주차에 대한 개선 방안을 제안 합니다.

현행 우선주차제는 계속적으로 거주하고 있는 실 거주자들의 차(우선주차 혜택을 받고 있는차)들로만 연장 운행되는 듯 합니다.

제가 지금 사는 곳으로 이사한지 2년이 다되어가도 전출자가 없다는 이유로 대기만 하고 있는 상황이지요.

간혹 자리가 생겼다는 전화에, 위치를 확인해보면 터무니 없이 먼곳들입니다.

결론은 자리를 한군데 배정받은 차량은 전출하기 전까지는 말 그대로 우선이 되는 혜택을 누리고 있는것이지요.

골목이 좁은 곳일수록 주차가 어렵다 보니 주민끼리의 자리싸움도 끊이질 않고, 어쩌다 떼이는 불법 주차 딱지도 1년이면 몇십만원이 넘어가 허리가 휘청합니다.

말로만 접수받는 신규신청 차량들의 접수방법을 정정하여 전체 상.하분기로 나누고 일괄 재신청을 하고, 우선순위를 정해서 장애인 차량과 생업용 저소득 차량을 1순위로 하고, 일반 차량은 선착순으로 정하는 것입니다.

그래서 새로 전입하는 차량과 주민들에게 균등한 기회를 주셨으면 좋겠습니다.",,,NA,20240125,NA
의병제 ,행정/자치/안전,,제안심사,2010-03-17,NA,의령군,"저는 의령에서 태어나 유년기를 보내고 지금은 창원에서 생활하고 있으며

아직도 고향 의령에는 유년시절 친구들이 많아서 1달에 2~3번 자주 고향을 찾아봅니다.

이번에도 의병제전을 평일에 하는걸로 알고 있는데요 의령을 알리고자 한다면 평일 보다는 주말이 좋지 않을까요? 제를 모시는 것은 날짜가 있지만 행사를 하는 날짜는 변경이 얼마든지 가능하지 않습니까? 평일에만 한다면 이것은 의령군민 자체의 축제가 될것입니다.  의령을 알리고자 한다면  평일 보다는 주말이 훨씬 좋지않을까 합니다. 많은 관련자분들이 많은 고심을 하여 결정 했겎지만 제가 볼때는 잘못된 방식이라 생각 됩니다.요즘은 각 지방마다 다양한 문화행사등으로 자기고장을 알리기에 급급한데 오히려 의령은 의령 사람만의 축제로만 끝낼 것인지요?가까운 진해를 보시면 얼마나 융통성이 있습니까? 제발 개선의 의지를 보여 주세요. 올릴곳이 마땅치 않아 여기에 올렸는데 합당한 답변을 요청 드립니다.",,,NA,20240125,NA
두가지 제안,식품/보건/복지/가족,,제안심사,2010-03-17,NA,보건복지부,"1. 기초생활수급자 부양의무자의 (아들) 부양비를 왜 30%나 적용시킵니까?

딸은 15%  공평하게 하시요

부양능력 미약에서  아들의 부양의무자의 부양비를 딸과 같이 15%로 하든가?

보건복지부 기초생활보장부서에서는  이상하게 머리를 틉니다

아들 부양의무자의 부양비를 딸과 똑같이 15%를 적용시키시길 바랍니다

당장 일부개정안을 내놓으세요    부양비를 10%로 하향조정하시길 바랍니다

아니면 부양비를 없애시길 바랍니다


2. 65세 이상자들의 기초수급자들은  왜 ?  진단서를 제출안시킵니까?

65세이상자들중 근로능력 있는자들이 수두룩 합니다

65세이상이면 기초노령연금 받는다고  그럽니까?  내가 지금 공개적으로 부정수급자 신고하고 싶은자들이  수두룩합니다  나이 78세  나이 72세 등등  영감들이  오토바이나 차량을

소유하고 몰고다니는데 있어 아주 건강하게 생활하는자들이 엄청나게 많습니다


이런자들이 여자를 데리고 삽니다  그러면서 보호1종으로 정부 보조금 받아가며 생활합니다

그여자들이 본처도 아니며 어디서 만나서 같이 거주하면서 등본상에는 영감혼자 되어있으면서(독거노인행세)  정부 생계비 받아쳐먹고 사는자들이 얼마나 많은줄 아십니까?

이거 일일히 실태조사해도 못잡아 냅니다  몸만 같이 사니 말입니다



차도 소유하고 있으면서  타인 명의로 바꿔가지고 차량을 가지고 있습니다

65세 이상자들도 무조건적으로 근로능력 진단서를 제출받아서 근로능력유무를 따져야 합니다

65세이상은 노인들이라고 무조건적으로 근로무능력자로 분류시키는데 이거 아주 잘못된것입니다  젊은사람들처럼 펄펄한자들이 수두룩합니다 그러면서 진단서 없이 소득및 재산기준이하이면  보호1종으로 수급자 보호 합니다


대책을 강구하시요  65세 이상자들중 기초생활수급자 보호1종으로 보호받는자들은 근로능력진단서를 제출받아 똑같이 2차적으로 구청공무원에게 근로능력활동평가를 받게 해야 합니다

노인네들이 얼마나 잔머리를 쓰는줄 아십니까?  

내가 예를 하나드리지요

예) 실제 이런자가 있음  나이 71세 남자  보호1종으로 수급자로 영구임대에 거주함 

오토바이도 타고 다니면서  아주 건강한 상태   본처도 아닌 어떤 50중후반 되는 여자와 같이거주함   근데 이여자는 등본상 영감과 주거가 같이되어 있지 않음 따로되어 있음 


등본상에는 노인네 혼자 단독세대로 되어 있음  몸만 같이 살면서 여자는 소득활동을 합니다

여자는 당연히 수급자가 아니지요 소득활동을  하니 말입니다

그러면 이여자의 소득과 영감혼자 나오는 생계비가 합쳐서 얼마가 되겠습니까?

당연지사 부정수급자입니다  이런케이스도 있습니다

이런케이스를 일일히 적발하지 못합니다 


노인네들이 잔머리 쓰는것을 보면  대단합니다  말이 노인이지  젊은사람 뺨치는 경우입니다

65세 이상의 노인들도 진단서를 제출받아서 진짜 근로능력이 있는지 없는지 여부를 파악하여

수급자로 지정시키시길  바랍니다

18세-64세까지만 진단서 첨부시키어 근로능력 평가를 하지말고  65세 이상자들도 진단서 첨부시켜서 형평성에 맞게 2차적으로 근로능력활동평가를 하여 보호 지정하시길 바랍니다

이거 그만큼 문제가 많기에 제안하는것입니다

복지부에서는 이제안을 받아들이지않고 심의를 하지않으면 복지보조금 줄줄새는것입니다

어느조직이나 어느사회에서든지 부정부패는 존재하며 부정이 없어지지 않습니다

젊은사람이나 나이든 사람들이나 형평성에 맞게 지침을 만드시길 바랍니다


그리고 아들의 부양비 기준 30% 이거? 딸과같이 15%로 하시든가 아니면

폐지시키세요 부양의무자의 부양비 산출기준때문에  진짜 불쌍한 사람들이  기초수급자로 보호받지못하고  탈락하는 경우가  많습니다

강력하게 제안드립니다",,,NA,20240125,NA
부산여중생사건과 민방위 비상소집을 다녀와서.,행정/자치/안전,,제안심사,2010-03-16,NA,경찰청,"안녕하세요.

부산여중생사건에 맘이 아픈 시민입니다..


이사건에 충격을 받고......

오늘 민방위 비상소집을 다녀와서 생각이 나서 제안을 합니다.


민방위교육 4년차 까지인지 5년차 까지인지는 정확하게 모르지만...

4시간짜리 교육을 받는걸루 알고있습니다..

저도 교육을 받아봐서 알지만..도움이 되는것두 있고...

매번 받는교육도 있구 해서 짜증이 날때두 있었습니다..


불현듯 생각이 난건데....

이번 부산여중생 사건에 경찰이 ""실종신고를 받은 당일엔 지구대와 방범순찰대 일부 경력으로 수색하다 보니 한계가 있었다""라도 보도한 자료를 보고 

이러한 인력부족을 느끼는 경찰과 지역여건을 잘 파악하고 있는 민방위대가..

협력하면 조금이나마 나을듯 싶네요.


실종신고등 경찰이 인력부족을 느낄때..지역 주민의 협조로 사건을 조기에 해결 할수 있는 사안에 대해서 경찰서장이 그지역 여건을 잘 파악하고있는 민방위대나 지역 예비군에 협조를 요청하면 민방위대나 지역 예비군의 비상연락망을 통해 수색인원을 민방위 교육이나 예비군 훈련 시간을 대체하여(자발적참여-그래야 도움이 될듯) 수색에 도움이 되면.... 조금이나마  도움이 되지않을까하고 생각이 듭니다.


과다한 업무로 피로한 상태에서..두서없이 적었습니다.

감사합니다..",,,NA,20240125,NA
인천시 행복상담원,행정/자치/안전,,제안심사,2010-03-15,NA,인천광역시,"현행제도: 인천광역시 행복상담원

               인청 시청에서 각 구별 행복 상담원을 양성하여 각 구로 발령을 내어 각 구별로 동 주민센터에 배치

               하는 사업이다. 

하는일: 행복상담원 양성 교육을 실시하여 현장에서 뛰어 행복 상담원 자격으로 지역자원을 개발하고 활용하

           는 사업니다. 동주민센터에 일원으로 근무하면서 기초수급자, 차상위계층, 일반인, 독거노인, 아동사

           례관리를 통하여 그들이 사회에 당당하게 설수 있도록 도와주며, 수급자도 아니며, 차상위도 아니면서

           조손가정 등 그 범주에서 벗어나서 힘들게 하루하루를 연명해 나가는 분들을 위해서 진실로 발로 뛰는

           현장직원이다. 전국적으로 인천만이 갖는 특색 사업중의 하나이기도 하다. 이렇게 좋은 사업을 인천의

           자랑으로 여기면서 활동하시는 선생님들께 진심으로 감사와 노고에 박수를 보냅니다.

문제점: 인천시 행복상담원의 자격기준이 사회복지사 자격증 소지자 또는 교육과 졸업생, 사회복지학과와

            관련하여 고학력을 가지신 분들을 선발하여 엄격한 심의를 거쳐서 교육생을 양성합니다. 이점은 

            인천시의 세심함에 칭찬을 아끼지 않습니다.

            그런 고학력자를 꼭 필요한 곳에서 이렇듯 활동하는 사업이 인천시만의 특색 사업이 아닌 전국적으로

            필요하리라 봅니다. 동 주민들의 이곳저곳을 잘 살펴서 필요한 정보와 자원을 활용하여 그들이 필요

            욕구에 충족을 위해서 애쓰고 있습니다.

            예를 들어 1.청소년 교복지원  2. 소외된 계층 학비지원 3. 아동 상담 4. 미성년자 아이들 상담치료 알

                             선 5. 소외된 노인분들께 친구가 6. 장애인 가족에게는 상담을 통한 교육을 다야한 관계에

                             서 그들과 친해지고 가까이 가고 있습니다.

             그 외 더 많은 상담들이 있지만 생략합니다.

            매년 초에는 워크샵을 열어 행복상담원의 사기를 드 높이고 매회 2박3일간의 보수교육이 있으며 매년

            말 평가회가 열립니다. 이처럼 많은 일을 하는 인천 시청에서 예산이 부족하다는 이유로 1주일에 3회 

           1일 4시간 근무가 원칙입니다. 그렇기때문에 1인 2직업을 가져야 하는 상황이기도 합니다. 꼭 돈을 벌

           어야 하는거라기보단 매일매일 동주민센터에서 근무할 수 있는 여유를 갖도록 도와 주십시요.

           물론 보수도 33만원 . 놀라셨지요?  고학력의 지도자들이 이 정도의 보수를 받고 봉사하는 마음으로 

           발로 뛰고 있습니다. 상담원 보수는 그저 교통비에 쓰면 딱 맞습니다. 예산이 적어서 그냥 이대로 준수

           해야 한다는 것입니다. 이제는 변해야 합니다. 사회가 이렇게 소외되어 가는데 우리 상담원을 적극적

           활용해야 한다고 봅니다.  위기사례관리를  위하여 구청에서는 사회복지사3명씩을 전담 복지사로 앉

          혔습니다. 그렇다면 행복상담원을 위한 배려는 왜 못하는 것이지? 저희들이 하는 일이 얼마나 관에 꼭 

          도움이 된다는 것을 알기에 보수교육도 하는 것이 아닙니까? 사회복지사가 할 수 없는 일들을 행복상

          담원이 하고 있습니다.

          인천시의 무궁한 발전을 위해서도............. 전국의 소외된 계층을 위해서도 꼭 필요한 사업입니다.

개선시 기대효과:

                        "" 행복상담원 동주민센터에 상주하다""  이렇게만 된다면 주민센터 직원과 더불어 함께 소외

                         된 사람들의 욕구를 위해서 자원을 활용하고 연계하여 욕구에 만족할 수 있는 그들이 될 것

                         이며, 행복상담원의 직업에 사명감을 가지고 또다른 직업을 창출한다기 보다는 이 직업의

                         전문가가 되도록 상담원 스스로가 노력할 것입니다.  사회복지 예산이 줄었다고들 하지만 

                         꼭 그렇지 만도 않습니다. 인천시에서는 행복상담원 활동이 8년째 이어지고 있습니다. 

                         이렇게 장기적인 사업을 한다는 것은 행복상담원이 꼭 필요한 곳에서 꼭 필요한 곳을 긁어

                         주며 담아주는 그릇이기 때문입니다. 부디 이 사업이 전국적으로 확산되기 위해서는 행복상

                         원들의 처우개선이 최우선이 되어야 할것이다.  직업적인 대우가 우선시 되어야 더더욱 인천

                         시가 발전할 것이 아닌가?",,,NA,20240125,NA
나도 한마디...........,기타,,답변완료,2010-03-14,2010-03-19,국민권익위원회,"저는 이곳을 이용하여 공무원님들의 업무태도 또는 담당 관공서에서당연히 하여야  할 

업무인데도 온갖 변명으로 일관하여 저 개인이 이곳 관공서를 상대로 하기가 버거울때면

이곳을 찾곤 하였읍니다


헌데 이곳을 찾을때만다 느끼는 불편한점이 있기에 이제사 글을 올립니다


어느인터넷홈피던 개인의 정보만 입력하면 관람할수 있는데  유독 이곳 신문고만이 개인정보와 더불어 민원인 신청번호까지 입력하라는 번거러움을 주고 있읍니다


비공개문서만 민원번호를 입력하라는것은 납득이가나 개인정보를 포함하여 민원번호까지

입력하라는 것은  많은 시간을 허비하라는 꼴밖에 않되는 현실과 동떨어진 처사라 사료

됩니다


민원을 제기하였는데 오랜시간이 흘러갔 을때는 그 번호를 기억하기도 힘이 들뿐더러

기억하지 못하면  자신의 민원처리를 보지말라는 것 인지.


국가에서 하는 일은 이렇듯 모든 행정처리를  번거롬게하여 처리하여야만이 되는지 의구심이 들며 도저히  납득이 가질않읍니다


말로는 민원처리를 간소화한다고 밤낮으로 떠들면서 간소화한다는것이 이렇듯 민원처리

과정을 보는데도 이렇게 번거울진데 다른일은 어떠하겠읍니까


이렇듯 말과 행동이 다른 정부를 어찌믿고 살수 있을까요


정부에서는 되도록 말과 행동이 일치할수있게 구시대의 사고방식을 제 개편하여주시기를 바랍니다 




이점 참작하시여 개인 민원은 당사자만에 정보만 가지고도 열람할수 있는 시스템을

구축하여 주셨으면 합니다",,,"○ 국민신문고에 신청한 민원, 제안 등에 대한 답변은“공공기관의 개인정보에 관한 법률”등에 의하여 신청인만이 열람할 수

     있도록 본인확인, 신청번호 확인 등의 절차를 밟도록 하였으니, 번거로우시더라도 양해하여 주시기 바라며,

 ○ 신청번호가 기억나지 않을 경우에는 “통보방법”과 “기간”을 선택하신후 신청버튼을 클릭하시면 민원신청시 입력하신 휴대전화

     혹은 이메일로 희망하는 기간 동안의 민원신청번호를 안내해 드리게 되어 있습니다.",20240125,NA
사회복지 요원 외근시 이동 통신요금지원 ,행정/자치/안전,,답변완료,2010-03-12,2013-01-31,서울특별시,"사회복지 요원 외근시 이동 통신요금지원 

참고:   서울시에다가  올리니 보건가족 복지부로  이동시키지마세요

그래서 재차올립니다  이것은 서울시 복지요원들이  공익일하며

핸드폰요금 자부담해서 올리니 검토해서  자비부담에서  공금부담으로

전환하라는  제안입니다  건의가 아닙니다



현행제도 및 운영의 실태와 문제점: 제가 체험한 일입니다 

사회복지사와 함께 재가 서비스를 갔는데 복지사 개인의 휴대폰으로 

전화를 하고있습니다 그것도 10건 이상입니다 개인에게 전화요금 부가 시키는제도 

복지부에서 개선하여야 합니다 


개선내용: 복지관 아니라 복지분야 주간 보호센터 장애인 차량이동 서비스등 

각종 공적일에 담당 단체 출장용 핸드폰을 3개가량 배치하여 

출장시 공적인일에 전화 걸어 일꾼들 자비의 통신용금을 물지 않도록 해야 합니다 

집위치가 어디야 안부전화며 문이잠겨 있으면 식수배달은 어따놓고 가냐등 

이동통신요금 꽤 많이 나옵니다 월급은 많지 않은데 전화요금이 부담됩니다 

그래서 복지관이나 노인복지센터 복지사업단체에 사업장에 2,3대의 사업장용 핸드폰을 

구입하여 갖추었야 합니다 


기대효과: 지금까지 복지사나 복지업무 외근시 고용인 개인이 공적일로 통신요금 물던 

것을 공공기관 사업장에 2,3대 배치하여 이동전화를 사용케함으로 복지실무자들에게 

요금이 발생하지않아 기분좋은 서비스가 일어나리라 봅니다",,,"백병엽님 안녕하십니까!

현장근무 사회복지사의 이동통신요금 지원에 대한 의견 감사합니다.

일부 복지기관에서는 현장근무가 잦은 근무자에 대해서 공동용 이동전화를 지원해주고 있으며, 현재 전면적인 지원은 없는 것이 현실입니다.

귀하의 소중한 의견을 지속적으로 검토하여 사회복지사 및 사회복지업무를 수행하는 분들의 처우개선으로 보다 질 높은 복지서비스를 제공할 수 있도록 최선을 다하겠습니다.",20240125,NA
"제안 신청 공개,비공개 여부는 신청자 의사에 맏겨야... ",기타,,답변완료,2010-03-11,2010-03-29,국민권익위원회,"국민신문고에 제안신청이나 민원사항을 국민이 다같이 알권리가 있어

공개로 신청한 민원을 국민신고에서 임의로 비공개로 전환하는것은

바람직 하지 않다고 생각합니다. 혹,정부에 잘못을 숨기고 국민으로부터

비판받을까 두려워서 인가요?

잘못이 있으면 비판도 심판도 당연 받아야 된다고 생각되어

공개, 비공개 여부는 신청자 의사에 맏겨주시길 건의드립니다.",,,"1. 국민신문고에 대한 관심에 감사를 드리며, 귀하께서 신청하신 제안(1AB-1003-003515, 민원 및 국민제안 신청시 공개여부를 신청자에게

     판단하도록 개선)에 대한 검토결과를 다음과 같이 알려드립니다.

 2. 답변사항

   ○ 날로 증가 하고 있는 개인정보 관련 범죄 및 명예훼손 등을 사전에 방지하고자 국민신문고에 신청한 민원, 제안 등의 내용에 개인

       정보,욕설,비방, 광고글 등이 포함되어 있을 경우에는“공공기관 개인정보에 관한 법률”등에 의하여 공개로 신청하였더라도 비공개

       로 전환하고 있으니, 양해하여 주시기 바랍니다.

 3. 제출하신 의견은 국민제안규정 제2조에 의거한 단순 건의에 해당하여 채택하지 않음을 양해하여 주시기 바랍니다.

 4. 상기 내용 이외에 추가로 궁금하신 사항은 국민신문고담당관실 정진덕조사관(02-360-2750)에게 연락하여 주시기 바라며, 귀하와 귀하의

     가정에 건강과 행운이 항상 함께하기를 기원합니다. 끝.",20240125,NA
"국민제안(공개제안, 공모제안) 신청자의 개인정보보호 개선",기타,,답변완료,2010-03-10,2010-03-23,국민권익위원회,"국민제안 사이트내의 공개제안과 우수제안을 열람 중 개인정보가 노출되어있는 글들이 많이 있어 보완을 요청합니다.


- 문제점 :  제안내용과 첨부파일에 개인정보가 포함된 글들이 그대로 노출되어 있음.

 현재 공개제안 신청 시 제안 내용란에 “공개제안을 신청하실 경우, 본문과 첨부파일에 주민등록번호 등 귀하의 개인정보가 포함되지 않도록 유의하여 주십시오.”란 경고문구가 표시되나 글씨가 눈에 뛰지 않고 내용을 적기위해 마우스를 클릭하면 경고문구가 사라져 버려 제안신청자가 본인의 개인정보가 노출된다는 사실을 인지하기 어려움,  특히 공모제안의 경우 제안주관부서의 제안신청양식을 첨부하여 제안을 신청할 경우 제안자의 성명, 주소, 전화번호, 이메일 등의 개인정보가 보호되지 않고 그대로 노출됨


- 개선방안 : ① 현재 제안내용과 첨부파일에 개인정보가 포함되어 있는 글들은 파악하여 신속히 개인정보를 삭제

② 제안 내용란 보완 

- 경구문구를 쉽게 눈에 띄는 글씨체와 크기로 바꾸고, 마우스를 클릭하여도 사라지지 않고 계속 남아 있도록 변경하거나 제안내용을 모두 작성하고 기관선택을 하기 전 개인정보 보호에 관한 경고문구가 팝업창으로 뜨도록 조치

- 제안내용 작성란 보완 : 제안 내용이 작성란을 초과할 경우 스크롤바가 생성되나 작성중인 글자 위치에 화면이 배치되지 않아 워드프로그램에서 글을 작성 후 붙여넣기를 하거나 첨부파일로 등록 하게 됨

③ 공개제안이나 공모제안 신청글을 담당자 배정 전 까지는 사이트에서 검색하지 못하게 하고 담당자가 제안내용과 첨부파일을 확인한 후 개인정보를 삭제하여 사이트에 공개",,,"○ 현재 제안내용과 첨부파일에 개인정보가 포함되어 있는 글들을 파악하여 신속히 개인정보를 삭제

  - 국민제안에 등록된 내용에 대한 개인정보보호에 더욱 만전을 기하겠으며, 개인정보 발견시 즉시 비공개 조치토록 하겠습니다.

○ 제안내용란 개인정보보호 경고 문구 보완

  - 향후 기능개선시 참고토록 하겠습니다.

○ 공개제안이나 공모제안 신청글에 대한 개인정보 확인 후 공개

  - 현재 국민제안글에 대하여 실시간 내용 확인후 개인정보 포함시 즉시 비공개로 전환하고 있는 관제운영을 철저히 하겠습니다.",20240125,NA
존경하는 대통님께 올림니다    (4대강과 케이블카),행정/자치/안전,,답변완료,2010-03-09,2013-01-24,서울특별시,"4대강은 사업은 언젠가는 해야할 사업입니다

하지만 저는 섬진강 강가에서 태어나 줄곳 백사장에서 뛰어놀며 달리기 연습하고 자란 세대입니다 그런데 지금은 아님니다

수중보을 설치하여 농업용수를 확보한다며 설치한 수중보때문에 지금은 모래는커녕 큰돌과 우거진 풀로 강물이 제대로 흐르지못합니다

단연컨대 수중보는 만들지 말고 강뚝을 허물어 옛날처럼 물이 넓게 굽이처 흐르게하여주십시요 대통령님 논과 밭이없어 식량이 부족할때는 농사지으려고뚝을쌓고 강을 좁협지만 지금은 식량도 많고 하니 강물을 원래 모습대로 흐르게하여주십시요 직선보다 굽이치게말입니다 그래야 물의 속도도 느리고 홍수로  인한피해도 적습니다 자연그대로 복원하여 강물의 흐름만 느리게 굽이굽이처서 내려가게 해주세요 강바닦이 온통 돌과 잡초밭이되어있습니다

굽이쳐야 굽어지는곳에 백사장도 생기고 합니다

현재 남아있는 모래는 채취해서 골재로 사용하시면 절대 안됩니다

다시 강가 어귀에다 채워서 옛날의 백사장들을 만들어 주세요

하동처럼 안동의 하회마을앞 강처럼 백사장이 넘실대는 그런강을 말입니다

존경하는 대통령님 마음은 바쁘지만 땜과 보는 설치하지마세요 그리고 강을 살려내세요

후세에 존경받고 국민이 흐뭇하게 강가에서 생각합니다

백사장의 모래는 인간의 마음입니다

뛰어놀고 거닐고 백중에 모래찜질하고 하는 자연을 살려주세요

건강하시구요 나라생각에 잠못이룬 밤이 수없이 많으시겠지만 강물은 한번 막으면 영원히 썩어갑니다

한강도 보기에는 좋지만 속으로 들어가보면 썪어가는 뻘이되어 있습니다

잠수하는 친구가 한강은 속이 더러워서 잠수을 못하겠다고 합니다

그리고 지리산 땜 하지마세요 

안개때문에 생태계가 파손되고 경관을 볼수없습니다

중국의 등소평처럼 노약자나 어린이들이 구경할수있게 케이블카 설치을 해주세요

설악산 공능능선도 구경못하고 죽은자가 많습니다

한라산 지리산 설악산  북한산 명산들은젊은 사람만 다니는곳이되어버렸습니다

저는 산을 좋아서 산행많이 합니다

중국은 등소평의 한마디로 전국을 노약자을 위한 케이블카가 있습니다

부디 임기안에 케이블카 설치해서 외국인들도 한두신간에 구경할수 있도록 해주세요

이것이 대통령의 업적에 길이길이 남을것입니다

자연도 훼손되지않구요 한번 설치하면 깨끗하게 산이 보존됩니다

북한산도 도봉산도 두곳만 설치하면 자연은 온국민의 것입니다

이글이 꼭 대통령님의 마음에 와다아서 온국민이 감동하는 날이 오길 기도합니다

건강하십시요

이글을 대통령님께서 꼭보시길 기도기도 합니다

대통령님을 좋아하는 김상원 올림니다",,,"시스템 오류로 답변이 늦어진 것에 대해 양해 말씀 드립니다. 

제안하신 내용을 검토해 본 바, 산에 케이블카 설치는 자연환경 파괴로 인한 반대의견이 많고 현제 북한산과 도봉산은 많은 등산객이 자유롭게 이용하고 있으므로 케이블카의 설치 필요성이 적은것으로 판단됩니다.

제안 감사합니다.",20240125,NA
민원서류발급문제점(기초생활수급자증명서),식품/보건/복지/가족,,제안심사,2010-03-08,NA,보건복지부,"기초생활수급자 중에는 거동이 불편하거나 신체적으로 붚편한 수급자들 입니다. 

친인척도 별로 없고 주변분들도 어려운 사람이 많아 여러가지로 어렵습니다. 기초생활수급자증명서 발급이 본인 및 가족관계만이  발급이 한정되어 필요할때  먼 친적도 발급이 어려워 민원서류 발급 운영에 역행하고 있다고 봅니다.

전자민원 발급도 본인인증을 받아야 서류가 발급되니 제도가 있으나 마나 입니다.

필요할때 발급 받을수 있는 운영의 개선 ( 예:주민등록 발급날자로 인증 받고 발급 받을수 있는제도)을 요구 합니다.",,,NA,20240125,NA
"서빙고동 , 동빙고동을 지날 때마다 아쉬운 것이 있습니다  ",행정/자치/안전,,답변완료,2010-03-07,2013-01-15,서울특별시,"저는  서빙고 역 이나  서빙고동,  동빙고동 을 지날 때마다  큰 아쉬움이 있습니다.


조상의 얼을 살리는 문화재 복원사업이 여러 곳에서 진행 중인데요 

여러 가지 역사적 가치가 있는 문화재 등을 복원하면서 

왜 ?  옛날 전기도 없던 시절 대단한 과학이  깃들여 있는  얼음 창고인 

빙고(氷庫)는 왜 복원을 안 하는지...?  궁금했습니다. 


조선시대 때  한겨울 꽁꽁 언 한강의 얼음을 채집하여 저장했다가 왕 이나 귀빈들 접대에 

사용하던 냉동고- 

동빙고(지금의 옥수동 )  , 서빙고  그리고 궁궐 안에는 내빙고가  있었다고 합니다. 

그리고 각  지방에서는 별도로 빙고(氷庫)를 만들어 사용했다고 하고 빙고(氷庫)에 보관했던 

얼음은 귀빈등 손님접대,  임금님수라 ,  제사  그리고 환자들이나  죄수들에게도 사용 했다고 합니다. 


과학적인 원리나 구조적인 특징 등은 지금 자라나는 꿈나무 과학도들에게도  대단한 교육이 될 

것입니다.


물론 남쪽지방에 가면 안동,  현풍, 창녕, 경주 등 에 석빙고가 있습니다만  수도권에는 없는 것으로 

압니다.   우리 조상의 얼이 가장 많이 남아 숨 쉬는 수도 서울에 서빙고동 , 동빙고동이 있는데 

이곳의 석빙고를 복원했으면 좋겠습니다. 


원래 서빙고의 자리는 현재의 미국부대 영내 (둔지산) 이지만 역사적 가치를 생각해서 그 땅을 

환원 받아 복원을 해야 한다는 생각입니다.  원래의 터가 거의 이태원 방향 도로 쪽이니까 가능 할 

것 같습니다.   서빙고가 여의치 않으면 동빙고를 복원하면 됩니다.  


서빙고가 있던 자리 바로 옆은 국립중앙박물관이 있습니다. 

국내 최대의  자료를 보관한 국립중앙박물관인데 바로 옆에 역사적 가치와 과학적 가치가 큰 빙고가 

없다는 것이 유감입니다.  경상도 지방까지 가지 않아도 서울 도심에서 조상들의 현명함을 배울 수 

있는 빙고(氷庫)가 복원되기를 청 합니다 .",,,"신정애님, 안녕하십니까 

우선 시스템상 오류로 신정애님의 제안사항에 대한 처리가 늦어지게 된 점에 대하여 진심으로 사과의 말씀을 드립니다.

동빙고와 서빙고 복원에 대하여 좋은 의견을 주셔서 감사합니다.

현재 동빙고와 서빙고의 개략적인 위치는 알 수 있으나 정확한 위치와 규모, 형태는 불분명하며, 사료도 많이 남아 있지 않은 상황입니다. 따라서 장기적인 조사를 통해 원위치와 원형을 확인한 후에 복원에 대한 검토를 할 수 있음을 알려드립니다. 우리 역사와 문화유산에 대하여 깊은 관심을 가져 주셔서 감사합니다.",20240125,NA
현수막 전자인증에 따른 인쇄용인증서와 수거기간의 기록 의무화. ,행정/자치/안전,현수막인증 표기위무화.jpg,답변완료,2010-03-06,2013-01-21,태안군,"현수막 전자인증에 따른 인쇄용인증서와 수거기간의 기록 의무화. 


♣ 현행제도 


1. 현수막 표시방법은 옥외광고물등 관리법 시행령 제30조의2에 따라 자치단체에 위임되어 <시군구 조례>에서 표시방법을 규정하고 있고, 자치단체마다 조금씩 규정이 다른것으로 알고 있습니다. 


2. 규정에 따라 해당 시군구청의 승인을 받아 설치한 게시시설에 한하여 설치하고자 하는 현수막을 관할 시군구청에 신고 후 설치할 수 있음 


3. 위반시 처벌규정 

- 불법 현수막 설치시 500만원 이하 과태료 부과(옥외광고물등 관리법 제20조) 

- 시장군수구청장은 불법 광고물 철거명령에 불응할 경우 해당 광고물과 관련된 영업허가 취소를 관련 행정기관에 요청할 수 있음(옥외광고물등 관리법 제13조) 


4. 선거 등에 활용코자 일시적으로 설치한 현수막 게시시설 등은 옥외광고물법 제 


3조 및 제4조의 적용이 배제됨 

- 옥외광고물등 관리법 제8조에 단체 또는 개인의 적법한 정치활동을 위한 행사 또는 집회 등에 30일 기간 이내에 설치,표시하는 광고물등은 옥외광고물법 제3조(허가,신고) 및 제4조(표시금지)의 규정을 적용하지 아니한다라고 규정하고 있음 


♣ 문제점 


지방자치단체별로 조례에 따라 차이가 있겠지만, 현수막 부착의 승인방법과 현수막에 승인 표기 방법의 차이가 있으며, 단순한 인증 도장으로 되어 있어, 수거가 되지 않는 문제와 불법 현수막으로 인한 주민생활, 이웃상가, 도시미관, 쓰레기처리, 가로수, 가로등, 육교등등 에 부착되어 많은 문제가 되고 있습니다. 


현수막의 부착과 기간, 수거기간의 표기가 없어 시민의 불편이 따라도, 일반인이 현수막을 제거하기도 어려운 실정 입니다 


♣ 개선제안 : 첨부된 그림 참조 1매 


각 지방자치단체에서 발행하는 전자 인증마크에 설치기간과 수거유예기간까지 표기토록하여 설치와 수거가 잘 이행 되도록 하고, 수거유예기간의 위반시 처벌규정에 의거 과태료 부과와 불법 현수막으로 인한 피해 시민이나 관할 지자체에서 수거유예기간이 지난 현수막의 직접 수거가 가능토록 하는 제도가 필요 합니다. 


1안 : 현수막 등록, 인증의 홈페이지 신고시스템이 준비되지 않은 지자체의 경우 전자 신고, 등록, 인증을 위한 프로그램이 필요 합니다. 

현수막에는 해당지자체의 기관마크가 표기된 승인도장과 사용기간과 수거기간까지 표기가 되어져야 합니다. 첨부된 그림 참조. 


2안 : 현수막 전자인증제가 도입된 지자체에서는 첨부된 그림과 같은 인증마크를 현수막 신고자(신청자나신청된 현수막업체)에 배부하여 승인번호, 기록내용, 설치승인기간, 수거유예기간, 수거자연락처,등이 기록된 인증마크가 현수막에 인쇄되도록 함. 


3안 : 홍보용 현수막 업체로 신고, 등록이 일원화 되도록 제도 개선을 통한 전자인증도장을 발행 인쇄물인 현수막에 부착토록 제도화 함. 


별첨 : 현수막 인쇄용 인증마크의 그림 1매. 


♣ 기대효과 


1.현수막 신고, 등록의 간소화에 따른 행정 편의와 불법현수막 제작 방지. 

2.현수막의 설치기간과 폐기기간의 표기 의무화 도입으로 보이는 관리체계 구축. 

3.현수막 수거유예기간의 표기로 불법 현수막 수거 및 문제점 개선 

4.불법 현수막 난립 방지 

5.피해자인 시민들이 불법 현수막 수거가 가능하며, 수거신고도 가능함 

6.선거용 현수막등 옥외광고물법 제3조와 제4조의 적용 제외 광고물의 경우도 수거기간의 적용을 받아 선거후 지저분한 선거현수막의 수거기간의 규정은 적용 받도록 개정안 마련",,,"민원인께서 제안하신 사항은 우리군에서 이미 시행하고 있는 사항도 있고 실시하기에는 어려운 점도 있습니다. 

제1안은 현수막 등록 인증은 군의 승인이 필요한 사항으로 군과 프로그램상 연계되어야 가능하지만 보안등 여러가지 문제로 실시하기 어려울 것으로 사료되며 

제3안은 현수막에 대한 신고의 수리도 법적 사항으로 업체에 일원화하여 위탁하기에는 어려움이 있을 것으로 사료됩니다. 

위와 같이 답변드렸지만 자세한 답변이 되었는지 모르겠습니다. 태안군청 도시건축과 주택담당으로 연락주시면 자세히 답변드리겠습니다.",20240125,NA
동일한 내용으로 반복 제안하는 경우,기타,,답변완료,2010-03-06,2010-03-10,국민권익위원회,"같은 내용으로 기관만 달리 하여 계속하여 글을 올리는 것은


행정상으로도 막대한 손해를 입히게 되겠지요??


지금 악성적으로 도배글 올리는 사람을 보니 전국 시군에 같은 글을 계속 제안하고 있는데요


같은 내용으로 한 사람이 글을 올렸는데 그걸 처리해야할 담당자는 수없이 많을테니까요


119나 112에 장난전화를 하면 벌금을 물던데


위와 같은 경우에는 벌금 물리게 하는 방법 없나요??


부끄럽기 짝이 없네요


한 사람당 올릴수 있는 게시물을 제한하는 것을 제안합니다.

오늘 올리는 사람처럼 악성적으로 판단될 경우 접속을 차단시키던가요

국민신문고가 애들 놀이터도 아니고 정말 보다보다 너무 하단 생각이 드네요

한사람 때문에 대체 얼마나 많은 인력과 재정이 낭비되어야 합니까",,,"○ 국민제안에는 국민들이 자유로이 제안을 신청할 수 있어, 중복된 내용을 신청했더라도 신청인에 대하여 제재를 가할 수 는 없습니다만,

    내용중 개인정보.욕설.상호비방.광고글 등이 포함되어 있는 경우에는 공개로 신청했더라도 비공개로 전환하고 있으니, 양해하여 주시기

    주시기 바랍니다.",20240125,NA
현수막 전자인증에.... 저거 누군가요????,기타,,답변완료,2010-03-06,2010-03-10,국민권익위원회,"누군데 오늘 하루 종일 같은글 자꾸 올리는건가요??


한사람이 하루에 올릴수 있는 게시글을 제한 시키는 것을 제안합니다.",,,"○ 국민제안에는 국민들이 자유로이 제안을 신청할 수 있어, 중복된 내용을 신청했더라도 신청인에 대하여 제재를 가할 수 는 없습니다만,

    내용중 개인정보.욕설.상호비방.광고글 등이 포함되어 있는 경우에는 공개로 신청했더라도 비공개로 전환하고 있으니, 양해하여 주시기

    주시기 바랍니다.",20240125,NA
지역구 신문에 대해,행정/자치/안전,,제안심사,2010-03-06,NA,노원구,"요즘 구 마다 구신문이 있습니다. 많은 구 시민들이 그 신문을 읽고있습니다.

구에 소식과 구의 다양한 서비스를 다루고 많은것들을 알려주기 때문입니다. 

저 또한 매월 구신문을 보는 편입니다. 

그런데 사실과 다른 내용들이 실려 시민에게 잘못된 사실을 전하기도 하더군요. 

이번 저희구 신문에 잘못 실린 사실때문에 당황했습니다. 


해결점

신문을 시민들에게 유포하기전에 기관청이나 관계부서에 다시 한번 확인한다면 이런일들이 없어지지 않을까합니다. 


기대효과

신문에 대한 신뢰도확보",,,NA,20240125,NA
"국민신문고""~~스팸~제안함""을 만듭니다.",기타,,답변완료,2010-03-06,2010-04-01,국민권익위원회,"-스팸메일""은 별도로 보관되는 함'""이 대부분 있습니다.


-국민신문고""에는 스팸제안함""~~이 없습니다.


-국민신문고에 24시간 동안 대동소이한 내용이나,아니면 부분적 문구를 정정하여


 올리는 동일 제안을 차단하는~ 자동으로 스팸~제안함""에 보관되는 시스탬을 구축해야


 합니다.


-하루 종일 정부의 각 부처와 지자체등에 무차별적 폭탄성 제안은 국민신문고를


 이용하는 대다수 패널에게 기분 상하게 하는 제안""이 아닐까요?",,,"문성두님 안녕하십니까? 국민제안에 대한 관심과 참여에 감사드립니다.

귀하께서 제출하신 제안의 요지는 ‘대동소이 하거나 부분적 문구 수정제안에 대하여 자동 차단 및 스팸 제안함 보관 기능 구축할 것을 제안한다.’라는 내용으로 파악되며, 아래와 같이 검토결과를 알려드리고자 합니다.

귀하의 제안과 관련, 국민신문고에 국민제안 제출시 유사제안 검색 기능이 있으므로 제안자가 유사제안을 검색하여 중복제안 등을 파악하는 것이 가능합니다. 다만 스팸성 제안에 대한 자동차단 시스템 구현은 관련 법령 검토와 시스템 구현 검토 등 중장기적으로 고려할 수 있는 것으로 판단됩니다. 

금번 귀하의 제안을 채택하지 못하여 아쉽게 생각하며, 앞으로도 좋은 의견을 많이 제출하시면 국민신문고 운영 활성화에 최대한 반영할 수 있도록 적극적인 노력을 기울이겠습니다. 감사합니다.",20240125,NA
제안 게시판에 도배글  처벌합시다.,기타,,답변완료,2010-03-06,2010-03-10,국민권익위원회,"제안 게시판에 악성적으로 도배글을 올리는 사람은 벌금을 물리게 합시다.


정말 애국 하는 국민에게 피해를 입힙니다.


같은 국민으로써 몇 사람때문에 이런 제안을 올린다는 점이 창피하네요",,,"○ 국민제안에는 국민들이 자유로이 제안을 신청할 수 있어, 중복된 내용을 신청했더라도 신청인에 대하여 제재를 가할 수 는 없습니다만,

    내용중 개인정보.욕설.상호비방.광고글 등이 포함되어 있는 경우에는 공개로 신청했더라도 비공개로 전환하고 있으니, 양해하여 주시기

    주시기 바랍니다.",20240125,NA
국민신문고 사이트에 들어와서,기타,,답변완료,2010-03-06,2010-03-10,국민권익위원회,"제안을 하러 들어왔는데요


한사람이 같은 제안 내용으로 제목도 똑같이 해서 도배글을 엄청나게도 올리고 있네요.


분명 국정에 보탬이 되라고 만든 것인데 


저렇게 몰상식하게 글을 계속해서 올리는 행위는 국정이 보탬이 아니라 오히려 심각한 손해를 입히는 행위로 보여집니다.


글 쓸때 보니까 개인정보 유포나 폭언 같은거 제한 시키고 비공개 시키고 처벌 가능하다 써있던데


동일인이 같은 내용을 이렇듯 테러 수준으로 계속해서 작성하여 올리는 행위에도 벌칙금을 물고 일정기간 사이트 이용을 막는 방법이 필요하다 생각됩니다.",,,"○ 국민제안에는 국민들이 자유로이 제안을 신청할 수 있어, 중복된 내용을 신청했더라도 신청인에 대하여 제재를 가할 수 는 없습니다만,

    내용중 개인정보.욕설.상호비방.광고글 등이 포함되어 있는 경우에는 공개로 신청했더라도 비공개로 전환하고 있으니, 양해하여 주시기

    주시기 바랍니다.",20240125,NA
"노총각 노처녀의 만남의 자리를 구에서, 시에서 마련해 보면 어떨까요?",행정/자치/안전,,제안심사,2010-03-06,NA,인천광역시,"실태및 문제점

현재 여러가지 원인으로 인해 결혼 적령기를 놓친 사람들이 상당수이다.

그 중 상대와의 만남이 그리 쉽지가 않다는 것이다.

필자의 주위에는 사회적 조건이 아주 좋은 분들이 몇 분 있다. 그런데 나이가 많다는 이유로 소개 받을때 항상 밀린다. 사회적 활동을 열심히 한 댓가인 것이다.  또 그렇지 못한분들도 많다. 조건이 좋은 분들도 어려운데 그렇제 못한 분들은 더욱 어려울 수 밖에 없다.

결호정보회사가 있지만, 비싼 가입비와  나이, 개인적으로 어느정도의 수준 있어야 명함이라도 내밀 수 있는 상태이다. 일등만이 잘 사는 세상이라는 풍자가 나올법도 하다.

그러다보니 이리 저리 밀리는 사람들은 결국 혼자서 찾아야만 하는데 그게 정말 여의치 않다는 것이다. 


개선내용

1. 적령기의 남녀가  주변의 장애물들을 거치지 않고 직접 보고 느끼고 택할 수 있도록 

    만남의 프로그램을 각 구 별로 만들어 본다

    (만일에 대비하여 신원확인및 준수사항을 명시한다.)

2. 적령기가 넘어도 30대 초반부터 50대까지 다양하므로 연령대를 감안하여 프로그램을 짜본다.

3.  프로그램의 이름도 짝짓기라는 조금 듣기 거북한 명칭 대신 좀 더 부드럽고 받아들이기 편한 명칭을 

    사용한다.

4. 직장에서 퇴근하여 쉽게 만날 수 있도록 평일 저녁이나, 주말에 프로그램을 편성한다

5. 개인의 취향에 맞게 프로그램을 짜본다

   (집단 프로그램, 일대일 프로그램)

6. 프로그램 참가하는 최소의 비용으로 만남에서 선택에 이르기까지 이들이 받을 경제적 부담을 

    줄이도록 한다.

7. 구별로 또는 시별로 연계하여 전국적인 프로그램도 가끔 편성해 본다. 

   구에서, 시에서 찾지 못한 배우자를 전국프로그램에서 찾을수도 있을 것이다. 

8. 커플이 되면 결혼으로 이어질 수 있도록 이들이 문의를 해 오면 적극적인 상담과 진행에 도움을 준다.


기대효과

1. 결혼에 대하여 엄두도 내지 못하는 많은 남녀들에게 좀 더 넓은 기회를 제공하여 희망을 갖게할 수 있다.

2. 다른이의 결혼에 관심을 가질만큼 여유가 없는 세상에 이러한 프로그램으로 상대를 만나게 된다면

   사회의 정서적 측면에서 많은 상승효과가 있을 것이다. 

3. 이렇게 결혼을 하게 된다면 사회가 더 안정될 것이고, 태어나는 아이는 자연적으로 많아질 것이다.",,,NA,20240125,NA
현수막 전자인증에 따른 인쇄용인증서와 수거기간의 기록 의무화.,행정/자치/안전,현수막인증 표기위무화.jpg,제안심사,2010-03-06,NA,안성시,"현수막 전자인증에 따른 인쇄용인증서와 수거기간의 기록 의무화. 


♣ 현행제도 


1. 현수막 표시방법은 옥외광고물등 관리법 시행령 제30조의2에 따라 자치단체에 위임되어 <시군구 조례>에서 표시방법을 규정하고 있고, 자치단체마다 조금씩 규정이 다른것으로 알고 있습니다. 


2. 규정에 따라 해당 시군구청의 승인을 받아 설치한 게시시설에 한하여 설치하고자 하는 현수막을 관할 시군구청에 신고 후 설치할 수 있음 


3. 위반시 처벌규정 

- 불법 현수막 설치시 500만원 이하 과태료 부과(옥외광고물등 관리법 제20조) 

- 시장군수구청장은 불법 광고물 철거명령에 불응할 경우 해당 광고물과 관련된 영업허가 취소를 관련 행정기관에 요청할 수 있음(옥외광고물등 관리법 제13조) 


4. 선거 등에 활용코자 일시적으로 설치한 현수막 게시시설 등은 옥외광고물법 제 


3조 및 제4조의 적용이 배제됨 

- 옥외광고물등 관리법 제8조에 단체 또는 개인의 적법한 정치활동을 위한 행사 또는 집회 등에 30일 기간 이내에 설치,표시하는 광고물등은 옥외광고물법 제3조(허가,신고) 및 제4조(표시금지)의 규정을 적용하지 아니한다라고 규정하고 있음 


♣ 문제점 


지방자치단체별로 조례에 따라 차이가 있겠지만, 현수막 부착의 승인방법과 현수막에 승인 표기 방법의 차이가 있으며, 단순한 인증 도장으로 되어 있어, 수거가 되지 않는 문제와 불법 현수막으로 인한 주민생활, 이웃상가, 도시미관, 쓰레기처리, 가로수, 가로등, 육교등등 에 부착되어 많은 문제가 되고 있습니다. 


현수막의 부착과 기간, 수거기간의 표기가 없어 시민의 불편이 따라도, 일반인이 현수막을 제거하기도 어려운 실정 입니다 


♣ 개선제안 : 첨부된 그림 참조 1매 


각 지방자치단체에서 발행하는 전자 인증마크에 설치기간과 수거유예기간까지 표기토록하여 설치와 수거가 잘 이행 되도록 하고, 수거유예기간의 위반시 처벌규정에 의거 과태료 부과와 불법 현수막으로 인한 피해 시민이나 관할 지자체에서 수거유예기간이 지난 현수막의 직접 수거가 가능토록 하는 제도가 필요 합니다. 


1안 : 현수막 등록, 인증의 홈페이지 신고시스템이 준비되지 않은 지자체의 경우 전자 신고, 등록, 인증을 위한 프로그램이 필요 합니다. 

현수막에는 해당지자체의 기관마크가 표기된 승인도장과 사용기간과 수거기간까지 표기가 되어져야 합니다. 첨부된 그림 참조. 


2안 : 현수막 전자인증제가 도입된 지자체에서는 첨부된 그림과 같은 인증마크를 현수막 신고자(신청자나신청된 현수막업체)에 배부하여 승인번호, 기록내용, 설치승인기간, 수거유예기간, 수거자연락처,등이 기록된 인증마크가 현수막에 인쇄되도록 함. 


3안 : 홍보용 현수막 업체로 신고, 등록이 일원화 되도록 제도 개선을 통한 전자인증도장을 발행 인쇄물인 현수막에 부착토록 제도화 함. 


별첨 : 현수막 인쇄용 인증마크의 그림 1매. 


♣ 기대효과 


1.현수막 신고, 등록의 간소화에 따른 행정 편의와 불법현수막 제작 방지. 

2.현수막의 설치기간과 폐기기간의 표기 의무화 도입으로 보이는 관리체계 구축. 

3.현수막 수거유예기간의 표기로 불법 현수막 수거 및 문제점 개선 

4.불법 현수막 난립 방지 

5.피해자인 시민들이 불법 현수막 수거가 가능하며, 수거신고도 가능함 

6.선거용 현수막등 옥외광고물법 제3조와 제4조의 적용 제외 광고물의 경우도 수거기간의 적용을 받아 선거후 지저분한 선거현수막의 수거기간의 규정은 적용 받도록 개정안 마련.",,,NA,20240125,NA
현수막 전자인증에 따른 인쇄용인증서와 수거기간의 기록 의무화,행정/자치/안전,현수막인증 표기위무화.jpg,답변완료,2010-03-06,2019-04-16,송파구,"현수막 전자인증에 따른 인쇄용인증서와 수거기간의 기록 의무화. 


♣ 현행제도 


1. 현수막 표시방법은 옥외광고물등 관리법 시행령 제30조의2에 따라 자치단체에 위임되어 <시군구 조례>에서 표시방법을 규정하고 있고, 자치단체마다 조금씩 규정이 다른것으로 알고 있습니다. 


2. 규정에 따라 해당 시군구청의 승인을 받아 설치한 게시시설에 한하여 설치하고자 하는 현수막을 관할 시군구청에 신고 후 설치할 수 있음 


3. 위반시 처벌규정 

- 불법 현수막 설치시 500만원 이하 과태료 부과(옥외광고물등 관리법 제20조) 

- 시장군수구청장은 불법 광고물 철거명령에 불응할 경우 해당 광고물과 관련된 영업허가 취소를 관련 행정기관에 요청할 수 있음(옥외광고물등 관리법 제13조) 


4. 선거 등에 활용코자 일시적으로 설치한 현수막 게시시설 등은 옥외광고물법 제 


3조 및 제4조의 적용이 배제됨 

- 옥외광고물등 관리법 제8조에 단체 또는 개인의 적법한 정치활동을 위한 행사 또는 집회 등에 30일 기간 이내에 설치,표시하는 광고물등은 옥외광고물법 제3조(허가,신고) 및 제4조(표시금지)의 규정을 적용하지 아니한다라고 규정하고 있음 


♣ 문제점 


지방자치단체별로 조례에 따라 차이가 있겠지만, 현수막 부착의 승인방법과 현수막에 승인 표기 방법의 차이가 있으며, 단순한 인증 도장으로 되어 있어, 수거가 되지 않는 문제와 불법 현수막으로 인한 주민생활, 이웃상가, 도시미관, 쓰레기처리, 가로수, 가로등, 육교등등 에 부착되어 많은 문제가 되고 있습니다. 


현수막의 부착과 기간, 수거기간의 표기가 없어 시민의 불편이 따라도, 일반인이 현수막을 제거하기도 어려운 실정 입니다 


♣ 개선제안 : 첨부된 그림 참조 1매 


각 지방자치단체에서 발행하는 전자 인증마크에 설치기간과 수거유예기간까지 표기토록하여 설치와 수거가 잘 이행 되도록 하고, 수거유예기간의 위반시 처벌규정에 의거 과태료 부과와 불법 현수막으로 인한 피해 시민이나 관할 지자체에서 수거유예기간이 지난 현수막의 직접 수거가 가능토록 하는 제도가 필요 합니다. 


1안 : 현수막 등록, 인증의 홈페이지 신고시스템이 준비되지 않은 지자체의 경우 전자 신고, 등록, 인증을 위한 프로그램이 필요 합니다. 

현수막에는 해당지자체의 기관마크가 표기된 승인도장과 사용기간과 수거기간까지 표기가 되어져야 합니다. 첨부된 그림 참조. 


2안 : 현수막 전자인증제가 도입된 지자체에서는 첨부된 그림과 같은 인증마크를 현수막 신고자(신청자나신청된 현수막업체)에 배부하여 승인번호, 기록내용, 설치승인기간, 수거유예기간, 수거자연락처,등이 기록된 인증마크가 현수막에 인쇄되도록 함. 


3안 : 홍보용 현수막 업체로 신고, 등록이 일원화 되도록 제도 개선을 통한 전자인증도장을 발행 인쇄물인 현수막에 부착토록 제도화 함. 


별첨 : 현수막 인쇄용 인증마크의 그림 1매. 


♣ 기대효과 


1.현수막 신고, 등록의 간소화에 따른 행정 편의와 불법현수막 제작 방지. 

2.현수막의 설치기간과 폐기기간의 표기 의무화 도입으로 보이는 관리체계 구축. 

3.현수막 수거유예기간의 표기로 불법 현수막 수거 및 문제점 개선 

4.불법 현수막 난립 방지 

5.피해자인 시민들이 불법 현수막 수거가 가능하며, 수거신고도 가능함 

6.선거용 현수막등 옥외광고물법 제3조와 제4조의 적용 제외 광고물의 경우도 수거기간의 적용을 받아 선거후 지저분한 선거현수막의 수거기간의 규정은 적용 받도록 개정안 마련.",,,"우리구는 도시미관을 저해하는 불법 현수막을 근절하고 지역 영세상인들의 합법적인 홍보 확보 및 깨끗한 도시 경관을 조성하기 위하여 현수막 지정게시대를 운영 하고 있음

1. 시행일시: 2017. 3월 부터

2. 운영현황

   -  일반형5단 게시대: 주민들이 이용하는 현수막  광고( 20개소)

   - 저단형2단 게시대: 구정홍보 및 공공목적 현수막(5개소)",20240125,NA
체육공원및시설사용을 인접 근거리주민에게도....,행정/자치/안전,,제안심사,2010-03-05,NA,서초구,"남편이 지금 살고 있는 집에서 대대로 살고 있습니다.

여러번의 행정구역 개편으로 

경기도 시흥군~과천군~서울시 강남구~ 서울시 서초구....

과천초등학교를 다녔고 지금도 생활권이 과천일수 밖에 없게 우리집을 가려면 

서울시계를 지나 과천시를 통과해 다시 서울시 서초구인 집으로 가게됩니다.

과천시 주암동과 서초구 양재동 인접구역은 안방이 과천시.화장실은 양재동인 가구가 있을정도로 

어느집이 과천시인지 양재동 인지를 모를정도 입니다.

그런데 그 동네 가운데 체육시설이 과천시 소유라는 이유로 과천시민 우대되어 사용키 어렵습니다.

학교 학군은 근거리로 인해 과천시거주민들도 서초구 학교를 다니고 있습니다.

가까운 곳에서 땀내고 운동할수 있는 체육시설 이용은 다른 지역 어디든 근거리 사용을 편리하게 할수 있어야한다고 생각합니다.

같은 동네 살면서 체육시설 사용 제약으로 주민간에 갈등과 반목까지도 생기고 있습니다.

걸어서 갈수 있는 시설을 두고 차를 이용해 다니는 불편이 있어 운동이 게을러 져서도 안된다고 생각합니다.

체육시설 만큼은 대한민국 국민 모두 가까운 곳에서 이용할수 있게 지자체에 협조 구할것을 제안합니다.",,,NA,20240125,NA
"서울의 랜드마크로  케이블카를 이용한 ""서울 하늘길""을 만듭시다",행정/자치/안전,서울 하늘길.pptx,답변완료,2010-03-05,2013-01-29,서울특별시,"현황 및 문제점:


디자인 서울을 위하여 다양한 노력이 진행되고 있습니다. 하지만 서울만의 랜드마크는 여전히 존재하지 않는 것 같습니다. 전통과 현대가 어울려진 서울은 다양한 문화와 현대시설이 있지만 이것들을 융합한 스토리텔링이 쉽지가 않기 때문이라고 생각합니다. 서울의 남산과 한강을 쉽게 보여줄 수 있는 편리한  현대건축물이라면 충분히 서울의 랜드마크가 될 수 있을 것입니다. ""케이블카""를  이용하여 명동에서 남산을 지나 한강을 가로질로 강남의 압구정에 갈 수 있는 ""서울의 하늘길""을 만든다면 충분히 서울의 랜드마크가 될 수 있을 것으로 생각합니다.


개선방안: 첨부파일을 참조하세요.


@ 케이블 카를 이용하여 ""서울의 하늘길""을 만듭시다

1. 명동에서 출발하여 남산을 지나 한강을 가로질러 압구정에 도착합니다.

2. 서울 하늘길은 3구간으로 구성됩니다

- 1구간: 기존의 남산 케이블카 구간을 이용합니다

- 2구간: 남산을 종단하는 구간으로 신설되는 케이블카 구간입니다.

- 3구간: 한강을 가로지르는 구간으로 신설되는 케이불카 구간입니다.

3. 1구간을 오른 후, 2구간으로 갈아타고, 마지막으로 3구간으로 갈아 탈 수 있습니다.

4. 3구간의 경우 운행 속도를 늦춰서 케이블카를 이용한 다양한 서비스를 제공합니다

- 케이블카안에서 관광객들은 간단한 음료수 등을 마시면 한강을 감상할 수 있습니다

5. 3구간이 끝나는 한강시민공원 잠원단지에서 한강의 수상스포츠등을 연계하여 이용할 수 있습니다.


기대효과:


1. ""서울 하늘길""은 서울의 랜드마크가 될 수 있을 것으로 생각합니다.

2. 하늘길을 이용하므로 토지보상비 등의 비용이 절감되어 건설비가 적게 듭니다.

3. 외국 관광객뿐만아니라 국내관광객의 수요도 많을 것으로 생각됩니다.

4. 서울의 하늘을 이용한 교통수단개발의 모델이 될 수 있습니다",,,"안녕하세요 

서울관광발전에 도움이 되는 좋은의견을 주셔서 감사합니다. 


제안하신 내용은 충분한 사업타당성 검토와 예산확보가 필요한 사안으로

케이블카 설치와 관련된 여러 기관(부서)에 의해 중장기적으로 검토되어야 할 것으로 사료됩니다.


앞으로도 서울시정에 관심과 애정을 보내주시기 바랍니다. 감사합니다.",20240125,NA
"~추진""제안에 뉴(new)~추진제안 표시방안~",기타,,답변완료,2010-03-04,2010-04-01,국민권익위원회,"-국민신문고에 제안을 하면 가장 먼저 보는 곳이 있습니다.

-""추진""~을 보게 되는데 최근에 ~~심사---후 채택되어 추진""을 하게 됩니다.

-심사과정이 1개월 정도,아니 2개월 이상의 기간에 거쳐 ""추진""되는 제안은 잘 보지 않거나

 도외시 ?해 버립니다.그것은 신선미?가 떨어 지는 뉴양스를 풍기게 됩니다.

-제안이 민원으로 넘어 갈때는 ""NEW""라는 영문 글자를 띄 웁니다.

*****만찬가지로 ""추진""하는 제안이 1개월,1년 되어 추진할 경우 ""뉴(new)""라고~

 표시하면 누구나 쉽게 추진""~제안을 알게 됩니다.

-추진""된 제안을 여러번 크릭""하는 개선점이 눈에 보입니다.",,,"문성두님 안녕하십니까? 국민제안에 대한 관심과 참여에 감사드립니다.

귀하께서 제출하신 제안의 요지는 ‘제안하고 2개월 이상 경과된 추진제안에 대해서는 별도로 “NEW”로 표시하는 것을 제안한다.’라는 내용으로 파악되며, 아래와 같이 검토결과를 알려드리고자 합니다.

귀하의 제안과 관련, 국민신문고 ‘나의 제안’코너에서 제안 목록이 신청일을 기준으로 정렬이 되며, 제안하고 2개월 이상 경과된 추진제안에 대해서는 ‘NEW’라고 별도 표시하여 달라는 사항만으로는 추진대비 효과가 미흡할 것으로 사료됩니다. 다만 표시(또는 정렬)에 대한 시스템 검토를 중장기적으로 하면서 고려할 수 있는 것으로 판단됩니다. 

금번 귀하의 제안을 채택하지 못하여 아쉽게 생각하며, 앞으로도 좋은 의견을 많이 제출하시면 국민신문고 운영 활성화에 최대한 반영할 수 있도록 적극적인 노력을 기울이겠습니다. 감사합니다.",20240125,NA
어린이 놀이터 환경개선.,행정/자치/안전,,답변완료,2010-03-04,2013-01-24,서울특별시,"♧ 운영의 실태와 문제점.;

시.군.구 단위에서 관리하는 어린이 놀이터가  어른과 청소년들의  비행범죄. 음주향락 장소로

변질되어 가고있습니다.   담배꽁초  음주. 음식.기타 쓰레기등 관리소홀로  비위생적이고 어린이들에게 위해요인이 늘어가고 있습니다.    어른과 청소년들의  애정행각  음주.흡연. 폭행 .폭언 등은  어린이들 눈엔  비교육적이고  맘놓고  드나들수있는  환경은 아닌 것으로 보입니다.   가족들과  계획된 나들이가 아니면  집에서 가까운 시설을 놀이터로 이용하게되는데   빙하가 사라지면서  설곳을 잃어가는  북극 곰 처럼  어린이들도 차츰  자신들만의 공간을  어른들로 인해 잃어가고 있습니다.  공.사교육으로 심신이 지쳐있는  어린이들이 놀이터에서 놀이기구와  친구들과 함께  즐겁게 뛰놀며  체력도 단련시키고  사회성도 배우고  그들만의  화제거리로  그들만의 세상 이야기를 해야하는데   어른들에게  공간을  빼앗겨버리고  갈곳없는 아이들은  PC방이나  오락실을 전전하고있는 실태입니다.  그리고  아동 성추행과  유괴등  범죄장소로 이용되고 있지만  C.C TV등  보안 감시시설이 부족해  범죄행위가 생겨도  목격자와  현장조사에만 의존하는등  사실상  위험에 노출되어 있습니다.

 ♧ 개선내용;

1. C.CTV등  보안시설 설치하여  범죄와  기타 사고시  신속하고 안전한  대처.

2. 스쿨존 처럼 어린이 보호구역으로 지정 하여  각종 위해요인으로 부터 보호하여 안심하고  놀수있는 장소가 될수있도록 지정하고  어린이 헌장과  안내판등을 설치하여서  어린이 놀이터로서의  신성한 지역임 알린다.

3. 놀이기구 안전점검 상시화 .  위생청결등 관리.

4. 집에 쌓아둔 어린이 동화책등을  지역 주민들에게  기부.협찬받아  놀이터 안에  아담한  독서 공간을 마련한다.

 ♧ 개선시 기대효과.

여러가지  위해.위험 요인이 개선되어  안심하고  놀수있는  어린들만의  사교 공간이 조성되고

어른들의 출입을 자제 시킴으로서  어른들로인한  비교육적 장면  폐해를 최소화 시킬수 있습니다

독서공간을 마련하여  신체적 지적 공간으로도 연계활용 함으로서  오락실등 위해 환경의 출입이 줄어들고  어린들만의  쉼터가 될수있을것 같습니다.    어린이 보호구역으로  지정한곳도 있겠지만 대부분 방치되어 있습니다.

시.구책사업으로  활성화시켜  놀이터 에서 만이라도 어린이들이 어른들로부터 보호받고  위해환경 위험요인으로 부터  벗어나  어린이들만의  꿈과 사회성을 키울수있는 건전한 공간이 되었음합니다.",,,"시스템 오류로 답변이 늦어진 것에 대해 양해 말씀 드립니다. 

제안하신 내용을 바탕으로 검토해본 결과, 현재 서울시에서 어린이공원 및 기타 공원의 안전 및 방범을 위하여 CCTV설치 및 놀이시설개선 등의 노력을 하고 있음을 알려 드립니다. 앞으로도 더욱 노력해 안전한 어린이공원을 만드는 것에 최선을 다하겠습니다.

제안 감사합니다.",20240125,NA
"서울시 홈페이지의 ""관광객의 자주 찾은 정보""에 대표적인 ""등산 코스""를 선별하여 추가합시다",행정/자치/안전,,답변완료,2010-03-04,2013-01-04,서울특별시,"현황 및 문제점: 


여러나라의 수도중에 도심 주변에 아름다운 산을 가지고 있는 경우는 서울이 유일하다고 합니다. 북한산, 도봉산, 남산 등 실제로 서울 도심에서 가까운 거리에 아름다운 우리의 산들이 즐비하게 있습니다. 디자인도시를 꿈꾸는 서울의 경우 스토리 텔링이 부족한게 사실입니다. 다양한 문화재와 서울시민의 휴식공간인 서울 주변의 산들은 이런 면에서 서울의 훌륭한 스토리 텔링의 역할을 할 수 있을 것으로 생각합니다. 하지만 서울시의 홈페이지에는 서울의 산들과  관련한 등산코스를 소개하는 자리가 없는 것으로 알고 있습니다. 


개선방안: 


@ 서울시 홈페이지의 관광객이 자주 찾는 정보에 ""등산코스""란을 추가합시다. 

1. 대표적인 서울의 ""아름다운 산을 보여줄수 있는 등산코스""를 10개 정도 개발합시다 

-도심속 등산코스: 남산 코스, 북악산 코스, 아차산 코스

-강북의 등산코스: 북한산 코스, 도봉산 코스, 수락산 코스, 불암산 코스

-강남의 등산코스: 우면산 코스, 청계산 코스, 남한산성코스

2. 각각의 산별로 대표적인 등산코스 1개씩을 소개합니다

3. 각각의 등산코스에는 주변에 산재한 문화재를 함께 관광할 수 있도록합니다. 

4. 소개된 등산코스 이외의 더 많은 정보를 알 수 있도록 해당시설 의 홈페이지에  링크를 시킵니다.. 


기대효과: 


1. 서울의 아름다운 산들을 훌륭한 관광자원으로 활용할 수 있습니다. 

2. 친환경적인 서울의 모습을 관광객들에게 보여줄 수있을 것 같습니다.

3. 산속에 산재한 다양한 문화재를 통해서 서울의 스토리 텔링을 만들 수 있습니다.

4. 관광객들에게 훌륭한 휴식공간을 제공할 수 있습니다",,,"서울시에서는 ""걷고싶은 서울길"" 홈페이지를 운영하고 있습니다.

(http://ecoinfo.seoul.go.kr/ecomap/ecoload.php)

생태문화길, 둘레길, 자락길 110개 노선을 지도로 제공하고 있습니다.

또한 스마트폰 어플(아이폰용)로 개발하여 쉽게 정보에 접근할 수 있도록 하고 있습니다.

제안하신대로 서울시홈페이지 메인페이지 관광객이 자주 찾는 사이트에  ""걷고싶은 서울길"" 홈페이지를 추가하여 

서울을 방문한 분들이 쉽게 등산로를 검색할 수 있도록 서비스 하도록 하겠습니다.",20240125,NA
독립운의 역사적인 스토리를 벽화에 ,행정/자치/안전,,답변완료,2010-03-02,2013-01-29,서울특별시,"현행제도


제가 살고 있는곳은 서대문구 입니다 

슬픈역사와 아픈 역사가 숨어있는 독립문 역사관이 있는곳입니다

앞으로 아이들 수업시간에 역사시간도 없어 진다고 하는데 왜곡된 진실을 잃어버릴까 걱정입니다 

역사를 바로 알고 성장할수 있는 교육이 필요하다고 생각합니다'


실태와문제점


독립문 역사박물관에 역사의 산실이 소장되어 있기는 하나 아직 숨어있는 역사를 잘 인지를 못하는것 같습니다 이러한 사실을 모른채 아이들이나 청소년들이 성장해 버린다면 애국도 모르고 우리의 아픈 역사도 그냥 

그러려니 지나칠것 같아 마음이 아픕니다


개선내용


사직터널안에 통행로가 생겼는데 역사적인 스토리를 빈공간에 벽화를 그린다면 쉽게 알고 잘 받아 들여지지  않을까 하는 생각입니다

법에 저촉되지않는다면 태극기의 역사와 3.1절의 역사를 그림으로 승화시킨다면 교육에 도움도 되고 우리의 역사를 바로 알게 되지 않을까 생각됩니다


개선시기대효과


 역사를 바로알고 애국심도 생기고 나라에 충성할수 있는 마음이 더 생기지 않을끼 생각합니다 

두서없이 적었는데 잘 피력이 될지모르겠습니다",,,"1. 임향순님 안녕하십니까?

2. 우리 시정에 많은 관심과 애정을 가져주신 점 감사의 말씀을 드립니다.

3. 임향순님께서 제안하신 내용은 인근 독립문 역사박물관이 있으나 청소년들이 역사를 잘 인지 못하므로 사직터널안 보행통행로 빈공간에 태극기의 역사와 3.1절의 역사를 벽화로 그린다면 쉽게 알고 잘 받아 들여지지지 않을까 생각되므로 벽화 그림을 그려 넣자는 건의 내용으로

4. 사직터널 보행로는 2008년 색상, 사용성, 운전자 주행 안전성 확보등을 고려한 도시디자인심의와, 주민의견수렴 등 보행인에게 쾌적한 보행환경 제공을 위하여 방음시설을 설치하여 관리하고 있는 시설로서, 보행통로에 벽화 그림 설치는 시설물의 점검  및 유지관리상 어려운 실정이오니 널리 이해하여 주시기 바랍니다.",20240125,NA
노원구 지역 주차단속에 대해서 건의드립니다.,행정/자치/안전,,제안심사,2010-03-02,NA,노원구,"노원구 지역은 지하주차장이 없는 오래된 아파트가 많이 있습니다. 지어진지 오래되어서 주민들 차량에 비해서 주차장은 턱없이 부족한 실정이고요. 일하고 밤 늦게 들어오게되면 주차할 곳이 없어서 아파트 옆 도로가에 세워놓는 실정입니다. 

지금 경기가 너무 안좋습니다. 주차위반 벌금 무시 못할 액수입니다.서민들에게는....

제가 사는 곳을 예로 들어보면 단지와 단지 사이에도로는 마을버스도 다니는 길이고(왕복4차선) 도로 양옆으로 초등학교 중학교가 있기 때문에 어린이보호구역으로 지정되어 주차를 할 수 없는 지역이라는것 압니다. 하지만 주민들의 열악한 주거환경도 생각해주면 감사하겠습니다. 늦게까지 일하고 들어오는것도 힘든데 없는 살림에 집앞에서 주차위반 과태료 매일 낸다고 생각하면 참 힘이듭니다. 정말로 서민을 위한 정부가 맞는가 하는 생각이 들어요. 노원구 중계동 은행사거리 주변에는 주민들의 주차차량보다는 인근 학원버스가 훨씬 주정차위반으로 교통의 흐름을 방해하는것이 큽니다. 그런데 학원버스들은 과태료는 커녕 주차단속카메라가 있는곳에서도 버젓이 주차하고 있지요.... 저로서는 누구는 주차위반단속하고 누구는 단속 안한다고 느껴집니다. 단속을 하려거든 예외하나도 없이 단속을 해주시던가 아니면 예외를 두실거면 주민들의 편의도 생각해서 주차단속을 해주세요... 주민들 차량  단지밖에 차를 주차할때는 하루종일 놔두지 않습니다. 새벽까지 일해서 아침에 좀 늦게 차를 빼는 경우는 있지만 하루가 다되도록 세워놓는 경우는 없답니다.

법앞에 평등을 느끼게 해주시던가 진정한 서민을 생각하시는 행정을 펼치시길 바랍니다.",,,NA,20240125,NA
도서대출증 가족단위 발급이나 가상번호 부여로~,행정/자치/안전,,제안심사,2010-03-02,NA,강남구,"-현행운영실태와 문제점-

이사하고 나서 세자녀와 함께 가까운 구립도서관을 방문했습니다.

아이들은 대출증을 발급받으려면 아직 신분증이 없어 주민등록 등본이 필요 하다 합니다.가족임에도 일일이 개인대출증을 발급받아 사용해야 한다고 합니다.


가까운 도서관 이용을 자주 이용하거나 책을 대출받을 때 대출증이 있어야 합니다.

저처럼 자녀가 많은 경우 아이들 대출증을 일일이 발급받아서 사용해야 하는데 카드발급 받는데는 무료지만 좀 낭비가 아닐까 싶습니다.

또 아이들의 경우 대출증 카드 분실위험도 따르고 있어 개선이 이루어 져야 할것 같습니다.

-개선내용&기대효과

등본상 가족일 경우 가족단위의 도서대출증 발급이나 가상번호를 부여한다면 카드발급비용면이나 관리차원에서도 좀더 용이 하지 않을까 싶네요.


요즘 개인이 가지고 다니는 카드가 정말 많습니다.

대출증 카드외에 가족이나 개인별 가상번호만을 부여 해 대출증 카드를 소지하고 다니지 않아도 간단한 번호 확인만으로 쉽게 도서대출 업무가 이루어진다면 도서관을 이용하는 시민들도 더 많아 지지않을까 기대가 되네요.",,,NA,20240125,NA
"한강에 현존하는 가장오래된 ""살곶이 다리""를  복원하여 한강다리역사와 관광의 중심으로 개발합시다",행정/자치/안전,,답변완료,2010-02-28,2013-01-18,서울특별시,"현황 및 문제점 :


유럽에 가면 현대적인 아름다운 다리보다는 역사와 전통을 자랑하는 많은 다리들이 있습니다. 이용하기는 현대식 다리에 비하여 불편하지만 역사와 전통과 다리의 아름다움때문에 자국 국민들의 많은 사랑을 받을 뿐만아니라 많은 외국인 관광객들이 찾는 명소가 되고 있습니다. 한강에도 많은 현대식 다리가 있습니다. 한강르네상스 프로젝트에 의하여 서울시에서 한강의 다리들을 개발하고  있습니다. 하지만 이들 현대식 다리에는 역사와 전통이 없습니다. 서울시민에게도 역사와 전통과 아름다움을 자랑하는 다리는 있습니다. 바로 ""살곶이 다리""입니다. 조선시대 성종때 놓여진 행당동에서 뚝섬을 연결하는 돌다리로써 조선시대에 서울뿐 아니라 전국에서 가장 큰 석교였습니다. 지금도 많은 시민들의 사용하고 있습니다.하지만 제대로 복원이 이루어지지않아 문화재인지조차 구분하기 힘들 정도입니다. 다리의 전구간을 제대로 복원하여 한강의 모든 다리의 ""정신적 중심""으로 만들어 서울시민뿐만아니라 외국인 관광객들도 우리나라 다리의 아름다움과 웅장함을 느낄 수 있는 문화재이면서 사용중인 살곶이 다리를 만들어 보는 것은 어떨까요?


개선방안 : 


@ ""살곶이 다리""의 전구간을 옛모습대로 복원하여 한강다리의 역사와 전통의 중심으로 개발합시다

1. 부분적으로 복원된  살곶이 다리의 전구간을 옛모습대로 복원합니다

2.살곶이 다리 주변에  한강 다리의 과거와 현재를 체험하고 느낄수 있는 ""한강다리 박물관""을 건립합니다(주변의 한양대학교 박물관을 활용하면 좋을 것 같습니다)

3.  하천변에 우리나라의 대표적인 아름다운 다리들을  미니어쳐 형식으로 복원하여 설치합니다. 

4. 주변의 청계천, 서울숲과 연계하여 하천,다리, 생태숲을 엮는 ""한강다리관광밸트""를 만듭니다. 


기대효과 : 


제대로 복원된 역사와 전통을 자랑하는 아름다운 우리의 다리를 걷는다는 것 자체가 행복일 것 같습니다. 더구나 유럽의 나라들처럼 우리에게도 규모가 크면서 역사와 전통을 자랑하는 아름다운 우리의 다리가 있다는 사실만으로도 자부심을 느낄 수 있을 것 같으며, 훌륭한 서울의 관관명소로 살곶이 다리가 다시 태어난다면 지역경제에도 도움이 될 것으로 생각합니다",,,"임민규님, 안녕하세요?

먼저 우리 문화재에 대해 많은 관심과 애정을 가지고 의견을 주셔서 감사드립니다.

한강에 많은 현대식 다리가 있지만 현대식 다리에는 역사와 전통이 없으므로 역사와 전통과 아름다움을 자랑하는 살곶이 다리를 전구간 제대로 복원하여 한강의 모든 다리의 정신적 중심으로 만들어 옛 다리의 아름다움과 웅장함을 느낄 수 있도록 복원하여 관광명소화 하자는 제안과 더불어 구체적인 개선방안을 제안해 주셨습니다.


살곶이 다리는 국가지정문화재로서 사적에서 보물로 2011.12.23일 승격되었고 성동구청에서 관리하고 있습니다. 그동안 살곶이 다리를 안전하게 관리하기 위하여 2003년 안전진단 및 정밀실측용역을 실시하였고 2009년에는 원형보전을 위한 학술발굴조사 용역을 실시하는 등 살곶이 다리 관리를 위해 지속적으로 노력하고 있음을 알려드립니다.


제안해주신 내용중 살곶이 다리의 전 구간을 옛 모습대로 복원하는 부분은 현재 사용중인 살곶이길 도로 옹벽아래에 다리 교각이 묻혀 있어 발굴조사 및 정밀실측에 어려움이 있고 복원에 따른 비용도 많이 소요되어 문화재청에 예산을 신청해 놓은 상태이며 제안하신 여러 사안들에 대해서는 살곶이다리 관리방향에 참고하도록 관리단체인 성동구청에 통보하도록 하겠습니다.


시스템상의 오류로 답변이 늦어져 죄송하다는 말씀을 드리며, 추운 날씨에 건강에 유의하시고 댁내 행운이 가득한 한해가 되시길 기원합니다.",20240125,NA
유아자녀(둘이상이면) 주차장 혜택을 주세요,식품/보건/복지/가족,,답변완료,2010-02-28,2020-04-21,보건복지부,"주부들의 운전은 이제 보편적입니다.

둘째자녀 임신부터는 장애우주차장처럼 가까운데 주차를 할 수 있게 해주세요.

제 경험으로, 애 하나 업고 또 하나 배불러(임신)서 멀찌기 차를 세우고 마트를 다녔습니다.

아파트 주차장도 마찬가지로 아이들은 차에서 잠이 들기가 쉬운데 다른동에 주차하고서 하나는 업고 하나는 유모차에 태우고 갔습니다. 유모차에는 장바구니를 매달고요.

아빠가 바쁜 애둘난 엄마는 슈퍼우먼이 되어야 했습니다.

자주겪는 불편이 줄어 들 수록 애 놓고 살기가 좋은 나라라는 생각이 들지않겠습니까?

너무 다자녀가정이 셋이상이어야만 혜택을 주겠다말고 둘째부터 가질 수 있는 부분도 살펴봐 주세요.",,,"1. 안녕하십니까? 국민신문고로 접수된 귀하의 제안(신청번호 1AB-1002-009881)에 대해 다음과 같이 답변드립니다. 

2. 귀하께서는 주차장 이용 요금 감면 혜택, 주차 편의 제공 등 다자녀 가정 지원 기준을 두자녀 이상으로 확대하자는 제안을 해주셨습니다. 

3. 우선 법령상 정해진 '다자녀'의 기준은 없으며, 말씀해 주신 것과 같이 주차장 요금 감면 혜택과 같은 경우는 지방자치단체에서 조례 등의 기준에 따라 각 지방자치단체별로 시행 여부, 기준 등을 다르게 하고 있습니다.

- 전국에 동일하게 적용되는 중앙정부의 다자녀 지원과는 별도로 지방자치단체에서 시행하는 다자녀 가정 지원은, 해당 지역의 인구 특성이나 재정 여건, 지역 주민의 정책 수요 등에 따라 시행하고 있어 이를 중앙정부 차원에서 일률적으로 두자녀 이상 가정에 대한 정책으로 추진하기 어려운 측면이 있습니다.    

* (중앙정부 다자녀 지원) 전기요금 등 공공요금 감면, 국가장학금, 국민연금 출산크레딧, 국공립 어린이집 우선 입소 등 [별첨]

4. 정부에서는 다자녀 가정을 비롯한 모든 가정에서 아이 키우는 부담이 줄어들 수 있도록 자녀 양육에 대한 보편적 지원 확대를 지속 추진하고, 귀하께서 제안 주신 내용을 참고하여 아이를 키우는 부모님들께서 실질적으로 체감할 수 있는 지원 방안을 마련하기 위해 최선을 다하겠습니다. 

5. 기타 문의사항이 있으신 경우 인구정책총괄과 정유정 주무관(044-202-3371) 또는 보건복지콜센터(국번없이 129)로 연락주시면 친절히 알려드리겠습니다. 감사합니다.",20240125,NA
전통 민족 문화를 관광자원화 해야합니다.,행정/자치/안전,,답변완료,2010-02-26,2013-01-16,서울특별시,"우연히 대한문 수비대 근무교대 장면과 인사동의 전통행진을 지켜 보았지만 아쉬운 생각이 많이 들었다. 외국의 관광객이 우리나라의 궁궐 수문장 교대시 저렇게 초라하고 음악도 장엄하지 못하고 운영도 비체계적이고 근무자들의 자긍심 또한 결여되어 있는 모습을 보여주는 것에 매우 안타깝다는 생각이 들었습니다.


  [ 제안 합니다]  - 광화문 관광 활성화와 민족의 자부심을 위하여...

  첫째, 덕수궁에서 경희궁 경복궁 인사동 비원 창경궁 명륜당까지 아우르는 수문장 교대방식을 화려하고 장엄하게 개편하여 전통행렬을 이어야 합니다. 수문장은 경찰로 상시근무 체계화 해야 합니다(관광객이 늘 기념사진을 찍을 수 있도록). 숭례문 화재를 경험한 우리가 사대문과 종각을 비롯한 고궁에도 전통복장을 한 경찰 근무자를 배치하여 치안도 확보하고 민족의 자긍심도 살릴 수 있도록 할 때가 되었다고 생각합니다. 

  청계천과 광화문 개발로 이순신장군과 세종대왕상 옆을 지나가는 고궁 수문장 임무교대를 취타대의 장엄함과 어우러져 세계의 관광객들에게 민족의 자긍심을 펼쳐 보여주시길 바랍니다. 차도 한 차선을 내어 대한문에서~창경궁까지 쭉 이어지는 임무교대 행렬과 그 행렬을 따라가면서 사진도 찍고 음악에 맞춰 신명나는 고궁의 모습을 만들어 주세요.   

  둘째, 고궁에는 전통혼례가 매일 열렸으면 좋겠습니다. 고궁의 입장객들 중에서 전통 한복을 입은 사람들에게는 무료입장할 수 있도록 해야 합니다(개량한복 제외). 전통혼례를 하도록 허가제를 실시하면 외국관광객들에게 볼꺼리를 제공할 뿐만 아니라 전통혼례에 참여하는 사람들이 한복을 입으면 얼마나 아름다운 고궁의 조화로운 모습이 되겠습니까.

  셋째, 전통문화 공연이 광화문 근처에서 항상 있어야 합니다. 일본의 스모공연처럼 우리나라 민속 공연이 매일 열려야 합니다. 고궁이나 장충체육관에서는 민속씨름, 태권도, 택껸등의 시범이 상시적으로 열려야 합니다, 초등부~대학부 일반인 시합등이 계속 되어져야 합니다. 공연 수입과 일부지원으로 충분히 운영 될 수 있다고 생각합니다. 


   서울 광화문에서 중동중학교 졸업하였고 중학교부터 성균관 대학교까지 서소문교회  대학부를 광화문 길을 매일 다녔습니다. 장교로 전역 후 1988에 신문로 동아생명 본사에서 시작해서  금호생명본사  2009년까지 21년을 근무하면서 2002년 월드컵으로 뜨거웠던 민족의 자부심을 느껴보았습니다. 이제는 우리민족 문화의 우월성을 더 강하게 알릴 때가 왔다고 생각하며 제안을 합니다.",,,"민병성님의 좋은 제안에 감사드립니다.


우리시에서는 1996년 부터 전통문화 재현행사의 일환으로 덕수궁 왕궁수문장교대의식을 상설화하여 진행하고 있고,

이제 서울의 대표적인 전통문화 관광상품으로 발전하여 많은 내.외국인에게 다양한 볼거리를  제공하고 있습니다. 


민병성님께서 제안하신 왕궁수문장교대의식 행사확대와 관련하여서는, 현재 문화재청(문화재보호재단)에서 경복궁 왕궁수문장 교대의식을 시행하고 있습니다.

또한 , 우리시에서도 다양한 체험행사를 시행하고 있으며, 민병성님께서 제안하신 내용에 대하여는 향후, 우리시 왕궁수문장교대의식 행사 추진에 충분히 

참고토록 하겠습니다.

시스템상 오류로 인하여 제안에 대한 처리가 늦어지게 되어 대단히 죄송합니다. 감사합니다.",20240125,NA
초고층 건축물의 피난안전구역에 대한 보완 제안,행정/자치/안전,,답변완료,2010-02-26,2017-02-20,행정안전부,"초고층 건축물의 피난안전구역에 소방구호활동 장비(도끼, 산소통, 무전기, 방호복, 대피기구, 구급약품 등) 설치 공간 확보 문구를 넣어야 할 것으로 사료됩니다.

소방차나 소방대원이 그 무거운 장비를 지거나 들고 비상용승강기나 다른 기구를 이용해서 올라가기 위해 뛴다면 초기 구호활동 시간이 지연되어 인명 피해가 발생할 것으로 사료됩니다.

피난안전구역에 대피하는 것도 중요하지만 소방대원들의 신속한 진화 작업에도 이 공간이 필요하다고 사료됩니다. 

다만 이 부분의 면적은 건축물의 바닥면적에서 제외하고, 면적은 작은방 세개정도 규모인 30제곱미터  정도의 규모로 방화구획하며 방화에 소요되는 기구들은 소방서에서 설치함이 적정할 것 같습니다.",,,"소방행정에 대한 깊은 관심에 감사드리며, 귀하께서 국민신문고를 통해 제안(1AB-1002-009503)한 재심사 사항에 대하여 다음과 같이 안내드립니다. 


1. 귀하의 제안내용은 초고층법시행령 제14조제2항의 피난안전구역에 소방구호활동 장비 설치공간을 확보할 수 있도록 개정할 것을 제안하셨습니다.

- 2017년 초고층재난관리법,영,시행규칙 개정계획을 수립,진행하고 있습니다.

- 귀하의 제안내용이 시행규칙에 적절히 반영될 수 있도록 검토중에 있으니, 참고하시기 바랍니다. 감사합니다.

※ 귀하의 제안에 만족스러운 답변이 되었기를 바라며, 답변 내용에 대한 추가 설명이 필요한 경우 국민안전처 중앙소방본부 소방정책국 소방제도과 <담당자 : 김학원(연락처 : 044-205-7245), 이메일 : rblack911@korea.kr>로 문의하시면 성심껏 답변 드리겠습니다.",20240125,NA
( 제안 합니다)   녹색환경 친한경 및 예산절감,식품/보건/복지/가족,제    안    서.hwp,답변완료,2010-02-25,NA,보건복지부,"안녕하세요 


녹색환경  친환경 에 조금이라도 도움이 되고 정부 예산을 조금이라도 줄일수 있을것


같아 제안을 드립니다 


내용은  첨부 파일을 참고해주세요 


그럼 수고하세요",,,,20240125,NA
( 제안 합니다)   녹색환경 친한경 및 예산절감,행정/자치/안전,제    안    서.hwp,답변완료,2010-02-25,2013-01-21,서울특별시,"안녕하세요 


녹색환경  친환경 에 조금이라도 도움이 되고 정부 예산을 조금이라도 줄일수 있을것


같아 제안을 드립니다 


내용은  첨부 파일을 참고해주세요 


그럼 수고하세요",,,해충퇴치기를 설치할 경우에 관련 업무에 참고할 필요는 있지만 내용상 특정 제품을 홍보하는 홍보성 제안으로 검토대상에서 제외함,20240125,NA
주정차 금지 위반 표지판,행정/자치/안전,,제안심사,2010-02-25,NA,서초구,"1. 현제도 문제점


- 주택가, 도로 등 주정차 금지구역에는 대부분 주정차 금지를 알리는 표지판이 있고, 

 그 표지판에는 주정차 금지를 목격하신 분은 이리로 신고하라는 전화번호가 있다.


- 평일은 잘 운영이 될지 몰라도 주말이나 휴무일에 주정차 신고전화를 하면

 ""그건 내 담당이 아니니 00000000로 전화를 하라""는 어이없는 답변을 듣게 된다.


- 그 어이없는 답변대로 전화를 또다시 하면 그 사람을 ""제가 주정차 담당이 아닌데 오늘 근무거든요. 다음주에 담당자가 출근하고 전화하시면 안될까요?? "" 또다시 이런 답변을 듣는다.


- 본인이 실제로 작년 서울 서래마을에서 주정차 위반차량 때문에 손해를 

입어서 표지판을 보고 전화를 했지만 이러한 말만 듣다가 화가 났었다.


- 불법주정차 스티커 잘떼고, 렉카차로 잘끌고가는 경찰도 휴무일에는

 근무 안하는 겁니까? 


2. 개선내용

- 휴무일 주정차위반 담당자 전화번호를 올바르게 표시.

- 휴무일 주정차 위반차량 발견시 올바를 신고요령 표시

- 표지판에 있는 전화번호대로 전화를 걸었는데 담당자가 아니라며

 회피하거나, 제대로 된 처리절차를 알려주지 못할경우 피해보상 강구.

- 별도의 감찰팀을 구성해 휴무일 불법주정차 신고표지판에 있는 전화번호로

  제대로 신고가 가능한지 여부를 수시로 확인.


3. 기대효과

- 불법주정차 문제로 선의의 피해를 보는 사람들이 줄어든다.",,,NA,20240125,NA
"""1~2인용 공원용 벤치의자""를 설치합시다.",행정/자치/안전,,답변완료,2010-02-21,2013-01-31,서울특별시,"현황 및 문제점:


대부분의 공공시설이나 공원에는 4인용 벤치의자가 설치되어 운영되고 있습니다. 여러명이 함께 앉아서 같이 이용할 수 가 있어서 가족들이 이용할 때는 편리한 경우가 많습니다. 하지만 ""개인 또는 연인""들이 이용할 때는 사생활이 보호되지않아 불편한 경우가 많이 있습니다. 공공시설이나 공원에 1~2인용 벤치의자를 설치하여 어느정도는 사생활을 보호할 필요가 있는 것 같습니다.


개선방안:


@ 1~2인용 공원용 벤치의자를 설치합시다.

1, 4인용 벤치의자와 1~2인용 벤치의자를 일정비율로 함께 설치합시다.

2. 2인용 벤치의자를  일정간격으로 설치하여 4인용 벤치의자의 설치효과를 낼 수도 있습니다

3. 연인들의 이용이 많은 곳은 주로 1~2인용 벤치의자를 주로 설치합시다.


기대효과


1. 벤치의자 이용 시, 개인의 사생활을 보호할 수 가 있습니다.

2. 벤치의자의 효과적인 이용이 가능합니다.

3. 벤치의장의 설치비용을 절약할 수 있습니다.",,,"시스템 오류로 누락되어 답변이 늦어져서 죄송합니다.

우리시에서 관리하는 공원에 의자를 설치할 경우

최근에는 4인용 뿐만 아니라 다양한 형태의 의자를 설치하고 있으며,

의자의 배치도 사생활 보호 등을 감안하여 설치하고 있습니다.

앞으로도 의자 등을 설치할 경우 이용 측면이나 비용면에서 좀 더

효율적으로 설치될 수 있도록 하겠습니다.",20240125,NA
공직부조리 예방대책,기타,,답변완료,2010-02-18,2010-03-23,국민권익위원회,"○ 실태

 - 언론 보도에 따르면 전국의 많은 국가기관 및 자치단체의 공무원들이 승진심사나 

   근무평정시에 금품을 제공하고 부정하게 승진을 한후에 적발되어 동료는 물론, 

  시민들로부터 불신과 질책을 받고 있으며

 - 경찰 또는 단속공무원의 경우에는 유흥업소 등에 유착되어 금품을 수수하거나 향응을 

   제공받다가  적발되는 등 국가의 품격을 저하시키고 시민들로부터 많은 불신을 받고 있음.


○ 문제점 

 - 공직사회 내부의 건전한 경쟁과 발전을 저해하여 공직사회 내부를 분열시키고 있음   

 - 승진이나 근무평정을 위하여 상납한 돈을 충당하기 위하여 부조리에 연루될 개연성이 

   매우 높음 

 - 법질서 문란 및 사회통합저해는 물론, 국가의 품격을 크게 저하시키고 있음 

○ 개선내용 

 - 승진자 및 근평시에 승진배수 범위내에 들어간 직원과 가족들의 통장을 조회하여

   입출금내역을 철저히 규명하도록 개선하고

 - 연말정산시 급여액(수령액)총계 보다 지출금액이 많은 경우에는 원인을 철저히 

   규명토록 개선

○ 기대효과 

 - 돈의 흐름이 명확하게 규명되어 부조리 예방에 큰 도움을 주고 

 - 법질서 확립, 사회통합 및 국격 향상에 큰 도움",,,"○ 공직 부패 척결에 관심을 가져주시고 제안을 해주신데 대해 감사를 드립니다.


○ 귀하의 제안에 대하여 검토한 바,

  - 승진심사 및 근평시 대상 직원 뿐 아니라 그 가족들에 대해서까지 계좌조회를 실시하는 것은 비리에 연루된 근거없이 수사기관이 아닌 각 기관에서 실제로 실시하기 곤란하며, 입법 조치 또한 필요한 사항으로 신중한 접근이 필요할 것으로 사료됩니다. 


○ 위와 같은 사유로 귀하의 제안을 불채택함을 양해하여 주시기 바라며,

향후 정책수립에 참고토록 하겠습니다. 감사합니다.",20240125,NA
"효창공원내 김구 동상,흉상 설치",행정/자치/안전,,답변완료,2010-02-17,2013-01-24,서울특별시,"작년12/15일 효창공원내 백범기념관을 갔었는데 김구의 동상이나 흉상이 보이지 않아 많이 아쉬웠습니다.


김구기념관 입구쪽이라도  김구 동상이나 흉상을 설치해서 후손들이 김구를 잊지않도록 해야겠습니다.",,,"시스템 오류로 답변이 늦어진 것에 대해 양해 말씀 드립니다. 

현재 백범기념관 내에 백범 김구 선생님의 좌상이 있는것을 알려 드립니다. 


감사합니다.",20240125,NA
국민신문고상의 일괄접수기능 설정 요청,기타,,답변완료,2010-02-17,2010-03-03,국민권익위원회,"각 부처마다 업무양 및 업무처리 인원에 따라 국민신문고나 각 부처 홈페이지 등을 통해 1인당 접수 및 처리하는 양과 처리시간이 다를 것입니다. 


국민신문고상에 접수된 민원목록에 대하여 일괄 배정기능은 있는데, 일괄접수 기능은 없습니다. 


이에 일괄접수토록 전산상의 설정 기능을 추가해 줄 것을 요청합니다. 


앞서 상기에 적시한 바 대로, 각 부처에서 일단 일괄접수를 할 것인지, 개별적으로 문서를 한개 한개 열어보고 접수를 할 것인지에 대해서는 각 부처에서 결정하여 사용할 일인것이고, 그러한 기능을 선택할 수 있도록 만들어 주는 것은 국민권익위원회의 역할입니다.",,,"1. 국민신문고에 대한 관심에 감사를 드리며, 귀하께서 신청하신 제안(1AB-1002-006904, 민원접수시 일괄접수 기능 추가)에 대한 검토결과

    를 다음과  같이 알려드립니다.

2. 답변사항

  ○ 민원접수시 개별 내용에 따라 배정부서가 달라져, 일괄접수 기능추가에 따른 실익이 없다고 판단되어, 기능개선에 대한 계획이 현재로서

      는 없으나,

     - 향후 행정환경 변화에 따른 기능개선시 적극적으로 검토하도록 하겠습니다.

3. 제출하신 의견은 국민제안규정 제2조에 의거한 단순 건의에 해당하여 채택하지 않음을 양해하여 주시기 바랍니다.

4. 상기 내용 이외에 추가로 궁금하신 사항은 국민신문고담당관실 정진덕조사관(02-360-2750)에게 연락하여 주시기 바라며, 귀하와 귀하의

    가정에 건강과 행운이 항상 함께하기를 기원합니다. 끝.",20240125,NA
부처별 상위법령제정에 따른 자치법규 표준안 시달시 권익위 부패영향평가 의무화 추진 ,기타,,답변완료,2010-02-16,2010-08-20,국민권익위원회,"○ 현행제도 

    -  각 부처별 법령을 제정한 후 지자체별 조례에 규정할 사항에 대한 표준안을

        만들어 지자체 시달

    - 지자체는 표준안에 의거 거의 동일하게 자치법규 제정

    - 권익위, 2008.6월 부패영향평가지침 시달(지자체 자율평가체계 운영) 

    - 법령, 행정규칙 제・개정시만 권익위에 부패영향평가 요청


○ 운영의 실태 및 문제점   

    - 지자체에서는 소관부서에 자치법규 제정함에 따라 자치법규 제정에 대한 전문의식결여

    - 상급기관에서 내려보년 표준안에 대한  무조건적인 맹신

    - 동일구역(예: 광주광역시)내에서 자치법규 규정내용 상이로 민원발생


○ 개선방안

    - 전 지자체(250여개)에 파급효과가 있는 표준안에 대한 권익위 부패영향평가 의무 실시


○ 기대효과

    - 상위법령의 취지에 입각한 고품질의 자치법규 제정

    - 표준안에 대한 신뢰도 향상으로 자치법규 부패소지 제로화 달성

    - 고품질 표준안에 의거 행정력 낭비방지 및 주민만족도 향상",,,"부패영향평가에 대해 관심을 주셔서 진심으로 감사를 드립니다.


표준조례는 중앙부처가 추진하는 자치단체에 대한 시책에 대해 조례의 모델을 만들어 자치단체의 특성별로 일정부분 가감하여 조례를 제정해달라는 취지입니다. 조례는 지방의회가 제정권한이 있고 자치법규는 자치단체장의 권한으로 그 조례의 제정여부와 내용의 결정은 자치단체의 권한이라 할 수 있습니다


 그러므로 자치단체의 권한에 의해 발의되지 않고 발의권한이 없는 중앙정부가 지침으로 시달된 표준조례를 평가하는 것은 법규의 취지에 맞지 않다고 할 수 있습니다.  제개정 법령 및 자치법규의 부패영향평가는 국회와 지방의회가 아닌 발의권한이 있는 정부와 지방자치단체장이 발의한 법령과 자치법규에 한해서 평가를 할 수 있습니다.


 또한 표준조례의 부패영향평가를 한다고 하더라도 지방자치단체가 표준조례의 내용을 가감하여 조례를 발의할 경우 별도의 부패영향평가를 다시하여야 하므로 이중 평가의 행정력 낭비가 초래됩니다.


 표준조례를 중앙정부가 발의하여 직접 지방의회 심의가 이루어 진다면 부패영향평가가 가능하나 중앙중부는 조례를 발의할 권한이 없으므로 부패영향평가에 표준조례를 제도화시키기는 어렵다는 것을 알려드립니다.


 감사합니다.",20240125,NA
불과 관련 정월대보름 행사 화재에방차원에서 축소돼야 한다는 의견,행정/자치/안전,,답변완료,2010-02-15,2010-05-07,국민안전처,"불과 관련 정월대보름 행사 화재에방차원에서 축소돼야 한다는 의견



겨울철이나 정월 대보름을 즈음하여  쥐불놀이, 봄철화재 로 많은 화재발생으로  인명과 재산의 피해가 급증하고 있어 자제돼야 하고  화재예방에 각별한 관심과 대책을 강구해야 합니다.


작년 '창녕 화왕산 억새 태우기 행사' 참변 상기해야 


무리한 대보름 행사 자제해야 하며 불조심은 열번을 강조해도 부족하다고 본다 


이제 얼마 안 있으면 민속명절인 구정을 맞는다. 구정을 지나고 나면 각종 대보름 민속명절행사가 여기저기서 행하여 지고 있다. 그러나 대보름행사에는 불과 관련한 것이 많아 화재가 빈발하고 따라서 안까운 인명과 재산 피해가 속출하고 있어 특별한 경게와 조심을 해야 한다고 본다. 해마다 똑같은 일을 번복하고 있어 아타깝다. 


1년 전 창녕 화왕산 억새 태우기 대보름 행사 참변 뒤 떠다시 어리석은 뒤 밟는 일 없게 되기를 바라는 마음이다. 지방자치단체의 인기영합을 위하여 무리하게 추진한 결과라고 본다. 금년에는 많은 눈도 내렸지만 일부지역에는 가뭄이 시작되고 있어 각별한 주의와 조심을 해야 할 것으로 본다. 불조심을 열번을 강조해도 부족하지 않기 때문이다. 


대보름 행사로 추진된 '창녕 화왕산 억새 태우기 행사'가 참변을 불러온 것은 일기와 기후를 무시한 부적절한 행사를 무리하게 추진했기 때문이라고 본다. 인파가 몰리는 각종 행사는 안전에 만전을 기해야 하며,조심에 조심을 해야 한다고 본다 


세계적인 기후변화와 이상기온 그리고 환경의 변화에 따른 생태계의 이상조짐으로 지진과 폭우 그리고 강취위로 인한 피해 그리고 호주와 미국에 큰불이 일어나 많은 인명과 재산 피해가 났다고 외신을 통해 전해왔고 최근들어 중구의 쓰촨성 대진과 아이티강진으로 인한 엄청난 피해가 발생하고 있다. 


우리나라도 겨우내 가뭄이 지속하고 있어 온갖 나무와 숲이 바싹 말라 있다. 언제라도 화재의 위험성이 높아진 현실은 잘 아는 터인데 대보름행사나 지방 행사를 빌미로 억새밭에 불을 지르는 것은 관치화재라고 보아도 무리가 아닌 듯싶다. 


행사를 주관하는 지방자치단체가 충분한 안전대책이나 예방책이 소홀한 채 행사를 무리하게 추진하여 인명이 화재로 사망하는 사고가 난 것은 무슨 이유나 명분으로도 해결되지 않는다. 관광길에 나섰다가 화마로 비명횡사한 고인과 유가족들에게는 무슨 위로를 할 것인가? 


이번 행사를 무리하게 추진한 사람들은 결과를 놓고 보면 실화로 그 책임을 모면하기 어려울 것으로 본다. 


대책 없는 지방자치 토속행사가 부른 어리석은 '대보름 억새 태우기'. 가뭄도 분간하지 않은 채 무리하게 추진한 결과가 씻을 수 없는 결과를 낳은 만큼 그 책임으로부터 절대로 자유로울 수 없다고 보며, 반드시 책임자가 가려져 처벌이 되어야 할 것이다. 


불조심은 백번을 강조하고 수십 번을 더 강조해도 부족하지 않은 것이다. 이번 창녕 화왕산 억새 태우기 참변은 인재이며, 반드시 책임자 처벌과 사고예방대책이 세워져야 하며 예기치 않은 사고로 참변을 당한 사망자와 희생자에게는 충분한 사후 처리가 있어야 할 것이라고 본다. 


정월 대보름에 억새를 태우면 불을 불러 풍년이 온다는 민속적 전통이 있다고는 하지만, 이런 왕가뭄에 불을 질렀을 때 예상되는 충분한 조치와 더불어 안전대책이 세워져야 하며 조금이라도 위험하다고 예측되거나 미심쩍게 생각할 때에는 행사를 즉시 중단해야 하며 앞으로는 신중히 고려해야 할 것이라고 본다. 


불을 태워 좋은 점도 있다고 하지만 반대로 피해나 자연적인 손해도 우선 생각해야 한다고 본다. 생태계 변화가 빠르게 진행되고 있는 현실에 전문가의 조언도 반드시 필요하다고 본다. 


우리는 각종 화재와 그리고 얼마 전 재개발에서 비롯된 '용산참사'로 6명의 희생자가 발생해 연일 수사가 이루어지고 있어 화재에 대한 경각심이 높은 마당에 이번 창녕 화왕산 억새 태우기 참변은 너무나 안타깝고 유감스럽지 않을 수 없다. 


앞으로 우리는 화재에 대한 경각심을 높이고 어떠한 지역행사나 지방문화차원의 대보름 행사라도 불이 연관된 행사는 재고되거나 재검토되어야 마땅하며, 충분한 예방책과 일기와 기후에 따른 점도 충분히 고려 검토하는 지혜가 필요하다고 본다. 


무지한 단체장들의 밀어붙이기식의 행사로 인한 인재로 말미암은 희생자와 유가족에게 심심한 위로와 충분한 뒤처리가 있기를 기대하며 앞으로는 이러한 행사나 유사한 일로 더 이상의 무고한 인명과 자연환경 파괴가 잘못된 판단 탓인 화재로 사망자가 발생하지 않게 재발방지책이 세워져 화마 때문에 몸서리치게 하는 일이 다시는 없게 되기를 아울러 바라며, 다시 지난해와 같은 어리석은 자치단체의 무리한 행사추진으로 인한 참변으로 고귀한 생명을 잃는 일이 일어나지 않게 되기를 바란다. 

글쓴이 /정병기<국가유공자.한국방송대 행정4>",,,"안녕하십니까?  정병기 님


소방방재청에서 특별경계근무를 담당하고 있는 권웅입니다.

귀하께서 화재예방을 위해 좋은 의견주신 것에 고개숙여 깊이 감사드립니다.


우리청에서는 화재 등 각종 재난의 예방과 대응을 위해 많은 노력을 하고 있습니다.

우려하시는 것처럼 겨울철 건조기에 억새태우기 등 여러 민속놀이가 화재발생과 매우 깊은 관계가 있어 사실상 저희들은 겨울철 내내 특별경계근무에 돌입하여 근무하고 있습니다.


이에 따라 정월 대보름에도 특별경계근무를 실시하고 대규모 행사장의 경우 우리청의 소방공무원을 직접 현장에 파견하여 안전을 확인하고 지도토록 한 바 있습니다. 앞으로도 우리청에서는 화재 등 각종 재난이 발생할 것으로 우려되는 시설이나 행사 등에는 화재예방 점검을 철저히 하고 소방차를 사전에 배치하는 등 최선의 노력을 다할 생각입니다.


다시한번 좋은 의견을 주신것에 깊이 감사드리며 앞으로도 국민의 안전에 깊은 관심을 가지시고 좋은 의견을 주실것을 부탁드립니다. 환절기에 감기조심하시고 건강하시길 바랍니다.  감사합니다.


소방방재청 방호과  권웅(02-2100-5346,  ku70@korea.kr)",20240125,NA
불과 관련 정월대보름 행사 화재에방차원에서 축소돼야 한다는 의견,행정/자치/안전,,답변완료,2010-02-15,NA,소방방재청,"불과 관련 정월대보름 행사 화재에방차원에서 축소돼야 한다는 의견



겨울철이나 정월 대보름을 즈음하여  쥐불놀이, 봄철화재 로 많은 화재발생으로  인명과 재산의 피해가 급증하고 있어 자제돼야 하고  화재예방에 각별한 관심과 대책을 강구해야 합니다.


작년 '창녕 화왕산 억새 태우기 행사' 참변 상기해야 


무리한 대보름 행사 자제해야 하며 불조심은 열번을 강조해도 부족하다고 본다 


이제 얼마 안 있으면 민속명절인 구정을 맞는다. 구정을 지나고 나면 각종 대보름 민속명절행사가 여기저기서 행하여 지고 있다. 그러나 대보름행사에는 불과 관련한 것이 많아 화재가 빈발하고 따라서 안까운 인명과 재산 피해가 속출하고 있어 특별한 경게와 조심을 해야 한다고 본다. 해마다 똑같은 일을 번복하고 있어 아타깝다. 


1년 전 창녕 화왕산 억새 태우기 대보름 행사 참변 뒤 떠다시 어리석은 뒤 밟는 일 없게 되기를 바라는 마음이다. 지방자치단체의 인기영합을 위하여 무리하게 추진한 결과라고 본다. 금년에는 많은 눈도 내렸지만 일부지역에는 가뭄이 시작되고 있어 각별한 주의와 조심을 해야 할 것으로 본다. 불조심을 열번을 강조해도 부족하지 않기 때문이다. 


대보름 행사로 추진된 '창녕 화왕산 억새 태우기 행사'가 참변을 불러온 것은 일기와 기후를 무시한 부적절한 행사를 무리하게 추진했기 때문이라고 본다. 인파가 몰리는 각종 행사는 안전에 만전을 기해야 하며,조심에 조심을 해야 한다고 본다 


세계적인 기후변화와 이상기온 그리고 환경의 변화에 따른 생태계의 이상조짐으로 지진과 폭우 그리고 강취위로 인한 피해 그리고 호주와 미국에 큰불이 일어나 많은 인명과 재산 피해가 났다고 외신을 통해 전해왔고 최근들어 중구의 쓰촨성 대진과 아이티강진으로 인한 엄청난 피해가 발생하고 있다. 


우리나라도 겨우내 가뭄이 지속하고 있어 온갖 나무와 숲이 바싹 말라 있다. 언제라도 화재의 위험성이 높아진 현실은 잘 아는 터인데 대보름행사나 지방 행사를 빌미로 억새밭에 불을 지르는 것은 관치화재라고 보아도 무리가 아닌 듯싶다. 


행사를 주관하는 지방자치단체가 충분한 안전대책이나 예방책이 소홀한 채 행사를 무리하게 추진하여 인명이 화재로 사망하는 사고가 난 것은 무슨 이유나 명분으로도 해결되지 않는다. 관광길에 나섰다가 화마로 비명횡사한 고인과 유가족들에게는 무슨 위로를 할 것인가? 


이번 행사를 무리하게 추진한 사람들은 결과를 놓고 보면 실화로 그 책임을 모면하기 어려울 것으로 본다. 


대책 없는 지방자치 토속행사가 부른 어리석은 '대보름 억새 태우기'. 가뭄도 분간하지 않은 채 무리하게 추진한 결과가 씻을 수 없는 결과를 낳은 만큼 그 책임으로부터 절대로 자유로울 수 없다고 보며, 반드시 책임자가 가려져 처벌이 되어야 할 것이다. 


불조심은 백번을 강조하고 수십 번을 더 강조해도 부족하지 않은 것이다. 이번 창녕 화왕산 억새 태우기 참변은 인재이며, 반드시 책임자 처벌과 사고예방대책이 세워져야 하며 예기치 않은 사고로 참변을 당한 사망자와 희생자에게는 충분한 사후 처리가 있어야 할 것이라고 본다. 


정월 대보름에 억새를 태우면 불을 불러 풍년이 온다는 민속적 전통이 있다고는 하지만, 이런 왕가뭄에 불을 질렀을 때 예상되는 충분한 조치와 더불어 안전대책이 세워져야 하며 조금이라도 위험하다고 예측되거나 미심쩍게 생각할 때에는 행사를 즉시 중단해야 하며 앞으로는 신중히 고려해야 할 것이라고 본다. 


불을 태워 좋은 점도 있다고 하지만 반대로 피해나 자연적인 손해도 우선 생각해야 한다고 본다. 생태계 변화가 빠르게 진행되고 있는 현실에 전문가의 조언도 반드시 필요하다고 본다. 


우리는 각종 화재와 그리고 얼마 전 재개발에서 비롯된 '용산참사'로 6명의 희생자가 발생해 연일 수사가 이루어지고 있어 화재에 대한 경각심이 높은 마당에 이번 창녕 화왕산 억새 태우기 참변은 너무나 안타깝고 유감스럽지 않을 수 없다. 


앞으로 우리는 화재에 대한 경각심을 높이고 어떠한 지역행사나 지방문화차원의 대보름 행사라도 불이 연관된 행사는 재고되거나 재검토되어야 마땅하며, 충분한 예방책과 일기와 기후에 따른 점도 충분히 고려 검토하는 지혜가 필요하다고 본다. 


무지한 단체장들의 밀어붙이기식의 행사로 인한 인재로 말미암은 희생자와 유가족에게 심심한 위로와 충분한 뒤처리가 있기를 기대하며 앞으로는 이러한 행사나 유사한 일로 더 이상의 무고한 인명과 자연환경 파괴가 잘못된 판단 탓인 화재로 사망자가 발생하지 않게 재발방지책이 세워져 화마 때문에 몸서리치게 하는 일이 다시는 없게 되기를 아울러 바라며, 다시 지난해와 같은 어리석은 자치단체의 무리한 행사추진으로 인한 참변으로 고귀한 생명을 잃는 일이 일어나지 않게 되기를 바란다. 

글쓴이 /정병기<국가유공자.한국방송대 행정4>",,,,20240125,NA
내진 소방설비가 법제화 되어야 하는 이유,행정/자치/안전,,제안추진,2010-02-13,2017-01-17,행정안전부,"내진배관설비 법제화 되어야 하는 이유!


 1. 내진 배관설비의 필요성

 1976년 중국의 당산대지진과 1995년 일본에 고베 대지진이후 중국, 대만, 미국, 터키, 인도, 인도네시아, 아이티등 세계는 연속적인 대지진으로 수많은 재산과 귀중한생명이 희생되고 있습니다. 

그로인해 전 세계는 지진의 공포에 휩싸여 있으며 그 대비책으로 빌딩, 아파트 등 고층건물에 내진공법설계의 필요성이 더욱더 인식되고 있습니다. 

특히 일본의 지진은 이웃인 한국의 불안이 가중되는 큰 요인이 되고 있으며 현제개발도상국과 선진국의 모든 건설업은 내진공법의 설계로 전환되고 있습니다.  한국에서도 내진공법에 의한 건축의 필요성이 인식되어 3층 이상의 고층건물에는 내진건축법이 법제화 되었습니다. 

 그러므로 이에 따른 고층건축물과 산업시설에 중요한 부분을 차지하는 배관시설도 2차적인 지진재앙 을 방지하기위해서 고층건축물 뿐 아니라 가스, 상하수도, 원자력발전소 등 중요한 산업시설의 모든 배관설비 전반에 내진배관공법으로 설비되도록 만들어 져야합니다. 


 2. 일본 지진의 2차적인 피해의 사례

 한신 대지진은 효고현에서 정전2,000,000호, 수도 1,300,000호, 가스 800,000호의 크나큰 피해를 입었고, 고베시는 배수관 약1,700개소 옥외 급수관 약10,000개소 옥내급수관 약4,000개소, 저압가스 이음쇠 약2,600군데가 피해를 보았습니다.


 3. 내진배관의 현실화

환경부와 지식경제부의 수도시설과 송유관, 가스 시설 내진 법안 내용을 보면 규모 5.7~ 6.1까지 견딜 수 있도록 하는 시설을 하도록 제안하고 있습니다. 


 그러나 건설사와 설비업자들은 그 당위성은 인정하고 있으나 세부 규정과 건축법에 제도적 규제가 없는 제안에  현실적으로 건설업자들과 설비업자들은 자사의 공사비용이 추가되는 내진배관공법의 설비작업을 할 이유가 없다고 생각할 것입니다.   


그렇다고 해서 공학적이고, 기술적인문제를 획일적으로 규정할 수 없는 책임을 가진 각 행정부서가 세부 내진배관설비 “법” 규정을 정하는데 고충과 고민이 있을 것으로 봅니다.    

그러므로 이 내진공법은 21세기의 새로운 공법이므로 이 내진배관공법이 자리 잡기위해서는 점진적인 발전과정에서 정착되도록 하는 것이 합리적일 수 있다고 봅니다.    


그러기 위해서는 내진배관 건축법의 기본 틀을 현행 규정에 출발 한다고 하더라도  

예컨대: <건축물의 경우>

(1)건축설계를 내진배관공법으로 설계를 했을 때 건축허가를 인정하는 제도.  

(2)건설회사는 내진배관공법으로 공사를 했을 때 준공허가를 인정하는 제도. 

상기의 제도를 활용 한다면 내진배관공법을 정착하는데 도움이 될 것으로 봅니다.


저희의 자료를 살펴보시고 참조하시기 바랍니다.




 <가스관>


<전기 배선관>


<소방관>

기존소방관 보다 지진발생시 화재로 인한 2차적인 피해를 방지할 수 있는 완벽한 제품입니다


미국과 일본의 지진대비 내진배관설비방법은 작업방법이 까다롭고, 시공자의 잘못으로 누수, 누출이 자주 발생합니다. 그러나 KSK 제품은 조립방법이 간편하고, 누수, 누출이 완벽하게 차단되는 제품입니다.


KSK의 기술은

한국, 일본, 미국, 중국 등의 내진배관의 세계원천기술을 획득한 발명특허 제품입니다.

그리고 이 기술을 전 세계가 사용할 수 있도록 하는 규격화작업을 준비하고 있습니다.

                                              www.kskep.com",,,"안녕하세요? 

우리 국민안전처 업무에 관하여 소중한 의견을 주셔서 감사드립니다.

국민제안규정의 심사기준에 따른 결과를 아래와 같이 안내해 드립니다.


□ 효율성 및 효과성

본 제안은 매우 바람직한 사항으로 판단하여 법과 규정을 아래와 같이 개정하여 시행하고 있습니다.

  -소방시설법 제9조의 2(소방시설의 내진설계기준) 개정(‘15.7.24.)

  -소방시설법 시행령 제15조의 2(소방시설의 내진설계) 개정(‘16.1.19.)

  -소방시설의 내진설계 화재안전기준 제정(‘15.11.30./시행‘16.1.25.)


답변이 늦은 점을 널리 이해해 주시기 바라며, 이 밖에 문의사항은 소방제도과 박한종(044-205-7252)에게 연락주시기 바랍니다. 고맙습니다.


 ",20240125,NA
중고등교재활용하기,행정/자치/안전,,제안심사,2010-02-12,NA,중랑구,"현황 및 문제점

 ⃝ 중고 교재 활용하기 

    집안형편이 어려운 아이들에게 학원비는 물론 교재도 벅찬 경우가 많이 있습니다. 참고서비가 하늘높은줄 모르고 가격이 오르기 때문입니다. 그래서 집안에서 아이들이 사다 풀지 않은 수학교재나 아니면 영어 듣기 평가 tape 정도는  있습니다. 영어듣기평가 tape 가격도 만만치 않고 풀지않은 교재도 치우지 않고 나란히 꽂아 있는 경우가 많으니 같이 나눠 사용하면 좋겠다는 생각을 합니다. 

 ○ 문제점은 아무래도 어디에 갖다 주어야 하는지 모른다는 것이고 아이들도 언제가는 풀어야지 하고 그냥 꽂아두는 경우가 많아서 내놓기가 힘들수도 있습니다.


⃞ 개선 및 활동계획

 ⃝ 학년이 올라가면 지난해 풀지 않았던 문제집을 상의 해서 내놓고 중랑구민소식지에 중고교재를 동사무소에서 모은다고 하면 어머니들도 참여하시지 않을까 싶습니다. 교재를 모아서 목록을 작성하여 인터넷에 올려서 필요한 것을 구입하도록 하면 좋겠습니다. 


○ 인터넷은 교재중고샾이라고 칭해서 중랑구청에서 사이트를 만들어도 좋지 않을까 싶습니다. 아이들끼리 사고 팔고 하는 것도 좋지만 우선을 학원도 가지 않고 집에서 공부하고 교재를 구매하지 못하는 아이들 위주로 보내주는 방법도 좋지 않은가 싶습니다. 자원봉사자분들이 분임조를 만들어서 체계적으로 하면 좋겠습니다.",,,NA,20240125,NA
신문고 답변 기간을 강제화 ,기타,,답변완료,2010-02-08,2010-03-08,국민권익위원회,"몇번 신문고를 두들기는데

도대체 답변 기간에 제대로 답변및 해결이 안되는군요

1주내에 답변하기 곤란하면 해당 공무원은 언제까지 해결하겠다고 답장을 하는 수도 있는데

역시 그것 마저도 그이후에 답변이 전혀 없는 경우가 많습니다.


나의 제안은 민원인이 해결되지 않았다고 체크하는 경우 재 전달 및 접수 그리고 담당공무원의 재 회신이 이루어 지도록 하였으면 합니다.

아울러 답신에 검토하여 보겠다 하고 끝인데 그 다음 어찌 돌아 가는지 전혀 모르겠습니다.


답변 공무원의 고가 점수에 민원인의 만족도도 추가 하여 주십시요

공무원의 문제점을 지적하면 같은 제식구라고 감싸안으려구 하는 심사 담당 공무원도 그에 대한 고가점수도 반영시켜야 한다고 봅니다.",,,"1. 국민신문고에 대한 관심에 감사드리며, 귀하께서 신청하신 제안(1AB-1002-003984 : 국민신문고 접수민원의 사후관리 강화)에 대한 검토 결과를 다음과 같이 알려드립니다.


        2. 한승훈님께서 신청하신 제안은 다음과 같이 관련법령에 규정되어 있거나 국민신문고 시스템에서 이미 시행되고 있습니다.

         ○ 국민신문고에서는 각 기관이 근거법령에 따른 민원처리기간을 체크하고 정해진 기간 내에 민원을 처리토록 하고 있으며,

           - 불가피하게 기간 내에 처리가 어려울 경우 민원인에게 사유를 통지하고 민원처리기간을 연장하여 처리할 수 있게 하고 있습니다.

          ※ 민원처리기간은 통상 일반민원 7일, 법령질의 14일(민원사무처리에 관한 법률 시행령 제19조)로 규정되어 있으며, 각 기관은 개별법령에 근거해 처리기간을 정할 수 있음.

         ○ 또한, 국민신문고는 처리결과에 대한 민원인의 만족도 평가에서 불만족으로 체크되면 이를 담당공무원에게 통보해 추가로 답변하게 하는 ‘민원 불만제로 서비스’를 지난 ‘09년 11월부터 실시하고 있습니다.


        3. 이와 함께 국민권익위원회는 대국민 행정서비스 향상을 목표로 매년 중앙행정기관 민원처리실태를 평가하고 그 결과를 언론을 통해 공개하고 있습니다.

         ○ 올해의 경우 제안하신 개선사항이 반영된 민원처리 예정기간 준수율, 불만족민원 추가답변율 및 개선노력도, 민원답변 성실도 등 총 9개 지표를 기준으로 평가를 추진하고 있으며(권익위 보도자료 참조),

         ○ 부진한 기관에 대해서는 지도・점검 및 교육을 실시하고 담당직원의 성과에 따른 인센터브・페널티 부여제를 포함한 개선대책을 수립하여 추진할 계획입니다.


        4. 신청하신 제안은 위와 같은 사유로 국민제안규정 제2조에 의거 채택하지 않음을 양해하여 주시기 바랍니다.


        5. 상기 내용 이외에 추가로 궁금하신 사항은 국민신문고담당관실 최해일(02-360- 2747)에게 연락하여 주시기 바라며, 귀하와 귀하의 가정에 건강과 행운이 항상 함께하기를 기원합니다.  끝.",20240125,NA
고루수나무를 도시 공원에다 심읍시다 ,행정/자치/안전,,답변완료,2010-02-06,2013-01-31,서울특별시,도시공원에다가  고루수나무 를심어서 나무에다가  수도꼭지를 부착해서 나무에서 나오는 물를 시민들에게 마시게 합시다,,,"시스템 오류로 누락되어 답변이 늦어져 죄송합니다.

우리시 공원에는 고로쇠나무(단풍나무) 뿐만 아니라 다양한 나무들을 식재하고 있으며

나무를 보호하기 위해서 수액채취는 금지하고 있습니다.",20240125,NA
국민신문고 홈페이지 개선 ,기타,,답변완료,2010-02-05,2010-03-04,국민권익위원회,"1. 현실태 문제점 


- 국민신문고 홈페이지 ""나의제안""에 들어가보면 지금까지 내가 제안했던

내용들이 정리되어 있다.


2. 개선내용


- 제안제목 옆에 ""만족도 조사""를 했는지 안했는지 여부를 확인할 수 있도록

 별도 확인창을 만든다.

- 그리도 확인하시면 ""포인트 10점""을 드린다는 내용도 간략하게  전시한다



3. 기대효과


-제안제목 옆에 ""만족도 조사""를 했는지 안했는지 여부를 확인할 수 있도록

 창을 만들어 주면 많은 사람들이 ""만족도 조사"" 에 응할 것이다.


- 그리도 확인하시면 ""포인트 10점""을 드린다는 내용도 간략하게 

 전시한다면 높은 만족도 조사율을 보일것이다.",,,"○ 임귀성님 안녕하십니까? 국민제안에 대한 관심과 참여에 감사드립니다.

 ○ 귀하께서 제출하신 제안의 요지는 ‘국민제안 처리만족도 조사를 위해 확인창을 만들고, 만족도 조사를 확인하면 포인트를 10점 부여하라.’는 내용으로 파악되며, 아래와 같이 검토결과를 알려드리고자 합니다.

 ○ 귀하의 제안과 관련, 만족도조사를 활성화하기 위해 별도의 시스템 개선은 고려하기 어렵지만, 향후 중장기적으로 시스템 개선시 검토가 가능할 것으로 판단됩니다.

 ○ 금번 귀하의 제안을 채택하지 못하여 아쉽게 생각하며, 앞으로도 좋은 의견을 많이 제출하시면 국민신문고 운영 활성화에 최대한 반영할 수 있도록 적극적인 노력을 기울이겠습니다. 감사합니다.",20240125,NA
"""사례품 사회환원센타"" 운영",기타,,답변완료,2010-02-02,2010-03-15,국민권익위원회,"○ 개요

   ＊ 지방자치단체 민원실내 사례품 수수대를 설치하고 수수품은 사회복지센타 등에 기부

 ○ 현황 및 문제점

   ＊ 우리사회에서 ""사례""에 대한 의미가 좋은 의미로 인식되지 못하고 있는 것이 사실이며

   ＊ 이로인한 불신의 사례문화가 팽배하여 사회 전반적인 유 ・ 무형의 손실발생

 ○ 개선방안

   ＊ 사례품을 떳떳하게 주고 받을수 있도록 민원실내 Open된 사례수수센타를 운영하고 

   ＊ 사례품 급여자에게는  ""인센티브 점수""를 각종 입찰과 연계 또는  ""포상제"" 운영

 ○ 기대효과

   ＊ 신뢰하는 사례문화 정착으로 인한 유 ・  무형의 국익발생 

   ＊ 사례품 급여자는 ""인센티브 점수"" 또는 ""포상""을 부여 받음으로 이익발생  

   ＊ 사례품 제1수급자인 공무원은 청렴도 제고효과 발생

   ＊ 사례품 제2수급자인 사회복지센타 등은 기부수액 증가",,,"○ 공직부패에 관심을 가져주시고 제안을 해주신데 대하여 감사드립니다.


○ 귀하의 ""사례품 환원센터"" 설치 제안에 대하여 검토한 바,

  - 지자체에 사례품 수수센터를 설치하여 사례품을 사회복지센터 등에 기부하는 것은 공무원행동강령 제21조 규정에 따라 금지된 금전, 선물 등 금품 수수의 경우 제공자에게 즉시 반환토록 하고 있어 반환대상 금품인지의 판단이 선행되어야 하며, 포상, 기부 등은 좀더 면밀한 검토가 필요할 것으로 사료됩니다.

  - 아울러 공직자행동강령에 위반되는 금품 등의 접수, 처리를 위하여 클린신고센터를 설치할 수 있도록 하고 있어, 이미 유사한 형태의 제도가 마련되어 있습니다.


○ 위와 같은 사유로 귀하의 제안을 불채택함을 양해하여 주시기 바라며,

앞으로도 고견을 주시면 정책 수립시 참고하여 검토될 수 있도록 노력하겠습니다. 감사합니다.",20240125,NA
유명찜질방의 목욕탕 탈의실에 cctv설치가 되어있습니다,행정/자치/안전,제목 없음.jpg,제안심사,2010-02-01,NA,송파구,"서울레져 찜질방이라고 포털사이트에 검색하면 아주 유명하고 제일 좋다고나옵니다

그러나 이건 틀린말이라는걸 알았습니다

일단 찜질방의 위치는 서울시 송파구 오금동 서울레져인데요

방이역 100m근처입니다

어쨋든

찜질을하러들어갔죠..

수면실에 갔습니다 와 근데 청소를안하는지 구석에 누워자는곳은 완전 낙서로 도배되어있습니다 그리고 심지어 머리카락 과자부스러기 담배공초 와 ㅡㅡ 엄청나게 더럽고요

제일중요한게뭔지아세요?

씻으러 탕에가서 옷을벗는데 눈에뛰는게있더라고요

락커룸 에서 도둑질한 남자의 사진이 있고 현상금 얼마 라고 적혀있더라고요

별생각을안했는데 나중에 생각해보니깐 아니 어떻게 락커룸잇는데 정확히 cctv가 있을수있는거죠? 그래서 가봣지요 근데 왠걸 cctv5~6개가 천장에 대놓고 아주 붙어져있었습니다

이런건 살아오면서 본적이없는데 처음이었어요

제가 남자였으니까 그렇지 여탕에도 그렇게되있으면 이건 엄청난 일입니다

이거빨리 처리해주셔야합니다 

위생,사생활침해 이건 진짜 너무심하던데요",,,NA,20240125,NA
행정차량(자동차세 납부 및 보험료 납부) 개선 ,행정/자치/안전,,답변완료,2010-02-01,2013-01-25,서울특별시,"[개  요] 

1. 현재 행정차량 자동차세  납부  및  자동차보험 가입방법 변경 운영 

    - 자동차세는 1년에 상반기, 하반기 두번내고 있습니다 

      위와 같이 자동차를 납부하고 있으면,  연1회(매년 1월30일까지) 납부하면  

      서울특별시에서는 자동차세액 10%의 할인하고 있습니다. 

    - 자동차보험은 연1회 납부를 하고 있습니다 

      자동차보험은 보험회사 사원에게 가입을 하고 있으면 사원에게 가입하는  

      방식을 인터넷으로 가입으로 변경하면 보험료가 보험회사 사원에 게 가입한 

      것보다 저렴하게 가입할 수 있어 에산절감효과가 있습니다. 


[현황 및 문제점] 

1. 현황 

    - 현재 서울시에 보유하는 어무용 행정차량은 많을 것으로 생각 됩니다. 

    - 자동차세를 분납으로 납부하고 있으면,  연납으로 할 경우보다 비용이  

      많이 소요됩니다. 

    - 자동차 보험료도 보험회사 사원에게 견적을 받아 재무과 계약팀에서  

       일괄 게약하고 있습니다. 


2. 문제점 

   - 자동차세를 분납으로 납부하고 있다면,  연납으로 납부 하는것 보다 10%  

      할인을 받지 않아 예산 낭비 입니다. 

   - 자동차 보험료도 보험회사 판매사원에게 가입하면, 인터넷으로 가입보다  

      약 5%~10% 할인을 받지 않아 예산 낭비 입니다. 

     (자동차 사고시 보상관계로 보험회사 판매사원에게 가입은 한다면 그것은  

      잘못 생각입니다  인터넷으로 가입을 하여도 차량사고시 신속하게 처리 

      하고 있습니다.) 


[개선방안] 

1. 자동차세 

    - 자동차세를 분납(상반기, 하반기)으로 납부하지 말고,  연납(1년 1회,  

      1월30일까지)으로 납부하여 자동차세 10% 할인을 받으면 합니다. 

2. 자동차 보험료 

    - 자동차 보험료도 보험회사 판매사원에게 가입을 하지 말고, 인터넷으로 

       가입하면 약5%~10%의 할인을 받을 수 있습니다. 

      (예. 저는 무쏘자동차를 가지고 있습니다. 보험회사 판매사원에게 견적을  

       받으면 550,000원 인터넷으로 견적을 받으면 500,000원으로 견작을 받았 

       습니다) 


[기대효과] 

1. 자동차세를 연납으로 납부하여 10%  할인과, 자동차 보험료 약5%~10%  

   할인을 받으면 예산절감효과 예상됩니다.",,,"이재복님 안녕하십니까?


서울 시정에 관심을 가져주신데 대해 감사드리면서, 공용차량의 예산절감과 관련하여 제안주신 내용에 대한 답변이 너무 늦게된점 우선 사과의 말씀을 드립니다.


서울시에서는 행정력 간소화 및 예산을 절감하고자 본청 모든 차량의 보험료 및 자동차세 등 제세공과금 예산을 주관부서에 통합편성(집행)하고 있습니다.


‘자동차세’는 2000년도 이전부터 매년 초 연납하여 10% 선납할인과 ‘승용차 요일제’ 참여로 5%를 추가 할인받고 있으며,

‘자동차보험’은 전년도까지는 본청 기관운영차량만 공개입찰방식으로  가입하였으나 올해부터는 각 부서의 단속, 점검 등 특수사업용도 포함한 모든 차량으로 확대하여 공개입찰 가입할 예정에 있습니다.


서울시에서는 공용차량의 정속운전 및 습관, 배차시스템 사용, 운행공개 등 투명한 운영을 지속적으로 개선하고 있으며 이를 통해 예산이 낭비되지 않도록 노력하고 있습니다.


서울시는 시민과 함께 만들며 함께 누릴 수 있는 서울을 만들기 위하여 최대한을 다할 것을 다시 한 번 약속드리며 서울시정에 관심을 보여주신데 대해 거듭 감사드립니다.


이재복님 가족 모두의 건강과 행복을  기원합니다.  끝.",20240125,NA
보건소 토요일 진료 건,행정/자치/안전,,제안심사,2010-01-30,NA,강남구,"현행제도 -----------------------------------------------------------

강남보건소에서 골밀도검사를 6,000원에 할 수 있다고 해서 11월 초순경에 전화를 했더니 신종플루 때문에 무기한 골밀도 검사가 불가능 하다 했습니다. 그리고 어제 다시 연락을 했는데 정상 진료를 시작했다고 합니다. 그런데 토요일은 골밀도 검사를 안한다고 합니다. 

직장인들은 아픈것도 아니고 검사를 하는거라 근무시간에 골밀도 검사하러 외출을 한다는건 있을 수 없는 일입니다. 일반 병원은 모두 토요일 오후 2~5시까지 진료를 하는데 보건소만 토요일에 진료를 안함.


개선내용-----------------------------------------------------------

보건소도 일반 병원처럼 토요일도 2~5시까지 진료 시 직장인도 보건소를 이용 가능.


개선 시 기대효과---------------------------------------------

골밀도검사 경우를 예로 들겠습니다.

일반 병원 골밀도 검사비는 50,000원 보건소는 6,000원이니 44,000원이나 차이가 납니다.

국민들의 의료비 80% 이상 절감 효과가 발생 합니다.


의문사항-----------------------------------------------------------

보건소 근무자나 공무원들은 골밀도검사 한다고 평일 근무시간에 외출이 가능한가요?

일반 직장인들은 월차나 반차를 쓰거나 휴가기간에나 가능 합니다.

검사비용 지출도 만만치 않은데 유급휴가까지 써야 한다니...... 답답합니다.",,,NA,20240125,NA
국민신문고의 민원만족도 설문 참여 포인트 배정방법 개선,기타,,답변완료,2010-01-29,2010-02-26,국민권익위원회,"제가 신청한 민원에 대해 국민신문고로부터 ""민원 만족도조사 설문 참여 시에 부여되는 포인트가 기관별로 차이가 있으니 시정해 달라'는 것으로 이해하고 답하여 포인트 배정방식의 개선을 요구합니다.

현재 각기관별 수동(임의)배정방식을 신문고에서 공지한 내용에 따라 ""전산배정""토록 개선을 요구합니다. 즉 민원만족도 등 참여시 프로그램을 전산방식으로 전환하여 자동적(무조건)으로 점수가 배정되도록 프로그램 개선을 요구합니다. 감사합니다.",,,"1. 국민신문고에 대한 관심에 감사를 드리며, 귀하께서 신청하신 제안(민원 만족도조사 응모 시 부여되는 포인트가 자동 배정되도록 개선)에 대한 검토결과를 다음과 같이 알려드립니다.


2. 답변사항

   ○ 민원 만족도조사 응모 시 부여되는 포인트는 현재도 수작업 없이 자동으로 배정되고 있습니다.

   ○ 다만, 지난 1월 제출하신 민원에 대해 답변 드린 바와 같이 일부 기관에서 처리된 민원에 대해서는 만족도조사 설문에 응모하셔도 포인트가 적립되지 않는 오류가 발견되어 정상적으로 적립될 수 있도록 3월 말까지 개선할 예정입니다.

   ○ 제출하신 의견은 국민제안규정 제2조에 의거한 단순 건의에 해당하여 채택하지 않음을 양해하여 주시기 바랍니다.

   ※ 국민제안규정 제2조(정의)

       1. ""국민제안""이라 함은 국민이 정부시책 또는 행정제도ㆍ운영의 개선을 목적으로 중앙행정기관의 장, 지방자치단체의 장 또는 특별시ㆍ광역시ㆍ도ㆍ특별자치도 교육감(이하 ""행정기관의장""이라 한다)에게 제출하는 창의적인 의견 또는 고안으로서 다음 각 목의 어느 하나에 해당하지 아니하는 것을 말한다.

            가. 일반적으로 공지되었거나 이미 이용되고 있는 것

            나. 타인이 취득한 특허권ㆍ실용신안권ㆍ디자인권ㆍ저작권에 속하는 것이거나 「공무원 직무발명의 처분ㆍ관리 및 보상 등에 관한 규정」에 의하여 보상이 확정된 것

            다. 이미 채택된 제안이거나 그 기본구상이 이와 유사한 것

            라. 일반 통념상 그 적용이 불가능하다고 판단되는 것

            마. 단순한 주의환기ㆍ진정ㆍ비판ㆍ건의 또는 불만의 표시에 불과한 것

            바. 국가나 지방자치단체의 사무에 관한 사항이 아닌 것


3. 상기 내용 이외에 추가로 궁금하신 사항은 국민신문고담당관실 김경민(02-360-2745)에게 연락하여 주시기 바라며, 귀하와 귀하의 가정에 건강과 행운이 항상 함께하기를 기원합니다.",20240125,NA
신문고 홈피 개선에 대한 제안,기타,,답변완료,2010-01-26,2010-02-09,국민권익위원회,"1. 신청서 작성화면의 신청인 이름란에 대하여

  가. 현행 민원신청, 국민제안 시 신청인 이름 란은 개인일 경우 1인의 이름만 표기하게 돼있어서, 다수인민원의 경우 그 다수인의 인적사항을 표기할려면

첨부파일 형식으로 한다던지 상당히 어렵다.

   나. 신청인 이름란에 다수인 인적사항을 표기하는 란을 만들든가,

아니면 제안공개여부 다음에 다수인민원 인적사항란을 만들던지 하면 

이용자들이 더욱 편리할 것이다..


2. 회원가입란을 보면 i-pin 을 적용하지 않고 있다.


  . 공공기관의 개인정보보호에 관한 법률의 제정 취지에 부응하게

우리 국민신문고에서도 솔선하여 i-pin 을 적용하여 주기를 제안하는 바입니다",,,"1. 국민신문고에 대한 관심과 귀중한 제안에 대하여 감사를 드리며, 귀하께서 신청하신 국민제안(1AB-1001-006023)에 대한 검토결과를 다음과 같이 알려 드립니다.


         2. 귀하께서 신청하신 국민제안의 요지는

          ○ 민원이나 제안신청시 다수인 입력이 가능하도록 개선과

          ○ 회원가입시 인증수단으로 I-PIN 도입에 대한 내용으로 여겨집니다.


         3. 답변사항

          ○ 민원사무처리에_관한_법률_시행령 제22조 2항에 따라 다수인관련민원을 신청하는 민원인은 연명부를 원본으로 제출하여야 합니다.

          ○ I-PIN 도입은 현재 검토중에 있으며 관련부처와 협의하여 적용토록 하겠습니다.


         4. 상기 내용 이외에 추가로 궁금하신 사항이 있으신 경우에는 국민신문고담당관실 

전영수(02-360-2746)에게 연락하여 주시기 바라며, 댁내에 항상 건강과 행운이 함께하기를 기원합니다.",20240125,NA
사강입구 교차로의 이정표 개선 요청,행정/자치/안전,,제안심사,2010-01-26,NA,화성시,"안녕하십니까?

경기도 안산시 단원구 선감동에 거주하는 000입니다

비봉IC에서 남양, 송산면을 지나 대부도로 가는 도로가 탄도까지 2008년 4월경에 4차선 도로로 확장되었습니다

그런데 경기도 화성시 송산면 ""사강입구 교차로""의 이정표(2개)는 현재에도 대부도 방향이 직진해야 함에도 불구하고 확장전의 우회전(당시 지름길)으로 표기되어 있습니다. 

그래서  대부도를 찾아오는 사람들이 그 개선되지 않은 이정표를 보고 헤메고 있습니다.

따라서 사강입구교차로의 이정표( 대부도 방향이 우회전이 아닌 직진으로)를 정정 표기해 주시기 바랍니다.",,,NA,20240125,NA
아주 좋은 아이디어입니다...다른 지하상가들도 같이 했으면 합니다....,행정/자치/안전,,답변완료,2010-01-26,2013-01-31,서울특별시,"서울시에서 좋은 아이디어를 냈군요....이곳뿐만아니라 다른 지하상가들도 같이 했으면 합니다...경제도 어려운데 바로 시작하죠.....상가들을 지하로 많이 유치하고 노점이나 기타 교통에 방해되는 것들도 같이 지하로 이전해서 도로위는 가급적 심플하게 도시계획을 세우는 방법도 좋을 듯 합니다...서울이 이제 각종 지하철과 기타 지하시설들로 가득 채워질 것이고 지상은 좀 더 여유있고 쾌적한 공간들로 꾸며졌으면 합니다....미래의 지하도시를 생각나게 하는군요....바로 하죠...서울시 파이팅~~!!!!


서울시 단절된 도심 지하상가 잇는다(종합)

연합뉴스 | 입력 2010.01.26 10:47 | 수정 2010.01.26 11:35 | 누가 봤을까? 50대 남성, 서울 






2014년까지 숭례문~명동 지하네트워크 구축 추진 

(서울=연합뉴스) 이지헌 기자 = 2014년까지 서울 명동과 을지로 등 도심부 일대의 지하상가를 서로 연결하는 방안이 추진된다. 


서울시는 숭례문과 을지로, 회현, 명동의 지하도로를 서로 연결하는 `도심 지하공간 네트워크 구축 사업'을 추진하기로 하고 다음달부터 타당성 조사에 들어갈 계획이라고 26일 밝혔다. 


연결이 검토되는 지하공간은 숭례문~시청역 구간과 숭례문~회현~명동~을지로 구간, 회현~소공로 구간 등이다. 



이들 지하도로는 시청역~을지로입구역 등 몇 곳을 제외하고는 서로 단절돼 있어 각각의 지하상권을 구성하고 있다. 


신설이 검토되는 지하공간의 총 길이는 1천433ｍ, 총 면적은 1만8천59㎡ 규모다. 

도심 일대 지하상가들이 모두 연결될 경우 총 길이 2천739ｍ, 총 면적 4만5천443㎡의 대규모 지하공간이 탄생할 것으로 기대된다. 


서울시는 연말까지 사전조사를 마친 뒤 타당성이 입증되면 2012년 공사에 들어가 2014년까지 연결구간 공사를 마칠 계획이다. 


예상 사업비는 모두 2천68억원으로, 거액이 투입되는 사업 특성상 민간 투자방식으로 추진될 가능성이 크다고 시는 내다봤다. 


신설되는 지하공간은 단순한 보행공간뿐만 아니라 상가, 문화시설 등 지상건물과 연계한 다양한 시설로 활용될 계획이다. 


서울시는 2007년 서울광장 아래에 대규모 지하광장을 조성하는 방안을 추진했으나, 경제성과 공사에 따른 교통문제 등을 이유로 사업을 보류한 바 있다. 


이비오 서울시 도심활성화담당관은 ""도심 지하공간 네트워크 사업은 단순히 지하에 보행공간을 확보하자는 것뿐 아니라 단절된 상가를 연결해 다양한 활용방안을 마련하자는 것""이라며 ""구체적인 연결 구간, 경제성 여부, 공간 활용 등의 문제는 앞으로 조사과정을 통해 검토해 나갈 계획이다""라고 말했다",,,"전용운님 안녕하십니까?


전용운님께서 국민신문고에 제안하신 서울시 단절된 도심내 지하상가의 연결뿐 아니라 다른 지역의 지하상가도 연결하여 지상부가 쾌적한 공간으로 조성했으면 좋겠다는 의견에 대하여 답변드리겠습니다.


서울시는 한정된 공간에 1,000만 이상의 인구와 상업 및 주거시설과 각종 기반시설이 밀집되어 복잡한 도시공간 구조를 이루고 있습니다. 특히, 지상부 개발은 이제 한계점에 있어 미래에는 지하공간에 대한 중요성이 증대되고 있는 것은 공감하고 있습니다.


따라서, 전용운님께서 말씀하신 “숭례문~명동 지하네트워크 구축 추진” 보도는 대규모 지하시설 추진에 따른 경제성, 교통처리문제, 예산 등 현 시점에서 추진하기 어려운 실정으로 향후 여러가지 제약요소 해결과 지하공간에 대한 기준 등이 정립되면 지하상가 연결뿐 아니라 기존의 지하공간에 대한 효율적인 지하공간 개발과 아울러 쾌적한 도시환경이 이루어질 것으로 기대합니다.


앞으로 지하공간과 관련하여 궁금하신 점이 있으시면 우리시 도시정비과(2171-2386)로 문의하시면 자세히 안내하여 드리겠습니다. 감사합니다.  끝.",20240125,NA
대학로 인도상의 파손된 교통시설물 조속히 철거요청,행정/자치/안전,IMGP9603.jpg,제안심사,2010-01-26,NA,경찰청,"대학로 인도상의 파손된 교통시설물(서울지방경찰청)이 있어 도시미관을 저해하니 

조속한 처리요청 바랍니다. 


0 위 치 : 대학로 혜화전화국앞 인도상 

0 내 용 : 교통시설물 문짝이 파손되어 떨어져 나가고, 전선은 다끊긴 상태임 


별첨 : 사진  1부.",,,NA,20240125,NA
정말 필요한 의견입니다. 귀기울여주시죠!!!!,행정/자치/안전,,제안심사,2010-01-26,NA,노원구,"다름이아니라 어제 뉴스를 보다가 화들짝 놀라면서 너무 충격을 받앗습니다.

내용인 즉 , 이번 호랑이해를 맞이하여 노원구청에서 호랑이전시회를 한다는 소식이 

나오더군요 그런데 세상에 그좁은 유리관속에 그 아기 호랑이 두마리가 움직이기도 불편해보이는 그런곳에서 하루종일 사람들의 구경거리가 되어서 있는 화면을 보고

정말 인간들이 어디까지 잔인할수 있는지 보게 되었습니다.

그것이 과연 어린이들에게 좋은 학습현장이 될거라고 생각하십니까??

정말 노원구청장에게 물어보고싶습니다.

이건 어느 세계어디에도 일어날수 없는 일입니다. 이건 분명 동물학대 그 이상입니다.

그런 기획안은 도대체 누가 올렸으며 결재까지 나는 가운데 그게 동물학대라는

생각은 안해봤는지.. 아무튼 노원구가 하루빨리 이문제를 시정해주시고

사과문을 올려야한다고 생각합니다.  부탁드립니다.",,,NA,20240125,NA
노원구청 민원란을 보십시오.  마치도 곪은 노원구청을 보는 듯 합니다. 그런데 용산구청은,행정/자치/안전,,제안심사,2010-01-25,NA,노원구,"자연사박물관 유치를 한답시고 활동반경이 1000km인 야생동물 호랑이를 가둬놓고 소음과 불빛에 시달리게 한지 1달이 다 돼 갑니다.  고견의 의견을 소중히 생각한다는 이노근구청장님의 인사말과는 달리 민원이 수백개가 달렸는데도 요지부동입니다.  너는 해라..나는 모른다..식입니다.  문제점을 파악하고 벌써 옛날에 수정한 줄 알았더니 오늘도 전시중이랍니다.

야생동물보호법 제 8조, 제2호도 위반하고 있으며 목적을 위해 수단과 방법을 가리지 않는 미흡한 행정태도에 .... 구청장이면 뭐고, 노숙자면 뭐란 말인가... 

노원구청장의 태도는 술취해서 길에 누워있는 부랑자를 떠올리게 합니다.  이 사람이 힘이 없어서 철회를 못하고 있는 건지 뭔지 모르겠습니다.

그런데 용산구청은 다른 건 몰라도 생명이 뭔지 아는 구청인 것 같습니다.  벌써 옛날에 길고양이 TNR불임수술 시행을 동물병원과 연계해서 실시하고 있더군요.  

생명이 뭔지 모르는 구청장은 민심을 읽을 수 없습니다.  그래서 노원구청 게시판이 저 모양입니다.

즉각 중단할 수 있도록...(고발장도 들어가 있는 상태인데..이노근 구청장은 버티는 게 상책인 줄 아나봅니다.) 생명의 소중함을 깨우쳐 주시고...다른 생명의 고통에 둔한 이노근 구청장님의 이 호랑이 감금 전시를 법으로 해결해 주십시오!",,,NA,20240125,NA
노원구청의 동물학대 두고만 볼 것인가?,행정/자치/안전,,제안심사,2010-01-25,NA,노원구,"국민의 세금으로 운영되는 구청을

사람들을 끌어들이기 위한 동물원으로 생각하는

노원구청 관련 기사를  보고나서 이렇게 글을 씁니다.


과연 그런 사고방식을 갖고 

어떻게 구청업무를 꾸려 나가고 있을까 심히 걱정됩니다.


요즘 

사회 전반적으로 동물학대에 관해 논란이 되고 있는데

국민의 세금을 받아 먹는 공무원들 마저 대외적으로 동물학대를 자행하고 있으니

앞으로 더욱 끔찍한 학대가 벌어질것 같아 불안합니다.


노원구청이

하루라도 빨리 호랑이를 풀어주고  

대외적으로 사과하기를 진심으로 바랍니다.",,,NA,20240125,NA
노원구청 로비 2M 투명관에 갇힌 아기 호랑이,행정/자치/안전,,제안심사,2010-01-24,NA,노원구,"소심한 시민입니다. 하지만 오늘 이 기사를 본 후 너무 충격을 받아 가만히 있을 수가 없었습니다.

인간이 어디까지 잔인할 수 있고 어디까지 이기적일 수 있는지를 보여 주는 것 같습니다.

그것도 아직 어린 아기 호랑이들을 상대로.


호랑이 해를 맞이해 아이들 교육을 위해 구청 로비에 2x2m  아크릴 관을 만들어 그 안에 아기 호랑이를 넣어 두고 구민들에게 관람을 시키고 있다는 노원구청.

아이들에게, 인간이면 이렇게 마음대로 말 못하는 동물을 학대해도 된다는 교육을 제대로 시키고 있네요.

펄펄 날아다녀도 모자란 호랑이를 구청 로비의 손바닥만한 투명관에 가두다니...... 2월 말까지 전시 예정이라고 하니, 아마도 아기 호랑이들은 기력을 잃고 죽을 지도 모르겠네요.


다른 사람 일에 거의 무관심했던 시민이지만 이런 일만큼은 여기저기 자꾸 알려야 한다고 생각해서 이렇게 글을 남기게 되었습니다.

방송국과 국내, 국외 동물 단체에도 적극적으로 알릴까 생각 중입니다.


어떻게 이렇게 잔인한 아이디어를 내고, 어떻게 이런 끔찍한 아이디어에 동의를 하고, 어떻게 이런 극도로 이기적인 아이디어를 실천할 수 있었을까요?

노원구청장의 태도도 정말 가관입니다.


노원구청은 자기 구에 자연사박물관을 유치하게 위한 홍보를 위해 아기 호랑이가 전시되어 있는 로비 앞에서 자연사박물관 유치 서명까지 받고 있다는군요.

정말 파렴치한이 따로 없습니다. 


열심히 공부해서 어려운 공무원 시험을  통과한 유능한 공무원들이 어떻게 이런 발상을 할 수 있었는지 이해가 안 갑니다.


노원구청장은 공식적이고 정중한 사과문을 내고 빨리 호랑이들을 돌려 보내야 합니다.

청와대가 힘이 되주세요. 부탁입니다.",,,NA,20240125,NA
노원구청 호랑이 전시 멈춰야 합니다.,행정/자치/안전,,제안심사,2010-01-24,NA,노원구,"노원구청에 2m 남짓한 공간의 호랑이 전시는 당장 멈춰야 합니다.


노원구청에서는 1차 목표가 아이들의 교육효과라는데 누가 봐도 이건 국립자연사박물관

유치를 위해서라는게 보입니다.


살아있는 호랑이 보여준다고 사람 끌어놓고 박물관 서명을 받고 있단 말이죠


사람이 독방에만 갖혀도 받는 스트레스가 엄청납니다. 그런데 지금 노원구청은


2x2m 투명 아크릴 유리 상자에 야행성 야생동물 다 자라지도 않은 아기 호랑이를 


플래시 세례와 관상용으로 구경이나 당하며 한낮부터 스트레스를 받고 있습니다. 

야행성인데 말이죠.


엄연한 동물학대입니다. 동물학대나 하는 곳에 무슨 얼어죽을 

국립자연사박물관 유치입니까? 이일 계획하고 실행한 공무원들 잡아다 상식교육이나

시키면 좋겠군요.


지금 노원구청 홈페이지에 참여세상 의 참여광장 란에 가보시면 이 호랑이 전시에 대한

노원구민들 및 인터넷 기사를 본 네티즌들의 항의글이 빗발치고 있습니다.

저 또한 인천시민임에도 불구하고 인터넷 기사 읽고 열받아서 노원구청 홈피 회원가입하고

항의글을 쓰고 왔습니다.

하지만 노원구청은 이런 국민들의 소리에 눈과 귀를 닫고 이 만행을 자행하고 있습니다.

이 호랑이 전시를 좋아하고 반기는 시민들도 많다면서요.


시민들이 좋다면 2년후 용의 해에 용이라도 만들어 아크릴판에 잡아다 가둘 인간들입니다.

시민들이 좋고 싫고를 떠나서 야생동물 호랑이를 그 좁은 유리상자에 가둬 두고 구경시키는

나라는 우리나라 뿐일겁니다. 이건 국제적 망신입니다. 

세계 어느 동물원도 저리하진 않습니다.


노원구청에 갇혀 한정된 자유마저 박탈당한 호랑이를 하루 빨리 동물원으로라도 

돌려 보내야 합니다.",,,NA,20240125,NA
노원구청 호랑이관련 문제 ,행정/자치/안전,,제안심사,2010-01-24,NA,노원구,"아니 노원구청장님께서는 국민의 세금을 이런식으로 쓰시나 봅니다.? 


제가 강남구 사는데 강남구에서는 쓸데없이 멀쩡한 도로나 새로 깔아서 세금 버


리지를 않나... 이래서야 세금 낼 필요성을 못느끼겠는데요?  이런식으로 밖에 처리 못하십니까? 뭐 호랑이해라서 호랑이전시하면 2년뒤에는 살아있는 용을 전시하겠시겠네요^^",,,NA,20240125,NA
노원구청에 있는 호랑이 강호와 범호를 제발 도와주세요,행정/자치/안전,,제안심사,2010-01-23,NA,노원구,"노원 시민은 아니지만 기사를 보고 달려와 노원구청에 항의하다 여기까지 오게 되었습니다.


기사를 보니 노원 구청장님은 지금 호랑이전시에 대해서 쉬쉬하고있다던데 


제발 어린 호랑이 강호와 범호를 도와주세요. 


이 애들은 한달넘게 2m나 되는 그 좁디좁은 유리안에


어린이들과 저와같은 청소년들의 교육과 체험을 위해서라는 핑계로 


갇혀지내면서 매일매일 스트레스를 받고 살고있습니다.


사진을 보니 전부 누워있더군요.


그 좁은 곳에 놀이감이라곤 공 하나뿐입니다.


그 기사를 보다보니 느낀건데 엄연한 동물학대입니다.


우리나라가 옛부터 호랑이의 기운을 받아온걸로 아는데 


그 어린 새끼호랑이들을 자연과 떨어지게 놔두고서는


이렇게 방치하고있는것은 잘못된거라 생각합니다.


강호와 범호가 다시 자연으로 보낼 수 있게 해주세요.


아니면 하다못해 근처 동물원에 보내도록 해주세요.


호랑이 전시전이라고 해놓고 애들을 가둬놓고서는


사람들 재미로 눈요기시키면서 이득을 얻는다는것은 


불항당하다고 생각합니다.


제발 그 어린 호랑이들을 도와주세요.",,,NA,20240125,NA
노원구청의 동물학대 행위 시정조치 해주십시오.,행정/자치/안전,,제안심사,2010-01-23,NA,노원구,"노원구청에서는 2m남짓한 아크릴판속에 호랑이 두마리를 전시하고 있다고합니다.

극심한 스트레스를 받고 있을 호랑이들을 구해주세요.

얼마 전부터 여러 단체와 전문가들이 노원구청을 직접 찾아 시정조치를 요구했다고

합니다.하지만 시정은 커녕 자신들의 주장만 내세우고 있는 이기적인 인간들을 바로

잡아 주시면 좋겠습니다.동물보호법 3조를 보아하니

(누구든지 동물을 사육・관리 또는 보호함에 있어서는 생명의 존엄성과 가치를 인식하고 그 동물이 본래의 습성과 신체의 원형을 유지하면서 정상적으로 살 수 있도록 노력하여야 한다.)

라고 써있네요.노력은 무슨...본래의 습성을 유지하지도 못하게 2m 남짓한 공간에서 사람들의 노리개가 되게 하고 있군요...제 6조 1항도 (소유자등은 동물에게 적합한 사료의 급여와 급수・운동・휴식 및 수면이 보장되도록 노력하여야 한다.)라고 적혀 있는데 호랑이는 본래

야행성이라고 들었습니다. 낮에 수많은 사람들이 오고가는 공간에 그 비좁은 곳에..

호랑이를 가둬 둔다는게 말이나 되는 일입니까...",,,NA,20240125,NA
진행상황통보방식에 따른 개인정보유출 최소화,기타,,답변완료,2010-01-20,2010-01-29,국민권익위원회,"현재 비회원으로 로그인을 하게되면

1) 연락처 및 휴대전화

2) 이메일

3) 주소를 모두 입력하게 되어있음.


하지만 진행방식 통보방식에 따라 해당되는 내용만

기재하도록 시스템을 변경한다면


개인정보 유출 및 입력시간을 단축할 수 있을 것으로 여겨집니다.",,,"1. 선생님께서 신청하신 국민제안(진행상황통보방식에 따른 개인정보유출 최소화)에 대한 검토 결과를 다음과 같이 알려드립니다.


         2. 선생님께서 제안해주신 '비회원 로그인시 개인정보 입력을 간소화해달라'에 대해서 답변드리겠습니다.

          - 현재 국민신문고에 비회원으로 로그인시 말씀하신 3가지 정보를 모두 입력하지 않으셔도 됩니다.

          - 진행상황 통보방식 선택에 따라 이메일이나 휴대폰번호중 필요정보만 입력하시면 됩니다.

          - 다만, 진행상황 통보방식을 이메일로만 설정하더라도 원활한 업무처리를 위해 전화번호나 휴대폰번호 중 한가지를 필수적으로 입력하셔야 합니다.

          - 주소의 경우 민원사무처리에 관한 법률에 의거 민원인 본인 확인을 위한 필수 입력 정보에 해당합니다.


         3. 상기 내용 이외에 추가로 궁금하신 사항이 있으신 경우에는 국민신문고담당관실 전영수(02-360-2746)에게 문의하시기 바랍니다.",20240125,NA
국민신문고 만족도평가내용 수정 요망등,기타,,답변완료,2010-01-19,2010-01-22,국민권익위원회,"국무수행에 수고가 많으십니다.

새해 복 많이 받으세요.

1. 나의 제안에 대한 처리가 완료되어 만족도평가에 참여하였습니다만

답변내용 하단부분을 제대로 검토하지 않고 성급하게 평가하는 실수를 하였습니다

국민권익위원회에 오늘 오후1시26분에 시스템관련(1600-8172) 문의를 했더니 만족도평가를 

수정할 수 있는 방법이 없다하여 의견을 올립니다

2. 국민들도 실수가 있으니 당일에 한하든가 아니면 전화에 의해 '""만족도평가내용을

수정할 수 있는 기능을 보완.""하여 주시면 좋겠습니다

3. 저의 성급한 실수로 마음이 편치 않으니 제안번호 1AB-1001-002976(10.01.12)호 

 만족도평가를 아래와 같이 수정하여 주시면 고맙겠습니다

평가1. 만족함

평가3. 수고하셨습니다           

새해 건승하시기를 기원합니다. 감사합니다.",,,"1. 선생님께서 신청하신 국민제안(국민신문고 만족도평가내용 수정 요망 등)에 대한 검토 결과를 다음과 같이 알려드립니다. 


2. 선생님께서 요청하신 바와 같이 '1AB-1001-002976' 제안에 입력하신 '만족 또는 불만족 사유' 내용을 1월 21일까지 수정하도록 조치하겠습니다.


3. 다음으로 '만족도 평가 내용을 수정할 수 있도록 기능을 보완'하는 의견에 대해서 답변드리겠습니다.

  - 국민신문고에서는 민원서비스 향상을 위해 만족도 평가를 실시하고 있습니다.

  - 만족도 평가 내용을 수시로 바꿀 수 있게 된다면 통계작성이나 사후관리에 어려움이 있어 의견을 반영해 드리기 어렵다는 것을 알려드립니다.

  - 전화상으로는 본인 확인에 어려움이 있으므로, 차후 동 상황 발생시에는 민원을 제출해 주시면 처리해 드리겠습니다.


4. 상기 내용 이외에 추가로 궁금하신 사항이 있으신 경우에는 국민신문고담당관실 전영수(02-360-2746)에게 문의하시기 바랍니다.",20240125,NA
화환 또는 조화 등 안받고 안보내기 운동 전개로 국민 위화감 조성 해방 및 예산낭비 방지,기타,,답변완료,2010-01-18,2010-06-28,국민권익위원회,"[현황]


동아일보 사설 000교수 - 문상을 갈 때마다 늘어서 있는 비슷비슷한 모습의 화환들을 보면 언제나 느끼는 안타까움이있다. 솔직하게 말하면 아깝다는 생각이다. 저렇게 버려지는 꽃이 얼마나 많을까?. 저 꽃을 돈으로 환산하면 얼마나 큰 액수일까? 오래전에는 허례허식 추방운동이 있었는데..화환도 몇개 이상은 절대로 놓지 못하게 하곤 했는데..


결혼식이나 장례식장에 가면 혼주나 상주의 사회/경제적 지위에 따라 많고 적은 화화들을 보게 되는데 그 화환들에는 거의 한결같이 무슨 회사 사장이거나 회장 도는 무슨 협회 회장 등의 직함이 커다랗게 써 있는 리본도 함께 달려 있다. 

나! 이런 저런 사회적 위새게 있느 ㄴ사람들과 교류 중이요 하고 선전하는 것 같이 보여 민만하기 이를데 없을 뿐더러 주변사람들을 통해 자신을 과시하는 것이 과연 진정한 자신의 위상을 보여 주는 것이 될까?. 화환이 많으면 많을수록 자신의 위세가 강해 보일까? 하는 의구심이 든다.


중부매일-우리는 나라에서 아무리 허례허식을 하지 말라 해도 예식장이나 장례식장에서 줄지어선 화환으로 마치 자신의 능력을 인정받고 자손을 잘 기르듯 평가하는 듯 같다. 하지만 예식이나 장례 후에 일정 비용을 들여 폐기처분해야 하니 얼마나 낭비인가..


한편, 공무원 행동강령에 공무원은 경조사와 관련하여 통상적인 관례의 범위에서 정하는 기준을 초과하여 금품 등을 주거나 받아서는 아니된다고 하였음.


또한, 건전가정의례의 정착 및 지원에 관한 법률에 의하면 공무원 등은 건전가정의례준칙을 솔선하여 모범적으로 지켜야 한다고 하였음.


[문제점]

공무원 등은 건전가정의례준칙을 손선하여 모범적으로 지켜야 한다고 하였고, 경조사와 관련하여 통상적인 관례의 범위에서 정하는 기준을 초과하여 금품 등을 주거나 받아서는 아니된다고 하였고,


경사사 비용도 3만~5만원을 초과하면 않되는 등 일반 시민과 비교하여 청렴의 일상생활화가 되어야 되고 모범이 되어야 함에도,


경조사시 화환(10~20만원)은 개인의 위상을 과시하기 위한 수단에 불과하고 서민들에게는 위화감을 조성하는 것에 불과한 화환 등을 끊임없이 사용되고 있는 실정임.


특히, 경조사 기간을 제외하고 버려지는 행태,학교 급식비가 없고 일용할 식량이 없어 굶고 있는 서민층이 있음을 상기해 보면 대표적 허례허식이며 공직자의 솔선수범이 그 어느때보다 필요한 실정임


아울러, 매년 승진이나 진급시 반복되는 ""란"" 등은 직급이 높을수록 그 수량이 많을뿐더러 ""란"" 등을 보내는 행위가 진지한 마음의 전달이 아닐뿐더러 남이 하니까 안하면 욕 먹을까봐, 눈도장 찍는 형식에 의한 인사치례로...이 또한 대표적 허례허식으로 개선이 필요함


[개선방안]

대부분의 경우 공무원 등의 경조사시에는 조화가 지급되고 있으므로 조화외 화환은 받지 못하도록 화환 않주고 않받기 운동 전개 및 ""시의회 의원 윤리강령과 같이 허례허식 금지""를 공무원행동강령에 포함하여 시행토록 하고


경조사시 기 지급된 조화를 제외하고 화환이 있을 때 화환수 만큼 불이익을 주고, 이를 신고한 시민에게는 포상금을 지급.


또한 화환대신 쌀로 받아 사회복지시설이나 불우이웃돕기로 기탁하는 운동도 같이 전개하면 그 효과는 배가 될 것임.


아울러 공무원 승진아니 진급시 ""란"" 등을 일체 받지 못하도록 관련 내용도 행동요령에 포함 등 공무원부터 솔선수범하는 자세로 임할때 허례허식이 차단 될 수 있을 것임.



[기대효과]

화환 등의 원천차단으로 예산낭비 방지,

국민 모두가 위화감 조성에서 해방되어 보다 살기 좋은 대한민국 구현.",,,"○ 안녕하십니까? 먼저 귀하의 소중한 의견에 깊이 감사드립니다.


○ 기획재정부, 행정안전부 예산집행지침 등에 따라 허용된 경우가 아닌 경조비 집행은 금지되고 있으며, 「공무원 행동강령」제17조에 ‘공직자는 원칙적으로 통상적으로 정하는 기준(최대 5만원)을 초과하여 경조금품(화환, 난, 쌀 등 포함)을 주고 받을 수 없도록 규정하고 있음을 알려드립니다.


○ ‘허례허식금지’는 여성가족부 소관 「건전가정의례의 정착 및 지원에 관한 법률」제1조에서 이미 정하고 있으며, 


○「공무원 행동강령」 제14조에 따른 직무관련자로부터의 금품 수수 금지 규정상의 ‘금품’에는 ‘난’ 도 포함됨을 알려드리며, 행동강령에 금지 품목을 일일이 나열하지는 않고 있습니다.


○ 참고로 공직자의 경조사, 승진 등에 일체의 화환, 난 등을 주고받지 못하도록 법으로 정하는 것은 공직자에 대한 지나친 규제가 될 수 있음을 양지하여 주시기 바랍니다.


○ 보내주신 소중한 의견에 다시 한 번 고개숙여 감사드리며, 앞으로도 많은 격려와 관심을 부탁드립니다.",20240125,NA
기초생활 수급자를 위한 복지서비스 향상 방안,식품/보건/복지/가족,,답변완료,2010-01-16,2020-04-23,보건복지부,"(1) 기초생활보장제도의 실시 배경 

우리나라는 지난 반세기 동안비약적인 경제성장을 이루하였으나 ""선 성장후복지""의 논리와 복지를 시혜로 보는 복지이념으로 분배는 뒷전으로 미루어 졌다. 1961년 제정된 생활보호법 이래기존의 빈곤정책은 역시 잔여적개념의 사회복지로서 빈곤의 책임을 개인과 가족에게 돌리고, 시혜적 차원에서구호적 성격의 생계지원 대책뿐이었다. 그 결과 대상의 포괄성, 급여의 적정성, 대상자간의 형평성, 제도의 효율성과 생산성이라는 측면에서 많은 문제를 내포하게 되었다. 

1997년IMF 경제위기로 인해 생활보호대상자를 비롯한 저소득층은 극심한 생활난을 겪었으며, 실직과 가족 해체, 이혼, 아동과 노인의 유기, 가출, 자살, 노숙자, 결식아동의 증가 등 각종 사회병리현상이 야기되고, 빈부격차의 심화등 다양한사회문제가 발생하였다. 이에 정부는근로능력에 관계없이 최저생계비 이하 저소득층의 기초생활을국가가 보장할 필요설이 대두되어 1999년에 76만 명을 한시 생활보호대상자로 보호하고, 실업급여, 공공근로. 노숙자보호, 생업자금 융자 등 다양한 사회안전망 프로그램을 실시하여 저소득계층의 생활안정을 지원하였다. 그럼에도 불구하고 많은 저소득층이 빈곤선 이하의 생활을 하는 등 생활보장의 사각지대는 여전히 존재하고 있었고, 이에따라 우리나라에서 빈곤을 완전히 퇴치하고 모든 국민의 인간다운 삶을 보장할 수 있는 사회안전망의구축 필요성이 절실한 실정이었다. 

이에 정부는 1999년에 생산적 복지이념을 바탕으로 동년9월7일 국민기초 생활보장법을 제정함으로써 가족의 부양을 받지 못하는 최저생계비 이하의 가구에 대한 최저생활을 제도적으로 보장받을 수 있도록 하는 종합적인 빈곤대책을 마련하게 되었으며, 동 법은 하위법령 제정 후 2000년 10월 1일부터 시행하게 되었다. 이에 기초한 국민기초생활보장제도는 지난 40여 간의 시혜적단순보호차원의 생활보호제도로부터 저소득층에 대한 국가의 책임을 강화하여 우리나라에서 가난을 없애려는 복지시책으로의 대전환을의미하며, 국가의 보호가 필요한 절대적빈곤층의 기초생활을 국가가 보장하되, 종합적 저활지원서비스의 체계적 지원을 통해 생산적 복지를 구현하고자 하는데 그 의의가 있다. 


(2)기초생활보장제도의 운영실태 및 문제점 

기초생활보장법에 근거하여 보건복지가족부가 매년 각 시, 도에 시달하고 있는 수급자 선정기준은 기분의 비합리성으로 인하여 실제로 생활이 어려운 많은 저소득층이 보장받지 못하고 생활보장의 사각지대로 잔존하고 있다. 현행 기초생활보장제도에서 수급자 선정기준이 되는 가구별 최저생계비가 매년상향 조정되고 있지만 최저생게비 자체가 비현실적으로 낮게 책정되어 있어 저소득층의 불만과 불신이 고조되고 있는 실정이다. 이와 더불어 수급자 선정기준이 획일성으로 인하여 지역별.가구규모별.가구유형벌 차이를 최저생계비에 반영하지 못하고 있기 때문에 지역별 파이 가구 규모에 따른 규모의 경제, 가구 유형별 차이 등을 반영할 수 있는 최저생계비의 설정이 절실히 요청되고 있다. 

또한 우리나라의 기초생활보장제도에서 근본적으로 제기되고 있는 문제는 국가로부터 보장을 받는 수급자에게 그들의 욕구충족과 문제해결에 적정한 수준의 급여가주어지고 있느냐 하는것이다.이 문제에 대한 긍정적인대책이 나오지 않는 한기초생활보장제도는 수급자에게 자활능력을 배양시켜 주지 못하고 만성적인 의타심만을 조장시켜 줄 뿐 아니라 막대한 국가재원을 낭비하는 결과를 초래할 수밖에 없다. 


(3) 기초생활보장 수급자에 대한 지원 방안 및 효과 

기초생활보장제도는 급여는 받을 수 있는 기준을 근로능력이나 연령 등의 기준을 폐지하고 최저생활 가능 여부만을 판단토록 함으로서 종전의 생활보호제도와 비교하여 상당히 합리적인 제도로 변화된 것이 사실이다. 그러나 부양 의무자 기준 등에 따라 실적으로 최저생계비 이하의 생활을 하고 있으나 기초생활보장 헤택을 받지 못하는 차상위 계층의 문제 등에 대한사회적 관심이증대되고 있다. 

현재의 기초생활보장제도는 수급자 선정기준을 완화해야하고, 보충급여제도를 확대해야한다. 특히,수급자 선정기준으로 이용되고 있는 최저생계비를 절대빈곤선 이하 계층의 전원이 수급자로 선정될 수 있도록 부양의무자 범위를 1촌 이내의 혈족으로 축소해야한다. 또한수급자의 유형에맞는 서비스를 제공할 수 있도록 보충급여제도를 확대해야 한다. 현재 기초생활보장법 하의노인에 대한월 수당은 5만원, 장애인에 대한 수다은 월6만원이다. 따라서 장애인은 장애등급과 유형에 따라 차등할 필요가 있고, 노인에 대한수다은 형행 국민연금 수급자와의 형평성을 고려해 실시할 필요가 있다. 

이와 더불어 자활근로동기의 부여, 자활지원네트워크의 구축, 자활산업의 특성화, 사뢰연대금고의 설치등으로자활사업을 강화해야 한다. 빈곤의 문제는 단순히 경제적인 문제가 아니라 개인의 정신적, 시리적인 상태에도 그 원인이 있기따문에 자활근로의 동기를 부여하기 위해 근로소득세액공제 제도와 같은 근로유인정책이 필요하다. 현재의 생계비 지원은 빈곤을 일시적으로 완화해 주는 소극적인 정책인반면, 근로소득세액공제 제도는 빈곤은 근본원인을 해결하는 적극적인 정책이 될 것이다. 

과거 우리나라의 빈곤정책은 성장과 복지라는 두 개의 날개를 동시에 펼치는 것이었다. 즉 경제성장만이 빈고문제를 해결할 수 있을 것이라는 잘못된 경제주의적 확신이 자리 잡고 있었다. 그러나 최근 많은 연구들이 지적하고있듯이 경제성장은 빈곤문제를 해결하기 위한 필요조건이지 충분조건이 아니다. 경제성장이 자동적으로 빈곤을 퇴치하고, 불평등을 해결한 사례는 그 어디에도 없으며, 성장의 결실을 효과적으로 형평성 있게 배분하고, 동시에 사회문제에 끊임없는 관심을 갖는 것이 빈곤퇴치에 실질적인 효과를 거둘 것이다.",,,"1. 안녕하십니까? 귀하께서 제출하신 민원 '생계급여 인상 및 비수급빈곤층의 지원확대'에 관한 제안내용으로 파악되어 관련 검토사항에 대해 다음과 같이 답변드립니다. 

2. 「국민기초생활 보장법」에 의한 급여는 수급자가 자신의 생활의 유지·향상을 위하여 그 소득, 재산, 근로능력 등을 활용하여 최대한 노력하는 것을 전제로 부양의무자의 부양과 다른 법령에 따른 보호가 우선하여 행하여지는 것을 원칙으로 합니다. 

 - 이러한 원칙에 따라 현금으로 드리는 생계급여는 수급자의 소득·재산, 부양의무자의 지원 등 본인이 생계를 위해 가용한 모든 금원을 합한 금액(소득인정액)을 지급 기준액에서 차감하고 그 부족분을 지급(보충성의 원칙)하고 있습니다. 

3. 한편, 수급자의 선정기준 및 급여별 최저보장수준의 기준이 되는“기준 중위소득”은「국민기초생활 보장법」제6조의 2에 따라 통계청의 계측조사를 바탕으로 중앙생활보장위원회의 심의·의결을 통해 매년 8월 1일 이전 공표하도록 규정하고 있습니다. 

 - 우리부에서는 매년 기준금액 인상, 부양의무자 기준 완화, 수급자 유형별 근로소득 공제* 적용 등 보장수준을 지속적으로 확대하여 비수급 빈곤층 해소를 위하여 노력하고 있습니다. 하지만, 국민의 세금으로 운영되는 제도인 만큼 생계급여 인상 정도 등 추가적인 보장확대는 사회적 합의, 국가의 재정 여건 및 경제상황 등을 다각도로 고려하여 신중하게 결정해야 한다는 점도 양해를 부탁드립니다. 
   *근로·사업소득 기본공제 30% 적용(20.1월부터), 등록장애인·75세이상 노인의 근로·사업소득은 20만원 공제 후 나머지금액에 대해 30% 추가공제 등

4. 마지막으로 귀하의 소중한 의견은 향후 제도개선 사항으로 반영될 수 있도록 적극 노력하겠으며, 위 답변 드린 내용에 대하여 추가 문의사항이 있으신 경우 보건복지상담센터(국번없이 129), 보건복지부 기초생활보장과 조성윤 주무관(044-202-3067) 에게 연락주시면 성심성의껏 답변 드리겠습니다. 감사합니다.  끝.",20240125,NA
제안심사 완료 예정일 만료시 담당자에게 메일 발송으로 제안처리 만족도 향상,기타,,답변완료,2010-01-15,2010-02-11,국민권익위원회,"* 현행제도 및 운영의 실태와 문제점

-국민신문고에 국민제안을 하게 되면 접수-심사-완료 등 단계별로 프로세스가 진행되는 바

 접수를 하고 심사 후, 완료예정일이 있는데 대부분 지켜지지 않는 사례가 발생

-이로 인한  불만가중 및 국민들의 다양한 정책제안에 대한 서비스 불만 및 제안 활성화 

 위축


* 개선방안 및 기대효과

-제안 심사담당자의 경우 다른 격무 및 일처리에 있어 간혹 잊을 수 있으므로 1주일 전, 또는

 완료예정일 당일 SMS 문자 또는 메일로 다음과 같이 안내 메일 발송

 ""안녕하세요. 국민신문고 관리자입니다.

  OOO님! [제안제목] 국민제안이 심사 평가 요청되었습니다. 

  신청된 국민제안은 XX/XX/XX일이므로 고안제안 검토하시고 심사 바랍니다.""


  제안명

  제목

  제안자


                                           심사평가 바로가기

-상반기 및 하반기에 통계하여 민원지연 결과로 인한 부처별 채점을 관리할수 있도록 개선

-SMS문자 및 메일발송 기능 개선을 통한 국민제안 처리 활성화 및 ONE-STOP 서비스 실현

-심사/평가 담당자에게 사전/사후 알림 서비스를 통한 민원처리 극대화",,,"최재영님 안녕하십니까? 국민제안에 대한 관심과 참여에 감사드립니다.

귀하께서 제출하신 제안의 요지는 ‘제안심사 완료예정일 전에 사전안내가 되지 않아 처리기간이 경과되는 경우가 빈번하니, 국민제안 처리담당자에게 제안심사 완료예정일 전에 안내 메일을 발송하라.’라는 내용으로 파악되며, 아래와 같이 검토결과를 알려드리고자 합니다.

귀하의 제안과 관련, 국민신문고에 국민제안이 접수되면 접수사실이 메일로 담당자에게 통보가 되고 있으며, 별도로 제안 완료예정일은 담당자가 시스템을 통해 파악할 수 있고 부처의 국민제안 담당자가 시스템을 통해 처리 촉구를 할 수 있는바, 중장기적으로 고려하는 것이 바람직할 것으로 판단됩니다. 

금번 귀하의 제안을 채택하지 못하여 아쉽게 생각하며, 앞으로도 좋은 의견을 많이 제출하시면 국민신문고 운영 활성화에 최대한 반영할 수 있도록 적극적인 노력을 기울이겠습니다. 감사합니다.",20240125,NA
"공개,비공개 제안""보다는~~",기타,,답변완료,2010-01-14,2010-02-11,국민권익위원회,"-공개제안? 비공개제안?~~~보다는 ???


*****  열린~ 제안!     ~~`  닫음~ 제안!~~표현이 우리의 표현 아닐까요?


-한문 표현보다는 ""한글""표현과 표기방법이 우리 글을 사랑하는 방법입니다.


-한글""과 한문을 혼용하여 사용하자는 지론에는 찬성합니다.


- ""국민신문고""에 공개제안?비공개 제안"" 보다는 ""열린제안""""닫음제안""이 옳다고


 생각되어 제안합니다.",,,"문성두님 안녕하십니까? 국민제안에 대한 관심과 참여에 감사드립니다.

귀하께서 제출하신 제안의 요지는 ‘공개제안 또는 비공개제안은 한문 표현이므로 한글사랑의 취지에 적합하지 않을 수 있으므로, 공개제안과 비공개제안을 열린제안과 닫음제안으로 변경할 것을 제안한다.’라는 내용으로 파악되며, 아래와 같이 검토결과를 알려드리고자 합니다.

귀하의 제안과 관련, 공개제안 또는 비공개제안을 한글사랑이라는 취지에 따라 열린제안과 닫음제안으로 변경함에는 추진대비 효과가 미흡할 것으로 사료됩니다. 

금번 귀하의 제안을 채택하지 못하여 아쉽게 생각하며, 앞으로도 좋은 의견을 많이 제출하시면 국민신문고 운영 활성화에 최대한 반영할 수 있도록 적극적인 노력을 기울이겠습니다. 감사합니다.",20240125,NA
국민신문고 정책제안 처리결과 공개,기타,,답변완료,2010-01-14,2010-03-02,국민권익위원회,"ㅇ 현행

  - 국민신문고의 정책제안에 대한 담당부처 공무원의 처리결과에 대한 답변 내용이 공개되지 않다.

  - 정책과제로 채택된 우수제안들에 대해서는 답변결과도 공개되고 있다. 


ㅇ 문제점

  - 공개제안의 내용은 공개되고 있으나, 답변내용은 공개하지 않아 정책제안에 앞서 다른 이들의 제안을 먼저 검색할시 유사 제안이 있는 경우가 있는데 공무원의 답변까지 알고 싶으나 알 수 없다.

  - 불채택 중에서 비제안처리를 제외하고 '심사' 단계를 거친 제안에 대해서도 답변결과를 공개할 필요가 있다. 심사단계를 거친 제안중에는 구체성이 떨어져 채택되지 않은 경우와, 이미 관련 정책이 계획수립되어 추친예정이거나 법개정 중인 경우가 있다. 

  - 보다 구체적이고 중복되지 않는 제안을 위해, 제안검색으로 다른 제안들을 검토한 이들이 기존 정책이 어떠한 사유로 채택되지 않았는지를 알아야 한다.


ㅇ 개선방안

  - 채택되지 않은 제안 중에서 비제안처리를 제외하고 '심사' 단계를 거친 제안에 대해서도 답변결과를 공개한다. 

  - 답변내용에 제안자의 이름을 표기하는 대신, 제안자님 등 익명으로 처리하고 프로그램상으로 제안자 실명과 동일하거나 사람이름으로 추정되는 단어를 ***처리하여 공개한다.

  - 답변내용의 비공개가 부득이 한 경우에는, 아래 내용이라도 표기한다.

  - 심사단계를 거친 제안에 대해서는 구체성이 떨어져 채택되지 않은 경우는 '제안의 구체성이 떨어짐'으로, 이미 관련 정책이 계획수립되어 추친예정이거나 법개정 중인 경우는 '추진예정 사업임'과 '법개정중에 있음'으로 표기하여 심사단계에서 채택되지 않은 이유를 밝혀, 기존 '심사'를 '심사/이유('3중 하나')'로 표기하여 다른 제안자들이 채택되지 않은 이유를 간략하게 알 수 있도록 한다.


ㅇ 기대효과

  - 공개제안의 공개를 통해 다른 사람이 제안한 정책을 공감하는 현행 제안시스템에서 한발나아가, 추진 공무원의 답변을 공유함으로써 정책의 현황을 학습하게 된다.  이에 따라  나날이 발전하고 있는 정책제안이, 보다 빠르게 품질 향상될 것으로 기대된다.

  - 정책제안에 대한 공무원의 답변을 공유함으로써 정책추진을 최초로 시작하는  시점에 배포하는 보도자료 외에는 정책을 홍보할 기회가 없는 현행 정책들에 대해 다수의 같은 주제 관심자들에 홍보하는 효과가 있다.",,,"○ 공미혜님 안녕하십니까? 국민제안에 대한 관심과 참여에 감사드립니다.

 ○ 귀하께서 제출하신 제안의 요지는 ‘공개제안은 제안 내용은 공개되고 있으나 처리결과에 대해서는 공개되지 않고 있으니, 공개제안의 경우 불채택의 경우라도 심사내용을 공개하라’는 내용으로 파악되며, 아래와 같이 검토결과를 알려드리고자 합니다.

 ○ 귀하의 제안과 관련, 국민신문고에 접수된 국민제안 중 공개제안 일지라도, 내용자체에 대해서는 공개하는 것으로 볼 수 있지만 불채택된 처리결과까지 공유하는 것으로 폭넓게 공개하였는지에 대해서는 명확한 의견정립이 되지 않은바, 이해당사자의 및 관계기관의 의견수렴이 필요하고, 시스템 개선에 대해서도 중장기적으로 고려하는 것이 바람직할 것으로 판단됩니다. 

 ○ 금번 귀하의 제안을 채택하지 못하여 아쉽게 생각하며, 앞으로도 좋은 의견을 많이 제출하시면 국민신문고 운영 활성화에 최대한 반영할 수 있도록 적극적인 노력을 기울이겠습니다. 감사합니다.",20240125,NA
서초구 반포동 학교밀집지역에 구립도서관 하나만 더 지워주세요,행정/자치/안전,,제안심사,2010-01-13,NA,서초구,학교들이 즐비한데 역삼도서관(강남문화원4층)만이 서초구의 구립도서관...이라하기에는 규모도 너무나 작고....방학때가되니 일반열람실은 대기표받아서 기다려야하고....서초구는 예산도 많다는데....교육강국을 위해서 구지역도서관을 크게 하나 제대로 지워주면 안될런지요???,,,NA,20240125,NA
네비 게이션 형 공원관리 ,행정/자치/안전,,답변완료,2010-01-13,2013-01-31,서울특별시,"네비 게이션 형 공원관리 

[ 개요 ] 

네이비게이션:스스로 주행 경로를 결정하여 목적지로 이동하는 것. 여기서는 공원관리를 체게화하여 

스스로 목적지찾아가는데 의가 있다 일단 네이비게이션공원관리는 가로등을 번호매겨 컴퓨터 입력 

하고 공원에 시설물 안내판등을 컴퓨터에 입력한다 소나무 관리도 가능하다 또한 공원내 설치된 

휴게소도 네비게이션화하여 입력한후 민원발생시 어디지점인지 쉽게 찾아가는것을 말한다 

이로 인하여 공원관리를 전산화하여 편리하게 찾아가 민원처리를 하였다는 매력적 

네비게이션 공원관리화가 시급하다 


[ 현황 및 문제점 ] 

주먹 구구식 관리가 이제까지 계속되어왔다 그러나 컴퓨터망에 입력하여 관리하면 

보다더 시원스런 관리가 빨라진다 


[ 개선방안 ] 

1. 시설물을 컴퓨터에 입력한다 

2. 안내도를 컴퓨터에 입력한다 

3.보안등 번호 매기기 작업후 컴퓨터에 입력한다 

4. 공원에 유실수및 각종 나무들을 자료화하여 입력한다 

5모든것을 입력후 CD에 저장 공원관리를 체게화한다 

6. 시군에서는 한장의 CD속에 전 공원을 훤하게 볼수있다 

마치 조감도를 보는 느낌이 들어야 한다 이것찾아가면 네비게이션이(공원데이터 복사) 된다 

공원관리 네비게이션은 이루어 져야 한다 


[ 기대효과 ] 

전산망에 기록물없이 평범하고 주먹구구식 공원관리가 민원처리도 더뎌지지만 

전산망 기록을 따라 공원민원처리쪽에 네이비게이션을 따라가면 관리가 

수월하다는 평을 받는다 보안등불이 어디에 안들어 오는데 시험 테스트 할것없다 

번호찾아가면 되고 민원인은 번호찾아 신고하면 된다 모든것 시,군의 공원관리는 

한장의 CD에서 만나 지역을 훤히드려다 보고 관리에 큰도움을 준다",,,"시스템 오류로 누락되어 답변이 늦어져서 죄송합니다.

우리시에서는 공원이용 시민들에게 편의를 제공하기 위해 '서울의공원' 홈페이지에 공원안내도, 시설물사진, 관리자연락처 등을 입력하여 관리하고 있으며 공원을 이용할 경우 활용할 수 있습니다.",20240125,NA
국회의원 해외출장계획서와 경비를 국회홈피를 통해 공개하기,노동/환경,,답변완료,2010-01-12,2010-07-28,중앙선거관리위원회,"현행제도 및 문제점: 12월말 개정노동법처리안 통과 때문에 여,야 국회의원들이 싸움을 벌이는 보도를 많이 보았습니다. 그 후 새해에는 국회의원들이 여, 야 할 것 없이 해외출장 일정이 잡혀 있다는 뉴스보도가 있었습니다. 

뉴스 보도에 의하면 국회의원의 해외출장 경비가 39억 9천만이라고 합니다. 국회의원들은 해외출장 계획서와 경비를 비공개한다고 합니다. 비공개는 국민의 세금으로 해외 견학과 출장을 빌미로 국회의원 개인의 해외여행 소지가 많아 문제라고 생각되어집니다.

개선내용:

국민을 대표하는 개개의 국회의원의 해외출장시 해외출장계획서와 해외출장여행 경비를 국회홈페이지 게시판에 공개하여 국민 누구나 볼 수 있게 공개노출하는 것입니다.

기대효과: 국회의원의 해외출장꼐획서와 경비를 국민에게 공개함으로써 국민이 뽑은 국회의원이 활동을 잘 하는지 국민이 평가할 수 있으며, 국민이 힘들게 일해 낸 세금을 낭비하는 경우를 줄여 나라경제가 발전에 도움이 될 것으로 기대합니다.",,,"후원회를 둔 국회의원이 정치활동을 위하여 소요되는 경비는 선임된 회계책임자를 통해서 수입.지출하여야 하며 소속정당의 지원금과 후원회로부터 기부받은 후원금 등 수입과 그 지출내역을 정치자금법 규정에 의하여 관할 선거구위원회에 보고토록 하고 있습니다. 

국회의원 해외출장의 경우, 그 목적에 따라 국회의 예산 또는 개인경비로 가는 경우 등이 있고 정치활동인지 여부 등 방법과 내용이 다른 점이 많아 일률적으로 정치자금법으로 규정하기에는 어려움이 있고, 국회 홈페이지에 게재여부는 우리 위원회의 소관사항이 아니어서 답변드리기가 어렵다는 점을 알려드립니다. 

감사합니다",20240125,NA
국민신문고 처리기관명 표기 개선 제안,기타,,답변완료,2010-01-10,2010-01-14,국민권익위원회,"♣현행제도


국민신문고 제안시 지자체의 경우 처리기관명이 5자리표기로 되어있어 5자가 넘어가는 기관의 경우 ,,,(점점점) 처리되어 보이질 않습니다.


정부기관의 경우는 기관명이 짤리더라도 구분을 할 수 있으나 지방자치단체의 경우 많은 시와 군, 구로 구성이 되어 있어 어느 지자체인지를 구분을 할수가 없습니다.


예) 서울특별시,,,  / 전라북도 전,,, /  제주특별자,,,, / 대구광역시,,,,/


신문고 공개제안 번호 138713 ~ 138705 번 페이지를 보시면 서울특별시 해당구를 확인 할 수가 없습니다.(오래토록 불편했던 문제점 입니다.)


♣실태및 문제점 


상세 지역구가 표기가 노출되지 않아 혼란스러움. 해당 지자체 담당자들도 찾지를 못하는지 등록도 안된 제안이 수두룩 함. (특히, 지역구의 표기가 보이지 않는 지역의 경우 심함)


지역구 명칭이 보이질 않아 지역주민과 해당 공무원들의 관심을 받지 못 함.


예) 서울특별시 구로구 → 서울특별시,,,으로 표기 해당 기관의 이름을 모두 열어서 구로구를 찾아야 합니다. 


본인의 경우 해당시, 군, 구에서 제안 처리가 완료되;어 평가시 해당구를 바로 찾을수가 없어 힘이 많이 들었습니다.  나의제안 보기에도 처리기관의 구, 군이 보이질 않기 때문입니다.


♣제안내용


서울특별시에 제안을 할 경우에는 처리기관명에 서울특별시로 표기가 되어도 좋으나 ""서울특별시종로구""의 경우 ""서울시종로"" 나 ""서울종로구""로 표기하는것이 바람직하다 사료됩니다. (만약 ""서울특별시종로구""를 다 보이도록 할 수 있으면 좋겠지만요)


""경상남도진해시""의 경우 ""경남도진해"" 나 ""경남진해시""로 처리기관명이 보일수 있도록 개선하면 제안에 참여하고 계시는 많은 분들의 불편이 개선되고 활성화에 조금이나마 기여를 할 것 같습니다.


결론적으로 지자체에 해당되는 처리기관명의 5자 표기에 맞도록 개선이 필요합니다.  


♣기대효과


1.이용자 불편 해소

2.관심증가

3.해당지자체 관심도 증가

4.국민신문고 민원 개선",,,"1. 백민수님의 국민제안(1AB-0903-001592; 국민신문고 처리기관명 표기 개선 제안)에 대한 검토결과를 아래와 같이 알려드립니다.


        2. 선생님께서 제출하신 제안 '처리기관명이 긴 경우 기관명이 생략되어 식별에 어려움이 있으니 전체 기관명이 보일 수 있도록 개선해 달라'에 대해 답변 드리겠습니다.

           - 기관명의 경우 범정부 통합 코드이기 때문에 말씀하신 내용과 같이 가공하여 표현하기에는 어려움이 있습니다.

           - 대안으로 생략된 기관명 위에 마우스 포인터를 올리면 전체 기관명이 표시되도록 조치하도록 하겠습니다.  


        3. 국민신문고에 대한 관심과 의견 주신 것에 감사드리며 상기 사항이외에 궁금하신 점이 있으면 국민신문고담당관실 전영수(02-360-2746)에게 문의하시기 바랍니다.  끝.",20240125,NA
"지역 서민과 소외계층의 참여 활성화를 위한 ""주민센타 생활공감 아이디어 경진 대회""개최 ",행정/자치/안전,,답변완료,2010-01-10,2019-05-08,송파구,"지역 서민과 소외계층의 참여 활성화를 위한 ""주민센타 생활공감 아이디어 경진 대회""개최 


제안요약 : 각 주민자치센타장을 축으로 통, 반장과 주민회의나 반상회를 통해 가능한 많은 주민들이 참여토록 하여 아이디어를 공모 또는 수집, 각 주민자치센타에서 주민 아이디어를 수집하여 주민자치센타 최우수 통, 반을 시상함, 주민자치센타에서 선정된 우수제안 몇가지를  자치센타에서 보완이나 정리하여 완성도 있는 아이디어로 작성하여 상급 자치단체(구청)에 제출해 각 각 주민자치센타에서 올라온 우수제안으로 지자체 최우수 아이디어를 선정 하여 아이디어 최우수 주민자치센타를 선정하고 시상 함.


(주민센타장은 통,반의 최고 아이디어를 선정 포상하고,  구청장은 최고 주민자치센타를 포상하고, 시장은 최고아이디어 구청을 포상하며, 중앙제안과 특허, 실용신안등을 추진함) 


이러한 방안의 취지는 가능한 많은 시민들의 참여와 주민자치지역의 발전 아이디어와 나아가 구청의 발전 아이디어, 시의 발전아이디어로 결국 대한민국의 발전 아이디어로 발전을 할 것 입니다. 지역마다, 동네마다의 특색과 환경의 차이에서 찾을수 있는 생활공감아이디어가 달라 가능한 많은 시민들의 참여와 시민들이 표현하지 못해, 형식을 갖추지 못해 죽을수 있는 아이디어를 주민자치센타에서 함께 발굴하기 위함으로 더욱 창의롭고, 발전적이고 기발한 아이디어를 민, 관이 함께 개발하기 위함. 



▣ 제안배경 


주민센타는 지역 주민들이 가장 편하게 이용할 수 있는 주민과 함께 있는 행정기관 입니다. 통, 반장들과 지역 주민들이 생활하는 공간이기도 합니다. 최근 정부나 각 지자체별 아이디어를 통한 대한민국의 성장을 말하고 있습니다. 바로 창의 입니다. 


하지만 어떤 사람들이 참여를 하고 있습니까? 


최전방인 우리 주민센타에서 나서서 주민과 소통하고 통. 반장의 역할을 극대화 하고 소외 계층의 얘기를 귀길울이고 해야 합니다. 글을 못써서, 아이디어가 뭔지 몰라서, 무식해서, 양식사용을 못해서, 제안이 뭔지 몰라서, 창의가 뭔지 몰라서, 하지 못하는 많은 사람들이 우리 주민센타에 살고 계시는 주민 즉, 우리 국민들 입니다. 


이 모든 분들의 얘기를, 불편을, 민원을, 제안으로 만들어 올려야 합니다. 그 역할이 주민센타의 역할이고 말못하고 나서지 못하는 우리 주민들 주민센타에서 나서서 창의 리더를 하면 어떨까요? 


▣ 현행상 문제점 


시청, 구청의 홈페이지를 통한 제안, 정부의 국민신문고와 최근 생활공감정책 제안 이곳을 이용하는 사람들 보다 이용하지 못하는 주민들이 더 많습니다. 


더 좋은 생각이 있지만 표현하고 누가 도와줄 사람들이 없습니다. 


작은 소리에 힌트를 얻어 큰 제안으로 만들수 있는데 누가 도와주질 않습니다. 국민의 가장 가까운 곳에 있는 행정기관인 주민센타와 함께 하는 아이디어 공모를 통해 지역과 대한민국을 한단계 업그레이드 할 수 잇는 아이디어 유전을 개발해 에너지로 활용을 해야 할것 같습니다. 


▣ 제안내용 


주민과 함께하는 주민센타 그 역할의 중요성을 심어주는 정책을 펴면 좋겟습니다. 


""지역 주민센타 아이디어 공모 대회"" 개최 


주민센타는 각 통, 반의 아이디어 공모 대회를 개최해 추진, 접수된 아이디어를 공무원이 함께 다듬어 최고의 아이디어로 숙성시켜 ""주민센타 아이디어 공모"" 선정 제출함. 


주민과 공무원이 함께한 제안으로 공모 등록. 


최우수작 : 주민센타 사업비 우선 지원및 주민/공무원 공동 표창과 창의주민센타 명패 제작 


우수작 : 주민센타 사업비 50% 지원 / 공무원 공동 표창과 창의주민센타 명패 


등등 주민이 지역의 발전에 참여를 할 수 있는 정책으로 만들면 좋겠습니다. 


▣ 기대효과 


1.아이디어 유전 개발사업 

2.주민의 참여로 발전하는 지역사회 구현 

3.신로구축 

4.소통의 공간 

5.민원과 불편 청취 

6.창의주민 구현 

7.주민의 정책 팬으로의 전환",,,"안녕하십니까? 백OO님의 국민제안 참여에 감사드리며, 제안하신 내용에 대해 검토한 결과를 답변드리겠습니다.

백OO님께서는 지역 서민과 소외계층 참여 활성화를 위한 주민센터 생활공감 아이디어 경진 대회 개최를 제안하셨습니다.

우리구에서는 이미 홈페이지 상담창구, 서울시 응답소, 국민신문고, 제안마당 운영 등 주민의견 수렴을 위한 창구가 기 추진되어 다양한 창구에서 구정발전을 위한 주민분들의 소중한 의견을 받고 있습니다.

백OO님께서 제안해주신 ‘주민센터 생활공감 아이디어 경진 대회’의 취지에 대해서는 충분히 공감하오나 이미 시행되고 있는 제안창구가 많이 있으며, 주민센터에 보내주시는 의견들이 새로운 아이디어 보다는 대부분 복지, 생활불편 시정 요구 등 민원성 업무임을 감안할 때 경진대회 개최에 따른 실효성이 크지 않을 것으로 사료됩니다. 경진대회를 새롭게 개최하기 보다는 기존 시행되는 창구를 적극 활용하여 주민분들의 의견을 수렴하도록 힘쓰겠습니다.

백OO님의 제안을 채택하지 못한 점 널리 양해하여 주시기 바라며, 항상 구정에 관심을 갖고 의견을 주신 점에 대해 다시 한번 감사드립니다. 

이와 관련하여 더 궁금하신 사항이 있으시면 송파구 자치행정과(담당 정진아, ☎2147-2229)로 연락주시면 성심껏 답변 드리겠습니다. 감사합니다.",20240125,NA
도로보상금과 용적율~~,행정/자치/안전,,답변완료,2010-01-07,2013-01-10,서울특별시,"-예정 계획된 도로에서 신축건물을 지으려면 도로부지를 내 놓고 건축을 해야 합니다.


-도로부지는 차후에 해당 지자체에서 도로보상금을 받게 됩니다.


**해당 지자체에서 도로보상금 대신 기부체납 방식으로 신축하는 건축주에게 용적율을


 더 주는 방안은 어떠 하신지요?


**해당 지자체에서 건축주와 합의가 가능한 사안이라면 도로부지 보상금 보다는 기부


체납 방식을 택하고 그에 상응하는 용적율을 상향시켜 준다면 서로 윈,윈 할수 있지


 않을까요?


**지자체는 도로보상금을 별도로 지불하지 않아도 되고 건축주는 신축 공기를 앞당기는


 효과가 예상되므로 윈,윈 하는 유,무형의 효과가 예상되어 제안서 제출합니다.",,,"문의하신 내용에 대해 아래와 같이 회신합니다.


「국토의 계획 및 이용에 관한 법률」 및 「서울특별시 도시계획 조례」에 의하여 상업지역, 「도시 및 주거환경정비법」에 의한 주택재개발사업, 도시환경정비사업 및 주택재건축사업을 시행하기 위한 정비구역, 지구단위계획구역 안에서 건축물을 건축하고자 하는 자가 그 대지의 일부를 공공시설 등의 부지를 제공하는 경우에는 해당 건축물에 대한 용적률은 도시계획조례에서 규정한 용적률의 200퍼센트 이하의 범위안에서 [(1+1.3α)×허용용적률] (α란 공공시설부지로 제공한 후의 대지면적 대 공공시설부지로 제공하는 면적의 비율)의 비율만큼 완화적용할 수 있음


 항상 우리시 시정에 애정과 관심을 가져주시어 감사드리며 가내 건강과 행복이 가득하시기를 기원합니다.",20240125,NA
빙판 언덕길에 열이 발생하는 아스팔트길을 만들어 주십시요,행정/자치/안전,,제안심사,2010-01-07,NA,서초구,"서초동 삼풍아파트 주민입니다.  20동 아래에 급경사길이 있는데 눈이 많이 온 후에 결빙이 되면 사람이 다니기에 너무 위험하며 경사가 급하여 차량의 통행도 매우 어렵습니다. 예전에 신문기사에서 본 적이 있는 것 같은데, 아스팔트에 금속 물질을 섞어 가공을 하면 전기가 통 할 수 있어 발열이 된다고 합니다. 눈이 많이 오는 경우에 전기를 통하게 하여 바로 녹게 만들면 매우 효과적일 것으로 생각됩니다.  염화칼슘의 경우 환경이 오염이 되는 것은 물론 자동차 부식 등의 피해도 주며 많은 비용이 소요 된다는 것도 문제입니다.  전 도로를 전기가 통하는 아스팔트로 포장하는 것이 어렵다면 우선 경사가 있는 도로만이라도 먼저 적용을 하면 좋겠습니다.",,,NA,20240125,NA
국민신문고로 운영중 .,기타,,답변완료,2010-01-07,2010-01-29,국민권익위원회,"민원내고 답변 받으면 만족도 등록하는게 있는데 한번 등록하면 수정할수도 없고 다시 할수도 없습니다 . 만족도 수정할수 있게 해주시고 다시 등록도 하게 해주시고국민신문고 이용하는사람들이 공개적으로 의견을 제시할수 있게 자유게시판도 만들어주시고 


 이용상 문의사항이나 불편사항등르 게재 할수있는곳도 있게 해주십시요",,,"1. 선생님의 국민제안에 대한 검토결과를 아래와 같이 알려드립니다.


2. 선생님께서 제출하신 제안의 요지는

    - 첫째, 민원 만족도 평가 내용을 수정할 수 있도록 개선해 달라

    - 둘째, 국민신문고 이용자가 공개적으로 의견을 제시할 수 있는 자유게시판을 개설해 달라

    - 셋째, 이용 상 문의사항이나 불편사항 등을 게시할 수 있는 코너를 개설해 달라

    등 세 가지로, 위 사항에 대해 차례로 답변드리겠습니다.


 3. 첫째, '민원 만족도 평가 내용을 수정할 수 있도록 개선해 달라'에 대한 답변입니다.

    - 국민신문고에서는 민원서비스 향상을 위해 만족도 평가를 실시하고 있습니다.

    - 만족도 평가 내용을 수시로 바꿀 수 있게 된다면 각 부처별로 사후관리에 어려움이 있어 의견을 반영해 드리기 어렵다는 것을 알려드립니다.

    - 만약, 만족도 평가에 실수로 잘못 응모하신 경우에는 민원번호와 변경내용 등을 명기하시어 민원을 제출하시면 본인확인 후에 정정해 드리겠습니다.


4. 둘째, '국민신문고 이용자가 공개적으로 의견을 제시할 수 있는 자유게시판을 개설해 달라'에 대한 답변입니다.

    - 국민신문고에는 국민제안, 정책토론, 시민클럽 등 이용자가 공개적으로 정부정책에 대한 의견을 제시할 수 있는 코너가 마련되어 있으므로 해당 코너를 이용해 주시기 바랍니다.

    - 각 코너에 대한 소개와 이용방법 등은 국민신문고 고객센터를 참고하시기 바랍니다.

      ※ 국민신문고 소개 : http://www.epeople.go.kr/jsp/user/on/cu/CU01_01.jsp

      ※ 이용안내 : http://www.epeople.go.kr/jsp/user/on/cu/CU_main.jsp 


5. 셋째, '이용 상 문의사항이나 불편사항 등을 게시할 수 있는 코너를 개설해 달라'에 대한 답변입니다.

    - 국민신문고에서는 이용 중 문의사항이나 불편사항 등을 문의하실 수 있는 [고객문의] 코너를 이미 운영하고 있습니다.

    - 이용 중 문의사항은 고객센터 > 고객문의 > 자주하는 질문 코너를 통해 확인하신 후 신청하실 수 있으며

       ※ 자주하는 질문 : http://www.epeople.go.kr/jsp/user/on/cu/UOnBbsList.jsp?brd_id_v=helpinfo

    - 이용 중 불편사항이나 오류사항은 고객센터 > 고객문의 > 사이트 오류신고 코너를 통해 제기하실 수 있습니다.

        ※ 사이트 오류신고 :http://www.epeople.go.kr/jsp/user/on/cu/UOnBbsWrite.jsp?brd_id_v=sitebug


6. 상기 사항이외에 궁금하신 점이 있으면 국민신문고담당관실 김경민(02-360-2745)에게 문의하시기 바랍니다.",20240125,NA
국과수 부검의의 안정적인 충원을 위해서 경찰병원에 법의학과 설치합시다...,행정/자치/안전,,제안심사,2010-01-05,NA,경찰청,"미국드라마 중 과학수사에 관한 CSI가 한국에서 인기를 끌면서,

과학수사에 대한 관심과 함께

국민들은 자신들에게 어떠한 일이 벌어졌을 때 자신들도 과학수사를 통해서

정확한 수사를 받기를 원하는 기대가 상당히 높아졌습니다.


그러나 우리나라의 CSI라고 할 수 있는 국립과학수사대의 경우

지방별로 분소들이 있지만...

부검의가 정원에 미달하여 정원이 충원이 되고 있지도 않고..

사립대학의 의학대에서도 법의학을 전공하려는 사람이 많지가 않아서..

국과수의 부검의로 지원하는 인력이 거의 없는 편입니다..


저는 이러한 대한민국의 수사환경이 많은 변화가 있고..

국민들도 과학적인 수사를 바라는 욕구가 높아지는 많큼...

법의학 전공의 인력의 안정적인 배출과 함께.

경찰병원 의사인력 충원의 충족을 위해서 경찰대학 내에 

법의학과를 신설하기를 건의합니다.


경찰대학 내의 법의학대학을 설립하고..

그 법의학 대학 안에 각 의학분야별 전공을 두어서...

그 의학별 전공을 수료함과 동시에 법의학 과정을 필수 이수하도록 하는 것입니다..


이에 따라 병역면제 해택을 기존 경찰대학생들의 기초군사과정 이수등의 과정을 통해서

병역면제를 받듯이...

법의학 과정을 밟는 학생들도 기초군사과정을 거치고..

국과수의 법의학 의사로 의무 복무를 하도록 하는 것으로 병역면제의 해택을 주도록 하고,

의무 복무가 끝나는 시점에서 국과수의 정식 법의학 의사로 채용하거나

경찰병원의 의사로 채용하는 방법을 강구했으면 좋겠습니다.",,,NA,20240125,NA
화생방 테러 대비 시설물 구비 활성화,국방/보훈/외교/통일,국민제안_화생방 테러 대비 시설물 구비 활성화.pdf,제안심사,2010-01-05,NA,국가정보원,"처음 제안을 소방방재청으로 하였으나, 보험료 할인 등의 업무가 한국화재보험협회 소관으로 이의 감독기관인 금융위원회의 업무라는 이유로 채택이 되지 않았습니다. 하지만 제 생각에는 관련사항을 소방방재청에서 기본적인 제도의 기준을 마련해 주고 기타 관련사항을 금융위원회에서 조치하여 주시면 좋을 것 같습니다. 물론 관련기관의 업무를 제대로 파악하지 못한 저의 짧은 소견입니다. 



화생방 테러 대비 시설물 구비 활성화 


ㅁ 현실태/문제점 

ㅇ 국제 유치 행사장소, 관공서 및 인구 밀집시설/건물(지하철, 놀이시설 등)에 

대한 화생방 테러대비 시설물 전무 

ㅇ 화생방 테러관련 사항은 군과 소방 등의 일부 기관에서 전담 

ㅇ 관련 인력, 탐지장비 수습절차 등 대응체계 미약 


ㅁ 개선방안 

ㅇ 화생방 테러대비 관련 시설물 및 장비/시스템 도입시 정부 차원에서의 

각종 인센티브 제공 

- 건물에 대한 대인/대물 관련 보험료 인하 

- 호텔, 놀이시설 등 각종 국제 행사 유치시 지정장소 우선권 부여 등 

ㅇ 국제 유치 행사장에 대한 안전성 확보를 위한 화생방테러 관련 시설물 

구비 유도(독려) 


ㅁ 기대효과 

ㅇ 관련 시설 및 장비 구비 확대로 

- 국민의 소중한 생명과 재산의 보호 

- 남북 대치 상황에 대한 위험성 일부 경감 및 안전성 극대화 

- 탐지장비 및 시설물 구비로 신속한 초도 조치 및 사회혼란 최소화 

- 관련 산업 활성화로 일자리 창출 효과 기대",,,NA,20240125,NA
6월2일 선거일 참여자 혜택을,노동/환경,,답변완료,2010-01-04,2010-07-08,중앙선거관리위원회,"각종 선일때 마다 선거를 해 달라고 개인에 주워지는 주권을 행사하라고 홍보를 해도 그냥 공휴일로 여겨 투표에 참여하지 않고 있어 특단의 조치 및 회택을 주면 어떨까 의견을 올려 봅니다.

-.현행 : 선거일은 휴일로 착각하고 투표저하 개인 휴일로 여김.

           현행 투표에 참여한 사람은 당일에 한해 고궁등 무료 입장할수 있는 혜택이 있으나

           많은 활용 및 큰 혜택이 되지 않음

-.대책 : 1) 투표참여자 -  년말정산시 실비 혜택 또는 자동차세, 취득세 1/2 감면, 무주택자 우선권

                                    부여등

            2) 무투표자 - 공무원 징계사유, 회사 승진 누락사유 해당(투표일 공장가동 출근으로 투표 

                                못했을시) 년말정산 불이익등 

-.결론: 투표의 개인 자유권을 주되 않되는 것은 회택 및 불이익을 줘서 참여토록 유도함.

          (투표 유무를 확실하게 관리하여  참여자,불참자 확실한 특단의 혜택 불이익이 되야)",,,"○ 투표참여자에 대한 소득공제, 세금감면 등은 세수감소와 국가재정의 부담 등이 고려되어야 하므로 관계부처와의 협의가 필요한 사항임.

○ 헌법재판소는 자유선거의 원칙이 헌법에 명시되지는 아니하였지만 민주국가의 선거제도에 내재하는 법원리인 것으로서 구체적으로는 투표의 자유, 입후보의 자유 나아가 선거운동의 자유를 뜻한다고 판시하였음(1995. 4. 20. 선고 92헌바29 등 참조).

○ 따라서 투표불참자에게 불이익을 주는 것은 헌법이 보장하는 자유선거의 원칙과 부합되지 아니할 수 있으므로 제안으로 채택하기에는 부적합 함.",20240125,NA
남부 순환도로 교통흐름 개선관련,행정/자치/안전,,답변완료,2010-01-04,2013-01-10,서울특별시,"남부순환도로가 현재 공사구간이 많아서 특히 출퇴근시에  교통흐름이 엉망인바,

그 원인을 분석하여보면 개봉역 부근의 정체가 크게 문제 되는바, 그 흐름을 개선할 수 있는방안이

있는대도  비과학적으로 도로를 설계하여(공사로 인하여 임시도로 인 상태임)

엄청난 교통방해 및, 이로인한 운전자들의 스트레스 증가, 또한 최소 약 30분~ 1시간 30분간 정체로

인한 차량유류비 증가, 온실가스 증가 등 환경에도 악형향을 끼치고 있음


개선방안은

현재도로 상황을 개선하여 개봉역 인근의 도로를 현재의 좌우 십자교차로 방식에서

방안1.

        교차로부근의 남부순환도로의 높이를 높여서  직진의 흐름을 방해하지말고,

       또한 교차로의 좌우 통행은 이 도로 밑으로 통과하게 하는 방안

      인데, 이럴경우 그 교통흐름 개선효과는 정말 크게 될 것임

 방안2.

         남부순환도로의 상태를 지금과 같이 유지하고,다만 좌우 통행인원(주로 도보 횡단보도 통행

        인원임)을  육교를 통하여 통행 하도록 하면 전혀 교통의 흐름을 방해받지 않아, 원활하게 

        개선될 것임


위와 같이 개선시에 효과

1. 교통속도 개선

2. 운전자 스트레스 개선

3. 유류 절감

4. 온실가스 절감

   등의 효가가 있음으로 즉시 해야할 것입니다


 위와같이 개선시의 비용은 정말 개선시의 효과에 비하면 1/100 도 안 됨


즉시 게선이 필요",,,"장옥 님 안녕하십니까?

시정발전에 관심을 가져주시고 좋은 제안을 해주신 장옥님께 깊은 감사를 드립니다.

장옥님께서 제안하신 사항은 개봉역 앞 교차로 부근 남부순환로를 높이고 교차하는 도로를 하부로 통과하도록 하며 횡단보도 대신 보도육교를 설치하여 남부순환로의 교통흐름을 개선하자는 내용으로서,

본 제안은 교통흐름의 연속성은 확보할 수 있으나 기존 남부순환로로 인한 개봉동 지역단절 및 교통불편 해소에는 어려움이 있을 것으로 판단되며 이를 해결하고자 우리시에서는 총연장 736m의 지하차도를 설치하는 남부순환로(개봉역주변) 구조개선 사업을 추진 중으로 현재 오류IC방향 지하차도를 임시개통하였으며‘13년에는 양방향 전체를 개통할 예정입니다.

현재 임시 교통전환으로 불편을 드리게 된 점 널리 양해해 주시기 바라며 귀하의 가정에 늘 건강과 행복이 가득하시길 기원합니다.  끝.",20240125,NA
국민권익위원회에 접수된 사건을 끝까지 추적할 수 있는 '고발인자격'을 반드시 부여해야 합니다.,기타,이재오위원장님 앞으로 보낸 진정서.hwp,답변완료,2010-01-04,2010-01-25,국민권익위원회,"국민권익위원회의 의결로 수사의뢰한 사건에 대해서는 국민권익위원회가 고발인 자격이 있어야 할 것입니다.


지금 현재는 국민권익위원회의 의결을 거쳐 사건을 경찰서 등으로 이첩시킨 후, 경찰서 등에서 사건처리결과보고서를 국민권익위원회가 받게 되면 그것으로 사건은 종결되어 버립니다. 혹 이의 제기가 있어 다시 이첩하고 보고서를 다시 받는 경우가 있다 하더라도 그것으로 끝입니다.


제가 말씀드리고자 하는 것은 이첩을 받은 경찰서 등에서 국민권익위원회로 결과를 보고하는 한편 내사종결이 아닌 한 검찰로 사건을 송치합니다. 그런데 이때 검찰은 송치 받은 사건을 인지사건으로 분류 접수하고 있습니다. 


문제는 바로 이것입니다. 검찰에서 인지사건으로 처리할 경우 검찰 임의대로 처리한다 해도 그 누구도 거기에 대해 이의제기를 할 수 있는 자가 없습니다. 아울러 그 사건의 진행과정도 아무도 알 수가 없습니다. 물론 사건의 열람 복사가 안 되는 것은 당연합니다.


당초 국민권익위원회의 의결을 거쳐 진행된 사건이 마지막에는 이런 식으로 검찰의 임의대로 사건이 결론지어 지는 것입니다.


이것은 매우 잘못된 것입니다. 검찰의 사건처리가 현저하게 불법적일 때 누군가는 그 불법을 따질 수가 있어야할 것입니다. 말하자면 고소 또는 고발자가 항고, 재항고, 또는 재수사를 요청할 수 있는 것처럼 말입니다.


지금 현재는 이런 제도가 없다 보니 사건 초기에는 국민권익위원회의 의지로 범죄가 명확히 밝혀졌다가 검찰선에서 번번히 불기소 혐의없음으로 변질되어 버리기 일쑤입니다. 그렇다고 따질 수 있는 방법도 없습니다.


이 경우 자칫하면 국민권익위원회가 국민들을 상대로 부패신고를 부추겼다가 마지막에는 낭패를 보게 하는 결과를 초래하게 되는 것입니다.


제 사건(2007-150호)이 바로 그런 케이스인데 09.11.30. 이재오 위원장님 앞으로 발송했던 저의 공문에 그 내용이 자세히 기록되어 있습니다. 이 공문을 첨부해서 보내드리겠습니다.


결국 국민권익위원회도 고발권이 없고 민원을 제기한 자도 고발권이 없다 보니 경찰서에서 검찰청으로 사건이 송치된 후에는 이 사건의 주인이 없어져버리는 것입니다. 그러다 보니 검찰청에서는 이 사건들을 자기들 입맛대로 처리하고 있습니다. 사건처리 후 국민권익위원회를 비롯한 당초 민원제기자 등에게 회신을 해 주지 않을 뿐만 아니라 사건기록을 열람조차도 못합니다.


제 경우도 별첨공문의 내용과 같이 국민권익위원회와 경찰청에서는 분명히 업무상횡령 등의 범죄행위로 기소의견을 달아 검찰청으로 송치했으나 검찰청은 말도 안 되는 이유로 불기소 또는 사건 자체를 증발(기소도 불기소도 하지 않는)시켜 버렸습니다. 그로 인해 제가 지금 현재 겪고 있는 고통은 이루 말할 수 없습니다. 그러나 아무런 대책이 없습니다.


이런 현상을 고치기 위해서는 국민권익위원회 또는 민원 제기인에게 검찰청에서의 사건진행을 알 수 있도록 해 주어야 하며 만일 검찰청에서 수사가 부당하게 진행될 경우에는 이에 대한 소정의 권한(고발인이 갖는 권한 같은 것)을 행사할 수 있어야할 것입니다.


한 번 민원 제기된 사항에 대해서는 그 사건이 마무리될 때까지 국민권익위원회가 그 과정과 결과를 알 수 있어야만 할 것입니다. 그렇지 않으면 저와 같은 경우가 부지기로 나오게 될 것이며 애꿎은 민원 제기자를 수 없이 수렁으로 빠뜨리게 될 것입니다.


결론은 위에서 말씀드린 바와 같이 국민권익위원회의 의결과 경찰청의 조사 결과 검찰청으로 송치된 사건에 대해서 국민권익위원회 또는 민원제기인에게 고발인의 자격을 부여하자는 것입니다. 그래서 검찰의 조사에 대해 일반 사건의 고발인처럼 조사에 참여도 하고 결과도 알 수 있게 하자는 것입니다.


이 부분을 꼭 제도로 정착될 수 있도록 해 주십시오.


아래 첨부파일에는 제가 이재오 국민권익위원장님 앞으로 보내드린 진정서가 있습니다. 이 진정서를 보시면 왜 제가 위와 같은 제도개선을 제안하는지 잘 알 수 있을 것입니다.


                                                                       2010. 1. 4.


                                            위 제도개선 제안자 : 김종현 (019 - 528 - 8993)",,,"국민권익위원회는 “억울함이 없는 나라, 깨끗한 사회”를 만들기 위해 최선을 다하고 있습니다. 


제안하신 내용은 국민권익위원회 또는 부패행위 신고자에 대한 고발인 자격 부여로 수사기관 이첩사건의 통제를 적극적으로 할 필요가 있다는 취지로 판단됩니다.


1.우선 위원회에 고발인 자격을 부여하는 내용을 살펴보면 다음과 같습니다.


  위원회에 고발인 자격이 전혀 부여되어 있지 아니한 것은 아닙니다. 고위공직자의 부패행위 신고사건의 경우에 현행 “부패방지 및 국민권익위원회의 설치와 운영에 관한 법률” 제59조에서 이미 고발인 자격을 부여하고 있습니다.


  일반 수사기관 이첩사건의 경우에는 위원회에 고발인 자격을 부여하고 있지 않지만, 이는 이첩자체가 고발과 구별되는 고발을 전제로 하지 않는 개념이기 때문입니다.


2. 부패행위 신고자에 대하여 고발인 자격을 부여하는 내용을 살펴보면 다음과 같습니다. 

   위원회 부패행위 신고자는 신고자 보호,보상 등 다양한 법적 보호를 받는 자로서 수사기관에 직접 범죄처벌의사표시를 하는 고발인과 구별됩니다.

   만약 신고자에게 고발인 자격을 부여한다면 형사소송절차의 혼란을 야기시킬 가능성도 있습니다.


3. 따라서, 제안하신 위원회 또는 부패행위 신고자에게 고발인 자격을 부여하는 내용은 위에서 살펴본 바와 같이 타당하지 않다고 판단됩니다.


   다만, 지적하신 문제점과 같이 경찰 이첩사건의 경우에는 검찰 송치 이후 검찰수사 결과를 통제할 수 있는 권한이 미흡한 것이 사실입니다.


   이러한 점은 이첩사건의 공정성 확보라는 측면에서 보완이 필요한 부분으로 판단되어, 추후 법령 개정 과정에서 위원회의 재조사, 설명요구권한 확대 등을 면밀히 검토해 나갈 예정입니다.


   앞으로도 청렴한 사회건설을 위해 지속적인 관심과 애정 부탁드립니다. 감사합니다.",20240125,NA
중대 용산병원 건물 보존,행정/자치/안전,,답변완료,2010-01-03,2013-01-17,서울특별시,"저는 중앙대학교 용산 병원 근처에 살고 있습니다.

중대 용산 병원옛날 건물이 있는데 빨간 벽돌로 2층짜리 이며 꾀나 오래 전에 지어진것 같습니다.

땅이 철도청에 소속이 되어 있고 중대 병원이 조만간 이사갈지도 모른다고 들었습니다. 

서울에는 궁 건물 외에 근대사에 지은 건물이 하나둘씩 사라지는게 너무 안타 깝습니다. 신세계 백화점 건물도 1950년대 지은 건물이 지금은 리뉴얼 공사로 새로와 지긴 했지만 소중한 근대사가 하나둘씩 사라지는 느낌입니다.

제일은행 본점과 한국 은행 건물은 그나마 그대로 남아 있어서 다행입니다.

개발 붐을 타고 중대 용산 병원 붉은색 2층 건물이 사라지지 않았으면 좋겠습니다. 

이조시대 역사만 있고 1900년대는 역사속에 없어 지지나 않을까 그런 걱정이 듭니다.

꼭 오래된 건물을 보존 해주십시오.",,,"안녕하세요. 안영숙님 ^^

우선, 시스템 오류로 인해 처리가 늦어져서 정말 죄송합니다.

그리고 우리 시의 문화재에 깊은 관심을 가져주셔서 정말 감사합니다.


보존을 제안해주신 건물은 ""구 용산철도병원 본관""입니다.

현재 용산구 한강대로 14길 35-29에 소재하고 있으며, 1928년에 철근 콘크리트조 적벽돌 마감으로 재건된 지상 2층규모의 병원 건축물로 일제강점기 철도기지로서 신시가지로 개발되었던 용산을 상징적으로 보여주는 건축물입니다. 

이미 2008년 10월 27일자로 문화재청에서 등록문화재 제428호로 등록, 보존되고 있으므로 큰 걱정을 좀 덜어드릴 수 있을 것 같습니다.^^  참고로 문화재의 현황사진과 설명은 아래와 같은 문화재청 홈페이지의 문화유산정보에서도 찾아보실 수 있습니다.

http://www.cha.go.kr/korea/heritage/search/Culresult_Db_View.jsp?mc=NS_04_03_01&VdkVgwKey=79,04280000,11


추운 날씨 건강 유의하시고, 앞으로도 우리시의 문화재에 깊은 관심과 애정을 부탁드리겠습니다.",20240125,NA
스케이트장이나 얼음썰매장,행정/자치/안전,,제안심사,2010-01-02,NA,금산군,"컨텐츠 담당자 안내:기획감사실 기획담당 750-2216


군수님께  


금산의 미래인 우리 아이들을 위해 스케이트장이나 얼음썰매장을 만들어 어린이들을  건강하

게 지켜주세요


요즘들어 통합이다 인구유입이다 하면서 많은 정책들이 난무하다 시피 합니다


정작에 우리군에 살고있는 사람들은 등한시 하는듯한 인상이 있네요


그래서 아이들을 위한 스케이트장이나 얼음썰매장을 만들어 마음껏 


뛰어놀수 있는곳을 우리 어른들이 만들어주어 함께어울릴수 있는 곳.정이있는곳.....

.

만약에 이시설이 들어 선다면 서울광장 스케이트장처럼 가족과 함께 웃고 즐기고 할수있어 


타지역에서도 놀러 올수있는 또하나에 관광 상품이 되어 인삼시장등 지역활성화가 기대된다


장소 : 유휴지 활용 (논, 아인리 주택단지, 금산천등을 이용)


          물 - 소화전등을 활용


서울광장을 보면 부러움에 한마디 적습니다.",,,NA,20240125,NA
