ID,title,category,start_date,end_date,petitioner,status,text,participants,URL
605368,당신의 나라에서 행복했습니다.,기타,2022-05-09,2022-06-08,kakao - ***,청원종료,"우선 이 청원은 14시간만 유효함을 알립니다.
대통령님. 당신의 나라에서 행복했습니다.
감사합을 표현하고자 청원을 올립니다.
그간 대통령님께 감사함을 표현하는 청원이 많았음을 알고 있습니다.
하지만 임기 마지막 날 꼭 감사하다는 인사를 드리고 싶었습니다.
당신의 나라에서 5년 동안 걱정없이 꿈같고 행복한 나날들을 보냈습니다.
욕심 같아선 임기가 끝나는 것이 너무 아쉬워 하루라도 더 붙잡고 싶은 심정이지만
당신의 몸이 이미 방전된 배터리와 같다는 말씀에 붙잡고 싶었던 마음 마저 내려놓습니다.
어리석은 제가 대통령님을 지킨답시고 행했던 일들 중 잘못된 일들도 많았고
돌이켜보면 늘 대통령님께서 저를 지켜주셨지 제가 대통령님을 지킬 깜냥은 아니었는데...
깨어있었다 생각했던 저는 늘 어리석었고 아둔하였습니다.
대통령님 덕분에 깨어있다는 게 어떤 의미인지 조금이라도 알게 되었으니 평생 
상대에 의해 정의되지 않고 제가 왜 하는지 찾아가며 살겠습니다.
부디 임기 후에는 평안한 삶을 사시길 기원합니다.
그리 되실 수 있게 제 마음을 열심히 보태겠습니다.
제 평생 다시는 없을 성군이신 문재인 대통령님
사랑하고 또 사랑합니다.
감사하고 또 감사합니다.
걸으시는 걸음 걸음마다 꽃길이시길 기원합니다.
여사님과 함께 부디 행복하시고 건강하십시오.","15,350",/19th/www.president.go.kr/petitions/605368
605367,제 친구가 칼에 찔렸지만 가해자가 촉법소년이라는 이유로 제대로된 처벌을 받지않을것 같습니다 도와주세요,안전/환경,2022-05-09,2022-06-08,kakao - ***,청원종료,"5월7일 오후 10시경 **고등학교 앞에서 제 친구가 칼에 찔렸습니다. 촉법소년인 가해자에게 칼로 위협받던 제 친구의 친동생을 보호하고자 칼을 든 가해자를 제압하려했던 제 친구가 양손을 칼에 깊숙히 찔려 양손을 쓰지 못하는 상태로 가해자에게 허벅지까지 칼에 베이면서 차마 눈으로 보기도 힘든 큰상처가 생긴채로 구급차를 타고 병원으로 수술을 받으러 이송되었습니다. 칼에 맞은 제 친구는 대학입시를 코앞에 둔 고3 연극영화과 지망생이었으나 이 중요한 시기에 너무나도 참혹한 일이 생겼습니다. 허나 제 친구를 이렇게 만들어놓고도 당당하게 가해자는 경찰에게 가면서 까지도 담배를 피우며 수갑차고 연행되는 과정에서까지도 칼에 찔려 고통스러워하는 제 친구를 죽일듯 노려보며 전혀 죄책감없는 표정으로 그 현장에서 벗어났습니다. 이런 일을 흉악한 짓을 저질러 놓고도 나이가 어린 법의 보호를 받는 촉법소년이라는 이유로 제대로된 처벌조차 어려운 상황입니다. 이 글을 보신 여러분 제발 도와주십시오..
 [본 게시물의 일부 내용이 국민 청원 요건에 위배되어 관리자에 의해 수정되었습니다]","29,351",/19th/www.president.go.kr/petitions/605367
605366,"학생들의 등굣길 교통사고 참사, 어른들이 책임지고 막아주십시오.",안전/환경,2022-05-09,2022-06-08,naver - ***,청원종료,"{첫번째 첨부링크-docs.google.com-에 사진들과 전문이 함께 있습니다. 읽기에 더 편하실 것 같습니다}
저는 송파구 **고등학교에 재학 중인 학생입니다.
제가 다니는 학교가 이틀전에 TV 뉴스에 나왔는데, 저희 학생들의 안전사고에 관한 중요한 제보였음에도 불구하고, 학생들의 인터뷰는 보도되지 않고 부모님들과 선생님들의 목소리만 나와서 아쉬웠습니다. 또 제가 지금 고3이라서 주변을 살필 여유가 없었기 때문에, 이렇게 심각하고 어이없는 상황인지를 뉴스를 보고 나서야 비로소 제대로 알게 되어서 마음이 무거웠습니다. 이것이 제가 청원을 올리려고 결심한 이유입니다.
●뉴스 영상입니다. https://youtu.be/1_N95aYk608 ([제보M] 통학 길목에 차량 출입구?…서울시·교육청 ""문제없다"" MBN)
“** 중학교 600명 + ** 고등학교 1100명 = 총 1700여명이 오가는 등굣길에 <가락상아 1차 아파트>와 <가락상아 2차 아파트>가 있다. 이 중 <1차 아파트>가 연내 재건축 공사를 시작한다. 문제는 바로, 큰 대로변으로 나 있는 이 아파트의 차량 출입로가, 재건축을 하면서 학생들의 등굣길 쪽으로 위치를 변경한다는 사실이다. 차량의 주출입로와 학생들의 주통학로가 겹치면 안전사고가 우려되는 것은 당연하기에 학교, 학부모, 학생들은 이에 반대한다. 그러나 서울시, 교육청, 재건축 조합은 ‘전문가들이 괜찮다고 했다’며 몇 가지 안전 시설만 보완하고 그대로 강행하려고 한다.”
●** 중학교와 ** 고등학교의 주통학로와, 가락상아 아파트 차량의 주출입로를 구글어스로 본 모습입니다. {첫번째 첨부링크-docs.google.com-에 사진과 전문이 있습니다. 함께 읽어주시면 감사하겠습니다}
몇 가지 의문이 듭니다. 차량 진출입로를 변경해야만 하는 이유가 있는가? 그 의사결정 과정은 신중하고 정확하게 진행되었는가? 우리나라에서 재건축은 로또로 통하곤 하는데, 그들이 더 큰 이익을 보기 위해서 학생들의 안전을 담보한 것은 아닐까?
(1) 도로교통공단의 2021년판 교통사고 통계 분석 자료를 확인해 보았습니다.
가해 운전자 법규 위반 별 교통사고 현황<표2-11>를 보면, ‘과속’이나 ‘신호 위반’ 등보다 ‘안전운전 의무 불이행’이 총 사고 건수 중 55.5%, 총 사망자 중 66.4%를 차지할 정도로 압도적이었습니다.  실제로 학교 앞 등굣길 교통 안전사고는 ‘안전운전 의무 불이행’이 대부분입니다. 옆 동네 배재 고등학교 학생도 자전거로 등교하던 중에 안전운전 의무를 불이행한 트럭에 치여 사망했고(https://www.seoul.co.kr/news/newsView.php?id=20180509500117), ** 여고의 학생도 같은 이유로 등굣길에 사망했습니다.(https://www.hani.co.kr/arti/PRINT/377818.html)
{첫번째 첨부링크-docs.google.com-에 사진과 전문이 있습니다. 함께 읽어주시면 감사하겠습니다}
이처럼 교통사고 학생 사상자 구성비(그림2-9)에 따르면, 고등학생의 교통사고 사상자는 유치원생, 초등학생, 중학생의 사상자를 훨씬 뛰어넘습니다.
{첫번째 첨부링크-docs.google.com-에 사진과 전문이 있습니다. 함께 읽어주시면 감사하겠습니다}
(2) 가락상아 1차 아파트 주변의 교통사고는 어떤지 ‘TAAS 교통사고분석시스템’으로 살펴보았습니다.
이 시스템은 가장 최근 자료가 2020년이어서 2018년부터 2020년까지 3개년을 살펴보았습니다. 이 기간동안 아침 6시부터 9시 사이 송파구 오금동에 있는 ‘가락상아 1차아파트’ 주변에서 발생한 교통사고는 4건 이하에 불과하며, 아파트 차량 출입구 근처에서 발생한 사고는 1건입니다. 아침 출근시간이 아니라 24시간으로 설정해도 10여건 이하에 불과합니다. 현재의 차량 출입구 위치가 교통사고를 유발하는 원인이라고 볼 수 없습니다. 학생들의 통학로 주변도 교통사고발생 0건이므로, 현재의 차량 출입로의 위치를 굳이 통학로 쪽으로 변경해야할 이유가 없습니다.
{첫번째 첨부링크-docs.google.com-에 사진과 전문이 있습니다. 함께 읽어주시면 감사하겠습니다}
(3) 스쿨존(어린이보호구역)인 경우에 교통사고 발생이 줄어드는지 확인해보았습니다.
경기연구원의 정책연구(2015-42) : 경기도 어린이 등하굣길 교통안전 증진방안 자료에 따르면, 어린이보호구역 내 어린이 사고는, 일반지역 내 어린이 사고의 1~9%, 경기도 전체 평균 4%에 불과했습니다. 어린이보호구역으로 지정되면 안전사고가 4%대로 줄어든다는 의미입니다. 그러나 1995년 도로교통법 및 어린이 보호구역의 지정 및 관리에 관한 규칙( https://www.law.go.kr/법령/어린이노인및장애인보호구역의지정및관리에관한규칙 )에 의해 제정된 어린이보호구역은 초등학교와 유치원의 주통학로만을 보호구역으로 지정하는 것이며, 중학교와 고등학교의 통학로에는 해당되지 않습니다.
{첫번째 첨부링크-docs.google.com-에 사진과 전문이 있습니다. 함께 읽어주시면 감사하겠습니다}
●결론입니다. 저는 아래의 사항을 청원합니다.
하나. 재건축 조합/ 서울시/ 교육청은 재건축 아파트의 차량 주출입구를 변경해야하는 이유를 명백히 소명하시기를 바랍니다.
둘. 송파구 병(오금동) 국회의원인 더불어민주당 남인순 의원과, 박성수 송파구청장은 이 문제에 대한 입장을 밝히고 다자간 간담회를 통해 조율에 적극 나서시길 바랍니다.
셋. 어린이보호구역의 지정 및 관리에 관한 규칙 제3조(보호구역의 지정) ⑥항의 단서 조문에 의거해, ** 중고교의 주통학로를 개롱초등학교 기준 어린이보호구역으로 확대 지정하고, 재건축 아파트 차량의 주출입구의 변경을 취소함과 동시에, 같은 법 제6조(교통안전시설의 설치), 제7조(보도 및 도로부속물의 설치), 제9조(보호구역에서의 필요한 조치) 등에 해당하는 사항을 이행하시길 바랍니다.
{첫번째 첨부링크-docs.google.com-에 사진과 전문이 있습니다. 함께 읽어주시면 감사하겠습니다}
※ 어린이보호구역의 지정 및 관리에 관한 규칙 https://www.law.go.kr/법령/어린이노인및장애인보호구역의지정및관리에관한규칙
제3조(보호구역의 지정) ⑥ 다만, 시장등은 해당 지역의 교통여건 및 효과성 등을 면밀히 검토하여 필요한 경우 보호구역 지정대상 시설 또는 장소의 주 출입문을 기준으로 반경 500미터 이내의 도로에 대해서도 보호구역으로 지정할 수 있다.
강동구 **고 학생과 성남시 **여고생의 등굣길 교통사고 참사 등은 정부의 안이한 생각이 야기한 인재입니다. 똑같은 실수를 반복하지 않도록 빠른 대처를 촉구 드립니다.
 [본 게시물의 일부 내용이 국민 청원 요건에 위배되어 관리자에 의해 수정되었습니다]",676,/19th/www.president.go.kr/petitions/605366
605365,죽음 앞에는 존엄성이 필요없습니까?,보건복지,2022-05-09,2022-06-08,kakao - ***,청원종료,"안녕하세요
저는 아빠랑 단둘이 살고 있었습니다
아빠는 작년 54살 젊은 나이에 뇌출혈(지주막하출혈)의 발병을 시작으로 사망하셨습니다
우리는 누구나 죽음을 맞이하게됩니다. 모든 사망에는 가슴이 아프고 그 누구도 이해할 수 없는 일들이 다반사입니다 그러나 또. 자연스러운 현상이기도 합니다. 
그런데도 불구하고 우리는 사는동안 사랑주고받고 또 누군가를 지키며 소중하게 살아갑니다
아빠가 지키고자했던 사람은 저였습니다
여러분들은 혹시 현재의 간병인제도에 대해 아십니까? 저희 아빠는 3개월동안 3번의 간병인이 바뀌었습니다
1. 모두 조선족으로 기본적인 의사소통이 안됩니다
2. 일급 13만원 이상을 기본으로 받으면서 환자 준비물을 별도로 받고 돈을 반올림해주지않게 입금한다고 삐집니다
3. 환자 몸에서 냄새가 난다. 못해먹겠다 썅. 욕을 섞어가며 인권을 무시하는 의도가 일급을 올려달라는 뜻입니다
4. 3명중 2명이 제대로된 마무리를 하지않고 도망갔습니다 심지어 한사람은 재활도 하지않고 의식불명인 아빠를 혼자 놓고 도망갔습니다
5. 그사람들의 자격증조차 확인할 수 없습니다
임금은 모두 계좌로 입금되며 세금은 떼지않고 일합니다
아빠를 굴욕적인 말로 비아냥거릴때 저는 죄송하다는 말밖에 못했습니다.
저는 작년 26살 고시생이었고 간병비를 올려줄 정도로 여유로운 경제상황이 아니었기 때문입니다.
아빠는 기관절개를 했었고 그 부분이 노랗게 물들어있었습니다
소독도, 청결도 제대로 이루어지지않았다는 증거입니다 아빠는 나중에 식도부식까지 오셨습니다
과연 우리 아빠 죽음에는 존엄성이 얼마나 지켜졌던것입니까
살아있는동안은 사람에 제대로된 인권은 보장되었어야하는 것 아닙니까
저는 뇌출혈환자,보호자 카페에도 활동을 했습니다 코로나 전 면회가 되는 상황에서는 맞은 상처들, 갖은 욕설들을 들은게 기본이라고합니다.
우리는 무엇을 위해 살아가고있고 무엇을 지키고있습니까
환자들이 돌봄받을 수 있도록 사람대우는 받을 수 있도록 간병인의 전문적 제도와 국가 개입이 절실히 필요하다고 간곡히 주장합니다
저희 아빠는 돌아가셨지만, 남은 환자들과 그 보호자들을 위해 적극적으로 의견냅니다
모두 우리사회가 바뀔수 있도록 동참해주세요",111,/19th/www.president.go.kr/petitions/605365
605364,"셰퍼드가 목줄, 입마개을 안하고 산책하다 우리 강아지가 억울하게 죽었습니다",반려동물,2022-05-09,2022-06-08,kakao - ***,청원종료,"며칠전 저희 강아지(말티즈)와 동네 산책을 나갔다가 맞은편 20-30미터 멀리 누군가 2차례 정도 안으라는듯이 무어라 소리치는 걸 들었습니다. 
앞을 보니 목줄과 입마개를 하지 않은 셰퍼드 개(가해견), 중형견을 데리고 나온 중년여성 견주가 있었습니다. 
직감적으로 위험을 감지한 저는 저희 강아지(목줄 착용) 를 바로 안았고 동시에 상대방 개들이 저희쪽으로 미친듯이 뛰어왔습니다. 
그때 견주는 위급상황을 알면서 그저 걸어오고 있었고 그 순간 가해견이 제 팔뚝을 물었습니다. 그 후 저희 강아지 머리를 낚아채더니 그 옆 산속 아래로 끌고가 물어뜯고 양 옆으로 미친듯이 패대기를 쳤습니다. 
저는 따라 내려가 흥분한 생태의 가해견을 떼어놓으려고 발버둥 쳤지만 저희 강아지는 이미 많은 상처를 입었고 멀리있던 견주는 이미 상황이 끝난 후에 와서는 ""그 강아지 저한테 주세요. 그래야 얘들이 진정해요""라고 말했습니다. 
그 다음 우리 상처를 자세히 살펴보지않고 자기핸드폰을 찾아서 집으로 개들을 데려갔고 정황이 없을때 밑에서 올라오던 다른 주민분이 119신고를 해주셨습니다. 그 후 가해자는 우리가 119를 기다리는 중에서야 다시 나타나 같이 구급차를 타고 병원으로 갔습니다. 
저는 치료를 받았고 피해견인 우리 강아지는 병원에서 제대로 수술을 받지도 못한채 당일 새벽 안타깝게 죽었습니다..
당일 경찰이 조사를 하던 중 가해견이 상처낸게 아니라는 가해자 발언을 우리에게 전해주었고 현재까지도 미흡한 사후처리로 인해 제대로된 사과도 받지 못하였습니다. 
가해자는 충분한 대처를 했다는 식이고 합의를 원합니다.  하지만 저는 제 몸의 상처도 상처지만 하루이틀만에 7년간 함께한 가족을 잃었다는 정신적 피해가 너무 커서 가능한한 강력한 형사처벌을 원합니다
반려동물 1,500만 시대에 입양한 반려동물을 개인의 재산이 아닌 하나의 가족구성원으로 인정해주고, 맹견뿐만 아니라 큰 개에 대해서도 목줄과 입마개 의무화하여 미착용시  우발적으로 일어난 개물림 사건 사고에 대해 관련한 법률 강화 청원드립니다",115,/19th/www.president.go.kr/petitions/605364
605363,"김경수, 정경심의 사면을 촉구합니다.",정치개혁,2022-05-06,2022-06-05,naver - ***,청원종료,"공정성을 직선에 비유한다면 그것의 현실은 지그재그 선이다.  선은 관념으로 존재할 뿐 실제로는 존재하지 않는다.  현실 속에서 그것은 지그재그 선의 복합일 뿐이다.  배가 항해할 때도 목적지까지의 궤적은 지그재그 선을 그리며 나아가는 것이지, 직선으로 나아가지 못한다.  
이임하시는 대통령님, 공정성이라는 관념적 직선에 머물지 마시고 현실적인 지그재그 선에 오르셔서, 김경수, 정경심씨를 사면하는 결기를 보여 주시길 청원합니다.  그것이야 말로 작금의 현실 속에서 행할 수 있는 정의로운 통치행위가 아닐까 합니다.",320,/19th/www.president.go.kr/petitions/605363
605362,생명과 재산을 지켜주지 못하는 공리가 개인에게 무슨 의미가 있는 건가요?,보건복지,2022-05-06,2022-06-05,kakao - ***,청원종료,"제가 국민청원 종료가 임박한 마당에 여기에 글을 남기는 이유는 몇 가지 있습니다. 1339에서 “그러니까 제가 말씀드리지 않습니까, 신문고나 국민청원에 글 남기시라고요”라고 아주 친절하게(?) 알려주셨고요, 보건소 직원분도 민원인들의 불만은 넘치는데 질병관리청은 일방적이라 소통이 전혀 되지 않으니 “거기라도 글을 남겨보시라”고 몇 달 전에 말씀을 해주셔서입니다. 마지막으로는 결자해지라고 대통령님 정부에서 일어난 일이니까 인수위보다는 여기에 글을 남기는 게 순리라고 생각했습니다.
그런데 왜 지금이냐 물으실 수도 있겠네요.
뭐, 남편이 일을 그만둔 상태라 가계 소득이 반 이상 줄어들었으니 일하고, 병원 따라 다니고, 그 와중에 이상반응 서류 제출을 위해 아픈 사람 데리고 여기저기 서류 떼러 다니고, 숫자가 확실하진 않지만 300장 이상 되는 이상반응 신고 자료 하나하나 훑어보고, 글을 쓰기 위해 생각도 정리해야 했던 데다 남편 상태가 좋지 않아 올해 들어서만 두 번 입원을 하게 되어 지금까지 미루게 됐네요. ‘상태가 좀 나아지면 써야겠다’라는 마음도 있었고요. 어차피 좋은 소리, 좋은 마음으로 쓰는 글은 아닐 테니까요.
제가 그동안 겪었던 이상반응 신고와 관련된 고충, 그러니까 질병관리청, 1339, 병원, 보건소, 실비보험사와 관련된 문제를 좀 두서없지만 적어보려 합니다. 
우선 상황 설명이 좀 필요하겠네요.
제 남편은 2021년 8월 20일에 화이자를 접종했고, 며칠 뒤부터 혀의 변화로 입맛을 잃었습니다. 8월 말부터는 설사와 전신 탈모(사진을 보니 9월 2일 원형 탈모 진행 중)가 시작되었고, 머리카락이 다 빠져 9월 22일 응급실을 찾았을 때는 손발 착색에 피부 짓무름까지 진행되고 있었지요. 그나마 설사 증상이 잦아들고 있었고, 3kg 정도 몸무게가 빠졌지만 피검사 결과 등이 거의 정상 범위라 응급실에서도 증상이 심하지 않으면 먹지 말라며 지사제를 처방해 주시더군요.
“백신 접종으로 면역세포가 자신을 공격하는 자가면역 반응이 일어난 거 같은데, 입증은 어렵다”라는 말과 함께요. 당시 의무기록지에도 “특이소견은 없으나 autoimmune ab 발생가능성이 완전 배제되지 않으며”라고 쓰여 있습니다.
그때 피검사 결과 중 남편 병과 관련한 수치를 보면 알부민 4.1, 글로불린 2.3, AG비 1.8, CRP 0.6 이랬습니다. 거의 정상 범위였죠. 머리가 다 빠지고, 20일을 장염 증상으로 시달렸는데 이 수치가 나왔다는 건, 2차 접종 후의 수치로 미루어보아 백신을 접종하기 전에는 훨씬 더 정상 범위였다는 의미겠죠.
2차 접종이 10월 1일이라 질병관리청에 전화를 해서 이런 증상이 있고, 안 맞을 방법이 있겠느냐고 하니, 그건 ‘총무부’와 상의할 일이지 여기에 말씀하실 일은 아니라고 하더군요. 전화 통화도 어려워 겨우겨우 통화가 되어도, 심근염이 아닌 이상 별 증상 아니라는 식의 반응이었어요. 정말 무슨 꾀병 부린다는 그런 반응이었습니다. 결국 보건소로 전화를 해보니 접종했던 병원에 전화를 걸어 묻기도 하고 여기저기 알아본 뒤에 전화를 주신 거 같더라고요. 질병관리청이나 1339의 반응이 정말 황당해 여기저기 알아보고 전화를 주신 보건소 분이 고맙기까지 했습니다. 그런데 그 답이라는 게 백신패스를 피할 방법은 달리 없고, “생명에 지장이 없으니 맞아야 한다”였습니다. 제가 ‘남편은 이 증상이 똑같이 반복될 거다. 그러니 안 맞을 방법을 알려달라’고 했지만, 같은 말만 되풀이하시더군요. 소통이라고는 안 되는 질병관리청에서 그러라고 하니 일선 공무원이 어쩌겠습니까.
백신패스 이야기가 한창 나오고 있었고, 남편 직업 특성상 업체를 방문하는 일이 잦아 접종을 안 하면 일을 할 수 없는 데다, 이직한 지 1년이 채 안 되는 상황에서 선택의 여지가 없었습니다. 감염기내과 선생님께서 “2차는 맞지 말라”고 하셨는데, 그 말씀을 들었어야 했습니다. 국민신문고는 답이 없고, 보건소 직원분이 “원장님과 통화를 했고” 운운하시는 바람에 맞기는 했는데, 그때부터 더한 지옥이 시작되더군요. 국민신문고에 9월 28일에 2차 접종을 해야 하는지 문의도 했지만 10월 6일에나 이상반응 신고 어쩌구 하는 답변이 왔고, 9월 29일에 “오늘 중에 답이 없으시면 2차를 접종하고 부작용에 대해 다 청구하겠습니다”라고 올린 글에 대한 답변은 2022년 1월 20일에 다른 글에 대한 답변과 함께 ‘부랴부랴’ 올리셨더군요, 내부에서 빨리 처리하라는 지시가 있었던 건지.
의무기록지에도 관련 내용이 남아 있지만, 남편은 1차 접종 후 한 달이 지난 때부터 설사가 잦아들고, 혀의 이상도 호전되고 있었어요. 약 20여 일간 수염조차 나오지 않았는데, 9월 말에 면도를 할 정도가 되더라고요. 머리에 모근이 보이기 시작했고, 일부에서는 머리카락도 올라오더군요.
그런데 2차를 맞은 날부터 다시 혀가 이상해지더니 면도도 할 수 없게 되었습니다. 게다가 7일 뒤부터 다시 설사가 시작되어, 10월 8일 응급실을 찾았을 때는 알부민 3.59/ 글로불린 2.7/ AG비 1.3/ CRP 3.91이 찍히더라고요. 10월 29일에 머리에 멍이 생기고, 혈전이 의심스러워 다시 응급실에 갔을 때는 알부민 3.04/ 글로불린 2.8/ AG비 1.1/ CRP 2.1이 나왔습니다. 남편이 스테로이드를 테이퍼링하다가 끊고 상태가 나빠졌을 때도 알부민이나 AG비가 약 한 달 만에 저 정도로 떨어지지는 않았습니다. 또한 이때 이후 CRP가 3을 넘긴 적도 없습니다. 몸무게도 한 달 만에 7kg이 빠지더군요.
참, 하나가 더 있네요. 저희 남편은 서맥이라 처음 응급실 갔을 때 심박 수가 39~52였는데, 이때 병원에 갔을 때는 80회 정도가 되더군요. 20년 넘게 서맥으로 살아온 사람인데 말이죠. 그 후로도 이 수치는 70~80 정도를 유지하다가 지난 주 입원 전에는 60으로 떨어지더라고요. 불과 한 달여 만에 단지 백신을 1번 더 맞은 것뿐인데, 어이없을 만큼 수치가 달라진 거죠. 
2차 백신 접종 이후 다시 탈모가 시작되어 속눈썹까지 다 빠지더니 1차와 똑같이 한 달 지나니까 머리카락이 나오기 시작하더라고요. 물론 그것과는 달리 설사 증상은 지금까지 그친 적이 없고, 갑상선항진증, 모든 손발톱 박리, 알러지 수치 증가(1000 이상), 피부병에 부종까지 평생 생각지도 않았던 온갖 증상을 다 겪은 뒤 올 초에야 이 병이 뭔지 알았습니다. 
“왜 탈모 치료를 안 받았냐”라고 손발 착색이나 짓무름이 별거 아니라는 피부과 의사, “저런 환자 하루에도 50명은 더 온다”라는 응급실 의사, CRP 수치가 저 정도인데 “염증 수치가 조금 높다”는 의사(솔직히 이건 좀 이해가 되기는 합니다. 백신 맞고 저 수치 이상의 환자들이 상당히 많이 왔었겠죠. 문제는 개인마다 위험한 수치가 다를진대 그걸 인지하지 못했다는 점이죠, 의사인데), 왜 이 증상이 경증이냐고 따지니까 법무팀을 내려 보낸 의사 등등 별별 의사를 다 만나고 치료도 제대로 못 한 채 시간만 허비하고 있었습니다. 1차 맞고 혀의 증상이 심해 동네 이비인후과에서 처방받은 스테로이드가 남편한테는 꼭 필요한 약이었는데, 그 약을 다시 복용하기까지 무려 4개월이 걸렸습니다. 
의사라면 신물이 날 정도였는데, 그래도 손 착색 사진까지 찍어 의무기록지에 첨부해 주셨던 감염기내과 선생님께서 서류를 떼기 위해 다시 병원을 찾았을 때 “왜 이리 안 좋아졌느냐”며, 그동안 계속 고민을 하셨는지 다른 검사를 권유해 주시더군요. 그렇게 기억해 주시고 고민해 주시고, “저렇게 상태가 나빠졌는데”라고 하시며 ‘이상의 반복도 이상반응의 판단 기준이라 인정받을 수 있을 거’라고 말씀을 해주시더군요. 감염기내과 선생님과 크론카이트카나다증후군 진단을 내려주신 소화기내과 선생님이 아니었으면 ‘의사는 역시 돌팔이’라는 생각으로 살았을지도 모르겠네요. 자가면역질환은 의사를 제대로 만나지 못하면 병명조차 알지 못한다던데, 정말 다행이라고 생각합니다. 이 선생님께서도 처음에는 ‘이 병은 유전성질환이 아니라 비가족성질환이라는 것만 얘기해 줄 수 있다’고 하시더니, 얼마 전에는 예후가 안 좋은 병이라고 하시면서 “백신에 의한 것은 같은데, 입증은 어려울 거”라고 말씀해 주시더군요.   
올해 들어 남편은 알부민 1.68/ AG비 0.7까지 떨어졌고, 몸무게는 총 20kg이 줄었다가 이번 입원으로 조금 회복된 상태입니다.
이만큼 남편한테는 백신이 독이었습니다.
그런데 이런 백신을 ‘생명에 지장이 없으니까 맞아야 한다’는 게 질병관리청이었죠. 3차 때는 백신패스 없이는 식당 출입까지 막았던 기간이라 병원에서 밥을 먹어야 하는 경우도 있고 해서 예외 증명서를 발급해 달라고 했더니, 보건소에서는 상태는 알지만 내려온 예외 사항(심근염, 심낭염, 혈전, 진료 확인된 루푸스)에 해당이 되지 않기 때문에 해줄 수 없다고 했고, 심지어 1339와 질병관리청에서는 또 백신을 맞아야 한다고 하더군요. “그럼 죽으라는 말이냐”라고 물었더니 자기는 “그런 말 한 적이 없다”고 하더군요. PCR 검사를 매번 받으면 된다고 아주 당연하게 말씀하셨고요. 백신 부작용으로 직장도 잃었는데, 8~9만 원을 내고 병원에서 검사를 받거나 환자더러 그 겨울에 1시간 이상을 기다려 선별진료소에서 검사를 받으라는 말인 거죠.
제가 개인적인 일을 이리 상세히 말씀드리는 건 질병관리청이 이런 설명을 듣는다거나 환자를 직접 만나보고 이상반응 유무를 판단하는 게 아니라 ‘보건소에서 하나하나 다 정리해 준’ 서류를 가지고, 분기 1회에서 ‘무려’ 한 달 1회로 늘린 심사 절차를 거쳐 7개월 뒤에나 개인에게 검사 결과를 통보하기 때문에, 어딘가에 이런 문제가 있다는 것을 밝히고 싶었습니다.
남편 의무기록지를 보면 경증이라고 써 있기도 하고(이 병은 찾아보시면 아시겠지만 이 병은 극희귀질환으로 경증의 병은 아닙니다). 극희귀질환을 등록하려 갔던 병원에서는 다른 병원에서 준 자료를 입력하면서 CT 촬영 일자나 결과를 잘못 기재하기도 했더라고요. 질병관리청에서는 이런 의무기록지를 보고 판단을 한다는 거죠.
남편의 경우는 30만 원 이상인 이상반응 신고에 해당되어, 신청을 하기 위해서는 영수증, 통원확인서, 상세내역서, 의무기록지가 필요합니다.
지금은 통원확인서에 질병코드가 없어도 된다고 하지만, 초기에는 통원확인서에 질병코드가 기재되어야 한다고 해서 해당 병원을 찾아가 다시 진료를 받아야만 했습니다. 물론 과만 찾아가면 통원확인서를 떼어주는 병원도 있었지만, 대개는 진료비를 지불하고 진료를 봐야 떼어주더라고요. 그뿐 아니라 상세내역서, 의무기록지를 떼려면 적게는 1,000원에서 많게는 10,000원 이상까지 제증명비가 들더군요. 지금까지 서류 떼는 데만 130,000원 이상이 들어갔고, 앞으로도 계속 들어가겠죠. 근데 이 비용은 혹여 보상이 되더라도 제외된다네요. 그런데 서류도 돌려줄 수 없다고 하네요. 앞에서도 말했듯이 서류만 약 300장 이상이 되는 거 같네요.
이뿐 아니라 이상반응으로 인과성이 인정되어 혹여 보상을 해준다 해도 현재 신청한 금액까지만 보상이 되기 때문에, 앞으로 치료가 언제 끝날지도 모르는데 그때마다 환자를 데리고 다니면서 서류를 떼어다 다시 신청을 해야 된답니다. 그런데 더 가관인 것은 감염병예방법에 따라 “심의기한: 보상신청이 있는 날로부터 120일 이내”라고 버젓이 누리집에 적어놓고는, 법도 어긴 채 7개월 후에야 결과가 나온다는 거죠. 이것도 보건소에서는 7개월이라고 해서 1339에 전화해 “7개월이라는데 무슨 120일이냐”라고 물으니까, 자기는 “지침대로 알려드린 거고 잘못된 정보를 준 적이 없다”라고 하더군요. 보건소나 질병관리청에 전화를 해 “지침은 120일이라는데 왜 그리 오래 걸리느냐”라고 물으면, “신고자가 너무 많아 처리하는 데 시간이 걸린다”라고 합니다. 그런데 국민신문고에서 온 답변을 보니 분기별로 1번 있던 보상 절차를 한 달에 1번으로 단축했다고 아주 자랑스럽게 써놓았더군요. 신고자가 많다면서 한 달에 1번이라고요? 위험한 사람에게까지 법에도 없는 백신을 그렇게 강요해 생명까지 앗아가고, 인정해 주지도 않는 부작용으로 고통받게 하고서 국가 기관은 법에 명시된 조항을 왜 그리 쉽게 어기는 건가요? 저는 아직 이 서류조차도 못 냈습니다. 여전히 치료 중이기 때문입니다.
또 하나 말씀드려야 할 것이 있네요.
의료비 본인부담상한제에 의해 실비 지급이 축소되거나 지불되지 않을 수 있다는 메시지까지 날아오더군요. 알아보니 본인부담상한금 이상을 의료비로 지불하면 다음 해에 이를 국가에서 환급해 주는데, 이게 이중 보상이라는 이유로 보험사에서 실비를 지불하지 않거나 나중에 돈이 나오면 환불하겠다는 각서까지 받기도 한다더군요. 아니면 보험을 해지하겠다고 엄포를 놓으면서요. 반환금은 요양급여가 아닌 공적급여라고 한 판결이 있다던데 금감원은 여전히 보험사 편을 든다더라고요. 이게 무슨 말이냐 하면 직장과 건강을 잃고 병원비에 좋은 음식까지 먹어야 하는 상황에 꼬박꼬박 낸 실비보험금마저 받지 못할 수 있다는 말이죠. 
게다가 치료가 언제까지 이어질지 모르는데, 실비 재계약도 할 수 없는 상태가 되었네요. 작년부터 올해까지 부작용으로 치료를 받은 사람이 많을 테니 실비보험도 또 올라가겠죠, 많이.
공무원들이야 이런 연쇄작용이 전혀 머릿속에 그려지지 않겠지만, 공리라는 허울로 개인이 잃어야 하는 게 너무도 많네요.
얼마 전에 질병관리청에 전화를 해보니 자신들은 백신을 강요한 적이 없고, 선택 사항이었다고 말씀하더군요. 공무원들은 PCR 검사를 어디서든 자유롭게 받을 수당과 시간이 있는지 모르겠지만, 그렇지 않은 국민들이 참 많죠. 돈과 시간, 회사와 동료의 눈치를 보지 않으려면 무조건 백신을 맞아라 이게 선택이라고요?
백신 이상반응 사망자는 기저질환 핑계를 대며 1500명 이상이 신고되었음에도 2명만 인정을 하면서, 왜 코로나 사망자에서는 기저질환자를 빼지 않으십니까?
아직도 4차 접종을 홍보하며 기저질환자들은 꼭 맞아야 한다고 강조하시더군요.
이상반응이 생겨도 기저질환 핑계를 댈 수 있는 유용한 실험체로 생각하시는 겁니까?
돌아가신 분들에게는 너무도 송구스러운 말씀이지만, 질병청의 태도는 ‘그 사람은 언제가 죽을 거였는데, 우연찮게 지금 죽었을 뿐이야. 그걸 왜 우리가 책임져’ 이거 아닌가요? 
기저질환자는 꼭 맞아야 한다고 거기 서 있으라고 하며 방아쇠를 당겼으면서, 지나고 나니 왜 거기 서 있었느냐라고 하는 거랑 뭐가 다릅니까?
백신이 직접적인 원인이건 트리거건 간에, 당긴 사람이 책임을 져야 하는 거 아닌가요?
남편은 이 사달이 나기 전까지 질병관리청이 걸고넘어지는 기저질환, 고혈압과 고지혈증 외에는 배앓이도 겪지 않았던 사람이고, 그런 걸로 약도 사 먹어본 적이 없는 사람입니다. 그러니 그동안 의학적인 지식이나 이런 상황에 대한 염려가 저희에게 필요했을까요? 그런 제가 생각하는 남편 병의 원인은 2차 접종 이후의 피검사 수치로 미루어보아 1차 접종 이후 면역반응이 과도하기 일어났고, 이 과정에서 단백질이 급격히 소진되면서 이 병이 발현되었다입니다. “이 질환의 발병기전은 아직 정확히 알려져 있지 않으며 단백소실에 의한 영양부족 자체가 원인이 되기도 하고” 질병관리청에 올라와 있는 설명입니다. 제가 의학에는 문외한이니 이 생각이 맞는지는 잘 모르겠지만, 패혈증 환자에게서 단백질 소실이 급격히 일어난다고 하더군요. 남편은 앞에서 말씀드렸듯이 백신이 독이었고, 2차 이후 나타난 수치로 보아 1차 이전에는 지극히 정상적이었을 단백질 관련 수치가 단시간, 그러니까 남편이 혀의 이상을 감지하기까지(동네 이비인후과 선생님께서 혀가 융모 형태라 이렇게 좋지 않으면 소화기관도 안 좋을 수 있다고 하셨다네요. 지나고 나니 이분 명의셨던 거 같습니다) 백신 맞고 며칠 사이에 단백질이 급격히 줄어들면서 크론카이트카나다증후군이 발현되었고, 2차 접종 이후 급격히 나빠진 거겠죠. “생명에 지장이 없으니 맞아라”라던 그 백신 때문에요. 이렇게 말하면 꼭 “그 전에 병이 있었을 거다”라고 하시는 분이 계시더군요. 이 병은 과오종으로 확인되는 병이라고 하더군요. 2차 접종 후 10kg 이상 빠지고 별의별 증상으로 기력도 달리는 상태인 데다 대장 관련 내시경은 물을 8리터 들이켜고 수면으로 하는 것밖에 없다고 생각해 “위험해서 안 했으면 좋겠다”고 했더니, CT 촬영을 해보자고 하시더라고요. 이때 직장 내시경이 있다는 걸 알았으면 했을 텐데라는 아쉬움은 있습니다. 11월 16일 검사에서는 위나 대장에 별 이상이 없었습니다. 그런데 상태가 점점 나빠져서 1월 14일에 CT 촬영과 결장 검사를 하게 되면서 이 병을 확인하게 된 거죠. 이때 CT 촬영 결과를 보면 위장관이 상당히 많이 부어 있었습니다. 1차 접종 때 병이 발현했을 테고 그때는 그리 심하지 않았는데, 2차 접종하고 급격히 나빠진 거겠죠.
누군가 그러시더군요, “세 번을 맞았는데 이상이 있으면 4차를 맞으면 안 된다고”.
아뇨, 그분은 틀리셨습니다. 백신 접종 여부는 개인의 선택에 맡겼어야죠. 
개인의 생명도, 재산도 지켜주지 못하는 공리가 개인에게 무슨 의미가 있습니까?
자신들이 생사여탈권을 관장하는 신이나 된 줄 아는 질병관리청의 행태가 멩겔레의 행태와 뭐가 다른지 전 모르겠더군요. 이번에 확실히 깨달은 것은 질병관리청이 국민 개인의 건강을 생각하는 곳이 아니라 의료체계의 안정을 우선시하는 기관이라는 것이었습니다.
마지막으로, 이 말씀을 꼭 드리고 싶습니다. 남편과 함께, 당시 고등학생이던 애를 데리고 토요일마다 집회에 나가 자리를 채우고, 본의 아니게 제야의 종소리까지 듣던 그때가 생각이 나네요. 거기에는 비통하게 스러진 죽음에 대한 진실 규명이라는 염원이 같이하고 있었습니다. 대통령님께서는 그 염원을 바탕 삼아 새로운 정부를 여셨죠. 그런데 왜 대통령님 임기 중에 발생한 죽음과 고통에 대해서는 외면하시는지요? 작년 1월 18일 신년 기자회견에서 “만에 하나라도 통상의 범위를 넘어서는 부작용에 대해 정부가 보상하겠다. 안심하고 백신접종에 임해달라”라고 하셨던 건 기자들이 기사를 쓰기 위해 지어낸 얘기인 건지요? 이용할 수 없는 고통은 의미가 없으신지요?",204,/19th/www.president.go.kr/petitions/605362
605361,전남 신안군 **면사무소의 잘못된 행정을 바로잡아 주십시요,행정,2022-05-06,2022-06-05,naver - ***,청원종료,"지금 신안군 비금면 사무소는 법이 없는 무법지대가 되어버렸습니다.
 힘 있는 면사무소 직원의 행정이 법이 되어벼렸습니다.
저는 신안군 비금면에 거주하고 있는 * ** 이라고 합니다.
 사건의 발단은 이렀습니다.
2020년에 작고하신 저의 아버님(고 ***) 명의로 되어 있는 염전을 **면 사무소에서 2021년에
상속인들의 입대차 계약서도 없이 작고하신 아버님이(***)   * * * 이라는 자에게 
염전원부에 등록해 주면서 사건은 시작됩니다.
이 염전원부를 가지고 * * * 이라는 자는 지금 자기염전인냥 재산권 행사를 하고 있습니다.
이에 우리 가족은 수 차례 **면 사무소를 찾아가 이를 바로 잡아주기를 요청하였으나 
**면 사무소는 1년이 지난 지금까지도 나 몰라라 모르쇠로 일관하고 있고, 
신안 군청도 이를 묵인하고 방조 하고 있습니다.
임대차 계약서도 없이 * * *이라는 자와 짜고 염전원부에 적을 올려준 담당계장을 철저히 조사해서 징벌해
주시기를 바랍니다.
또 * * * 이라는 자는 이 염전원부를 가지고 본인 염전인냥 **면에 거주하는 ***,***부부와 
염전 임대차 계약서를 쓰고 이염전에서 나오는 소금값을 계속가로 채려는 시도를 해왔습니다.
 첫번째 시도는 2021년 상반기에 **면 농협에 판매한 소금대금을 ***이 농협에 자기에게 주라고 청구하자 **면 농협에서는 우리의 이의제기에도 불구하고 ***에 주려고 하였으나 우리 가족이 변호사를 고용 이를 
 제지하였고 법원의 판결을 통해 소금대금을 우리 가족이 받을수 있었습니다.
두번째는 2021년 하반기는 우리가족 몰래 개인 사업자 에게 판매하여 가로 채려고 하였으나 이 를 사전에 알아내고
 다행이 그분이 우리 가족사항을 잘 아시는 분이라 우리가 돈을 받을수 있었습니다.
지금도 ***, *** 부부는 * * * 과의 계약서를 가지고 자기 염전이라고 우기고 있는 실정입니다.
이 모든 사단이
신아군 **면 사무소의 모 직원이 ***과 짜고 2020년2월 에 작고하신 아버님(고 ***)명의의 염전을
 우리 가족의 상속문제의 혼란한틈을 이용 2021년에 아무런 서류도 없이 염전원부에 이 세상에 없는분이
부활하셔셔 * ** 에게 임대한것처럼 올려 놓은것이 사단이 되었습니다.
국가 에서 채용한 공무원이 행한일이니 이를 철저히 조사해 바로 잡아 주십시요.
지금도 우리 가족은 1년 넘게 이 일로 인하여 고통을 받고 금전적 손해도 받고 있습니다.
또 적반하장으로 ***, ***부부가 ***과 짜고 저를 고소하는 행태를 벌이고 있습니다.
꼭 이 염전원부를 바로 잡아 주십시요.
 [본 게시물의 일부 내용이 국민 청원 요건에 위배되어 관리자에 의해 수정되었습니다]",157,/19th/www.president.go.kr/petitions/605361
605360,출근 당일 사람들앞에서 해고통보 받았습니다,일자리,2022-05-06,2022-06-05,naver - ***,청원종료,"전주에사는 대학교1학년 쌍둥이아들.고3아들은 둔 평범한 50대가장 입니다
코로나로 오랫동안 운영하던 학원사업을 정리하고
** **** 택배기사를 1년 위탁계약 후 1월 중순에 시작했습니다
몇달 고생 후 3월부터 물량이 늘어나면서 나름 좋은 자리에서 와이프와 힘들지만 공휴일 주말 상관없이 주6일을 열심히 일했습니다
본사 및 대리점에서 요구하는 여러가지 배송 기준에서 조금이라도 미흡한 부분은 전혀 없었으며 오히려 더 높은 기준입니다
그런데 대리점 사장이 5월3일 업무 종료 후 전화로 본사에서 
저를 당장 해고하지 않으면 지역을 회수해가겠다라고 했다며
해고를 통보하였습니다
제 배송물량의 95%는 제차로 하지만 약5%정도를 지상출입금지 고급빌라단지(11개동)에 제 택배차가 아닌 와이프차(스타렉스6밴)로 배송한적이 있는것이 이유이다며 본사에서 원해 자기는 어쩔수 없다며 즉시 계약해지를 주장했습니다 
하지만 이 빌라단단지로 진입하기 위해서는 
지하주차장으로 진입해야 하는데 2.5M 높이 제한에 걸려 (제차2.6M)지상으로 출입하기위해 지하주차장 출구로 역주행해서 진입해야 하는 위험을 감수해야 하며 지하주차장 출구에 정차 후 차단봉.체인.화단등 각종 장애물 제거 후 진입 하다 보니 항상 사고 위험을 감수해야 하며 지상으로 출입하면 빈번히 입주민들로 부터 민원이 들어왔다며 관리소직원 및 경비들에게 타백배차 및 다른 심야배송 **차는 지하로 다니는데 왜 들어왔냐며 여러번 제 차 높이를 직접 줄자로 측정해볼정도로 마찰이 잦던 곳입니다
하여 불편하고 위험해도 욕먹으며 제가 거의 대부분을 배송했지만 배송물량이 많으면서 시간제한이있는 신선식품을 시간내 처리하기 힘든 날 어쩔수없이 몇차례 지하출입을 위해 와이프가 스타렉스6밴 화물차로 몇차례 배송한적은 있습니다
하지만 이러한 불편사항을 대리점사장 및 캠프 관계자들은 알고있었고 캠프관계자는 와이프차로 가끔 하는것 양해바란다라고 물었을때 흔쾌히 허락했으며 사장은 와이프차가 작은 승용차라서 배송어려움이 있어 차량을 스타렉스6밴으로 바꿀때 차종선택에 대해 얘기도 나누었었습니다 합법은 아니니 조심하라는 몇번의 말과함께요 
전 어떠한 절차도 없이 즉시 해고는 부당하며 계약기간이 많이 남아있으니 어떠한 불편을 감수하고라도 제  택배차로 할것이고 한번더 문제 발생시 자진 퇴사하겠다라고 수없이 부탁하였지만 막무가내로 회사에 피해를 끼쳤으니 책임지고 퇴사하라고 반복하였으며 5월4일 출근 후 모든 기사님들 보는 앞에서 기사님 아니여도 할 사람들 많다는 말과 함께 해고 당했습니다 
너무나 당황스럽고 모욕적이였습니다 
캠프 관계자들 및 본사 담당자에거 확인 해보니 해고 사유 조차 모르고 있었습니다 물론 어느 누구도 일 잘하고 있는데
즉시 해고하라 한적은 상식적으로 있을수없다 라고는 하지만 대리점사장과 해결하라는 말 뿐입니다
정말 가장으로서 자존심 다 던지고 시작했는데 이렇게 하루아침에 어떠한 절차도 퇴사에 필요한 기간도 없이 출근 당일 
해고 당하는 대한민국이 정말 믿기지가 않습니다
문재인대통령님 도움이 절실히 필요합니다
 [본 게시물의 일부 내용이 국민 청원 요건에 위배되어 관리자에 의해 수정되었습니다]",371,/19th/www.president.go.kr/petitions/605360
605359,소중한 바다를 지켜주세요,안전/환경,2022-05-06,2022-06-05,kakao - ***,청원종료,"바다는 우리에게 생물자원, 관광자원, 해상교통 수단뿐 아니라 에너지 자원의 혜택도 누리게 해 줍니다. 하지만 인류 공동의 자산인 이 소중한 바다는 시간이 지날수록 일부 어민들로 인해 오염되고 있습니다.
한국해양과학기술원이 발표한 연구에 따르면 이곳 거제 동부 해안을 비롯한 국내 연안의 미세 플라스틱 오염도는 세계 최고 수준이며. 전문가들은 스티로폼 부표 등 플라스틱 도구를 사용하는 근해 양식이 활발하고 인근 하천에서 무수한 쓰레기가 흘러드는 점을 원인으로 꼽고 있습니다.
수거한 해양 쓰레기 중 60%가 폐스티로폼이고 30%는 폐어구, 10% 일반쓰레기인 것으로 군은 분석. 전체 해양쓰레기중 20% 정도는 타 지역에서 밀려온 것으로 군은 추정,
군에서는 매년 5000톤 이상의 해양쓰레기를 수거하고 있습니다.
파손돼거나 불법 투기된 폐어구는 바다를 오염시키는 한편 무작위로 버려진 어구는 감김 등으로
비어업인뿐만 아니라, 조업하는 어업인, 수상레져를 즐기는
모든 인간의 안전까지 위협. 해양사고,사망 원인이 되었습니다.
해수부에서는 폐어구와 수산자원 보호 해결방안으로,
2006년부터 시행되고 있는 제도로, '어구실명제'가 있지만,
일부 어민들 제외 전혀 지켜지고 있지 않습니다.
어민들이 내버려두거나 버린 폐그물·폐어구는 생태계를 파괴하는 주범이자
해상 안전사고의 원인이 되는, 플라스틱 제품과 같이 그물은
무려 500년 이상의 시간이 지나서야 바다에서 분해된답니다.
어업활동으로 폐그물·폐어구와 양식장에서 배출하는 오염물질이
일으키는 문제 입니다.
선박사고의 10%는 해양 쓰레기가 원인
어업 생산성 감소
바다 생물을 피해
생물 서식지 파괴
국가 간 갈등 유발
관광자원의 질 손상
막대한 수거·처리 비용 발생
입니다.
해결 방안은 ..
어구 실명제, 어구 이력 관리 등 생산자·유통업자·사용자까지
관리하는 ‘어구관리법’을 법안을 통과
폐어구반납하고 구입 분실시 환경분담금 내고 어구 구입을 한다거나,
상하반기 의무적으로 폐어구 수거, 어업권 허가
폐어구 불법 투기 및 방치한 어업권자는
어업권 박탈,공동어장 폐쇠
불법어구로인한 바다사고 사망사건및 마을공동어장 부표미설치및 관리강화
인류 공동의 자산인 바다시설은 어민들이 단독 바다 마냥 사용하면서
폐어구 수거 및 어구실명제는 행하지 않은 어민들 단속 강화 등
인류 공동의 자산은 어민에게도 포함이며 , 생계인것을 알고 있습니다.
폐어구로 환경 오염이 심해지면 바다생물들은 사라질것이고
어민들도 생계에 큰 영향을 받습니다.
관련법규 강화 및 법개선으로
바다는 살아날것이고, 어민들께도 이득이라고 생각합니다.
바다가 생계인 어업권자분들이 이젠 변할 때 입니다.
폐어구와 해양쓰레기로부터 바다를 살려주세요.
법개선을 강력히 주장하는 바,
국회에서도 관련법규 강화해주시기 바랍니다.",380,/19th/www.president.go.kr/petitions/605359
605358,보험사의 횡포,기타,2022-05-06,2022-06-05,kakao - ***,청원종료,"저는 50대후반의 주부입니다
 2월17.18일에 안과에서 백내장수술을 했습니다. 그리고 ******에 월요일 보험청구를 하였으나 거절당했습니다.
의사면허가있는 분이 나의 눈 상태를보고 진단하고 결정하여 백내장3.5단계라는 진단을 내렸고 수술을 권유해 하였는데 보험사는 세극등현미경사진이 없다는이유로 제3의료 기관에 자문을 하며야한다며 서명을 받아갔습니다. 서명하지않으면 보험심사가 이뤄지지 않는다니 했구요.그런데 서류만으로
판단을 내린 분은 나를 보지도 않았는데 진단으로 믿어야하나요.보험사는 그것이 진실인것 처럼 약관을 이행하지않는것은 보험사의 행포가아닌가요.약관은 계약자가 하는것이 아니라 보험사가 만들어 심사해서 판매한것이고 그에 기준하여 지급을해야하는것이 맞지않은가요. 보험사 유리한 쪽으로 갑자기 없던심사를 강화해서 계약자에게 이렇게 하는건 형성성에 맞지않다고 생각합니다. 저뿐만아니라 지금 이 문제로 고민하시는분이 많으리라 생각합니다
빠른 조치 부탁 드립니다.
 [본 게시물의 일부 내용이 국민 청원 요건에 위배되어 관리자에 의해 수정되었습니다]",271,/19th/www.president.go.kr/petitions/605358
605357,2016년 여름 데이트폭력 피해여성의 가족입니다. 안전한 사회 구축을 원합니다.,인권/성평등,2022-05-06,2022-06-05,twitter - ***,청원종료,"저는 피해자 오빠이고 2016년에 제 여동생을 폭행한 ***씨가 당당하게 유튜버를 하고있다는점에서 억울하여 씁니다. 아래내용들은 저에게 가해자의 정황을 연락준 네티즌 덕분에 제가 직접 사연을 정리한것을 토대로 상황을 기술한것입니다.
일단 저의 요구는 재수사를 촉구하기 위함이지만 사실상 형식적으로 힘들다면 여성부를 존립시켜서 여성대상 범죄관련 치안망을 확대시키거나 제 여동생이 괴롭고 고통스러웠던 그러한 피해가 없도록 앞으로 또다른 가해자 엄중처벌 뿐만 아니라 데이트폭력의 피해자 보호에도 중점적 | 우선권의 기회가 마련되기를 간절히 바랍니다.우선 가해자 이름과 생년월일은 *** 35세 1988년 8월 25일 입니다.
20대인 제 여동생은 이혼 후 같은 회사 기숙사에서 생활하며 연인 사이가 된 남성에게 당시에 심한 폭행을 당했습니다. 온몸에 멍이 들고 치아까지 망가졌습니다. 이전부터 함께 지내면서 상습적인 폭력과 폭언에 시달려온 터였고 심한 폭행을 견디다 못한 제 동생은 여성긴급전화를 통해 피해사실을 알렸지만 긴급피난처에는 7일 동안만 머무를 수 있었기에 가해자가 살고 있는 회사 기숙사로 다시 돌아갈 수밖에 없는 처지였습니다. 가정폭력이나 성폭력 피해자는 국가가 지정한 보호시설로 연계돼 가해자와 격리되는데 데이트폭력 피해자가 갈 수 있는 보호시설이 없어서 동생은 결국 가해자를 피해 회사 기숙사를 떠날수밖에
없었어요.
더 자세한건 아래에서 설명하겠습니다.
사건은 2016년 여름에 발생한 ***의 범죄입니다. 가해자의 근황을 추적해서 찾아보니 2018년 초 부터 유튜브 하면서 신분세탁중이었습니다. 이 사람은 위험하겠다 싶어서 밑에 내용들과같이 낱낱히 밝혀서 쓴 사실이고 저 사건 이후 제 여동생의 선처로 인해(이와중에 내동생 선한 마음이 눈물나네요.)종결이 되었습니다.
내 여동생을 비롯한 피해자들은 트라우마로 힘들게 사는데 뻔뻔하기도 하고요. 지금은 그 이후 동생은 직장도 못구해서 힘들게 살며 저의 줄어든 수입에서도 생활비 보태주면서 각박하게 같이 사는와중에 심리치료도 받으면서 약 부작용 까지와서 겹경사로 고생중인데.. 우울한 모습을 보고있자니 진짜 오죽 억울한 마음같아선 저 조차도 죽고싶다는 생각도 합니다.
애초에 그런 행동이 제 동생에게만 처음 발생한 폭언폭행인줄 알았으나 제 여동생 지인들에게까지 음란문자로 희롱한 사실은 몰랐습니다. 그 외에 추가적으로 그 사람 주변인을 통해 알아낸 사실이 유튜버로 돈벌이 전향했고 원래 가해자는중소기업에서 대부분 일용직으로 채용하는 공장에 사무직으로 근무하다가 뉴스나오고 데이트폭력이후에 직장 짤리기전에 스스로 퇴사하고 2018년에 동거녀랑 살다가 아들출산하고 나서부터 현실적 문제를 둘러싼 갈등으로 과거부터 지속해오던 가해자의 고질적 습관으로써 동거녀에게 잦은 폭언폭행으로 결별하고나서부터 기존에 동거녀에게 직업을 구하지 못한다는 이유로 경제적으로 의탁하던 생활을 기존에 하다가 동거녀 떠나고나니 금전적인 문제로 인해 유튜브라는 인터넷을 시작해서 프로그렘도 1~2개나오는걸보며 본래의 모습과 다른 화기애애한 표정을 보고있자니 앞뒤 성격 다른사람이 치명적이고 잔혹하다는걸 체감이 됩니다. 하루에 잘때도 동생한테 카톡하면서 전화하고 협박하는게 일상이었다고 들었고요.천성부터 가해자 ***씨는 독설을 여자한테 많이 퍼붓는 성격이여서 여성에게심각한 폭언으로도 남용될 여지가 충분히 있었다는점에서도 소름돋습니다.
사건은 끝났지만 제 동생을 이렇게 만들고 여성을 대상으로 평생 잊지못할트라우마로 사는데 버젓이 유튜브를 하고 당당히 얼굴을 내민다는건 베짱이참으로 두둑한 사람이네요.. 그런 의미에서 여성가족부의 존립과 저의 가족들을비롯한 피해자가 없도록 무고죄 보다는 데이트폭력으로부터 보호할수 있는확립된 법안을 원합니다.. 솔직히 수년의 세월이 흘러 저를 포함한 여동생의 그 긴시간들은 잊혀지지않네요. 어쩌면 제 동생의 우울증을 치료할수있는 현명한수단은 안전한 사회마련일겁니다..
 [본 게시물의 일부 내용이 국민 청원 요건에 위배되어 관리자에 의해 수정되었습니다]",538,/19th/www.president.go.kr/petitions/605357
605356,공무원의 직무유기로 시민들이 10년넘게 유해화학물질등을 마시고 있습니다.,안전/환경,2022-05-06,2022-06-05,naver - ***,청원종료,"안녕하십니까. 저는10년동안 **항에서 하역일을 했던 특수고용노동자입니다.
저는 2020년 8월부터 **해양수산청에 민원을 넣었습니다.(앞으로 **해수청이라 하겠습니다)
민원의 내용은 **항만의 화물트럭이 위법행위를 하여 **시민들이 인체유해물질이나 화학물질을 마시지않게 관리감독해달라는 민원이었습니다.
도로교통법 제39조에 의거해서 공무원들에게 **시민들이 유해화학물질등을 마시지않게 해달라고 증거동영상을 첨부하여 민원을 넣었습니다.
1번째 민원의 답변으로 
항만구역은 도로교통법상의 도로가아니고 항만구역을 벗어나야지만 도로이기때문에, 위법행위가 일어난곳은 **해수청의 관할이 아니니 **해수청의 일이 아니다. 다만 하역사에 이내용을 통보는 하겠다 였습니다.
그래도 통보를 하겠다니 고쳐지겠지 라고생각했지만, 하역사의 트럭들은 계속 유해물질을 **시 하늘에 퍼트리고 다녔습니다.
2번째 민원을 다시넣으면서 
전혀 고쳐지지않았습니다. 그대로입니다. **해수청의 허가를받아 **해수청의 관리구역인 **항에서 **해수청의 지도감독을 받아야하는 하역사가 위법을 행한다면 **해수청에서도 관리감독 소홀의책임이 있지않습니까. 지금 국민들이 유해물질마시는데 관할이 중요한게 아니지않습니까. 공무원이라면 심각하게 생각하고 바로잡아야할것 아닙니까. 라며 다시 증거동영상과함께 2번째 민원을 넣었습니다.
**해수청의 답변은 하역사에 요청하겠답니다.
2번째 민원의 답변을 받은 다음날 하역사 트럭이 또다시 유해물질을 날리면서 도로를 주행하는걸 찍었습니다. 
이게 **공무원의 수준인가 라고 회의감만 들더군요.
3번째 민원을 다시넣으면서 하역사에서 어떻게 국가의 지시를 정면으로 2번이나 어길수있습니까. 권고형식의 대응을 이제 그만두고 경고라거나 허가정지, 허가취소의 단계로 가야지 이문제가 해결되지않겠습니까. 라고 말하면서 증거동영상과 함께 세번째 민원을 넣었습니다.
3번째 민원의 해수청답변은 하역사에 통보하였답니다.
권고-경고-허가정지-허가취소 이런식의 흐름으로 가야하는게 옳은거 아닌가요? 
권고-권고-권고 이게 **해수청이 **시민들이 유해물질을 마시는일에대한 대응방식입니다.
도저히 **해수청엔 민원을 넣어도 답이없을듯하여 2021년 6월에 4번째민원을 감사원에 넣었습니다.
감사원의 답변은 2021년 7월1일부터 **해수청에서 항만구역을 벗어나는 트럭들에 덮개를 치도록 지도감독 할꺼랍니다.
2021년 7월1일 이후 **해수청장과도 면담을 했습니다. 똑같이 말하더군요.
**해수청은 2021년 7월1일 이후부터 항만구역을 벗어나는 모든 화물트럭에 덮개를 치도록 관리감독중이라고 말했습니다.
그런데 지금도 **시민들은 유해화학물질을 마시고있습니다.
항만구역을 벗어나는 트럭들은 덮개를 치지도않고, 항만구역의 출구에서는 그걸 보기만하지 막지않습니다.
공무원의 직무유기로 지금 **은 지옥입니다.
제가 민원을 처음넣은 2020년 8월부터 유해물질을 **시민들이 마셔온게 아닙니다. 제가 처음 **항에 들어간 10년전부터 제가 봐온일입니다. 
공무원들이 이걸 바로잡지 않는이상 10년이 20년이될지 언제가될지도 모르는 상황입니다.
저는 일하던 **항에서 일방적인 계약해지를 당했습니다. 
더이상 민원을 넣을 힘도 없습니다. 마지막으로 이사실을 사람들에게 공익목적으로 알리고싶었습니다.
적어도 항주위에 사시는 전국의 많은분들이 **처럼 직무유기하는 공무원때문에 자신이나 가족의 건강에 위협받는일이 없기를 바랍니다.
 [본 게시물의 일부 내용이 국민 청원 요건에 위배되어 관리자에 의해 수정되었습니다]",135,/19th/www.president.go.kr/petitions/605356
605355,무지한 신용불량자가 생깁니다,보건복지,2022-05-04,2022-06-03,kakao - ***,청원종료,"올해 55세의 나름 열심히  살아온 평범한 대한민국 국민입니다
이런 계시판에 이런글을 올리게 되리라곤생각 못했네요
10여년 전 만일에 대비해 실손보험을 들어놓고 매달
보험료 납입하면서 아내와 저 둘다 한번도 보험 청구
하지 않아서인지 여유가 많은것도 아닌데 이보험 왜들고 있지 의문을 기지면서도 그래도 건강하니 다행이다
하는 생각에  그래도 나이는 먹으니 하는 생각에 꾸준히 납입을 했습니다
돌아가신 양친 부모님들 보험이 미비하여 고생하신것
생각하면서요
나이는 어쩔수 없는지 직업상 운전을 많이 하는데
언제부터인지 자꾸 눈번짐 등 혼탁 증상이 생겨
진단 결과 백내장 진단후 수술을 했습니다
수술전 보험 가입도 오래되고 보장이 되는지도 모르고  해서 ** 보험사에 전화 상담에서 90% 보상되는 가입이라며 수술 잘 하시라는 말까지 들었는데  이런 결과 라니요
 요즘 기사들을 보니 보험사ㆍ금감원 내용이 많이 보임에
나의 무지함을 느끼네요
결론은 보험사의 실손 처리비용이 많이들어 보상조건을
까다롭게 적용 한다는 내용 인데요
한마디로 말만듯던 나이롱 환자한테 는 보상 못하겠다는
내용 이더군요
실손 처리해서 보상을 받아도 자기 부담금을 내야하는데
멀쩡한 눈을 돈버리고 시간 버리고 째는 수술을 할 멍청이가 있을까요
보험사에서 요구하는 서류 제출하니 한참만에 손보에서
고용한 손해사정인 보내 조사하고 세극사 현미경 사진
또 제출하라 해서 제출하니 이번엔 의료 자문 의뢰서에
서명 하라 하고 불응시 지급 보류 라며 협박 아닌 협박하고  ㆍ 이럴바엔 10여년전 실손 보험이 아닌 적금을
들었을걸  하는 생각입니다
문제가 있다면 바꾸어야 겠지요
허나 아무 고지 없이 보험사 내부 방침이라며 계약당시와
다른 내용을 현재 적용한다는 것은 납득 할수  없습니다
법을 바꾸어도 바뀌는 시점부터 적용되는것이
헌법 정신 입니다
수 많은 분들이 고통 받고 있음을 인지 하시어
조속히 해결될수 있도록 부탁드립니다
 [본 게시물의 일부 내용이 국민 청원 요건에 위배되어 관리자에 의해 수정되었습니다]",380,/19th/www.president.go.kr/petitions/605355
605354,자영업자 폐업후 코로나대출을 전액 상환하라고 합니다.,일자리,2022-05-04,2022-06-03,kakao - ***,청원종료,"2억을 넘게 투자하여
일식 자영업을 하였습니다.
그래도 직장인 평균이상의 월급정도 되는 이익으로
잘 운영 하고 있었습니다.
그런데 갑작스레 닥치 코로나라는 재난과
각종 방역대책들로 인해서
저는 한순간에 마이너스로 돌아셨습니다.
전전긍긍 직원들 월급을 알아보고 월세를
밀려가고 있을때
나라에서 저리로 코로나대출을 지원해주었습니다.
급하게 융통하고 버텼으나 
더이상 버티다가는 더 큰 빚이 생길것 같아서
폐업을 하였으며
지원금은 단 한푼도 받지 못했습니다.
그런데 신용보증기금에서 이제와서 전액상환뿐이
답이 없다고 합니다.
다시 창업해서 사업자를 내던가 아니면
신용불량자가 된다고 합니다.
제가 단돈 1원이라도 연체를 한다면
신용불량자가 되어도 좋습니다.
하지만 어디서 보증금을 구하고
하물며 다른 직업으로 그래도 4백은 벌면서
갚을수 있는대 꼭 재창업을 해야만 부실처리가
안된다니요. 특히나 코로나방역협조로 인해
매출하락은 제 매출표만 봐도 알수 있습니다.
제발 다시 살아날수 있게 도와주세요.
대출금 전액상환이 아닌 성실상환시 분납 그대로의
일정으로만 가능하게 부탁드립니다.
탕감이나 이제 면제 바라지도 않습니다.
제발 일어설수 있게 한시적이라도
자영업자의 힘든면을 알아주세요.
신용보증기금 담당자의 말씀도
내 상황이해하나 어떤 지침도 없었다고 합니다.
부탁드립니다. 대통령님.
망한것도 서럽습니다.",209,/19th/www.president.go.kr/petitions/605354
605353,백신부작용으로 여자친구가 다리를 절단했습니다,보건복지,2022-05-04,2022-06-03,kakao - ***,청원종료,"제목: 백신 부작용으로 여자친구가 다리를 절단했습니다.
건강하던 30살(93년생) 여성이 백신 부작용으로 추측되는 혈전으로 인해 다리가 절단되었지만 국가에서 인정받지 못해 억울한 사연을 남자친구가 청원합니다. 
안녕하세요. 서울에 살고 있는 32살 남자입니다. 
지난 3월14일 오후 6시경 결혼을 생각하고 있는 여자친구와 함께 여자친구가 키우는 강아지 산책을 시키려고 만나기로 했습니다. 만나기 전 잠시 여자친구랑 통화를 하던 중 여자친구가 갑자기 숨이 잘 안 쉬어 진다고 말하더니 휴대폰이 떨어지는 소리가 났습니다. 여자친구는 그 자리에 그대로 쓰러졌고 그 장면을 목격한 지나가던 여성분들께서 휴대폰을 전달 받아 여자친구가 쓰러졌다며 빨리 와달라고 했습니다. 놀란 저는 바로 택시를 타고 여자친구 집 앞으로 달려갔고 여자친구는 쓰러져서 호흡이 안되고 있었습니다. 
쓰러진 상황을 목격한 여성분들이 119를 바로 불러주셨지만 제가 도착할때까지 구급차는 오지 않았고 늦게 도착했음에도 불구하고 구급대원들은 보자마자 어차피 지금상황에서 갈 수 있는 병원이 없다면서 진정하라며 육안상으로 과호흡으로 추측되니 구급차에서 쉬다가 가라고 했습니다. 
그런데 막상 구급차에 타니 여자친구는 숨을 더 못 쉬기 시작했고 심각함을 느꼈는지 그제서야 서울의  ㅇ병원으로 출발 하였습니다. 그대로 ㅇ병원 응급실에 도착하였으나 보호자만 들어갈 수 있는 상황이였기에 여자친구 어머니를 모시고 ㅇ병원에 갔습니다. 도착한지 4시간이나 지나서야 겨우 수술을 들어갔고 결과는 급성심근경색이었습니다. 믿을 수 없는 일이였습니다. 어제까지 만해도 멀쩡하게 저와 함께 있었던 여자친구가 갑자기 심근경색이라니요. 그리고 여자친구는 평소에 운동하는것을 거르지 않았고 즐겨하는 건강하던 사람이였습니다. 
수술은 12시경에 끝났지만 여자친구는 그날이 고비라는 소리를 듣게 되었고 30살이라는 나이에 전조증상도 없이 쓰러져 하루하루 고비를 겪어야만 했습니다. 코로나 때문에 무엇도 할 수 없었습니다. 보호자조차 중환자실은 면회가 안 되어 발만동동 구르고 있던 와중에 다음날 다행히 의식이 깨어났다는 소리를 듣고 안도하게 되었습니다. 
그렇게 위기를 잘 넘기고 퇴원을 하는 줄로만 알고 안심하고 있었는데 갑자기 여자친구가 왼쪽다리에 통증이 있어 잠을 못 자겠다는 카톡을 보내 왔습니다. 저는 별 거 아니겠거니 했지만 다음날 왼쪽다리 혈전이 생겨 수술을 해야 한다는 소식을 들었습니다. 
가벼운 수술 인 줄 알았지만 전신마취를 해야만 했고 장장 4시간이 넘게 걸리는 대수술이었습니다. 호전되기만을 기도했으나 갑자기 병원측에서는 혈전을 긁어내는 수술을 했음에도 몇 시간 뒤 또 막혀버려서 수술이 더 이상 소용이 없다고 했습니다. 그게 무슨 말이냐고 그러면 어떻게 되는 거냐고 하니 최악의 경우 다리를 절단해야 된다는 얘기를 들었습니다. 하늘이 무너지는 거 같았습니다. 어린나이에 다리가 절단된 채 살아야 한다니요. 도저히 믿고 싶지도 않고 믿기도 싫었던 저와 여자친구 부모님은 한번만 더 수술해 봐달라고 요청했고 그 다음 날 바로 한번 더 수술을 해보았지만 결과는 똑같았습니다. 결국에는 다리가 괴사 되어서 무릎 밑 7cm를 남기고는 왼쪽 다리를 절단해야만 했습니다. 현재 여자친구는 절단된 통증으로 인해 말도 제대로 하지 못하는 상황입니다. 
그 날 구급대원들이 좀 더 빨리 병원으로 데려갔다면 또한 과호흡이라고 육안으로만 보고 가볍게 판단하지 않고 빨리 조치가 취해졌더라면 이런 상황까지는 오지 않았을까 생각도 합니다. 왜 그 아까운 시간을 구급차에서 아무런 조치도 받지 못한 채 보내야 했는지 너무 답답합니다.
또 의사 선생님과 여자친구 어머니가 통화한 내용을 들어보니 계속해서 원인을 찾고 있지만 원인을 알 수 없고, 의사 선생님들도 이렇게 젊은 나이에 급성심근경색으로 쓰러진 것도 아주 드문 사례고 이렇게 원인 불명으로 다리에 혈전이 계속해서 생기는 경우는 처음 본다며 백신부작용을 제외할 순 없다고 하셨습니다. 
보건소에 전화를 걸어서 백신 2차 접종을 9월 30일에 맞은 것과 여자친구 상황을 설명했습니다. 그리고 백신 접종 후 5년까지 부작용 신고를 할 수 있다는 전달을 받았습니다. 하지만 5년이라는 기간 동안 백신 부작용은 언제든 일어날 수 있다는 판단으로 그 기간을 정한 것임에도 불구하고 백신 부작용으로 심근염은 이미 인정이 되고 있지만 심근염 수술 후에 혈전이 생겨 다리를 절단까지 해야 하는 경우는 아주 드물어서 인정이 불가능하다고 전달을 받았습니다. 답답한 마음에 인터넷을 검색해 보았더니 해외 사례 중 이미 백신 부작용 으로 인해 다리를 절단한 경우가 여러 건 있었습니다. 
제가 생각하기에도 기저질환이 없고 건강하던 여자친구가 이렇게 하루 아침에 심근경색과 다리에 혈전이 생겨 절단까지 한 상황에는 백신 부작용밖에는 이유가 없다고 생각합니다.
이제 겨우 30살인 여자친구가 나머지 인생을 다리가 절단된 채 살아야 한다는 게 너무 마음이 아픕니다. 도대체 누구를 위한 백신인가요. 건강하던 사람이 한 순간에 쓰러져서 다리를 잃은 채 살아야 하는 게 맞는 건가요. 꿈도 많고 하고 싶은 것도 많은 젊은 날에 병상에 누워서 다리가 절단된 채 살아가야하는 무서움을 견디면서 보내고 있습니다. 누구에게 이 아픔을 호소 할 수 있을까요. 저와 주변사람들 모두 가슴이 찢어진 채 하루하루 보내고 있습니다. 
국가 차원에서 방역 패스 등 백신을 맞기 위에 많은 독려를 해놓고 최소한의 부작용 인정만 해주는 무책임한 상황을 이해할 수 없고 받아들일 수 없습니다. 국가에서 혈전이 백신 부작용으로 인정 받아서 여자친구가 앞으로 살아가는 날에 덜 어려움을 겪을 수 있도록 제발 도와주세요.","9,708",/19th/www.president.go.kr/petitions/605353
605352,정경심 교수 사면해야 합니다.,경제민주화,2022-05-04,2022-06-03,facebook - ***,청원종료,"정경심은 사면해야 합니다!
문재인을 대통령으로 만들어준 촛불과 동지들은 항상 개무시하고 국힘과 다른 사람들 반응에는 엄청 눈치를 봅니다.   
조국을 사지로 몰아놓고 이래도 되는 겁니까?
인간이라면 이러면 안되는 겁니다. 
저는 문재인대통령이 원래 이런 사람인줄 정말 몰랐습니다.  
역시 사람은 지켜 두고 볼일입니다. 
빌라도 보다도 못한 인간이 되지 마세요.
어차피 윤석열 당선자가 집무 시작하면 이명박은 사면할거고 
그럼 죄없는 정경심만 죽는 겁니다. 
그렇게 눈치가 보이면 이명박과 정경심 동반 사면 하세요. 
왜 정경심 교수님만 죽어야 합니까? 
그렇게 욕먹는 것이 두렵습니까? 
조국은 멸문지화를 당하면서도 초인적으로 감내하는데
왜 문재인 대통령만 편안하게 아무일 없듯이 퇴임합니까? 
왜 문재인 대통령에게 정경심 사면을 구걸해야 합니까?
원래 대통령이 나서서 해결해야 할 일이 아닙니까? 
부디 배신자의 길을 가지 마시기 바랍니다.
이제 잃어버릴것도 없는 마당에 따지지 말고 인간적인 도리부터 하고 퇴임하세요.
더 바라는 것 없습니다. 
당신의 마지막 할일을 회피하지 마세요.",382,/19th/www.president.go.kr/petitions/605352
605351,"(주)***** 무한동력 모터기술,  투자사기에 대한 피해자 청원 (피해자 1000명 이상)",기타,2022-05-04,2022-06-03,kakao - ***,청원종료,"안녕하십니까.
1000명이 넘는 투자자가 5년에 걸쳐, 투자사기를 당한 이 건에 대해 관련 기관에서 신속, 엄밀히 조사, 
피해자 복구에 힘써 주시기를 소망하오며, 청원을 드립니다.
저는 (주)***** (부산 소재), 무한동력 모터기술에  2018년 3월부터 8월까지,  
약 1억 1천만원 상당의 금액을 투자한 ***입니다.
***** 대표는 ***으로 현 나이 57세, 66년생으로 부산에 살고 있으며, 
본인의 말대론 무한동력 모터기술 연구에 16년의 세월을 투자했다 합니다. 
(회사 주소: 부산시 해운대구 *** ***. **** ****호.)
우선 무한동력 모터 기술이란, 간단히 전자석의 자기력으로 영구자석의 자기력을 유도하여 합성하고, 
자석의 자기력보다 가산하는 더 큰 전기에너지를 출력으로 발생시키는 기술.
좀더 쉽게 표현하자면, 처음 모터 구동 스타트시에 소형건전지 A4 하나 정도의 작은 외부전력으로, 
일단 모터를 회전시키면, 그다음부터는 무한동력 모터가 자체적 충전하며, 더이상의 외부전력 공급이 없이 끊임없이 무한회전하며, 에너지를 끊임없이 출력시킬 수 있다는 것입니다.
회사대표 ***의 주장으로는, 전세계 GDP의 30%를 향후에 감당할 수 있는, 차세대 신기술로서, 이 모터기술이 
완성되면, 인류의 미래역사를 완전 바꿀 수 있다고, 18년도 3월초 투자설명회 당시부터 계속 주장해 온 바입니다.
18년도 모터기술 투자설명회는, 서울 부산 전주 대구등 대도시에서 수차례에 걸쳐 집중적으로 기술홍보 및 투자자 모집 대규모 설명회가 열렸고, 한번도 듣도보도 못했던 소위 차세대 모터기술에 많은 투자자가 심히 매료되어
투자가 이루어 진 것이 사실입니다. 
더욱 가관인 것은, 18년도에 울산공단에 있다는 *****, 모터기술 연구소에서 2월달에 
약 20명의 예비 투자자를 초청하여, 무한동력 모터기술 시연회를 직접 실시하였다는 것입니다. 
저는 당시에 그 시연회는 직접 참여한 바 없지만,
참여한 관련자의 증언에 따르면, 그날 현장에서 무한동력 모터가 외부전력 공급없이 계속 도는것에 
많은 이가 충격을 먹었다는 후일담 입니다. 
저도 시연회 참석 관련자에게 듣기만 해서, 그 충격과 환희가 얼마나 대단한지는 모르겠습니다. 
5년이 경과한, 지금에 와서는 그 기술이 진짜인지 트릭인지도, 너무많은 투자자가 의심을 크게 품고 
있는 현실입니다.
금방 완성, 특허등록까지 된다고 *** 대표가 호언장담했던 기술이, 아직까지 아무런 결과물 없이 
지금껏 투자자의 오랜 기다림 희망을 송두리채 앗아갔기 때문입니다.
지금은 대다수가 그 당시에 모두 속아서, 철저한 투자시기에 당했다고 여기는 분이 너무 많습니다.
이것이 바로 핵심! 입니다.
18년도 부산 투자설명회에 직접 제가 참석하여, ***에게 듣기로는 그 당시에 거의 모터기술이 완성직전까지
왔으며, 남은 마무리 기술만 좀 보강하면, 바로 모터 신기술 특허등록까지 가능하다고  저를 포함, 현장에 참석한 
모든이가 그 말을 믿었고 신뢰하여, 많은 사람들이 적게는 수백만원에서 수천만원, 많게는 수억원까지 투자참여를
하게 된 것입니다.
그 투자 총인원이 현재 1000명을 상회합니다 (***** 투자자 밴드 회원수 1015명).
초기 투자 설명회는 본격적으로 18년  3월부터 대략 9월까지, 여럿 장소를 번갈아가며 실시되었다고 기억합니다.
그래서 대도시 지역에서 많은 분이 투자에 참여 하게 된 것입니다.
그러면, 저희가 어떤 방식으로, 참여하게 되었는지 간략히 말씀 드리죠.
*** 사장은, 암호화폐 코인을 발행하여, 투자자가 그것을 매수하는 방식으로
투자자를 모집하였고, 그 코인 이름이 **** ,  코인당 30원에 팔았습니다.
3월초 설명회에 참석하였던 분들은, 30원에 코인을 매수하였고, 점차 시기가 지남에 따라
코인가격이 50원, 70원, 년말에 최종 90원까지 ico 진행이 된 것으로 기억합니다.
몇개월 텀을 두어, 여럿단계 시기를 걸쳐, 이렇게 18년도 초부터 년말까지
**** 코인이 투자자에게 판매되었고, 그 자금은 당연히 (주)*****로  들어갔겠죠.
총 얼마의 코인이 판매되었고 얼마나 많은 자금이 모였는지는 우리 투자자는 정확히 모릅니다.
(회사에서 정확히 공개 전혀 안하죠~~)
하지만, 최소한 1000명에 달하는 사람들이 최소 몇 백을 투자했을 터인데,
최소 수십억은 훨씬 상회하지 않을까 추정합니다.
이제부터, 제가 말씀 드리고 싶은,  ***** 투자사기 피해 문제는 
투자후부터 바로 시작입니다.
처음 무한동력을 본따 ****로 발행되었던 암호화폐 코인은, 자체 이미지 변경 및 업그레이드 차원에서
얼마후 바로, **  *** 라는 신생코인으로 별안간 바뀌게 되었고 ,
**** 코인 투자로 각자가 수령한 **** 코인을,  다시 **로 새로이
재지급받았고, 이 과정에서 **** 코인 상장을 장담했던 시기가 많이 지연되게 된 것입니다.
처음부터 오류가 너무  많았습니다.
우여곡절 끝에 **는이름도 전혀  못 들어본,  3류 잡거래소인  **거래소에 19년 6월 7일 상장 됨.
**거래소는 관리자도 유명무실한 너무 허접한 거래소였고, ** 코인거래도 몇개월간 없었으며
결국 20년 5월경에 거래소 폐쇄되었음.
거래소 개인지갑에 각자가 보유했던 코인,  결국은 전량 회수 불가능.
이 결과, 모든 투자자의 원성과 실망이 극에 달하자,
***은 어쩔 수 없이 면피용으로,  20년 12월 16일에 **** 거래소라는
3류 잡거래소가 자체 제작한 **를 , 이 거래소에 다시 상장하게 되었음.
21년 12월에 결국 ****도 파산, 폐쇄하게 되었음.
두번에 걸친 무명 잡거래소 상장에, 두번 연속 거래소 파산 및 영업종료라는
대형 사고가 발생해서, 현 시점까지 모든 투자자가 ** 코인을 모두 잃어버리게 된 결과가
되었읍니다.
이에 ***은 또 면피용으로, 22년 2~3월경 또는 4~5월경에, 이번에야 말로
제대로 된 메이져 거래소에  ** 재상장 호재소식을 드리겠다고, 
회사밴드를 통해 공식 호언장담한바,
모든 투자자가 마지막 기대를 하고, 오랫 기다려 온 것이 사실입니다.
하지만, 이번 주 수요일인 4월 27일에 벼락 공지하기를,
이제 더이상 **라는 코인을 추가상장 하지 않고, 오히려
암호화폐 코인이라는 무형의 자산이, 회사의 무한동력 모터기술 연구, 완성에 방해가
될 수 있다며, 각자가 이제껏 소중히 간직 보유했던 코인에 대해 전면폐기 조취.
회사 주식으로 일괄적으로
전환해 주겠다고, 일방적 통보를 한 상태입니다.
이 과정에서, 투자자와 어떤 사전 협의, 조율 과정이 전무했음.
***의 일방적 결정이며, 통보입니다.
제가 진정 드리고 싶은 말은,
우리 투자자는 18년 초기 설명회 당시부터 , *** 자칭 모터신기술에 기반한, 코인에 투자한 것이지,
주식에 투자한 것이 전혀 아니라는 점입니다!
초기, 그 당시부터 회사주식 언급은 전혀 없었고, 오로지 모두가 코인수익 창출을 위해 **인에 투자했는데
이제와서, 투자자에게 사전 협의나, 어떤 언급없이 *** 독자적으로 주식전환 결정, 통보를 한 상태입니다.
처음부터 모든 투자자는 ***에게, 국내 유명거래소에 **를 상장해 주기를 간절히 수도없이 요청했으나,
지난 두번의 이름도 없는 잡거래소에 임의대로 상장해 놓고, 거래도 되지 않았고,
더욱 기막힌 것은, 두번 연속 거래소 파산이라는 상황에 처해, 이제 우리 모두는 **를 지닐 수도 없고
코인이 공중분해 된 상태입니다.
이 상황에서, 투자자를 전면 무시하는 주식교환이라는 일방적 통보를 어떻게 투자자가 받아들일 수
있겠습니까,,,
처음부터 주식에 투자한다는 말이 있었으면, 저를 포함 대다수가 투자를 재고했을 것입니다.
일방적 통보를 해 놓고, ***은 다음주에 주식교환에 대한 상세공지를 한다 하는데
저를 포함 의식있는 대다수가, 이제는 지난 5년간 하나도 약속을 지키지 않은, 
***에 대해 전혀 신뢰를 하지 않으며, 대규모 투자사기 범죄라고 엄밀히 보고 있습니다.
지난 5년 너무 긴 세월, 충분한 준비 기간 입니다!!
***의 말대로 모터기술이 진짜였고, 18년도 설명회처럼 거의 완성 직전에 있는
신기술 이었다면, 벌써 뚜렷한 결과물이 도출, 이미 특허등록 완료, 세상에 공개되었어도
남았을 충분한 기간이었습니다.
하지만, 엄밀한 팩트는 현재 *** 말에 의하면
울산 모터연구소는 존재하지만, 연구소 주소도 투자자에게 공개할 수 없다!
(회사 투자자가 모두가 궁금한 중요시설인, 연구소를 볼 수 없다는게 말이 됩니까,,,)
지금까지, 어떤 결과도 전혀 없고 , 진척 상황이 전무하다는 것입니다.
그저 계속 말하는 것은, 연구는 잘 진행되고 있다, 믿고 기다리면 믿어준 보람을 크게 찾게 해주겠다, 
이런 변명만 이어지고 있죠.
지난 5년간 모든 투자자는 금전적, 심리적 고문과 고통을 너무 크게 겪어왔습니다!!!
18년도 투자설명회로 모집된  투자금 최소 수십억은,  모두 어디에 썼기에 아직까지
아무런 결실도 도출 못하고, 계속하여 우리에게 거짓말만 하는 ***과 소위 대박기술 
무한동력 기술에 대한, 이 대형 사기범죄를 관련 기관에서 엄밀히 조사, 신속 추궁해 주시기를
간곡히 청원 드립니다.
투자자들의 고통이 너무 지대합니다.
한 사람의 거짓말에 속아, 지난 5년을 우리는 송두리째 잃어버린 것입니다.
부디 청원이 받아 들여져, 관련 조사가 실시되면, 저희가 입은 각자의 모든 피해내역, 
피해상황을 일괄 취합하여 제출할 것입니다.
지난 5년간 한 인간을 믿고 순전한 마음으로 희망을 지녀왔지만,
이제는 사악한 그 속내와 행동에 크나큰 피해와 실망을 겪고 있는
1000명의 ***** 사기 피해자 전원을 생각하시어, 신속 정확히
관련 조사가 이루어지기를 간곡히 부탁 청원 드립니다.
도와주시기 바랍니다~~
마지막으로
저희는, 또한 피해자 대책방을 만들어
모든 피해상황과 손해 액을 취합하여, 각 방송사, 언론사에 단체제보하며,
가능한 모든 루트를 통해, 이 사기피해가 전국에 알려지고
국민 모두가 알 수 있기를 희망합니다.
그래야, 향후에라도 추가 피해를 막을 수 있다 보기 때문입니다.
긴 글 읽어주심에 감사합니다.
피해자 *** 드림.
 [본 게시물의 일부 내용이 국민 청원 요건에 위배되어 관리자에 의해 수정되었습니다]",116,/19th/www.president.go.kr/petitions/605351
605350,**이의 죽음이 헛되지 않도록 도와주세요.,보건복지,2022-05-04,2022-06-03,naver - ***,청원종료,"안녕하세요. **이의 아빠 ***입니다.
**이가 저희 곁을 떠난 지 50여 일...
50여 일이 지난 지금도, 이 고통은 끝이 없고, 어떠한 말로도 표현이 되지 않습니다...
처음에는 모든 사람이 이 고통을 똑같이 느껴보기를 바라였습니다.
하지만, 하늘나라로 간 **이라면...
우리 가족이 잘 극복해 내기를 바랄 테니까...
다시는 **이와 같은 비극이 들려오지 않기를...
다시는 저희 부부가 겪고 있는 피눈물 흘리는 고통을 떠안게 될 또 다른 가족이 없기를...
제 가족이 아파서, 병원을 가야 한다면,
저는 다시 이 병원을 찾게 될 것입니다.
그러니, 부디..
제주도민이 안전한 의료서비스를 제공받을 수 있도록, 향후 해당 병원이 더 올바른 길로 발전해 나아갈 수 있도록, 정부와 의료진과 국민 여러분 모두가 함께 보살펴주시기를 바랍니다.
============================================================
3월 12일 18시경, 음압 중환자실
방호 장구를 몇 겹이나 껴입고,
1시간이 넘게 땀 흘리며 심폐소생술을 행하던 의료진의 모습을 보며, 병원에서 아이를 살리고자 최선의 노력을 다하였지만, **이와의 13개월 짧은 만남이 나와의 운명이었구나...
**이를 처음 만났던 이곳에서, 이렇게 비통하게 이별하는구나...
제 입으로 심폐소생술을 멈춰 달라고 하였습니다.
**이와의 작별의 시간도 제대로 갖지 못한 채,
끊임없이 울려대는 휴대전화(발신인:보건소)를 받고,
감염병 관리지침에 따라,
더 이상 아이의 몸을 안아볼 수도 없고, 아이의 입에 쌀 한 줌, 우유 한 모금 넣어주지 못하고, 예쁜 옷, 예쁜 신발 한 켤레 신겨주지 못한 채, 비닐 가방에 갇혀야만 했던 **이를 차가운 영안실에 홀로 두는 것이 너무나도 괴로웠습니다.
조금이라도 빨리 **이를 자유롭게 해주고자
끝내 감염병 관리지침에 동의하였고, 장례 절차를 진행하였습니다.
장례를 끝내고, 뒤늦게나마 **이의 병원일지를 기록하던 중,
병원의 보호 아래 있던 **이가 왜 갑작스레 호흡곤란을 호소하였는지, 호흡곤란 직후 응급처치 시간이 너무 길었던 것은 아니었는지 등에 대한 의문점을 해결하고자,
5일간 3차례에 걸쳐 의무기록사본 요청 및 발급받았고,
1차 의무기록사본은 (총 56매)
최초 작성 시점 및 원본 내용, 수정·삭제 여부를 확인할 수 없었고, 요청한 투약기록지 등 일부 기록이 누락되어 있는 등 의문을 해소하기에 턱없이 부족했습니다.
2차 의무기록사본은 (총 73매)
진료기록부 및 검체검사결과지 등이 시간 순서에 따라 정리되지 않은 상태였고, 간호일지가 중복 출력되어 있는 등 여전히 미흡하였습니다.
3차 의무기록사본은 (총 230매)
법률 전문 상담을 통해 의무기록이 수정·변개되었을 경우, 원본 내용과의 비교가 용이한 audit trail(추적감사) 자료가 존재함을 알게 되었고, 즉시 병원을 방문하여 발급받았습니다.
그러나 3차 의무기록사본의 방대한 양에도 불구하고, 여전히 투약기록지는 제공되지 않았습니다.
아울러, 일부 기재 내용이 삭제되어 있거나, 피해자 사망 이후 의사의 조처가 상세히 추가되기도 하여, 병원 측에서 사건 발생 이후 의무기록을 거짓으로 작성하거나 고의로 사실과 다르게 추가기재·수정한 것은 아닌지 의문을 품게 되었습니다.
코로나19 음압병동 병동A의 CCTV(복도에는 있지만, 병상에는 없었음.)를 확인하고 온 다음 날,
병원 사고조사 담당자로부터 면담 요청 전화를 받았습니다.
병원 면담에서 어떤 내용을 듣게 될지 염려되어,
꼼꼼하게 자료조사를 하였고,
4월 1일,
병원 면담에서
⓵ 네블라이저용 에피네프린 5mg이 정맥주사로 잘못 투약된 사실
⓶ 투약이 잘못되었음을 다수의 간호사가 알고 있었지만, 의사들은 아무도 몰랐다는 사실
위 2가지 사실을 듣게 되었습니다.
병원 의료진의 전문적인 설명에도 불구하고, 의문점은 늘어 갔고, 많은 추가 질문을 하였지만, 제대로 된 답변을 듣기 어려웠기에, 병원 자체적으로 추가 조사하여 답변 주실 것과
사고경위서 및 보고서, 투약 기록지를 포함한 일부 의무기록사본의 추가 발급을 요청하였습니다.
“오늘 우리 병원에서의 설명이 충분하지 않으실 거 같습니다. 추가적인 보고가 있으면 그에 따른 자료라든가 이런 부분도 성실하게 저희가 드릴 거고요. 혹시 또 오늘과 같은 자리를 또 필요하시면 저희들 성실하게 임하도록 하겠습니다.”
라는 병원 관계자의 답변을 끝으로 면담을 마무리하였고,
이후 병원 측의 연락이 없자,
4월 8일,
병원 사고조사 담당자에게 연락하여, 진행 상황을 확인하였지만, ‘위원회 결정 사항 및 검토 내용은 대외적으로 공개할 수 없고, 사건보고서 정리 본은 법무팀에 문의 후 연락해주겠다’며 답변을 회피하는 것 같았습니다. 법무팀의 검토 후 제공해주시기를 다시 한번 요청하며, 좀 더 사고조사에 대해 성실하게 임해주실 것을 부탁드렸습니다.
4월 14일,
병원 사고조사 담당자가 개인적으로 정리한 보고서조차도 법무팀의 확인을 통해 제공하게 되었다는 답변과 병원 사고조사 담당자 본인도 간호사의 행동이 이해되지 않지만, 간호사를 문책할 수 없고, 이 사고에 대해 뭐라 드릴 말씀이 없다는 답변을 받았습니다.
최대한 대화를 통해 이 상황을 정리해보고자 노력하였지만, 병원과의 대화가 단절되었음을 깨닫고,
결국 지금의 이 상황까지 오게 되었습니다.
이후 내용은 JTBC 보도 내용을 참고해주시기를 바랍니다.
https://youtu.be/gH_Nx4b7K3o
(관련링크는 본문 가장 아래 있습니다.)
============================================================
**이에게 투약을 잘못한 간호사 A씨는
매우 성실하게 일하던 5년 차 간호사였다고 합니다.
주변에서 “A가 그런 실수를 했을 리가 없는데...”라고 합니다.
과거, 병원이 아닌 장소에서 응급상황을 목격하고, 환자 처치를 도와 병원으로 후송되기까지 간호사의 책임을 다하였다는 훈훈한 소문도 있습니다.
병원 면담에서,
손을 파르르 떨며 그날의 사고를 말해주던 간호사 A씨를 이해해 보고자 노력해보았습니다.
‘누구라도, 실수할 수 있지 않았을까?’
대다수의 의료진은 그럴 수 없다고 답변합니다.
그럼에도 불구하고,
간호사 A씨가 투약 사고를 저지를 수밖에 없었던 원인이 무엇일지 끊임없이 고민하였고, 결국 너무 많은 궁금증만 남았습니다.
1. **이가 입원했던 A병동은 급하게 꾸려진 코로나19 음압 병동이라는데, 시설이 열악하여, 환자도 간호사도 이 열악한 시설에 제대로 된 보호를 받지 못한 것은 아니었을까?
(실제 병상에 CCTV의 존재 여부를 확인하고자 A병동을 방문했고, A병동으로 들어가자마자 매우 더웠고 다습함이 느껴졌습니다. ‘음압병동은 원래 이런가?’ 마스크와 보호장구를 착용하니, 그 답답함은 배가 되었고, ‘이런 환경에서 근무하는 간호사들은 힘들겠구나.’ 느꼈습니다.)
2. A병동은 50병상이 다 차는 경우도 빈번하다는데, 간호사들의 업무가 과도했던 것이 아니었을까?
3. A병동의 과도한 업무와 인력 부족으로 인해, 기본원칙 5right(정확한 약물, 정확한 대상자, 정확한 용량, 정확한 시간, 정확한 경로)에 대한 확인이 생략 수행되는 악·폐습이 존재하는 것은 아닐까?
4. 1~3의 복합적인 원인으로 인해, A병동으로 입원한 환자들이 적절한 의료서비스를 제공받지 못하고 있던 것은 아니었을까?
5. 소아의 경우 올바른 치료를 위해, 소아병동으로 입원해야 한다는데, 정형외과 병동에서 바뀐 코로나19 음압병동 A병동에, 소아를 치료할 수 있는 인력이 충분하게 배치되었던 걸까?
6. 후두염과 비슷한 크룹(급성 폐쇄성 후두염)은 적절히 치료받지 못하면 사망의 위험성이 있는 질환인데, A병동으로 입원한 오전 10시부터 투약이 잘못되던 17시 30분까지, 의료진들의 적절한 치료가 이루어졌을까?
7. 주말도 아닌 평일, 응급실의 응급처치 이후 A병동으로 입원한 **이에게, 입원 후 8시간 뒤에야 수행될 에피네프린 5mg 네블라이저 처방이 적절했을까?
8. 해당 병원에서는 에피네프린 주사 사고를 방지하기 위해 ‘안전 캡’이라는 대책이 마련되어 있다고 하였음에도 불구하고, 이런 사고가 발생했다는 것은, 제대로 된 방지대책이 아니었던 것은 아닐까?
9. 소아 전문 병동이 아니고, 코로나19 음압병동 A병동의 근무 환경을 고려했다면, 위험한 약물을 다뤄야 할 간호사가 과오를 범하지 않도록 오더를 내린 의사는 더 적극적으로 충분한 지도와 감독이 필요하지 않았을까?
현재 사고의 주된 관심사가 병원의 은폐 행위에 대한 사실 여부로 옮겨진 것 같습니다.
은폐 행위에 대해서는 전문 수사기관이 발 빠르게 대응하고 있기에, 조만간 모든 진실이 밝혀질 것이라 믿어 의심치 않습니다.
하지만,
제가 가진 의문점을 해소하고자, 병원과 대화도 해보았고, 언론도 만나보았지만, 의문점을 해소하기에는 역부족이었습니다.
결국 이 모든 쟁점에 대해 답변을 요구할 수 있는 기관은 ‘정부’밖에 없다고 생각하여,
이처럼 국민청원에 글을 올려봅니다.
위에 기재한 9가지 의문점에 대해,
꼼꼼하게 검토하시어, 답변 주시기를 바라며,
제주도민이 안전한 의료서비스를 제공받을 수 있도록, 향후 해당 병원이 더 올바른 길로 발전해 나아갈 수 있도록, 정부와 의료진과 국민 여러분 모두가 함께 보살펴주시기를 바랍니다.
 [본 게시물의 일부 내용이 국민 청원 요건에 위배되어 관리자에 의해 수정되었습니다]","12,010",/19th/www.president.go.kr/petitions/605350
605349,제가..딸 가진 죄인 인가요? ㅜㅜ 제발 도와주세요..ㅜㅜ,육아/교육,2022-05-03,2022-06-02,kakao - ***,청원종료,"우선.. 이 일을 크게 키우고 싶지 않았는데 해당 아이 부모가 끝내 법대로 하라고 하셔서..ㅜㅜ도움 요청코자 글 올립니다.
이 일을 어떻게 해결해야 할지 손발이 덜덜 떨리고 속상한 마음 감출 길이 없습니다.
두서없이 작성하게 될것 같아 미리 양해 부탁드립니다. ㅜㅜ
저희 아이는 여자아이로 동급생 남자아이 친구에게 20분정도 성추행을 당했습니다.(치마를 올리고 성기를 지속적으로 계속 만짐) 해당부분은 동급생 부모에게 확인 받아 사실을 인정하시고 사과하신 상태였고(녹취와 문자가 있습니다) 담임선생님이 아이들 각각 상담을 통해 동급생 아이가 해당 사실을 인정했습니다.
추행 중 저희 아이가 친구에게 수차례 거부 의사 표시를 했고 선생님은 성추행 상황을 목격하진 않으셨지만 단순히 장난치는것으로 생각하여 해당 부분을 제대로 파악하지 못한 상태에서 동급생 친구에게 훈육만 하셨습니다. 분리가 되지 못한채 그뒤로 저희 아이는 또 그렇게 10여분을 더 성추행을 당하게 됩니다.ㅜㅜ
훈육으로도 해결이 안된 상태였으며 단순한 호기심, 장난을 넘어선 부분이라 생각하여 저희는 그냥 넘어갈수가 없었습니다.
어떻게 처리해야하나 하는중에 유치원 및 해당 선생님은 죄송하다고 말씀을 하신 상태이나, 아직 해결이 제대로 된부분은 없으며, 그 아이와 절대 마주치치 않게끔 해달라고 신신당부만 드린 상태입니다. (원에서도 그렇게 해주고 있는 상태)
제가 속상한 부분은 선생님께서 중간에 제대로 해당 부분을 확인하여 격리 시켜주셨으면 일이 이렇게까지 커지지 않았을텐데 라는 생각이 듭니다.. 며칠 내내 일에 집중 할수가없고 속이 타들어가는 심정입니다..ㅜㅜ
일단 저희 아이는 잊혀질만하면 이야기를 꺼내는게.. 많이 상처를 받은듯 하여 심리상담까지 받을 예정이구요
아이가 아프다고해서 간 병원에서 진단서 및 소견서 까지 발급 받은 상태입니다. 소중이(성기) 부분이 빨갛게 부어 올랐고 상처가 있다고 하여 연고를 계속 발라줘야 된다고 하시네요.ㅠㅠ
이런일은 처음이라 당황했고 어떻게 해결해야하나 시간만 보내다 동급생 부모에게 저희 아이 치료비와 추후 심리상담비용, 정신적인 치료 보상차 협의점을 찾으려 노력했으나 지금에 와서 돌아오는 대답은.. 만5세 아이에게 장난치다 그런건데 너무 하는거 아니냐고.. 증거도 없고(cctv가없는장소) 본 사람도 없는데 아이들 말만 듣고 판단할 수 있느냐.. 그 때 아이에게 다그치니 그렇게 인정한것 같다고 민사로 진행 하랍니다.
이 일을 어떻게 진행해야 할지 도저히 답이 안나오고 화가나서 잠이 오질 않습니다.
저희 딸 아이의 상처는 대체 누가 보듬어 주나요...
제가 딸 가진 죄인 인가요? ㅜㅜ
내 딸 아이라 생각하시고 도와주세요.ㅜㅜ",601,/19th/www.president.go.kr/petitions/605349
605348,남양주 위탁가정에서 학대 의심으로 사망한 아기의 철저한 경찰 수사를 요구합니다.,육아/교육,2022-05-03,2022-06-02,kakao - ***,청원종료,"정인이 양부모 사건후에도 끊이지 않는 <아동학대살해> 사건들.
도대체 정부에서는 어떤 대책을 마련하고 있는겁니까??
하루가 멀다하고 나오는 뉴스에 아기를 키우는 엄마로써 통탄할 일이 아닐 수 없습니다.
검수완박 표결도 되었고, 남양주 남부서 경찰이 처음부터 끝까지 철저하게 수사 하기를 강력히 요구하는 바 입니다.
정인이 사건,화성 입양아 학대 사망 사건도 경찰은 미온적인 태도로 일관 했습니다.
이번 위탁 가정에서 사망한 13개월 아기 학대 의심 사망은 어떻게 처리 하실건지 명확한 답변을 주십시요.
아동학대에는 [치사]라는 것이 있을 수 없습니다.
성인이 휘두르는 폭력에 아기들은 벼랑끝에 서있는것과 다름이 없습니다.
죽도록 때리고 죽을지 몰랐다는게 말이나 됩니까?
아동학대살인마들은 강력한 처벌이 요구되고, 3월 28일 양형위원회 공청회 결과를 잊지 마십시요.
아동학대가해자들은 가중처벌이 마땅 합니다.
제발!! 출산장려만 하지 말고!! 살아있는 아이들의 고통을 먼저 헤아려주시길 바랍니다.
저항능력도 없고, 도움을 청할수도 없는 아이들의 생명권을 지켜주기 위해서 강력한 처벌을 요구 합니다.
이번 아동학대사망사건에 대해 수사를 어떻게 펼쳐나갈것인지에 대해 국민들에게 알려주십시요.
그리고 다시한번 말씀드리지만 강력한 처벌을 요구합니다.",233,/19th/www.president.go.kr/petitions/605348
605347,절대 권력이라 여기며 환자 및 환자 보호자에게 피해를 자행 하는 요양병원을 규탄하며 강력한 제재를 요구합니다!!,보건복지,2022-05-03,2022-06-02,naver - ***,청원종료,"2012년, 어느 날 갑자기 모친이 뇌졸중으로 쓰러지시게 되어 현재까지 요양병원에 입원해 계십니다.
 병환으로 인해 마비된 육체 속에 갇혀 옴짝달싹 못하게 되신 어머니의 간호를 위해 많은 것을 포기한 채, 고향인 대구로 하향하여 오로지 ‘치유’와 ‘회복’만을 머릿속에 그리며 긴 세월 동안 요양병원과 집을 오가며 그렇게 시간을 보내면서 겪게 된 요양병원의 갑질 행태에 분노와 좌절의 감정을 숱하게 경험해야만 했습니다!
 다음은 저를 비롯한 타 환자 보호자가 수모를 겪은 요양병원의 추악한 행위에 해당되는 내용입니다!
 타 환자의 경우, 욕창 없이 깨끗한 몸의 상태로 입원했음에도 요양병원의 무관심과 방치로 체위 변경을 제대로 해주지 않아, 썩은 내가 병원 안에 진동할 정도로 살이 썩어 들어가 심각한 상태에 이르게 해 그 합병증으로 사망까지 가는 어르신들을 여러 번 가까이에서 지켜봤는데, 참상을 일으킨 주체가 요양병원 측임에도 책임을 회피하며 마치 환자의 잘못인 양 떠넘겨 버리며 환자 보호자를 윽박지르며 다그쳐 강제로 내쫓아 버리는 경우 등의 비인간적 행위를 스스럼없이 저지르는 뻔뻔함을 목도했습니다!
 제 어머니의 경우 역시 마찬가지로, 구멍이 뻥 뚫릴 정도로 끔찍한 욕창의 단계에까지 이르게 하고는 병원 측이 항상 둘러대는 면피용 핑곗거리는 언제나 “환자의 영양상태가 좋지 않아서..”라고 모든 책임을 와상환자의 탓으로 떠넘기고 전가시켜 버리며, 발뺌하는 어이없는 언행만 일삼을 뿐이었습니다!
 병원에서 부지런하게 체위 변경만 잘 해준다면 욕창은 아무리 심한 중증 와상환자 일지라도 절대 발생하지 않음을 병원 측이 더 잘 알고 있을 터인데도 불구하고 무심함과 게으름으로 인해 발생된 욕창에 대해, 책임 소지를 차단시키기 위한 목적으로 병원 입장에서의 현명한 선택은 책임질 가능성이 있는 환자를 서둘러 퇴원시켜버리는 방식이었습니다!
 병원 관계자가 행하는 그럴싸한 최상의 방법은 겉으로는 환자를 위하는 척,  “폐렴이 의심된다”라는 소견 등을 내세워 대학 병원으로 급히 전원하여 검사 및 치료받을 것을 종용해 자연스레 내보내 버리고는 재입원을 거부하는 비열한 행태를 취하거나 병원비를 엄청 올려버려 환자 측이 다른 요양 병원을 찾아 자발적으로 나가도록 만드는 식이었습니다!
 병원의 권유로 대학 병원 응급실에서 정밀 검사한 결과, “아무 문제 없이 괜찮은데.. 왜, 이곳에 오셨는지 모르겠다.”라는 소견을 받아, 다시 원 요양병원으로 돌아가려 하자, 저지당해 그 시점이 명절 연휴라 급하게 입원할 곳을 찾지 못해 응급실에서 하룻 밤을 더 보내며 애를 태워야 했던 적도 있었습니다!  
 또, 현재 입원 중인 병원에서는 코로나로 면회조차 할 수 없는 기간 동안 어머니의 팔을 골절 시키고는 빨리 퇴원할 것을 요구해 빠른 시간 안에 전원 하지 못하자, 애초 계약한 병원비의 70% 정도를 인상시켜 버리는 횡포에 분개하며 참다 참다 펜을 들게 되었습니다!
  어머니를 간병하며 보낸 10년이라는 장기간의 세월 동안 겪어본 요양병원의 이러한 만행은 비단 특정 어느 한 병원만의 문제가 아니었습니다!
 의사라는 전문적 직업인으로서 지녀야 할 환자를 위한 희생정신 및 소명의식, 의사의 본분과 사회적 책무에 대한 자세보다는 ‘병원도 사업’이라는 생각으로 병원 내 사고가 발생해 책임져야 할 환자의 경우, ‘하루빨리 내보내야 한다’는 삐뚤어진 의식으로 요양병원 측이 양심의 가책도 없이 저지르는 무책임하고 무자비한 일방적 과도한 행위를 언제까지 환자 측에서는 감당하며 인내해야 하는지 이 사회에 묻고 싶습니다!
 욕창으로 인해 뼈가 다 보이기 일보 직전까지 갈 정도로 끔찍한 지경으로 환자의 상태를 만들어 놓아 1년 가까운 기간 동안 보호자인 제가 매달려서 그 살을 다 붙여 다른 병원으로 옮겼더니.. 이동한 병원에서도 마찬가지로 또 욕창을 생기게 하고는 내쫓고.. 이번에는 팔을 부러트리고는 퇴원을 강요 당하고 있습니다!
 애초 요양 병원이 어머니를 잘 돌봐 주실 거라는 기대와 믿음으로 환자의 입원을 결정했습니다만, 지금껏 겪은 요양 병원의 실상은 이렇게 끊임없이 환자에게 고통을 가중 시키는 경우가 많았습니다.
 초고령 사회 진입을 앞두고 있는 우리나라, 고령인구 비율이 점점 더 늘어나고 있는데, 우리네 가족 및 곧 다가올 우리 미래의 돌봄 케어 서비스를 받는 의료기관인 요양병원에서 안심하고 관리받을 수 있도록 질적 서비스를 높이기 위해서는 의료기관의 등급을 평가함에 있어 환자 측도 평가에 참여할 수 있는 방안 및 욕창 등을 발생시키고 환자를 내쫓을 시 최하위 등급을 매기는 등의 요양병원이 각성할 수 있는 시급한 제도 개선이 필요하다고 봅니다!
 더불어 요양병원의 갑질과 횡포, 비리를 근절시킬 강력한 제재를 가할 수 있는 유명무실하지 않은 강력한 규제 장치를 마련하여 주시기를 간절하고도 강력하게 요구하는 바입니다!",181,/19th/www.president.go.kr/petitions/605347
605346,***** 안건비 미지급,경제민주화,2022-05-03,2022-06-02,naver - ***,청원종료,"누가  ***** 하청 *******  근로자 *** 외 약150명 언제 2021년 9월 23일~2022년 3월 17일까지 어디서 경남 ** ***** 공장에서 무엇을  멕시코로 가는 ***** 공사 왜  먹고 살기 위해서 어떻게 아침7시30부터~오후7시30, 9시30분  12시 철야  이렇게 일하고  2022년 2월분 50% 3월 분 100%  임금을 받지 못함 이 공사는 국가대 국가 공사고 *** ***** ** **** *** ***** *** 회장님도 *** **** *****  그래서 대통령님 나서야 합니다 공사 수주시부터 공기는 촉박 했음 여러번의 설게 변경으로 재작업 많았음 공기 촉박 돌간작업 설계 변경 추가작업 이 부분을 ***** ***회장은 인정을 안하고 돈도 안줍니다  모든 작업 지시는 *****에서 했음 문재인 대통령님 떠나시기 전에 백성들의 고충을 해결 해주세요 문재인 대통령님 사랑합니다",148,/19th/www.president.go.kr/petitions/605346
605345,소상공인 지원금 지급방법의 문제개선이 필요합니다,행정,2022-05-03,2022-06-02,kakao - ***,청원종료,"코로나19가 2년반이 지나가고 있는데 2020년 처음 소상공인 지원금 받은 업체는 2년반이라는 기간동안 시간이 흘렀음에도 불구하고 기록이 남아있다는 이유만으로 매출감소요건이 충족되지 않았음에도 불구하고 모조리 지급해 주었습니다. 그러나 2021년, 혹은 2022년 개업한 소상공인에게는 특정 월을 지정해 매출감소를 아주 꼼꼼히 검토하고 총매출이 100만원도 안되는 개인사업자들이 1원이라도 오르면 지원금을 지급하지 않았습니다. 
지원금을 지급하는 원칙을 지켜야 한다고 외치면서 이의신청 받아주지 않고 있습니다. 그렇다면 과거의 기록과는 별개로 모든 소상공인들에게 똑같이 그 원칙. 적용되어야 하는 것 아닌가요? 
다시 처음부터 자료수집하고 확인하고 서류넘겨야하니 귀찮고 오래걸리니까 주던사람 계속 주고 확인지급신청하는 사람들만 검사하겠다. 이 논리는 합리적이지 않습니다. 
할거면 모두 동등하게 원칙 적용하세요. 
모든 1인기업체, 소상공인 거리두기 잘 지키고 방역수칙 잘 지켜 사회에 피해주지 않으려 노력하고있는데 누군 확인절차없이 그냥 주고 누군 1원까지 파헤쳐서 안주고. 
이제 마지막 지원금 남아있는데 일좀 똑바로 해주셨으면 합니다. 
폐업했는데 사업자 폐기하지않고 몇 년동안 살려둔 사람은 확인도 안하고 그냥 지급하더군요. 그런 유령사업체가 한두군데가 아닌데 불법으로 받아도 그냥 두는 것이 그쪽이 말씀하시는 원칙입니까? 진짜 어려운사람들은 생계걱정 죽어갑니다. 
법 잘 지키고 사는 사람들이 더 억울해 지는 세상입니다. 
이러면 누가 법지킵니까? 
정부와 공무원 행정보시는 분들 제발 일을 제대로 해주세요. 
마지막으로 방역지원금받은 업체만 은행 특례대출, 물품지원 모두 해주고 아닌 업체는 방법이 전혀 없던데요.  
거꾸로 못받은 업체에게 이런 도움을 주시는게 맞는 것 같습니다.",161,/19th/www.president.go.kr/petitions/605345
605344,한국과 일본을 자유롭게 왕래할 수 있도록 해주세요.,외교/통일/국방,2022-05-03,2022-06-02,facebook - ***,청원종료,"한국과 일본을 자유롭게 왕래할 수 있도록 해주세요.
한일 간 무비자 관광 재개(관광 무사증 입국, 관광 목적 무비자 입국, 무비자 입국)
2020년 1월 8일 대한민국에서 처음으로 코로나가 발병하고 현재에 이르기까지 벌써 2년하고도 3달이 지났습니다. 이 기간에 사회적 거리두기와 같이 다양한 정책이 시행되면서 사회 간, 국가 간의 인적 교류가 어려워졌습니다. 특히, 한국과 일본은 2020년 3월 ”한일 간 무비자 관광 폐지 조치” 시행 이후, 비자 없이는 출입국조차 불가능하였습니다. 이러한 정책은 코로나19 감염병으로부터 국민의 안전을 지키기 위한 올바른 판단이며, 불가피한 선택이었다고 생각합니다. 하지만 이러한 정책 가운데 입국 제한 조치로 인하여 슬픔으로 가득한 나날을 보내고 있는 사람들이 있었습니다.
한국과 일본 사이에 존재하는 한일 이중국적자, 한일 유학생, 한일 가정, 한일 커플, 한일 기업가 등을 포함한 한일 중간자들은 한국과 일본이 서로의 나라에 대한 입국을 통제하면서 피해를 경제적, 심리적인 피해를 고스란히 받았습니다. 우리는 오늘 이러한 피해를 받은 한일 중간자들의 이야기를 하고자 합니다. 
한일 가정은 이 기간에 1년에 1, 2번 보던 가족들도 볼 수 없게 되었고 전화로 안부를 물으며 불안함과 슬픔으로 볼 수 있는 날을 기다릴 수밖에 없었습니다.
한일 유학생들은 비자 발급, 격리 등과 같은 방역 조치들로 인한 불안정한 상황 속에서 유학을 포기하거나 혹은 다시 돌아올 수 없다는 불안감에 의해 자신의 나라로 돌아가지 못했습니다.
한일 취업자들 역시 같은 상황 속에서 1년 넘게 입국하지 못하고 대기하다가 결국 취업을 포기해야만 했습니다. 한일 기업가(특히 관광업계)들은 외국인 관광객의 급감으로 생계에 큰 피해를 입었습니다.
또 기약 없이 만남을 기다리는 한일 커플, 한일 예비부부들이 있습니다.
한일 부부의 경우 배우자 비자 발급이 가능했기 때문에 왕래할 수 있었지만, 상황상 배우자 비자 발급이 불가능한 한일 커플의 경우는 무비자 관광이 가능해질 때까지 고통 받으며 무조건 기다리는 수밖에 없었습니다.
앞서 언급한 한일 중간자들의 이야기 외에 더 많은 사연이 있으리라 짐작합니다. 한일 이중국적자, 한일 가정, 한일 커플, 한일 유학생 등을 포함한 한일 중간자들을 대표해서 대한민국과 일본 정부에 강력하게 요구합니다.
2년 동안 깊어진 한일 간의 갈등을 완화하기 위해서는 서로의 나라에 대한 국민의 신뢰를 회복하고 미래세대를 위한 새로운 한일 관계 구축을 위해 대한민국과 일본 정부가 나설 때입니다.
<청원 내용>
한일 이중국적자들과 한일 중간자들(한일 가정, 유학생, 경제인 등)을 대표하여,
한국-일본 간의 무비자 입국 재개를 요구합니다. (무비자 관광 3개월 복구, 격리 해제 등)
무비자 입국 재개를 통한 한일 간의 자유로운 왕래와 교류 회복의 시기가 하루빨리 앞당겨지기를 바랍니다.
- 한일 평화를 바라는 시민단체 한일국적자들 일동 -",186,/19th/www.president.go.kr/petitions/605344
605343,요양병원에서의 발가락 괴사방치 제보,보건복지,2022-05-03,2022-06-02,kakao - ***,청원종료,"요양병원에서의 발가락 괴사방치 제보 
원주 **읍 소재의 **요양병원에 입원하신 아버지(1937년생)의 발가락 괴사를 방치한 정말 어이없는 억울한 사연을 글로 올립니다. **요양병원은 아버지의 발가락 이상징후에도 별다른 조치없이 소독이외 무단방치와 중증으로 거동이 불편한 아버지의 간병을 소홀히하여 발가락을 절단하는 큰수술로 이르게했습니다.**요양병원에서의 발가락 괴사방치로 발가락을 절단하는 수술을 하신 아버지의 보호자(딸)인 본인은 **요양병원에 적절한 사과와 치료비 등의 보상을 요구했으나 의료과실이 아니라는 이유로 이를 거절하고 있습니다. 작년(2021년) 11월에 재활병원에서 **요양병원으로 전원하셨으며 코로나팬데믹으로 면회가 원천봉쇄 차단되어 전화로만 건강상태를 확인할 수 있었습니다. 올해 1월초 정도에 아버지 안부를 물어보려 전화를 하니 그때서야 발가락에 작은상처가 생겨 소독하고 있다고 전해왔습니다. 그래도 요양병원에서 발가락 상처에 관심을 갖고 있으니 보호자 입장에서는 대수롭지않게 생각을 할수밖에 없었습니다. 그후로 여러차례 발가락 상태를 여쭤보았으나 작은상처라고만 되풀이했으며 사진으로 전송을 부탁했으나 핸드폰이 없다라는 핑계 뿐이었습니다. 작은상처라고 생각하고 요양병원에서 의료전문인이 의료적 보호를 하고 있다고 믿었습니다. 작년(2021년) 여름 낙상사고에 따른 수술후에 상태를 보는 진료가 있어서 2022년 3월3일에 **요양병원에서 퇴원을 한후에 대학병원에서 진료를 보면서 발가락상처를 처음봤으며 대학병원 교수님께서는 이상태까지 방치를 왜 했냐 하시며 발가락 절단을 해야한다고 말씀하셨습니다. **요양병원에서는 중증으로 거동이 불편한 노인(장애인)에게 의료적보호와 관심을 보여야 함에도 치료와 간병을 소홀히해서 발가락괴사로 절단하는 큰수술로 이르게 한 점은 의료법위반, 노인복지법(제39조9제3호 )위반, 장애인복지법(제2조3항)위반, 형법 제268조 업무상과실치상 죄에 해당되므로 처벌을 받아야 마땅하다고 생각합니다....!
끝까지 읽어주셔서 감사드립니다.^
 [본 게시물의 일부 내용이 국민 청원 요건에 위배되어 관리자에 의해 수정되었습니다]",152,/19th/www.president.go.kr/petitions/605343
605342,퇴임을 일주일 앞둔 문 대통령은 속칭 검수완박 관련법 공포 여부를 후임 대통령에게 미루거나 결자해지 차원에서 법률안거부권을 행사해야 합니다,정치개혁,2022-05-02,2022-06-01,naver - ***,청원종료,"문재인 대통령의 임기가 이제 약 일주일 남았습니다.
그런데, 속칭 검수완박법이라고 하는 검찰청법과 형사소송법 개정안이 국회를 통과하거나 곧 통과될 예정입니다.
10여년 이상 논의어 왔던  검경수사권 조정안이 시행된지 1년, 현행 제도가 정착되는 데에도 좀더 시간이 필요하고, 여전히 개선할 점이 많이 있는데도 불구하고, 급작스럽게 정권교체를 앞두고 더불어민주당이 추진하는 검수완박법이 과연 피해자의 억울함을 제대로 해결하고, 사회의 거악을 척결하는데 도움이 될지 의문입니다.
형사사법체계를 근본적으로 변화시키는 검수완박법은 차분하고 논의하여 전문가의 중지를 모아 신중하게 결정할 사안입니다.
국민들간에도 갑론을박이 있고, 문 대통령 임기가 끝나고 새로운 대통령이 들어서는 상황에서 전후 정권간에도 검수완박법에 대한 입장에 큰 차이가 있고, 국회에서도 여야가 치열하게 대립하는 상황에서 문 대통령이 속칭 검수완박법을 마지막 국무회의에서 통과시키는 것은 매우 바람직하지 않습니다.
법이 정한 15일간의 검토 기간을 충분히 거친 후 법률안 거부 여부를 결정할 필요성이 있고, 달리 말하면 곧 새로운 대통령이 취임하므로 이에 대한 결정을 윤 당선인에게 넘겨주는 것이 합리적입니다.
그리고, 문 대통령이 유종지미를 거두고 윤 당선자가 법률안거부권을 행사하는 정치적 부담, 그로 인해 국회에서 해당 법률안 재의결 과정에서 예상되는 갈등 등이 발생하지 않도록 미연에 방지하려면 결자해지 차원에서 문 대통령이 속칭 검수완박법에 대해 법률안거부권을 행사하시는 것이 필요합니다.
과거 노무현 전 대통령이 지지세력의 비판에도 불구하고 이라크 파병안을 승인하고, WTO 가입을 결단한 용기를 문 대통령이 마지막에라도 따라 배우기를 바랍니다.","2,429",/19th/www.president.go.kr/petitions/605342
605341,제발 저희집을 돌려주세요,행정,2022-05-02,2022-06-01,kakao - ***,청원종료,"안녕하세요
저의 억울함을 법적으로 해결 할 수 있는 방법이 있을까요?
홀로서기를 시작한 싱글맘입니다
이혼의 아픔을 이겨 내 보고자 고향으로 내려가기로 마음먹고 고향에서 새로운 삶을 시작하려고 충주에 공인중개사를 통해 집을 얻었습니다. 3월중순쯤 집을 구하려 이곳저곳 알아보다가 마침 제가 찾던 가격대의 집을 찾았고 4월달 언제든 비워줄수 있으시다고 하셔서 제마음에 쏙들었습니다. 그래서 계약하기로 했습니다.이혼의 아픔으로 공황장애를 격고있는 현 상황에서 이집에서 저희아이와 행복하게 살것을 생각하니 공황장애도  이겨낼 수 있을듯 기뻤습니다. 그런데...
충주 내에 있는 아파트를 구하게 되었는데 3/31계약 당시만해도 등기상에 아무문제가 없어서 계약금 5천만원을 지불하였고 4/15일에 잔금을 치루기로 약속을 했습니다. 그런데 4/6일로 앞당겨 달라고 하여 저희도 좀 더 일찍 들어가는게 좋다싶어서 4/6일로 잔금치루기로 했습니다. 4/6일 당일에 매도인 과 법무사  그리고 공인중개사를 통하여 부동산에서 오전 10시반에 만나서 등기에 이상없음을 확인하고 잔금 4억6천만원을 치뤘습니다. 계약금 포함 총  510,000,000원을 매도인에게 입금되었습니다. 전입신고도 하고 신협에서 대출을 70%(350,000,000원)를 받았던지라 신협에서 요구하는 서류로 전입세대 열람 확인서도 제출하였고 저의 위자료로 받은 돈 전액 160,000,000원이 다 들어갔습니다. 그리고  드디어 우리만의 집을 얻어서 행복해 하고 있었는데 그행복은 잠시...4/8공인중개사를 통해 황당한 소식을 전해들었습니다. 등기권리증나오는 날이였는지 등기를 보니 파주세무서 조사과에서 저희집을 압류를 했더라고요. 사방팔방 알아보니 매도인의 명의였을때 전자로 압류가 들어갔다고 했습니다. 전 오전에 전입신고부터 모든 서류를 제출하고 잔금도 치뤘는데 저희가 등기접수한 시간보다 5분일찍 세무서에서 압류를 걸었더라구요. 그런데 4/8~현재까지  매도인의 국세완납증명서를 받아보니 체납이 없고 깨끗 하더라고요. 그런데 어떻게 압류를 걸수 있는걸까요? 모든 사람들은 서류를 보고 계약하는데 서류상 아무 이상없는 사람에게 제가 뭘 놓쳐서 이런 억울함을 당해야 하나요?
이상황이 믿기질 않습니다. 분명 제가할건 다했고
새로운 삶을 시작하려하는 싱글맘인 저에겐 하늘이 무너지는 심정입니다. 딸아이는 고작 9살밖에 안됐는데 어디에 하소연도 못 하고 길바닥에 나앉게 생겼습니다. 위자료로 집하나 얻었는데 우리의 삶은 살얼음판에 서있는 느낌입니다. 저희에게 삶의 터전인 저희집을 돌려주세요. 하루에도 몇십번씩 공황이 찾아와 아이 케어도 힘들정도로 정신적 고통이 너무 심합니다. 우리아이는 내연녀에게 뺏긴 남편도 모자라 하나뿐인 이집마저도 빼앗길 상황에 놓여졌습니다. 아이와저에게 희망을 가질 방법이 있을까요? 저희집을 다시 찾을 수 있는 방법이 있길 간절히 바라봅니다. 제발 도와주세요",698,/19th/www.president.go.kr/petitions/605341
605340,내 아들 좀 살려주세요.,기타,2022-05-02,2022-06-01,naver - ***,청원종료,"제 아들은 초등학교 4학년 때부터 축구를 했습니다.
많이 떨어져 지네 항상 미안했고, 애 듯했습니다.
제 아들이 2022년 4월 27일 새벽 2시 축구부 숙소 4층에서 떨어져 자살을 했습니다.
그날 밤 10시 아빠에게 운동화 사달라는 카톡이 마지막 인사였습니다.
정말 해맑고 멋진 아들이었습니다.
김포 **** 축구부였습니다.
도저히 손이 떨리고 잠을 잘 수 없고, 용서가 되지 않습니다.
경찰관의 정황상 자살이라는 이야기는 이해할 수 없는, 상상할 수도 없는 이야기였습니다.
너무도 착했고, 정말 해맑고 멋진 아들이었습니다.
며칠 만에 아들의 카카오 계정을 열어보고 밤새 너무 무섭고, 화가 나고, 미안하고 한없이 눈물을 흘렸습니다. 손이 떨리고 맨정신으로 잠을 잘 수 없었습니다.
중학교 팀은 정말 좋은 분위기였고, 감독님, 코치님들 정말 진심으로 아이들을 보살피고 잘 안아주고 가르쳤습니다.
그런데 몇몇 친구들이 모욕과 상처, 수치심은 정말 힘들었나 봅니다. 
하지만 한 번도 엄마 아빠에게 말하지 않고 꾹 참고 축구만 했나 봅니다.
고등학교 팀도 정말 분위기 좋고 착하신 감독님, 형 같은 트레이너 선생님..
하지만 코치들의 폭언과, 편애와 협박성 말들,,
몇몇 친구들의 목욕과 수치심, 괴롭힘은 4개월 간 지속되었나 봅니다.
분명한 건 그들은 오랜 기간 간접살인을 한 겁니다.
아들은 저에게 몇 년간 단 한 번도 정신적으로 힘들다는 이야기하지 않았습니다. 
정말 축구하는 게 너무 좋다고만 했습니다.
하지만 유서에는 단 한 번도 웃는 게 진심인 적이 없었다고 합니다. 
1시간 동안 써 내려간 글을 보고 한없이 울었습니다. 
미안하고 괴롭고 아들이 죽어서도 저주한다는 그놈들을 보면 죽이고 싶었습니다.
우리 아들이 이 사람들에게 뭘 잘못했을까요?
""*** *** ** * *** *** *** *** *** *** ***"" 이들은 내가 죽어도 저주할 거고..
이걸 보고 저는 숨을 쉴 수 없었습니다.
정말 미치겠습니다.
제가 해줄 수 있는 게 같이 따라가야만 하나?
그들에게 복수를 해줘야 하나?
이런 학생들은 진학도 못해야 합니다. 절대 받아줘도 안됩니다.
이런 코치들은 더 이상 아이들을 가르쳐서는 안됩니다. 
이런 학생이 커서 코치가 되고.. 
이런 사람들에 의해 우리 아들 같은 피해자가 다시 나올까 봐 무섭습니다.
그들은 자신들이 무슨 짖을 하고 있고 누군가에게 간접살인을 저지른다는 걸 모릅니다.
왜냐면 직접 칼로 찌르거나 직접 옥상에서 밀치지 않았기 때문입니다.
지금도 어떤 착한 아이들은 죽음에 대한 생각을 하고 있을 겁니다.
이 글을 보고 있는 운동부 부모님들 여러분의 팀....
지도자, 동료 친구들은 정말 괜찮은지 수 천 번 물어보세요.. 
꼭 많은 이야기를 하세요.. 저는 항상 많이 물어봤는데.. 
참지 말고 꼭 이야기하라고 했는데 설마 했는데.. 여러분의 아이를 지켜내세요.
우리 아들이 살아 있다면 모든 걸 용서할 수 있는데..
우리 아들은 죽었습니다. 
그런데 그들은 곧 잊고 자신들이 꿈꾸는 좋은 축구선수가 되기 위해 열심히 하겠죠!
저는 맹세했습니다. 
절 때 용서하지 않겠다고 제가 할 수 있는 모든 걸 걸고 제가 죽을 때 까지 
저는 그들이 성공하는 걸 보고 싶지 않습니다.
그들이 다른 제2의 우리 아들들을 만들기를 원하지 않습니다.
이제 저희 가족은 어떻게 해야 하나요..
정말 숨을 쉴 수 없어 미치겠습니다.
 [본 게시물의 일부 내용이 국민 청원 요건에 위배되어 관리자에 의해 수정되었습니다]","28,554",/19th/www.president.go.kr/petitions/605340
605339,육군 조기전역 폐지!!,외교/통일/국방,2022-05-02,2022-06-01,naver - ***,청원종료,"저희 아들이 강원도 양구에서 군 복무 중입니다.
4/28일 주로 조기전역이 없어졌다고 부대서 공지가 되었다고 하는데.. 코로나 시국에 조기전역 제도가 생겼다고 하는데.. 코로나때문에 휴가, 외박, 외출이 자유롭지 못해서  군에서 갑갑하고 힘들어도 조기전역할수 있다는 기대감으로 지내 왔는데 갑자가 없어진다고 하니 아이들이 실망감이 큽니다.
아아들이 군생활 하면서 휴가 하루 받아 모으기 위해 얼마나 열심히 생활하는지 아십니까? 모아 모아서 조기전역 하겠다고 아등 바등…
부대에서는 남은 휴가를 소진하기 위해 휴가를 나가라고 하지만 집이 먼 친구들은 휴가 가고 복귀 하는 것도 쉽지 않고 또 원하지 않아도 일수를 소진하기 위해 억지로 나가야 하고.. 이게 말이 됩니까!!!
올해 말까지라고 조기전역 제도를 유지 해야 된다고 생각합니다. 아이들이 하루빨리 학교로 복학 할수 있도록 도와주셔야 한다고 생각합니다.
조기전역 제도 .. 다시 한번 제고 부탁드립니다","1,587",/19th/www.president.go.kr/petitions/605339
605338,항생제 다량투여와 CRE 감염요양병원을 처벌해 주세요.,보건복지,2022-05-02,2022-06-01,naver - ***,청원종료,"저희 어머니 ***씨는 치매 환자로서 수유리 소재 *** ** 요양원 입원 중에 코로나에 감염이 되었습니다. 그래서 코로나 전담 병원인 **동 소재로 ** ** 요양병원(서울 *** *** **)으로 이송이 되었습니다. 그 병원에 18일 계시면서 CRE감염이 되었습니다. 그런데 문제는 위에 언급한 전담 병원과 요양원에서 서로 자기 병원에서 CRE감염이 안되었다고 서로에게 미루고 있습니다. 그리고 ** 요양병원측은 어머니가 항생제 사용때문에 감염된 것이라고 말하자, 보호자인 제가 왜 그렇게 항생제를 많이 투여했냐고 질의하자 수유리 소재 요양원에서 감염되어 왔다고 바꾸어 말합니다. 그런데 정작 수유리 요양원에서는 항생제를 투여한 적이 없고, 어머니가 CRE에 감염된 적이 없다는 문서를 받았습니다. 
그러나 정작 ** ** 요양병원은 자신의 병원에서 CRE에 감염된 적이 없다는 문서를 요구하자 못해 주겠다고 말하면서 너희 맘대로 해보라고 비웃음을 던집니다. 
그리고 ** ** 요양병원 측은 항생제를 사용했으면 무슨 이유로 환자에게 투여했는지 설명이 없습니다. 그런데 과연 항생제 때문에 CRE에 감염되었을까요?  
질병 관리청은 CRE(카바페넴내성장내세균속균종) 감염 경로를 다음과 같이 설명하고 있습니다. 1)****************************************** ********
“일반적으로 CRE에 감염된 환자 또는 병원체 보유자와의 접촉(특히 상처나 대변)을 통해 사람간 전파가 이루어집니다. 예를 들면 인공 호흡기, 중심정맥관, 도뇨관과 같은 의료장치 사용 또는 부상이나 수술로 인해 CRE균이 몸 안으로 들어갈 때 감염될 수 있습니다.”
심지어 ** ** 요양병원 측에서는 너무 당당하게 자기들은 잘못이 없다고 말하는 모습에 보호자인 저는 너무 속상해서 눈물이 납니다. 의사란 인술을 펴는 사람이고 사람의 생명을 다루는 사람인데, 지금 어머니는 CRE 감염되어 생명이 위독한 상황인데도 한마디 유감 표명도 하지 않는 것이 과연 인술을 펴는 의사하고 할 수 있을까요? 아무리 병원이 상업화 되어가는 세상이라고 하지만 고통속에서 괴로워하고, 죽음 직전에 있는 환자나 보호자에게 병의 원인에 대한 상황 설명이나 한마디도 환자에 대한 걱정도 없이, 너무 고압적인 태도에 보호자의 마음은 너무 씁쓸합니다. 어머니가 엠브런스를 타고 CRE 전담 병원에서 하차하고 들것에 누워서 너무 고통스러워하는 모습이 잊어지지 않습니다.
병원 측에 요구합니다. 항생제 과다 투여에 대한 처방전과 의사 소견소를 요구합니다. 큰 병원을 상대로 더 이상 어머니의 병의 감염 원인과 아무도 도의적인 유감 표면도 없기에 답답한 마음을 가지고 국민 청원서를 제출하오니, 국가 기관에 관리 감독이 필요한 보건 행정에 다시는 이런 억울한 일이 재발되지 않도록 조사해 주시기를 간절히 간청합니다. 
2022년 4월 30일 간청인 ***
 [본 게시물의 일부 내용이 국민 청원 요건에 위배되어 관리자에 의해 수정되었습니다]",263,/19th/www.president.go.kr/petitions/605338
605337,"신호위반, 전방주시 태만, 운전석 동승, 운전미숙으로 죽은 제 친구를 위해 가해자를 엄격히 처벌 할 수 있도록 도와주세요.",교통/건축/국토,2022-05-02,2022-06-01,naver - ***,청원종료,"지난 2022년 4월 27일 오후 11시 30분경에 제 친구가 아르바이트를 마치고 집으로 돌아오는 길 횡단보도에서 교통사고를 당했습니다. 그리고 끝내 제 친구는 집으로 돌아올 수 없었습니다. 
제 친구의 나이는 겨우 만20세였습니다.
가해 운전자는 전조등을 키지 않은 상태로 운전석에 아이와 동승을 한 채 신호 위반과 전방 주시 태만으로 인해 뒤늦게 전방에 무언가 있다고 생각하여 그제서야 전조등을 키고 사람임을 인지한 뒤 운전 미숙으로 인해 엑셀을 먼저 밟고 다시 브레이크를 밟았을 땐 이미 늦은 상황이었습니다. 제 친구는 스타렉스에 치여서 40~50m 날아간 후에
바로 그 자리에서 즉사하였습니다.
신호위반이나 전조등을 키지 않은 잘못은 처벌이 되겠지만
운전 미숙이나 운전자석 동승에 대한 처벌이 제대로 이루어지지 않을까 봐 관련 법 조항을 찾아봤지만 운전 미숙 관련된 도로교통법은 단 한 줄도 찾아볼 수 없었고 관련된 뉴스와 사례들을 찾아보면 운전 미숙에 대한 처벌이 이루어지는 경우를 찾아보기 어려웠습니다. 또한 운전자석 동승은 하면 안된다고만 써있을 뿐더러 어떠한 처벌이 내려진다는 정확한 내용이 명시 되어 있지 않았습니다.
도로교통법 제 39조
5) 모든 차의 운전자는 영유아나 동물을 안고 운전장치를 조작하거나 운전석 주위에 물건을 싣는 등 안전에 지장을 줄 우려가 있는 상태로 운전하여서는 아니된다. <개정 2014.12.30>
아직 경찰 조사가 완료되거나 처벌이 정해진 시점은 아니지만, 청원폐지와 관련 법이 부족한 점들을 우려하여 이른 감이 있지만 이렇게 청원을 하게 되었습니다.
안타깝게 죽은 제 친구와 앞으로 일어날 수 있는 사고들의 예방을 위해 운전 미숙, 운전자석 동승에 대한 더 정확한 법들이 개정되어 확실한 처벌을 받을 수 있게 국민 여러분께서 조금씩만 시간을 내어 이 청원이 이루어질 수 있도록 도와주세요.",413,/19th/www.president.go.kr/petitions/605337
605336,임금체불에 관한 노동법 개정을 강력히 청원합니다.,일자리,2022-05-02,2022-06-01,kakao - ***,청원종료,"안녕하세요. 
정부의 근로자 보호 및 임금체불 사업주에 대한 강력한 처벌 강화를 요청드립니다.
2020년 말 기준 임금체불된 근로자 수는 약 29만 명 이상이며, 체불액은 1조 5,830억 원에 달합니다.
그 전의 3개 년에서는 32~35만 명, 체불액 1조 3천~1조 7천억 원으로 고용노동부 자료에 집계되어 있습니다.
임금체불을 경험해보신 분들은 아시겠지만, 사업주들은 무책임함으로 피하고 지급기일을 말도 없이 어기는 등 퇴사자에 대한 일말의 미안함이나 책임감, 해결 방안에 대한 계획을 가지고 있지 않습니다.
노동청에 신고를 해도 대부분은 사업주와 근로자 당사자 간에 알아서 잘 해결하라는 식의 스탠스를 보이며
법적으로 사업주에게 지급에 대한 책임을 강제시 하지 않고 있는것이 현실입니다.
저는 현재 마지막 근로한 달의 급여와 퇴직금은 물론이고 연말정산까지 단 한 푼도 지급받지 못했습니다.
다하면 거의 2천만 원 가까이 됩니다.
'곧 준다. 최대한 노력하고 있다. 조금만 좀 기다려라.' 등으로 계속 지급을 미루고 있으며
그럼에도 불구하고 현재 재직중인 직원들 일부에게는 급여가 지급되고 거래처에도 거래금을 지출하고 있음을 확인했습니다. 즉, 돈이 없어서 못주는게 아니라 퇴사했으니 우선순위에서 미뤄두는 것입니다.
열심히 일하고 이후의 삶을 살아나가야 하는 근로자들이 도대체 무슨 죄가 있어서 당장의 생활비가 없음을 걱정하고
분명히 받았어야 할 내 소득을 지급 받지 못해 불안함과 고통 속에서 지내야 하는지, 왜 나라는 이러한 근로자들을 적극적으로 보호해주지 못하는 것인지 너무 화가 납니다.
안하무인 사업주들은 노동부에 임금체불을 신고당해도 처벌받지 않으니 무서울 것이 없습니다.
'신고 하려면 해라.'하며 지급 능력이 됨에도 불구하고 신고했으니 일부러 지급일을 더 미루는 일이 다반사입니다.
또한 연말정산 환급금 미지급에 대한 건의도 드립니다.
제가 찾아본 결과, 사업주가 연말정산 환급금을 미지급해도 마땅한 근로자 구제 방법이 없습니다. 민사소송을 진행할 수는 있지만 대부분 금액이 크지 않아 현실적이지 않다고 합니다.
세무당국과 노동당국은 서로 책임을 전가하고만 있습니다.
국세청 관계자는 '연말정산 환급금은 기업과 근로자 간의 문제로 체당금 제도를 활용하라'고 하며 
근로복지공단 관계자는 '연말정산 환급금은 세금이므로 체당금 제도 적용 대상이 아니다'라는게 현실입니다.
현재 운영중인 '간이대지급금'도 급여 700만 원, 퇴직금 700만 원 까지 제한되어 있어 많은 근로자들이 100% 보호 받지 못하고 있습니다. 
따라서, 사업주에게는 임금체불로 인한 회사 운영상의 제재 등의 강력한 처벌로 책임감과 경각심을 가지게 해주시고,
정부는 근로자들이 피땀 흘려 일한 소중한 소득을 전액 보호해줄 수 있도록 강력한 노동법 개정을 요청 드리는 바입니다.
많은 근로자분들께서 공감하실거라 생각하며 더 나은 대한민국, 일하기 좋은 나라가 되길 바랍니다.
긴 글 읽어주신 분들께 감사 인사 드립니다.",200,/19th/www.president.go.kr/petitions/605336
605335,군인재해보상법 소멸 시효!! 너무 억울합니다.,외교/통일/국방,2022-05-02,2022-06-01,naver - ***,청원종료,"안녕하세요. 
너무 억울하여 도움을 받고 싶어 글을 쓰게 되었습니다.
저는 03년 10월에 육군 부사관으로 임관하여 06년 11월 불의의 사고로 장애를 입고 07년 6월에 전역한 예비역 중사입니다.
대한민국 신체 건강한 남자 누구라면 한번은 가야하는 군대. 저는 직업 군인으로 가기로 맘먹고 민간 지원하게 되었습니다.
그런데 그곳에서 한순간 사고로 젊은 나이에 장애를 입고 의병 전역을 하게 되었습니다.
사고는 강원도 ** GOP에서 군
생활을 하던 중 2006년 11월. 철책을 비추는 경계등이 정전되어 상급부대 명령으로 대대장님 입회 하에 복구작업 중 고압전기에 감전되어 약 6개월의 치료를 받다 괴사가 진행되어 양팔을 절단하고 2007년 6월 30일 부로 전역하게 되었습니다. 
최초 사고 발생시 악천후로 인해 헬기가 뜰 수 없어 군엠블을 타고 전방길을 내려와 속초와 강릉국군병원에 들렀지만 군병원에서 치료가 불가하다고 민간병원에서 치료를 받으라고 하여 군엠블을 타고 영등포에 있는 민간병원까지 와 6개월동안 수술 및 치료 후 군병원으로 복귀하라고 하여 전역 전 강릉국군병원에 2~3일 입원 후 귀휴하였다 약 1주일 후 우편으로 전역증을 전달 받으며 의병전역하였습니다.
이번에 제가 이렇게 글을 쓰게 된 이유는 제가 세계상이군경체육대회에 참가하며 선배님들로 부터 간부들은 상이를 입고 전역할 경우 군인재해보상법을 통해 상이연금을 받을 수 있다는 이야기를 듣고 알아보던 중 국방부 담당부서에서 소멸 시효가 지나 해당사항이 없다란 이야기를 들었습니다.
군병원에서 본인들이 치료 불가라 민간병원에서 진료를 받으라고 하여 당연히 병원비 걱정 하지않고 있었는데 갑작스럽게 간부는 민간 병원 진료비가 지원 되지않는다고 하여 절단하지않고 치료를 받을 수도 있었지만 하루 약 200만원이라는 고액의 병원비가 걱정되어 치료도 포기하고 괴사되는 팔을 하루 하루 지켜봐야 했으며 약 3천만원이 넘는 병원비를 부모님께서 부랴부랴 마련하셔서 병원에서 퇴원하고
국가유공자가 되는 과정 또한 지휘관들의 진급 관련으로 공무 중 사고가 아닌 개인 사고로 처리하려다 방송사에 제보하고 나니 국방부에서 병원으로 찾아와 방송을 무마시키고 제대로된 처리를 해주겠다고 약속하여 방송 또한 철회하였습니다.
그런데 군인 상이연금이란 제도가 있음에도 사고 당시나 병원 치료를 받는 6개월의 기간, 그리고 군병원에 있던 기간과 전역증을 우편물로 받을 당시뿐아니라 소멸 시효 기간인 5년 동안 군 관련 그 누구도 어떠한 안내나 고지도 해주지않았고 군인연금 관련 연락도 받지 못하였는데 이제 와 신청하려고 하니 소멸 시효가 끝나서 안된다고 하니 너무 화가나고 억울합니다.
국방부 상이연금 관련 담당자는 저에게 전역 당시 상이연금 신청 대상자는 맞았다.  그런데 고지 받지 못하였다는 말는 저의 일방적인 주장이라 도움을 줄 수 없다고 하더군요.
그러면서 제게 누가 알려주지 않았어도 상이를 입고 전역한 시점부터 상이연금 신청 시효가 시작되기때문에 어쩔 수 없다고 하며 대법원 판례까지 이야기 해주었습니다.
군에서 공무 중 다친 것이 분명한데 제가 범죄를 저지는 것도 아니고 소멸 시효가 있다는 것이 이해가 가지않으며 전역 당시 고지를 해주었다면 어느 누가 연금을 신청 안했겠습니까?
제 20대 젊음을 바쳐가며 나라를 위해 일했는데...뭔가 제 군생활이 사고 당시 군에서 대응하였던 상황과 같이 부정당하는 기분입니다
대한민국이란 나라가 국가유공자에 대한 예우를 백날 천날 말하면서 이렇게 있는 제도 조차 고지를 안하면서 무슨 국가유공자에 대한 예우를 찾고 국가유공자로서 자부심을 느낄 수 있겠습니까?
그냥 무지한 제 잘 못을 인정해야 하는 걸까요?
전역 당시 소속 부대(국군강릉병원) 에 군인재해보상법 관련 담당자에게 상기 법 내용과 신청방법을 알아보려 전화하니 담당자도 몰라 알아보고 연락주겠다는 이 상황을 어찌 이해해야 할까요?
누구는 방송을 통해 영웅이되고 누구는 알지 못해 병원비를 사비로 처리하고 있는 이 상황과 관련 법이 있음에도 누구하나 알려주지않고 있다가 신청하려하니 소멸 시효가 끝났다고 신청해도 불승인 처리가 될거라고 하니 억울하지 않겠습니까?
분명 저와 같은 경우가 많을 거라 생각됩니다. 이런 경우 구제받을 수 있는 방법이나 도움주실 곳이 없을까요? 
소송이나 방송을 통해 이슈가 되어야 방법을 찾을 수 있는 걸까요?
너무 답답하고 화가 납니다.
차라리 계속 몰랐다면 좋았을 것을 알고 나니 꼭!! 방법을 찾고 싶습니다. 
분명 지금 이순간에도 나라에서 일하다 다쳐 저와 같은 길을 걷게 될 젊은 친구들과 아직도 이런 제도가 있는지도 모르실 선배 국가유공자님들께서 제대로 된 보상과 예우를 받을 수 있도록 도와주시면 감사하겠습니다. 
이 글로 인해 불이익을 당할 수도 있을 거라 생각합니다. 제가 경험한 군은 그러고도 남을 것을 알기에... 그러나 너무 억울하고 분해 그냥 참고 넘길 수 없어 감내하고 올립니다.
 [본 게시물의 일부 내용이 국민 청원 요건에 위배되어 관리자에 의해 수정되었습니다]",297,/19th/www.president.go.kr/petitions/605335
605334,조국전법무부장관 아내 정경심전교수 사면 반대 합니다,정치개혁,2022-05-02,2022-06-01,twitter - ***,청원종료,"현재 문재인 대통령께서 석가탄신일(5월8일에 논의되고 있는 정경심전교수 사면에 대해서 강력하게 반대합니다.
정경심씨는 딸 **씨의 자녀 입시 비리와 
정경심씨 개인사건인 사모펀드 비리.증거조작혐의로 4년형 선고 받고 구치소에서 수감중 입니다
정경심씨 수감되고 몇년 지나지 않아 또 사면되는 이런 반복되는 악순환의 고리를 끊기 위해서는 자녀입시비리와 정치부패범죄에 관해서 관용없는 처벌이 집행되어야 합니다. 대통령 특별  사면을 해서는 안됩니다.
정경심전교수는  2019년 9월 경 한창 검찰 수사가 진행 중이던 때에 흑석동 소재 서울대 동창이 운영한다는 모 정형외과에 느닷없이 입원한 후 뇌출혈 혹은 뇌종양 관련 진단서를 제출했다고 언론 플레이를 한 적이 있다. 그러나 정작 검찰에 제출한 소견서에는 진단 의사가 누구인지도 가려져 있었고, 정형외과 전문의가 뇌 종양을 진단하는 경우는 상식적으로도 말이 되지 않는 것이다. 
** **** *** *** ** ***** *** ***** ***
​
정경심은 2019년 10월에 구속수감된 이후 1심 계속 중 보석으로 풀려났다가, 1심에서 징역 4년의 실형을 선고 받고 다시 재수감됐고, 그 이후 여러 차례 보석을 신청했으나 모두 기각된 사실이 있다.
​
이는 정경심의 건강은 수감생활을 견디는데 별다른 어려움이 없고 건강하다는 의미다. 그런데 정치인도 아니고 아직 형기도 한참 남은 사람을 사면해주려면 명분이 필요한데, 정경심은 이러한 명분을 얻기위해서 입니다 그래서 
정경심은 교수로써 딸입시비리와 문서고의 위조.증거조작으로  국민을 기만 하였습니다
문재인 대통령은 임기 끝으로 사면시키려고 하는데 국민들이 가만히 있을까요?
정경심 전교수 석가탄신일로 사면을 금지합니다 죄를 지였으면 4년 채우고 출소해 주시기 바랍니다
 [본 게시물의 일부 내용이 국민 청원 요건에 위배되어 관리자에 의해 수정되었습니다]","4,739",/19th/www.president.go.kr/petitions/605334
605333,어린이집왕국의 원장  이대로 가만 두시겠습니까?,보건복지,2022-05-02,2022-06-01,kakao - ***,청원종료,"안녕하세요 저는 보육교사를 꿈꾸며 학점 운영제로 보육교사를 준비 하고 있는 사람입니다.  보육 실습을 포함 하여 총 17과목 또는 그 이상을 수업을 이수 하게 되어있지만 그 중 가장 큰 비중을 차지하고 있는것은  보육실습 입니다.  그만큼 보육교사로 자질과 능력을 확인 할수 있는 가장 중요한 부분 이기도 하지요. 
하지만 보육실습을 하려고 하면 1차적으로 실습할 어린이집을 알아봐야 하고 들어가서도 보육 일지며 보조활동등  보육실습조건으로 무보수 또는 실습비를 원장이 요구 한대로 내고 시작 하게 되어 있지요. 
하지만 실습에서 배우는 보육자의 역할보다 보조나 청소등으로 제 역할을 잃고 진행 한다는것이 현실입니다. 
그러면서 보육일지나 기타 서류등 글짓기 처럼 지어서 실습동안 하지 않았던 활동등을 만들어 작성해야 했습니다. 
여기까지 배움이다 생각하고 받아들이고 실습에 매진 했습니다. 하지만 돌아온 현실은 내가 열심히 해도  최종 원장비유를 맞추지 않으면 실습생 점수로 협박하고 갑질 하는 원장때문 보육실습 과목도 패스하기 어렵다는 겁니다.
이번에 제가 격은 경우도 그러합니다. 요즘은 코로나등으로 격리에 들어갈 경우를 대비해 실습6주를 진행 하지 못하면 보육 진흥원에서 인정하는 과제등으로 2주는 간접으로 4주는 직접 실습으로 진행할수가 있습니다.  이 또한 원장님이 허락한다는 서류가 필요하구요.  코로나로 인해 4주간의 실습을 진행하였고 실습 마지막까지 열심히 작성한 서류들을 모아 원장님의 직인과 서명들을 받아서 마무리 지으려 했지만 원장님은   간접2주로 돌리는걸 허락했음에도  남은 2주 실습을 현장에서 더 하고 가라 하셔서 그 문제로 제가 학사일정도 끝났고 봉사해도 1주일만 더 하겠다 하니 평가표에 최하점을 주고 실습확인서 서류는 제대로 떼주지 않아   보육실습 패스에 어려움이 생긴 상황입니다. 하지만 이부분은 원장이 그렇게 나오더라도 어디에서도 해결해 주지 못한다고 하더군요. 결국 저는 실습과목,  실습비 대로 날리고  실습 하는 동안의 하루 8시간  20일의 보육실습은  패스 하지 못하고 노동착취를 당헀습니다.  이 억울함은 어디에 하소연 해야 할까요?   보육 실습생을 두고도  갑질하는 원장을 고소 하고싶은데  죄명은 무엇이 되야 할까요?    원장들의 갑질  언제쯤 개선될까요?   제발 도와주세요.  원장으로 인해 더 이상 선생님들  실습생들이 힘들지  않게 어린이집 시스템좀 개선 해 주십시오!!  원장 평가도 하게 해주시고 육아 종합 포털 사이트 같은 곳도  원에 후기등을 쓸수 있게 개선해주십시오!!  보육실습도 무보수가 아닌 타당하게 노동의 가치를 인정해 주십시오.!!  날이 갈수록 자질 없는 원장, 돈 밝히는 원장,  어린이집 왕국!!  원장!!   점수제로 아웃되게 해주십시오!!    교사가 행복해야 그 행복이 우리 아이들한테 가지 않겠습니까?   제발 도와주세요!!",195,/19th/www.president.go.kr/petitions/605333
605332,"서울대공원의 침팬지 관순이, 광복이 반출 관련 [미필적 고의에 의한 학대 및 실질적 유기] 행태를 고발합니다.",반려동물,2022-05-02,2022-06-01,naver - ***,청원종료,"서울대공원에서 사육공간 부족을 이유로, 그들 표현에 따르면 '비순혈개체'인 침팬지 광복이,관순이를 인도네시아 따만사파리로 반출한다고 합니다.
인도네시아의 '따만 사파리'는 동물에게 약물투여를 남용하고 도구를 이용하여 학대를 하는 등 비윤리적 운영방식으로 몇차례 논란이 있었던 곳입니다.
이런 비윤리적인 동물원으로 보내지면 안됩니다.
우리에겐 동물을 보호해주어야 할 책무가 있습니다.
그렇기에 동물보호법이 있는 것이고요. 
동물의 권리에 관한 문제는 날이 갈수록 더욱 부각되고 있고, 그 의식도 높아지고 있습니다.
동물을 좁은 공간에 가둬놓고 전시를 해서 돈을 버는, 심지어 세금으로 운영되는 서울대공원은 더욱 그 책무를 강하게 인식하고 있어야하고, 더 큰 경각심을 가지고 동물관리를 하여야만 합니다.
그런데 사육공간이 부족하니, 학대논란이 있었던 사파리로 보내버리겠다고 합니다. 이 사파리는 동물쇼를 운영하고 있는 것 만으로도 이미 수준이하의 사파리입니다.
절대 따만사파리로 보내면 안됩니다. 어떻게 관리되고 사육될지 너무나도 뻔합니다. 
그리고 침팬지는 영장류입니다. 인간과 DNA 98%가 일치합니다. 그냥 말 못하는 동물이 아닙니다.
다 자란 개체는 환경변화에 무척 큰 스트레스를 받습니다.
그렇기때문에 동물을 새로운 환경에 보낼때는, 분명히 더 나은 환경이어야만 합니다.
동물을 위해 내리는 결정은, 분명 그들에게 더 좋은 결과를 낳는 것이어야만 합니다.
특히나 침팬지 관순이는 아주 어릴때 TV프로그램 동물농장에도 출연하였는데요.
어린시절 부모품에서 길러지고 침팬지 무리 속에서 사회화 교육을 받았어야 함에도 불구하고, 관순이는 태어났을때부터 철저히 사육사 손에서 길러진 아이입니다.
다시 침팬지 무리에 돌아갈 수도,
성체가 된 지금은 아기시절처럼 사육사 품에 안겨있을 수도 없습니다. 
침팬지 무리와도 사람 무리와도 섞일 수 없는 철저히 혼자인 쓸쓸하고 안타까운 존재입니다.
10여년간 홀로 지내던 관순이가, 갑자기 다른 환경으로 그것도 학대논란이 여러차례 있었던 다른 동물원으로 보내진다니요?
***이건 동물 학대이자 유기입니다.***
서울대공원은 동물의 더 나은 삶을 위한 결정만을 내려야 하고, 그 결정은 우리 모두가 용인할 수 있는 것이여야만 합니다.
광복이 관순이 소식을 들은 사람들 모두가 분개하고 있습니다. 모두가 서울대공원의 결정은 두 침팬지를 위한 일이 아님을 알고 있습니다.
***즉시 따만사파리와의 계약을 파기하고, 현재 진행중인 두 침팬지의 반출문제를 전면 무효화시켜야 합니다. 백지에서 다시 동물단체와의 논의를 거친 후 반출이 결정되어야 합니다***
-> 현재 서울대공원측 입장은 '중간에 국내 및 현지
동물매매업자가 끼어있어 어려운 실정이다'라고 합니다. 이것은 동물학대 및 동물쇼를 하는 수준이하의 다른 동물원으로 관순이 광복이를 팔아넘긴다는 것을 자인하는 꼴입니다.
***동물보호단체가 지정하는 혹은 인용하는 보호소로 보낼 수 있게 해야합니다.***
***그렇게 해서 정해진 사파리로 보낸 뒤에도 서울대공원은 지속적으로, 새로운환경에 어떻게 적응하고 있는지 어떻게 관리되고 있는지 반드시 책임져야만 합니다(동물보호법 7조3항)***
서울대공원은 세금으로 동물전시,운영하며 돈만 벌면 끝인가요?
'사육사 손에서 자라는 귀여운 아기침팬지' 라는 내용으로 방송 출연시켜 관람객 유치해서 돈벌고,
성체가 된 지금은 사육사가 케어하기도 힘들고 찾는 관람객도 줄어드니 비공개방사장(어떻게 관리되고 있는지 알 수도 없는 공간)에 꽁꽁 감춰놓더니.
이젠 사육장 자리가 없으니 아무데로나 팔아넘긴다?
명백한 미필적 고의에 의한 동물학대 및 실질적 유기행태입니다!!!
서울대공원측에 제재 걸어주실 것을 요청 합니다.
동물 권리에 우리 국민들 의식이 얼마나 높아졌는데,
이렇게 무책임하고 잔인한 반출 결정을 내리는 것은 시대에 역행하는 국민 기만 행위입니다.
 [본 게시물의 일부 내용이 국민 청원 요건에 위배되어 관리자에 의해 수정되었습니다]",255,/19th/www.president.go.kr/petitions/605332
605331,유가보조금 인하. 누구를위한 정책인가요,기타,2022-05-02,2022-06-01,kakao - ***,청원종료,"안녕하세요 
화물차로 하루하루 살아가는 사람입니다.
기름값이 너무 올라 힘든 하루하루를 살고 있습니다.
국가에서 서민들을위해 기름 값을 내리는건.
좋은 정책이라 생각을 하지만.
그만큼 화물운송을 하시는 분들은 더욱더  힘들어
지기만하는 이유를 아시는건지,  알고 싶습니다 
가령 나라에서 인하했을시
주유소는 기름값을 올려서 판매를하다가
내린만큼 다시내려버리면 원래 기름값이 
되어버립니다.
일반 사람들은 알수도 없는게 현실이고요.
화물 운송자 입장에서는  차라리 30프로 인하를
안하고 유가보조금을 받는게 
덜힘든생활을 이어갈수 있습니다.
기름값이 오른다하여 운송료가 오르는것도 아니고
올려주는차들 이라 해봐야 일부 차들 입니다.
개인 차를 끌고 하루하루 살아야하는
가장 으로서는 너무 힘이듭니다.
기름값에 할부에 넘버 임대료에 요소수 가격에.
더욱더 지쳐가네요 
한달 천만원을 벌었으면 50프로는 기름값에
차량유지비용등을 빼면 200마넌 가져갈수  있을지가 
의심스러운 상황입니다.
유가보조금을 원상태로 해 주실수 없는지
아니면 모든 개인차주들이  정확한 최저 운임을 받을수있게 .정책을 바꿔주시길 바랍니다.",466,/19th/www.president.go.kr/petitions/605331
605330,초1  태권도학원에서 2층에서 떨어져 뇌출혈,육아/교육,2022-05-02,2022-06-01,kakao - ***,청원종료,"초1학년 여아 태권도학원에서  혼자 탈의장에 있었고 문이 오래되서 열리지 않고 ,  선생님이 불러도 오지 않자 2층 창문으로 내려가 태권도장으로  들어가려 하다가 뇌출혈, 타박상 다친상태입니다.
지나가는 여자분이 신고를 해서 119도착했습니다.
응급실에서 머리 뇌압이 더 차면 수술가능성도 있다.
3시간 경과 후 뇌압은 더 찼지만 아이 증상을 더 관찰하자며 입원했고 머리에 피는 두달정도 삭혀진다,경련 할 수도 있다는 말을 듣고 퇴원 한 상태입니다.
경과관찰로 주기적으로 CT를 찍어야 합니다.
트라우마로 문이 잠길까 불안해 합니다.
""엄마 또 문이 잠기면 어떻해 라는 말을 합니다.
현 태권도 학원측은 보험가입을 하지 않았고 구청에서 문의해 보니 태권도학원은 보헙가입여부는 권고사항이다. 
시설 안전에 대한 검사도 자발적이다. 
사고에 대한 법 조항이  없다는 겁니다.
사과도 하지 않았습니다. 
사고 다음날 학원 운영 하고 있었습니다.
요즘은 학대/폭력/행위에 대한 처벌만 강화된 듯 합니다.
그래서 부모인 저로서는 아픈아이 옆에 지키는 것 밖에는 할 수 있는게  없었습니다. 
문이 수실로 안 열리고 1학년은 열수도 없고 ,그 시간대는 태권도학원 탈의장 이용자가 별로 없었다.
만6세 입니다. 이제 초1학년입니다.
태권도학원은 체력단련으로 유치원생부터 많이 다닙니다.
초등저학년 맞벌이로 맡길 때가 없어 보내시는 분들,에너지가 넘쳐서 보내시는 분들, 부디 어린아이가 다니는 곳 이라면 사고가 없어야하며 보험가입여부가 권고가 아닌 필수로 시설 점검도 필수이며, 계단이 있다면 낙상에 대한 방어막,창문도 안전한 시설이 되어야만 개설 할 수 있어야 합니다. 
어린자녀를 두신 부모님께 부디 자녀가 다니는 학원에서 저의 아이같이 머리가 다치는 일은 일어나서도 안되고 없어야 합니다.",238,/19th/www.president.go.kr/petitions/605330
605329,좀비기업 ***를 상장폐지 해 주시기 바랍니다.,경제민주화,2022-05-02,2022-06-01,naver - ***,청원종료,"한국거래소 상장폐지 규정상 회생기업 ***의 개선기간 연장은 원칙적으로 불가 합니다. ***는 2022.4.14까지 개선기간을 받았지만, 기한내 문제를 해소하지 못했을 뿐만 아니라 개선 기간 중 1. 자본완전잠식, 2. 연속 감사의견거절. 3. 5년(23분기)연속 적자지속. 으로 계속기업으로써의 존속가치도 없고 청산가치도 없는 일명 국민 민폐 ""좀비기업"" 이라 하겠습니다.  속히 상장시장에서 퇴출. 상장폐지하여 시장질서를 지켜주시길 청원 드립니다.
회생법인 *** 부실을 메우기 위해 연속 두 번 부풀린 자산재평가로 자본잠식은 탈피 했었지만, 「2021.9.30.」자본 총계는 마이너스(-) 622억원으로 자본잠식률은 108.3% 자본완전잠식 되므로써 용도를 다한 부동산 가치는 의미없다 하겠습니다. 이 또한 2분기가 지나서 자본잠식율은 300%를 상회할 것으로 추정합니다.
계속기업으로써도 존속가치가 없고 청산가치도 이미 상실한 회생기업 ***는 국민혈세로 연명하는 것도 모자라 23분기 적자가 지속되는 가운데에서도 인적 구조조정을 파업으로 막고 노조가 경영에 참여하며 무책임한 행태를 보이고 있습니다.
회사가 어려우면 노조 역시 스스로의 자구노력이 병행되어야 함에도 일체의 자기 희생 없이 경영진을 압박해서 부동산과 기계설비 등 주요 물적자산을 팔아 쓰고, 재무구조가 잠식상태로 진입하면 부동산 재평가로 눈속임 하며 버티는 좀비기업의 행태를 더 이상 방치. 묵인해서는 안 될 것입니다.
지역경제를 볼모 삼아 10여년을 구조조정이 없이 국민세금에 무임승차하도록 두어서는 자유민주주의 시장경제가 온전히 지켜질리 만무합니다. 한국거래소 상장폐지 규정이 이현령비현령이라면 국가의 신뢰성도 같이 무너지게 될 것입니다.
새 도로가 뚫리면, 구 도로 휴게소는 텅텅 비워지고 거미줄쳐지고 붕괴되고 철거되는 것처럼 역시 역사속에 사라지는 것은 당연한 이치 일 것입니다.
한국거래소가 정치인의 정의롭지 못한 처신과 노조의 집단적으로 악 쓰고 떼장부림에 휘둘려 또 다시 옳지 않은 결정을 할까 매우 저어 되는 마음입니다.
부디 좀비기업 ***를 시장의 건전성을 지키기 위해서라도 원칙과 규정, 법률과 상식에 부합하는 상장폐지 결정을 내려주시기 바랍니다
 [본 게시물의 일부 내용이 국민 청원 요건에 위배되어 관리자에 의해 수정되었습니다]",446,/19th/www.president.go.kr/petitions/605329
605328,울진산불 피해 세입자들의 통곡!!!,인권/성평등,2022-05-02,2022-06-01,naver - ***,청원종료,"우리의 삶을 원상 복구하라!!
우리는 화마 속에서 생명의 위협을 무릅쓰고 삶의 터전을 지키려다 불길에 갇혀 죽음의 공포에 직면하기도 하였습니다. 한 치 앞도 보이지 않는 불길과 연기 속에서 수건에 물을 적셔가며 서로의 입을 막아주었고, ‘이렇게 죽는구나’하는 순간 지난 삶들이 필름처럼 스쳐갔습니다.
우여곡절 끝에 헤매다 찾아간 군민체육관은 그야말로 피난민 수용소 같았고,
행정의 배려로 마련했다는 컨테이너에서는 세 끼 굶지 않고 겨우 연명할 뿐 잠을 이룰 수 없는 시간이 흐르고 있습니다.
가진 것이 없어도 이렇게까지 살지는 않았는데...
속 모르는 사람들은 그 정도면 잘 해결되었다 하고, 행정 당국에서는 “안정적 생활을 하고 있다“며 홍보를 합니다.
하루에도 셀 수 없이 분노가 치밀어 오르고 시도 때도 없이 흐르는 눈물은 멈추질 않습니다. 
 울진 산불은 우리의 삶을 송두리째 앗아갔습니다.
내 땅 한 평 없어 남의 땅에서 수 십 년간 일구어온 우리의 삶은 한순간에 사라졌습니다.
우리에겐 되돌아갈 곳이 없습니다. 주인이 허락하지 않으므로 살던 곳에 다시 집을 짓고 살 수도, 그럴 경제적 능력도 없습니다. 
한 순간에 모든 것을 잃은 우리 이재민들에게 따뜻한 온정과 위로를 보내준 자원봉사자들과 많은 국민들께 감사하는 마음은 잊지 않습니다만,
국민의 생명과 재산을 지켜주어야 할 국가가 결국 우리의 삶을 지켜주지 못했습니다.
우리는 주권국가 대한민국의 주인인 국민의 일원으로서 당당히 요구합니다.
그리고 행정 당국에 촉구합니다.
       우리의 삶을 원상복구하라!!!
소실된 주택의 소유자 중심으로 진행되는 울진군과 정부의 보상체계로는
많은 국민들이 모아준 온정의 손길의 뜻에 맞는 피해 보상이 이루어질 수 없습니다.
건물에 대한 소유권 외에, 세입자 등 실제로 거주하며 살아온 주민들의 삶의 가치가 소중하게 다루어질 수 있도록 보상 체계를 다시 수립하기 바랍니다. 재난을 바라보는 관점이 건물에 대한 재산권 피해의 측면만이 아니라, 긴 세월 살면서 간직해 온 부모 형제 자식간의 추억이나 피땀어린 노동의 결실 등 총체적 삶이 불타버린 데 대한 상실감이라는 것을 이해하고자 할 때 제대로 된 보상의 방향이 정해질 수 있을 것입니다. 
그 중에서도 세입자이재민들은, 갖은 사연들 속에 가진 것 없이 울진에 와서 비록 남의 땅이지만 성실히 터전을 일구어 이제 좀 살만한가 싶을 즈음 모든 것을 잃어버린 사람들입니다. 앞날에 대한 어떤 계획이나 희망을 만들 수 없는 우리들이 재기할 수 있도록 구체적이고 현실적인 대안을 마련할 것을 촉구합니다.
                      울진산불피해세입자이재민들",207,/19th/www.president.go.kr/petitions/605328
605327,금융위의 허가를 득하지않고 하위가맹점 불법모집과 재 정산하는 ***(****)를 불법인지 조사해주세요,기타,2022-05-02,2022-06-01,naver - ***,청원종료,"***가맹점180여명의 고소인들은 ***, ***을 사기죄, 공갈협박죄, 여신전문금융업위반죄, 탈세 및 범죄단체 조직죄로 고소를 하오니 처벌하여 주십시오 
1. 사기죄, 공갈협박죄
***, ***은 2021. 12~2022 .01. 고소인들에게 pg가맹점 대여 사업을 하면 큰  돈을 벌수 있다고 하면서 고소인들에게 가입비 명목으로 180여명에게 77만원씩 합계 1억 3,860만원을 받아 편취 하였습니다.  
***, ***은 고소인들에게 서비스 비용을 받고 2달여동안 서비스를 제공하였으나 
고소인들이 확인해 본 결과 ***, ***이 합법이라고 하였던 pg가맹점 대여 사업은
 불법이었고 이에 대하여 해명을 요구하였으나 ***, ***은 오히려 고소인들이 
자신들의 말을 듣지 않으면 180여명의 서비스를 해지 하여 그동안 고소인들이 가맹점
 영업을 하여 만들었던 가맹점 수익금을 주지 않을 것이라고 협박을 하였습니다.
이에 고소인들이 또다시 ***, ***에게 “당신들이 말하는 분리매출  단말기가 어떻게 정상적이며 가맹점 매출에 대하여 절세 할수 있는지”“pg가맹점 대여사업이”정상적인 영업인지 몇차례 확인 요청을 하자 고소인들에게 제공하였던 모든서비스를 중지 하였고 고소인들이 받아야 할 가맹점 수수료도 지급을 하지 않았습니다.
고소인들은 ***, ***에게 pg가맹점 가입비 1억 3,860만원, 가맹점 영업 수수료 1천만원~3천만원 상당, 도합 1억 5,860원의 피해를 입었습니다.
***, ***은 부부로서 ***은 *** 법인으로  새 법인인 ****라는 ***으로 
사업자를 내고  경영하여 현재까지 불법적인 영업을 하고 있습니다.
2. 미등록 pg업 위반 및 여신전문금융업법위반죄
***, ***은 고소인들에게 (주)*** 와 ****는 국내 최초로 국세기본법 14조 
불합리한 이중과세에서 부담을 줄일수 있는 분리매출가능, 여신전문금융업법 19조 4항, 5항
에 의거해 개인간거래 서비스를 하면서 pg가맹점 모집 사업은 황금알을 낳는 비즈니스라고 하였습니다.
하지만 고소인들이 확인을 한 결과 분리매출은 이미 국세청에서 위법이라 판시를 하였으며, 개인간거래 pg가맹점 사업도 금융위에 허가를 득한 사업자만 사업을 영위할수 있는 비즈니스 임에도 불구하고 마치 자신들이 합법적인 사업을 하는 것처럼 고소인들을 
기망 하였습니다.
특히 (주)*** 대표 ***은 *******, ****, ****과  조직적으로 불법 
행위를 마치 합법으로 홍보하면서 국세법, 여신전문금융업법 생소한 법률 용어를 말하면서 조직적으로 탈세를 조장하고 자영업자들을 기망하였습니다.
고소인들이 알고 있는 탈세 금액은(2021. 06월~2022. 03월) 200억원 가량되는 것으로 파악하고 있습니다.
또한 이들은 금융위의 허가를 득하지 않은 상태에서 하위가맹점에 정산을 하는 전자금융거래법을 위반하였으며, 국세법과, 여신전문금융업법을 조직적으로 위반하기 위해 범죄단체를 만든, PG영업 시스템사( ******,****,****) 지사장인 ***, ***을 고발 합니다.
                                                                                                                                              2022년4월27일.
 [본 게시물의 일부 내용이 국민 청원 요건에 위배되어 관리자에 의해 수정되었습니다]",114,/19th/www.president.go.kr/petitions/605327
605326,왜? 뽑기를 해야하는 겁니까???,육아/교육,2022-05-02,2022-06-01,naver - ***,청원종료,"윤석열 대통령 당선인이 제시한 <<돌봄에 대한 조속한 비전 실현>>을 요청합니다.
(※ 참조 : 윤석열 후보의 비전(10): 돌봄 편[출처] [보도자료] 윤석열 후보의 비전(10): 돌봄 편|작성자 윤석열)
맞벌이 가정으로 우리나라에 세금을 매우 성실하게 납부하고 있는 국민으로서
초등학교 돌봄 공백에 대한 촘촘한 정책 실현을 요청드립니다.
수많은 우리 아이들이 초등학교 하교 후, 학교 밖으로 내던져져 있습니다.
맞벌이 가정의 부모들은 학교의 수요보다 돌봄 신청 인원이 많으면,
12월 말~1월 초에 뽑기를 합니다.
돌봄 추첨 뽑기!!!
그 뽑기가 공정하게, 공평하게!!!
어떤 학교는 학부형이 직접 학교에 가서 뽑기도 하고,
어떤 학교는 철저하게 전자 뽑기로 뽑기도 합니다.
학교에서는 매우 공평하게 뽑고 있다고 자부하며..., 걱정하지 말라고 얘기합니다.
학부모인 제 ‘입장은 왜? 뽑기를 해야하는 겁니까???’입니다.
무엇이 공정하고, 무엇이 공평하다는 것인가요?
우리 아이가 뽑혀도 마음이 불편하고
우리 아이가 뽑히지 않아도 마음이 불편합니다.(현실적인 걱정과 함께)
결국엔 또 다른 우리 아이들이 학교 밖으로 내던져져야 하는 거니까요.
제가 생각하는 공정과 공평은 초등돌봄이 필요한 모든 아이에게 돌봄이 이뤄지는 것입니다.
어른인 우리도 모두 아이였고,,,
지금 우리집에 아이가 없다고 하더라도, 앞으로 각 가정에는 대대손손 아이가 태어날 것입니다.
나라에 또는 지방의 재정에 돈이 없어서, 돌봄 정책이 뒷전은 아닐 것입니다.
우선 순위에서 밀려서, 다른 더 급한 일들이 있기 때문에,,,
현실이 매번 이런 것이겠지요.
우리 나라를 이끌어갈 미래는 어린이입니다.
우리 아이들이 안전하게 학교 하교 후, 생할을 할 수 있는 돌봄 정책을 시급히 실현해 주세요.
유년기를 얼마나 안정적으로 보내느냐에 따라 우리 사회의 질도 달라집니다.
교육청에서는 학교에서 돌봄교실 증설 요청을 해야 증설이 가능하다고 합니다.
학부모는 증설 요청을 간곡히, 간절히 원하는데, 
학교에서 여러 가지 다양한 사유로 증설 요청을 교육청에 하지 않아서, 
교육청은 어쩔 수 없다는 소극적인 입장입니다.
학교 또한 소극적으로 대응하는 것은 동일합니다.
학교 돌봄 담당 선생님은 1학년은 돌봄을 취소하는 경우가 거의 없으니,
포기하고 다른 대책을 마련하라고 합니다.
맞벌이인 제가 제 사정에 따라 세운 대책은
1안. 하교 후 돌보미를 구하는 것
2안. 학원을 3곳 이상 보내는 것
하교 후 돌보미를 어렵게 구해서 두 달 남짓 아이 돌봄을 부탁했지만,
돌보미의 사정이 여의치 않아 이마저도 어렵게 되었습니다.
이제 저는 [2안. 학원을 3곳 이상 보내는 것]을 곧 할 예정입니다.
이제 1학년이 된 아이에게 하교 후, 월화수목금 시간표를 촘촘히 쨔주고,
그 시간표에 맞춰서 열심히 부모가 집에 돌아올 때까지
밖에서 돌아다니라고 해야 합니다.
배움을 위한 학원이 아닌, 돌봄을 위한 학원을 보내야 합니다.
많은 우리 아이들이 이와 같이 생활하고 있습니다.
나랏일에 처리해야 할 중요한 일들이 많이 있으시겠지만,..
별다른 큰 걱정거리 없는 맞벌이 가정의 사소한 푸념으로 생각지 말아주세요.
아이는 아이여서,,,
어른이 이끌어 주는데로 가니까요.
초등학교 저학년의 아이가 보호받지 못하고 학교밖으로 내던져져...
올바르지 않은 어른과 사회 환경에 노출되어
만약에 생길지도 모르는 위험한 상황에 놓이게 될까봐...
걱정하는 많은 부모와 그저 해맑기만 한 어린이가 
온 국민 각각의 가정에 있음을 생각해 주세요.
우리나라 모든 어린이가 안전하고 건강하게 자라서
행복한 사회인으로,,, 세계인으로 나아가도록 그 길을 열어주세요.
 [본 게시물의 일부 내용이 국민 청원 요건에 위배되어 관리자에 의해 수정되었습니다]",120,/19th/www.president.go.kr/petitions/605326
605325,판사ㆍ검사임용시험과 변호사시험구분실시,정치개혁,2022-05-02,2022-06-01,naver - ***,청원종료,"<추운날 촛불을 들고 
공수처설치를 외친, 대한민국의 국민들은 검찰ㆍ사법적폐로부터 공수처를지켜야합니다>
차기정부는 반드시 검찰ㆍ사법ㆍ언론ㆍ국회의원적폐를 
청산해야 합니다.
그렇지 않으면, 
적폐들에게 오히려 
청산될 수 있습니다.
적폐는 화합과 소통의 대상이 아니라 청산의 대상일뿐입니다 .
<국민청원 요지>
현행 법원조직법(판사는 변호사중에서 임명한다라고 규정하고 있습니다),현행 검찰청법(검사는 변호사중에서 임명한다라고 규정하고 있습니다)
이를 개정하여 판사ㆍ검사의 임용에는 변호사는 배제함은 물론,로스쿨출신들인 금수저들만의 시험인 변호사시험과 별도로 국가공무원 시험인 5급판사 ㆍ5급검사 임용시험을 공개경쟁시험으로 실시하여 학력제한없이 누구든지 응시할수 있는 시험을 실시하여 합격자를 소정의 법무교육을 이수한 후에 5급상당 판사ㆍ검사로 신규임용함으로서 판사ㆍ검사ㆍ변호사의 연결고리를 차단해야 검찰 및 사법적폐를 청산할 수 있습니다.
이에,검사 ㆍ판사임용시험과 변호사 자격시험을 구분실시를 청원합니다",215,/19th/www.president.go.kr/petitions/605325
605324,새롭게 생기는 금융거래(P2P등) 안전한 거래법 조성 및 경제사범 솜방망이 처벌,경제민주화,2022-05-02,2022-06-01,kakao - ***,청원종료,"예금자보호법도 있듯이 
국가에서도 가상화폐, P2P 대출거래등에 대한 금융권 은행거래에 대한
피해액 변제법 및 가상화폐 P2P 경제사범에 대한 솜방망이 처벌등 
더이상 2차 피해자가 나오지 않도록
강력한 법률 제정을 해주십시오.
--------------------------------------------------------------------------------------
안녕하세요.
저는 P2P에 투자하여 피해액을 입었습니다.
P2P는 플랫폼을 통해 대출을 신청을 하게 되면 사람들이 돈을
모아 그 채무자에게 돈을 빌려주는 방식입니다.
2년 조금 넘게 투자해보는 기간동안  저금리시대에
목돈을 굴리기 위해 코리아 펀딩, 시소펀딩을 이용했습니다.
2년 넘게 투자해보니 높은 수익률과 안정적인 수익금 입금으로
신뢰가 나름 쌓이던 중
투자상품을 업데이트하던 플랫폼들은
어느날부터 투자 상품을 업데이트 하지 않았고
저는 수천명의 피해자 중 한명이라는 된 것을 알게 되었습니다.
코로나로 중소기업의 재정난이 될 것 같아
투자상품이 끝나면 받은 돈들을 (*)**은행에 입금해놓고
있었습니다. 대략 800만원가량이였는데 인출이 되지가 않았습니다.
은행에 있던 제 돈을 대표가 손대어 자금막기로 사용했다고 합니다.
제 생각엔 그 돈 모아 비싼 변호사 선임료등 개인 비용으로 사용한 것 같습니다.
그리고 인터넷 bj에게 별풍선으로 6억씩 보내 자금세탁을 했다고 하는데
자금세탁에 아주 흔합 수법이라고 합니다.
더욱이 힘든건 
이렇게 727억을 빼돌리고도 정작
사기친 사람들은 솜방망이 처벌로 고작11년 구형을 받는다는 것입니다.
비싼 변호사 집단을 선임하고
17년 검찰구형에서 6년 감형되었다는 점도 있네요.
피해자를 우롱하고 피해자 돈 갈취한돈으로 비싼 선임료내고
**** 별풍선으로 몇 천만원씩 쏘며 자금세탁을 하며
가벼운 형량받고나면, 세탁해둔 자금으로 호위호식하겠죠.
그런데 고작 형이 11년이라뇨?
여러분도
제 1금융권 은행에 예치해놓으면 안전하다고 생각하시죠?
가만히 은행에 있던 돈도 갈취당했는데 
투자한 상품은 그렇다고 쳐도
제1금융권 은행을 믿고 맡긴 **은행이던 그 은행쪽도 똑같이 책임이
어느정도는 있어야 되는거 아닙니까!!!
은행에 멀쩡히 있던 제 돈이 갈취당했는데,
배상지급명령도 받아들이지 않아 억울함을 호소하는 이들이 많습니다.
예금자보호법도 있듯이 
국가에서도 가상화폐, P2P 대출거래등에 대한 금융권 은행거래에 대한
피해액 변제법 및 가상화폐 P2P 경제사범에 대한 솜방망이 처벌등 
더이상 2차 피해자가 나오지 않도록
강력한 법률 제정이 필요합니다.
 [본 게시물의 일부 내용이 국민 청원 요건에 위배되어 관리자에 의해 수정되었습니다]",402,/19th/www.president.go.kr/petitions/605324
605323,"**은행 및 타은행  대출, 카드, 통장등 명의도용 금융사기건",기타,2022-05-02,2022-06-01,kakao - ***,청원종료,"존경하는 대통령님 안녕하십니까!
제가 이렇게 국민청원에 까지 글을 올리게 된것은 저희 어머니의 억울함을 호소 하고자 청원을 올리게 되었습니다.
76세의 어머니께서 **은행 및 타은행 상대로 혼자서 2년간 억울함을 호소하며 경찰에 형사건으로 고소도 하였으나 경찰에서는 정확하게 검토하고 수사한것이 아니라 노인네가 노망 들은것으로 생각하고 처리한것 같아 저도 참을수가 없어서 이렇게 청원을 올립니다.
현재 어머니께서 2년간 혼자서 싸우고 계시다보니 몸도 않좋아지시고 우울병에 걸리시고 죽음을 말씀하실 정도로 쇄약해 지셨습니다. 부디 어머니의 억울함을 도와 주십시요.
- 사건 내용 -
1. **은행에서 어머니 명의로 어머니도 알지도 못하는 대출을 진행함.
    - 대출 및 카드 발행하여 사용한 증거자료 확보.
    - 어머니 명의로 통장을 임의로 발행하여 사용한 자료 확보.
    - 경찰서에 두번이나 사건 신고한 자료
2. **은행 뿐만 아니라 신한은행, 우체국 등 여러 은행에서 명의도용한 내용으로 이렇게 청원을 올립니다.
- 어머니께서 당하신 피해액이 많으셔서 더 억울해 하고 계십니다.
이세상에 아직도 이렇게 어르신들을 상대로 사기를 치고 있다는것이 믿기지 않을 정도입니다.
부디 이러한 일들이 두번다시 일어나지 않토록 철저히 조사해주셔서 저희 어머님의 억울함과 혹시 모를 다른 분들의 억울함까지도 해결하여 주시기 바랍니다.
- 어머니 연락처 : ***-****-****
- 청원자 연락처 : ***-****-****
 [본 게시물의 일부 내용이 국민 청원 요건에 위배되어 관리자에 의해 수정되었습니다]",123,/19th/www.president.go.kr/petitions/605323
605322,방역지원금1000만원,기타,2022-04-29,2022-05-29,kakao - ***,청원종료,"대통령 당선공약으로 내세웠던 방역지원금 600만원 일괄지급하라~!
차등지급이니 과학적산출이니 소상공인들 우롱하지 말고 당선공약으로 내세웠던 600만원 일괄지급하라~!!!
국민과의 소통이니 공약이니하며 청와대 이전에는 그 많은 세금 때려 부으면서 정작 국민들의 고초에는 과학적이니 차등지급으로 공평하게 하느니 하며 소상공인들 기만하지 말라~
소상공인공약부터 지켜라!!!!!","3,526",/19th/www.president.go.kr/petitions/605322
605321,윤석을 당선인 사퇴촉구 및 탄핵을 청원합니다  ( 소상공인 농락),보건복지,2022-04-29,2022-05-29,naver - ***,청원종료,"지역 유세마다 600 만원 방역 지원금 일괄 지급하고 두둑하게 챙겨서 
10 시 시간제한 인원 제제 등 이루말할 수 없이 힘들엇던 소상공인 지원이
당선후 한참 늦은것도 문제인데 이제 와서 과학적 .  피해적 . 체계 적 운운하여
100 ~  최~~~~~~~대 600  지원하는 차등으로 지원 하겠다 이야기 하는 윤석열 당선인 과
인수위 안철수 위원장 은 둘다 자진사퇴 할 것을 촉구 합니다 
우리 소상공인 상인들은 월세 100 만원 짜리 커피전문점 에서부터 월세 1천만원 짜리 음식점 까지
모두 엄청난 고통을 격었으나 .  모두가 힘들고 어려운시기 였기에 소상공인 1천만원 을 당선공약 으로
내건 윤석열 대통령 을 지지하였으나 모두 1백원 지원 받기도 어려워 보이는 차등 지급 이라는 
최악의 지원으로 생존 문제가 달린 소상공인 국민 과의 공약 과 약속을 파기한 윤석열 을
자진사퇴 시키고 그렇지 않을 경우 172 석 민주당 과 지방 자치 단체장 들의 일념 과 신념으로
반드시 윤 당선인을 탄핵하는 안을 만들어 줄것을 요구합니다 .    
                                                           소상공인 연합 -  일개 회원","12,080",/19th/www.president.go.kr/petitions/605321
605320,논두렁 한 가운데에서 방치되며 키우고 있는 강아지들 구출 하기 위해 도와주세여,반려동물,2022-04-29,2022-05-29,naver - ***,청원종료,"논두렁 위에 지붕도 없이 사는 강아지들을 구출 해주세요!
안녕 하세요 국민 청원 여러분 다름이 아님 여러분들에 간단한 도움을 요청 받고 싶어 이렇게 글을 써 봅니다. 
강아지 입양을 위해 알아보던 중 강아지들 학대에서 구출하시는 좋은 분들을 만나 예쁜 강아지를 키우고 있는 청년입니다.
제가 이글을 올리게 된 개기는 저희 강아지 구출해 온 곳 때문입니다 
거기에는 현제 논두렁 한가운데 떡하니 지붕도 없이 펜스 만 설치하고 강아지를 7마리 이상 키우고 있습니다!
강아지들 식수도 논두렁에서 퍼 올린 지저분한 흙탕물과 이끼가 가득 낀 물을 먹이며
강아지들 대변을 많이 싼다는 이유로 강아지 밥을 많이 안준다고 합니다.
또 개집을 사다 주니 사료를 넣어 놓고 개가 눈 비가와도 편히 쉴 곳이 없이 살고 있습니다. 
 이 불쌍한 견들은 배가 고파 땅에 떨어진 나무 조각 이나 쇠 가루 먹으며 지내고 있는 현재 상황입니다.
또 거기에 있는 강아지들의 건강상태가 80% 이상은 심장 사상 충에 걸려있습니다.
그걸 알고 있음에도 치료도 안하고 있구요.
견주가 5년전 암 진단으로 암 치료약을 사상 충 걸린견 들에게 먹이는 등
본인이 정신과 약도 복용중인데 몇일 안 먹으니 귀신이 보인다는 보인 다는 둥 
구출하러 가면 그런 이야기 만 하고 있는 상황입니다
이 지옥 같은 곳은 새끼강아지가 태어나면 기를 죽이기 위해 강아지들을 모아놓고 구타를 한다고 자기가 이야기 하고 다닌다고 합니다....
최근에는 거기에 살고 있는 강아지 한마리가 심장 사상 충에 걸려 몸에 복수가 차 벌써 무지개다리를 걸었으며 또 그 강아지를 마당에 땅을 파 매장했다고 합니다.
하지만 경찰이나 나라에서는 이런 견들을 구출하기 위해서는 이걸 학대 받고 있다라고 인정하는 사람들에 서명이 필요 하다고 합니다..  (진짜 어이가 없네요) 
때리기도 하지만 증거도 없고 ,,,  꼭 때려야만 동물 학대라고 생각 하시나요?
제가 생각할 때는 방치, 구타 키울 수 없는 환경에 데리고 케어도 못하면 식수나 사료를 굶기며 심장 사사 충에 걸린 애들을 데려가 치료해준다고 해도 개 값을 달라 하는저런 인간들도 학대 범 이 라고 생각합니다.
대한민구 수 많은 애견인 여러분들의 힘이 필요합니다.
꼭 도와주셨으면 좋겠습니다.",560,/19th/www.president.go.kr/petitions/605320
605319,대한민국 주식시장을 바로 잡아주십시요,경제민주화,2022-04-29,2022-05-29,naver - ***,청원종료,"코스닥시장에 진단키트 관련 ****(******)란기업이 있는데 코로나로 34억 자본금 회사가 3000억 이상의 폭풍이익을 봤고 지금도 그 이익이 지속되고 있음에도 2.3일 36450원을 기점으로 40 일동안 거의 매일 하락하여 12550원까지 66%가 하락하였는데 거의 매일 동일한 패턴으로 
프로그램에서 샀다 팔았다를 반복하며 주가상승을 억제하고 ****에서 오전에 샀다가 오후에 종가즘에 대량으로 파는 형식으로 주가가 하락함. 
주주가치 제고를 위해 자사주를 100억 신청하고 시가이하인 저가에 매수하여 주가하락을 하락시키는데 자사주 매입 목적이 대체뭔지
대중의 힘으로 돈을 벌고 수천배의 이득을 봤으면
대중에게 조금이라도 환원을 해야하는데 대량 이익에도 소액주주를 외면하고 주가를 하락시키는
이 회사의 실태와 주가를 하락시키는 주체가 누구인지
주가가 조작되고 있는것은 아닌지 저는 더 잃을 돈도 없고 힘도없어 청와대의 힘을 빌어 이런 형태의 대한민국 주식시장이 제대로 된것인지 실체를 확인해 주십사 청원을 올립니다
 [본 게시물의 일부 내용이 국민 청원 요건에 위배되어 관리자에 의해 수정되었습니다]",694,/19th/www.president.go.kr/petitions/605319
605318,****** 비리에관하여 국세청조사 청원올립니다,문화/예술/체육/언론,2022-04-29,2022-05-29,naver - ***,청원종료,"최근 ******라는 회사에서 *** ***을 통하여 135억원어치 미술품을 구매했는데 관행이라는 이유로 영수처리를 해주지 않아 수백명의 주주들을 죽음으로 내몰고 있습니다...편의점을 가서 물건을사도 영수증을 주는데 135억어치 물건을 샀는데 증빙을 안해준다네요..참 말도 안되는 얘기죠... 심지어는 그 비싼물건을 믿고 진열해줬는데 보관료로 15억원을 요구하고 있습니다...만약 계약을 그렇게 했다면 *** *** 입장에서는 영수증 받으면 계약이행을 하겠죠...******에서 껄끄러울께 없으면 공개못할 이유는 없을겁니다... 부당이득을 취했고 탈세를 했으니 내야할 세금이 아깝겠죠... 이에 국세청에서 철저한 조사를 요청합니다.세금이란 소득이 있으면 내야합니다...대한민국 국민의 의무입니다. 저도 직장생활하면서  급여의 10%이상 내도 국가가 안전하게 저를 보호해주니 당현히 부담한다고 생각합니다... 부당하게 소득을 취했다면 국가가 나서서 진위여부는 확인해주기를 간절히 기도합니다...두아이를 키우고 있는 가장으로써 제 가정을 지키지 못하고 있어서 간절히 호소합니다...
 [본 게시물의 일부 내용이 국민 청원 요건에 위배되어 관리자에 의해 수정되었습니다]",336,/19th/www.president.go.kr/petitions/605318
605317,가로주택 정비사업에 관하여 문의드립니다,교통/건축/국토,2022-04-29,2022-05-29,kakao - ***,청원종료,"가로주택 정비사업에 관하여 문의드립니다. 주민 80퍼센트 동의, 토지 3분의 2 동의가 된다면 나머지 주민 20퍼센트 반대, 나머지 토지 3분의 1 반대에도 사업강행이 맞습니까? 합리적입니까? 억울한 국민들을 양산해도 되는 것입니까? 백번 양보해도 최소한 90퍼센트 이상의 동의, 10분의 9 이상의 동의가 되어야 하는 것 아닙니까? 조속한 법규조정을 바랍니다. 낡은 주택이 모여있는 동네의 재개발에 알박기를 하고 돈을 벌려는 부동산 업자들의 농간을 막기위한 법으로 가로주택 정비사업이 있는 걸로 알고 있습니다. 그런데 이 법을 악용하여 부동산 업자들이 동네 주민들을 부추겨서 멀쩡한 새건물도 사업구역에 넣고 원하지 않는 단독주택들도 함께 구역에 넣습니다. 다음으로 공무원들에게 로비도 하며 사업을 추진하면서 결국 남의 건물과 토지를 빼앗는 것으로 사업자의 이득 극대화하는 것을 사업성이 높다고 선전합니다. 입법부서는 책임을 지고 법의 규정을 다시 면밀하게 만들고 그 지역 안에 신규 건물, 주택이 있으면 포함시키지 않는 것을 원칙으로 하여야 합니다. 그리고 경기도 의왕시 ******* 가로주택 정비사업의 경우 결정도 나지 않은 조합설립 준비과정 중에 국유지쪽에서 찬성표를 주었다는 얘기가 있습니다. 이것이 사실입니까? 가능한 얘기입니까? 사유지가 아닌 공유지가 그럴 수 있는 것입니까? 백번 양보해도 국유지라면 주민의 찬성 반대 토지비율에 따라 공평하게 나누어 계산해야 되는 것이 아닙니까? 만에 하나 공무원이 관련되었다면 처리취소는 물론 공무원법에 따른 징계사안 아닙니까? 자세히 살펴봐 주시기 바랍니다. 우리나라가 선진국으로 진입한 이 시점에 있어 그 이름에 부끄럽지 않고 명실상부한 선진사회가 되도록 당부드립니다.
 [본 게시물의 일부 내용이 국민 청원 요건에 위배되어 관리자에 의해 수정되었습니다]",340,/19th/www.president.go.kr/petitions/605317
605316,복권판매현실,인권/성평등,2022-04-29,2022-05-29,naver - ***,청원종료,"**일보 *** 기자님의 보도에 따르면 ""안도걸 기재부 차관은 이번 판매점 확충방안으로 보훈 가족, 기초생활수급자 등 사회 취약계층분들이 판매점 신규 개설을 통해 매년 3000만원 수준의 안정적 수익을 내 경제적으로 자립할 수 있는 기회를 제공하게 될 것으로 기대하고 있다”고 말했다. 라고 했는데 사실과 너무 다르게 보도된 부분과 사회취약계층 위한답시고  노예아닌 복권노예로 살게 하는 것을  방지하고 올바른 정보를 잘 전달하기 위하여 이번 22년 신규로또 판매인 모집란에 전년도 신규 판매인의 상 하위 1프로를 제외한 나머지로  실재  한달 평균 수익을 기재하여 모집공고를 다시하게하고 싶은데요  이를 어느 곳에 알려야 하는지 몰라서 이렇게 얼마 남지 않은 청원에 기대봅니다 아울러 아래 내용을 참고하시어 더이상 피해보는 분이 없었으면 합니다
참고하여 제가 지난 21년 신규판매인 서울 경기지역 점포 10여 곳  대상으로 조사를 하였습니다  
하루 평균 근로시간 10시간 이상이었으며  수입은 월세와  공과금 등을 내고 나면  매달 적자가 -90~-100여만원 넘는 곳이 20% , 수익 7만~30만원 이하 가 30%,  50~80만원 이하가 30%,  100~150만원이 10%  겸업 하는 곳의 수익이 100만원정도가  10% 였습니다 
또한 조사에 참여한 2곳은 현재 폐업을 생각한다고 합니다 
현실이 이러한데 연 평균수익 3000이라는 달콤한 말로 22년 신규판매인을 모집한다고 하니...  기대와 꿈을 품고 도전하는 사회적약자 분들이  또 다시 절망을 경험하지 않도록  조금이나마 도움이 되고자 이렇게  알리고자 합니다 
현재 안정적인  수익이 연 3000만원 정도라 한 것은  전체 로또 판매량 나누기 점포수로 한 것 이기에  현실과는 전혀 다른 결과 값입니다 
매출상위 1~2프로점포에서 평균치를 대거 끌어올린 값이기  때문에 실제로 대부분의 점주들은 무료 봉사 수준에서 점포 운영하는 분이 더 많을 겁니다 
또한 사행산업이라해서 코로나 지원금 등 각종 지원에서 제외 되었으며 소상공인 모두가 받는 대출조차도 받기 어려운 현실입니다  
현재의 수수료 체제로는  자기 인건비조차도  나오지 않는 이 참담한 현실을 알리어 더이상 소외계층이 더 소외되지 않길 바라며  이번 복권판매점 개점을 준비 중인 분들께 다시한번 올바른 정보를 제공하여 피해보는 분이 없길 바라는 마음으로 부디 좋은 답변 주시길 부탁드립니다
 [본 게시물의 일부 내용이 국민 청원 요건에 위배되어 관리자에 의해 수정되었습니다]",247,/19th/www.president.go.kr/petitions/605316
605315,"동물학대 처벌강화, 애견 의료보험 혜택,개물림사고 법률강화",반려동물,2022-04-29,2022-05-29,naver - ***,청원종료,"집집마다 반려동물을 키우는 가정이 늘어나고 있지만
그에 반해 반려동물에 대한 법이나 정책들은 제자리를 웃돌고 있습니다.
최근 뉴스 기사만 접해보아도
개 물림 사고에 대한 법도 제대로 되어있지 않으며
대형견 입마개에 대한 법률도, 강아지끼리의 사고에 대한 법률도 없고
반려동물 학대에 대한 법률도 너무 미약합니다
또한 유기견의 문제가 심각하다는 것을 알고 있으면서도
그 원인에 대한 해결 대안을 내지 않고 있는 것 같습니다
반려동물의 유기에 대한 가장 큰 원인으로
반려동물의 치료비 문제를 손꼽을 수 있습니다.
반려동물이 조금이라도 아파서 병원에 방문하면 3-4만원은 기본이고 
또한 아파서 입원이라도 시키면 50-60만원은 청구됩니다
일반적인 직장인 월급으로 따졌을 때 
반려동물의 병원비는 너무나 큰 액수이며
그로 인해 아픈 반려동물들이 치료를 받지 못하는 일도 허다합니다
병이 지속될 경우 포기하는 보호자도 많습니다
아플 때 아프다고 말 한마디 하지 못하고 
치료해 줄 때까지 묵묵히 기다리고
학대당해도 아무에게도 말하지 못하고 죽음만 기다리는 것이
지금 우리나라 반려동물들이 처해있는 상황입니다
우리 강아지 고양이들도 고통을 느끼고 사랑을 느끼는 생명체입니다
반려동물에 대한 법을 제발 강화시켜주세요
1 반려동물 병원비를 줄여주세요. 또는 의료보험 혜택을 만들어주세요
모든 반려동물에 대한 병원비를 인하하기 어렵다면
칩을 심은 반려동물에 한하여 의료보험 혜택을 만들어주세요
병원비가 줄어들게 되면 
유기된 동물들의 재 입양률도 더 높아질 것입니다
유기된 동물 중 아픈 강아지들은
대부분 병원비의 부담 때문에 입양이 어렵습니다 
아픔을 보듬고 싶어도 병원비 때문에 데려오지 못하는 
현실적인 이유로 입양이 어려운 분들도 많습니다
2 반려동물 학대에 대한 벌을 강화해 주세요
반려동물에 해를 가하는 사람은 잠재적인 살인마입니다
작은 생명체라도 해를 가할 시 엄중한 벌을 받을 수 있게 하여
생명의 존엄성을 알려주어야 합니다
뉴스 기사를 조금만 찾아보아도 폭행 살인 등을 저지른 중범죄자들은
작은 생명체를 학대하는 것에서 부터 시작하여
추후의 큰 사고를 일으키는 유형이 많습니다
대표적인 인물로 
강호순·유영철도 동물 학대부터 시작하여 
동물에서 사람으로 대상이 바뀌어 살인을 저질렀습니다
반려동물에 연습이라도 하듯 반려동물을 학대하는 그들을 꼭 엄벌해 주세요
3 맹견 입마개를 필수로 착용하도록 해주세요
동물을 사랑하고 아끼는 사람으로서
입마개가 얼마나 답답하고 힘든 일일지 알고 있습니다
하지만 동물들은 굉장히 본능적이어서 
순간적인 사고에 대한 미연에 방지는 필수라고 생각됩니다
맹견으로 분류된 품종의 특징을 살펴보면
거의 투견으로 개량되어
전투 본능을 끌어올린 개들입니다
아무리 교육이 잘 되어있는 개들이라고 해도
방심하는 사이 순간적으로 이뤄지는 사고들이 너무나 많습니다
5대명견의 입마개는 필수로 착용할수 있도록
법으로 지정해주세요
또한, 최근 개물림 사고를 살펴보면
5대명견이 아닌 대형견 물림사고도 늘어나고 있는 추세입니다.
애견 입마개를 필수로 할수 없다면
그 피해에 따른 보호자에 처벌을 강화해주시길 바랍니다.
4 강아지 사고로 인한 법률도 강화해 주세요
법률이 강화됨으로 인하여
견주들이 사전에 사고가  나지 않도록 강아지를 훈련시키고 입마개를 할 수 있을 것입니다
5 동물 분양센터 혹은 유기 동물을 데려가는 사람들의 신상을 정확히 해주세요
무분별한 분양과 신상 확인을 제대로 하지 않고 입양 보낸 반려동물 사고가 많습니다.
유기 동물 센터와 분양센터에서는 입양과 동시에 동물 인식 칩을 심을 수 있도록 하고
입양자의 신상을 모두 등록하여 정부에서 관리할 수 있도록 해주세요
 [본 게시물의 일부 내용이 국민 청원 요건에 위배되어 관리자에 의해 수정되었습니다]",341,/19th/www.president.go.kr/petitions/605315
605314,곧 취임될 당선인과 인수위원장께!!(방역지원금과 손실보상은 별개입니다),행정,2022-04-29,2022-05-29,kakao - ***,청원종료,"소상공인 손실보상과 방역지원금은 별개로 취급되어야합니다.
소상공인에게 영업.인원 제한 금지 시킨 보상이 과학적근거로
해결 가능하다 생각하는 자체 부터가 당선인과 안철수님은
소상공인의 그동안의  힘듬과 노력을 한순간에 무너뜨리는 
행정임을 알아야 할것입니다.
1.방역지원금은 영업제한.인원제한.영업금지.방역패스 시킨
모든 업장이 받아야 하는 권리입니다. 민주주의 국가에서 
강제로 영업못하게 막은것은 엄연히 재산권 침해이며
영업자체를 못하게 해놓고 매달 나가는 가족 생계비 
월 고정지출비는 고스란히 저희가 떠 안아야 하는 상황에
어떤 사장님은 직접 배달뛰어가며.포장해가며. 
또 어떤 pc방은 샵인샵으로 음식배달 추가해서 
고정지출비 벌어보고자 햇던 매출로 인해 
과학적인 근거로 산출된 방역지원금을 받지 못하는것은 
소상공인들의 살고자 햇던 가족들과 생계를 이어가려 햇던 
그 모든 노력들을 고작 과학적인 근거로 짓밞는 행정이라 
할 것 입니다.
방역지원금은 영업을 못하게  한 동안 발생한 월 생계비.
고정 지출비 명목으로 모든  영업제한.금지.방역패스 
지킨업종에게 지원되야할 정액 보상금이라 할것입니다.
영업제한 .금지 기간중 포장배달. 샵인샵 그 무엇도 하지않고
손가락만 빨다가 다 망해서 방역지원금 받는 장면을 원하신것
입니까? 살고자 노력한 댓가를 과학적인 이유와 빗대는 것은
살인적인 행위와 다름 없다 할 것입니다.
한가지 더 하자면 지금 당선인께서 방역지원금 공약을 1호로
방역지원금 600만원 공약으로 앞세우시며 소상공인들을 
표팔이로 이용하신 것 일뿐인가요? 
소상공인들은 한마음으로 비참함과 비통함을 느낄 것 입니다.
2.손실보상은 인수위원브리핑에서 말씀 하신것처럼 
과학적인 근거로 산출된 매출.영업이익의 손실에 따라 
차등으로 지급되야 지원되야 할 손실보상이 맞다 할 것입니다.
엄연히 차등으로 지급 되는 손실 보상제도가 있음에도 
방역수칙 다 지키며 살고자 지켜온 살아온 사업장의 매출을
과학적 근거로 방역지원금과 손실보상을 묶어 
피해지윈금이라는 명칭을 내새운 것은 소상공인을 농락하는 
행정절차 였다 할 것입니다.
방역지원금과 손실보상은  받아야할 명목 .조건. 원인. 엄연히
다른 종류라는것을 탁상행정 하시는 높으신 분들이 필히 
알아야 할 것입니다. 
마지막으로  소상공인들의 생계마저 강제로 금지 제제 
시킨 지금 정부도 다시한번 저희 소상공인들이 그동안 
얼마나 힘들었을지 이악물고 버틴 결과가 고작 이런 현실이라는
것에 반성하고 비통해야 할 것입니다.
곧 취임될 당선인께서 이 글을 보실지는 모르겠으나 
머리로 하는 행정과 과학적인 행정속에 민심을 잃고 있다는걸
알아 주시길 바라며
기존 공약 방역지원금과 손실보상 100프로 보상은 별개로 
진행하여 줄 것을 간곡히 청원하는 바 입니다,","1,036",/19th/www.president.go.kr/petitions/605314
605313,근로자의 날을 5월 첫째주 월요일로 변경되었으면 하는 작은 소망입니다.,미래,2022-04-29,2022-05-29,naver - ***,청원종료,"안녕하세요. 청년 근로자 입니다.
5월 1일 일요일은 근로자의 날입니다.
휴일에 근로자의 날이 겹치면 대체공휴일도 없이 지나갑니다.
법적으로 지정된 날짜를 바꾼다는게 말도 안되는 소리라는 걸 알지만..
근로자의 날을
5월 첫째주 월요일이면 얼마나 좋을까 하는 작은 바램으로 글을 적습니다.
열심히 일하신 이세상 모든 근로자, 자영업자, 아르바이트생, 기업가 님들께 수고하셨다는 말씀 전합니다!
감사합니다.",305,/19th/www.president.go.kr/petitions/605313
605312,북한 공작원 지령 받고 군사기밀 유출한현역 장교와민간인 강력처벌과 신상공개강력촉구합니다,외교/통일/국방,2022-04-29,2022-05-29,twitter - ***,청원종료,"국방부 검찰단 28일 A대위 구속 기소 했다는군요
비트코인을 받는 대가로 북한 공작원(해커) 지령을 받아 군사 기밀을 유출한 현역 장교가 국가보안법 위반 혐의로 구속 기소됐다. 마찬가지로 공작원 지령에 따라 한국군 기밀 자료를 빼돌리기 위한 작업에 함께 동원된 가상자산 투자회사 대표도 재판에 넘겨졌다.
군사안보지원부와, 경찰청 국가수사본부 등에 따르면 현역 장교인 A(29) 대위와 가상화폐거래소 운영자인 이모(38)씨는 이달 중순 국가보안법 위반 혐의로 각각 국방부 검찰단과 검찰에 구속 송치됐다. 사건을 넘겨받은 국방부 검찰단과 검찰은 보강 수사를 거쳐 최근 이들을 구속 기소했다.
검경에 따르면, A 대위는 2020년 3월쯤 민간인 대학 동기 소개로 북한 해커와 서로 연락하다가 포섭됐다. A 대위는 작년 11월쯤 국방망 육군홈페이지 화면’ ‘육군 보안수칙’ 등을 촬영해 텔레그램을 통해 북한 공작원에게 전송한 것을 시작으로, 수회에 걸쳐 자료를 빼돌리는 대가로 4800만원 상당의 비트코인을 공작원 측으로부터 수수했다.
투자회사 대표 이씨는 6년 전 가상화폐 커뮤니티를 통해 북한 공작원을 알게 됐다. 작년 2월부터 4월까지 북한 공작원으로부터 60만달러(약 7억원) 가량의 가상화폐를 받으며 북에 포섭됐다. 이씨는 같은 해 7월에는 ‘군사 기밀 탐지에 필요한 현역 장교를 포섭하라’는 지령을 받고 임무에 나섰지만 실패했다.
A 대위와 이씨가 범행을 ‘공모’하게 된 것은 지난 1월이다. 공작원은 ‘단선연계(單線連繫)’ 방식으로 각자에게 텔레그램 메신저로 따로 지령을 하달했다. 두 사람은 서로의 역할에 대해서는 알지 못했지만, 모두 북한 측의 한국군합동지휘통제체계(KJCCS) 해킹 시도 작업에 동원되고 있었던 것이다. 군사안보지원본부는 지난 1월 이런 의혹에 대한 제보를 받고, 경찰청 국가수사본부에 첩보를 제공해 공조 수사에 나섰다.
이들의 범행은 올해 1~3월까지 진행됐다. 먼저 이씨는 시계형 몰래카메라를 구입해 A대위에게 택배를 발송했다. 또 USB 형태의 해킹장비 부품을 구입해 조립한 뒤, 이를 자신의 노트북에 연결해 해외에서 북한 공작원이 원격으로 접근할 수 있도록 도왔다. A 대위는 이씨에게서 받은 카메라를 영내에 반입, KJCCS 로그인 자료 등을 공작원 측과 이씨에게 제공한 것으로 확인됐다. 경찰과 안보지원사는 공조를 통해 현장 잠복과 통신영장 집행 등을 통해 증거를 확보했고, A대위와 이씨는 결국 검거됐다.
군사안보지원사령부와 국방부 검찰단은 “이번 사건은 북한 해커에게 포섭된 최초의 현역 군인 간첩혐의 사건으로, 군에서 사용중인 전장망이 해킹됐다면 대량의 군사기밀이 유출되어 국가 안보에 심대한 위험을 초래할 수 있었지만, 경찰과의 유기적인 공조 수사를 통해 사전에 이를 차단할 수 있었다”고 했다. 경찰청 국가수사본부는 “해킹장비가 완성돼 전달되었다면 ‘KJCCS’ 해킹을 통한 군사기밀이 유출됐을 것”이라며 “향후에도 유기적인 공조를 통해 국가안보를 위협하는 범죄에 대해 엄정 대응하겠다”라고 했다고합니다
이사람들은 국가보안법을위반했고 우리나라에 중요한 군사기밀 유출 까지 할뻔 했습니다
실제로 A대위는 지난해 11월 북한 해커의 지령을 받고 △국방망 육군 홈페이지 화면 △육군 보안수칙 등을 촬영해 '텔레그램' 메신저로 전송한 것으로 확인됐다. 관련 자료에 대한 대가는 암호화폐(비트코인)였다. A대위는 이후에도 군사기밀·자료를 여러 차례 전송했으며, 그 대가로 약 4800만원 상당의 비트코인을 받은 것으로 나타났다고합니다
반드시 이 장교와 민간인을 강력처벌과 신상공개 촉구합니다",897,/19th/www.president.go.kr/petitions/605312
605311,어린이수영학원 강사의 지능적 괴롭힘..처벌해주세요.,육아/교육,2022-04-29,2022-05-29,naver - ***,청원종료,"어린이 수영학원에 다니고 있습니다.
처음에 제가 따라가서 유리벽너머로 쳐다보고 있을때는 괜찮았는데 적응이 되었지싶어 셔틀태워 학원을 보냈고,
친한친구와 함께 수업을 받을때도 그 친구의 엄마가 지켜보고 있어서였는지 아이는 별다른 어려움없이 학원을 잘다녔습니다.
그런데 친구가 레벨이 올라가면서 시간이 달라지고 지켜보는 사람이 없게되면서 아이가 수영을 그만두고싶다고 자꾸 보채기 시작했습니다.
아직 자세만배우고있고 막상 물에떠서 수영하는건 들어가지도 않았는데 지금 관두면 아깝다는 말을하며 달래고달래서 겨우보냈는데 어느날 수영학원다녀온날, 아이가 턱이부어 울면서 셔틀에서 내렸습니다. 
놀이수영하는 날인데 강사가 갑자가 집어들어 다른아이가 있는곳에 던졌다는겁니다. 다른아이가 있는줄 몰랐다며 턱뼈를 눌러보며 뼈뿌러진거아니라고 울지말고 그치라고 해서 억지로 울음을참다참다 셔틀내려 부모를 보자마다 울음이터진거였습니다.
당시 턱이 계속 붓고 약도못바를만큼 아파해서 병원에갔더니 턱은 신경이지나가는부위라 뼈가딱 부러지지않아도 보이지않는손상이 많다고 하셨습니다. 한약재로 만든 약 처방받고 침치료하고 약바르고 했는데 거의 일주일이상 약을바를때마다 아야아야..아파했었구요. 
어이없는건 놀다보면 아이들이 부딪히는 일이 있다며 비용청구하면된다는식의 말이었습니다. 아이가 놀랬겠네요. 저런 아프겠다..이러면서 막상 본인잘못은 없고 운이없었다는식.. 아이가 불안해하니 수영수업가면 사과라도 좀해달라고 앞으로 좀더안전하게 잘부탁한다고 했는데 제가 그날 따라가서 지켜보고 있었는데도 뻔뻔하게 왓어? 이러고 평소처럼 수업을시작했습니다...
아이는 또 어느날 말했습니다.
자꾸 온몸을 세게간지럽히는게 너무싫다고..
어딜간지럽히냐니 겨드랑이 옆구리 가슴쪽 아랫배 허벅지...
곧 2차성징시작할 여자아이인데..좀 문제가 심각해보입니다.
아이는 ""하지마세요 제발하지말아주세요. 그만해요..""
이렇게 소리질렀다는데 그 강사는 막무가내였다합니다. 한두번이 아니었다합니다...ㅠㅠ
그냥 별거아닌걸로 엄마한테 말해도 그 선생님이 친해지려고한 행동이니 어차피 다녀야되는건데 소용없을거같아 말을 안했다합니다. 
턱을다친 날 그얘기를 처음으로꺼냈고 너무 싫었다고 합니다.
친해지려고 재밌게해주려고 그런게아니라 눈빛도 먼가 잔인하게 느껴졌다합니다.
제가 전화를한번더해서 간지럽히는것도 안하셨음좋겠다고 말을했습니다. 그후로는 온몸 간지럽히는 일은 없었습니다.
그런데 놀이수영시간에 자꾸 얼굴정면에대고 큰물총을 쎄게쏜다합니다. 아주아주따가워서 피하는데도 집요하게 따라다니면서 얼굴만..공격을한다고..
그리고 바로 4월25일 오후6시, 저희아이는 수영하는중에  뒤에서 덮친 강사가 6초라는 준비되지않은 시간동안 호흡이안되고 빠져나오려는 발버둥을 심하게치다가 다리를절뚝일만큼 근육경직이 심한상태가 되었습니다.
이틀이 지나서도 풀리지않을만큼 골반, 무릎위, 종아리뒤쪽이 심하게 뭉쳐있습니다.
아이는 6초 후 강사의제압에서 풀려나자마자 겨우 숨을 쉴수있게되었고 울고말았습니다. 역시 우는아이에대한 대처는 무시자체. 울어? 다리아파? 쥐났었나보네. 쥐난적없어? 에게. 그렇다고 그까짓걸로 울어?.....
아이는 꼬르륵 하면서 물속에서 억지로 물마시고 무서웠던 상황에 대해서는 일언반구 얘기도못꺼내보고 쥐난거다 울지좀마라는 핀잔만듣고 그날수업을 마쳤습니다.
이날은 정말 아이가 셔틀에서내리자마자 오열을 했습니다.
작은 아이의 턱과 마음을 멍들게한 그 강사는 놀아주려했던거고, 다른 애들은 안운다는 식입니다.
아이가 강사님 방식 즐거워하지않으니 장난안해주셨으면 좋겠다고 부탁드렸는데 깜박하고 물에 처넣었다고 합니다.
끝까지 뻔뻔스럽고 교묘한 저 비상식적인 사람을 아동 성추행과 아동학대죄로 다스려주실수있을까요? 
물을 시러하게된 많은 분들이 저러한 비열한 강사에게 물고문장난 당한 사건들이 안좋은 트라우마로 남아있는경우를 말해주셨습니다.
다른아이들에게도 더이상 피해가지않도록 교묘하게 적당한 수준에서 아이들을괴롭히고 걱정하는척만하는 인간들 우리나라 지능범죄수사대에서 진위파악과 엄중한벌로다스려주세요..아이들이 안전한세상에서 좀더 편안한 마음으로 살게되면 좋겠습니다.",242,/19th/www.president.go.kr/petitions/605311
605310,국회해산을 국민투표에 붙여줄 것을 청원합니다.,정치개혁,2022-04-28,2022-05-28,naver - ***,청원종료,"""국회 해산을 국민투표에 붙여줄 것을 청원합니다.""
< 청원 요지 >
우리 국민은 대통령에게 다음과 같은 내용을 국민투표에 붙여줄 것을 청원합니다.
1. 국회는 이 국민투표가 확정된 날로부터 해산된다.
2. 국회의원의 임기는 국회해산과 동시에 종료한다. 
3. 국회가 해산된 날로부터 30일 이후 60일 이내에 국회의원선거를 실시한다.
<내용 요약>
대한민국은 ‘민주공화국’으로, 국회의원은 국민을 대표해 입법권을 행사합니다. ‘대화와 토론’으로 국민 의사를 확인하는 과정을 거쳐야 합니다. 절반이 넘는 171석을 차지했다고 제멋대로 입법권을 행사하도록 허락한 것이 아닙니다. 21대 국회가 들어서자 더불어민주당은 상임위원회의 위원장 독식에 나섰고 야당과 타협을 거부했습니다.
그러더니, 정권의 임기 말 ‘검수완박법’을 들고 나와 검찰에 남은 6대 범죄 수사권의 완전 박탈이 ‘마치’ 국민들을 위한 것인 듯 목소리를 높입니다. 6대 범죄는 가진 자, 있는 자라면 몰라도 일반 서민들은 해당되지도 않습니다. 국민을 위한 입법이라는 선전은 국민을 무식하게 보는 태도입니다. 내부에서 신중론도 나오지만 당론으로 결정해 밀어붙이는 오만함을 보이고 있습니다. 단 10일 만에 법률 개정을 외치며, 국민 뜻은 물어볼 생각도 없습니다.
야당도 마찬가지입니다. 그럼에도 야당(국민의힘) 원내대표는 국회의장이 제안한 중재안을 덥석 물었습니다. 국민의 민심을 살피는 태도는 전혀 없습니다. 여당의 ‘입법폭주’를 비판하던 야당이 무슨 이유에선지, 조건 없는 수용에 나섰습니다. 여당이나 야당, 어느 곳에도 국민은 없었습니다. 
이제, 국민은 국민 의사를 반영하거나 그 뜻을 대표하지 못하고, 마치 국민을 그림자처럼 여기는 국회의원들을 두고 볼 수만은 없습니다. 국민은 그들에게 위임했던 입법권을 중지시키고자 합니다. 이에 헌법 72조에 따라 국회를 해산하는 국민투표를 요청하고자 국민청원을 올립니다. 
=====================================================================
 1> 청원 이유
검수완박법은 그 개정 대상 조항 자체가 방대합니다. 개정안에 제시된 신구조문대비표 항목이 150여 개에 이릅니다. 1독회를 하는 데에만도 수십 시간이 소요되는 방대한 양입니다. 내용을 살펴보면, 1954년 형사소송법 제정 당시부터 지금까지 시행되던 검사의 수사권 또는 수사지휘권을 완전히 박탈해서. 모든 수사권을 사법경찰관리에 부여하는 것입니다. 이때 수사권에는 임의수사뿐만 아니라, 구속, 압수, 수색 등 강제수사가 포함됨은 물론입니다. 실로 형사사법에 대한 혁명입니다. 이런 혁명적 법률 개정은, 당연히 ‘주권자 국민의 뜻’에 따라야 합니다. 
이처럼 중대한 법률을 개정하는데, 국회는 국민의 뜻을 살펴볼 생각을 하지 않습니다. ‘대화와 토론과 타협’을 위해 마련된 국회법 입법절차를 철저히 외면하고 있습니다. 국회법이 정한 상임위원회 절차, 안건조정위원회 절차, 본회의 절차 규정을 제멋대로 회피하거나 탈법적으로 우회하는 것입니다. 안건조정위원회 절차의 경우, 자기를 편들 것이라고 믿는 무소속 의원을 편법으로 사·보임하더니, 이도 여의치 않자, 자당 소속 의원을 위장 탈당시켜 야당 몫으로 둔갑시키는 일도 서슴지 않았습니다. 
2년여 전, 검경수사권을 조정하는 형사소송법, 검찰청법이 개정된 적이 있었습니다. 그 후, 국회는 형사사법에서의 국민 인권이 어떻게 변했는지를 국민에게 보고한 적도 없었습니다. 사실, 그동안 국민은 수사기관들이 사건을 이리저리 떠넘기고 미루고 있어 범죄 피해자들이 제대로 고소인 진술도 못 하는 상황이었습니다. 그 속에서 돈 있고, 권력 있고, 영악하고 대담한 범죄자들은 살판나 있었습니다. 결국, 유전무죄, 무전유죄, 유권무죄, 무권유죄가 더 심각해진 상황이라고 볼 수 있습니다. 이런 현실에 대한 통계도 제시하지 못하면서, 검수완박법을 내놓고, 10여 일 안에 처리하겠다는 발상은 그 자체가 주권자 국민에 대한 ‘돌이킬 수 없는 실례’입니다. 
이런 폭주를 보고 박병석 국회의장이 중재안을 내놓자, 야당 원내대표라는 국회의원은 서둘러서 조건 없이 수용하면서, 입법폭주에 박차를 가했습니다. 여당의 입법폭주가 국민을 무시한다고 비판했던 야당이 또다시 국민에게 물어보지도 않은 채, 덥석 제멋대로 결정해서 야합한 것입니다. 여당과 야당이 모두 국민을 무시하는 형국입니다. 두 정당 국회의원이 모두 국민을 그림자처럼 보고 있는 것입니다. 
그 행태는 충분히 설명할 수 있습니다. 사실 이번 검수완박법 개정의 실질이 ‘가진 자, 힘 있는 자’들에 대한 수사권을 모두 경찰로 옮기는 것이라는 점입니다. 이번에 이전되는 6대 중대범죄 수사권은 서민 대중에 대한 수사권이 아닙니다. 저들은 검사보다 경찰에서 수사받은 것이 수월하다고 생각하는 것입니다. 이런 내용의 검수완박법을 ‘국민 문제’라고 포장해서 떠들면서, 국민의 뜻을 묻지도 않고, 저들끼리 처리하고 있는 것이 작금 현실의 요약입니다. 
 2> 청원 의의
정리합니다. 국민을 무시하는 국회는 더는 국민의 대표기관이 아닙니다. 현행 제21대 국회는, 여당, 야당을 가리지 않고, 사익과 공익을 제대로 구분하지 못하는 사람들로 구성되어 있습니다. 국회의원의 지위를 이용해서 자신의 신분적 특권을 누리는데 급급한 사람들입니다. 자기들의 사익을 추구하는 붕당, 자기들의 특권 유지를 위한 패거리 집단입니다. 조선 중기, 후기에 보았던 붕당정치의 재현입니다. 이런 붕당정치를 그대로 놓아두면, 결국 전쟁 없이 일제에 나라를 빼앗겼던 치욕을 되풀이할 것이 뻔합니다. 
마치 독일 히틀러의 나치 시대를 연상케도 합니다. 국회의 절대다수를 차지한 집권당이 헌법을 무력화하고 법률을 저들끼리 제멋대로 만들어서 국민의 주권과 인권을 침해했었고, 그 결과 유대인학살과 2차 세계대전의 인류 비극을 초래했었습니다. 
더욱 두려운 것은, 현재 국제 상황이 대한국민을 위험에 빠뜨리는 국면으로 접어들고 있다는 점입니다. 패권국 미국과 중국은 으르렁거리기를 넘어서서 일촉즉발의 대치 국면으로 치닫고 있습니다. 최근 러시아와 우크라이나 사이의 전쟁이 길어지면서, 그것을 빌미로, 제2차 세계대전 전쟁 주범이었던 일본과 독일은 군비 확장의 기회를 놓치지 않고 있습니다. 이런 상황에서 어리석게도, 북한은 연일 미사일을 쏘아대면서, 한반도의 위기 상황을 부추겨서 남북한의 국제적 대리전쟁 위험성을 높여가고 있습니다. 이런 한반도 위기를 걱정하기는커녕, 검수완박법을 둘러싸고 저들끼리 싸우고 담합하면서, 국민을 완전히 무시하는 것은 국가의 기본질서를 근본적으로 훼손하고, 국가안위를 심각하게 흔드는 것이라고 아니할 수 없습니다. 최근 어떤 시민단체가 검수완박법 관련 의원들을 내란죄 고발한 것은 이런 의미라고 할 것입니다.
 3> 청원
선언합니다. 국민은 주권자입니다. 그리고, 국회는 국민으로부터 위임받은 권력을 행사하는 기관일 뿐입니다. 국민은 주체이고, 국회는 국민을 위한 객체입니다. 위임받은 권력은 위임자의 뜻을 따라야 합니다. 권력을 위임받은 국가기관이 이를 이용해 자기의 사적 이익을 추구할 경우, 즉 국가권력을 전횡해서 국민의 주권적 지위를 무시할 경우, 국민은 주권자로서 자신을 지키기 위해 국가권력 위임을 중지하고 저항할 권리를 가집니다. 
국민은 헌법을 자의적, 폭력적으로 폐지하려고 시도하는 국가기관에 대해서 가능한 모든 방법으로 저항할 권리를 가집니다. 실제로, 우리 대한국민은 저항권을 행사한 적이 있습니다. 3.1운동과 4.19혁명, 5.18광주민주화운동, 6월 민주항쟁, 촛불혁명이 그것입니다. 
이제, 대한국민은, 국민의 뜻을 무시하고, 민주적 기본질서를 위배하고, 한통속이 되어 자기 기득권, 자기 사익을 챙기기에 혈안이 된 현행 제21대 국회에 대해서 국가권력의 위임을 중지합니다. 제21대 국회는 국민의 이름으로 해산되어야 합니다. 
다만, 우리 국민은 이 문제를 더 평화적으로 해결하고자 합니다. 충분한 직접민주제는 아니지만, 그래도 활용할 여지가 조금은 남아 있는 헌법 제72조 국민투표에 호소하고자 합니다. 헌법 제72조는 “대통령은 필요하다고 인정할 때에는 외교·국방·통일 기타 국가안위에 관한 중요정책을 국민투표에 붙일 수 있다”고 규정하고 있습니다. 삼권분립의 관점에서 대통령에게 국민을 대표해서 국회의 전횡을 견제하도록 국민투표를 부의할 수 있도록 한 규정입니다. 
이에, 우리 국민은 대통령에게 다음 사항을 국민투표에 붙여줄 것을 청원합니다.
1. 국회는 이 국민투표가 확정된 날로부터 해산된다.
2. 국회의원의 임기는 국회해산과 동시에 종료한다. 
3. 국회가 해산된 날로부터 30일 이후 60일 이내에 국회의원선거를 실시한다.
공정과 상식을 위한 시민동행 상임대표 ***, ***, ***, 정책위원장 ***
 [본 게시물의 일부 내용이 국민 청원 요건에 위배되어 관리자에 의해 수정되었습니다]","125,991",/19th/www.president.go.kr/petitions/605310
605309,박병석법 발의해주십시오.,정치개혁,2022-04-28,2022-05-28,naver - ***,청원종료,"﻿판단력이 흐리고 개인의 안위만을 생각하는 의장이 휘두르는 권한때문에 
뜻있는 의원님들과 국민들이 피땀으로 일구어낸 검언정상화가 막혀버렸습니다.
불합리하게 영향력을 행사하는 국회의장의 권한을 축소해주십시오.","4,280",/19th/www.president.go.kr/petitions/605309
605308,중환자실 면회허용해주세요~!!,보건복지,2022-04-28,2022-05-28,naver - ***,청원종료,"아버지가  불의의 교통사고로  많이 위중한상태입니다.
코로나로 중환자실  면회가 안된다고 거절만당하고  있습니다.
몇일 버티실지 모르는 상횡인데..
가시는길  가족들 얼굴볼수있게  제발  면회 허용하게  해주세요
간절합니다.
코로나 방역수칙이 많이 풀렸는데
중환자실 면회만  안풀린 상황으로
가족들의 마음은 애가탑니다
불쌍한 아버지..
가해차량 과실로 사고까지  난것도 억울한데..
그런 아버지를 뵙지도 못하게 하고..
제발 중환자실 면회 허용해주셔서  한번이라도 더 아버지 얼굴 볼수있게해주세요!!!!!!!!제발
병원에서는 2-7일의시간 밖에  남지 않았다고 합니다..ㅠ
임종 직전에만 볼수있다는게  말이 됩니까?
불쌍한  우리 아버지..
아버지  얼굴 한번만 더 볼수있도록..퉁퉁부은 손,발  한번이라도 더 주물러 드릴수 있도록 면회허용해주세요.
자식으로서  해드릴수 있는게  아무것도  없어  너무슬픕니다.
영영  못볼생각에  애가타고 속이 타들어갑니다.
제발 한번이라도  손 잡아 드릴수있게  방역수칙준수하여 
 면회할수있도록  하루빨리 면회허용을  청원합니다",459,/19th/www.president.go.kr/petitions/605308
605307,술먹고 남의차를 운전해서 폐차시키곤 실수라서 처벌할수 있는 법이 없다고합니다,교통/건축/국토,2022-04-28,2022-05-28,kakao - ***,청원종료,가해자가 술먹고 음주로 제차를 폐차급으로 사고를 냈습니다. 저랑 똑같은차종이지만 색상은 가해자는 색상이 블루 제차는블랙입니다 . 저는 대리운전을 불러서 시동을 걸어놓고 키는 제가 소지하며 있었습니다. 그리고 실내에 들어와 있었는데 집에간다고 하며 나가선 제차를 운전해서 단독사고를 냈습니다 .당시 보상해주겠다고 하여 그자리에서 경찰에 신고를 안하고있었지만  해결안하고 도망가자 경찰에 지연신고를 했습니다. 가해자는 차량의 색상을 구분하지 못할정도인데 몰래 차를 끌고 나가서 사고를내고 보상해준다고 했는데 도망가고 법대로 하라며 나몰라라 하고 있지만 대한민국의 법에 고의가 아니라서 처벌할수가 없다고 합니다  실수라서 정상참작이 되며 가해자는 맘편히 살고 피해자는 하루하루 스트레스속에 살고 있습니다,375,/19th/www.president.go.kr/petitions/605307
605306,군무원은 저렴한 군인인가,외교/통일/국방,2022-04-28,2022-05-28,kakao - ***,청원종료,"국방개혁2.0의 일환으로 군의 전문화 및 저출산으로 인한 병력 공백 개선으로 군무원을 대규모 충원하고 있습니다. 그런데 본 정책의 취지와는 다르게 군무원을 군인의 혜택을 주지 않는 군인으로 이용하려는 상황입니다. 
본래 취지는 전투 업무 외에 부분을 군무원들로 특화시켜 효율을 올리고 비전투 업무에 종사하는 군인들을 전투 관련 업무에 더 집중해서 배치하며 전문성을 바탕으로 군의 첨단화로 군사력 강화를 이끈다는 것이었는데, 현재 상황은 이상한 방향으로 가고 있습니다. 군 장성 및 지휘관의 자리 유지 명목으로 군무원을 저렴한 군인화시키려는게 현재 군의 행태입니다. 
군무원은 국제법상 총기를 사용하지 않도록 되어 있음에도 불구하고 시행령 개정으로 총기를 지급하려 하고 있으며, 현재 여러 부대에서는 규정에도 제외된 훈련에 임의로 군무원을 참가시키고 있습니다. 그에 따라 군무원도 주업무와 업무 능력 강화보다 훈련이 더 중심이 되고 있구요. 
군무원은 군인들이 굳이 할 필요없는 행정이나 물류, 정비 같은 비전투 업무 분야를 지원하고 전문성을 키워 업무 효율을 상승시켜 군인들이 전투 분야에 더 집중하고 훈련을 더 열심히 하여 더 강한 군대가 되도록 하는 존재 입니다. 그런데 군무원에게 업무 전문성을 키우도록 하는 방향이 아니라 어중간하게 업무와 훈련을 다 하게 한다면 군의 전문화가 과연 얼마나 이루어질까요? 아무런 처우 개선 없이 사명감을 강요하는 것으로 이것이 달성될까요?
군무원들 상당수가 해당 분야의 지식이나 경력을 가지고 들어오는 사람들임에도 불구하고 이들은 이렇게 밖에 활용 못하는 상황이 안타깝습니다. 
제가 겪은 군대는 민간에 비해 기술력이나 업무 효율이 상당히 떨어지는 상황입니다. 군인 분들은 수시로 바뀌는 업무로 인해 새로운 업무에 적응하기 바쁘고 훈련은 실전성이 떨어지는 상황입니다. 민간에서 사용되는 좋은 기술이나 장비, 뛰어난 기법들에 비해 최소 10~20년 가량 뒤쳐져 있는게 현실입니다. 
국방개혁 2.0이 4차 산업혁명에 따른 군의 첨단화도 목표로 하는데 과연 이런 체제로 군대가 구식 형태에서 벗어날 수 있을까요? 워리어플랫폼 같은 말만 거창한 계획은 도대체 언제 이루어지는 겁니까?
군무원을 저렴한 군인으로 부리지 말고 군인, 군무원 각자 맡은 부분에서 최고가 될 수 있도록 맡은 부분을 특화시킬 수 있는 방향으로 발전 되기를 바랍니다.",267,/19th/www.president.go.kr/petitions/605306
605305,윤석열 당선인 탄핵,정치개혁,2022-04-28,2022-05-28,naver - ***,청원종료,"윤석열 당선인이 몸 담고 있는 국민의 힘은 지난 방역지원금2차 추경 당시 1000만원 보상이 아니면 민주당과 합의를 보지 않겠다고 버티며 대선 공약으로 소상공인 1000만원 지급을 1번으로 내세웠습니다.
청와대 용산으로 이전, 취임식 역대 비용 임기 시작도 전에 국민의 세금을 이해할 수 없는 용도로 물 쓰듯 써가며 정작 코로나인해 무조건적인 희생을 강요 당해 피해 입은 자영업자, 폐업 후 빚에 허덕이는 실업자들은 살필 생각도, 그들에 대한 보상도 외면 하고 있습니다. 
당선 직후 소상공인 1000만원 지급 공약으로 표를 얻어 0.7프로 차이로 당선이 되었고 공약을 지키지 않는 윤석열 당선인에게 탄핵이란 선물을 안겨주고 싶습니다.","9,925",/19th/www.president.go.kr/petitions/605305
605304,미성년자 초등학생 남자아이를 중학교 3학년 여학생이 성추행한 사건입니다.,기타,2022-04-28,2022-05-28,naver - ***,청원종료,"청원내용
서울 ***의 유명한 ****을 운영하는 부부의 딸 (가해자, 당시 중3, 현재 고2)이 청원인의 조카아이 (피해자, 당시 초5)를 강제로 성추행하고 유사성행위를 강요하여 경찰 수사 중에 있습니다. 가해자는 현재 대부분의 사실을 모두 인정하였지만, 사건 발생 일자를 촉법소년적용시점으로 맞추고자 실제 발생일보다 1년이나 더 전으로 교묘하게 조작하고 있습니다.  아울러 가해자의 부모는 모든걸 인정하나 자신의 딸이 정신적으로 문제가 있어서 벌어진 일이라며 정신과 감정서를 제출한다고 합니다. 촉법소년이 아님에도 촉법소년이어야만 형사처벌을 면할 수가 있기 때문에 사건의 발생일을 실제 발생일보다 1년이나 다르게 주장하고 심신미약을 주장하기 위해서 체계적이고 지능적 상습범인 멀쩡한 딸을 정신이상자로 만드는 그 부모의 행위가 너무 어처구니가 없고 화가 나서 청원을 하게 되었습니다. 피해자는 아직 적절한 사과를 받지 못했습니다. 가해자는 성추행과 유사성행위가 단순한 사춘기 호기심에 벌어진 일이며 아무것도 아닌 일인 양 대처하고 있습니다. 
사건의 기초내용
1. 사건의 발생 일시 : 2020년 2월 6일
2. 사건의 발생 장소 : 서울 용산구 소재의 가해자의 집.
  (가해자와 피해자는 같은 건물에, 가해자는 3층 피해자는 1층에 거주하고 있습니다.) 
3. 사건발생의 경위: 
  가해자는 2020년 2월 6일 오후에 같은 중학교에 다니고 있던 피해자의 친 누나에게 전화를 걸어 피해자를 바꿔 달라고 하여 “할 얘기가 있으니 3층으로 잠깐 와 달라”고 함.  피해자는 아무 생각 없이 3층에 사는 누나가 불렀기 때문에 3층 가해자의 집으로 감. 가해자는 당시 셔츠와 팬티만 입고 있었으며 피해자가 문 앞에서 “왜 옷을 그렇게 입고 있냐”고 묻자, “집이라서 괜찮다.”며 잠깐 들어오라고 함.  피해자는 “할 얘기 빨리 하라”고 하였고 가해자는 잠깐 들어오라며 피해자의 손을 끌고 현관문 앞에 있던 자신의 방으로 데리고 감.  가해자는 피해자에게 자신이 즐겨보는 드라마가 있는데 이거 보고 이대로 따라 해 달라며 피해자에게 자신이 보던 야동을 보여주며 피해자의 손을 잡고 자신의 침대로 데리고 가서 자신은 침대 위에 눕고 피해자에게 자신의 위에 올라오라며 푸쉬업 자세를 직접 보여주며 이렇게 해보라 함.  놀란 피해자에게 괜찮다며 자신의 엉덩이와 깊은 곳을 만져달라며 강요함.  피해자는 놀라 어쩔 줄 몰라 하는데 가해자가 피해자의 손을 자신의 골반에 가져가 엉덩이와 깊은 곳을 만져 달라 하고 유사성행위를 강요함.  피해자는 수치스러움에 방을 뛰쳐나와 1층으로 도망 나옴.  
4. 사건인지의 경위:
  사건 발생 당일 저녁 6시쯤 가해자의 부모가 피해자의 엄마에게 전화해서 당일 자신의 딸이 피해자를 불러서 “사춘기호기심”에 엉덩이를 한번 만져달라고 했고 실제로는 아무 일도 없었으며 그저 사춘기 호기심에 벌어진 해프닝이기 때문에 별일 아니라고 함.  피해자의 엄마는 회사에서 근무중이였기에 퇴근 후 피해자에게 자초지종을 물었으나 당시 피해자는 초등학교 5학년이었으며 아무 일도 없었다고 아무 얘기도 하고 싶지 않다고 하였고, 당시에는 대수롭지 않게 넘어감.  하지만 얼마 전 아주 우연히 피해자의 엄마가 3층 가해자가 그때 당시 해당행위가 피해자에게는 처음이었으나 해당 행위들이 처음이 아니었다는 사실과 비슷한 다른 전력이 있다는 사실을 알게 됨.  혹시 몰라 피해자의 아들에게 당시 있었던 일을 캐묻기 시작했고 “아무 일도 없었던 단순한 사춘기 호기심”이었던 일이 사실은 강제 성추행에 유사성행위의 강요가 있었던 사실을 알고 무너짐.  피해자의 엄마는 자신이 당시 더 깊이 사건을 파헤치지 않고 가해자의 부모 말만 믿고 얘기하고 싶어 하지 않는 피해자를 더 다그치지 않고 더 묻지 않아 같은 건물에 피해자와 가해자가 2년이나 살았다는 사실에 무너짐.  가해자의 부모는 평소 주변에 좋은 평판이 있고 ***에서 유명한 빵집을 운영하고 있고 같은 건물에서 여러 해를 살았기 때문에 설마 거짓말을 할 것이라는 생각을 피해자의 엄마는 하지 못함. 피해자도 당시에는 너무 수치스럽고 무서워서 말하지 못했는데 이제는 중학교 1학년이고 다신 이런 일이 있으면 안 되기 때문에 용기를 내어 엄마에게 이야기했다고 함.  모든 사실을 알게 된 피해자의 엄마가 가해자를 용서할 수 없어 고소함. 
5. 고소 및 수사의 진행:
  가해자 부모의 두 얼굴을 알게 된 피해자의 엄마가 피해자와 가해자를 고소함.
  사건은 관할 경찰서에서 서울경찰청 여청수사대로 이관 되어 조사가 진행됨.
  가해자는 사실을 인정하고 사건 일자가 자신이 수영장을 다녔던 2019년도라고 주장함.  하지만 이는 사실이 아니며 2019년도에 벌어져야 촉법소년으로 형사처벌을 피해갈 수 있기 때문인 듯함. 가해자의 부모는 당시 가해자가 어리고 단순 사춘기 호기심이며 정신적으로 문제가 있어서 벌어진 일이기 때문에 정신과 진단서를 제출하겠다 함. 천만다행으로 가해자의 엄마가 당시 통화 내역과 문자를 찾아 정확한 피해 일자를 확인하여 사건 당시 가해자는 만 14세 이상으로 촉법소년이 아니라는 증명을 수사대에 보냄. 
가해자의 부모가 처음부터 거짓으로 사건을 은폐하려고 하였고, 이제 모든 게 밝혀진 현 상황에서도 멀쩡하게 현재 서울소재 제과제빵고등학교 2학년에 재학 중인 딸을 심신미약, 정신질환 및 단순사춘기 호기심 및 촉법소년등으로 몰아 사건을 축소, 은폐, 무마하려고 하고 있음.  피해자와 피해자의 엄마는 현재 트라우마를 겪고 있으며 아직 적절한 사과를 받지 못함. 
6. 글을 마치면서..
사건의 내용을 정리하면서 손이 떨리고 정말 너무 화가 납니다. 
청원인도 이 사실을 얼마 전에 알게 되었으며 진행사항을 듣고 너무 괘씸하고 화가 나서 이 억울함을 풀어낼 곳이 없어 청원을 하게 되었습니다.  중학생 여자아이가 자주 보는 야동이 있다는 것도 경악스럽지만, 야동을 보다가 아랫집에 사는 초등학생을 불러 유상성행위를 강요하고 그러한 경우가 처음이 아니며 피해자인 조카 뿐 만 아니라 다른 피해자도 있을 수 있다는 사실을 글을 쓰는 이 순간에도 믿기가 어려울 정도입니다. 
세상이 정말 말세인가 봅니다.  
사건의 실행경로를 보았을 때 상습적으로 자신의 성적 욕구를 채우기 위해서 계획하여 벌어진 일인데, 이것이 가해 여학생의 정신과 치료경력과 무슨 상관이 있는 것인지 사건의 본질을 흐리고 은폐하려는 그 부모의 행위가 너무 화가 납니다.  
만약 이 사건이 여학생이 남자아이에게 행한 게 아닌 남학생이 여자아이에게 행한 사건이라고 하면 똑같은 사건에 대해서 지금과 같은 말도 안 되는 변명이 용납될 수 있을까요?  남자아이도 여자아이와 똑같은 인권을 가지고 있습니다. 똑같이 상처 받고 여자아이와 다를 바 없는 피해자입니다. 피해자와 그 가족이 적절한 사과를 받고 가해자는 옳은 처벌을 받을 수 있도록 도와주세요.
 [본 게시물의 일부 내용이 국민 청원 요건에 위배되어 관리자에 의해 수정되었습니다]",957,/19th/www.president.go.kr/petitions/605304
605303,공공지원 민간 임대 아파트 청년특별공급에 대한 민원 및 보상 요청 건,기타,2022-04-28,2022-05-28,kakao - ***,청원종료,"공공지원 민간임대주택<*** ** * 아파트>
공급위치:경기도 평택시 *** **
①공급유형
▶신혼부부 특별공급
▶청년 특별공급
▶일반공급
위 공급유형 中 [청년 특별공급]에 당첨된
임차인으로 거주중에 있습니다.
모집공고문과 계약당시 내용과 현재(2022.04.18.) 재계약 시 임차인 자격요건 유지조건이 변경 되어 혼인신고를 하게 되면 유예기간 없이 퇴거조치라는 큰 불이익을 당하게 생겼습니다. 이에 민원을 접수합니다.
②계약당시 확인내용
▶모집공고문에서부터 재계약시 혼인 중에 있으면 재계약 불가라는 내용은 없습니다.
▶당첨 후 계약하기까지 수차례 유선 상 구두 상으로 제차 여러 번 확인한바 최초 계약 당시에만 충족되면 되는 자격요건으로 추후 재계약시엔 무주택여부와 소득요건만으로 진행된다는 답변을 받았습니다.
(구두 상 : 따로 문서를 작성하지 않고 말로만 하는 것)
※구두로 한 계약도 원칙적으로는 법적 요력이 있다.
꼭 계약은 아니지만, 계약을 주관했던 계약행정센터 직원들에게 수차례 확인받은 내용이므로 시행사 및 사업주체의 실수입니다.
저희 계약한 청년임차인들이 교육도 안받은 알바생들과 계약을 한 것은 아닐테니까요
▶제가 유선상 확인할때 청년형으로 당첨된 사람은 2년후 재계약시 혼인을 하게되면 퇴거해야하는지 문의 드렸습니다. 돌아온 답변은 그럼 청년으로 들어온 사람들은 최대 8년 거주 할 수있는데 8년 동안 결혼을 하지 말라는게 되기 때문에 그 요건은 재계약시부터는 보지 않는다는 답변을 들었습니다. 허나 변경된 유지조건은 34~39세에 청년으로 들어오게 되면 42~47세까지 혼인을 못한다는거네요
▶계약서를 작성할 당시에도 *** ** **** 아파트 계약행정센터(주거서비스지원센터)남자직원분께 구두상으로 문의드렸을때 혼인으로 인한 주택소유일 경우가 아니라면 무주택여부와 소득요건만 본다, 혼인신고가 되어 있을 경우 배우자의 소득을 확인 한 후 조건 충족이 된다면 제약없이 재계약을 할 수 있다는 대답을 듣고 계약하였습니다.
▶현재 변경된 유지조건 내용이 공고되 문의하니, 작년 모집당시엔 안그랬는데 이제와서 국토교통부에서 안된다고 했다고 미리 공지하는거라는 답변을 받았습니다.
법령이 바뀌지않는이상 재계약은 불가능하다면 처음부터 사실과 다른 응대와 미흡한 안내, 잘못된 공고를 시행사와 사업주체가 책임을 지고 계약조건을 신혼부부나 일반으로 변경해주시어 피해가 없게 해주셔야된다고 생각합니다.
혹은 법령때문에 아니된다라는 말을 하신다면 법을 위반하지 않는 방법으로 저희에게 신혼부부나 일반으로 신규계약을 할 수 있도록 우선권과 이사비용에 대하여 보상해주셔야 한다고 생각합니다. 저희는 하루 아침에 집에서 퇴거 조치를 당할 거라는 불안감을 가지고 사기를 당하였다니 억울함을 가지고 살아가고 있습니다. 
▶이제와서 일반공급에 대한 답변이였다는 변명도 말이 안됩니다.
일반공급이면 그런 문의를 할 이유가 없지않습니까?
청년형이니 당연히 그런 질문을 한것이지요.
응대나 공고가 잘못되었음에도 잘못을 인정하지않고 계속해서 통화할때마다 다 다른 변명을 하고있는 계약행정센터 직원분들은 알바인가요? 교육이되고 민간임대주택에 대한 법령을 어느정도는 알고계신 직원들이여야하는것 아닌지요?
▶""입주자모집공고 관련사항은 사업주체 또는 분양사무실로 문의하시기 바랍니다.""
모집공고문 문구처럼 당첨 전 후 임차인들이 문의한 내용에 대해 돌아온 대답들에 대한 책임을 계약조건을 변경으로 해주시길 바랍니다.
▶임대아파트를 공급하는 취지에도 청년의 내집마련이 힘든 결혼율도 점차 낮아져 결혼장려를 지원 사업을하는 현재에 주거를 보장하려고 지원하는건데 혼인중이면
재계약불가라는건 크게 모순인거같습니다. 사실 소득이 높고 사는데 걱정없다면 임대아파트에 매달 월세에 대출이자까지 내면서 거주할까요? 또한 청년으로 임대아파트에 입주하였어도 갑작스러운 결혼이나 임신으로 인한 혼인신고를 할 수도 있는 것인데도 무조건 유예기간이나 보상도 없이 계약이 만료되면 즉시 퇴거라는 건 말이 되지 않습니다.
그러니 공공지원 민간임대주택이고 소득요건을 평균소득의 100% 110% 120%이하로 조건이 있는것이구요.
▶현재 청년형으로 이러한 피해자분 임차인들이 많습니다.
계약 전 확실하게 공지되었어야하는 부분이기에 피해를 본 임차인 모두 분양사무실에서부터 상담할때도 문의하고 계약할때도 문의하고 입주후에도 문의해서 혼인해도 재계약시 상관없다 재계약 가능하다는 답변을 받고 입주한지 4~5개월만에
국토교통부를 운운하며 계약할때 답변했던분들이 잘못알고있었던거라며 무책임하게 말을 바꾸면 그 확답을 받고 입주한 임차인들은 분하고 답답하고 앞이 캄캄한 상황은 누가 책임지고 보상할것인지요.
▶혼인해도 문제없다 재계약가능하다는 답변을 듣고 계약하고 입주 후 혼인신고 하신분, 혼인신고하시고 추가모집되어 입주하신분, 출산하신분,청약까지 포기하신분 등 모든 청년들이 내년 재계약이 되지않아 안정적 주거를 못하게된다면 어떻게 보상해주실건지요 재계약에 되지않아 퇴거시 주거지를 옮기지 못한다면 결혼을 하고 출산을 하게되도 출생신고도 못하고 숨기고 살아야하는지요?
저출산시대에 출산장려사업까지 하는 현재에 청년은 결혼도하지말고
이런일 격지않게 내집마련하려고 최대 8년을 돈만 열심히 벌어야되나요?
▶21년 12월 혼인신고하시고 22년 1월에 추가당첨되어 계약해서 들어오신
청년형은 어떻게 설명하실껀지요?
▶현재 이제와서 미리 공지했다고 하더라도 직장을 옮기신분, 혼인이 예정되있는분, 아파트 거주를 위해 멀리서 이사오신분, 등 여러가지 사정으로 입주해 거주중인 청년들은 앞날에 계획했던 모든 부분에서 앞이 캄캄하고 걱정이 태산이며 당장 지금부터 걱정해야합니다.
③행복주택 청년 및 신혼부부 등 계층 변경 전면허용이 작년 12월부터 시행되었습니다.
▶행복주택 거주하는 입주자는 대학생, 청년, 신혼부부 등의 계층이 변경되면 일부에 한해서만 새로 계약하여 계속 거주 할 수 있었지만 개정안이 시행된 후부터는 변경 계층의 입주자격을 충족하는 경우 퇴거하지 않고 계속 거주 할 수 있도록 전면 허용됩니다라는 뉴스를 확인하였습니다.
▶행복주택 뿐만 아니라 이 나라의 청년들을 위해 공공지원 민간아파트이더라도 똑같이 적용해주셔야 한다고 생각합니다. 
▶지금의 특수한 경우에는 법이 시행되지 않은 상태라도 청년들에게 피해가 생기지 않도록 대책 및 보상을 해주셔야 합니다.  
※모집공고문/ 작년 12월경 유선상 통화내용 녹취록/
문의하고 답변받은 문자내용등 증거들은 이미 국토 교통부 민원 신청에 등록하였습니다.※
▣이사 걱정없는 안정적 주거
▣8년간 거주이전 고민없는 아파트라는 홍보문구처럼
합리적 거주가 가능한 계약조건으로 변경 및 보상 부탁드립니다.",294,/19th/www.president.go.kr/petitions/605303
605302,**노총 부울경 건설지부의 채용강요 및 연대파업 등 불법행위를 처벌해주세요.,교통/건축/국토,2022-04-28,2022-05-28,naver - ***,청원종료,"영남권 지역에서 석공사를 진행하고 있는 업체 직원입니다.
최근 말로만 듣던, **노총의 횡포를 겪고, 심각한 공포와 좌절감으로 하루하루를 보내고 있습니다.
부울경 **노총 건설지부 비계노조와 계약을 하지 않았다는 이유로, 진행 중이던 현장 3군데의 공사방해
(태업 및 공기지연)가 들어온 상황이며, 새로 진행되는 현장 두 곳에는 집회 및 공사방해, 원청사 협박 등을 
당하고 있는 상황입니다.
한달여간 지속되는 협박 및 온갖 불법적인 방해공작에 숨이 막힐 지경입니다. 
작년부터 울며 겨자먹기로 여러현장을 민노비계와 계약하여, 공사를 진행하였으나, 적자폭이 너무나 거대해져, 
더이상 민노비계와 계약할 수 없는 상황이 초래했고, 여러차례 업체의 사정을 얘기하며, 교섭을 이어나갔습니다.
애원도 해보고, 부탁도 해보았으나, 결국 교섭을 결렬되었고, 비노조 비계를 사용하여, 부암현장에 석공사 
비계설치를 진행하게 되었습니다.
그때부터 기존에 민노와 진행중이던 3개현장에는 인원을 넣지 않다가, 일정에 대한 공문을 발송하니, 인원을 
소규모 및 제대로 일을 하지 않는 태업식으로 진행하였고, 신규현장 2곳에는 집회를 열어 공사를 방해하고 
있습니다.
그것뿐만 아니라, 건설사를 협박하고, 골조공정을 불법으로 연대파업하여, 현장 공기에도 막대한 피해를 주고있는 
상황입니다.
엄연히 채용이 되어있는 상황에서, 채용강요는 불법이며, 연대파업도 불법입니다. 당연히 협박도 불법입니다.
도저히 이러한 상황을 견딜 수가 없어, 지난주 수요일 회사에서 **노총 관련자들을 고소한 상황이고, 
e대한경제에도 기사가 여러차례  나간 상황인데, 수사는 전혀 진행 되지 않고 있고, 바뀌는 것이 하나도 없습니다.
왜 노조가 관련되면, 공권력에서는 조치가 미비한지, 정권이 바뀌기 전이라, 움직이지 않는 건지, 답답한 
상황입니다.
작년 9월에도 부산에서 건설노조가 채용강요를 하여, 분신기도한 사건이 있었습니다.
공교롭게도, 그때 분신기도를 하신분이 이번 우리현장에 비계공사를 계약하신 분입니다.
그 분에 대한 보복으로 저희 회사를 공격 하시는건지, 아니면 현재 정권교체 시점에서 노조에 대한 수사를 
강화한다고 하니 민노에서 저희를 본보기로 잡으려고 하시는 건지 정말 알수가 없습니다.
분명한 것은 이러한 불법적인 행태를 경찰 및 수사기관에서 목도하시고도, 아무런 대응이 없다는 사실입니다.
작년에도 분신기도 사건이 발생한 후 수사기관에서는 잠깐 반짝 수사를 진행하고, 뉴스에 보도되고 부산시 
청문회까지 내용이 나왔었으나, 결국 아무것도 바뀐것이 없습니다.
정부에서는 불법적인 노조문제에 대한 부분을 강하게 수사하겠다. 엄벌에 처하겠다 하시는데, 전혀 시행 되지가
않고 있습니다. 보고는 제대로 되고 있는 것입니까?
같이 공사를 진행하는 비노조 비계반장님이 결국 자기가 죽어야 이 상황을 수사해 줄 것이라 말하는 이 상황이 
너무나 슬프고 공포스럽습니다. 
하루하루 지나갈 수록 노조의 횡포 및 협박은 심해져 가는데, 건설사도 저희 보고 노조에 항복하고 그냥 하라는 
대로 하자라는 식으로 나오 려는데, 우리가 불법을 저지른 것도 아니고, 공사 진행을 하면서 원하는 업체와 공사도 
진행 못하며, 무조건 노조를 사용 해야하는 현실이 답답합니다. 
최근 **노총 건설지부에서는 건설사에 골조공정을 정상화 시킬수 있는 3가지 조건을 제시했다고 합니다.
1. 저희 석공사업체의 작업중단
2. 석공사 업체의 완전한 공사포기 (공사타절하고 나가라는 얘기입니다)
3. 비계공사 분리발주
이 3가지 조건을 지킬때까지 끝까지 투쟁하겠다고 합니다.
저희는 결국 공사를 포기하고, 막대한 위약금을 물으며, 부울경을 떠나야 하는것입니까?
이게 공정이고, 이치에 맞는 일인가요?
노동조합이라는 **노총은 온갖 불법을 저지르면서 공사를 방해하고 있는데, 저희는 대응할 방법이 없고, 공권력 
및 언론에서는 전혀 반응이 없습니다.
불법에 대한 증거는 차고 넘치는데, 수사 진행이 왜 제대로 안되는지, 작년에 발생했던 사고처럼 
사람이 죽거나 다쳐야만 관심을 가지고, 수사를 해주는지, 정말 암담할 따름입니다.
저희는 대한민국이 아닌 북한에서 살고있는 것인지요?   
노조와 공사를 진행하지 않으면, 대한민국에서는 공사를 할 수 없는겁니까?
이 나라의 공권력은 제대로 힘을 발휘하고 있는 건가요?
결국 저희는 저들의 협박에 못 이겨, 현장을 포기하고, 손해를 감수 하면서까지 노조를 사용하여야 하는것입니까?
제발 부탁드립니다. **노총 부울경 건설지부의 불법적인 채용강요 및 연대협박, 공사방해에 대한 부분을 제대로 
수사 및 처벌해주세요.
 [본 게시물의 일부 내용이 국민 청원 요건에 위배되어 관리자에 의해 수정되었습니다]",351,/19th/www.president.go.kr/petitions/605302
605301,전국*******연대의 삭발행사 및 농성이 순수한 것인지 국민여러분들에게 보고 드립니다.,보건복지,2022-04-28,2022-05-28,naver - ***,청원종료,"저는 경남창원에 있는 ******(발달장애인단체) 회장 ***입니다.
❶ 2022년 4월 19일 *******연대(이하: **연대)의“발달장애인들에게 하루24시간 지원체계를 만들어 달라”는 삭발행사에 대해, 같은 발달장애인부모로써, 일편 공감하는 부분도 있습니다. 
다만, 그 행사를 주도한 **연대 회장이 장애인과 보호자들을 데리고 그런 행사를 한 것이 적절했는지 국민여러분들에게 보고 드립니다. 
첫째, **연대 회장은 창원시 소재 모장애인단체 회장(이하: **연대회장으로 칭함)이고, 이 사람은 현재 창원시 공무원 3~5명과 함께 국민권익워원회 (부패)공익신고의 피신고자 신분입니다.
신고 요지만 설명 드리자면, 
보건복지부에서는 2016년부터 발달장애인주간활동 제도(이하: 주간활동사업)를 시행하고 있는데, 위 **연대 회장은 해당 시설을 직접 운영하지 않고, 타인이 운영하는 시설을 자기 단체의 시설인양 위장하여 타 시설 이용자들에게 지원되는 보조금을 6년 이상 대리 수령한 다음, 이용료의 24%에 해당하는 수수료를 편취하는 등으로 부정수급 한 것과 창원시 공무원들이 적극 가담, 은폐해 왔다는 내용입니다.
둘째, 위 **연대 회장은 금년 1월, 창원시가 발달장애인들의 창원시 지원시간 전액 삭감한다는 발표 일주일 전에, 자진해서 창원시 시간 전액 사용하지 않겠다는 문자를 소속 제공인력들에게 보내는 등, 발달장애인들의 창원시 지원시간 전액 삭감하는데 앞장섰던 사람인데,
갑자기 하루 24시간 지원체계를 마련하라며 삭발 농성을 하는 것이 실제로 발달장애인들을 위한 것인지,
아니면, 부정수급에 가담한 공무원들과 **연대회장 자신의 피신고자 신분을 희석시키려는 쇼인지 합리적 의심을 하지 않을 수 없고,
더구나, 창원시가 전액 삭감한 월 32시간을 돈으로 환산하면, 한 달에 473,600원이고, **연대가 요구하는 하루 24시간은 월 720시간, 돈으로 환산하면, 월 10,656,000원, 일 년이면 일인당 1억 3천만원을 요구하는 것인데, 월1천만원이 넘는 이용료의 24% 수수료가 목적은 아닌지, 
특히, 모든 유형의 장애인에게 차별 없이 지원되어야 할 것을 감안 할 때, 실현 가능한 것을 요구하는 집회냐는 것입니다. 
**연대 회장은, 허황된 이슈로 발달장애인부모들을 싸잡아 욕 먹일 것이 아니라, 무노동, 무운영으로 이용자 수백 명의 이용료의 24%라는 수수료 편취 한 것부터 자진 환수하고, 향후 발달장애인 관련 어떤 제도에도 개입하지 않는 것이 곧, 발달장애인들이 더 좋은 환경에서 돌봄 지원을 받을 수 있을 것이라는 게 핵심 쟁점입니다. 
❷ 더 나아가, **연대 회장이 중간착취가 가능했던 것은, 
대형 집회를 주도하므로 해서, 보건복지부 등, 사업지침서 마련에 깊이 개입하여, 발달장애인주간활동제도 전반에 중간착취용 지침들이 산재해있는 상황입니다. 
❸ 발달장애인주간활동 대상자들은 현재, 주5일 하루 2~8시간 센터를 이용하고 있습니다. 
우리 부모들이 바라는 것은, 국가와 지자체가 공동 부담하여, 토요일을 포함한 주 6일, 하루 8시간씩 센터를 이용할 수만 있어도 족할 것이며,  
일부 최중증장애인에 대해서는 개별 상황을 고려하여, 일정 부분 추가 지원해주시면 족할 것입니다. 
❹ 원컨대, 물 새듯 흐르는 국민여러분들의 세금이 적소에 효율적으로 사용되기 위해서는, 먼저, 대형 집회 주도자가 더 이상 제도 형성에 개입하는 일이 없도록, 국민여러분들의 관심을 촉구하는 바이며,
둘째, 발달장애인들의 제도 전반에 대한 재검토가 절실하며, 
셋째, 위 **연대 회장 등의 단체에 국가나 지자체가 지원하는 또 다른 보조금 등에 대해서도 철저한 조사가 필요하다는 사실을 보고 드립니다. 
❺ 저희가 청원하는 목적은, 
집회를 이용하여 개인의 이익을 추구하는 무리에 대해, 국민여러분들 10만, 100만, 1,000만, 5,000만 명이 적극 대응하여, 국민여러분들의 세금이 진정 약자들에게 보약이 될 수 있기를 바라는 바이며, 
❻ 저희 법인은, 
국민권익위원회 조사가 종결되고, 전문조사 기관으로 이첩되는 즉시, 저희 법인이 국민권익위 등에 제출한 부패신고 관련 서류 및 제보자와 범법자들의 육성 녹취록 등을 저희법인 홈페이지에 모두 공개해서, 국민여러분께서도 조사 가능하게 할 방침입니다.
❼ 위 내용 관련해서 2021년 4월 감사원에 공익감사를 청구한 바 있으나, 감사원이 피신고자들이 제출한 서류에 대한 사실 여부 조사 없이 피신고자들의 혐의를 인정하지 않고 감사를 종결한 바 있습니다.
원칙적으로 감사원에서 종결한 사건을 국민권익위가 조사할 수 없지만, 기 제출된 내용 외의 다른 증거나 추가 부패행위 등이 있는 경우 새로운 부패신고로 조사할 수 있는 법에 따라, 제보자들의 육성 녹취록과 보조금 허위 청구 정황 등을 추가로 제출하여 현재 국민권익워원회에 계류 중입니다.
❽ 상기 내용 관련 상세 자료들은,
아래 링크를 클릭하시면, 국민여러분들의 소중한 세금이 어떤 방법으로 중간착취 되어왔는지, 지금 장애인 쪽에 무슨 일이 일어나고 있는지 등을 차례차례 올려드리겠습니다.
 [본 게시물의 일부 내용이 국민 청원 요건에 위배되어 관리자에 의해 수정되었습니다]",591,/19th/www.president.go.kr/petitions/605301
605300,전세사기를 당했습니다. ******.,기타,2022-04-27,2022-05-27,naver - ***,청원종료,"전세 사기를당했습니다. 도와주세요
아무도 도와주지 않고 희망도없는 저의 생활에서 마지막 희망을 걸어봅니다.
이 희망마저 저버리면 저는 더이상 살아갈 의지가 없을것같습니다.
내용
세모녀 전세사기를 당하였습니다. 
일단 사건 전말은
2019년 4월26일 전주인과 계약을 진행하며 확정일자를 받았습니다. 
2019년 5월8일 실거주를 하였고
2019년 5월8일 현주인으로 소유권 이전
2019년 5월 10일 전입을 맞췄고
2020년 11월 3일 주택도시보증공사에서 가압류가 30억원정도가 걸렸습니다
2021년 6월29일 임차권 등기를하고 이사를 한상태입니다.
저는 HUG 전세금안심보험(HUG에서 은행에 보증을해주고,HUG가 대출금을 은행에 납부하는보험) 을 가입되어있어, 집주인이 돈을 주지않아도 당연히 HUG에서 돈을 받을수 있을줄알았습니다. 하지만 왠걸? 임차권 등기후 HUG서부관리센터를 찾아가서 이행 청구를 하려고했더니,
그제서야 대항력이 나오지않아 이행청구가 되지않는다고 합니다. 그래서 어떻게해야하니 현주인과 전주인사이에 전세승계확인이 가능한 계약서가 있어야한다고해서 다방면으로 구하려고했더니, 두 집주인은 연락도 되지않고 잠수를 탄 상태이며, 중개해준부동산은 폐업후 사라진상태입니다. 그래서 어찌해야하냐고 물어봤더니 HUG직원은 하는말이 모르겠다고 알아서 해야한다고 합니다 그게 말입니까? 장난하는것도 아니고 알아서하라고요? 암튼. 저는 어떻게든 하기위하여 현재집주인에게 전세금반환소송을 변호사를통하여 신청하여 승소를 했고 판결문을 가지고 HUG갔더니 그떄도 이건 필요없고 이행청구가 안됩니다. 무조건 전세승계 서류가있어야한다고합니다.
구할수가 없는데 어떻해요 ? 그건 알아서 구하셔야죠? 이러고있는데 저는 어찌해야합니까? 
현재 저의 상태는 HUG가 은행에 대출변제를 해주지않아 신용불량자가 되어있는상태이며 ,
대출은 연체가 되어 연체이자와 원금이자를 매달내고있어 일상생활을 할수없는지경까지왔습니다. 
HUG는 보험을 가입시켜줄떄부터 집주인이 변경되어 가입이 안된다고 했을수도 있는데 왜 굳이 보험료는 받아 쳐먹고 보험가입을 시켜줫으며, HUG도 알아보고 가입해준거면서 왜 이제와서 이행청구가 안된다는지 정말 이해가 안되며, 중간에 가압류를 걸어놨으면 집주인변경된것도 알았을것이고 할텐데 왜 임차인한테는 알려주지도않았고 이해가 안됩니다 하나부터 열가지 이해가 되는게 없습니다. 처음에 보험료받아쳐먹고 안심시킨다음에 대출해줘놓고서 이제와서 나몰라라 하는게 공기업이 맞습니까? 그리고 우리나라법은 돈많은사람을 위한법입니까? 돈없고 힘들어하는 임차인들은 그냥 사기당하면 끝입니까? 이런나라에서 서민들은 어떻게 계속살아갑니까?
양심이 있으면 사기당한사람들 도와줄생각이라도 해야하는거아닙니까? 그냥 무시하면 끝이아닌데 왜자꾸 무시하고 넘어갑니까? 저말고도 수많은 사람들이 사기를 당했고 방송에도 나왔는데 국가는 왜 무시하는겁니까?
이해가 정말 되지않습니다. 양심이 잇으시다면 사기당한사람들을 위해서 단한번이라도 도와주세요
무시하지마시고요. 부탁드립니다. 이러다 한사람이 아닌 사기당한사람들 살기 힘들어서 세상을 떠날수도 있습니다.
저또한 그렇습니다. 협박이 아니라 부탁드리는겁니다 서민들을 위하여 생각해달라고요 사기꾼들을 위한나라가 아니라
 [본 게시물의 일부 내용이 국민 청원 요건에 위배되어 관리자에 의해 수정되었습니다]",529,/19th/www.president.go.kr/petitions/605300
605299,"검수완박, 그리고 대통령의 거부권",정치개혁,2022-04-27,2022-05-27,kakao - ***,청원종료,"문재인대통령의 임기 마지막인  2022년 4월 소위 검수완박 법안을 둘러싼 찬반양측의 갈등이 고조되고 있습니다.
개정안의 내용에 대한 논란도 있지만, 그 절차의 정당성에 관한 논란도 뜨겁습니다. 
예전에는 사회의 갈등이 지속될 때 김수환추기경이나 성철스님 같은 사회의 어른들이 던져주시는 한말씀한말씀이 해법의 실마리가 된 적이 많았습니다. 그분들은 ""국회의시간""이니, ""내가 개입하면 괜한 논란을 키워""하면서 사회적 갈등에 나몰라라 하지 않고 마음 아파 하셨습니다. 팍팍한 현실 속에서 국민들은 그런 그분들을 존경했습니다.
언젠가부터 한국사회에 어른이 보이지 않고 한번 시작된 갈등 역시 그끝이 보이지 않습니다만, 오늘날 한국사회의 가장 큰어른이신 문재인대통령님과 윤석열당선인님께 건의드립니다.
1. 문재인대통령님께 건의드립니다
""국회의 입법절차와 과정이 국민적 공감대를 얻지못한다면 거부권을 행사하겠다""고 공언해 주십시오.
그리하여 국민의 기본권에 지대한 영향을 미치는 형사기본법에 관한 논의가 각계의 의견을 수렴하고 충분한 고민을 거쳐 국민을 의한 입법이 이루어질 수 있도록 방향을 제시해 주십시오.
대통령님의 이같은 결단은 불필요한 사회적 갈등과 광풍의 지속을 잠재우고 보다 건설적인 논의의 물꼬를 틔울 수 있을 것입니다.
정부조직과 기능에 관한 입법과정에서 행정부수반인 대통령께서 정부를 대표하여 의견을 표명하시는 것은 절대로 '국회의 시간'을 훼방하는 것이 아닙니다. 국가의 최고책임자이자 어른으로서 올바른 방향을 제시하며 사회적갈등을 해소하는 것은 진정한 ""국회의 시간""이 되도록 돕는 길입니다.
이는 대통령께서 취임사에서 약속하신, ""신뢰받는 정치"", ""공정한 대통령"", ""특권 반칙없는 세상"", ""상식대로 해야 이득 보는 세상"", ""대화하고 소통하는 대통령""의 가치를 마지막까지 몸소 이루시는 최선의 길이 될 것입니다.
2. 윤석열당선인님께 건의드립니다
""국회가 법조계,학계,시민단체등 각계의 의견을 충분히 수렴하고 국민적공감대가 형성되어 정상적인 입법절차를 거쳐 개정된 법률에 대해서는 취임한 후에라도 거부권을 행사하지 않겠다""고 공언해 주십시오.
지금까지 민주당이 절차에 반하면서까지 법개정을 서두르는 이유로 제시한 명분은 하나입니다. 당선인께서 취임하시면 검찰개혁법안이 통과될 ""가능성""이 없기 때문이라는 것입니다. 이제 시간이 없으니 공청회, 청문회 등 각계의 의견을 수렴하기 위한 정상적인 입법절차를 생략하겠다는 것입니다.
이 같은 상황에서 만약 당선인께서 위와 같은 내용을 국민 앞에서 약속해주신다면, 당선인도 나중에 충분히 논의되어 국민적 공감대가 마련된 개정안 통과에 대한 부담을 줄일 수 있고, 민주당도 그토록 염려하던 지점을 해결한 셈이니 절차위반을 둘러싼 명분은 힘을 잃을 것입니다.
무엇보다 취임초기 민생을 돌봐야 할 이 중차대한 시점에 보다 중요한 것에 집중할 수 있을 것입니다.
지금 우리 사회는, 지난 대통령의 헌신과 수고에 감사와 격려를, 새로운 대통령의 앞날에 응원과 용기의 박수를 드릴 때입니다. 
부디 지금 이 자리에서 용단을 내리시어 더이상의 분열과 갈등을 치유하고 새시대를 여는 리더가 되어 주십시오. 감사합니다.","1,398",/19th/www.president.go.kr/petitions/605299
605298,임대주택 분양전환에 따른 감정평가방식 적용 방식(판례 적용),교통/건축/국토,2022-04-27,2022-05-27,kakao - ***,청원종료,"□ 서울고등법원 2010.04.08. 선고 2009나64965 판결 내용을 들여다보면,
가.10년 공공임대주택의 공급의 주된 목적은 어디까지나 국민주택기금 등 정부의 지원으로 저렴한 가격에 서민, 중산층에게 안정된 주거환경을 보장하는 데에 있는 것이고,
나. 건설임대주택을 임차인에게 우선분양하는 절차나 가격 등을 규율하는 데는 현실적·기술적으로 상당한 어려움이 따를 뿐만 아니라, 제반 사정 및 신속한 사회의 변화에 탄력적으로 대응할 필요성이 있으므로, 국회가 상세히 법률로 규정하는 것은 바람직하지 않은 부분이라 할 것이고, 한편 위임입법의 경우 그 한계는 예측가능성인바, 이는 법률에 이미 대통령령으로 규정될 내용 및 범위의 기본사항이 구체적으로 규정되어 있어서 누구라도 당해 법률로부터 대통령령 등에 규정될 내용의 대강을 예측할 수 있어야 함을 의미하고, 이러한 예측가능성의 유무는 당해 특정조항 하나만을 가지고 판단할 것은 아니고 관련 법조항 전체를 유기적·체계적으로 종합 판단하여야 하며 각 대상 법률의 성질에 따라 구체적·개별적으로 검토하여 법률조항과 법률의 입법 취지를 종합적으로 고찰할 때 합리적으로 그 대강이 예측될 수 있는 것,
다. 임대주택법을 비롯한 관련 규정들을 종합하여 보면, 공공건설임대주택의 분양전환가격을 분양전환시점의 감정평가금액을 초과할 수 없도록 한 것은 합리적인 범위 내에서 임대주택공급에 참여한 임대사업자의 수익성을 보장하되 그 폭리 행위를 막기 위하여 임대주택의 소유권 이전 당시의 주택시세 등을 고려하기 위한 제도임을 알 수가 있는바,
라. 이들 규정들과 관련 규정들을 종합하여 보면, 시행규칙에 의하여 보충될 내용의 대강을 충분히 예측할 수 있고, 오히려 관렵 법령들을 종합하여 보면, 10년 공공임대주택의 분양전환가격은 주변시세보다는 저렴한 수준에서 결정되도록 되어 있고, 가격이 급등할 경우 적정한 가격으로 제한할 수 있도록 분양전환가격의 상한선도 규정하고 있으며, 
마, 시행규칙[별표1]제1호(가)목과 그 관련 사법상 계약의 효력
임대주택법 제15조에서 국민의 주거생활의 보장을 위하여 임대주택에 대한 임차인의 우선적인 분양전환권을 규정하고 있는 이상, 분양전환시에 그 전환가격이 지나치게 높아서 임차인의 우선분양권을 사실상 박탈하는 것과 같은 정도에 이르러 법의 입법 목적을 본질적으로 침해하는 경우라면 이 사건 조항이 무료라 할 것이지만, 여기에서 말하는 “감정평가금액”이란 감정평가업자가 이 아파트의 경제적 가치를 감정평가에 관한 규칙 등에서 규정하는 공정하고 합리적인 원칙에 따라 평가하는 금액을 뜻한다고 할 것이어서 앞서 본 여러 사정들에 비추어 볼 때, 장차 분양전환가경을 위와 같은 감정평가금액으로 한다고 하여 그 자체로 임차인들의 우선분양전환청구권을 본질적으로 침해한다고 할 수 없으므로, 이 사건 조항이 무료라고 볼 수는 없다.
그렇다 하더라도, 이 사건 조항 및 그 근거가 된 시행규칙 [별표1]제1호(가)목에서 규정하는 “감정평가금액”을 적용함에 있어서, 분양전환가격이 지나치게 높아 임차인들의 우선분양권은 사실상 박탈하는 것과 같은 결과가 초래되어서는 안 될 것이다. 따라서 분양전환시에 감정평가금액을 구체적으로 산정함에 있어서는 평가 결과가 크게 부적정할 경우 적정하다고 판단되는 다른 방식으로 평가할 수 있다고 규정한 감정평가에 관한 규칙 제10조 제2항의 입법 취지를 십분 감안하여, 폭등한 가격이 그대로 반영되게 되는 거래사례비교법만을 고집할 것이 아니라, 비용성의 원리를 따르는 평가방식인 원가법에 따른 감정평가금액을 고려하는 등으로(감정평가에 관한 규칙 제10조 제1항 참조), 분양전환 당시의 시장상황에 따른 합리적인 대응이 필요하다 할 것이다.
▶ 법원 판례 내용을 정리하여 보면,
10년 공공임대주택의 주된 목적과 임대주택법의 법률조항과 입법취지를 종합적으로 고려할 때,
임대주택법 시행규칙 [별표1]제1호(가)목 “임대의무기간이 10년인 경우 분양전환가격은 감정평가금액을 초과할 수 없다”의 법리적 해석은,
임대사업자의 수익성을 보장하되 그 폭리 행위를 막기 위한 것이며, 분양전환가격이 지나치게 높아 임차인들의 우선분양권을 사실상 박탈하는 것과 같은 결과가 초래되어서는 아니됨으로 폭등한 가격이 그대로 반영되게 되는 거래사례비교법만을 고집할 것이 아니라 비용성의 원리를 따른 원가법에 따른 감정평가금액을 고려하여 된다고 판단됨에도 불구하고 지속적으로 거래사례비교법으로만 감정평가가 이루워지는지 도저히 납득되지가 않습니다.
이에 판례 및 입법취지 등으로 고려하여 명확한 방향성을 잡아주시길 간곡히 부탁드립니다.",437,/19th/www.president.go.kr/petitions/605298
605297,"검찰, 경찰, 법원, 국민권익위원회 모두가 영세한 개인사업자를 인정하는데 **지방국세청만 불인정 하고 강제폐업 및 가족생계 붕괴시킨 **지방국세청의 “갑질 과 횡포”를 막아주세요",행정,2022-04-27,2022-05-27,naver - ***,청원종료,"○ 청원인의 영세 사업내용
  <1> 상기 청원인은 중고 고철인 폐동을 일선 산업현장에서 수집한 업체로부터 매입하여 재활용품으로 제련하는 제조업체에 공급하는 고물상 영세 사업자입니다.
  <2> 지하자원이 절대적으로 부족한 우리나라는 폐기물 재활용을 정책적으로 적극 권장하고 있으며, 거래는 투명하게 하게 하기 위해서 고철인 폐동을 거래할 경우 폐동 거래전용계좌로만 거래하도록 강제하고 있어 국가가 시키는 대로 고물(폐기물)인 폐동 거래전용계좌로만 투명하게 거래하여 공장 등 산업현장에서 페기물인 폐동을 수집한 업체로부터 매입하여 재활용 제조업체에게 공급하였습니다.
  <3> 상기 청원인은 평생 신용과 신뢰를 가장 소중한 가치로 살았기에 고물(폐기물) 재활용 제조업체로부터 성실함을 인정받은 탓에 협력업체로 지정받아 비록 자본력이 없는 영세한 사업자도 신용과 신뢰만 가지고도 고물인 폐기물의 폐동을 공급할 수 있어 공정과 상식이 통하는 사회에서 성실하게 열심히 일을 하였습니다.
 <4> 상기 청원인은 신용 및 신뢰의 성실함을 빼고는 소유한 것이 거의 없는 상태에서 다른 업체 사무실의 일부분을 빌려 영세한 사업자 상태에서 2015년부터 사업을 시작하였습니다.
 ○ **지방국세청의 “갑질과 횡포”의 내용
  - 동일한 사건내용에 대해서 검찰, 경찰, 법원, 국민권익위원회는 모두 정상 사업자 및 정상 거래로 인정하는데 오로지 **지방국세청만 권한을 남용하여 선량한 국민의 자유와 재산권의 박탈과 침해를 아래와 같이 막장드라마처럼 조직적 및 집요하게 계속적으로 일삼아 가족의 생계를 파탄시키고 가족을 해체시키는 “갑질 과 횡포”의 범죄로부터 보호하여 주시길 간절히 탄원합니다.  
  - 아  래 -
  ① 상기 청원인의 사업장에 **지방국세청은 2015년부터 2019년까지의 거래에 대해서 세무조사를 나왔습니다.
  ② 상기 청원인의 거래에 대해서 부가가치세와 소득세를 한 푼의 착오도 없이 성실하게 신고 및 납부한 것을 **지방국세청은 확인하여 더 이상 추징할 세금이 없었습니다.
  ③ 그러자 **지방국세청은 변변치 않은 자본력을 가지고 다른 업체의 사무실 일부분을 빌려 사업장으로 사용한 것에 대해서 아무런 근거도 없이 임의적·자의적 판단으로 사업장 과 영세 사업자 자체를 부인하고 2015년부터 2019년까지 거래실적으로 모두 부인하여 억지로 세무조사 결과에 대한 실적을 냈습니다.
  ④ 즉, 고물을 공장 등 산업현장에서 수집하여 판매하는 사업체로부터 매입한 거래 와 고물을 매입하여 재활용품으로 만드는 제조업체에게 공급한 거래자체를 전부 부인하고 경찰에 고발하여 거액의 세금추징을 하는 방법으로 세무조사 결과에 대한 실적을 억지로 냈습니다.
  ⑤ 상기 청원인이 항의하자 **지방국세청 **** 팀장은 납득할만한 이유 및 근거도 전혀 말하지 않고 2015년부터 2019년까지 모든 거래를 부인하고 경찰에 고발하였으니 임의적·자의적 판단이 아니라고 하면서 경찰이 알아서 시시비비를 가릴 것이란 말과 함께 세금추징에 대해서는 억울하면 소송하라고 하였습니다.
  ⑥ 상기 청원인의 사업장 및 영세 사업자 자격 자체를 부인하면서 영업행위로 발생한 모든 거래를 부인한 결과 거액의 세금추징이 되었기 때문에 “사업장 부인”과 “영세 사업자 자격 부인” 과 “거래부인” 과 “거액 세금추징”을 각각 따로 따로 절대 분리될 수 없는 상태임에도 불구하고,
**지방국세청 **** 팀장은 “사업장 부인” 과 “영세 사업자 부인” 과 “모든 영업거래의 부인” 과 “거액의 세금추징”은 각각 따로 따로 분리되는 별개라는 입장에 도저히 이해가 가지 안 했습니다. 그렇치 않고서 ① 경찰에 고발하였으므로 거래부인은 임의적·자의적 판단이 아니라고 하고, ② **지방국세청은 “사업장 부인” 과 “영세 사업자 부인” 여부와 상관없이 세무조사 결과로 거액 세금추징에 대해서 억울하면 법원에 소송하라고 말하는 것을 보고 “갑질과 횡포”가 아니라면 도저히 이해가 가지 않았습니다.
  ⑦ 영세 사업자의 부인과 모든 거래의 부인에 따른 거액의 가산세라는 세금추징은 소득이 발생하지도 않은데 세금추징이므로 세금납부 할 소득원이 전혀 없어 고철 폐기물인 폐동 거래전용계좌를 압류할 경우 당장 고철 폐기물인 폐동을 매입하여 공급하는 영업을 할 수 없는 탓에 당장 생계가 위협받을 정도로 파산상태가 발생하기 때문에 **지방국세청에 간청하여 매월 5백만원씩 세금추징액을 납부할 것이므로 폐동 거래 전용계좌만 압류하지 말 것을 간청하여 꼬박 꼬박 납부한 탓에 겨우 가족의 최저 생계비의 소득만으로 겨우 가족생계를 유지하는 비참한 상태가 되었습니다.
  - **지방국세청은 상기 청원인의 영업을 전부 부인으로 모든 거래를 부인하여 거액 세금추징을 해놓고 매월 5백만원씩 분할하여 거액 세금추징을 납부하게 할 수 있도록 폐동 거래전용계좌를 압류하지 않아 당초 **지방국세청이 상기 청원인의 영업을 전부 부인해 놓고 생계의 위험이 있다는 것을 인지하고 당초 부인한 영업을 계속할 수 있도록 허용시켜 주었습니다.
  - **지방국세청의 앞뒤가 맞지 않는 모순적인 “갑질 과 횡포”가 극에 달했어도 당장 목숨 줄 같은 가족 생계을 유지시켜 줄 소득이 끊길 것을 우려하여 폐동 거래 전용계좌 압류 만큼은 막아야 하기에 간청하였던 것 입니다
  ⑧ 경찰 ****팀의 수사관 과 검찰의 검사가 엄정한 수사를 한 바 경찰과 검찰의 모든 수사기관들은 ① “상기 청원인의 사업장과 영세 사업자”는 정상 사업자로 무혐의 처분 받았으며, ② “2015년부터 2019년까지 폐기물 수집업체로부터 매입한 업체들, 폐기물 재활용 제조업체에 공급한 모든 공급업체들”과의 모든 거래는 정상거래로 무혐의 처분 받았습니다. 
  ⑨ 따라서 상기 청원인의 영세 사업자와 거래한 매입한 업체들과 공급한 업체들(폐기물 재활용 제조업체들)에게는 **지방국세청은 전혀 세금추징이 발생하지 안했는데 오로지 상기 청원인만 추징된 거액의 세금이 취소되지 안했습니다. 
즉, 판매자와 매수자가 동시에 존재하는 하나의 거래에 대해서 어떤 거래 당사자는 세금추징이 안되고 어떤 거래 당사자는 세금추징이 되고 정말로 앞·뒤가 맞지 않는 세금추징에 대해서 아무리 항의해도 모로쇠로 일관하여 어떻게 할 수 없어 화병이 발생할 정도 이였습니다.
  ⑩ 상기 청원인의 사업장 등이 수사기관으로부터 모두 정상사업자로 무혐의 처분과 모든 거래에 대해서 정상거래로 무혐의 처분을 받았으므로 거액의 세금추징을 취소해달라고 요구 하였습니다.
  ⑪ **지방국세청은 경찰과 검찰의 거래 무혐의 처분과 세금추징은 별개라고 하면서 세금추징은 억울하면 소송하라고 하면서 한번 “갑질과 횡포”를 맛보았는지 이제는 “갑질과 횡포”을 당연하게 합니다.
  - 당초 세금추징의 사유는 상기 청원인의 사업장과 영세 사업자를 부인한 결과 모든 거래를 부인한 결과를 초래하였고 이런 이유로 모든 거래의 부인에 따른 과징금인 가산세라는 거액의 세금이 추징되었는데 
  - 이제는 모든 거래 부인과 거액의 세금추징은 별개라고 너무나 “갑질과 횡포”을 일삼아 선량한 국민의 가족 생계를 파탄시켜 가족을 해체시켰습니다. 
  ⑫ 상기 청원인은 거액의 세금추징을 당해도 가족이 먹고 살아야 하기에 **지방국세청이 부인한 사업장에서 영세 사업행위인 폐동을 매입하여 재활용 제조업체에 계속하여 납품하던 중 
코로나 바이러스가 창궐하여 경제가 깊은 불황에 빠지자 재활용 수집 및 판매업종도 깊은 불황에 빠져 매월 5백만원씩 세금을 납부하지 못 하자 **지방국세청은 폐동 거래 전용계좌를 압류하여 폐동 매입 및 판매를 하지 못 하여 가족 생계는 파탄에 이르게 되었습니다.
  ⑬ 경찰과 검찰의 정상 거래로 확정하여 무혐의 처분 받았으나 **지방국세청은 억울하면 소송해서 판결을 가져와야 세금추징을 취소할 수 있다고 “갑질과 횡포”을 일삼아 어쩔수 없이 변호사를 찾아가 소송을 의뢰하였으나 2015년부터 2019년까지 세금추징의 합계금액을 기준으로 소송비를 책정하다보니 너무나 비싼 변호사 비용을 감당할 수 없었습니다.
  - 변호사님은 2015년부터 2019년까지 모든 거래형태는 동일하기 때문에 2015년과 2016년도만 소송을 하면 변호사비용이 저렴하고 승소하면 모든 거래형태와 세금추징의 사유가 모두 동일하므로 나머지 2017년부터 2019년까지는 자동으로 세금이 취소될 수 있다고 하여
  - 여기 저기 십십일반 변호사비용을 겨우 빌려서 소송하여 서울고등법원에서 승소하였습니다. 
  - **지방국세청 소송팀에서는 대법원에서도 부실과세로 패소할 것을 100% 예측하여 대법원에 상고를 포기하여 고등법원의 판결이 확정판결 되었습니다. 
  - 그런데 **지방국세청은 2017년부터 2019년까지는 법원의 확정된 판결을 받아오지 않아서 세금을 취소할 수 없다고 합니다.
  - 당초 거액의 세금추징 사유는 상기 청원인의 사업장과 영세 사업자를 부인하여 자동으로 모든 거래가 부인되어 가산세라는 거액의 세금추징인데,
경찰과 검찰 그리고 법원에서 사업장과 영세 사업자는 정상 사업자이고, 모든 거래는 정상거래로 무혐의 처분 과 법원의 확정판결이 내려졌음에도 불구하고 2017년부터 2019년까지는 세금취소가 안된다고 합니다. 
사람을 죽일 작정이 아닌 이상 이런 “갑질 과 횡포”를 정말 선량한 시민에게 부려도 되는지 너무나 죽고 싶었습니다.
  ⑭ 너무나 죽고 싶었으나 그래도 살아야 하겠기에 지인으로부터 대통령님의 직속기관인 국민권익위원회가 억울함을 호소할 수 있다고 하여 국민권익위원회에 억울함을 호소하였습니다.
  - 국민권익위원회는 상기 청원인의 변호사비용이 없어 소의 제기를 못한 2017년부터 2019년 거래분에 대해서도 8개월 동안 엄중한 직권조사하고 심리하여 정상거래로 의결하였습니다. 다만, **지방국세청의 세무조사로 세금 추징한 것이므로 재조사를 실시하여 세금을 취소하는 형식적인 절차를 언급하면서 시정권고를 **지방국세청에 통보하였습니다.
  - 그러나 **지방국세청 세무조사 담당자는 대통령님의 직속기관인 국민권익위원회의 시정권고를 무시한 채 재조사를 실시하지도 않고 시정권고 의결내용을 존중하여 “소득있는 곳에 세금이 있다는” 대원칙 입장에서 국민이 정말로 억울하게 세무조사의 세금추징이 되었는지 적법여부를 재검토 할 객관성과 합리적인 어떠한 기준도 조치도 취하지 않고 무시한 채 담당 공무원의 사적 개인의 임의적 자의적인 판단으로 국민권익위원회의 시정권고 거부행위는 그동안 계속된 “갑질과 횡포” 보다 더욱더 극에 달하는 “갑질과 횡포”을 일삼았습니다.
 [본 게시물의 일부 내용이 국민 청원 요건에 위배되어 관리자에 의해 수정되었습니다]",227,/19th/www.president.go.kr/petitions/605297
605296,천안 50대흉기난동사건 신상공개 안하고 검찰송치를 했습니다 신상공개재검토 부탁합니다,안전/환경,2022-04-26,2022-05-26,naver - ***,청원종료,"신상공개위원회 개최 한다면서 충남경찰청은 여론 때매 무시하고 피의자를 검찰송치  하였습니다
천안 성환에서 13일에 발생한 50대 흉기난동으로 두여성이 사망하고 두남성이 중.경상을 입은 사건이 있습니다.
화장실에서 사소한 시비가 살인까지 벌어진 말도 안되는 있어서도 안되는 사건입니다.
이사건으로 제 삼십년지기 친구는 응급상황을 몇차례 넘기며 수술을받아야했고. 친동생처럼 아끼던 동생은 사망하였습니다.
남편도 없는 장례를 치뤄야했고.
사고소식을 바로 아이들에게 알릴수없어
장례식 당일에서야 엄마에 부고소식을 접한 이제
초등학교5학년.4학년 아이들!
상주복을입고 자기몸집만한 엄마에 영정사진을 들고 화장터로 향하는 이 아이들에 발걸음을 누가 위로해준답니까?
감히 위로가 되기나 하겠습니까?..
가해자는 살인전과가 있는 사람이라고 합니다. 살인전과가 있는 사람을 버젓이 사회에 내놓았으니 또 이와같은 비참한 현실이 생기는 이유아닐까요?
우발적살인이다?..
이미 사소한시비가 끝나고
사과하며 인사까지 나누고 헤어진 상황에서
자기차에가서 범행도구를 가져와 잔혹한 범행을 저지른게
계획적이지 않고서야 어찌 우발적 살인입니까!
상식적으로 차에 흉기자체를 소지하는거부터가 누가되었든 걸리면 이와같은 불상사가 생겼을겁니다.
경찰은 왜 이런 흉악범을 체포하고 조사가 어찌이루어지는지.. 신상공개여부는 어찌되는지 한마디 말이없습니까?
지금 이슈화되고 있는 사건에만 취중되어 보도하지 마시고
이사건에 대해서도 수사과정을 많은 국민이 알수있도록 보도좀 해주십시요!!
살인자가 또 살인을 저질렀습니다..
살인자가 또 살인을 저질렀다구요!!
도대체 몇명의 피해자가 더 생겨야 하나요?
많은 국민이 울분을 토하고 있습니다.
부디 흉악범에 신상을 공개해주시고.
엄벌에 처하는 형량을 내려주십시요!!!
*청와대 국민참여에 많은 동참부탁드려요*
소한 실갱이후,
(살인하려고 맘 먹은듯)
대리기사를 기다리는 4인 부부에게  무차별적으로 공격!
그중 제일 약한 여성분들만 제일 급소만 (특히 목과 복부 )공격.하여.바로 사망.
이미 칼에찔려 부상당하여서
겁에질려 도망가는 사람을 끝까지 쫓아가서 흉기로 찔렀습니다.그것도 짧은시간안에요
.누구나 할수있는 사소한 혼잣말로.그렇게 소중한 생명을 뺏어갔습니다.
저는 그 살인자의 얼굴과 신상이 궁금합니다.알권리.이제 .
그날 그 길에서 멈춰버린 젊은 엄마는 이제 다신 두아이를 만나볼수도 만질수도 안아볼수도 없습니다.","4,136",/19th/www.president.go.kr/petitions/605296
605295,무리한 부대 복귀 강행과 관리소홀로 동생이 사망했습니다.,외교/통일/국방,2022-04-26,2022-05-26,naver - ***,청원종료,"작년 5월 입대한 동생은 8,9월에 부대에서 화이자 백신 1,2차를 한달 간격으로 접종했습니다.
접종이후 목과 골반에 두드러기 반응이 나타났지만 심각한 상태는 아니었습니다.
그러나 12월 5일 새벽, 부대로부터 동생이 발작증세를 보여 병원으로 이송되었다는 연락을 받았습니다.
상세불명의 경련이라는 진단과 6개월간 주의깊은 관찰이 필요하다는 소견을 받고 19일에 집에 왔지만 3시간이 채 지나지 않아 다시 경련을 일으켜 또다시 병원에 갔습니다.
이후 큰 병원으로 옮겨 각종 검사를 받은 결과 뇌전증, 뇌정맥혈전증이라는 신경과 진단을 받았습니다.
2주간의 입원이 끝나고 집으로 돌아와 처방약을 복용하며 지내던 중, 동생의 몸에 빨간 반점들이 생기기 시작했고 또다시 병원에 가 피부조직검사를 받았습니다. 딱지가 떨어지고 물집들이 터지며 동생의 온몸은 붉은 점으로 가득 덮혔습니다. 
그러던중 3월 3일, 부대로부터 복귀명령을 받았고 상태가 호전되지 않았음에도 3월 14일에 복귀하게 되었습니다.
그리고 복귀 후 8일이 지난 3월 22일 오전 7시경, 저희가족은 동생이 부대에서 사망했다는 연락을 받았습니다.
침낭에서 취침하던 동생이 바닥으로 떨어져 침낭속에 엎드린채로 죽었다고 하더군요.
생활관 동기들은 침대에 아무도 없고 침낭만 바닥에 떨어져있어, 그 속에 동생이 있다는 사실을 모른채 동생이 어딜 잠깐 나갔다고 생각했고, 그래서 점호시간이 되어서야 동생을 발견했다고 했습니다.
발견 후 응급조치를 취했지만 그땐 이미 사후경직으로 몸이 굳은 상태였다고 했습니다.
사망 전날 동생은 몸이 좋지 않다며 호소했으나 부대측은 별다른 조취 없이 동생을 방치했고 결국 동생은 사망에 이르렀습니다. 저는 부대측의 무책임한 대응에 매우 분노하며 억울한 마음입니다.
백신접종 전까지 병원한번 간 적 없이 건강하던 동생이 갑자기 뇌전증에 걸린것도 모자라 부대 복귀 8일만에 사망이라뇨.
나라에서 맞으라는 백신 맞고 나라에서 불러 군대에 간 게 제 동생의 잘못입니까? 겨우 21살에 세상을 떠난 동생의 억울함을 누가 책임져줄까요.
온몸이 붉은 반점으로 뒤덮힌 동생을, 2년 이상 약을 복용해야하고 6개월간 주의 깊게 관찰하라던 의사 소견따위 무시하고 복귀시킨게 정상인가요?
동생이 사망한 이후부터 아침점호시간에 발견되기 전까지, 그 긴시간동안 누구도 동생을 발견하지 못했다는 사실이 통탄스럽습니다.
이는 명백히 백신 부작용과 부대측의 관리소홀로 인한 죽음입니다.
하지만 저희 가족이 이를 증명해내기는 너무 어렵습니다.
전역 후 대학교에 진학해 공부하고싶다던, 꿈많고 착한 제 동생의 목숨을 앗아간 원인에 대해 철저한 진상규명을 촉구하는 바입니다. 
21살 어린나이에 억울한 죽음을 맞이한 제 동생을 위해 청원 부탁드립니다.","5,973",/19th/www.president.go.kr/petitions/605295
605294,중계본동***** 재개발 말 바꾸는 오시장님,안전/환경,2022-04-26,2022-05-26,naver - ***,청원종료,"중계본동 ***** 재개발 
상황에 따라 말이 바뀌는 오시장님
재개발이 미뤄지면서 빈집 태반으로
안전이 위협당하는
여기 동네를 한번 와보세요
안전줄이 곳곳에 쳐있고
열악한 환경에 사는 사람들에게
시장님은 말이 그리 쉽나요?
주민이 원하지도 않았던 계획을 내세운것도
시장님이고 다시 번복해서
뒤집는것도 지금 시장님이라는데
행정이 쉽다고
주민들 고충과 고통은 안중에도 없이 선거판만 신경쓰시나요?
누굴 믿고 기다려야하나요?
이번엔 되겠지..
바뀌면 되겠지..
기대감과 기다림은 실망으로
30년 넘게 버티다 글을 씁니다
저는 아파트를 원한것도 아니었고 공짜로 집을 달라는것도 아닙니다
새집을 지어
살수만 있었다면
이런글도 올리지않습니다
그 흔한 도시가스 서울에서
기름 아끼려
추위에 떨고
두꺼운 옷입고 답답한 몸으로
추위에 떨고 남은것은 
지병만 얻게 되었습니다
30년 넘게 산동네
개발바람이 들어 개발추진한지도
20년이 넘었는데
아직도 암담한 앞길
누가 공짜로 아파트 지어달라고 했나요?
서울시는 재개발 행정을 선거용으로
남용하지마세요
빈집이 80프로인 동네
밤에는 위험지역으로 무섭고
내땅 세금만 내고
아무행세도 못하는
무기력한 시민으로 만들지마세요
대통령님,시장님 *****에 와보시고 주민들 고통도 헤아려
보십시요
오시장님이 뱉은 말은 책임지고 결과를 보여주세요
주변동네 모든 주민은
다 알고 있습니다
이미 개발 도면 청사진도 나왔고
시공사도 선정되었습니다
주민을 더이상 울리지마십시요
될듯될듯 기대감도
지쳤습니다
아파트 개발을 하기로 했으면
약속을 지키시고 주거보전지역도
그대로 추진하시고
주민이 편하게 살수 있는
환경을 공짜로 달라는것도 아닌데 왜 중계본동만 방치하며
선거철만 되면 바람을 불어넣는것도 더는 못 참겠습니다
환갑이 코앞으로 다가오는데 60전에 안정적인 삶을 살고 싶습니다 허망한 꿈인가요?
1000가구 이상의 주민이 
내집을 희망하고 
노인들은 기다리다 지쳐
떠나신분들도 많습니다
더 이상 도깨비동네 만들지 마시고 재개발 하기로했음 
책임을 지시고 빨리 추진이 
될수 있게 해주세요
말은 더이상 바꾸지마세요
 [본 게시물의 일부 내용이 국민 청원 요건에 위배되어 관리자에 의해 수정되었습니다]",965,/19th/www.president.go.kr/petitions/605294
605293,청와대 영빈관 놔두고  차량 558대 동원해 고급호텔서 만찬을 여는 윤 당선자의 취임식을 반대합니다.,정치개혁,2022-04-26,2022-05-26,twitter - ***,청원종료,"청와대는 대한민국 근현대사가 고스란히 남아 있는 대한민국의 대표적인 브랜드입니다.
수 많은 외국정상 정치인 유명인들의 방문으로 청와대는 국제적인 명소입니다.
이런 뜻 깊은 곳을 국민 대다수가 반대하는데 억지로 개방 하겠다며 억지 혈세를 쓰는
윤 당선자의 반민주적인 결정에 분노합니다. 거기다 대통령 관저보다  넓고 멋진
외무부 장관 관저까지 멋대로 사용하게 하며, 
또 다른 대한민국 정치사의 중요한 장소를 강탈한다고 합니다. 
이 본인은 국민의 뜻이라고 말하지만, 어떤 대한민국 국민이 대한민국 근현대사의 중요한
장소이며 정치적 외교적 자산이 남아 있는 청와대, 외무부 장관 관저를 멋대로 5년 짜리
권력이 함부러 파헤치라고 했는지 궁금합니다. 
그러면서 이번에는 멀쩡한 영빈관을 사용하지 않고 신라호텔에서 초호화 취임식 만찬을
연다고 합니다. 코로나 시국에 대형 화재로 힘들어하는 국민들의 아우성은 보이지 않고
<황제> 놀이에 빠진 윤당선자의 혈세 낭비를 더 이상 보고만 있을 수 없습니다.
이 청원으로 국민의 분노를 보여주고자 합니다.  고작 20만표 0.7% 차이로 겨우 이긴
권력이 이렇게 날 뛰어도 되는지 분노합니다.","68,291",/19th/www.president.go.kr/petitions/605293
605292,"비사업자, 분리매출 단말기 사용해도 되나요?(pg사업)",기타,2022-04-26,2022-05-26,naver - ***,청원종료," 
저는 식당을 운영하는 자영업자입니다.
식당에서 카드매출과 현금매출을 받아 1년에 2번 성실납세 기준에 맞게 
부가세 및 종합소득세 신고를 하고 있습니다.
하지만, 요즘은 내가 이렇게 정상적으로 매출 신고를 하는게 정상적이인데, 왜 정상적인 사람이 비정상처럼 생각되는지?!라는 생각에 지금까지 부족하지만 최선을 다해 살아온 제 자신이 한심하기 까지 합니다.
 
지금 인터넷블러그, 카페, 유튜브, 인스타등등 어디서나 쉽게 찾아 볼 수 있는 세금 절세할수 있는 신용카드단말기 홍보를 하고 있습니다.
 
이들은 1대의 단말기를 이용해 매출의 70%는 van을 통하여 정산적으로 매출 신고를 하고 30%는 타인명의로 신용카드 결제대행사의 가맹점이 되면 30%의 매출에 대해 년 4,800만원까지는 세금 절세를 할수 있다고 광고를 하고 사업자등록증이 있어도 개인으로 단말기를 사용하면 매출 신고를 하지 않아도 된다고 하고 있습니다.
 
이런 부분에 대해 작년에 “*** *** **.”불법이라는 방송을 하였고 이로 인해 피해를 보는 자영업자들이 없었으면 한다고 하였으며, 저 또한 배운 것이 없고 세상 경험은 적어 무지하지만 주민번호로 단말기를 개통하여 사용을 할 수 있고, 매출을 분리할수 있다. 그것이 합법이라면 저와 같이 사업자등록증을 발급 받고 정상적으로 영업을 하는 사람들은 바보이고 멍청한 것인가요?
 
제가 확인해 본 바로는 그런 업체들은 “여신전문금융업법 19조 5항”“ 국세 기본법 14조 실질소득, 실질과세” 법에 근거하여 영중소상공인들을 위한 “절세 단말기”“비과세단말기‘ 라고 하면서 광고를 하고 있으며, 대략 30여곳(****, ******, ******, ***, **, * ***, ****, *****, ***등등)이 되고 이 업체들은 전자결제서비스 등록을 하지 않은 비정상적인 서비스사업자로서 지난 수년간을 이런 서비스를 통해 수없이 많은 폭리를 취하여 이익을 보았으며, 이들의 홍보 광고에 속은 수많은 영세.중소 자영업자들이 세금 폭탄을 맞아 힘들어 하고 있다는 것입니다.
 
왜 정상적이 사람들이 힘이 들고 비정상적이 사람들이 이익을 보고 있는데 그들을 방치 하고 있는 건가요?
 
그들이 정상적인 것이고 제가 비정상것이라면 저 또한 그들이 홍보하는 단말기를 사용하여 세금 절세의 효과를 보아도 되는 것 인가요? 
 
만일 이방식들이 합법적이고 맞다면 이제까지 정상적으로 사업자등록을 
하고 부가세와 종합소득세 신고를 성실히 한 저는 너무도 억울합니다.
 
매출분리 단말기 사업이 합법적이라고 영업합니다
정말 어려운 코로나19사태에 합법을 가장한 위법은 없는지
또다시 자영업자 울리는 불법은 아닌지 확인을 간곡히 요청드립니다.
 [본 게시물의 일부 내용이 국민 청원 요건에 위배되어 관리자에 의해 수정되었습니다]",141,/19th/www.president.go.kr/petitions/605292
605291,죽을 사람이 핸드폰 동기화 및 백업 그런 기능도 모르는 사람이,인권/성평등,2022-04-26,2022-05-26,naver - ***,청원종료,"단독] 죽을 사람이 휴대폰을 동기화한다고? 40대 여성 사망 '미스터리'의 사건의 유족입니다.
고인은 자살한 이유도 동기도 없는 사람입니다.
이런 현실이 너무나 받아들이기 힘들어 수차례 이의제기와 민원등 힘없는 유족으로써 할수 있는
모든 방법을 동원하여 호소하였습니다.
법이 멀리있는 것이 아니라 수사관의 양심과 책임 국민의 안전과 인권이 멀리있다는 것을 실망한 현실 답답함으로 계란으로 바위를 치는 그런 기분을  알게되었습니다.
경찰 수사관은 직접적 증거를 찾을 생각보다 유족이 이 사건에 대해 이의제기하는 부분의 확인보다 바빠서 사건이 많아서 직접적증거가 아니다. 충분히 증거를 찾을수 있는 시간이 있음에도 불구하고 디이상 수사할 의직가
없었습니다. 유가족이 CVTV보관 기간 중 확인요청. 112신고 녹취 확인여부,관련자 진술조차 없이 또는 진술 받은듯 조사가
꾸며지고 이 사건을 단순변사로 축소 은폐 
심지서 서류 작성시간 및 동시 검시도 이루어지지 않은 상태였습니다.
죽은이는 말이 없습니다. 그럼 왜 죽었는지 죽은이의 몸에 있는 흔적을 살펴야 하나 이 또한
형식에 불과한 검시..이 모든 결과를 유족에게
타살혐의가 없다. 뚜렷한 내용제시도 없이 믿으라 합니다. 하여 국민청원합니다.
이 나라는 국민의. 국인의 의한 국민을 위한 국민으로써 주권이 보장되는 나라입니다
정부가 정한 기관으로부터 이런 국민의 주권이 묵인 및 묵살 당하는 것이 이나라의 국민입니다.
유족의 이의제기 및 합리적 의심에 대한 증거를
제시해도 직접적 사인과 무슨 관계가 있는지 라는 수사기관 정당한 수사를 기대할수 있는지
어떻게 해야 정당한 수사를 받을수 있는지
국민으로써 답답하고  어이없고...상실감.
사람이 죽었습니다. 자살이라는 오명을 쓰고
죽은 사람의 삶과 유족의 삶까지
허무하게 만들고 죄인의 거리를활보하고 있는 이나라의 수사기관의 수사능력. 수사 능력보다는 절차조차 지키지 않는다는 것이 정확한 표현이라
사료되며 이런 기관에서 국민의 죄에 대해 수사를 할 귄한이 오히려 악용과 남용으로 물들고 부패한 권력이 된다 생각합니다.
지금이라도 죽은이 남아 있는 이의 국민으로써 정당한 권익을 보장받고자 국민 청원합니다
억울하게 죽은이의 한이라도 풀고 남은 가족이
살아갈수 있도록 정당하고 합리적인 수사를 요구합니다.",229,/19th/www.president.go.kr/petitions/605291
605290,화이자백신 접종으로 인한 회전근계파열에 대한 정부의 책임을 묻고자 합니다.,보건복지,2022-04-26,2022-05-26,naver - ***,청원종료,"내용제목 그대로 화이자 1~2차 백신 접종 후 신랑이 회전근계파열이 발생 하였습니다. 
정부는 이와같은 사항의 책임을 묻고자 합니다. 
지금 저와 같이 피해를 본 분들이 많다고 들었습니다. 
하지만 정부에서는 지금까지 어떠한 대책도 논의 되지 않고, 어떠한 대책도 나오지 않습니다. 
SIRVA라는 명칭에 대해서 알고 있으신가요?
아무 병원이나 제대로 교육하지 않고, 주사를 어깨 삼각근쪽에 놔야 되는데
의사라는 사람들이 제대로 주사를 놓지 못하고 교육을 받지 못하여,
그 이유로 인한 회전근계파열이 발생한것입니다. 
무슨 대책이라도 내놔야 하는것 아닙니까?
언제까지 국민이 이런 피해를 혼자 스스로 떠안아야 합니까? 
누구에게 피해보상을 청부 해야 합니까?
이 아픔을 누구에게 말을 해야 합니까?
오죽했으면 관련링크 보시면 아시겠지만, 
억울하고 답답한분들이 카페까지 만들어서 다같이 호소하고 있는 상황입니다.
꼭 답변 부탁 드리겠습니다.
 [본 게시물의 일부 내용이 국민 청원 요건에 위배되어 관리자에 의해 수정되었습니다]",306,/19th/www.president.go.kr/petitions/605290
605289,미성년자간음및방조죄,기타,2022-04-26,2022-05-26,naver - ***,청원종료,"저는 이사건을 신고한 신고자입니다 
사건번호 ************ ****검찰청**지청 검색가능 
사건의 간략 내용인즉 계부자신의 집에서 미성년자인 양녀)큰딸에게 핸드폰 빼앗는다 용돈 안준다고 협박하여 성관계 시도및요구
3번의신체접촉및2번의간음으로 형사제판소송중임 제판기일에 4번 미참석했는대고 불구속으로 진행중이며 친모가 이사실을 알고도 묵인방치방조 제가 큰딸의 예기를 듣고 신고하여 현제 큰딸은 센타에 분리되어있으나 문제는 작은딸입니다 현제 초등학교2학년인데 그러한 환경에 노출되어있는데 아무런조치를 안하고있습니다
법원및 경찰서 아동신고센타에 여러차례 연락하고 신고하고 분리요청을했으나 작은딸은 이미 친엄마에게 쇄뇌당해 친엄마랑 산다고 합니다 그렇게 작은딸이 예기하면 분리가 안된다고하는데 이게 나라법입니까? 아동복지센타에 이런한일들을 신고를했으나 아직 벌어진일이 아니라며 벌어진 다음에야 분리된다고 말하고있습니다 제가 생각하기엔 큰딸에게 그런일이 있었으면 계부가 이번일이 첫번째 벌어진일도 아니고 재범인데 또하지 말란법있나요?위에 내용들도 신고자인 제가 발품팔아서 알아낸사실이고 사건이 어떻게 진행되는지 오늘이 되서야 자세히 알게됬습니다
현제 진행은 우선 그계부는 구속영장을 발부하였고 친모라는사람은 이사건에대해 그계부를 용서해달라며 진정서를 넣었다고 합니다 이게 친엄마로써 해야할 행동인가요? 제발 한분이라도 이글을 읽는다면 큰딸은 이미 불리되어 있어 걱정은 안되지만 작은딸도 친엄마와 분리가 되었으면 좋겠다고 청원에 적극 동참에 주세요
 [본 게시물의 일부 내용이 국민 청원 요건에 위배되어 관리자에 의해 수정되었습니다]",310,/19th/www.president.go.kr/petitions/605289
605288,언니 살려줘~~,보건복지,2022-04-26,2022-05-26,naver - ***,청원종료,"안녕하세요.
저는 제주에 사는 54살 ***입니다.
친여동생이 2021년 8월 23일 화이자 1차,2021년 10월 04일 화이자 2차를 맞았습니다.
일상 및 직장 생활을 하는데 피로함과 감기증세가 심해 2차 19일 후 10월 23일 에 내과를 내방해 처방 약을 받아 먹었습니다.
그러나 차도는 전혀 없었고 혈액검사를 하니 간수치가 높다고해 종합병원으로 옮겨 다시 혈액 검사를 하니 역시 간수치가 높아 입원 치료를 하였습니다.
지병이 없던 동생인데 답답하고 억울 했습니다.
치료 도중에도 열이나고 간수치도 높으면서 중환자실과 일반병실을 왔다갔다 반복 했습니다.
그 와중에 다리가 붓고 힘이 없어 루마티스과에서 검사를 건의 검사 결과는 희귀질환으로 나왔습니다.
갑자기 손은 하얗고 백태가 생기며 자가 면역이 안된다며 피검사와 파종성 혈관응고제를 쓰면서 치료를 변행 했습니다.
치료 진전은 전혀 보이지 않았습니다.
제대로 검증도 되지안은 백신을 강제로 맞게하고 사망에 이르게 까지되어 너무 원망 스럽습니다.
동생은 결국 올 22년 1월21일에 세상을 떠났습니다.
비록 나의 소중한 여동생은 이렇게 허망하게 세상을 떠났지만 앞으로 다른분들은 이런 비극을 겪지 않길 바라며 이렇게 글은 올립니다.
그리고 백신과 희귀질환의 인과 관계를 정확히 밝혀 주시길 간곡히 말씀 드리며 청원을 올립니다.",423,/19th/www.president.go.kr/petitions/605288
605287,울산 아파트분양  거실정면에 송전탑 35m 설치 전국아파트 최단거리 송전탑 어디에 하소연 해야하나요?,교통/건축/국토,2022-04-26,2022-05-26,naver - ***,청원종료,"울산 *구 *동 공공택지조성하에 일반분양 **** 1082세대  (23.11월 입주)
A1 국민임대 437세대 
A2 공공임대 373세대 
C1 공공분양 358세대 
**** 입주자공고 21.5월 최대  경쟁률 58:1 => 송전탑이 없었죠. 
작은방 큰방 거실 정면에  송전탑 약 35~40m 지점에 탑설치 
중도금 입금후 21.11월  송전탑 46m 남쪽 북쪽 2기 설치 
(산위에 있어서 아파트 높이 60m 미터 보다 탑 이 더 높아요 언덕25m 탑 46m)
11월 부터 항의를 하고 울산 시의장 및 울산 *구 국회의원까지 나섰지만 
해결책은 나오지 않고 있습니다 . 물론 시위도 했죠. 
입주예정자라 찾아나서며 100명이상 시위도 하고 뉴스도 나오고 했지만 
어쩔수 없다는 답변의 연속 입니다. 
도시공사측과 10여차례 회의를 진행 했지만 도저히 해결할 기미도 안보입니다 . 
한전에서는 돈만 주면 이전 해주겠다고 하며 도시공사는 돈이 없다며 서로 책임 전가중입니다 
**시행사는 지구밖에 공사라 뒤짐을 지며 지켜 보고 있습니다 . 
입주예정자가 할수 있는게 시위 나 돈을 모아서 이전시켜볼려고 합니다 . 
도시공사 및 울산시는 송전탑 관련 지구단위계획이라는 주소지도 틀리게 올려 놓고 000-00 일원이라는
이유로 그 주변에 지워도 상관 없다고 합니다 . 관연 이게 맞는지도 의문 입니다 . 
****일원(250m)  전기 시설 표시가 되어 있지만 현재 송전탑은 ******(35~40m)에 설치 하였습니다 
약 100억짜리 공사인걸로 알고 있습니다.  
남쪽 울산시 북구 **동 *****번지  (지구단위계획 주소 * ****번지 일원)
153KV 송전탑이 200미터나 더 앞으로 설치 되어있습니다 . 
북쪽 울산시 북구 **동 산****번지 (지구단위계획 주소 ***번지 일원)
153KV 송전탑이 50미터나 더 앞으로 설치 되어있습니다 . 
회의를 해본결과  돈을 아낄려고 양쪽다 앞으로 당긴것으로 예상됩니다. 
오늘은 울산 시장을 만나러 갑니다  오기전 벌써 부터 큰 기대는 하지 말고 오라고합니다. 
해결 방안은 안나올것으로 생각됩니다 . 
입주민들이 십시일반 모아서 울산시가 못하는걸 최초로 이전 시켜볼려고도 합니다. 
입주민들이 거의다 90년생이라 사회초년생이고 무주택자 우선이라 정말 우리는 잘 모릅니다 
도움을 요청할때가 없습니다 . 
생애첫주택 기쁨보다는 송전탑이 거실 과 방 정면에.. 35미터 앞에서 먼저 건설이 되어 버렸네요. 
로드뷰로 보시면 확인 가능합니다. 전국 아파트중 제일 송전탑이 가까운집이 될것 같습니다 
공공이 진행 하는것에 믿음이나 안전에 대해서는 
국민임대 및 공공분양  이런 곳은 저렴하다는 이유로 송전탑하고 가지 살아야 하는건가요??? 
어디에 하소연을 해야 하는지도 진짜 모르겠네요 ....  체념하고 살아야 할까요?
 [본 게시물의 일부 내용이 국민 청원 요건에 위배되어 관리자에 의해 수정되었습니다]","1,188",/19th/www.president.go.kr/petitions/605287
605286,"와이프가 탕진한(불법도박,호스트바,내연남) 빚19억 및 사채로 인해서 신고 합니다.",행정,2022-04-26,2022-05-26,naver - ***,청원종료,"안녕하세요.
저는 평범한  회사원에 아이들2명을 키우는 아빠입니다.
제목처럼 저는 와이프를 처벌할수 있게 부탁드립니다.
현재 법으로는 가족간 고소는 안되다고 하여 
잠이 안오고 제 속은 이미 다 탔네요.
21년 3월 12일 당시 장모님 생신으로 장모님 , 처형네 ,저희 4식구 모두 가평으로 여행을 떠났습니다.
오후 1시쯤 한통의 전화를 받았습니다.
전화 내용은 어머니가 일하시는 가게 사장님이 어머니가 연락이 안되서 전화를 드렸더니 어머니가 어지럽다 하시고 통화가 끊겨서 집을 방문해 보니 어머니가 쓰러지셔서 병원을 갔더니 뇌출혈로 응급실에 있다는 전화를 받았습니다.
저는 여행 중이긴 하나 종전 어머니가 쓰러지셔 걱정되어서 와이프한테 알렸지만 와이프는 차가 1대가 빠지면 안되서 이동이 힘드니 좀 있다 숙소 까지 데려다 주고 가라는 이야기를 했습니다.
저는 황당하고 참 어의가 없었지만 그렇게 진행 하고 오후 3시쯤 가평에서 서울로 이동 하였고 어머니는 응급실 한구석에서 진료를 기다리면서 입원 수습 절차를 기다렸습니다.
나중에 안 사실은 와이프가 아프신 어머니 한테 입원하시면 저를 빨리 내려 보내라고 했다고 합니다.
저는 새벽1시까지 어머니 수발과 겨우 입원을하고 어머니께 사정을 말하고 내려갈려고 했으나 당시 비가 너무 많이 와서 도저히 운전이 안되어 와이프한테 전화를 했으나 안되고 겨우 처형께 말씀 드리고 잠깐 눈을 부쳤습니다.
다행히 이모님들이 간병인 하신다고 하여 좀 나아지나 했으나 뇌출혈로 인하여 휴유증이 심하게 남고 아버지의 폭언과 음주로 인하여 황혼 이혼 준비중 어머니는 살고 계신 집을 부동산에 내놓을려고 이모님께 인수인계를 했으며 당시 담보가 집가격에95%차지 하여 못판다고 확인 하보니 와이프가 저희 어머니를 속여 제2금융권 으로 대출(공문서 위조)하여 그돈으로 오피스텔 구매하였으나 그 전세금을 횡령 밎 잦은 시댁 방문시 저도 모르게 1억 이상 현금을 받아 갔으며 상황 파악을 해보니 와이프는 거짓말로 1차 주식 했다고 거짓말 하였으며 사실이 아니자 불법도박(모바일)했다고 거짓말하였고 결국 마지막은 3년동안 강남,이태원 호스트바 탕진 및 그곳에서 내연남을 만나 19억을 다썼다고 합니다.
당시 저도 와이프를 믿고 또 말만 듣고 대출 했으나 불과 7개월동안 약 9억을 다쓰고 현재는 저보고 갚거나  회생절차를 하라고등 말하고 있습니다.
추가로 아는 사실은 저모르게 사망보험금(억단위),아이들 돌반지 30돈 판매 및 학자금 약 몇천만원도 사용 하였고 현재 돈이 없으니 저보고 갚으라고 하네요.
일반 직장인은 그돈도 못갚고 글고 제가 자기 말대로 안하니 지난주 부터 자살 협박 4번(경찰이력) 및 술집 일등 하여 아이들 정서상 안좋은 상황입니다.
딱 두가지 행정관련 요청드린점이 있습니다
-불법도박 신고를 하고 하였으나 경찰분들은 조사하지 않고 와이프라는 사람이 들어간 사이트와 내방하라는 등 전혀 수사를 할 생각이 없습니다.
와이프가 모바일로 하여 정확한 사이트명 확인이 불가 하고 당시 와이프 통장 내역에서도 보면 대포통장에 입금된 내용을 봤다고 진술하였으나 무시 및 알아서 하라고 하였음(*** 경찰서 별관 2번 경찰관)
좀 더 신고자의 마음을 무시함
-왜 부부 사이 이긴 하나 제가 물질적 피해자 인데 고소가 안되는지요.
이정도 금액이면 중소기업이 망할정도 이며 일반인은 죽으라는 소리입니다.
합법적인 고소 사유이나 현재는 안됨
그러다 보니 와이프는 당당하게 저보고 갚으라고 하네요.
억울합니다.제가 자살까지 해야지 이런법이 바뀌는지요?
안되면 저는 어떤 방법이라도 하겠습니다.
애들(초6,4)을 키우는 아빠로써 잘못한 부분은 고치고 싶습니다",810,/19th/www.president.go.kr/petitions/605286
605285,24년간 국가에 헌신한 군인 남편의 억울함을 호소합니다.,인권/성평등,2022-04-26,2022-05-26,naver - ***,청원종료,"저희 남편은 24년간 국가에 헌신한 현역 군인이고, 아내인 저 역시 월남전에 참전한 국가유공자의 딸이자 군인의 아내입니다.
2022년 4.13(수) 09:30분경 **군단 감찰 조사실에서 쓰러졌습니다.
쇼크가 있었고, 정신을 잃어서 군의관이 들것으로 AMB로 옮겨 부대에서 가장 가까운 민간의 군협업 병원 응급실의 중환자실로 후송되었습니다.
그 당시 남편은 눈물을 흘리고 사지를 떨고 정신을 차리지 못하고 있었습니다.
저는 아내로서 병원이 가까이 있어 목숨은 살렸구나! 하며 안도의 한숨을 쉬며 감사의 기도를 하는 마음이었습니다.
저의 남편은 피고인도 죄인도 아닌 상태입니다.
군 감찰 조사장교가 관련 인으로 필요한 사항을 물어보고 억울한 사항이 있으면 들어보는 자리라고 해서 불려갔다고 합니다. 남편은 조사도, 아무 의견도 한마디 해보지도 못했고, 들어주지도 않았다고 합니다.
조사 자체가 아무 진행도 안 된 상태에서 지휘관이 사실관계도 확인되지 않은 상태에서 처벌을 하라고 했으니 조사한다고 합니다.
피해자와 가해자가 있더라도 두 사람의 이야기를 들어보고 자신을 변론할 수 있는 기본인권은 지켜져야 하는 것이 기본이라고 생각합니다.
조사 간 ① 아무리 얘기해도 소용없는 것 알지 않냐, ‘예’, ‘아니오’ 로만 대답해라. ②문제가 있다고 하니 누군가는 책임을 져야한다. ③조사장교 본인이 바쁜 사람인데 당신에게만 많은 시간을 줄 수 없으니 빨리 진술하고 끝내라. ④시간을 끌면 당신은 더 불리하다. 라며 다그치고, 그런 압박 속에 쓰러지니, 욕 같은 한숨을 내쉬어 더욱 치욕스러웠다고 합니다.
조사 내용도 
업무태도 관련 호소와 업무처리 미숙과 업무지연 등의 이유로 부하를 질책 했는지의 유무입니다.
직장생활에서 다반사로 일어나는 일들입니다.
그렇다면 분명 이 일은 양쪽 모두 사실 관계를 명확히 정확하게 알아야 하는 것이 분명합니다. 
그럼에도  
왜? 조사장교는 빨리 사건을 마무리 짖고, 자신보다 상급자에게 소리 지르며 조사가 되지도 않은 상황에서 내 남편을 이미 죄인으로 몰아세웠는지 너무 억울합니다. 
이건 군대의 고질적인 인권을 무시하는 강압수사의 관행과 수사의 독립성이 없이 지휘관이 지시하면 사건 조사도 하지 않은 상태에서 죄인으로 몰아가는 찍어내기, 몰아가기 수사의 범죄 행위입니다.
조사 내용에는 회식에 대한 부분도 있었습니다.
우리 남편의 상급자는 회식을 하면 우리 남편 외에도 부하들에게 사비로 제철음식을 사오라고 강요와 갑질을 하고 상급자가 혼자 사는 독신숙소에서 식사하자며 “나는 랍스터를 좋아한다”라고 이야기 하면 랍스터를 주문하고 포장하고 대접해드리기 위하여 독신숙소 자리에 음악을 깔고 세팅을 하여 대접을 한다고 합니다.
이러한 경우는 제철 꼬막 준비 등 여러 번 있었고 남편과 동료가 사비로 비용을 지불하는 경우가 대다수 였다고 합니다. 이러한 갑질 회식의 책임조차 내 남편에게 뒤집어 씌우고 있어서 억울합니다.
조사에 순순히 응하지 않으면 더 크게 처벌 하겠다는 압박감에 남편은 너무도 억울하여 실신까지 하였습니다.
또한 더 억울한 군의 처리에 눈물이 납니다.
부대에서 쓰러져서 병원에 왔는데 병원비를 지원하지 않겠다고 통보하고, 병원비 아까우면 현재 제대로 걷지도 못하고 긴급쇼크로 응급 중환자실에 있는 내 남편에게 바로 퇴원해서 걸어서 1시간 거리에 있는 군병원인 수도통합병원으로 가라고 합니다.
저는 남편이 쓰러져 누워있는데 어떻게 걷지도 못하는 사람을 이동시킬 수 있냐고 하였더니 그건 잘 모르겠고, 이런 건 본인이 알아서 해야 한다고 하였는데, 군부대 내에서 쓰러지고 군대 AMB로 긴급 후송된 군인조차 국가가 책임지지 않는데 병사들이나 일반국민들은 더 억울할 것 같은 생각에 군인이었고, 군인의 아내로서 자랑스럽던 마음이 무너집니다.
이후 또 청천병력 같은 소식이 들여왔습니다.
군 종합 의료센터에서는 응급실 비용을 지원하고, 협약된 민간병원 입원비는 군 종합보험에서 지원된다고 안내해 주었습니다.
그리고 **군단에서도 응급실 비용은 지원 가능한데 중환자실에 누워있는 남편이 군병원으로 갈 수 없는 쓰러진 상태인데 당장 이동하지 않으면 입원비를 군에서 책임지지 않는다고 하여 답답하고 눈물이 났습니다.
24년간을 갖은 고생을 하며 헌신을 하였지만, 군 병원으로 후송할 수 있는 차량 조차도 지원해주지 않는 국가와 군이 원망스러울 따름입니다.
입원비가 얼마가 되었든 저 혼자 또 쓰러질지 모를 남편을 일으켜 부축하여 군병원까지 갈 엄두가 나지 않아 협업병원에 입원을 시켰습니다.
그런데 다음날 **군단에서는 갑자기 응급실 비용도 전혀 지원되지 않는다는 통보를 받았습니다.
국가와 군은 국민과 국가를 위해 헌신한 군인을 보호해야 합니다. 온갖 비리와 구태를 벗어날 수 있도록 국가가 나서주시길 간청 드립니다.
 [본 게시물의 일부 내용이 국민 청원 요건에 위배되어 관리자에 의해 수정되었습니다]",305,/19th/www.president.go.kr/petitions/605285
605284,공공주택 특별법 시행령 제54조 개정 요구,교통/건축/국토,2022-04-25,2022-05-25,kakao - ***,청원종료,"문재인 대통령님께 간곡히 호소합니다!
먼저, 지난 5년 동안 국민들의 삶의 질과 나라의 발전을 위해 불철주야 성심으로 노력해주시고 국민들을 아낌없이 사랑해주신 대통령님의 노고에 진심으로 깊은 감사를 드립니다.
저는, 대통령님께서 퇴임하시기 전에 지난 2016년 공공임대아파트 분양전환방식의 부당함을 아시고 성남의 야탑역 광장에서 국민들께 약속하신 공약의 이행을 다시한번 요구하고자 합니다. 
그 당시 대통령 후보이셨던 대통령님께서는 2016년 4월 10일 야탑역 광장에 모인 수많은 시민들 앞에서의 김병관 후보 지원 유세 중 ""10년 공공임대의 분양전환을 5년 임대와 꼭 같은 방식으로 해결하기 위해 당론으로 채택하고 법안을 발의해 통과시키겠다""고 공약하셨습니다.
저희들은 그 약속을 반드시 지켜주실 것이라 믿고 대통령님을 지지 하였으며, 대통령으로 당선되신 후 대통령님의 공약 이행을 기대하고 기다려왔지만 대통령님께서는 이렇다 할 뚜렷한 노력이나 국민들에 대한 설명 없이 공약 이행을 포기하시어 수많은 국민들과의 철석 같은 약속을 저버리셨습니다.
지금까지 여러 국회의원들도 개선하겠다고 약속하셨지만 개선된 것은 하나도 없습니다. 관련 입법 과정 중에 국토부나 LH가 10년 공공임대 분양가 산정방식 변경의 반대 논리로 내세운 것은, “10년 공공임대 분양가 산정방식을 5년 임대와 동일한 방식으로 변경할 경우 기존 10년 공공임대 피분양자들과의 형평성 때문에 못 바꾼다”고 하는 것이었습니다.
그러나, 10년 공공임대의 분양가 산정방식을 5년 방식으로 바꾼다고 하더라도 기존 피분양자들이 추가적인 손해를 입는 것이 절대 아니며, 다만 잘못된 법의 적용으로 인한 일반 서민들의 억울한 피해가 더 이상 발생하지 않는 것뿐입니다.
국토부의 논리 대로라면 최근에 국민들의 큰 관심을 불러 일으켰던 윤창호 법이나 민식이 법이 만들어지기 전에 동일 법의 적용을 받지 못해 발생한 피해자들도 동 법을 소급 적용하여 구제해야만 마땅하지 않는지요?
또한, 대한민국 남성들의 국방의 의무를 이행하기 위한 군 복무 기간이 시대가 달라지고 군대 시스템이 달라지면서 계속 짧아지고 있습니다. 30년 전에는 거의 30개월에 달하던 의무복무기간이 지금은 18개월에 그치고 있습니다. 그렇다면 이것은 뭐라고 설명할 수 있습니까? 수많은 청춘들이 나라를 지키기 위해 보낸 그 12개월의 세월을 돈으로 보상할 수 있습니까? 그렇다고 형평성이 맞지 않으니 계속 30개월을 유지하는 것이 타당하다고 얘기할 수 있을까요?
사회 시스템 또는 문제를 개선 및 해결하고자 기존 법이 개정될 경우 특정 법조항의 변경에 따라 기존 법조항에 의해 처분을 받은 대상자들의 형평성 문제를 제기하지는 않으며, 또한 대부분의 경우 소급적용하지도 않습니다.
형평성은 어떤 새로운 제도 또는 법이 만들어 질 그 당시 그 제도나 법에 의해 영향을 받을 수 있는 대상자들을 놓고 따질 때나 적용될 수 있는 말입니다.
시대가 바뀌면 시대에 따라 법이 바뀌어야만 하는 것이며, 국민이 원하면 법이 바뀌어야 하는 것입니다. 법은 국민의 행복과 복리 증진을 위해 존재하는 것이며 잘못된 법은 그 즉시 수정이 되어져야만 하는 것입니다.
혹시라도 세간에서 관피아와 건설마피아라고 일컬어지는 국토부와 LH, 그리고 건설업자들의 반대 때문인지 묻고 싶습니다. 그렇지 않다면 서민의 주거안정을 위협하고, 임대아파트의 문제점을 잘 알고 계신 대통령님께서 퇴임 전 선물로 결단해 주실 것을 요구합니다.
지금도 법률개정이 진행 중에 있습니다만 지금까지는 관료들의 반대로 번번히 좌절되었음을 저희들은 잘 알고 있습니다. 그러나, 이 문제는 국회에 의한 법률개정 없이도 시행령의 손질이나 정확한 해석을 통해서도 해결이 가능하기에 대통령님께서 결단만 내려주시면 국민들과의 약속을 지키실 수 있게 됩니다. 
부디 국민들에게 주는 작은 선물이라 생각하시어 결단해 주시고 퇴임하시기를 간곡히 부탁드리며, 퇴임 후에는 모든 국민의 축하와 함께 평안하고 행복한 삶을 누리시기 바랍니다. 
관련 법 조항과 변경 요청 내용은 하기와 같습니다.
※ 관련 법령 조항: 공공주택특별법 시행령
제54조(공공임대주택의 임대의무기간) ① 법 제50조의2제1항에서 “대통령령으로 정한 임대의무기간”이란 그 공공임대주택의 임대개시일부터 다음 각 호의 기간을 말한다. <개정 2020. 9. 8.>
1. – 5. 생략
6. 제1호부터 제5호까지의 규정에 해당하지 않는 공공임대주택 중 임대 조건을 신고할 때 임대차 계약기간을 10년 이상으로 정하여 신고한 주택: 10년
7. 제1호부터 제6호까지의 규정에 해당하지 않는 공공임대주택: 5년
위 6호의 해석에 있어서 10년 이내에 분양전환되는 경우에는 7호의 적용이 마땅한데도 건설업자 이익을 침해한다는 구실과 형평성 문제로 외면당하고 있는 실정입니다. 해석에 혼선이 있고, 법률 개정이 여의치 않다면 시행령이라도 다음과 같이 명확히 변경하여 주십시오.
※ 수정 희망 내용(“ “내 부분)
6. 제1호부터 제5호까지의 규정에 해당하지 않는 공공임대주택 중 “10년이 지나 분양전환을 추진하는”주택: 10년","1,069",/19th/www.president.go.kr/petitions/605284
605283,돈만 밝히는 요양원의 거짓말로 어머니가 고통을 받다가 돌아가셨습니다,인권/성평등,2022-04-25,2022-05-25,naver - ***,청원종료,"너무도 억울하고 답답하고 응어리진 마음에 이렇게 글을 올립니다.
아프신 어르신들을 돈의 도구로만 보는 요양원으로 인해 저의 어머니가 돌아가셨습니다. 이 억울함을 풀어주세요.
저의 어머니는 작년 12월에 치매 판정을 받고 올해 1월 8일에 김포 *** 재활요양원이라는 곳에 입소하였습니다. 비록 경도의 치매였지만 보호해줄 사람이 아들인 저 하나밖에 없었으므로 집에서 혼자 계속 케어해 드리기에는 힘든 상황이었습니다. 
저는 하루종일 밖에 나가있으므로 어머니는 끼니도 제때 못 챙겨드시고, 약도 물론 못 챙겨드셨습니다. 전화고 챙겨드시라고 매끼마다 전화해도 쉽지 않았습니다. 시간이 갈수록 어머니 증상이 더욱 안 좋아지는 게 보였고, 저 혼자 감당하기에는 너무도 힘든 상황이 되고 있었습니다.
주야간 보호센터를 이틀 정도 나갔는데, 어머니가 집에 혼자 계시는 시간이 그래도 너무 많으니 아무래도 장기요양등급이 나오기 전이라도 요양원에 가셔야 할 것 같다고 제가 말했습니다. 그러니까 그곳 어떤 분이 자신이 아는 요양원이 있다고 하며 다른 어떤 분을 통해 저에게 연락이 오게 하여 *** 재활요양원을 저에게 소개했습니다.
어머니는 작년 11월 초에 어깨 염증 수술도 한 상태인지라 저는 그 부분도 치매와 함께 많이 걱정되는 부분이었습니다. 소개해주는 분은 통화로 그곳이 재활요양원이라는 것을 강조하며 어머니의 어깨를 더욱 잘 돌보아 줄거라며 저를 설득하고 또 설득했습니다. 정말 적극적이고 강력하게 저를 설득했습니다. 
저는 많이 망설였습니다. 당장 3일 후에 장기요양등급 심사담당자가 저희 집에 오시기로 했고, 은평구에 사는 저희에게 김포는 먼 곳이었기 때문이었습니다. 그러나 소개하시는 분은 엄청나게 적극적으로 저를 설득하고 권유하였습니다. 
저는 알지도 못하는 나에게 왜 이런 친절을 베푸나하며, 오직 감사하게만 생각하였습니다. 그 사람이 알선책인지는 꿈에도 몰랐습니다. 한참 후에야 알게 되었습니다. 요양원이 하루에 5만원인데 자신이 원장과 잘 아니 잘 말해서 4만원에 해주겠다, 어머니 어깨는 그곳을 가야 제대로 케어를 받는다 등등 망설이는 저를 정말 적극적으로 설득했습니다. 
저는 이름 자체가 재활요양원이고 원장이 정형외과 의사라는 말에 더욱 마음이 기울게 되었습니다. 수술 후에 어깨를 회복하고 있는 어머니였기에요. 하지만 원장이 정형외과 의사가 아니고 원장 남편분이 정형외과 의사라는 것도 나중에야 알게 되었습니다.
요양원 원장도 전화가 와서 저를 설득했습니다. 저는 어머니의 증상과 저의 고충을 설명했고요. 제가 3일 후에 집에서 장기요양등급 심사가 있다고하자, 그럼 우선 내일 입소하고 3일 후에 자신들이 어머니를 심사받을 수 있도록 집으로 모셔드릴테니 입소부터 하라는 것이었습니다. 
그때 저도 혼자 어머니를 케어하느라 지치고 지친 상태였습니다. 그런 상황에서 옆에서 저렇게 적극적으로 권유를 하니 그들의 말처럼 당장 내일 입소에 마음이 기울게 되었습니다. 어머니의 어깨도 잘 돌보아 줄거고, 재활 기구나 프로그램 등이 잘 되어있다라고 하며 장기요양등급 심사도 차질없이 받을 수 있게 해준다고 하니말이죠. 오랜 망설임 끝에 그들의 권유에 넘어갈 수밖에 없었습니다.
그 검은 속내를 감춘 설득과 권유에 아무 것도 모르고 넘어간 제가 너무도 원망스럽고 한이 됩니다.
그날 바로 오라고 해서 요양원에 가서 여러 설명을 듣고 계약서를 작성했습니다. 어디나 그렇듯이 그날은 한없이 친절하고 걱정말라며 저를 안심시켰습니다. 
다음날 다행히 어머니는 큰 거부감없이 많은 대화 끝에 인사도 하며 요양원에 차를 타고 가셨습니다. 그런데 그 다음날 요양원에서 어머니가 한바탕 소동을 벌였다고 들었습니다. 창문으로 뛰어내리려는 시늉도 했다고 들었습니다. 그래서 요양원 측에서 병원에 데리고 가서 좀더 센 약으로 처방했다고 전달 받았습니다. 
그런데 시간이 지날수록 어머니의 관리 등에 있어서 너무 소홀하다싶은 점등이 많이 발견되었습니다. 최소한의 관리도 이루어지지 않고 방임하는 듯한 모습이 많이 보이기 시작했습니다.
그곳에서 어머니의 폰 반입은 금지하였습니다. 그런데 가끔 어머니는 다른 분의 폰을 이용해서 저에게 전화나 문자를 했습니다. 그런데 갈수록 어머니는 어깨 통증을 심하게 표현하기 시작했습니다. 시일이 지날수록 극심한 통증을 호소하며 저에게 그곳을 나가게 해줄 것을 호소했습니다. 문자로 전화로요. 
처음에는 어머니가 아직 적응을 못해서라고만 생각했습니다. 하지만 그 고통의 호소가 갈수록 짙어졌습니다. 그래서 실장에게 몇 번 전화를 했지만 돌아오는 답이라고는 어머니는 통증을 호소한 적이 없다라는 말뿐이었습니다. 아프다고 하면 병원에 데려가죠. 라는 말만 하며 생전 아프다는 말을 들은 적이 없다 라는 것이었습니다. 
저는 긴가민가했습니다. 일단 심하진 않더라도 어머니가 어깨가 안 아플 리가 없습니다. 그리고 그곳에 간 큰 이유도 어머니의 어깨 회복을 위한 것이 있는데, 왜 시간이 지날수록 더욱 통증이 심해지는 것도 이해가 가지 않았습니다. 누구 말을 믿어야 하나 싶었습니다. 하지만 어머니는 나중에는 통화하면서 눈물을 흘리면서 너무 아프다고 호소를 했습니다. 그 호소는 제 가슴을 너무 아프게 했고요.
입소 초반에 어깨 염증 수술을 했으니 뜨거운 찜질을 하지 말아달라고 했고, 그들은 제 앞에서 기록을 했습니다. 하지만 알고보니 어머니는 매일 뜨거운 찜질을 하고 있었습니다. 이것도 나중에 알게된 사실입니다. 어머니는 어깨 염증수술을 했기에 뜨거운 찜질을 하면 통증이 더욱 발생할 수 있습니다. 그리고 어머니의 제가 가져간 당뇨와 어깨 약이 떨어졌는데도 저에게 연락도 하지 않고, 그렇다고 병원가서 약을 처방받은 것도 아니고 그대로 방치했습니다. 
아주 기본적인 관리조차 이루어지지 않았고 방임한다는 것이 점점 여러 정황상에 드러났습니다. 
어머니는 자신이 아무리 아프다고해도 직원들이 진통제만 던져주며 이곳은 그런거 치료해주는데가 아니다라는 말만 반복했다고 합니다. 너무도 차갑게 말하고 가끔은 자신에게 소리도 지른다며 제발 좀 이곳에서 자신을 빼달라고 호소했습니다. 다른 환자의 폰으로 장문의 문자도 보내고 전화로 괴로움을 토해냈습니다.
어머니의 호소는 갈수록 심해지고, 전화하면 실장은 아무 이상 없다고만 하고, 원장한테 전화하면 받자마자 통화할 생각도 안 하고 실장을 바꿔주고(두번 전화했는데 두 번 모두).
그곳에선 더 이상 어떠한 기대를 할 수 없다 생각해서 요양원 이동을 결심했습니다. 어머니에게서 그런 괴로움을 토로하는 문자나 통화를 지속적으로 들으면 자식으로서 어떤 심정인지 모두들 이해하실 겁니다. 정말 가슴이 후벼파지고 며칠 동안 일도 손에 안 잡힙니다. 
편안히 쉬시라고 보내드린 요양원인데 어째 신체 통증은 더욱 심해져가고 요양원에서는 괜찮다는 말만하니 이동을 결심할 수밖에 없었습니다. 
여러 요양원을 검색하고 그중에 한 곳의 요양원의 원장님과 통화를 정말 여러번 했습니다. 이곳이라면 믿고 맡길 수 있다 생각하여 그곳으로 이동을 결정하였습니다. 집에서도 비교적 가깝고, 그곳에서는 어머니의 필요한 병원 외래 진료도 해준다 하였습니다.
*** 재활요양원에 전화를 걸어 아무래도 요양원 이동을 해야할 것 같다고 말했습니다. 저는 그때까지 한 번도 그곳에 불평을 한 적이 없었습니다. 
속은 썩어 문드러져가고 너무 기분 나쁘고 화도 많이 났지만, 어머니를 그곳에 맡겼기에 조금이라도 어머니에게 불이익이 갈까봐, 한 번도 불평 안 하고 항상 예의바르게 부탁드린다는 말만 거듭했습니다.
그런데 요양원 이동 얘기를 하니 가관의 반응이 나왔습니다.
제가 처음부터 계획적으로 자신들을 이용했다는 말을 했습니다. 그러면서 3개월간 이동은 안된다는 말을 했습니다.
저는 너무도 황당하고 어이가 없었습니다. 제가 이용을 하다니요? 믿고 맡긴 요양원인데 너무도 관리가 부실하고 방임하는 것이 심하게 보여서 고민 끝에 이동을 결심한건데, 무엇을 처음부터 계획적으로 자신들을 이용했다는 것인지 기가 막힐 뿐이었습니다. 
그리고 3개월이란 것은 처음부터 언급한적도 없고, 당연히 계약서에도 없는 내용이었습니다. 어느 요양원이나 병원에도 일정 기간 있어야 한다는 계약은 없습니다. 너무 기가 막혀서 그제서야 제가 가져온 불만을 쏟아냈습니다. 서로 언성을 높였습니다. 정말 너무 황당한 순간이었습니다.
그리고 이어서 소개해준 사람이 전화를 하더니 제발 조금만 더 있으라고 간곡히 호소를 하더군요. 요양원이 어머니를 병원에 안 데려가면 자신이라도 데려가줄테니 우선 조금만 더 있어보라며 몇 십분을 저에게 부탁하여 저를 진 빠지게 했습니다.
그리고 그 다음날 아침부터 전화를 계속 저에게 하는데 전 받지 않았고, 그러니까 문자를 7~8통을 계속 보내왔습니다. 저보고 계획적으로 이용했다는 똑같은 말을 하고, 자신의 입장이 매우 곤란하니 생각을 바꾸어 그곳에 계속 있으라는 것이었습니다. 
그제서야 알게 되었습니다. 그들의 커넥션을요. 브로커와 요양원의 관계였음을 그때서야 알게 되었습니다. 처음부터 계획적으로 이용당한 것은 바로 저입니다. 생각도 못 했었습니다. 오직 감사하게만 생각한 제가 원망스러웠습니다.
그 후로 한동안의 실랑이 끝에 결국 이동하기로 결정이 되었습니다. 그런데 이동하기로 한 날 그곳에 코로나가 터지는 바람에 2주가 더 연장되었습니다.
그리고 다시 요양원을 이동하기로 한 전날에 사건이 발생했습니다.  
3월 2일에 이동하기로 했고, 2월 28일에 카톡으로 환불문제로 요양원 직원과 갈등이 있었습니다. 저는 이미 한달치 선납을 했고, 2월 8일에 장기요양시설등급이 나왔으므로, 제가 환불을 받아야 할 상황이었습니다.
그런데 그때까지도 그들은 자신들의 시간과 인력낭비를 시켰다며 요양원 이동에 관해 기분 나쁜 표시를 저에게 했습니다. 그러더니 자신들이 어머니를 모시러 왔다갔다 한 비용 등을 청구할거라며 오히려 제가 돈을 더 내야 할거라는 말을 했습니다. 저는 정말 어이가 없었습니다. 
어르신 모시러왔다갔다 하는 것은 어느 요양원이든 하는 것입니다. 그것에 따로 비용청구는 없습니다. 그리고 3개월 이내에 나가는 것이기에 하루에 4만원이 아닌 5만원에 계산할거라는 말도 했습니다. 그런 3개월 계약은 정말 절대 없었습니다.
분명한 허위청구였습니다. 너무 기가막혀 문자로 대꾸도 못했습니다. 내일 가서 직접 말해야겠다는 생각으로 답변을 하지 않았습니다.
그런데 그날 어머니가 밤 12시에 3층 창문 밖으로 탈출을 시도하시다가 떨어지셨습니다. 옷을 다 챙겨입으시고 배갯잇과 커튼 등을 이어 탈출을 시도하셨습니다. 경찰서에서 CCTV를 통해 후에 보게 되었습니다. 5시간 내내 왔다갔다 하며 탈출을 준비하셨습니다.
그렇게 나가고 싶어하던 요양원을 이동하던 전날에 어머니는 그런 시도를 하셨습니다. 왜 어머니가 요양원 이동 전날에 그런 시도를 하셨는지 도무지 이해할 수가 없었습니다. 
도대체 누가 왜, 어떤 말을, 어떤 식으로 어머니에게 전달했기에 70이 넘은 어르신이 그런 시도를 했는지 알 수가 없었습니다. 알고 싶습니다. 무슨 일이 있었던건지 너무 알고 싶습니다.
새벽 1시 50분이 넘어서 인천 길병원 원무과로부터 연락을 받았습니다. 저는 바로 길병원 응급실로 갔습니다. 요양원에서는 저한테 어떤 연락도 안 했습니다.
응급실에 가니 70대로 보이는 요양보호사 한분만 계셨습니다. 요양원 실무진이 아닌 요양보호사분요. 
어머니에 대해 물어보니 어머니는 어깨 통증을 매일 엄청 호소하였고, 늘 진통제만 받고 뜨거운 찜질만 받았다고 합니다. 어머니의 말이 사실이었습니다. 어머니가 저에게 가끔 호소하셨듯이, 요양원에는 매일 같이 호소하셨고 그저 진통제만 매일 받아 드셨던 것입니다. 하지만 실장은 어머니가 생전 아프단 얘기를 안 한단 말만 되풀이 했었습니다.
어머니는 한 달 이십일 동안 그곳에 계시면서 저에게 간절히 퇴소를 호소하셨고, 사고 날에도  다다음날이면 그곳을 벗어나는 것을 아셨습니다. 좋아하셨을 겁니다. 당신이 그토록 바라던 요양원을 나가는 날이었으니까요. 그런데 그 새벽에 그런 말도 안되는 일이 벌어졌습니다.
73세 이십니다. 70평생을 고생만 하시면서 살아온 분이십니다. 편하게 사신 분이 아닙니다. 온갖 세상풍파를 겪으며 지금껏 굳건히 버티며 살아오신 분이, 그곳에서도 그토록 힘들다고 호소하시면서도 버티셨던 분이, 다른 요양원으로 이동하기 전전날 3층에서 떨어지셨습니다.
응급실에서 병원의 지시를 따르고 면담을 하고 있던 와중에, 요양원 직원이 보호사에게 전화를 했고, 저를 바꾸어 주었습니다.
요영양원 복지사의 첫마디는 “괜찮죠?” 였습니다. 저는 “많이 안좋으세요,”라고 대답했습니다. 그러자 이어지는 말이, “어머니 여기 오고 이튿날 소동 피운 것 아시죠?” 저는 너무도 놀라고 어이가 없었습니다. 너무도 당황스러워서 그말을 지금 상황에서 왜 하냐고 했습니다. “저희 힘들었다고요. 저희 힘들었다는거 얘기하는거에요.” 이것은 사실입니다. 한치의 거짓이 없는 사실입니다. 이것이 그 상황에서 사람이 할 말인가요? 사람들 돌보는 일을 하는 사람이 할 말인가요?
그 상황에서 그런 말을 하는 자들이 어르신을 보살피는 요양원의 복지사라뇨. 자기들 책임면피를 하기위해서 어떻게 그 위급한 상황에서 그런 말을 하는지... 사람이 할 짓이 아니라 생각합니다. 악마처럼 느껴졌습니다. 사람이 위독한 상황에 책임면피를 위해 처음부터 그런 말을 하다뇨. 지금도 환청처럼 그 인간같지 않은 말이 저의 귓가에 들립니다.
사고 후 요양원 원장, 관리실장은 어떤 연락도 하지 않았습니다. 일반 직원이 카톡온 것이 다 였습니다. 
어느 누구에게도 죄송하단 소리도 듣지 못했습니다. 응급실에 온 연로한 요양보호사 말고는 어떤 누구에게도 사고의 상황을 전혀 듣지 못했습니다. 그들은 그저 말을 맞추고 자신들 책임 면피위한 대책만 세우고 있겠죠.
사고 후에 어머니의 짐들을 보내달라고 했습니다. 보내온 어머니의 짐들 속에서 꼬깃꼬깃 접혀진 종이를 발견했습니다. 저에게 다섯 장의 편지, 가장 친한 동생 분에게 보낸 한 장의 편지가 있었습니다. 달력을 찢어 쓴 글인데 만약 그들이 그 편지를 발견했다면 그들은 그것을 바로 버렸을 것입니다.
그 다섯 장의 글 내용은 충격적이었습니다. 요약하면 어머니가 아프다고 할 때마다 요양원 원장은 어머니보고 퇴원해서 좋은 곳에서 어깨 치료를 받으라고 했는데, 아들이 퇴원을 안 시켜주니 어떡하냐며 퇴원이 불가능하다고 했답니다. 매번 어머니가 통증을 호소할 때마다 퇴원 하고 싶으면 해라, 그런데 아들이 안 시켜줘서 못하는거다, 라는 말을 수없이 어머니는 들었다 합니다. 
약 두달간 그런 말을 반복해서 들으면서 어머니는 저에대한 배신감과 서러움, 분노만 키워갔습니다. 편지 5장에는 저에대한 적개심과 배신감만 가득 했습니다. 저는 상상도 못했던 일이었습니다. 저에대한 분노와 비난이 가득했습니다. 요양원의 말을 사실로 믿었을거고 아들에게 버려졌다는 슬픔과 한이 얼마나 컸을까요. 두달 여 동안 그런 마음은 어머니를 이미 정신적인 죽음으로 몰아가고 있었던 겁니다. 
요양원 이동한다고 말한 저에게는 3개월 이내는 안된다, 처음부터 계획적으로 자신들을 이용했냐 등의 말을 하더니, 어머니에게는 아들 때문에 퇴원을 못하고 있는거다, 라는 말로 자신들의 사리사욕만 채우고 있었습니다. 그렇게 돈이 좋으면 관리라도 제대로 하면서 붙들고 있어야 하는데 관리도 제대로 안 하면서요.
그 글을 읽고 너무 힘들었습니다. 지금도 힘들고 앞으로 언제쯤 벗어날지 모르겠습니다. 나쁜 사람들의 세뇌 때문에 어머니는 정신적으로 가장 피폐하고 좌절하는 상태까지 이르게 되었고, 이동 전날에 어떤 말을 듣고 모든 희망의 끈을 놓게 되신 것입니다.
더욱 기가 막힌 것은 어머니가 요양원에 남긴 글입니다. 경찰서에서 보게 되었는데, 그 글에는 아들에게 모든 돈을 꼭 받아내라, 아들이 돈을 내지 않은 게 잘못이니 돈을 반드시 받아내라, 라는 내용이 반복되어 있었습니다. 
그날 낮에 저에게 돈을 더 내야 할거라며 허위청구를 했는데, 그 말을 어머니에게도 했던 것입니다. 어머니는 아들이 자신을 이곳에 버려놓고 돈도 안내고 있구나하며 엄청난 충격을 받았을 겁니다. 자신이 그곳에 민폐를 끼치고 있구나 생각하셨을 겁니다. 그리고 요양원 이동에 대해 어떤 말을 어떤 식으로 들었는지 모릅니다. 그들은 말로 어머니를 돌아가시게 한 겁니다. 
한 달 동안 길병원 중환자 실에 계시면서 두개골 파열에 의한 뇌출혈 수술, 여러 곳의 골절 수술 등을 하셨습니다. 반 혼수상태로 한 달 동안 계시다가 요양병원으로 옮기라는 의사선생님의 권유에 의해 4월 2일 고양시 요양병원으로 옮기게 되었습니다. 그리고 병원을 옮긴 그날 밤에 운명하셨습니다.
어르신을 살리기 위해 존재하는 요양원에서 어머니는 괴로워만 하시다가 숨을 거두시게 되었습니다.
그들은 지금도 거짓 증언을 하며 책임 회피를 하고 있습니다. 조작할 수 있는 것들은 이미 다 조작했을 것입니다.
요양원의 존재이유는 아픈 어르신을 케어하기 위한 것입니다. 노인 치매 환자를 24시간 관리하고 관리하는 공간입니다. 
그것이 국가에서 지원을 하는 요양원의 존재이유입니다. 바깥에서 생활이 어렵기에 장기요양등급을 건강보험공단에서 심사를 통해 받고, 안전하게 살아가기 위해 요양원에 모시는 것입니다. 그래야 치매 노인분들의 가족들이 안심하고 믿고 맡긴 후 자신들의 생활을 할 수 있는 것입니다.  
요양원 이동한다고 저에게까지 과격하게 반응한 사람들인데, 어머니에게는 오죽 했을까요.
그들이 상처되는 말을 어머니에게 툭툭 던졌다면 어머니는 심한 좌절을 겪었을 것입니다. 그토록 굳건히 오랜 인생을 살아오신 분이 그 요양원을 곧 나가는데 그런 일을 벌이다니요. 
설사 그런 것을 다 차치하더라도 요양원의 업무는 치매환자 밀착관리입니다. 경찰서에서 다섯시간의 분량의 CCTV를 봤는데 저녁에 요양보호사가 아주 잠시 다녀간 것이 전부입니다. 새벽 12시까지 주무시지않고 왔다갔다하며 탈출준비를 하시는데 그 어느 누구도 발견한 사람이 없습니다. 
손해사정사와 김포시청에서 요양원을 다녀가 조사를 했는데 그 사고날 자신들은 아무 말도 한게 없고, 아들이 어머니에게 요양원 이동 사실을 전달했다고 진술했다고 합니다. 그말을 듣고 더더욱 분노가 차올랐습니다. 그리 뻔한 거짓말이라뇨. 숨길 것이 없다면 왜 거짓말을 할까요.
저와 어머니의 마지막 통화는 최소 2~3주 전입니다. 증명 가능한 사실인데 뻔한 거짓말을 조사하는 사람들에게 했답니다. 오직 거짓말과 조작에 의해 책임만 면피하려는 그들의 행태에 너무 분하고 억울하고 참담한 심정입니다.
제가 그날 어머니에게 요양원 이동을 전달했다면 제가 어떻게 경찰에 고소를 하고 여기에 이런 글을 쓰고 있겠습니까. 그들은 거짓에 거짓말을 하고 있으므로 그에대한 대가를 분명히 치러야 합니다. 진실은 밝혀져야 합니다. 
저의 심정과 그동안의 일들을 모두 다 표현하기가 힘듭니다. 
제가 지금 쓴 글들은 모두가 한치의 거짓없는 진실임을 하늘에 맹세합니다. 그들의 말을 믿고 어머니를 잘 모셔달라고 맡긴 죄밖에 없습니다. 
다른 이유도 아니고 그런 이유로 그렇게 처참하게 돌아가신 것을 그냥 둘 수는 없습니다. 나쁜 언행을 한 나쁜 사람들은 처벌받아야 합니다. 
저와 어머니의 마음에 만들어진 응어리를 풀어야 제가 살 수 있을 것 같습니다.
절대 있어서도 안되었고 앞으로도 있어서는 안될 일입니다. 요양원은 사각지대입니다. 요즘 코로나로 인해 면회도 안되고, 대부분 아픈 어르신 들이라 그곳에서 어떤 일이 일어나도 가족들은 알 수가 없습니다. 
부디 진실을 밝혀주시기를 간곡히 부탁드립니다.
감사합니다.
 [본 게시물의 일부 내용이 국민 청원 요건에 위배되어 관리자에 의해 수정되었습니다]",871,/19th/www.president.go.kr/petitions/605283
605282,미흡한 제도로 피해가 발생되고 있는 트레블룰 시행을 취소하라.,경제민주화,2022-04-25,2022-05-25,naver - ***,청원종료,"지난 3월 25일부터 가상자산에 대한 트레블룰이 시행되고 있다.
트레블룰을 검색해 보니 자금 이동 추적 시스템으로, 금융권에서 자금세탁을 방지하기 위해 송금자의 정보 등을 기록하는 것을 말한다. 국제자금세탁방지기구(FATF)는 2019년 트래블 룰 대상에 가상자산을 추가했으며, 국내에서는 특정금융정보법에 따라 2022년 3월 25일부터 가상자산거래소에 가상자산 송수신인의 신원정보 기록을 의무화했다.
[네이버 지식백과] 트래블 룰 (시사상식사전, pmg 지식엔진연구소)라고 나와 있다.
https://terms.naver.com/entry.naver?docId=6514077&cid=43667&categoryId=43667
국내의 각 거래소도 이에 대한 안내를 하고 있다.
****************************************************
***************************************************
나도 사업상 가상자산을 수시로 이체해야 하므로 자세하게 읽어보고 거래를 하고 있지만 미처 이해를 못하거나 잘 모르는 경우가 많다는 것이 현실이다.
실제 내가 현재 겪는 현실은
3월 26일날 몇백만원을 이체해야 하므로 당시 개당 1,000원정도 하는 XRP을 구매를 해서 *거래소에서 *거래소로 
900개에서 990개씩 나누어서 수수료가 더 들어가지만 여러번 이체를 해서 대부분 성공을 했다.
하지만 990개를 이체한것은 받는쪽에서는 100만원이 넘는다는 이유로 계속 입금진행중이라고 표시가 되고 있어서 사용할수가 없는 상태가 지금까지도 계속되고 있다.
이후에 가격이 떨어져서 90만원까지가 되어도 이체당시의 기준으로 한다며 완료가 되지 않고 있다.
따라서 지금까지도 거래소에 그대로 묶여 있어서 가격이 더 내려가면 더욱 손해가 되는 실정이다.
금융감독원에 전화를 해보니 서로 자기팀의 소관이 아니라고 핑퐁을 치면서도 어느 팀에서는 그정도는 거래소가 알아서 해야 한다는 입장이고 보낸거래소에서는 이미 보냈으니 끝난것이라고 하고 있고 받은 거래소는 규정위반이라서 처리가 안되고 있어서 3자간에 합의가 이루어지고 제도가 보완이 되어야 처리가 된다고 하니 고객은 답답하기만 하다.
내가 아는 지인도 4월 14일에 잘 모르고 몇백만원을 해외 *거래소에서 *거래소로 한꺼번에 보냈는데 *거래소에서는 반환절차를 밟아야 한다고 안내되어 있는데 컴퓨터를 잘 다루지 못하고 첨부하는 자료들이 워낙 까다로워서 아직도 어찌할지를 모르고 있다.
특히 오구하는 자료중에서 보낸거래소 개인정보와 받는거래소 이체내역을 한 번에 사진을 찍어서 첨부하라고 되어 있는데 어려울 뿐만 아니라 보낸거래소에서는 개인정보가 제대로 노출해주지 않도록 되어 있어서 이도 저도 못하고 있다.
아래 링크의 입금반환절차 안내를 보면 웬만한 사람을 할 수 가 없다.
************************************************************************************************************************************
내가 알기로는 해외 어디에서도 아직 시행되지 않고 있는 가상자산에 대한 트레블룰 제도를 한국에서만 빨리 시행해서 국민들에게 혼란을 줄 뿐만 아니라 경제적인 피해도 발생되고 있고 제도의 미비함으로 가상자산 고객의 원성이 커지고 있다고 생각되니 트레블룰 시행을 취소하고 지금 발생된 문제들을 모두 빠른시간내에 해소한 다음에 완벽하게 제도를 만들어서 시행여부를 다시 심사숙고 하기를 적극적으로 주장하는 바이다. <끝>
현실적으로 경제적인 피해를 당하고 있는 국민들이 많을 것이므로 시간이 가면 더 큰 사회문제로 부각될 것이기에 빨리 해결책을 제시해야 할 것이다.  <끝>
 [본 게시물의 일부 내용이 국민 청원 요건에 위배되어 관리자에 의해 수정되었습니다]","13,179",/19th/www.president.go.kr/petitions/605282
605281,더불어민주당 경기도당 공천심의위원들의  징계를 촉구한다.,정치개혁,2022-04-25,2022-05-25,naver - ***,청원종료,"금번 대선 이후, 그간 민주당의 행보가 재조명되며 과반수의 의회 자리를 가지고도 아무것도 해내지 못한 민주당에게 실망했으나 이번 지방선거가 정말 중요하다는 생각으로 난생 처음 지역신문도 읽으며 지방선거에 대해 관심을 갖게 되었다. 
본인이 살고 있는 **에서 선거를 앞두고 예비후보들의 공천이 이루어지고 있는 과정에서 여러 흉흉한 소문이 들려왔다. 바로, 이번 공천에  시민들의 높은 지지를 받고 있는 현역의원을 배제한다는 소문과 각종비리로 조사가 진행 중인 현역시장을 전략 공천하였다는 소문,
 민주당의 당헌, 당규를 어기고 갑질 논란으로 시민들의 신뢰를 잃은 현역의원을 다시 공천했다는 소문,
무려 집단폭행으로 여성을 흉기로 위협하여 경시 여길 수 없는 전과를 가진 남성 청년을 공천했다는 소문, 의원신분으로 사적이익을 추구하여 재산몰수를 당한 기업과 관련 의혹을 받고있는 현역의원이 다시 해당선거구에서 ‘가’를 받았다는 소문,
이들을 적극추천한자가 뒷거래를 했을 것이라는 소문이라지만 이미 파다한 상황을 도저히 믿을 수가 없었다.
 이러한 결정으로 인해 결국 **의 정치를 국민의 힘에게 넘겨주게 될까 걱정을 하지 않을 수 없다. 이번 지방선거는 야당이 된 민주당의 중요한 선거일 것이다. 그런데 이러한 흠을 가지고 있는 사람들에게 공천이 넘어간다면 시민들은 민주당에게 더 큰 실망을 할 수 밖에 없을 것이다. 하지만 현 상황은 누군가 시민들이 민주당에 실망하도록 만들어 국민의 힘에 표를 몰아주고자 작정하고 일을 벌이는 것인가? 하는 얼토당토 않는 의심마저 하게된다. 
이번 제8회 전국지방선거를 앞두고 전국에서 공천심의가 이루어지고 있는 지금!
경기도당에서는 지역곳곳에서 공천심의 기준 및 공천과정에 대한 불만이 터져나오며 재심청구가 늘어나고 있습니다. 특히 수원시를 비롯 **시에서도 공천결과로인해 지역위원장 사퇴를 촉구하는 기자회견까지 벌어지는 일이 발생하였다.
공천에서 배제되어할 후보를 공천하거나 기존의 공천룰을 깨고 위원장의 측근이라는 이유로 공천되는 등의 납득되지 않는 공천이 이루어져 지역이 혼란에 빠진 상황이다.
※ 경기도당 공천심의위원 17명에게 묻고 싶습니다!! 
- 시민들을 대신하여 공정히 심의해야 할 의무를 다하여 심의를 진행했는가?
- 어떤한 기준과 룰로 지금의 공천결과를 도출했는가?
- 공천결정에 위원들의 야합이나 치졸한 뒷거래등의 단합의 영향은 없었는가?
 더불어민주당은 
 경기도당의 공천심의과정을 공개하고 재심의 과정이 진행 중인 시도에 대한 모니터링을 실시하여 한치에 의심 없는 공천이 이루어질 수 있도록 해야 할 것이며, 이런 혼란을 야기한 공천심의 위원들을 조사하여 잘못이 있다면 징계를 주어야할 것이다.
더불어민주당을 사랑하는 당원인 저는 당에게 묻고 싶습니다.
‘과연 더불어민주당은 쇄신을 통해 국민들 앞에 신뢰받는 정당으로 바로서기를 원하는가?’
 [본 게시물의 일부 내용이 국민 청원 요건에 위배되어 관리자에 의해 수정되었습니다]",392,/19th/www.president.go.kr/petitions/605281
605280,악덕 외국계기업 *******를 고발합니다.,일자리,2022-04-25,2022-05-25,naver - ***,청원종료,"*******는 1980년도에 두산그룹과 합작 법인으로 한국에서 비지니스를 시작하여 40년이 넘는 시간 동안 대한민국에서 수익을 창출했던 세계 최대 영국계 주류기업입니다.
엄청난 영업이익률을 보장하던 비지니스가 소비자환경 변화, 코로나 등으로 인해서 기존의 비합리적일 만큼 높은 수익률을 보장하지 못한다는 이유로 여전히 어떠한 한국 기업을 수익률을 능가하는 순수익을 내고있음에도 불구하고 기존의 한국정부에 대한 납세 책임, 수십년간 근무하던 직원들에 대한 고용 책임을 이름도 없는 사모펀드에 ""브랜드 매각""이라는 거짓 술수로 ""법인"" 전체를 넘기는 계약을 하였습니다. 
이 떠 넘기기 작업이 완료되면, 본인들은 한국을 위한 위스키라고 엄청나게 홍보하고 팔아먹던 ""**""를 제외하고 깨끗하게 수익률이 높은 브랜드만을 가지고 다시 한국내에서 위스키 및 수입맥주 법인을 설립하는 못된 계획을 실행하고 있습니다. 
대한민국은 그들에게 정말 우스운 나라 입니다. 관세, 법인세 등의 수많은 의혹과 책무, 수십년간 몸 바쳐서 근무하던 직원들에 대한 책무를 단 한번의 의사소통도 없이 일방적으로 통보하고 ""너희는 선택의 여지가 없으니 그대로 따라야 한다.""식의 처리를 하고도 다시 뻔뻔스럽게 대한민국에서 엄청난 수익률을 내는 다른 회사를 깨끗이 설립해서 운영할 수 있다고 생각되는 그런 우스운 나라, 속여 먹기 쉽고 우스운 정부기관으로 보고 있습니다. 
더욱 분노하는 부분은 그 매각의 뒤에 대한민국의 내놓으라 하는 법무법인들이 엄청난 수임료를 받고 뒷받침하고 있으며, 사모펀드의 자금조성의 가장 큰 부분을 한국의 제1금융권인 ""******""에서 참가하고 있다는 것입니다. 
*******는 직원들이 여러차례 걸쳐서 시장에서의 소문에 대해 답변을 요구하였을 때 근거 없는 헛소문이라고 공식적으로 직원들을 기망해 왔습니다. 
그러면서 동시에 뒤로는 본인들이 먹튀하고 나갈때 직원들의 보상을 최소화 하기 위해서 직원들의 동의도 없이 기존 임금 저하 및 퇴직금 산정의 기준이 되는 평균임금을 낮추기 위한 조치로 
코로나 상황으로 온 국민이 그리고 모든 주류 업장들이 문을 닫고 있던 2021년 전체 직원의 대다수를 차지하는 영업직원의 인센티브 제도를 변경하였습니다. 
******* 영국본사 및 *******의 모든 임원들은 2021년 주류업장들이 문을 닫는 관계로 할인마트에서 홍보 비용 없이 판매한 매출에 대한 높은 수익률로 전국민이 힘들어하던 2021년 사상유례없는 인센티브로 돈 잔치를 하면서 코로나 상황 중에도 건강을 뒤로하고 영업을 강요받았던 영업직원들에게는 코로나 이전의 영업 목표를 주고 인센티브를 지급하지 않았습니다. 
또한, 코로나로 인한 사업의 위기 등을 이유로 2020년 부터 지난 2년이 넘는 기간 동안 노동조합과의 임금협상에 불성실한 태도로 임하면서 2년 동안의 임금인상도 실행하지 않고 있습니다. 
수십년 근무한 회사에서 버림을 받고 나가야 하는 영업직원들은 2021년 인센티브의 저하 및 2년간 급여인상 제외로 20~30%나 적은 퇴직금 및 희망퇴직금을 받고 나가는 형식의 제도를 직원 동의도 없이 공표하고 이것 아니면 너희는 사모펀드로 가서 더 이상의 희망퇴직은 보장 받지 못하는 회사로 가야하니 2주 안에 이 것을 먹던지 말던지의 형태의 의사결정을 내리고 직원들을 사지로 몰고 있습니다.
대한민국에서 40년이 넘는 기간 동안 엄청난 수익을 본사로 때때마다 신문기사로 엄청난 배당금으로 쏙쏙 뽑아가고, 여전히 수익이 나지만 과거만큼의 수익이 아니라는 이유로 헌신짝 처럼 수십년간 일하던 수백명의 근로자를 사지로 몰고 먹튀하는 거기에서 더 나아가 다시 한국에서 새로운 법인으로 뻔뻔스럽게 영업을 시작하려고 하는 *******의 악행을 고발합니다. 
대한민국 정부가 이런 나쁜 외국계회사에 놀아나지 않는 나라임을 보여주십시오. 간곡히 부탁드립니다.
 [본 게시물의 일부 내용이 국민 청원 요건에 위배되어 관리자에 의해 수정되었습니다]",515,/19th/www.president.go.kr/petitions/605280
605279,제부에게 특수강간을 당했습니다 친족간의 강간죄 강력한 처벌과 적극적인 수사가 될 수 있도록 도와주세요,기타,2022-04-25,2022-05-25,kakao - ***,청원종료,"저는 어린 두 아이를 키우며 네 식구 단란하며 
화목한 가정을 이루며 아주 평범하게 살아갔던 엄마이자 여자입니다
동생의 남편, 저에겐 처형. 제부 관계이며
그 사람을 피의자라고 부르겠습니다
여동생의 재혼으로 
피의자를 3년 전에 처음 보게 되었고
동생 부부와 가까이 산지는 2년 정도 됩니다.
일 년 가까이 피의자의 말도 안 되는 사랑고백과
집착. 스토킹에 매일 불안하고 무섭기만 했습니다.
그런데 차마 여동생에게 사실을
말을 할 수가 없었습니다.
여동생이 어린 나이에 아이를 가져 
20년간 힘들게 살아왔는데 
처음으로 안정되게 잘 사는 모습을 보았기에
나만 입 다물면,, 밀어내고 모질게 대하면 되겠지.
그러면 정신 차리겠지 하고 단호하게 거절하며 밀어냈습니다.
그러다 어느 날 동생이 모든 것을 알게 되었고
그 충격에 동생은 이혼을 선언하고 피의자는 동생을 
붙잡으려 자살쇼까지 하였지만 동생은 
피의자의 배신이 용서가 되지 않아 힘들어하며 
피의자를 받아주지 않았습니다  그러자 
적반하장으로 불륜을 저지른 것도 아니고 마음 준 것이 죄냐며 
위자료도 못 준다. 빈 몸으로 내쫓으려 하고
동생은 알겠다며 이혼만 원한다 했지만 
이마저도 들어주지 않고 조카와(피의자 의붓딸) 
가족 모두를 죽인다는 말로 온갖 협박을
받아 동생은 이혼 소송을 하게 되었고  
이 와중에 저는 감히 상상도 하지 못한 일을 당하고 말았습니다.
사건 당일 피의자가 문자로 저에게 동생과 일이 있기 전에 동생 
옷을 사면서 제 옷까지 같이 주문해 놓은 게 이제 왔다며 
저의 집 1층에 놔두고 간다고 가져가라고 문자가 왔습니다 
외출 준비를 하고 있던 터라 20여 분 후쯤 나가려고 
아무 생각 없이 현관문을 열었더니 피의자가 현관 문 앞에 서있었습니다 
너무 놀라 문을 닫으려고 하니 닫지 못하게 문을 잡으며 
피의자는 커피 한 잔 줄 수 있냐며 잠시면 된다 말하였고
표정에서부터 새한 느낌이 들어 겁이 났습니다 
집이 고층이라 도망가지도 문을 강제로 닫을 힘도 없어서 
최대한 자극을 하지 않기 위해 커피를 내어줬습니다 
손에는 클러치 가방을 들고 있었고 그걸 건네주길래 
당연히 두고 간다는 옷인 줄 알고 받아 열어보지 않고 
그대로 바닥에 두었고 커피를 마시며 동생 얘기를 했습니다 
얘기 도중 휴대폰을 드는 순간 갑자기 돌변하며 
옷 속에 칼을 꺼내들고 코앞에다가 가져다 대며 
존대를 쓰던 사람이 험악한 반말로 
친정엄마, 여동생, 조카(피의자 의붓딸) 집 앞에 사람을 시켜 대기 중이고 
차례대로 황산을 얼굴에 부어버리고 끌고 가 묻어버릴 계획이라며 
전화 한 통이면 끝난다고 성관계를 가지자고 협박을 했습니다 
이런 협박을 믿냐고들 하실 수 있겠지만 동생과 이혼소송 준비 중에 
동생이 받아주지 않으면 살 이유가 없다며 전부 죽이겠다고 혈안이 되어있었습니다
또 동생과 재혼전에 전처와의 관계에서 살인미수, 사기 등 
교도소 생활을 십몇 년을 하다 나온 사람이고 
깡패 생활도 한 우리와는 전혀 다른 삶을 산 인간이라  
충분히 그럴 수 있다는 생각이 들었습니다 
무릎을 꿇고 손이 닿도록 빌며 살려 달라며 애원을 했지만 
처음에 들어올 때 준 가방에는 옷이 아닌 케이블 타이와 황산이 들어있었고 
그것을 꺼내 바닥에 벗어놓은 양말에 부으며 진짜 황산인 것을 확인시켜줬습니다 
자기 요구를 들어주지 않으면 강제로 할 것이라며 
그렇게 되면 황산을 얼굴에 부어버리고 칼로 찔러 같이 죽으면 그만이라고 말했습니다 
이미 인생을 포기했기 때문에 이러는 거라며 초점 없는 눈빛과 
양말이 녹는 게 보이는 순간 앞에 깜깜하고 
몸이 굳어 움직여지지도 말이 나오지도 않고 눈물만 나왔습니다 
순순히 요구를 들어주면 저의 목숨과 가족들의 목숨을 살려주겠다고 하길래 
원하는 대로 요구를 들어주더라도 가족들의 목숨을 살려주겠다는 말을 
어떻게 믿냐고 하니 누군가에게 전화를 걸어 철수해라라고 말하고 전화를 끊었습니다 
그러면서 칼을 코끝을 향해 가져다 대며 조금만 더 다가가면 
꼽힐 거라고 가만히 있어라고 하면서 저를 방안에 밀어 넣었습니다
황산은 방문 앞에 두고 항거불능 상태로 만들어
눈물조차 나오지 않는 두려움을 떨고 있는 저에게
옷을 벗으라고 하기에 머뭇거리다가 칼을 들이대고선 
옷을 강제로 벗기고 사시나무 떨듯 떨고 있는 저를  
장난감 인형 가지고 놀듯이 이리저리 마음대로 능욕하였고 
제발 그만 멈쳐달라며 애원을 해도 끝까지 자기 욕구를 채웠습니다 
그러곤 혹여나 신고하면 외국인을 시켜 자기가 없더라도 
언젠간 가족들을 꼭 다 죽여버린다는 말과 죽을 때 비밀을 지키라며 갔습니다
이 사건 전날 피의자가 전화가 왔었고 형님(남편)은 내일 뭐 하냐는 말에 
남편 일하러 간다는 말을 했고 남편이 집에 없다는 틈을 노리고 범행을 저질렀습니다 
범행에 이용된 차량은 자기 차량이 아닌 
사건 당시 통화로 철수를 시킨 사람의 렌트카였습니다 
사건을 저지른 뒤 둘은 차를 바꿔타고 옷을 바꿔 입는 치밀함까지 
있었지만 정작 조사가 제대로 이루어지지 않고 있으며 
그 차량 주인은 아직 저희 가족 주변을 맴돌고 있어 불안합니다 
또 사건이 있기 3개월 전쯤 피의자가 태워준 커피를 마시고 
10분가량 지난 후 갑자기 팔과 다리에 힘이 풀려 현기증에 힘들었고 
심장이 빨리 뛰면서 얼굴부터 머리끝까지 소름이 돋듯 뭔가가 퍼지는 듯한 
느낌을 받으며 이상한 느낌이 들었습니다 
그러고 곧장 병원에 병원에 쫓아갔었습니다
의사선생님께 이상한 약을 먹은 것 같다고 
얘길 하니 피검사 소변검사를 했고 
혈소판 감소 결과가 나왔습니다 
스트레스로 인해 생긴 증상 일 수도 있다며
정밀검사를 하라고 했지만 가게 일이 바빠서 
그렇게 넘기게 되었고
저는 이때 저에게 마약을 먹였다는 것을 직감 했습니다
왜냐하면 평소에도 마약을 소지하고 있었습니다 
남편이 예전에 피의자의 지갑에서 본적도 있다 하였고 
또 제가 운영했던 가게에 떨어트리고 간 것을 주어
증거 사진으로 찍어 둔 것도 있습니다 
사건 당일 본인 입으로도 커피에 태운 것이 마약이라 하였고
또 사건이 있기 며칠 전에는 커피에 최음제도 태웠다며
너무 소름끼치게도 그건 몰랐지? 라는 말도 했습니다 
심증과 오래되어 증거가 되지 않는 사진밖에 없어 
마약에 대한 수사는 진행될 수 없다 하니 너무 답답합니다..
현재 구치소에 수감되어 있는 피의자는 
어떻게든 빠져나갈 궁리만 하고 있습니다 
구치소에서 온 피의자의 손 편지에는 동생의 위자료 이혼 조건에 
불륜으로 이야기해돌라며 저의 합의를 요구하고 있고 
요구를 들어주지 않는다면 
""지구 끝까지 쫓아가 괴롭힐 거다 법은 법대로 하면 되고 그 뒤엔 2차전이지""
라며 협박하고 있습니다
피의자인 누나라는 사람이 제 남편에게 말하길
현재 피의자는 ""전혀 죄책감 없고 오히려 속이 쉬원 하다, "" 
""오히려 못 죽이고 들어간 게 한이 된다""라는 
말을 했다 합니다.. 
피의자 누나는 ""살인 안 난 게 다행이라며"" 미안하단 말조차 하지 않고 
이 모든 게 제 동생이 이혼선언을 하는 바람에 
이러난 일이라며 오히려 큰소리를 칩니다 .. 
피의자는 자기 잘못을 반성 하기는커녕 
자기 가족들을 시켜 저희 가족들에게 온갖 협박 문자와 편지를 보내오며 
주변 지인들에게 합의하고 2달 안에 나올 거라고 하며
친정엄마 자식들 전부 뒤 조심해라 살펴 다녀라는 둥 해서는 안 될 그런 말들로 
가족들을 더욱 힘들게 만들고 있으며 불안감을 조성하게 만들고 있습니다. 
수사 중인 지금도 이 비상식적인 남매가 거짓으로 똘똘 뭉쳐 저와 저희 가족들을 괴롭힙니다 .. 
너무...제 자신이 치욕스럽고 원망스럽습니다.
아직 어린 자식들 보기도.. 미안하고
남편 보기도..죄스럽고
이번 사건으로 인해서 모든 것을 잃은 것 같아요 
잊으려고 하면 할수록 머릿속에는 
더 또렷이 그날의 악몽이 떠올라서 
심장이 멈춰버릴 것만 같고 숨을 제대로 
쉴 수가 없어요 사건 당일 신고하면 
사랑하는 사람들 하나하나 고통스럽게 죽일 거란
그 협박이 귓가에 계속 맴돌아 밖에 나가지도 못하고 
당장이라도 죽이려 쫓아올 것만 같은 느낌이 들어 사람도 만날 수가 없어요
한순간에 제 가정의 행복이 와장창 깨져버렸습니다 
안방만 들어가면 그때 일이 생생하게 기억이 떠올라
끔찍하고 무서워 방에도 들어가지 못합니다
폐허가 된 집에서 살고 있는 것만 같아요 
저 하나 때문에 소중한 가족들이 
위험해 처하고 두렵고 위태로운 삶이 된 것 같아 
너무 힘이 듭니다 정작 죄책감을 가져야 되는 사람은 
피의자인데 그 죄책감을 저와 제 가족 모두가 
짊어지고 있습니다 가족들에게 너무 미안해 눈물만 납니다 .. 
트라우마가 생기고 대인 결핍증이 
생기고 혼자선 문을 열고 나갈 수가 없는 
망가진 저의 인생은 미래가 보이지 않습니다 ..
피의자는 입만 열면 돈과 고위층 인맥
으로 자랑을 하다시피 하였기에 
빠져나갈 궁리를 할 가능성이 크며 
저와 제가족들은 돈과 힘이 없어 
이렇게나마 지푸라기라도 잡는 
심정으로 글을 올려봅니다..
이 글을 쓴다 하더라도 
친족 특수강간죄 처벌이 강화되진 않겠지만
힘없고 티 없이 맑고 한참 커가는 아이들과 
평범한 일상을 살수 있도록 
저 같은 피해자들의 억울함을 풀수 있도록 
법을 아주 우습게 여기는 피의자에게
특수강간죄를 가벼이 여기지 마시고 
적극적인 수사와 법이 허용하는 최대한의
강력한 처벌을 받게 할 수 있도록 도와주세요..
부탁드립니다..","3,745",/19th/www.president.go.kr/petitions/605279
605278,검수완박 중재안을 납득할 수 없습니다.,정치개혁,2022-04-25,2022-05-25,naver - ***,청원종료,"인녕하세요. 대통령님. 저는 대한민국 20대 청년입니다. 
어릴 때는 정치에 관심이 없었지만 요즘 뉴스를 보며, 
이대로는 도저히 가만히 있을 수 없어서  글을 올립니다. 
국민들은 지금 눈뜨고 코 베이는 상황입니다.  
그들이 싸우는 것을 그저 지켜만 봅니다. 
입법권은 국회에게 있기때문이지요. 
애초에 이런식으로 꼼수를 부려서 
입법권을 남용하게끔 한 국회 시스템 자체가 잘못됬다고 생각합니다.  꼭 정비부탁드립니다. 차기정부에게도 당부하고 싶습니다.
그리고, 중수청도 언젠가 다시 부패할겁니다.  권력기관이라는 것이 힘을 쥐어주면 다 그렇죠. 사람도 초심을 잃듯 또 다시 부패할겁니다.
사과의 일부분이 썩었으면 그 사과는 썩은 사과입니까? 
아닙니다. “일부분만” 썩은 사과지요. 
그 썩은 부분을 도려내면 깨끗하고 신선한 사과가 됩니다. 
수사는 원래 하던대로 검경이 하는 것이 맞습니다.  
지금하는 것은 개혁이 아니라 몰살입니다. 
개혁은 본디,  아픔과 피로감이 따르더라도
 옳은 방향으로 고치는 것이지요. 
공정성을 위해  검찰 감시기관을 따로 두거나, 
특임검사제도를 활성화시키면 됩니다. 
왜 굳이 없는 예산 들여서 기관을 또 만드나요?  
국민들은 납득할 수 없습니다.  
이제는 검사와 국민을 갈라치기하는 상황이 됩니다. 
왜 하필 공직자 범죄, 대형참사, 선거범죄 수사권을 왜 빼앗아 가나요?  중수청이나 경찰에서 수사하면 정의롭고 깨끗한 수사가 되나요? 아니요!
중수청 과 공수처 공무원. 누가 임명하죠? 
네. 어짜피. 두개의 거대 양당이 임명합니다. 
그럼 또 황제수사, 제식구 감싸기 의혹이 나옵니다. . 
다른 대안도 많은데  급하게 처리하지 마시고, 
여론에 도움을 요청해서라도 막아주세요..
지금 법안을 살펴보면,
80년대 과거로 역주행하는 꼴밖에 안됩니다.  
국민들이 언제 검수 완박 원한다고 했습니까? 
촛불시위라도 했습니까? 
고위공직자를 향해 칼을 겨눌 수 있는 건  검사 뿐입니다. 
그들이 아무리 부패했어도, 검사는 국민을 위해 부패세력에게 칼을 겨눌 수 있는 힘이 있었습니다. 그런데 그 힘을 빼서 입법부에게 주는 꼴이 됩니다. 
정치인 여러분들의  과거의 그 정의로운 사명감은 어디갔나요? 모두 청년일 시절이 있으시지 않았습니까? 
정의를 위해 불타오르던…..
그리고 검찰청에서 일하는 공무원도 국민입니다. 
청년을 위하신다면 그들의 직업 선택의 자유를 주세요.! 
이 법안은 검찰 수사관을 꿈꾸고 있는 
수많은 청년들의 꿈을 짓밟는 것입니다.  
부디 외면하지 말아주세요.  왜 개혁의 아픔을 그들이 느껴야합니까? 
선거때만 국민을 찾는 정치는 이제 필요없습니다. 
지쳤습니다. 
검사의 수사권박탈은 대학병원 의사의 진료권 박탈과도 같다는 말이 있습니다. 그들에게 환자는 만나보지 말고  
1차적 동네 병원 진료 차트만 보고  약 처방하고  
진단서, 입퇴원 확인서나 끊어주라는 뜻입니다.  
사안의 심각성과, 부디 여론을 살피세요.  강성 지지층들 말고요
간곡히 부탁드립니다. 대통령님",907,/19th/www.president.go.kr/petitions/605278
605277,무면허학원선생님 처벌을원합니다.(욕설과비언),육아/교육,2022-04-25,2022-05-25,naver - ***,청원종료,"안녕하세요
 **에 위치한 학원을 강력수사부탁드립니다.
이학원 원장님은 음주운전으로 면허 취소 상태입니다
그럼에도 불구하고 무면허 상태로 아이들을 태우고 학원 차량을 운행 하셨습니다
주위 몇몇 분들이 아시면서 쉬쉬하고 계셨고
제가 보다 못해 경찰에 신고를 하였습니다
학원차량은 물론 본인이타고  다니는 승용차까지 운전을하고 다니셨습니다.
어느날에는  개인 승용차에 아이들6명을 태우고
하셨습니다.아무리 가까운 거리라고 하지만 
무면허에 운전대를 잡으시고.. 
개인차량으로 
직접 운전하는 영상을 촬영한뒤 파출소를 가서 신고를 하였고 경찰차 두대가 출동을 하였지만 유턴을 하던차 학원차량 원장님께서는 경찰차를 보고 뛰어 올라가셨습니다
경찰들은 그 순간을 놓쳤고 학원에 올라갔지만
이론선생님께서 면허증을 제출하셨고 원장님은 숨으셨습니다
그렇게 경찰이 왔다간 후 아이들을 택시를 태워 하원을 시켰고
결국 제가 찍든 영상으로 면허취소를 잡은 상태입니다.
아이들에게 제일 중요한건 안전입니다.
안전을 지키지 않은 상태에서 아이들은 보호를 받지 못한 상태입니다. 당장 사고는 나지 않은 상태지만, 
만약 사고가 났더라면 다쳤을 아이는 누구에게 보상 받아야하나요?
그 아이의 부모의 마음음 누가 헤아려 주나요?
이런 일은 있어서는 안됩니다. 한 사람의 실수로 여러명이 피해를 보는일은 없었으면 합니다.
어떻게 학원을 운행하시는 원장님께서 이런일을 벌이시는지..
무면허에... 개인차 운전과 학원차 운전까지 아이들을 태워 운행하셨는지...
빨리 조사가 마무리되어 상황이 악화되지 않도록 조치하셨으면 좋겠습니다.
.
.
여기 학원의 원장선생님의 딸과 저희아이는 5학년 입니다  같은초등학교 재학중입니다
A = 딸아이
B= 딸 아이친구
C=학원 원장딸 
22년 4월 7일 목요일 
A.B.C는 학원을 마치고 같이 놀기로 하였습니다.
그런데 A.B 가 학원을마치고 약속을 깜빡하고 C에게 연락을 못해줬습니다. 그러고 시간이지나
C의 어머니 (무면허 원장선생님) 가 A.B에게 
전화를 해서 싸가지없는xx.못데처먹은 xxx 라며 A.B에게 욕설과비언을 하였습니다.
친구와의 약속을 못지켰다고 A.B는 저런 말들을  들어야했습니다.
22년 4월 8일 금요일 2시경
A와 B가 학교수업을  마치고 학원을 가던도중 C의어머니께서A와 B에게 "" 교문앞으로 와바바"" 라며 소리치셨고 아이들은 학교앞으로 갔습니다
그 어머니께서는  차에타있는 상황에서 창문만 내리고서는 ""너네 오늘 왜 C에게 아는척 안햇어?""라며 정말 택도 업는일로 아이들에게 자주 전화를 하시고 불러내기 일수였습니다.
그날도 C의 어머니께서는 자기 할말만 하고 아이들 앞으로 차를타고 쌩 지나갔다고 합니다. 
요즘같이 납치.유괴가 심각한 세상에서 상대부모 동의도 없이 남에 애들을 오라가라 해도 되는건지요?
친구엄마면 남의애를 맘대로 불러도 되는건가요 
그리고 아이들을 불러서 얘기를 했다면 안전한 교문앞이나 인도에서 얘기를 해야는데 
저희 아이들은 도로변에 세워놓고 아이들뒤로 큰 트럭과 오토바이가  지나가고 하였는데 
그학부모는  아랑곳 하지않고 자기말만하고 있었습니다.
학교 앞 어린이 보호 구역에서 우리 아이들은 방치가 되었습니다.
아이들이 보호받아야할 곳임에도 불구하고 방치가 되었습니다.
어린이보호구역 에서의  안전의무를 위반하는 행동 아닌가요?
만약 사고가 났더라면 그아이는 누가 책임져주며 누구에게 보상받아야하나요.
그 원장님은 무면허 이신데..무면허상태에서 학원차량을 운행하는것도 모자라 남의아이를 교문앞으로  오라가라 하였습니다.
안일하게 생각하지 마시고 꼭 자세히 이사건을 봐주셨으면 좋겠습니다.
 [본 게시물의 일부 내용이 국민 청원 요건에 위배되어 관리자에 의해 수정되었습니다]",515,/19th/www.president.go.kr/petitions/605277
605276,검수완박 여야 야합에 맞서 국회의원 국민탄핵제를 제안합니다.,정치개혁,2022-04-25,2022-05-25,naver - ***,청원종료,"검수완박 여야 야합에 맞서 국회의원 국민탄핵제를 제안합니다. 
국회의원은 대통령도 탄핵할 수 있고 판사도 검사도 탄핵할 수 있습니다. 하지만 국회의원은 누구도 탄핵할 수 없다는 이는 불공정한 것입니다. 
이번 검수완박 여야 담합 사태를 보면서 국회의원 국민탄핵제를 제안합니다. 
반드시 양심 있는 국민들이 국회의원 탄핵제를 이룰 수 있게 청와대도 목소리를 내 주길 바랍니다.","2,562",/19th/www.president.go.kr/petitions/605276
605275,도로위에 시한폭탄 같은 차량이 얼마나 운행되고 있는지 밝혀주십시오.  - 불량 전기차를 판매하고 책임지지 않는 **자동차,교통/건축/국토,2022-04-25,2022-05-25,kakao - ***,청원종료,"전기차 고전압 베터리는 과열되거나 충격을 받으면 폭발 및 화재가 발생하는 것은 이제 상식입니다.
2022.3.31. 인도받은 ** 전기차(*** ******) 차량을 2022.4.1. 차량등록을 하여 번호판 부착 후 2022.4.2. 목포에서 구리시 **동으로 고속도로 주행 중 냉각수 부족 경고가 계기판에 점등되었습니다. ** 고객센터에 연락하니 경미한 경고라며 안내해준 **서비스센터 ***** **점에서 확인하니 베터리팩을 차체에 고정하는 볼트 중 세 개가 없고 규정된 토크대로 조여지지 않아 풀린 상태로 베터리팩에 가해진 충격으로 냉각수 호스 체결 부위가 빠져 냉각수가 모두 유출되어 버렸습니다. 또한 ***** **점에서 왜 베터리팩을 분해했었냐고 반문 할 정도로 베터리팩 고정 볼트와 주변 볼트들은 정상 신차 상태로 볼 수 없을 정도로 마모되어 있고, 규정 된 토크로 조립이 되어야 하는 볼트에 조립 후 볼트와 차체에 표시되는 마킹 조차 없었습니다.
더욱 큰 문제는 이러한 상태의 시한폭탄 같은 차량이 얼마나 많이 도로 위를 달리며 국민의 안전을 위협하고 있는지 아무도 알 수 없는 상황입니다.
국민의 안전을 위하여 어떻게 이러한 차량이 생산되고 판매되고 앞으로도 얼마나 많이 생산되어 판매될지 얼마나 이런 불량 차량이 생산되어는 도로를 달리고 있는지 꼭 밝혀주십시오.
 [본 게시물의 일부 내용이 국민 청원 요건에 위배되어 관리자에 의해 수정되었습니다]",423,/19th/www.president.go.kr/petitions/605275
605274,엄마의 사망에 재수사를 호소합니다.,기타,2022-04-25,2022-05-25,naver - ***,청원종료,"피눈물로 호소합니다.
    늦었지만 지금이라도 제발 엄마의 눈을 감겨 주십시오.
 2008년 10월 엄마는 65세의 나이에 의문의 사망을 하였습니다. 
 지금까지 억울하다는 생각만하고 지내 왔는데, 5년의 임기를 마치고 떠나는 대통령께서 마지막으로 의미 있는 일 한 가지, 제 어머니의 죽음과 관련 된 의문을 밝혀 차마 눈도 감지 못한 한 여인의 한을 풀어 주실 것을 눈물로 호소합니다.
 제가 두 세살 무렵 부모님이 이혼을 했다는데 저는 그 사실 자체를 모른 채 아버지 밑에서 계모에 의해 양육되었고 21세에 우연한 계기로 생모의 존재와 어린 시절 저의 기구한 운명을 알게 되었습니다.
 갓난쟁이를 두고 이혼한 엄마는 악착 같이 돈을 모으며 “언젠가는 반드시 딸을 만나게 될 것이고 그 때 형편이 되는 한 모든 것을 다 해 줄 것”이라며 주위 사람들이 보기 딱할 정도로 먹지도 입지도 않고 오로지 돈 모으는 일에만 24시간 365일 내내 집중 하였다 합니다.
 2002년 경 엄마는 광주광역시에서 경기도 수원으로 이사하여 어떤 남자를 만나 동거를 하고 있었고, 그 무렵 엄마와 만난 저는 엄마의 인생과 행복에 도움이 된다면 하는 생각에서 의붓아버지(***)를 그냥 받아 들였습니다. 
 그런데 나중에 알게 된 사실로 의붓아버지는 “상습 도박꾼에 희대의 사기꾼이며 여성 편력 또한 너무나 심한 한마디로 사회 암 적인 존재”그 자체 였다고 주변 사람들은 이구동성으로 이야기 했습니다.
 수중에 단돈 한 푼 조차도 없어서 주택가의 사설 노름판을 전전하며 뒤로 처지는 잔돈푼을 구걸하며 살다가 가진 돈이 제법 있는 “알부자”로 알려진 엄마의 소문을 듣고 순전히 돈을 노리고 치밀하게 계획을 짜서 접근하기 시작 했다 합니다.
 사연이야 어찌 되었던 결과적으로 핏덩이를 버렸다는 죄책감에서 언젠가 만나게 되면 “내 모든 것을 다 주리라”는 생각으로 오로지 돈만 모으며 자신의 몸을 전혀 돌보지 않고 혹사한 나머지 엄마는 그만 병을 얻고 여기 저기 수술을 해야만 했습니다.
 수술 후 거동이 자유롭지 못하자 바로 그 틈을 이용하여 ***는 엄마의 돈을 야금야금 빼 내는가 했더니 점 점 더 그 수법이 대범해지고 노골화 되었다 합니다. 
 ***는 엄마의 돈을 가로채기 위하여 실제 실행은 않으면서 사업을 내세워 수시로 돈을 빼내기 시작했습니다. 뿐만 아니라 자신은 금융거래 불가능자이어서 본인 명의로는 아무것도 할 수 없는 처지인지라 엄마를 설득하여 저의 명의로 사업체를 벌여 엄청난 부채가 발생 하였고 저는 부득이 변제를 해야만 하는 상황으로 내몰리기도 했습니다.
 엄마가 새 아버지로 대해 줄 것을 요구 했기에 당연하게 혼인 신고를 한 것으로 생각하였으나 엄마의 사망을 계기로 민원서류를 발급 하는 과정에서 알게 된 사실은 너무나 충격적이었습니다. 
 두 사람의 동거 기간은 꾀나 길었으나 놀랍게도 혼인 신고일은 엄마가 사망하기 지전 불과 3년 전이었습니다. 이 사실만 보아도 “돈 냄새 맡는 귀신”으로 주변에 널리 알려진 ***의 살인을 절대적으로 의심하는 결정적인 계기가 된 것입니다. 
 2008년 10월 10일, 당시 엄마를 처음 발견한 건 엄마가 딸처럼 양육한 조카(***, 저의 사촌 동생)이였습니다. 자식을 챙기지 못한 죄책감에 시달리던 엄마는 가까이에 사는 여동생(수원으로 이사를 하게 된 동기)의 딸(조카)을 친 자식을 대신하여 보살펴 주고 있었다(거의 양육하다시피)고 합니다. 남편이라는 사람은 한 달에 겨우 1~2차례 외에 집에 들어오지도 않아서 근처에 살며 수시로 엄마를 돌보던 사촌 동생이 그 날도 문을 열고 들어가니 거실에 이모(엄마)가 엎드린 채로 쓰러져 있어서 급히 119에 신고를 했다 합니다. 그런데 현장에 도착한 소방대원은 경험상 뭔가 이상하니 112에 신고를 하라고 하여 경찰에 신고를 한 후 저에게 연락을 했다 하고 제가 현장에 급히 달려갔지만 엄마는 이미 사망하고 말았습니다.
 장례를 준비하는 중에 의붓아버지(***)는 경찰의 조사를 받았고 이웃과 주변 사람들은 노골적으로 그를 의심하는 차원을 넘어 엄마의 죽음을 “살인”으로 단정 했고 ***를 “살인범”으로 확정적으로 공공연히 지목하기도 했습니다. 
 한편 장례를 치르는 과정에 사인에 대한 의문과 현장의 비상식적(소방대원의 말)정황 등을 이유로 부검 신청을 했으나 결과는 “사망원인 미상”이었습니다. 한편 장례가 끝나기도 전에 ***는 엄마의 금고와 귀중품 및 각종 귀금속, 패물(엄마는 평소 순금반지, 팔찌류, 다이아몬드 등에 대한 재테크를 많이 하였음) 등을 다른 장소로 옮겨 놓았고 엄마의 사망으로 자신이 너무 슬픈 나머지 탈진하여 입원 치료가 필요하다며 입원을 한다고 갔습니다. 
 그런데 심야 시간에 엄마의 휴대전화로 신용 카드 사용 승인 문자가 날아와 ***는 병실 입원을 한 게 아니었고 엄마의 신용 카드를 사용하며 나다니고 있었던 것이었습니다. 뿐만 아니라 감언이설(장례식 후 외국에 유학을 보내 주겠다. 는 등으로)로 조카를 회유하여 장례식 비용 등을 조카로 하여금 대납하게 하고는 “이모부가 장례 후 정산해서 후하게 계산해 주겠다”고 사기를 치기도 했습니다. 
또한 엄마가 살아계시던 그 당시는 물론 최근 까지도 각종 명목으로 조작과 위조 등을 통하여 저에게 금전을 뜯어 낼 목적으로 수시로 소송을 제기해 오고 있기도 합니다. 
 이제 겨우 10일 정도 남은 잔여 임기에도 불구 제가 이렇게 까지 사연을 올리는 이유는 저 인간이 바로 며칠 전에도 저에게 돈을 뜯어내려고 수작을 부리고 있어서 더 이상 참을 수도 참아서도 안 되겠다 싶어서입니다.
 저와 엄마의 이 기막힌 운명을 애처로이 살피시고 차마 눈조차 감지 못한 엄마의 한을 풀어 늦었지만 지금이라도 엄마의 눈을 좀 감겨 주시기를 간곡히 부탁드립니다. 
                                                        청원인 * **.
 [본 게시물의 일부 내용이 국민 청원 요건에 위배되어 관리자에 의해 수정되었습니다]",327,/19th/www.president.go.kr/petitions/605274
605273,공천비리가 만행하는 그들만의 리그 **광역시 더불어민주당을 조사 청원합니다.,정치개혁,2022-04-25,2022-05-25,naver - ***,청원종료,"안녕하십니까.
저는 호남에서 반평생 이상 살며, 호남의 1번 지지당인 더불어민주당이 어느 정당보다도 인정받고, 비리가 없는 깨끗한 정당이 되기를 바라는 평범한 직장인 입니다.
뉴스나 여러 매체에서도 여러번 언급한바 있는 더불어민주당 공천비리 의혹이 거주하고 있는 지역구에서 일어나고 있는 정황이 보여, 의혹을 확인해야 할 필요성이 있는것 같아 글을 작성합니다.
내용은 이번 6/1 지방선거 **광역시 시의회의원 선거 ****선거구에서 공천후보로 두명이 나와 경선을 하게 되는데, 한 후보를 특별한 사유 없이 컷오프(공천배제) 시키며, 단수공천을 주는 일이 벌어졌습니다.
더군다나 이번에 컷오프로 인하여, 단수공천을 받는 후보는 4년전에도 단수공천하여 당선된 인물이라 더 충격입니다.
여러명이 경선하는것도 아닌, 단 두명의 경선후보만 등록한 선거구에서 뚜렷한 이유없이 컷오프하여 단수공천을 주는게 상식적으로 이해가 되지 않습니다.
4년전에 이어서 두번 연속 단수공천은 지역구민을 무시하는 처사 일 뿐 아니라, 민주주의 국가에서 일어날 수 없는 일, 마치 권력세습과 다를바가 없다고 생각합니다.
경선이라 함은, 능력은 있으나 줄과 기회가 없는 숨은 정치 인재 발굴을 위해 시작된 제도라고 알고 있습니다 .
그러나 이러한 경선 방식을 정정당당하지 않게 운영하여, 불투명하고 공정하지 않게 누가 봐도 의혹이 들수밖에 없이 단 두명의 후보만이 등록한 경선에서 한명을 컷오프를 시켜 단수공천을 만들어버려서 경선확정을 시키는 **광역시 더불어민주당 경선 선거 방식이 이해가 되지않고, 엄청난 비리의혹이 있다고 생각이 들 수 밖에 없습니다.
또한, 단수공천하여 경선 확정을 하는데 있어서 경선 후보가 납득 할 수 있는 평가 자료를 오픈하지도 않는 등 요즘같은 세상에 어울리지 않는 갑질의혹으로 밖에 보이지 않습니다.
이러한 공천비리의혹을 당원으로서, 유권자로서 당연하게 받아들이고, 지역 지지 정당이니 그냥 비리를 외면하고 뽑아줘야 하는게 맞는걸까요? 이게 민주주의일까요?
저는 일반 시민이고 유권자에 불과하지만, 내 주변에서 까지 일어나는 이런 비리 의혹을 그냥 묵과하고 넘어갈 수 없습니다.
경선 후보자들이 정정당당하게 경쟁하여 승리하고 패배 할 수 있게, 패배한 후보는 후회없이 패배를 인정 할 수 있도록 그리고 비리의혹 없이 정정당당하게 경선에서 당선 될 후보를 유권자들이 평가 할 수 있도록 공천비리를 뿌리 뽑아야 한다고 생각합니다.
이번 **광역시 시의회의원 선거 ** **선거구에서 벌어진 이 사태를, 컷오프를 하여 단수공천 상황을 만든 위원장과 그 후보의 유착관계를 명백히 조사해주시길 청원합니다 .
 [본 게시물의 일부 내용이 국민 청원 요건에 위배되어 관리자에 의해 수정되었습니다]",324,/19th/www.president.go.kr/petitions/605273
605272,2022년 예비군 소집훈련 강행 결사반대합니다.,외교/통일/국방,2022-04-25,2022-05-25,facebook - ***,청원종료,"새로운 바이러스가 등장할 가능성이 재기된 가운데,
많은 전문가들이 가을쯤에 재유행할 것이라 전망하고 있습니다.
그런 가운데 국방부는 이러한 예측을 무시한 상태로 예비군을 재개한다는 발표를 했습니다.
저희 예비군들은 국방부의 신뢰가 느껴지지 않습니다.
코로나 유행이 예측되는 가운데, 감염에 대한 방비가 미비하다고 느끼며
그리고 감염에 대해 어떠한 보상안도 없고, 책임회비에 급급하는 느낌이 듭니다.
게다가 감염 확산 방지를 위한 ""강제"" PCR검사라는
헌법 아래 구성된 국가의 기관의 생각에서 나온게 맞나 싶을 정도로
인권유린적인, 위헌에 가까운 결정에 큰 충격을 받았습니다
저희 예비군 장정들은 예비군을 하지 말자, 그만두자라는 의견이 아닙니다.
확실한 방지책, 확실한 보상안, 확실한 책임감이 없는 현 상황에
예비군을 재개하는 것은 국력을 낭비하는 것이고, 예비군 장정들의 사기를 떨어트리는 것이라 생각합니다.
코로나는 단순한 감기가 아닙니다. 후유증이 동반되는 큰 질병입니다.
이를 무시하고 예비군을 강행한다는 것은 젊은 사회인들을 강제로 죽음에 밀어 넣는 것과 같다고 생각합니다.
국방부가 신속항원검사를 강제함으로써 아직 코로나에 대한 위험이 있다고 인정한 이상
감염 확산의 방지를 위해 행하는, 인권을 침해하는 ""강제 PCR 검사""라는 위헌 행위보단
안전한 원격 교육을 의무적으로 실시하고, 코로나가 잠잠해졌을 때 그때 재개하는 것이 옳다고 생각합니다.
부디, 국방부와 합의하여 안전한 날에 예비군을 재개하는 결정을 간곡히 부탁드립니다.",397,/19th/www.president.go.kr/petitions/605272
605271,요양병원 면회금지 풀어주세요!,보건복지,2022-04-25,2022-05-25,naver - ***,청원종료,"요양병원에 어쩔수 없이 아버지를 모신 딸입니다.
폐암환자에 파킨슨도 있으신 상태서,폐렴이 심하게와,대학병원에 10일넘게 입원하여,폐렴은 아직 완치가 안되었으나,대학병원에 계속 계실수 없다하고,산소호흡기끼고,가래석션도 해야하고,산소포화도나 혈압 떨어지면 위험한 상황이 오고,거동자체를 못하시니,집으로 퇴원은 안되고,연계 요양병원으로 가라해서 모셨습니다.
코로나로 면회는 일절금지!,인지기능이 떨어져 핸드폰 조작을 못하셔서,가족과 통화나,영상통화도 스스로 불가한 상황입니다.가족들은 궁금해도,간호실에 전화해 전화로밖에 상황을 들을수없는 생이별입니다.
이번에 4/30~5/22까지 한시적으로 요양병원 면회 허용해준다는데,기준이 어이가 없네요
면회가족들 3차백신완료자만,기확진자는 2차접종 완료자만 가능,거기까진뭐 환자들 보호위해 그렇다고 쳐도,입원환자 당사자가 4차접종까지 마친 사람만 면회 허용이라뇨?참,기가 찹니다.대부분 고령에 기저질환 있으신 노인분들한테4차접종이 가당키나 하나요?백신맞다 돌아가시겠네요,저희 아버지도1차맞고 열이40도까지 나고,아예 의식까지 없이 산송장처럼 계시다 돌아가실뻔했었어요,그뒤로 그래서 못맞춘건데,기저질환 있는 노인들을4차까지 맞춰야 허용한다니,현실을 알고나 방침을 정한건지...제발,간곡히 청원 드립니다.요양병원 면회금지 전면해제 해주세요,식당이고 거리두기고,영화관이고 다 풀어줬으면서,정말 가족의 손길이 필요한 어르신들  못보게 생이별하게 해놓고,백신장사라니요...
면회금지 전면해제,입원환자 백신미접종자도 면회 허용 청원 부탁드립니다.!",438,/19th/www.president.go.kr/petitions/605271
605270,2번사망선고및 백신부작용,보건복지,2022-04-25,2022-05-25,naver - ***,청원종료,"작년12월달 아버지께서 백신3차맞으시고 6일만에돌아가셨습니다 아침에갑자기 숨쉬기가 거북하시다 하셔서 제가cpr및 응급구급대원의 빠른처치로 심장은 돌아오셔서 *****병원 응급실로 가셨습니다 병원도착후30분후 코로나검사소에서 담당의가 저한테1차사망선고를 하셨습니다 하지만 약5분후 저한테 죄송하다그러시더니 다시 맥이띤다고 응급실로 급하게 들어가셨습니다 그래서 모든 검사를하였는대 폐렴이라고합니다 도착후 4시간정도후 재차사망선고를 하였습니다 폐렴이라고하여 상당히충격받앗습니다 왜냐면9월달에 이미 동산병원서 모든검사를 하였기에 담당의가 엑스레이만찍어도 확일댈정도로 폐가굳어다고합니다 그이후 부검의사를 묻기에 아버지 두번돌아가시게 하는거같아 거부했습니다 그이후 장례식장에잇는대 보건소에연락와서 재차부검의사를 묻기에 거부했습니다 당시 부검으로 인과성사례가2건인거로 알고잇어서 거부했습니다 장례를다치루고난뒤 **시청 신속대응팀에서 연락이와서 모든의료기록을 질병관리청으로 보낸다고 하기에 알겠다고 하였습니다 결과는 제예상대로 보건소에서 인과성없음 이란 간단한공문이한장왔습니다 적어도 사망건이면 질병관리청에서 유족에게 직접모든상황을 적어서 공문을 보내야하는게 아닐까요 현재 이의진청은한상태인대 보건소담당자가 부검안해서 거의 안댈거라고 하더라고요 **보건소 직원이 이상반응 전문가인가요?미리 포기하라는게 진정한 공무원일까요
그이후 *****대학병원 민원실에 2번 사망선고한거에대해 문의했으나 대답은 그럴수도잇다고 합니다 정부를믿고 기저질환자인 아버지를 누구보다3차 백신을 권유한저는 평생마음속에 불효자로살아야합니다
**시청 **보건소 *****병원에 대해조사해주시고 
질병관리청에 문의해봐야대답은 콜센터라서 자세히 모른다는 대답일뿐입니다 의료지식이없는 저희같은 일반국민들은 이억울함을 도대체어디에 항의해야하며 자세한설명은 어디서 들어야할까요 과연 백신맞고 폐렴으로 돌아가시고 2번 사망선고당한 자식이 잇을까요?
바쁘시겠지만 글이라도 끝까지봐주시면 억울함은없을꺼 같네요
 [본 게시물의 일부 내용이 국민 청원 요건에 위배되어 관리자에 의해 수정되었습니다]",271,/19th/www.president.go.kr/petitions/605270
605269,헌법재판소는 한·EU FTA 파기후 사형집행제도 촉구합니다,인권/성평등,2022-04-25,2022-05-25,twitter - ***,청원종료,"20개월 영아를 성폭행·살해한 20대 등 흉악범이 최근 잇따라 사회에 충격을 주면서 사형을 집행해야 한다는 여론이 높아지는 분위기다.
이런 가운데 한국 정부가 사형을 집행하면 2015년 발효된 한·유럽연합(EU) 자유무역협정(FTA)이 파기될 수도 있다는 주장이 인터넷상에서 나온다.
한국은 1997년 이후 24년 동안 사형을 집행하지 않아 국제사회에서 '실질적 사형 폐지국'으로 분류된다.
이와 관련해 온라인 커뮤니티 등에선 ""EU가 FTA를 체결할 때 사형을 집행하지 않겠다는 조건을 내걸었고, 우리 정부도 사형 집행이 FTA 체결에 걸림돌이 될 것으로 판단했다""라거나 ""EU는 사형 집행국과는 FTA를 맺지 않겠다는 입장이라 FTA에 악영향을 줄 수 있다""는 등의 주장을 볼 수 있다.
2010년 법무부가 연쇄살인범 ***과 ***(서울 서남부 연쇄살인 사건), ***(** 초등생 납치살해 사건) 등 3명의 사형 집행을 검토했지만, 당시 청와대가 EU와 FTA 체결에 지장이 될 수 있다고 반대해 무산됐다고 한다.
같은 해 3월 유럽의회가 우리 헌법재판소의 사형제 합헌 결정을 비판하는 결의를 채택하면서 ""한국은 국회가 사형제 폐지 법률을 승인할 때까지 모든 사형 집행을 중단하라""고 권고한 것을 염두에 둔 결정이었다.
실제로 사형 집행이 EU와 FTA 체결에 걸림돌이 된 사례도 있다.
법무부와 헌법재판소는 EU.FTA 와 체결을 파기 하고 다시 한번 사형집행제도 를 추진 해주 셨으면 좋겠습니다
흉악범 죄가 많아지면서 사형선고 보다 무기징역 선고 가 많아 지는 거 같습니다
사회 방위 차원에서라도, 사회 안전망 구축 차원에서라도 흉악범 사형집행은 재개돼야 한다""며 ""흉악범의 생명권만 중하고 억울하게 흉악 범죄의 희생양이 된 피해자 가족이 겪어야 하는 평생 고통은 누가 책임 져준가요?
 [본 게시물의 일부 내용이 국민 청원 요건에 위배되어 관리자에 의해 수정되었습니다]",248,/19th/www.president.go.kr/petitions/605269
605268,군민의 안전한 삶과 목숨을 위협하는 일반적 **군수 행정처리에 전면적 감사를 요청합니다.,행정,2022-04-25,2022-05-25,naver - ***,청원종료,"군민의 안전한 삶과 목숨을 위협하는 일반적 **군수 행정처리에 전면적 감사를 요청합니다.
지역의 장 군수의 자리에서 기본적으로 군민의 건강한 생활 환경과 안전을 보장하는 기본권리, 군민의 의사반영의 권리는 기본적으로 지켜주어야 할 아니 보장되어야 된다고 생각니다. 지역의 장이라고 하지만 군민의 생활과 안전을위협하고 침해하는 일반적 행위에 대하여 현 문제인 대통령님과 윤석렬 대통령님께서 꼭 챙겨 봐 주시길 청원 올립니다. 대독일반산업단지 산세공정 공장 건립이 MOU협약 체결진행까지 지역주민 아무도 몰랐으면 건립 공사가 진행되었습니다. 군의원 신상 발언에 불구하고 백두현 군수님께서 MOU체결을 진행 하셨고, 4월20일 주민 간담회 자리에 금일 4월22일 공사중지건, *** 아파트 앞 공사대형차량 이동에 따른 위험 해결 건, 업체측과 **행정의 전면적 서류 검토 건에 대하여 입장문을 발표하기로 약속함에도 군수님께서 다음 주 입장문 인터뷰 하겠다는 입장문으로 공개적 약속을 이행하지 않았습니다. 벌써 행정 소송이 진행되었고 일부 주민이 아닌 ** 군민 전체가 분노하고 일어나 **군 여기저기 반대 투쟁 현수막과 서명운동들이 전개 되어지고 있음에도 이렇게 대응한다는건 군민없는 군수 군민 없는 일반적 행정 업무에 일반적 피해자로 우리는 고스란히 겪는게 맞다고 여기지 않고서야 전 이렇게 할 수 없다고 봅니다.
조선소가 있는 지역에도 산세 공정의 인허가는 힘든 행정 절차가 아무리 인허가 간소화법이 적용되었다고 하더라도 40일 절차로 최단 짧은 시간에 이루어진 행정 절차는 어떻게하면 가능합니까?
이런 분께서 **군에 재출마 **군수로 나오신다니 전국적 아니 전새계적으로 물어 보고 싶습니다.간담회 영상을 인허가 간소화법으로 주민 설명회 필요없다고 법으로 아무런 문제가 없다고 주장 한 내용도 거짓이라는 사실을 **군이 알면 얼마나 더 분노 하고 일어날지 ~~아니 벌써 분노하여 **군민이 다음 주 월요일부터 집회를 진행할 예정입니다. 
누구의 이익을 위해서 ~ 경제적 도움을 위하여 굴 양식업의 바다가가 희생되어야 하며, **군민 5만명 목숨이 담보 되어야 하는지 ~~도대체 얼마나 대단한 기업이 이길래 ~~대통령님! 정말 궁금합니다. 철저하게 진상규명 해 주세요.
 [본 게시물의 일부 내용이 국민 청원 요건에 위배되어 관리자에 의해 수정되었습니다]",485,/19th/www.president.go.kr/petitions/605268
605267,중대범죄수사처 입법 조치 및 발족 시한의 법제화 청원,정치개혁,2022-04-25,2022-05-25,naver - ***,청원종료,"2022년 4월 22일 현재 박병석 국회의장이 제안하고 여야가 수용한 검찰선진화 중재안의 5항에는 중대범죄수사청에 대한 논의가 포함되어 있습니다. 
5항> 법률안 심사권을 부여하는 사법개혁특위를 구성하여 가칭 ""중대범죄수사청"" 등 사법 체계에 대해 논의한다. (이하 중수청) 
중수청은 특위 구성 후 6개월 내 입법조치, 그 후 1년 이내 발족한다. '중수청 출범 시' 검찰의 직접 수사권을 폐지한다. 
그러나 현재의 중재안 대로라면 특위 구성, 중수청 입법 조치 그리고 발족의 시한은 제안되어 있을 뿐 명문화되지는 않습니다. 
그러므로 검찰선진화의 진행이 지지부진하게 늘어지거나 최악의 경우 실패할 가능성이 있습니다. 
검찰선진화는 국민의 요구사항이자 시대적 과제입니다. 
중대범죄수사청의 입법 조치 및 발족 시한을 법제화함으로서 민심에 응답하여 주십시오. 
반드시 검찰선진화를 이룩해낼 것임을 분명하게 천명하여 주십시오.",692,/19th/www.president.go.kr/petitions/605267
605266,장애인에게 수어통역을 빌미로 돈을 빌려 갚지 않는 수어통역사를 고발합니다.,보건복지,2022-04-25,2022-05-25,kakao - ***,청원종료,"안녕하세요.  저는  **광역시에 거주하는 수어를 사용하는 농인입니다.
우리에게 수어통역사는 평생 함께 해야할 동반자와 같습니다.
일상생활에서 수어통역사의 도움은 삶을 변화시킬 수 있습니다.
그러나, 안타깝게도
이러한 우리들의 약점을 이용한 수화통역사가 있어서 고발합니다.
그는  우리와 같은 농인에게 돈을 빌립니다. 
어떤 사람에게는 20만원,  어떤 사람에게는 100만원,  불특정 다수에게 
영상전화나 카카오톡 문자로 
급한일이라고 돈을 빌립니다.
사정이 어렵다고 돈을 빌립니다.  반드시 갚겠다고 하면서요
우리에게 통역을 해주는 사람이니 어쩌겠습니까?
믿고 빌려줬습니다.  그런데,  이런저런 핑계를 대면서  도무지 갚을 생각을 하지 않습니다.
더 안타까운것은  
그는 **광역시 사회서비스원 소속  장애인 종합복지관 직원이라는 점입니다.
아무리 민원을 넣어도 해결책이 없습니다.
우리가 아무리 수어를 사용하는 사람들이지만
통역사가 우리처럼 없이 사는 사람 돈을 빌려서 갚지 않아서야 되겠습니까?
통역사는 청각장애인을 위한 사회복지사아닌가요?
어떻게 우리를 지원해햐 할 사람이 우리를 이용한단 말입니까?
날마다 폐지를 줍는 장애인 할아버지도,  기초생활수급 아저씨도,  취업을 못해 힘들게 사는 농아인 청년도 
여전히 돈을 빌려주고 받지 못하고 있습니다.
사정사정 돌려달라고 요청하지만 
그 통역사는 이런 저런 핑계를 대면서 미룹니다.
우리는 그냥 당하고만 있으면 되나요?
너무 답답해서 이렇게 청원합니다.
1.  우리는 우리를 경제적으로 힘들게 하는  수어통역사가 필요하지 않습니다.
2.  약속대로 돈을 갚기를 바랍니다.
3.  당신은 통역사가 아닙니다.
4.  당신 때문에 우리에게 헌신하는 동료통역사를 욕되게 하지 마시기 바랍니다.
 [본 게시물의 일부 내용이 국민 청원 요건에 위배되어 관리자에 의해 수정되었습니다]",526,/19th/www.president.go.kr/petitions/605266
605265,간호조무사 처우개선이 필요합니다!!!,보건복지,2022-04-25,2022-05-25,kakao - ***,청원종료,안녕하세요. 무슨일이든 깊이 들어가봐야 정확하게 알 수 있는  것 같습니다. 십수년 육아로 경력이 단절되있다가 1년 꼬박 공부해서 이번에 간호조무사시험에 합격했습니다. 어린아이들 두고 740 이론수업 780실습(무급)은 진짜 너무 힘들었습니다. 5개월다되는 시간을 하루8시간씩 쉬운일이 아니었죠. 굳이 5개월이 필요할까싶은 허드렛일이 실습생일이었지요.  포기를 할까 고민이 되었지만..  꿋꿋하게 잘 해낸 제가 스스로 대견했습니다. 합격하고 구인구직을 하려고 알아보다보니 기가 차대요!!  최저시급도 안되는 급여에 근무조건은 너무 안좋았습니다. 한곳에 취업을 나갔더니 급여계약서는 노예계약서를 방불케하더군요.  근로계약서는 근로자에 입장에서도 생각해야 되는거 아닌가요? 자세한 언급은 하지 않겠습니다.  저는 1년공부해서 4년공부한 간호사대우를 바라는 게 아닙니다.  당연히 다름을 인정합니다.  이직이 높을 수 밖에 없는 이유를 알았고 조금만 줘도 경력1년은 악착같이 채우자 마음먹고 울면서 하루하루 버틴다는 글이 정말 많았습니다. 1년꼬박 버티다 이직은 다들 반복되는 이런 현실이 과연 맞는걸까요? 특히 개인병원원장님들 간호조무사없이 운영 힘들지 않습니까? 저희 간호조무사는 마땅한 근로조건을 맞춰준다면 한곳에서 더 열심히 일할 수 있습니다!!  간호조무사가 넘쳐난다고 다시 뽑으면 된다고 내부고발자가 되면 이 업계에서 힘들기에 부당함을 참고 버티는 걸 악용하는 건 아닌지요?  최저시급은 정말 그 밑으로는 안된다는 거 아닌가요? 적어도 최저시급을 지켜주세요!! 1년 투자한 제 시간이 너무 억울해서 글씁니다.,300,/19th/www.president.go.kr/petitions/605265
605264,광주정신과 민주주의를 능멸한 “민형배 의원의 민주당 복당 영구 불허”를 청원합니다.,정치개혁,2022-04-25,2022-05-25,twitter - ***,청원종료,"광주정신과 민주주의를 능멸한 “민형배 의원의 민주당 복당 영구 불허”를 청원합니다.
- 민주적 정당성과 절차, 그리고 광주정신을 훼손한 민형배의 꼼수탈당
- 꼼수탈당으로 검수완박의 입법 취지와 과정 훼손으로 민주당이 추진하려는 검찰개혁의 의미 왜곡- 민형배의 꼼수탈당, 국회 소수정당 뜻 수렴장치인 안건조정위원회 취지를 훼손
더불어민주당은 국민이 만들어준 172석을 통해 검수완박 입법의 취지와 과정이 훼손되고 꼼수탈당으로 무리하고 성급하게 추진함으로 인해 민주당이 추진하려는 검찰개혁의 의미가 왜곡되고 있습니다.
안건조정위원회는 소수정당의 뜻을 수렴하기 위한 장치입니다. 하지만 민형배 의원의 꼼수탈당은 그 의미를 훼손하고 민주주의를 능멸하는 것입니다.
온 국민이 분노하고 있고, 민주당 당원들은 부끄러워 얼굴을 들 수가 없습니다.
국민은 배웠습니다.
민주주의 사회라면 반대의견이 있을 때 공론화를 통한 숙의 과정을 통해 설득하고 논의하는 과정이 반드시 있어야 합니다.
하물며 입법기관인 국회에서는 동료 의원이나 관계 기관의 반대의견에 더 깊이 숙의하고 논의, 조정해야 하지 않겠습니까?
민형배의 모습은 60년 역사를 가진 ‘민주당’에 패악입니다. 민형배 의원은 민주적 절차와 정당성을 담보한 국회법상 절차를 무시하고 있습니다. 오로지 민주당을 꼼수정당으로 전락시켰습니다. 민주화 성지 광주를 꼼수도시로 만들었습니다.
광주의 국회의원인 양향자 의원의 바른 목소리도 반개혁적이라며 몰아붙였습니다. 문재인 대통령은 최근에는 이미 통과된 공수처법과 검경수사권조정법의 안착에 힘쓰는 것이 우선이라고 하셨습니다. 민형배는 자기오만에 빠져 대통령의 뜻, 민주당의 뜻, 당원의 뜻, 국민의 뜻이라 빙자하며 검찰개혁의 의미를 퇴색시키는 꼼수탈당이라는 민주주의를 능멸하는 행위로 모든 것을 바꿔버렸습니다.
이에 민형배의 영구 복당 불허를 강하게 요청합니다
국회 보좌진들의 익명 커뮤니티인 ‘여의도 옆 대나무숲’에도 꼼수탈당 민형배에 대한 글들이 올라오고 있습니다. 귀 기울여 주십시오.
이 광기의 선두에 서 있는 민형배 의원은 60년 역사를 가진 민주당에 앞으로 영구 복당 불허, 영원히 발을 붙이지 못하게 해야 합니다.
국민으로서 당원으로서 민주당이 당원이 부끄럽지 않도록, 오만·자만·독선으로 가득찬 민형배 의원의 복당 영구 불허를 청원합니다.
□ 여의도 옆 대나무숲의 검수완박 비판글 모음
 - **********************************************************
 - **********************************************************
 - **********************************************************
 - **********************************************************
 [본 게시물의 일부 내용이 국민 청원 요건에 위배되어 관리자에 의해 수정되었습니다]","2,872",/19th/www.president.go.kr/petitions/605264
605263,고속도로 안전순찰차의 적·청색 경광등 설치 가능할 수 있도록 관련규정 개정 요청,행정,2022-04-25,2022-05-25,kakao - ***,청원종료,"긴급자동차는 ‘도로교통법 제2조(정의) 제22호’에 의거 규정되고 있으며, 
긴급자동차의 경광등 색상은 ‘자동차 및 자동차부품의 성능과 기준에 관한 규칙 제58조(경광등 및 사이렌)’ 규정하고 있습니다.
법령에 따라 고속도로 안전순찰차는 도로교통법 시행령 제2조 제8호에 의거 긴급자동차로 지정되어 있으며, 자동차 및 자동차부품의 성능과 기준에 과한 규칙 제58조(경광등 및 사이렌)에 의거 황색의 경광등을 설치 운영하고 있습니다.
고속도로 안전순찰원은 규정된 안전복장과 장구를 착용하고, 4조 3교대로 24시간 고속도로 교통안전 서비스 향상을 위해 노선순찰, 고객응대 및 지원, 교통사고 처리, 법규위반차량 계도 및 고발, 원인자부담금 부과 및 징수, 등이 있습니다. 
또한, 고속도로순찰대의 요청에 의거 음주단속 지원, 운행합동단속, 합동위력순찰을 함께 하고도 있습니다.
위에서 말씀드렸듯이 고속도로 안전순찰원의 업무는 단속의 권한만 없을 뿐 고속도로순찰대의 업무와 크게 다르지 않습니다. 
그러나, 고속도로 이용자들이 고속도로 안전순찰차를 바라보는 시각은 많이 다릅니다.
고속도로 이용자들이 고속도로 안전순찰차를 마주치게 되는 것은 노선순찰 및 교통사고가 발생하였을 때입니다.
고속도로 이용자들이 차안에서 고속도로 순찰차를 바라보면, 경광등이 가장 먼저 눈에 들어오게 되고, 운전자들은 경광등의 색상에 따라 반응이 달라집니다.
적청색의 경광등을 보게 되면 운전자들은 과속으로 주행하다가도 순간 경찰차임을 감지하고 속도를 제한속도 이내로 감속하고, 수신호에 즉각 반응을 보입니다.
그러나, 황색의 경광등을 보면 운전자는 긴급견인차량을 보듯이 운전의 제약없이 주행하고, 때로는 과속도 서슴지 않습니다.
그런데, 공교롭게도 고속도로 안전순찰차의 경광등 색이 긴급견인차량과 같은 황색입니다.
또한, 황색의 경광등은 운전자나 고속도로 이용자에게 시각적으로 잘 보이지 않습니다. 특히, 야간에는 더 보이지 않아 교통사고 대응시 안전에 매우 취약합니다. 
고속도로 안전순찰원은 고속도로 최일선에서 교통소통 및 교통사고 대응에 업무의 대부분을 보내고 있으며, 매년 안전순찰 업무로 인한 사상자가 발생하고 있으며, 대부분은 사고 후방에서 졸음 및 전방 주시태만에 의한 상대방 과실입니다. 경광등 색상만 잘 보이는 적청색으로 변경되었더라도 조금이나마 안전순찰원의 사고를 줄일 수 있지 않았을까하는 아쉬움도 있습니다.
안전순찰원의 안전을 위해 매년 안전모 등 안전장구에 대한 개선을 지속적으로 시행하고 있으나, 운전자 및 고속도로 이용자에 대한 경각심을 강조하는 것이 효과 면에서 가장 클 것으로 판단됩니다.
일선의 안전순찰원은 
지속적으로 경광등의 색상을 황색에서 적청색으로 개선요청하고 있으나, 관련 시행령 및 규칙으로 인하여 개선되지 못하고 있는 실정입니다.
대통령님, 
고속도로는 우리나라 경제를 떠받치고 있는 큰 기둥 중 하나입니다.
고속도로 최일선에서 근무하는 고속도로 안전순찰원의 소중한 생명과 고속도로 이용자의 보다 안전한 주행을 위해 
고속도로 안전순찰차의 경광등의 색상을 황색에서 적청색으로 변경될 수 있도록 살펴봐주세요...
관련내용에 참고하실 수 있도록 관련 시행령과 규칙을 링크합니다.
끝까지 읽어 주셔서 감사합니다.",591,/19th/www.president.go.kr/petitions/605263
605262,기업의 사회적 책임 (배달오토바이로 인한 사회공간의 안전위협 대책 마련 촉구),안전/환경,2022-04-25,2022-05-25,naver - ***,청원종료,"2022년 4월 13일 저녁 7시20분. 
황망하게도 횡단보도를 건너다 ** 오토바이에 저희 어머니께서 돌아가셨습니다.
고향집이 아닌 제가 살고 있는 지역도 어린 학생들이 많이 다니는 지역임에도,
급가속, 과속, 신호위반 등 도로, 인도 위를 무법하게 다니는 배달 오토바이에 저 보다도 아이의 안전에 평소 위협을 느끼고 있었지만,
나에게는, 내 가족에게는 그런 일이 생기지 않겠지,
내일이 아니라고 방관자로 있었던 제 자신이 몹시나 부끄럽습니다.
배달플랫폼은 급성장하고 국민의 편의도 좋아졌지만,
좋아진 만큼 사회공간의 안전이 위협받고 있습니다.
이 사회공간의 안전, 위험도를 이전의 수준으로 돌리고 싶습니다.
어떻게 하면 할 수 있을까요?
첫째 배달오토바이의 사고율과 그 외의 사고율에 대한 통계, 조사, 비교 연구를 부탁드립니다.
둘째 배달오토바이 운전자의 안전운전을 강제, 제도화 해주시기 바랍니다.
      - 라이더의 정기 안전운전교육을 의무화 해주시기 바랍니다. 
      - 라이더 오토바이 전체에 속도제한(50km) 장치를 부착해 주시기 바랍니다.
      - 라이더 주행 중 콜발신, 콜수신을 할 수 없도록 시스템(app) 개선 등 안전운전에 방해되는 요소를 점검, 보완 해 주시기 바랍니다.
      - 과속, 난폭운전, 급가속, 신호위반 등 위법행위 모니터링 시스템(app) 체계를 마련하고 일정 점수 이상 누적시 패널티를 부과해 주시기 바랍니다.
""안전""은 모든 가치에 우선 합니다.
배달플랫폼 기업이 국민생활의 안전을 담보로 버는 수익만큼,
안전 보장을 위한 활동에 의무적으로 투자하도록,
안전을 위협한 행위와 결과에 패널티를 부과하도록,
법제화를 촉구 드립니다.
** 오토바이에 어머니를 잃은 대한민국 국민 1인 올림.
 [본 게시물의 일부 내용이 국민 청원 요건에 위배되어 관리자에 의해 수정되었습니다]",604,/19th/www.president.go.kr/petitions/605262
605261,※갑작스런 낙상사고로 인한 아버님의 억울한 사고임을 호소합니다!※,안전/환경,2022-04-25,2022-05-25,naver - ***,청원종료,"안녕하십니까? 
저는 남자친구 아버님의 갑작스런 낙상사고에 억울한 상황을 알리고자 이 글을 올립니다. 
글이 길더라도 꼭 읽어주시고 공유해주시길 부탁드립니다. 
저의 남자친구 아버님은 울산시 남구 *** *** 주민으로 올해 68세(56년생)로 
특별한 신체질환이 없는 건강하신 상태에서 2021년 10월 9일 오전 11시에 건축주의 공장에서 
일용직으로 작업을 하시다가 3M 높이의 사다리에서 떨어져 경추골절과 전신마비라는 
판정을 받으시게 되었습니다. 
아버님은 40년간 하루 일하고 하루 먹고 사는 일용직으로 항상 열심히 
성실한 삶을 살아가시던 분이셨습니다. 
건축주는 아버님 친동생의 친구로 공장 문이 열고 닫는게 되지 않는다며 
공장 문 수리를 아버님에게 여러번 요청하였으나 혼자서는 공장 창고 문을 수리 할 수 없다고 
전문 업체에 의뢰하여 고치라고 거절을 여러번 하셨다고 합니다. 
그럼에도 불구하고 건축주는 전문 업체에 수리를 맡기게 되면 금액 대가 많이 커지니 
아버님에게 그냥 문만 열고 닫을 정도만이라도 수리해달라고 계속해서 부탁을 하였고 
건축주가 모르는 사람도 아니고 친동생 친구이기도 하니 더 이상의 거절을 할 수가 없어서 
어쩔 수 없이 작업을 진행할 수 밖에 없었습니다. 
아버님은 애초에 건물주의 요구로 인해 문을 고쳐주러 간 것이지 죽으러 간 것이 아닙니다. 
우리는 법적으로 다투려는 것이 아니라 어찌되었든 산재를 받아 아버님이 
무사히 치료를 받으시기를 원합니다. 
하루아침에 소중한 아버님의 사고로 슬픔에 잠긴 저희 가족들에겐 하루하루가 
고통스럽고 지금 생각해도 너무 분합니다. 
저희는 건물주측이 먼저 사과할 줄 알았습니다. 
그런데 건물주측은 사과는 커녕 공무원 본인의 신분을 지키고자 전 재산, 
자신의 모든 인맥을 동원해서라도 산재 받는 것을 최대한 막겠다고 아버님의 친동생인 
친구에게 처음에는 500만원에 지금은 1500만원으로 합의를 하자고 하며 
본인은 아무 일도 없다는 듯이 일상생활을 하는 모습이 저희 상식선에선 
도저히 용납하기 어렵습니다. 
계속해서 거절을 하였음에도 불구하고 건축주 본인의 요구사항으로 작업을 하다가 
벌어진 사고로 인해 멀쩡한 사람이 식물인간이 되는 큰 사고를 겪었음에도 불구하고 
죄책감을 가지고 정말 미안한 마음을 가지고 있는 사람의 태도인지 의문이 듭니다. 
이러한 건물주의 행동은 가족들과 주변 지인에게 또 한번 가슴에 비수를 꽂았습니다. 
부디 한번만 동의를 하여 주셔서 다시는 이러한 억울한 일이 발생하지 않도록 
도와주시기 바랍니다. 
긴 글 읽어주셔서 감사합니다. 
첨부링크 
1. 네이버 
***********************************************
2. 네이트 
************************************
3. 다음 
***********************************
4.울산남구청
***********************************************************
 [본 게시물의 일부 내용이 국민 청원 요건에 위배되어 관리자에 의해 수정되었습니다]",333,/19th/www.president.go.kr/petitions/605261
605260,우리의 옷 '한복입기'를 생활화 합시다,문화/예술/체육/언론,2022-04-25,2022-05-25,kakao - ***,청원종료,"문화재청에서는 [한복 입기]를 '국가무형문화재' 지정을 추진하고 있습니다. 
한복은 ‘우리 옷’입니다. 
한옥이 ‘한국의 집’이요, 한글이 ‘우리 글’이듯 한복은 우리의 옷입니다. 그래서 당연히 [한복 입기]의 ‘국가무형    문화재’ 지정을 환영하면서, 이를 계기로 [한복 입기]가 생활화되기를 기원합니다.
  이는 지도층에서부터 수범이 되어야겠기에 이번 <대통령 취임식>, <단체장 취임식>에서 [한복 입기]를 솔선하    시기를 청원합니다.
  이제 시작되는 K-문화 관련 대면 축제장에서는 [한복 입기]를 특히 권장합니다. 
그러면서, 가장 편리한 곳에  <한복 주차장>을 마련하였으면 합니다.
또, 한복 착용자에게는 <한국의 서원> 등 세계유산과 <유명 사찰> 등에서 ‘입장료를 면제’해줄 것을 청원합니다. 
요약하면,
* ‘한국선비문화축제’ 등 K-문화 관련 축제에 <한복 착용 권장> 및 <한복 주차장> 마련.
* 서원, 사찰 등 유적지에서 <한복 주차 코너 설정> 및 <한복 착용자 입장료 면제>.
* 대통령 및 지방자치단체장 취임식에서 <대통령 및 단체장 한복 착용> 실시.
이러한 [한복 입기] 캠페인이 시민들의 인성을 함양하는 첫걸음이 될 수 있기를 간절히 기원합니다.
 -<대한민국 ******운동본부>-
 [본 게시물의 일부 내용이 국민 청원 요건에 위배되어 관리자에 의해 수정되었습니다]",180,/19th/www.president.go.kr/petitions/605260
605259,부도난 ** *** 피해자입니다.,경제민주화,2022-04-25,2022-05-25,naver - ***,청원종료,"지난달 폐업한 ** *** 보험가입 피해자 입니다. 가족중 한명의 상을 치르고 있을때 보험사직원이 지인이라고 찾아와 혼란한 분위기를 틈타 가족들이 모두 한사람 한달 3만원의 금액이면 저렴한 가격으로 가족 크루여행을 갈수있다고 꼬드겨 형제마다 각각 2~5계좌씩 가입했고 그 이후로 꾸준히 가정당 6만원~15만원이라는 돈을 지난달까지 6~7년간 열심히 넣기만 했는데.지난달 회사가 부도 났다며 여행가입 상품만 천여만을 그대로 날리게 되었습니다. 
코로나로 여행은 말도 못 꺼내보내다가 하루아침에 이렇게 된거죠. 
상조가입자들은 그나마 다른 상조로 갈아타거나 한상공으로부터 절반이라도 보상받지만, 가족들과 단란한 여행을 꿈꾸거나 어학연수를 계획으로 차곡차곡 
매월 성실히 돈을 넣은사람들은 이렇게 하루아침에 황당히 생때같은 돈을 몽땅날릴수있나..억울하기만한 심정입니다.
 **측에서는 어떠한 보상대책도 없이 경영중 뻔뻔하게 소시민(피해자 약 7만4천명) 의 재산을 횡령,배임함으로써 경영악화로 폐업처리 되었는데, 
이대로 가만있기엔 너무 분통이 터져 
국민청원에 매달려봅니다. 
폐업처리뿐 아니라 알뜰한 저희들의 돈과 소망을 사기친 ** 대표 또는 관계자들에게 제대로 법의 처분을 내려주시길 간곡히 부탁드립니다. 선량한 사람들에게 다시는 이러한 억울한일이 일어나지 않게 도와주십시요.
 [본 게시물의 일부 내용이 국민 청원 요건에 위배되어 관리자에 의해 수정되었습니다]",139,/19th/www.president.go.kr/petitions/605259
605258,"여러분, 언제까지 전세사기 당하고만 있을건가요? 청원글만 400여개 입니다.",행정,2022-04-25,2022-05-25,naver - ***,청원종료,"저는 '22.3.29 전세사기를 경험한 사람입니다.
- 부동산에서 매도자를 사위라고 소개시켜줌. 직장 전배 문제로 급히 전세놓는다고하며 거짓 정보 흘림
- 이전 집주인에게 빠른 매매 권유, 기 전세입자에게도 빠른 퇴거 요청
- 9일만에 전세입자 확보 및 계약 (전세금 1억4천5백 (시세: 1억5천), 깡통전세)
- 현 집주인(바지사장, 장모 위장)+사위(컨설팅 실장/사기꾼)
- 노숙자, 채무 및 등기 문제없는 저속득층 전세입자 매수 후 대포폰,대포통장,대포렌트를 위해 명의 도용 (공모)
- 잔금 당일, 전액 현금 편취 (아르바이트 인력3명으로 통해 나눠 인출 및 편취 후 연락두절)
'화곡동 세모녀 사기사건'의 경남 사천판 사기사건입니다.
여러분, 저는 사기를 당하고 할 수 있는일이 형사고소 및 가압류 처리 등이었습니다.
그러나 고소는 잘못한이가 받는 벌이지만, 현실적으로  급전이 필요하여 공모에 가담한 사람들이 둘러쓰는
형태로, 일을 꾸민 브로커는 법의 망을 피하기 쉬운 구조입니다. 
심지어 '화곡동 세모녀 사기사건' 또한 리베이트를 받은 부동산 중개사의 양심고백으로 검거된것으로 알고 있습니다.
이처럼 개인의 이익만을 쫒는 양심없는 부동산 중개사, 급전과 배당금을 노린 공모자, 그리고 사기를 벌린 브로커의
조합에 누구나 쉽게 걸려들 수 있는 구조였습니다.
안심거래를 위해 믿은 부동산 조차도 믿을 수가 없는 세상이며, 피해에 대한 일말의 양심과 죄의식도 없는 공인중개사와 법의 망을 피해 설계한 브로커들의 손아귀에 넘어간 전세입자들은 결국  억울한피해, 
죽고싶은충동, 살고싶은 희망을 잃어 결국 정신자살이라는 용어가 걸맞게 심각한 피해가
속출하고 있습니다. 
기존 서울/경기 등 수도권 지역에서 활발했던 전세사기가 이제 경남 사천까지 내려왔습니다.
500채의 사기사건의 전말을 보면 정말 기가막히고 참담하지만, 그 시간동안... 
부동산관련 법과 행정절차는 개선된 것이 없습니다.
한국공인중개사협회에서도 관련 교육도 없는듯, 신고하라는 창만 만들어놓고 아무런 대책이 없습니다.
사기를 당한 사람만 피해를 볼 뿐, 그리고 그 피해자가 늘어나도 무책임하게 수수방관하는것이 전부 입니다.
최소한의 법적 장치를 집을 계약할때 의무화하고, 잔금 또한 법적으로 안전하게 조치되어,
안심할 수 있는 장치가 시급합니다.
이런 법적인, 행정적인 제도개선이 되지 않는 한 여기에 청원글만 쌓일 뿐, 달라지는건 없습니다.
여러분, 언제까지 전세사기 당하고만 있을건가요? 청원글만 400여개 입니다.
사기꾼의 치밀한 설계까지 정부가 관여할 수 없다고 생각하시나요?
부디 전 국민이 청원에 동참해주셔서, 국민들이 안전한 삶을 영위할 수 있도록 최소한의 안정장치가
마련되어 이런 청원글이 사라지길 간절히 희망합니다.
저는 이제 마음이 녹슬대로 녹슬어, 이제는 건조하게 상황을 받아들이는 중 입니다.
제발 부탁드립니다. 이런 고통을 국민들이 더이상 겪지 않도록 최소한의 법적인 장치를 꼭 마련 부탁드립니다",220,/19th/www.president.go.kr/petitions/605258
605257,국내 배아줄기세포 임상연구부터 허가해 주세요.,미래,2022-04-25,2022-05-25,facebook - ***,청원종료,"안녕하세요 4년 전 교통사고로 난청과 이명이 온 한 청년입니다. 
저는 두 소리를 구분 지어 나눠 들을 수가 없고 주변에 슬리퍼 신고 끌고 걷는 사람이 있으면 대화를 나눌 수 없을 정도며 소음이 있으면 대화는 물론이거니와 설거지 소리나 청소기 돌아가는 소리에는 당연히 대화를 할 수가 없습니다. 소음이 있으면 이명 소리가 커지고 더 힘듭니다. 
그렇게 난청, 이명 해결법을 찾다가 ""줄기세포가 답이다""라는 결론을 얻게 되었습니다.
그렇지만 유도만능 줄기세포로도 한계점이 있다는 걸 깨달은 후 배아줄기세포에 대해 알게 되었습니다. 
배아줄기세포는 정자와 난자가 만나 생긴 수정란(배아)에서 인체의 220여 가지 세포로 자라는 원시(原始) 세포입니다. 올해는 1998년 미국 위스콘신대의 제임스 톰슨 교수 연구진이 국제학술지 사이언스에 처음으로 사람 수정란에서 배아줄기세포를 분리하는 데 성공했다고 발표한 지 20년이 되는 해라고 합니다. 
그러다보니 배아줄기 세포가 생명에 관한 윤리적인 문제가 있다는 것을 알게 되었습니다. 그렇지만 원치 않은 임신으로 고아가 되거나 하는 태어나지도 않은 아이를 그냥 유산시키는 것보다는 배아기증방법으로 배아줄기세포 연구를 하는 게 낫다고 생각합니다. 
그 연구가 진행된다면 난청으로 인공와우를 해도 효과 없는 사람들에게 줄기세포 치료로 나을 수 있게 도와주는 것이 더 좋지않습니까? 
이러한 비슷한 예로, 18년 3월 20일에 ""영국 유니버시티 칼리지 런던(UCL) 연구진은 국제학술지 '네이처 바이오테크놀로지'에 ""배아줄기세포에서 자라난 망막세포를 80대와 60대 노인성 황반 변성 환자의 눈에 이식해 부작용 없이 시력을 획기적으로 회복시켰다""고 밝혔다고 합니다. 환자들은 바로 앞에 있는 사람도 몰라볼 만큼 시력이 약했지만 1년 만에 신문을 읽을 수 있을 정도가 됐다고 연구진은 밝혔습니다. 사람들의 기억에서 희미해지던 배아줄기세포가 실명 환자의 눈을 뜨게 하면서 다시 세계적인 주목을 받고 있는 것입니다. 
그렇게 최근 미국과 한국·영국·중국 등에서 10여건의 배아줄기세포 치료제 동물임상시험이 진행되면서 상용화 속도가 빨라지고 있다.""고 합니다. 
이에 따라 배아줄기세포를 사람에게 인용할 수 있도록 연구를 허가해주시길 바라며 청원올립니다",239,/19th/www.president.go.kr/petitions/605257
605256,입주아파트 키친핏미선택시 냉장고장의 일반냉장고와 김치냉장고의 중앙판 제거,기타,2022-04-25,2022-05-25,naver - ***,청원종료,"키친핏은 그냥 부엌모양을 말하는데 키친핏미선택(부엌모양을 안 한다) 세대에게 정해진 부엌공간에 중간판을 굳이 넣어 두 크기에 맞는 일반냉장고와 김치냉장고만을 쓰게 하는 것은 억지이고 횡포라 생각됩니다. 입주시부터 키친핏미선택세대도 냉장고장에 냉장고 설치 유무를 떠나 자유롭게 쓰고 싶습니다.
유상옵션 키친핏을 선택 안 한 세대들은 입주 후 기존 냉장고의 크기가 중간벽이 있는 냉장고장의 여유공간에 적당하지 않으면 대부분 보기 흉해 냉장고장 리폼이나 냉장고장 크기에 맞는 새냉장고를 구입합니다. 각 세대가 냉장고를 그곳에 둘지 안 둘지는 결정하고 냉장고장의 공간도 다양하게 잘 활용할 수 있도록 천장장 무너짐 방지의 고정과 중간판제거를 건의합니다.
각 세대당 크기, 용량은 달라도 당연히 냉장고는 1개 이상 있고 어느 공간에 두는 지는 각 세대가 결정합니다. 냉장고장에 중간판을 두면 나눠진 두 크기의 물건만 들어가도록 오히려 반강요하는 역효과가 생깁니다. 더구나 유상옵션키친핏을 선택한 세대만 중간판 제거가 되어있는 구조가 더 문제가 있다고 생각합니다.
요즘은 냉장고장을 냉장고에만 한정하지 않고 세대의 개성대로 4인 식탁, 홈바, 가족PC책상 등을 설치해 다양한 공간으로 사용합니다. 이때도 활용하려면 천장장 고정과 중간판을 제거해야 합니다. 
또 키친핏미선택 세대들도 입주 후 인기있는 키친핏냉장고로 구매할 수 있습니다. 다들 잘 아시겠지만 키친핏으로 일반냉장고와 김치냉장고 2개이상을 구매하면 연결키트가 들어가기 때문에 당연히 천장장 고정과 중간판을 제거해야 합니다.
그리고 키친핏미선택 세대 중에 건설사가 중간판 넣어 만든 냉장고장 크기에 맞는 일반냉장고와 김치냉장고 둘을 가진 세대는 많지 않을 것 같고 중간판이 없어짐으로 중간판의 두께 공간이 생겨 오히려 더 좋을 수도 있습니다. 건설사가 중간판이 있는 냉장고장을 시공할 지라도 입주전후로 사설업체에 맡겨 리폼하는 세대가 더 많거나 두 냉장고 여유공간의 외관이 흉해도 시간과 비용을 생각해서 불편을 감수할 듯 합니다. 
혹 건설사가 중간판 넣어 만든 냉장고장 크기에 들어가는 그 일반냉장고와 김치냉장고를 가지고 있어도 시간이 지나면 두 냉장고 중 교체시가가 발생하면 키친핏냉장고나 색다른 공간으로 고민할 수도 있습니다. 그 때도 당연 위의 중간판제거와 천장장무너짐이 해결되야 가능합니다.
결론적으로 각 세대마다 필요한 냉장고 갯수, 용량, 크기가 다르고 시간이 지나면 조금씩 그 세대의 특색도 변화됩니다. 중간판이 있으면 입주시부터 그 크기에 들어가는 냉장고들만 쓰거나 다시 살 때도 그 세대의 변화되는 특성(세대 수, 대식가와 소식가, 어른과 아이들 음식종류선호도, 냉장냉동 온도별 저장량 분류)과 상관없이 중간판이 들어간 나눠진 두 크기에 맞게 계속 사서 써야됩니다. 반강요입니다.
공간과 물건이 사람에게 맞게 만들어야 되는데 사람이 공간과 물건에게 지배를 당하는 구조입니다. 이 문제에서 벗어나려면 천장장 고정과 중간판을 제거하기 위해 개인이 가구업체를 찾아 시간과 비용을 내야 합니다. 
그런데 중간판을 제거하려면 천장장이 무너지지 않도록 천장장을 튼튼하게 고정해서 다시해야 하고 천장장 재설치와 중간판을 잘 제거해도 벽지와 바닥(강마루나 타일)이 없거나 훼손되어서 그 부분은 도배와 바닥까지 재시공 해야합니다. 
리폼시 첫번째로 생각하는 게 천장장 무너짐의 문제와 중간판 제거의 해결이고 두번째로 벽지와 바닥 재시공의 문제에 들어가 이 두가지 이상이 입주시기를 늦추거나 입주 후에 하게되면 당연 비용도 커집니다. 두가지 이상이 해결되야 각 세대에 맞는 다양한 공간으로 활용 가능합니다. 
키친핏미선택 세대에게 건설사가 중간판을 넣어 냉장고장으로 시공한 커다란 정해진 두 공간은 중간판이 없으면 더 편리하고 자유롭게 그 크기에 맞는 냉장고를 넣거나 다른 가전이나 물건이 들어갈 수도 있습니다. 처음 아파트공사부터 천장장을 잘 고정하고 중간판을 제거해 주시길 건의합니다.
(사람들 마음은 다른 것 같아도 비슷해요. 건설사가 옵션미선택시에만 냉장고장 중간판을 짜서요. 유상옵션시만 중간판이 없는 장에 키친핏냉장고까지 끼워팔기를 한 것 같아요. 건설사, 냉장고장 가구사, 가전제품사들 끼워팔기로 다 이득이 되는 구조로 입주민의 편의와 비용증감은 나중으로 생각한 듯 해요. 무너짐 방지를 위한 천장장 고정과 중간판제거 문제를 떠나 마음이 씁쓸합니다.)",128,/19th/www.president.go.kr/petitions/605256
605255,곶자왈을 훼손하는 개발사업인 제주****파크 조성을 막아주세요!,안전/환경,2022-04-25,2022-05-25,facebook - ***,청원종료,"곶자왈을 훼손하는 개발사업인 제주****파크 조성을 막아주세요!
1. 제주****파크 조성사업은 곶자왈을 파괴하는 개발사업입니다.
제주****파크 조성사업은 *** *** * ***(744,480㎡)에 약 714억원을 들여 테우리, 다실, 숲속 푸드코트, 숲갤러리, 컨퍼런스홀, 글램핑시설 등의 관광휴양시설과 숙박시설 등을 조성하는 사업으로, 곶자왈 훼손 논란을 일으키며 2015년부터 추진돼오고 있습니다.
곶자왈은 제주도만의 독특한 생태와 환경을 지닌 곳으로 용암이 만들어낸 특이한 대지에 형성된 숲인데, 멸종위기종과 희귀식물은 물론 많은 동식물이 살아가는 공간입니다. 곶자왈은 한라산과 제주의 해안을 잇는 생태축으로서 야생동식물의 서식처이자 피난처로 재앙에 가까운 기후 위기 등 수많은 위험에 노출된 뭇 생명에게는 없어서는 안 되는 곳이며, 제주의 생명수인 지하수를 함양하는 곳으로 알려져 있습니다.
2. 사업예정지는 세계적 멸종위기종 제주고사리삼의 자생지입니다.
특히 사업예정지는 람사르습지인 동백동산과 맞닿아 있는, 세계자연유산인 거문오름에서 흘러나온 용암이 만든 곶자왈로 세계적 희귀종인 제주고사리삼이 서식합니다. 제주고사리삼은 거문오름과 북오름이 만든 곶자왈에서만 확인되는 멸종위기종으로 여름에는 햇빛을 가려주고 겨울에는 햇빛이 포근히 감싸주는 낙엽 활엽수 하부에, 물이 고였다 서서히 빠지는 지질구조를 갖는 독특한 환경에서 자생합니다. 사업예정지는 제주고사리삼이 서식하기에 좋은 환경 조건을 만족해주고 있어 100여 곳이 넘는 자생지가 확인되었습니다. 그리고 조사 과정에 개체가 확인되지 않았지만 제주고사리삼 자생지와 똑같은 환경을 가진 잠재지역 60여 곳이 확인돼 자생지 추가 확인 가능성이 높은 상황입니다.
3. 사업예정지는 환경부에서도 인정한 생태적으로 우수한 곳입니다.
그리고 2020년 1월 환경부는 사업예정지의 생태자연도를 대부분 1등급 권역으로 상향해 고시했습니다. 생태자연도는 자연환경보전법(제 34조)에 근거해 만든 지도로, 토지이용 및 개발계획의 수립이나 시행에 활용할 수 있도록 환경부장관이 작성하도록 하고 있습니다. 1등급 권역은 멸종위기야생동물의 주된 서식지·도래지 및 주요 생태축, 생태계가 특히 우수하거나 생물다양성이 풍부하고 보전가치가 큰 생물자원 분포지 등 보전이 필요한 지역입니다.
4. 람사르습지인 동백동산이 위험합니다.
동백동산은 비가 오면 수십 수백 개의 습지가 형성되는 특별한 지형으로 2010년 습지보호지역, 2011년 람사르습지로 지정됐습니다. 남방계 식물과 북방계 식물이 함께 자생하는 독특한 생태계로 남한 최대의 상록 활엽수림지대 입니다. 멸종위기야생동∙식물Ⅰ급 매, 비바리뱀, 멸종위기야생동∙식물Ⅱ급 두점박이사슴벌레, 제주고사리삼, 순채, 붉은배새매, 팔색조, 벌매, 긴꼬리딱새, 맹꽁이, 애기뿔소똥구리, 비단벌레, 왕은점표범나비, 물장군 등 1,364종의 생명이 기대어 살아가고 있습니다. 사업예정지는 동백동산과 이어진 하나의 곶자왈이며, 동백동산과 똑같은 생명들이 기대어 살아가고 있습니다.
본 사업으로 인해 사업예정지 주변의 영구습지가 사라지는 등 환경의 변화로 인한 수량 감소 등으로 습지로서의 기능을 잃어버릴 수 있고, 습지가 삶의 터였던 동물들은 주변 습지로 이동하게 될 것이며 이로 인해 람사르습지 동백동산을 비롯한 사업지구 주변에 있는 습지 생태계에도 영향을 미칠 것입니다. 대규모 곶자왈 개발은 중요 동식물들의 생존을 위협하고 있습니다.
그리고 람사르협약에서는 주민참여 습지보전과 이용이 모범적인 지역에 람사르습지도시 인증을 주어 지역의 세계적 브랜드 효과와 신뢰성을 확보해주고 있습니다. 이에 제주시 조천읍은 동백동산을 기반으로 람사르습지도시 인증을 받았지만 동백동산과 맞닿은 본 사업으로 인해 람사르습지와 람사르습지 도시 재인증이 무산되게 하는 걸림돌이 될 수 있습니다.
5. 이제 제주도지사의 개발 허가 승인이 이뤄지면, 대규모 곶자왈이 사라질수 있습니다.
지난 3월 30일 제주도의회의에서 제주****파크 환경영향평가서 협의내용 동의안이 통과되면서 남은 절차는 제주도지사의 승인 뿐입니다.
제주 곶자왈은 우리 모두의 것이며, 후손에게 물려줘야 할 중요한 환경자산입니다.
제발, 곶자왈을 훼손하는 개발 사업인 '제주****파크' 조성을 막아주세요!!
 [본 게시물의 일부 내용이 국민 청원 요건에 위배되어 관리자에 의해 수정되었습니다]","2,927",/19th/www.president.go.kr/petitions/605255
605254,은행퇴직후 귀촌을 위해 홍천 시골에 갔는데 국가에서 지원해주는 세금 받아먹으면서 요양원을 운영하는 토호세력의 횡포로 귀촌의 꿈이 산산조각 나버렸다.,기타,2022-04-25,2022-05-25,naver - ***,청원종료,"은행퇴직후 귀촌을 위해 홍천 시골에 갔는데 국가에서 지원해주는 세금 받아먹으면서 요양원을 운영하는 토호세력의 횡포로 귀촌의 꿈이 산산조각 나버렸다.
 30년 넘게 은행에서 근무하고 퇴직을 앞두고서 2017년8월 강원도 홍천군 *** ***에 당시 3년이 된 농가주택 및 농지를(301평) 구입했고 주말에는 남편과 함께 주중에는 내가 유튜브를 보며 농사를 시작했다. 
2021년7월 요양원에서는 가로등을 우리밭의 경계에 설치하였고 빛이 밭에 들어오는 상황에 면사무소에 전화했다. 이 전화로 요양원 남자 원장은 화가나서 혼자서 일하는 나에게 욕설과 폭언을 하였고 8월17일부터 요양원측은 자동차로 주택 및 농지를 올라가는 진입로를 막았다. 8월20일 남편퇴근 후 홍천에 가니 진입로를 막아서 112에 신고했으나 경찰이 온다해도 바로 자동차를 빼주는 것은 아니었다. 요양원 자동차로 진입을 막고 있는 곳 밑에다 내차를 주차하니 여자원장이 출동한 경찰관에게 그도 하지 못하게 했다. 현황도로에 요양원땅이 아니 다른사람의 땅에 주차를 하려고 해도 이 또한 경찰관께서 못하게 하셨다. 이날 이후로 100m거리를 농작물을 갖고 걸어 다니고 있다. 이 일로 홍천군청 담당자에게 전화했지만 해결이 안 되었다.
 요양원측은 자동차를 비켜주는 조건으로 면사무소와 홍천군청에 현재민원도 철회하고 다시는 민원을 제기하지 않는다는 확인서를 받아오라고 해서 답답했지만 큰딸의 결혼이 10월10일이고 9월4일 사위와 첫 식사를 홍천집에서 하기로 했기에 그들의 요구사항을 들어주기로 했다. 서류를 작성해서 8월23일에 혼자서 홍천을 가는데 그들은 서류에 뭐라고 썼는지 확인했고 맘에 안 들어 본인들이 다시 썼다. 원래대로 두곳의 서류를 원했던 원장부부는 3곳으로 늘렸다. 홍천군청, 면사무소, 경찰서에 요양원의 관한 그 어떤 민원이나 신고를 하지 않는다는 서류를 원했고 또한 홍천군청은 공증을 받아오고 면사무소 면장님과 담당직원 확인, 지구대 대대장 확인을 원했다. 
 4년동안 요양원입소자끼리 자주 싸우는 소음과 담배연기로 고통속에서도 민원을 넣지 않았고 가로등으로 시작하여 담당부서인 면사무소와 군청에 민원을 넣었고, 경찰서는 자동차로 진입을 막아 112에 신고를 처음 한거였다. 
손과 발을 꽁꽁묶는 서류를 받아와야 하는지 서울에서 근무중인 남편과 전화로 통화를 했다. 눈물이 났다. 싫었지만 다 들어주겠다고 했고 요양원과 경계에 이번이 세 번째로 문제가 생겼고, 첫 번째가 오디나무를 베어 2년동안 오디를 못 먹고, 두 번째는 경계에 잣나무를 베어 요양원의 소음이 들리게 해서 그 일 이후로 여자원장과 남편은 경계에 무슨 일을 할 경우 서로 의논하에 하기로 구두로 약속을 했는데 약속이 지켜지지 않아 나는 공증도 필요없고 요양원과 우리집의 경계에 무슨 일을 하실 때 의논과 차량을 앞으로 막지 않겠다는 내용을 종이에 써달라고 했더니 두 원장부부가 소리치며 난리가 났다. 남자원장이 8월12일 폭언과 욕설이 가시지 않은 상태로 2차로 두 부부에게 당하니 온 몸이 떨리고 식은 땀이 나고 정신이 하나도 없었다. 난 이곳을 벗어나야 살 수 있을 것 같아 정신없이 물건을 챙겨서 나왔으나 그 이후로의 3시간 동안의  기억이 없고 나는 내가 아니었다.(해리성 기억상실증) 이 날 이후로 4개의 병원을 다녔으며  큰 딸 결혼까지 입원을 미루며 밥을 제대로 못 먹어서 하루 걸러 영양제와 공항장애, 우울증약을 먹어야 했다. 한 달 가까이 입원과 지금까지 병원을 다니고 있다.
요양원측은 보험공단 봉사단이 환자이송용으로 기증한 차량과 ****복지재단에서 기증한 차량으로 막았으며, 윗집은 통행을 허락했다. 
불법으로 현황도로에 주차라인을 그렸고 주차안내표지판을 설치했다. 당시 주택을 지을 당시 현황도로 허가를 홍천군청에 허가를 내고 지었으며 주택 및 농지에 이르는 현황도로는 요양시설통행도 다른사람의 땅을 통과해야 진입하 수 있다. 요양원은 남의 땅을 무단으로 사용하면서 우리집만 통행을 못하게 막아 그 고통은 이루 말 할 수가 없다.
2021년8월20일 112에 최초 신고하여 지구대에서 한 달만에 홍천경찰서로 넘어가 조사가 이루어졌으며 출동한 지구대 경찰관은 요양원원장이 나와서 내 자동차도 못대게 했고 홍천 지구대에가서 남편이 진술서에 막은 사람이 원장이라고 써도 지구대경찰관의 서류에는 원장이름은 빠져있고 전혀모르는 차주이름으로 되어있었다. 홍천경찰서 담당경찰관은 원장이 했다는 증거가 있냐고 물었다. 모든게 증거였다. 우리는 변호사를 선임할 거라고 경찰관께 말했고 수사가 제대로 이루어 졌다. 검찰로 넘어갔다. 
 2022년1월26일 공소장을 열람해보니 검찰에서 일반교통방해죄로 2백만원이 나왔는데 요양원측에서 변호사를 선임하고(2022년1월24일)변호사의견서를 제출하였다. 이 날 요양원측은 진입로를 막았던 3대의 차량을 빼고 주차안내표지판을 철거 했으며 지금도 현황도로에는 불법으로 주차라인이 그려져 있고 변호사의견서를 낸 이날 윗집으로 하여 우리주택 및 농지입구를 막게 했고, 윗집은 차량이 통행하게 해 주었다.  법원담당자께 물어보니 공소장관련해서 변호사를 선임한 것은 벌금을 낮춰달라고 보통은 하지 않고 죄가 없다고 의견서를 낸다는 말에 다시 한번 그들이 얼마나 지독한지 알게 되었다.
국가에서 지원해주는 세금 받아먹으면서 요양원을 운영하는 토호세력의 횡포로 귀촌의 꿈이 산산조각 나버렸다. 
현재 홍천집만 가면 불안과 공포가 엄습해 옵니다.
 요양원원장 부부가  용서가 안 됩니다.
 [본 게시물의 일부 내용이 국민 청원 요건에 위배되어 관리자에 의해 수정되었습니다]",384,/19th/www.president.go.kr/petitions/605254
605253,"건설사""**"" ""대구 동구 ************* 조합장"" 대행사인 ""****"" 얼토당토한 판결한 ""대구지방법원 판사""를  심판해 주세요",교통/건축/국토,2022-04-25,2022-05-25,naver - ***,청원종료,"저는 2018년 10월 대구 동구의 *** ****** **** 아파트를 분양 신청하여 담청되었습니다. 
근데, 뜬금없이 2021년 2월에 ****란 알지도 못하는 업체에서 제3채무자 소송을 걸어 왔습니다.
소송관련하여 법적으로 어떻게 할 지 몰라서 조합 사무실에 문의를 했습니다.
근데 조합직원과 조합장을 당시 운영중인 아파트 카페와 개별 톡방에서 일반 분양자는 이 소송과 전혀 관계도 없고
조합 자체에서 해결 중이므로 일반 분양자는 걱정 할 필요가 없다고 했습니다.
법을 전혀 알지 못한 무지함이 이 결과를 가져 올 지는 상상도 못했습니다.
이후 조합장은 나와 같은 일반분양자들의 의견도 묻지 않고 알리지도 않고 법무법인 **의 변호사에게 소송을 위임했습니다. 그리곤 패소를 했습니다. 이 상황도 명확한 법 위배가 아닌가 싶습니다.
패소 후 비케이디란 대행사는 더 더욱 기고만장하여 제3채무자 신분인 일반분양자에게 강제집행 소송까지 걸었습니다. 이때 시공사인 ""**""이 자기들 공사비를 못 받을까봐 강제집행 중지 소송을 걸어 일반분양자에겐 강제집행이 중지된 상태입니다.
일반분양자들은 이러한 입장에서 조합장을 면담하였고, 조합장은 조합원들에게 일반분양자의 채무변제를 위한 추분결의 찬성안을 통과 시켰습니다. 이 채무변제 안을 믿을 수 밖에 없었고, 이후 입주일이 다가왔고 ""**""은 자기들 공사대금이 걱정 됐는지 분양대금을 100% 내지 않으면 키를 줄 수 없다고 대표이사 명의의 안내문을 발송 했습니다. 입주를 코 앞에 두고 살고 있는 집을 내 줘야 되는 상황이라 어쩔 수 없이 분양대금을 치루고 입주 했습니다.
그리고 다시 항소 중인 소송이 조합의 패소로 이어졌습니다. 그래서 일반분양자들은 대구 동구청, 시청 등으로 청원을 넣었습니다만 그때마다 조합장은 변제 하겠다고만 하고 그 이후론 나몰라라 식입니다. 
이 상황으로 보아 ""**"" 및 ************* 조합은 일반분양자에게 사기 분양을 한 것에 대한 책임을 져야된다고 생각합니다. 왜 분양 전 대행사와 소송이 걸려 있음을 고지하지 않고 분양을 했고 왜 입주 시 해당금액을 ****에 주거나 공탁을 건다고 했을 때 안된다고 했는지, 왜 아직까지 채무변제를 안 해서 일반분양자의 아파트가 경매로 넘어가게 했는지 책임을 져 주길 바랍니다. 그리고 조합의 채무를 일반분양자가 떠 안도록 판결을 내린 대구지방법원의 판사도 이 사건을 다시 한 번 되짚어 올 바른 판결을 내렸으면 합니다. 이 결정이 다른 조합아파트의 분양에 막대한 손실이 있지 않을까 사료됩니다. 
건설사 ""**"" 과 ""대구 동구 ************* 조합"" 대행사인 ""****"" 일반분양자가 조합원의 채무를 지라고 판결을 내린 ""대구지방법원 판사"" 이 모두를 정의의 이름으로 심판해 주세요.
 [본 게시물의 일부 내용이 국민 청원 요건에 위배되어 관리자에 의해 수정되었습니다]",317,/19th/www.president.go.kr/petitions/605253
605252,(2022년 4월 8일에 ****의 악질적인 괴롭힘 행위와 슬라브 붕괴 사고를 고발합니다)의 반대청원입니다.,교통/건축/국토,2022-04-25,2022-05-25,kakao - ***,청원종료,"같은 현장에서 일하는 회사(하도급업체)에서 재착공을 준비하는 중에 공사진행을 못하여 사유를 확인하다가 고발청원 글을 보게 되었습니다. 너무나 터무니 없고 황당하여 같은 현장에서 일하는 회사(하도급업체)끼리 공유해 읽고 이 글에 대한 사실을 알리기로 협의하여 왜곡된 사실을 알리고자 반대 청원 글을 올리게 되었습니다.  무슨 일이든 양편의 얘기를 들어야 옳고 그름을 판단할 수 있는 것 아니겠습니까?
반대 청원 내용
1. 2022.04.08 청원내용 : 교육동 슬라브 붕괴사고의 은폐와 조작
반대청원 내용 : 철근콘크리트 공사를 하도급받아 시공한 청원인의 아빠회사에서 하도급계약을 하여 시공한 공사이고 이 공사를 직접 시공한 청원인의 아빠회사는 건설업법에 의한 전문건설업체로 자기들의 잘못을 원청회사에 뒤집어씌운다는 생각이 듭니다. 동 업체도 자기들의 잘못한 부분에 대하여 건설업법에서 정한 제재나 원청회사로부터 손해배상등이 두려워 그랬는지 모르지만 마치 타 업체에서 시공하여 교육동 슬라브가 붕괴된 것처럼 표현하고 있으나 이는 슬라브 일부분의 처짐 현상이어서 이를 바로 잡고자 합니다. 같은 건설기술자로서 자기들이 잘못 시공하였던 것을 마치 시공사인 원청에서 잘못 시공한 것처럼 교육동 슬라브가 붕괴되었다고 하는데 이는 종합건설로 관리를 잘못한 원청업체의 책임도 있겠지만 자기들이 설계도서대로 시공하여 콘크리트 타설하다가 발생한 사고로 원청업체에서는 즉각 현장에 상주한 감리단에게 보고를 하고 콘크리트가 어느 정도 양생이 되니까 데크플레이트 처짐(뒤틀림)현상이 일어난 일부분을 활석작업을 하고 이것도 구조기술사의 자문과 설계도서에 의해 재시공을 했음을 저희들이 목격했습니다. 이는 청원인의 아빠가 원청회사의 갑질과 횡포 악질적인 괴롭힘으로 자살을 했다고 뒤집어 씌우기 위한 하나의 수단이라는 생각이 듭니다.  또한 침하(튀틀림)와 붕괴도 구별을 못하면서 국민청원 홈페이지를 방문하여 청원내용을 읽어보는 불특정 다수를 현혹시키고 문제를 제기하여 마치 곡성인재개발원 신축공사는 부실공사를 시공한 현장으로 알려지는게 설계서에 의한 철저한 시공과 안전을 최우선으로 일하는 회사(하도급업체)로서는 너무 억울합니다.
저희같이 공사 현장에 종사하는 사람들이 봐왔던 것으로는 당일 슬라브 타설 중 약간의 처짐현상이 나타났을 때 당일 콘크리트 타설을 즉시 중단하고 현장에 상주한 감리에게 보고한 것을 목격했습니다. 이것은 원청회사가 너무나 일방적으로 억울하게 당하고 있어서 이것을 바로잡고자 당 현장에 참여한 저희들이 반대청원을 올린 것입니다.
2. 2022.04.08 청원내용 : 수개월간 기성금 미지급과 불공정행위와 기성금 지급을 요청하는 아버지를 향한 기만과 괴롭힘 행위
반대청원 내용 : 하도급 대금을 수개월 동안 받지 않았다는 것은 저희들의 상식에서 이해 할 수가 없습니다.  원청업체는 발주처 및 책임감리회사에 하도급직불합의서를 제출하여 기성금 대금청구를 하면 발주처에서 하도급지킴이의 하도급회사의 고정계좌 및 노무비계좌로 직접 지급하게 되어 있습니다.  따라서 대금청구서류를 요청함과 서류 이상이 없으면 7일 이내에 회사의 약정계좌로 발주처에서 직접 지급합니다.  원청업체에 기성금청구를 하지도 않았는데 하도급지킴이 시스템에 의해 발주처에서 하도급업체 계좌로 입금시켜주지는 않습니다.
시공사인 원청회사는 타사보다도 현장 시공에 철두철미하게 관리, 감독하고 있으며 현장의 안전관리에도 철저히 잘 지키고 있는 성실한 업체이고 당 현장에 투입된 자재대 및 장비사용료, 일용직 노임등을 한 번도 체불한 적이 없이 당 현장에서 말썽 한 번 일으킨 적이 없는 중소기업이지만 견실한 시공사라 생각합니다.
                                                                         당 현장 협력업체(7개업체) 대표 * * *
 [본 게시물의 일부 내용이 국민 청원 요건에 위배되어 관리자에 의해 수정되었습니다]",805,/19th/www.president.go.kr/petitions/605252
605251,청각ㆍ발달장애인의 선거공보 공직선거법 개정해주세요.,정치개혁,2022-04-25,2022-05-25,kakao - ***,청원종료,"공직선거법 제65조(선거공보) 
④후보자는 제1항의 규정에 따른 선거공보 외에 시각장애선거인(선거인으로서 「장애인복지법」 제32조에 따라 등록된 시각장애인을 말한다. 이하 이 조에서 같다)을 위한 선거공보(이하 “점자형 선거공보”라 한다) 1종을 제2항에 따른 책자형 선거공보의 면수의 두 배 이내에서 작성할 수 있다. 다만, 대통령선거ㆍ지역구국회의원선거 및 지방자치단체의 장선거의 후보자는 점자형 선거공보를 작성ㆍ제출하여야 하되, 책자형 선거공보에 그 내용이 음성ㆍ점자 등으로 출력되는 인쇄물 접근성 바코드를 표시하는 것으로 대신할 수 있다. 라고 명시되어 있으나 청각ㆍ발달장애인에게는 접근성이 크게 떨어지는 부분입니다. 
공직선거법 제65조(선거공보) 4항을 보면 시각장애인에 한해 음성, 점자 등 면수의 두 배 이내에서 작성하거나 표시하는 것으로 되어있으나, 청각ㆍ발달장애인은 후보를 선택하는 과정에서 충분한 정보를 제공하지 못하고 있습니다. 
시각장애인에 한정되지 아니하고 청각ㆍ발달장애인에게 음성, 점자, 수어통역 큐알 등으로 표시하거나 참정권 보장을 위함으로 선거공보에 수어통역 큐알코드, 시인성이 높은 쉬운 글로 인쇄하거나 표시되어야 합니다.
곧 있을 22년도 제8회 전국동시지방선거를 앞두고 하루속히 개정했으면 하는 바램으로 청원을 올립니다.
청각ㆍ발달장애인에게 큰 염원이자 우리나라 국민으로써의 선거권을 제대로 가지고 싶습니다.",332,/19th/www.president.go.kr/petitions/605251
605250,*** 고향 **** 태양광 설치 반대에 적극 동참해 주세요!!!,농산어촌,2022-04-25,2022-05-25,naver - ***,청원종료,"진도군 지산면 **** 지역은 지산면 소재지로 들어가는 통로이자 **** ***길이자 고향이기도 합니다.
요즘 전국에서 수많은 관광객분들이 찾아주시면서 진도 여행의 필수 코스이기도 합니다. 그로인해 세월호 침몰 이후 몇년 간  침체됐던 진도군 경제에도 많은 이익을 안겨다 주었습니다.하지만 요즘 태양광 업자들이 청정지역 특구 앵무리에 태양광 설치를 위해 주민들을 상대로 활발한 영업 활동을 하고 있습니다. 제가 군청에 알아본 결과 아직 까지는 태양광 설치 접수는 하지 않은 걸 확인했습니다.그리고 ***길 500m 안에는  태양광 설치가 불가능 하다고 답변을 받았습니다.그러나 예외 조항이 있습니다.주민들의 동의가 있다면 가능하다는 소릴 들었습니다.태양광 업자들은 현재 돈을 살포하며 동의서를 받고있습니다.진도군 중앙에 태양광이 설치 된다면 찾아주시는 수많은 관광객 분들 머릿속 이미지는 태양광 단지라는 강렬한 인식만 남게될 것입니다.다신 땅끝에 있는 진도를 찾지 않을것입니다.
국민 여러분 무분별한 태양광 설치 반대해 주십시요. 진도 앵무리 마을을 청정 보전 지역으로 지정해 주십시오. 우리의 미래 태양광이 아닌 미래 후손에게 물려줄 먹거리 청정지역 농토를 살려주십시오. 국민 여러분 하나 하나의 생각들이 모여 이 미래 청정 지역 *** 마을을 보전하는 길입니다........동참해주십시오!!!!!!!
 [본 게시물의 일부 내용이 국민 청원 요건에 위배되어 관리자에 의해 수정되었습니다]",198,/19th/www.president.go.kr/petitions/605250
605249,국회의 입법권 완전 박탈을 요구합니다!!,정치개혁,2022-04-22,2022-05-22,naver - ***,청원종료,"정치인들이 부패한건 누구나 다 알고 있습니다!
다수당이 소수당은 물론이고 사법부의 권고를 무시하고 여론조사 결과까지 무시하면서
입법을 강행하는건 권력남용의 문제가 심각하다고 봅니다!
검찰의 부패와 권력남용이 문제여서 검수완박을 해야 한다면
사법부를 무시하고 행정부의 수사체계를 졸속으로 갈아엎는 국회의 권한을 우선적으로 박탈해야 합니다!
180석 권력으로 국정원의 대공수사권 폐지까지 강행했습니다!
간첩을 경찰이 잡는다고요?
경찰한테 잡히면 그게 간첩입니까?
의사의 진료권까지 박탈하여 간호사에게 넘겨준다고 합니다!
그럼 병원에 누가 가나요?
의진완박 다음은 어딘가요? 그 다음은 국방부인가요?
국가의 근간을 뒤흔드는 악법을 만드는 국회의 입법권 박탈을 요구합니다!!","1,076",/19th/www.president.go.kr/petitions/605249
605248,검수완박 입법 반대합니다,정치개혁,2022-04-22,2022-05-22,naver - ***,청원종료,"지금 민주당에서 추진하고 있는 
검수완박  추진법안을  반대합니다.
입법기관인 국회에서
불법에 가까운 방법으로 강행하려하는 이유는 
대체 무엇이고 
왜그렇게 절실한 것인지요
민주당이 급하게 추진하는 이 검수완박이 가져올 미래가
힘있는 권력자나 정치인, 경제인의 범죄는 묻히고
힘없는 국민이 당한 범죄는 밝히지 못하고 종결될 가능성이 커진다는 예상에 씁쓸합니다
졸속법안으로 피해는 고스란히 국민이 입을게 자명한데 누구를 위한 검수완박이란 말인가요
진정 필요한 법안이라면 
새 정부가 들어선 이후에라도
차분히 시간을  갖고
제대로  절차를 밟아
만들어도 된다고 생각합니다 
지금의
민주당의 일방적인 방법으로
졸속처리하는
검수완박은 멈춰주십시오
반대합니다.","2,939",/19th/www.president.go.kr/petitions/605248
605247,박신부작용,보건복지,2022-04-22,2022-05-22,naver - ***,청원종료,"안녕하세요~^^ 져는 국기가 무조건 책임을 져준다는 말만 믿고서 백신을 접종한 시민입니다.. 1차 아스트라  맞고 부작용으로 심장쇼크도 겪고 혈전으로 정맥 수술도 받고.피부발진으로 고생을 하며 3개월 입원생활을 했습니다.의사선생님 께서 백신부작용 이다 라는 진단도 받았습니다,. 모든 서류를 보건소에 제출하였고 질본청까지 올라갔는데
나라에서 인정을 안해주네요.계속 심사중 이란 말뿐.. 2차는 안맞으려고 버티고 있는데. 져보고 맞으라고  1차에 죽다가 살어나서 무서워서 못맞겠다 니까 그래서 맞아야 한다고 거부건 행사라네요.. 불이익을 당할수도 있다 .. 어이가 없었습니다.. 그러고 바로 방역폐스가 생기더군요.. 불이익이 이런거 였구나 싶었습니다.. 어쩔수 없이 다시 2차를 작년 12월 17일에 맞었습니다..1차가 아스트라 여서 모더나 로 교차접종을 하였습니다. 또 부작용이 오더군요. 얼굴이 붇고  몸이붇고 신경계 쪽으로 와서 손.발 떨림이 심하게 왔습니다..의사선생님 께서 또 부작용 이라고  하시면서  부통을 터트리셨습니다..
7주가량 입원을 하고  떨림증세는 어느 정도 잡혀서 퇴원을 했는데 ㅠ 퇴원후 2틀 되면서 몸에 심짱쪽 옆구리 부터 흉통이 시작을 하더니 통증이 서서히 목으로 시작해 온 몸으로 번쳤습니다.. 관절부위 마다 통증이 심해서 잠을 잘수가 없고 생활을 하기가 고통스럽고 힘이들어서 류마티스로 부작용이 넘어간건가 검사를 하니 그건 아니고 염증은 없고 통증이 오는 섬유근육통 이라는 희귀 질환 이라는 병이 랍니다..한순간에 제 모든게 무너져 버렸습니다..  제가정도 고통속 으로 빠져버렸읍니다.. 2차접수 서류는 아직 질본으로 올리지도 못하나 봅니다..1차가 해결이 안나서요..
의사선생님 껴선 이젠 3차든 4차든 강압을 해도 맞으면 안됩니다.. 죽습니다 하시네요
백신을 가지고 들어왔을땐  그 어떠한 부작용도 정부가 다 책임을 져준다 하더니 믹상 일이 터지니까 언제 그랬냔 식으로 발뺌을 하고 인과성 없다 라는 식으로  묻어버리네요..  백신에 억울하게 당한 국민들만 불쌍할 뿐이네요..  한 사람은 평생을 고통속에 살아야 하는데..",336,/19th/www.president.go.kr/petitions/605247
605246,가덕도신공항의 예비타당성조사 면제를 반대합니다.,교통/건축/국토,2022-04-22,2022-05-22,naver - ***,청원종료,"가덕도신공항의 예비타당성조사 면제를 반대합니다.
 20대 부산시민입니다. 언론은 가덕도신공항이 부울경 800만의 염원이라고 외칩니다. 2030 엑스포와 함께 동남권 물류 트라이포트(항공-항만-철도) 메가시티를 만들어야 부울경 경제가 살아난다고 얘기하죠. 지역균형발전과 국가경제발전을 명목으로 삼은 ‘가덕도신공항 건설’은 2016년 사전 타당성 조사 용역에 가장 낮은 경제성 평가를 받으며 자취를 감춘 줄 알았습니다. 하지만 2019년 김해신공항의 사타 결과가 ‘근본적인 검토’로 나오자, 보궐선거 철과 함께 뜬금없이 특별법안으로 재등장하였습니다. 그리고 99일 만에 법안이 졸속 통과가 되더니, 2021년 5월부턴 사전 타당성 조사에 들어가 지금은 사타 결과가 나오기 직전입니다. 국토부는 이미 기재부에 예비 타당성 조사 면제를 신청했다합니다. 
 얼마 전 knn 보도 기사를 보았습니다.가덕도 신공항의 사전타당성 결과 중 일부에 관한 글이었습니다. 
1) 가덕도 신공항의 건설비는 13조 7천억원로 부산시가 제시한 7조 5000억원보다 2배가 높고
2) 개항시기는 2030년이 아닌 2035년 6월이며,
3) 여객/ 화물 수요는 2천 3백만원 / 28만톤으로 절반 이하
4) B/C는 0.51로 1 이상이 되어야 경제성이 있다고 보는데 0.51이면 경제성이 거의 없다고 보면 된다고 적혀있었습니다.
5) 거기다 6조 이상의 비용, 7.5년의 공사기간이 산을 절취하고 바다를 메꾸는 데에 사용됩니다.
 부산시가 제시한 안보다 여러 가지 항목이 차이나는 이유는, 활주로가 다르기때문이라 합니다. 부산시 제시안은 활주로 1본의 값에 산-바다-산으로 가덕도를 끼고 일부바다만 메꾸지만 국토부의 제시안엔 완전히 바다로 빠져, 지형 상 대체정박지가 필요하고 신공항 부지가 될 바다를 모두 메꿔야하기에 개항시기부터 경제성까지 모두 더 든다 했습니다. 처음엔 저도 가덕도의 지형 상 특징으로 부산시에서 제시한 산-바다-산 활주로가 맞지 않나 생각했습니다. 하지만 그렇게 지으면 부등침하의 위험이 굉장히 크단 얘길 듣고 납득했습니다. 이게 집 앞의 수로 공사도 아니고 적어도 8조 이상 되는 돈을 이렇게 대책없이 쓰는 게 말이 됩니까. 김해신공항 뿐만 아닌 지방 공항에서 고추 말린단 밈이 돌아다닙니다. 
 2030 엑스포에 맞춰 공항을 개설한단 것은 부산시의 생떼로 보입니다. 아직까지도 활주로의 방향 가지고 갑론을박을 할 정도로 제대로 그려진 밑그림이 없는데, 공항을 2029년까지 부대 교통시설과 함께 어떻게 짓나요. 예비타당성 조사가 빠지면 구체적인 예산 편성과 그에 대한 기금 운용이 빠지는 거 아닙니까? 예타조사(6개월)를 하지않으면 그 뒤 기본계획수립(18개월)및 기본·실시설계(36개월)도 면제 또는 축소가 가능해질텐데 부산시는 어떤 공항을 그려나가고있는 것입니까.
 저는 아직까지도 부산시가 하고싶은 것이 무엇인지 정확히 모르겠습니다. 2등 도시, 청년이 유출되는 도시란 열등감에 빠져 2030 엑스포란 허울 좋은 꿈만 보고 달리는 듯 보입니다. 버스, 지하철 할 것 없이 엑스포 유치를 응원한단 광고가 흘러나오지만 정작 엑스포에 대한 제대로 된 정보는 얻을 수 없습니다. 2030엑스포 유치 공식 사이트에 들어가보면, 그전 수차례 진행되었던 엑스포들의 경제적 이익이 얼마나 뛰어났는지에 대한, 지나치게 낙관적이고 짧은 정보만 담겨있을 뿐입니다.
 10년이 넘는 시간 동안, 지역 발전을 명목으로 공항에 들였던 시의 광고 비용, 조사 비용, 그 외 여러 인력 소모들을 모으면 뭘 해도 할 수 있었겠단 생각이 듭니다. 공항도 결국 서비스업이라 사람이 있어야하고, 사람이 와야합니다. 공항만 지어놓으면 사람이 몰려올 거고, 그걸 엑스포란 메가이벤트로 더 낙관적이게 보며 사업을 졸속추진하려는 상황이 이해가 안갑니다. 
 가덕도는 자연생태도, 해양생태도 1등급 바다와 산이 있는데 그걸 메꾸고 자를 만큼 공항이 가치있는 일이 맞나요? 경제성이 나지 않고 망했을 때 여기에 대한 책임은 누가 질까요. 이걸 추진하던 사람들이 질 책임의 무게가 얼마나 가벼우면 이렇게 여론이 형성되는지 화가나기도 합니다. 그동안 많은 지역의 숱한 국제 박람회, 체육회, 축제 등이 얼마나 적자를 냈습니까. 제대로 된 예타 조사를 시행하고 보다 신중하게 공항 건설에 접근하길 촉구합니다. 800만 부울경 주민의 바람은 가덕 신공항의 졸속추진이 아닙니다. 세금을 이런 식으로 함부로 사용하는 것은 범죄입니다.","2,653",/19th/www.president.go.kr/petitions/605246
605245,거실앞에 실외기가 160개 믿어지십니까?,교통/건축/국토,2022-04-22,2022-05-22,naver - ***,청원종료,"구서 **★* 신축아파트 
고발하겠습니다
이게 말이 됩니까?
보고도 믿기 힘들었습니다
건물이 들어서기 전에는 
거실에서 눈앞에 금정산 까지 
 다 보이던 집 이였는데 
신축 아파트 짓는다고
우리 아파트 보다 높은 아파트가 올라와서
벽보고 사는것도 억울한데 말이지요
그것도 불법이 아니라고 하니 힘이 없드라구요
그  환하던 남향집을 가려놔서 낮에도 불을 켜야해요 ㅠ
 남향집이 벽에 가려답답한 지경인데 
준공 떨이지고 나니 
그 신축 아파트 에어컨 실외기가 
우리 거실 앞쪽으로 
그것도 아파트의 모든 실외기가 전부다 우리집쪽으로  ㅡᆞㅡ
한층에 8개씩 20층 인데 말이죠 
벽 보고 있는것도
답답한데 여름에 한 두개도 아니고
 저  많은 실외기가 켜질껀데 
그 뜨거운 열기는 어떻게 하라는 겁니까?
이렇게 건물을 설계한 사람이나 
이렇게 허가해준 사람이나
 양심이 있는건가 싶네요
말이 안된다고 생각합니다 
이 소음과 열기는 어떻게 하라는 겁니까?
실외기를 실내로 옮겨주던지 
1층 바닥에서 20층까지 가림막을 해서 저희 아파트에 소음과 열기가 안오도록 
조취 부탁드립니다
당신 집이나 가족들 집이 였으면
이렇게 설계해서 집을 짖겠 습니까? 
정말답답해서 창밖을보면 숨이 턱턱막힙니다
동의 부탁드려요
 [본 게시물의 일부 내용이 국민 청원 요건에 위배되어 관리자에 의해 수정되었습니다]",267,/19th/www.president.go.kr/petitions/605245
605244,****** 조합장등 수사를 빨리 진행해주시고 엄벌에 처해주세요. 조합원들이 고령으로 기다리다 죽어갑니다.,행정,2022-04-22,2022-05-22,naver - ***,청원종료,"****** 재건축조합 조합장 등 자금 횡령 등 수사에 착수한지 벌써 너무나 오랜시간이 흘렀습니다. 이하 경기일보 기사 발췌내용입니다.
경찰이 인천 남동구의 한 재건축 조합에서 조합장 등이 자금을 횡령한 정황을 포착, 수사에 착수했다.
2021.11.02일 남동경찰서에 따르면 남동구 ******재건축 조합원들은 최근 조합장과 감사가 조합 대출금으로 개인채무를 갚았다며 조합장 A씨와 감사 B씨를 각각 고소했다.
조합원들은 A씨와 B씨가 지난해 10월부터 올해 6월까지 새마을금고 전주송천지점 등으로부터 조합 사업비를 명목으로 149억8천여만원을 대출받은 뒤, 이중 각각 4억1천여만원과 4억3천여만원을 개인채무를 갚는데 사용한 것으로 의심하고 있다.
앞서 조합원들은 조합장이 조합 명의로 대출을 받고도 이용내역 등을 상세히 공개하지 않는 점을 이상하게 여겨온 것으로 전해진다. 조합원들은 조합사업목적으로 담보신탁된 부동산에 관한 등기사항전부증명서 및 신탁원부 등을 확인해 A씨 등의 근저당권설정채무가 말소한 것을 파악했다.
조합원들은 A씨 등이 개인채무 갚는 것 이외에도 조합 사업비를 횡령했을 가능성에 대해서도 경찰 수사를 요구하고 있다. 한 조합원은 “60~70대가 대부분인 조합원들이 이같은 상황을 제대로 파악하지 못하고 있다”라며 “자칫 횡령으로 사업이 잘못되면 조합원들이 평생 모은 재산이 사라질 수 있다”고 했다.
경찰 관계자는 “최근 고소인 등 조합원들을 대상으로 조사를 시작했으며, A씨 등에 대해서도 수사 중”이라며 “증거 자료 등을 토대로 엄중히 수사하겠다”고 했다.
이에 대해 A씨는 “사업 부지 내 근저당권이 잡혀 있으면 자금 조달이 어려울 수 있어 (일부 대출을)갚은 것 뿐”이라며 “사업 추진에 필요한 절차였지 횡령 등은 아니다”고 했다.
한편, 조합은 지난 2005년 5월부터 남동구 만수동 72의46 등 11필지에 재건축 사업을 추진 중이다.
강우진기자
수사중 기간이 너무나 오래걸리고 인천지방검찰청으로 사건이 넘어갔지만 아무런 진전이 없습니다.
이렇게 기다리다가는 기존 조합원들은 막대한 피해를 입게 됩니다.
2005년부터 약17년이 흘렀는데 조합원들은 가다리다 지쳐갑니다.
하루 빨리 수사가 이루어져서 조합원의 피해를 최소화하고 사업이 진행되었으면 합니다.
 [본 게시물의 일부 내용이 국민 청원 요건에 위배되어 관리자에 의해 수정되었습니다]",273,/19th/www.president.go.kr/petitions/605244
605243,대한민국에서 유일한 국민들의 힐링문화공간 지켜주세요,문화/예술/체육/언론,2022-04-22,2022-05-22,naver - ***,청원종료,"대한민국에서 유일한 국민들의 힐링문화공간 지켜주세요  
지자체 마인드 부제로 인하여 50여년간 3대에 걸쳐서 이룩한 전 세계 최초의 힐링문화공간 물고기마을을 없애버린다니 참으로 기가차고 어이가 없습니다.(인터넷뉴스 - Daum에서 물고기마을 뉴스검색)
저는 며칠 전 가족들과 전북 완주에 있는 물고기마을로 봄 나들이를 갔습니다. 그곳에서 난생처음 신세계를 보았고, 형형색색의 물고기들이 사람들을 졸졸 따라다니는 모습은 그야말로 장관이었습니다. 절로 마음이 평온해지고 제 마음이 착해지는 느낌이 들었습니다.
이러한 문화를 즐기기 위하여 전국에서 가족 친구 연인들이 찾아와 남녀노소 누구나 자연생태계의 신비로움과 아름다움을 만끽하며 괴성과 탄성을 지르고 감동하며 힐링하고 돌아가는 물고기마을에는 외국인을 비롯하여 수많은 사람들이 300만 마리가 넘는 물고기들의 향연에 빠져들어 그야말로 행복 그 자체였습니다.
그런데 물고기마을에 고별문이 담긴 현수막을 읽어보고 가슴이 아려옴을 느끼며 지자체의 행정 마인드가 이래서야 되겠느냐 싶은 생각에 울분을 참지 못하고 국민청원에 글을 남기게 되었습니다.
고별문에는 물고기마을 창립자인 류병덕박사가 평생동안 일구어온 물고기마을의 역사와 그의 한 맺힌 이야기가 담겨 있었는데 물고기마을은 50여년 동안 3대에 걸쳐서 양식업을 해오면서 기르는 어업을 보고 즐기고 느끼는 어업으로 승화시킨 국내에서 유일한 생명체공유문화 관광지입니다. 
류병덕박사는 2008년 정부가 인정한 대한민국 1호로 최우수신지식인 표장을 수여 받았고, 대한민국 대한명인, 대한민국 신창조인에 선정되었으며 2014년도에는 월드마스터즈(세계명인)에 등극학여 장한한국인 대상, 자랑스런한국인 대상을 수상하는 등 농림수산식품부장관상을 2번이나 받았고 수많은 특허를 획득하여 생명체 문화를 통하여 사람들의 정서회복과 인성이 바로서ㄴ느 살맛나는 세상을 구현하겠다며 안절부절하는 모습이 자랑스러워 보였습니다.
더욱 깜짝 놀랄 일은 물고기마을의 가치를 대한민국에서는 인식조차도 못하고 없애버리고 있는 반면에 류병덕 박사는 2014년 자신의 물고기마을 문화를 중국에 수출까지 했으며 2019년도에는 중국 정부와 합작회사를 설립하여 충칭시 해룡촌이라는 곳에 산 하나를 관광지로 개발하는 프로젝트의 모든 기획과 연출을 했다고 말했습니다. 
그런데 이러한 인적 자원과 지역의 보물을 발굴하여 육성 발전시키기는 고사하고 하천을 넓힌다고 없애버리는 지자체의 지각없는 처사가 참으로 개탄스럽고 안타까운 일이 아닐 수 없습니다. 
선거 때면 지자체장들이 하나같이 더 좋은 관광지를 만들의 지역경제를 활성화시키고 일자리를 만들겠다고 외쳐대면서 정작 지역민들의 삶의 질을 윤택하게 하는 지역의 보물을 아무런 대책도 강구하지 않고 강제 수용을 해 버리다니 참으로 소가 웃을 일이 아닐 수 없습니다.
제가 2022. 04. 10. 오후 3시경 물고기마을을 방문한 당시에 물고기마을에는 코로나 사태임에도 불구하고 사람들이 너무 많이 와서 주차 대란이 일어나고 있었고 매표소에 방문객 수를 물어보니까 그 시간 현재 2,000명 정도 왔다고 했으며 대한민국 문화관광위원회 공식 집계에 따르면 물고기마을 년 방문객은 년27만명의 관광객이 다녀갔다고 하니 이 작은 시골 마을에 이런 괴변이 일어나고 있는데 그 지역 지자체장은 또랑 좀 넓힌다고 이렇게 고귀한 자원을 없애버리다니 기가 차서 정말말이 안 나옵니다.
더 끔찍한 것은 이 곳이 개인 사업이라는 이유로 그동안 단 한 푼의 지원도 없었고 오로지 3부자의 피와 땀으로 만들어진 것인데 이곳을 전 대통령노무현, 전 서울시장박원순, 다수의 장관, 다수의 국회의원, 등 수 많은 저명 인사들이 방문하였고, 심지어 전국 타 지자체장들이 물고기마을을 자신들의 지역에 유치하려고 러브콜을 보내며 방문하고 있는 반면에 전북도지사와 완주군수는 단 한 번도 물고기마을을 찾아오지 않았으며 지금은 수용령까지 내리버렸다니 이거 참, 분통이 터집니다.
대통령님 이것이 우리나라 행정의 현주소입니다. 그러함에도 불구하고 요즈음 물고기마을 창립자 류병덕박사는 코로나19로 인하여 위촉된 국민들의 심신을 위로하고 조금이라도 삶의 활력소가 되기 위하여 입장료 대신 감동 값을 알아서 내고 가는 퇴장료를 받는 무료입장을 단행하여 방문객들이 입장료 대신 퇴장료로 내고 가는 전액을 불우이웃돕기에 기부한다고 하니 더욱더 가슴이 아려옵니다. 하루 방문객 2,000명 이상이 무료로 입장을 하니까 결국 물고기마을은 1일 1,500만원 이상 세상 사람들에게 기부를 하고있는 샘입니다. 
존경하는 대통령님 부디 세상에서 단 하나뿐인 물고기마을 생태계서비스 문화의 가치와 비전을 인식하시고 물고기마을을 새롭게 재창조시켜 전 국민들과 전 세계인들이 찾아와 공유하며힐링하고 행복을 만들어가는 곳으로 거듭날 수 있도록 꼭 지켜주시길 간절히 원합니다.
 류병덕박사는 물고기마을에서 태어나 평생을 물고기와 함께 살아오면서 생명체 문화에 미쳐서 평생을 갈고 닦아온 자신의 노하우와 가치를 잘 포장해서 이 세상에 최고로 좋은 선물로 남겨놓고 가는 것이 꿈이라고 저에게 하소연 아닌 한 맺힌 말을 하고 있습니다.
다시 한번 바라옵건데 이 3부자가 반세기에 걸쳐서 평생 동안 쌓아온 혼이 담긴 물고기마을을 보존하여 이 세상 어디엔가 재탄생하여 살아서 꿈틀거리는 문화를 전 국민들이 만끽하며 예쁜 추억을 만들어가는 쉼터가 되고 행복공간으로 거듭날 수 있도록 도와 주시옵소서...(홈페이지 - www.물고기마을.com)
                                 국민청원인 *** 올림
 [본 게시물의 일부 내용이 국민 청원 요건에 위배되어 관리자에 의해 수정되었습니다]",558,/19th/www.president.go.kr/petitions/605243
605242,소상공인좀 도와주세요 소상공인 손실보상금 문제,행정,2022-04-22,2022-05-22,naver - ***,청원종료,"소상공인좀 도와주세요!
다름이 아니라 이번 소상공인 손실 보상금 부분에 관해서 방법이 없어서 
이렇게 청원을 해봅니다.
저희는 대구에서  20년 가까이 부부가 함께 갈비집을 운영해 왔습니다.
부모님도 같은 상호로 아버님 이름을 걸고 가게를 운영하고 있구요.
열심히 정직하게 영업을 해서 어느정도 안정적으로 자리를 잡고 영업을 하던중
코로나로 인해 폐업위기까지 몰리면서 함께 일하던 직원들도 모두 보내고 가족끼리
하면서 3년 가까이 너무나 힌든시간을 버티고 있습니다.
그런데 저희 부부가 운영하던 건물에 임대차 계약기간이 작년 9월부로 보장 기간인 10년이 
되는 바람에  와이프 사업자 명의에서 남편인 제명의로 변동하였습니다.
개인사업자는 사업자 명의 변경이 안된다고 하여서 ..
부부가 10년이넘게 운영하고 있는 가게에서 임대차 계약부분 때문에 어쩔수 없이 사업자를 바꾼 상황입니다.
그런데 이번 4분기 손실보상 부분에서 신규사업자로 보상처리를 해야 한다고 합니다.
10년이 넘게 동일 가게를 부부가 운영하고 있는 상황에서 사업자가 바뀌어서 이전매출을 인정할수도 없고
이의 신청도 할수 없답니다.
코로나로 인해 마이너스 통장으로 버텨오다 손실보상으로 빛을조금이나마 줄일수 있을줄 알았는데...
손실보상 상담센터나 중소 벤처 기업부에 전화 드렸더니 방법이 없다고 하네요.
지금도 저희 부부가 열심히 한가게를 운영하고 있는데 ...
이런상황 이면 이전 와이프 사업자 매출을 인정해줘야 하는거 아닌지요.
답답합니다 도와주십시요!",201,/19th/www.president.go.kr/petitions/605242
605241,놀권리를 침해하는 주말 학원보충을 반대합니다.,육아/교육,2022-04-22,2022-05-22,naver - ***,청원종료,요즘 코로나19로 인해 학원을 결석거하거나 듣지 못하는 경우가 매우 빈번합니다.그래서 보통의 학원들은 보충을 하곤 합니다.하지만 저는 학원의 보충을 반대합니다.왜냐하면 학원을 결석하는 경우가 놀기위해 결석하는 경우도 있지만 아파서 결석하는 경우도 있습니다.이러한 이유로 주말에 따로 보충하는것은 너무 힘들고 부당하다고 생각합니다. 또한 이러한 보충은 아동의 놀권리를 침해하기도 합니다.아이들에게도 놀권리가 있는데 이를 무시한다면 더이상 아이들은 공부에 흥미를 느끼지 않고 오하려 질릴 수 도 있습니다. 또한 하루에 많은 양을 한꺼번에 하다보면 오히려 공부가 머리에 들어오지 않아 효율성이 떨어진다고 생각합니다.아이들도 주말에는 쉴 권리가 있다고 저는 생각합니다.저는 이러한 놀 권리를 지키기 위해 학원보충을 없애야 한다고 생각 합니다.만약 그날 수업에 결석해서 공부가 부족하다 생각이들면 아이들이 직접 선택할 수 있게 해야된다 생각합니다.또는,140,/19th/www.president.go.kr/petitions/605241
605240,고 ***군 의문사 검찰전면 재수사촉구,행정,2022-04-21,2022-05-21,naver - ***,청원종료,"존경하옵는 대한민국 대통령님 
그리고 관련수사기관 책임자를 비롯하여 
이하 수사관, 그리고 담당검사님
한강대학생 고 ***군 의문사건 관련하여 아직까지도
최초 초동수사 실패 후 깜깜이 수사가 지속되고 있습니다 
지난 2021.4.25이후 벌써 2022.4.20일이 지나가도록 사건당사자인 유족과 이 사건을 지켜보아온 많은 국민들은 단 한번도 강력사건으로 의심되는 고 ***군 의문사건에 관하여
어떻게 사건수사가 진행되고 있는지,
현장검증 또한 전혀 알 길이 없습니다.
시간이 흐를 수록 사건의 증거와 자료는 유실되거나 보존년한 등
현장여건은 계속적으로 사건당시와 달라지게되고 수사의 어려움은 지속될 것이 자명합니다
조속한 각 CCTV의  증거보전조치와 함께 최대한 가용되는 한강사건지점 모든 주변의 CCTV 영상자료들을 수집,확보하고 브리핑하면서 사건범죄의 구성에 진실되게 접근할 수 있도록 최대한의 수사력을 집중해 주시길 강력 촉구합니다
특히 국민과 유가족이 보기에 엉터리로 내사종결한 경찰의 미온적인 수사의 잘못을 반성이라도 한다면 모든 한강사건지점의 CCTV를 완전공개하고 아예 원점재수사를 통하여 명명백백히 이 사건의 실체를 밝히어 고 ***군이 단 하나의 억울함도 없이 마땅히 공정하게 수사를 마무리 해 주시길 촉구합니다 
이제 한강대학생 고 ***군 의문사건도 1주기입니다
많은 국민들은 아직도 이 억울한 강력사건을 단순히 보지않고 충분히 합리적 의심을 통하여 강력범죄로 규정하고 있으며,이 사건의 진상을 제대로 파악하고 그 범인을 잡아달라고 외치고 있습니다 
제발 다시 한번 8차 청원을 통하여 강력히 촉구합니다.
이미 유관기관에서도 인지하고 있는  한강대학생 고 ***군 의문사건에 관하여 철저하게 원점에서부터 다시  재수사해서 명명백백히 그 진실을 밝혀주시길  강력히 촉구합니다
2022.4.20
위 청원인 ***
 [본 게시물의 일부 내용이 국민 청원 요건에 위배되어 관리자에 의해 수정되었습니다]","1,316",/19th/www.president.go.kr/petitions/605240
605239,가평계곡살인 ***와 ***를 법정최고형을 촉구합니다,기타,2022-04-21,2022-05-21,twitter - ***,청원종료,"가평 계곡살인' 사건의 피의자인 ***(31)씨와 ***(30)씨가 결국 구속됐다.
*** 인천지법 영장전담 부장판사는 19일 살인 및 살인미수, 보험사기방지 특별법 위반 미수 혐의를 받는 *씨와 *씨의 구속 전 피의자심문(영장실질심사)을 진행한 뒤 ""도망할 염려가 있다""며 영장을 발부했다.
피해자인 *씨의 남편 *모(사망 당시 39세)씨의 누나는 이날 심문에 참여해 ""동생을 보내고 온 가족이 비참한 생활을 하고 있다""며 엄벌을 청원한 것으로 알려졌다.
*씨와 *씨는 지난 2019년 6월 30일 경기도 가평군 용소계곡에서 *씨의 남편 *씨에게 다이빙을 하도록 하고, 물에 빠져 숨지게 한 혐의다.
수영을 못하는 *씨의 구조 요청을 묵살해 그를 살해한 것으로 검찰은 보고 있다.
이들은 또 경기 용인시 낚시터에서 *씨를 물에 빠뜨리고, 강원 양양군 펜션에선 복어 정소와 피 등을 섞은 음식을 먹여 살해하려 한 혐의도 받고 있다.
검찰은 내연 관계인 두 사람이 *씨 명의로 든 생명보험금 8억원을 받기 위해 범행한 것으로 의심하고 있다.
실제 *씨는 같은해 11월 남편의 생명보험금을 청구했으나 보험회사가 범죄를 의심해 보험금 지급을 거부한 것으로 파악됐다.
당초 이 사건은 일반적인 변사 사건으로 내사 종결됐지만, 이후 유족 지인의 제보로 전면 재수사가 진행됐다.
법조계는 전례를 볼 때 피의자 ***에게 무기징역이 선고될 것으로 분석하고 있다. 범죄가 수사와 재판을 통해 밝혀진다는 전제하에서다. 일부에서는 비슷한 범죄를 막기 위해 더욱 강력한 처벌이 필요하다는 의견이 나온다.
*** 변호사는 쿠키뉴스와의 통화에서 “개별 사건을 두고 이야기하기는 어렵지만, 위화형법이 있다. 범죄를 저질러서 얻는 쾌감보다 범죄를 저지른 뒤에 얻은 불쾌감이 커야 한다. 범죄 사실이 확인될 경우 사회에서 무기징역 등 격리하는 수준의 판결이 내려져야 한다”면서 “사법부가 내리는 형벌이 잔인한 범죄에 대해 너무 관대하다. 범죄 피해로 고통받는 유가족을 생각한다면 이런 흉악한 범죄에 맞는 형벌을 내려야 한다”고 설명했다.
누리꾼들도 분노를 감추지 못하고 있다. 일부 누리꾼들은 “이런 사건은 사형 집행이 필요하다” “솜방망이 처벌은 안 된다” “무기징역을 해야 한다” “정신감정 등을 통해서 형량을 낮추지 말아야 한다” 등 비난을 넘어 사형과 무기징역과 같은 강력한 처벌을 요구했다.
한편 ***는 또 다른 범죄 의혹도 받고 있다. 그는 임신으로 첫 남자친구 B씨와 결혼을 앞두고 있었다. 당시 B씨는 인천광역시 미추홀구 석바위 사거리에서 교통사고로 의문사했다. 또 2014년에는 사실혼 관계였던 C씨와 결혼을 앞두고 태국 파타야로 놀러 갔다. C씨는 현지에서 스노쿨링 사고로 의문사했다.
구속기소 후 재판 하면
***와 ***를 살인죄, 살인미수, 보험사기방지 특별법 위반 으로
***는 사형선고
***는 무기징역선고  촉구합니다
이렇게 해서라도 고인과피해자가족 의 원한을 풀수 있습니다
제발 부탁합니다 판사님 
이 둘은 사회에서 영원히 못 나오게 해야 합니다
***는 사형선고를 해야합니다 사형집행 은 못하지만 영원히 사회에서 격리 해야 합니다
 [본 게시물의 일부 내용이 국민 청원 요건에 위배되어 관리자에 의해 수정되었습니다]","1,571",/19th/www.president.go.kr/petitions/605239
605238,발전 공기업인 ****발전의  중소기업에 대한 갑질을 멈춰주세요,교통/건축/국토,2022-04-21,2022-05-21,naver - ***,청원종료,"청원 배경 : 
****발전의 ""***5,6환경설비개선사업"" 의 무리한 사업추진과 정당성 없는 계약해지로  코스닥 상장사 *사는 막대한 피해를 입고 
그 피해는 고스란히 *사의 임직원과 그에 딸린 하청업체들 그리고  수많은  *사의 개미주주들이  피해를 보고 있습니다.
****발전은 부정당한 계약해지에 대한 보상과 *사에 대한 소송을 멈추고 그에 합당한 보상을 요구합니다.
*사는 그동안 여러 경로를 통해 부당함을 호소하였으나  거대 공기업의 힘앞에 무력하기만 했습니다.
다소  긴 내용이겠지만 많이들 봐주셔서  거대 공기업의 갑질이  없어지도록  공감해주시고 더이상의 중소기업의 피해가 없어지면 좋겠다는 생각에 
본 청원인은 이에 개미주주의 한사람으로  안타까운 마음으로  이 청원을 올려봅니다..
지금 까지 진행된 내용을 정리해 보겠습니다.
문제가 되고 있는 사업은 ""****발전 ***5,6환경설비개선사업"" 입니다.
1. 계약분쟁 및 문제점
(1) 무리한 사업추진과 정당성 없는 계약 해지의 배경
가. ****발전 주식회사에서 추진한 ‘***환경설비개선사업’은 ***화력발전소가 미세먼지 및 대기오염물질 배출량이 가장 높은 발전소로 조사되자,
지역주민들과 환경단체(시민단체)로부터 폐쇄 조치 요구 민원이 지속되어 긴박하게 5, 6호기 발전소 환경설비개선공사를 착수하게 된 것입니다.
나. 당초 이 사업의 계약 기간은 2019. 1. 24.부터 2020. 6. 30.까지 약 18개월의 짧은 공사 기간으로 진행되었고, 공사 진행과정에서 코로나 19의 확산으로 인해
 해외 기자재의 납품 지연 및 기술적 제휴 등 여러 가지 불가항력적 요인으로 인하여 비디아이에서 6차례에 걸쳐 납기 연장 신청을 하였으며,
 최종 2020. 12.말경까지 공사를 완료하겠다는 의사를 피력하였습니다. 그러나, 남동발전은 형식적으로 2개월만 연장을 해준 후 공사 완료가 어려운 상태로 판단하여
 2020. 8. 28.자로 일방적인 계약해지를 통보하였습니다. 
다. 만약 남동발전이 정해준 납기일보다 지체되어 공사가 완료된다면 계약서에 지체상금 규정이 있어 손해배상 청구를 하면 될 상황인데도 막무가내로 해지를 하여
 계약사들은 항의와 철회를 요청하였으나, 거부되어 많은 법적 분쟁 및 큰 피해가 발생한 상황이었습니다.
 라. 남동발전은 급하고 무리하게 사업 추진을 하는 과정에서 짧은 사업기간 설정과 적은 예산 편성 등으로 인하여 처음부터 계약 기간 내에 공사를 완료하기는 무리였습니다. 
사정이 이러함에도 불구하고 남동발전은 2020. 8. 28. 컨소시엄 계약사들의 조그만 귀책사유를 핑계로 이행기가 도래하기도 전에 계약해지를 통보하였습니다. 
 마. 더구나 남동발전은 우월적 지위에서 계약해지, 공사대금, 기자재 대금 등 미 정산 등의 행위를 하는 소위 ‘갑질’ 행위를 함으로 인하여 계약사들과 체결한 
다수의 중소 하도급업체들은 제작 완료한 제품의 정산마저 이루어지 않아 기업 도산의 위기에 직면해 있는 실정입니다. 
2. 계약해지 관련 업무상 배임
 남동발전의 업무 담당자 및 최고 책임자는 2020. 8. 28. 코로나19 등 불가항력적인 사유 등으로 부득이 이행지체가 있었음에도 불구하고,
 계약 내용 중 일부를 제때 이행하지 못하였다는 구실을 삼아 사전에 다른 후속 업체에 이 사건 사업 공사를 지정해 주려는 의도로
 계획적으로 정상적인 계약해지 절차를 어기고 2020. 8. 28. 외부 전문가(대학교수, 변호사)를 포함한 계약심의위원회를 개최하여 구매계약을 해지하는 것으로 결정하였고,
이를 근거로 기존 계약사들에게 구매계약의 해지를 심의 결정일, 당일로 통보한 것입니다. 남동발전은 계약심의위원회 절차를 진행하는 과정에서 기존 계약사들에게
 어떠한 소명의 기회도 주지 않았습니다. 업무에 위배하여 일방적으로 계약해지를 한 것으로 의심이 가는 부분입니다. 
3. 후속 계약자 선정 과정 관련 업무상 배임 및 손해
 남동발전은 2020. 8. 28. 이 사업의 지연으로 인해 국정감사나 경영평가에서 불리한 평가를 받을 것을 염려하여 무리하게 기존 계약을 해지하여 여러 분쟁으로
 약 6개월 이상 공사 중단 사태의 파장이 이어졌습니다.  이후, 남동발전은 기존 계약사들을 일방적으로 배제한 채 2020. 12. 3.자로 후속 업체를 선정하기 위하여
 형식적으로 입찰공고를 게시한 것으로 보이고 3개 업체가 입찰에 참가하였으나, 유찰되었습니다. 2021. 1. 18.자로 또다시 입찰공고를 새롭게 게시하였습니다. 
 남동발전은, 2020. 3. 8. 객관적이고 정당한 절차에 의해 후속 업체를 선정해야 함에도 불구하고 모종의 거래를 통해 사전에 후속 업체를 선정해 주기 위해 업무에 위배하여 
*사와 이 사업 후속 계약을 약 900억 원에 체결함으로 인하여 약 570억원(약 900억 – 약 330억 = 약 570억)에 이르는 막대한 예산이 후속 사업자와의 계약금액으로 더 투입되어
막대한 공적 자금의 예산 낭비를 초래하는 손해를 끼쳤다고 의심됩니다. 
참고로 남아 있는 잔여 공사비(미 정산 금액) 약 160억원 및 기존 계약사들이 요구한 추가 공사비용 약 170억원을 합산하면 약 330억원 정도만 투입하면
기존 컨소시엄 계약사들과 체결한 이 건 공사를 완료할 수 있었습니다. 더불어 기존 컨소시엄 계약사들이 요구한 납기연장 기한(2020. 12.말)보다 약 1년이 경과된 현 시점까지
후속 계약사인 *****의 6호기 환경설비공사가 진행 중으로 언제 공사가 준공 될지도 모를 정도로 조속한 시일 내에 공사 완료를 보장할 수 없는 상황으로 알고 있습니다.
 기존 사업자와의 미 정산 기자재 및 제작 진행 중인 설비를 후속 사업자가 새로이 제작하는 등 추가적으로 약 200억원 이상의 예산 낭비가 예상되고 있는 실정이라고 합니다.
 이로 인하여 후속 사업자 선정(약 570억원)과 그 진행과정에서 발생되고 있는 추가적인 사업 예산 낭비(약 200억원 이상)의 규모를 합산하면 약 770억원을 초과할 것으로 예상되고 있습니다.
 결론적으로, 남동발전에서는 2020. 8. 28. 업무에 위배하여 부당한 계약해지 및 이후 2021. 3. 8. 정당한 절차를 무시한 채 사전에 모종의 거래를 통해 후속 업체와의 계약과정에서 
 약 770억원 이상의 국민혈세를 낭비하는 손해를 발생하는 배임행위를 자행한 것으로 의심되며, 계약의 해지로 인하여 발전소 가동중단 등의 문제가 발생하여
 국가 전력공급의 차질이 불가피하고 이로써 천문학적인 혈세가 낭비되었습니다.
4. 이 계약에 대한 정리
 남동발전에서 기존 업체들이 납기가 지연된다는 것을 주요 계약 해지 사유로 거론하면서 해지한 후 후속업체인  *사와 계약을 하였는데, 
그 자체로서 모순입니다. 왜냐하면, 기존 컨소시엄 업체에서 공사를 완료할 수 있었던 기한인 2020. 12.경 보다 훨씬 길어진 2022. 1. 말. 현재까지도 공사를 완료하지 못한 상황이고,
성공 여부도 불투명해 보입니다.
이러한 행태로 말미암아 국민의 혈세가 투입된 공기업에서 막대한 손해가 발생하여 결국 국민들의 피해이며, 기존 컨소시엄 업체들 및 다수의 하청업체들의 피해,
관련 지역 소상공인, 소속 노동자들의 피해, 이 건 계약해지로 인하여 *사의 소액 주주 10만명 이상은 주가하락으로 인한 막대한 피해가 이어지고 있고,
비디아이의 다른 프로젝트 현장(고성, 강릉, 삼척)에서도 이 건의 여파(가압류 등 법적 조치)로 인하여 자금 압박을 받아 심각한 경영난에 직면해 있습니다.
작금의 침체된 경기 상황을 감안할 때 이보다 더 큰 공익적 피해를 초래 할 수는 없을 것입니다.
계약해지 및 후속 업체와의 계약 체결 과정에서 행여나 불법적인 금품수수, 청탁 등이 있었는지도 의심이 가는 부분입니다.
부디 공기업의 우월적 지위에서 중소기업들에게 갑질 형태와 같은 부당한 행위는 근절되어야 할 것이고,
그렇게 하여야만 건전한 중소기업과 대기업, 공기업이 상생의 길이 될 것이라 생각하기에 중소기업의 어려운 사정을 잘 살펴주셨으면 하는 마음 간절합니다.
현재 *사는 전직원이 회사를 살리기위해  밤잠을 안자고 불철주야 노력을 하고 있습니다. 아무쪼록 거대공기업의 횡포로 중소기업의 피해가 없기를 바라면  피를토하는 마음으로 
이글을 올려봅니다. ****발전은 더이상  중소기업에게 갑질을 멈추고  피해보상을 해주지를 바라며 청원드립니다.
 [본 게시물의 일부 내용이 국민 청원 요건에 위배되어 관리자에 의해 수정되었습니다]",438,/19th/www.president.go.kr/petitions/605238
605237,50대 의사 살인 후 밭에 시신유기한 40대 여성 신상공개 촉구합니다,안전/환경,2022-04-21,2022-05-21,naver - ***,청원종료,"부산에서 동업자를 살해하고 시신을 유기한 여성이 경찰에 붙잡혔다.
최근 억대 채권·채무 문제 등으로 크게 다툰 듯
부산 금정경찰서는 주식투자를 함께 한 남성을 살해한 뒤 시신을 유기한 40대 여성을 구속했다고 20일 밝혔다.
경찰에 따르면 A씨는 지난 6일 주식투자를 하면서 알게 된 50대 남성 의사 B씨를 살해하고 시신을 경남 양산에 있는 지인 밭에 묻어 유기한 혐의를 받고 있다.
경찰은 동업 관계였던 두 사람이 최근 억대 채권·채무 문제로 크게 다툰 뒤 이 같은 범행이 벌어진 것으로 보고 있다.
B씨는 사건 발생 당일인 오후 8시쯤 “친구를 만나러 간다”며 집을 나선 뒤 연락이 끊겼고, 폐쇄회로(CC) TV 등을 분석해 추적에 나선 경찰이 지난 16일 양산의 한 밭에서 B씨가 숨진 채 묻혀 있는 것을 발견했다. 경찰은 A씨를 유력 용의자로 특정하고 긴급체포했다. A씨는 범행 사실을 부인하다가 경찰 추궁이 이어지자 자백했다.
A씨는 범행 전에 “좋은 나무를 가져 올 것이니 땅을 파라”고 지인에게 거짓말을 했고, 지인이 파놓은 구덩이에 살해 당일 시신을 묻은 뒤 “나무가 사정상 못 내려가니 다시 구덩이를 메우라”고 말한 것으로 전해졌다.
일 전 포클레인으로 구덩이 파 계획했습니다 이 여성은 범행 전 지인의 밭에 미리 구덩이를 파는 등 살인을 계획한 것입니다 아무리 채무관계로 싸워도 사람은 살인 후 시신을 유기하는 건 죄가 큰 행동입니다
이달 초 포크레인이 밭에 1ｍ 이상 구멍을 파는 것을 봤다. 이후 경찰이 땅 주인을 부르기도 했다”고 알려오기도 했다.
땅 주인은 경찰 조사에서 구덩이를 판 이유에 대해 “B 씨가 서울에서 좋은 나무를 가져올 것이라고 해 땅을 파라고 했다”고 말한 것으로 알려졌다. 
피의자가 피해자를 미리 살해할 의도를 가지고 있었다는 사실을 짐작할 만한 대목입니다 
지난 6일 사체를 이곳에 유기한 후 C 씨에게 ‘서울에서 내려오기로 한 나무가 사정상 못 내려오게 됐다’며 다시 구덩이를 메우라고 말한이유입니다
이여성을 철저히 조사후 신상공개와 함께 강력 처벌을 원합니다
그리고 그일을 혼자 할수 없을거 같습니다 정확한 범행 동기 수사와 함께  공범도 있는지 수사를 촉구합니다 공범이 있다면 공범도 강력 처벌을 요청합니다",518,/19th/www.president.go.kr/petitions/605237
605236,청와대는 말씀하신 답변을 지켜 주십시요!,인권/성평등,2022-04-21,2022-05-21,kakao - ***,청원종료,"*** 저는 '청주 여중생 사건'의 피해자 미소의 아버지입니다.
1. 2021. 7. 16. 청와대는 청주 여중생 사건에 대해‘2021년 2월 사건 접수 후 경찰은 피해자 진술과 진료기록 등을 확보하는 등 수사를 진행 했으나, 5월 12일 피해자들이 사망해 무거운 책임감과 안타까움을 느낀다며. 경찰은 6월 2일 계부를 성폭력처벌법상 친족강간 등 혐의로 구속 송치하였고, 6월 15일 친모를 친족강간 방임 혐의로 불구속 송치하였다’고 하였습니다.
2. 이제 청와대는 자식을 가슴에 묻은 피해자의 하소연을 들어봐 주시기 바랍니다. 청와대에서 말한 피해자 진술과 진료기록 등을 확보하는 등 수사를 벌였다고 하지만, 피해자 의붓딸 아름은 정신과에서 신고를 한 후 2달이 지난 4. 28. 피해자 진술을 시작은 했으나 친모 양○○ 때문에 끝을 맺지 못했습니다. 그리고 두 아이는 2021. 5. 12. 극단적 선택으로 사망하였습니다. 결국 두 아이 중 피해자 진술은 미소만 받았을 뿐입니다. 피해자 진술도 끝까지 받지 못한 이 사실에 대해 어떻게 생각하시는지 궁금합니다.
3. 두 아이가 죽는 그날까지 정신과에서 우리 병원에 영장을 집행해서 기록을 가져가라고 요청한 것 외에는 단 1건의 압수수색영장도 신청되지 않았습니다. 두 아이가 성폭행을 당한 범행 현장조차 압수수색한 바 없고, 경찰은 범행 현장을 실제 방문한 적도 없습니다.  
현장에서 피와 땀을 흘리는 경찰관 한 개인을 비난하고자 하는 것이 아닙니다. 왜 이런 일이 생기는지 그 원인을 제도적으로 바라보시라는 것입니다. 
범죄현장 조차 두 아이가 2021. 5. 12. 죽고 나서야  영장을 집행했습니다. 피해자가 죽어야 수사를 하는 이런 사례가 청주 여중생 사건 단 1건만은 아닙니다.  정치인들은 눈 뜨고 현실을 제대로 보아 주실 것을 요청 드립니다.  
4. 청와대에서는 피의자를 친족강간으로 송치하였다고 발표를 하셨으나, 2021. 5. 12. 두 아이가 자살을 한 바로 직후에는 피고인의 의붓딸 아름에 대한 아동학대(음주)로 수사 중이라고 언론에 발표했습니다. 아이들이 죽고나서야 수사를 시작하고, 결국 친족강간으로 기소했습니다. 그러나 1심은 유사강간으로 판결했습니다. 수사가 제대로 됐다면 의붓딸 아름에게 유사강간이 나왔을 것인지 청와대와 정치인들은 깊은 고민을 부탁드립니다. 또한 아름의 친모 양○○은 친족강간방임으로 불구속 송치하였다고 말씀하셨는데 친족강간방임인데 불구속 사유인지 당시 의문이었습니다. 그 의문을 넘어 여전히 친모 양○○은 거리를 활보하고 있는데 그 이유를 이제 답변하여 주시기 바랍니다. 
5. 최근 유족들은 2021. 4. 29. ‘미소는 강간, 아름은 아동학대로 1년 살다 나온데’며 미소가 친구에게 보낸 메시지를 발견했습니다. 이런 사실을 유족들은 전혀 몰랐음에도 이 아이가 알고 있었다는 것이 놀랐습니다. 
그 정보의 출처는 당연히 의붓딸 아름이었을 것이고, 아름의 출처는 분명 피고인입니다. 이제보니 2021. 5. 12.까지 아름에 대한 수사는 아동학대(음주)였던 것으로 보입니다. 따라서 국가는 2021. 3. 18. 피고인에 대해 각 피해자에 대해 무슨 죄로 영장을 신청했는지, 반려사유는 무엇인지와 2021. 5. 10. 구속영장을 신청할 당시 피해자에 대해 각 무슨 죄로 영장을 신청했는지에 대해서 대전고법 청주재판부 2022노○호 사건에 서면으로 제출하여 진실을 밝혀 주시기를 바랍니다. 
6. 청주 여중생 사건의 가해자가 피고인 뿐만은 아닙니다. 유족들은 처음에는 경찰을 미웠했으나 지금 보니 이런 시스템을 만든 정치인이 가해자입니다. 범죄피해자는 죽던지 살던지 아무런 준비 없이 법은 내가 만들는 데 너희가 무슨 상관이냐는 식으로 법만 만든 정치인 당신들이 공범입니다. 
정치인 당신들 덕분에 수사 기간만 늘었고 피해자가 고통 받는 시간도 늘었습니다. 청주여중생 사건은 2021. 2. 1. 고소를 하고 100일이 넘어 두 아이가 죽고, 4달이 지난 6. 2. 사건이 송치되었습니다. 이 긴 시간을 당신들은 견딜지 몰라도 어린 두 아이들은 견디지 못했습니다. 특히 가해자와 분리되지도 못한 의붓딸 아름에게 하루하루가 지옥이었음을 당신들은 단 1번도 고민하지 않았을 것입니다.  
청주 여중생 사건과 같이 수사 초기부터 변호인의 조력을 받는 경우가 증가하고, 법원은 공판중심주의에 따라 법정에서 직접 보고, 듣고자 합니다. 전방위로 넓어진 수사의 전선에서 형사 양대 기관인 검경은 핑퐁게임을 하고 있습니다. 이 고래 싸움에 새우등 터진 것은 범죄피해자이고, 혜택을 보는 것은 범죄인 뿐입니다.
7. 검경 양대 기관이 손을 잡고 힘을 합쳐 뛰어도 날라 다니는 범죄인들을 잡기 어려운 실정입니다. 그럼에도 국가의 정치인들은 양 기관을 정치 게임의 볼모로 잡고, 표(票)에 도움이 되면 어떤 진흙탕 싸움도 괜찮다는 태도입니다.
이제 그만 STOP, 싸움은 정치인들이나 하시고 양 기관은 수사하고, 범죄를 증명하는데 집중하도록 하여 주시기 바랍니다. 범죄인 중 자백을 하는 99%의 범인들 때문에 국가 형사시스템이 존재하는 것이 아니고, 범죄를 부정하고 증거인멸을 하며, 오히려 피해자를 괴롭히는 1%의 극악무도한 범죄인들을 잡고자 국가 형사시스템이 존재하는 것입니다. 
더 이상 다른 피해자들이 생기지 않도록, 천인공노할 짓을 하면서 범죄를 숨기는 악인은 반드시 잡는 범죄인에게 힘 있는 시스템, 피해자들이 자살을 하지 않고 위로를 받을 수 있는 피해자에게 따스한 제도를 만들어 주실 것을 피해자 유족들은 진심으로 바라고 있습니다.
8. 2021. 7. 16. 청와대는 청주 여중생 사건에 대한 답변을 하면서 친족 성폭력 전반에 대한 철저한 수사와 적극적인 피해자 보호조치를 약속하셨습니다. 그 말씀을 실천하는 길은 지금 바로 정치인들은 당신들이나 싸우라고 하고, 검경 양대 기관은 손을 잡고 범죄인과의 싸움에 집중하도록 하여야 합니다. 
청와대는  청주여중생 피해자 유족에게 약속하신 그 답변을 지금이라도 이행하여 주실 것을 것을 간절히 요청 드립니다.
*** 청주 여중생 사건의 피해자 미소(가명), 아름(가명, 피고인의 의붓딸),   양○○ (피고인의 처이자 아름의 친모)",565,/19th/www.president.go.kr/petitions/605236
605235,무능력하고 무책임한 상해 영사관을 고발합니다,외교/통일/국방,2022-04-21,2022-05-21,naver - ***,청원종료,"안녕하세요, 저는 현재 중국 상해에 거주하고있는 한국인이고, 직장인입니다. 
 한국에 계시는 분들이 현재 중국 상해 도시 봉쇄와 관련해서 얼마나 알고 계실지 몰라, 간단하게 상황 설명을 먼저 드리겠습니다. ( 현재 상해에 계신 한국 교민분들은 이 부분을 스킵하셔도 되세요. )
 중국은 '제로 코로나'를 위해 코로나 바이러스와 관련한 방역 정책을 굉장히 엄격하게 시행하고 있습니다. 수 많은 방역 정책 및 지침이 있고, 외국인과 중국인 구분없이 모두가 이 제도에서 자유롭지 못합니다. 이미 2년 넘게 이러한 정책이 시행되고 있기 때문에, 사실 중국에 거주하고 계신 분들은 모두 적응이 되셨을것이라 생각됩니다. 
 상해는 지난 3월부터 확진자가 발생하고, 확진자 수가 점점 증가함에 따라, 확진자 단지 봉쇄, 구역 봉쇄에서 시작된 것이 현재 도시 전체가 봉쇄되어 대부분의 모든 상해 거주자들이 자가 격리 중에 있습니다. 3월부터 지금까지 두달가까이 격리하고 계신 분들도 계시고, 이 청원을 작성하고 있는 저 또한 현재 20일째 격리 중에 있습니다. 
 도시 봉쇄 및 격리 정책은 중국 방역 정책이고, 로마에 가면 로마 법을 따르라는 말이 있는 것처럼, 중국에 있는 한국 교민들도 당연히 중국의 법과 정책, 방역지침을 따라야합니다. 많이 불편하고, 이해 안되고, 강제적인 것도 많지만, 그건 저희가 바꿀수도, 거부할 수도 없습니다. 중국에 경험이 없으신 분들은 매우 낯설고 생소한 이야기겠지만, 중국에 사시는 분들이라면 모두 공감하실 것이라 생각되고, 또 당연한 것이기도 합니다.
 봉쇄 중에는 귀국, 상해 내에서의 이동, 식품, 물류 등이 철저히 통제되어 어려움이 있었고 상황은 매우 심각했습니다. 
 (저번주부터 상해 상황과 영사관의 책임론이 언론에 보도된 이후부터는,  물류, 식품, 이동, 귀국 등에 대한 규제와 상황이 호전된 부분이 있어서, 현재 극단적인 어려움에 처한 분들은 많이 없는 것으로 알고 있고, 이미 귀임을 하신 분들, 귀임을 준비하시는 분들도 많은 것으로 알고 있습니다. 이것을 이용하여 담당자들은 언론 홍보를 계속 하고 있고요. )
 하지만 제가 오늘 이렇게 글을 쓰게 된 것은, 중국의 방역 정책을 비판하기 위함이 아닙니다. 
 중국에 거주하고 있는 한국 교민으로서, 저희가 아니 제가 영사관에 바랬던 것은 중국의 이 봉쇄 사태를 해결해달라는 것도, 방역지침을 바꿔달라는 것도, 당장 중국정부와 어떻게 싸워달라는 것도 아니었습니다.
 긴급 상황에서의 도움이 필요했습니다. 영사관으로서 저를 보호하고, 소통하고, 시도하는 그런 도움이 필요했습니다.
 결과를 먼저 말씀드리자면, 저는 격리 중 확진, 강제 격리시설 이동 이 모든 과정에서 영사관의 단 하나의 도움도 받지 못했습니다.
 청원에 글을 올리기 전, 저는 한국 교민들이 이용하는 까페에 먼저 글을 올렸고, 그 곳에서 교민분들께 여쭤봤습니다.
 언론에서 상해 영사관의 책임론이 있기 전인 대략 4월 14일 전 기준으로 격리기간 또는 코로나 확진으로 상해 영사관의 도움을 받아보신 분 계신가요?
 정확한 해결 방법 제공이라던지, 해결 방법 모색을 위한 시도라던지, 노력이라던지, 하는 척이라도 느껴보신 분 계신가요?
 확진자 분들 중에 중국 정부의 방역 지침과 관련하여 자국민을 위한 영사관의 도움을 받아보신 적 있으신가요? 
 약이 필요한 환자분들, 급한 일로 귀국과 도움이 필요했던 분들, 코로나 확진자 분들, 중국 방역지침으로 인해 어려움을 겪었던 분들 중에  상해 영사관의 도움 받아 보신 분들이 있는지 상해 계신가요?
 글을 올린지 하루도 안되는 이 시점에서, 80개가 넘는 댓글 중에, 도움을 받아 문제 해결이 되신 분들은 단 한명도 없었습니다. 긴급상황과 응급상황에서 아무런 도움을 받지 못한 분들의 한탄과 후기만 가득합니다. 
 제 주변에는 봉쇄 기간동안 영사관의 도움을 받고 격리기간동안 문제 해결을 받으신 분이 단 한분도 안계시고,
 저 또한 제가 코로나 바이러스를 확진 받고, 지금 현재 격리시설로 강제로 끌려오기 전까지 모든 단계마다 도움을 요청했으나 받았던 도움은 단 하나도 없었습니다.
​
 저는 제가 확진을 받고, 격리시설로 강제 이동되기 전까지 제가 아무런 보호와 도움을 받지 못하는 것을 보고 중국 주민들이, 그리고 자원봉사자들이, 관리사무실이, 질병관리본부가 저에게 영사관 또는 대사관이랑 소통해보고 결과를 알려줘라, 영사관이 뭐라더냐 물어봤을 때 전 할말이 없었습니다. 그들도 한국 교민들과 똑같은 소리를 하더군요. 그럼 영사관이 뭐하러 있냐고.
 제가 겪은 상황과 또 제가 전해들은 제 지인분들의 경험과 생각이 물론 모든 상해 상황을 대변할 수 없고, 대표할 수 없다는 것을 압니다. 또 다른 의견을 가진 분들도 계실 것이라 생각됩니다.
 그렇기에 저는 오늘 지금까지 전해듣기만 했던 영사관의 무능함이 아닌, 제가 직접 겪은 영사관의 무능하고 무책임한 태도를 알리려 합니다.
 상해시는 이번 격리를 미리 예고 했습니다. 
 물론 예고했던 일정보다 길어지고 있지만, 도시 봉쇄를 미리 예고하고 상해시민들에게 대비할 수 있는 시간을 주었죠. 이 기간동안 저희는 개인적으로나, 회사에서나 봉쇄 기간동안 생길 수 있는 문제에 대한 대책방안을 모색했고, 준비했습니다.  3월부터 상해에서는 격리 기간이 2일에서  4일,  4일에서 2주로 갑자기 늘어나는 케이스가 매우 빈번하게 발생했기 때문에, 발표했던 4일 봉쇄보다 더 길어질 수 있을 수도 있다고 이미 많은 사람들이 예상했던 결과입니다.
 그럼 이 기간동안 한 나라를 대표하는 영사관은 무엇을 대비하고, 준비하고, 계획했나요?
 저는 4월 5일 확진 판정을 받은 교민입니다. 
 실질적으로 증상이 있었고 (발열, 목통증, 근육통, 잔기침) 건강운(중국 내에서 사용되는 핵산검사 결과가 업데이트 되는 어플)에는 양성이 아닌 待复核(재심사)라고 떴습니다.
 중국의 질병 관리 본부에서 결과 이상이라는 전화를 전달받았고, 증상도 있었기에 양성을 인지하고 있었고 건강운 결과가 뜨지 않는 것과 관계없이 받아들일 수 있었습니다. 
 (재심사 라고 뜬다면 양성이라고 보는 것이 무방하다고 전달 받았고,  待上传(업데이트예정)과 待复核(재심사)는 다른 의미라고 했습니다)
 저는 양성판정을 받고 영사관에 전화를 했고,  제 정보를 말씀드리고 지금 양성 판정을 받았는데 앞으로 어떻게 되는지에 대해 문의를 했는데 그들은 그 어느 대책도, 방안도 없었습니다. 팀장님께 제 정보를 드려야 한다며 제 정보를 물어보는게 다였고, 저는 그 어떤 정보와 답변을 들을 수 없었습니다. 
( 초반에 두번의 통화는 한국인이 아닌, 한국어를 구사하는 직원과 통화를 진행했습니다. )
 확진 받은 후에 저는 당시 국가에서 보급한 약이(莲花) 없었고, 타이레놀 등을 구할 수가 없어 가장 먼저 도움을 요청한 것이 영사관이었습니다. (당시 부루펜을 구해서 복용했으나 효과가 미약했습니다) 저는 중국어도 잘하고, 소통에 아무런 문제가 없음에도, 이렇게 아프고, 혼자 격리된 상황이 되니 영사관밖에 생각이 나지 않았습니다. 
 제가 영사관에 답변을 받은 것은, 약은 저희도 구할 수 없다, 저희도 격리 중이다. 매아투안(배달어플) 찾아보시겠어요? 어플 배달은 가능한지 확인을 해봤냐는 아주 멍청한 답변을 받았습니다. 제가 최소 기본적인 어플도 안찾아보고 도움을 요청했을까요? 
 그 다음 연락했을 때는 항원검사 키트를 구하기 위함이었습니다. 확진받고 수 일이 지난 상태에서, 음성이 되었는지 확인이 불가하여,  항원검사 키트를 지원받을 수 있는지에 대해서도 영사관의 답변은 같았습니다. 도움을 줄 수 있는 것이 없다, 우리도 격리 중이다 라며 街道(구역별 관리기관)에 직접 연락해보라는 답변을 했습니다. 또 뻔한 답변을 받고 도움은 받지 못했습니다. 
 그리고 얼마 후 중국 질병관리본부에서 단체격리시설로 이동해야된다며 담당자 연락 및 통지 대기하라는 연락을 받고,  겁이나 영사관에 또 문의를 했습니다. 결과는 같았습니다.
 1) 외국인 격리에 대해서 어떤 지침이 있는지? 모른다, 우리도 연락해보고 있는데 답변을 못 받았다.
 2) 그럼 확진받은 외국인들은 어떻게 진행되고 있는지? 정확히 모른다
 3) 한국인 확진자에 대한 관리, 격리자에 대한 통계가 있는지? 관리되는것은 없다, 우리한테 먼저 연락 하신 분들만 알고 있다.
 4) 그럼 제가 격리시설로 안갈 경우 법적인 조치가 있는지? 모른다
 5) 그럼 제가 어떻게 해야할까요? 일단 안간다고 강경하게 의사표현을 하세요
 6) 그럼 영사관은 무엇을 도와줄 수 있나요? 격리하러 가실 때 어떤걸 챙겨 가셔야하는지 말씀드릴 수 있어요
 그 후로 저에게 왔던 안부 전화에서는 업데이트 된 소식이 있는지 저한테 확인 후 제가 정보를 제공하는 입장이었고, 영사관에서는 그 어떠한 도움도, 정보도 받은 것이 없었습니다.
 영사관이 약과 항원검사 키트, 확진자 대처(의료적인 지원, 격리시설 이동관련) 등에 대한 대비를 할 수 없었을까요? 
 아니요 진작부터 대비하고, 준비할 수 있었죠. 중국 정부만 구입가능한 약품과 물품은 아니었으니까요.
 그 당시에 영사관이 약을 구할 수 없었을까요? 
 街道에 요청할 수 없었을까요? 아니요, 구하려면 구할 수 있었습니다. 단지 안 움직였을 뿐이죠.  
 이 모든게 본인들의 일이라고 생각하지 않았던거겠죠. 
 저도 뒤늦게 알게된 것이지만 街道관리사무소, 경찰 등은 계속 일을 하고 있었고, 책임자가 연락만 하면 확진자를 위한 지원, 약 배분, 항원키드 배분 등이 지원되고 있었습니다. 개인이 소리를 내서는 하기 어려운 일들이, 기관 또는 대표들을 통해 도움을 줄 수 있는 방안들이 있었습니다. 
 이건 제가 뒤늦게 다른 사람들을 통해서 알게 된 것이고, 영사관은 최소한의 시도도 해보지 않은 것이죠.
 그렇게 저는 여러 경로와 사람들을 통해 약을 구해서 뒤늦게 복용했고, 항원검사 키트(자가키트)도 뒤늦게 제공받아 저번주부터 한 줄이 나온 것으로 음성 확인을 했고, 15일 핵산검사에서 음성 판정을 받았습니다.
 문제는 그 다음입니다.
   15일 핵산검사 결과는 음성, 그리고 16일 핵산검사를 한 후 결과를 기다리던 중, 중국 관리 본부에서 또 전화가 와서는 격리시설로 이동해야한다, 준비하라는 통지를 받았습니다.
 외국인 격리시설 이동으로 관련해서는 단지마다, 구역마다 기준 및 이야기들이 달랐고, 또 이미 음성 판정을 받은 상태에서 격리시설로 이동되는 것이 매우 두려웠던 저는, 못미더웠지만 다시 한번 희망을 가지고 영사관에 연락을 취했습니다.
 검사 결과가 음성인데, 강제로 격리시설로 이동될 상황이다. 어떻게 해야하느냐, 도움이 필요하다. 
 그리고 한국 영사관에서 제가 들은 답변은 격리시설로 가야되는 것이 방침이다, 가셔서 48시간 내 2번 음성 핵산검사 받고 나오시면 된다.  였습니다.
 그렇게 전 19일 오후 13시 경 또 도움 드릴 수 없다는 영사관과 마지막 전화를 하고, 단체 격리 시설로 이동되어 왔습니다. 
 저는 어느 한 학교에서, 음성판정자, 양성판정자, 증상이 심한사람들, 경미한 증상의 사람들, 그리고 남녀노소가 모두 섞여 한 방에서 격리를 하고 있습니다. 약도 없고, 의사도 없습니다. 
 영사관측은 제가 음성 판정을 받고도 왜 격리시설로 이동을 해야하는지, 어디로 이동되는지 그런것에 대해 묻지도, 도움을 주려는 제스처도, 도우려는 척도 하지 않았죠. 격리시설로 끌려가기 전에 마지막으로 전화했던 영사관의 담당자가 제게 한 말은 격리시설로 가셔서 2번 음성 받고 나오시면 된다 였고, 제가 이미 음성을 받은 것, 저를 강제로 이송하는 사람들이 양성이라고 우기는 그 결과가 확인이 안되었는데도 강제 이송을 진행하는 것에 대해, 제 상황을 소통 및 해결을 하려는 시도도 없었습니다. 
 그리고 저는 어제부터 기자님들과 소통을 시작했고,  오늘은 영사관 직원분들이 돌아가면서 매우 적극적으로 전화와 안부문자가 왔고요.
 제가 끌려가기 전에는 저보고 가야된다고 하시던 분들이, 오늘 저한테는 어디에 계시냐며, 알려달라며 이 쪽 담당자들과 제 상황을 얘기를 해보겠다며 어디에 있는지 꼭 좀 알려달라고 합니다. 이 말을 왜 제가 끌려가는 당일날 저한테 하지 못했는지요? 저는 그냥 격리하고 나가겠다고 했습니다. 더이상 영사관이랑 연락하고 싶지도 도움도 필요없습니다. 
 모든 분들이 아시다시피, 영사관은 개인의 이익을 목적으로 만들어진 개인에 의해 운영되는 단체가 아닙니다. 국가 기관입니다. 영사관은 주로 재외국민의 보호의 역할을 수행하며, 비자발급과 같은 영사 서비스 업무를 수행합니다. 
재외국민 보호란, 외국에서 자국민이 범죄에 휘말리게 될 경우, 혹은 경찰서로 연행이 될 경우, 사고를 겪게 된 경우와 같이 위험 상황에 처하게 되었을 시 자국민을 보호하는 것을 말합니다. 그들은 외교부가 정한 한국교민들을 위한 최소한의 정보제공과 긴급조치 노력의 의무가 있습니다. 
 영사관으로서 한국 교민을 위해 해야하는, 할 수 있는 일을 해달라는 것인데, 영사관은 3월말 부터 지금까지 매우 수동적이고 무책임, 무능력한 태도로 일관했고, 참다 못한 한국 교민들이 불만을 터뜨려, 한국 언론사와 소통을 시작하니, 그제서야 적극적인 태도를 취하며, 늘 그래왔던척 언론 홍보를 하고 있습니다.
 저는 상해 영사관의 무능함과 수동적인 태도, 무책임한 태도를 고발하며 많은 분들께 알릴 것입니다. 
 이런 저의 행동이 아무 의미가 없고 결과가 없다고 하더라도 저는 끝까지 최대한 많은 분들께 알리고, 무책임하고, 무능력한 영사관의 현 상황을 알릴 것입니다.  
 그들이 '영사'라는 타이틀을 달고 국가가 주는 것 누릴 것 다 누리면서, 어딜가서도 대우를 원하고, 또 그 대우를 많은 사람들에게 받으면서 왜 본인들이 정작 해야하는 자국민 보호를 하지 않았는지, 최소한의 시도도 하지 않았는지 묻고 싶습니다. 
 영사들의 업무 내용, 그들이 책임, 그들에게 지원되는 국가 세금, 모든 것들이 어떻게 이용되고 있고 어떠한 사람들이 그러한 혜택과 보호를 받았는지 조사해주세요. 봉쇄 조치를 예고한 때부터 14일 전까지 그들이 무엇을 했는지, 어떤 노력을 했는지, 정부기관으로서 어떤 대비를 했는지 조사해주세요. 그들이 하는 일이, 인원이 마땅하게 안배 되어있는지 조사해주세요. 
 그리고 영사관은 한 국가를 대표하는 기관으로서 최소한의 책임은 할 것을 요구하고, 반성하고 각성하길 바랍니다.
책임자들은 부끄러운 줄 아세요. 한국 교민이 가장 도움이 필요할 때, 그딴 안일한 태도로 일하고 저희도 격리 중입니다 라는 말로 일관하고 전화를 끊으면 한국교민들이 처한 상황과 문제가 알아서 해결됐을거라 생각했나요?
 한국상회, 사기업 주재원들 물질적 도움, 그들의 수고 뒤에 숨어서 이렇게 무책임하고 무능력한 것 교민들이 모를 줄 알았나요? 단체방 정보보다 못한 영사관, 민간 단체보다 못한 영사관, 아무런 도움도 정보도 책임도 노력도 하지않는 영사관의 존재 의미는 무엇인가요? 
 외국에서 국가의 지원을 받으며  한국을 대표하여 살고계신, 일하고 계신 모든 영사 분들에 대한 관리와 조사가 철저히 이루어지고, 그들에게 지원되고 있는 국가의 돈이 그만큼의 가치를 하고 있는지 조사해주세요. 
 이를 통해 그들의 안일함과 무책임, 무능력함이 개선되길 바랍니다.
 [본 게시물의 일부 내용이 국민 청원 요건에 위배되어 관리자에 의해 수정되었습니다]","2,820",/19th/www.president.go.kr/petitions/605235
605234,****병원의 직무과실로 인한 코로나 조치 미비로 인한 아버지의 억울한 죽음을 호소합니다,보건복지,2022-04-21,2022-05-21,kakao - ***,청원종료,"안녕하십니까? 
저는 아버지의 갑작스런 죽음에 억울한 상황을 알리고자 이글을 올립니다. 
저희 아버지는 광주 동구 *** 주민으로 올해 86세(36년생)로 관절이 약한 것 외에는 특별한 신체질환이 없는 상태에서 ‘21. 10월 초에 주거지에서 넘어져 어깨 골절로 대학병원, 2차 의료기관에서 치료 후 완치를 위해 주거지에서 3분 이내의 거리인 광주****병원에 입원하였습니다.
6병동 입원 도중 코로나 확진되었다는 연락을 받고 격리기간(’22 3. 2- 3. 8) 해제 후 ’22. 3. 9. 16:30경 병동 수간호사로부터 “아침, 점심 식사를 안 하시고 눈을 뜨지 않네요.”라는 전화를 받고 즉시 **병원 응급실 이송을 요청하였으나, 코로나로 이송이 불가하고 보건소에 문의 후 연락주겠다고 했으나, 대학병원 응급실 이송에 대한 연락이 없어 119에 전화하여 이송 가능하다고 전달받고 재차 병원에 전화함. 위급한 상황이니 가까운 **병원 응급실로 이송 요청을 여러 차례 하여 이송하였습니다.
**병원으로 이송 도중 응급실 의사로부터 혈압과 산소 포화도 수치가 정상범위에 미치지 못해 구급차에서 사망할 수 있는 위급한 상황이라고 연락받고, 다음날 심폐소생술 이후 ‘22. 3. 10. 16시 06분 사망했다는 통보를 받았습니다.
코로나 확진으로 격리 해지 된 이후 환자의 목소리도 들어보지 못하고 만나보지도 못하고 중환자실에서 비닐에 여러 차례 싸여 장례식장으로 이동, 그 어떤 것도 못 해보고 화장으로 아버지를 떠나보내 자식 된 입장에서 너무도 허망하고 허탈하며 억울하고 참담한 심정입니다.
****병원은 코로나 확진자 고위험군 집중관리 환자(만 86세)에 대해 코로나 격리기간에 기본적인 산소포화도 검사의 미실시등 의료행위의 부재와 코로나 환자 격리라는 이유로 방치되었으며, 그 상태에 대한 문서의 위조가 의심되는 정황이 보여집니다. 그리고  환자 상태 전달 미비 및 환자와 가족간의 의사소통이 단절되었으며, 신속한 조치에 대한 보호자의 요구가 있었으나 응급상황에 장시간 미조치로 인하여 골든타임을 놓쳐버려 결국 환자가 사망에 이르게 되었습니다. 
특히 보건 당국에서 필요로 하는 지침에 의하지 아니하고 안일한 태도로 임했던 의료행위 즉 직무과실이 환자를 사망에 이르게 하였습니다.
이와 같은 사례가 발생 되지 않도록 하기 위해서라도 요양병원의 현 실태에 대한 전반적인 점검과 적극적인 개선이 절실히 필요하다고 여겨 시정을  요구합니다.
국민신문고 신청번호 : 
1AA-2204-0579163
● 아버지 사망 경과 (광주****병원 입원 중 사망) 
(※통화일시, 시간 등 환자 보호자의 휴대전화 참조 및 의무기록 및 간호기록 참조)
□ 아버지 병동생활 상황(‘21. 10. 25. 입원 ∼‘22. 3. 9. 퇴원)
○ ‘22. 2. 5. 새벽 4시경 침상에서 넘어짐
∙ ****병원 5병동 간호사로부터 새벽 5시경 전화,‘환자가 침대에서 넘어져 머리가 찢겨 피를 너무 많이 흘려서 놀라고 당황하여 원장님께 보고했더니, 보호자에게 전화하라고 해서 이시간에 전화 드린다. 다행히 당직의가 있어서 바로 머리를 꿰맬 수는 있었고, 아버님을 제대로 살피지 못해 정말 죄송하다.’는 말을 여러 차례 이야기하여, 
∙ 아버지는 괜찮은지 묻자,‘괜찮다.’며 피를 많이 흘려서 본인도 놀라고 당황했다며 울먹이는 소리로 죄송하다는 말을 재차 반복함 
∙ 다음날 본인(딸)이 환자 상황을 원장으로부터 직접 듣고자 면담 신청하여, ‘22. 2. 8. MRI 검사 후 특별한 문제 소견은 보이지 않음을 ****병원 원장과의 통화를 통해 확인함
○ ‘22. 2. 11(금) 16:30, 아버지 면회(※면회실 비닐 칸막이 설치)
∙ 아버지 머리 상태 확인, 최소 5㎝ 이상을 꿰맨 상태임을 확인함. 아버지가 퇴원하고 싶다고 하자,‘머리 실밥을 풀고 퇴원해야 한다.’는 5병동 직원의 말에‘그럼 일주일 정도만 더 있어 보겠다.’고 함 
∙ 이후 가족들과 아버지 통화 시 통화 내용과 관련 없는 이야기 및 장소, 시간, 사람에 대한 구분에 어려움을 보여, 다시 설명을 해야 인식하는 등 상황 파악과 대화의 흐름이 머리 다치기 전과 차이를 보임
○ ‘22. 2. 21. 5병동 직원과 **병원 행정실장으로부터 전화 받음
∙ 아버지가 다른 환자로부터 수면에 방해를 받으니, 6병동 조용한 호실로 전동 하는 게 어떻겠냐 하여, 아버지가 새로운 환경에 적응하는데 힘들어 할 수 있어 걱정된다는 보호자(딸)의 말에‘아버님이 힘들어 하시면 다시 5병동으로 전동하면 되니까요.’하여 보호자(딸) 동의하에 6병동으로 전동 됨(※****병원 progress note : 2. 21. 14:22 병실조정으로 606호 병실로 전동)
○ ‘22. 2월 24, 25, 27, 28. 아버지의 여러 차례 전화, 5병동 전동 희망 
∙ ‘6병동은 아니다. 5병동으로 다시 갈 수 있도록 하든지, 아니면 빨리 퇴원을 시켜라. 나 퇴원해서 지내면 안 되겠냐? 정말 더 이상은 여기 있고 싶지 않다.’는 등의 내용으로 힘든 마음을 분명하게 호소함
∙ 이에 보호자(딸)가‘21. 10월 초에 골절되어 정상 회복되는데 6개월 정도 소요된다 하니, 머리 다친 데 실밥만 풀고 나면 퇴원할 예정이고, 한 달 정도 방문간호 받으며 회복 후 주간보호센터 다니면 좋겠다고 하자, 매우 흐뭇해하며, 3월 중 퇴원 전까지는 5병동에서 생활할 수 있도록 해보겠다고 다짐함
∙ 보호자(딸)가 6병동에 전화하여 5병동으로 다시 전동 할 수 있도록 요청, 이에 수간호사 출근하면 상의해서 연락한다고 했으나, 연락 없음
∙ ‘22. 2. 28. 17:37. 보호자(딸), 아버지에게 전화(4분36초 통화)→ 5병동으로 전동요청 했음을 설명함
∙ ‘22. 2. 28. 17:42. 보호자(딸), 5병동에 전화(4분7초 통화)→ 아버지가 6병동에서 힘들어하니 5병동으로 전동을 희망한다는 내용을 전함
□ 전화 통화(환자, 보호자) 및 경과 내용
○ ‘22. 3. 2. 10:30, 6병동에서 코로나 검사 시행함
∙ 10:35 아버지, 며느리의 전화 받지 받음 √
∙ 10:41 아버지, 손녀딸에게 전화함 →
∙ 10:43 아버지, 며느리에게 전화함 →
∙ 11:26 아버지, 딸에게 전화(5초 통화) →  
∙ 12:29 아버지, 딸에게 전화→
∙ 13:31 아버지, 딸의 전화 받지 받음√
∙ 13:33 아버지, 딸에게 전화(2분30초 통화)→ 금일 코로나 검사했다는 내용과 5병동으로 전동은 어떻게 되는지 질문함
∙ 13:36 보호자(딸), 5병동에 전화(3분27초 통화)→ 아버지가 5병동으로 전동을 희망한다고 하자, 상의해야 할 상황이라고 함
∙ 16:16 아버지, 딸에게 전화(1분42초 통화)→ 아버지의 코로나 감염에 대한 염려 및 5병동 전동 여부에 대해 재차 질문함
∙ 16:19 보호자(딸), **병원 행정실장에게 전화(9분 28초 통화)→ 아버지가 코로나 감염에 대해 걱정하고 있고, 6병동은 힘들어한다는 마음을 전달하고 5병동 전동을 요청하자, 5병동으로 전동 가능하다고 함
∙ 18:01 보호자, 손녀딸의 전화 받지 않음√ 
∙ 18:02 보호자, 딸에게 전화(48초 통화)→
∙ 18:10 딸, 보호자에게 전화(4분26초 통화)→ 5병동으로 전동 가능하고, 손자와 사위가, 3일 간격으로 확진되고 보호자(딸)도 기침을 해서 오늘 코로나 검사하고 왔다는 표현에“큰일이다. 너희 온 가족이 다 확진되어 어쩔까”하며 염려함
 -이에 환자의 건강 상태 물으니 괜찮다 하여, 요즘 확진자가 많아졌으나,    크게 염려치 마시고, 마음을 편히 갖고 어려움이 있을 시 즉시 연락 줄    것을 강조하여 설명하자, 알았다고 답변함
∙ 18:30 아버지, ***-****-****로 전화→
∙ 18:37 아버지, 손녀딸에게 전화→
∙ 18:50 아버지, 둘째 아들에게 전화(2분4초 통화)→
∙ 18:55 아버지, 딸에게 전화(43초 통화)→
∙ 19:14 아버지, 며느리에게 전화(19초 통화)→
∙ 19:17 아버지, 며느리에게 전화(2분46초 통화)→
○ ‘22. 3. 3. (3. 2. 코로나 검사 결과 양성으로, 코로나 격리 1일)
∙ 12:31 6병동, 보호자(딸)에게 전화(1분22초 통화)
  -병원에 코로나 확진자 8명 발생, 환자도 확진되었고, 보건소에서 확진자      이송 없이 본원 치료 가능하다고 하여 병원에서 격리 치료한다고 함
∙ 13:37 아버지, ***-****-****의 전화 받지 않음√
∙ 13:37 보호자(딸), **병원 행정실장에게 전화(1분37초 통화)→
  -아버지가 확진되어 5병동 전동을 못하게 되어, 아쉽고 염려된다고 통화함 
∙ 15:35 아버지, ***-****-****의 전화 받지 않음√
∙ 16:50 6병동, 보호자(딸)에게 전화(57초 통화)
  -어제는 열(37.3)이 조금 있었는데, 지금은(36.3) 괜찮은 편이고 격리실에서     치료한다고 함(※간호기록지 참조)
∙ 20:11 아버지, 셋째 아들 전화 받지 않음√
○ ‘22. 3. 4. (코로나 격리 2일)
∙ 10:27, 18:10 보호자(딸), 아버지에게 전화했으나 전원 꺼짐
○ ‘22. 3. 5. (아버지와 통화할 수 있도록 요청, 코로나 격리 3일)
∙ 08:57 보호자(딸), 6병동에 전화(2분22초 통화)→ 아버지 휴대폰으로 전화했으나, 꺼져 있어 아버지와 통화할 수 있도록 요청함
  -이에 6병동 직원, 지금은 통화가 어렵다고 하여 보호자(딸)가 재차        통화를 요구하자, 병원에 확진자가 8명이 발생한 상황에서 환자의      전화기를 충전해서 통화하는 건 어렵다고 함
  -5병동에서 전동 당시 충전기가 훼손된 상태로 병동에서 같은 호실        환자의 충전기를 사용해 충전해줬다고 함
○ ‘22. 3. 6. (아버지와 통화할 수 있도록 요청, 코로나 격리 4일)
∙ 13:21, 보호자(딸), 6병동에 전화(2분57초 통화)→ 아버지 휴대폰이 꺼져 있어 통화할 수 있도록 재차 요청, 지금은 격리실이라 다른 환자의 충전기를 가지고 올라갈 수가 없다고 설명함. 충전기가 없어졌다는 말은 들었고, 현재 가족들도 코로나로 이동을 할 수 없는 상황에서 아버지의 목소리를 못 들어 걱정된다는 안타까움을 표현하고 통화 가능할 수 있도록 재차 요구, 이에 통화가능 여부에 대해 연락 주기로 하고 끊음
∙ 13:52, 6병동, 보호자(딸)에게 전화(9분 38초 통화),‘통화는 어렵다.’고 분명하게 이야기 하여, 아버지 현재 상태를 묻자, 환자가 처음에는 열이 조금 있었는데 열이 떨어져 지금은 괜찮다고 하여, 
  -아버지가 면역력에 좋은 영양 주스를 5병동에서 계속 마셔왔고,        6병동 전동 이후에도 마실 수 있도록 계속 보내 드렸으니, 격리 동안     에도 영양 주스는 꼭 드실 수 있도록 해달라고 요청하였으나, 6병동      직원이 지금은 그렇게 하기 힘들다며 안 된다고 함
∙ 보호자(딸)는 이해는 되지 않았으나, 확진자가 8명으로 병동 상황이 힘들어서 그럴 수 있겠다는 생각이 들어 동의하고 아버지 상태 변화 및 안부 등 연락 줄 것을 요청하고 끊음
○ ‘22. 3. 9. (3. 8. 24시. 코로나 격리 해제됨)
∙ 13:02, 6병동 수간호사로부터 전화,‘환자가 코로나 격리 해제되어 나왔는데 아침, 점심 식사를 안 하시고, 눈을 뜨지 않네요.’하며 덤덤하게 이야기함 
  -수간호사인지 확인하자 본인이 수간호사라고 하여‘이런 상황인데      왜 지금 연락을 주시냐? 선생님의 아버지라도 이렇게 하시겠냐?’하며      빨리 ** 대학병원 응급실로 이송을 요청하자, 코로나로 이동이 안      된다며 보건소에 문의하고 연락주겠다고 함
∙ 14:42, 6병동 수간호사로부터 전화(1분11초 통화), 보건소에 연락했는데 연락이 안 된다고 하여, 격리해지 되었으니 119로 **병원 응급실 이송 요청을 요청하자, 보건소에 문의하고 연락 주겠다고 함
∙ 14:47, 6병동 수간호사로부터 전화(44초 통화), 보건소에 코로나 확진자 전담병원 병상을 요청했다고 하자, 전담병원이 대학병원인지를 묻자 보건소에 문의하고 연락 주겠다고 함 
∙ 15:30, 6병동 수간호사로부터 전화(1분33초 통화), 전담병원이 대학병원은 아니라고 하여, **병원 응급실로 이송 요청함
∙ 15:34(38초), 15:40, 보호자(딸) 6병동에 전화(3분39초 통화), 격리 해지가 되었는데 왜 이동이 안 되느냐, 지금은 전담병원이 아니라 비용부담을 떠나 무조건 **병원 응급실로 이송해달라고 요청함 
∙ 15:50, 6병동에서 전화(1분1초 통화), 입원 시 심폐소생술거부 동의서를 포기하면 대학병원에서 전원 가능하다고 하여, 심폐소생술거부 동의서 포기한다고 함
∙ 16:16, 보호자(딸) 119에 전화, 너무 답답하여 격리 해지 된 이후 이송이 가능한지 묻자, 119대원이‘당연히 이송 가능하죠. 그 병원이 어디인가요? 제가 직접 전화해 보겠다.’고 하고 전화 끊음
∙ 16:44, 보호자(딸) 119에 전화, 아무 연락이 없어 재차 전화,‘병원에서연락하지 않았던 가요? 병원에서 보호자에게 연락한다고 했는데요.’
∙ 16:59, 6병동에서 전화,‘북구 *OO 병원’으로 이송 가능하다고 하여 이송하는데 시간 소요가 있고, 격리 해지도 끝났고, 처음부터 **병원 응급실 이송을 요청했던 것처럼 무조건 **병원으로 이송 해 달라고 분명하고 명확하게 요청함
∙ 17:01, 6병동에서 전화, 대학병원으로 이송 가능하고 구급차가 오고 있다고 전달 받음 
∙ 17:44, **병원 응급실 의사로부터 전화,‘환자가 산소포화도 00, 혈압이 00으로 이송 중에 구급차 안에서 사망할 수도 있다.’며 위급한 상황이라고 함(※산소포화도와 혈압의 수치를 근거로 위급상황임을 설명하였으나, 보호자(딸) 당황하여 수치는 기억하지 못함)
∙ **병원에서 중환자실 담당의와 통화, 혈압과 산소 포화도가 정상범위에 채 미치지 못하고 검사 결과 폐에 염증이 가득하고, 신장은 망가진 상태여서 기관 내 삽관 및 심폐소생술을 할 것 인지를 가족들과 의논해서 빨리 결정해 달라고 함
  -이때 병원에서 할 수 있는 범위의 모든 것은 해보겠지만, 심폐소생술을     해도 지금의 상황에서는 크게 호전이나 변화가 없고, 너무 안 좋은      상황에서 오셔서 오히려 환자가 많이 고통스러워 할 수 있기 때문에      의미가 없다는 것을 알고 결정하기를 바란다고 함 
∙ 이후에도 환자의 심폐소생술로 인한 회복의 가능성은 거의 없다는 언급을 여러 차례 반복하여 설명함 
○ ‘22. 3. 10. 목. (**병원 중환자실에서 16:06 사망함)
∙ **병원 중환자실에서 아버지 심폐소생술을 할 것 인지를 재차 확인하고, 심폐소생술 실시 후 얼마 안 있어 사망 통보 받음
∙ 사망 통보 시 환자가‘코로나’로 인해 일체의 접촉은 불가하고 바로 비닐로 싸서 장례식장으로 이송, 입관 절차도 생략되고 법적으로 화장만 가능하고 매립은 안 된다고 전달 받음
○ ‘22. 3. 15. 14시경 광주 ****병원 가족 방문
∙ 6병동 수간호사와 원장을 만나고 싶다고 하니, 모두 확진되었다고 하여, 행정실장과의 면담에서 환자와 통화가 안 된 부분에 대해 언급하자‘이 부분에 대해서는 제가 뭐라 할 말이 없다. 정말 죄송하다’고 하며 간호부장을 불러와 이 상황에 대해 말씀해 보시라.’고 하여 
∙ 보호자가‘환자 충전기가 고장 나 통화가 안 되면 직원이 출입할 때 직원 휴대폰 스피커폰으로라도 통화할 수 있게 해줄 수 있지 않느냐? 그 정도는 할 수 있지 않느냐?’고 하자,
∙ 간호부장이‘어르신이 조금 힘든 면도 있다. 저희는 병동에서 확진 되자 9층으로 격리도 하면서 최선을 다했다.’며 상황 설명만 하는 모습에, 보호자가‘어찌 되었건 환자와 통화는 될 수 있도록 해줘야 한다는 것과, 통화가 안 되면 보호자에게 환자 상태를 미리 알려 줘야 할 거 아니냐? 알려만 줬어도 어떻게 해보기라도 할 텐데.. 기저질환(당뇨, 고혈압, 폐결핵, 알레르기 없음. ※**병원 입원 초진 의무기록 참조)이 있었던 것도 아닌데 손도 못 써보고 억지로 돌아가신 것 아니냐? 이렇게 다른 환자를 대한다면 이건 문제가 있다.’고 언급함
□ 환자 가족 의견 
○ 보호자가 알고 있는 환자의 성향은 통화 내용에서도 알 수 있듯이 자기주장 및 자기표현이 정확하고 주변 상황에도 관심이 많아 자녀들에게 거의 매일 여러 차례 전화하여, 자녀의 안부, 필요한 물품, 요구사항, 염려 등을 이야기하고, 
○ 특히 본인의 건강상 어려움이나 일상생활에서의 불편함을 병동에서나, 가족들에게 적극적으로 호소하는 성격인데, 격리기간(3. 3∼3. 8)인 ‘22. 3. 8. 아침 식사 시간 중에 식사를 하지 못하고 조는 모습을 보이고, 격리해지 이후(3.9)에는 눈도 제대로 뜨지 못할 정도였다는 것은 자기표현을 못할 정도로 건강 상태가 매우 심각했음을 알 수 있음 
○ 보호자가 인식하는 아버지 사망의 주 요인은 
∙ ※ 코로나 확진자 집중관리군에 해당 될 경우, 요양병원에서 일 2회 혈압측정과 산소포화도 측정 후 변화가 있을 시 상급병원에 의뢰하고, 위급상황 시 대면으로 응급실 진료가 이뤄질 수 있도록 하는 절차가 있음에도 불구하고, 
∙ 첫째, 아버지가 5병동에서 머리를 다친 이후로 면역력이 저하된 상태에서, 코로나 확진자 고위험군 집중관리 대상(만 86세)임에도 불구하고 코로나 격리기간 동안 기본적인 산소포화도 검사가 전혀 이뤄지지 않는 등 환자의 방치와, 최소한의 의료적 개입의 부재와 문서위조가 의심되는 정황으로 업무태만의 무책임한 점 
  -간호기록지에 의하면【코로나 격리 기간인 ‘22. 3. 8. 아침 식사 시간에      조는 모습 보임】에도, 코로나 감염에 의한 산소부족에 의해 조는 모습이       관찰 되었음에도 산소포화도 검사 미 실시는 환자 방치로 밖에 여겨지지 않음
  -이에 대한 근거는 대학병원 중환자실 보고에서 폐에 염증이 가득하고,     신장은 망가진 상태까지 이르렀는데도, ****병원 6병동 수간호사는     단순히‘아침, 점심 식사를 못 하고, 눈을 뜨지 않는다.’는 의학적      근거가 없는 육안으로 보여지는 것만 보고하는 태도에서 증명됨
∙ 격리 해지 후 간호기록지【 ’22. 3. 9. 09:00. 아침 식사 중에 조는 모습을 보임, 아침 식사 거의 못함. ‘22. 3. 9. 12:20. 식사하려고 하지 않고 계속 자려고 하는 모습 있음. 눈을 뜨다가 다시 감아 버림. 보호자(딸)에게 환자 상태 상황 설명, 산소포화도(SPO2→99) 측정, 환자 상태 당직 의사에게 구두 처방받기 위해 전화했으나, 연결되지 않음, ’22. 3. 9. 14:42. 산소 포화도(SPO2→68) 측정】에서 살펴보면 
  -아버지의 상태가 ‘산소포화도(SPO2) 99‘로 정상범위(90이상)에 속할 정      도의 컨디션이 아닌데 99로 기재된 점, 산소포화도가 정상범위에 있는       데 당직의사에게 구두 처방받기 위해 전화하고, 2시간 경과 후 산소포       화도(SPO2)가 68로 급속한 차이를 보인점 등이 산소포화도가 99가      아닌 조작된 수치일 가능성이 매우 높아 보임 
∙ 둘째, 코로나 확진으로 6병동(6층)에서 격리실(9층)로 이동하여 격리기간(3.3.∼3.8. 24시)동안 아버지의 휴대전화기가 꺼져 있어, 6병동에 통화 요구를 해도 안 된다고만 하며 아버지와 가족 간 소통불가 상태에서 조치를 취하지 않고, 환자 상태변화에 대한 보고가 없어, 보호자가 환자의 상태에 따라 적극적인 개입을 할 수 있음에도 불구하고, 소통의 단절로 보호자가 개입의 기회 조차도 갖지 못하게 되었고, 병동에서 의사소통의 단절에 대한 그 어떤 대처도 하지 않은 점 
∙ 셋째, 코로나로 응급 상황에서 보호자의 적극적인 대학병원 응급실 요청에도, 코로나 격리 해지가 되었음에도, 코로나로 인해 이송이 안 된다며 시간을 지연시켜 결국 사망에 이르게 한 점에 대해
∙ 광주 ****병원은 의료기관의 확진자 집중 관리군에 대한 의료 절차 무시하였고, 기본적인 의료행위 및 관리의 부재, 미숙한 상황 대처, 응급환자에 대한 의료태만 및 대처의 부족은 명백한 직무 과실로 환자를 사망에 이르게 하는 주요인이라고 여김
□ 환자 바이탈 체크
 [본 게시물의 일부 내용이 국민 청원 요건에 위배되어 관리자에 의해 수정되었습니다]",207,/19th/www.president.go.kr/petitions/605234
605233,억울하게 성추행범으로 몰린 중학교 2학년 아들을 도와주세요,인권/성평등,2022-04-21,2022-05-21,naver - ***,청원종료,"저는 경기도 용인시에 사는 중학교 남학생을 둔 엄마입니다.
제 아들이 중학교 1학년때 , 담임선생님으로부터 아들이 성추행범이라고 신고가 들어왔고, 여
학생  다섯  명이 공개  사과를 받아야 한다고 통보를 해왔습니다. 저희 아들은 이 말을 듣고 억
울해서 충격을 받고 학교를  두  달이나 가지 못했습니다.  저는 아들에게 정황을  묻고  사실이
아님을 확인한  뒤, 해당 여학생들을 무고죄로 신고하였습니다.  해당 여학생들은 제 아들이 여
학생들을 앞에서 강제로 껴안고, 백허그를 했으며,  팔목을  강제로 끌어당겼고, 등을 위아래로
쓸어내렸다는  등으로  성추행했다고 소문을 내고,  공개 사과를 요구한 상황입니다.
그러던 중 교육청 학교폭력 회의록을 보고 깜짝 놀랐습니다.  저희 아들이 여학생의 가슴을 움
켜쥐고 몸을 강제로 앞으로 돌렸고  학폭위원이 시범을 보이라고 했더니 부모와 같이 시범을
보였다고 하였습니다. 수업 시간과  쉬는  시간 구분 없이 추행을  일삼았다고 했습니다. 특히
아들이 영어 수업 시간에 자리를  옮기며 몸을 만졌다고 주장했습니다. 선생님을 포함한 교실
에  많은 학생이  있었을 텐데,  이게 가능한 일린지 모르겠습니다.
아들은 처음 중학생이 되던 날  코로나로 인해 등교하지 못했고, 같은 초등학교 출신의 친구들
이 한 명도 없는 반에 배정받게 되었습니다.  그래서 아들은 친구들과 친해지기 위하여,  여학
생과 남학생 구분 없이 젤리를 나눠주었습니다. 그 과정에서 뒤돌아 있는 학생이나 부름을 듣
지 못한 학생은 아들이 손으로 어깨를 쳐서 젤리를 건넸다고 합니다.
학교에  전수조사를  요청하니 아들이 젤리를 주려고 툭 쳤다고 한 아이들은 있었지만, 이 여학
생들의 신고내용으로는 목격자가 없었습니다. 교육청 학교폭력위원회 조사 결과도 제 아들이 
성추행했다고 볼 수 없다고 결론이 나왔습니다.
아들에 대해 말도 안 되는 소문을 퍼뜨린 여학생들을 명예훼손 혐의와 무고죄로 고소했습니
다.  하지만  '혐의없음'이라는 이해 안 되는  판결을 받고,  너무 억울하고 어이가  없었습니다.
핸드폰 포렌식을 꼭 해달라 했더니 여학생들이 미성년이라, 그 부모들이 동의하지 않아 못했
습니다. 여학생들의 진술이 일관적이라는 이유만으로 결국 사건은 무혐의 처리되었습니다.
일반적으로 성추행을 당했다면, 여학생들이 먼저 아들을 고소해야 하는데, 정반대로 우리가
무고로 고소를 했는데도 이 여학생들은 지금까지 고소하지 않고 있습니다. 그래야 본격적인
수사가 이루어져 진실이 밝혀지는 데 도움이 될텐데 말입니다.
그 여학생들의 부모들은 경찰 측에 더이상 이 일이 진전되면 자기 아이들 (여학생들)과 저희
아들 둘 다 상처받으니 그만하자는 식으로 이야기했습니다. 저는 그 말을 듣고 자기 자식이 
성추행을  당했는데, 가해자를 처벌하지 않고 큰일 없이 넘어가길 바란다는 학부모의 발언은
같은 부모로서 전혀 공감할 수 없었습니다. 교육청 학교폭력위원회 회의록과 경찰에  그렇게 
말했다고 하여 자꾸 의문이  듭니다.
학교에선  이 일로 아무런 추가 조치도 없었고 해당 여학생들은 너무나도 행복하게 학교를 잘
다니고 있는 게 너무 억울합니다.  제 아들은 성추행범으로 낙인찍혀 너무 충격을 받아서 전학
까지 가야만 했습니다. 아들이 사춘기 나이에 사실과는 상관없이, 남들이 나를 어떻게 생각할 
까 하는 두려움으로 인해 정신과 치료를 받고 있습니다. 또한  그 학교가 있는 그 지역에 근처
는 가지도 못하고, 대인 기피증으로 고통받고 있는 상황입니다.
이성관이 정립될 시기에 잘못된 성의식을 가질까 걱정입니다.  저는 재수사(핸드폰 포렌식)를
요청하는 바입니다.  철저하게 수사하여 아들에 억울함을 풀어주시고  온갖 거짓말로 덮어 씌어
성추행범으로 만들어버린 그 여학생들을 다시는 거짓말로 남의 명예를 훼손할 수 없도록  또한
나이가 어리다는 이유로 선처를 하지 말고, 꼭 처벌해주시길 간곡히 부탁드립니다.",796,/19th/www.president.go.kr/petitions/605233
605232,불필요한 구간 단속,교통/건축/국토,2022-04-21,2022-05-21,naver - ***,청원종료,"안녕하세요~
논산시에서 공주와 세종으로 업무상 출퇴근이 많은 사람입니다.
논산은 세종, 공주, 계룡, 전주 등 여러 방면으로의 입출입이 많은 도시입니다.
작년부터 논산에서 공주, 세종으로 가는 유일한 국도인 23번 국도 차령로 일부에서
70km 구간 단속을 시작했는데요, 약 10분이라는 긴 시간 동안 단속을 합니다.
저 뿐만 아니라 제가 아는 지인들은 그 도로를 지날때마다 왜 갑자기 그 도로에서 그렇게 긴 단속을
시작하게 되었는지에 대해 의구심을 갖습니다.
그 단속의 실효성에 대해 정확한 답변을 부탁드립니다.
1. 실제 그 도로에서 교통 사고 혹은 동물이 치이는 경우 등의 경우가 많이 일어났는지(통계)
2. 그 도로에서 실제적으로 구간단속을 시작한 이후 그러한 것이 줄어들었는지
3. 10km를 구간 단속 기간으로 선정한 이유(왜 그 중간 도로에서 길게 단속하는지)
만약 1~3번의 대답이 상식적으로 타당하지 않는다면
구간 단속 속도를 높여주시든지, 
아니면 단속 구간을 줄이시든지 해주시길 바랍니다.
매일 운전할때마다 왜 이 구간에서 갑작스럽게 단속을 이렇게 길게 해야 하는가에 대해
의구심을 가진지 1년만에 청원을 올립니다.",251,/19th/www.president.go.kr/petitions/605232
605231,"유기견, 유기묘 안락사를 멈춰주세요!",반려동물,2022-04-21,2022-05-21,kakao - ***,청원종료,"각 지방자치에서 운영하는 시보호소는 구조된 동물들을 10일 공고기간으로 하고 공기기간이 지나면 안락사를 진행하고 있습니다.
중성화를 진행함으로써 개체수를 늘리지않고 
구조된 동물들이 생명을 마감하지않도록 안락사를 멈춰주세요.","1,328",/19th/www.president.go.kr/petitions/605231
605230,제주도 강아지를 묶에 땅에 묻어 유기한 유기범을 검거하고 처벌해주세요.,반려동물,2022-04-20,2022-05-20,kakao - ***,청원종료,"4월 19일 오전 8:50분경 제주도 *** *** 근처에 강아지를 눈, 코입만 내놓고 입을 묶어 땅에 묻은 유기범을 찾아 강력히 처벌해주세요.
지난 4월 13일에도 제주도 유채꽃밭 사이에 강아지 입을 묶고 팔을 뒤로 꺾어 묶어 유기한 사건이 있었습니다.
경의선 자두 사건,  고양이 두부 사건 모두 국민청원 20만명이 달성하여 정부에서는 동물학대 방지에 힘쓰겠다고 노력하겠다고 하였으나 여전히 발생하고 있습니다.
부디 아이들을 기학적이게 유기한 유기범들을 잡아 강력히 처벌해주시고 동물 학대 현실을 바로 보고 실질적인 해결책을 마련해 주세요.
 [본 게시물의 일부 내용이 국민 청원 요건에 위배되어 관리자에 의해 수정되었습니다]","8,371",/19th/www.president.go.kr/petitions/605230
605229,백신 부작용으로 인해 고통받고 있습니다,보건복지,2022-04-20,2022-05-20,kakao - ***,청원종료,"본인은 부산 북구에서 2자녀와 부인을 두고 있는 가장이며, 부산 영도 선박회사에서 근무하고 있는 자입니다.
금번 코로나 19로 인하여 국가 코로나 백신을 전 국민에게 예방접종을 하게 되어 본인 또한 그 일정에 따라 1차 2차 백신을 맞았습니다.
그런데 2021.09.24 금요일 오후4경에 모더나 백신 2차접종 후 저녁부터 어깨의 통증이 시작 되었고, 처음에는 다른사람들도 백신접종 후일부는 어깨에 통증이 있는 것으로 알고 참았으나, 시간이 갈수록 통증이 심해져 2021.09.28에 집 근처 어깨 전문병원에 가서 진료를 받게 되었습니다. 
그 후 2021.09.29에 어깨가 너무나 빨갛게 변하였고, 열도 많이 나서 다시 병원에 가보니 빨리 큰 병원으로 가보라고하여 집근처 ****병원에 가서 입원하여 MRI촬영을 하고 진료를 시작하였고, 피검사 결과 염증수치가 “44”라고 하여 병원에서는 내일 바로 수술을 하여야 한다고 하였습니다.
2021.10.01에 ****병원에서 수술을 안하고 ***병원으로 옮겨서 바로 어깨 염증 수술을 진행 하였고,  2021.10.27에 퇴원을 하였습니다.
그런 이후 퇴원해서 일상생활 중 갈수록 허리가 너무 아파서  2021.11.08 ***병원에 가서 진료를 받고 그 후 다시 입원을 하게 되었고, 다시 검사를 하게 되었는데 다시 염증수치가 상승하여 대학병원으로 가야한다고 해서 부산에 있는 *****병원으로 입원하게 되었습니다.
병원에서 염증수치가 높아 항생제로 입원치료하면서 다시  MRI촬영을 해야하는데 똑바로 누울 수가 없어 전체적으로 6번을 찍으려고 시도하다가 실패를 하였습니다.
그 이후 대학병원에서는  한 달간 이상 입원이 안 된다고 하여 2021.12.10 ***병원으로 다시 입원하게 되었습니다.
이후 ***병원에서 MRI촬영 후 하반신 마비가 되고 염증 수치가 오르락내리락 하여 ***병원에서는 대학병원에서 수술받기를 권유하여 다시 2021.12.30에 ****병원에 가서 2022.01.03에 ****병원 신경외과에서 척추융합수술 하였고, 현재는 맥켄지일신기독병원에서 재활치료를 하고 있는 중이며, 앞으로도 최소 3개월이상 기간이 소요된다고  합니다.
본인은 정부가 시행한 전국민 코로나 19 백신 접종으로 인하여 휴유증 발생이 명확한데도 병원 의사 선생님은 인과성이 불충분하다고 할뿐 본인에 어떠한 조치를 해주지않았고, 이에 대해 계속민원을 제기하였고, 본인은  북구보건소에 예방접종후 인과성이 불충분한 환자의 의료비 지원사업에 서류접수 해놓는 상태인데  이것도 심사기간이 6개월이상소요가 된다고 합니다.
본인이 백신을 접종한 후 발생한 일련의 일로 인해 13년동안 다니던 직장에서도 해고통지서를 받았으며, 현재 병원비,생활비 간병비 등으로 막대한 금전적손해를 보고 있는 것이 현실입니다.
본인이 무슨 잘못을 했는지도 모르겠습니다. 
국가가 시키는대로 따랐을 뿐인데 이로 인하여 직장과 가정이 송두리째 날아가게 생겼습니다. 
또한 국가는 국민을 보호해야할 의무가 있음에도 인과성이 불충하다만 말할뿐이 인과성에 대해 충분히 조사도 하지 않았다고 여겨 집니다. 
전국민에 코로나 백신을 투여하여 문제 발생하면 국가가 그 책임을 다하여야 할 것인데 제가 막상 이러한 백신 부작용에 당하고보니 국가의 행정이 얼마나 탁상행정만을 하고 있는 지 죽고 싶은 심정입니다.
제가 이렇게 국민청원 게시판에  청원하는 것은 본인 뿐 아니라 저와같은 사람들이 분명히 있을 것이고, 법 또한 넓은범위로 해석하여 국가가 시행한 절차를 이행 하였으면 이로 인하여 발생한 문제가 있다면, 그 책임은 국가에게 있다고 봐야 할 것이고, 본인의 치료와 치료비,그리고 일상적인 생활을 할수 있도록 국가가 배상을 해야 할 것입니다.
제가 법은 잘 모르나, 국가는 국민을 책임질 의무가 있는 바 그 책임을 다 해주시기바랍니다.
 [본 게시물의 일부 내용이 국민 청원 요건에 위배되어 관리자에 의해 수정되었습니다]","1,442",/19th/www.president.go.kr/petitions/605229
605228,*** 만 14세 중증 지적장애인 열차 사고 재수사를 간곡히 요청합니다.,교통/건축/국토,2022-04-20,2022-05-20,facebook - ***,청원종료,"저는 2021년 3월 14일 ***에서 철도 사고를 당한 중증 지적장애인 아이의 아버지입니다.아이는 당시 사고로 인해 큰 부상을 입게 되었고,후유장애를 안고 살아가게 되었습니다.사고 당시 담당 형사는 해당 역과 이야기하여 보험으로 치료비를 보상해준다고 하였으나,사건은 사실과 다른 내용으로 제대로 수사도 이루어지지 않고 아무런 정신적,신체적 보상도 없이""내사 종결""로 마무리되어 해당 사건에 대해 재수사를 요청하기 위해 글을 남기게 되었습니다.사고는 다음과 같습니다.
사고 당일에 저희 가족은 가족 여행을 떠나 ""* *** ***""촬영지인 ***에 방문했습니다.주차장에 도착하자마자 저는 큰 볼일이 급해서 역사 내 화장실을 사용 중이었고,밖에서 기다리던 아이 엄마가 아이를 데리고 있었으나 아이가 갑자기 철길 건널목을 향해 뛰어갔습니다.남자아이다 보니 빨라서 아이를 따라가는 것은 멀다고 판단한 아이 엄마가 역사 내 개찰구로 들어가려고 했으나 역사 청소원이 막아섰고,다급해진 아이 엄마가 아이가 철길에 들어가 있어서 위험하니 들어가게 해달라고 역사 내 모든 직원이 듣도록 외쳤지만 청소원이 나가라고 해서 결국 들어가지 못했습니다.실랑이하다 아이 엄마가 다른 길로 돌아서 건널목으로 가는 외중에 아들이 건널목에서 있다가 열차가 지나가자 뛰어들어서 사고가 난 것입니다.제가 볼일보고 나온 불과15분 사이에 일어난 일입니다.
이 사고로 인해 아들은 전치16주 진단받고 중환자실을 오갔고 몇 번의 수술 끝에 다행히 생명에는 지장이 없지만 큰 부상을 입었습니다.한쪽 다리가 절단돼서 접합했으나 다리 길이가 달라져서 중증 지적장애를 앓고 있는 아이가 평생 또 다른 장애를 안고 살아가야 합니다.또한,팔 한쪽이 휘어서 교정 수술을 했고 치아가 함몰돼서 윗니 절반이 없으면 얼굴에도 큰 흉터가 남아있는 등 아직까지 고통받고 있습니다.
사고 당일 저녁 아이를 병원에 이송시키고 형사님 입회하에 철도 직원들과 대화할 때는 몰랐다는 말도 전혀 하지 않았고,분명 사고 전에 아이가 철길에 들어갔다는 상황을 인지하고 있어서 아이가 철길에 들어갔는데 왜 나가라고 하지 않았냐는 질문에""관계자가 아닌 사람이 선로에 들어갈 경우 300만원에 벌금이 부과되어 들어가거나 제지하지 못했다""고 대답했습니다.그날 사건을 조사하러 오신 형사님은 역장에게 직접 말해서 보험으로 치료비는 보상해주겠다고 했습니다.
그러나 사고 후 1년이 지난 지금까지 철도 공사에서는 아무런 연락이 없고 보상도 없으며,역사의 과실이 없다는 ""내사 종결""처리 서류만 받았습니다.전달받은 ""내사 종결""서류에는 역사 직원들은 저희 아들이 철길에 들어간 것을 몰랐다고 내용이 기재되어 있었고 이는 사실과 다릅니다.사실과 다른 내용과 제대로 수사도 이루어지지 않고""내사 종결""되었다는 문서를 받고 변호사를 통해 이의신청도 하고,삼자대면하게 해달라고 요청했으나 충주경찰서 경찰 측에서는 ""내사 종결""건은 다시 조사할 수 없다는 답변만 되풀이합니다.
우선 자리를 비운 저와 아이를 놓친 아이 엄마의 잘못은 인정합니다.
하지만 아이 엄마가 고함치며 아이가 철길에 들어가서 위험하다고 하였음에도 불구하고,아이 엄마를 들어가지도 못하게 하고 직접 나서서 아이를 데리고 나와주지도 않았습니다.또한 관리원도 따로 없는 건널목에서 만14세 청소년이 철길에 들어와 놀고 있는 모습을 역사CCTV로 볼 수 있음에도 불구하고 열차 서행 통보도 하지 않았습니다.
충분히 아이를 구할 시간과 기회가 있었음에도 아무 조치도 취하지 않은 철도 측의 잘못이 크다고 생각합니다.
답답하고 억울한 마음에 청원 글을 올립니다.
재수사가 이루어져서 사건의 사실이 밝혀지고,앞으로 저희 아이와 같은 일이 벌어지지 않게 역사 및 철도 내 안전도 더욱 규제될 수 있도록 도와주세요.
 [본 게시물의 일부 내용이 국민 청원 요건에 위배되어 관리자에 의해 수정되었습니다]",290,/19th/www.president.go.kr/petitions/605228
605227,"1,2차 방역 지원금 불가 판정 받은 자영업자",경제민주화,2022-04-20,2022-05-20,kakao - ***,청원종료,"저는 인천 계양구에서 이불매장을 운영하는 자영업자 입니다 다름이 아니라 20년 매출 대비 21년 매출이 4300만원 감소한 자영업자 입니다 그런데 11,12월 매장 바로 뒤편 재건축 아파트 입주 기간과 맞물려 그때만 매출 감소가 없다는 이유로 1,2차 방역 지원금을 받지 못해서 참담한 심정으로 청원글을 쓰게 되었습니다 작년 내내 고전하며 월세도 밀려 있는데 11,12월만 매출 감소하지 않았다는 이유로 불가 판정을 받은게 너무 억울 합니다 저는 방역제한 업종이 아니라며 1~5차 정책 지원금도 단 한번도 받지 못했는데 고작 연매출 2억 정도 파는 매장에서 4300만원 이라는 막대한 매출 감소가 있는데 해당월에 특별한 재건축 입주가 있어서 감소가 없다는 이유로 받지 못하는건 납득하기 어렵 습니다 작년 내내 코로나 시국에 고전 하고 방역제한 업종이 아니어도 밤에는 도시 전체가 인적이 끊겨 10시까지 운영하던 매장을 어쩔수 없이 8시에 닫을수 밖에 없었는데 마지막 희망과도 같은 방역 지원금 조차 받지 못해 너무나 괴로운 마음에 청원글을 남깁니다 제주변에 저보다 큰 사업을 하며 연매출 수십억씩 하시는 분들도 전부 받았는데 연매출 고작 2억 정도 파는 매장에서 4300만원 이라는 막대한 감소로 경영 위기를 격고 있는데 왜 저는 지원금 대상이 아니란 말인지요..
제발 도와 주세요 제발..",171,/19th/www.president.go.kr/petitions/605227
605226,청년의 꿈과 인생을 짓밟은 코로나 백신 화이자접종 후 백혈병,보건복지,2022-04-20,2022-05-20,kakao - ***,청원종료,"큰일이 일어 났다!
중국 우한에서 코로나-19 발병!  대한민국은 긴장했다.
암튼, 그나마 안전했던 대한민국에 코로나가 유행처럼 번지기 시작하였고,  대한민국 정부는 백신 구입에 열을 올이며, 실적 처럼 구매하기 시작했다.  그리고는 엄청난 양을 구입하여 노인부터 시작하여 순차적으로 전국민이 예방접종을 하도록 유도했다.  지금까지 접종 백신의 종류는 네가지이고, 시간이 흐를 수록 정부는 국민에게 접종을 강제했다. 국민은 그렇게 해야 하는 줄 알았고,  3차까지 접종을 강요했다.
대한민국의 국민은 백신접종 후 후유증에 민감했고, 그것을 안심시키기위해 대한민국 정부는 백신 후유증에 대한 책임을 지겠노라 공식적으로 이야기했다. 대통령이 직접!
나의 아들은 이제 만 20세이다.  즉, 대학교 3학년이 막 되었다.  아들은 축구선수이다. 초등하교 4학년 때 부터 박지성을 꿈꾸며 축구에 열중하였고, 정부가 시키는 대로 공부하는 운동선수가 되기 위해 열심했다. 중학교, 고등학교,  현재 대학교까지 축구특기생으로 살아왔다.   그리고,  아들은 초,중,고,대학교 지도자들에게 늘 체력이 좋다라는 말로 버텨왔다.  그런데, 축구선수는 단체 체육이고,  각종대회를 모을 부디치며, 뛰어야하는 운동이므로
축구협회 및 정부는 대회 참여조건을 코로나백신 예방접종을 의무화시켜 강제하였다. 그리고는 백신 미접종자는 축구선수에겐 치명적인 대회참가를 불허했다.
아들은 백신접종을 충실이 잘 이행했다.  1차접종,  3개월 후 2차접종, 3개월 후 3차접종까지 2021년 9월 부터 2022년 2월까지 접종을 마쳣다.  3차 접종 후 약간의 맞은 자리 근육통을 호소했고,  대수롭지 않은 몸살기와 약간의 기침을 호소하였다.  우리 식구들은  그런 증상이 약간씩 다 있었기에 대수롭지 않게 넘겻다.
   그러나, 3차 백신을 접종한 후 14일이 지날 무렵 기숙사에 들어가 있던 아들에게서 전화가 걸려왔다. 
체력이 오르질 않는다. 목이 아프고 근유통이 쉬게 풀리지를 않는 다는 그리고 기침이 멈추질 않는 다고했고, 기침을 하고 침을 뱉으면 약간의 피가 섞여 나온다는 전화다.  그래서 기본 종합감기약을 사서 직접 전해준 후 7일이 지나 또전화가 왔다.  이젠  숨이차고, 목이 붓고, 침에서 피가 진하게 섞여나온다는 것과  몸 전체에 붉은 좁쌀같은 반점이 생기고, 이유없이 발과 다리와 허리와 손에 자주색 멍이 들고 있다는 것이다. 
   이상하게 생각했다.  그 즉시, 병원을 가라했고 학교근처 이비인후과에서 진단을 받은 결과 ""큰병원으로 가보아라!  여기서는 진단과 처방을 할 수 없다""라는 소견서를 발급해 주었다. 즉시, *** 병원을 예약을 하였고,  3월 14일 진료키로 하였다.  며칠 후  아들에게서  도저히 버티기 힘들다는 전화가 걸려왔다. 그날이 2022년 3월 11일 이었다.
예약했던 *****병원을 기다릴 수가 없어서 나는 아들을 데리고 안산시 ***** **병원 응급실에 입원을 하였다. 그날 밤, 혈액검사 후 담당의사선생님으로 부터 청천벽력과 같은 진단명 ""급성골수성백혈병""을 들었다.
지금, 2022년 4월 13일까지 골수검사를 비롯한 각종 검사를 끝내고,  1차 관해유도항암치료 중이며, 무균실에서 회복기에 적응하고 있다.
이런 정황을 구차하게 설명하는 이유는 제 아들은 젊은 20대 세내기고, 축구하고 있는 선수이며, 꿈을 키워가는 대학생입니다.  정황적으로도 국가에서 요구한 코로나 백신 1, 2, 3차를 접종하였고,  청천벽력과 같은 ""급성골수성백혈병""이란 진단을 받았습니다.   
국가는 말합니다. ""인과성이 없다"" ,  또,  전문가는 말합니다. ""인과성이 희박하다"",  전문가 다른 분은 또 이렇게 이야기 합니다. "" 인과성을 열어 놓아야 한다""  
대한민국은 인과성 증명을 본인이 증명을 해야 합니까? 
또, 전문가가 인과성을 이야기하면  전문가는 책임(인과성 증명)을 지게하고, 전문가가 속한 병원이 책임을 지게합니다. 그래서 교과서 처럼 이야기 합니다.
그렇다면, 국민이 해결 못하는 그런부분을 국가는 대신 해결해 주어야합니다.
즉, 백신 접종후 급성백혈병으로 치료를 받거나, 사망하신 분들에 대해 국가는 책임있는  답을 내놓아야 합니다.
대통령께서 직접 공식적으로 이야기 한 부분을 책임있게 답을 내놓아야 합니다.
국민이 못하는 것을 국가가 대신해 주어야 하는 것이 대통령께서 말씀하신 ""공정""아닙니까?
이젠 임기가 얼마 남지 않으니,  ""난 모르겠다!"" 이건 아니겠지요?
환우가족의 억울함과  젊은 청춘의 꿈과 인생을 짓밟은 국가가 강제한 코로나 백신 접종 후 후유증에 대해 명확한 답을 주세요!
국민이 밝히지 못한 ""인과성""과,  국가에서 말하는 ""인과성 없다""라는 것을 명확히 밝혀주세요!  간절히 바랍니다..  간곡히 부탁드립니다.
 [본 게시물의 일부 내용이 국민 청원 요건에 위배되어 관리자에 의해 수정되었습니다]",625,/19th/www.president.go.kr/petitions/605226
605225,저희 아이들이 종교집단에서 단체생활하고 있습니다.,인권/성평등,2022-04-20,2022-05-20,naver - ***,청원종료,"저희 아이들은 17살(자폐아), 16살, 14살, 5살 4형제입니다. 
저와 제 아내는 종교적 문제로 계속 갈등을 겪다 올1월 아내가 연락을 끊고 아이들을 데리고 집을 나갔습니다. 
친정 식구들 전화도 받지 않고 주변 모든 사람들의 연락을 끊은 상태입니다.
연락이 끊긴 상태에서 E-메일로 생활비를 보내주면 아이들을 보여주겠다고 하여 양육비 포함하여 생활비를 보냈지만 아이들을 보여주지 않았습니다. 
한달 동안 어디에 사는지 어떻게 지내는지 알 수가 없어 답답하던 찰나 사는곳을 수소문 하여 찾아갔습니다. 
아내가 지내는 있는 곳은 주택이며 여러명이 모여 살고 있는 곳이였습니다.
찾아가서 아이들을 볼 겨를도 없이 옆에 있던 A가 저를 보더니 경찰을 불렀고 스토킹법에 걸려 귀가 조치가 취해 졌으며 제가 손을 잡았다는 이유로 폭행죄로 조사도 받았고 현재는 보호관찰중입니다.
아내는 아이들과 그곳에서 A와 함께 집단 종교활동을 하고 있습니다. 
같이 지내는 A는 아이들 종교적인 교육을 하고 있으며 중학생인 둘째, 셋째는 학교를 무단 결석하며 등교를 하지않고 있는 상태입니다.
제가 그곳을 찾아가면 만나 주지 않고, 아이들을 보여주지 않고, 경찰을 불러 저는 귀가 조치가 취해집니다.
한번은 제가 주택 주변을 서성이다 아이들이 옥상에서 빨래를 널고 있는 것을 발견하여  올라가 둘째, 셋째를 만났습니다.
제가 집에 가자고 하자 머뭇거리며 꺼낸 말이 ""지금은 우크라이나 러시아 전쟁도 나고 그 뒤에 미국이 있어"" 라며 집에 못 간다고 하더라고요
아이들에게 집에 가길 설득하고 있을 때 A가 옥상으로 올라와 본인이 아이들 보호자라며
아이들에게 집에 들어가라 명령하니 아이들이 A말을 듣고 집안으로 들어갔습니다. 제발 아빠랑 말 좀 하자 애원했지만 제 말은 듣지 않더군요.
아이들은 A에게 복종하는 것 같았습니다. 아이들은 집에서 밖으로 나오지 않고 집안에서만 생활 하는 것 같습니다. 
현재 저는 아이들과 원만한 소통을 위해 수차례 찾아 갔더니 경찰에 신고하여 스토킹 처벌법에 걸려 접근금지 명령이 떨어진 상태입니다.
그래서 현재는 찾아가지도 못하고 있습니다.
전에 아내가 했던 말이 기억이 나 그 주택에서 생활하는 사람 중 한사람의 남편분 가게를 찾아갔습니다.
그분도 저와 같이 상황이라고 하시더라고요. 그분 아내 역시 가족분들 연락 다 끊고 7살짜리 딸아이와 같이 그곳에서 생활하고 있습니다. 그 분이 A가 소개시켜 주었다는 블로그를 알려 주었습니다.
제 아내도 1년전부터 하고 있었더군요. 
그 내용들을 보니 그동안 저에게 했던 말들이였습니다. 아이들과 저에게 블로그에 올라온 알 수 없는 약들과 오일, 이산화염소를 먹였던 것도, 코로나백신을 맞으면 안된다고 하는 것 또한 이 블로그에  있는 내용이였습니다.  아내는 블로그 말을 맹신하며 그곳에 올라온 글대로 말하며 행동하고 있었던 것이였습니다. 
저는 아이들이 너무 보고 싶고 아이들이 정신적으로나 신체적으로 건강 상태가 너무 걱정이 됩니다.
아이들이 다른 아이들처럼 학교도 다니고 친구도 만나고 정상적인 교육을 받기 바랍니다.
그곳에 갇혀 A가 하는 말만 듣고 행동하며 집 밖으로도 나오지 않고 있는 이 상황이 걱정스럽고 답답하기만 합니다.
저희 아이들 좀 도와 주세요
저 좀 도와 주세요
지금 너무 힘이 들고 아이들이 너무나도 걱정이 됩니다.
 [본 게시물의 일부 내용이 국민 청원 요건에 위배되어 관리자에 의해 수정되었습니다]",426,/19th/www.president.go.kr/petitions/605225
605224,노인병원입원시 원활한간병제도를 설립해주십시오,보건복지,2022-04-20,2022-05-20,naver - ***,청원종료,"노인은 평균 70~90세 사이에 다양한 계기로 인해 큰병을 얻게 되는경우가 매우 많습니다 이때 보호자들이 어떠한 선택을 하느냐에 따라 다시 회복하여 집으로 돌아와서 남은 여생을 영위할수도 있고 아니면 점점 더 악화의 길로 가게되어 병원에서 생을 마감하기도 합니다.
이때 노인은 본인 자신의 의견은 반영되기가 어렵습니다
정신을차리지 못하는 경우 주위 사람들에 의해 삶의 마지막이 결정됩니다
그런데 고령인 경우 요양병원으로 가는 경우가 다반사입니다
일반병원에 입원하면 더 효과적이라는걸 알지만 자녀들은 각자의 생계에 매달려있기에 간병에 대한 부담으로 고심끝에 요양병원을 선택하게 됩니다
그런데 제가 경험하고 보고 들었던 요양병원은 간단한 당 관리도 이뤄지지 않았고 병원이란 말이 무색할정도로 그저 눕혀놓고 잦은검사만 이루어질 뿐이었습니다
게다가 행정원장과 의사선생님은 입원초기부터 계속 고령이니 마음의준비를 해라 살만큼 사셨다 라는 병원을 위한 변명만을 앵무새처럼 반복할 뿐이었고 의사선생님은 저희 할머니에게 무슨약이 투약되고 있는지 바로 브리핑하지 못할정도로 간단한처치와 안정제로 마지막 가시는길 조용하게 주무시게만 할뿐이었습니다
눈물로 후회해보았지만 할머니는 요양병원에 다녀온뒤로 눈도 뜨지 못했습니다 그뒤 집에서 안정제, 각종 링겔이 안들어가니 눈을 뜨는 시간이 점점 많아졌지만 결국 말한마디 못하고 그대로 삶을 마감했습니다
이러한 개인적 경험과 독거노인을 돌보는 복지사일에 종사하며 직업적 경험을 바탕으로 수많은 노인들이 어떤 계기로 인하여
한번 요양병원내원 이라는 잘못된 선택을 하고 그길로 노인들은 집으로 영영 돌아오지못하는것을 수없이 목격하면서
제가 처음 할머니가 요양병원에 입원하실때 가졌던 상태가 좋아져서 다시 회복되실거라는 기대는 아마 모든 보호자들이 다 한번씩 생각한 부분일 것이라는 확신이 듭니다
그러나 우리나라 요양병원은 노인들의 무덤으로 전락하고 있습니다
그리하여 이렇게 청원을 드리는것은 
고령자들이 아플때 쉽게 간병걱정 안하고 전문병원에 치료를 위해 입원할수 있도록 간병제도를 더 촘촘히 정립하고 질높은 간병인확보에 힘써주셨으면 좋겠습니다
본인부담금을 내며 손쉽게 마음편하게 장기적으로 이용할수 있는 간병제도가 마련된다면
백세시대에 노인들의 마지막 삶이 더 풍요로워지지 않을까요
오늘도 한 어르신이 요양병원에 입원하셨다는 소식을 그 아들에게 전해 들으며 이글을 씁니다
다시는 집에 돌아오지 못하는 요양병원 이용을 줄이기 위해서
보호자들이 생계에 종사하면서도 손쉽게 비용납부하며 간병인을 쓸수 있도록 좀더 신경써주셨으면 하는 바램입니다
우리나라의 의술은 눈부시게 발전하여 수명이 늘어난만큼
삶의 마지막을 위한 정책을 더 보완해 주십시오
감사합니다",266,/19th/www.president.go.kr/petitions/605224
605223,경찰의 잘못된 강압적 수사.감정적 대처로 인해서 저희 가정은 고통과 시련과 파탄 지경 까지 되었습니다. 대전 유성경찰서 **지구대 *** 경위를 꼭 처벌해 주세요,인권/성평등,2022-04-19,2022-05-19,kakao - ***,청원종료,"저와 남편은 2021년 12월 27일 새벽 1시경에 부부 싸움을 하였는데 보다 못한 큰아이가 편의점에 가서 경찰에 신고하게 되었습니다. 경찰이 싸움 장소로 출동하였고 경찰이 아이 말만 믿고 지금 당장 분리조치를 하는게 좋을 것 같다고 해서 그러라고 했습니다.
  경찰관 말이 남편이 지금 당장 분리가 가능하니 집 밖으로 내보내겠냐고 하여 저는 경찰관이 싸움을 말리는 줄 알고 그러겠다고 하였습니다.
 --경찰관이 서류 1장을 주면서 사인하라고 하여 저는 무엇인지 잘 모르고 사인을 그냥 했고 남편에게도 사인을 받으려고 했는데 남편에게 반말로 싸인하라고 말해서 남편과 경찰 사이에 언성이 높아지면서 서로 감정이 격해지고 흥분하게 되었는데 경찰관이 갑자기 저와 둘째아이를 분리시키지도 않고 둘째 아이가 보는 앞에서 남편의 팔을 뒤로 꺽으며 수갑을 채우고 목을 짖누르는 광경을 보게 되어 둘째 아이와 제가 심하게 충격을 받았으며 가슴이 찢어졌습니다. 
--또한 남편이 팔이 빠진 것 같다고 하며 얼굴이 고통스럽게 일그러져 있었고 남편 어깨가 탈구된 것 같으니 수갑을 풀어달라고 말하였으나 경찰관이 풀어주지 않았습니다. 남편은 평상시 불안장애 약을 먹고 있었는데 그 당시 너무 고통스러워 하면서 숨쉬기 어려워 하였습니다. 그래서 저는 남편이 가지고 다니던 가방을 뒤져서 불안장애 약을 먹이게 되었습니다. 그 후로도 호흡곤란과 극심한 통증을 호소하면서 수갑을 풀어달라고 2번이나 더 말을 했지만 경찰관이 풀어주지 않았습니다. 특히 경위는 팔이 빠진 남편을 보고도 수갑을 풀어주는 게 아니라 반말로 저와 둘째 아이, 다른 경찰관이 모두 보는 앞에서 “어이, 좀 일어나 보쇼” 라며 아파서 꼼짝도 못하고 있는 남편에게 심한 모욕감을 주었습니다. 다른 경찰관도 많이 있었기 때문에 수갑을 풀어주어도 위험한 상황이 생길 일이 없었는데도 ***경위는 풀어주라고 지시를 내리지 않아 팔이 빠져서 수갑을 찬 상태로 20분이상 있게 만들었습니다.
--응급구조사가 왔고 그분 말씀이 남편 상태가 호흡이 불안정하고 안 좋아보이는 상태라 저에게 보호자로 따라가야 한다고 했습니다. 제가 그때 당황해서 갈팡질팡하고 있었는데 그때 *** 경위가 밖으로 불러서 어쩔 줄 모르는 저에게 위협적으로 말하며 저 사람(남편)은 이혼할 생각이 없는 것 같으니 아이들을 챙길건지, 남편을 따라 갈건지 여기서 빨리 결정하라고 하였습니다. 지금 와서 생각해보면 경찰관이 어째서 남의 사생활에 관여하는 것인지 알 수가 없습니다. 다친 남편을 따라 가라고 한 것이 아니라 지구대로 가자고 하였습니다. 
--응급구조사는 보호자 없이는 응급실에 갈 수 없는 상태라고 해서 저는 다친 남편을 따라가려고 했습니다. 그러다 ***경위 와 응급구조사가 따로 나가서 얘기를 하더니 남편을 두고 가도 되니까 빨리 가야한다고 강압적으로 말했습니다. ***경위가 저에게 지금 당장 조서를 받아야 한다고 해서 저는 시키는 대로 **지구대에 갔습니다. 저에게 차가 있는지 물어서 있다고 하니까 제 차를 타고 오라고 해서 따라갔습니다. 
-- **지구대에 도착해서 큰아이와 가서 새벽 4-5까지 조서를 받았습니다. 그 당시 저의 상태는 2일간 잠도 못자서 정신이 흐릿한 상태였으며, 그 다음날 조서를 받아도 되는 것도 설명을 듣지 못했고 지금 당장 조서를 받아야 한다고 해서 저는 정신이 몽롱한 상태로 조서를 썼습니다. 잘 기억이 나지 않고 중간중간에 졸리고 머리가 아파 엎드리기도 했는데도 경찰관은 쉬지 않고 질문을 해서 묻는 말에 대답을 겨우 하였으며 조서에 사인까지 하게 되었습니다. 저는 지금도 그 조서가 잘 생각이 나지 않습니다. 
--같은 시각 다른 방에서는 ***경위에게 큰 아이가 조서를 받았습니다. 아이가 충격을 받고 졸려서 정신이 없는 상황이였는데도 아빠 혼내주고 싶지 않냐며 아이에게 강압적으로 조서를 받으라고 했고 졸려서 기억이 안나 머뭇거리고 대답도 잘 못하는 상황이였는데 ***경위는 쉬지않고 자꾸만 물어보고 그래도 기억을 못하자 아이는 무서워서 불러주는 대로 조서를 작성했다고 합니다. 
또한 ***경위는 아이가 계속 졸리운데 잠을 안재우고 계속 조사를 받게 하였고 원하는 대답이 안나오면 반복적으로 질문을 계속해서 아이는 시키는대로 예, 예,,예 라고 대답했다고 합니다. 
 ***경위는 아이가 있고 졸려서 힘들어 하는데도 귀가조치를 먼저 시키지 않고 지금 당장 조서를 써야한다고 우리 가족을 압박했습니다. 아이가 졸린데 고문처럼 조서를 받게 하는 동안 저도 조서를 쓰느라 아이를 지키지 못하였습니다. 게다가 그 새벽에 둘째 아이는 저와 큰아이를 기다리느라 지쳐서 경찰서 소파에서 자고 있었습니다. 저는 그날 경찰관이 아이를 보호해주는 줄 알고 경찰관을 따라 간 것이였습니다. 그런데 경찰관은 우리 가족을 보호해준 것이 아니라 경찰서에 처음 가보고, 판단력이 흐려져 있는 아무것도 모르는 주부를 대상으로 강압적으로 새벽에 야간 조서를 받고 아이 까지 보호자 없이 강압적으로 조서를 받게 만들었으며 아빠 혼내주고 싶지 않냐며 조서를 작성하게 하였습니다.( ***경위 왈: 우리 신고한 딸에게 고소하고 싶지않냐?
혼내주고 싶지 않냐?는 등 유도신문과  경찰관이 가정사를 사적으로 유도 질문함 )
--또한 그 조서가 이례적으로 하루만에 여청계 수사팀으로 넘어가서 아이와 남편이 화해하여 아이가 고소 취하서도 작성하여 냈는데 이미 검찰청에 조서가 접수가 되어버려서 고소도 취하해도 소용없게 되어버려서 아버지를 가정폭행범으로 만들었습니다. 
--저와 남편은 그 과잉진압 당시의 충격으로 지금도 정신과 치료를 받고 약을 먹고 있으며 아이들과 남편도 충격을 받아 힘들어하며 당시 편찮으셨던 어머님도 이 사실을 알고 큰 충격으로 병세가 더 악화되어서 돌아가시게 되었습니다. 우리 가족은 지금도 너무나 큰 슬픔과 충격에 빠져있습니다. 저는 그때 응급실에 남편을 따라가지 않은 것을 후회하고 한이 되어 평생 죄인으로 살고 있습니다.
--국민을 지키게 할 경찰관이 다친 남편에게 반말로 심한 모욕감을 주고 아무것도 모르는 주부와 아이를 대상으로 심야 조서를 받게 하여 우리 가정을 위기에 빠뜨린 ***경위를 처벌해주세요. 저의 가족은 한 경찰관의 잘못된 수사로 한순간에 어머님과 가정을 잃어 버렸고 지금도 힘겨운 법정 싸움을 하고 있습니다 
도와 주세요 간곡히 부탁드립니다 .
 [본 게시물의 일부 내용이 국민 청원 요건에 위배되어 관리자에 의해 수정되었습니다]",408,/19th/www.president.go.kr/petitions/605223
605222,"문재인대통령님,인천흉기난동사건은 사전에 막을수 있었던 사건으로,이사건으로 보여진 경찰의 행태를 반드시 바로 잡아주시기를 청원합니다.[피해자 남편입장]",정치개혁,2022-04-19,2022-05-19,naver - ***,청원종료,"존경하는 문재인 대통령님.
저는 정부의 잘못으로 한 가족이 비참히 무너져 고통을 안고 살아가는 인천 흉기난동 사건의  피해 가족의 가장입니다. 경찰의 이해할 수 없는 부실 대응으로 평생 불구가 된 아내와 돌이킬 수 없는 상처를 입게 된 딸을 데리고 살아야하는 가족의 가장입니다.
 제가 이렇게 청원을 하는 것은 앞으로 저희와 같은 피해자가 더 이상 발생하지 않았으면하는 소원과 막막한 생계 때문입니다. 
잘 아시다시피 경찰의 적극적 대응으로 얼마든지 가족들의 피해를 줄일 수 있었으나 경찰은 그러하지 못했습니다.
저희 가족은 이번 사건으로 인해 국가의 관리 잘못으로 인한 피해를 고스란히 안고 살아가야 합니다. 가진 것 없는 저희와 같은 가난한 피해자 가족들은 돌이킬 수 없는 큰 재난을 당하여서도 환자를 돌봐야하는 것은 물론이고 먹고 살아야 될 생계비 걱정까지 해야 할 처지입니다. 이런 현실이 이 나라가 너무 원망스럽습니다. 이 모든 고통이 제발 잠깐 지나치는 악몽이길 바랄 뿐입니다.
 저희 가족은 다친 사람들의 슬픔조차 느낄수 없습니다. 생계비가 걱정되어 그것을 마련하기위해 일자리를 알아봐야 하고 생계비도 꿔야 하는 고통을 겪고 있습니다. 이런 나라가 선진국가입니까. 이런 나라에서 태어난 것이 너무나 가슴 아픕니다.
 이런 일을 당해보니 그간 국가의 관리 잘못으로 인한  피해자들이 얼마나 많은 고통을 받고 살았는 지를 알게 되었습니다.
 존경하는 대통령님  
 큰일을 하시느라 저희와 같은 피해자 가족들이 대통령님께는 사소한 일로 보일 수 있겠으나 국민의 재산과 생명을 지키는 일에 관해서는 누구보다도 국가의 통치권자가  더이상 억울한 피해자가 발생하지 않도록 관심을 가져야 하지 않겠습니까. 
 대통령님 이런 억울한 일은 좀 신경을 써서 봐 주시기 바랍니다. 
사고 당일인 2021년 11월 15일 저희는 두 번 신고를 했습니다. 1차 신고 때는 딸아이가 신고를 했는데 출동한 경찰이 범인의 손에 흐르는 피를 보고도(현관문의 도어락을 칼로  훼손하여 열려고함ㅡ이때 손이 다쳤을 것으로 추측) 조치를 취하지 않았습니다.
 딸이  가해자 손에 피가 나는 것을 경찰이 확인했는 지와 가해자가 본인을 칼로 찌르면 어떻게 하냐고 극심한 두려움에 출동한 경찰한테 도움을 요청했으나 손이 왜 다쳤는지는 범인이 오리발을 내밀고 있지 않냐고 되묻거나..칼로 찌를 일은 없길 바래야죠...라고 말하며 그냥 외면했습니다. 그때만 제대로 성의있게 조사했어도 그런 일은 없었으리라 생각되어 매우 억울하고 원통합니다. 
 2차신고 때는 출동 경찰 두 명 중에 한명도 아닌 두명 모두 CCTV공개된 것처럼 도망을 갔습니다. 경찰들이 만약 자신들의 가족이였다면 문이 안열려서 밖에서 그냥 그러고만 있었을까요. 시민이 칼에 찔리는 것까지 본 경찰들이 한 행동이라고는 믿을 수 없습니다.
그리고 인천 경찰청장이 자진사퇴하고 경찰청장이 사과하는 마당에 경찰들의 사건 사고들이 계속 됩니다. 이번 사건으로 블라인드에서 경찰들의 댓글들이 이렇습니다. 경찰이 최소한의 윤리의식이 있는 건가요
https://n.news.naver.com/article/421/0005804930
https://n.news.naver.com/mnews/article/629/0000124004?sid=102
https://n.news.naver.com/article/082/0001146459
https://n.news.naver.com/article/421/0005824250
https://n.news.naver.com/article/081/0003165524
법과 질서를 누구보다도 먼저 준수해야 하는 경찰임에도 이번 사건으로 인하여 경찰의 민낮을 보게 되었고 다시는 경찰을 신뢰할 수 없는 불신을 갖게 되었습니다 .
도대체 이들은 무엇을 보고 배우며 교육받았는지 묻고 싶습니다. 경찰은 조사 과정에서부터 사건을 축소 은폐시키고 범죄 피해자들의 가족들에게 회유를 했습니다. 또 cctv와 보디켐 등을 숨기려고 했습니다. 경찰조직이 국민들의 억울함을 풀어 주기보다는 힘없는 피해자 가족들을 상대로 마치 경찰은 아무 잘못이 없다는 식으로, 자기식구 감싸기에 급급해 했습니다. 
국민의 재산과 생명을 지키는 경찰이 맞나요. 국민의 세금으로 먹고사는 경찰들이 자신들을 지키기 위해 국민위에 서려는.. 정말 생각하기도 싫은 경찰의 행태에 너무나 많은 실망을 하게 되었습니다
심지어는 한 경찰dsm 봉급이 300만원이라며 경찰이 미쳤다고 목숨 걸고 국민의 안전을 지키냐며 봉급받는 만큼만 일하겠다는 말과 국민에게 구질구질하게 질척거리지 말라며 그냥 나가죽어. 이런 댓글을 올리는 썩어빠진 경찰이 있습니다. 이러니 어떻게 국민의 안전을 지키겠습니까.
https://n.news.naver.com/article/079/0003630946
이런 경찰들이 수사를 담당한다면 억울한 피해자가 앞으로도 계속 생길 것이 뻔한 일 아니겠습니까
대통령님 
이런 것이 지금의 현 정부의 민낯이 아니길 저는 믿고 싶습니다
이런 일부의 경찰 조직이 곳곳에 암적으로 있는 한 선량한 국민의 생명과 안전을 지키기는 힘들 것 같습니다. 
대통령님
도대체 정부는 경찰들에게 무엇을 어떻게 교육시키고 관리를 했기에 이처럼 국민들을 울리고, 국민들의 신뢰를 스스로 박차는 경찰이 되었단 말입니까. 또 경찰로 인해 돌이킬 수 없는 피해를 입은 수 많은 피해자들에게 정부가 해준 것이 무엇인지 묻지 않을 수 없습니다. 
대통령님
아내는 지금 뇌가 괴사되어 인지능력이 1~2살 정도이고 딸 자식은 젊은 나이에  얼굴과 손등에 돌이킬 수 없는 상처를 입었습니다. 딸 자식은 또 범인이 저지른 만행으로,  엄마가 칼에 찔리는 모습을 생생히 지켜봐야 했기에, 지울수 없는 트라우마로 아무 것도 할수가 없게 돼 있습니다. 딸과 이제 나이 50도 않된 아내가 30~40년을 평생을 불구로 살아가야 하는 상황입니다. 
대통령님 
아내를 돌보기 위해 보상금 18억원을 국가와 경찰을 상대로 배상청구를 했습니다. 정부와 경찰은 그런데 소송금액이 과하다고 하여 법원에 피해자들에게 국가가 지급할 의무가 없다며 기각해달라는 믿기 어려운 답변서를 제출했다고 합니다. 
정부가 경찰이 정말 힘없는 약자 편에 서서 열심히 일하는 조직이 맞습니까. 저는 그동안 대통령님과 나라를 믿고 살아왔습니다. 제가 믿고 산 나라와 대통령님이 맞습니까. 
경찰의 행태를 보면 시간이 지나면 국민들의 기억속에서 사라질거니 그때까지 기다리자는 것 같습니다. 이런 경찰이 대통령님이 원하는 정부 기관 맞습니까. 이게 대통령님이 말하는 공정과 상식이 살아숨쉬는 나라가 맞는지요. 
존경하는 대통령님 
새 정부가 들어서기 전에, 대통령님이 청와대를 떠나시기 전에, 생활고와 상처로 이중고통을 겪고 있는 저희 가족이 힘을 낼 수 있게 대통령님께서 몇가지 꼭 해결해 주시길 간곡히 부탁드립니다. 
첫째,  
딸의 신고로 사건당일 1차 출동한 남자 경찰들 2명을 조사해 주십시오. 당시 딸은 범인의 횡포 때문에 무섭다며 제발 도와달라고 경찰들에게 절규했습니다. 딸은 경찰과 함께 범인의 집을 방문해 피를 흘리고 있는 범인을 경찰과 함께 목격했습니다. 딸은 저 사람이 나를 죽이려고 칼로 문을 따다 손을 다쳐 피를 흘린것 같다며 조사해 줄 것을 요구했습니다. 그러나 출동한 경찰은 범인이 집안에서 일하다 다친 것 같다는 말만 남기고 무심히 돌아갔다고 합니다. 
그때 출동한 경찰이 조금만 관심을 갖고 범인을 추궁했다면 사건 당일 오후에 그런 비참하고 끔직한 사건은 일어나지 않았을 것입니다. 
 칼부림 현장에서 도망한 두명의 경찰과 초동 수사를 제대로 하지 않은 경찰 두명 모두 4명을 엄히 다스려 국가의 잘못으로 인하여 다시는 저희와 같은 피해자가 발생하지 않도록  철저히 수사하여 엄한 벌을 내려줄 것을 간절히 청원합니다
둘째,  
국가의 잘못으로 인해 피해를 본 저희 가족들이 살아갈 수 있게 최소한의 생계비리도 지급해 주십시오. 환자를 간병하고 돌보아야 함에도 부족한 생계비가 걱정되어 돈을 빌리고 일자리를 알아봐야하는 눈물겨운 현실에 저희 가족은 두 번의 고통을 겪고 있습니다. 부디 저희 가족이 살아갈 수 있게 힘을 낼 수 있게 도와주시기 바랍니다. 
마지막으로 
아내가 저렇게 불구가 되고 장모님은 1월말 말기암 진단을 받았습니다. 다친 딸 때문에 암이 도진 것입니다. 장모님은 본인의 딸이 자신이 죽기 전에 말이라도 하는 것만 봤으면 좋겠다고 눈물을 훔치고 있습니다. 자신도 죽게 생겼으면서 딸을 가슴에 품고 저렇게 본인보다 자식을 더 걱정하시는 부모님..살고자해서 사는 삶이 아니라 마지 못해서 1분1초를 너무 슬프게 살아지는 그 모습이 심정이 너무 애처롭습니다. 장모님이 마지막 순간까지 딸 걱정을 조금이라도 놓을 수 있게 대통령님이 저희 가족이 억울한 일이 없도록 신경써 주시기 간곡히 부탁드립니다. 
감사합니다.","5,790",/19th/www.president.go.kr/petitions/605222
605221,부산***** ***** ****과 일방적 폐과,문화/예술/체육/언론,2022-04-19,2022-05-19,naver - ***,청원종료,"반갑습니다. 부산***** ** *** ****학과에 재학중인 학생입니다. 저희가 입학한 지 한 달이 되었는데 저희 ** *** ****학과가 아무 예고 없이, 신입생과 복학생들은 한 달 만에 폐과 통보를 받았습니다. 먼저 학교 시설도 좋지 않을뿐더러 적극적인 지원도 해주지 않고 성과를 보이라고만 합니다. 3년전, 총장님께선 지원금을 받으면 극장을 만들어주겠다고 약속해주셨습니다. 올해 우리 학교는 부산에서 제일 많은 지원금을 받았으나, 그 약속을 지키는 대신 저희에게 폐과 통보를 한 것입니다. 학교의 부족함 때문에 생긴 결과의 책임을 왜 우리에게만 묻는 것입니까? 그리고 연기과는 필수적으로 극장을 필요로 하는 과입니다. 그러나 전국을 통틀어 극장이 없는 곳은 우리 과가 유일합니다. 실습이 필수적인 무대 조명 수업 또한 조명기가 없어 현재 이론으로만 진행하고 있습니다. 폐과 이유는 입학률이 낮아서, 정원을 채우지 못해서라고 합니다, 그러나 오고 싶은 학교가 되려면 그만큼의 투자가 필요하다고 생각합니다. 학교는 높은 입학률을 위해 진정으로 투자를 하였는지 묻고 싶습니다. 이 밖에도 저희가 사용하는 시설들 모두 노화가 진행 중입니다. 그리고 저희에겐 지도교수가 없다는 사실입니다. 저희 편을 들어주신 단 한 명뿐이었던 지도교수마저 해고 당하셨습니다. 이때까지 참아온 학생들에게 줄 수 있는 대가가 과연 폐과였을까요? 우리는 사기 입학을 당했습니다. 우리의 꿈이 돈으로 밖에 보이지 않는 겁니까? 저희와 충분히 상의할 수 있었음에도 어떠한 논의도 상의도 없었습니다. 저희의 목소리를 들어주시고 한 번만 읽어주시면 감사하겠습니다. 학교는 일방적인 폐과 통보 후 반발하는 우리에게 법대로 하자고 합니다. 평생 책임지겠다는 학교는 어디 갔는지 폐과 될 것을 알았다면 우리가 입학을 했겠습니까? 아무런 지원도 없고 시설도 좋지도 않고 원하는 것을 배우러 온 것 뿐인데 폐과는 말이 되지 않는 것 같습니다. 더 이상의 폐과는 없어야합니다.
 [본 게시물의 일부 내용이 국민 청원 요건에 위배되어 관리자에 의해 수정되었습니다]",426,/19th/www.president.go.kr/petitions/605221
605220,인혁당 피해자에 대한 빚고문을 중단하기를 청원합니다.,인권/성평등,2022-04-19,2022-05-19,naver - ***,청원종료,"인혁당 피해자에 대한 ‘빚고문’ 해결 탄원서
이 나라 민주화를 위해 감옥살이 8년, 보호관찰 12년. 일생을 민주주의를 지키기 위해 노력한 남편 ***을 대상으로 인혁당 ‘빚고문 사태’를 일으킨 나라가 기가 막혀 마지막으로 탄원합니다.
인혁당 재건위 사건에 대한 국가 배상금 중 5억을 다시 내놓으라는 이명박과 박근혜 정부에 이어, 최근 ‘압류를 풀어줄 테니 집을 팔아 원금만 갚도록 하는 방안을 추진해 보겠다’는 연락을 들었습니다. 원금을 훌쩍 넘는 이자라도 탕감해주겠다는 것도 감사하지만, 한 사람의 인생과 가족을 희생시킨 나라가 이래도 되는지요.
양평에서 촛불 집회에 참여하면서 ‘사는 집에서 쫓겨나지 않도록 해 달라’고 두 손을 모아 주님께 기도하였지만 허사가 될 모양입니다. 일 년에 두 차례 문재인 대통령님이 주신 술과 선물을 받아먹으면서, 우리 부부는 문재인 대통령께서 집을 압류하고 강제 경매 소송까지 벌인 인혁당 ‘빚고문 사태’를 해결해주시려니 믿고 기다렸습니다.
나라를 위해 고생하시다가 청와대를 떠나는 두 분은 새 집으로 들어가시겠지만, 일생을 희생하고 빨갱이라는 누명에 시달린 남편 ***과 저는 헌 집에서 쫓겨날 형편입니다. 힘 있고 돈 있고 권력을 가진 사람은 사면도 해주시면서, 일생을 송두리째 빼앗아간 이 나라가 똑같은 국민인 저희 역시 구해주어야 올바른 것 아닙니까? 
집을 지키기 위해 법에 호소하기도 하고 탄원을 했어도, 모두가 우리를 외면하고 내팽겨쳐 버렸습니다. 국회에도 호소하여 법안이 발의되었지만, ‘발의만 되고 사장되는 법안이 팔천 개를 넘는다’는 국회의원의 말에 실망했습니다. 
촛불 정부 초기 청와대가 인혁당 재건위 사건 관련자와 가족들을 만나고 의견도 청취하였기에, 주었다 빼앗는 배상금과 부동산 압류 같은 저희 억울한 문제를 풀어줄 것 을 기대했습니다. ‘상황이 여의치 않으니 인권위원회의 권고안이라도 받으면 해결해 줄 수 있을 것’이라 하여 저희는 더 희망에 찼습니다. 저희는 인권위원회에 진정을 냈고, 인권위원회는 조사 결과 ‘대통령이 이 문제를 해결하라’는 권고안을 냈습니다. 
국정농단 주범인 박근혜를 사면하신 문재인 대통령님! 법무검찰개혁위원회와 국가인권위원회의 권고안대로, 퇴임 이전에 인혁당 재건위 피해자와 가족들을 대상으로 하는 ‘빚고문’ 사태를 해결해 줄 것을 마지막으로 탄원합니다.
2022년 4월 
인혁당 재건위 피해자 ***의 처, *** 올림
 [본 게시물의 일부 내용이 국민 청원 요건에 위배되어 관리자에 의해 수정되었습니다]","1,153",/19th/www.president.go.kr/petitions/605220
605219,"금품수수혐의 ""현)*** **시교육감"", ""*** **시의회 의장""에 대한 조속한 단죄를 촉구합니다.",정치개혁,2022-04-19,2022-05-19,kakao - ***,청원종료,"제목 : 금품수수혐의 ""현)*** **시교육감"", ""*** **시의회 의장""에 대한 조속한 단죄를 촉구합니다.
[청원취지]
축의금 명목으로 금품을 주고 받아 **경찰청으로 부터 기소의견으로 검찰로 송치된, 현직 *** **시교육감과 더불어민주당 *** **시의회 의장의 조속한 단죄를 대통령 및 청와대, 검찰, 공수처에 촉구합니다.
[청원내용]
현) *** **시교육감은 더불어민주당 *** **시의회 의장과 축의금 명목으로 금품을 주고 받은 사건에 대해 **경찰청 광역수사대로 부터 지난해 9월 ""공직선거법 및 부정청탁 및 금품 등 수수의 금지에 관한 법률(청탁금지법 위반 혐의)등의 혐의""를 적용해서 기소 의견으로 검찰에 송치된 바 있습니다.
*** 교육감은 지난해 4월 결혼 축의금 명목으로 *** 의장에게 현금 200만원과 양주 등을 건넨 혐의로 경찰 조사를 받아 왔습니다.
지난해 9월 경찰청이 검찰에 기소 의견으로 송치했으나, 수개월이 지나도록 아직도 검찰에서의 기소 등 사법권 발동이 되고 있다는 소식은 접해 볼 수 없는 상황입니다.
현직 교육감의 금품수수 사건임으로 고위공직자 수사를 하고 있는 공수처에 신고를 했었으나, 경찰이 검찰에 기소의견으로 송치한 사건임으로 공수처는 조사를 할 수 없다는 답변을 받은바 있습니다.
공수처의 입장이 그렇다면 고위공직자 수사처로 어떤 의미가 있을까 싶습니다.
일을 하겠다는 것인지 말겠다는 것인지 상식적으로 이해가 되지 않았습니다.
하여, 대통령 및 청와대, 검찰, 공수처에서는 정의로운 대한민국이 되어지도록 위 사건에 대해 조속한 조치를 취해줄 것을 촉구하는바 입니다.
 [본 게시물의 일부 내용이 국민 청원 요건에 위배되어 관리자에 의해 수정되었습니다]",292,/19th/www.president.go.kr/petitions/605219
605218,OOOO대학교 청소용역원 관련 비리 고발,인권/성평등,2022-04-19,2022-05-19,naver - ***,청원종료,"1. OO광역시에 소재한 OOOO대학교는 2년마다 3개 캠퍼스 용역업체 선정을 위한 입찰을 합니다.
2. 2019년 12월에도 같은 방식으로 입찰을 진행하여 용역업체가 선정되었고 용역계약을 체결하였습니다.
3. 청소용역의 근무조건과 급여조건은 3개 캠퍼스 동일하였고 고용을 승계하여 다년간 같은 조건으로 근무한 용역원이 다수 였습니다.
4. 하지만 2020년~2021년 OOOOOO마을 용역업체로 선정된 OO자산관리는 근무조건 변경 없이 기본급여를 삭감하는 계약을 용역원들에게 강요하여 계약서를 작성합니다.
5. 용역원들은 회사의 방침에 억울하였지만 고용을 승계하지 않을 수 있다는 생각에 어쩔 수 없이 동의하고 계약서에 사인을 할 수 밖에 없었습니다.
6. 2021년 5월경 용역원들은 이상한 소문을 듣게 됩니다. 기본급여 삭감이 용역업체의 갑질이라고 생각하고 있었는데 대학측 용역업체 담당팀장이 기존 기숙사 사감 용역원 4명을 해고하고 자신의 지인들로 채용하라고 용역회사에 지시하였고 계약시에 책정된 사감 용역원들의 급여를 인상할 목적으로 청소용역원의 급여를 삭감하였다는 내용이었습니다.
7. 억울한 사정을 대학측에 전달하였지만 해결되지 않았고 국민신문고에 민원을 올리기 시작하였습니다.
8. 교육부를 상대로한 국민신문고는 OOOO대학교의 자체감사로 이어졌고 금방이라도 해결될 것이라 생각하였지만 현재도 완전한 해결은 이루어지지 않고 있습니다.
9.  담당자의 업무상 배임을 처벌하고 용역원들의 급여를 정상지급하라는 요구에 대학측은 담당자 처벌은커녕 2021년 7월 이후의 급여만 정상화 시켜 지급하고 있습니다.
10. 업무상 배임의 담당자는 당연히 대학에서 사법기관에 신고할 것이라고 쉽게 생각하였고 용역원들의 지급되지 못한 18개월 급여 또한 소급하여 지급될 것이라 생각한 용역원들은 억장이 무너졌습니다.
11. 들리는 소문에 의하면 업무상 배임의 담당자를 신고하여 처벌하지 못하는 이유는 대학의 총장이 관여하고 있다고 합니다.
12. 대학의 총장이 무슨 이유로 청소용역원들의 급여로 장난을 친 담당자를 감싸고 있는지 알 수 없지만 대학이 조직적으로 담당자를 보호하고 용역원들을 두 번 울리는 대학의 처사는 총장이 관여하지 않고는 있을 수 없는 일이라고 생각하고 있으며 용역원들의 마음은 갈갈이 찢기고 형용할 수 없는 아픔에 울고 싶어도 울지 못하고 있습니다.
13. 억대의 연봉을 받으시는 대학의 총장과  담당팀장이 최저임금으로 가족의 생계를 책임지며 하루하루 어렵게 살아가는 용역원의 급여로 도대체 무엇을 한 것인지 지금이라도 청와대에서 밝혀 주시길 간곡히 요청 드립니다.
14. 교육부에 많은 민원을 올려도 감사 한 번 진행하지 않았고 현재도 진행중에 있는 대학측의 자체감사는 제 식구 감싸기로 일관하고 있습니다.
15. 청와대에서 조차 해결해 주시지 않는다면 이제 어디에 호소하여야 할지 막막합니다. 부디 청소용원들의 답답하고 애절한 사정을 깊이 헤아려 관련된 모든 일들을 철저하게 밝혀주시길 부탁드립니다.
16. 감사합니다.",196,/19th/www.president.go.kr/petitions/605218
605217,대전  **재정비 촉진구역 재개발  조합원이 고통에 시달리고 있습니다.,교통/건축/국토,2022-04-19,2022-05-19,naver - ***,청원종료,"대전  **재정비 촉진구역 재개발  조합원입니다. 
4월 23일 2시에 조합장 및 해임임원(이사, 감사) 총회를 많은 조합원이 동참하고 모금하여 발의하고 총회가 예정되어 있습니다.   
그동안 조합은 조합원을 무시와 농락하며 결국 엄청난 피해를 조합원이 보고 있어 조합원이 뭉쳐 힘들게 해임총회까지 진행을 하게 되었습니다. 
그런데 해임대상자 조합장과 해임임원이 해임을 방해 하고자 조합원의 개인정보를 불법적으로 홍보요원에게 전달하여 매일 같이 많은 조합원이 원치 않는 연락과 대전뿐만 아니라 전국적으로 홍보요원이 연락과 방문을 동의하지 않았음에도 지속적으로 불시에 찾아오고 초인종을 눌러 조합원들이 불안에 떨고 있습니다. 
위 행위는 분명 조합장과 해임임원이 본인들의 해임을 위해 조합원 개인정보를 동의없이 알려줬기에 ""개인정보보호법위반""
또한 불법홍보요원으로 하여금 조합원에게 연락하여 해임 찬성시 사업이 늦어진다는 허위사실로 조합원을 기망하는 행위는 조합장이 자신의 위력을 행사하는 것과 마찬가지임으로 "" 업부방해죄"" ""강요죄"" 에 성립된다고 봅니다. 
이에 더이상 많은 조합원이 피해를 보지 않도록 도움부탁드리며 더이상 두려움에 떨지 않았으면 합니다.
 [본 게시물의 일부 내용이 국민 청원 요건에 위배되어 관리자에 의해 수정되었습니다]",208,/19th/www.president.go.kr/petitions/605217
605216,**시 아파트 앞 초인접 거리에 건설계획중인 지식산업센터 허가를 막아주세요!! 제발 도와주세요!!,교통/건축/국토,2022-04-19,2022-05-19,naver - ***,청원종료,"**시 **에 살고 있는 ***** 아파트주민입니다! 
제가 사는 아파트 앞 초인접 거리에 지식산업센터가 들어온다고 합니다!
이 지식산업센터는 저희 아파트 단지와 마주보고 있고 아파트 1601동 단지를 다 가려버려서 사생활 보호도 전혀 안됩니다. 
또한 높은 층고로 인해 저희 아파트 단지보다 높게 지어서 일조권 피해도 상당히 큽니다.
또 공사기간은 약 2년동안이라고 하는데...대통령님! 저는 첫째 아기가 3살이고 현재 임신중입니다.
저희 아이들은 태어나자마자 사생활 침해로 인해 하루종일 커텐을 닫고 왜 살아야하나요?
왜 저희 아이들은 초인접에 지을 계획중인 지식산업센터로 인해 지금의 일조량을 피해받고 충분하지 않는 일조량을 가져야하나요?
또한 공사기간중에 엄청난 소음과 분진 등으로 창문조차 열기 힘든데..저희 아이들뿐만 아니라 저희 아파트 동에 살고있는 모든 아이들은 왜 이런 정신적 육체적인 피해를 봐야합니까?...
**시에 살고 있는 저희들은 엄청난 정신적인 육체적인 피해를 받는데 **시청에 이러한 문의 및 민원을 넣었지만 허가를 내는데 법적인 문제가 없다는 똑같은 답변뿐입니다.
저희같이 힘없는 서민들은 그냥 모든 고통은 참고 아무말 하지 말라는겁니까?
도대체 누구를 위한 법입니까? 강자를 위한 법입니까?
제발 도와주세요!!!
우리 아이들에게 충분한 일조권을 가질 수있게 도와주세요!!
모든 일상생활이 보여 사생활 침해가 큰 초인접 건물공사를 막아주세요!!
아파트 앞 초인접 거리에 지을 예정인 지식산업센터 앞 많은 화물차와 공사차량으로 인해 우리 아이들의 안전에 위협을 주는 지식산업센터 허가를 막아주세요!!
**시청은 제발 저희 주민들의 의견도 들어주세요!! 
저희도 세금을 내고 있는 **시민 입니다!!
**시장님!! 제발 저희 좀 도와주세요!! 
아무도 도와주지 않고 나몰라라 하는 **시에 너무나도 분통하고 억울합니다!!!
**시장님 바로 집앞에 엄청난 피해를 주는 지식산업센터가 들어온다고 해도 가만히 계시겠습니까?
저희의 목소리를 제발 모른 척 하지 마세요!!
대통령님 제발 도와주세요!!
 [본 게시물의 일부 내용이 국민 청원 요건에 위배되어 관리자에 의해 수정되었습니다]",294,/19th/www.president.go.kr/petitions/605216
605215,국민여러분들께 저희 어머님의 억울하고 비통하게 돌아가시게 된 사연을 알리고자 이렇게 긴사연을 올리게 되었습니다.,기타,2022-04-19,2022-05-19,kakao - ***,청원종료,"꼭 국민 여러분의 어머님 이시라고 생각하여 주십시요. 부탁드립니다..지난3월23일수요일..
저는 너무도 황당하고 평생 가슴아픈 소식을듣게되었습니다..그날은 저희 어머니(강도엽82)가 코로나로 인해 다른 전담 병원으로 이송중에 사망하셨다는 비보를 받았습니다..작년 2021년6월18일날 욕창치료때문에고양시에 있는 ***요양병원에서 치료를 하셨고 그날은 욕창 치료랑 건강상태도 좋아지고 하셔서 가까운곳에 있는 ****요양원으로 당분간만 좀더 건강이 좋아지실때까지 그곳으로가시기로 해서 어머니를 모시러가기로했습니다..저는 부산에서기차를타고 가는중이였습니다..근데..그 전날까지 코로나검사음성이셨던분이 그날23일날에 코로나양성반응이라서 요양원으로못가신다고연락을받았습니다..저는벌써엄마를요양원으로모시고갈려고 기차를타고올라가는중이였구요...바로***요양병원담당주치의선생님과통화를 했었고, 엄마혼자만코로나로 감염되었다고하셨고, 병원측(담당주치의)에서도황당하다고말했었고 그선생님은 엄마가코로나로감염은되셨지만 무증상이고 호흡 맥박 열 당뇨수치 등등 아무이상이없다고하셨습니다..그날 두번이나 담당주치의선생님과두번의통화를했을때도 똑같은말만했었습니다..그렇다고하신분을 ""중대대책본부에는 엄마의상태를아주위중한환자""라는보고서를올렸고 보건소에서는 사설구급차(업체명:***)를불러서 *****요양병원으로3시27분에 이송중에 3시59분에사망하셨습니다..처음엔 ***요양병원에서는 병원에도착하시기전에 사망하셨다고했었고 구급차로이송하신분들은 살아계신모습확인하고인수인계했다고해서 재차 ***요양병원으로전화하니 자기네들은 아무이상없었고정상이었다는말만했습니다.어머니께서 돌아가신사유는아직도불분명하지만 구급차블랙박스영상확인으로 구급차 안에서 홀로 계시다가 사망 하신걸로판명되었습니다 이송중에간호사 구조사 아무도 동승하지않은상태에서 호흡곤란으로 단22분만에돌아가셨습니다..너무도억울한것은 ***요양병원에서중앙대책본부로올린보고서에는 ""산소마스크를착용하셔도산소가부족하신분""이라고하셨는데 그날은 병원에서도 구급차에서도 산소마스크를 쓰시지못했습니다..또한번기막히는것은 ""***구급차에는 계속 몇년동안 간호사 구조사  없이 불법으로 지금껏 환자 이송을 해왔던 곳""이라는 것을 알게 되었습니다 그런데 너무도 어이가없고 기막히는것은 간호사 구조사가미탑승인경우에 처벌이라고내려진것이 ""영업정지7일에다과태료50만원""이라는말에 사람의생명 목숨이라는것이 갓난쟁이아가던 80이고90이고100살이던 누구에게던소중한것인줄알고있습니다.근데..지금껏불법으로 구급차라고하는곳이 정말생명이위중한환자를호송하는곳이 당연한것을지키지않고 그저 물건택배배달하듯이 자기네들이익만챙기려고 저지른 크나큰 잘못을 뉘우치지도않고지금도그렇게반복적으로운행하고있는데도말입니다..요양병원역시도 왜당신들 병원관계자들이 그냥 병실에 가만히 계시는  엄마에게 코로나감염을시켜놓고서 병원에 하자거리라도 생길까봐 굳이 옮겨가시지도 않아도 될분을 그렇게 막연허게 보호자까지 속여가면서 중앙대책본부도 속여가면서 이송을시킨건지 꼭밝혀주세요..요양병원에 돌아가시게 할려고 보내지신것도아닙니다..조금이라도 더건강해지시고 좀더오래오래 살아계시기를원해서가신겁니다..자식된도리로서 부모님 마지막 가시는모습도 지켜드리지 못한 비통함과  또홀로 외롭게 힘들게 돌아가신 저희 어머님의 한을꼭풀어드리고 싶습니다..만약에 이나라 온국민 여러분들의 부모님이 저희어머님이시라면 어떻게 하시겠습니까?..물론 저보다도 더억울하신분들도 더많으실겁니다....그저 코로나로 감염되었으니 당연하게 받아드려져야합니까?...법이란 무엇인지요. 억울한사람들 힘없는사람들을위해서 만들어진게아닌가요?직접적인살인이던 간접적인살인이던 이건 살인입니다.....저혼자 힘으로는 도저히 어떻게 할수가 없습니다. 도와주십시요..채널A방송에서도.4월8일날저녁7시30분에 방송되었지만 국민들의반응이많이못미우친다고 좀더확살하게파헤쳐서 2차,3차로, 방송을 더내보내신다고했는데....끝나버렸네요..저는다른언론매체에또다시 방송을내보낼겁니다...이불한장없이 산소마스크도없이 동승자한명없이..병원에서도..깜깜하게불도켜지지않은병실에서 아무준비도없이 홀로방치되셨다가 그대로 구급차로 이송되었답니다..정말 너무 억울하고 분통이 터집니다..
그리고
***요양병원에서는 무조건최선을다했다라고하는데 어머님돌아가시게한것이 최선을 다한건지요..그리고 ***구급차대표라는사람은 자기네들잘못으로  돌아가신분을두고서도 조금의잘못이나죄책감도없이 ""영업정지7일로끝나니까"" 아무죄도없다고한답니다..어떻게 그럴수가있는지 본인부모같으면 그렇게할수있을런지요?...
 [본 게시물의 일부 내용이 국민 청원 요건에 위배되어 관리자에 의해 수정되었습니다]",288,/19th/www.president.go.kr/petitions/605215
605214,2022년 5월 6일을 임시 공휴일로 지정바랍니다,기타,2022-04-19,2022-05-19,kakao - ***,청원종료,"코로나 19 감염 확산 예방을 위한 사회적 거리두기 조치가 2년여 만에 해제되었습니다.
중앙재난 안전대책 본부는 다중이용시설 영업시간 제한과 사적인원 제한을 4월18일 부터 전면 해제한다고 밝혔습니다.
지난 2년 동안 어려운 펜데믹 상황속에서 우리나라 국민은 정부의 방역대책이 적극적으로 동참해왓습니다.
그 결과 접종완료율은 86.73%로 칠레에 이어 세계2위의 높은 접종률을 보였으며  세계보건 전문가들은 펜데믹에서 
가장 먼저 벗어 날 수 있는 국가로 대한민국을 지목하고 있습니다.
코로나19 유행에도 불구하고 3월 소비자 심리지수(CCSI)가 전월대비 0.1포인트 상승한 103.2를 기록하여 소비심리가 낙관적이었으며 3월 소비자 전망지수도 114.0으로 나타내고 있음은 방역완화와 향후 코로나 유행이 진정될 것이라는 기대감이 반영된 것입니다.
2022년 새봄의 시작과 함께  코로나의 19의 기세는 꺽이면서 가족들과의 나들이 시간은 점차적으로 많아지고 있습니다.
5월5일은 어린이 날입나다.  5월 6일이 임시 공휴일로 지정되어서 많은 국민들에게 여러가지 다양한 혜택들을 받을수 있도록 해주시기를  바랍니다.
1. 힘들게 버티어 오신 자영업자와 소상공인들에게 조금이나마 경제적으로 도움이 되면 좋겠습니다.
2. 펜데믹을 견더온 모든 국민들에게 5월의 맑은 하늘과 꽃내음 가득한 자연을 누릴수 있는 여유의 시간이 되었으면 좋겠습니다.
3. 문재인 대통령님, 지난 5년간 정말 수고많으셨습니다.
이제 임기를 마무리 지으면서 국민들에게 통큰 마지막 선물로서 5월6일을 임시공휴일로 지정해주시기를 바랍니다.",381,/19th/www.president.go.kr/petitions/605214
605213,인천시민의 허파인 청량산에  불법건축행위를  허가해서  청량산을 훼손하게하는 **구청장을 고발합니다.,교통/건축/국토,2022-04-19,2022-05-19,naver - ***,청원종료,"인천 **구 ***  *****번지에 위치한  ** *** 237세대 주민들은 
*** *******. *******. *******번지의 아래에 살고 있습니다.
 ** ***는 30년 전에 지어진 노후화가 심각한 빌라로 현재 거주민들이 불편함을 감수하며 살고 있는 상황이지만 **구에서 청량산과 가장 인접해서 환우나, 노인 분들이 선호하는 주거단지 입니다.
 현재 단독주택을 건축하기 위해 공사가 진행되고 있는 사업부지 전체가 경사지로서 ** ***와 거리는 불과 5m정도이고, 옹벽의 높이는 5.85m로 현재 ** 1층 주민들은 앞 베란다에서는 시멘트 옹벽만을 바라보며 생활을 하고 있습니다.
그런데 **구청의 개발행위허가를 받아서 현재 옹벽 5.8m높이 위로 단독주택단지를 짓는다는 이유로5.9m의 옹벽을 설치하고 단독주택 17세대를 짓겠다고 합니다. 
  단독주택 단지 공사가 계속 진행되면 지반 악화로 인접한 동의 균열과 지반침하가 우려되며 산사태 위험은 물론 1층에서 볼 때 옹벽전체 높이는 약 12m의 거대 시멘트 벽속에 갇혀서, 일조권, 조망 권, 사생활을 보장받을 수 없는 실정으로 그나마 삶의 의욕이 상실되는 상황입니다. 
또한 개발지의 주택 높이는 청량산의 정상 높이와 별다름이 없는 도시미관을 해치고 청량산의 난개발 조성을 묵인하는 **구청의 특혜를 의심하게 합니다. 
청량산은 **구의 허파이며 보석 같은 도시경관을 보존하는 차원에서 시민들을 위한 녹지 확보에도 큰 역할을 하며 절대 개발 되어서는 안 됩니다,                       
 감사원의 감사결과 보고서에 따르면
▪ 토지 분할 전의 ㅂ(8,223㎡)에 단독주택단지(총 16호) 조성을 위한 개발행위를 신청하는 경우 보전녹지지역에서 가능한 개발행위허가 규모(5,000㎡ 미만)를 초과하여 허가가 불가하므로 이를 회피하기 위하여 분할한 것으로 보
임.  법령상기준 회피의도. 
따라서 **구는 이와 같이 토지소유주가 동일한데 하나의 필지를 분할한 후 건축주 명의를 달리하여 같은 시기에 동일한 사업(단독주택단지)을 위한 개발행위허가 신청된 것으로 이는 하나의 개발행위에 해당하므로 필지 전체를 대상으로 개발행위허가 규모 제한을 적용하여야 하므로 위 개발행위를 허가하여서는 아니 된다.(감사원 자료p21)
조치할 사항  : **구청장은
① 개발행위허가 업무를 부당하게 처리한 T, U, V를 ｢지방공무원법｣ 제72조에- 31 –따라 징계처분(T, U: 정직, V: 경징계 이상)하고(징계)(감사원 자료 p31)
1. 감사원 지적과 같이 토지주가 동일한데 하나의 필지를 분할한 후 건축주 명의를      달리 하여 같은 시기에 동일한 사업을 위한 개발행위허가가 신청된 것이므로 이는     하나의 개발행위에 해당되므로 필지전체를 대상으로 규모제한(5,000 제곱미터 이내)    을 적용하여야 함에도 불구하고 과다한 개발행위허가 처분(8,259 제곱미터)은 철회 되어야 마땅하다. 
2. 이로 인하여 과다한 절개지의 발생과 12m가 넘는 옹벽이 설치되는 등 우리 **     ***는 물론이고 주변지역에도 토사유출과 옹벽의 전도 등 심각한 재난재해가 우려 된다.
3. 300만 인천시민에게 자연녹지공간의 필요성이 절실함에도 불구하고 보전녹지라는 
  용도지역의 특성에도 부합되지 않는 허가를 함으로써 과다한 개발행위와 건축물이 입지함으로 가시권을 차단하고 경관을 저해한다.
감사원의 지적 내용은 합당하며 100% 맞습니다.
현재 위의 감사원 지적사항에 **구청장과 해당 부서에 여러 차례 민원을 제기하였지만 신축허가에만 급급하고 현지 주민의 거주 상황과 불편함은 무시한 채 공사를 강행하고 있습니다.
2022년3월24일 **구청도시계획과. 건축과장들과 주민들과의 대화중
1. 감사원에서 관계 직원에 대해서는 징계 통보는 받았지만 허가 취소의 내용은 없으니 공사 진행에 무리가 없다. (도시계획과장 曰)
2. 해석상의 문제로 감사원 지적은 받았지만 인정할 사항이 아니기에 재심의 청구중이다.(건축과 팀장 曰)
 원인이 없는 결과가 어디 있습니까?
이것은 대한민국 헌법의 모독이며 감사원의 지적에 대한 도전으로, 도저히 묵과할 수 없는 사항입니다. 
감사원의 통보에 따라 ‘개발행위허가 업무를 부당하게 처리한 T, U, V를 ｢지방공무원법｣ 제72조에- 31 –따라 징계처분(T, U: 정직, V: 경징계 이상)하고(징계)’ (감사원 징계요구 및 통보 p 30~31) 부당한 개발허가를 취소하여 주시기를 ** *** 237세대 주민들이 간곡히 청원합니다.
 감사원에서는 강력하고 철저한 조사를 통하여 소시민이 소외당하지 않는 더불어 사는 살만한 인천시를 만들어 주시기를 바랍니다.
 [본 게시물의 일부 내용이 국민 청원 요건에 위배되어 관리자에 의해 수정되었습니다]",277,/19th/www.president.go.kr/petitions/605213
605212,재활요양병원 면회 완화,보건복지,2022-04-19,2022-05-19,naver - ***,청원종료,스스로 몸을 움직이지 못 하는 가족을 두게 되었습니다. 그런 가족을 병원에 그후엔 재활요양병원에 보내야 합니다. 병원은 코로나로 간병인을 두면 가족들이 면회가 되지 않습니다. 간병인분들은 대부분 연세가 너무 많으십니다. 내 가족을 만나지도 못하게 하는데 간병인분에게 부탁하는것도 한계가 있고 병원에 간호사분도 인력이 부족해 부탁도 못 하는 상황입니다. 내 가족중에 의사 소통 불가 편마비인 사람을 만나지도 못 하게하는 코로나 상황에 너무나도 피해를 입습니다. 코로나 때문에 장례도 못 치루고 있는 상황인거 알고 있습니다. 그래도 코로나 완화는 하는데 만나지도 연락도 못 하는 가족들 생각해서 재활요양병원 면회 완화를 요청합니다. 말 못하고 의사 표현 못 하는 사람 동물들에게도 법적인 대응을 하는데 요양재활병원에 있는 가족들 나라에서 복지국에서 지원 관리 보다 가족들이 더 잘 지키고 보호 할 수 있습니다. 부디 저와 같은 분들 또는 저와 같은 분들을 이해주실수 있는 분들께서는 도와주셨으면 합니다. 직접 격고 느껴 보니 너무나 막막하고 좌절만 느낌니다. 부디 도와주시길 바랍니다.,158,/19th/www.president.go.kr/petitions/605212
605211,비위생적이고 충분한 식사를 제공하지 못하는 이동 급식용 군대용 식관을 바꿔주세요,외교/통일/국방,2022-04-19,2022-05-19,kakao - ***,청원종료,"지금 군에서 장병들이 야외 훈련 때 배식을 위해 사용되는 이동식 식관은 2003년 개발 보급 된 제품입니다. 20년이나 지난 오래된 구형 제품으로 다음과 같은 문제점을 가지고 있지만 개선되지 않아 자녀를 군에 보냈던 부모 입장으로 개선을 강력 하게 건의 드립니다.
1. 문제점 
 1) 용량이 너무 작습니다
    현 운용중인 분대용 보온식관은 총 13L (국통 4L, 밥통 5.5L, 반찬통 3.5L)로 이 용량은  3~4명분 식사 용량으로  분대원 
   8~15명의 보급에는 너무 부족한 식사를 제공하고 있으며,  식사량을 늘리기 위해 일부 부대는 밥, 국, 반찬을 비닐봉지에 
   담아 배급하는 사례도 있음.
   2) 음식 저장 용기가 너무 비위생적 입니다
    - 음식을 담아 이동하는 저장 용기의 운용실태를 확인한 결과 음식을 담는 프라스틱 용기는 세척 후 이물질의 잔존에 
      따른 냄새 베임 현상이 있어 다음날 다른 음식물을 담았을때, 두 가지 이상의 냄새가 섞여 역겨운 맛을 느낄때가 
      대부분이라고 합니다. 이를 해결하기 위해 일부 부대는 밥, 국, 반찬을 비닐봉지에 담아 배급하는 사례도 있다고 
     합니다. 
   - 프라스틱 저장 용기는 아무리 깨끗하게 닦아도 조금 사용하면 표면에 스크레치 현상이 발생하며, 홈에 이물질이나 
     세균이 번식하여 군 장병들의 위생에 큰 위험을 줄 수 있습니다.
  3) 이러한 사용 상 문제점 때문에 부대에서는 음식 저장 용기를 사용하지 않고 보관만하고 있다고  하니 이는 엄청난 
      예산 낭비 입니다.
   - 일부 부대는 보급품인 식관 저장 용기를 사용하지 않고 비닐에 담아 배급하고, 저장 용기는  보관만하고 있다고 합니다. 
      비싸게 구매한 보급품이 사용되지 않고 있다면 이는 예산 낭비  입니다
2. 개선안 제안
   1) 장병들에게 충분한 식사을 제공할 수 있도록 용량이 늘려야 합니다
     저장용기인 국통은 4L에서 5.4L이상으로, 밥통은 5.5에서 6.8L 이상으로, 반찬통은 3.5에서  6.9L 이상으로 용량을  
     확대 해서 충분한 식사량을 제공해 줘야 합니다.
   2) 음식 저장용기는 반드시 위생적인 재질로 변경해 주어야 합니다.
    대부분 일반 가정들도 요즘은 냉장고용 저장용기를 프라스틱 대신에 스테인리스나 유리로  변경하여 사용하는게 
   추세입니다.
   3) 군에 보급되는 비품 대금은 국민의 혈세로 지급되는 소중한 돈입니다. 
     정말로 군인들이 사용하기 좋고, 잘 사용하는 제품으로 보급 되어야합니다.",188,/19th/www.president.go.kr/petitions/605211
605210,***** *** 관련 계약파기 및 주가조작 철저히 조사 후 엄중 처벌 요청합니다.,기타,2022-04-19,2022-05-19,naver - ***,청원종료,"*****가 ***와 계약 파기하고 현재 감사의견 거절로 거래정지 및 상장폐지 실질심사 대상입니다.
현재 뉴스상으로는 작전 세력과 회사 내부자들이 주가를 100배 정도 올리고 
대주주 관련 사람들이 대부분 매도하고 이후에 거래정지 상장폐지 절차를 밟고 있고 있습니다.
이로 인해, 많은 선량한 개인 투자자들이 고통 받고 있습니다.
현재 금감원에서 감리 조사를 착수 했다고 뉴스에 나오는데~
더욱 철저한 조사를 위해서 국민 청원에 청원 올리는 바 입니다.
철저한 조사로 해당 주가 작전 세력과 내부 정보자들에 비리가 밝혀진다면 엄중한 처벌 바랍니다.
 [본 게시물의 일부 내용이 국민 청원 요건에 위배되어 관리자에 의해 수정되었습니다]",358,/19th/www.president.go.kr/petitions/605210
605209,대통령 취임식 예산을 축소 해 주시기 바랍니다.,정치개혁,2022-04-19,2022-05-19,naver - ***,청원종료,"금일 윤석열 대통령 취임식에 
약 33억원의 예산이 들어간다는 뉴스가 나왔습니다.
코로나 거리두기가 이제 겨우 철회된 가운데, 
국민들의 상황은 물질적으로나, 정신적으로나 아직 전혀 나아지지 않았는데
심지어 역대 최고규모라고 하는 피같은 세금을 대통령의 취임식에 사용하는 꼴을
티비를 통해 지켜봐야 한다는게 개탄스러울 뿐입니다.
대통령 취임식 규모를 최대한 검소하게 축소 해 주시기 바랍니다.
지금 대한민국의 국민들에게 가장 필요한것은, 
대통령이 되기 전에 매일같이 공약을 철회하고 있는 사람의 
허례허식한 취임식이 아니라, 국민들의 고통을 같이 나눌수 있는 
역대 최소규모의 검소한 취임식일것입니다.","5,518",/19th/www.president.go.kr/petitions/605209
605208,발달장애인 복지 정책,보건복지,2022-04-19,2022-05-19,kakao - ***,청원종료,"안녕하세요. 저는 고등학교 3학년 학생입니다.
오랜기간 봉사활동을 하며 알게된 이웃들의 아픔을 나누고자 합니다.
발달장애인과 함께 활동하고 생활하면서 발달장애인 가족들이 경험하는 어려움에 대해 알게되었습니다. 우리사회는 장애 종류가 다양함에도 불구하고 장애의 특성을 반영하지 않은 사회복지정책을 실행하고 있습니다.
발달장애인의 부모님들은 본인이 세상을 떠난 후, 자녀의 생존에 대해 염려합니다. 기존의 복지에만 의존하기에는 발달장애인 자녀의 생존은 매우 취약합니다. 그들은 지체장애인과 달리 일자리를 찾기가 힘들며, 어렵게 취업을 해도 취업상태를 유지하기도 어렵습니다. 제가 만난 지체장애인들 중 많은 이들은 자신의 부모가 세상을 떠난 뒤 일자리를 찾기 시작했습니다. 하지만 필요한 자격증 및 시험을 통과했음에도 불구하고, 이들 중 대다수는 뚜렷한 설명 없이 취업과정에서 탈락했습니다.
부모님이 돌아가시면 형제자매나 친척의 손에 맡겨질 수도 있지만 주로 사회의 보호로 부터 단절되고 하루하루를 어렵게 살아갑니다. 제가 아는 발달장애인 부모님은 발달장애인 자녀를 이 세상에 홀로 남겨둘 수 없어 60세의 나이에도 인공수정을 통해 둘째를 가졌습니다. 이는 자신이 세상을 떠나기 전에 자녀에게 다른 보호자를 주기 위한 최후의 수단이었습니다.
발달장애인 자녀의 생존을 위한 또 하나의 출산을 상상해 보실 수 있나요?
이처럼 발달장애인의 인권과 생존을 담보할 수 있는 법과 정책이 부족합니다. 이 들이 인간다운 삶을 영유할 수 있도록 우리 사회가 발달장애인의 필요에 맞춘 정책과 법을 만들어 주시기를 바랍니다.",635,/19th/www.president.go.kr/petitions/605208
605207,중개업자도 대한민국 국민입니다!,교통/건축/국토,2022-04-19,2022-05-19,naver - ***,청원종료,"부동산정책 담당자분들 보십시요!  
저는 조그만 변두리에서 중개업소를 생업으로 운영하는 평범한 소시민입니다.   작년 부터 부동산 취득세중과,대출규제등 무자비한 세금중과로  부동산거래가 끊겨, 사무실임대료 보증금5000만원/ 매달330만원에, 각종세금 및 고령이고 몸이아파 직원도움없이 운영할 수도 없어 매달 직원 월급에 전기세,전화세,식비등등 사무실 운영비가 고갈되어 폐업직전에 놓여 하루하루가 너무너무 고통스럽습니다.   도대체 중개사가  집값 올린것도 아닌데, 이렇게 국민들이 사지도 팔지도 못하게 묶어두면 어쩌자는 것입니까?
저희들도 대한민국 국민의 일원이고 중개업자도  나라에서 보듬어야할 영세한 자영업자 아니냔 말입니다. 거래도 못하게 막아놓고 중개사 생계는 아랑곳도 않는 위정자들이 너무너무 밉습니다.
부동산거래가 안되면 저희는 물론이고 이사업체,청소업체등등 부수적으로 연관된 모든 영세한 국민들이  지금  고통을 받고 있습니다.  어디다 하소연도 못하고 속으로 무력감,불안감,자괴감에  지금 피눈물을 흘리고 있습니다~ㅠㅠ
아파트값이 오른것은 정부에서 자꾸 집값 잡는다 잡는다하니 집값이 앞으로 상승하겠구나 예상하고,그간의 경험대로 똑똑한 아파트단지 주민들이 자꾸 가격을 올리라 요구해오고 낮은가격에 매도하는 중개업소 낙인찍어 물건주지 말자는둥, 수시로 전화해서 올리라 마라 요구해 중개사는 울며 겨자먹기로 어쩔 수 없이  또 열리한 투자자 및 정부정책, 이때 집안사면 홈리스될까 염려스러운 실수요자들 모두 합세해서 일어난 현상입니다.  
중개업자 잘못이 아니라는 말입니다. 그리고, 호황기때도  억센사람들이나 거래를 많이하지 대다수의 중개업자들은 한달에 거래 서너개 해서 근근히 생업을 꾸려 생계이어가기도 바쁜 사람들입니다.
규제라는것도 정도껏 하여 보통의 거래는 일어나게끔 해야 되는것이 아닌가요?!
손님들도 집을 사고싶어도 대출이 안나와서 매수를 못한다하고 저희 중개업자들은 작년10월달부터는 아예 거래가 없어 하루하루 견디기가 너무힘듭니다.   정말 주말이면 움직이려나 하고 희망를 갖았다가 또다시 좌절하기를 수백번...
정말 먹고 살길이 막막합니다. 
부동산운영해온 이래 이런 무거래 시장은 처음 겪어봅니다.   20년을 넘게 운영하신 중개업자분 역시 이런시장은 개업이래 처음이시라고 합니다~ㅠㅠㅠ
제발 저희 중개업자들이 활황은 아니더라도 한달에 1건의 매매라도 계약할 수있게 규제를 풀어 시장이 알아서 돌아가게 해주십시요.   
너무너무 버거워서 임대인에게 잘돌아갈때까지 월세30만원만 깎아달랬더니 돈에 미친 야비한 임대인은 언제든 보증금 빼줄 수있다며 꿈쩍도 하지않습니다.  아예 전화도 안받고 문자에 답도 없습니다~ㅠ
정부에 치이고 고객에  치이고 저희들은 억울해도 속으로 억누르고 내색하나 할 수 없는 슈퍼 ""을"" 자체입니다.  
월세 밀리면 명도소송 당할까봐 한두달 밀렸다가 내기를 몇번씩 반복하고 있고 아무리 지출을 줄여도 기본 들어가는 경비를 충당못해 아사직전인데 언제까지 이대로 방관만 하실 요량입니까?
아무런 잘못도없이 거래가 끊겨 힘들어하는 중개업자가 비단 저만이 아님을 헤아려주시어 최소한의 거래라도 이루어지게 부동산규제를 속히, 풀어주십시요!!
중개업자들도 영세한 소상공인 자영업자라는걸 알아달란 말입니다.   
부동산중개업자들은 열외시킨  보조금 그딴거  주지도 않지만 원하지도 않습니다.  우리 스스로 일할 수 있도록만 해달라는 것입니다.
같은 단지 그나마 몇개 거래되는것은 특별히 억세고 건강한 업자들이 모두 채가고 월세걱정없는 자기소유 중개업자도 힘들다하고 있습니다.  제발 살펴주십시요
하루속히 거래정상화가 이뤄지게 완화해주십시요.  참다참다 못해 이러다가는 조만간망할것 같다는 위기의식이 들어 용기내어 올려봤습니다.  저희말고라도 제발 국민들의 이동권을 보장해주십시요.  지금 부동산 빙하기로 이사가고 싶은사람들도 이사를 못하고 집을 매도,매수하고 싶은 사람들도 매도,매수하지 못하여  불편이 이루말할 수없다는것을 알아주십시요.
저는 이런거 올리고하는거 잘알지도 못하고 그렇게 에너지가 많은것도 아닌 60대 할머니인데 하루하루가 너무너무  암울하고 버거워 용기내어 청원에까지 이르게 되었습니다.
또한, 읽어보시고 공감이 가시는 분들은 동의해주시어 속히 개선되어지기를 손꼽아 기다려봅니다.
                                                                                  2022년 4월 18일",250,/19th/www.president.go.kr/petitions/605207
605206,'시속 164km 졸음·과속 단독 사고'로 동생이 사망했습니다.,교통/건축/국토,2022-04-18,2022-05-18,naver - ***,청원종료,"지난 3월 1일, 교통사고로 떠난 제 동생의 사망 원인을 상대 차량의 졸음운전 혹은 안전벨트 미착용으로 잘못 알고 계신 분들이 많아 더 이상 사실이 왜곡되지 않길 바라는 마음에 글을 올립니다. 
 <운전자의 '졸음운전 및 과속운전' 단독 사고>로 23세 꽃다운 나이에 하늘나라로 떠났습니다.
[사고일시]
3월 1일 오후 3시 20분경 전북 순창군 **면 / 광주-대구 고속도로(광주방향) ***휴게소 인근 23km
[사고 내용]
사고 당시 운전자 A 씨는 고속도로 1차선으로 주행하던 중 2차선으로 차선을 급변경, 오른쪽 가드레일에 1차 충돌 후 2차로 중앙분리대를 들이받고 전복됐습니다. 전복된 차량에 갇혀 밖으로 나오지 못한 뒷자리에 타고 있던 제 동생 C씨는 구조 대원이 발견했을 당시 이미 의식이 없는 상태였으며 병원 이송 도중 사망하였습니다. 조수석에 타고 있던 B씨는 생명에 지장은 없으나 크게 다쳤습니다. 운전자 A씨는 사고 직후 차량에서 탈출해 부상을 입지 않았습니다. 사고가 일어난 지 약 2시간 반 뒤인 오후 6시경 경찰관분들이 집으로 찾아오셨습니다. 처음 받은 소식은 이미 하늘나라로 갔다는 동생의 사망 소식이었습니다. 믿을 수 없는 소식을 듣고 동생에게 도착했을 땐 이미 약 2시간 전 숨을 거둔 상태였습니다. 
[사고 원인]
운전자 A씨의 졸음 운전과 과속 운전으로 일어난 충돌 사고로 차량 조사 결과 무려 '시속 164km'로 충돌하였다고 합니다.  시속 100km 고속도로에서 164km로 과속했다는 사실이 매우 충격적이며 믿을 수가 없습니다. 차량 핸들 방향 조작과 브레이크 페달을 밟은 흔적조차도 없었다고 합니다. (추후에 실제로 제가 본 사고 현장에는 무너져가는 가드레일 충돌 흔적만 있을 뿐 브레이크 자국 하나 없었습니다.) 사고 차량은 형체를 알아볼 수가 없을 정도로 앞바퀴가 빠지고 승용차의 절반만 남아있었으며 그 안엔 제 동생 C씨가 쓰던 모자와 아끼던 신발만이 남겨져있었습니다. 
하루아침에 소중한 동생을 잃어 슬픔에 잠긴 저희 가족들에겐 하루하루가 고통스러웠습니다. 하지만, 가해자인 운전자는 활발한 SNS 활동 및 일상생활 등을 하는 모습이 제 상식선에선 도저히 용납하기 어려웠습니다. 본인의 잘못으로 벌어진 사고로 인해 친구 한 명은 사망하고 또 다른 친구 한 명은 크게 다쳤음에도 죄책감을 가지고 정말 반성하는 사람의 태도인지 의문이 듭니다.
이러한 운전자의 행동은 가족들과 지인에게 또 한 번 가슴에 비수를 꽂았습니다. 이렇게 분통이 터지는 와중에 왜곡되어 퍼지는 소문과 기사들은 더 슬프게 합니다. 
마지막 인사도 못한 채 갑작스럽게 하늘로 떠난 제 동생은 누구보다 착하고 하고 싶은 것도 많은 졸업을 앞둔 23세 평범한 대학생이었습니다. 친구들과 신나서 처음으로 놀러 간 스키장 여행이 마지막 여행이 되어버렸습니다. 이 글을 쓰는 지금도 저는 사랑하는 동생이 하늘나라로 갔다는 사실이 너무나 애통하여 믿어지지 않습니다. 동생을 가장 좋아했던 저희 집 강아지는 오늘도 하루 종일 문 앞에 앉아 먼 길을 떠난 동생을 기다립니다.
교통사고처리 특례법 제3조 1항은 운전을 하다 사람을 다치거나 죽게 한 사람은 5년 이하의 금고 또는 2천만 원 이하의 벌금에 처한다고 하면서, '다만 피해자의 명시적인 의사에 반하여 공소를 제기할 수 없다'라고 하여 형사합의가 있는 경우 처벌을 면할 수 있도록 하고 있습니다. 졸음운전 처벌은 '고의성이 없다'는 이유로 이러한 솜방망이 처벌에 그칩니다.
명백한 살인행위나 다름없는 졸음운전 강력한 처벌 법 강화가 필요합니다. 
누군가의 소중한 목숨을 빼앗은 졸음운전. 이런 아픔을 겪는 사람들이 더 이상 늘지 않도록 해주세요. 
끝까지 읽어주셔서 감사합니다.","3,350",/19th/www.president.go.kr/petitions/605206
605205,*** 검사를 국민추천에 의해 검찰총장으로 임명해주시기 바랍니다.,정치개혁,2022-04-18,2022-05-18,kakao - ***,청원종료,"*** 검사를 국민추천에 의해 검찰총장으로 임명해주시기 바랍니다.
검찰개혁에 가장 적합하고 능력있는 인물입니다.
기수문화를 타파하고 검찰 선진화를 위해서도 옳은 선택입니다.
국민들은 검찰이 수사에 전문 법률지원과 인권보호감독기관으로 거듭나기를 갈망하고 있습니다.
문재인 대통령께서는 임기를 마치기 전 이 추천에 따라 임정은 검사를 임기가 보장된 검찰총장으로 임명해주실 것을 요청합니다.
 [본 게시물의 일부 내용이 국민 청원 요건에 위배되어 관리자에 의해 수정되었습니다]","17,258",/19th/www.president.go.kr/petitions/605205
605204,김﻿오수 검찰총장 사표 수리후 후임에 *** 검사를 검찰총장에 임명해 주십시요,정치개혁,2022-04-18,2022-05-18,naver - ***,청원종료,"﻿
김오수 검찰총장이 국회의 검찰 수사권 폐지 법안에 반대하며 전격 사의를 표명했습니다. 김 총장은 15일 최근 검찰 수사권 폐지 입법절차를 둘러싸고 분란이 벌어진 데 책임을 통감한다며, 자신이 책임을 지고 사직서를 냈다고 하였습니다. 김 총장은 먼저 이른바 '검수완박' 법안 입법절차를 둘러싸고 벌어지고 있는 갈등과 분란에 대해, 국민과 검찰 구성원에게 머리 숙여 죄송하다는 뜻도 정하고 자신을 탄핵해 달라고까지 했습니다.
그런데 더불어민주당은 검찰의 수사권 폐지에 입법 절차가 돌입한 데에는 최근 검찰이 도이치모터스 사건에 대한 김건희씨에 대한 수사등 본부장 비리에 대해 수사를 하지 않고, 한동훈 법무장관 후보가 자신의 아이폰 암호 풀지 않고 수사에 협조하지도 않는데 이를 윤석열 당선자가 법무부 장관으로 지명하고, 정호영 보건복지부장관 후보자 자녀의 의대 편입 및 병역 의혹에 대해서는 똑같은 잣대로 인사청문회 개최 전에 자녀 일기장에 대한 압수수색을 포함하여 수사와 기소에서 법과 상식을 벗어난 불공정한 행태 때문입니다.
다행히 김오수 총장이 사표를 냈으므로 검찰내에서 거의 유일하게 문재인 정부와 코드를 맞추며 검찰개혁을 해온 *** 검사를 검찰총장으로 해서 윤석열 정부의 검찰을 견제하게 하여 주시길 청원합니다.
*** 검사는 사법연수원 30기로 신임 한동훈 27기인 법무부장관보다 3기수 낮아 검찰기수를 중시하는 검찰 내부에서 보기에도 김오수 전 총장(20기) 보다 적절한 인사로 보여집니다.
대통령 임기가 끝나가고 있으므로 마지막으로 친정인 더불어민주당과 국민에게 봉사하는 마음으로 검찰의 사유화를 시도하고 검찰개혁을 원점으로 돌리려는 윤석열 정부의 폭주를 막고 검찰개혁을 희망하는 촛불시민들의 뜻을 받아들여 *** 총장을 검찰 총장에 임기내 임명해 주시기 바랍니다.
 [본 게시물의 일부 내용이 국민 청원 요건에 위배되어 관리자에 의해 수정되었습니다]","12,873",/19th/www.president.go.kr/petitions/605204
605203,45대 검찰총장으로 ***검사를 강력 추천합니다,정치개혁,2022-04-18,2022-05-18,kakao - ***,청원종료,"검찰개혁을 완수하고 공정과 상식의 대한민국을 이끌어갈 리더로서
그간 ***검사가 보여준 공직자로서의 모습이 충분히 부합되고 적합하다고 많은 국민이 생각하고 있습니다
부디 국민들의 뜻을 헤아려 마지막 임명권한을
행사해주시길 간곡히 부탁드립니다
 [본 게시물의 일부 내용이 국민 청원 요건에 위배되어 관리자에 의해 수정되었습니다]",792,/19th/www.president.go.kr/petitions/605203
605202,자기부상철도 편법 운영하는 인천공항과 시민 안전 져버리는 국토교통부는 사죄하라!,안전/환경,2022-04-18,2022-05-18,naver - ***,청원종료,"철도안전법과 도시철도법으로 운영되는 인천공항 자기부상철도를, 인천공항은 승객 증가 방안에는 관심이 없으며, 철도안전법을 어겨가며 운영 중이고, 국토교통부는 수수방관하고 있습니다.
 인천공항 자기부상철도는 2016.2.3. 세계 두 번째로 상용화하였으며, 인천공항에서 용유역 간을 운행합니다. 이 구간은 거주민이 적어 주로 용유와 무의도 등을 찾는 관광객이 이용하고 있으며, 2019년 5월 용유역과 가까운 무의대교 개통 이후에는 자기부상철도 이용객이 전년 대비 30%, 2020년 1월에는 전년 동월 대비 20% 증가하는 등 이용객이 점차 많아지고 있었습니다,
 그러나, 2020.2.20. 인천공항은 코로나19 확산 방지를 핑계로 하루 103회 운행하던 열차를 24회 운행으로 전격 축소하였으며, 운행 시간대도 승객이 제일 많은 12~17시의 오후 시간대가 아닌, 승객이 제일 적은 07:30~09시, 18~19시의 출퇴근 시간대로 운행 시켰으며, 2년이 넘은 지금까지도 지속하고 있습니다. 직원들은 운영사인 인천공항에 지속해서 정상 운영을 요구 및 우리나라뿐만 아니라 전 세계의 모든 도시철도는 코로나 19로 이러한 축소 운영을 하지 않음을 전하였지만, 인천공항은 꿈쩍도 하지 않고 있으며, 2년 동안 언론에다가 자기부상철도 승객 감소를 홍보하고 있습니다. 이렇게 도시철도를 운영하는 곳은 우리나라 어디에도 없습니다.
 인천공항은 자기부상철도 철도차량 중정비를 2018년 중반부터 2019년까지 진행하였으며, 이 비용이 만만치 않았는지 2019년 국토교통부에 위·수탁 계약 체결을 요구하였으나 거절당하였습니다. 공교롭게도 거절 이후인 2020년에 인천공항은 자기부상철도 축소 운행을 단행하였으며, 축소 운행 기간에 인천광역시에 자기부상철도 2단계 건설을 요구하였으나, 당연히 무산되었습니다. 2021년에는 운영진단 및 대안 마련 용역을 실시하였으며, 2021년 말에 그 결과를 토대로 비용 절감을 추진한다더니 2022년에 와서는 대중교통인 도시철도사업을 6월 30일부로 폐업하고는 7월 1일부터는 케이블카 등에 적용되는 궤도 운송법으로, 전용궤도로 운영한다고 합니다. 도시철도가 하루아침에 케이블카가 되는 것입니다. 2021년 말은 차량 중정비를 실시해야 하는 기간이 도래한 시점이나, 인천공항은 철도안전법을 어겨가며 현재까지도 실시하지 않고 있으며, 이로 인해 4개의 열차 중 1개의 열차가 3월 말부로 운행 중단되었으며, 2022.7월에, 9월에, 12월에 나머지 열차들이 순차적으로 운행 중단됩니다. 철도차량이 모두 멈추게 되는 상황에서, 철도안전법에 의해 운행 중단된 철도차량을 국토교통부와 인천공항은 2022.7.1.부로는 궤도 운송법으로 운행 시키는 계획을 추진하고 있습니다. 이는 국토교통부와 인천공항과 인천광역시가 현행법하에서 운행 중단 처분을 받은 철도차량을 편법을 통해 영종도 시민과 여타 관광객에게 탑승시키겠다는 계획이기에 매우 위험한 발상입니다. 
 공공복지인, 시민의 안전이 최우선인, 30년을 내다보고 건설 및 운영되는 철도사업을 이렇듯 편법으로 폐업하고 변경하려는 것은 정부가, 공기업이 절대로 해서는 안 되는 일이라고 봅니다. 예로 의정부경전철은 사업 시행사가 2017년에 파산하였지만, 소유권자인 의정부시는 시민들에게 사과까지 하며 중단없이 계속 운영을 하였습니다. 그러나 국토교통부와 인천공항, 인천광역시의 현재와 같은 진행은 시민의 의사와 안전은 아랑곳하지 않겠다는 것이기에 지탄받아야 하며, 철저한 조사와 책임 추궁이 필요하다고 봅니다.",454,/19th/www.president.go.kr/petitions/605202
605201,더불어민주당의 한동훈법무부장관후보 청문회 보이콧을 반대합니다,정치개혁,2022-04-18,2022-05-18,naver - ***,청원종료,"길게 말하지 않겠다. 
더불어민주당은 *** 지겨우니, 한동훈법무부장관의 청문회를 진행하라.  국민 기망과 나라를 5년간  남미로 만들어온것도 모자라, 범죄자 소굴을 만드는 검수완박 **에 ***하며 국민세금 쳐먹고 청문회까지 안하는 *오만함을 용서할수없다. 대통령답게 구시라! 민주당의 청문회 보이캣에 반대한다!
 [본 게시물의 일부 내용이 국민 청원 요건에 위배되어 관리자에 의해 수정되었습니다]",765,/19th/www.president.go.kr/petitions/605201
605200,*** 동탄 길고양이 학대 *xx을 강력처벌해주세요.,반려동물,2022-04-18,2022-05-18,naver - ***,답변완료,,"523,750",/19th/www.president.go.kr/petitions/605200
605199,여론을 호도하는 여론 조사를 막아 주세요.,정치개혁,2022-04-18,2022-05-18,naver - ***,청원종료,"저는 중도 성향의 경기 도민 입니다.
요즘은 지방 선거로 인한 공천이 한창 진행되고 있습니다.
그런데 요즘 무분별한 여론 조사가 난무해서 국민들의 판단을 흐리게 하고 있습니다.
두 여론 조사 업체는  며칠전  경기도지사에 대한 여론 조사를 발표했는데 그 응답률은  각각 1.8%, 1.9%  이었습니다.
표본은 기껏해야 800~1000명 정도 였고, 무선80%,유선 20%의 조사 비중으로 평일 하루동안 조사가
진행되었습니다.
융답률이 1.8%, 1.9%라 하면 100명을 따지면 2명도 답하지 않았다는 소리입니다.
경기도 인구가 1300만명이 넘는 지금 상황에서 이런 비현실적인 응답률로 여론이라고 발표하는 것은
너무도 어이없는 일이 아닐 수가 없습니다.
또 요즘은   휴대폰이 없이는 본인 인증도 안되는 세상 입니다.
거의 대부분의 사람들은 휴대폰을 지니고 살고 있습니다.
이런 시대에 유선 전화 비중을 20%를 두고 여론 조사를 한다는 것이 현실과 동떨어진 듯이  느껴집니다.
이것은 어떤 특정 후보를 위한 여론 조작에 불과하다는 생각을 지울 수가 없습니다.
평일 하루 동안만 조사가 진행되었다면    바쁜 젊은층의  경우, 응답률이 노년층에 비해 상대적으로 
낮을  수 밖에 없습니다.
거기다 젊은층은 유선 전화를 사용하지 않는다는 점입니다.
그러면 젊은층을 의도적으로 배제하기 위한 여론조사, 즉, 여론 조작이 아닐 수가 없습니다.
어떻게 자기들 입맛대로 조사를 의뢰해서 국민들의 생각을 흐리게 하는지 모르겠습니다.
사람들은 그저 수치만 보고 누가 높게 나오면 그것이 실제적인 민심 인양 쏠리는 경향이 있습니다.
이런 점을 이용해 자기가 원하는 결과대로 여론을 조작하는 못된 짓들을 멈추게 해 주셨으면 합니다.
응답률이 1.8%, 1.9% 되는 것을 어떻게 신뢰할 수 있다고 중앙선거 여론조사 심의 위원회에 이런결과가
버젓이 올라와 있고 또 언론들은 퍼 나를 수가 있는지 모르겠습니다.
이런 여론 조사가 계속되는 한 한국 정치는 더 이상 발전이 없어 보입니다.
돈만 받으면 돈과 권력의 입맛대로  여론을 조작하는 여론 조사 업체는 
너무도 직업 윤리도 없어 보입니다.
이글을 보시는 정부 관계자님들 ,제발 이 나라의 정치 문화를 바꾸기 위해 호소 드립니다.
직없 윤리없이  돈만 아는  여론 조사 업체들이 더 이상 발을 붙이지 못하도록 법으로 막아 주세요.
그리고 자기에게 유리하게 여론을 조작하게 만드는 후보들 또한 더 이상 정치판에 얼씬도 못하게
막아 주세요.
그래서 앞으로는 누구나 신뢰 할 수 있는 여론 조사 문화를 만들어 주세요.
권력이 여론을 조작하는 일이 없기를 바라면서 이글을 마칩니다.",558,/19th/www.president.go.kr/petitions/605199
605198,가평계곡살인 피의자 ***.*** 맨얼굴로 포토라인 세워주세요,안전/환경,2022-04-18,2022-05-18,twitter - ***,청원종료,"계곡 살인’ 사건의 피의자 ***(31)·***(30)씨가 일산에서 체포된 가운데 당시 상황이 전해졌다.
인천경찰청 광역수사대는 16일 낮 12시 25분께 경기도 고양시 덕양구 모 오피스텔에서 살인·살인미수 혐의를 받는 *씨와 *씨를 체포했다. 체포 당시 이 오피스텔에는 *씨와 *씨만 있었으며 조력자는 함께 있지 않았다.
경찰 관계자는 “주변인물들을 수사하면서 해당 오피스텔을 은신처로 특정했다”며 “오피스텔에는 피의자 둘만 있었고 외부에서 도움을 준 조력자가 있었는지는 추가로 확인할 예정”이라고 연합뉴스에 전했다.
체포 당시 경찰은 은신처로 특정한 오피스텔 앞에 진을 쳤고, 이 씨 아버지를 설득해 두 사람이 머물고 있는 정확한 주소를 알아냈다. * 씨 아버지는 * 씨에게 “자수하라”고 권유했고, 결국 16일 낮 12시 25분쯤 두 사람은 스스로 문을 열고 나온 것으로 전해졌다.
경찰은 일단 ***와 *** 를 검거 장소 인근에 있는 고양경찰서에 인치할 예정이다. 이후 검찰과 협의해 인천지검으로 압송할 방침이다.
고양 경찰서에 구금했다고 합니다 그리고 인천지검으로 송치하기 전 마스크와 모자 벗고 포토라인에 세워주세요 이미 신상은 공개수배로 공개했지만 마스크 와 모자를 쓰고 있습니다
***와 *** 마스크와 모자 벗고 송치해 주셨으면 좋겠습니다
 [본 게시물의 일부 내용이 국민 청원 요건에 위배되어 관리자에 의해 수정되었습니다]",854,/19th/www.president.go.kr/petitions/605198
605197,재테크부업으로 속여 투자사기치는 사기계좌도 지급정지되게 해주세요.,기타,2022-04-18,2022-05-18,kakao - ***,청원종료,"인터넷.***.카페.등등.요즘 재테크부업으로 유인하여 1:1**대화 초대하고 사업설명과 사업자번호및 전화번호. ⁰ 주고 사이트 회원가입유도 합니다.원금보장100%.회사지원60% 달콤한 말로 1시간만에 고소득 보장한다며 송금유도하고 1시간도 안되서 조작된 주식챠트 같은것을 보여주며 고소득 났다며 환급 받으라고 합니다.환급버튼 누르면 쪽지가 보여지네요.소득세관련.17.8%내야 환급받을수 있다고 송금유도하고 결국 돈이 없다 하면 회사지원도 있고 자기들이 얼마정도 빌려줄테니까 좀 구해서 환급받아라 유도합니다.피해자들은 원금이라도 찾으려고 안간힘을 쓰지만 결국 사기를 당하게 되는 구조 입니다.
저도 처음엔 너무 당황해서 보이스피싱 인즐 알고 은행에 신고 하여 송금했던 계좌를 지급정지되게 하였으나 사기꾼들은 2주면 풀린다며 오히려 저를 협박했습니다.돈받고 싶으면 당장 계좌를 풀라고~경찰서에 바로 신고하였으나 보이스피싱 당한게 아니고 사기를 당한거라 합니다 .은행에 사고신고확인서 제출 하였고 경찰서에서 지급정지된 계좌에 압수수사 공문을 보냈는데도 은행에서는 답변도 하지 않고 지급정지되었던 사기계좌를 풀어주었습니다.사기꾼들이 협박했던말되로 2주만에 지급정지가 풀려서 사기꾼들은 돈을 다 찾아갔네요
너무 허무하고 억울하고 저만 당하는일이 아니기에 피눈물 흘리고 있는 피해자분들이 넘쳐나고 있습니다.
사기꾼들은 보이스피싱만 계좌 지급정지된다는것을 악용하여
범행을 저지르고 있습니다.
*재테크부업으로 유인하여 투자사기피해를 보게하고 사기계좌도 지급정지를 못시키는 재테크부업투자사기 또한
보이스피싱 처럼 사기계좌도 지급정지되게 해주세요
 [본 게시물의 일부 내용이 국민 청원 요건에 위배되어 관리자에 의해 수정되었습니다]",302,/19th/www.president.go.kr/petitions/605197
605196,자국민에 대한 해외 입국 전 PCR 검사를 중단 해주세요.,외교/통일/국방,2022-04-18,2022-05-18,naver - ***,청원종료,"4/15일 새로운 거리두기를 발표를 통해, 
진정하게 엔데믹에 가까워진 상황을 피부로 느끼고 있습니다.
단, 작일 발표 된 한국 해외 입국자에 대한 PCR검사에 대해서는
도저히 이해 할 수 없는 규제가 이어지고 있습니다.
현재 발표된 내용을 보면
변경전 : 입국전 PCR 검사 1회 / 입국후 PCR 검사 1회, 신속항원검사 1회
변경후 : 입국전 PCR 검사 1회 / 입국후 PCR 검사 1회
으로 변경이 되었습니다.
5월 중순 사실상 1급 전염병에서 2급 전염병으로 변경 되며,
격리 의무 해제 등 진정한 엔데믹 상황 에서, PCR 검사 자체가 의미가
없어지는 가운데에도 해외 입국자에 대한 규제는 실효성이 없어보입니다.
물론, 새로운 변이 등의 문제로 입국후 PCR 검사에 대한 부분은 필요하다고
봅니다만, 입국 전/후 PCR 검사는 중복 검사 LOSS,  대한 민국 국적자의 해외 격리 문제등
진정한 엔데믹에 발목을 잡는 입국전 PCR 검사를 대한 민국 국적자에 한 해서라도 폐지 하고
입국 후, 1회 PCR 검사로 변경 될수 있도록 적극적인 검토 부탁 드립니다.","4,002",/19th/www.president.go.kr/petitions/605196
605195,*** **** 고속도로 휴게소 설치건,교통/건축/국토,2022-04-18,2022-05-18,kakao - ***,청원종료,"**의 초고속 충전기인**** 충전기는 고속도로 휴게소에 설치되어 사용되고 있는 반면에, ***의 ****는 국토교통부의 불허로 설치되지 못해서 *** 오너들의 충전에 많은 불편을 초래하고 있습니다.
이건 공정을 중시하는 우리 대한민국의 정책에 반하는 정책집행 이라고 생각합니다. 
하루속히 ***의 수퍼차저도 고속도로 휴게소에 설치되어서 수많은 *** 오너들의 충전불편을 해소시켜 주십시요.
 [본 게시물의 일부 내용이 국민 청원 요건에 위배되어 관리자에 의해 수정되었습니다]",427,/19th/www.president.go.kr/petitions/605195
605194,세월호를 조롱하는 채팅방은 전부 없애야하고 처벌이 필요합니다,기타,2022-04-18,2022-05-18,kakao - ***,청원종료,"지난 7주기에 이어 또 다시 한번 세월호를 조롱하는 채팅방들이 나타나기 시작했습니다.
세월호는 4 . 16 수학여행으로
제주도로 가는 배를 가다가 중간에 침수. 돌아가신 학생들, 승무원, 선생들 유가족의 슬픔을 추모하는 날 입니다.
하지만 세월호 사건을 추모하기는 커녕, 세월호 사건을 축하한다는 내용의 채팅방이 점점 많아져가고 있었습니다. 채팅방에 있는 그중 한 사람은 바로 피해자의 유가족 이었습니다. 이 상황을 보고계신 유가족분들의 가슴은 이미 갈기갈기 찢어진 상태입니다. 세월호를 조롱하는 모든 채팅방은 처벌을 받기에 매우 마땅하며, **** 측에서도 채팅방과 채팅방 관리자의 정지를 활발하게 이어나가야합니다.
세월호는 아까도 말했다시피 돌아가신 학생들, 승무원, 선생들 유가족의 슬픔을 추모하는 날 입니다. 이런 슬픈날을 온갖 조롱과 비꼬는 말로 도배되지않았음 합니다. 감사합니다.
 [본 게시물의 일부 내용이 국민 청원 요건에 위배되어 관리자에 의해 수정되었습니다]",493,/19th/www.president.go.kr/petitions/605194
605193,******* 3080공공재개발 협의체장후보 개인정보도용,교통/건축/국토,2022-04-18,2022-05-18,naver - ***,청원종료,"안녕하세요 **** 3080공공재개발 지역에 거주하고 있는 주민입니다. 
현재 주민협의체장을 선출하기 위하여 현재 후보자를 받고 있습니다. 
그런데 개인정보수집을 할 당시의 개인정보는 이번 공공재개발의 동의여부를 받기 위하여 제출한 자료를 
주민협의체장 후보 선거에 활용하는 것은 명백한 개인정보보호법 제3조 2항에 위반하는 불법행위입니다. ( 제3조(개인정보 보호 원칙) ② 개인정보처리자는 개인정보의 처리 목적에 필요한 범위에서 적합하게 개인정보를 처리하여야 하며, 그 목적 외의 용도로 활용하여서는 아니 된다.)
이러한 부분에서 부천시청, LH, 국토부에서 조사하여 추후 이러한 주민개인정보를 도용하는 일이 없도록 
조치부탁드립니다.
 [본 게시물의 일부 내용이 국민 청원 요건에 위배되어 관리자에 의해 수정되었습니다]",158,/19th/www.president.go.kr/petitions/605193
605192,******* 3080공공재개발 협의체장후보에 대해 조사부탁드립니다.,교통/건축/국토,2022-04-18,2022-05-18,kakao - ***,청원종료,"2021년 6월 29일 3080공공재개발 지역으로 지정되어 12월 말에 지구지정완료되었습니다.
중간에 LH담당자가 들어와 동의서 받으면서 봉사자 한 사람에게 지분쪼개기 편법을 가르쳐주어 9월30일 증여로 지분쪼갠다음 협의체장 후보로 나왔습니다.
해당후보의 남편은 경찰간부로 현재 재개발사업에 적극 관여중이며 민간재개발하는 업자도 소유주로 들어와 주민들간의 분란을 조장하고 있습니다.
또한 동네 4통장 또한 후보에게 적극개입하여 한쪽으로 치우치고 있으며..해당후보는 기자까지 껴서 본인이 추진위회장이라며 거짓정보까지 냈습니다.
이걸 뒤에서 알아서 하라는듯 지켜보는 LH와 시청도 같이 조사부탁드립니다.
원주민을 위한 개발을 몇몇소유주들의 독단적인 행동으로 제대로된 길을 가지못하게 하고 있습니다.
지분쪼개기등..명확한 사실관계 밝혀주시기 바랍니다.
 [본 게시물의 일부 내용이 국민 청원 요건에 위배되어 관리자에 의해 수정되었습니다]",253,/19th/www.president.go.kr/petitions/605192
605191,계곡살인사건과 흡사한 내용이 많아 용기내어 저희 아버지의 죽음에 수사를 진행되길 원합니다.,기타,2022-04-18,2022-05-18,naver - ***,청원종료,"1남 3녀의 막내아들로 태어나서 34년동안 함께 아버지와 지냈습니다.
제가 어렷을때부터 큰누나는 집에 함께 지내지않았고 둘째누나와 셋째누나또한 제가 중학교때부터
아버지의 절약정신에 함께지내길 힘들어하며 독립을 하면서 아버지와 저는 단둘이 함께 지내며 지냈습니다.
저또한 아버지의 절약정신에 힘들었지만 저까지 나가버리면 혼자남을 아버지가 걱정되어 
참으며 지냈습니다.
그러면서 누나들은 결혼으로인해 조금씩 아버지를 찾아오는 빈도가 늘어나면서 가족관계가 
나아지는듯 싶었습니다.
큰누나의 재결혼후 새매형과 큰누나는 아버지에게 찾아오는 빈도가 더높아지고 저또한 아버지에게 
잘해주는 큰누나가족들에게 고마워하며 지내던 어느날 큰누나가 아버지와 같이 지내는게 힘들지않냐며
아버지와 떨어져지내는게 어떠하냐고하여 그때는 아무런 의심없이 매번 티격태격하는 아버지와 떨어진다는생각에
좋다고하였고 아버지는 본인이 설득하겠다고했습니다.
양보라는걸 잘 못하는 아버지가 큰누나의 바램대로 응하였고 연고도없는 전남장흥으로 간다고 했습니다.
집은 큰누나가족들이 알아본집이라면서요.
그때부터 모든게 시작이었던거 같습니다.
이사가시고 얼마 지나지 않아 이사가신 전남장흥집에 찾아갔을때 너무 시골집에 바닥도 평이않맞아 바닥이 기울어있는 집이었고 아버지는 그런집을 밤낮으로 혼자 고치고 계셨습니다.
아버지가 괜찮다고하셔서 저는 아버지가 원해서 이런곳에 지내는건가 생각했습니다.
그뒤에 몇달이지나서 큰누나가 카톡을 보냈는데 아버지집에 지내는 저에게 나가달라고 하였습니다.
갑작스러운 그런 메세지에 아버지집에서 왜 내가 나가야 되냐고 되물었지만 나가달라는 말만반복했고
등기부등본을 때어보니 메세지가오기 하루전에 등기부등본이 매매로 큰누나이름으로 되어있었습니다.
이게 어떡게된건지 아버지에게 연락해보았지만 메세지도 전화도 받지않았습니다.
그당시 큰누나는 파산자로서 자금조달이 어려운상태였고 증여를 매매로 신고한거라 판단하였습니다.
가족에게 버림받았다고 느낀 저는 급하게 대출해서 돈이되는대로 반지하집을 이사갔고
큰누나는 그집을 월세로 바로 내놓았으며 서울의 매매후 의무거주기간2년을 월세로 채우고 2년된날 바로
제3자에게 팔았습니다. 
아버지가 원했겠지라고생각하였습니다.
저는 갑작스럽게 집을 구한터라 빛도생기면서 제 생활에만 몰두할수밖에 없었습니다. 
이런 상황에서도 둘째누나와 셋째누나는 한번도 연락이 오지않았습니다.
일단 저는 증여를 매매로 신고한 허위신고를 국세청에 신고하였습니다.
그렇게 혼자 하루하루지내다 아버지에게 연락을 다시 하려고 했지만 폰번호가 바뀌어있었습니다.
핸드폰 문자도 못하는 아버지가 폰번호를 바꾼것은 누군가 바꾸길 도와주었다고 생각했습니다.
그렇게 연락이않되길 4년이 지났고 갑자기 일하고있는 저에게 작년 9월에 둘째누나가 전화가왔습니다.
잘지내냐면서요.
너무 오랜만이고 갑작스러웠지만 그래도 가족이 연락이 온터라 반갑게 받았고 셋째누나가 몸이 많이 안좋다며
셋째 얼굴 보러오지 않겠냐고해서 걱정된 마음에 몇년만에 셋째집에서 둘짼누나와 만나게 되었습니다.
저는 아빠얘기도 물어보았고, 어느 요양병원에 있다고 하였습니다.
둘째누나가 이제부터 우리셋밖에 안남았고 이제 셋이 잘지내자고하여 저는 반갑게 대답했습니다.
그렇게 저에게 갑자기 찾아온 가족이라는 단어가 반갑고 고마웠습니다.
그렇게 지내다 11월 제 생일에 초등학생때 돌아가신 어머니산소에 혼자 인사드리러 묘에 찾아갔습니다.
그런데 어머니묘 비석에 아버지이름이 적혀있었습니다.
이게 왜 적혀있나 한참생각하다 관리소에 찾아가 물었더니 9월에 아버지를 어머니산소에 
큰누나가 합장을 하였다고 하였습니다.
한참을 관리소앞에앉아 울음도나오지않고 믿어지지가 않았습니다.
그러다 둘째누나에게 전화해서 상황을 얘기했는데 슬프고 놀란느낌이 아닌 당황한듯한 목소리였습니다.
(지금 생각해보면요)
친척들에게도 제가 전화를 했고 놀라시고 우시기도 하시고 제가 어떤상황인지 알아보겠다며 
진정을 시켜드렸습니다.
둘째누나랑 셋째집에서 만나기로하였고 만나는당일 둘째가 연락이안되서 못만나나싶었는데
오후에 연락이와서 벌써 셋째집에 와있다고 오라고하여서 연락뒤에 제가가서 얘기를 나누었습니다.
저는 이런 상황에 소송쪽으로나 수사쪽으로 알아봐야되지않겠냐고했지만
둘째와 셋째는 아버지가 본인이 선택해서 그렇게 돌아가신거라며 거부했습니다.
저라도 알아보겠다고하니 둘째가 자신도 같이 가주겠다고하여 돌아가시기전 요양병원도 가고
마지막 계셨다는 장흥에서 이사간 양평집에도 갔는데 양평집은 폐가와도 같은 집이었습니다.
지금 이시대에 이런집이 있구나하는 그런집에서 아버지가 요양병원가기전까지 계셨다고생각하니
가슴이 찢어지게 아팠습니다.
둘째누나는 어디사는지도 모른다고하다가 그날 다 아는사람처럼 어찌어찌알게되었다면서
저에게 주소를 알려주었습니다.
아버지통장내역을 뽑아보면 좀더 알수있는게 많을거같다고 하였지만 둘째누나는 사망자통장은 뽑을수없다고
하였습니다.
또한 사망자재산조회신청을 본인이 하겠다고 기다리라고 하였지만 느낌이 좋지않아
저또한 둘째몰래 신청을 했습니다.
이틀이 지나 아버지이름으로 사망보험금이 들어있다고 문자가 왔지만
먼저 재산신청을하고 모든 조회결과를 워드로 작성하여 사진을 전송한 둘째누나의 메세지에는
사망보험금에 대한 글은 찾지못했습니다.
더는 둘째누나를 믿을수없어 
집에돌아와서 알아보니 사망자통장내역확인이가능하였고 필요서류몇개챙겨서 은행을 가보니 
손쉽게 은행에서 프린트해주었습니다.
아버지에 모든돈이 없었습니다.
조금조금씩 ATM기계로 주기적으로 인출되었고 조금은 3~40
많게는 몇백에서 몇천씩 인출이되었습니다.
아버지 차도 팔려있고 집도 돈도 없고 거기다 사망보험금도 저와 떨어진시기에 들어있었습니다.
수급자는 알아보려고하였지만 개인정보보호로 가입자만이 알수있다고 하였지만 큰누나라고 생각합니다.
간암말기판정을 받으시고 그런 양평허름한집에 지내는 동안 
요양원,요양병원에 계시는 그동안에도 통장에 돈은 계속 인출이되었고
그런시기에 아버지명의에 신용카드요금이 300이 넘게 쓰인것도 확인했습니다.
아버지명의로 개인여신상품이라는 대출도 받은것을 확인했습니다.
저와 같이 지내셨을때는 간경화도 없으셨던 아버지가 저와 떨어지고 4년만에 간암말기로
요양병원에서 돌아가셨고 화장을 한건지 어디서 장례는 치르셨는지도 모르게 돌아가셨습니다.
(요양병원 관리내역서에는 어느병원장례식장에 간다고 써있었지만 그 병원장례식장 확인결과 아버지이름으로
접수된것은 없다고 확인했고 요양병원측은 큰누나가 말한 구두내용만 적은것이라고 했습니다.)
경찰서 수사과에도 상담을 받아봤지만 가족간에 돈문제는 특별법이있어서 수사대상이아니라고하였습니다.
변호사사무실도 몇군데찾아가서 상담받아보았지만 일단 소송을 진행하자고하면서 
돈만 얘기하는 사무실에 많았습니다.
저혼자 감당하기 힘든 액수여서 둘째누나와 셋째누나한테 셋이같이 소송을 하자고 하였지만
거부당했습니다.
그뒤로 지금까지 둘째누나와 셋째누나는 다시 연락이 오지않습니다.
저혼자 알아보다 할수있는게 유류분소송밖에없다고 판단하여 제돈으로 변호사와 계약하고
소송을 시작하였고 큰누나측또한 변호사4명을 써가면서 유루분소송을 준비중이라는 초기답변이왔다고
저희측 변호사에게 연락이왔습니다.
저희아버지가 가장 싫어했던 가족이 큰누나였고 큰누나또한 아버지에게 살아생전 잘해준게 없었습니다.
그 마지막에 잘해준것또한 너무의심되는 상황입니다.
그런 아버지가 평생을 아끼던 돈을 집을 차를 다 큰누나한테주었다는게 이해가되지않고
그런 허름한집에 간암말기환자를 모셨다는것도
그런 양평집또한 큰누나남편명의였고 매매거래돈도 아버지통장에서 빠져나갔습니다.
둘째누나와 셋째누나의 다시 연락온 시점도 소송을 안하겠다는것도 제가 하겠다고하니 다시 연락을
두절한것도 모든것이 의심되는 상황입니다.
아버지를 돌아가시기 두달전부터 아버지명의에 체크카드를 만들고
자동차기름,식당,편의점등등 결제내역이 있었고 가장 소름돋는것은
합장한 후 그 당일오후에 그 체크카드 내역에는 빵을 구입한 내역이있었습니다.
자신이 아버지를 묻고 묻은 아버지의 체크카드로 빵을 구입한 딸이 이세상에 있을까요?
계곡살인사건또한 사망보험금과 대기업연구원의 연봉인데도불구하고 반지하 월세방에서 지낸..
그런 상황들이 저희 아버지와 흡사하여 이렇게 용기내어 글을 적어보았습니다.
수영을 못한다는 지인들의 재수사요청으로 인해 사망사건으로 종결될뻔한 사건이 재수사를 하며
범인을 추스린이번 사건처럼 저희 아버지또한 수사가 진행되길 정말 간절히 바랍니다.
많은 힘을 부탁드립니다.
잘못한사람은 벌을 받는 세상이 오길 간절히 바랍니다.",277,/19th/www.president.go.kr/petitions/605191
605190,한동훈 법무부장관 후보자 인사청문요청안 국회 제출을 절대 반대합니다,정치개혁,2022-04-18,2022-05-18,twitter - ***,청원종료,"윤석열에 의해 차기 정부의 법무부 장관 후보자로 지명된 한동훈은
그동안 검사로 재직하는 동안 채널A 기자와 관련된 검언 유착의 혐의를 받고 있었지만
그의 스마트폰인 아이폰의 비밀번호를 검찰에 알려주지 않아 수사 과정에 막대한 지장을 초래하고
결과적으로 무혐의로 사건이 종결되도록 한 바 있어 차기 정부의 국무위원이자
검찰을 비롯한 법무를 총괄하는 법무부 장관의 자격에는 절대 미치지 못합니다.
또한 한동훈은 검찰에 의해 정치인과 언론인을 고발하게 한 고발사주 의혹 사건의 기획자로도
의심 받고 있다고 알려지고 있습니다. 
차기 정부와의 원활한 정부 이양과 인계 인수도 중요하지만 현 정부에서 이런 자를 
장관 후보자 인사 청문 요청 안에 서명하고 국회에 요청하는 것은 어불성설이라고 봅니다.
따라서 문재인 대통령은 한동훈 공직 후보자가 스스로 아이폰의 비밀번호를 제공하여 수사에
협조하기 전에는 국회에 인사 청문 요청을 절대 하지 말아야 합니다. 
절대 반대합니다.",727,/19th/www.president.go.kr/petitions/605190
605189,증권사가 달라하면 무조건 줘야하나요?,경제민주화,2022-04-18,2022-05-18,naver - ***,청원종료,"안녕하세요.
이번 2022년 4월에 미국에 ****가 spin-off를 하면서 
기존 ****(이하 *)와 ***로 나뉘게 되었습니다.
기존에 있었던 방식인지 모르겠으나(*식 spin-off) 정보가 너무 없고 증권사 별로도 해석에 차이가 존재합니다. 
대략적으로 말씀드리면 *는 spin-off를 통해 1주당 0.24주의 ***주식을 줬습니다.
* 기존 24달러였고 나뉘면서 기존 *는 18달러정도 ***는 1주당 6달러정도로 24달러정도의 가치가 되었습니다.
미국은 이번 분할에 세금을 징수하지 않았습니다.
그리고 한국과 미국의 시스템이 달라 한국은 ***를 주식배당취급하는데 이 가치를 얼마로 정하냐에 따라
추후 양도소득세 취급할지 배당소득세 취급할지가 갈리고 있습니다.
그런데 제가 말씀드리고 싶은건 증권사에 법무팀이 있어서 해석한 후 마음대로 세금을 부여한다는 것입니다.
주주들도 잘 몰라 증권사에 문의하면 자사 법무팀이 자체 해석을 했다고 하고 예탁원이나 국세청에 문의는 하지 않았다 합니다.
여기까지도 좋은데 예탁금을 채우지 않으면 연체료율은 16%를 물게합니다.(**증권기준)
이는 분명히 배당소득세 취급일경우 증권사가 미리 받지 않으면 추후 국세청에서 징수할 때 연체료를 물게될까봐
그런거 같은데 그 전에 예탁원이나 국세청에 문의하고 처리하면 상관도 없을껄 굳이 자기들 법무팀이 존재한다고 마음대로 해석하고 마음대로 세금내야한다하면 내야하나요? 또 증권사 실수시 환급 시 이율은 1.2%밖에 안되는데 왜 우리는 16%나 내야 하나요?  
증권사가 실수할 경우 이용자들만 불편하고 보상체계가 허술하니 예탁원이나 국세청에 문의하면 되는걸 굳이 마음대로 처리하는데 증권사도 이용자들이 받는 패널티와 동급정도의 패널티가 필요하다고 생각합니다.
 [본 게시물의 일부 내용이 국민 청원 요건에 위배되어 관리자에 의해 수정되었습니다]",178,/19th/www.president.go.kr/petitions/605189
605188,소방공무원 출제오류로 정답자는 탈락하고 오답자가 합격하는상황,일자리,2022-04-18,2022-05-18,naver - ***,청원종료,"안녕하십니까
저는 올해 소방공무원 시험을 치룬 수험생입니다.
현재 소방공무원 시험과목 중 소방학개론의 문제 17번에 대해서 제가 말씀드리고자 합니다.
문제17. 화재피해조사 산정기준 중 동일 소방대상물로서 한 건의 화재로 취급하는 기준에 대한 설명으로 옳지 않은 것은?
① 한 곳에서 발생한 화재
② 누전점이 다른 2개소 이상에서 발생한 화재
③ 지진, 낙뢰 등 자연환경에 의해 발생한 여러 화재
④ 동일범에 의한 방화 또는 불장난으로 2개소 이상에서 발생한 화재
관련법령.
제26조(화재건수의 결정) 1건의 화재란 1개의 발화점으로부터 확대된 것으로 발화부터 진화까지를 말한다. 다만, 다음 각 목의 경우에는 당해 각 호에 의한다.
1. 동일범이 아닌 각기 다른 사람에 의한 방화. 불장난은 동일 대상물에서 발화했더라도 각각 별건의 화재로 한다.
2. 동일 소방대상물의 발화점이 2개소 이상 있는 다음의 화재는 1건의 화재로 한다.
가. 누전점이 동일한 누전에 의한 화재
나. 지진, 낙뢰 등 자연현상에 의한 다발화재
위의 관련법령 제26조에 의거하여 본 시험문제에 대입하여 보면 논란의 4번지문은 불장난이라는 말이 있으므로 별건의 화재로 하는 것이 성립합니다. 그리고 문제자체에 동일 대상물이라고 명시되어 있는점, 4번 지문에 동일범이라고 명시되어 있는점.
최초정답 가답안  정답 2번
출제자의 의도      정답2번
17번(정답없음) 출제오류처리 이유 - 
화재피해조사 산정기준이 아니라  
화재원인조사 산정기준임
여기서 문제점  
출제자의 의도(가답안)는 정답이 2번이므로
발화지점 공부를 열심히 한 수험생들은 2번 정답을 맞췄음에도 점수는 동일하고 
틀린사람들은  정답인정이되므로 5점씩 올라갑니다.
현재 이 17번문항  1문제로 1년 2년간 공부를 열심히 한 수험생이 떨어지고  
공부를 했지만 부족하여 문제를 틀린 사람이 정답처리가 되어 합격하는 상황입니다.
 같은 380점이더라도 2번으로 답을 한 수험생은 그대로 380점이고 정답을 틀린 수험생은 385점으로 인정이되어  시험을 더잘본 학생이 불합격되는 이런 이상한 상황이있습니까
모든시험은 출제자의 의도를 파악하고 정답을 찾는것인데  문제가 이상해서 의도를 파악할수없는 문제면 이해를 하지만  뻔히 정답이있는 문제 의도파악 가능한문제 를 가지고 정답 불복을하여
오히려 틀린사람이 합격하는 상황 너무 억울합니다.",223,/19th/www.president.go.kr/petitions/605188
605187,상하이 봉쇄로 귀국하지 못하는 유학생들을 구해주세요.,외교/통일/국방,2022-04-18,2022-05-18,naver - ***,청원종료,"상하이 소재 대학교에서 공부하고 있는 유학생입니다.
중국 내 코로나 확진자수 급증으로 인하여 
3월 13일부터 학교 봉쇄가 시작되어 어느 덧 학교 밖으로 나가지 못한지 한달이 넘었습니다.
봉쇄를 했음에도 불구하고 코로나 확진자수는 줄지 않았고, 상하이 도시 전체 봉쇄로 이어져 택배, 배달 음식, 대중 교통 등 모든 것이 멈추었습니다.
줄지 않는 확진자수와 희망 없는 봉쇄 정책으로 인하여 이미 귀국한 타대학 유학생 분들도 있습니다. 
하지만 일부 대학, 그리고 제가 있는 대학교에서는 응급 수술이 필요하지 않는 이상 일반적인 대중교통이 없기 때문에 학교 밖으로 나가게 됐을 때, 안전하게 공항까지 도착하지 못할 수 있다는 이유로 귀국을 막고 있었습니다.
그러던 중 '상해 한인협회'에서 전세버스를 운영하여 공항까지 갈 수 있는 방법이 생기게 되었지만, 학교에서는 질병 관리청, 상부 기관의 허락이 필요하다며 계속해서 귀국을 허락하지 않고 있습니다. 영사관 측에서 강경하게 유학생들의 귀국을 요구하여야 학교에서도 저희의 귀국을 허락해줄 것 같습니다. 
기숙사 건물 밖으로 나가지 못한지도 3주가 되어 갑니다. 생수도 제대로 제공받지 못하는 상황에서 정상적으로 운행하는 버스와 비행기가 있는데 저희가 우리나라로 왜 가지 못해야 하나요? 봉쇄가 장기적으로 연장되고 있는 상황에서도 교내 코로나 확진자는 계속해서 나오고 있는 상황입니다. 저희도 언제 코로나에 걸려 격리 시설로 끌려갈지 모르는데 마음대로 귀국도 못하고 여기에 이렇게 감금되어 있어야 하나요? 제발 우리나라에서 힘써주었으면 합니다. 
긴 글 읽어주셔서 감사합니다.",491,/19th/www.president.go.kr/petitions/605187
605186,**군 `*** 군수와 그 부인`을 반드시 처벌해 주세요!!!,정치개혁,2022-04-18,2022-05-18,naver - ***,청원종료,"있을 수 없는 일이 ***에서 벌어지고 있습니다. *** **군수와 그 부인, 두 사람이 아름다운 ***를 쑥대밭으로 만들고 있습니다. 경찰청과 국세청은 낱낱이 밝혀 주시고 안개 낀 은둔의 왕국에서 벌어지고 있는 영화 `이끼`와 같은 두 사람의 폭정이 멈출 수 있도록 국민께서 도와주시길 부탁드립니다. 자세한 내용은 `링크` 하겠습니다. 관련링크를 열기 전 참고 사항으로 *** **군수는 군의원으로 재직하던 시절 건설 업자에게 150만원을 받고 의회 출근정지 한 달을 받은 적이 있습니다. 1500만 원도 아니고 150만 원이라니, 부끄러운 과거 입니다. 그러나 부끄러워 하지 않습니다.
링크에 걸려있는 기사 내용처럼 부끄러운 짓을 하고도 **군민들을 향한 진정어린 사과 한 마디 하지 않고 이번 지방선거에 출마 했습니다.
국민 여러분 정의는 살아있습니까? 한표씩 눌러주세요!!!!!
 [본 게시물의 일부 내용이 국민 청원 요건에 위배되어 관리자에 의해 수정되었습니다]",896,/19th/www.president.go.kr/petitions/605186
605185,2022년 4월 9일 전국 소방공무원 채용시험 관련 이의제기,기타,2022-04-18,2022-05-18,naver - ***,청원종료,"안녕하십니까? 대통령님
저는 올해 소방공무원 시험을 치룬 수험생입니다.
현재 소방공무원 시험과목 중 소방학개론의 문제 17번에 대해서 제가 말씀드리고자 합니다.
문제17. 화재피해조사 산정기준 중 동일 소방대상물로서 한 건의 화재로 취급하는 기준에 대한 설명으로 옳지 않은 것은?
① 한 곳에서 발생한 화재
② 누전점이 다른 2개소 이상에서 발생한 화재
③ 지진, 낙뢰 등 자연환경에 의해 발생한 여러 화재
④ 동일범에 의한 방화 또는 불장난으로 2개소 이상에서 발생한 화재
관련법령.
제26조(화재건수의 결정) 1건의 화재란 1개의 발화점으로부터 확대된 것으로 발화부터 진화까지를 말한다. 다만, 다음 각 목의 경우에는 당해 각 호에 의한다.
1. 동일범이 아닌 각기 다른 사람에 의한 방화. 불장난은 동일 대상물에서 발화했더라도 각각 별건의 화재로 한다.
2. 동일 소방대상물의 발화점이 2개소 이상 있는 다음의 화재는 1건의 화재로 한다.
가. 누전점이 동일한 누전에 의한 화재
나. 지진, 낙뢰 등 자연현상에 의한 다발화재
위의 관련법령 제26조에 의거하여 본 시험문제에 대입하여 보면 논란의 4번지문은 불장난이라는 말이 있으므로 별건의 화재로 하는 것이 성립합니다. 그리고 문제자체에 동일 대상물이라고 명시되어 있는점, 4번 지문에 동일범이라고 명시되어 있는점.
위와 같이 판단하여 볼 때 전원 정답처리도 불가능 할 뿐더러 혹시 다시 정답이 바뀐다면 2, 4번 복수정답처리도 매우 불합리한 처사라고 평가됩니다.
우리 수험생들은 시험에서 특히 객관식 시험에서는 가장 정답에 근접한 것을 고르는 것으로 알고 있습니다.
위와 같이 명확하게 2번이 정답인 상황에서 전원정답처리는 불합리합니다. 그리고 만약에 2,4번 복수정답 처리로 수정된다면 그것 자체도 불합리할 것입니다.","2,179",/19th/www.president.go.kr/petitions/605185
605184,버스사고로 인해 다리가 절단된 저희 아버지를 도와주세요,안전/환경,2022-04-18,2022-05-18,kakao - ***,청원종료,"어린 시절부터 왼쪽 다리에 장애를 갖고 살아온 아버지이십니다 
아버지는 불편한 몸에도 일흔의 나이에도 일손을 놓지 않고 성실히 살아왔습니다
그런데 이런 저희 아버지에게 날벼락 같은 불행이 찾아왔습니다
지난 1월 21일 아버지의  일상은 여느 때와 같이 평범했습니다
일터에 출근해 옷 수선일을 하고, 퇴근을 하고 매일 타는 버스로 퇴근길에 올랐고 
집 근처 버스 정류장에 도착한 버스에서 
왼쪽 다리가 불편한  아버지가 균형을 잡기 위해 양문형 버스 뒷문의 손잡이를 잡고 버스에서 내리는 순간, 다 내리지도 못한상태에서 문을 닫아버려서 아버지의 왼손이 끼고 말았습니다 버스기사가 개문발차를 한거같습니다 
오른손으로 다급히 버스 문을 두들기며 멈춰달라고 요청했지만 소용없었습니다.
하차 모습을 끝까지 보지 않은 버스 기사는 그대로 출발했고, 손이 빠지며 넘어진 아버지는 엎드린 자세로 버스 뒷바퀴에 깔리고 말았습니다 
하필이면 평생 의지하고 살아온 오른쪽 다리였습니다.
대학병원으로 옮겨진 아버지는 두 달여 동안 7번의 수술을 받았고 결국 멀쩡한 오른쪽 다리를 절단해야만 했습니다
더욱 두려운건 이러다 삶의 의지마저 꺽이실까 너무나 두려움에 살고있습니다
당시의 버스기사는 되레 죽고싶다며 피해자인 저희에게 암묵적인 협박을 하는 형세입니다
버스 공제쪽에선 비현실적이고 너무나 오래된 보상절차만을 언급하고있습니다
하루 14만 원 안팎인 간병비는 그것보다  적은 금액으로  그것도 최장 60일만 보장받을 수 있다고합니다 
특수 휠체어 등 의료기기 임대료, 소모품 비용은 온전히 저희 부담이어서 단순 계산으로도 한 달 500만 원가량의 비용이 기약 없이 들어갈 처지입니다
버스공제조합에 사정을 읍소했지만, 약관상 정해진 항목과 기간 외의 비용은 지급할 수 없다며 추가 간병비 등을 보상받으려면 민사 소송을 제기하라는 답변 뿐이었습니다.
그러나 소송을 준비하는 시간과 결론이 나기까지 버티기가 쉽지 않고, 승소를 하더라도 통상 70% 내외의 비용을 인정받는게 다라는 얘기를 들었습니다
버스공제조합의 너무나 오래된보상약관으로 인해 보상도 제대로 못받을지 모를 일을 막아주세요
버스공제조합의 오래된 보상 기준의 '표준 약관'을 바꿀 수 있게 도와주세요",510,/19th/www.president.go.kr/petitions/605184
605183,***아이들이 물새는 건물에서 탈출할 수 있도록 도와주세요,보건복지,2022-04-18,2022-05-18,naver - ***,청원종료,"***지역아동센터는 철책선이 있는 *** 마을에서  2002년 ***공부방으로 출발하였습니다. 2006년 면소재지인 **면 ***에 있는 현재 시설로 이전을 했습니다. 그런데 몇 년 지나지 않아서 곳곳에 물이 새어서  집단지도실, 부엌 ,휴게실, 상담실, 사무실에 크고 작은 그릇등을 놓아 빗물을 받았습니다.
건물주께서도 옥상을 방수 페인트를 칠하고 온갓 노력을 다했으나 비만 오면 줄줄줄 새는 누수를 막을 수는 없었습니다. 그런데 희소식이 들렸습니다. **면사무소가 이전한다는 것이었습니다. <**면활용계획서>를 들고  시장님을 면담하고 담당과인 여성가족과에 **초등학교 바로 옆에 있는 前**면사무소(현**생활문화센터)를 임대해달라고 요청을 드렸습니다.
2018년부터 2022년까지 수많은 노력을 했으나 ***아이들은 비만 오면 물이 새는 아동센터에서 아직도 생활하고 있습니다. 추운 겨울은 전기매트가 누수로 인한 고장으로 추위에 떨면서 생활을 했고 여름 장마철엔 바가지와 쓰레받이로 물퍼내는 것이 일이었습니다.
***공부방으로 출발해서 20년을 함께 해 온 시설장입니다.
저는 건강악화로 4월 30일 ***지역아동센터 시설장직을 내려놓습니다.
***아이들과 선생님들이 깨끗하고 아늑한 환경에서 즐겁고 행복하게 생활하게 하는 것이 저의 마지막 소임이라고 생각하고 청와대 국민청원에 글을 올립니다.
***아이들이 행복드림센터에서 선생님들과 생활하는 모습을 꼭 보고 싶습니다.
도와주십시요!!
 [본 게시물의 일부 내용이 국민 청원 요건에 위배되어 관리자에 의해 수정되었습니다]",167,/19th/www.president.go.kr/petitions/605183
605182,보험사와병원간의 싸움에 가난한다둥이아빠는 죽고싶습니다,보건복지,2022-04-18,2022-05-18,naver - ***,청원종료,"다둥이 아빠입니다
어려서부터 시력이 좋지않아 어렵게지내다가
먹고살기 바빠서 병원에도 못가고 지내던중
작년 년말부터 시력이 급격히 나빠져
일상생활이 힘들어져 병원에 방문했습니다
검진을 받아보니
백내장과녹내장 있다는 의사의 소견으로
시력이 급격히 나빠져서
백내장수술을하면 시력은 어느정도 회복된다하여
수술을 받았습니다
손해보험사에 2007년 4월에 실비보험 가입되있었고
백내장(수정체교체수술)수술받고
보험사에 의료비청구를 하였는데
선택사항인데도 불구하고
의료자문 동의서에 서명해야 심사를 진행한다
안하면 보험금지급을 보류한다고 압박하여
내 의사와는 상관없이 서명해주었는데도 지급을 안해서
재차 연락하니
이제는 검사기록지를 제출해라
서류제출의 의무는 피보험자에게 있다
안내면 보험금지급을 못한다라고 압박하여
가입당시 약관에도 없는 서류를 달라고 합니다
제가 줄수있는것도아니고
병원에서 지급해야하는 검사기록지를 ..
병원측에 검사기록지를 달라하니
병원에서는 
검사에대한 의사 소견서를 주었고
검사기록에대한 영상은 별도로 보관을 하지않고있으며
보관할 의무도없다면서
보관하지않기에 줄수없다고합니다
이사실을 보험사도 알고있슴에도
피보험자에게 검사기록지를 달라고하면서
안주면 보험금지급을 보류한다고 하니
혼자벌어서 어린자녀셋과 아내 어렵게살고있는
가난한 다둥이아빠는 죽고싶은 심정입니다
병원비 약960여만원을 받지못해 생계에 막대한 영향이있습니다
보험사와병원간의 싸움에
왜?
서민이 피해를 봐야하나요?
정말이지 힘듭니다
제발 보험금을 받을수있도록 간청드립니디
가난한 다둥이아빠는 죽고싶은 심정입니다",579,/19th/www.president.go.kr/petitions/605182
605181,농촌 산촌 계곡에 설치한 사방댐 피해대책 방법을 강력하게 요청합니다 .,농산어촌,2022-04-18,2022-05-18,kakao - ***,청원종료,"저는 강원도 **군 **면 **리에서 1978년도12살 때에 부모님 따라 경기도 광명으로 이사를 왔습니다.
그렇지만 어린나이에도 나중에 고향에가서 살거라고 돌아가신 아버님께 입 버릇처럼 이야기를 하였습니다.
그렇게 살다보니 어느세 50대가 돼어 그리운 고향으로 가려고 하는대 아주 큰 난관에 봉착하여 6년에 시간을 낭비하고 있습니다.
공무원에 무책인한 판단으로  개인에 사유재산이 휴지조각이 돼었습니다
다름아닌 *****번지 구거지에 설치한 사방댐이 부모님께서 물려주신 저의소중한 밭 ***.***.***.***.***번지로 진입하는***** 번지 도로부지를 가로막고 도로부지 전체를 하천으로 흡수 하였습니다.
사건의 시작
2007년도쯤에 강원도청 산림과직원이 *****번지 계곡에 사방댐 건설 담당하면서 사방댐 건설시 도로부지를 하천으로 흡수하려면 주변 농지주인에게 물어봐야 하는데 물어보지도 않고 도로부지를 가로막고 댐을 건설한것입니다.
도로부지를 없에거나 도로부지를 막을경우 댐 상류쪽으로 진입할수있는 우회 진입로를 만들어 주어야 하는데 그냥 무시하고 도로부지를 막아 없에 버렸습니다.
아무리 사방댐 건설 당시에 지적상에만 도로이고 현재 쓸수없는 도로라고 하여도 추후에 상류쪽에 농지주인들이 진입하는데 사비를 들여서 도로로 만들어 쓸수있는 생명줄 같은 도로부지 입니다.
부득이 하게 도로부지를 없에고 사방댐을 건설해야 한다면 당연히 주변 농지 주인들과 합의하에 우회도로를 만들어 주고 도로부지를 없에는것이 정상적인 공무원에 엄무 처리 아닌가요.
사방댐 건설 당시 댐상류쪽에 있는 저의 땅 5필지에는 임차인 ***번지 농지주인이 농사를 짖고 있었습니다.
4년만에 민원 답변서 내용을 알게 돼었습니다.
2016년 **군청 산림과 민원답변 내용
**군청 산림과 답변: 이사건은 ***번지 땅주인이 바뀌어서 발생된 문제이기 때문에 관계기관에서는 아무 잘못이 없으므로 해결해줄수 없다는것입니다.
***번지땅주인과 ***번지 땅주인과 *****번지 도로부지와 무슨 연관이 있습니까
답변내용설명
헌법에 자기땅을 평생 대대로 가지고 있어야 된다는 법이있습니까.
부동산을 언제든지 소유주가 바뀔수있는 유동자산인 것입니다.
댐건설 당시 ***번지 농지주인 에게 ***번지로 올라갈수 있냐고 물어봤다고 합니다.
아무것도 모르는 ***번지 농지주인 ***씨는  올라갈수 있다고 한것입니다.
분명 ***번지 외 4필지는 *** 다른 사람 명의인데 .
그러면 사방댐 건설 담당공무원은 사방댐에서 부터 상류쪽으로 올라가는 길이 필요 하다는것을 분명 인자하고 있었음에도 대책도 없이 *****번지 도로부지를 없에버린 사건입니다.
이사건은 강원도청 산림과에서 건설 하였고 2012년도에 모든 엄무를 **군으로 이관시켜다고 합니다. 
**군 산림과 관계부서에서 사방댐건설 당시 잘못이 있었다는것을 인정 하면서도 해결이 않되고 있습니다.
국가와 지방정부는 국민에 생명과 재산을 보호해 주어야하는 의무가 있는것인데
공무원 한사람에 잘못으로 저 한개인에 모든 제산권이 맹지아닌 맹지가 되어 휴지조각이 돼어버렸습니다.
이사건을 해결하고자 지방관계 부서.국민신문고.권익위원회.민원을 제기하였으나 해결이 않되었습니다.
주변에서 들어보면 사방댐으로 인하여 피해보는 국민들이 무지기수로 많다고 합니다.
국민의재산과 생명을 지키기 위하여만들 시설인것은 맞으나 이시설물로 인하여 또 다른 선량한 국민에 재산권이 휴지조각이 돼는것은 대책을 마련하여 주시기를 간곡히 부탁드니다.
 [본 게시물의 일부 내용이 국민 청원 요건에 위배되어 관리자에 의해 수정되었습니다]",120,/19th/www.president.go.kr/petitions/605181
605180,건강검진 중 천공발생하였으나 본인들의 책임이 없다고 합니다,안전/환경,2022-04-18,2022-05-18,naver - ***,청원종료,"***의료재단(강남센터) 내시경센터 실장 ***으로 부터 저희 어머니는 대장내시경 검사를 진행하였습니다
건강검진은 07시부터 진행하였으며, 대장내시경 특성 상 다른 검진을 마친 후 09시부터 09시 15분 정도까지 검사한 것으로 추측 됨(내시경 사진 촬영 시간 확인)
09시 30분 경
저는 건강검진을 완료(치과 치료가 마지막 단계)하고 치과 관계자로부터 10층(내시경센터)으 올라 가라는 통보 받음
09시 40분 경 
10층에 올라가니 저희 어머니는 허리를 굽힌체 배에 심각한 통증을 호소하고 계셨으며, 목과 흉부가 붓고 통증을 호소하고 계셨습니다
저는 어찌된 일인지 확인을 위해 *** 의사와 면담을 진행 하였습니다
*** 의사 : 본인은 이런 경험을 처음했고 너무 당혹스럽다는 입장만 표명하며 책임회피 발언
본인 : 지금은 잘 잘못을 따질 단계가 아니고 사안이 시급하니 연계 병원에 연락을 해 달라고 입장을 표명하며 어떠한 상황인지 빨리 알려 달라고 요청함
*의사 : 대장 내시경 처음 진입시 부터 피가 보였다는 주장, 혼자 본게 아니고 뒤에 있던 직원도 같이 봤다는 입장 표명
본인 : 그럼 왜 피를 보고도 무리하게 검사를 진행했나? 우선 확실히 천공이 발생했는지 확인 요청(나중에 대장내시경 촬영한 복사본의 촬영된 시간 확인 결과 마지막 단계에서 천공부위를 촬영함 확인)하며 병원 이송을 반복 요청하였습니다
사건 발생 1시간즈음 후 CT가 아닌 X-ray 촬영으로 천공 확인을 한다며 촬영 후 판독 결과는 천공이 없음을 주장(소견서 존재함) 본인은 X-ray 촬영으로 천공 확인이 가능하냐는 의문을 제기하니 가능하다고 답변하였습니다
그러면서 본인들은 문제가 없으나 보호자인 제가 찝찝하면, 대장전문 병원으로 연계해 주겠다는 입장을 표명하였습니다
당시 본인의 어머니는 목이 심하게 붓고 흉부와 목 위쪽으로 통증을 호소하고 있는 상황이여서, 본인은 지금 상황에 그런 전문병원에 갈 수 없고 처음 약속한 ******로 전원해 달라고 요청하였으나 약 2시간이 경과함에도 불구하고 아무런 대처가 없는 상황에 화가 나서 한시가 급하니 빨리 이송해 달라고 재 요청하였으나 기다린다는 이야기만 반복하며 본인들의 연계병원으로 이송을 꾸준히 권유함
하지만 본인은 ****병원 응급실로 119 구급차를 이용하여 어머니를 이송
****병원에 가서 CT를 찍고 확인한 결과 천공 발생이 맞았으며, 결국 개복하여 대장봉합수술을 시행 하였습니다
이후 ***의료재단 측에서는 전원회의를 통해 도출한 내용이라며
“본인들은 의료사고로 인정하지 않지만 병원비 정도는 내주겠다”는 입장을 표명합니다
이에 저는 본인들의 과실이 분명 있음에도 불구하고 인정하지 않으려는 태도에 대해 명확히 규탄하고 합니다
저는 *** 측의 진정성 없는 입장과 책임 회피에 대한 공식적인 사과와 현실적인 보상을 요청합니다
의료사고임이 분명함에도 불구하고 한 개인이 전문지식이 없는 상태에서 전문의료기관과 대항하기는 현실적으로 힘든 상황입니다 또한 이러한 상황을 국민들에게 알리기도 힘든것이 현실입니다
이에 저는 이러한 상황으로 또 다른 피해자가 발생치 않도록 명확한 책임 소재를 밝혀주시어 대한민국 국민으로서의 가치와 존엄을 지킬 수 있도록 간곡히 요청드립니다
 [본 게시물의 일부 내용이 국민 청원 요건에 위배되어 관리자에 의해 수정되었습니다]",508,/19th/www.president.go.kr/petitions/605180
605179,사찰 문화재 경로우대무료관람료대상이70세로되있는데 정부정책대로65세로  환원시켜 주세요,보건복지,2022-04-18,2022-05-18,naver - ***,청원종료,"안녕하십니까
청와대 국민청원 관계자 여러분께 진심으로 감사를 드립니다
다름아니오라
 계룡산 갑사와 마이산 탑사를 관람하는 과정에
조계종단에 속한  사찰은
경로우대 무료 관람 나이가 70세 이상 이라는 겁니다
정부에서  65세이상 경로우대로  지하철  궁궐.왕릉.박물관.수목원등 모든시설과 문화재가 무료 관람을 하는데  왜  정부정책에 반하는것을 조계종에서는 한는지요
조계종에 문의한결과  문화재 보수유지비가  문화재청에서
지원받는 금액이 부족하여
경로우대 무료 집장을  올1월부터  70세로 상향 조정을 하였다합니다
문화재청에 문의한결과  보수유지비를  평균70~80%는 지원을 한다는데 신도들의 시주돈과65세이하관람료은 어디다쓰는지  노인들 쌈지돈을  관람료로 받아  충당하는것이 오른일 인지 묻고십습니다
같은 불교계에서도  타종단  사찰은 65세로 경로 우대를 한다는데
유독 조계종단 에서만  70세로 무료관람으로 상향해서  보수유지비를 충당해야 했는지요
65세 이상의 복지혜택은몇십년동안
사회에공헌하고 나라에 충성하고 이바지한 댓가라생각합니다
조계종단  사찰 문화재 관람 무료 관람  나이를  정부시책대로  65세로 재조정해 주시기를  강력하게
요청하는 바입니다
민원인:신중근
 [본 게시물의 일부 내용이 국민 청원 요건에 위배되어 관리자에 의해 수정되었습니다]",155,/19th/www.president.go.kr/petitions/605179
605178,소상공인 방역지원금(1차.2차)의 문제점,보건복지,2022-04-18,2022-05-18,kakao - ***,청원종료,"[국민권익위원회 에 질의 한 내용]
1. 귀 위원회의 발전과 건승을 기원 합니다
2. 중소벤처기업부 공고 제2022-128호(22.02.09) 및 중소벤처기업부 공고 제2022-159호(22.02.22)와 관련입니다.
3. 코로나19의 재확산으로 고통을 받고 있는 소상공인을 위하여 신속히 지급이 되어야 할 방역 지원금이 행정부처의 이해 부족으로 확인지급에 차질이 발생 되고 있는 부분에 대하여 심히 유감스럽다는 말씀을 드립니다
4. 개업일별 매출 감소는 중소벤처기업부에서 공고한 기준에 충분히 충족이 되었으나 개인사업자로서 매출세금계산서를 전자로 발행하지 아니하고 수기로 발행하여 관할세무서에 부가가치세 신고 납부를 하였는데도 불구하고 전자세금계산서를 발행하지 아니한 매출은 인정을 할수 없다고 지급 불가 결정 사유에 “매출액 감소요건 미충족”으로 지원 불가를 통보 하는 것은 소상공인의 입장에서 도저히 이해 할 수 없는 것이라 사료 되어서 소상공인시장진흥공단 **센타에 강력히 항의를 하였으나 **센타 에서는 2022년 3월 말경에 이의신청 기간이니 그때에 이의 신청을 할 수밖에 없다고 하기에 그때 까지 기다릴수가 없어서 이렇게 국민권익위원회에 직접 민원을 제기 하오니 행정 낭비를 하기에 앞서 조속히 확인후 처리 하여 주실 것을 강력히 요구하는 바입니다
5. 부가가치세법상으로 전자세금계산서 발행 의무자는 년간 매출액이 300,000,000원 이상인 자 에 한하여 전자세금계사서를 발행 하여야 하나 매출액이 300,000,000원 이하인 사업자는 전자계산서발행 의무자가 아니기에 수기로 세금계산서를 발행 하여 신고를 하여도 되는 사업자 인데도 불구 하고 전자세금계산서의 매출신고 만을 인정 하여 소상공인 방역지원금 에서 지급 불가로 처리 하는 것은 이해 하기 어려우니 이에 대한 국민권익위원회의 회시를 요구 하오니 조속히 회시 하여 주시기 바랍니다
6. 아울러 확인 지급 신청시에는 사업자등록증.부가가치세과세표준증명원.매출을확인할수 있는 매출장을 제출 하였으나, 단지 중소벤처기업부에서는 수기로 발행한 매출을 인정 하지 아니함으로 인하여 지급 불가 결정이 난 것으로 확인이 되어지며, 방역지원금의 지급 기준은 전자세금계산서를 발행 하는자 만이 방역지원금을 받을수 있는지에 대한 답변도 아울러 듣고 싶습니다  
7. 민원을 제기하는 사업장 소재지는 경북 영주시  000  000(000)이며 사업자의 현황 및 세부 사항은 첨부 파일과 같사오니 참고 하시기 바랍니다
2022년 3월 8일
민원제기인 *******************
(민원인 : *** 외 106명)
[중소벤처기업부의 답변내용]
1. 안녕하십니까? 귀하께서 국민신문고를 통해 신청하신 민원에 대해 답변드리겠습니다.
2. 먼저, 방역지원금 관련 민원이 일시에 증가함에 따라 답변이 늦어진 점 널리 양해하여 주시기 바랍니다.
3. 코로나19로 인한 방역조치 및 매출감소 등으로 어려움을 겪는 소상공인을 지원하기 위해 방역지원금을 지원하고 있습니다.
4. 방역지원금은 매출이 감소한 소상공인·소기업에게 지원하는 것이 원칙이며, 한정된 예산으로 인해 모든 소상공인·소기업에게 지원하는 것은 곤란한 점을 널리 양해해 주시기 바랍니다.
5. 소상공인방역지원금.kr에 지원대상 및 지원기준 등 자세한 내용이 공고되어 있사오니 참고하시기 바랍니다.
6. 매출 증빙은 국세청에서 확인할 수 있는 자료만 인정되며 개별증빙은 인정하지 않습니다.
7. 하루빨리 코로나19 상황이 극복되기를 기원하며, 정부도 소상공인 지원에 최선을 다하겠습니다.　끝
[질의 와 답변에 대한 청원인의 주장]
중소벤처기업부 에서는 질의한 내용을 충분히 숙지 하시고 답변을 하시는 것인지 의구심이 들며 중소벤처기업부 답변 제3항에 ""코로나19로 인한 방역조치 및 매출감소 등으로 어려움을 겪는 소상공인을 지원하기 위해 방역지원금을 지원하고 있습니다""라고 하였는바 청원인 106명은 답변내용 제3항을 충족 하였기에 방역지원금을 신청 하였는데도 불구하고 방역지원금을 지급하여 주지 아니 한 것은 전자세금계산서를 사용하지 아니하고 수기로 세금계산서를 발행 하여서 이를 인정 할수가 없다라는 것에 동의를 할수 없음을 밝히며, 전자세금계산서 이든 수기로 발행한 세금계산서 이든 모두가 국세청에 부가가치세신고와 납부를 하는 납세자인 것은 동일 합니다
그런데도 불구하고 중소벤처기업부에서는 전자세금계산서발행 건만 인정할려고 주장하는것은 납득할수가 없으며 방역지원금을 받을 것 이라 미리 예측하고 수개월 혹은 수년전부터 앞서서 전자세금계산서를 발행 할수는 없는 것 입니다
대한민국 헌법 제11조에는  ""모든 국민은 법 앞에 평등 하다"" 라고 하는바 중소벤처기업부의 답변 내용은 전자세금계산서 만을 인정하고 수기로 발행된 세금계산서는 인정할수 없다는 논리는 모든국민은 법 앞에 전자세금계산서 발행자와 수기로 세금계산서를 발행한 자는 평등할수가 없다 라는 것으로 해석이 되어 지는 것은
이해 할 수 없으며, 이는 법앞에 불평등 한 것으로 답변을 한 것으로 판단 되어 지기에 이의 제기와 아울러 국민청원을 하게 된 것입니다
이에 대한 답변을 받고 싶습니다",385,/19th/www.president.go.kr/petitions/605178
605177,지정관리에  융통성있는 운영을 해주시길 간곡히 청원합니다,보건복지,2022-04-18,2022-05-18,naver - ***,청원종료,"저는 건강한 60초반의 남성입니다. 지난 3월10일경 며칠간의 농삿일 로 무리를 했는지 몸살기운을 가볍게 느껴 동네 이비인후과에 들려 평소에 기관지가 좀 약한지라 가벼운 감기증세에도 목감기로 1년전에도 폐렴으로 고생을 한 경험이 있다보니 약처방을 받아 몇일동안 복용을 했으나 별 차도가 없어 2차 내원처방을 받고 혹시나해서 코로나키트도 구입하고 계속해서 약물치료에 전념했으나 증세는 점점 악화되고 해서 폐사진이라도 찍어보고자 의료원에 내원했으나 입구에서 차단 PCR검사부터 받게하더군요. 하루가 지나 검사결과는 양성통보 단순감기였는데 졸지에 확진자 신분이 되어 자가격리 되더군요. 그래도 사진은 찍어봐야 하겠기에 내원했으나 비공식절차에 의한 약식촬영으로 폐렴증세는 확인되어 약처방을 받아 자가치료를 해보았으나 증세는 계속해서 악화되어 입원치료를 원해보기위해 보건당국의 안내에따라 119까지 불렀으나 응급실에서도 자리가 없다고 거부를 당하고 자가격리상태에서 생사의 고비를 무방비상태로 내팽겨졌습니다 .자가격리자를 위한 지정의원이라며 하루 한 두번씩 생사확인차원의 확인외엔 원론적인 답변에 호소하는 환자의 의견은 거의 무시되고 결국에는 스트레스만 더받아 나중에는 전화수신거부에 이르게 하더군요. 그러니 그 의원도 지원금받아 대행하겠지만 생명을 담보로 돈과 시간만 허비하고 있구나 하는 생각을 떨칠수가 없더라구요.다행히 저는 평소 건강한 체력이 있어 생사의 고비를 잘 넘겨 지금은 동네병원의 소견서로 병원에 입원하여 치료받고 있는중입니다. 소견서내용엔 없지만,""돌아가실뻔 했어요!"" 하시더라구요.
 하여 제가 청원하고자 함에 몇가지 제안을 드리고자 합니다.저는 제가 어설프게 대응한점도 있겠으나 감기기운만 있어도 키트나 신속항원검사에서는 음성이라도 PCR에서는 거의 대부분 양성이 나올수 있다는 점이고 사망자가 늘어나는것도 물론 기저질환자 일수도 있겠지만, 저와같이 폐렴등과 같이 초기에 제대로 된 치료를 하지 못하면 코로나사망자 명단에 오르는 비운을 맞이할수도 있다고 감히 말씀드립니다,
보건당국의 인력부족등의 어려움이기도 하겠지만 자가격리자 관리지정의원 제도도 또 하나의 문제일수도 있다는것입니다.
위중중으로 갈수있는 환자에게는 오히려 치명적 사각지대에 방치되고 있다는 점들을 고려하여 지정관리에  융통성있는 운영을 해주시길 간곡히 청원합니다.",109,/19th/www.president.go.kr/petitions/605177
605176,유튜버***씨에 협박받고 있습니다. 도와주세요.,인권/성평등,2022-04-18,2022-05-18,kakao - ***,청원종료,"얼마전 개인적인 다툼이 있었습니다.
상대방이 ****사이트 자유게시판에 전 ㆍ후 상황없이 자신 유리한 부분만 편집하여 글을 올리는 바람에 일이 커지기 시작했습니다.
제가 잘못한 부분에 대해 해명을 해도 소용 없었습니다.
저의 개인정보가 유출되어 지금 일상생활이 안될정도로 힘이 듭니다.
그 와중에 유튜버***씨가 연락이와서 아들사진을 유튜브에 올리겠다며 협박이 시작이 되었고,
경찰수사중임에도 불구하고 자신이 영향력있는 유튜버라며 아직도 협박중입니다.
정말 죽을듯이 아프고 힘이 듭니다.
어느분이든 도와주세요..
 [본 게시물의 일부 내용이 국민 청원 요건에 위배되어 관리자에 의해 수정되었습니다]",187,/19th/www.president.go.kr/petitions/605176
605175,코로나 방역 조치란 매뉴얼의 그늘 뒤에 응급 환자들이 죽어가고 있습니다.,보건복지,2022-04-15,2022-05-15,kakao - ***,청원종료,"4/11 월요일 저녁, 고인이 되신 *** 님과 보호자 자녀가 응급처치를 위해 ***** 응급실을 방문하였습니다.
고인은 췌장암 말기로 통원치료중이었으며 항암치료 중 신체기능이 저하되어 갑작스런 오한 등의 이상증세가 있었고, 거주지 인근 내과에서 혈액검사 결과 신속응급조치가 필요하다는 소견을 확인하여 *****로 방문하였습니다.
하지만 *****에서 처한 조치는 전혀 응급환자에 대한 것이 아니었습니다. 고인이 이미 응급실을 방문했을때 몸 상태가 위급하였음에도 말입니다.
1. 코로나 발병 여부 및 백신 접종 여부에 대하여 수십문항이 있는 내용을, 의식이 희미한 환자에게 작성하게 하여 응급처치를 1차 지연시킴
2. 코로나 검사 및 X ray 검사를 실시하여 2차 지연시킴
3. 생사가 위급한 상황의 고인에 대한 조치를, 코로나 확진 환자 들어간다고 긴급하게 접수를 받아서 고인은 3차로 응급처치가 지연됨.
4. 휠체어에 탄 고인이 의식이 희미하여 몸을 못가누자, 보호자에게 직접 누워서 타는 휠체어를 빌려오라고 지시하며, 병원의 역할을 보호자에게 떠넘김.
5. 호흡이 가빠져 마스크를 내리는 환자에게, 마스크를 다시 쓰라고 지시하였으며, 보호자가 산소호흡기 처방을 요구하자 함부로 처방할수 없다고 하여 골든타임을 놓침.
6. 이후 직원이 고인의 이름을 부르자 대답도 없고 동공 반응이 없는 것을 확인하고 나서야 응급실 내부 긴급콜을 통해 들어감.
7. 결국 30분 가까이 대기만 하여 필요한 조치를 아무것도 받지 못한 고인은, 30분간의 심폐소생술을 끝으로 소천함.
고인은 이렇게 의료진의 조치를 기다렸디만 정작 방치속에 돌아가셨습니다. 이에 정부, 보건복지부, 관계기관인 *****에 질의합니다.
1. 보건복지부 산하기관인 ***** 응급실에서 응급환자들이 코로나 방역 이라는 이름의 경직된 매뉴얼로 인하여 죽어감을 인지하고 있습니까?
생사가 오가는 환자들이 코로나 문진표부터 작성하고, 휠체어를 직접 빌려오게 하는게 정말 정상적인 코로나 방역 조치입니까?
2. 사망선고를 받으러 응급실에 들어갔을때는 누워서 핸드폰을 하는 환자들도 있었습니다. 응급실이 만석일때 추가로 임시병상을 확보하려는 노력을 하는 매뉴얼이 없습니까, 아니면 *****만 그런 매뉴얼이 없습니까?
코로나 19 방역이라는 잘못된 매뉴얼 아래 정작 긴급하게 조치를 받아야 하는 응급 환자들이 방치되어 응급실 문턱도 못넘고 생을 마감합니다.
응급실은 그 어떤 의료매뉴얼도 제칠 수 있는 응급한 상황을 대처해야 하는데, 어디에서도 응급한 상황을 볼수 없었습니다.
***** 응급실에서는 고인의 사망을 유발한 것에 대하여 유족들에게 사과하고 정부와 보건복지부 역시 이러한 사태가 재발되어 환자들이 덧없이 가지않도록 
제발 개선된 방역 지침을 내려주시기 바랍니다.
방역이란 이름의 그늘 뒤에 사람들이 죽어가고 있고, 아무도 그에 대한 책임을 지지 않습니다.
매뉴얼은 사람 생명보다 뒤에 있어야 합니다.
 [본 게시물의 일부 내용이 국민 청원 요건에 위배되어 관리자에 의해 수정되었습니다]",687,/19th/www.president.go.kr/petitions/605175
605174,친부가 초등학생딸 세명을 오랜기간동안 성추행을 했습니다,기타,2022-04-15,2022-05-15,kakao - ***,청원종료,제 남동생이 초등학생딸 세명을 오랫동안 성추행을 해왔습니다 작년10월에 애들이 엄마한테 얘기했는데 엄마라는인간은 그걸 묵인했고 학교에서 선생님이 상담중에 그걸 알게되서 경찰에 신고한 상태인데 가족들은 군청과 경찰서 조사를 받았는데 남동생은 아직도 조사를 받지않은 상태고 아이들은 아동복지센터로 들어가있는상태인데 인간같지도 않은 남동생은 군청에 전화해서 아동복지센터에서 애들 납치했다고 난리치고 허위로 국민창원에 글을 올리고 있습니다 저히가족 모두는 강력한 처벌을 원사는데 수사는 별 진전이없어 답답합니다 이제 애들이크면 다 알텐데 그 정신적인피해는 어찌 감당할수있을지 막막하기만 합니다 아이들이 성인이 될때까지만이라도 사회에서 격리될수있게 간곡히 부탁드립니다,"2,540",/19th/www.president.go.kr/petitions/605174
605173,동물학대가 없고 참다운 사람이 사는  세상을 만들어 주십시오.,반려동물,2022-04-15,2022-05-15,naver - ***,청원종료,"문재인 대통령님.
5년동안 대통령님을 모신 한 국민으로서 참으로 행복했습니다.
그동안 많은 일들이 있었음에도 대통령님이 계셨기에 그 믿음 하나로 힘이 들었어도
포기하지 않고 버틸수 있었습니다.
대통령님.
이제 힘겨운 자리에서 물러나실 날도 얼마 남지 않은 이때에
간절히 기도하는 마음으로 글을 올립니다.
동물학대는 언제쯤 멈출수 있는건지요?
오늘은 어떤 끔찍한 일이 있을까싶어 뉴스보기도 무섭습니다.
말못하는 짐승을 함부로 학대해도 큰벌을 받지 않은 이유는 무엇일까요?
요 며칠사이 몇십마리의 고양이를 가둬놓고 끔찍하고 잔인하게 죽인 일이 있었습니다.
오늘은 강아지의 입과 다리를 꽁꽁 묶어 서서히 죽어가게 버려진 일도 있었습니다.
차마 내용도 읽지 못할만큼 끔찍하고 잔인한 일들이 만연하고 있습니다.
그럼에도 어째서 아무런 조치도 없고 계속해서 이런일이 반복 되는것인지 답답합니다.
이런글을 올린다고 딱히 달라질거란 생각은 솔직히 하지 않습니다.
그럼에도 단 한사람이라도 더 읽어서 조금이라도 개선되는 기폭제가 될수만 있다면하는 
심정으로 글을 올립니다.
대통령님.
부디 부탁드립니다.
동물학대하는 사람들한테 강력한 처벌을 내릴수 있게 그리하여 다시는 생명한테 지옥을 주지 않게
도와주십시오.
그 누구도 말못하는 짐승한테 잔인한 짓을 할수없는  그런 세상을 만들어 주십시오.
누군가 말했습니다.
동물을 대변하는건 동물이 말을 못하기 때문에 인간이 대신해서 대변하는거라고요.
한쪽에서는 끊임없이 학대하고 죽이고 한쪽에서는 그걸 막기위해서 고군분투하고 있지만 역부족입니다.
대통령님.
간곡하게 부탁드립니다.
더이상 동물학대가 없는 사회를 만들어주십시오.
생명을 중시하는 기본 마음이 결국 좋은 세상을 만드는거라 굳게 믿고 있습니다.
동물과 사람이 더불어 사는 세상을 꼭 보고 싶습니다.","1,519",/19th/www.president.go.kr/petitions/605173
605172,***** **** ********의 횡포,기타,2022-04-15,2022-05-15,kakao - ***,청원종료,"안녕하세요.
소규모 배달전문점을 운영하는 자영업자입니다.
매장내 손님을 받을 수 있는 규모도 아니고 작은 평수에서 오직 배달에 의존해서 가게를 운영하고 있습니다.
아침부터 밤 늦은 시간까지 일인이 운영하고 있으며 비싼 인건비로 인해 알바나 직원 채용은 엄두도 나지 않습니다.
따라서 아낄 수 있는 모든 비용을 절약하며 열심히 일하고 있지만 도저히 감당할 수 없는 높은 배달수수료 그리고  높은 배달대행료로 인하여 계속 운영을 해야하는지의 고민에 빠졌습니다.
단건배달인 ***, ****, ********를 하지 않고는 배달전문점을 운영할 수 없을만큼 소비자의 인지도나 배달의존도가 높은 이 회사들은 거의 3사 독과점이라 해도 과언이 아닙니다. 이점을 이용하여 3사는 높은 수수료를 자영업자들에게 요구하고 있고 이에 자영업자들은 속수무책으로 이들의 과도한 요구를 수용할 수 밖에 없는 상황입니다.
이 3사는 배달기사채용에서도 높은 임금을 형성하여 중간 배달대행사의 인원채용에 어려움을 주고 결국 같거나 좀더 높은 인권비를 통한 해결로 대행료 상승이란 결과를 가져왔으며 이는 결국 자영업자들에게 2차 물가상승을 의미합니다.
3사의 이러한 횡포는 음식값의 상승이나 품질저하 또는 배달팁의 상승을 유도해 결국 소비자의 불이익이나  부담으로도 작용되어지고 있습니다.
요즘 이러한 문제들이 간혹 방송이나 다른 매체를 통해 밝혀지고 있습니다. 예를들어 어떤 자영업자분들은 삼삼오오 모여 ***을 보이콧하기 시작했고 이런 분위기가 조금씩 확산될 기미를 보이자 ***은 매일 이삼천원의 쿠폰을 소비자들에게 배급고 있는 상황입니다. 소비자들은 당연히 이 쿠폰을 사용하겠지요. 그리고 단건배달인 ***은 자영업자들에게 이 비용을 어떤 형태로든 받아낼 것 입니다.
****와 ********도 마찬가지입니다.
결국 정부가 컨트롤하지 않으면 이 거대한 3사를 소비자도 자영업자도 막기 힘들고 그 피해도 자영업자뿐 아니라 소비자들도 고스란히 받게 될 것입니다.
코로나 상황속에서 그리고 여러가지 이유로 점점더 커져가는 배달시장을 이제는 정부가 개입하여 올바르게 성장할 수 있도록 도와줘야 한다고 봅니다.
부족하지만 이 글을 읽으신 분들이 계시다면 소비자입장에서는 좀 더 합리적이고  믿고 먹을 수 있는 건강한 배달식문화를, 판매자입장에서는 좀 더 바르게 양심적으로 판매할 수 있고 열심히 일한 만큼 보상을 받을 수 있는 권리를 찾을 수 있도록 같이 동참해 주시기를  희망합니다.
 [본 게시물의 일부 내용이 국민 청원 요건에 위배되어 관리자에 의해 수정되었습니다]",330,/19th/www.president.go.kr/petitions/605172
605171,지자체마다 각기 다른 공유재산 주거용 대부료는 경제적 차별이자 불평등으로 시정해야 마땅합니다.,행정,2022-04-15,2022-05-15,naver - ***,청원종료,"국가가 소유한 재산은 국유재산이고, 지방자치단체가 소유한 재산은 공유재산입니다. 국유재산에 대한 주거용 대부료는 「국유재산법 시행령 제29조(사용료율과 사용료 산출방법)」 1항의 2에 ""주거용의 경우 : 1천분의 20이상""이라고 명확하게 명시되어 있어 전국이 동일하게 1천분의 20을 적용하고 있습니다. 그러나 공유재산에 대한 주거용 대부료는 「공유재산 및 물품관리법 시행령 제 14조(사용료)」 1항에 ""법 제22조1항에 따른 연간 사용료는 시가를 반영한 해당재산 평정가격의 연 1천분의 10이상의 범위에서 지방자치단체의 조례로 정하되, 월할 또는 일할로 계산할 수 있다.""라고 되어 있어 지자체별로 조례로 정하도록 자율성을 부여하였습니다. 공유재산 주거용 사용료의 실태를 살펴보니 17개 광역시도 중 서울, 부산, 대구, 경기, 경남, 충남은 해당재산 평정가격의 1천분의 20을 적용하고 있었고, 나머지 11개 광역시도는 1천분의 25를 적용하고 있었습니다. 광역시도를 기준으로 보면 비록 6개광역시도이지만 인구비율로 따지면 66%가 1천분의 20을 적용받고 있고, 나머지 34%는 1천분의 25를 적용받고 있습니다. 같은 광역시도 내에서도 시·군·구별로도 다르고, 교육청·교육지청별로도 달라서 어느지역에 사느냐, 관공서 소유냐, 학교소유냐에 따라 20%의 차이가 있었습니다. 예를 들어 강원도 조례는 1천분의 25로 명시하고 있는데, 강원도 고성군은 1천분의 20을 적용하고 있습니다. 저는 공유재산의 사용료가 지자체별로 상이한 것은 명백한 차별이라고 생각하여 강원도청과 강원도 교육청, 그리고 행정안전부에 민원을 넣었었습니다. 민원에 대한 답변은 공유재산 및 물품관리법시행령에서 “사용료율에 대하여 자치단체의 조례로 정하도록 한 입법취지는 지방자치단체가 중앙정부의 간섭없이 지역의 사무를 스스로 처리할 수 있도록 자율성을 보장하고, 재정적으로 자립할 수 있도록 자치단체의 재정 형편에 맞게 요율을 적용하기 위한 것”이기 때문에 법적으로 문제없다는 것이었습니다. 힘없는 일개 국민의 목소리에 불과해서 묵살당하는 기분이었습니다.
지방자치의 자율성 보장과 재정적 자립을 위해서는 지역별로 차별이 있어도 문제될게 없다는 답변은 부당하게 차별받고 있는 사람의 입장에서는 도저히 받아들일 수 없었습니다. 지자체의 부족한 재정을 서민생활에 밀접한 주거용대부료로 충당해야 할만큼 재정이 열악한 것인지 묻고 싶습니다. 어디에 사느냐에 따라 20%나 더 높은 사용료를 내는 차별이 과연 정당한 것인가 의문이 들어서 공론화를 하고자 합니다. 저는 공유재산법시행령 제14조(사용료)가 헌법에 보장된 평등권에 위배된다고 생각합니다. 헌법 제 11조①항은 “모든 국민은 법 앞에 평등하다. 누구든지 성별ㆍ종교 또는 사회적 신분에 의하여 정치적ㆍ경제적ㆍ사회적ㆍ문화적 생활의 모든 영역에 있어서 차별을 받지 아니한다.”라고 명시하고 있습니다. 지방자치단체의 자율성과 재정자립도를 명목으로 주거용 사용료를 지자체 마음대로 정하게 함으로써 1천분의 25를 내야하는 국민은 1천분의 20을 내고 있는 국민에 비해 경제적 차별을 받고 있는 것이라고 생각합니다. 좁은 대한민국 땅안에서 행정재산의 주거용 사용료가 국가소유냐, 지방자치단체 소유냐에 따라, 그리고 지방자치단체중에서도 어디에 사느냐에 따라 제각각 상이한 것은 명백한 차별이고 경제적 평등권 침해가 아닌가요? 법에 정한 기준에 따라 분류된 동일한 형태의 행정재산에 대해 주거용이라는 동일한 용도로 사용됨에도 불구하고 지방자치단체별로 상이하게 부여하는 것을 합법화 해준 공유재산법시행령 14조는 헌법이 정한 평등권에 위배된다고 생각합니다. 제가 법학자가 아닌 평범한 일반인이라 제 나름의 논리임을 감안한다 하여도, 서민생활과 밀접한 주거용 사용료가 지방자치단체에 따라 20%나 차이가 난다는 것을 도저히 받아들일 수 없습니다. 하다못해 부동산 중계수수료도 전국적으로 동일한데 공공기관이 국민에게 받는 대부료가 명확한 잣대없이 그저 지방자치단체의 자율성과 재정자립도라는 모호한 기준을 가지고 정하는 것이 말이 됩니까? 더 분통터지는 것은 많은 행정재산이 오랫동안 무단으로 사용되고 있어도 실태파악도 제대로 못하면서 합법적으로 사용료를 내고 있는 사람들은 공시지가도 가파르게 오르고, 타 지역에 비해 20%나 더 비싼 사용료를 내고 있는 현실에 도저히 가만히 있을 수 없었습니다. 재정자립이 사용료를 정하는 중요한 척도이면 무단점유하고 있거나 불용지로 방치되어 있는 행정재산 실태파악부터 먼저 하고, 법에 따라 과감하게 처리하는 것이 정답이라고 생각합니다.",123,/19th/www.president.go.kr/petitions/605171
605170,승강기 없는 저층동에 승강기 교체비용 승낙없이 장기수선충당금에서 사용 불합리,교통/건축/국토,2022-04-15,2022-05-15,kakao - ***,청원종료,"제가 살고 있는 아파트는 안산시 상록구 **** **에 소재한 ***아파트로서 5층 승강기가 없는 동과 승강기가 있는 동이 혼재하고 있는 아파트로서 1994년 9월에 입주하여 승강기 수선비를 승강기 소재 라인별로 2018년까지 분할 부과 하다 승강기의 노후로 승강기를 교체함에 있어 전 입주세대의 면적별로 부과되는 장기수선충당금으로 승강기를 교체한다고 하여 민원을 넣었으나 해결이 안되어 국민 청원을 합니다.
 집합건물의 소유 및 관리에 관한 법률 [제10조(공용부분의 귀속 등) 제1항에는 ... 다만, 일부의 구분소유자만이 공용하도록 제공되는 것임이 명백한 공용부분(이하 "" 일부공용부분""이라한다)은 그들 구분소유자의 공유에 속한다.  
동법 제14조와 제16조, 제17조에 의해 그 지분의 비율에 따라 공용부분의 관리비용과 그밖의 의무를 부담하며, 공용부분에서 생기는 이익을 취득한다.]에 따라 승강기 설치된 고층아파트에만 승강기교체비용은 분담해야 함에도 관계기관에서는 계산하기 복잡하여 라는 이유로 전체 저층, 고층에 분담하는 것은 부당하여 이를 시정조치하기를 청원합니다.
 [본 게시물의 일부 내용이 국민 청원 요건에 위배되어 관리자에 의해 수정되었습니다]",157,/19th/www.president.go.kr/petitions/605170
605169,버스의 개문발차 사고로 인해 다치신 아버지를 도와주세요,안전/환경,2022-04-15,2022-05-15,kakao - ***,청원종료,"지난 1월 21일 다리가 불편하신 저희 아버지가 다시금
큰 불행을 겪으셨습니다.
버스의 부주의라는 가벼운 이유 아래 장애가 있으신 아버지는
멀쩡한 오른쪽 다리마저 절단하셨습니다.
무려 7번이라는 수술을 견디셔야 했고 결국 멀쩡했던 다리마저 잃으셨습니다.
연세도 70세나 되시는데다 건강도 좋지 못하셨기에 저희는 끔찍한 악몽이라 여겼으나 현실이었습니다.
더욱 두려운건 이러다 삶의 의지마저 꺽이실까 너무나 두려움에
살고있습니다.
그러나 버스 공제쪽에선 비현실적이고 너무나 오래된 보상절차만을 언급하고있고 당시의 버스기사는 되레 죽고싶다며 피해자인 저희에게 암묵적인 협박을 하는 형세입니다. 법안에 더 안전하고싶고 또한 장애인인 아버지의 곁을 더 지켜드리고 싶습니다
도와주세요",558,/19th/www.president.go.kr/petitions/605169
605168,"연차 선지급, 환수조치 부당합니다!!",보건복지,2022-04-15,2022-05-15,kakao - ***,청원종료,"안녕하십니까. 
 운영상의 어려움으로 2019년4월에 장기요양기관을 폐업하여 현재 시설은 운영하고 있지 않습니다. 그러나 몇 해가 지난 2022년 1월 건강보험공단으로부터 “장기요양급여비용 환수예정 통보”라는 날벼락 같은 공문을 받았습니다.
 내용인 즉 종사자의 선 연차사용으로 인한 근로시간 미충족에 따른 환수!!
 해당 종사자가 1일 선 연차를 사용하고 정상 근무하였으나 월 기준근로 미충족으로 해당 월에 지급된 장기요양급여비용을 환수한다는 내용이었습니다.
자세히 말하면, 종사자의 월 기준근로시간은 8시간×20일로 월 만근일 경우 160시간이 되나 선 연차로 사용한 연차(1일) 8시간이 근로시간으로 불인정되어 월 기준근로160시간에 미달됨에 따라 실제 근로한 152시간(8×19일) 또한 인정받지 못 함은 물론, 그에 따라 인력추가배치 가산도 인정되지 않아 가산금액을 포함한 장기요양급여비용을 환수한다는 것입니다. 
 최근 전국의 많은 노인장기요양기관들이 국민건강보험공단으로부터 근로자에게 연차를 미리 선지급했다는 동일한 사유로 월 근무시간을 충족하지 못해 적게는 몇 백만원에서 많게는 수 천만원까지 급여비용을 환수당하고 그로 인한 영업정지 행정처분을 받는 등 그에 따른 깊은 우려와 불만의 목소리도 많은 것으로 알고 있습니다.
 물론 실무 담당자가 법 규정 등을 잘 알고 미리 숙지하여 행정업무에 만전을 기울였다면... 그에 맞게 적용했다면 더 좋았을 것입니다. 업무의 착오가 없었다고 하는 것은 아닙니다. 그러나 현장의 목소리에도 귀 기울여주셨으면 하는 바램입니다. 시설을 운영하면서 이용자 서비스 제공 등에 많은 것들이 고려됩니다. 종사자의 복지 및 처우 등은 서비스 질과도 아주 밀접합니다. 편의 및 선의로 종사자에게 제공한 선 연차가 하나의 예가 아닐까 합니다. 
 1일 선 연차 사용분이 아닌 나머지 근로기간과 가산금까지 환수를 한다는 것이 납득이 가지 않습니다. 선 연차 사용은 하루치 급여를 공제해야 함이 마땅함에도 하루를 제외한 나머지 근로한 기간까지 인정하지 않겠다는 것은 너무나 불합리하고 과도한 처사라 하지 않을 수 없습니다. 
 아르바이트를 하루 하여도 하루치의 임금을 받고 한 달을 일을 한다고 계약을 하고 하루를 결근한다고 해도 나머지 근로를 제공한 기간에 대해 노동의 대가를 받는 것은 지극히 당연한 사실입니다. 개인사업장만 하더라도 상식선에서 처리를 할 건데 공공기관인 건강보험공단에서 하루 결근하였다 치더라도 한 달 치 급여를 공제하는 것은 잘못된 관행이라고 생각됩니다.  
 공단은 급여를 신청하는 시스템에서 이러한 문제들을 보완해야 할 책임이 있음에도 정비는 하지 않은 체 장기요양기관에 책임을 전가하고 있고 그 피해는 고스란히 장기요양기관이 보고 있는 실정입니다. 착오나 실수가 있으면 공단에서 주의든 시정이든 그 즉시 하여야 함에도 묵과한 체 몇 년이 지나서 갑자기 지금까지 지적하지 않았던 것을 지적하며 환수를 하겠다고 하면 그동안 아무 문제의식조차 가지지 못한 장기요양기관들은 어떻게 대응해야 할지 막막하기만 합니다. 
 어르신들을 위해 기준보다 인력을 더 배치하고 근무시간 외에도 어르신들의 손과 발이 되고자 했던 우리들의 노력은 공단의 부당한 환수 조치에 무너져 가고 있습니다. 잘못된 시스템으로 피해를 보는 기관들이 앞으로 나오지 않았으면 하는 바람에서 청원을 올립니다.  
  폐업을 하고 몇 해가 지난 현재, 종사자의 편의를 위해 지급하였던 선연차가 칼날이 되어 돌아오지 않도록... 널리 보듬어 살펴주시고 국민건강관리공단의 환수조치에 대해 감경책 등 대책마련을 촉구 드립니다.",130,/19th/www.president.go.kr/petitions/605168
605167,타그리소 급여화 부탁드립니다.,보건복지,2022-04-14,2022-05-14,naver - ***,청원종료,"안녕하십니까?
현재 지방에서 서울로 치료를 받으러 다니는 폐암4기 환우의 딸입니다.
저희집안에는 일단 암을포함한 가족력이 전혀없으며 , 장수집안입니다.
그렇기에 암은 남의일로만 여겨왔고 전혀 생각도 못한 질병이었습니다.
저희 가정같은경우 어머니가 의료사고로일찍돌아가시고 아버지혼자 저희남매를키우셨습니다.
어느가정이나마찬가지이겠지만,
저희아버지께서는 평생 일만하셨고, 술,담배 안하시며 자식들에게 피해를줄까싶어 건강관리도 열심히하신분입니다.
등산을 매우자주 다니셨습니다.
그러던 어느날 , 몸살이 낫질않아 큰병원에서 엑스레이를 찍어보니 뜬금없이 폐암 진단을받아 
서울 상급병원으로 가서 정밀검사를 진행하니 폐암4기, 뼈와 뇌전이 진단을받았습니다.
하늘이무너진다는 느낌이 어떤느낌인지 살에 와닿았습니다.
한시라도 빨리 치료를 받아야했기에 바로치료를 시작하였습니다.
저희아버지께서는 조직검사결과 표적치료제를 사용할수있다고 하셔서 바로시작하기로하였습니다.
그런데 문제는 약값입니다.
일단 환우의입장에서 하루빨리 치료를시작해야하며 , 효과좋은약을 치료해야합니다.
저희아버지께서 복용하시는 표적치료제 ""타그리소"" 라는약은, 
한달치료비가 680 만원가량 됩니다.
일단 치료제 처방기준이 EGFR이라는 변이가 나온환우분께만 사용가능합니다.
""타그리소""는특히 뇌전이 환자에게 아주 효과가 좋습니다.(뇌전이는 특히위험하며 빨리치료를해야합니다.)
변이가없는분들이드셔서 효과보신분이계실정도로 효과가좋습니다.
저희아빠께서는 극심한뼈전이통증이 없어지셨으며, 뇌전이도줄었고, 폐의 원발암도 30%가량 줄어들었습니다.
이렇게 효과좋은약을 오래도록 복용하는것이 저의 소망입니다.
암에진단받으면, 대부분이 수입은없고 지출만생기게됩니다.
식품비, 교통비, 생활비 정도만 해도 많은데  한달거의 700가까이되는 금액을 부담하면서 약을드시는것이
암진단후 고통보다 더 고통스러운것같습니다.
치료약은있는데 치료에집중을 못하고 치료비를 걱정하는이현실,
이렇게 효과가좋은데 심평원에서는 약효능이인정되질않아 1차치료를 급여화해줄수없다고합니다.
많은분들이 효과를보고계십니다.
하루빨리 타그리소를 급여화해주셔서 많은환우분들께서 돈걱정없이 치료에만 전념할수있도록 국가에서 지원해주세요.
타그리소뿐만아니라 고가의 항암제를 하루빨리 급여화해주시길간곡히부탁드립니다.
효과가좋은 항암제들이 다양한데 급여가안된경우가 상당합니다.
맘편히 신약을 복용하며 모든 암이 정복될 날을 소망합니다.
모든환우분들 힘내시고 , 많은환우분들의 맘을 국가가 헤아려주시면 감사하겠습니다.
돈때문에 치료를포기하는일이없도록 ,, 꼭 부탁드립니다.
읽어주셔서감사합니다.","3,103",/19th/www.president.go.kr/petitions/605167
605166,지역아동센터내에 CCTV 좀 설치해주세요. 폭행을 2년내 당했는데 증명할길이없네요,보건복지,2022-04-14,2022-05-14,naver - ***,청원종료,"저희 아이둘은 광주 *구에 있는 지역 아동 센터에 다니고 있습니다.  2년동안 아이들이 그안에서 고학년 아이들에게 협박,폭행,공갈,금품갈취,왕따등의 문제를 당했는데도 지역아동센터내에 누구하나 도와주는 사람이 없었다고 합니다. 우리아이도 다른아이때문에 폭행등을 당한걸 알았는데 경찰에 신고했어도 이게 맞은 증거가 채택될만한게 없으니 그냥 흐지부지 끝날수도 있는 모양이예요. 억울합니다. 진짜 억울합니다. 아이들은 정신과 치료를 받아야할 정도의 상황이 되어버리고 언제 끝날지도 모르는 이 긴 여정을 진행하려고 하니 너무나 비참하고 슬픕니다. 피해자인 우리가 오히려 도망을 다니고 숨어 지내야한다는 사실이 너무 억울하고 슬픕니다. 가장 중요한건 트라우마가 생겨 가해자가 지나가기만해도 옷에 소변을 볼것 같다는 아이, 잠을 자면서도 맞는 꿈을 꾼다는 아이에게 제가 해줄수 있는게 아무것도 없는것 같아서 하염없이 그 상황에 지켜주지 못했다는 죄책감에 눈물로 하루하루를 보내고 있습니다. 제발 도와주세요. 나쁜사람은 벌을 받는다는것을 알려주고 싶습니다. 한달에 5-6번 짜증난다 때리고 만만하다 때리고 책상위로 올라가 발로 얼굴과 머리를 차고 정말 죽을때 까지 맞았다는 아이에게 세상은 그래도 정의가 있다라는것을 좀 알려주고 싶습니다. 저는 어렸을때 안좋은 기억을 40여년이 지났어도 기억이 납니다. 우리아이가 어쩌면 평생가져가야할 악몽같은 기억에서 좀 해쳐나올수 있기를 도와주세요.
 [본 게시물의 일부 내용이 국민 청원 요건에 위배되어 관리자에 의해 수정되었습니다]",563,/19th/www.president.go.kr/petitions/605166
605165,실내외 마스크 착용 의무화만은 해제하지 말아주십시오,보건복지,2022-04-14,2022-05-14,kakao - ***,청원종료,"안녕하십니까
결혼하여 출가한 딸이 저를 포함하여 둘이지만 부모님과 동생을 포함한 어느 가족의 구성원도 아직 코로나에 걸리지 않은 한 가족의 딸입니다.
저희 아버지는 신장이식자로 면역저하자에 해당합니다.
지켜보기 안타까울 정도로 철저한 자기관리를 하시며 몇십년째 건강을 유지하고 계시던 분입니다.
코로나가 시작된 후.. 코로나로 사망할 수도 있다는 주치의 선생님의 말씀에 불안에서 떨며 외식 한 번 제대로 하시지 못한 우리 아빠입니다.
그리고 그런 아빠 때문에 코앞에 있는 친정을 마음대로 가지 못한지 삼년째인 저입니다.
코로나가 있은 후 계절이 여덟 번도 더 바뀌었는데 추우나 더우나 마음 졸이며 야외 산책정도만 하며 사시는 아빠의 모습에 가슴이 미어집니다.
최근 오미크론 변이의 확산세가 심해지고나서부터 정부는 방역에서 거의 포기 수순을 밟아왔고
현재 실내외 마스크 착용 의무화마저 해제하고자 하는 움직임이 벌써 많은 언론에서 보입니다.
저와 남편같이 건강한 사람들은 사실 코로나 양성이 무섭지는 않습니다. 다만 친정에서 가끔 반찬이라도 받아먹는 짧은 순간들을 접촉하기에.. 덩달아 조심하며 살고 있을 따름입니다.
외식해본지가 참 오래되었네요.
하지한 저희 아버지같은 경우는 얘기가 좀 다릅니다.
거리두기 해제와 같은 부분은 코로나로 많은 타격을 입은 소상공인을 위해 언젠가는 해제되어야할 부분으로 생각이 되지만
실내외 마스크 착용 의무화를 해제한다면 저희 아버지와 같은 노약자, 면역저하자는 마음놓고 갈 곳이 없습니다...
코로나 확진자마저 자가격리가 잘되고 있는지 관리가 되지 않아 개인의 양심에 맡기고 있는 요즘..
저희 아버지와 같은 노약자, 면역저하자들에게는 마스크만이 유일한 버팀목입니다.
부디 실내외에서 마스크 착용을 의무화 해제하는 방안을 코로나가 종식될 때까지 고려대상에서 제외해주십시오.
건강한 일반인들의 입장만이 아닌 감염병 취약계층에 대해 한번 더 살펴봐주시고,
더이상 위중증자가 크게 늘지 않아 방역이 의미가 없다는 식의 합리화는 하지 마시고
감염병이 종식될 때까지 국민들이 모두 건강할 수 있게 국가로서 책임을 다해주셨으면 좋겠습니다.
누군가는 위중증자니 확진자수이니 하는 얘기를 더이상 방역을 포기한 국가 아래서 별거 아닌 얘기처럼 생각하지만, 저희 가족은 위중증자 얘기를 들을 때 마다 심장이 많이 내려앉습니다.
부디 마스크 착용 의무화 해제만큼은 심사숙고해주셨으면 좋겠습니다.",563,/19th/www.president.go.kr/petitions/605165
605164,전국민 손실보상 4분기 정부는 자영업자 기만하는가....,정치개혁,2022-04-14,2022-05-14,naver - ***,청원종료,"전국민 손실보상 4분기 정부는 자영업자 기만하는가....
대선 투표 받이로  손실보상 4분기 신청받습니다 공고만 올리고 대선당선되고
현정부 문재인대통령도 . 당선인도 선거 전에 하기로했던 손실보상4분기 확인보상 관련
공고문은2~4주 이내 집행이라고 명시해두고
서로 미루기 서로 적자국가 업적남기기 싫어 미루기 할때
버티다 버티다 폐업하는 자영업자 들 수두룩 뺶빽
문재인 대통령님 퇴임전 명예로운 퇴임을 위해 소상공인 자영업자들을 위해
힘한번 써주세요
3월3일 손실보상 4분기 시작해놓고 2~4주 이내 지급하기로했던 공문 이행도 못하는 중소기업벤처부본청
그리고 심의회집행하는 의원들 회의는 안하고 서로 스케줄핑계로 한달에 1번집행하는 심의회도
2달째 감감무조식입니다
이게 나랍니까 ?
부가세 신고 / 종합소득세는 하루만 늦어도 세율 이자 붙이기 하시면서
저희 피해금액받는거는 하루빨리 주고싶은게아니고
최대한 늦게 집행하고
해주기식으로만 보여주기식으로만 집행하는 정치인들 정말 진절머리가 납니다
지금 문재인 대통령님만이 해결해주실수있다고 봅니다....................",270,/19th/www.president.go.kr/petitions/605164
605163,소방청의 무원칙 행정과 자기 편리 위주의 독선 시정 청원,행정,2022-04-14,2022-05-14,kakao - ***,청원종료,"소방청은 2021년 10월5일 비화재경보(화재발생이 없는데 경보 울림) 대책이라며 ‘공동주택의 화재안전기준(NFSC 608)’에 고층 건물에 이어 공동주택에도 ‘아날로그방식의 감지기 또는 광전식 공기흡입형 감지기’를 설치할 것이라고 행정 예고를 했다. 
‘IOT 무선 감지기’는 2017년 재래시장 화재 예방을 위해 도입되어 최첨단 기술 접목으로 시장에서 각광 받는 단계인계, 무선 감지기를 의도적으로 배제하려는 화재안전기준(NFSC 608)에 날벼락을 맞고 생존 위기를 극복하고자 (가칭) 무선소방산업협동조합을 결성하고, (NFSC608) 행정 예고안 반대 의견을 제출하고, 행정위 소속 국회 의원에게 소방청의 의도적 시장개입의 부당성과 직무유기를 읍소했습니다.
  모 의원이 무선 감지기가 공동주택 적용 대상에서 빠진 경위를 묻자, 소방청 분석제도과는 국회 답변서에 ‘무선은 일반형이기에 공동주택에 배제된다’고 답변했지만, 소방청은 2017년 이후 무선 감지기 업체의 아날로그 수준 이상의 형식 승인 요구를 무시했습니다.  소방청은 국회로부터 정부 기관이 시장에 개입한다는 비난을 받았고, (NFSC608) 행정 예고(안)에 대한 반대 여론이 들끓었습니다.
(가칭)무선소방산업협동조합에서 소방청의 안전기준 관련 불공정 행위와 직무유기 감사청구, 청와대 국민청원, 국민권익위를 비롯한 7개 부처에 민원을 제시하자, 소방청은 작년 12월 29일 무선 도입을 위한 관계관 회의를 했고, 무선 방식을 아날로그방식에 포함되는 것으로 결정(엄밀하게 말하면 무선 방식은 ‘무선 디지털 방식’으로 아날로그 상위 개념임),  소방기술원은 3차례의 관계관 회의를 거쳐 무선 관련 기술기준 및 시험 세칙 변경안을 올 3월 15일에 확정했습니다. 
 무선 업체는 무선 관련 기술기준 및 시험 세칙 변경안을 올 3월 15일 확정했기에 4월 1일부로 새로운 시험 세칙(형식 기준)이 시행되는 줄 알았는데, 소방청은 다른 변경 사항이 많아서(소화기부터 여러 가지 많은 것들) 이들을 동시에 고쳐서, 무선 관련 시험 세칙도 연말에 동시 시행한다고 답변했습니다. 이는 소방청의 무원칙 행정이며 자기 편리 위주 독선적 행정입니다. 헌법에 명시된 공무원의 공정성과 성실성을 위배하는 행위입니다. 
그동안 소방청을 믿고 기술을 투자하고 시험 세칙에 의거 무선 아날로그 제품을 생산한 ‘IOT 무선 감지기’ 업체는 올 연말까지 8개월 동안 판매를 못 하는 어려움을 겪고 있습니다. 소방청의 직무유기와 행정권 남용은 무선 감지기 업체에 상당한 피해를 주고, 소방청의 편리 위주 행정은 나아가 국민의 생명과 재산 보호에도 악영향을 끼칩니다. 소방청에 여러 차례 민원을 제기했지만 답변이 없어, 소방청의 편리 위주 행정 시정을 요구하는 국민청원을 합니다. 
화재 감지기 분야는 전문분야여서 다수의 국민에게는 생소하지만, 국민의 생명과 직결되는 사안이기에 동의를 청합니다. 
공동주택 화재안전기준(NFSC 608) 부조리 의혹을 취재한 기사=> 
http://m.safetoday.kr/news/articleView.html?idxno=63294",161,/19th/www.president.go.kr/petitions/605163
605162,서귀포 *XXX에서 강제추행을 심하게 당했습니다,인권/성평등,2022-04-14,2022-05-14,kakao - ***,청원종료,"제주특별자치도 서귀포에 있는 *****이라는 애견샵을 다녔습니다.
조금친해지니 그애견샵주인이 점을 잘보는곳이있다며, 서귀포에있는 ****이라는 곳을 꼭 가보라며 수십몇번을 전화하더라구요.
결국 사주를 보러 가게되었습니다
가서보니 점을보는 곳이 아니라 퇴마를 하는곳이었고
가자마자 귀신이 많이 붙어있다며 2800 짜리 굿을 해야 잘풀린다는게 첫마디였구 퇴마를 해야한다했습니다
솔직히 퇴마라는게 궁금해졌고
돈 백만원 이상줘도 안해준다길래
통장에 이십만원잔고를 보여주니 십만원을 주면 퇴마를 해준다더군요.
그래서 십만원을주고 퇴마를 받았습니다.
거기서부터 문제가 되엇습니다... 퇴마를받구 술도잘안마시는 제가스스로 술까지마시고 한병까지는 기억이나지만,
4일간 기억이 없고 자해시도 까지하게되었습니다.. 저뿐만이아니라 다른분도 거기서 퇴마라는걸 받구 그날 술마시고 손목을 2번이나 그었습니다...
4일뒤 정신차리고보니 그 애견샵주인이 전화가 몇번 와있었고
집앞으로 왔더군요.. 또거기를 데려가더니 귀신이 많이 붙었다며 굿계약금을 넣어야 치료를해준다고하더라구요
담날 그애견샵여자가 집앞으로 와서 이백만원 그담날 백만원을 이체시켜주더니 계약금내라면서 빌려주더라구요
그때부터 이사건이 시작되었습니다..
그여자는 그남자무당이 손으로 몸을 더듬으면서 퇴마를한다는걸 알고 데려갔고,
나중에 알게된 사실이지만 일종의 그애견샵주인이 영업사장이라구 자기네들끼리 말하더라구요
저뿐만이아니라 굿사기도 많이 했습니다
퇴마를하면서 몸을 더듬었을뿐아니라
정말 여자로써 당하지못할 일들을 당했습니다.
여자의 가장 중요한 신체 부위에***까지 넣어가며 퇴마라는행동을 저뿐만아니라
거기오는 모든 여자에게 그런행동을 합니다
그걸 애견샵여자에게 이게무슨짓이냐고 되물었더니,
아무나 해주는것이 아니라며 자기가 데리고가서 특별히 해주는거라 그러더군요
그무당집을 검색하면 블로그작업까지했으며, 들어가믄 자궁암치료라구 적혀있습니다
지금현재 제주검찰청까지 넘어간 상태임에도 불구하구,
아직 조사도 시작하지않았는지
그놈들은 여행다니며 사진찍어 카톡프로필을 올리고 있을뿐아니라 카페같은 신당이라며 새로구입한 타운하우스및
호화스러운사진들을 인스타에 올리고 있습니다
지금 저외에 다른 피해자들은 정신과를 다니며
일상생활을 못하고 있을 정도의 고통을받고 있습니다
밖에나가는거조차 무서워 움직이지도않구 약으로 하루하루버티며 살고 있습니다
현재 실화탐사대  스토리추적 인터뷰를 하였고
가해자및 그 신도들은 저를 꽃뱀으로 몰고 있습니다
제발 강력한 처벌을 받을 수 있도록 해주세요
 [본 게시물의 일부 내용이 국민 청원 요건에 위배되어 관리자에 의해 수정되었습니다]","2,873",/19th/www.president.go.kr/petitions/605162
605161,죽을 때가 되어야만 면회가 허용 된다는 중환자실... 면허 허용 방안을 조속히 강구해 주세요,보건복지,2022-04-14,2022-05-14,kakao - ***,청원종료,"제 동생은 지방의  대학병원 중환자실에 8주째 입원 중입니다.
 문제는 코로나 시국이 되면서 중환자실 면회가 전면 중단 되어  가족과 단절 되어 그 어떤 소통도 할 수 없다는 상황이라는 겁니다.
 코로나 이전엔  오전. 오후 각 30분씩 허용 되던 면회는 ""중환자실 보안 규정""이라는 것보다는 상위 가치인 ""가족 면접권""을 우위에 두었기에  허용해 왔던 것이 아니었나 생각합니다.
코로나로 인한 전면 면회 금지를 시행 하고자 했다며 헌법적인 가치라고 할 수있는 ""가족이 만나거나 소통할 수 있는 권리""를 훼손 하지 않는 또 다른 방법을 대체방안으로 만들어 주어야 했는데 그러질 않고 정부의 행정적 처분 형태로 진행되다 보니 가뜩이나 아프고 사회생활과 단절되어 불안해 하며 중환자실 증후군에 시달리는 환자들의 정서적인 불안감을 가중 시키고 가족들에게는 환자의 상태를 알 수 없어 걱정을 넘어  절망과 분노가 치밀어 오른 상태가 되어 있습니다.
동생은 9주 전 코로나 백신 3차 접종 후 3일 후 백신 후유 증세로 새벽3시에 119 구급차로 입원하였으나 위궤양 천공 판정으로 수술을 한달 사이에 다섯번이나 하였으며 현재는 위를 모두 절제 하고 그 후유증으로 복부 혈관이 수시로 터져 출혈이 있으며 폐에 부담과 더불어 신장 투석까지 하고 있는 상태입니다.
 또한 동생은 9주째 아무것도 먹지 못하고(식도에 연결한 소장에도 구멍이 나 있으며..더 이상의 수술은 못한다고 합니다) 혈관 영양 주사로 연명 하여 체력은 점점 떨어지고 여러가지 합병증이 나타나고 있는 상태입니다.
 한마디로 말하자면 ""금방 죽지는 않는데 살아서 중환자실에서 나온다는것은 기적과도 같은 상황""입니다 
 동생의 상태는 급격히 피폐 해지고 있는 상태로 ....수술 후 경과를 보기 위해 몇일간 중환자실에 있다가 상태가 좋으면 일반병실로 이동하는 그런 환자와는 상황이 전혀 다른 상태이기에.....동생의 상황을 직접 확인하고 싶은 마음에 면회는 불가하다고 하니  휴대폰을 통한 안부라도 확인할 수 있게 해 달라고 요청하였으나 휴대폰 반입은 물론 구내 전화 연결조차도 규정에 의해 절대 불가이며. 임종 판정 시 1회에 한하여 가족 면회를 허용 한다는 극히 업무적이며 절망적인 그런 말을 듣게 되었습니다 .
결국은 ""죽을 때가 되어서 제 정신 없을 때만이  볼 수 있다는 상황"" 입니다.
제 동생이 무슨 큰 죄라도 지었나요?
갑자기 몸이 아파  중환자실에 들어온 것이 이렇게 온 세상과 차단 되어 서로의 안부조차 모르고 위로의 말도 못해 주며 중환자실의 밤낮 없는 불빛 속에서 불안에 떨다가 목숨 줄을 놓을 때가 되어야만 볼 수 있다는건가요? 
살인을 한 사람도 면회는 할 수 있지 않나요?
코로나로 인해  면회가 금지 된다면 또 다른 대체 방안을 강구 해서 환자와 가족이 서로 소통할 수 있는 방안을 마련해 놓아야 하지 않나요?
중환자실 보안규정보다는 가족들이 만나 보거나 소통할 수 있게끔 하는것이 더 우위의 가치가 아닌가요 ?
저는 병원측의 행태를 비난하고 싶은 마음은 전혀 없습니다. 그 분들도 너무나 많은 애로사항이 있으며 나름의 규정에 의해 어쩔 수 없이 그리 할 수밖에 없겠지요 
저는 코로나 시국이지만 중환자실 운영 방침에 많은 문제점이 있다고 생각합니다 .
이러한 상황은 병원 자체적으로 해결하기엔 너무 많은 리스크가 있기에 정부차원의 해결방안이 요청됩니다.
그래서 제 나름의 방안을 요청 드리니 위드 코로나 시국 이전이라도 조속한 완화 조치를 취해 주시어 전면 면회 금지로 안부조차 못 전하다가 유명을 달리 하여 가족들에게 한이 맺히지 않게 해 주시기 바랍니다 
ㅡ당일 신속항원 검사를 마친 보호자는 1명에 한해 코로나 이전과 같은 방식(오전. 오후 각 30분)으로 면허를 허용해 주십시요. 
며칠 전에도 그 해당 병원에서는 임종환자의 가족 면회를 허용 하며 코로나 3차 접종 여부 질문와 열 체크만 하고 4명을 입장 시켜 주더군요.
실질적으로는 이렇게 하면서 보호자에게 전면 허용 하면 방역 체계에 큰 일이 일어날 것 같은 식의 논리는 극히 방어적이고 행정 편리적인  것입니다 
ㅡ면회 허용이 어렵다면 휴대폰 통화라도 ( 면회시간만이라도 휴대폰 반입 및 통화 허용) 허용 해 주십시요.
규정에 의해 안된다... 휴대폰은 전자 의료 기계에 영향을 미친다....안정을 취해야 하는 옆 환자에게 피해를 준다 ...등등의 문제점이 있다면 기존의 면회 시간 각 30분간만이라도 반입을 통해  소통할 수 있게 허용해 주시기 바랍니다.
중환자실에 왕래하는 그 많은 사람들도(의사. 간호사. 청소하시는 분들. 환자 이송하는 분들) 휴대폰을 갖고 다닙니다. 환자 가족에게만 엄격한 잣대를 대는 것은 참으로 가혹한 처사입니다.
이 상황은 정부차원의 거국적 완화만이 환자의 정서적 안정과 치유 그리고 가족들의 애타는 마음을 풀어 줄 수 있습니다..
육십 중반을 살면서 애가 탄다는 것이 어떤 것임을 처음 느껴 보았습니다....
부디 간청합니다","1,060",/19th/www.president.go.kr/petitions/605161
605160,천안 50대 남성 흉기 난동사건 신상공개.강력처벌을 촉구합니다,안전/환경,2022-04-14,2022-05-14,twitter - ***,청원종료,"충남 천안에서 두 쌍의 부부가 술취한 50대 남성이 휘두른 흉기에 맞아 2명이 숨지고 2명이 다친 사건
충청남도 천안에서 50대 남성이 휘두른 흉기에 30대 여성 2명이 숨졌다.
천안서북경찰서는 두쌍의 부부에게 흉기를 휘둘러 이들을 숨지거나 다치게 한 혐의(살인)로 A씨를 붙잡아 조사하고 있다고 13일 밝혔다.
경찰에 따르면 A씨는 이날 오전 0시 14분쯤 천안시 서북구 성환읍의 한 식당 앞 인도에서 시비가 붙은 두쌍의 부부에게 흉기를 휘둘러 크게 다친 이들이 병원으로 옮겨 졌으나 부인 2명은 숨지고 남편 2명은 다치게 한 혐의를 받고 있다.
경찰은 A씨와 피해자들과의 정확한 관계와 범행 동기 등을 조사하고 있다.
피해 부부는 친척 사이였고, 피의자와는 처음 본 사이였습니다 피의자가 시비를 걸어서 싸우게 된거 입니다
피의자는 근처에 주차한 자신의 차에서 흉기를 꺼내와 대리운전을 기다리던 이들 부부를 공격 했습니다 
피의자는  경찰조사에서 상대방이 시비를 걸어 범행을 저질렀다고 주장한 것으로 전해졌다는데 그럼 사과하거나 신고를 해야 하는데  자신의 차에서 흉기 가 있다는건 미리 준비하고 누가 나오길 기다리는 사람 처럼 보였습니다
술에취해 우발적이 아니라 계획적 입니다 애초에 본인 차에 흉기를 소지 할이유가 없습니다
그리고 피의자는 과거에 폭행 등 여러 건의 전과 있던 사람 입니다 
피의자 를 철저히 조사후 살인죄 적용과 신상공개를 촉구 합니다.","19,138",/19th/www.president.go.kr/petitions/605160
605159,해킹피해자 나 몰라라하는 **카드 처벌해주세요.,행정,2022-04-14,2022-05-14,naver - ***,청원종료,"4월3일~4월11일 간 (추정) 불특정 다수에게 금융피해가 발생했습니다. 이들의 공통점은 **카드 사용자라는 점과 기존 스미싱 방식과는 전혀 다르다는겁니다.
피해 규모도 대단히 큽니다. 파악된 피해자만 70여명입니다.(4월 13일 기준) 몇십만원에서 수백만원에 이르기까지 피해액도 크고, 피해는 모두 단 몇분만에 이루어졌습니다.
결제된 사이트 , 즉 ***나 **** 측 또한 카드사에 문의하라며 책임을 회피하고 있고
카드사도 처음엔 개인정보관리소홀인 개인과실이고 정상적인 결제 과정이기 때문에 구제방안 없다고만 앵무새처럼 부르짖었습니다.
그러나 이제 언론보도가 되고, 피해자모임이 생기니까 이제서야 ""보상 방안을 검토해보겠다, 논의중이다""라는 원론적인 답변만 내놓고 있습니다.
많은 피해자들은 금전적인 피해는 물론이거니와, **카드 고객상담과정에서 마음 상처를 입은 분들이 많습니다. 이런 안일한 태도로 일관하는 **카드사에 많은 분들이 분노하고 있습니다.
대통령님, 이번 일은 굉장히 심각한 사안입니다.
기존 스미싱처럼 빌미가 될만 한 행동을 전혀 하지 않았음에도 개인정보가 유출됐고, 막대한 재산적 피해가 
발생했습니다.
이는 현재로썬 예방방법이 없음을 뜻합니다.
우리 국민 누구나 피해자가 될 수 있습니다.
범국가적 차원에서 새로운 해킹 수법에 대해서 수사하고  검토하여 예방책을 강구해야합니다.
더불어 안일하고 방자한 태도로 소비자를 기만하고 있는 **카드사도 피해자들에게 적절한 보상을  해주고, 이에 따른 책임을 톡톡히 지어야 할 것입니다. 
강력한 처벌이 이루어져서 재발 방지에 힘써야할 것입니다.
감사합니다.
 [본 게시물의 일부 내용이 국민 청원 요건에 위배되어 관리자에 의해 수정되었습니다]",276,/19th/www.president.go.kr/petitions/605159
605158,"한숲시티 초,중통합 학교 신설을 중투심사에 통과시켜 주세요",육아/교육,2022-04-14,2022-05-14,naver - ***,청원종료,"존경하는 대통령님! 교육부총리님! 중앙투자 심사 위원장님! 심사위원님!
저희는 경기도 교육청에서 심사 의뢰한 용인 가칭 “** * *, * ****” 신설을 통과시켜 주시길 간절히 기대하는 ** 초등학교 학부모들입니다.
현재 ** 초등학교는 64학급 학생 수 약 1800여명으로 구성되어 용인에서 제일 
학생 수가 많은 학교입니다. 학생은 많은데 교실이 부족하여 특별실과 관리실을 대부분 전환하여 사용하고도 모자라 복도 홈베이스 공간을 일반 교실로 리모델링하여 
사용하고 있는 실정입니다.
또한 1800여명이 생활하는 곳에 화장실이 고작 26개소 밖에 되지 않습니다. 
화장실이 모자라 학생들은 짧은 쉬는 시간에 화장실을 갈 수 없어 수업 시간에 가도록 담임교사가 유도리 있게 반별로 돌아가며 화장실을 사용하도록 하고 있습니다. 
어린 학생들이 화장실이 부족해서 제 때 용변을 못 보는 이런 말도 안 되는 기막힌 생활을 우리 ** 초등학교 학생들은 매일 하고 있는 실정입니다.
그 뿐만이 아닙니다. 
급식실이 모자라 학생 급식을 오전 11시 20분부터 오후 1시에 3교대로 600여명씩 
나누어 배식을 하고 있습니다. 11시 20분에 점심을 먹는 학생들은 아침을 먹고 온지 얼마 안된 상태에서 점심을 급히 먹느라 체하고 집에 오는 날이 많고, 1시에 밥을 먹는 학생들은 배가 고파 주린 배를 움켜잡고 수업을 하고 있습니다.
학생들에 비해 운동장과 체육관은 턱없이 작아 활동적인 체육활동은 꿈도 못 꾸며, 특별실을 교실로 활용하여 특별실에서의 교과 활동은 상상으로만 해봅니다.
**초 학생들이 졸업을 하면 **중으로 진학을 하는데, 이 아이들은 **중에 진학을 하여서도 이런 생활을 똑같이 해야 한다는 현실이 참으로 한탄스럽습니다.
존경하는 대통령님! 교육부총리님! 중앙투자 심사 위원장님! 심사위원님!
저희가 하는 호소는 대한민국의 아이들이라면 마땅히 누려야 하는 권리인 자라나는 우리 새싹들의 학습권을 보장해 달라는 이런 상투적인 호소가 아닙니다. 
제때 먹고, 제때 볼일 보고, 제때 놀 수 있는!!
인간의 기본권을 보장해 달라는 **초등학교 학부모들의 간곡한 호소를 제발 지나치지 말고 다시 한 번 들어주시길 바랍니다.
[2016년 12월 15일 교육부 중앙투자심사 조건부 승인 이후 학교 실태와 가칭 “** **, *****” 신설 필요성]을 검토하시어 ** 초등학교와 **중학교의 과대, 과밀 학급이 해소되어 학생들이 정상적인 공교육을 받을 수 있도록 도와주시길 학부모 1804명은 간절히 청원드립니다.
 [본 게시물의 일부 내용이 국민 청원 요건에 위배되어 관리자에 의해 수정되었습니다]","3,237",/19th/www.president.go.kr/petitions/605158
605157,2017년9월30일의 악몽 (노량진 구 수산시장 불꽃놀이 추락사고),안전/환경,2022-04-14,2022-05-14,naver - ***,청원종료,"노량진불꽃놀이 추락사고 당사자(만7세)아이 엄마입니다. 
태어나서 불꽃놀이라는것을 보지 못했던 저와 아이들은 사고당시 4-5년전부터 알고 지내던 그리고 저희딸 어린이집 선생님이였던 (사고당시는 어린이집 교사가 아니였음) ***과 ***아이들 딸(만10세)아들(만6세)과 저희 아이들 딸(만7세) 아들(만6세)이랑 노량진 불꽃놀이를 보러 갔습니다.
버스를타고 노량진역 육교위 옥상에 자리를 잡고 간식거리를 먹고있는데 ***딸이 화장실에 가고싶다 하여 저희딸도 화장실에 간다며 얘기를 하길래 둘이 갔다오라고 했습니다.***이 1층에 화장실이 있다며 말로 ***딸에게 말을 하였고 그래서 아이둘이 화장실을 간다며 갔다가 어딘지 못찾겠다며 다시 자리로 돌아왔습니다.그래서 ***이 작년에도 왔었고 길도 잘 알고 있어서 ***아이 딸과 아들 그리고 저희 아이 딸만 데리고 ***이 화장실을 갔다온다며 갔습니다. 저는 아들과 함께 자리를 지키고 있었습니다.20분정도 지났나? ***에게 전화가 왔습니다.좋은 자리가 있다며 짐을 챙기고 있으라는 전화였습니다.조금 있다가 보니 혼자 걸어오는게 보였고 짐을 챙겨 서둘러 빠른 걸음으로 걷기 시작했습니다.
저는 처음가는 곳이라서 어디가 어딘지 몰라 ***이 빠른 걸음으로 가는것만 뒤쫒아 갔습니다.시간이 조금 걸리는 거리였고 계단을 올라 가는데 ***아들이 ""엄마""누나가 떨어졌어!라고 말을 하였고 저는 무슨말인지 알지는 못했지만 ***이 뭐?하며 놀라서 뛰어가는걸 보며 스치듯이 드는 생각이 무슨 큰일이 생긴거 같은 직감을 느꼈습니다.뛰어가서 본것은 환풍구가 있는 자리였습니다.이 환풍구는 제가 있는 건물이 아닌 옆건물 구 시장 옥상에 있는 환풍구 였습니다.환풍구 아래로 추락해 있는 딸을 보고 너무 놀라서 아랫층으로 정신없이 뛰어갔습니다.도착해서 보니 저희 아이는 누워있었으며 다행히도 정신은 있어서 엄마 엄마 하고 울부짖고 있었습니다.그리고 그 옆에는 ***딸아이가 누워있었으며 둘이서 같이 추락하였습니다.***이 그 옥상에 아이셋을 놔두고 자리를 이탈하여 이탈한 시간에 사고가 일어났던것입니다.저희아이는 저를 보자마자 움직여 볼려고 하지만 몸이 움직이질 않고 아파서 울고만 있었고 입에서 얼굴에서 귀에서 피가 엄청나게 흐르고 있었습니다.저는 정말 기절할정도로 너무 놀랐지만 아들이 같이 있었기에 어떻게서든 정신을 차릴려고 노력했습니다. 주위에는 시장상인들 사람들 경찰들 119가 왔었고 119에 실려가는 동안 119에 계신분이 소리를 지르며 빨리 가야한다고 싸이렌 소리에 창밖으로 소리를 지르시며 차량을 비켜달라고 소리소리 질렀습니다.이정도로 아이 상태는 너무 심각했습니다.  너무 심하게 다친 아이는 응급실에서  수혈을 2번 하였고 마취없이 흉관삽입을 하였고 1.하악골 골절.개방성 2.치아의 완전 탈구 3.결손치 4.측두골 골절 5.우측 대퇴골 원위부 골단 골절 6.간 열상 7.턱열상 8.외상성 기흉 총 8군데가 다쳤습니다.귀에서 입에서 턱에서 피가 너무 많이 흘러 입고 있던 옷이 다 젖었고 동의서를 써야한다며 사인을 하라고 하는데 손이 너무 떨려서 손에 힘이 없어서 무슨 글씨인지도 모를게 썼던 기억이 있습니다.사고난지 5년이 되었지만 아직도 잊을수가 없습니다. 저는 아무것도 모르는데 그건물이 어떻게 생겼었는지.제가 있던 곳에서 어떻게 구시장 옥상으로 가는지도 길도 모르는데 우리 아이는 그 자리에서 추락해 있었고 다 알고 있는 ***은 응급실에서도 미안하다는 사과없이 저보고 정신차리라고 이말만 하며 어떻게 된거냐고 내딸이 왜 저러고 있냐고 바닥에 주저앉아 울면서 제정신을 차릴수 없고 제딸 살려달라고 내딸 잘못되면 널 용서 할수없다고 울면서 부르짖으니 그제서야 미안하다며 내가 머에 씌였나보다라고 말했습니다.***아이는  턱이 제딸과 똑같이 찢어져 있었고 팔만 다쳐있었습니다.이게 끝이 였습니다.지금까지 본적도 없습니다.사과도 받질 못했습니다.
더이상 이 응급실에서 할수 있는것이 없다하여 다른 병원으로 이동하였고 이동하는 엠블란스도 일반 엠블란스가 아닌 의사선생님이 동행하는 그런 엠블란스로 이동하였습니다.상황이 너무 안좋았습니다.이동한 병원에서 응급치료를 하고 바로 중환자실로 이동하여 저는 더이상 아이 얼굴을 볼수가 없었습니다.정말 가슴이 미어지고 터질것같고 정말 죽을정도로 마음이 너무 아파 숨조차 쉴수가 없었습니다.제딸은 그렇게 저와 헤어져 중환자실에 있고 다음날 아침에도 딸얼굴을 볼수 없었고 수술에 들어간다는 말만 듣고 수술실 앞에서 억울함에 숨조차 쉴수없는 아픔에 딸의 고통에 미친여자처럼 발악을 하다 정신을 잃었습니다.8시간의 대수술을 하고 다시 중환자실로 들어가버린 아이...볼수도 없고 만질수도 없으며 만7세가 그 엄청난 고통을 혼자서 견뎌야 한다는게 정말 내가 다쳤으면 마음이 이렇게 아프진 않을건데....의사선생님에게 들은 얘기들은 지켜봐야할거 같다.. 장애가 올수 있다.등등 안좋은 얘기만 듣게 되고 아이와는 떨어져 있어야 하고 내가 할수 있는것이 아무것도 없음에 더 가슴이 미어져왔습니다.  중환자실에 하루2번 면회가 되어 들어갔던 날을 잊을 수가 없습니다.저를 보자마자 아이가 하는말은...아파 라는 말보다 배고파가 먼저 였습니다.며칠동안 물한모금도 먹지 못한아이.아픈것보다 더 배고프다는 아이.잘참고 견뎌주는 아이.다친 자신보다 같이 다친 언니의 상태를 물으며 괜찮냐고 묻는아이..이 말을 듣고 너무나 마음이 아팠습니다.***아이는 팔만 다쳤기에 일반병실에서 부모와 같이 있는것에 더욱더 용서가 안되었습니다.
몇일이 지나고 일반실로 이동한 저의 아이는 여전히 물한모금 먹지 못하며 호수란 호수는 다 달고 기저귀를 차야 했으며 걷지도 못하고 다시 갓난쟁이가 되야 했습니다.한달이 안되게 퇴원을 해서도 1주일에 3번씩 통원치료로 병원을 다녀야 했습니다.지금 현재도 병원 치료를 하고 있습니다.
아이들의 나이는 만으로10세 7세 5세였으며 이 어린아이들만 옥상에` 놔두고 온것이 저는 도저히 이해가 안됩니다.***말은 (구)수산시장 (지금은 없어졌지만) 에서 개방을 해줬고 그래서 올라갔고 그곳에는 위험해 보이지 않았다는게 ***말입니다.저희 아이는 이 환풍구가 의자인줄 알고 앉았고 이시간이 6시20분이 넘었던 시간이라 약간 어두웠다고 합니다.  
  그리고 그 건물(구 수산시장) *위험*이라는 *올라가지마시오*라는 그 어떤 안전안내판도 없었으며 만7세가 인지하기에는 어려웠습니다.환풍구도 처음 보는 거고 경찰도 있었고 많은 사람들도 있었으며 돗자리 깔고 앉아있는 사람도 있었다고 합니다.이 수협건물은 건물은재난등급 D등급으로 안전도가 불안한 등급으로 거주자의 이주와 통행자의 자제가 요망되는 등급이고 2016년도에는 위험하여 개방을 안했다고 합니다.그럼 1년후면 더 노후가 되었을텐데 더 개방을 하면 안되는거 아닌가요? 수산시장 건물쪽은 인파가 몰려서 개방했다고 하며 경찰에게 안전관리 협조요청을 했기에 책임이 없다하고 경찰은 개방을 했기때문에 통제할 의무가 없었다하고 관리책임자는 주의의무를 게을리 하지 않았다고  하고 ***은 개방을 해서 들어가서 사고가 났고 위험한지 몰랐다.사고를 예견할수 없었다고 하며 다들 책임을 서로 떠넘기며 회피하는 말들만 늘어놓습니다.
아무도 그누구도 죄가 없어서 책임을 물을수 없다고 합니다.단 1프로도 책임이 없다 합니다.이 글을 보시는 분들 이 판결이 맞는건가요? 그럼 저희 아이는 혼자 원래 자리잡았던 건물이 아니라 다른 옆 건물 옥상에 혼자가서 혼자 떨어졌다는건가요?어떻게 책임이없다는건가요? 현재도 병원에 통원치료를 하며 다니고 있고 장해판정도 받았으며 클때까지 지켜봐야하며 턱은 좌우로 움직이지도 않고 있는데 입을 아하고 벌리면 입이 틀어지는데....
정말 그누구도 잘못이 없는건가요?
다른것도 아닌 항후치료비(신체감정 했습니다)를 보상해 달라고 하는데 그것도 안되는건가요? 지금까지 치료비도 10원도 받지 못했습니다.제가 지금까지 힘들게 버틴것도 이 사람들의 책임이 있기에 책임을 질거라는거에 버텨왔는데...모든것이 다 무너집니다.정말 알고 싶습니다.제 잘못이 무엇인지....
아무리 생각해도 납득이 안갑니다.제 잘못이라면 불꽃놀이 보러간거? 화장실에 간다고 할때 붙잡지 않은거? 이거 밖에 생각이 안나네요..또하나는 이 ***이를 만나지 말아야했던거..
화장실도 1층이라고 해서 위험하다 생각하지 못했습니다.정말 조금도 생각못했습니다.화장실에 같이 갈수 없었던것은 자리도 지켰어야했고 아들도 같이 있었고 화장실이 어딘지도 몰랐고 ***이 와봤던곳이라고 얘기해서  잘 알고있어서 보낸거였는데 어떻게 이렇게 아이가 될수 있는건지. .
부모는 아이가 걷다가도 넘어져서 다치면 속상한데 여자아이 다리에 30센티 흉터가 죽을때까지 지워지지도 않고 남아있을텐데..치마도 이제는 못입을텐데..여름에 반바지도 못입는데..턱은 삐뚤어져 있는데...
누구의 잘못인가요? 정말 그 누구도 잘못이 없는건가요?
정말 억울합니다.
 [본 게시물의 일부 내용이 국민 청원 요건에 위배되어 관리자에 의해 수정되었습니다]",191,/19th/www.president.go.kr/petitions/605157
605156,****차에 1.6터보 하이브리드 엔진오일 증가에 대한 명확한 답변과 성실한 대책마련을 촉구합니다.,교통/건축/국토,2022-04-14,2022-05-14,naver - ***,청원종료,"안녕하십니까.
저는 **차의 *** *** 하이브리드 계약자입니다.
얼마전 *** 하이브리드 차량의 엔진오일 증가와 관련된 뉴스를 보았습니다.
전문가들은 엔진오일에 휘발류가 섞여들어갔을 가능성이 높다고 말하고 있습니다.
이미 해당 차량 동호회에서는 많은 차량소유주분들의 인증을 통해 대다수의 차량에서 위와 같은 결함이 발생한것이 확인되었습니다.
엔진오일에 휘발류가 들어갈 경우 급발진 또는 차량화재 등의 안전사고가 발생할 수 있으며, 오일의 점도가 낮아져 엔진에 심각한 문제를 초래할 수 있다고 많은 전문가들이 말하고 있습니다.
그러나 ****차에서는 해당문제에 대해 어떠한 공지도 하지 않고 있습니다.
해당 차량 소유주 분들은 명백한 엔진결함이 있음에도 엔진오일을 직접 제거하거나, 오일교체시기가 도래하지 않았음에도 반강제적으로 자비로 오일교환을 하고 있는 실정입니다.
도대체 어떤 나라에서 국민의 안전과 직결된 엔진결함이 있는 차량에 대해 방치하고 있을까요?
21세기 대한민국에서 일어나서는 안되는 일이라고 생각합니다.
****차는 국민들의 절대적인 지지와 응원으로 글로벌 기업으로 성장할 수 있었습니다.
그런데 국민들의 기대를 배신하고 이와 같이 국민들의 안전을 외면하고 국민을 캐시카우 취급한다면 우리 국민들을 절대 ****차를 지지하지 않을것입니다.
국민의 안전은 뒷전이고 돈벌궁리만하는 기업의 차량을 구입하는게 과연 애국인지 다시 한번 생각해보게됩니다.
국민을 무시하는 기업이야말로 최고의 매국기업이라고 생각합니다.
****차에게 요구합니다.
첫째, 엔진오일 증가문제에 대해 국민들이 납득할 수 있는 해명을 하기바랍니다.
둘째, 해당 차량소유주에게 엔진오일 무상 교환 및 엔진보증기간 연장을 약속하십시오.
셋째, 해당 차량 계약자에게 해당 문제를 공지하고 문제가 완벽히 해결될때까지 출고를 연기할 수 있도록 하십시오.
넷째, 반드시 회사 홈페이지에 해당 문제를 공시하고, 조속한 해결을 약속하십시오.
국민의 안전을 지키는 것이 국가의 가장 큰 책무입니다. 
부디 내가 살고 있는 내 조국 대한민국이 국민의 안전을 최우선으로 생각하는 자랑스러운 나라가 되도록 해주십시오. 부탁드립니다. 
긴 글 읽어주셔서 감사합니다.
 [본 게시물의 일부 내용이 국민 청원 요건에 위배되어 관리자에 의해 수정되었습니다]","9,799",/19th/www.president.go.kr/petitions/605156
605155,3분기 손실보상,일자리,2022-04-14,2022-05-14,naver - ***,청원종료,"안녕하세요.
3분기 손실보상 미지급 국민입니다.
10월 말에 신청한 손실보상이 처음에 최대 90 일안에 처리 한다는것이 4분기종료시점인 지금도 아직 진행조차 안되고 중기부에선 6개월이 지나고 있는 이시점에서도 어떤 조치도 없습니다.
언제까지 기다리고 언제까지 소상공인 자영업자를 가지고 노실겁니까,
억지로 강제적으로 영업을 못하게하고 집합금지를 시키고 신불되고 가정이 깨지고 이 경제적 난으로 벌어지는 뒷책임은 누가 지어야 하는건가요?
조속히 빠른 보상 부탁드립니다.",172,/19th/www.president.go.kr/petitions/605155
605154,학교 바로옆 대형물류창고? 너무합니다.,안전/환경,2022-04-14,2022-05-14,naver - ***,청원종료,"이천은 광주, 여주와 함께 도예를 기반으로 하는 도시입니다.
도예를 위한 공방, 박물관, 전시장, 행사, 학교까지 다른 도시에선 볼 수 없는 이천만의 장점을 가지고 있지요.
이런 이천의 도예인을 육성하는 한국*** 바로 50미터옆에 대형물류창고가 들어선다 합니다.
얼마전 물류창고 대형화재를 기억하시나요? 이제는 아이들이 그 대상이 되게 되었습니다. 이게 말이 되는 행정인가요?
1. 대형차량으로 인한 위험
   물류창고 공사가 진행된다면 당연히 대형차량이 운행될 것이고 학교 바로 옆이니 아이들의 통학로와 어쩔 수없이 겹치게 되는것은 불을보듯 뻔한 일입니다.
통학로 인근도 아니고 그 통학로에 생기는 길이 되는겁니다.
2. 분진과 소음
   도예는 예술활동입니다. 이천이 예술의 도시이니만큼 그 인재의 육성을 위해 도예특성화고를 만든 것이겠지요. 그 예술품을 분진을 섞어 만들게 하고, 그 예술가들이 소음속에서 창작활동을 하라고 합니다. 어느 나라의 어떤 도시가 이런 행정을 합니까? 도예를 표방하는 도시에서 있을 수도 없는 일입니다.
3. 작업 위험
    ***가 위치한 곳의 산은 말 그대로 돌산입니다. 그곳을 작업하려면 당연히 다이너마이트와 같은 발파와 파쇄작업을 동반하게 됩니다. 아이들 바로 옆에서 발파작업? 후진국에서도 안할일입니다. 어떻게 이런것이 이 대한민국에서 가능한것입니까?
4. 화재 위험
   물류창고는 거대한 건물이고 이에 어마어마한 크기의 프레온가스를 사용하게 됩니다. 프레온가스는 800도가 넘으면 독가스로 변하게 됩니다. 아이들이 바로 이것에 무방비로 노출되게 됩니다.
얼마전 용인에서 일어난 물류창고 화재가 노무자가 아닌 아이들이 그 피해자가 될 수 있습니다. 안전하게 짓겠다고 하겠지만 처음부터 사고낼 생각으로 짓는 건물읔 없습니다. 하지만 사고가 일어난다면 그때는 어떻겠습니까? 세월호 참사때처럼 일어나고 후회하는건 쓸데없는 짓입니다. 애초에 그런 장소에 허가되늨 자체를 막는것이 최선입니다.
5. 생활안전
   ***는 기숙학교입니다. 학교의 특성상 전국에서 도예를 꿈꾸는 아이들이 모이다보니 기숙사가 기본입니다. 학교전체에 거의 태반이 여학생입니다.
기숙학교옆에 늦은시간까지 공사인부들이 오고가는것은 아이들의 안전에 위기감을 주기 충분합니다. 산에 인접하고 공사로 인해 가려지기까지 한다면 아무리 기숙사장님이 계시다고 하지만 그 안전을 어떻게 장담할 수 있겠습니까?
더군다나 물류창고가 완공되면 학교보다 그 높이가 훨씬 높아집니다. 당연히 햇빛도 없는 어두컴컴한 곳에서 아이들이 도자기를 빚고 창작활동을 해야하는 겁니다.
시의 행정에 돈은 필요합니다.  세수를 올리기위한 유치도 중요합니다. 하지만 시의 모토가 도예입니다. 예술을 표방하느라 오랜시간 투자하고 공들인 이천이 겨우 세수를 좀 높이기 위해 그 싹을 틔울 어린 묘목인 도예꿈나무들을 오물통에 던져두는 오류를 범하시지 않기를 바랍니다.
더 나은 시의 이미지와 부합하고 시를 더 발전시킬 다른 방향을, 아이들의 미래를 키워가도록 이끌어주는 방향을 심사숙고해 주시길 바랍니다.
눈앞의 이익을 위해 아이들을 위험으로 내몰고 이천시의 오랜 이미지메이킹을 파쇄하는 행정은 막아야한다고 생각합니다.
 [본 게시물의 일부 내용이 국민 청원 요건에 위배되어 관리자에 의해 수정되었습니다]",333,/19th/www.president.go.kr/petitions/605154
605153,철강가격 폭등을 막아 주세요,성장동력,2022-04-14,2022-05-14,kakao - ***,청원종료,"국내 산업중 건설, 자동차, 가전제품, 기계, 중공업 등에 필수 조립품을 생산하는 화스너(볼트, 너트, 와샤, 핀, 클립 등등) 산업은 국내 기간산업의 가장 기초가 되는 뿌리산업이라 할 수 있습니다. 최근 화스너 생산용 선재( CHQ )의 원재료(철강) 가격이 국내 독점적 위치에 있는 철강업체에서 2021년 2월부터 2022년 4월까지 4회에 걸쳐 약 40%의 급격한 가격 인상을 진행하였으며, 앞으로도 더 많은 원재료 가격인상을 예고하고 있습니다. 국내 독점적 위치뿐 아니라 세계적으로 경쟁력을 인정받는 철강업체는 국민적 지지와 국민의 세금으로 시작한 회사입니다. 국내의 수많은 화스너 생산 중소기업들은 원재료비 폭등으로 절망적인 2021년 한해를 견디고 있으나, 그 철강회사는 2021년도에 창사이래 최고의 매출과 이익(9조2천억원) 달성을 자축하고 있습니다. 국내의 화스너 생산업체들은 급격한 원재료비 인상 부담으로 더 이상은 경영을 지속하기가 어려운 상태입니다. 국내 화스너 생산업체들은 원재료비 인상으로 인하여 더 이상의 가격 경쟁력, 설비투자, 직원복지, 기술개발등을 더 이상은 진행할 수가 없는 상태이며, 2022년도에는 기업의 존폐위기에 놓여져 있습니다. 또한 화스너 업체들은 작업 환경이 힘들고 어렵고 손에 기름이 묻는일을 기피하여 현재의 40~60대 생산인력의 은퇴후에는 일을 배우는 사람이 없어 약 15~20년후 국내 화스너산업 또한 쇠락의 길이 급격히 빨라질 것입니다. 최근 정부발표의 소비자 가격 인상율 4% 대에 비교하여 철강가격은 10배인  40% 가격인상과 향후 지속될 것으로 예상되는 철강가격 인상으로 2022년도 화스너생산 중소기업들의 부도 및 폐업으로 이어질 전망입니다. 이에 정부에서 철강가격 안정으로 대한민국의 수많은 화스너 업체의 줄도산을 제발 막아주세요.",149,/19th/www.president.go.kr/petitions/605153
605152,"법령에서 정한 적정한 전기 이용 요금을 정하도록, 산업통상자원부 책임자를 엄벌하여 주십시오",경제민주화,2022-04-14,2022-05-14,naver - ***,청원종료,"전기사업법 시행령 대통령령 제6조 등에 의거, 전기요금은 “적정원가에 적정이윤을 더한 것” 으로 정해야 하나, 현행 전기요금 연동제는 년간 5원을 상한으로 정하여, 원가와 이윤을 적정하게 반영하기 어렵고, 이 마저도 정부가 물가상승 등의 이유로 수 차례 인가를 거부하여, 연동제 시행 첫 해인 2021년에, 송전 및 배전 등의 전기사업자인 한국전력이 약 5.8조원의 순손실을 기록하였습니다. 뿐만 아니라 문재인 대통령 재임기간 5년 중 총 3회계년 기간에 적자가 발생하였는 바, 이는 법령에 위배된 것으로, 관련 책임자를 엄벌하여 불법이 지속되지 않도록 해주십시오.
이와 같은 청원의 근거는,
1) 법치국가에서 불법은 용납할 수 없는 것이며, 공정한 사회에 역행하기 때문입니다. 전기사업법 시행령 대통령령 6조 1항 “이용요금이 적정 원가에 적정 이윤을 더한 것일 것” 이라는 기준이 충족되지 않으면, 전기 이용요금을 인가해서는 안됩니다. 
2) 문재인 대통령 재임기간 중, 한전의 적자가 누적되어 재정상태가 매우 악화되었습니다. 대략의 연결기준 부채비율과 자본 총계는 재임 초기 2017년 9월말 141%와 74.4조원에서 2021년 12월말 223%와 65.3조원으로 변동되었고, 이는 부채비율은 82% 증가, 자본은 9.1조원 감소한 것입니다. 특히, 최근 조선비즈(2022. 4.7. 20조 적자 전망 한국전력, 회사채도 안 팔린다)에서 언급한 바와 같이, 2022년 1분기에만 5.3조원 영업적자가 예상되고, 약 9.7조원의 채권을 발행하는 등, 지속가능한 경영이 위협받고 있습니다.
3) 과도한 채권발행은, 자금시장의 수요 공급 왜곡 등으로 한전에 불이익을 초래할 뿐 아니라, 은행 등 금융업의 건전한 발전을 저해하는 것이며, 한전이 자금 압박 등으로 유지관리 및 시설 투자 비용을 확보하기 어려워, 장기적인 원가와 사회 안전에 부정적인 영향을 줄 수 있습니다. 당연하게도 차입금에 따른 금융비용이 증가하여, 장기적으로 전기료 부담이 늘어나, 국가 경쟁력이 낮아질 것입니다.
4) 시장경제의 기본 질서에 위배되는 것입니다. 한전 전력통계월보(제519, 520호)에 의하면, 금년 1월, 한전이 전력거래소에서 구입한 전기는 52724GWh (138.3원/kWh), 7.3조원이나, 판매는 49802GWh (114.8원/kWh), 5.7조원에 불과하여, 송전 및 배전 손실이나 비용은 고사하고, 전력도매 구입액이 공급액보다 보다 약 1.6조원 많습니다. 2월에는 이보다 더 악화되어 약 2.1조원 구입액이 더 크고, 1~2월 누적하여 구입비가 판매비보다 약 3.7조원 많습니다.
5) 문재인 정부에서, 한전 소액주주들이 적자 경영 및 주가하락으로 입은 손실이 너무 큽니다.  주가 수준은, 5년 재임기간 내에는 배당을 한 번도 하지 않았던 이명박 정부 때보다 낮은데, 이는 정부의 불법적인 전기료 통제, 특히 낮은 변동폭의 연동제 조차도 용납하지 않는 정부의 처사에 주식시장 참여자들의 실망이 너무 크기 때문입니다. 한전 일반 주주들은 기본적으로 주주 권리를 행사할 수 없는 약자들인데, 정부 및 산업은행 대주주나 대기업 등 전기사용자들의 이익만 고려하고, 일반 주주들은 희생당하고 있습니다. 주주들의 권리 및 사유재산권 침해의 문제입니다.
6) 한전만 대규모 적자를 보는 것은, 전기사업자 간에도 불공정한 처사입니다. 일반 소유 발전사업자의 경우, 원가에 이윤을 더한 적정한 가격의 전기를 거래소에서 판매하여, 항상 이익을 취하지만, 송전 및 배전 사업자인 한국전력의 경우, 법에 규정된 요금을 청구하지 못하고 있습니다. 정부가 대주주라는 이유로 법적용을 피해가고, 피해는 국민주주들이 보고 있습니다. 민간 발전사들의 대주주들은 대체로, 철강, 화학, 전자, 건설 등의 대기업을 소유하고 있고, 낮은 전기료 혜택과 발전사업에 의한 수익을 모두 얻고 있습니다. 이러한 발전사들은 사회적으로 영향력이 크다는 이유로 불평등한 이익을 취하고 있습니다. 이것은 평등 원칙에 위배되는 것입니다. 특정 기업 집단의 경우, 금년 1~2월, LNG발전에 의해 생산한 전기를 평균 226.2원/kWh에 전력거래소에서 판매하고(한전 전력통계월보, 제520호), 한전으로부터 평균적으로 100원/kWh도 안되는 가격에 전기를 대규모로 공급받았을 것으로 추정합니다. 한전은 법적으로 송전 및 배전 등의 전기사업자에 불과합니다. 모든 손실을 흡수해주는 공기업도 희생양도 아닙니다.
 [본 게시물의 일부 내용이 국민 청원 요건에 위배되어 관리자에 의해 수정되었습니다]",195,/19th/www.president.go.kr/petitions/605152
605151,"*** **군수 예비후보의 양복사건과,***후보의부인.3000만원 뇌물수수건을 정확하게 수사해주기를 바랍니다",정치개혁,2022-04-14,2022-05-14,naver - ***,청원종료,"*** **군수 예비후보의 양복사건과,***후보의부인.3000만원 뇌물수수건을 정확하게 수사해주기를 바랍니다.
저는 전남**에 사는 민주당 권리당원이자 **군민입니다.
지금 **에서는 여러 사건들이 일어났음에도 불구하고,경찰이나,검찰에서는 제대로 수사를 하고 있는건지 의심이 갈 정도입니다. 죄가 있다면 정확한 법에 의해 수사를 해야할 경찰과 검찰이 지금까지 미루고 있는것은 납득이 가질 않습니다. 사건을 저지른 본인 *** 예비후보는 입장문을 계속 만들어서 본인은 아무 잘못이 없다며,군민들의 눈과 귀를 막으려하고 있습니다. 이건 아니지 않은가 싶어,힘없는 군민으로서 국가에 도움을 요청합니다. 또한 *** 후보 본인은 아무 잘못이 없는 것처럼. 공천은 문제가 없다면서 군민들을 현혹시키고 있습니다.그리고,***후보는 경찰이나,검찰쪽에,줄이 있어서,무혐의로 끝날수 있다는 설도 돌고 있습니다.법도 돈있는 자만이 누릴수 있는건가요?
하루빨리 수사를 해주셔서,군민들이 혼란에 빠지질 않도록 국가에 요청드립니다. 지금 **은 위기입니다. 철저하게. 수사를 하셔서,**군민들이 위태롭지 않게.
법을 정확하게 집행해 주시길 부탁드립니다.
 [본 게시물의 일부 내용이 국민 청원 요건에 위배되어 관리자에 의해 수정되었습니다]",331,/19th/www.president.go.kr/petitions/605151
605150,언론이 검사 개인의 의견을 계속해서 포탈에 도배하지 못하게 해주세요,정치개혁,2022-04-14,2022-05-14,kakao - ***,청원종료,"검찰의 기소권 문제에 대해 여러가지 의견이 있습니다. 
 민주주의에서는 어떤 의견이든 자기 목소리를 낼 수 있고, 또한 그래야 합니다.
하지만 공무원 법에 의하면 공무원이 국가의 결정에 집단행동을 하거나 항명을 하는 것에 대해 엄히 금지하고 있음에도
포털이 이름도 모르는 검사의 고위 간부의 의견을 지속적으로 내고 있습니다. 
또한 공무원은 개인의 의견을 외부에 발의할 때는 반드시 공식적인 결재를 거쳐 발의해야 합니다. 
국가의 공무원이 부당한 해임 해고도 아닌 조직의 권한 조정 사안에 대해서 
이렇게 언론이 모든 이야기를 지속적이고 반복적으로 목소리를 내는 사안은 없었습니다.
그 자체가 여론 조작이고 여론 몰이입니다. 
공식적인 입장이 아닌 개인의 의견을 언론에서 반복적으로 발의하지 않도록 
조치하여주세요","1,413",/19th/www.president.go.kr/petitions/605150
605149,도서정가제 완화 내지 폐지 및 공공대출보상 법안에 대한 거부권 행사를 청원합니다.,문화/예술/체육/언론,2022-04-14,2022-05-14,naver - ***,청원종료,"도서정가제는 동네 서점과 신인 작가들이 안정적인 수입을 얻을 수 있도록 한다는 사명 아래 제정, 강화되어왔습니다. 그러나 도서정가제 강화 이후 동네 서점의 풍경은 이러한 사명과는 거리가 멀었습니다. 많은 사람들이 이야기합니다. 동네 서점은 이제 문제집을 파는 곳이 아니냐고. 슬프게도 이 이야기에는 어느 정도 동의할 수밖에 없습니다. 
그럼에도 과거의 기억을 되살려보면 꼭 그렇지만은 않았던 것 같기도 합니다. 과거의 동네 서점은 학생들이 삼삼오오 무리지어 동네 서점 주인 아저씨, 아주머니께 문제집을 추천받는 수학의 장이기도 했지만, 동시에 마음에 드는 소설 한 권을 구매해가곤 했던 문학의 장이기도 했습니다.
하지만 도서정가제 강화 이후, 이러한 장은 자취를 감추어버렸습니다. 이제 학생들에게 동네 서점은 문학의 장이 아닙니다. 수학하기도 바쁜 세상에서 부담스러운 가격이 매겨진 책들을 학생들이 구매하는 것은 드문 일이 되어버리고 말았습니다. 이것이 비단 학생들만의 일일까요? 심심풀이로 독서하는 시민들부터 책에 심취한 애서가들에게까지 책은 부담없이 즐길 수 있는 교양의 성전이 아닌 그저 사치품이 되어버리고 말았습니다.
이제 사람들은 서점에 가지 않습니다. 이제 사람들의 발길은 조금의 할인이라도 꾹꾹 눌러담을 수 있는 대형 온라인 서점과 좋은 질의 중고책을 살 수 있는 중고 서점으로 향합니다. 서점에 가지 않고, 책을 읽지 않는 사람들의 수도 늘어났습니다. 그렇게 동네 서점은 자취를 감추어 가고 있습니다. 그렇게 신인 작가들이 설 수 있는 자리도 줄어들겠지요.
이제 사람들이 부담 없이 책을 즐길 수 있는 곳은 도서관입니다. 많은 사람들에게 지식과 교양을 전달하는 공공장소, 도서관. 예나 지금이나 도서관은 사명을 다해오고 있습니다. 하지만 그 사명에도 종말을 고하게 되는 것일까요? 이제 도서관 장서 대출에도 보상금이라는 이름의 저작권료를 물어야 하는 현실이 서서히 다가오려 하고 있습니다. 
도서관법에 따르면, 도서관은 사회 전반에 대한 자료를 효율적으로 제공, 유통해야 하며 정보접근 및 이용의 격차를 해소할 수 있는 곳이어야 합니다. 공공대출보상법안이 통과된다면 이러한 도서관법의 정의는 무너지고 말 것입니다. 
출판사에 제공하는 보상금은 곧 도서관에서 제공되고, 이는 곧 세금입니다. 국민이 원하는 책을 들여놓고, 국민이 마음껏 책을 읽을 수 있도록 세금으로 제공되는 도서관의 예산이 보상금으로 빠져나가게 된다면 그만큼 국민이 원하는 책은 들여놓을 수도 없겠지요. 이는 자료의 효율적 제공, 유통을 방해하게 될 것이며 동시에 정보접근 및 이용의 격차 역시 벌리고 마는 결과를 초래할 것입니다.
이흥용 국회도서관 국내법률정보과장의 논문 ‘공공대출보상권 제도에 관한 실증적 연구’는 도서관 이용자와 대출서비스 이용자들이 책을 구입하지 않아 출판문화산업 불황을 가져왔다는 주장은 잘못이라고 지적하고 있습니다. 오히려 도서관 이용 경험이 많은, 책과의 접촉 기회가 많은 사람일수록 책을 더 많이 구입한다고는 연구 결과를 제시하기까지 하지요.
즉, 더 많은 사람들이 도서관에서 쉽게 책을 접하고 많이 읽는다면 서점에서 더 많은 책들을 구입하게 된다는 것입니다. 이를 실현하기 위해서라도 공공대출보상 법안 통과는 철회되거나 거부권 행사를 통해 저지되어야 하고, 도서정가제 역시 완화 내지 폐지되어야 하겠지요. 
정부와 국회가 해야할 일은 이러한 꼼수 법안들을 통해 정치권과 출판계의 이익만을 증대시키는 것이 아니라, 사람들이 책을 많이 읽을 수 있도록 장려하는 정책을 실시하고 법안을 제정하는 것입니다. 이것이 이루어질 수 있다면 도서관은 독서의 성전이 될 것이고, 동네 서점은 다시 활기를 되찾을 것입니다. 신인 작가들의 설 자리 역시 나날이 높아져만 가겠지요.
글을 마치며 건강한 독서 문화의 부활을 위해, 대한민국의 문학 발전과 출판 산업의 미래를 위해 도서정가제 완화 내지 폐지 및 공공대출보상 법안에 대한 거부권 행사를 청원하는 바입니다.","1,458",/19th/www.president.go.kr/petitions/605149
605148,검수완박,기타,2022-04-14,2022-05-14,naver - ***,청원종료,"극심한 사기 당해 경찰서 가니, 경찰은 민사로 하라 하고, 검사는 고소 안 받고 국민만 죽어나는 것이 ‘검수완박’ 입니까?
 
나는 부산의 모 구청장 아들이 하는 회사를 믿고 돈을 빌려주다 보니 12억5160만 원의 돈이 물려서 6년 반이 넘도록 이자도 못 받고 있습니다.
고소장을 들고 ** 경찰서로 가니 접수 경찰관이 에서 한번 훑어보더니 왈 “ 형사로 하면 돈 못 받아요. 민사로 해요!” 하고 고소장을 되돌려 주었습니다.
그래도, 겨우 고소장을 제출해서 고소인 진술을 받다보니, 수사관께서는 경매로 집 사서 이익 남겨 주겠다고 4억2660만 원 가져가서 집도 안사고 다 써버린 것 외에는 형사고소가 안 된다고 민사로 하라고 합니다.
심지어 대표이사가 제 주식을 멋대로 파는 형식으로 자기한테 슬쩍 넘기고, 이사인 내가 도장을 찍지 않아도 멋대로 이사회 의사록 만들어서 은행에서 55억이나 대출을 받아도 배임. 횡령의 범죄가 성립되지 않는다고 민사로 하라고 합니다.
심지어는 횡령하는 현장을 봤냐고 하면서, 보지도 않은 사실을 어떻게 고소를 하느냐고 하며, 무고로 고소당하지 않으려면 배임 횡령을 빼고서 고소를 하라고 욱박도 질렀습니다.
저는 63세의 과부 할머니이며 이 사기꾼들에게 전 재산을 다 털리고 경찰서에 고소를 했는데, **경찰서 ** *팀 너무 하는 것 아닙니까?
 
이 사기꾼들한테 말려 들어서 5억 원을 못 받고 있는 42세의 젊은 여자분은 이 사기꾼에게 빌려준 돈으로 인하여 가정도 깨어지고, 본인도 극심한 스트레스로 인하여 암에 걸려서 수술을 받았는데, ** 경찰서 ***팀에서는 경찰 수사관이 조사를 할 때마다 금액을 줄이려고 종용을 해서 펄쩍 뛰고 있습니다.
이 사기꾼 중에 한 명에게 집을 팔라고 했다가 세금 바가지만 뒤집어 쓴 어떤 할머니는 작년에 고소를 했는데, 경찰서에 아무리 연락을 해도 담당 경찰관 왈 불러도 오지 않으니 어쩔 수가 없답니다.
 
이 사기꾼들은 자기 직원에게 아파트 담보로 대출 받게 해서 잡아 써버리고, 두 번이나 전세금 대출을 받게 하여, 대출 받은 돈은 전부 털어먹어버린 전형적인 악질 사기꾼입니다.
이런 사기꾼을 두 눈 뜨고 보고만 있는 것이 경찰입니까?
경찰관 직무집행법 제 2조에는, 
경찰관은 다음 각 호의 직무를 수행한다.
1. 국민의 생명·신체 및 재산의 보호
 
이라고 규정되어 있습니다.
민사로 하라고 고압적인 경찰관들이 국민의 신체와 재산을 어떻게 보호할 것입니까?
 
검수완박이니 하면서 국민이야 분통이 터지고 재산 다 사기꾼. 도둑놈들에게 날려도 팔짱끼고 구경하면서 자기 정권 때 잘못한 범죄행위 덮으려고 검찰의 수사권을 완전히 박탈하자고 머리를 맞대고 의논도 하고 결의도 하는 것이 정당입니까? 도둑놈 집단입니까?
 
검수완박 때문에 경찰만 수사를 해야 하니 경찰도 왠만하면 민사로 하지요 하는 소리가 입에 붙는다고 합니다.
정권을 가진 자들이 검찰이 자신들 잘못을 수사 못하게 하기 위해서 “검수완박‘을 하는 통에 죽어나는 것은 국민들뿐입니다.
도둑놈 사기꾼들이 재산 쌓아두고 도둑질하고 사기를 칩니까?
지금은 민사로 하지요? 하고 말하는 경찰관들 보면 제정신인가 싶기도 하고, 정말 한심합니다.
집에 재산이 있어서 뺏길 염려되는 인간들은 사기 쳐 봤자 다 갚아줘야 하는 줄 알기 때문에 절대 사기 치지 않습니다.
누가 도둑질 하는 사람 붙잡아서 잃어버린 것 전부 돌려받았다고 하는 소리 나 소문을 들은 적 있습니까?
도둑질 당하고 사기 당하면 재산상의 손해는 실제로 100% 회복이 불가능하다는 사실을 이 나라 경찰만 모릅니까?
죄 지은 정치인들 정권 바뀌어서 붙잡혀 가기 싫어서 만든 ‘검수완박’ 때문에 애꿎은 국민들만 정말 죽을 지경입니다.
도둑놈 사기꾼이 판치고 다닐 수 있는 나라가 제대로 된 나라입니까?
어떤 사회, 어떤 집단, 어떤 국가도 정연한 질서 속에서 발전하고 성장하는 줄, 왜 우리나라 정치인들만 모릅니까?
‘검수완박’ 하지 말고 교도소, 구치소 문 확 열어 제치고 도둑놈 사기꾼 전부 내쫓지요? 먹이는 밥값은 줄어들어서 허구헌날 무슨 효과가 몇 천 억, 몇 조하고 떠들어 댈 꺼리가 생기지 않나요?
사기 피해자 두 사람이 하도 어이가 없고 화통이 터져서 머리를 맞대고 이것을 씁니다.
나라 망쳐먹을 정치꾼들! 당신들은 대한민국 국민이 아닙니까? 
당신들과 을사오적이 다른 것이 무엇입니까? 그래도 당신들의 식구, 가족이 도둑질, 사기꾼에게 피해를 입어서 경찰서에 갔더니 민사로 하라고 하면 열은 받겠지요? 
**경찰서 *** 팀 *팀에서 어떻게 하는지 지금 입술을 깨물면서 보고 있습니다.
 [본 게시물의 일부 내용이 국민 청원 요건에 위배되어 관리자에 의해 수정되었습니다]",417,/19th/www.president.go.kr/petitions/605148
605147,윤석열 정부 장관 자녀 표창장 공개 요청합니다.,정치개혁,2022-04-14,2022-05-14,naver - ***,청원종료,"윤 석열 정부에서 임명되어 일하게 될 장관들도 조국 전 법무부 장관처럼 자녀의 표창장과 인턴증명서 등을 공개해 검증받아야 한다고 생각합니다.
 따라서  더불어 민주당은 장관후보자  인사 청문회에서  윤 당선인이 지명한 장관 후보자의 자녀가 입시 등에서 사용한 교생활기록부와 인턴확인서 등의 자료를 확보해 공개하 시고,  윤 당선자의 잣대로  검증한 장관 후보자의 저녀에서  단 하나의 허위라도 발견되면 검찰에 수사를 의뢰해야 한다고 봅니다.","3,755",/19th/www.president.go.kr/petitions/605147
605146,****고 두발자유화,인권/성평등,2022-04-12,2022-05-12,kakao - ***,청원종료,"****고등학교는 상고머리, 앞머리 눈썹 위까지 학생다움을 강조하며 두발 자유를 제한하고 있습니다. 매 달마다 용의검사를 실시하고 있으며 대부분의 학생들이 원하지 않는 교칙임에도 불구하고 회장 부회장 학생회에서 몇년간 건의하여도 바뀌지 않는 사항입니다. 심지어 용의검사에서 걸리게 되면 매일 아침 8시부터 캠페인이라는 벌을 세우며 담임 선생님의 선택 여부에 따라 학생 부모님에게 전화까지 하는 모습을 보이며 학생의 인권을 규제하고 있습니다.
 [본 게시물의 일부 내용이 국민 청원 요건에 위배되어 관리자에 의해 수정되었습니다]",189,/19th/www.president.go.kr/petitions/605146
605145,지역 공무원의 안일한 대응으로 신장장애 2급인 저의 아버지께서 돌아가셨습니다.,보건복지,2022-04-12,2022-05-12,naver - ***,청원종료,"2022년 3월 19일 오전 07:24 아버지께서 코로나 전담 병원에서 외롭게 돌아가셨습니다.
입원 하신지 8시간여 만입니다.
평소 기저 질환이 있으신 저희 아버지는 50대의 심장 수술, 당뇨, 만성 신장질환으로 투석이 꼭 필요한 신장질환 2급 장애인입니다.
22년 3월 9일 당뇨족으로 발가락 절제 수술후 퇴원하셨습니다. 제가 마지막으로 찾아 뵈었던 날입니다.
22년 3월18일 서울 ****병원의 심장, 신장, 당뇨 등의 정기 검사를 위해 오전 9시 정도 경기도 ** 용문이라는 곳에서 길을 나서 용문역 지하철을 통해 서울로 이동중(거동에 불편함이 없는 상태) 이셨습니다. 
** 보건소로부터 오전 10시즈음 역학조사를 통한 코로나 확진을 통보받게 됩니다.
신장 투석을 당일 꼭 해야하는데 보건소에서는 빨리 귀가 하라는 안내 전화를 받고 서울 ****병원에 신장 투석 예약을 뒤로한채 댁으로 돌아가게 됩니다.
아버지는 재택치료 대상자로 분류되어 댁에서 대기하라는 이야기를 보건소 직원이 이야기했고, 평소 칼륨수치가 높아 꼭 투석을 받아야만 생존이 가능하신데(칼륨 수치 5-6) 삼사일후 ""물 조금 먹고, 식사 조금만 하시면 버틸수 있을거라는 보건소 직원 말""만 믿고 자택에서 대기하셨고, 3월 22일(화요일) 평소 투석을 받던 ** *병원에서 받을 수 있다는 안내를 받았습니다.
저희 형수는 여러차례 보건소와 통화하여 투석 안받으시면 큰일난다 받게 해달라 지속적으로 요청하였으나
해당 부분은 받아 들여 지지 않았습니다.
오히려 장례식중(3월20일) 즈음 오후에 투석 가능하시다는 전화를 하여 유족의 아픔을 더 크게 만들었습니다.
자택대기 12시경부터 20시까지 ** 보건소 측의 특별한 조치는 없었습니다.
자가격리 대상자이고, 댁에서 치료를 할 수 있게 한다는 안내 문자, 이천 질병관리청에서
재택치료대상자에게 주는 의료용품들.. 뿐이었습니다.
3월 18일 저녁 8시경 상황이 안좋아졌습니다.
아버지는 그날 심장마비가 오고 피 가래를 토하시는 상태로 양평 119 응급차를 통해 ** ** 병원으로 이송되었습니다. 119 신고를 한지 30분이상 지난후, 아버지가 입원할 병원이 없어서 1시간이상 길에서 병원을 찾는 등 전반적인 대응이 딜레이되고 미숙하였습니다.
저녁 8시부터 시작된 병원이송은 저녁 11시30분이 다 되서야 입원을 시킬 수 있었고
입원 여덟시간 만에 돌아가셨습니다.
신장장애2급 장애인이 왜 일반 치료군으로 분류된 건가요?
상태가 위중하고 기저질환이 심각함에도 왜 우리아버지는 의료 서비스를 제때에 받으실 수 없었나요?
왜 아무도 이 상황에 대한 책임을 지지 않는 건가요? 정말 케이 방역이 있기는 한가요?
신장 질환자에 대한 의료 관리 비중을 점점 줄인것, 읍면단위의 신장 투석실의 코로나 관리를 아예하지 않는건
신장 질환자에게 죽으라는 이야기와 같습니다.
말로만 케이방역이지 신장질환 환자는 죽으라는 얘기밖에는 안되는것 같습니다 검사안하고 신장투석 받은 코로나 확진자는 살고 저희 아버지같이 말 잘들은 사람은 죽어나가는 현실이 너무 비참합니다 이런 관리 부실에 대해 그 누구도 책임지지 않는 현실이 안타깝습니다. 지역 보건소의 안일한 대응과 가이드가 기저질환에게는 한줄기 희망과도 같습니다. 어의없는 가이드와 안일한 대응으로 얼마나더 죽어나가야 할까요?
사태의 위중함을 파악하시고 누군가는 꼭 이일에 책임을 졌으면합니다.
왜 안타까운 죽음을 데이터로만 파악하고 수치를 위해서 관리를 안하는지요.
독감보다 덜죽는다, 미국모다 우리가 덜죽는다가 말이 되는 이야기인가요? 공무원들의 탁상공론
정치인의 생색내기로 많은 신장환우회 여러분들이 죽음을 두려워하며 코로나 시국을 살아가야 합니다.
앞으로 저의 자랑스럽고 가족만을 위해 살아오신 아버지 같은 분들이 공무원들의 안일한 대응과 환자의 상태를 파악하지 않고 사무적으로만 환자를 대하는 자세로 더이상 같은 죽음이 반복되지 않았으면 합니다.
꼭 가장 강력한 처벌을 요청드리는 바입니다.
 [본 게시물의 일부 내용이 국민 청원 요건에 위배되어 관리자에 의해 수정되었습니다]",606,/19th/www.president.go.kr/petitions/605145
605144,**산 운동장 공사 계획을 막아주세요,보건복지,2022-04-12,2022-05-12,naver - ***,청원종료,"서울시 **구의 중심에는 해발 134m의 아담한산이 하나 있습니다. 행정구역 상으로 **동,**동,**동,**동등에 둘러쌓여 있으며 나라의 운명을 새롭게 열었다하여 **산이라 불리어지는 산입니다.
그산의 정상에는 흙으로 된 아름다운 운동장이 하나 있습니다
이 운동장은 구민들에게 24시간 개방되어 언제든 자유롭게 와서 산책도 하고 운동도 할수있는 아주 유용하고 멋진 공간입니다. 
누구든 와서 축구나 족구도 하고 운동장 둘레를 걷기도 하고 아이들과 함께 와서 연을 날리는 분도 있고 애완견과 함께 산책하기도 하고
최근엔 몸과 마음의 치유를 위해 맨발로 흙으로된 운동장을 걷는분들이 점점 많아지고 있어  맨발걷기의 성지로 불리는 그야말로 구민들 모두에게 아낌없는 사랑을 받는 공간 입니다.
그런데 어느날 갑자기 **구청에서 다음달 5월1일부터 **산 운동장 개선공사라는 이름하에 구민들의 의견수렴 과정도 전혀없이 일방적으로 **산 운동장에 공사를 시작 한다고 공시를 했습니다,
그공사의 내용은 
축구장,족구장등에 우리몸에 해로운 플라스틱 인조잔디를 깔고 구획마다 관리용 펜스를 높이 세워 구획별로 이동을 못하게 한다는 것입니다. 그구장을 이용하려면 미리 예약후에 비싼 이용료를 부과해야만 가능하고 경기가 없을땐 출입을 못하게 자물쇠로 잠궈 놓는다고 합니다. 
그리고 그운동장의 외곽엔 2미터 너비의 합성고무길을 만들어 운동장의 모든 흙을 몸에 해로운 플라스틱 인조잔디와 합성고무로 모두 덮어버린다는 것입니다
구민 모두가 아끼고 사랑하는 공간이 갑자기 소수의 구기종목 이용자들이  잠시 이용하는 공간이 되고 대부분의 시간은 펜스에 자물쇠로 잠겨 자유롭게 통행 조차 못하는 공간으로  바뀐다는 것입니다. 
이조악한 공사를 10억이라는 돈을 들여가며 구민의 뜻을 묻는 어떠한 의견수렴과정 하나 없이 졸속으로 서둘러 하는 이유가 지방선거에 나서는 구청장의 조잡한 치적을 만들기 위해서 라고 공공연히 모두 얘기하고 있습니다
**구의 4대강 사업이라고 많은 구민들이 백지화를 요구하며 민원을 제기하고 항의전화를 하고 있으나 구청에서는 묵묵부답이고
이공사를 막을수 있는 시간은 이제 얼마 남지 않았습니다. 공사를 연기하고 구민들의 의견수렴 절차를 거칠수 있다면 이공사는 당연히 백지화 될것입니다.
흙과 나무로 풍경이 아름다운 **산 운동장이 
플리스틱 인공잔디나 합성 고무로 더럽혀지지 않기를 바랍니다. 펜스나 자물쇠가 주인이 되어 구민을 속박하는 운동장이 되지 않기를 바랍니다. 사방을 둘러보아도 모두 포장된 길뿐인 이시대에 흙을 사랑하는 모든 분들이 자유롭게 맨발로 걸을수 있는 공간이기를 바랍니다. 지금 이대로 모든 구민들이 아끼고 사랑 하는 공간으로 영원히 남아있기를 간절히 바라며 청원을 올립니다
 [본 게시물의 일부 내용이 국민 청원 요건에 위배되어 관리자에 의해 수정되었습니다]",298,/19th/www.president.go.kr/petitions/605144
605143,상해 교민 귀국 도와주세요,외교/통일/국방,2022-04-12,2022-05-12,kakao - ***,청원종료,"현재 초등학생 아이 둘을 포함한 가족들이 상해에 거주 중입니다. 상해가 코로나 사태로 봉쇄에 들어가고, 향후 방역정책에 대한 방향도 불명확한 상태에서, 식량 부족 및 장기간 재택 감금으로 가족들 상황이 너무 걱정스럽습니다. 
가족들이 한국으로 돌아올 수 있도록 알아보고 있으나, 상해 정부의 강력 봉쇄 정책으로 집밖으로 아에 나갈 수 없는 상황이고, 항공편도 취소되어 전혀 오가지 못하는 상황입니다. 
제작년 우한 코로나 봉쇄 때와 같이 정부 차원에서 중국 정부와 교민 귀국 방안을 협의하시고, 교민들을 위한 전세기를 준비해 주시기를 간곡히 부탁드립니다. 중국 정부의 오락가락 코로나 정책에, 현지 교민들이 받는 피해가 너무 큽니다. 봉쇄를 견대며 머물러야 하는 분들도 계시겠지만, 봉쇄 상황을 견디지 못하는 현재 교민들이 고국으로 돌아올 수 있는 방법을 마련해 주시기를 절실히 부탁드립니다.",216,/19th/www.president.go.kr/petitions/605143
605142,대전 OO유치원 창문 없는 어두운 지하 창고에 6세 이이들을 혼자 가둔 아동학대 사건입니다.,육아/교육,2022-04-12,2022-05-12,naver - ***,청원종료,"유치원, 어린이집 등 아동학대로 인해 조사 중일 경우 해당원은 학부모님들에게 고지의 의무가 반듯이 필요하다고 생각합니다!!
사건 발생 후 3개월이 넘는 동안
저의 가족의 침묵으로 인해
해당 유치원 엄마들은 이 사실을 알 수 없었습니다.
이러한 아동 학대 사실이 확인될 경우
교육청, 보건당국, 구청 등
혹은 원 측에서 해당원 학부모님들께
알려야 할 의무가 반듯이 필요하다는 생각을 합니다..
혹시 있을지 모를 또 다른 피해 아동 들을
지금 이 시점에서는 파악하기 어려울 거라 사료됩니다.
앞으로 우리 아이들과 같은 피해가 생기지 않기를 간절히 바라는 마음은 이 글을 읽는 모든 어른들의 생각일 거라 짐작합니다.
제발 아동학대의 정황이 드러났을 때
최소한 해당 원 같은 반 아이들 부모님만이라도
사전에 이 사실을 알 수 있게끔
고지의 의무가 반듯이 시행되어야 한다고 생각합니다.
사건 발생 시점에 글을 공개하지 않은 것은
그 진실이
아무것도 아닌 나의 착각, 노파심이었으면 좋겠다는 마음,
나의 아이들이 어떠한 나쁜 일도 당하지 않았기를 간절히 바라는 마음에서였습니다.
이제 검찰에 송치가 되었으니
이제라도 있던 사실을 알리고자 합니다.
해당 원에 다니고 있는 아이들과 그 부모님들께
미리 알리지 못한 점, 후회가 되기도 또 잘 한 일이라 생각이 들기도 합니다.
이러한 아동학대의 정황이 생겼을 경우
당사자들은 지극히 감정적일 수밖에 없습니다.
저 또한 그러했고, 
그전 타 아동학대 사건을 가까이서 지켜보았을 때 결국 가장 큰 상처를 받는 사람은 
아이들이었습니다.
그렇기에 신중했고
더욱 신중하고자 노력했습니다.
긴 이야기에 앞서 간단히 사건 요약입니다.
ㅡㅡㅡㅡㅡㅡㅡㅡㅡㅡㅡㅡㅡㅡㅡㅡㅡㅡㅡㅡㅡㅡㅡㅡㅡㅡㅡㅡㅡㅡㅡㅡㅡㅡㅡㅡㅡㅡㅡㅡㅡㅡㅡㅡㅡ
아들의 말
계단을 내려가 깜깜한 방에 나를 던지고 문을 쾅 닫고 문을 잠갔어
발로 쾅쾅 차고 손으로 두드리고
소리 막 지르고 선생님이 왔어
친구를 때려서 그곳에 갔다.
딸의 말
나도 2번 간 적 있다
어두운 방에 혼자 있었다
괴물이 나올 것 갈았다
오래전 일이며 크게 잘못해서 그곳에 갔다
원측 아동학대 인정
해당 선생님의 주장
혼자 두지 않고 같이 들어가 있었다
불은 켜지 않은 어두운 방에서 아이 울음이 멈춘 뒤 불을 켜고 이야기를 나누고 돌아왔다
CCTV 요청했으나
말을 바꾸며 결국 자료를 찾을 수 없다 함
법적 대응하겠다 하니
아들의 1년 원비와 치료비를 내주겠다 함.
거부하고 CCTV를 확인하기 위해 변호사를 선임함.
당일 퇴소원서를 작성하러 원 방문.
퇴소를 시켜주지 않으려
30분가량 원장, 원감 및 4명의 선생님이
팔과 다리 가방 등을 붙잡고 늘어짐
고소를 취하해달라며 변호사 비용 등을 원장선생님이 감당하신다고 함.
CCTV를 확인하기 위해서는 형사고소를 진행해야만 하는 점 원장선생님께 말함.
끝까지 붙잡는 그곳에서 간신히 빠져나옴.
당일 저녁 6시경
천만원을 집 앞에 치료비 명목으로 두고 감
나의 변호사에게 알리고 문자 메시지와 사진을 공유한 뒤 
돈을 돌려주겠다 의사표시함.
5일후
상대방 변호사를 통햬
합의 조정 들어옴
해당 선생님만 처벌하고 원장과 원은 처벌하지 않겠다는 내용임.
거부함
천만원 돌려줌
** 경찰서에 사건접수
경찰서에서 아동학대 정황 파악됨
당일 **지방경찰청 이관
2022년 04월 01일 대전지검 송치됨
경찰청에 이관되었을 시점
맘 카페에 올리고자 작성하였지만 차마 올리지 못했던 글을 덧붙입니다.
ㅡㅡㅡㅡㅡㅡㅡㅡㅡㅡㅡㅡㅡㅡㅡㅡㅡㅡㅡㅡㅡㅡㅡㅡㅡㅡㅡㅡㅡㅡㅡㅡㅡㅡㅡㅡㅡㅡㅡㅡㅡㅡㅡㅡ
글을 쓰기에 앞서, 지금 솔직한 제 심정을 말씀드리자면
원장 측은 합의를 원하지만 저는 절대 합의할 생각이 없습니다.
아이들의 상처를 돈으로 보상받을 생각이 없습니다.
다만 나의 아이들이 어떠한 일을 겪었는지 CCTV 확인을 통해 진실을 알고 싶을 뿐입니다.
또한 제가 원하는 것은
그 진실이
아무것도 아닌 나의 착각, 노파심이었으면 좋겠습니다.
나의 아이들이 어떠한 나쁜 일도 당하지 않았기를 간절히 바랄 뿐입니다
2021년 12월 22일
저녁 잠자리에서 유치원에 가지 않겠다는 아이에게 들은 이야기입니다.
유치원에서 아들이 먼저 친구를 때렸고, 다툼이 있었다.
C선생님이 아들을 지하로 데려갔고 
깜깜한 방에 아들을 던지고 문을 쾅 닫고 문을 잠갔다. 
아들은 소리를 지르며 손과 발로 문을 쾅쾅 차니 선생님이 문을 열고 이야기를 하고 교실로 돌아왔다
아들이 이야기하는 중 쌍둥이 여동생 이야기입니다.
""엄마 나도 거기 알아 나도 두 번 간 적 있는데""
계단으로 내려가다가 치마가 계단에 툭 튀어나온 나사에 걸린 걸 선생님이 풀어주고 깜깜한 방에서 혼자 생각하고 조금 뒤 선생님이 와서 이야기하고 교실로 갔다.
괴물이 나올 것 같았고 그 방은 엄청 어둡다. 물건들이 조금 보이긴 했다. 
계단을 내려가서 왼쪽에 엄청 어두운 방이 있다.
왜 내려갔냐는 물음에 딸은 내가 엄청 잘못했을 때 내려갔다고 함..
아이들의 이야기를 녹취함.
2021년 12월 23일
아침에 아이들에게 다시 한 번 확인
아이들의 이야기를 녹취함.
아들은 전날과 동일하게 진술하였으나, 딸은 예전 일이라며 왜 갔는지는 기억이 안 나고 엄청 잘못했을 때 그 방에 들어갔고, 깜깜하고, 무서웠고, 혼자 있었다 이야기함.
딸은 2021년 4~5월경으로 예상되며 아들은 오래되지 않은 최근 일인 듯함
당일 11시 유치원으로 방문하여 원장, 담임, 부담임(C선생님)에게 아이들의 녹취를 들려줌.
C선생님의 진술
교구시간이 지나고 점심을 먹기 위해 정리를 하는데 아들이 더 놀고 싶어 했고 친구가 교구를 정리해 주자 화가 나 그 아이를 때렸다.
너무 크게 소리를 지르고 울고 해서 복도로 데리고 나왔고, 그래도 진정이 되지 않아 아이를 진정시키기 위해 지하로 데려갔다.
선생님들과 함께 지하로 내려가 그 방을 복도에서 확인함.
내려가는 계단부터 어두웠으며 방은 더더욱 어두움
2~30년된 오래된 건물로 내려가는 계단 또한 가파름.
지하1층에 있는 강당을 내려가는 계단이 아닌 무대 뒤 쪽으로 가는
건물 안쪽 깊이 있는 어두운 계단임.
문은 오래된 낡은 철문이었으며, 
창문도 없이 어두운 곳에 벽을 둘러싼 철 선반들과 물건들,
난 그 곳이 너무 끔찍해 차마 들어갈 생각도 못하고 복도에 서서
CCTV가 있는지 물었으나 없다고 이야기를 들음
(없다는 CCTV는 아이아빠가 내려가 확인한 결과 설치되어 있었고, 작동 여부 까지는 확인할 수 없었음)
다시 교무실로 와서 아동학대임을 이야기하고 C선생님과 원장선생님의 사과를 받음
당시 상황 CCTV 볼 것을 요청했으며, 아이들에게 선생님의 직접적인 사과를 요청함
당일 오후 6시경 담임선생님과 C선생님이 집으로 방문해 아이들에게 사과를 함.
재차 담임선생님께 CCTV를 요청했으나 어렵다며 곤란해함
C선생님의 상황 설명 당시 상황이 너무 명확하며, 시간까지 분명하니 12/27은 아이 아빠와 확인할 수 있도록 해달라 부탁함
.
2021년 12월 24일
아이들과 함께 등원 
원장선생님과의 미팅
전날 선생님의 사과 내용이 너희들을 너무 사랑해서 그랬다며 미안하다고 했다고 함.
딸은 본인이 너무 크게 잘못을 해서 아이를 너무 사랑하는 선생님이 그곳으로 데려가 혼낸 것으로 받아들임.
위 문제의 지적과 함께 CCTV확인을 요청드림.
당일 오후 12/27일 오후 4시 30분 CCTV 확인해 주겠다 연락 받음
2021년 12월 27일
원장은 CCTV를 확인했으나 그 당시 CCTV상황이 없다고함.
CCTV는 없으나, 아이들의 문제행동이 있는 동영상을 보여주라고 함.
수차례 보지 않겠다 거부했으나 아이들의 문제 행동만을 찍은 동영상을 계속해서 보여줄 것을 담임에게 지시. 
담임 선생님이 직접 본인 핸드폰으로 찍은 장면들임.
다른 아이들 동영상도 있으며 어머님들과 문제가 있을 시 증거자료로 찍어 놓은 거라고 함.
난 아이들의 문제의 영상이 아닌, 그후 선생님의 훈육방식과 선생님의 말씀대로 아이들의 통제되지 않는 모습을 보고싶은 거라고 말함.
이런 이야기들이 반복되자 최근 일주일 치의 CCTV를 확인하지 못했다고 함.
CCTV의 보관 기간이 한달이라(경찰 접수 후 알게 되었는데 보관기간은 두 달이라고 함) 최근 한 달 전부터 확인했다고 함.
익일 오전까지 확인할 수 있도록 재차 확인하여 연락 준다고 함.
CCTV 모든 영상 저장해달라고 요청했고 원에서 구두상으로 수락하였음.
이야기 중 원장선생님은 C선생님이 엄청 순수하고 착한 선생님이며,
너무 순수해서 심지어 지하에 아이를 데리고 간 것이 잘못된 일인지 모른다 말함.
그 당시 상황도 정확히 기억 못하는 순진한 아이라고 함.
2021년 12월 28일
아이 아빠가 방문했으나 CCTV를 확인하지 못하였고
방학기간 내가 직접 CCTV 확인을 하겠다 요청하였으나 거부당함
법적 조치를 하겠다고 하니
원장은 아들의 1년치 원비와 치료비를 부담하겠다고 함.
좋은 선생님을 배치하고 엄마와 지속적인 소통을 하겠다며
없는 CCTV확인 하지 말고
법적조치로 서로 불편하지 않게 조용히 넘어가자고 함.
원하는 걸 해주겠다고 함.
2021년 12월 31일
변호사를 선임하고
퇴소원서를 작성하러 원을 방문
아이들을 이상태로 보낼 수 없다는
원장, 원감, 담임, C선생님에게 
30분가량 붙잡힘.
팔 다리 가방까지 잡고 늘어짐.
이제 대학교를 졸업해 초기 부임이며 23살 밖에 안된 젊을 선생님의 인생을 망치지 말라며
한 번만 용서해달라 함.
교육청에 신고하겠다는 말에 퇴소원서를 작성하고 간신히 원을 빠져나옴
2021년 12월 31일
집을 비운사이
원장선생님이 집 앞에 치료비 명목으로 1천만원을 두고 감.
변호사에서 원장의 문자 메시지 및 천만원 증거사진을 보내고 돌려주겠다고 함.
2022년 1월 5일
몇일 후 상대방 변호사에게 합의 조정이 들어옴.
C선생님은 처벌하고, 원장과 원은 건들이지 않겠다는 내용의 합의를 하자고 하여
거부하고 그대로 진행하겠다고 함
CCTV는 꼭 확인해야하는 상황임을 말함..
일전에 집앞에 두고 간 천만원 돌려줌.
2022년 1월 6일 
**경찰서에 사건 접수가 되었고 아동학대의 정황이 인정되어
당일 **지방경찰청으로 사건은 넘어갔다.
경위서 작성 시 딸에게 당시 상황을 다시 물어보니,
""엄마 내가 말했잖아! 거기 들어가서 선생님이 불 켜줬고 이야기하고 로OOO반으로 들어왔다고, C선생님도 로OOO반 선생님도 너무 다 좋아!""
딸아이가 갑자기 그 전과 다른 말을 시작함.
전문가도 아이가 육하원칙에 가깝게 이야기를 할 수가 없다고 한다.
문제 발생후 등원 한 그 이틀 동안 아이에게 무슨 일이 있었던 건지, 의아하다.
현재
해바라기센터에서 아이들의 진술을 모두 마친 상태이며
대정지방경찰청에서 확인 작업 중에 있다.
아들의 진술
“지하로 내려가 나를 세게 던지고 문을 쾅 닫고 문을 잠갔다.”
딸의 진술
“유치원 생활 모두 좋았다. 지하층은 없다. 강당은 1층이며, 교실은 2층이며, 3층에 엉아들 교실이 있다”
이 원은 지하1층 지상2층의 건물이다.
딸 아이는 모든 것을 거짓으로 말했다.
아이 진술 시 도움주신 해바라기 센터의 심리 선생님께서는
아이의 모습에서 통제가 되지 않는 모습은 보이지 않는다고 말씀하신다.
딸은 사건 이후 타 유치원으로 옮겨 다니고 있다.
아들은 심리치료와 더불어 언어치료를 받고 있다.
아들이 6세 4~5월경에 늦게 말이 트여 발음이 지금도 부정확하다.
이 사건이후 7세가 된 아들은 응애 응애 하며 아기처럼 내 곁을 떠나지 못한다.
겁이 없고 밝던 아이가 낯선 곳을 두려워하고 “엄마 무서워”를 달고 산다.
하루에 엄마 엄마 엄마 엄마 엄마 엄마 1천번 이상은 듣는 듯하다.
난 아이들에게 죄책감이 든다.
아이가 지하 감옥 같은 곳에 있었음을 알고도
아이를 맡길 곳이 없어.. 하는 일이 바빠.. 웬만하면 이 문제의 원에 아이들을 계속 보내려고 했다
내가 편하고자 묵인하고자 했다.
아이들이 자연을 벗삼아 마음껏 뛰어 놀 수 있겠다고 생각해
내가 고심해 선택했던 원이다.
-------------------------------------------------
 [본 게시물의 일부 내용이 국민 청원 요건에 위배되어 관리자에 의해 수정되었습니다]","1,526",/19th/www.president.go.kr/petitions/605142
605141,1기 신도시 특별법안에 지방은 왜 빠졌나요?,교통/건축/국토,2022-04-12,2022-05-12,facebook - ***,청원종료,"지난 14일 김병욱 더불어민주당 의원 등 15명이 '노후신도시 재생 및 공간구조 개선을 위한 특별법안'을 발의했습니다.
아파트를 지은 지 30년이 지난 1기 신도시와 20년이 지난 2기 신도시에 주택 노후화 심화 등으로 주민불편이 가중되고 있으므로 본격적으로 도시재생을 도모하기 위해 건폐율·용적률 등 건축규제를 대폭 완화하고, 주거환경 개선을 위한 제도적 기반을 마련한다는 취지입니다.
구체적으로 국토교통부 장관이 산업통상자원부 장관과 협의하여 직접 또는 시·도지사의 신청을 받아 '노후신도시 재생 및 공간구조 개선 특별지구'를 지정할 수 있도록 하고, 지정된 특별지구에 대해서는 건폐율·용적률 등의 기준을 대폭 완화하며, 해당 지구 내 역세권 및 특정 지구에 한하여 특별하게 높은 용적률을 부여하며, 광역교통 대책을 수립하고 예비타당성 조사를 면제할 수 있도록 하는 외에 노후 신도시 재생 및 공간구조 개선에 관한 기본계획 및 실시계획 수립비를 보조하거나 융자해 주는 등 파격적 특혜를 부여하고 있습니다.
이 법안은 대상 지역을 1기 신도시 분당·일산·평촌·산본·중동 등 5개 지역, 2기 신도시 성남 판교· 화성 동탄1·화성 동탄2·김포 한강·파주 운정·광교·양주(옥정·회천)·위례·고덕 국제화·인천 검단·아산·대전 도안 등 12개 지역으로 특정했는데, 이는 충청권 일부를 포함한 대부분 수도권입니다.
1기 신도시는 1989년 노태우 정부의 주택 200만호 건설계획에 의해 추진되었습니다. 이 중 90만호는 수도권에, 110만호는 지방도시에 주택을 건설한다는 계획이었습니다. 이 시기 대구에는 지산·범물과 상인, 시지·노변 등 5개 지구에 3만8천400가구의 아파트 등이 지어졌습니다.
지산·범물지구 아파트 등의 경우 1기 신도시처럼 지은 지 30년이 지나 주택 노후화가 심해 주민들은 수도권과 마찬가지로 큰 불편을 겪고 있습니다. 그럼에도 건폐율·용적률 등 건축규제를 대폭 완화하는 이 법안의 혜택을 받지 못합니다.
중앙정부의 정책에 따라 같은 시기에 지어진 아파트임에도 수도권이 아니라는 이유로 차별을 받는다면 이는 거대 여당의 폭거이자 지방선거를 앞두고 수도권 표심을 의식한 선거용 입법이 아닌가 의심이 듭니다. 따라서 지방도 이 법안의 혜택을 받을 수 있도록 조치해 주시기 바랍니다.",126,/19th/www.president.go.kr/petitions/605141
605140,검수완박은 절대 국민의 뜻이 아닙니다.절대 안됩니다. 제 피햬사례를 참고하여 막아주십시오,정치개혁,2022-04-12,2022-05-12,naver - ***,청원종료,"검수완박은 절대 처리되어선 안됩니다.
실제 제 사례로 설명 해드리고 아는대로 알려드리고자 합니다.
먼저 민주당은 검수완박이 무슨 국민의 뜻이고 국민을 위해 해야한다는 소릴 하는데
이거 자체가 말이 안되는 소리입니다.
국민 누가 검수완박 해달라고 했나요? 혹시 주변 분들중에 저거 꼭해야한다하는 분들 찾아볼수나 있나요? 거의 대부분 저걸해서 국민 삶에 무엇이 도움되는건지 생각도 없고 모르고
그냥 매일 읊어대니 그러려니 하는 분들이 대부분일겁니다.
딱 결론부터 말씀드리면 기득권층 기득권범죄자들 또 그 외 범죄자들만 환호할 일입니다.
아시다시피 제작년 말 민주당이 검찰개혁이란 명목으로 검경 수사권조정이란걸 진행 했죠.
검찰이 일부 범죄에 대해서만 수사를 하고 경찰에 수사권을 주고 사건종결권을 주는
겉으로 보면 그럴싸하죠?
근데 이게 일반 국민으로선 진짜 화가나고 피해가 돌아오는 겁니다.
경찰은요 아시듯이 법 전문가가 아닙니다. 판레조차도 제대로 해석하지 못해서 빌빌대고
피해자한테 강하고 가해자에겐 한없이 약한게 경찰입니다.
또한 검사들에 비해 중립적인 수사가 이뤄지기 매우 힘든 조직입니다.
그동안 보아왔던 권력눈치보기 수사 셀수없이 많습니다. 예로 택시기사 폭행 이용구 법무 차관사건. 경찰이 내사 종결시킨거 이게 내사종결 자체가 말이 안되는건데 게다가 경찰이 피해자 회유까지 하고 했던 사건이 있습니다. 언론에서 안다뤘으면 덮혔을 사건이죠.
그 이전 같았으면 피의자 조사후 무조건 검찰송치해서 검사가 수사내용 살펴보고
기소 불기소 처분을 하는데 수사권 독립후 경찰 지들이 그냥 불송치하고 내사종결 시킵겁니다. 최근 이은해  사건도 경찰 무혐의 종결된 사건이구요
이걸 실제 일반국민의 생활에 대입해보겠습니다.
저는 많은 무개념  악플러들을 고소한 적이 있습니다.
그 고소시기가 수사권 조정이 이뤄진 두달 후 였습니다.
당시 피고소인들이 수십명이었는데 제일 처음 통지가 나온 사건이 불송치가 되었더군요.
그래서 담당경찰수사관에게 연락해서 이유가 뭐니 물어보니 무슨 정확한 근거도 대지 않고 그냥 내 생각이 그래서 그렇게 판단했다 하더군요. 그래서 조목조목 판단에 대해서 반박을 했더니 불만이면 이의신청하란 말만 앵무새처럼 떠들다가 전화를 끊어 버리네요?
거기다 나중에 알려진 사실. 아주 대놓고 편파수사를 했더군요.
피의자조사시에 피의자의 허황된 말에 장단까지 맞춰주며 피해자인 저를 오히려 가해자 취급했던 거 까지 정황까지 있어서 정식으로 감찰과 징계요구를 했고 해당 경찰관 잘못이 충분히 인정되서 징계까지 먹였습니다. 경찰이 무혐의 처리했던 이 사건 결과요?
이의신청해서 검찰에 사건 강제 이송되고 검사가 바로 재수사해서 구약식 벌금형나왔습니다.하지만 이의신청 말이 쉽지 일반인들이 그러한 절차를 밟기는 여간 어렵지 않습니다.
저 역시 변호사를 선임했기에 그나마 조금 낫게 처리를 했던거죠 아니었으면 그대로 무혐의로 죄지은 놈은 웃으면서 또 웃으며 욕질하며 다닐 일이었습니다.
실제로 불송치받은날 가해자 놈이 그날 바로 경찰에서 무혐의받은거 떠벌리며 2차가해를 벌여 엄청난 추가 피해를 입힘 (이 또한 고소.)
그리고 경찰에 수사종결권을 주며 이같은 피해를 막고자 각 경찰서에 사건종결전 사건 수사가 제대로 이루어졌는지 결정엔 문제가 없는지 살펴볼수있도록 장치를 만들어줬다고 지껄이는게 있는데 이게 수사심의관 제도입니다.
진짜 법률 전문가들이 심의를 하는게 아니라 경찰들이 대충 자리하나 만들고 서류한번 읽고 도장찍는게 다라고 봐도 무방한 제도입니다.
이 부분에 대한 지적은 수많이 나왔고 나오고 있습니다 아직도
뉴스 기사 내용을 인용해드리면
“수사에 대한 부분도 교통, 여성청소년, 형사, 지능 등 사건처리과정이 다양하다. 수사심사관이 수사를 오래했다고 해서 모든 부분을 잘 알지 못한다. 법률적 전문성 부족에 대한 지적도 지속해서 발생하고 있다”고 말했다.
이어 “수사심사관제도가 필요하다는 부분에는 공감하지만 처음 도입부터 졸속으로 이뤄진 듯한 느낌도 있다”고 강조했다.
*** **대학교 **학과 교수는 “전문성 결여에 대한 지적은 처음 수사심사관 도입과정부터 예견된 일”이라면서 “법률적 결여에 대한 지적을 최소한으로 해소하기 위해서는 지속적이고 체계적인 교육이 진행되어야 한다”고 조언했다.
20대 남성 2명이 동거하던 친구를 감금해 숨지게 한 ‘마포 오피스텔 살인사건’을 계기로 경찰의 부실수사 논란이 거세지고 있다. 피해자가 과거 상해죄로 피의자들을 고소했지만, 경찰은 양측의 진술이 엇갈렸음에도 대질신문 없이 6개월이 지난 후에야 무혐의로 결론을 내렸다. 더욱이 경찰이 부실수사를 막겠다며 올 초 강화한 수사심의관마저 이 사건을 무혐의로 결론을 내린 것으로 확인됐다.
이렇게 졸속으로 준비도 안된 경찰에게 수사권독립 시켜준 다수여당 덕분에 그 피해를 고스란히 국민이 받고 있는겁니다. 이런데도 한술 더 떠 검수완박요??이런 헛 소리를 감히 국민의 뜻이라고 포장해서 뭔 짓들 인것인지?
지금의 일반적인 고소사건의 진행은 무조건 경찰만이 접수나 수사가 가능합니다.(여당이 말하는 검찰이 수사할 수 있는 6대 범죄 범위도 극히 드문 경우가 많음. 일반 국민과는 매우 거리가 멀다는 얘기)
수사권 분리전
경찰수사>검찰송치(사건기록 확인 및 재수사)1~3개월 >검찰처분> 불복시 항고
수사권 분리후
경찰수사종결(경찰송치 혹은 불송치로 끝)>불복시 이의 신청>사건자료 검찰송치>재검토 및 보완수사 요구 처분.보통 1개월~3개월소요>경찰 사건이송> 경찰 보완수사후 검찰에 사건 재이송 여기서도 다시 2개월~4개월소요> 검찰처분 > 불복시 항고
이렇게 과정도 복잡해지고 정신적 시간적인 피해도 고스란히 피해자의 몫
""경찰이 대부분의 형사사건을 수사하고 검찰은 6대 중요범죄만을 수사하는 내용으로 검경 수사권이 조정된 지 1년여가 지났지만, 현장에서는 사건 처리 지연, 고소장 접수 거부 등 국민의 불편이 커지고 경찰의 업무 구분이 불분명해지는 등 혼란이 지속되고 있다""고 지적
-대한 변호사 협회-
* 변호사는 ""주변 변호사들에게 물어보는 게 좋을 것""이라며 ""검찰개혁이라는 이름으로 진행된 수사권조정과 고위공직자범죄수사처(공수처) 설립 후 형사사법 시스템의 모습이 어떻게 바뀌었는지""라고 언급했다.
그는 검·경 수사권조정으로 1차 수사권을 갖게 된 경찰이 사건 접수를 꺼리거나 믿음직스러운 수사력을 보여주지 못하고 처리가 지연되는 사례가 있다는 점을 제시했다. 공수처 역시 출범 후 1년간 단 1건을 기소해 무용론에 시달린다고 했다.
그러면서 ""제도를 운용할 공권력 주체의 능력과 준비가 부족한 상태임에도, 정치적 이해관계가 앞선 나머지 성급한 개혁을 추진했기 때문""이라며 ""준비가 부족한 개혁의 피해는 한 사람과 자리의 파탄을 넘어 우리 사회의 불행으로 이어진다""고 했다.
-재심 전문변호사 ***- ※이재명찍음
* 지검장은 최근 사회적 공분을 사고 있는 '계곡 살인' 사건을 언급하며 ""그게 사실 보완수사 요구권이 있었기 때문에 (증거 확보가) 가능했던 것""이라며 ""(검수완박으로) 보완수사 요구를 못 하면 암장(暗葬)되는 사건을 검찰이 더는 발굴할 수 없다""고 강조했다.
-*** **지검장-
제 사건 경우 실제 검경 수사권 조정후 경찰에서는 업무 적체 이유로 고소7개월이 된 사건도 피의자 조사를 안한 곳도 있었음. 말이 안되는 얘기 죠 정말.
게다가 고작 모욕 고소건인데 입증자료가 차고넘치는데도 1년 3개월째 수사중인 사건도 있습니다. 
어쩌다 이런 나라가 됐는지???????????????????????????
게다가 정말 열받는건 경찰이 사건을 의도적이거나 잘못된 법리 판단으로 불송치결정을 내리더라도 그 결정이 검찰에서 바로 잡히고 경찰의 잘못이 인정되더라도 그 판단을 내린 경찰관은 아무런 제재가 없습니다.
검찰은 검사가 무혐의 때렸다가 항고해서 고등검찰이 결정을 바꿔주면 해당검사는 벌점을 받아 인사고과에 반영이 됩니다.
그런데 경찰은 아무런 책임을 묻지 않고 방법도 없습니다.
이게 무슨 말도 안되는 경우입니까?
차라리 경찰공화국이 맞는거지 무슨 되도 않는 검찰공화국 소릴하는지
말이야 더 적을 말도 많고 구라 좀 보태 책을 한권 낼수 있을정도인데
여기까지만 하겠습니다.
검수완박요?? 국민요구요??? 그것도 아무런 대책하나 없이?
지금도 난장판인데 뒷일은 모르겠고?? 무조건?
검수완박은  헛소리고 그냥 적폐들 도망갈 구멍 파는 겁니다.
그 댓가피해는 잘못없는 국민이 고스란히 받는 거구요.
이건 국민들이 촛불집회라도 열어서 반드시 막아야 합니다.
https://newsis.com/view/?id=NISX20220412_0001829363&cID=10201&pID=10200
*** 변호사 인터뷰
https://www.mbn.co.kr/news/society/4737823
변협 인터뷰
https://www.yna.co.kr/view/AKR20220411141351004?input=1195m
지검장들 반대표명
 [본 게시물의 일부 내용이 국민 청원 요건에 위배되어 관리자에 의해 수정되었습니다]","2,196",/19th/www.president.go.kr/petitions/605140
605139,*********연대가 주도하는 장애인 정책을 반대합니다.,인권/성평등,2022-04-12,2022-05-12,naver - ***,청원종료,"① 시설 내 거주하는 장애인에 대한 성폭력 범죄와 이의 은폐 시도. 
② 1억원이 넘는 후원금을 유용하여 사용이 금지된 직책보조비, 회의비 등에 사용.
③ 정관을 개정하여 법인의 기본재산을 이사들의 사업 목적에 무상 임대.
④ 법인의 기본재산을 처분하며 매수인으로부터 2억원의 후원금을 받아 대표이사, 사무국장 등의 인건비로 지출.
⑤ 2억원에 달하는 임금 체불 그리고 단체협약 위반.
⑥ 반대를 무시한 근무제 변경 후 시설 내 거주하는 장애인 사망 사고 발생.
⑦ 내부고발을 주도하여 온 노동조합 간부에 대한 직장 내 성희롱.
위 성폭력 범죄, 후원금 유용, 기본재산 부적정 처분, 임금체불, 직장 내 성희롱 등이 발생한 장애인거주시설을 누가 경영하고 있을까요?
법원의 판단에도 불구하고 성폭력 범죄자들을 징계하지 않고 대신 국가보조금을 받아 월급을 손에 쥐어 준 것도 모자라 후원금으로 수당까지 챙겨준 준 이사들과 시설장은 누구일까요? 
정관을 개정하여 자신들의 (비영리)사업에 법인의 부동산을 무상으로 사용할 수 있도록 결정한 이사들은 누구이고, 시설 내 거주 장애인은 고등어가 그렇게 먹고 싶어도 빠듯한 예산에 힘들다고 하면서 후원금으로 술 마시며 회식하고 피곤하다며 택시타고 다닌 이들은 누구일까요? 
후원금을 이용하여 각종 회의비, 직책보조비, 인건비를 사용하도록 승인하면서도 단체협약을 위반하며 임금을 체불하여 온 이사들은 누구일까요?
휴게시간에 있던 사회복지사에게 *** 사망 사고의 책임을 물어 정직 3개월의 부당징계를 하면서도 “근무제 변경 후 근무지침을 수립하고 시행할 책임과 의무를 소홀”히 하였다고 노동위원회에서 판단된 시설장에 대하여는 견책의 솜방망이 징계를 준 이사들은 누구일까요?
직장 내 성희롱을 한 자(명예훼손으로 처벌)가 성희롱 사실을 인정하고 있음에도 피해자의 소명과 가해자의 소명을 들어야 한다면서 징계를 연기하기로 하며 성희롱 피해근로자에게 2차 가해를 가하고 있는 인권의식을 가진 이사들은 누구일까요? 
위 장애인 거주시설은 *********연대 산하 *********연대 소속으로 활동하고 있는 이사들과 ******노동조합 前수석부위원장을 지낸 자가 대표이사가 되어 경영하는 곳입니다. 
현재 *********연대는 장애인 이동권, 탈시설 등을 위한 예산 확보의 집회를 이어가고 있습니다. *********연대와 **노총은 ******이라는 단체에 가입하여 연대하고 있고 이러한 이유로 **노총 산하 ****노동조합은 이러한 주장에 연대하고 있는 것으로 보입니다. 
그러나 정작 *********연대와 ****노동조합은 이러한 위법하여 처벌받아야 하거나 도덕적으로 받아들일 수 없는 잘못에 대하여 어떠한 사과나 유감조차 말하고 있지 않습니다. 
*********연대는 장애인 이동권과 함께 탈시설을 위한 예산으로 매년 수천억원의 혈세를 지급할 것을 주장하고 있습니다. *********연대와 ****노동조합의 주장대로 탈시설이 이루어져 시설이 폐지되고 나면, 그리고 그들의 주장대로 막대한 세금을 지원하고 나면, 그동안 이들이 저질러 온 이러한 일들이 다시는 발생하지 않습니까? 과연 그렇습니까?
무엇보다도 자신들이 경영하고 있는 시설 내 온갖 비리들에 대해 일체의 입도 열지 않고 있는 *********연대와 ****노동조합 스스로, 국가가 지원하는 어마어마한 예산을 장애인 권익 향상을 위해 사용하는 주체가 될 자격이라는 것을 가지고 있다고 자신 있게 말할 수 있습니까? 
진보와 보수, 좌파와 우파의 구분을 떠나 국민이 힘들게 벌어 낸 혈세 수천억원과 관련된 중요한 문제입니다. 대한민국에 장애인의 권익을 대변하는 단체가 *********연대만 있는 것도 아닐 터인데, 왜 중앙 정부와 지방자치단체, 그리고 국회의원들은 *********연대만의 목소리를 듣고 이것만이 진리이고 이것만이 인권이라며 모든 것을 결정하려 하는 것입니까? 
중앙정부와 지방자치단체는 *********연대가 주도하는 장애인 정책을 *******연대만을 대상으로 목소리를 듣고서 추진하는 것을 중지하여 주시기를 바랍니다. 그리고 국회의원 분들께서는 선거만을 목적으로 연대 방문, 1일 생활 체험, 갈라치기 토론을 그만하시고 *********연대 및 ****노동조합이 외치는 탈시설 등에 묻혀버린 소수 피해자들의 목소리를 듣는 노력을 보여 주시기를 바랍니다. 
국민들의 여러 목소리를 듣고 국민들의 다양한 의견이 반영된 새로운 정책을 마련하여 주시기를 바랍니다.
 [본 게시물의 일부 내용이 국민 청원 요건에 위배되어 관리자에 의해 수정되었습니다]","1,118",/19th/www.president.go.kr/petitions/605139
605138,***의 주주침해 행위를 조사해주세요,경제민주화,2022-04-12,2022-05-12,kakao - ***,청원종료,"***의 문어발식 확장도 문제지만
******는 ipo한지 얼마 되지도 않아서
전환사채를 5천억이나 발행하고
심지어 *****  개발 **이 히트를 치자
*****를 인수후 자회사 상장
******의 매출이 대부분 **향인데
이걸 상장하면 ******는 빈껍질 아닌가
일반주주를 이렇게 무시해도 되는건가
***는 이번정권에서 반드시 심판을 받아야
 [본 게시물의 일부 내용이 국민 청원 요건에 위배되어 관리자에 의해 수정되었습니다]",203,/19th/www.president.go.kr/petitions/605138
605137,'채팅환전사기' 범죄가 당연시 되는 걸 막아주십시요.,행정,2022-04-12,2022-05-12,naver - ***,청원종료,"저는 경기도에 살고 있는 20대 중반입니다.
최근 SNS, 채팅어플, 소개팅어플 등을 통하여 친근하게 접근하여 이성에게 호감을 산 뒤 이를 이용해 상대를 속여 상대에게 돈을 요구하는 '채팅환전사기' 를 형법상 피싱범죄로 인정해줄 것을 강력히 요구하고자 합니다.
2020년 말 코로나 팬데믹으로 인해 이성을 잘 만나지 못하고 있었습니다. 이에 시작한 데이팅 어플에서 연결된 이성에게 사이트 환전사기를 당했습니다.
'자가격리' 라는 것을 이용해 만남을 미뤄오는 미끼녀/남(미끼를 던지는 사람. 즉, 1차 피의자)이 ****에서 대화를 이어나가자면서 본인의 아이디를 먼저 주며 친구추가를 유도합니다.
데이팅어플들인, **/***/***/**/***/**/***/******/**/**/** 등의 소개팅어플 그리고 *****, ****에서 사진을 도용하며 마치 자신이 그 사람인거 마냥 프로필 사진을 올리고 돈과 자동차 등등 사치스러운 사진을 올리고 매칭이되면 데이팅어플에서 대화를 하다 자연스럽게 ****으로 대화를 이어 나가는 점, 그 이후 썸을 타면서 서로의 감정을 교류하다 개인적인 문제에 고민하며 부탁을 한다는점, 그 부탁이 어떤 웹사이트에 들어가 코인을 환전해 달라는 점, 그 환전이 결국 돈세탁이었다는 것입니다.
썸을 타면서 서로의 감정을 교류하다가, 저에게 ‘어떤 웹 사이트에서 포인트를 돈으로 바꿀 수 있는데, 자기가 직접하기 어려운 상황이니 대신 해달라’고 요청합니다.
저는 대화를 하며 서로의 감정을 알았기 때문에 미끼녀의 간절함을 느끼게됩니다. 미끼녀가 알려준대로 어떤 웹 사이트에서 2천만 포인트가 있는데 그걸 받아주면 사례금으로 400만원을 제가 가지라고 하고
나머지돈은 미끼녀한테 주면 된다고 말하고, 자가격리를 해제하면 백화점도 가자고 하고, 만나서 맛있는것도 먹자고 하고, 같이 살자고 합니다. 이런식의 간절함으로 저한테 다가오게 됩니다.
일상생활 할때도 정상인이고, 사리분별도 잘되는 저는 미끼녀의 간절한 마음에 이성을 잃어버리게 되고
미끼녀가 알려준 웹사이트로 들어가게 되고 웹사이트에 있는 채팅방에 들어오라고 합니다. 2천만 포인트를 채팅방에서 보내고, 그걸 받으라고 합니다.
받으려고 하는 순간, 웹사이트 고객 상담원이 일반회원에서 등급업을 시켜야 포인트를 받을 수 있다고 해서
저는 미끼녀 ****으로 어떻게 받아야 되냐고 물어보게됩니다.
미끼녀는 그걸 받으려면 웹사이트 고객 상담원에게 계좌를 물어보라고 하고 거기에다가 입금하면 된다고 말합니다.
그러고 저는 이성을 잃은지 오래고 결국 누가 말해도 판단이 잘 안서버리고 홀려버린것입니다.
웹사이트 고객 상담원은 계좌주, 계좌번호를 보내고 거기에 입금하면 회원 등급업을 시켜준다고 하고 포인트를 받을수 있다고 했습니다. 입금되면 입금 확인 사진도 보내달라고 합니다. 그러고 30만원을 입금하고 사진을 보내고 2천만 포인트를 다 받을 수있었고 웹사이트내에 출금신청칸이 있어서 출금신청을 했는데
웹사이트 고객 상담원이 지금 당장 출금 하시려면 50만원을 입금해서 '퀵패키지' 라는 것을 신청해야한다고 합니다. 그러고 50만원을 입금하게 되고 입금 확인 사진을 보내게 되고
웹사이트 고객 상담원이 출금신청칸에 환전할 돈을 어디에 받을지 저의 계좌번호, 입금자명을 쓰라고합니다.
그래서 저는 계좌번호, 입금자명을 정확히 작성하고 맞는지 다시한번 확인하고 출금신청을 하게됩니다.
웹사이트 고객 상담원이 10분을 기다리라고 하고 10분이 지나 웹사이트 고객상담원이 제가 보낸 계좌 번호 캡쳐 사진을 보냅니다. 캡쳐 사진 내에는 일부러 숫자 1글자를 틀려서 보냅니다. 틀린 티도 너무 나구요.
그러고 저는 갑자기 현자타임이 오게 되었는데, 웹사이트 고객상담원은 3번 출금시도를 하게되어 이 아이디에서 출금시도를 못한다고 하고 새로 아이디를 만든 후 다시 시도해야한다고 합니다. 그러고 잠시 고민에 빠지게 된 저는 돈을 그래도 넣었으니 꼭 받자는 마인드로 다시 만들게되고, 또, 똑같이 30만원을 입금하고 50만원을 입금하고
출금신청을 했는데 웹사이트 고객상담원이 10분후 갑자기 금융감독원에서 조사가들어와서 심사를 들어가게되면 몇조 몇항 이러면서 감옥을 가게된다. 심사를 피할려면 출금시도 금액의 10분의 1인 이백얼마를 알려준 계좌에 입금하라고합니다.
이런식으로 협박을 받게되고
저는 머릿속이 순간 하얗게됩니다. 제가 순간 입금한 금액이 생각이 나고 금융감독원에서 심사가 들어왔다고 하니까 저는 심장이 빨리뛰고 뭘 어떻게 해야될지 마음이 급해졌었습니다.
그래서 저에게 감정을 교류하게 된 미끼녀에게 카톡하게 됩니다. 이거 내가 입금하다가 금융감독원 심사가 들어왔다고 했는데 어떻게 해야하냐고 물어봤는데 미끼녀는 돈을 그러면 입금해서 심사를 피하라고 합니다. 저는 돈이 없어서 미끼녀에게 말을 하게되고 미끼녀는 대출을 하라고 합니다.
저는 생전처음 대출을 어떻게 하는지 몰라서 대출을 못하는 상황이었습니다. 그래서 결국 친구에게 연락하게되고 친구가 사기라고 말을 해주자 그때 이성이 돌아오게 되었습니다.
모든 상황이 거짓임을 알게되고 당장 택시 잡아서 경찰서로 가게됩니다.
경찰서로 갔는데 경찰은 채팅환전사기라고 말을 해줍니다.
저는 그래서 이것이 무엇인지 구체적으로 설명해달라 했는데
경찰은 ""채팅으로 그냥 환전해달라하고 돈을 빼가는거에요"" 라고 말해주시고 모든 증거자료(**** 채팅 내용, 입금한 계좌번호, 계좌주, 소개팅어플채팅내용, 미끼녀가 말해준 웹사이트 채팅내용)를 가져 오라고합니다.
저는 진정서를 작성하고 신고를 하게되어서 조사를 받게되고 담당 사이버 수사관이 입금 받은 계좌 명의자의 주소지를 관할하는 경찰서로 이송하는데만 며칠씩 걸린다고만 말을 해줍니다. 그러고 저는 그걸 듣고 제가 돈을 피땀흘려 벌었기때문에 더 세상이 무너지는 것만 같았습니다.
한 일주일뒤 계좌명의자 주소지 관할하는 경찰서에서 연락이 왔고 계좌명의자 불러서 조사할테니 기다려 달라고만합니다.
그러고 난 뒤 저는 경찰의 적극적, 자발적 수사가 없고 이 범죄가 세상에 많이 알려지지못하고 누구나 당할 수 있는 사기임에도 불구하고 알려지지 못한것에 염증을 느꼈습니다.
그래서 제가 결국에 은행을 찾아가서 자금반환신청을 하게되고 은행원분에게 솔직하게 사기를 당해서 돈을 입금시켰다. 라고 말을 하게되고 은행원분이 계좌 명의자 전화번호로 전화하고 돈을 다시 돌려달라고 말했는데 입금당한 계좌명의자가 '여러명에게서 입금을 당해서 계좌정지가 됐다'고 말하고
대출 전화로 은행 계좌를 개설하게 되었다고 말합니다.
그러고 저는 돈을 당장 받을 수 없는 상황에 절망하고 좌절했습니다.
인터넷은 점점 발달하고 있고 그에 따라 이용하는 범죄들이 많아지고 있고
이런 범죄를 당하고도 피싱범죄로 인정되지않고 있다는것이 너무나 아쉽습니다.
저는 이런 사실들을 꼭 알리고 싶어서 국민청원이 종료되기전에 적극적으로 올리게 되었습니다.
지금 청원을 쓰고 있는 현재 이 시간에도
제가 가입한 *** ** '로맨스 스캠 피해자 모임' 에 피해자 글은 계속 올라오고 있습니다.
사기 당한지 3개월이 지나고 있습니다. 경찰은 아직도 조사중이라고 말하고있고
가망성이 없고 범죄자들 심리는 '이놈들 잘걸렸다, 아무도 못 잡을껄?' 하면서 웃고 있을겁니다.
제가 처음부터 말씀 드린 내용처럼 단계적으로 협박하여 돈을 입금시키는것이 이들의 수법입니다.
현재 **** 오픈채팅방에 채팅환전 사기 피해자들만 70명에 달하며,
*** ** '로맨스 스캠 피해자 모임' 에는 대략 300명정도 피해자가 가입 되어있습니다.
피해자들의 사기금액 액수는 적게는 50만원에서 많게는 1억까지의 피해금액을 보고있고 현재 **** 오픈 채팅방 안에 있는 피해자들의 피해액을 모두 합산하면 대략 140억원 가까이로 추정될거로 봅니다.
제일 안타까운 것은 내 주변에 있는 지인이 표적이 될 수 있다는 것입니다.
처음에 그 사람의 이성을 애타게 찾는 마음을 이용하여 표적이 될 수 있다는 사실말입니다.
*** ** '로맨스 스캠 피해자 모임' 카페내에 다른 사기당한 피해자분의 글을 보았는데 단계적으로 협박해서 1억원 가량의 본인이 가지신 땅까지 팔았다고 합니다. 너무 울분이 터지고 안타까웠습니다.
'채팅환전사기' 를 ﻿개인의 책임을 더 묻는 경향이 있어 범죄로 안보고 있다는 사실이 너무 안타깝습니다.
개인의 돈을 갈취해간것이나 마찬가지인데
대한민국은 국민을 위한 나라 입니까? 범죄자를 위한 나라입니까?
'경찰'의 적극적, 자발적 수사와
'채팅환전사기'를 형법상 피싱사기로 인정, 분류해줄것을 강력히 촉구하고,
세상에 널리 알려져 이슈화가 됐으면 좋겠습니다.
더 이상 절망, 좌절하지 않는 피해자가 나오지 않았으면 좋겠습니다.
""위와 같이 '채팅환전사기' 도 보이스피싱사기와 같이 동등한 법률을 만들어 적용해 주시길 간절히 청원합니다""
 [본 게시물의 일부 내용이 국민 청원 요건에 위배되어 관리자에 의해 수정되었습니다]",335,/19th/www.president.go.kr/petitions/605137
605136,유튜브광고로 사기치는사람들 처벌좀해주세요..,기타,2022-04-12,2022-05-12,kakao - ***,청원종료,"안녕하십니까? 저는 평범한 생활을하는 평범한사람입니다. 유튜브의 사기광고를 접하여 사기를 당하는 중이고, 저뿐만 아니라 많은 순진하고 무고한 시민들이 이와같은 사기성광고로 피해를 입고있는 상황입니다. 이런일에 바보같이 당한 저희들의 탓이 큰거 알고있습니다. 하지만 이렇게 어리숙한 사람들을 악용하여 범죄에 이용하는 사람들이 벌을받아야지 당한사람이지만 당당하게 글을 써내려봅니다. 국가안보에 힘써주시는 청와대소속분들께 간청합니다.. 제가 지금 글쓰고있는 이시간에도 피해자들은 발생하고있습니다.. 도와주세요..",340,/19th/www.president.go.kr/petitions/605136
605135,대형 건설사의 기만행위로 3천여명의 피해가 발생 했습니다.,교통/건축/국토,2022-04-12,2022-05-12,naver - ***,청원종료,"대기업이 공식문서를 통해 보수공사를 약속하였으나 2년이 지나도록 미루더니 결국 하나마나한  생색 내기용 공사로 끝내려 합니다.
공문만으로는 법적 구속력이 없음을 악용하여 3천여명의 입주민과 소유자에게  피해를 입히고 있는  **건설의 악행을 고발합니다.
저는  송파구 **동에  위치한 오피스텔 관리단 관리인입니다
저희 건물은 2013년 7월에 준공되어 2018년 11월에 시공사인 **건설과 5년차 하자를 협상하였습니다.
대부분의 집합건물들과는 달리 실효성 없는 소송대신 건물에 필요한 공용부 시설 보수 공사 및 장비 교체를 하기로 우호적인 합의를 하였습니다.
이 과정에서 가장 심각한 사안이었던 지하 주차장 누수 보수공사를 합의안에 포함하여 시공하려 했으나 협상 상대인 **건설 자회사 ** **** 서비스 담당자가 ‘협상 시기 1년 전인 2017년 6월에 보수공사를 이미 했었기 때문에 1년만에 다시 공사를 하는 것은 불가하다’며 어차피 공사 하자이니 5년차 하자 합의공사가 완료된 이후에 보수 공사를 해 주기로 구두상 합의를 하였습니다.
그러나 막상  5년차 하자 합의공사가 마무리 되던 2019년 6월에 담당자가  구두상 합의한 내용에 대해 잘 기억이 안난다며 슬며시 말을 바꾸려 하여 근거를 남기고자 공문을 요청해서 받았습니다.
국내 굴지의 대기업 건설사인 **건설에서 보낸 ‘공식문서“ 였기에 안심하고 그 약속을 믿었습니다.
하지만  2년이 넘도록 이런 저런 이유로 공사를 미루던 ** **** 서비스는 2021년 7월에  ‘2019년 당시 공사물량과 2년이 지난 지금의 공사물량 차이가 커서 2019년에 조사한 물량대로만 보수가 가능하다’는  어이없는 답변을 내놨습니다
상식적으로  누수 범위는 시간이 가면 갈수록 늘어날 수 밖에 없는 것입니다. 2년전과 현재 물량이 얼마나 차이가 있는지를 먼저 확인하고 상호간에 합의를 했어야 이 또한 “상식”일 텐데  ‘재조사에는 시간과 비용이 많이 소요된다’는 이유로 이마저 거절을 했습니다
“해주는 데로 하던지 싫으면 말라”는 식의 배짱을 부리는 것이었습니다
비가 오고 눈이 올 때면 어김없이  누수가 발생하여 주차한 차량의 단순 오염뿐만이 아니라 석회성분이 함유되어 차량 도장까지 손상시키는 심각한 문제를 발생시키고 
안 그래도 부족한 주차장에 상습 누수로인해 주차를 못하는 구역이 늘어나면서 1300여 세대 입주민들의 불편은 나날이 늘어나고 있습니다
이러한 상황을 합의 이전부터 도합 5년여를 참고 기다렸습니다.
 더 이상은 기다릴 수 없었고 물량 차이가  크더라도 당장의 시급한 상황은 막을 수 있으리라는 판단에 어쩔 수 없이 21년 10월 시공사의 불합리한 조건을 수용했습니다.
2021년 11월, 시공 3일전  ** **** 서비스에서 선정한 보수업체가 사전 현장 조사를 하였는데
 불과 한 시간도 채 안 걸린  샘플 조사만으로 전체 보수 물량의 30%밖에 안 되는  하나마나한 공사라는 사실을 발견하게 되었습니다.
 “시간과 비용이 많이 든다”는 이유를 들어 전문적인 지식이 없는 소비자를 우롱하고  보수업체 담당자 조차 “이런 공사는 하고도 욕먹는다”는 공사를 사전 조사 없이 ** 건설은 강행하려 한것입니다.
공사를 즉간 중단하고 ** ****서비스와는 더 이상 대화가 되질 않아서  2022년 1월 **건설 본사에 공문을 보내며 대화를 시도 하였습니다.
본사는 다를 것이라는 기대와는 달리 공문 접수 확인만 1주일 이상 소요되는 등 무책임한 태도로 일관하더니 결국 **건설 본사는 아무런 답변도 없었으며  두 달여 만인 2022년 3월  ** **** 서비스에서 “ 기존 방침과 변경없다‘는 전화 한통만 왔습니다.
다른 방법이 있는지, 법으로 해결할 수 있는지  업계 관계자는 물론 변호사 자문까지 받아 보고 나서야  “대기업을 믿는 관련 경험이 부족한 소비자들을 우롱하는 “통상적인 수법”이며 수많은 피해자가 있다“는 
사실을 알게 되었습니다
이는 단순히 저희 오피스텔만의 문제가 아니라
대형 건설사가 순진한 소비자들을 우롱하는 우리나라 전체의 고질적인 병폐입니다.
저희 오피스텔을 계기로 대형 건설사들이 상식을 벗어나고 법의 허점을 이용하지 못하도록
나아가서
적어도 저희 자식들은 힘 있는 자들에게 휘둘리지 않고 
공정한 대한민국에서 상식적으로 살아 갈 수 있도록  도와주십시오.
 [본 게시물의 일부 내용이 국민 청원 요건에 위배되어 관리자에 의해 수정되었습니다]",156,/19th/www.president.go.kr/petitions/605135
605134,검찰수사권박탈 검수완박 반대 합니다,정치개혁,2022-04-12,2022-05-12,twitter - ***,청원종료,"만약 검찰 수사기능이 폐지된다면 검찰총장인 저로서는 더는 직무를 수행할 아무런 의미가 없습니다
검찰이 수사를 못 하게 되면 범죄자는 처벌되지 않고, 피해자의 고통은 늘어나며 부패, 기업, 경제, 선거범죄 등 중대범죄 대응은 무력화된다. 결국 검찰 제도가 형해화되어 더는 우리 헌법상의 검찰이라 할 수 없습니다
그러면서 ""형사사법절차를 하루아침에 바꾸는 것은 극심한 혼란을 가져온다""면 서 ""이런 중요한 제도 변화는 국민적 공감대를 바탕으로 충분한 논의를 거쳐합니다
비리 부정부패 천지로 만드는 거죠
재벌, 정치꾼들, 조폭 들 맘껏 활개치고 범조 저지르라는 것이죠
한마디로 부정부패 하라는 얘기인데 어이가 없습니다
오랜 기간 작동해 온 형사사법체계의 혼란을 야기해 국가와 국민에게 막대한 비용과 불편을 안기게 될 것입니다
이들 단체 역시 ""사건을 심리하지 않은 판결권이 존재하기 어렵듯이 수사권이 완전히 분리된 기소권도 비현실적""이라며 ""정치인들이 정파적 이해관계에 함몰돼 정치검찰 운운하면서 검찰로부터 수사권을 완전히 박탈하는 것은 몰염치의 극치 입니다
제발  검수완박 반대 합니다 
제발 민주당은 이상한 떼법 좀 만들지 말아주세요
임기 끝나니깐 검찰수사권 막을려는 이유는 뭐죠 뭔가 찔리는 거라도 있으신지","124,463",/19th/www.president.go.kr/petitions/605134
605133,포털뉴스의 청탁금지법 적용을 촉구합니다.,경제민주화,2022-04-11,2022-05-11,twitter - ***,청원종료,"포털뉴스의 사회적 책임 제고를 위하여 청탁금지법 개정 조치를 취해 주시기 바랍니다. 뉴스이용자이자, 국민의 한 사람으로서 21대 국회와 당국에 촉구합니다. 
기울어진 미디어 운동장을 바로 잡지 않으면 우리 사회의 공정성은 더 이상 발전할 수 없습니다. 가장 큰 뉴스권력인 포털사를 청탁금지법에서 제외시킨 것은 지난 박근혜 정부 시기입니다. 당시의 정부여당과 국회의 책임방기에 여전히 깊은 실망감을 금치 못합니다. 더 늦기 전에 21대 국회는 청탁금지법을 개정하여 포털사 임직원들의 공정성, 투명성, 정치권력, 경제권력 등으로부터의 독립성을 강화하는 사회적 책무를 다할 수 있도록 바로 잡아야 할 것입니다.
그 이유는 다음과 같습니다.
포털은 신문법, 언론피해구제법, 공직선거법 등에 따른 법 규정을 적용받고 있습니다. 그럼에도 불구하고 포털은 수혜는 누리면서 막강한 매체로서 사회적 책임을 외면하고 있습니다.
그 대표적인 것이 바로 첫째 청탁금지법 적용 제외의 특권입니다. 둘째 공직선거법에서 인터넷언론사 등으로 규정되어 선거법 광고 게재가 가능한 포털사는 선거 시기 막대한 금액의 선거 광고를 수주하여 이익을 극대화하고 있습니다. 너무 모순적입니다. 공직선거법에서는 인터넷언론사와 같이 규정해 선거광고의 수혜를 주면서, 청탁금지법에서는 언론사 조항에서 빼버린 것입니다.
정치권력, 경제권력 등이 그들과 관련된 기사에 대해서 포털에 전화를 걸어 기사를 내리거나 제목을 바꾸어 버리거나 했던 일은 공공연한 비밀입니다.
작은 인터넷신문사도 청탁금지법을 적용받는데 막강한 포털뉴스권력인 포털사는 뉴스편집과 뉴스 유통을 다루는 임직원, 포털사의 경영진, 정치권 등에 접촉을 담당하는 대관업무 직원 등 그 어떤 누구도 청탁금지법이 적용되지 않습니다.
이것은 너무나 큰 차별이며, 포털사에게는 엄청난 특권입니다.
청탁금지법을 이렇게 기형적으로 만든 데에는 과거 박근혜 정부와 과거 국회의 책임이 가장 큽니다.
지금이라도 더 이상 기울어진 미디어 운동장의 대명사격인 포털뉴스의 치외법권 지대를 방치해서는 안 됩니다.
21대 국회는 현재 신문법 및 언론피해구제법 상 ‘인터넷뉴스서비스’로 막대한 언론권력이 되어 버린 ‘인터넷뉴스서비스사업자’인 포털사의 임직원들에 대하여 청탁금지법을 엄격히 적용해야 할 것입니다. 21대 국회는 청탁금지법을 개정해 무소불위의 뉴스권력인 포털뉴스의 공정성과 투명성, 공공성을 제고해야 합니다.
덧붙여 21대 국회는 신문법 등을 개정하여 형식적인 ‘인터넷뉴스서비스사업자’의 준수사항(이명박 정부 시기 개정됨)을 뉴스 이용자 보호, 뉴스 공정성 강화(포털뉴스아웃링크 전면도입 등) 등 사회적 책무를 강화하는 방향으로 대폭 강화해야 함을 촉구합니다.
뉴스권력 개혁 없이는 정치․경제․사회개혁은 미완에 지나지 않을 뿐입니다. 포털뉴스의 사회적 책임을 제고하는 것은 바로 올바른 시장경제 민주화입니다. 한국에서 포털사는 막강한 경제권력이기도 하기 때문입니다.
[관련 법령 설명]
<신문 등의 진흥에 관한 법률>
제2조(정의)
5. “인터넷뉴스서비스”란 신문, 인터넷신문, 「뉴스통신진흥에 관한 법률」에 따른 뉴스통신, 「방송법」에 따른 방송 및 「잡지 등 정기간행물의 진흥에 관한 법률」에 따른 잡지 등의 기사를 인터넷을 통하여 계속적으로 제공하거나 매개하는 전자간행물을 말한다. 다만, 제2호의 인터넷신문 및 「인터넷 멀티미디어 방송사업법」 제2조제1호에 따른 인터넷 멀티미디어 방송, 그 밖에 대통령령으로 정하는 것을 제외한다.
6. “인터넷뉴스서비스사업자”란 제5호에 따른 전자간행물을 경영하는 자를 말한다.
제10조(인터넷뉴스서비스사업자의 준수사항) ① 인터넷뉴스서비스사업자는 기사배열의 기본방침이 독자의 이익에 충실하도록 노력하여야 하며, 그 기본방침과 기사배열의 책임자를 대통령령으로 정하는 바에 따라 공개하여야 한다.
② 인터넷뉴스서비스사업자는 독자적으로 생산하지 아니한 기사의 제목ㆍ내용 등을 수정하려는 경우 해당 기사를 공급한 자의 동의를 받아야 한다.
③ 인터넷뉴스서비스사업자는 제공 또는 매개하는 기사와 독자가 생산한 의견 등을 혼동되지 아니하도록 대통령령으로 정하는 바에 따라 구분하여 표시하여야 한다.
④ 인터넷뉴스서비스사업자는 제공 또는 매개하는 기사의 제목ㆍ내용 등의 변경이 발생하여 이를 재전송받은 경우 인터넷뉴스서비스사업자의 인터넷홈페이지에 재전송받은 기사로 즉시 대체하여야 한다.
<신문 등의 진흥에 관한 법률 시행령>
제3조(인터넷뉴스서비스 제외 대상) 법 제2조제5호 단서에서 “대통령령으로 정하는 것”이란 「전기통신사업법」에 따른 부가통신사업자가 아닌 자가 인터넷을 통하여 언론의 기사를 계속적으로 제공하거나 매개(媒介)하는 전자간행물을 말한다.
(설명 : 포털뉴스를 ""인터넷뉴스서비스"" 및 ""인터넷뉴스서비스사업자""로 법제화한 것은 이명박 정부 당시입니다. 형식적인 ""인터넷뉴스서비스사업자의 준수사항""을 도입하여 포털뉴스의 사회적 책임 제고에 사실상 면죄부를 준 것이나 다름 없었습니다. 신문법 시행령에서 ""인터넷뉴스서비스"" 등록대상을 ""「전기통신사업법」에 따른 부가통신사업자""로만 한정시킨 것 역시 특혜적 조항이라 할 것입니다.)  
<언론중재 및 피해구제 등에 관한 법률>
제2조(정의)
12. “언론사”란 방송사업자, 신문사업자, 잡지 등 정기간행물사업자, 뉴스통신사업자 및 인터넷신문사업자를 말한다.
(설명 : 언론중재 및 피해구제 등에 관한 법률에서 포털뉴스는 “언론사”로 규정받지 않고 있습니다. 즉 청탁금지법이 적용되는 “공직자등”에서 제외되는 특권을 누리고 있습니다.)
<부정청탁 및 금품등 수수의 금지에 관한 법률>
제2조(정의)
1. “공공기관”이란 다음 각 목의 어느 하나에 해당하는 기관ㆍ단체를 말한다.
마. 「언론중재 및 피해구제 등에 관한 법률」 제2조제12호에 따른 언론사
2. “공직자등”이란 다음 각 목의 어느 하나에 해당하는 공직자 또는 공적 업무 종사자를 말한다.
라. 제1호마목에 따른 언론사의 대표자와 그 임직원
(해설 : 포털뉴스는 청탁금지법에서 규정한 “공공기관” 및 “공직자등”에 해당되지 않기 때문에 포털뉴스를 유통해 막대한 이익을 취하고 있는 포털사의 임직원은 그 어떠한 누구도 청탁금지법 적용 대상이 아니게 규정되어 있습니다. 매우 편파적이며 불공정한 법입니다.)
<공직선거법>
제8조의5(인터넷선거보도심의위원회) ①중앙선거관리위원회는 인터넷언론사[「신문 등의 진흥에 관한 법률」 제2조(정의)제4호에 따른 인터넷신문사업자 그 밖에 정치ㆍ경제ㆍ사회ㆍ문화ㆍ시사 등에 관한 보도ㆍ논평ㆍ여론 및 정보 등을 전파할 목적으로 취재ㆍ편집ㆍ집필한 기사를 인터넷을 통하여 보도ㆍ제공하거나 매개하는 인터넷홈페이지를 경영ㆍ관리하는 자와 이와 유사한 언론의 기능을 행하는 인터넷홈페이지를 경영ㆍ관리하는 자를 말한다. 이하 같다]의 인터넷홈페이지에 게재된 선거보도[사설ㆍ논평ㆍ사진ㆍ방송ㆍ동영상 기타 선거에 관한 내용을 포함한다. 이하 이 조 및 제8조의6(인터넷언론사의 정정보도 등)에서 같다]의 공정성을 유지하기 위하여 인터넷선거보도심의위원회를 설치ㆍ운영하여야 한다. <개정 2005. 8. 4., 2009. 7. 31.>
제82조의7(인터넷광고) ①후보자(대통령선거의 정당추천후보자와 비례대표국회의원선거 및 비례대표지방의회의원선거에 있어서는 후보자를 추천한 정당을 말한다. 이하 이 조에서 같다)는 인터넷언론사의 인터넷홈페이지에 선거운동을 위한 광고(이하 ""인터넷광고""라 한다)를 할 수 있다.
(해설 : 포털사는 공직선거법에서 선거 광고를 게재하여 막대한 이익을 취할 수 있는 “인터넷언론사”로 규정되어 있습니다. 청탁금지법에서는 “언론사” 취급을 하지 않는데 말입니다. 이중 특혜를 주고 있는 모순적인 법이 아닐 수 없습니다.)
첨부링크 1 :https://www.law.go.kr/lsSc.do?
 [본 게시물의 일부 내용이 국민 청원 요건에 위배되어 관리자에 의해 수정되었습니다]",911,/19th/www.president.go.kr/petitions/605133
605132,집회방해금지 방지 처벌법을 만들어주세요,정치개혁,2022-04-11,2022-05-11,naver - ***,청원종료,"민주촛불 시민의 한 사람으로서 이렇게
너무 답답하여 국민청원 글을 올려 봅니다
대한민국 국가에선 자유가 보장되는
민주주의 국가입니다 
그러기에 국민의 입장에선 집회를
주최하고 열고하는건 이 또한 
자유 민주국가 이기에 가능합니다
하지만 어느 한 단체를 집회를 방해하고
그 집회를 자신들의 방해로 인해 그 집회를
물거품으로 돌아가게 만들어 무산시키려고
아주 악질적으로 이용하는 집단과 단체가
있습니다  
그 집단은 바로 극우집단 매체들 입니다
현재 검찰개혁과. 언론개혁. 사법개혁.
정치개혁. 미디어법개혁. 포털개혁을
외치는 깨어있는 민주 촛불시민들의
개혁을 부르짓는 목소리를 어떻게든
막기위해 이것을 두고 아주 악질적으로
집회장소에서 방해와 폭력을 일삼는
행동과 언행들을 일삼고 있습니다
저 극우단체들은 그 어떤 집회신고도 없이
그저 민주진영의 집회가 있다면 그것을
그저 방해하고 저지하기 위한 행위로서
집회방해를 서슴없이 저지르고 있습니다
왜 이것이 무한반복이 되는지 확실하게
알아야 한다고 생각합니다
경찰들이 이것을 저지하지 않고
그대로 내버려두는것도 문제이지만
집회신고도 받지 않고 이 극우집단
매체에서 움직이는걸 애초부터 막고
저지해야하는것이 경찰들인데도
그것을 뻔히 바라만보고 있고 전혀
저지 시키려는 모습도 보이지 않습니다
저들이 아무리 이 극우매체들이 
불법을 일삼고 불법적인 방해집회를
하는것도 막지못하는 것은 결국
집회방해 금지 처벌법이 없기 때문이라
생각합니다 
아무리 자유 민주국가라고 하지만
서로가 지켜야할 건 지켜가면서
집회를 해야하는데 이 극우집단
매체들은 아주 대놓고 뻔뻔하게
집회방해를 비롯한 폭력적인 행위나
말들까지도 서슴없이 저지릅니다
한곳에서 집회신고가 받아들여져서
그곳에서 집회가 열리는 장소에서
이 극우집단 매체들이 촛불시민들의
평화의 집회를 방해하기 위한 목적을 위해
같은장소에서 집회를 못하는 법을
강화하는 처벌법이 꼭 필요하다고
생각합니다","1,627",/19th/www.president.go.kr/petitions/605132
605131,"직장 내 괴롭힘에 대한 수사를 하는 경찰수사관, 근로감독관의 수사방식 개선과 직무교육이 절실히 필요합니다.",인권/성평등,2022-04-11,2022-05-11,kakao - ***,청원종료,"안녕하세요. 저는 직장 내 괴롭힘 피해자의 아버지입니다. 피해자로서 너무나 억울하여 ****경찰서, **지방고용노동청에 고소, 진정, 고발을 하였는데 정도를 넘어선 수사관들의 편파수사와 부실수사로 억울한 피해를 당했습니다. 이러한 억울한 피해가 다시는 일어나지 말기를 바라는 마음으로 청원을 하게 되었습니다. 청원 내용이 깁니다. 그래도 끝까지 읽어 주시고 동의하여 주셔서 억울함이 해소되고 다시는 직장 내 괴롭힘이 우리 사회에서 없어 질수 있도록 도와주세요.
저희 딸은 지난 2020년 11월 12일에 대전 ** 소재 장애아전담00어린이집에 작업치료사로 취직을 하였습니다. 그런데, 근무한지 한달여가 지난후부터 치료실장으로부터 부당한 이유로 심각한 괴롭힘을 당했습니다. 이 일을 알게 된 제가 **지방고용노동청에 방문하여 근로감독관님과 상담을 하였는데, 너무나 심각한 괴롭힘이다. 따님분이 걱정된다. 아버님께서 원장과 바로 면담을 하여 가해자 분리등 적법한 조치를 해야 할 것 같다. 그리고, 지금 따님분이 자존감이 많이 하락하였을 것이다. 앞으로의 인생을 위해서 치유를 잘하여 어린이집을 그만두지 말고 근무를 하면서 자존감을 회복하는 것이 중요하다. 라는 따뜻한 조언을 들었습니다. 그날 노동청을 나온 후 바로 원장님과 면담을 하였는데, 너무나 죄송하다. 이런 일이 한 두번이 아니다. 전에도 부모님들께서 찾아 오셔서 항의하셨고 치료실장으로 부터는 다시 이런일이 발생할 시 퇴사하겠다는 경위서도 받아두었다. 근로감독을 제대로 못해 원장으로서 너무나 죄송하다는 말을 들었습니다. 원장으로부터 치유와 가해자와의 분리조치로 2개월가량의 병가를 권유받고 저희 딸은 가족여행, 정신과 치료를 병행하며 열심히 치유에 전념하고 있었습니다. 그런데, 2021.4. 13.일에 원감(피의자)으로부터 전화가 와서 어떠한 위로나 미안하다는 말 한마디 없이 '출근할거야?' 라는 전화를 받았고, 출근 한다하니 인수인계 업무를 해야 하니 언어치료사와 일정을 상의해서 알려달라고만 하고 끊었답니다. 전화통화에서 저희 딸은 원감님이 복직하는 것에 대해 안좋게 생각하는가 보다. 라고 느꼈고, 마음이 많이 불안했지만, 언어치료사와 통화를 하였고, 이때 치료실장과 원장이 그만두었다는 소식을 들었고, 인수인계 날짜를 4월 26,27,28 3일을 정했다고 합니다. 다음날 언어치료사가 원장에게 일정을 전해주었더니, 원장은 저희 딸이 없는 그자리에서 책임감 운운하며 화를 내며 저희 딸을 어린이집으로 나오라고 하였다고 합니다. 저희 딸이 불안한 마음으로 병가중에 나갔더니, 원장 대체작업치료사 언어치료사 저희 딸 이렇게 넷이서 얘기를 하였는데, 이자리에서 원장은 지금 쌤의 개인사정을 봐 줄수 없다. 어린이집 상황과 부모들의 입장에서 생각해야 된다. 쌤이 일할 의지가 있고 책임감이 있으면 솔직히 당장 나와서 일을 해야 된다. 그리고 쌤도 이제 성인이다. 부모님한테 의지하면 안 된다. 라는 모욕적인 말을 들었답니다. 그리고, 대체작업치료사 계약기간과 저희 딸의 병가기간이 4월 30일까지니까 무임금으로 오늘부터 근무를 하라고 강요하였답니다. 그리고 난 후 저희 딸에게 어떻게 생각하느냐고 묻길래 정신이 혼미해진 상태에서 맞는 말인 것 같다고 작게 얼버무리고 바로 일을 하게 되었답니다. 그런데, 너무나 억울하고 직장내 괴롭힘 치유목적인 병가 중에 무임금으로 근무를 하라고 하는 것이 2차 가해가 시작되고 있다고 느끼고 저에게 전화로 더 이상 어린이집에서 일하기가 싫다고 말했습니다. 제가 어린이집에 방문하여 원장에게 직장 내 괴롭힘 피해자로서 힘들어 하는 사람에게 위로나 배려는 못할망정 어떻게 이런 행위를 할 수 있느냐고 따졌고, 원장은 죄송하다. 어린이집만 생각하다 보니 실수했다고 말했습니다. 이와 같은 사실로 며칠 후 저희 딸은 개인의 일신상의 이유가 아닌 2차가해로 인하여 근로환경이 악화되었고, 정신과 치료등 치유를 이유로 어린이집에 사직서를 제출하였습니다. 사용자인 원장의 행위는 범죄사실 자체로도 ‘불리한 처우’에 해당이 되지만, 사실상 해고를 한것이나 다름이 없습니다. 직장생활에서 이보다 치욕적인 불리한 처우가 있을까요?
너무나 억울하여 저는 이 문제를 1차가해자 치료실장은 ****경찰서에 상해죄, 모욕죄로 고소를 하였고, 2차가해자 원장은 **지방고용노동청에 근로기준법 제76조의3 제6항(직장 내 괴롭힘 발생 시 조치)위반으로 진정을 하게 되었습니다. 그런데, 정말 너무나 어이 없게도 수사관과 근로감독관은 피해자 입장에서 수사를 한 것이 아닌 가해자를 배려하며 편파적으로 수사를 하여 피해자가 구제 받을 권리를 방해 받았습니다.
****경찰서 수사관의 위법한 혐의는 다음과 같습니다. 1. 피해자진술조서작성시 저희 딸이 불안한 상태이니 보호자인 아버지가 옆에 앉아만 있겠다 요청했는데 딸이 성인이라는 이유로 강력하게 두 번이나 거부했습니다. 2. 상해죄의 증거인 진단서, 상해의 고의성, 녹취록 등 증거가 충분한데도, 진단서가 상해진단서가 아니어서 증거불충분으로 위반없음 처분을 하였습니다. 3. 피해자진술조서를 자의적으로 허위 작성하여 그 근거로 모욕죄 수사를 배제했습니다.
**지방고용노동청 근로감독관의 부당한 처분은 다음과 같습니다. 1. 진정인이 신고한 진정요지를 피의자에게 유리하게 변경하여 조사를 하였고, 2. 새로들어온 아동이 4명 정도인데 몇 시간이면 될 인수인계 업무를 핑계로 직장 내 괴롭힘 피해자를 괴롭히고 치유목적으로 병가중인 사람을 정당한 사유없이 강제로 출근게 하여 남은 병가기간 동안 무임금으로 근무를 강요한 명백한 '불리한 처우'를 인수인계 업무가 정당한 사유에 해당이 된다고 보았고, '무급 근무지시', '병가기간 중 출근 강요'가 '불리한 처우'기준에 해당한다고 보기 어렵다며 위반없음 처분을 하였습니다. 
저는 근로감독관의 처분이 너무나 억울하여 **지방검찰청에 재수사 요청 진정서를 제출하였고, 담당 검사님께서 직접 전화를 주셔서 진정서를 읽어보니 너무나 억울하시겠다. 따님은 괜찮은지 안부를 물어 주셨고, 근로감독관이 내사종결한 것으로 보인다. 이 사건은 다시 수사할 필요가 있어 보인다. 노동청에 고발을 해달라고 말씀을 해 주셨습니다. 눈물이 날 정도로 고마웠습니다. 그리고, **지방고용노동청에 고발을 하였는데 새로운 담당 근로감독관은 처음 근로감독관보다 더 엉터리로 수사를 했습니다. 고발건에 대한 **지방고용노동청 근로감독관의 위법혐의입니다. 1. 고발건에 대한 피의자 조사를 생략했습니다. 2. 근로기준법 제76조의3 제6항을 피의자에게 지나치게 유리하게 해석하여 수사를 하였습니다. 3. 고발인이 고발한 주요요지인 직장 내 괴롭힘 피해자로서 치유와 가해자와의 분리 조치 목적으로 병가중에 강제로 불러내어 정신적으로 고통을 주었고, 남은 병가기간 동안 무임금으로 근무를 강요하였다는 요지를 자의적으로 왜곡하고 축소하여 사건의 심각성을 은폐하였습니다. 4. 이러한 편파적이고 부실한 수사를 토대로 **지방검찰청에 '각하'처분을 내려 달라고 간청하는 의견서를 제출하였습니다. 검사님의 정확한 사건을 통찰하는 것을 방해했습니다.
저는 이제 1차 피의자, 2차 피의자에 대한 항고장을 검찰청에 제출해야 합니다. 법도 제대로 모르는데 너무나 힘들고 지쳐갑니다. 받아들여지지 않으면 평생을 억울함을 가지고 살아야 합니다. 
직장 내 괴롭힘은 심각한 인권침해입니다. 저희 딸은 정신과 약을 먹지 않으면 밥을 먹을수도 잠을 잘수도 없었습니다. 무서운 생각도 했습니다. 그러나, 잘 이겨내고 열심히 살려고 노력하는 저희 딸이 너무나 이쁘고 고마울 따름입니다. 저희 가정의 평범한 일상은 1년전에 사라졌습니다. 법치 국가에서 상기와 같은 일이 일어났다는 것이 저를 더 힘들게 합니다. 우리 사회에서 직장 내 괴롭힘이 없어 지려면 처음 수사하는 경찰수사관, 근로감독관의 책무가 무엇보다 중요합니다. 수사관들의 올바른 수사의지와 적법한 법적용을 위하여 직무교육이 절실히 필요합니다. 또한, 지금의 직장 내 괴롭힘에 대한 대처 제도가 피해자에게 불리함은 없는지 다시한번 확인하여 주시고 다시는 위와 같은 억울한 일이 발행하지 않도록 도와주세요. 긴글 끝까지 읽어 주셔서 감사드리며, 동의하여 주셔서 저희 가정이 힘을 얻을 수 있도록 도와주세요.
 [본 게시물의 일부 내용이 국민 청원 요건에 위배되어 관리자에 의해 수정되었습니다]",744,/19th/www.president.go.kr/petitions/605131
605130,조국 전장관의 딸 입학당시의 입학생들 모두에 대한 전수조사를 요청합니다,육아/교육,2022-04-11,2022-05-11,kakao - ***,청원종료,"조국 전장관의 딸 입학당시의 입학생들 모두에 대한 전수조사를 요청합니다.
같은 인간인데 차별할 이유도 없고 그렇게 할 때에 비교조사가 정확할 것입니다.
또한 '셜록' 취재에 따르면, 교육부는 교수의 미성년자 자녀 공저자 논문을 다수 발견했지만 후속조치를 미루고 있습니다. 이 중 당시 고교생 저자 여러 명은 **대 교수인 부모의 SCI 논문에 공저자로 이름을 올렸으며 의대 또는 의학전문대학원에 진학했고 현재 의사로 일하고 있습니다.(첨부링크참조)
선택적 정의의 교육부라 하겠습니다.
(﻿https://www.neosherlock.com/archives/15102)
만일 그 시절 교육제도의 한계라 한다면 재심하여 조 전장관 가족의 명예회복을 바랍니다. 또한 정도의 차이도 밝혀져야 할 것입니다. 돌멩이인지 모래인지 먼지인지 미세먼지인지 조작한 먼지인지 말입니다.
그리고 현실적으로 전수조사가 쉽지 않다면 최소한 **관련 재판과 연관된 판사들 검사들은 해주십시오.
또한 이번 신임장관후보자들에게도 동일한 잣대로 조사해주십시오.
아울러 당선인도 대선기간 중에 공정과 상식을 외친 바
법무부 장관 '가족'이라는 것 하나로 봉사 표창장이 입학 취소에 4년 형기가 타당한 사법 판단이자 공정이라면, 나라를 대표하는 대통령 가족으로서 박사 학위논문 표절과 '회원 yuji' 논문에 허위 경력으로 대학 강단에 오른 이에게는 학위 취소와 함께 40년 이상의 형이 우리 사회의 공정이자 사법부 정의를 보여주는 것이 아닐까 생각됩니다.
공정은 균형일텐데 일반인이 아닌 장관이라서 그토록 일가의 검증이 요구된 것이라면, 장관보다는 대통령이 검증에 더 철저해야 할 것입니다.
장관 가족의 학생 봉사 표창장보다 더욱 무게 있는 대통령 가족의 박사 학위 공인 논문입니다. 대학 PC 압수는 물론 70여 차례가 아닌 700여 차례 압수 수색이 있어야 하건만 이번엔 대학에게만 맡기고 있습니다. 표창장에 수개월 달려들었던 수십명의 검사는 어디로 사라졌습니까? 사법부의 천칭은 건재한 것입니까.
부탁의 말씀으로 맺겠습니다. **대 **대총장님들은 교육자의 양심으로 **제자의 입학취소를 철회하여 주시고 문대통령님은 인간적으로도 이성적으로도 법률적으로도 깊은 마음의 빚을 고유권한인 정교수사면으로 갚아주십시오. 수많은 국민들도 눈물로 바라는 바입니다.
그리고 아래 글에도 많이 동의가 되는 바 당장은 어렵더라도 차차 교육제도를 선진제도로 바꾸어 주십시오. 아이들의 생명이 걸린 문제이니 간곡히 부탁드립니다.
[대학 해체의 필요성을 새삼 느끼게 되는 나날입니다. 그들만의 아성을 쌓고 상식이 통하지 않는 권력 향방에 눈치보는 집단이 되었죠.
근대 대학 체제는 200 여년 전이고, 지금은 누구나 갈 수 있는 보편적 고등교육 기관이지만 100년 전만 해도 서양에서도 소수의 엘리트만 허락된 특별한 곳이었죠.
이제 누구나 간다지만 이제 학력과 부의 세습 수단이 되었고, 지원금/연구비 등으로 권력만 바라보는 집단으로 전락했습니다. 특히 사학법으로 보호받고 있는 많은 사학 재단은 사회 적폐이자, 다른 적폐의 보금자리로 역할 하고 있죠.
국민이면 누구나 쉽게 무상으로 들을 수 있게 다시 한번 대학 문화가 바뀌고 확장될 때 같습니다. 대학 해체와 비대면 사이버 교육으로 현 대학 체제를 열린 대국민 평생교육 체제로 바꾸는 것이죠.
대학 서열과 입학을 위한 초중고 획일 교육이나 입시 경쟁도 사라지니 사교육 시장과 인구 감소에도 영향을 주어 보다 건강한 사회가 됩니다.]
 [본 게시물의 일부 내용이 국민 청원 요건에 위배되어 관리자에 의해 수정되었습니다]","20,965",/19th/www.president.go.kr/petitions/605130
605129,아버지가 모더나 2차 접종후 『급성백혈병』 진단을 받아 병원에서 항암치료를 받고 계십니다.,보건복지,2022-04-11,2022-05-11,kakao - ***,청원종료,"안녕하세요 아버지에 큰아들입니다.
아버지는 올해 연세가 만 57세이십니다.
평소 주말에는 어머니랑 산을 타는걸 좋아하셨고,
현장에서 일을 하실 정도로 건강하셨으며, 작년 건강검진에서 아무 이상 없으셨습니다.
하지만 2022년 1월에 모더나 2차 백신을 접종을 받으신 후 부터 조금만 걸어도 숨이 차시고 
몸에 기력이 없으며, 좀처럼 나아질 기미가 보이지 않아 병원을 찾아 갔고 
그후 의사 선생님께서는 '급성골수성 백혈병' 진단을 받아 
2022년 2월10일 전남 화순**병원에 입원을 하셨습니다.
급성골수성백혈병의 원인이 유전적 소인, 흡연, 방사선 조사,
항암제 등의 치료 약제가 원인이 될 수 있는 것으로 설명하고 있습니다.
저희 아버지는 위 사항과 관련이 없어 보이기에 코로나 백신과의 인과성을 의심할 수밖에 없습니다.
의학계에서는 코로나 백신과 백혈병의 상관 관계가 없다고 이야기 하고 
접종 후 백혈병이 발병한다는 사실이 이론과 맞지 않는다는 판단을 하더군요.
하지만 의학적으로 예외적인 경우가 있을 수 있으며
현재의 의학 지식으로 분명히 밝히지 못하는경우도 있지 않을까 생각이 됩니다.
●●●백신 접종후 백혈병에 관한 뉴스 관련자료●●●
◎ 60대母, 코로나 접종 후 백혈병 진단..참담하다
◎ 백신 접종 75일만 숨진 10대 원인은 백혈병..인과성 無 결론
◎ 건강했던 남편, 모더나 맞고 백혈병…20일 만에 사망
◎ ""군복무 중 백신 맞고 급성 백혈병""…고3·퇴직공무원 이어 3번째
정부에선 부작용 발생 시 인과관계가 확인되면 보상해준다며 그러니 믿고 백신을 접종하였습니다
하지만 처음부터 인과관계를 밝혀낼 수 없는 구조이며, 부작용이 발생하여도 
환자나 보호자는 확인할 길도 도움을 받을 곳도 없이 정부 및 기관 어디에도 
서로 미루고 관여하지 않기 때문에 방법이 없습니다.
병원 안에서 고통속에서 싸우고 있는 아버지와 그 옆을 지키고있는 어머니에 고통,
또한 백신접종 후 백혈병에 걸리신 분들에 억울함을 밝혀야 한다고 생각합니다.
계속해서 병원에 백신 접종 후 백혈병에 걸려서 들어오는 환자들이 있다고 합니다.
정부는 더 이상 진실을 외면하려 하지 말고 이에 따른 대책을 하루 빨리 마련해주셨으면 합니다.
긴글 읽어 주셔서 감사합니다.",404,/19th/www.president.go.kr/petitions/605129
605128,국회는 검찰의 수사권 등 제 권리 분산으로 검찰의 부담을 경감시켜 주십시요.,정치개혁,2022-04-11,2022-05-11,naver - ***,청원종료,"국회는 검찰의 수사권 등 제 권리 분산으로 검찰의 부담을 경감시켜 주십시요.
검찰의 오로지 ""조직""만을 위한 행태는 어제 오늘이 아닙니다.
과도한 권력집중은 분산되어야 마땅합니다.
검찰의 비대한 권력으로 인한 부담은 검찰조직 멤버들의 지나친 업무량으로도 연결됩니다.
견제와 균형은 입법•사법•행정부 사이에서이지, 입법•사법•검찰•행정부 사이에서가 아닙니다.
박근혜 정권하 해경이 해체되었을 때 그 조직 누구하나 항명한 적 없습니다.
대한민국의 불법적•초법적•비법적•법외적 만행의 근원지는 바로 검찰조직입니다.
검찰이 국민의 대변자인 국회를 겁박하는 이 쿠데타에 준하는 항명사태(22.4.8 검찰쿠데타)를 수사할 수 없다는 자체도, 얼마나 위험한 것인지 검찰 스스로 잘 증명하고 있습니다.
국회는 법적 안정성을 위하여 4년마다 선출되는 국민의 대표자들로 구성되어 있고, 검찰의 인권침해•전관예우•시장독점으로 부터 국민을 보호해야 할 명명백백한 권한과 책임이 있습니다.
검찰은 임명직 공무원으로 돌아가야 하고, 이번 항명사태의 책임자들에 대해서는 가담자가 검찰 전원이라 하더라도 용서없는 처벌이 이루어지는 것이 공직사회의 기강과 국가 평안의 초석이라고 생각합니다.
검찰출신 국회의원도 조직을 보지말고 국민을 바라보기를 냉혹하게 주문합니다.
국회는 신속•세심•뚝심으로 법안를 다듬어서 통과시키기를 명령합니다.
검찰 조직을 배려하는 퇴행적 수정(무늬만 그럴싸한)에 반대합니다.
김영삼 정권이 육사 하나회를 척결했던 것처럼, 특정 대학이 대다수를 구성하는 현재의 검찰도 척결되어야 마땅합니다.
대한민국은 《민주》 공화국입니다.","1,090",/19th/www.president.go.kr/petitions/605128
605127,"""40세 이상 간호사는 내 선에서 자른다""던 간호팀장을 고발합니다.",인권/성평등,2022-04-11,2022-05-11,naver - ***,청원종료,"""40세 이상 간호사는 내 선에서 자른다""던 간호팀장을 고발합니다.  
 의료업계의 '태움'이 지독하다는 사실은 이미 많은 미디어를 통해 알려져있습니다. 그 중 대다수는 신입 간호사에 대한 기존 간호사들의 폭언과 갑질로 알려져 있으나, 저는 이번 청원을 통해 20년, 30년을 넘게 간호사로 근무한 중년의 경력 간호사를 향한 태움을 고발하고자 합니다. 
 간호사의 삶에서 '경험'이 지니는 가치는 이루 말 할 수 없는 것입니다. 수 많은 환자의 삶과 건강을 책임진 손길과 시간의 두께는 켜켜이 싸여 그 어떤 것으로도 대체 할 수 없는 귀한 자산이 되어줍니다. 
 그럼에도 불구하고 제가 근무했던 병원의 간호팀장은 이러한 '나이' 즉, '경험'을 그저 오래된 것, 가치 없는 것, 의미 없는 것으로 비하하며 ""40세 이상 간호사는 내 선에서 자른다""고 거리낌 없이 이야기했습니다. 
 심지어 이런 발언을 하는 본인 역시도 '40대 간호사'임에도 불구하고 제가 본인이 이끄는 팀에 소속된 팀원이라는 점을 악용하여 저의 자존심을 깎아내리고 비하하였으며, 팀장이라는 위치를 이용해 더욱 교묘하고 악랄하게 저를 고통 속으로 몰아넣었습니다. 
 팀장의 이러한 태움은 비단 나이에 대한 것 뿐만 아니라, 사소하게는 공동이 쓰는 필기구와 같은 비품을 사용하지 못 하게 하여 저의 사비를 들여 구매해 사용하게 하는 것에서부터, 자신의 기분에 따라 매번 달라지고 변경되는 혼란스러운 업무 시스템과 인계 전후로 저를 노골적으로 지목하여 의도적으로 면담 시간을 과도하게 늘려 심리적으로 너덜거리게 만드는 등 아주 다채로운 방법으로 지속되어 왔습니다. 
 그리고 이 모든 것들을 '오늘도 버텨내야 한다'는 강박은 병원에 출퇴근하는 모든 순간을 지옥처럼 느끼게 만들었습니다. 
 또한 다수의 동료 간호사, 환자들이 보고 있는 앞에서 공개적으로 제게 모욕을 주고 망신을 주는 일과 사소한 것에도 불같이 화를 내며 촉각을 다투는 간호업무를 뒤로 하고 시말서를 쓰게 하는 일, 소위 '기를 죽이는' 말투와 표정, 분위기 조성을 통해 저를 억압하고 눈치보게 만드는 일은 제가 사랑하는 간호사라는 직업에 대해 회의감을 느끼게 하고 일에 대한 열정과 능률을 떨어뜨리게 만들었습니다. 
 무엇보다 제가 본인 마음에 들지 않는다고 하여 '그만두라'는 말과 함게 퇴사를 강요했던 날의 기억은 여전히 마음 속 깊게 남아 문득, 문득 떠오르는 고통스러운 상처가 되었으며, 심지어 제가 '그만두라'는 말에 반기를 들자 자신의 수족이 되는 이들에게 '(저를) 내보내는 것에 실패했다'는 말을 하기도 했다는 동료 간호사의 말은 더욱 더 저를 벼랑 끝으로 내몰았습니다. 
 대체 이 모든 것이 환자의 생명을 살리는 간호사들의 리더 즉, 팀장이 휘두를 수 있는 당연한 권리인 건지, 그렇다면 그 권리는 어디서 나오는 것인지, 저의 상식으로는 도무지 이해가 가지 않습니다. 
 제가 팀에 들어갔던 초기, 당시 제가 미움을 받지 않았던 때, 팀장이 요구하였던 ""(본인이 싫어하는 특정 간호사들에 대한) 동태를 파악하여 보고하라""는 명령에 복종하지 않았던 것에 대한 응징인 것인지 아니면 몇 십년을 간호사라는 하나의 직업만 고집하며 걸어온 저의 시간들이 하찮게 느껴져서 그랬던 것인지 저로서는 알 수 없는 노릇입니다. 
 그저 너무나 억울하고 분통하며, 제가 겪었던 이 고통이 얼마나 크고 깊었는지를 팀장이 이해하고 제게 제대로 된 사과를 하길 바랄 뿐입니다.
 현재 저는 팀장의 태움을 견디지 못 하고 다른 병원으로 이직을 한 상황입니다. 하지만 저의 싸움은 끝나지 않았습니다. 팀장이 제게 진실된 사과를 하는 그 날 까지 계속해서 목소리를 내고 이 '태움'이라는 문화가 얼마나 지독하고 잘 못 된 것인지 보다 많은 사람들이 알아줄 때까지 이어나가고자 합니다. 
 약 30년을 간호사로 살며 정말로 행복했고 보람있었습니다. 그리고 앞으로도 제가 버틸 수 있는 날까지 간호사 생활을 이어나가고자 합니다. 그러기 위해서는 이제 막 간호사가 된 새내기 간호사와, 간호사 삶의 중반을 지나가는 청년 간호사, 수 많은 경험을 해온 중년 간호사 모두가 서로 연대해야 합니다. 
 제가 내는 이 목소리가, 저와 같은 일을 겪은 수 많은 이들의 목소리와 합쳐져 보다 건강하고 희망적인 간호생활에 보탬이 되기를 희망합니다. 
 태움은 없어져야 합니다. 모든 간호사의 삶은 소중합니다.",882,/19th/www.president.go.kr/petitions/605127
605126,입법부의 정당한 입법 절차를 무력시위로 막는 정치검사들을 공무원법 위반으로 징계를 청원합니다.,정치개혁,2022-04-11,2022-05-11,twitter - ***,청원종료,"국회 입법부는 직접 민주주의로 입법의 권한을 국민에게 위임받은 헌법 기관입니다.
시험을 쳐서 자격을 얻은 검사와 같은 행정 공무원들과는 그 위상 자체가 다릅니다.
0.7% 차이로 대선을 이긴 윤석열 당선자의 무리한 국방부 이전에도 어떤 국방부 행정 공무원들이 
정치적 목소리를 내지 않고 있습니다. 불만 있어도 그것이 행정부 공무원이기 때문입니다.
하지만 이 나라 검사들은 똑같은 행정부 공무원인 주제에 정치인들을 겁박하며,
자신들의 기득권을 지키기 위해서 정치적 발언과 시위를 합니다. 
도대체 누가 이런 권한을 검사에게 주었나요? 국민의 세금으로 공무를 보는 공무원 주제에
그 오만함은 도저히 봐줄 수 없는 상황입니다.
왜 다수의 국민이 검찰 개혁을 지지할까요?
온 국민이 다 알아보는 검사 선배의 ** 행위에 눈 감고
* *** ** ** *** *** **** ****
포렌식 하나 할줄 몰라, 핸드폰도 못 푸는 한심한 자들에게 
누가 이렇게 큰 권력을 주었나요? 
검사들!  당신들도 밤새서라도 이사를 해서 방을 빼라면 빼야 하는 국방부 처럼 
그냥 공무원입니다. 좀 자신들의 직분을 제대로 인지 하기를 바랍니다.
정치적 이슈 마다 소리를 내고 자신들이 가진 권력을 휘들며,
국민에게 위임받는 입법기관을  위협하는 정치 검사들을 공무원 법 위반으로 징계해야 하여
다시는 이 공무원들이 오만 방자하게 까불지 못하게 해야 합니다.
 [본 게시물의 일부 내용이 국민 청원 요건에 위배되어 관리자에 의해 수정되었습니다]","6,526",/19th/www.president.go.kr/petitions/605126
605125,중국 상하이 봉쇄로 갇힌 우리 자녀들을 구해주세요,외교/통일/국방,2022-04-11,2022-05-11,naver - ***,청원종료,"중국 상하이에 유학중인 우리 자녀들을 구해주세요
코로나로 인해 상하이 봉쇄가 길어지면서 학교 거주 유학생및
학교 밖 거주중인 학생들이 어려움을 겪고있습니다
집안에 격리된지 3주가까이되면서 이제는 식량도 바닥이고 온라인구매도 어려운상태에 봉쇄기간조차
기약없이 연장되어 우리 자녀들이 불안감에 힘들어하고있습니다
중국에서 생활하는 교민들조차도 감당하기 힘든 이상황을 우리 자녀들은 겪고있다고 생각하니
부모로서 아무것도 할수없는것에 가슴이 아픕니다
공항과 역이 운영된다고하더라도 집밖으로 나갈수없는 상황에 한국으로 돌아올수없는 우리자녀들은
코로나 양성이면 어딘지도 모르는곳으로 끌려간다는 공포속에서 하루하루 버티고있습니다
이렇게 대도시가 갑자기 봉쇄되는 상황에 어렵고 힘드시겠지만
하루하루 고통속에 살고있는 우리 자녀들을 한국으로 데려올수있게 노력해주시길 간곡히 부탁드립니다
핵산검사후 음성인 경우는 데려올수있는 방법은 없을까요?
장기화되면 식료품이나 구호물품의 지원은 계획되어있을까요?
코로나 양성일 경우 자국민관리에 대한 방안이 있을까요?
어디에도 앞으로 지원과 대책을 찾아볼수가없어 답답합니다
내자식이라고 생각하시고 온힘을 다해 노력해주시기 부탁드립니다.","5,364",/19th/www.president.go.kr/petitions/605125
605124,코로나 확진 학생 영어듣기평가 점수 산출방법,육아/교육,2022-04-11,2022-05-11,naver - ***,청원종료,"수요일에 코로나 양성 판정을 받고 지금 격리 중에 있는 고등학교 1학년 학생입니다. 다음주 화요일이 마지막 격리 날인데 그 날 고등학교 1학년 전국영어듣기평가가 예정되어 있어 시험을 칠 수 없게 되었습니다. 중학교 이후 여태껏 친 영어듣기평가 모두 100점이었고 의예과를 지망하기에 수행평가에 들어가는 영어듣기평가를 좀처럼 무시할 수가 없는 노릇입니다. 그러나 국가에서는 코로나 양성 판정을 받은 학생의 시험 점수는 학년 평균으로 들어간다라며 우리가 우리의 힘으로 할 수 있는 것이 없도록 하였습니다. 중간고사, 기말고사도 마찬가지일 뿐더러 사실상 집에서 이루어지는 온라인 수업도 원활치가 못합니다. 학생의 교육권을 저버리지 마세요. 저한테는 너무나도 간절한 매 수업시간이고 매 시험입니다.",323,/19th/www.president.go.kr/petitions/605124
605123,소상공인 방역지원금 지급 도와주세요,보건복지,2022-04-11,2022-05-11,naver - ***,청원종료,"현재 방역지원금 1차(100만원)는 부지급통보를 받았으며,
2차(300만원)은 접수중인 상태로 한없이 기다리고만 있읍니다.
1차, 2차 지원금의 지급기준은 
2020년도 11월, 12월매출보다 
2021년 11월, 12월 매출이 감소한 사업체가 대상이였었고
저같은 경우는 확인지급 대상이였던지라, 
사업자등록증과 부과세과세표준증명원을 첨부하여
신청하였읍니다.
지급기준에 해당하니까 신청했었던 것이었고
당연히 별문제 없이 지급되리라 생각했었는데,
1차지원금 신청에 대하여 부지급통보를 받게 되었읍니다.
콜센터에 문의 전화를 해보았읍니다만,
계속 통화중이었고
앉은 자리에서 3시간을 전화걸고 끊고를 반복하다가
겨우 통화를 할 수 있었읍니다.
그리고 돌아온 답변은
부지급처리 된것은 맞으나
왜, 그런것인지는 본인들도 모른다는 것이었읍니다.
아니, 지급기준에 맞는데 왜 부지급이냐고 따져물어보아도
자신들은 그저 모른다는 답변뿐이었읍니다.
안돼겠다 싶어 소상공인센터 대구지점에 전화를 걸어보았지만 
그곳에서도 본인들은 모른다는 대답 뿐이였고
인천지점도 마찬가지였읍니다
그러다 대전 본사 전화번호를 알게되어 그곳에 전화를 걸게 되었읍니다.
그곳의 답변은 이러했읍니다.
국세청에서 넘어온 자료에는 월별 금액이 확인이 되지 않는다며
그렇기때문에 20년도 11월 12월매출과 21년도 11월 12월 매출을 비교할 수 없다는 것이었읍니다.
그리고 확인이 안되기 때문에 부지급 결정을 했다는 것입니다.
저는 어이가 없고 황당했읍니다.
부과세과세증명원 첨부하라고 해서 했건만
확인할 수 없어서 부지급결정 했다고 합니다.
그래서, 2차 신청에는 월별 매출 확인할 수 있도록
20년도 월별 세금계산서와 21년도 월별 세금계산서를 첨부해서 신청했읍니다.
그리고 대전 본사에 전화를 걸어 물어보았읍니다.
이제는 월별금액 확인 할 수 있으니 지급되겠느냐고요
상담원이 이렇게 대답 하던군요.
그래도 안될 거랍니다.
자신들은 국세청 자료만 보고서 판단해야 되기때문에 
안된답니다.
미치고 팔짝 뛸 노릇입니다.
국세청 자료에서는 월별 매출액이 확인이 안된다고 해서
월별 세금계산서까지 보내줬는데
그래도 안된답니다.
지급기준에 들어가는데 
본인들이 확인이 안되다면서 무조건 안된답니다.
내 살다살다 이렇게 무대뽀로 무조건 확인 할 수 없어서 안된다고 하는 관공서 직원 처음봅니다.
이거 아주 간단히 판단 가능한 일이쟈나요
2020년 11월, 12월 매출과 2021년 11월, 12월 매출 비교해서 
감소했으면 지급
그렇지 않으면 부지급
확인할 수 있는 서류로는
부과세과세표준 증명원과 세금계산서
제발 해결 부탁립니다.
소상공인센터는 전혀 말이 통하지를 않읍니다.
1+1=2라고 얘기를 해도
본인들 지침에는 3이라고 나와있기 때문에
어쩔 수 없다고 얘기하는 거랑 뭐가 다릅니까?",317,/19th/www.president.go.kr/petitions/605123
605122,*** *****이 병역특례를 받는 것은 국위선양이 아닙니다!,외교/통일/국방,2022-04-11,2022-05-11,twitter - ***,청원종료,"자랑스러운 대한의 건아 *****이 ****가 되어 대한민국을 수호할 수 있는 기회를 주십시오!
*****의 병역면제를 검토하고 있다는 기사를 봤습니다. 국위선양을 명목으로 대체복무를 한다는 법안을 논의 중이라고 하는데 이는 잘못된 생각입니다. 
 대한민국 헌법에서 국민에게 자유와 책임이 있다고 명시되어 있으며 그 책임에는 국방의 의무가 있습니다. *****이 병역을 면제받아야 한다는 것은 나라를 지키는 일이 현재 하는 일에 방해가 된다는 것과도 일맥상통하는 논리입니다. 나라를 지키는 일은 신체와 정신 모두 건강한 젊은이만 할 수 있는 영광스러운 책무인데 *****이 이런 영광스러운 병역의 의무를 다하는 것을 전 세계에 알리는 것이 면제보다 더 큰 국위선양이라고 생각합니다.
예전의 군대 하면 떠오르는 이미지와 달리 군대도 현재는 많이 선진화되고 개선된 것으로 알고있습니다. 군복무 기간도 2년이 채 안되는 1년 6개월인데 이것을 *****이 어떻게든 피해야만 하는 인생의 걸림돌로 취급하는 것은 옳지 않습니다. *****이 오히려 앞장서서 입대하여 군대가 시간을 버리는 곳, 어떻게든 피해야 하는 곳이라는 인식을 바꿔야 하지 않겠습니까? 
조국을 지켜주는 국군장병들이 없었다면 세계를 호령하는 지금의 *****도 존재하지 않았을 것입니다. 조국을 지키기 위해 국민에게 부여된 책임을 다하는 것이 다른 어떤 것보다 더 우선적으로 국위선양이 될 수는 없습니다. 오히려 *****의 동반 입대를 통해 우리 군의 위상을 드높이고 세계에 한국군 K-****를 널리 알리는 것이 더 큰 국위선양이 아닐까 합니다. 
***의 팬 **로서 요청합니다. ***에게 대한민국을 내 손으로 수호할 수 있는 기회를 제발 뺏지 마십시오. 감사합니다.
 [본 게시물의 일부 내용이 국민 청원 요건에 위배되어 관리자에 의해 수정되었습니다]",409,/19th/www.president.go.kr/petitions/605122
605121,내일부터 당장 투석할 병원이 없습니다. 남편이 투석 받으며 직장 생활 할 수 있도록 해 주세요!!~,보건복지,2022-04-11,2022-05-11,kakao - ***,청원종료,"남편은 직장  생활하며 투석을 받고 있는 50대 평범한 가장입니다. 
현재 투석 환자와 그 가족들은 많은 우울증에 시달리고 있습니다.
시어머님께서 당뇨 합병으로 11년 투석을 하시고 돌아가시기 전 1년 정도 병상에 누워 계시면서도 투석을 받으셔야만 하셨습니다.
남편도 같은 경로로 투석을 하게 되었습니다. 2015년 부터 해오던 투석은 엄청난 고통과 힘듦의 연속이었지만, 어찌보면 시어머님의 선례가 있기에 꿋꿋이 잘 버텨오고 있었습니다.
22년 2월 28일 월요일. 청천벽력.
3월 한 달 간만 야간투석(월수금 10시까지) 투석을 하고 못한다고 합니다. 병원목록을 주고 전화해서 가라고 합니다. 그러나 그 병원들은 남편이 갈 수 없었습니다. 요양병원이나 대학병원 혹은 야간투석을 안 하는 곳, 전원 환자를 안 받는 곳, 즉 현재의 상황으로는 갈 수가 없는 곳입니다.
직장을 그만두고 신장장애인으로서만, 오직 아무것도 하지 못한 채로 투석만 받으며 살아야만 그 병원으로 갈 확률이 높았습니다. 가족들은 그래도 실낱 같은 희망을 가지고 병원들을 찾아 헤매며 전화를  했지만, 돌아오는 대답은 안 된다는 것이었습니다.
어떻게든 살아보고자 새벽6시에 시작인 곳에 5시에 해달라고 하고(새벽 5시~9시까지 4시간 투석받고 9시부터 업무) 월수금은 연차를 써가며 어떻게든 투석을 받으며 내힘으로 버텨보려고 병원을 수소문해서 일단은 4월에 그 조건으로 가보려고 절대 그렇게 할 수 없지만, 그래도 도전해보자 죽기만 더 하겠냐,,이렇게 남편은 되뇌이며 하루하루 날이 다가오고 있었습니다.
3/21 월요일. 투석을 받고 온 남편은 근 1시간은 일찍 왔습니다. 왜 이렇게 일찍 왔냐는 말에, 이제 내일부터 야간 투석 안 한데. 이건 말입니까 방구입니까. 아니 하루도 투석을 받지 않으면 안 된다고 요독이 쌓인다고 신신당부를 하며 먹을 것을 더욱 신경써야 한다고 늘 주의를 주던 병원이 3월 한 달도 아니고, 당장 내일부터 야간투석을 할 수 없다고 합니다.
그럼, 환자는 어떻게 합니까? 응급실로 갑니까?
4월 부터 투석 받을 수 있도록 조치 부탁드립니다. 내 남편 내 아내 내 부모 내 자녀라고 생각하고 자세히 알아보고 구체적으로 살펴보고 방도를 찾아 투석 받게 해 주시기를 바랍니다.
보건복지부에서도 수차례 야간 투석 병원을 만들라고 보건소에 계속 공문이 내려왔다고 하는데, 꿈쩍도 안 합니다.
우리 가족은 어찌 해야 할까요? 손가락을 빨며 살아야 하나요? 복지가 좋은 나라도 좋지만, 장애인이 일 할 수 있도록 청년이 일 할 수 있도록 국민이 본인들이 스스로 일자리를 통해, 합당한 노동을 통해 삶을 사는 것이 진정한 복지국가라고 생각합니다.
간곡히 원래의 자리에서 투석을 받을 수 있도록 해 주시기를 간곡히 재차 부탁드립니다.",274,/19th/www.president.go.kr/petitions/605121
605120,병원의 과잉진료(우리 아버지 사인은 뭔가요?),보건복지,2022-04-11,2022-05-11,naver - ***,청원종료,"우리아버지의 사인은 뭔가요?
아버지는 2022년 3월7일 코로나확진으로 ㅇㅇㅇ병원에 가벼운코로나증상으로 입원하여 일주일간 치료,호전되어
일주일 뒤인 3월14일에 퇴원예정이었으나 갑자기 하루전날
처음듣는 의사가 2~3일 더 치료하면 더 좋아진다는 말에 
연장치료하던중 3월18일 당일 10시경 사망통보.
전날까지 아무런 증상얘기없다가 병원에선 지금까지 정확한 사인도 얘기안하고 심정지로 사망했으니 빨리 장례하라는 말밖에는 병원에서 들은바 없습니다
전날까지 상태가 좋아지셨다가 당일아침에 전화와서 심정지중이고 심장마사지 계속할까요라는
전화가 고작이었는데
처음엔 3~4일전에 퇴원해도된다고했다가
2~3일 더 치료하라고 권유하고 환자관리 잘못해서
갑자기 사망에 이르게하는 병원이 과연 제대로된 병원인가요
코로나환자들을 위해 열심히하는 병원이있는거 반면에
이런 코로나흐름을 타서 필요없는 과잉진료로 돈벌이에 급급한 병원은 없어져야한다고 생각합니다
앞으로 이런 병원은 코로나환자들을 이용해서 치료명목으로 우리아버지와 같은 사례를 당하시는 분이 없어지기위해
과잉진료 부실을 전면조사해야한다고 생각하고
여러관계되는 언론과 뜻을 같이하는 사람과 진실을 밝히기로 하겠습니다",171,/19th/www.president.go.kr/petitions/605120
605119,아동그룹홈 대학생들의 아르바이트 수입으로 인한 기초생활수급비를 국가가 환수하는 제도를 신속히 개선해 주시기를 청원합니다.,보건복지,2022-04-11,2022-05-11,kakao - ***,청원종료,"저는 아동 그룹홈을 경기도에서 2008년에 시작해서 2022년 현재까지 운영하고 있습니다.
2008년부터 우리집 그룹홈 아동들이 함께 가족을 이루며, 동고동락하여 초, 중, 고를 졸업하고 대학생활을 하고 있는 학생이 3명이나 있습니다. 
대학생들은 월 기초생활수급비 563,890원으로 용돈, 학비, 생활비, CDA저축, 청약저축, 보험 등을 납입하면 생활비가 부족한 실정입니다. 
그래서 대학생이 되면 아르바이트를 하게 됩니다.
 시설에서는 매월 CDA저축, 청약저축, 보험금 납입, 월250,000원 용돈지급을 하고 있습니다. 
사실상 월수급비 563,890원으로 한 달을 생활하는 것은 어렵습니다.
대학생 중 1명이 2021년 8월에 아르바이트를 시작해서 4대보험을 가입 했습니다.
2021년 8월 아르바이트 월 급여는 9월6일에 1,052,936원을 받았습니다. 
이 급여로 인해서 2021년 10월 기초생활수급비가 3,790원 나왔습니다. 
학생은 학교생활과 병행해서 아르바이트를 하는 것도 힘든데, 거기다 월 기초생활수급비도 받을 수 없는 것도 부담이 되었습니다. 
현재 2022년 3월까지도 월 기초생활수급비가 월476,390원 나오고 있습니다. 이유는 525,000원을 6개월로 나눠서 환수하는 것입니다. 
그러면 8월 아르바이트비 1,052,936원 수입금에 대해서 9월 기초생활수급비 528,790원을 환수하고, 부족금에 대해서 525,000원을 6개월간 나눠서 환수하고 있습니다. 
결국 아르바이트로 월 급여를 1,052,936원 받고, 국가에서는 1,053,790원을 환수해 가는 것입니다.
국민의 4대보험은 사회보장제도로써 예측하지 못한 일이 발생했을 때 혜택을 받기 위한 사회보장제도입니다. 4대보험 가입조건은 한달 30일 기준으로 근로 일수가 1개월에 8일 이상 근무를 하거나 또는 월 60시간 이상 근무를 하면 가입할 수 있습니다. 
아동그룹홈 대학생들도 이러한 4대보험 혜택을 받고 싶습니다.
국가는 그룹홈 아동들의 자립준비를 위해서 24세까지 아동을 그룹홈에 맡기면서 그룹홈 운영자들이 아동들에 대한 양육 정신발휘와 안정된 자립을 위한 열정에 반하게 그룹홈 대학생들이 아르바이트를 한다고 기초생활수급비를 환수조치 해 가는 것은 벼룩의 간을 빼먹는 격입니다.
국가는 보육원 아동들에 비하여 그룹홈 아동들을 여러 가지로 차별대우 하고 있습니다. 그 중 하나로 보육원은 아동들이 아르바이트를 하더라도 기초생활수급비를 환수조치 하지 않고 있으나 그룹홈 아동들이 성실히 자립을 준비하기 위해 대학생활을 하며 아르바이트 하는 것에 대하여서는 기초생활수급비를 환수조치 하고 있는데, 이는 분명히 시급히 개선해야 할 사항입니다.
아동그릅홈에서는 자립을 준비하는 청소년들이 가난의 대물림에서 해방되도록 계속적인 학업기회 제공과 전문직 자격증 취득을 위해 온갖 노력을 다하고 있습니다. 그러니 그룹홈 지원정책과 그룹홈 대학생들의 복지정책을 마련해 주시기 바라며, 제도 개선이 필요한 사항은 신속히 개선해 주시기 바랍니다.
그룹홈 아동들이 고등학교를 졸업하고, 대학생활과 자립 준비를 위해 아르바이트를 해서 4대보험을 가입할 수 있도록 권장해 주시고, 기초생활 수급비를 환수하는 제도를 시급히 개선해 주시기를 청원합니다. 
2022년 4월 11일
청원인 ***
 [본 게시물의 일부 내용이 국민 청원 요건에 위배되어 관리자에 의해 수정되었습니다]",483,/19th/www.president.go.kr/petitions/605119
605118,요양병원 면회 제한 풀어주세요.,보건복지,2022-04-11,2022-05-11,naver - ***,청원종료,"요양병원 면회 금지 풀어주세요!
와상 환자이며, 기도삽관으로 언어 소통이 불가한 상태로 어머니가 수년째 요양병원에 입원 중이십니다. 
코로나 19 전에는 가족들이 어머니 병간호를 위해 병원을 수시로 방문하여, 어머니 몸 상태를 살피고, 간호도 했지만, 코로나 19 이후 요양병원 방문 자체가 제한되어, 2년이 넘도록 제대로 된 면회조차 못 하고 있는 실정입니다. 
현재까지 정부의 코로나 19 방역 정책 및 병원 권고 사항을 준수하고 있으나, 언제까지 이 상황이 지속될지 알 수 없어 답답한 심경입니다.
고령화 사회에 더해 감염병이라는 위기 상황에서 겪는 혹은 겪게 될 일 쯤으로 치부하기엔 한 가족에겐 크나큰 슬픔이며, 
나이든 부모를 방치한 것 같은 죄책감으로 하루하루가 고통스럽습니다. 
또한, 환자 본인은 다른 가족의 얼굴도 못 보고, 손 한번 잡아볼 수 없는 외로운 처지에 놓여, 사람답게 살 권리와 행복을 빼앗긴 것과 같습니다.
요양병원에서 고령인 환자들 관리라는 명목 하에, 손/발을 침대에 묶어 두는 것은 다반사이고, 
때로는 거칠게 위협적인 말을 하는 것도 듣고, 봐왔기에, 한 번씩 뉴스에 나오는 요양병원 실태 보고를 보면 가슴이 철렁 내려앉습니다. 
그럼에도, 이 글로 요양병원의 부당함이나 잘못을 고발하려는 것도 정부의 시책을 비난하고자 하는 것도 아닙니다. 
요양병원을 포함한 시설 종사자들의 어려움 또한 잘 이해하고 있으며, 그들 대부분이 정성껏 환자를 돌보고 있다 믿고 싶습니다.
비단 요양병원에 계신 저의 어머니뿐 아니라, 다른 어르신들도 자식들로부터 버려진 것 같은 외로움과 소외감을 느끼지 않도록, 
그들이 온전히 가족의 사랑 속에 있다는 것을 느낄 수 있게끔, 대면 면회가 가능하도록 적절한 조치를 마련해 줄 것을 간곡히 요청 드립니다. 
코로나 19를 2군 전염병으로 하향 조정하고, 거리두기를 완화하며, 해외여행 후 격리 면제도 이루어지는 가운데, 
요양병원 면회만을 제한한다는 것은 형평성에도 맞지 않고, 사회적 약자에게 지속된 희생만을 강요하는 것은 아닌지 돌아봐야 할 때라고 생각합니다.
고령의 환자가 코로나에 취약하다는 것을 몰라서 면회 금지 조치를 해제해 달라고 요구하는 것이 아닙니다. 
진정한 세계 최고 방역국가인 만큼, 그러한 취약 시설에서도 적용 가능한 대면 면회 허용 조치 및 대응 규정을 만들 수 있지 않을까요? 
한쪽은 틀어 막고, 다른 쪽은 열어 두면서 사회 정상화, 일상으로의 복귀라고 할 수 있을까요?
병원에 계신 어머니 상태를 저희들 눈으로 직접 보고, 손을 잡아주고, 등을 긁어주고, 얼굴을 맞대고, “외로운 시간 잘 견뎌줘서 고맙다”고 전해주고 싶습니다. 
예외 없이 모두가 늙고, 죽음을 맞이하게 되겠지만, 그 과정이 홀로 쓸쓸하지 않았으면 합니다. 
아픈 부모를 모시는 모든 가족을 대신하여, 거듭 부탁드립니다. 
제발 요양병원 면회 금지 조치 풀어주십시오.",352,/19th/www.president.go.kr/petitions/605118
605117,서울시민 여러분 저는 너무도 억울합니다,교통/건축/국토,2022-04-11,2022-05-11,kakao - ***,청원종료,"서울시민 여러분 저는너무도  억울합니다   *****에서  저는 공탁금도  찾지않았고 행정소송 2022년 4월12일 선고일입니다   인도소송  저는별개인사람들과  묶어서  틀린재판 판결받고는 2022년  3월23일 예고도없이    용역을써서  사람을끌어내고 살림을 몽땅강탈해갔습니다  당시는 몰랐는데 그이튿날부터 아파서 5명이 병원치료받았습니다 집행정지  특별항고로 대법원 올라가있습니다    강제집행항소로 2022년 4월4일 이유서 제출했습니다 서울시민여러분 *****은 건축설계변경 지금합니다 철거허가도  나지않아  공사에 지장주는것도  없는데 무법천지  도정법에서 하는행동하고  있습니다  특별법입니다  주민들의  재산은  협의를해서 층족해야  함에도  재산강탈 살림강탈 무법천지로 협박해서  뺐아가고  많은주민들을  형사예고장을보내  이사가게끔하고  이사비용까지 떼어먹고  파렴치한 행동을 하고있습니다~ 소송중에  어떻게 용역을 써서  용산사건같은 무지막지한 행동을 할수있습니까?저는 약 35년 살은집으로  돌아가기위해 이글을 올리게 되였습니다
 [본 게시물의 일부 내용이 국민 청원 요건에 위배되어 관리자에 의해 수정되었습니다]",157,/19th/www.president.go.kr/petitions/605117
605116,국가인권위원회를 해체해 주십시오,인권/성평등,2022-04-11,2022-05-11,naver - ***,청원종료,"국가인권위원회를 해체해 주십시오
참으로 참담합니다.
다른 것도 아니고 국가인권위원회를 해체해 달라니요.
그러나 지금의 국가인권위원회를 바라보는 우리 국민들은
대한민국에 지금의 국가인권위원회가 존재하지 않는 것이
대한민국의 진정한 인권 신장에 훨씬 더 큰 도움이 되기 때문입니다.
인권이라는 것이 무엇입니까? 사람을 살리는 것이 인권 아니겠습니까?
사람을 죽이는 것이 인권입니까?
국가인권위원회는 우리 국민이 보기에 더 이상 대한민국 국민의 인권위원회가 아닙니다.
지금의 국가인권위원회는 우리 국민은 철저히 외면한 채 외국인우선의 그리고
정작 보살피고 살려야 할 가장 약한 생명에는 무서운 칼을 들이미는 행태를 보이고 있습니다.
그 이유들을 몇 가지 살펴보겠습니다.
진정 인권이라 함은 사람을 살리는 것이 진정한 인권일 것입니다.
1. 낙태의 찬성
 - 우리는 처음에는 눈에 보이지도 않는 모습으로 생을 시작합니다. 그러다 콩알만 해 지고 
손가락 만 해 지며 어느덧 손바닥만 해 지다 너무나 작은 아이로 세상에 태어납니다. 그러나 그것으로 끝나는 것이 아니라 계속해서 자라납니다. 사람마다 다르지만 15년 이상을 자라가고 또 계속해서 죽을 때까지 변해갑니다. 그래서 나이가 들어서 만나게 되면 전혀 못 알아보기도 합니다. 그런데 가만두면 사람이 되는 아이를 다 자라지 않았다는 이유로 죽이게 되는 낙태를 다른 사람, 기관도 아닌 인권위원회에서 얘기한다는 것은 그 자체만으로 그 인권위원회는 존재 가치가 없습니다. 현재의 대한민국은 심지어 선진국에서 사는 사람들도 대한민국에 들어와서 살고 싶은 선진국이 되었습니다. 말 못하는 개들도 병원과 호텔과 장례식까지 치러주는 나라가 되었습니다. 낙태 뿐 아니라 이미 태어난 아이들도 서슴없이 죽이는 일들이 늘어가고 있습니다. 우리 대한민국이 이러한 아이들을 키워낼 능력이 없는 것이 아니라 생각이 없어서 이 아이들을 죽음으로 내몰고 있습니다. 다른 곳은 몰라도 국가인권위원회는 이 아이들을 살려낼 방안들을 끊임없이 연구하고 개발해야하는 기관이지 그 아이들을 죽이겠다는데 손을 들어주는 인권위원회는 대한민국에 더 이상 존재 가치가 없는 것입니다.
2. 동성애 확산과 탈동성애자들을 외면하는 반인권적인 행태
- 진정한 인권은 사람을 살리는 데 있을 것입니다. 동성애가 무엇입니까? 남성과 남성, 여성과 여성의 사랑입니까? 아닙니다. 동성간의 사랑은 우리는 “우정”이라고 부릅니다. 지금도 우리는 우정을 통해서 서로 사랑하며 가족보다 더 끈끈하게 돈독하게 지내는 경우가 허다합니다. 동성애는 동성간의 사랑이 아니라 성관계를 의미합니다. 동성간의 성관계가 정말 정상적인 사고방식에 의한 행동이라고 생각하십니까? 그 결과는 어떻습니까?
탈동성애자들이 나오고 있습니다. 인권위원회가 진정한 인권을 다루는 기관이었다면 탈동성애자들을 찾아가 연구하여 어떻게든 동성애자들을 탈동성애 시키는데 관심이 있었을 것입니다. 그러나 현실은 탈동성애자들에 대해서 전혀 관심이 없고 동성애자들을 탈동성애 시키는 것에 대해서 전혀 관심이 없습니다. 오히려 동성간의 성관계로 인해 에이즈 발병 등 수많은 위험에도 불구하고 진실을 숨기는 역할을 했습니다. 대한민국의 동성간의 성관계는 대부분 남성끼리 이뤄지며 특히 10대에서 20대에 걸친 젊은 남자 아이들이 대부분을 차지하고 있습니다. 이는 질병관리본부의 조사와는 조금 다른 내용으로 이유는 에이즈에 걸린 사람을 대상으로 질문했을 때 동성애에 대해 사실대로 얘기하지 않았던 부분이고 실제 의사선생님과 상담하며 치료의 단계에 들어갔을 때 사실대로 실토해서 생겨난 결과입니다. 동성간의 성관계는 특히 에이즈 뿐 아니라 수많은 성병도 유발하기 때문에 할 수만 있다면 방법만 있다면 여기에서 우리 아이들을 살리는데 힘을 써야하는 
것이 인권위원회의 일 임에도 불구하고 오히려 그 아이들을 방치하고 죽이게 되는 일들을 하고 있습니다. ( 진실임에도 불구하고 알리지 말고 숨겨라 ) 심지어 국가 인권위원회는 인터넷 동성애 사이트를 유해매체에서 빼기까지 했다고 합니다.
3. 차별금지법을 만들어야 한다는 국가인권위원회
국가인권위원회는 끊임없이 “차별금지법”을 만들어야 한다고 주장하고 있고 최근에는 *** 인권위원장은 “외국인 혐오 확산 우려... 차별금지법 조속히 제정해야”한다고 주장했습니다. 앞서 살펴본 것 중에서 차별금지법은 탈동성애 활동도 원천적으로 금지시키게 되는 법입니다. 그리고 "" 대한민국에 무분별한 외국인 유입은 대한민국 국민의 일자리와 임금을 침해하여 서민들의 삶의 질을 떨어트리고 결혼을 할 수 없게 만들고 결국 저출산은 더 심화된다""는 팩트 에 의한 주장도 차별과 혐오가 되어 주장할 수 없게 됩니다.
차별금지법을 반대하는 초기에는 기독교 단체들을 통해 반대 움직임이 있었으나 지금은 수많은 일반 국민들도 “차별금지법”은 “반대금지법”인 것을 알고 반대하고 있는 실정입니다.
이렇게 말로는 “인권”, “인권”을 그렇게 외치지만 오히려 반인권적인 일들을 계속해서 하고 있는 국가인권위원회 아직도 대한민국에 존재하고 있다는 것이 믿기 어려울 지경입니다.
4. 한국인은 혐오하는 국가인권위원회
최근 대구 ***에서 이슬람 사원 건립을 반대하는 주민들을 향해 국가인권위원회에서
“ 주민들의 이슬람 사원 건립 반대하는 민원은 이슬람에 대한 선입관에 의한 근거 없는 민원으로 들을 가치도 없고 이슬람 사원은 계속해서 지어져야 한다”는 취지의 발언을 하였습니다.
이는 대구 ***에서 지어지고 있는 이슬람 사원 건립 반대하는 우리 국민, 일반 주민들은 마치 이슬람에 대해서 제대로 알지도 못하는 미개하고 무식한 사람들 인 것처럼 치부 하였습니다.
이 이야기를 대한민국 사람이 그것도 국가인권위원회에서 했다고는 도무지 믿을 수 없는 발언이었습니다. 백번 양보하여 혹시라도 우리 주민들이 오해하고 잘못했다 손 치더라도 적어도 국가인권위원회라면 대구 ***에서 이슬람 사원을 건립하려는 건축주에게 양해를 구하고 이미 대구 북구청에서는 해당하는 부지를 구매하겠다고 까지 하는 해결책이 나왔으므로 그들을 설득하고 이해시켜 다른 부지에 이슬람 사원을 짓도록 설득시키는 일을 했어야 했습니다. 그리고 그곳에서 피눈물 흘리며 거의 1년 이상 이슬람 사원 건립을 반대하는 주민들을 위로하고 설득하는 것이 국가인권위원회가 해야 하는 일이 아니겠습니까? 그러나 국가인권위원회는 우리 국민들에게 ""근거 없는 민원""이라는 망발을 통해 대한민국 국민들에게 또 주민들에게 반 인권적인 행동을 하였습니다. 너무도 잔인했습니다.
얼마 지나지도 않은 일중에 이란에서 온 난민 *** 이라는 젊은 친구가 있습니다. 그는 대한민국에서 단지 교회를 갔다 왔다는 이유만으로 이란에 돌아가면 사형에 처할 수 있기 때문에 대한민국에 난민신청을 했고 본인 뿐 아니라 아버지까지도 그러한 이유로 난민 인정을 받았습니다. 이미 우리는 법원에서도 이슬람 국가는 타종교를 믿는 사람들의 생명이 위험하다고 판결까지 하였습니다. 그런데 대구 *** 주택가 한복판에 이슬람 사원이 건립되는 것을 반대하는 주민들에게 그분들의 주장은 “ 근거 없는 민원 ”이라는 정말 어처구니없는 이런 망발을 도대체 어떻게 국민들에게 할 수 있는지 도무지 이해할 수도 국가인권위원회에서 이러한 발언을 했으리라고는 상상 조차 할 수 없는 일이 생긴것입니다.
길게 생각할 것도 없이 예멘, 시리아, 아프가니스탄을 통해서 우리는 이슬람의 모습을 똑똑히 보고 있고 난민들까지도 우리나라에 들어와 있습니다. 프랑스에서는 어떤 교사는 참수까지 당하는 일들이 있었습니다. 이는 이슬람 이라는 종교의 폭력성과 위험성과 특히 여성에 대한 인권의식이 얼마나 낮은지 상상속인 아닌 실제 모습으로 우리는 똑똑히 보고 있습니다. 이렇게 명백한 것을 크게 고민해 보지 않아도 알 수 있는 부분을 “ 이슬람에 대한 선입관에 의한 근거 없는 민원 ”
이는 역시 국가인권위원회라는 곳이 더 이상 대한민국에 존재해야할 필요가 없다는 것을 명백하게 드러내 주는 일화입니다.
최근에 강원도 어떤 대학에서는 69명의 외국인 유학생이 우리 여중생을 100여 차례 이상 성폭행한 사건에 있었습니다. 그리고 국가인권위원회에서는 그 어떠한 입장를 단 하나도 발견하지 못하였습니다. 그러나 몽골에서 온 여중생이 폭행을 당한 사건에는 국가인권위원회에서는 “직권조사” 하겠다는 모습을 보면서 우리는 대한민국의 국가인권위원회는 우리 국민을 위한 국민인권위원회가 아니었고 정말 말 그대로 국가인권위원회 수많은 국가를 아우르는 UN과 같은 국가인권위원회 임을 알게되었습니다. 그도 그럴것이 문재인 정부의 초대 국가인권위원회 위원장 ***씨는 국가인권위원회 위원장으로 임명되고 가장 먼저 방문한 곳은 한국인이 아닌 난민신청하며 시위하고 있는 이집트인들을 방문하였습니다.
오히려 우리 국민을 역차별하고 우리 국민에게 비수를 꽂는 국가인권위원회는 우리에게는 이제 더 이상 필요 없는 기관일 뿐입니다.
이러한 국가인권위원회, 소중한 생명을 살리기는커녕 오히려 생명을 죽이는데 가장 앞장서 있는 국가인권위원회는 이제 더 이상 대한민국에 존재할 이유가 없습니다.
국가인권위원회를 이제 대한민국에서 해체해 주시기를 국민의 이름으로 부탁이 아니라 명령하는 바입니다.
 [본 게시물의 일부 내용이 국민 청원 요건에 위배되어 관리자에 의해 수정되었습니다]",591,/19th/www.president.go.kr/petitions/605116
