"번호","제목","처리 기관","신청일","추진상황","조회"
2876,"스마트 국민제보 처리기준","경찰청","2024-01-24","제안심사",3
2875,"암행 순찰차 내구연한 관련 제안 건","경찰청","2024-01-24","제안심사",2
2874,"손목닥터9988 오작동보다 더 큰 문제는 나태한 서울시주무관과 담당메니저","서울특별시","2024-01-23","제안심사",0
2873,"시니어 아미창설","국방부","2024-01-23","제안심사",2
2872,"공격헬리곱터    k5대채권총","국방부","2024-01-23","제안심사",3
2871,"위험성평가 우수사업장 인정 업종 확대 건","고용노동부","2024-01-23","제안심사",8
2870,"결혼 안하는 가장 큰 이유","보건복지부","2024-01-23","제안심사",23
2869,"저출산 퇴치는 이러케","교육부","2024-01-23","제안심사",22
2868,"구직 활동에 대한 채용기업의 피드백 및 사후관리 방안","고용노동부","2024-01-23","제안심사",8
2867,"탄소중립 좋은 일자리로 지장인구 분산 재안서","새만금개발청","2024-01-23","제안심사",4
2866,"다자녀 가구 장학금의 소득구간 산정 문제점","교육부","2024-01-23","제안심사",10
2865,"부부해양경찰 동일지역 근무제도 제안","해양경찰청","2024-01-23","제안심사",0
2864,"장애인 자립생활센터의 모순점","보건복지부","2024-01-23","제안심사",12
2863,"지하철역 구내 에스컬레이터 고장시 개찰구 대합실에 운행중단 내용 게시 필요","서울특별시","2024-01-23","제안심사",5
2862,"공무원들의 인사에 대해서 민원서비스를 받는 민원인이 하도록 제안합니다(국민을 보고 일하는것이 아닌 상사를 보고 일하고 있음)","인사혁신처","2024-01-23","제안심사",10
2861,"보조금 통합 관리 시스템 필요성","기획재정부","2024-01-23","제안심사",9
2860,"행자부 민원제도과로 공무원들의 제 식구 감싸기 못하게 해야함(민원해결 의지가 없는 공무원등 징계해야함)","행정안전부","2024-01-23","제안심사",7
2859,"등 하 굣 길 교통 지도 하는 도우미 복장, 기능성으로 대체해 주세요.","경찰청","2024-01-23","제안심사",8
2858,"구민 자전거 안전보험 가입","대구광역시 수성구","2024-01-23","제안심사",6
2857,"한강공원 망원지구 농구장 환경이 너무 열악합니다","서울특별시","2024-01-23","제안심사",2
2856,"상수나들목 물품보관함 설치","서울특별시","2024-01-23","제안심사",0
2855,"건강보험 관련 민원서류를 <민원처리 운영창구>에서 처리할 수 있도록 개선해 주세요","보건복지부","2024-01-23","제안심사",9
2854,"가족돌봄휴가(자녀돌봄)에 대해 문의드립니다","전북특별자치도 익산시","2024-01-23","제안심사",6
2853,"부산일부에 편중되어 설치되어 있는 자원순환회수 자판기","부산광역시","2024-01-23","제안심사",4
2852,"입으로 복용 또는 인체에 주사하는 약제를 색깔별로 구분했으면 좋겠다","식품의약품안전처","2024-01-23","제안심사",0
2851,"자동차 세가 너무 과 하다","행정안전부","2024-01-23","제안심사",6
2850,"위기 신호 캐치 발굴 방법 제안/  복지 사각 지대의 빈곤 노인과 긴급 보호 필요한 아동 발굴 방법 제안","보건복지부","2024-01-23","제안심사",13
2849,"파주 119 이송.","경기도","2024-01-23","제안심사",2
2848,"웹소설 도서정가제 폐지 철회 민원","문화체육관광부","2024-01-23","제안심사",10
2847,"빈 주차면은 누구나 주차할 수 있는 주차공유서비스","서울특별시","2024-01-23","제안심사",13
2846,"무안 낙지골목 음식 및 가격의 합리적 개선","전라남도 무안군","2024-01-22","제안심사",8
2845,"만나이 통용화를 교육시스템 및 행정업무에도 적용화하여 형평성화","교육부","2024-01-22","제안심사",2
2844,"만나이 통용화를 교육시스템 및 행정업무에도 적용화하여 형평성화","보건복지부","2024-01-22","제안심사",2
2843,"부산시민의 날을 기리는 기념관이 있어야 합니다.","부산광역시","2024-01-22","제안심사",1
2842,"깨스 사용하는 장소에는 발브 자동 잠금장치 의무화를 국가적인 법령 발령","산업통상자원부","2024-01-22","제안심사",5
2841,"공욧자전거 타슈 절취로 사적이용 피해 및 효과적인 회수 개선방안","대전광역시","2024-01-22","제안심사",0
2840,"현재 등유값이 너무 비쌉니다","산업통상자원부","2024-01-22","제안심사",10
2839,"청소년증 필수 발급 변경 제안","여성가족부","2024-01-22","제안심사",8
2838,"초등학교담임도 중등자격증도 자격요건에 맞게해주세요","부산광역시교육청","2024-01-22","제안심사",8
2837,"군 특산물 생산업소의 군 사랑상품권 가맹점 등록 공개","경기도 연천군","2024-01-22","제안심사",0
2838,"증고자동차 자동차세 과다부과 제도개선 건의","행정안전부","2024-01-22","제안심사",8
2837,"상추자도 여객선선착장 변경건","해양수산부","2024-01-22","제안심사",1
2836,"2024년 피씨방 흡연실태","경상남도 양산시","2024-01-22","제안심사",18
2835,"외국원조시 유형적 물질적 지원이 아닌 능력개발지원 위주의 원조 장려 및 시행 제안","기획재정부","2024-01-22","제안심사",1
2834,"재난속보 방송 글외 다양한 방식 제공 활용 필요","경기도","2024-01-22","제안심사",6
2833,"왕의 DNA 사무관 파면 요청","교육부","2024-01-22","제안심사",27
2832,"봉황동 장대 1길 골목길 소방도로 확보를 요청합니다.","충청남도 공주시","2024-01-22","제안심사",0
2831,"수술흔적","보건복지부","2024-01-22","제안심사",6
2830,"수돗물 취수 제안","환경부","2024-01-22","제안심사",9
2829,"현재음식물쓰레기처리개선제안","환경부","2024-01-22","제안심사",14
2828,"편의 주의 나태로 국력낭비","환경부","2024-01-22","제안심사",11
2827,"환경미화원들을 위한 스팀샤워타입 살균기계장치 공급안","환경부","2024-01-22","제안심사",5
2826,"수돗물과다소비대책","환경부","2024-01-22","제안심사",3
2825,"화학물질관리법 안전교육 규정 제도 개선 건의 (교육 주기)","환경부","2024-01-22","제안심사",4
2824,"경기도 공공기관 지포털 공동업무 확대 제안","경기도","2024-01-22","제안심사",3
2823,"국가 예산을 좀먹는 올바르지 않은 사회복지기관 및 사회복지관련 업무에 대한 제안을 드립니다.","보건복지부","2024-01-22","제안심사",3
2822,"정부는 중국 내 탈북민, 왜 수수방관하나?","외교부","2024-01-22","제안심사",6
2821,"난자 냉동 시술비 지원을 제안드립니다.","경기도","2024-01-22","제안심사",5
2820,"사회복지실습과정 변경의 件","보건복지부","2024-01-22","제안심사",9
2819,"중대재해 처벌법 정착을 위한 제언","고용노동부","2024-01-22","제안심사",5
2818,"당진시 관광지 당진시민할인 확대의 件","충청남도 당진시","2024-01-22","제안심사",5
2817,"사회문제 중 노인복지와 일자리 정책의 점검과 그 결과물 자원화 방안 제안","전북특별자치도","2024-01-22","제안심사",2
2816,"어린이 보호구역 포장공사","경찰청","2024-01-22","제안심사",4
2815,"철도공원 옆 시민 수영장 건립 희망합니다.","경상남도 진주시","2024-01-22","제안심사",6
2814,"지역에 주소지를 두지 않았다는 사유로 보건소 임신 기초검사를 거절 당했습니다.","보건복지부","2024-01-22","제안심사",6
2813,"인감등록 장소 다양화","행정안전부","2024-01-22","제안심사",1
2812,"도로명주소 개편에 따른 주민센터 통장 등에 명칭을 변경","행정안전부","2024-01-22","제안심사",3
2811,"무기고 열쇠  관리 시스템 조정","국방부","2024-01-22","제안심사",7
2810,"복지용구사용제한을 풀어주세요","보건복지부","2024-01-22","제안심사",7
2809,"국가 유산정책 기획단  이경훈 차장님 최응천 청장님 나주시 금성관 주차장이나 금남동사무소 뒷편 복원을 늦쳐 주세요","문화재청","2024-01-21","제안심사",2
2808,"해경학과 특채","해양경찰청","2024-01-21","제안심사",6
2807,"저출산 대책","보건복지부","2024-01-21","제안심사",2
2806,"저출산 대책","행정안전부","2024-01-21","제안심사",2
2805,"도로개설","충청북도 충주시","2024-01-21","제안심사",5
2804,"저출산에 관해서","국토교통부","2024-01-21","제안심사",15
2803,"저출산에 관해서","교육부","2024-01-21","제안심사",15
2802,"백신접종일 진료거부권과 삭감에 연관된 자료제출기한","보건복지부","2024-01-21","제안심사",3
2801,"함박산중앙공원 맹꽁이서식지 보존방안","경기도 평택시","2024-01-21","답변완료",5
2800,"대법원장은   법무부장관이  처분한  가사처분을  우선해서  등록하고  이를  증명하게   제안합니다.","법무부","2024-01-21","제안심사",1
2799,"MZ세대의 특성을 살린 교육부 주관의 메타버스 채널 운영 제안","교육부","2024-01-21","제안심사",1
2798,"로스쿨 및 변호사 인원 증원","교육부","2024-01-21","제안심사",23
2797,"로스쿨 및 변호사 인원 증원","법무부","2024-01-21","제안심사",23
2796,"아동수당 대상자 연말정산 자녀 세액공제 제외 개선 제안 건","기획재정부","2024-01-21","제안심사",3
2795,"자녀장려금 소득관련 자녀수에 따라 차등부여 제안 건","기획재정부","2024-01-21","제안심사",2
2794,"저소득측 난방비 대확산을 요청합니다","산업통상자원부","2024-01-21","제안심사",2
2793,"정읍시환경관련 행정 엉망","전북특별자치도 정읍시","2024-01-21","제안심사",3
2792,"공공체육시설 운영 매뉴얼 제공을 위한 제안","문화체육관광부","2024-01-21","제안심사",1
2791,"보이스피싱 방지를 위한 신분증 커버(덮게) 제작 및 배포","행정안전부","2024-01-21","제안심사",5
2790,"긴급출동 신속대응 방안","소방청","2024-01-21","제안심사",1
2789,"대도시 도로변 노란선","소방청","2024-01-21","제안심사",1
2788,"금연건물 단속권 위임","보건복지부","2024-01-20","제안심사",4
2787,"대구지하철 대피선 설치 및 급행운행 민자 BTL제안서","대구광역시","2024-01-20","제안심사",2
2786,"부산지하철 대피선 설치 및 급행운행 민자 BTL제안서 송부","부산광역시","2024-01-20","제안심사",1
2785,"서울지하철 대피선 설치 및 급행운행 민자 BTL제안서 송부","서울특별시","2024-01-20","제안심사",4
2784,"생공감 단원 표창 기준 개선 제안","행정안전부","2024-01-20","제안심사",1
2783,"함양소방서 앞 도로 화단 철거 요청","경상남도 함양군","2024-01-20","제안심사",0
2782,"육해공 3차원 경계강화","국방부","2024-01-20","제안심사",1
2781,"무상우유급식 온라인신청으로 변경요청합니다","대전광역시교육청","2024-01-20","제안심사",1
2780,"개식용 금지법","전라남도 무안군","2024-01-20","제안심사",3
2779,"출산율 문제의식","저출산고령사회위원회","2024-01-20","제안심사",5
2778,"선원 교육","해양수산부","2024-01-20","제안심사",2
2777,"현실에 맞지 않는 행정구역 개편","경상북도","2024-01-20","제안심사",9
2776,"저희 아이는 데산도시나위 증후군 입니다.","질병관리청","2024-01-20","제안심사",3
2775,"지하철 역사 내 및 역사 10미터 내,전동차 안 기독교 포교활동 벌금형 요청","문화체육관광부","2024-01-20","제안심사",1
2774,"버스노선도 기재 추가 필요","부산광역시 북구","2024-01-20","제안심사",0
2773,"버스노선도 기재 추가 필요","부산광역시","2024-01-20","제안심사",0
2772,"행정기관 대학생 아르바이트 자리에 방송통신대 학생도 포함되도록 국립한국방송통신대학교 당국도 적극 협조에 나서야 합니다.","교육부","2024-01-20","제안심사",1
2771,"겨울철 독감예방에 대한 정책과 대국민 홍보를 촉구합니다.","질병관리청","2024-01-20","제안심사",0
2770,"택배 포장지 개선","환경부","2024-01-20","제안심사",6
2769,"한국 자폐성 장애인들의 2021년 기준 평균 연령은 18.3세 평균 수명은 26.5세네요.  그나마 이것도 어느 정도 늘어난 거네요. 2008에는 16.7세, 2013년에는 16.6세, 2018년에는 19.7세로 성인이 되기 전에 죽을 정도","보건복지부","2024-01-20","제안심사",5
2768,"한의사들은 누구보다도 한의원 물리치료실 도입을 원합니다. (그들 방식대로 경영)","보건복지부","2024-01-20","제안심사",1
2767,"용인한숲시티 한숲하늘근린공원 내 나무 밑 일부 경관조명 설치와  환경 개선 바랍니다.","경기도 용인시","2024-01-19","제안심사",2
2766,"사회복무요원 장기대기 문제점","병무청","2024-01-19","제안심사",5
2765,"공직 및 공공기관의 가습기살균제 피해자 유급휴직제 신설","환경부","2024-01-19","제안심사",2
2764,"가습기살균제피해자 의무고용제 실시","환경부","2024-01-19","제안심사",3
2763,"국가보훈부 산하 혈통보존의회청의 창설","국가보훈부","2024-01-19","제안심사",9
2762,"2025아시아 육상선수권 대회 신기록증 세계 최초 제정","문화체육관광부","2024-01-19","제안심사",1
2761,"전기요금(기본요금)제도에 대해 건의합니다.","산업통상자원부","2024-01-19","제안심사",5
2760,"""월경 상점""을 한국에도 '보급화'시키고, 더 나아가... 전 세계로 '보급화'해야 합니다.","교육부","2024-01-19","제안심사",1
2759,"가축 방역활동의 효율성 제고","농림축산식품부","2024-01-19","제안심사",3
2758,"민원처리기관확인","국민권익위원회","2024-01-19","제안심사",2
2757,"군대에서 흔히 무시되는 건축의 중요성","국방부","2024-01-19","제안심사",4
2756,"주민등록증 확인 시 정보 노출","행정안전부","2024-01-19","제안심사",2
2755,"공무원 봉급 계산 페이지를 만들면 어떨까요","인사혁신처","2024-01-19","제안심사",3
2754,"가축사육제한 구역에  정비에 대해서~!","환경부","2024-01-19","제안심사",1
2753,"처벙약 봉투에  제조날짜 필히 표시하기","보건복지부","2024-01-19","제안심사",1
2752,"충북청주시 테크로 폴리스체육시설 제안","충청북도 청주시","2024-01-19","제안심사",11
2751,"지하철 스크린도어 차단벽 설치","서울특별시","2024-01-19","제안심사",17
2750,"부용사거리 영동교옆 하상 내려가는 위험계단","충청북도 영동군","2024-01-19","제안심사",1
2749,"불합리한 대규모 금연구역 설정에 따른 현 흡연인에 의한 불편상황","보건복지부","2024-01-19","제안심사",1
2748,"고등학교전학","교육부","2024-01-19","제안심사",19
2747,"모바일 신분증발급에 주민등록증도 포함해주세요.","행정안전부","2024-01-19","제안심사",3
2746,"개정 증여세에 관련 내용의 시행령 마련","기획재정부","2024-01-19","제안심사",2
2745,"소득분위 상관없이 셋째아 국가장학금 전액지원 제안","교육부","2024-01-19","제안심사",15
2744,"유아 등 어린 자녀 교사의 비연고지 근무책 재고","경기도교육청","2024-01-19","제안심사",5
2743,"지역 내 공원에 강아지 운동장 설치하면 어떨까요?","경기도 김포시","2024-01-19","제안심사",9
2742,"수급자 공공요금에 대하여","산업통상자원부","2024-01-19","제안심사",1
2741,"교실내 CCTV 설치(음성녹음도 가능)","교육부","2024-01-19","제안심사",12
2740,"65세이상 노인지하철 무료이용 개선 방안","보건복지부","2024-01-19","제안심사",4
2739,"세척과 채색으로 개선된 환경조성을 제안합니다.","충청남도 아산시","2024-01-19","제안심사",9
2738,"인터넷 우체국 간편사전접수(등기통상)  안내문 수정","과학기술정보통신부","2024-01-19","제안심사",2
2737,"자연휴양림  숙박비 유공자 유족 할인 적용 요청건","국가보훈부","2024-01-19","제안심사",46
2736,"울산형 랜드마크 리조트와 유람선 관광(동구 대왕암 공원 일원)","울산광역시","2024-01-19","제안심사",58
2735,"울산형 랜드마크 리조트와 유람선 관광(동구 대왕암 공원 일원)","울산광역시 동구","2024-01-19","제안심사",58
2734,"기간제 교사의 신규 임용 및 재 임용권, 교육(지원)청에서 관리해주세요.","교육부","2024-01-19","제안심사",9
2733,"재난대피장소 동네 게시판이나 아파트 게시판/엘리베이트안에 표식하면 좋을 거 같습니다","울산광역시","2024-01-19","제안심사",1
2732,"제주특별자치도의 “지명 유래 조사”를 통한 정보 제공과 활용","제주특별자치도","2024-01-19","제안심사",2
2731,"R&D 예산 삭감으로 오롯이 피해받는 박사들의 실업 문제 구제해주세요","교육부","2024-01-19","제안심사",1
2730,"쇼핑 및 관광객 밀집지역 통행제안","경찰청","2024-01-19","제안심사",2
2729,"고등학교 직통 버스","경상남도교육청","2024-01-19","제안심사",13
2728,"복권운영방법 개선","기획재정부","2024-01-19","제안심사",7
2727,"신생아특례구입자금","국토교통부","2024-01-19","제안심사",38
2726,"강아지 학대, 유기범들 의무기록화 해주세요.","농림축산식품부","2024-01-19","제안심사",6
2725,"국민연금법를 개선및합리화 해주시길 두손모아  간곡히 청원하옵니다","보건복지부","2024-01-19","제안심사",2
2724,"비대면 대출 사기 방지법 // 문자 피싱 방지 제안합니다.","금융위원회","2024-01-19","제안심사",5
2723,"소상공인 및 중소기업과 지방을 활성화시킬 수 있도록 지역화폐 예산을 늘려주시길 부탁드립니다.","행정안전부","2024-01-18","제안심사",1
2722,"대한민국 국민은 대한민국에서 보호받아야 합니다.","국토교통부","2024-01-18","제안심사",8
2721,"최저임금법을 폐지하던지  탄력적 적용을 햅주시기 바랍니다.","고용노동부","2024-01-18","제안심사",2
2720,"저출산 정책 운영 메뉴얼","저출산고령사회위원회","2024-01-18","제안심사",11
2719,"찾아가는 농업기계 폐기 업무대행 서비스 및 면세유류 관리 강화","농림축산식품부","2024-01-18","제안심사",5
2718,"유트브 및 온라인등에 근거 없는 광고물 제재 필요하다고 생각합니다","식품의약품안전처","2024-01-18","제안심사",2
2717,"주차장법(부설주차장) 개정 제안","국토교통부","2024-01-18","제안심사",12
2716,"반려동물의 보험제도 추진","농림축산식품부","2024-01-18","제안심사",9
2715,"인구감소고령화에따른정년연장","고용노동부","2024-01-18","제안심사",14
2714,"경비업법 시행령 제13조 개정","경찰청","2024-01-18","제안심사",17
2713,"보건증 발급을 위한 건강검진 생략","보건복지부","2024-01-18","제안심사",3
2712,"구로구 항동 수직구 지하 고속도로 새벽 공사로 인한 수면장애","국토교통부","2024-01-18","제안심사",14
2711,"미성년자 주류판매 방지대책","여성가족부","2024-01-18","제안심사",6
2710,"죽서루 출렁다리 제안","강원특별자치도 삼척시","2024-01-18","제안심사",4
2709,"저출산 대책의 일환으로 다자녀 가구 자동차세(지방세) 감면 정책을 제안함","행정안전부","2024-01-18","제안심사",20
2708,"버스 정류장 승·하차 태그 설치로 정차 소요시간 단축에 따른 교통 흐름 개선과 버스 내 안전 개선 효과","대전광역시","2024-01-18","제안심사",10
2707,"소상공인정책자금 신청의 문제점","중소벤처기업부","2024-01-18","제안심사",10
2706,"사망자 신분증(운전면허증 포함) 일괄 말소 신청 제도","경찰청","2024-01-18","답변완료",15
2705,"사망자 신분증(운전면허증 포함) 일괄 말소 신청 제도","행정안전부","2024-01-18","제안심사",15
2704,"진짜 약자 노동자를 위한 공정임금설정 지원 정책 제안","고용노동부","2024-01-18","제안심사",10
2703,"건강보험 피부양자 소득요건변경 제안","보건복지부","2024-01-18","제안심사",7
2702,"소규모 사업장 대기배출시설 IoT측정기기 부착완료 통보서 제출 방식 개선","경기도","2024-01-18","제안심사",1
2701,"저출산 고령화 시대에 대한의견","교육부","2024-01-18","제안심사",11
2700,"다가구 주택 피로티 주차장을 금연구역 지정에 포함시켜 주세요~","보건복지부","2024-01-18","제안심사",7
2699,"ROTC 학군단 학자금대출 관련 복지 향상 제안건","국방부","2024-01-18","제안심사",1
2698,"젊을 때는 자녀가 없어도 행복할 수 있지만 나이가 들수록 친밀한 관계의 자녀 그리고 자녀가 낳은 손자 손녀가 있어야 덜 불행하다는 것을 알게 하는 드라마(혹은 영화) 제작 및 상영제안","보건복지부","2024-01-18","제안심사",6
2697,"국민신문고, 정보공개 등 전자 처리 방안에 관한 제안","행정안전부","2024-01-18","제안심사",5
2696,"외부강의 관련 확인 및 회신 공문 확인사이트 제공 필요","국민권익위원회","2024-01-18","제안심사",1
2695,"문화예술사 자격증 비대면으로 취득 가능하게 개편바랍니다.","교육부","2024-01-18","제안심사",6
2694,"공무원 육아휴직자에 대한 인사고과 제도 개선 건의","인사혁신처","2024-01-18","제안심사",5
2693,"다자녀 가정 국가장학금. 부양의무자 기준 변경","교육부","2024-01-18","제안심사",6
2692,"건강보험료 피부양자 요건","보건복지부","2024-01-18","제안심사",6
2691,"해당 부분 도로 개선","강원특별자치도 강릉시","2024-01-18","제안심사",14
2690,"소방시설관리사시험","소방청","2024-01-18","제안심사",7
2689,"지역주택조합 해산에 관련 된 정책제안","국토교통부","2024-01-18","제안심사",12
2688,"(보건의료자원통합신고포털) 의료기기 식약처 허가정보와 보건복지부 품목분류정보 조견표 제공 부탁드립니다.","건강보험심사평가원","2024-01-18","제안심사",6
2687,"보행로설치","경상북도","2024-01-18","제안심사",8
2686,"입맛대로 행정 민원처리 의지부족인 공무원","인사혁신처","2024-01-18","제안심사",15
2685,"감리원배치(신고) 통보","산업통상자원부","2024-01-18","제안심사",11
2684,"인터넷우체국에서 직접 발송 등기서비스 제안","과학기술정보통신부","2024-01-18","제안심사",1
2683,"사회문제 중 노인복지와 일자리 정책의 점검과 그 결과물 자원화 방안 제안ㅁ","서울특별시","2024-01-18","제안심사",1
2682,"편측성 난청도 장애등록 부탁드립니다.","보건복지부","2024-01-18","제안심사",8
2681,"저출산 위기극복 연말정산 자녀 세액공제 개선 제안","기획재정부","2024-01-18","제안심사",2
2680,"도로 환경 개선을 위한 자전거 도로 의무화 제안","국토교통부","2024-01-17","제안심사",3
2679,"'사전 연명 의료 의향서' 서식 이름을 바꿔야 한다,","보건복지부","2024-01-17","제안심사",6
2678,"우체국 무인등기함 수령서비스 실시 제안","과학기술정보통신부","2024-01-17","제안심사",2
2677,"흉부CT촬영시  관상동맥석회화 진단결과를 의무표기 하도록","보건복지부","2024-01-17","제안심사",4
2676,"건널목신호등 전주에 간편한 접이식 의자 설치 필요성","광주광역시","2024-01-17","제안심사",4
2675,"국공립대의 공간 문제 해결","교육부","2024-01-17","제안심사",6
2674,"다목적마을회관건립 및 보행로설치","경상북도 영주시","2024-01-17","제안심사",4
2673,"주식(개인)투자자입니다.. 국방부와 통일부등 대북관련 기관들은 가능한면 자극적인 표현으로 북한과 언쟁하지 맙시다 주식투자자들 너무나 피곤합고 손해가 많습니다","국방부","2024-01-17","제안심사",3
2672,"고금리 성실상환자에 대한 대환대출의 문턱을 낮춰주십시오","금융위원회","2024-01-17","제안심사",4
2671,"국민연금 장애심사 청구시 제출서류 간소화","보건복지부","2024-01-17","제안심사",11
2670,"신임경비교육 간소화 요망","경찰청","2024-01-17","제안심사",2
2669,"부동산 세율 조정과 1.10일 정책의 수정이 필요합니다.","기획재정부","2024-01-17","제안심사",7
2668,"북한의 도발 등 지정학적 불안 해소방안","국방부","2024-01-17","제안심사",1
2667,"여성가족부 누리집 상담,신고,신청란에 자살예방상담전화 안내 홍보(109)","여성가족부","2024-01-17","제안심사",5
2666,"서울시 지하철 안내 방송 엉터리 내용 교정 제안; 초기 임산부---> 임신부로","서울특별시","2024-01-17","제안심사",6
2665,"신호등","경기도 성남시","2024-01-17","제안심사",4
2664,"소상공인정책자금 신청시 불편한점 개선 필요","중소벤처기업부","2024-01-17","제안심사",16
2663,"법령해석 요청권자 범위 확대","법제처","2024-01-17","제안심사",3
2662,"온천천에 있는 화장실에 고유 이름이나 번호 부착해 주세요","부산광역시 연제구","2024-01-17","제안심사",6
2661,"온천천에 있는 화장실에 고유 이름이나 번호 부착해 주세요","부산광역시 금정구","2024-01-17","제안심사",6
2660,"수술서류발급등","보건복지부","2024-01-17","제안심사",3
2659,"출산율 제고방안-초중고 방학 폐지","교육부","2024-01-17","제안심사",10
2658,"의료급여 1종 수급권자에 소득기준을 제외하고 모든 희귀,중증난치환자를 포함시켜 주세요","보건복지부","2024-01-17","제안심사",15
2657,"체위변경처치의 환자 선택권 부여","보건복지부","2024-01-17","제안심사",10
2656,"공중화장실 내 투명한 변기뚜껑 교체 요청","광주광역시","2024-01-17","제안심사",18
2655,"주간보호센터 및 요양원 심폐소생술 교육","보건복지부","2024-01-17","제안심사",12
2654,"건설공사 중인 건축물의 내부 현장사무실 설치관련","국토교통부","2024-01-17","제안심사",1
2653,"연말정산 간소화서비스!","국세청","2024-01-17","제안심사",4
2652,"하대동에서 상평동 강변에 실내자전거 - 송림공원에 있습니다. 를 설치해 주십시요","경상남도 진주시","2024-01-17","제안심사",8
2651,"강북구민을 위한 효율적인 골목길 번호 표지판 제안","서울특별시 강북구","2024-01-17","제안심사",9
2650,"계룡시 탄소중립포인트제도 적극 홍보 제안","충청남도 계룡시","2024-01-17","제안심사",5
2649,"대환대출 문제점","금융위원회","2024-01-17","제안심사",17
2648,"행정정보 활용에 AI를 사용할 수 있도록 행정AI 시스템을 구축해주세요","행정안전부","2024-01-17","제안심사",3
2647,"궁평2 지하차도 시설보수 일정 안내 요청","충청북도","2024-01-17","제안심사",1
2646,"임산부 대중교통 이용 관련 하여 제안드립니다","보건복지부","2024-01-17","제안심사",16
2645,"지질박물관에 타슈 스테이션 설치 요청","대전광역시","2024-01-17","제안심사",1
2644,"우리나라 복지제도!!! 개편 바랍니다!!!","보건복지부","2024-01-17","제안심사",17
2643,"바뀐 한글 받침법의 문제점","문화체육관광부","2024-01-17","제안심사",6
2642,"하남시 유기동물 보호소 위탁에서 직영으로","경기도 하남시","2024-01-16","제안심사",1
2641,"수면제  천국에 빠진  대한민국에  멜라토닌을  otc약품으로  해주세요.","식품의약품안전처","2024-01-16","제안심사",0
2640,"신용회복 지원받는 서민 이자 조정","금융위원회","2024-01-16","제안심사",3
2639,"중등임용고사 의 문제점","교육부","2024-01-16","제안심사",24
2638,"점자블록 활용 열선 설치 방안","광주광역시 북구","2024-01-16","제안심사",4
2637,"강아지 6개월후 분양법 반대합니다.","농림축산식품부","2024-01-16","제안심사",6
2636,"효천지구 통과 버스노선 확대","광주광역시","2024-01-16","제안심사",5
2635,"70세 이상 노인들에게 취득세를 일반세율로 낮추어 주실 것을 제안 드립니다.","행정안전부","2024-01-16","제안심사",12
2634,"의무교육과정과 대학교육과정에 혼전성관계, 마약, 음주, 담배, 음란물 중독 예방교육 실시 및 수강 의무화","교육부","2024-01-16","제안심사",8
2633,"신호등 설치 축소","경찰청","2024-01-16","제안심사",23
2632,"시골학교 통학차량 운행 문제점을 해결해 줄 마을스쿨차량 운행으로 일자리 창출하기","경상북도교육청","2024-01-16","제안심사",1
2631,"알파시티 구역안내도 방향 수정","대구광역시","2024-01-16","제안심사",0
2630,"간선버스 771 덕은지구(으뜸로) 경유 요청","경기도 고양시","2024-01-16","제안심사",0
2629,"(소극행정, 적극행정) 흉부 질환이 진행중인 상태에서 사격훈련이 문제가 될 가능성이 매우 낮다?","국방부","2024-01-16","제안심사",5
2628,"(소극행정, 적극행정) 흉부 질환이 진행중인 상태에서 사격훈련이 문제가 될 가능성이 매우 낮다?","방위사업청","2024-01-16","제안심사",5
2627,"65세 이상 고용보험 적용제외는 인권차별로 개선요청","고용노동부","2024-01-16","제안심사",7
2626,"요양보호사 재가(방문)실습의 문제점 개선요구","보건복지부","2024-01-16","제안심사",21
2625,"주민등록증 발급건의","행정안전부","2024-01-16","제안심사",7
2624,"민원인 보호를 위한 개인정보보호 시스템을 완벽히 구축해 주시기 바랍니다.","개인정보보호위원회","2024-01-16","제안심사",7
2623,"“제주밭담쌓기“ 경진대회를 통한 장인 발굴 및 인증과 전통문화 계승","제주특별자치도","2024-01-16","제안심사",6
2622,"KAIS(주소정보관리시스템) 개선 요청","행정안전부","2024-01-16","제안심사",12
2621,"개인 소형 신축 주택수 제외에 관련(주택공급 확대 및 건설경기 보완-2024년 1월 10일 발표안)","기획재정부","2024-01-16","제안심사",16
2620,"수원 영통쪽에서 서오산IC(안녕IC) 진입을 위해 3,4차로로 가기 전에 평택화성고속도로 교통상황을 안내하고 옆으로 빠지는 길이 있어야 합니다.","국토교통부","2024-01-16","제안심사",4
2619,"돌봄교실 운영의 개선","대구광역시교육청","2024-01-16","제안심사",26
2618,"출산정책은 돌봄/보육기관의 인프라 개선 (도우미 인력 증원, 돌봄시간 확대 등)이 선행되어야 합니다.","보건복지부","2024-01-16","제안심사",10
2617,"장애자녀가 있는 보호자를 위한 특수교육 의무화지원 제안","교육부","2024-01-16","제안심사",12
2616,"근로기준법상 휴게시간","고용노동부","2024-01-16","제안심사",8
2615,"안마도 사슴 문제에 대해 제안드립니다.","국민권익위원회","2024-01-16","답변완료",7
2614,"왜 보육료는 아이의 만나이에 따라 금액이 다른가","보건복지부","2024-01-16","제안심사",12
2613,"양수역 주변 공영 주차장 무료 사용 유지 건의","경기도 양평군","2024-01-16","제안심사",2
2612,"인구감소지역 부활 대책 보완","기획재정부","2024-01-16","제안심사",2
2611,"루게릭환자 가족돌봄","보건복지부","2024-01-16","제안심사",0
2610,"언어사용 순화표현 보급 제안","문화체육관광부","2024-01-16","제안심사",8
2609,"근로자공제협","고용노동부","2024-01-16","제안심사",1
2608,"남녀 군간부 정모의 형태 분리에 관해 개선을 요청합니다.","국방부","2024-01-16","제안심사",6
2607,"인사 사고에 따른 운전면허 제한","경찰청","2024-01-16","답변완료",10
2606,"다자녀 지원제도 개선 필요","보건복지부","2024-01-16","제안심사",6
2605,"영광군 공공 남자화장실 개선","전라남도 영광군","2024-01-16","제안심사",0
2604,"각 시도별 인구유입정책등","보건복지부","2024-01-16","제안심사",7
2603,"주민들을 픽박하는 건설사 이게 말이 되느냐... 좀 중재를 부탁드립니다.","인천광역시 서구","2024-01-16","제안심사",8
2602,"계룡시 시내순환형 마을버스 신설 관련 제안","충청남도 계룡시","2024-01-16","제안심사",9
2601,"북한의 핵위협에 대한 한시적 대한민국 핵무기 보유 제안","국방부","2024-01-16","제안심사",2
2600,"연말정산 장기주택 저당 차입금 취득년도 기준 폐지 요청","기획재정부","2024-01-16","제안심사",4
2599,"상위법 무시하고 없는데 입맛대로 행정하는 공무원들","인사혁신처","2024-01-16","제안심사",18
2598,"이륜차 사용신고제 및 방치차량 개선방법 제안","국토교통부","2024-01-16","제안심사",3
2597,"동부교육처 민원 적당편의 시정","서울특별시교육청","2024-01-16","제안심사",6
2596,"특수교육대상자 교육활동 지원인력 운영 방법 개선","서울특별시교육청","2024-01-16","제안심사",7
2595,"막달 임산부 운전자 장애인 주차장 사용 허가 건의 합니다.","서울특별시","2024-01-16","제안심사",0
2594,"적극 행정 우수사례 수상 경험(해보겠다는 의지 실천)자 자원화 방안 제안","경기도교육청","2024-01-16","제안심사",9
2593,"착한임대인제도","기획재정부","2024-01-15","제안심사",6
2592,"동신고 육교 안전예방에 대한 경관 조명 추가 건의~","광주광역시 북구","2024-01-15","제안심사",2
2591,"울진군의 특색을 반영한 지역 중심의 통합적 교육 및 돌봄 체계 개발","경상북도 울진군","2024-01-15","제안심사",5
2590,"친환경 음식문화 메뉴얼화","농림축산식품부","2024-01-15","제안심사",2
2589,"고령자 맞춤형 재능기부","보건복지부","2024-01-15","제안심사",0
2588,"노인종합복지관 등의 수강료 신용카드 등으로 납부","경기도 고양시","2024-01-15","제안심사",0
2587,"다자녀가정 혜택에 대해서","대구광역시","2024-01-15","제안심사",13
2586,"울산ktx역 內 리무진 버스 정보 표지판 교체의 件","울산광역시","2024-01-15","제안심사",4
2585,"문화컨텐츠 유해성표시 의무제도 및 유해강도에 따른 유해등급기준 마련 (유해성: 음란성, 폭력성, 성혁명사상반영정도 등)","문화체육관광부","2024-01-15","제안심사",4
2584,"양육비이행관리원 전용어플리케이션 보급의 件","여성가족부","2024-01-15","답변완료",14
2583,"고향기부금 활성화를 위한조언","행정안전부","2024-01-15","제안심사",18
2582,"직장건강검진 및 국민건강검진 항목과 검진 안내 의견","보건복지부","2024-01-15","제안심사",17
2581,"해저리에도 기술센터 분점 설치(한시적)","경상북도 봉화군","2024-01-15","제안심사",2
2580,"소형 트랙터 로더 부착","경상북도 봉화군","2024-01-15","제안심사",3
2579,"자전거 등록 강화 및 범죄 예방을 위한 국민 제안","세종특별자치시","2024-01-15","제안심사",1
2578,"한부모 육아휴직 급여 상향 지원 제도 개선의 件","고용노동부","2024-01-15","제안심사",7
2577,"한부모 및 다문화 가족 서포터즈 발족의 件","여성가족부","2024-01-15","제안심사",6
2576,"망운 , 현경면 소재지개발관련","전라남도 무안군","2024-01-15","제안심사",3
2575,"자동차세 연납 신고분 전자송달만 신청, 납부 가능 확대(종이 고지서X)","행정안전부","2024-01-15","제안심사",1
2574,"고양시 반려견 순찰대 개설","경기도 고양시","2024-01-15","제안심사",0
2573,"특수교육대상자 중입 배정 신청 방법 개선 요청(초등남부특수학급자율장학협의회)","서울특별시교육청","2024-01-15","제안심사",4
2572,"제목; 현황 점검과 그 결과물 관리·운영 방안 자원화 방안 제안","전라남도 목포시","2024-01-15","제안심사",3
2571,"스크린파크골프","부산광역시 해운대구","2024-01-15","제안심사",2
2570,"염화칼슘 살포시가로변 중앙분리대 가로수 보호용 보호책 설치비 수십여억원 낭비 가로변,중앙분리대로 튀어가지 않도록 가림막 설치","행정안전부","2024-01-15","제안심사",0
2569,"헌혈 참여도 대폭 높이기","보건복지부","2024-01-15","답변완료",15
2568,"산 정상 인증샷 도움이","경기도 용인시","2024-01-15","제안심사",4
2567,"공동주택 기초생활수급자 음식물쓰레기 수수료 지원방식 개선 요청","대구광역시 수성구","2024-01-15","제안심사",2
2566,"북한 초음속  미사일 성공에  대해  국민  여러분  지금이라도 국민 모두 하나가 되어  우리 나라가  핵을 가지는길만이 북한이 공격 못하기에  이에 동참하여 대한민국을 지키는 일에 일조합시다. 동참합시","외교부","2024-01-15","제안심사",2
2565,"고려병원 주차비 상승","경상남도 진주시","2024-01-15","제안심사",3
2564,"청년 자격시험 응시료 지원사업관련","부산광역시 부산진구","2024-01-14","답변완료",9
2563,"DMC하우스토리향동 사용승인 불허","경기도 고양시","2024-01-14","제안심사",0
2562,"염화칼슘 살포시가로변 중앙분리대 가로수 보호용 보호책 설치비 20여억원 낭비 가로변,중앙분리대로 튀어가지 않도록 가림막 설치","경기도","2024-01-14","제안심사",3
2561,"마약합법화","식품의약품안전처","2024-01-14","제안심사",0
2560,"강원도 아야진 해수욕장 모레 털이 설치 필요함","강원특별자치도","2024-01-14","제안심사",0
2559,"각급 채용 시 면접관(친절, 소양)교육 필수 제안, <장애인 중점>","보건복지부","2024-01-14","제안심사",6
2558,"한글속기 모의테스트 연설문 교체필요","고용노동부","2024-01-14","제안심사",4
2557,"안보 위기가 격화되어감에 따라 전군 장병들의 실전형 맞춤 훈련을 증대시킬 것을 건의합니다","국방부","2024-01-14","제안심사",8
2556,"서민물가 잡자","농림축산식품부","2024-01-14","제안심사",3
2555,"소규모 다중이용시설 이동경사로사업 지원방안","보건복지부","2024-01-14","제안심사",4
2554,"청계천 지상 자전거길 준공원화","서울특별시","2024-01-14","제안심사",0
2553,"홍천/강원 대중교통 이용요금정책","강원특별자치도 홍천군","2024-01-14","제안심사",11
2552,"배우자 공제 제도개선","기획재정부","2024-01-14","제안심사",2
2551,"태국인 불체자 입국제한","법무부","2024-01-14","제안심사",5
2550,"일용직 근로자 건강보험료 처리 행정 낭비","보건복지부","2024-01-14","제안심사",5
2549,"현재 손쉽게 더 늘릴 수 있는 수출품목인 방산수출을 증대하는 또하나의 방법","국방부","2024-01-14","제안심사",1
2548,"EU 규격 전기 플러그의 KR 규격으로 전환용 고정 어댑터 상용화","산업통상자원부","2024-01-14","제안심사",7
2547,"한국은 수출로 먹고 사는데 현재 적자입니다 수출증대시키는 또다른 하나의 방법이 필요합니다.","기획재정부","2024-01-13","제안심사",1
2546,"충북도는 제천스포츠센터화재참사 피해자·유가족 지원문제를 도민들 세금이 아닌, 희망도민들 성금으로 지원하길 요망합니다.","충청북도","2024-01-13","제안심사",1
2545,"흉기난동에 대한 정책제안","경찰청","2024-01-13","제안심사",0
2544,"음주 운전 비율 및 대중교통 이용률 증가를 위한 방안","국토교통부","2024-01-13","제안심사",10
2543,"음주 운전 비율 및 대중교통 이용률 증가를 위한 방안","경찰청","2024-01-13","답변완료",10
2542,"저출산에 대한 국가 기조 변경","저출산고령사회위원회","2024-01-13","제안심사",9
2541,"통합분실물센터를 운영하자","경상남도 창원시","2024-01-13","제안심사",7
2540,"풍무도서관 앞 강아지 울타리 설치요청","경기도 김포시","2024-01-13","제안심사",14
2539,"예천군) 예천천문우주센터 입장료 지역주민(예천군민) 할인 요청합니다.","경상북도 예천군","2024-01-13","제안심사",1
2538,"금융이자 소득세에  부과되는  건보료  제외","보건복지부","2024-01-13","답변완료",3
2537,"겨울 황톳길 비닐하우스 제안","경기도 용인시","2024-01-13","제안심사",2
2536,"은행간 대환대출 활성화를 위한 제도마련","금융위원회","2024-01-13","제안심사",7
2535,"집합건물의 소유 및 관리에 관한 법률 개선 필요 - 시행사, 위탁관리업체 문제 심각 등","법무부","2024-01-13","제안심사",5
2534,"대체육 관련 정책 제안드립니다.","농림축산식품부","2024-01-13","제안심사",7
2533,"무안군 해제면 양간로 터미널로 들어가는 입구 돌계삼거리 옛 그린세차장 앞 도로에 인도개설을 요청 합니다.","전라남도 무안군","2024-01-13","제안심사",3
2532,"장애인에 대한 사면","법무부","2024-01-13","제안심사",4
2531,"2030 통일 개혁의 기치는 달리고 싶다!","통일부","2024-01-13","제안심사",2
2530,"농지 투기행위 근절을 위한 관리강화 및 농지법 개정 요청","강원특별자치도","2024-01-13","제안심사",0
2529,"해운대구 좌동 센트럴파크 아파트 옆  운동기구 추가요청","부산광역시 해운대구","2024-01-13","제안심사",1
2528,"옥외 광고물(현수막 등) 게시시 게시기한 표시로  옥외 광고물 난립 방지","행정안전부","2024-01-13","제안심사",3
2527,"서울시 시민감사옴부즈만 활성화 방안 제안","서울특별시","2024-01-13","제안심사",0
2526,"수제 김치 인증제도 시행","농림축산식품부","2024-01-13","제안심사",2
2525,"레이더망에 안걸릴뿐, 남들 모르게 태어나는 아기들은 어떻게 되나요?","보건복지부","2024-01-13","제안심사",3
2524,"한국정부에서  타인에 대해 제기하는 민원을 접수할 때는  민원제기하는 사람의  인적사항과 제기한 민원내용을 타인에게 공개통지한다는 조건부로  민원을 접수해서   처분하도록  해 주세요","행정안전부","2024-01-13","제안심사",2
2523,"홍성문화원 주변 공원 관리","충청남도 홍성군","2024-01-13","답변완료",2
2522,"수돗물 취수 제안","환경부","2024-01-13","제안심사",4
2521,"묻지마 쓰레기투기","환경부","2024-01-13","제안심사",10
2520,"화목보일러를 펠렛보일러로 교체유도","환경부","2024-01-13","제안심사",5
2519,"불법수술","보건복지부","2024-01-13","제안심사",8
2518,"과감한 규제철폐. 규제혁신으로 흡연인구를 급격히 줄여서  국민의 생명과 건강을 위한 대대적 혁신을 시행해야 합니다.","보건복지부","2024-01-13","제안심사",1
2517,"중산지하차도 공사 마무리에 있어서 위험 요소 점검 요망","경상북도 경산시","2024-01-13","답변완료",18
2516,"범죄사각지대 발견 및 관련법 제개정 공모전 개최 및 정부부처 TF신설 제안","대검찰청","2024-01-13","제안심사",1
2515,"오프라인 제도 꼭 필요한가","행정안전부","2024-01-13","제안심사",1
2514,"학교 셔틀버스","충청남도교육청","2024-01-13","제안심사",8
2513,"전기 콘센트, 멀티탭에 허용 와트(W)로 추가 표기","산업통상자원부","2024-01-13","제안심사",3
2512,"국가보훈등록증","국가보훈부","2024-01-13","제안심사",121
2511,"재혼가정의 애로점 및 개선으로 인한 출산율 향상방안","법무부","2024-01-13","제안심사",5
2510,"김포고촌 양우내안에 공동주택 높이제한 미준수로 사용승인 불가 판정 후 임시사용은 절대 반대 합니다","경기도 김포시","2024-01-13","제안심사",5
2509,"장기주택저당차입금 이자상환액 소득공제에 대한 의견","기획재정부","2024-01-12","제안심사",3
2508,"복지정책","보건복지부","2024-01-12","제안심사",10
2507,"청주시 폐기물 음식물 운반차량 작업시 개선건","충청북도 청주시","2024-01-12","제안심사",2
2506,"농산어촌 소멸위기의 근본원인과 해법","기획재정부","2024-01-12","제안심사",5
2505,"농산어촌 소멸위기의 근본원인과 해법","행정안전부","2024-01-12","제안심사",5
2504,"술 등으로 인한 당뇨사회 극복을 위한 제안","대검찰청","2024-01-12","제안심사",3
2503,"술 등으로 인한 당뇨사회 극복을 위한 제안","보건복지부","2024-01-12","제안심사",3
2502,"술 등으로 인한 당뇨사회 극복을 위한 제안","경찰청","2024-01-12","제안심사",3
2501,"경찰 인력 1 만 명 증원, 잠복근무과의 신설","경찰청","2024-01-12","제안심사",5
2500,"부산 해운대해수욕장 화약축포 대기오염 방지 및 관광객 유치 방안 제안","부산광역시 해운대구","2024-01-12","제안심사",0
2499,"부산 해운대해수욕장 화약축포 대기오염 방지 및 관광객 유치 방안 제안","해양수산부","2024-01-12","제안심사",0
2498,"광주시장 표창패 수상자 사진게첨 제안","광주광역시","2024-01-12","제안심사",3
2497,"사망하신 부모님과 공동명의 차량 명의를 아들 단독명의로 바꿔 주세요","국토교통부","2024-01-12","제안심사",8
2496,"사망하신 부모님과 공동명의 차량 명의를 아들 단독명의로 바꿔 주세요","법무부","2024-01-12","제안심사",8
2495,"근린시설 불법개조 세입자에 대한 세액공제","기획재정부","2024-01-12","제안심사",2
2494,"고령자 효도 택시","경기도 고양시","2024-01-12","제안심사",5
2493,"1mw 이하 소규모태양광규제의 문제점과 개선방안","산업통상자원부","2024-01-12","제안심사",9
2492,"감전사고 제로율을 위한 전선관련 업무용 로봇 개발 및 상용화 계획","산업통상자원부","2024-01-12","제안심사",0
2491,"청황색 등의 시각장애를 앓고 있는 국민에 대한 연금상향 제안","보건복지부","2024-01-12","제안심사",2
2490,"시민을 위한 실내체육시설 오픈 요구","충청남도 당진시","2024-01-12","제안심사",5
2489,"DCC 대전컨벤션센터 반려동물 동반 출입을 허용해 주시기 바랍니다.","대전광역시","2024-01-12","제안심사",2
2488,"소방시설관리사 시험 2차과목 채점방식 개선 제안","소방청","2024-01-12","제안심사",2
2487,"반찬가게 일회용품 사용제한","환경부","2024-01-12","제안심사",8
2486,"의료 붕괴","보건복지부","2024-01-12","제안심사",38
2485,"성남지청2023진정361 이성호 검사 귀에걸면 귀걸이 코에 걸면 코걸이에요? 근로기준법17조에 위배했는데 왜 무혐의에요?","대검찰청","2024-01-12","제안심사",0
2484,"성남지청 이성호","대검찰청","2024-01-12","제안심사",0
2483,"배당기준일 변경방안의 허점과 개인투자자의 혼선","금융위원회","2024-01-12","제안심사",12
2482,"출산장려를 위한 복지정책 건의(수정)","보건복지부","2024-01-12","제안심사",25
2481,"출산 기여 연금제 제도 도입","보건복지부","2024-01-12","제안심사",13
2480,"정신건강 예방을 위한 제안","보건복지부","2024-01-12","제안심사",12
2479,"“국민 체감 못 하는 정책, 없는 정책과 같다”란 사례 자원화 방안 제안","농림축산식품부","2024-01-12","제안심사",6
2478,"노령연금 지급 대상자 변경","보건복지부","2024-01-12","제안심사",30
2477,"복지 수혜자 이력관리시스템 구축","보건복지부","2024-01-12","제안심사",9
2476,"난자얼리기 지원","보건복지부","2024-01-12","제안심사",13
2475,"서울신용보증재단,예비창업가는 창업 시도도 못합니까?","중소벤처기업부","2024-01-12","제안심사",1
2474,"문화관광 진흥과 최소한의 효율의 환경보전 선순환 보장하는 모든 캠핑 구역 규제완화 국가정책","문화체육관광부","2024-01-12","제안심사",1
2473,"한 번 더 다듬은 말을 제안해봅니다.","문화체육관광부","2024-01-12","제안심사",5
2472,"인천 동계 러닝 트렉 비닐 하우스 설치 제안","인천광역시","2024-01-12","제안심사",12
2471,"자동차 품질보증기간 만료일 기준을 개선하자","공정거래위원회","2024-01-12","제안심사",13
2470,"태산 등산로 주차장 정비요","경기도 김포시","2024-01-12","제안심사",4
2469,"국가검진 이상지질혈증","보건복지부","2024-01-12","제안심사",10
2468,"합정역인 지하철 역명을 '헐버트역 (합정역)'으로 변경해주시면 진심으로 가슴이 벅차오르겠습니다.","서울특별시","2024-01-12","제안심사",13
2467,"인테리어 공사시 화재 오경보 방지 및 최소화 방안","소방청","2024-01-12","제안심사",3
2466,"구정휴무문제","인사혁신처","2024-01-12","제안심사",4
2465,"베트남인 의료 사증 발급","법무부","2024-01-12","제안심사",12
2464,"감사한 마음","국세청","2024-01-12","제안심사",1
2463,"출산장려정책","보건복지부","2024-01-12","제안심사",3
2462,"날씨알리미에 제보된 사진·동영상의 기상기후 사진·영상 공모전과 연계한 수상 기회 부여(대변인실)","기상청","2024-01-12","제안심사",1
2461,"새마을의 날 달력 표기","행정안전부","2024-01-12","제안심사",1
2460,"계룡시 입암저수시 시민 접근성 향상 방안 내용 추가","충청남도 계룡시","2024-01-12","제안심사",1
2459,"태전동 태전큰별공원 맞은편 공터를 공원으로 조성제안드립니다.","경기도 광주시","2024-01-12","제안심사",3
2458,"국민체력100 심폐지구력 측정 시간 알림 개선","문화체육관광부","2024-01-12","제안심사",2
2457,"비상안전구 여성 도안 제작을 취소해 주십시오.","소방청","2024-01-12","제안심사",4
2456,"문제의 일방통행 길 이 고통 언제까지","경상남도 창원시","2024-01-12","답변완료",15
2455,"증거자료 녹취서대신에 녹음원본파일 제출 가능","경찰청","2024-01-12","제안심사",3
2454,"정상 운행 차량의 위협 및 위험 지역 개선 필요","경기도 김포시","2024-01-11","제안심사",2
2453,"장애인과 비장애인의 배려","부산광역시 기장군","2024-01-11","제안심사",4
2452,"사회복지시설 종사자 처우개선비에 대한 근로소득 여부 판단","보건복지부","2024-01-11","제안심사",17
2451,"다자녀 자동차세 감면(연간 자동차세)","행정안전부","2024-01-11","제안심사",2
2450,"여권 영문 표기 강제화 불필요서","외교부","2024-01-11","제안심사",4
2449,"어린이집과 영아문화놀이센터","보건복지부","2024-01-11","제안심사",7
2448,"외국인 계절노동자 확대","법무부","2024-01-11","제안심사",21
2447,"소액 물품대금 안전결제빙자 송금사기 근절해주세요","금융위원회","2024-01-11","제안심사",1
2446,"지역주택조합 재개발 동의율 변경의견 입니다.","국토교통부","2024-01-11","제안심사",33
2445,"허수아비 사업자등록을 없애야 합니다","국세청","2024-01-11","제안심사",13
2444,"폐 플랭카드를 활용한 쓰레기 압착기(가정용)","환경부","2024-01-11","답변완료",12
2443,"폐기 의약품 수거함 설치","환경부","2024-01-11","답변완료",18
2442,"플라스틱 빨대 규제 정책 제안","환경부","2024-01-11","제안심사",8
2441,"색깔 있는 스티로폼 용기 제조 규제 방안","환경부","2024-01-11","제안심사",3
2440,"침소봉대(화학물질관리법) 법규를 수정해 주십시요.","환경부","2024-01-11","제안심사",3
2439,"한전고효율 가전제품 구매비용 지원사업 신청기간 연장 제안","한국전력공사","2024-01-11","제안심사",1
2438,"폐안경 반환제도 제안","환경부","2024-01-11","제안심사",4
2437,"고향사랑기부제 개선방안","행정안전부","2024-01-11","제안심사",2
2436,"현금영수증요구시 10% 금액요구 근절대책강구","국세청","2024-01-11","제안심사",2
2435,"장애자녀고용","고용노동부","2024-01-11","제안심사",2
2434,"하수도법 시행규칙 별표7 적용기준 구체화 제안","환경부","2024-01-11","제안심사",5
2433,"국인연금법의 제고","국방부","2024-01-11","제안심사",6
2432,"계룡시 입암저수시 시민 접근성 향상 방안","충청남도 계룡시","2024-01-11","제안심사",1
2431,"봉고 1.2톤 적재함 바닥  구조변경건에대해서","국토교통부","2024-01-11","제안심사",12
2430,"기초단계 지방세 불복에 <심리자료 사전열람제도> 및 지방세 심의위원회 <무기명 투표> 도입 제안","행정안전부","2024-01-11","제안심사",4
2429,"원자력발전기 신기술에 대한 창업자금 신청","중소벤처기업부","2024-01-11","제안심사",11
2428,"감기 등 호흡기 질환 환자 실내 마스크 착용 의무로 해주세요","질병관리청","2024-01-11","제안심사",11
2427,"정보 공개 프로세스 간소화와 사용자 편의를 위한 제안","행정안전부","2024-01-11","제안심사",1
2426,"전세사기 특별법 개정 및 전세사기피해자 결정본 요건 개정","국토교통부","2024-01-11","제안심사",48
2425,"쓰레기 배출 장소 위반에 대한 단속 및 과태료 부과 요청","대전광역시 중구","2024-01-11","제안심사",7
2424,"사회문제 중 노인복지와 일자리 정책의 점검의 결과물 자원화 방안 제안","충청북도 충주시","2024-01-11","제안심사",8
2423,"유아교육과 졸업생을 초등늘봄교사임용 대상자로 확대 운영할 것을 제안합니다.","교육부","2024-01-11","제안심사",12
2422,"장애인주차표지 오부착 관련 벌금조항을 신설해주세요.","보건복지부","2024-01-11","제안심사",14
2421,"공직자통합메일 대용량파일 다운받을수 있게 해주세요.","문화체육관광부","2024-01-11","제안심사",3
2420,"상수도신규설치","환경부","2024-01-11","제안심사",2
2419,"세대주 형식 삭제요청","국토교통부","2024-01-11","제안심사",14
2418,"장애인 활동보조 자기 부담금 자동 통보","보건복지부","2024-01-11","제안심사",16
2417,"육아기 근로시간을 적치하여 필요할때 사용케 하여 근무유연과 육아에 도움","고용노동부","2024-01-11","제안심사",3
2416,"졸업(성적)증명서 재발행 무료서비스 제안","교육부","2024-01-11","제안심사",1
2415,"아파트 화재 발생 시 옥상 대피를 위한 [비상문자동개폐장치] 설치 지원 사업 제안","대전광역시 유성구","2024-01-11","제안심사",5
2414,"공기관 육아 휴직 대체 육아기 단축근로시간을 2시간에서 4시간으로 유급연장","고용노동부","2024-01-11","제안심사",2
2413,"국가균형발전법에 전력망 인프라 분산 규칙 제정","산업통상자원부","2024-01-11","제안심사",1
2412,"교육청 소관 K-에듀파인 검색 기능 강화","교육부","2024-01-11","제안심사",5
2411,"대현동무료주차장설치","울산광역시 남구","2024-01-11","제안심사",10
2410,"해외로 가는 인력이나 유학생들... 관리감독이 잘 되어가고 있나요?","교육부","2024-01-11","제안심사",12
2409,"일반학원의 고정광고물 제거 및 생활안내지 배포함(교차로) 정비 제안","대전광역시 서구","2024-01-11","제안심사",0
2408,"소나무를 살려주세요","전라남도 무안군","2024-01-11","제안심사",10
2407,"그늘 천막 관리 및 활용 확대 제안","대전광역시 서구","2024-01-11","답변완료",7
2406,"정신장애인 선정 기준 완화","보건복지부","2024-01-11","제안심사",0
2405,"가족 관계  기록부등 한국 정부의  가족관계기록 공부를 폐적요구권과 폐적요구된  공부를 무조건 폐적이행해야 됨을  법으로 정해 주세요","법무부","2024-01-11","제안심사",2
2404,"이기대 제2 공영 주차장 출차 시 수동으로 번호 입력 하는게 아니라 카메라 인식을 통해 결제 가능하도록 개선 요청","부산광역시 남구","2024-01-11","제안심사",3
2403,"동물보호법 개정 제안","농림축산식품부","2024-01-11","제안심사",12
2402,"석유,식수,전기,석탄 등등...자원의 양, 파악하고 있나요?","환경부","2024-01-11","제안심사",2
2401,"증여세및 상속세","기획재정부","2024-01-10","제안심사",5
2400,"요즘 아파트화재뉴스를 자주접하면서","소방청","2024-01-10","제안심사",3
2399,"임차인이 전입신고시 임대인(집주인)에게 SNS등의 방법으로 통보","행정안전부","2024-01-10","제안심사",12
2398,"근로시간 개선 (스케쥴 근무)","고용노동부","2024-01-10","제안심사",4
2397,"현수막 게시일정 지정","행정안전부","2024-01-10","제안심사",6
2396,"인턴(계약직)제도 개선하라","고용노동부","2024-01-10","제안심사",2
2395,"유기견이라는 표현을 쓰는 이상 유기 동물 문제는 나아질 수 없음을 알아주세요","문화체육관광부","2024-01-10","제안심사",1
2394,"채용전 급여수준을 공개하라","고용노동부","2024-01-10","답변완료",4
2393,"근로기준법 60조 수정","고용노동부","2024-01-10","제안심사",2
2392,"학교체육관을 인접학교에 다른 용도 체육관을 설립하여 다양한 운동을 할수 있으면 좋겠습니다","경상북도교육청","2024-01-10","제안심사",1
2391,"우편환을 많이받아서","과학기술정보통신부","2024-01-10","제안심사",4
2390,"★문화누리카드 다이소 사용가능을 제안 합니다","문화체육관광부","2024-01-10","제안심사",2
2389,"안녕하세요","문화체육관광부","2024-01-10","제안심사",2
2388,"소만공원 노후 운동기구 교체 및 캐노피 제안","경기도 고양시","2024-01-10","제안심사",1
2387,"근로기준법의 문제점","고용노동부","2024-01-10","제안심사",0
2386,"출산 양육비 지원 개선","보건복지부","2024-01-10","제안심사",20
2385,"주택청약 무주택 기준 완화","국토교통부","2024-01-10","제안심사",18
2384,"이민청","법무부","2024-01-10","제안심사",12
2383,"무안 불무공원 농구코트장 재질을 바꿔주세요","전라남도 무안군","2024-01-10","제안심사",3
2382,"우체국 신설을 신속히 요구합니다.","과학기술정보통신부","2024-01-10","제안심사",6
2381,"혁신적 의료기기의 시장 선진입 체계 마련","보건복지부","2024-01-10","제안심사",10
2380,"교습비 조정 업무 프로세스 자동화 시스템 도입","교육부","2024-01-10","제안심사",2
2379,"관광안내지도 핸드폰 전자서비스 개선을 위한 정책건의","세종특별자치시","2024-01-10","제안심사",13
2378,"기초연금 고급자동차 기준 합리화","보건복지부","2024-01-10","제안심사",10
2377,"난청인들을 위한 음성자막변환 설치 (청각장애인 아닙니다 난청인)","행정안전부","2024-01-10","제안심사",9
2376,"난청인들을 위한 음성자막변환 설치 (청각장애인 아닙니다 난청인)","보건복지부","2024-01-10","제안심사",9
2375,"불합격 통보 의무화","고용노동부","2024-01-10","답변완료",31
2374,"경기도 영유아 유보통합에 따른 교사 자격 동등 인정 지침 마련 필요","교육부","2024-01-10","제안심사",3
2373,"영유아 유보통합 교사자격증 취득 확대 제안","교육부","2024-01-10","제안심사",5
2372,"병원 보호자용 침대 개선 요망","보건복지부","2024-01-10","답변완료",11
2371,"인증하지말고 아이디 비밀번호로만하세요.","고용노동부","2024-01-10","제안심사",6
2370,"의왕시 관광 안내도 정보 제공 현실에 부합하게 개선","경기도 의왕시","2024-01-10","답변완료",1
2369,"국민건강 방역 송 공모","질병관리청","2024-01-10","제안심사",4
2368,"동네 있는 낡은 주택 해결, 주민 참여로 활성화 하자.","부산광역시","2024-01-10","제안심사",6
2367,"최첨단 원자력발전기 특허기술에 대한 혁신기술지원사업 신청 가능여부","중소벤처기업부","2024-01-10","제안심사",2
2366,"망우당공원 영남제일관 ~ 인터불고 호텔 사이 맨발걷기길 조성 요청합니다.","대구광역시 수성구","2024-01-10","제안심사",1
2365,"출산문제ㅁ","전라남도교육청","2024-01-10","제안심사",5
2364,"포스텍,DIGIST대학원등 첨단원자력공학과-클러스터단지 내 스타트업 입주 지원","경상북도 울진군","2024-01-10","제안심사",6
2363,"여행업체의 횡포","문화체육관광부","2024-01-10","제안심사",4
2362,"도로 주차관리","부산광역시 서구","2024-01-10","제안심사",4
2361,"영유아 가정에 대한 파격적 지원을 제안합니다.","충청남도 당진시","2024-01-10","제안심사",17
2360,"재개발, 재건축 원점 재검토 관련 (대통령이 언급한 규제완화방안 관련) - 2가지 제안","서울특별시","2024-01-10","제안심사",1
2359,"“메이드 인 광주” 브랜드 인증을 통한 지역경제 활성화","광주광역시","2024-01-10","제안심사",4
2358,"KAI 설계 인력 KF21단발형과 F110엔진채용시 확장형등을 설계 하도록 일시키는게 좋을거 같네요","방위사업청","2024-01-10","답변완료",0
2357,"운양동 발산마을에 있는 보호수 들메나무 관리해 주세요!","경기도 김포시","2024-01-10","답변완료",5
2356,"장애인주차구역","부산광역시","2024-01-10","제안심사",4
2355,"저출산문제점 개선방안","보건복지부","2024-01-10","제안심사",35
2354,"장애인 고용에 따른 현실적인 임금지급 요청!","고용노동부","2024-01-10","제안심사",10
2353,"초등학교 1학년 맞벌이 부부신청시 전원 돌봄 혜택","교육부","2024-01-10","제안심사",12
2352,"불법주차","경찰청","2024-01-10","제안심사",3
2351,"수급자 지원금을 나눠서 주면?","경기도","2024-01-10","제안심사",2
2350,"사회문제 중 노인복지정책과 공공일자리정책의 효율적인 활용 사례 자원화 방안","강원특별자치도 양양군","2024-01-10","제안심사",1
2349,"대통령님께 말한다","보건복지부","2024-01-10","제안심사",23
2348,"울산 공업단지 전용 순환 버스의 필요성","울산광역시","2024-01-09","제안심사",2
2347,"외국인 일반 비자(C-3-1)발급 문제점에 대한 제안","외교부","2024-01-09","제안심사",7
2346,"코로나 치료제 제프티 긴급승인요청","식품의약품안전처","2024-01-09","제안심사",3
2345,"영덕 강구항 해파랑공원주차장 진·출입구 표시 및 주차요원 배치 필요","경상북도 영덕군","2024-01-09","제안심사",0
2344,"국민연금 관련","보건복지부","2024-01-09","제안심사",13
2343,"제대군인의 보훈채용대상 확대를 건의드립니다.","국가보훈부","2024-01-09","제안심사",27
2342,"한부모가정신청 기준에 대하여","여성가족부","2024-01-09","제안심사",8
2341,"행복마을 관리소 재 활용 방안 건의","경기도 성남시","2024-01-09","제안심사",4
2340,"학생 생활 기록부 발급 업무의 이관","경기도교육청","2024-01-09","제안심사",7
2339,"국민연금","보건복지부","2024-01-09","제안심사",17
2338,"염화칼슘 살포시가로변 중앙분리대 가로수 보호용 보호책 설치비 수십억원 낭비 가로변,중앙분리대로 튀어가지 않도록 가림막 설치","행정안전부","2024-01-09","제안심사",0
2337,"남천강변길 산전까지 연장","경상북도 경산시","2024-01-09","답변완료",13
2336,"성인 장애인 체험학습","보건복지부","2024-01-09","제안심사",9
2335,"ELS 투자 이익에 대한 세금의 문제점","기획재정부","2024-01-09","제안심사",14
2334,"산재근로자 근재손해배상청구 시작도 전에 해고처리","고용노동부","2024-01-09","제안심사",6
2333,"지역 국민건강보험료 산정 관련 재산금액 기준 개선(농지연금, 주택연금에 따른 재산가치 하락)","보건복지부","2024-01-09","답변완료",7
2332,"무수동로 판다팜측 사거리 우회전 차량 인식용이 경고램프 설치","충청남도 당진시","2024-01-09","답변완료",2
2331,"각 주민센터에 설치되어있는 분리수거함 현황안내알림","경기도 고양시","2024-01-09","제안심사",1
2330,"학교일지 폐지","경기도교육청","2024-01-09","제안심사",0
2329,"도로명주소 검색기 기능 보완 요청","행정안전부","2024-01-09","제안심사",8
2328,"인공지능형 교통신호등","경찰청","2024-01-09","제안심사",3
2327,"폐분말소화기(폐기물) 을 무상으로 처리 해 드리 겠습니다.","부산광역시 북구","2024-01-09","제안심사",25
2326,"폐분말소화기(폐기물) 을 무상으로 처리 해 드리 겠습니다.","부산광역시 동구","2024-01-09","제안심사",25
2325,"폐분말소화기(폐기물) 을 무상으로 처리 해 드리 겠습니다.","부산광역시 사하구","2024-01-09","제안심사",25
2324,"폐분말소화기(폐기물) 을 무상으로 처리 해 드리 겠습니다.","부산광역시 동래구","2024-01-09","제안심사",25
2323,"폐분말소화기(폐기물) 을 무상으로 처리 해 드리 겠습니다.","부산광역시 해운대구","2024-01-09","제안심사",25
2322,"폐분말소화기(폐기물) 을 무상으로 처리 해 드리 겠습니다.","부산광역시 부산진구","2024-01-09","제안심사",25
2321,"폐분말소화기(폐기물) 을 무상으로 처리 해 드리 겠습니다.","부산광역시 남구","2024-01-09","제안심사",25
2320,"폐분말소화기(폐기물) 을 무상으로 처리 해 드리 겠습니다.","부산광역시 연제구","2024-01-09","제안심사",25
2319,"폐분말소화기(폐기물) 을 무상으로 처리 해 드리 겠습니다.","부산광역시 사상구","2024-01-09","제안심사",25
2318,"폐분말소화기(폐기물) 을 무상으로 처리 해 드리 겠습니다.","부산광역시 수영구","2024-01-09","제안심사",25
2317,"폐분말소화기(폐기물) 을 무상으로 처리 해 드리 겠습니다.","부산광역시 서구","2024-01-09","제안심사",25
2316,"폐분말소화기(폐기물) 을 무상으로 처리 해 드리 겠습니다.","부산광역시 중구","2024-01-09","제안심사",25
2315,"폐분말소화기(폐기물) 을 무상으로 처리 해 드리 겠습니다.","부산광역시 금정구","2024-01-09","제안심사",25
2314,"폐분말소화기(폐기물) 을 무상으로 처리 해 드리 겠습니다.","부산광역시 기장군","2024-01-09","제안심사",25
2313,"폐분말소화기(폐기물) 을 무상으로 처리 해 드리 겠습니다.","부산광역시 강서구","2024-01-09","제안심사",25
2312,"611번 시내버스(임동--->안동) 출발시간 조정(17:50  ---> 18:00)","경상북도 안동시","2024-01-09","제안심사",3
2311,"교통사고 처리와 관련한 지침 제정을 제안합니다.","경찰청","2024-01-09","제안심사",12
2310,"찾아가는 농업기계 폐기 업무대행 서비스","농림축산식품부","2024-01-09","제안심사",10
2309,"이성애 김정자 팀장 주무관 직거례장터 로컬푸드직매장 재단에서 운영을 하지 않겠다고 하면은 앞으로 산포산림자원도 사업이 끝나면 하지 말겠다고 한것인지","전라남도 나주시","2024-01-09","제안심사",0
2308,"택시할증","경상남도 거제시","2024-01-09","제안심사",3
2307,"대학교에 요양 학과 신설","보건복지부","2024-01-09","제안심사",10
2306,"혜택받지 못하는 사회적 배려가정 가스요금 감면제도","산업통상자원부","2024-01-09","제안심사",8
2305,"장애인증 개선안","보건복지부","2024-01-09","제안심사",12
2304,"학원 등 정기 지도점검 프로세스 혁신을 통한 효율적 운영체계 구축","교육부","2024-01-09","제안심사",8
2303,"대형병원 내원시 CD등록 간소화","보건복지부","2024-01-09","제안심사",8
2302,"행정안전부 착한가격업소 검색 기능 추가 요청드립니다.","행정안전부","2024-01-09","제안심사",5
2301,"안동시내버스 시간변경 요청(순환2-1)","경상북도 안동시","2024-01-09","제안심사",2
2300,"다자녀 중학교 배정 혜택을 제안합니다","광주광역시교육청","2024-01-09","제안심사",7
2299,"박병운배유통과 팀장님 보세요","전라남도 나주시","2024-01-09","제안심사",1
2298,"박병우 배유통과 팀장님 제안합니다","전라남도 나주시","2024-01-09","제안심사",0
2297,"다자녀지원제안","국토교통부","2024-01-09","제안심사",51
2296,"다자녀지원제안","보건복지부","2024-01-09","제안심사",51
2295,"군 가산복무자에 대한 지원금 반환 조건부 중도전역기회 부여","국방부","2024-01-09","제안심사",7
2294,"중기복무 전역군인 전직지원교육기간 확대","국방부","2024-01-09","제안심사",7
2293,"보육원 성별 분리해서 운영하기를 제안드립니다","보건복지부","2024-01-08","제안심사",11
2292,"성남시 분당구 금곡로 교통신호체계 개선 요청","경찰청","2024-01-08","제안심사",3
2291,"주베트남 대한민국 대사관 사증신청 서식 개정날짜 1면 고시 요청건","법무부","2024-01-08","제안심사",1
2290,"서울소방재난본부 자산관리팀 김대성 팀장님 답변을 해주세요.","서울특별시","2024-01-08","제안심사",9
2289,"보조금 정산시 입출금 거래내역 확인서 첨부","경상북도 예천군","2024-01-08","답변완료",1
2288,"장애인(시각,청각)대상 재난문자 서비스 개선","행정안전부","2024-01-08","제안심사",7
2287,"전기차 충전시설","경상남도 양산시","2024-01-08","답변완료",20
2286,"대구-포항 고속도로 이용 시외버스 이동에서 승하차 가능하게 개선","경상북도","2024-01-08","제안심사",3
2285,"예술경영지원센터 2024 공연예술유통 공모사업의 문제점이 많아 건의사항 올립니다","문화체육관광부","2024-01-08","제안심사",2
2284,"타 시·도들도 학생인권조례를 폐지하거나, 교권보호사항을 첨부시켜 개정하기를 요망합니다.","광주광역시교육청","2024-01-08","제안심사",6
2283,"타 시·도들도 학생인권조례를 폐지하거나, 교권보호사항을 첨부시켜 개정하기를 요망합니다.","전북특별자치도교육청","2024-01-08","제안심사",6
2282,"타 시·도들도 학생인권조례를 폐지하거나, 교권보호사항을 첨부시켜 개정하기를 요망합니다.","경기도교육청","2024-01-08","제안심사",6
2281,"타 시·도들도 학생인권조례를 폐지하거나, 교권보호사항을 첨부시켜 개정하기를 요망합니다.","서울특별시교육청","2024-01-08","제안심사",6
2280,"임실성당 앞 보행자 우선 횡단보도 설치","전라북도 임실군","2024-01-08","답변완료",2
2279,"스마트 국민신문고 및 추후 통합하여 바뀌는 안전신문고 개선 요청","경찰청","2024-01-08","제안심사",4
2278,"저출산 대응정책( 제안 )","저출산고령사회위원회","2024-01-08","제안심사",11
2277,"고양시 덕양구 한강공원 접근성 향상을 위한 강매역 남쪽구간 성사천(강매역)-창릉천 구간 공원화 사업","경기도 고양시","2024-01-08","제안심사",1
2276,"부산광역시 북구 구포시장 (08013ㆍ08067) 버스 정류장 명칭 변경 제안","부산광역시","2024-01-08","제안심사",2
2275,"소방차 출동 시 목적지 알림 전광판 설치","소방청","2024-01-08","제안심사",14
2274,"폐교활용방안","충청북도교육청","2024-01-08","제안심사",1
2273,"중대재해처벌법 대응을 위한 안전보건관리체계 구축에 대한 민간&관공 정보협의체 운영의 건의","고용노동부","2024-01-08","제안심사",14
2272,"의료인의 3인 이상을 대상으로 성범죄시 면허취소 및 재시험금지조항 신설제안","보건복지부","2024-01-08","제안심사",13
2271,"환자상대성범죄의료인신상공개제도 및 의료현장성범죄우범지대전면CCTV및음성녹음의무화제도 제안","보건복지부","2024-01-08","제안심사",6
2270,"겨울, 정기적으로 노인인구에게 제설용 소금 배달하는 정책을 제안합니다.","보건복지부","2024-01-08","제안심사",11
2269,"봉화군 사업내용 상세 공고","경상북도 봉화군","2024-01-08","제안심사",5
2268,"창원시 의창구 동읍 용잠삼거리 인근 쓰레기불법투기 방지를 위한 제안","경상남도 창원시","2024-01-08","제안심사",8
2267,"여성 경력 단절 해결 정책","고용노동부","2024-01-08","제안심사",6
2266,"사회문제 중 어르신복지정책과 일자리발굴.창출정책 효율적인 활용 사례 자원화 방안 제안","서울특별시 강북구","2024-01-08","답변완료",1
2265,"민간 분양 군견 무료진료","국방부","2024-01-08","제안심사",4
2264,"유치원 정교사 1급 자격증 취득 자격에 대한 의의제기","교육부","2024-01-08","제안심사",17
2263,"해외 우수인재 조기 발탁제도 건의","교육부","2024-01-08","제안심사",4
2262,"해외 우수인재 조기 발탁제도 건의","법무부","2024-01-08","제안심사",4
2261,"교육비를 주지않는 시간외 교육은 부당근로 아닌가요?","고용노동부","2024-01-08","제안심사",7
2260,"무알콜, 논알콜 알코올1%미만 함유 -- 법규 개정요청","식품의약품안전처","2024-01-08","제안심사",10
2259,"근로시간외 교육을 강요하는 이유가 무엇입니까?","서울특별시","2024-01-08","제안심사",4
2258,"불합리한 규정 제도","국민권익위원회","2024-01-08","제안심사",17
2257,"강진군청 관광안내소 일대 3층 오픈형 주차타워 건립 제안의 건","전라남도 강진군","2024-01-08","답변완료",10
2256,"전기용품 및 생활용품 안전관리법 개정 검토 요청","산업통상자원부","2024-01-08","제안심사",10
2255,"사회문제 중 노인복지정책과 공공일자리정책 효율적인 활용 사례 자원화 방안 제안","경기도 부천시","2024-01-08","제안심사",23
2254,"지방자치단체의 산업안전보건법상의 과태료, 벌금(형사처벌)의 권한(사법권) 부여","고용노동부","2024-01-08","제안심사",4
2253,"고교학점제 제2외국어 교과 평가방식을 상대평가에서 절대평가로 전환","교육부","2024-01-08","제안심사",6
2252,"윤병태 시장","전라남도 나주시","2024-01-08","제안심사",22
2251,"2022년 9월 20일 신설된 팀으로 향토음식문화 계승 및 레시피 전수를 위한 프로그램 운영과 그러니까 몇번을 말해요 운영으 하더라도 보건소나 관광과로 나가야함 먹거리가 아님 민간업체임","전라남도 나주시","2024-01-08","제안심사",6
2250,"지자체 금고 ""기준금리"" 상수에서 상율(常率)로 개선에 따른 금고지정 예규 개정","행정안전부","2024-01-08","답변완료",4
2249,"음주운전 단속 현장에 '지원근무제' 도입","경찰청","2024-01-07","제안심사",2
2248,"인도설치 혹은 갓길 공간 확보부탁드립니다","충청남도 당진시","2024-01-07","제안심사",6
2247,"퀵보드 안전 사용방법 필수 교육 및 야간 사용 금지(11시~익일 06시)","전북특별자치도","2024-01-07","제안심사",0
2246,"전동퀵보드 안전 사용방법 필수 교육 및 야간 사용 금지(11시~익일 06시)로 안전하게!","경찰청","2024-01-07","답변완료",2
2245,"청년 실업문제와 국가의 4차산업 역량증대를 위한 연구기관 설립 제안","광주광역시","2024-01-07","제안심사",2
2244,"개고기 식용에 대하여","농림축산식품부","2024-01-07","제안심사",33
2243,"진평동 기미년 만세운동 기념비","경상북도 구미시","2024-01-07","제안심사",1
2242,"대한민국을 위협하는 외부 세력의 도발 및 전쟁 대비 전국민 대처훈련","행정안전부","2024-01-07","답변완료",1
2241,"사유지 이중주차, 불법주차 신고시 처벌","경찰청","2024-01-07","제안심사",2
2240,"나라에서 운영하는 결혼중매","여성가족부","2024-01-07","제안심사",6
2239,"실험 동물의 증가에 대한 대처 방안","농림축산식품부","2024-01-07","제안심사",0
2238,"최저한세 인하","기획재정부","2024-01-07","제안심사",4
2237,"요양보호사 자격증이 왜 필요 한가요. 사랑.봉사 하는 마음이 먼저 아닌가요.","보건복지부","2024-01-07","제안심사",12
2236,"풍덕천로 수지그린프라자 옆에 있는 공원을 문화 공간으로 이용하는 방안","경기도 용인시","2024-01-07","답변완료",1
2235,"청양리~지경리~ 신철원 방면 로터리 설립","강원특별자치도 철원군","2024-01-07","제안심사",0
2234,"강원도 전동휠체어, 스쿠터 이용자 헬멧착용 의무화 제안","경찰청","2024-01-07","제안심사",0
2233,"저출산 문제에 대해 제안합니다","기획재정부","2024-01-07","제안심사",23
2232,"저출산 문제에 대해 제안합니다","농림축산식품부","2024-01-07","제안심사",23
2231,"저출산 문제에 대해 제안합니다","고용노동부","2024-01-07","제안심사",23
2230,"*(예천군) 카카오 채널을 재활용 스티커 관련 문의시  업데이트 요정확한 답변이 되지 얺습니다. 업데이트  요청합니다.","경상북도 예천군","2024-01-07","답변완료",0
2229,"경기도민 서울 출근으로 인한 교통체증 해결 위한 AI트레이드 시스템 개발(대안-지역 공유오피스 원격근무)","고용노동부","2024-01-07","제안심사",1
2228,"전국민이 다 걸리는 독감치료는 왜 이렇게 비싼걸까요??","보건복지부","2024-01-07","제안심사",10
2227,"흡연자 건강검진 연계 흡연교육 프로그램 및 벌금부과","보건복지부","2024-01-07","제안심사",5
2226,"마이스터고도 대학지원가능하도록 법안만들어주세요","교육부","2024-01-07","답변완료",14
2225,"전화설문보다  문자설문으로","국민권익위원회","2024-01-07","제안심사",3
2224,"쌀소비를 줄입시다","농림축산식품부","2024-01-07","제안심사",6
2223,"위험목 제거에관한 의견","충청남도 당진시","2024-01-07","답변완료",5
2222,"명소특징부여 전망대 명칭 검토","부산광역시 해운대구","2024-01-07","제안심사",0
2221,"이자 소득세에 대한 차등적용.","기획재정부","2024-01-07","제안심사",3
2220,"2024년부터 이렇게 달라집니다의 효율적 홍보방식제안","기획재정부","2024-01-07","제안심사",1
2219,"금연 캠페인 및 오피스 건물 금연 지정","보건복지부","2024-01-06","제안심사",4
2218,"518허위 유공자에 대한 유투브 사실 확인 필요","국가보훈부","2024-01-06","제안심사",74
2217,"소상공인손실보상","중소벤처기업부","2024-01-06","제안심사",2
2216,"금융 컨설팅 사기","금융위원회","2024-01-06","제안심사",4
2215,"김포 시설관리공단에서 운영하는 체육센터 장기 입장권 스마트폰 속으로","경기도 김포시","2024-01-06","제안심사",3
2214,"학생들을 낙오자가 아닌 배움의 주체로 바로설 수 있도록 해주세요.","교육부","2024-01-06","제안심사",8
2213,"통계청의평균수명오류2","통계청","2024-01-06","답변완료",5
2212,"장계관광단지 환경개선 제안","충청북도 옥천군","2024-01-06","제안심사",2
2211,"개인택시 스티커 부착에 대한 제안","서울특별시","2024-01-06","제안심사",2
2210,"비위생적으로 변해가는 보행길 (전남대병원응급실 앞 인도)","광주광역시 동구","2024-01-06","제안심사",17
2209,"한강 자전거도로에서 시속30km 이상 과속 자전거(로드사이클 등) 퇴출","서울특별시","2024-01-06","제안심사",1
2208,"정신질환 완치 판정자 보험 신청제도","보건복지부","2024-01-06","제안심사",6
2207,"정렬되지 않은 불법 주차로 인해 좁은 도로 교통 체증","광주광역시 동구","2024-01-06","제안심사",14
2206,"만삭 임산부 장애인주차 가능하도록 제정 바랍니다.","보건복지부","2024-01-06","제안심사",7
2205,"유아 전문기관  등원거부(불가)시, 돌봄병가증 가능하도록 요청드림","보건복지부","2024-01-06","제안심사",2
2204,"유아 전문기관  등원거부(불가)시, 돌봄병가증 가능하도록 요청드림","고용노동부","2024-01-06","제안심사",2
2203,"신속통합기획,모아타운은 희망고문 이다","서울특별시","2024-01-06","제안심사",1
2202,"국민의 안전을 지키는 안전 계단","충청남도 보령시","2024-01-06","제안심사",3
2201,"경계선 지능 장애 후보군 제안","보건복지부","2024-01-06","제안심사",6
2200,"전세계 최고 K-관광벨트(경기도 수원-용인) 구축 제안!(feat. 용인경전철 연장, 수원트램 1호선 조속 개통 요망)","경기도","2024-01-06","제안심사",0
2199,"조문국사적지 맨발 황토길 조성제안","경상북도 의성군","2024-01-06","제안심사",0
2198,"학원비 연말정산에 관하여","기획재정부","2024-01-06","제안심사",7
2197,"지방 의과대 지역인재 적용 관련 개선점","교육부","2024-01-06","제안심사",0
2196,"명동 입구 광역 버스 정류소 혼잡을 완화를 위해 인도에 노선 표시 안내판을 설치한 뒤 발생한 '퇴근길 대란에 대한 개선안 제안","서울특별시","2024-01-06","제안심사",4
2195,"가족관계  발생등에  관한  한국 정부의  처분을  증명해  주는   문서에  한국정부  전체  행정에서  모두  적용되는  처분에   한해서  증명이  발급되도록  해  줄것을  제안합니다.","법무부","2024-01-06","제안심사",0
2194,"요양원에 가면 ...시간이 갈수록 정신이 이상해져 죽는다.","보건복지부","2024-01-06","제안심사",10
2193,"유럽기준에 맞는 신재생에너지인증서 시장을 만들어야 합니다.","산업통상자원부","2024-01-06","제안심사",4
2192,"고등학교 졸업학력 검정고시 합격증명서 발급 개선","교육부","2024-01-06","제안심사",4
2191,"전국의 노인 병원 (주간 . 보호.제가...)조사 합시다.요양보호사. 간병인...들..병윈 소속으로 해야 합니다.","보건복지부","2024-01-06","제안심사",7
2190,"나이스 성적 처리 알고리즘 개선","교육부","2024-01-06","답변완료",3
2189,"울산광역시 내 주민 자치센터 홈페이지 공고 문서 미리보기 기능 추가 제안","울산광역시 북구","2024-01-06","답변완료",0
2188,"울산광역시 내 주민 자치센터 홈페이지 공고 문서 미리보기 기능 추가 제안","울산광역시 동구","2024-01-06","제안심사",0
2187,"울산광역시 내 주민 자치센터 홈페이지 공고 문서 미리보기 기능 추가 제안","울산광역시 남구","2024-01-06","제안심사",0
2186,"울산광역시 내 주민 자치센터 홈페이지 공고 문서 미리보기 기능 추가 제안","울산광역시 중구","2024-01-06","제안심사",0
2185,"음경만곡증(페이로니 병)에 효과 좋은 클로스트리디움 주사 수입 좀 해주세요..","식품의약품안전처","2024-01-06","제안심사",1
2184,"장애인 표지 부정사용 단속요청 건","보건복지부","2024-01-06","제안심사",5
2183,"지역거점 종합병원 소아응급의료센터 역량개선 및 응급상황 프로토콜 정비","충청남도 당진시","2024-01-06","제안심사",2
2182,"가로수의 미허가 조명 장식 규제를 철저히 해주세요.","산림청","2024-01-06","제안심사",8
2181,"서민금융 원스톱 플랫폼 잇다의 우체국, 코레일 앱과 명칭 혼선 우려","금융위원회","2024-01-05","제안심사",4
2180,"소상공인정책자금 거치기간 연장 신청","중소벤처기업부","2024-01-05","제안심사",2
2179,"회현역에서 명동 버스때문에  시간낭비","서울특별시","2024-01-05","제안심사",4
2178,"화학물질이많은음식첨가물은과연안전할까요?","식품의약품안전처","2024-01-05","제안심사",0
2177,"운전면허증 갱신발급할 때 도로교통공단 교통안전 운전자교육 제도실시 필요","경찰청","2024-01-05","답변완료",0
2176,"군 누리집의 착한가격업소 정보 내용의 획기적 개선으로 이용의 활성화 방안","전북특별자치도 완주군","2024-01-05","제안심사",3
2175,"메가 소도시","산업통상자원부","2024-01-05","제안심사",0
2174,"공무원들의 민원처리법23조 악용을 못하게 하고 민원처리 질을 높이고자 서비스받는 민원인이 평가해서 인사에 반영토록 해야합니다","행정안전부","2024-01-05","제안심사",5
2173,"전북 천리길 트레킹 스탬프북 구입 또는 요청","전북특별자치도","2024-01-05","제안심사",0
2172,"무등산국립공원(증심사) 시내버스 승강장 발열의자 설치제안","광주광역시 동구","2024-01-05","제안심사",8
2171,"선별진료소 종료후 pcr검사 가능 병원 안내요망","질병관리청","2024-01-05","제안심사",13
2170,"경찰관 채용시험 시도청 단위가 아닌 전국 모집 배분 필요","경찰청","2024-01-05","제안심사",11
2169,"마근저수지에 화장실을 꼭 만들어주세요","울산광역시 울주군","2024-01-05","제안심사",3
2168,"한번의 등록으로 전국 바우처 택시 이용을 원합니다","부산광역시","2024-01-05","제안심사",4
2167,"인감 도장 변경 신청안","행정안전부","2024-01-05","답변완료",9
2166,"무궁화동산 안내 표지판 훼손으로 다칠 위험소지가 있습니다. 교체 유지보수 시급","경상북도 구미시","2024-01-05","제안심사",0
2165,"저출산 대책에 실행에 도움되는 세제 조정","기획재정부","2024-01-05","제안심사",11
2164,"저출산 해결방안","보건복지부","2024-01-05","제안심사",76
2163,"저출산 해결방안","교육부","2024-01-05","제안심사",76
2162,"원당역 버스 환승센타 설치의 건","경기도 고양시","2024-01-05","제안심사",1
2161,"한우 체외수정란 공급시 영세율적용","기획재정부","2024-01-05","제안심사",2
2160,"장기기증과 사전연명의료의향 등록증 연동시켜주세요","보건복지부","2024-01-05","제안심사",13
2159,"국토정보공사 측량 독점지역 측량이의신청시 일반 측량협회등허용확인 제도 개선","국토교통부","2024-01-05","제안심사",12
2158,"미성년자 인줄 알면서도 함께 술자리를 같이한 성인을 엄격하게 처벌해야 한다는 법안을 국회 상임위원회에 정식 등록 검토후 법을 개정요함","여성가족부","2024-01-05","제안심사",14
2157,"지체 장애인 목욕(이동차량)지원 사업 개선","보건복지부","2024-01-05","제안심사",14
2156,"편입제도의 문제점과 그 개선방안","교육부","2024-01-05","제안심사",7
2155,"국가유공자 진료기록부 보존기간 변경 제안","국가보훈부","2024-01-05","제안심사",36
2154,"각 시에 길고양이 보호소 설립을 건의합니다","농림축산식품부","2024-01-05","제안심사",15
2153,"횡단보도 시각장애인 점자블록 설치 방향 개선 제안","대전광역시","2024-01-05","답변완료",2
2152,"비자숲 힐링센터 장애인 및 임산부 주차장 안내 표지 설치(전기차 충전소 안내는 쉽게 파악되는데, 교통약자를 위한 배려는 개선 필요)","제주특별자치도","2024-01-05","제안심사",1
2151,"쉽게 이용할 수 있도록 장애인 및 임산부 주자 안내 표지판 설치(전기차 안내는 있는데 교통 약자을 위한 안내 표지 설치)","제주특별자치도","2024-01-05","제안심사",1
2150,"자부심 고취하는 명칭으로 변경 필요","경기도 평택시","2024-01-05","답변완료",5
2149,"자동차 운전면허증 2종 보통 오토 관련","경찰청","2024-01-05","답변완료",9
2148,"이중 횡단보도시 바깥쪽에 신호등을 설치해 주면 좋겠습니다","국토교통부","2024-01-05","제안심사",11
2147,"전국  의용소방대원  방독면 지급 제안건","소방청","2024-01-05","답변완료",9
2146,"식약처 건강한 사람 대상 임상시험 결과반영 관련 건","식품의약품안전처","2024-01-05","제안심사",3
2145,"대전 시내버스 채용 고충에 따른 대전시의 취업 연계 활성화 방안","대전광역시","2024-01-05","제안심사",3
2144,"지구온난화 및 탄소중립을 위한 친환경장례문화 실천 방안","보건복지부","2024-01-05","제안심사",16
2143,"인건비가이드라인의 문제점","보건복지부","2024-01-05","제안심사",13
2142,"악성 민원 발생을 비롯한 각종 사회문제 예방 환경 조성방안 제안","경찰청","2024-01-05","제안심사",3
2141,"증권상한가[하한가]10%개혁","금융위원회","2024-01-05","제안심사",7
2140,"밀양시 우수제안자에 대한 상장 수여로 변경 제안","경상남도 밀양시","2024-01-05","제안심사",5
2139,"양평군을 IT CITY 로 특성화하여 세계적인 IT CITY로 육성하자.","경기도 양평군","2024-01-05","답변완료",2
2138,"양평군을 IT CITY 로 특성화하여 세계적인 IT CITY로 육성하자.","교육부","2024-01-05","제안심사",2
2137,"전립선등 간단한 진료 동네의원에서 하도록 제도 개선","국가보훈부","2024-01-05","제안심사",59
2136,"공익신고법의 한계 사회전반으로 확대되야","국민권익위원회","2024-01-05","제안심사",3
2135,"아이가 많아서 맞벌이를 못하는게 죄인가요? 왜 자녀를 많이 낳았다는 이유 만으로 피해를 봐야하죠?","교육부","2024-01-05","제안심사",10
2134,"자영업자를 도와주는 가장 큰 길은 임대사업자 부담 덜어주는 일","기획재정부","2024-01-05","제안심사",21
2133,"자영업자를 도와주는 가장 큰 길은 임대사업자 부담 덜어주는 일","금융위원회","2024-01-05","제안심사",21
2132,"자영업자를 도와주는 가장 큰 길은 임대사업자 부담 덜어주는 일","국토교통부","2024-01-05","제안심사",21
2131,"고등학교 서열화 및 사교육 가열을 야기하는 자사고, 외고, 국제고 폐지","교육부","2024-01-04","제안심사",0
2130,"토끼 장에 가두어 키우는 공무원들 정상생활 하도록 배려해주시길 ...","세종특별자치시교육청","2024-01-04","제안심사",5
2129,"토끼 장에 가두어 키우는 공무원들 정상생활 하도록 배려해주시길 ...","교육부","2024-01-04","제안심사",5
2128,"토끼 장에 가두어 키우는 공무원들 정상생활 하도록 배려해주시길 ...","행정안전부","2024-01-04","답변완료",5
2127,"토끼 장에 가두어 키우는 공무원들 정상생활 하도록 배려해주시길 ...","국토교통부","2024-01-04","제안심사",5
2126,"울산교 중앙에 전등설치로 보행자 안전을 지켜주세요","울산광역시 남구","2024-01-04","제안심사",5
2125,"서울시 성북구자활 사업단  편의점 담당자의 근무태도 불성실및 협박에 대해 민원제기 합니다!!","보건복지부","2024-01-04","제안심사",13
2124,"국가유공자의 국립공원 주차장 이용료 면제","국가보훈부","2024-01-04","제안심사",116
2123,"교통표지방향 개선 제안","경찰청","2024-01-04","제안심사",2
2122,"과자 유통기한 겉박스외 속포장에도 해주세요","식품의약품안전처","2024-01-04","제안심사",5
2121,"헌혈버스에서 장기기증 희망등록 접수 요망합니다..","보건복지부","2024-01-04","제안심사",9
2120,"부동산 담보대출 약정위반 해제 필요성(추가 주택 구매관련)","금융위원회","2024-01-04","제안심사",6
2119,"작은 사업장에서 임신 단축근무, 출산휴가, 육아휴가 지원금 신청 과정 단순화 및 일원화","고용노동부","2024-01-04","제안심사",13
2118,"서울 중구 충무로역 4거리 횡단보도 및 유턴구간 재설정","경찰청","2024-01-04","답변완료",1
2117,"물가연동세제연구 및 효과검토 제안","기획재정부","2024-01-04","제안심사",2
2116,"가습기살균제피해자구제","환경부","2024-01-04","제안심사",18
2115,"행정기관 소속 위원회 운영의 내실화 제고 방안 제안","행정안전부","2024-01-04","제안심사",7
2114,"동문시장 버스","제주특별자치도","2024-01-04","제안심사",0
2113,"시/군 민간단체 회의 시 태블릿 PC의 도입으로 비용절감 및 환경보전","충청북도 진천군","2024-01-04","제안심사",1
2112,"시/군 민간단체 회의 시 태블릿 PC의 도입으로 비용절감 및 환경보전","충청북도 증평군","2024-01-04","제안심사",1
2111,"시/군 민간단체 회의 시 태블릿 PC의 도입으로 비용절감 및 환경보전","충청북도 옥천군","2024-01-04","제안심사",1
2110,"시/군 민간단체 회의 시 태블릿 PC의 도입으로 비용절감 및 환경보전","충청북도 괴산군","2024-01-04","제안심사",1
2109,"시/군 민간단체 회의 시 태블릿 PC의 도입으로 비용절감 및 환경보전","충청북도 청주시","2024-01-04","제안심사",1
2108,"시/군 민간단체 회의 시 태블릿 PC의 도입으로 비용절감 및 환경보전","충청북도 단양군","2024-01-04","제안심사",1
2107,"시/군 민간단체 회의 시 태블릿 PC의 도입으로 비용절감 및 환경보전","충청북도 제천시","2024-01-04","제안심사",1
2106,"시/군 민간단체 회의 시 태블릿 PC의 도입으로 비용절감 및 환경보전","충청북도 보은군","2024-01-04","제안심사",1
2105,"시/군 민간단체 회의 시 태블릿 PC의 도입으로 비용절감 및 환경보전","충청북도 충주시","2024-01-04","제안심사",1
2104,"시/군 민간단체 회의 시 태블릿 PC의 도입으로 비용절감 및 환경보전","충청북도 영동군","2024-01-04","제안심사",1
2103,"시/군 민간단체 회의 시 태블릿 PC의 도입으로 비용절감 및 환경보전","충청북도 음성군","2024-01-04","제안심사",1
2102,"GMP 공정내 미흡한 CAPA 관련 해결방법 제안","식품의약품안전처","2024-01-04","제안심사",3
2101,"고속도로 버스 전용차로 통행방법 개선","국토교통부","2024-01-04","제안심사",10
2100,"연수구 음식물 폐기 봉투 일원화","인천광역시 연수구","2024-01-04","제안심사",11
2099,"배수로 원상복구 요청","전북특별자치도 정읍시","2024-01-04","제안심사",1
2098,"장애인 스포츠 바우처 제도 개선 요청","문화체육관광부","2024-01-04","제안심사",0
2097,"어린이집 영아보조교사 처우개선비 지급 요청 건","보건복지부","2024-01-04","제안심사",12
2096,"네를 니로 바꾸자","문화체육관광부","2024-01-04","제안심사",0
2095,"서울시에서 보상하기로 약속된 서울도시자연공원구역도 서울시에서 추진하는 용적률거래제나 개발권 이양제(TDR)에 포함하면 예산지원 없이 도시자연공원구역 보상 가능","서울특별시","2024-01-04","제안심사",0
2094,"한강 둔치를 활용한 관광용 모노레일 설치(야간 운행 포함)","서울특별시","2024-01-04","답변완료",0
2093,"대공 용의점이 있는 사건은 사건은 112에 신고할 수 있도록 제도 개선이 필요합니다.","경찰청","2024-01-04","제안심사",7
2092,"“합천군의 특성을 활용한 적극행정 실천 사례 자원화 방안 제안","경상남도 합천군","2024-01-04","제안심사",9
2091,"국민신문고 처리(답변) 기관의 자체 취하(종결 사유중) 기능을 막아주시기 바랍니다.","국민권익위원회","2024-01-04","제안심사",8
2090,"국토교통부 자동차운영보험과로 무등록오토바이 제안","국토교통부","2024-01-04","제안심사",5
2089,"터널안 교통안내문 시정","국토교통부","2024-01-04","제안심사",6
2088,"소방전기 도면의 도시기호 및 수량 표기 지도 요청","소방청","2024-01-04","제안심사",5
2087,"정보공개청구법에서 민원처리결과 부분공개 하기","행정안전부","2024-01-04","제안심사",6
2086,"년차 발생 기준 변경 요청","고용노동부","2024-01-04","제안심사",7
2085,"저출산대책(출산장려책)","보건복지부","2024-01-04","제안심사",26
2084,"노인 무임승차 나이 상향","보건복지부","2024-01-04","제안심사",15
2083,"보훈병원의 위탁제도","국가보훈부","2024-01-04","답변완료",98
2082,"국회입법공백으로 인하여 발생되고있는 임신말기낙태수술을 방지하기 위한  대통령 시행령 제정(요청)","보건복지부","2024-01-04","제안심사",2
2081,"양평군 산후조리비 지원 조례 개정 요청","경기도 양평군","2024-01-04","제안심사",2
2080,"국세청 세금포인트 할인쇼핑몰 이용방법 및 입장료할인 방법 개선","국세청","2024-01-04","제안심사",4
2079,"출산직 공무원","보건복지부","2024-01-04","제안심사",1
2078,"단감 집단재배지역 공동방제 실시","경상남도 창원시","2024-01-04","제안심사",4
2077,"자원봉사활동일감 쿼터제 운영의건.","행정안전부","2024-01-04","제안심사",9
2076,"미성년 교화원 설립을 통한 촉법소년법 개선 방안","법무부","2024-01-04","제안심사",8
2075,"진주에 국민체력100 인증센터가 없어 불편합니다.","경상남도 진주시","2024-01-04","제안심사",7
2074,"고속도로 톨게이트 입구 및 노면 번호 표시 제안","국토교통부","2024-01-03","제안심사",3
2073,"신생아 취득세감면에 대한 소급적용은 필요합니다","행정안전부","2024-01-03","답변완료",0
2072,"영일대해수욕장에 바다도서관 설치 건의","경상북도 포항시","2024-01-03","제안심사",5
2071,"사방기념공원 방문객과 장애인을 위한 편의시설물 개선","경상북도 포항시","2024-01-03","제안심사",2
2070,"보안 시설경비 및 기계경비, 시스템통합, 시설유지 기관의 상급기관 필요..","경찰청","2024-01-03","제안심사",2
2069,"국민제안 일부채택 신설 기념품 전달로 국민신문고 활성화","행정안전부","2024-01-03","제안심사",2
2068,"보은군청 누리집 하단에 팩스(FAX) 번호 안내 제공","충청북도 보은군","2024-01-03","제안심사",0
2067,"독농대 비석돌을 복원해 주세요","충청남도 서천군","2024-01-03","답변완료",12
2066,"충남 서천군 가로망을 정비해 주세요","충청남도 서천군","2024-01-03","답변완료",17
2065,"결혼에 대한 인식개선을 위한 조기교육 도입의 件","교육부","2024-01-03","제안심사",4
2064,"결혼에 대한 인식개선을 위한 조기교육 도입의 件","교육부","2024-01-03","제안심사",4
2063,"울산광역시 이상기후 대응을 위한 혹한기 버스정류장 투명자바라 칸막이 설치제안의 件","울산광역시 북구","2024-01-03","제안심사",16
2062,"울산광역시 이상기후 대응을 위한 혹한기 버스정류장 투명자바라 칸막이 설치제안의 件","울산광역시 남구","2024-01-03","제안심사",16
2061,"울산광역시 이상기후 대응을 위한 혹한기 버스정류장 투명자바라 칸막이 설치제안의 件","울산광역시 중구","2024-01-03","답변완료",16
2060,"울산광역시 이상기후 대응을 위한 혹한기 버스정류장 투명자바라 칸막이 설치제안의 件","울산광역시 동구","2024-01-03","제안심사",16
2059,"일산호수공원내 중국교류도시 상징물 이정표 신설시 추가표기 제안.","경기도 고양시","2024-01-03","제안심사",1
2058,"학업능력뿐만 아니라 협력적 능력도 반드시 갖추어야 할 능력이라는 것을 초중고등학교 교육시간에 필수적으로 가르칠 것을 제안합니다.","교육부","2024-01-03","제안심사",7
2057,"나의 삶","고용노동부","2024-01-03","제안심사",4
2056,"레지던스 수분양자 구제","국토교통부","2024-01-03","제안심사",28
2055,"배달대행합니다. 특고산재관련해서 입니다.","고용노동부","2024-01-03","제안심사",6
2054,"모바일 국가보훈등록증 발급","행정안전부","2024-01-03","답변완료",12
2053,"지역 중소업체 공공발주 입찰 참여기회 확대","행정안전부","2024-01-03","답변완료",6
2052,"승강기 안전 인증제도의 개선·수거·파기· 명령 이행기간 확대","행정안전부","2024-01-03","제안심사",7
2051,"국민제안 재심사 절차 개선","행정안전부","2024-01-03","제안심사",5
2050,"주민등록증 모바일 확인 서비스 민간플랫폼 개방 확대","행정안전부","2024-01-03","답변완료",14
2049,"인간관계","교육부","2024-01-03","제안심사",8
2048,"유치원 학생수 급감으로 인한 유치원 교사의 임용 해소 방안으로 늘봄교사 채용 건의","교육부","2024-01-03","제안심사",3
2047,"복잡하고 행정 소모적인 현재 장애인 지원 체계의 간소화하거나 민영화해야 한다고 생각합니다.","보건복지부","2024-01-03","제안심사",11
2046,"외국인노동지와 사업주와 문화 소통안되서 임금,근무시간변경.","고용노동부","2024-01-03","제안심사",7
2045,"산출내역 요청 시 보다 쉽게 입찰플램폼에서 확인 할 수 있도록 요청드립니다.","행정안전부","2024-01-03","제안심사",3
2044,"읍면동 버스 합리적 운행  ㅡㅡㅡ아이디어","국토교통부","2024-01-03","제안심사",12
2043,"기업과 공공기관의 주4일제를 도입하기를 강력히 촉구합니다.","고용노동부","2024-01-03","제안심사",3
2042,"학폭 가해자 학급 임원 활동 및 학폭 가해자 어머님의 학부모 회장 자격 중지에 관한 학교 규정이 없는 것이 맞는 걸까요?","충청남도교육청","2024-01-03","제안심사",2
2041,"2023년 6월 30일 개정된 역세권 장기전세주택 건립 운영기준 개정요청","서울특별시","2024-01-03","제안심사",1
2040,"성공적인 고교학점제를 위한 제안","교육부","2024-01-03","제안심사",15
2039,"출산율을 높일 수 있는 방법","고용노동부","2024-01-03","제안심사",6
2038,"앞으로는 기업에 의무채용이라는 제도가 있어야할듯 합니다","고용노동부","2024-01-03","제안심사",1
2037,"대한민국의 마약 안전지대를 위한 제안","보건복지부","2024-01-03","답변완료",9
2036,"장애인/노인/어린이 SOS돌봄서비스","충청북도 보은군","2024-01-03","제안심사",2
2035,"부산광역시 RED CROSS 박물관 건립 및 세계 Saving Lives,축제(대회) 제안","부산광역시","2024-01-03","제안심사",0
2034,"육아기 근로시간 단축 제도 문제점 개선 제안","고용노동부","2024-01-03","제안심사",5
2033,"이면도로 캠핑카로 인한 통행 문제 발생","국토교통부","2024-01-03","제안심사",5
2032,"방화문 스티커 배부 어떤가요?","경기도 고양시","2024-01-03","답변완료",12
2031,"외부강의등 신고 및 관리체계 효율성․효과성 개선 방안 제","국민권익위원회","2024-01-03","제안심사",6
2030,"공주시청 대표 누리집 하단에 팩스(FAX)번호 안내 제공","충청남도 공주시","2024-01-03","답변완료",7
2029,"인천 난임시술 칸막이 폐지 부탁드립니다","인천광역시","2024-01-03","제안심사",8
2028,"[경찰의 수사방식에 대해 무능함을 느낍니다]","경찰청","2024-01-03","제안심사",19
2027,"공용차량 이용 적정 연령 확대 필요","경기도 김포시","2024-01-03","제안심사",2
2026,"생리 결석 생리 조퇴 생리 지각의 문제점이 있습니다.","서울특별시교육청","2024-01-03","제안심사",9
2025,"'옥마산 올레길' 관광객을 불러 모으는 조형물","충청남도 보령시","2024-01-03","제안심사",8
2024,"민원이 안들어지는거 같습니다.","서울특별시 관악구","2024-01-03","제안심사",6
2023,"장애인 인권 관련 교육 강화","광주광역시교육청","2024-01-02","제안심사",3
2022,"직장인 연차제도","고용노동부","2024-01-02","제안심사",4
2021,"개인 및 사업자의 친환경 음식물쓰레기 처리기기 구입 지원정책 마련","경기도 가평군","2024-01-02","답변완료",0
2020,"모자 보건 사업 대상자 확대 필요성 제안","경기도 부천시","2024-01-02","제안심사",9
2019,"가습기살균제피해자구제","환경부","2024-01-02","제안심사",14
2018,"시설물 재공사후 공사전.후 비교확인필요","충청북도 청주시","2024-01-02","답변완료",0
2017,"효과적인 음식물쓰레기 운반방법개선","충청북도 청주시","2024-01-02","제안심사",0
2016,"진주시 청년도서구입비 지원정책","경상남도 진주시","2024-01-02","제안심사",11
2015,"운동부 최저학력제","교육부","2024-01-02","제안심사",9
2014,"강화도 김포간 초지대교 교차로 교통 흐름 개선방안","경찰청","2024-01-02","제안심사",2
2013,"기간제근로자의 업무에 대해서도 업무메뉴얼 필요","부산광역시","2024-01-02","제안심사",0
2012,"교통범칙금 및 과태료에 대한 의견제출에 관한 이의신청 변경 등","경찰청","2024-01-02","제안심사",3
2011,"덕봉산 해안생태탐방로 관광상품 제안","강원특별자치도 삼척시","2024-01-02","제안심사",0
2010,"장애인 돌봄 지원 사업의 참여 복지사 연령을 70세 이하로 상향 요청 드립니다","보건복지부","2024-01-02","제안심사",1
2009,"공원 의자 벤치 파손으로 인하여 교체 시급","경상북도 구미시","2024-01-02","답변완료",5
2008,"한국사능력검정시험 시험장소 증설요청","교육부","2024-01-02","제안심사",1
2007,"다자녀 아이들 중학교 입학 선택","교육부","2024-01-02","제안심사",3
2006,"예천군 긴급차량 우선신호 시스템 도입 후 시행하자","경상북도 예천군","2024-01-02","답변완료",3
2005,"* 예천군 가족센터 월간 일정 공유를 통한 참여율 증진!","경상북도 예천군","2024-01-02","답변완료",4
2004,"안녕하세요 감천문화마을 관광에 대한 제안드립니다.","부산광역시 서구","2024-01-02","제안심사",3
2003,"민원 기동대","경상남도 양산시","2024-01-02","제안심사",10
2002,"무방비상태환자대상성범죄의료인 고발시 신고포상제 실시제안","보건복지부","2024-01-02","제안심사",6
2001,"무방비 환자 상대 성범죄의사 신상정보공개정책 및 무방비환자보호를 위한 녹화녹음의무제 실시 제안","보건복지부","2024-01-02","제안심사",7
2000,"기획부동산 근절을 위한 농지법 개정 요청","농림축산식품부","2024-01-02","제안심사",6
1999,"화장실 물티슈 사용에 대한 인식 개선을 위한 건의","행정안전부","2024-01-02","답변완료",13
1998,"숙련 기술·예능·기능보유자 홍보 및 활용을 통한 지역사회 발전","광주광역시","2024-01-02","제안심사",8
1997,"장애인주차구역 ""라인침범"" 교통법규 기준명문화","보건복지부","2024-01-02","제안심사",5
1996,"도시정비법에 해산에 관한사항이 있는지여부?","국토교통부","2024-01-02","제안심사",12
1995,"학교 음식물 쓰레기도 탄소중립 포인트제 신설(요청) 제도개선","환경부","2024-01-02","제안심사",14
1994,"공무원들  법 해석 능력 일반인보다 부족한데 교육요청2","경기도","2024-01-02","제안심사",0
1993,"공무원들  법 해석 능력 일반인보다 부족한데 교육요청1","경기도","2024-01-02","제안심사",1
1992,"경찰의 공권력남용에 의한 정신병원 입원은 악용될 소지가 크다","보건복지부","2024-01-02","제안심사",14
1991,"지방차별을 말아 주십시오","국토교통부","2024-01-02","제안심사",20
1990,"저출산 대책: 결혼가족 지원, 신생아금융제도, 미혼자 국방세 납부 및 반환, 신혼부부/기혼부부지원, 기업지원안","저출산고령사회위원회","2024-01-01","제안심사",9
1989,"저출산 대책: 결혼가족 지원, 신생아금융제도, 미혼자 국방세 납부 및 반환, 신혼부부/기혼부부지원, 기업지원안","기획재정부","2024-01-01","답변완료",9
1988,"식약처 의권한에 대하여","식품의약품안전처","2024-01-01","제안심사",4
1987,"유치원 버스  현재운행구역 알림서비스","교육부","2024-01-01","제안심사",2
1986,"현재의 현판은 한글로 ""광화문""으로 표시되어 설치되어 있습니다. 이 현판을  표의어인 ""光化門""으로 현판을 원래 되로 바꾸어 주십시요","문화재청","2024-01-01","제안심사",14
1985,"오송 돌봄 문제 해결","충청북도 청주시","2024-01-01","제안심사",0
1984,"마을버스운행 확대","경상남도 창녕군","2024-01-01","제안심사",6
1983,"구도심지역에 주차장을  확충해주세요","경상남도 진주시","2024-01-01","제안심사",8
1982,"도로변 갈수 관목 여화칼슘 살포시 보호대책으로 보호책설치시 엄청나 살포차량에 도로밖으로 염화칼슘 안나가는 장치 필요","행정안전부","2024-01-01","제안심사",0
1981,"계룡시 민원실 출입문 친절문구 부착 제안","충청남도 계룡시","2024-01-01","제안심사",2
1980,"2023년 공공데이터 공통표준용어 확대","행정안전부","2024-01-01","답변완료",0
1979,"모바일 운전면허증 민간 개방","행정안전부","2024-01-01","제안심사",1
1978,"규제권한 지방이양","행정안전부","2024-01-01","제안심사",0
1977,"영아(24개월 미만)를 위한 어린이집 확대","보건복지부","2024-01-01","제안심사",4
1976,"동물보호법 개정","농림축산식품부","2024-01-01","제안심사",4
1975,"고위공직자 현장체험  년의무 가점제 제안","인사혁신처","2024-01-01","제안심사",0
1974,"대중교통 안내방송","서울특별시","2024-01-01","제안심사",5
1973,"재난시 라디오청취 문제","국토교통부","2024-01-01","제안심사",1
1972,"임대인의 임대차 보증금반환 통보명령","법무부","2024-01-01","제안심사",20
1971,"'김유신 거리'에 식물화분을 놓아 밝고 활기찬 거리 조성 요함","울산광역시 남구","2024-01-01","제안심사",9
1970,"지하철 좌석 재배치 건의","서울특별시","2024-01-01","제안심사",1
1969,"자녀관련","보건복지부","2024-01-01","답변완료",7
1968,"택시대란","국토교통부","2024-01-01","제안심사",13
1967,"교권회복회복을 위한 “아동학대처벌법”개정 방안(심사 요약자료)","교육부","2024-01-01","제안심사",1
1966,"1회용품 규제의 권한을 광역지방자치단체에 일부 위임해주세요","환경부","2024-01-01","답변완료",11
1965,"학교 환경관리 기존처럼 정상적으로 환경부에서 담당하게 해주세요.","환경부","2024-01-01","제안심사",10
1964,"동물원에서 사자 밥(닭사료)주는.. 사육사가 나이가 벌써 50~60대 아닌가요?","환경부","2024-01-01","제안심사",10
1963,"종이빨대의 문제","환경부","2024-01-01","제안심사",17
1962,"재활용 쓰레기 위임 처리 종량제 봉투","환경부","2024-01-01","답변완료",6
1961,"분리수거 본인인증제도","환경부","2024-01-01","제안심사",9
1960,"친환경우산빗물제거기 확대 및 의무화","환경부","2024-01-01","제안심사",0
1959,"친환경 생활용품 사용 확대를 위한 몇가지 제안","환경부","2024-01-01","답변완료",3
1958,"크로스핏의 진동 소음문제와 5분 평균 측정 피해 기준의 문제점","환경부","2024-01-01","제안심사",11
1957,"크로스핏의 진동 소음문제와 5분 평균 측정 피해 기준의 문제점","문화체육관광부","2024-01-01","제안심사",11
1956,"리튬 폐배터리 수집 체제 구축","환경부","2024-01-01","제안심사",6
1955,"엔진생산을 마약생산처럼 불법화해야 함","외교부","2024-01-01","제안심사",2
1954,"국토교통부의 법인 업무용승용차 전용번호판 도입","국토교통부","2024-01-01","제안심사",8
1953,"농식품부의 농촌주택개량사업 개선방안","농림축산식품부","2024-01-01","제안심사",1
1952,"초중고 교육공무원의 정년 단축","교육부","2024-01-01","제안심사",6
1951,"장관표창 부상 (만년필) 에 대해 시상 전 담당자의 요청","행정안전부","2024-01-01","제안심사",0
1950,"현재 서울 광화문에 입구 새겨진 현판 ""광화문""의 현판을 ""光化門""으로 현판을 바꾸어야 합니다.","문화재청","2024-01-01","제안심사",7
1949,"등하교길 안전알리미- 인도위 시청각장치 설치 및 위험알림 서비스","교육부","2024-01-01","답변완료",2
1948,"계룡시 재능공유 플랫폼 _계룡이","충청남도 계룡시","2023-12-31","제안심사",0
1947,"안전 전광판 설치","충청남도 계룡시","2023-12-31","제안심사",1
1946,"고령자의 디지털 격차 해결 방안 제안","과학기술정보통신부","2023-12-31","답변완료",2
1945,"※법제처에 '국가법령정보센터' 내 '지방자치법' 하위에 '지방분권균형발전법' 등을 추가해 법령체계도 정비 제안의 件 _ 2023ㆍ12ㆍ31.","법제처","2023-12-31","제안심사",1
1944,"저출산정책 제안","기획재정부","2023-12-31","답변완료",3
1943,"저출산정책 제안","보건복지부","2023-12-31","제안심사",3
1942,"공중위생관리법 개정 건의","보건복지부","2023-12-31","제안심사",12
1941,"공무원재해보상법의 간병비 지급기준을 개정바랍니다.","인사혁신처","2023-12-31","제안심사",1
1940,"전산볼트용 추락방지대 안전관리비 진행추진","고용노동부","2023-12-31","제안심사",2
1939,"아파트 비상계단  방화문 닫기 생활화 및  관리실에서  주기적으로  점검하기","소방청","2023-12-31","제안심사",2
1938,"서남권추모공원","전라북도 정읍시","2023-12-31","답변완료",0
1937,"현재 통용 하고 있는, 우리 대중가요의 한 장르인 '트로트' 용어를, 우리 말 고유의 명칭(단어/용어)인 '아랑가'로 변경하는 캠페인을 정부(문화체육관광부) 주관으로 전개","문화체육관광부","2023-12-31","답변완료",11
1936,"나무 식재와 관리, 예산 절감과 효율성 및 환경 개선을 위한 개선된 지침 제안","서울특별시 서대문구","2023-12-31","제안심사",3
1935,"국가지점 번호판에 지역 표시","행정안전부","2023-12-31","답변완료",1
1934,"하남시 신장 도서관 청소 도구함 측면에 표시된 [하남시신 장도서관] 표기 수정 방안","경기도 하남시","2023-12-31","답변완료",2
1933,"교육기관제도","교육부","2023-12-31","제안심사",0
1932,"교육기관제도","보건복지부","2023-12-31","제안심사",0
1931,"불합리한 장애인 정책","고용노동부","2023-12-31","제안심사",1
1930,"호탄동 남강 둔치 활용방안","경상남도 진주시","2023-12-31","제안심사",6
1929,"각 지방 자치제의 예산 사용방법을 개정해 주세요","행정안전부","2023-12-31","제안심사",3
1928,"계룡시를 위한 통합적 재난 관리 및 안전 대책 구축","충청남도 계룡시","2023-12-31","답변완료",2
1927,"광고 표시에 있어 영어 ""AD"" 사용을 지양하는 안","공정거래위원회","2023-12-30","답변완료",12
1926,"대전시도 정당 현수막 제한 해주세요","대전광역시","2023-12-30","답변완료",8
1925,"도담삼봉 입구 (성신양회  좌측담) 관광벽화 재구성.","충청북도 단양군","2023-12-30","답변완료",4
1924,"초등학교 돌봄 누구나 이용 가능하게 해 주세요","경기도교육청","2023-12-30","제안심사",10
1923,"출생아 증가를 위한 방법","고용노동부","2023-12-30","제안심사",33
1922,"출생아 증가를 위한 방법","국토교통부","2023-12-30","제안심사",33
1921,"디지털 노마드의 세계, 계룡시에서의 새로운 시작","충청남도 계룡시","2023-12-30","제안심사",0
1920,"면사무소직원및 이장교육","전라남도 무안군","2023-12-30","답변완료",17
1919,"간선버스 노선들과 중복되는 일반버스 노선 통폐합 및 배차간격 단축 건의","전라북도 전주시","2023-12-30","답변완료",2
1918,"평창군내에 전기차 완속충전기를 보급해주세요!","강원특별자치도 평창군","2023-12-30","제안심사",0
1917,"계룡시 방위산업 클러스터 조성 (미래 국방 기술의 중심지로의 도약)","충청남도 계룡시","2023-12-30","제안심사",1
1916,"봉화 영어마을 유치 건","경상북도 봉화군","2023-12-30","제안심사",8
1915,"[대한민국 국민신문고ㆍ정부부처 7차 청원서] 내적(자가면역능)-외적(타가면역) 의료정책에 균형을 잡아 진실한 의학교육 실현 및 자가 항상성 유지능 회복 의료정책 도입과 약제중심의학과의 공존을 위한 청원건.","보건복지부","2023-12-30","제안심사",0
1914,"신분을 알려주세요.","경찰청","2023-12-30","제안심사",3
1913,"농촌인력 확대/유입 방안","충청북도 보은군","2023-12-30","제안심사",0
1912,"보은군 지역경제 활성화 (모임회비 캐시백 지원)","충청북도 보은군","2023-12-30","제안심사",0
1911,"서울시 지하철 교통카드 재발급 수수료 낯추어 주셔요~!","서울특별시","2023-12-29","제안심사",1
1910,"국가보훈대상자(생활조정수당 해당) 학습보조비 인상 검토 요청","국가보훈부","2023-12-29","답변완료",85
1909,"마약정책에 대하여","경찰청","2023-12-29","제안심사",4
1908,"저출산 위기극복 다자녀 지원 대폭 강화 제안 건","보건복지부","2023-12-29","제안심사",5
1907,"대전 예술가의 집을 활성화 해주세요.","대전광역시","2023-12-29","제안심사",1
1906,"보은군 ~ 속리산 구간 관광 활성화 방안 (트램)","충청북도 보은군","2023-12-29","답변완료",0
1905,"중구에도 눈썰매장 열어주세요.","대전광역시 중구","2023-12-29","제안심사",4
1904,"보은군 관광활성화 (주차장)","충청북도 보은군","2023-12-29","제안심사",0
1903,"초등교과서 마치면 집으로 보내주기","경상남도교육청","2023-12-29","제안심사",3
1902,"논가 벌목","전라남도 함평군","2023-12-29","답변완료",3
1901,"성인오락 운영제도 개선","문화체육관광부","2023-12-29","제안심사",11
1900,"어린이시설 사고배상책임보험과 학교안전공제회 중복 가입 개선을 위한 학교안전공제회 보장 범위 확대","교육부","2023-12-29","제안심사",0
1899,"다산동 신호등 설치 요청입니다","경찰청","2023-12-29","제안심사",1
1898,"장애인차량구입 배기량 상향조정","행정안전부","2023-12-29","제안심사",4
1897,"전문 과학 기술 분야 저술가의 산업분류코드 신설 제안드립니다.","통계청","2023-12-29","제안심사",2
1896,"화물자동차 공제조합 존립여부","국토교통부","2023-12-29","제안심사",10
1895,"야간 스포츠 문화 활성화 사업 제안(밤에도 자전거 전조등 및 발광장치 착용지원으로 HIP하게)","강원특별자치도","2023-12-29","답변완료",3
1894,"농촌주택개량사업 대상자 신청기간을 차기년도 10월에 실시하여 원활한 사업진행을 할 수 있도록 해주세요.","농림축산식품부","2023-12-29","답변완료",1
1893,"좌합류도로 표시 추가요청","경기도 고양시","2023-12-29","답변완료",0
1892,"현행 운전경력증명서 서식에 내용 변경","경찰청","2023-12-29","답변완료",2
1891,"미성년자 술 담배 구입 취식 등으로 인한 소상공인 피해 방지한","여성가족부","2023-12-29","제안심사",17
1890,"장애인의 개인정보을 보호받아야 합니다","교육부","2023-12-29","제안심사",1
1889,"한국승강기안전공단의 승강기 검사안내 절차 개선에 관한 사항","행정안전부","2023-12-29","제안심사",9
1888,"중국 1688의 한국 진출을 막아야 합니다. 나라 망합니다..","산업통상자원부","2023-12-29","제안심사",14
1887,"중국 1688의 한국 진출을 막아야 합니다. 나라 망합니다..","산업통상자원부","2023-12-29","제안심사",14
1886,"설, 추석명절 연휴관련 대체휴일 조정요청","인사혁신처","2023-12-29","답변완료",14
1885,"출산장려 정책의 문제점(다자녀 가정)","보건복지부","2023-12-29","제안심사",87
1884,"출산장려 정책의 문제점(다자녀 가정)","행정안전부","2023-12-29","제안심사",87
1883,"출산장려 정책의 문제점(다자녀 가정)","국토교통부","2023-12-29","제안심사",87
1882,"출산장려 정책의 문제점(다자녀 가정)","기획재정부","2023-12-29","제안심사",87
1881,"부모급여 (양육수당) 및 아동수당의 불합리한 부분에 대한 민원","보건복지부","2023-12-29","제안심사",15
1880,"대표이사이나 특수관계자의 가지급금이나 대여금의 상여처리를 특수관계 해지때까지 기다리지말고 소득세를 걷자","기획재정부","2023-12-29","제안심사",1
1879,"마약중범죄자들 보속금받고 풀어주지않기. 마약전과자들 해마다 조사.처벌하기","대검찰청","2023-12-29","제안심사",0
1878,"대중교통 예약시스템 일원화","경기도","2023-12-29","제안심사",3
1877,"철로 밑 보행자 통로 만들어 주세요.","경상북도 의성군","2023-12-29","제안심사",11
1876,"병원 예약시스템 개발요청","보건복지부","2023-12-29","제안심사",5
1875,"대한 축구 협회의 부실 행정과 경영 방만, 장비 관리 소홀의 개선점","문화체육관광부","2023-12-28","제안심사",5
1874,"대중교통(시내버스, 택시)  승객하차 시 안내멘트 보완 시행","경상남도 창원시","2023-12-28","제안심사",4
1873,"소방관, 군인, 경찰관들의 의료기관 이용시 대기 시간 최소화","보건복지부","2023-12-28","제안심사",7
1872,"영동읍 용두공원 앞 가로화단 월동 조경수","충청북도 영동군","2023-12-28","답변완료",2
1871,"스핀라자의 투여중단 문제","보건복지부","2023-12-28","답변완료",4
1870,"중장년층내일센터과 관련된 면접관들의 만행들","고용노동부","2023-12-28","제안심사",0
1869,"LH의 황당한 답변","국토교통부","2023-12-28","제안심사",4
1868,"교복 지원금 누구를 위한 것인가!","부산광역시교육청","2023-12-28","제안심사",6
1867,"무안황토 갯벌랜드 찜질방 운영 중단에 반대합니다.","전라남도 무안군","2023-12-28","답변완료",11
1866,"투표. 선거휴무일 제안","인사혁신처","2023-12-28","답변완료",3
1865,"산정특례 제도 개선","보건복지부","2023-12-28","제안심사",12
1864,"2024년 3월부터 시행되는 학생운동선수 최저학력제에 따른 대회 출전 금지 조항 재검토","교육부","2023-12-28","제안심사",4
1863,"연현마을 공영개발 건","경기도 안양시","2023-12-28","답변완료",16
1862,"정부에서 HWPX로 작성된 파일을 좀 더 보편적인 파일로 작성하여 주시기를 바랍니다.","행정안전부","2023-12-28","답변완료",4
1861,"초등학교 입학지원금 없는지요?","경기도 고양시","2023-12-28","답변완료",2
1860,"대전 지하철 1일권 신설에 관하여","대전광역시","2023-12-28","제안심사",4
1859,"2024년도에 반려동물 및 동물에 대한 제정법이 새로 제정되기를 요청드리며 제안을 합니다.","농림축산식품부","2023-12-28","제안심사",2
1858,"목포시 관광여행 장려금의 지원대상을 좀 더 완화해주세요.","전라남도 목포시","2023-12-28","제안심사",1
1857,"전주시는 부족한 체육시설 임대하여 활용합시다","전라북도 전주시","2023-12-28","답변완료",2
1856,"점핑 다이어트를 체력단련장업으로 추가하여 주시기 바랍니다.","문화체육관광부","2023-12-28","제안심사",13
1855,"저출산고령화정책 국정감사 실시 및 대국민보고 후 피드백 제안","저출산고령사회위원회","2023-12-28","답변완료",4
1854,"고양시 주간보호센터의 설립인가에 대한 제안","경기도 고양시","2023-12-28","답변완료",0
1853,"대기 발전소","경상남도 진주시","2023-12-28","제안심사",4
1852,"영화 같은 시민 이야기 공모전을 제안합니다","전라북도 전주시","2023-12-28","답변완료",0
1851,"유아 정기 성교육 ,언어폭력정보기기에대한 폭력교육","교육부","2023-12-28","제안심사",0
1850,"유아 정기 성교육 ,언어폭력정보기기에대한 폭력교육","보건복지부","2023-12-28","제안심사",0
1849,"오송읍 일대에 반려견 공원, 반려견 놀이터 시설 조성 바랍니다.(시민 의견 제안합니다)","충청북도 청주시","2023-12-28","제안심사",0
1848,"건설근로자공제금  법을 개정 또느완화해주시길 두손모아   간곡히  부탁드립니다","고용노동부","2023-12-28","제안심사",6
1847,"검사 기간 경과 통지 안내 방식 확대 필요","경기도 김포시","2023-12-28","제안심사",16
1846,"대여자전거","충청남도 계룡시","2023-12-28","제안심사",1
1845,"버스 전용차로 문제 개선","대전광역시","2023-12-28","제안심사",7
1844,"건강한 행복한 함평 천지인 황토길 조성  제안","전라남도 함평군","2023-12-28","제안심사",1
1843,"연금 인상 방법 개선","보건복지부","2023-12-28","제안심사",14
1842,"성남시외버스터미널은 폐업했지만 담배꽁초 지옥은 사라지지 않았습니다.","경기도 성남시","2023-12-28","제안심사",0
1841,"도로 바닥에 배방역 주차장과 시청방향 표시(글자와 화살표)를 하여 식별 용이하도록 해주기를 제안합니다.","충청남도 아산시","2023-12-27","제안심사",0
1840,"산림바우처 제도에서 바우처 카드의 문제점","산림청","2023-12-27","제안심사",25
1839,"페트병 열 개, 스무 개와 5리터 종량제 봉투 교환 방식을 개선해주세요.","충청남도 아산시","2023-12-27","답변완료",2
1838,"국악 체험촌 앞 도로 과속 신호위반 단속카메라 설치","경찰청","2023-12-27","제안심사",0
1837,"대전형 양육기본수당 축소 통보건","대전광역시","2023-12-27","제안심사",11
1836,"「2028학년도 대입제도 개편 교육부 확정안」에 관하여","교육부","2023-12-27","제안심사",3
1835,"2024년 신재생에너지보급(주택지원)사업 공고문 시정 건의","산업통상자원부","2023-12-27","제안심사",11
1834,"개인택시양수교육 문제점","국토교통부","2023-12-27","제안심사",8
1833,"과태료 납부 시 납부 확인 문자 전송","경찰청","2023-12-27","제안심사",1
1832,"건물 장애인 주차시설를 임신부 구역과 겸용 활용에 대한 제안","서울특별시","2023-12-27","답변완료",5
1831,"경기도 감사과","경기도","2023-12-27","제안심사",3
1830,"국적선택 신고( 및 중국 국적 불행사 서약)","법무부","2023-12-27","답변완료",26
1829,"울산광역시 중구 약사경로당 간판 개선의 件","울산광역시 중구","2023-12-27","제안심사",6
1828,"지하철 대신 선로없는 전기 철도 설치를 고려해 주세요.","대구광역시","2023-12-27","답변완료",21
1827,"치매예방 의무 교육 실시","보건복지부","2023-12-27","제안심사",13
1826,"욕실환풍기 소음이 심해서 욕실 환풍기를 내돈주고 구입하였고 12월27일 관리실 직원분이 방문해서 내가 새로 구입한 환풍기를 교체해주는데  그런데 기존에 있어야하는 환풍기 소음을 줄여주는 엘보등이 여기는 없","서울특별시","2023-12-27","제안심사",4
1825,"쌀지원사업 보안점","농림축산식품부","2023-12-27","답변완료",16
1824,"자할근로 임금문제","보건복지부","2023-12-27","제안심사",14
1823,"억지황제노조 순위발표 제안","고용노동부","2023-12-27","제안심사",7
1822,"정규직(대기업 직원 등)과 같은 일을 하지만 임금차별을 비정규직(하청업체 직원 등)에게 정당한 임금을 받을 수 있도록 구제기관의 설립 및 인적물적법적 지원증대 및 공론화제안","고용노동부","2023-12-27","제안심사",7
1821,"농림식품부에서 농정원으로 전달하는 제안시스템 구축으로 제안자의 불만해소 및 국민제안제도 활성화","농림축산식품부","2023-12-27","제안심사",7
1820,"도로명 주소와 토지대장 주소 차이로 우편 배송 오류 및 혼선 개선을 위해서 행정안전부의 주소 시스템 문제점 확인 및 개선요청 제안합니다..","행정안전부","2023-12-27","답변완료",7
1819,"어린이집 선생님 당 아이수를 줄여주세요","보건복지부","2023-12-27","제안심사",7
1818,"진양호 팔각정","경상남도 진주시","2023-12-27","제안심사",8
1817,"노인보호구역 지정 확대 건의서","경상북도 영주시","2023-12-27","답변완료",6
1816,"선암호수공원 출렁다리","울산광역시 남구","2023-12-27","답변완료",11
1815,"저출산 극복을 위한 아동수당 지급 및 정부조직 일원화 제안","보건복지부","2023-12-27","제안심사",48
1814,"무인발급기(등본, 가족관계증명서 영문 추가건)","행정안전부","2023-12-27","답변완료",9
1813,"지역살리기 프로젝트","충청북도 괴산군","2023-12-27","제안심사",0
1812,"노인과 젊은층이 같이 활동할 수 있는 장소가 필요합니다","전라북도 전주시","2023-12-27","답변완료",0
1811,"지역별로 출생아 수 알림표 시행했으면 합니다","저출산고령사회위원회","2023-12-27","제안심사",0
1810,"창원 북면 온천초등학교 ""열두송원"" 소나무 보호수 관리 건의","경상남도 창원시","2023-12-27","제안심사",5
1809,"미래를 위한 창의성과 혁신성의 육성","교육부","2023-12-27","제안심사",3
1808,"미래를 위한 STEM 교육 강화를 통한 창의성과 혁신성의 육성","교육부","2023-12-27","제안심사",1
1807,"개비 담배 불법이 흡연을 더 유발합니다.","기획재정부","2023-12-27","제안심사",12
1806,"영어회화 강좌 개설 요청건","광주광역시 동구","2023-12-27","제안심사",7
1805,"아파트에 설치된 완강기의 사용방법 안내","소방청","2023-12-27","제안심사",3
1804,"장소:고강지하도교차로 전 (인천 및 고강동방향->화곡로입구 방향) 끼어들기 방지 대책안","경찰청","2023-12-27","답변완료",0
1803,"음주운전 처벌 강화","경찰청","2023-12-26","제안심사",8
1802,"화재사고 7개월 아이 아빠","보건복지부","2023-12-26","답변완료",13
1801,"생활공감 국민행복 누리집 이용 만족도 조사의 件","행정안전부","2023-12-26","제안심사",0
1800,"동대구더센트로데시앙 정문 앞 횡단보도 설치 요청의 건","경찰청","2023-12-26","제안심사",0
1799,"예산없이 국민통합연금설립(제안)","보건복지부","2023-12-26","제안심사",0
1798,"울산대공원 내 휴식처(풍차인근) 가추 설치 제안","울산광역시","2023-12-26","제안심사",7
1797,"장애인 활동지원 시스템변경","보건복지부","2023-12-26","답변완료",14
1796,"용인 상징 문구와 조아용 굿즈","경기도 용인시","2023-12-26","답변완료",4
1795,"시험자격 보완 요청","중소벤처기업부","2023-12-26","제안심사",3
1794,"신동교부터 현충사 IC 전까지 도로 양 옆으로 상시 국기 게양과 화분걸이 설치(제철 화분 장식)를 제안합니다.","충청남도 아산시","2023-12-26","제안심사",1
1793,"충청북도는 방학기간 대학생 아르바이트기간을 50여일로 연장바랍니다.","충청북도","2023-12-26","답변완료",1
1792,"의료기관 대기 어플의 공영화 필요(유료앱 똑딱 노!)","보건복지부","2023-12-26","제안심사",18
1791,"고령 저출산 대책을 위한 육아시간 운영 현실화 및 정부업무평가에 반영","인사혁신처","2023-12-26","제안심사",9
1790,"시민의 안전한 보행을 위한 보행로 설치 제안","경기도 김포시","2023-12-26","제안심사",6
1789,"모든 중고등학교를 남녀공학으로 바꾸자","교육부","2023-12-26","제안심사",1
1788,"장애인 일자리 선정 기준표 개선방안","보건복지부","2023-12-26","답변완료",18
1787,"운전중 반려동물 관리","경찰청","2023-12-26","제안심사",0
1786,"생활공감정책참여단의 시상 관련 투명성과 공평성을 위한 점수 공개","행정안전부","2023-12-26","제안심사",2
1785,"이해충돌 방지 제언","행정안전부","2023-12-26","제안심사",9
1784,"이해충돌 방지 제언","국토교통부","2023-12-26","제안심사",9
1783,"6+6 육아휴직 제도 형평성 관련","고용노동부","2023-12-26","제안심사",6
1782,"중요수출기업노조의불법부당파업경감 및 정당파업증진에 관한 법률 제정 제안","고용노동부","2023-12-26","제안심사",1
1781,"현역재입대(소령,상사) 대상 확대","국방부","2023-12-26","제안심사",14
1780,"의정부 주민 시설의 원활한 운영을 위한 안","경기도 의정부시","2023-12-26","제안심사",6
1779,"화성시 내 농작업(영농)대행서비스 도입 및 실행","경기도 화성시","2023-12-26","답변완료",2
1778,"기후변화 위기대응을 위한 탄소중립을 위한 신재생에너지 증가 관련 교과서 내용 추가 요청","교육부","2023-12-26","제안심사",0
1777,"김해 청년 자격증 시험 응시료 지원 사업 대상 자격증 확대 건의","경상남도 김해시","2023-12-26","답변완료",6
1776,"노인회관 이용","광주광역시 서구","2023-12-26","제안심사",6
1775,"민원처리 고객 만족도 조사방식 개선의 件","울산광역시","2023-12-26","답변완료",7
1774,"퇴직자에 한하여 만나이 적용일을 만나이가 되는 첫날이 아닌 만나이 마지막일을 적용한다.","고용노동부","2023-12-26","제안심사",1
1773,"요정컴미를 국립세종도서관에서도 dvd로 보게 해주세요","문화체육관광부","2023-12-26","답변완료",6
1772,"자영업자지원대책-온라인업체쿠팡등세금부과","기획재정부","2023-12-26","답변완료",7
1771,"골목길 스마트 가로등 설치","경기도 안산시","2023-12-25","답변완료",14
1770,"근로소득 연말정산중 교육비세액공제 직계존속","기획재정부","2023-12-25","제안심사",9
1769,"근로소득 연말정산중 의료비세액공제 판단","기획재정부","2023-12-25","제안심사",7
1768,"근로소득 연말정산중 생산직근로자 등의 야간근로수당등 비과세 관련입니다.","기획재정부","2023-12-25","제안심사",3
1767,"침산남로에서 (칠성시장로 진입로) 칠성고가차도  차선 변경 표시를 제안합니다.","대구광역시","2023-12-25","답변완료",6
1766,"근로소득 연말정산중 실손의료보험금을 지출하는 연도에 의료비세액 공제받는것으로 개정","기획재정부","2023-12-25","제안심사",3
1765,"근로소득에 대한 연말정산중 세대주인 경우만 공제되는 것 개정","기획재정부","2023-12-25","제안심사",4
1764,"무안군 지역 균형","전라남도 무안군","2023-12-25","제안심사",5
1763,"신암공원","대구광역시 동구","2023-12-25","제안심사",8
1762,"LMNA-Related Dilated Cardiomyopathy의 배아·태아 대상 유전자검사 질환 확대 요구합니다.","보건복지부","2023-12-25","답변완료",2
1761,"옥천 부소담악 둘레길 메트설치 제안","충청북도 옥천군","2023-12-25","제안심사",5
1760,"초중고 학생평가 기술에 대하여  재고할  점","교육부","2023-12-25","제안심사",2
1759,"무인교통단속장비(CCTV)와 행정간판 설치 거리 근거 지침 마련 필요","경찰청","2023-12-25","제안심사",0
1758,"여성가족부의 역할 강화","보건복지부","2023-12-25","제안심사",9
1757,"여성가족부의 역할 강화","고용노동부","2023-12-25","제안심사",9
1756,"소멸지역 시군을 찾고 보며 맛볼 수 있는 국민 내비와 활성화 방안 제안","문화체육관광부","2023-12-25","제안심사",0
1755,"광역버스 대기라인 표기","서울특별시","2023-12-25","제안심사",10
1754,"비자숲 힐링센터 안내 표지판 개선 요구","제주특별자치도","2023-12-25","답변완료",2
1753,"이해충돌 방지를 위한 제안","국토교통부","2023-12-25","제안심사",0
1752,"이해충돌 방지를 위한 제안","행정안전부","2023-12-25","제안심사",0
1751,"서민 지원 유감","금융위원회","2023-12-25","제안심사",5
1750,"장애인주차구역 불법주차","보건복지부","2023-12-25","제안심사",18
1749,"포항 운하관 건너편 도로의 운하관 출입구 계단 개선","경상북도 포항시","2023-12-25","답변완료",5
1748,"플랫폼 규제은 시대에 역행하는 오류입니다","공정거래위원회","2023-12-25","제안심사",2
1747,"장애연금에 대해","보건복지부","2023-12-25","답변완료",7
1746,"충주시 복지센터내 민원용 프린트 부탁합니다.","충청북도 충주시","2023-12-25","답변완료",5
1745,"동물판매업.물품판매업 코드 분리시켜주세요","농림축산식품부","2023-12-24","제안심사",5
1744,"지중해 마을 개선 및 홍보방안","충청남도 아산시","2023-12-24","제안심사",0
1743,"학점은행제 (재학, 졸업) 증명서 발급시 입학일 표시 제안","교육부","2023-12-24","제안심사",2
1742,"농지원부 민원 발급기가설치 된 곳에서는 발급 가능 하도록","농림축산식품부","2023-12-24","제안심사",0
1741,"환경교육 의무화","교육부","2023-12-24","답변완료",2
1740,"친환경 생분해 소재 현수막의 사용 확대 및 의무화","행정안전부","2023-12-24","제안심사",1
1739,"소방안전시설 등의 외부 표시(픽토그램) 법제화 또는 의무화","소방청","2023-12-24","제안심사",6
1738,"가로수 식수 시 탄소를 흡수하는 나무종들로 우선 고려해주세요!","산림청","2023-12-24","제안심사",1
1737,"전기안전관리법 시행규칙 별표 17(사고조사자의 지정요건 제43조 제3항관련 ) 전기기능장 배제관련","산업통상자원부","2023-12-24","답변완료",8
1736,"남산고등학교 맞은편 신천동로 산책로 출입계단 정비 요청","대구광역시 수성구","2023-12-24","제안심사",1
1735,"큰아버지 6.25전쟁 사망자에 대한 예우 검토요망","국가보훈부","2023-12-24","제안심사",33
1734,"큰아버지 6.25전쟁 사망자에 대한 예우 검토요망","행정안전부","2023-12-24","답변완료",33
1733,"국립부여박물관 백제금동대향로","문화체육관광부","2023-12-24","제안심사",2
1732,"건강보험료 부과기준(금융소득)개선방안 건의","보건복지부","2023-12-24","답변완료",3
1731,"소방안전관리자 책임 감소 및 사업주 책임 강화","소방청","2023-12-24","제안심사",7
1730,"에너지 산업의 지속가능한 전환을 위한 정책 제안","산업통상자원부","2023-12-24","제안심사",0
1729,"환자수 대 간호인력 산정 시 표기법 변경","보건복지부","2023-12-24","제안심사",4
1728,"전국구 지자체가 불법을 키웠습니다","농림축산식품부","2023-12-24","제안심사",6
1727,"동네작가 콘텐츠 등록방법 개선","농림축산식품부","2023-12-24","제안심사",2
1726,"저출산문제는 국가서 공동육아입니다","부산광역시교육청","2023-12-24","제안심사",10
1725,"강남구민을 위한 효율적인 골목길 번호 표지판 제안","서울특별시 강남구","2023-12-24","답변완료",36
1724,"고발 사건에 대해서 불송치처리될 경우 이의 신청이 되게 해 주세요","대검찰청","2023-12-24","답변완료",3
1723,"고발 사건에 대해서 불송치처리될 경우 이의 신청이 되게 해 주세요","경찰청","2023-12-24","제안심사",3
1722,"용인특례시-한국외국어대학교(글로벌캠퍼스) 협력 제안서   -상호문화도시를 위한 지역사회통역과 상호문화 캠프를 중심으로","경기도 용인시","2023-12-23","제안심사",3
1721,"장애아 출산율을 낮출 수 있도록 신혼부부와 임산부에게 유전질환 검사를 필수로 시행해주세요.","보건복지부","2023-12-23","제안심사",5
1720,"전자 신분증 장애인 복지카드 담다","행정안전부","2023-12-23","제안심사",0
1719,"시민정원사 구성 운영건","경기도 광주시","2023-12-23","제안심사",2
1718,"대한민국 저출산 가장 큰 원인은?","보건복지부","2023-12-23","제안심사",7
1717,"대한민국 저출산 가장 큰 원인은?","고용노동부","2023-12-23","제안심사",7
1716,"노인층 낙상 예방을 위한 제안","질병관리청","2023-12-23","답변완료",5
1715,"청각장애 시민들을 위한 경찰서 연락가능 방법 개선 요청드립니다. (유선이 아닌 문자 등)","경찰청","2023-12-23","제안심사",3
1714,"청각장애심사제도 개선 요청드립니다.","전라북도 전주시","2023-12-23","답변완료",3
1713,"도량동 꽃동산 맨발걷기길 조성 요청","경상북도 구미시","2023-12-23","답변완료",8
1712,"초과사망","통계청","2023-12-23","답변완료",7
1711,"충남 계룡시 공유누리 정비 및 활성화 제안","충청남도 계룡시","2023-12-23","제안심사",1
1710,"프로그램에 대한 다듬은 말 추천","문화체육관광부","2023-12-23","답변완료",2
1709,"대학 학벌 위주가 아닌 능력 위주의 사회 제도 도입","고용노동부","2023-12-23","제안심사",0
1708,"대학 학벌 위주가 아닌 능력 위주의 사회 제도 도입","인사혁신처","2023-12-23","제안심사",0
1707,"대학 학벌 위주가 아닌 능력 위주의 사회 제도 도입","교육부","2023-12-23","제안심사",0
1706,"교육 불평등 해소를 위한 정책 제안서","인천광역시교육청","2023-12-22","답변완료",4
1705,"고령화 독거노인 복지 확대","보건복지부","2023-12-22","답변완료",8
1704,"김포시의 육아지원 정책 확대 관심도가 궁금합니다","경기도 김포시","2023-12-22","제안심사",1
1703,"의료수급자에 대한 응급진료센타 이용관련입니다.","보건복지부","2023-12-22","답변완료",4
1702,"정년후 인건비 지원금 나이제한","경기도 하남시","2023-12-22","제안심사",3
1701,"컨벤션센터 활용","경상북도 구미시","2023-12-22","제안심사",4
1700,"해외의 치매예방관련품의 일부에 식약처에서 금지한 물질이 소량이라도 포함되어 있다고 의사처방전도 없이도 구매할 수 있는 미국FDA도 승인한 물품을 구매를 못 하게 하지 마십시요","식품의약품안전처","2023-12-22","제안심사",2
1699,"의사 면허를 보건복지부에서 직접 관리하세요","보건복지부","2023-12-22","제안심사",9
1698,"어씽을 하기위한 황톳길 등산로 제안","전라북도 전주시","2023-12-22","답변완료",0
1697,"공무원 연수 나이스 연동 개선 제안","교육부","2023-12-22","답변완료",0
1696,"전주시내버스 개선에 관한 제안","전라북도 전주시","2023-12-22","답변완료",4
1695,"부산에 경기장이나 공연장을 지어주세요","부산광역시","2023-12-22","제안심사",4
1694,"중랑구민을 위한 효율적인 골목길 번호 표지판 제안","서울특별시 중랑구","2023-12-22","답변완료",5
1693,"중구민을 위한 효율적인 골목길 번호 표지판 제안","서울특별시 중구","2023-12-22","답변완료",23
1692,"은평구민을 위한 효율적인 골목길 번호 표지판 제안","서울특별시 은평구","2023-12-22","제안심사",6
1691,"송파구민을 위한 효율적인 골목길 번호 표지판 제안","서울특별시 송파구","2023-12-22","답변완료",2
1690,"성북구민을 위한 효율적인 골목길 번호 표지판 제안","서울특별시 성북구","2023-12-22","답변완료",24
1689,"동대문구민을 위한 효율적인 골목길 번호 표지판 제안","서울특별시 동대문구","2023-12-22","제안심사",1
1688,"국민연금대출","보건복지부","2023-12-22","답변완료",4
1687,"구로구민을 위한 효율적인 골목길 번호 표지판 제안","서울특별시 구로구","2023-12-22","답변완료",8
1686,"백해무익한  현수막 우리가 없애자","행정안전부","2023-12-22","제안심사",3
1685,"광진구민을 위한 효율적인 골목길 번호 표지판 제안","서울특별시 광진구","2023-12-22","제안심사",0
1684,"학교 환경관리 기존처럼 정상적으로 환경부에서 담당하게 해주세요.","교육부","2023-12-22","제안심사",3
1683,"학교 환경관리 기존처럼 정상적으로 환경부에서 담당하게 해주세요.","환경부","2023-12-22","제안심사",3
1682,"노인복지시설 차량 외부색상 동일화 요청","보건복지부","2023-12-22","제안심사",3
1681,"중,고등학교 학생선수들의 학폭 상황과 경기 출전의 관계 법령으로 인해 현장은 아수라장이 되었습니다. 개선 하여주시기 바랍니다.","문화체육관광부","2023-12-22","답변완료",22
1680,"버스정류장 '온열의자' 설치 부탁드립니다.","인천광역시 부평구","2023-12-22","제안심사",4
1679,"고용보험 65세 미만 가입한정 건에 대하여...","고용노동부","2023-12-22","답변완료",10
1678,"지자체별 홈페이지 통합","행정안전부","2023-12-22","제안심사",1
1677,"첨부파일 참조","서울특별시 성북구","2023-12-22","답변완료",4
1676,"금천구민을 위한 효율적인 골목길 번호 표지판 제안","서울특별시 금천구","2023-12-22","제안심사",5
1675,"동작구민을 위한 효율적인 골목길 번호 표지판 제안","서울특별시 동작구","2023-12-22","제안심사",5
1674,"효율적인 골목길 번호 표지판 제안","서울특별시 종로구","2023-12-22","답변완료",26
1673,"서초구민울 위한 효율적인 골목길 번호 표지판 제안","서울특별시 서초구","2023-12-22","제안심사",4
1672,"지속 가능한 교육 현장에 대한 학생 건강관리 프로그램","교육부","2023-12-22","제안심사",1
1671,"통역인력 교육과 홍보 제안","경찰청","2023-12-21","제안심사",0
1670,"안전신문고 교통위반 신고 방법을 개하여 주십시오.","행정안전부","2023-12-21","제안심사",8
1669,"육아휴직 소급적용해주세요","고용노동부","2023-12-21","제안심사",7
1668,"치매노인과 노인장기요양 가족요양보호사의 개선방안","보건복지부","2023-12-21","답변완료",26
1667,"군산 시외버스터미널 앞 택시승차 위치변경 바랍니다","전북특별자치도 군산시","2023-12-21","제안심사",0
1666,"봉사활동자 모바일카드 제작 및 헌혈관련","경상남도 밀양시","2023-12-21","제안심사",4
1665,"[법무부] 강당 태극기 게양법에 따라 외","행정안전부","2023-12-21","제안심사",5
1664,"보도블럭 증설","경상남도 밀양시","2023-12-21","제안심사",1
1663,"연구계획서 검토시 블라인드 평가 제도 도입","과학기술정보통신부","2023-12-21","제안심사",0
1662,"사례  관리 탈퇴 절차","경기도 의정부시","2023-12-21","답변완료",3
1661,"규제완화 수익집단과 비용부담집단에 관한 담론형성제안","산업통상자원부","2023-12-21","답변완료",4
1660,"부산시 청년 이사비 지원 정책 제안합니다.","부산광역시","2023-12-21","제안심사",11
1659,"인천광역시 남동구 인수로 46 만수4동 14 쓰레기장을 없애기","인천광역시 남동구","2023-12-21","제안심사",3
1658,"어르신 탑승 차량도 누구나 쉽게 식별 가능토록 색상 통일 합니다.","보건복지부","2023-12-21","제안심사",12
1657,"그늘막 설치","울산광역시 남구","2023-12-21","답변완료",9
1656,"장애인주차구역을 진짜 사용해야 하는 사람","보건복지부","2023-12-21","제안심사",19
1655,"재활용 활성화를 위한 친환경 재생 종이빨대 사용의 제도화 필요","환경부","2023-12-21","제안심사",14
1654,"신흥동 농가 농업용수시설 설치","강원특별자치도 동해시","2023-12-21","답변완료",4
1653,"사학연금 가입자(직원) 육아휴직 수당 관련","교육부","2023-12-21","제안심사",2
1652,"민원인 블랙리스트 신고센터 개설의 件","국민권익위원회","2023-12-21","답변완료",10
1651,"노조의 쟁의활동을 토론으로 바꾸는 문화 및 제도 만들 것을 제안","고용노동부","2023-12-21","제안심사",3
1650,"흡연 부스 및 가로수 설치 및 관리자 채용","경기도 안산시","2023-12-21","답변완료",3
1649,"지역 사회 발전을 위한 지역 중소기업 육성 정책 제안","중소벤처기업부","2023-12-21","제안심사",3
1648,"중소기업 육성 정책 제안","중소벤처기업부","2023-12-21","제안심사",1
1647,"메타버스 울산시청 운영의 件","울산광역시","2023-12-21","제안심사",0
1646,"근로기준법","고용노동부","2023-12-21","제안심사",5
1645,"유네스코무형문화재 등재된 제주 해녀들 포함 모든 해녀들에게 최소한의 안전장치를 마련해주세요.","제주특별자치도","2023-12-21","제안심사",1
1644,"해외입양 감소에 관한 정책","보건복지부","2023-12-20","제안심사",16
1643,"해외입양 감소에 관한 정책","여성가족부","2023-12-20","답변완료",16
1642,"대한민국 인구절벽 대안","보건복지부","2023-12-20","답변완료",20
1641,"대한민국 인구절벽 대안","교육부","2023-12-20","제안심사",20
1640,"소상공인 사업주를 위한 노동자 보호법을 만들어주세요.","고용노동부","2023-12-20","제안심사",1
1639,"귀어인 임대주택 지원","국토교통부","2023-12-20","제안심사",12
1638,"타이페이 관광시 대한민국 국민 교통 사고 위험 노출 요인 제거 요청","문화체육관광부","2023-12-20","답변완료",3
1637,"해킹인가요?","경찰청","2023-12-20","제안심사",11
1636,"울산광역시 대규모 집합공공시설 화재대피용 구조 손수건 배포의 件","울산광역시","2023-12-20","답변완료",9
1635,"유치원 교육비 지원에 관하여 제안서 올립니다.","교육부","2023-12-20","제안심사",0
1634,"도서관 불법촬영금지 주의 문구 부착","부산광역시교육청","2023-12-20","제안실현",20
1633,"2023년 계룡시 정책 어워드(AWARD) 제안(횡단보도 안전보행 LED 시스템)","충청남도 계룡시","2023-12-20","제안심사",4
1632,"2023년 계룡시 정책 어워드(AWARD) 제안제(아두이노를 활용한 실시간 조도정보 제공 시스템_손창현)","법무부","2023-12-20","제안심사",6
1631,"안될건 알지만 제안좀 드립니다. E-1육아 건강보험 경감제도..?","보건복지부","2023-12-20","제안심사",13
1630,"농촌 마을 도로 관리","충청남도 당진시","2023-12-20","제안심사",5
1629,"안전신문고 국민신문고앱 동영상 용량제한 문제해결","행정안전부","2023-12-20","답변완료",7
1628,"온라인 판매 소상공인과 국내 제조업체 매칭 및 지원 제도 제안","중소벤처기업부","2023-12-20","제안심사",3
1627,"전염병의 징검다리인 해충을 없애야 합니다.","질병관리청","2023-12-20","답변완료",6
1626,"용정동 보건과학대 힐링센터내 6차산업 우수농산물 안테나숍2호점 폐점한다는데 취소하시고 인지도위해 홍보강화해주세요","충청북도","2023-12-20","제안심사",0
1625,"청주 용정동 보건과학대 내 힐링센터  6차산업 우수농산물가공픔판매 안터나숍2호점 폐점말고 살려주세요","충청북도","2023-12-20","제안심사",0
1624,"양육비를 받고도 제대로 아이에게 안쓰는 부모에게도 사회적 제제가 필요함","법무부","2023-12-20","제안심사",8
1623,"공항철도 검암역 첫차 출발시간을 좀 더 빠르게 요청","국토교통부","2023-12-20","제안심사",11
1622,"추운겨울 형편이 어려운 중.고등학생들에게 교복패딩 점퍼 지원을 제안합니다","교육부","2023-12-20","제안심사",0
1621,"일부 운동권 교사 등의 부모 자녀교육권 침해 방지를 위한 부모의 특정성향의 교육 받지 않을 수 있는 제도적 장치 마련","교육부","2023-12-20","답변완료",8
1620,"육아휴직 대상자를 12세까지 확대 요청 드립니다.","고용노동부","2023-12-20","제안심사",5
1619,"1.통계청의평균수명계산의오류","통계청","2023-12-20","답변완료",7
1618,"청소년들을 위한 마약 범죄 예방 서포터즈 운영 가이드","교육부","2023-12-20","제안심사",1
1617,"경북과포항시가 설립하고져하는 포스텍연구중심의대  설립추진 운동에 관하여","경상북도 포항시","2023-12-20","답변완료",4
1616,"산부인과 의사 등이 성매매 성범죄 시 면허취소조항신설제안","보건복지부","2023-12-20","답변완료",13
1615,"'네가'를 '너가'로","문화체육관광부","2023-12-20","답변완료",11
1614,"제대로 단속할 법이 없습니다.만들어주세요","농림축산식품부","2023-12-20","답변완료",8
1613,"고속버스 활성화 방안","국토교통부","2023-12-20","제안심사",26
1612,"발가락 5개 절단으로 인한 장애등급 신청과 관련 제안","보건복지부","2023-12-19","답변완료",12
1611,"공익법인 관리 개선 방안 제안","법무부","2023-12-19","제안심사",10
1610,"포항 이가리 닻 전망대 보수요청","경상북도 포항시","2023-12-19","제안심사",3
1609,"포항 운제산 산림욕장 도로 안내표시 추가설치","경상북도 포항시","2023-12-19","제안심사",2
1608,"건설 근로자 퇴직 공제금","고용노동부","2023-12-19","답변완료",4
1607,"체육관 헬스샤워장 앉는의자 비치","충청북도 영동군","2023-12-19","제안심사",0
1606,"유악휴직제도 인식 개선 의무교육 신설","고용노동부","2023-12-19","제안심사",2
1605,"C형간염검사를 전국민 건강검진에 포함해 주세요.","보건복지부","2023-12-19","제안심사",10
1604,"모바일신분증을   실물신분증과 동일하게 인정","고용노동부","2023-12-19","제안심사",3
1603,"자전거 및 개인이동 수단의 교육장 마련 바랍니다.","행정안전부","2023-12-19","답변완료",1
1602,"서대문구민을 위한 효율적인 골목길 번호 표지판 제안","서울특별시 서대문구","2023-12-19","제안심사",17
1601,"초.중등교육법 시행령 제73조 제5항(2015.02.01.시행) 해석 및 개정 요구","교육부","2023-12-19","답변완료",7
1600,"우리사주조합 대표자 및 임원 선출에 대하여","고용노동부","2023-12-19","제안심사",1
1599,"사회복무요원 복무관리 담당직원 공무원 의제 조항 신설 요구","병무청","2023-12-19","제안심사",26
1598,"자양한강도서관(자양유수지문화체육시설)에 버스가 지나가면 좋겠습니다 제안이 불채택이된것을 시행이 됨으로 채택으로 정정해주시면 좋겠습니다","서울특별시","2023-12-19","제안심사",1
1597,"보이스 피싱 문자와 경찰청을 바로 연결해야 합니다.","경찰청","2023-12-19","제안심사",4
1596,"무료주차장 관련조례 개정","경기도 고양시","2023-12-19","답변완료",3
1595,"행주산성 주차장 장기간 주차차량  단속용(감시용) CCTV 설치","경기도 고양시","2023-12-19","제안심사",1
1594,"어르신을 위한 약수터 이동로 정비","경기도 고양시","2023-12-19","제안심사",0
1593,"여러대 차량보유시 보유세 강화","행정안전부","2023-12-19","답변완료",3
1592,"1가구 다수자동차 보유세 강화","행정안전부","2023-12-19","답변완료",4
1591,"통일을 위한 제안","통일부","2023-12-19","제안심사",6
1590,"급발진 EDM 시스템 나라에서 관리해주세요","법무부","2023-12-19","제안심사",7
1589,"급발진 EDM 시스템 나라에서 관리해주세요","국토교통부","2023-12-19","제안심사",7
1588,"경찰서에 분실물 맏겼을시 진행사항 문자알림서비스","경찰청","2023-12-19","답변완료",2
1587,"강원도내 횡단보도에 자전거 횡단보도 설치 의무화 제안","강원특별자치도","2023-12-19","제안심사",0
1586,"충청남도청 홈페이지에서 제공하는 베너모음 이용하기 힘들어요. '베너모아보기' 기능 추가해 주세요","충청남도","2023-12-19","답변완료",11
1585,"저는 아이를 낳고싶은 고용보험 미가입자 입니다","고용노동부","2023-12-19","제안심사",1
1584,"노인 무임승차제도 개선","경기도 용인시","2023-12-19","답변완료",24
1583,"DB형 퇴직연금 최소적립비율 조정 제안","고용노동부","2023-12-19","제안심사",4
1582,"언론문화분석사시험을 통해 언론문화분석사를 만들고 국가적으로 지원해 언론에게 국민들이 선동당하지 않도록 하는 정책제안","문화체육관광부","2023-12-19","답변완료",0
1581,"고의적 마약처방의사 면허취소 및 형사처벌 근거법 혹은 근거조항 제정 제안","보건복지부","2023-12-19","답변완료",7
1580,"하남시의 자연환경을 활용한 주민 건강증진 및 여가 활동 기여","경기도 하남시","2023-12-19","답변완료",0
1579,"경차구역 과태료 부과 바랍니다.","국토교통부","2023-12-19","제안심사",30
1578,"마트 일요일 다 오픈하게 해주세요","산업통상자원부","2023-12-19","답변완료",21
1577,"1365 활동 자원봉사자분들에 대한 복지 포인트 지급 필요","행정안전부","2023-12-19","답변완료",13
1576,"불법도살하는 개장수를 보호하는데 이게 청렴한 정치입니까","농림축산식품부","2023-12-19","답변완료",14
1575,"쓰레기 줍는 지점","대구광역시 수성구","2023-12-19","답변완료",6
1574,"장애인 가족 활동 지원 지속적 시행","보건복지부","2023-12-18","제안심사",10
1573,"평택시분리수거정책건의","경기도 평택시","2023-12-18","답변완료",6
1572,"주정차 단속알림 가능토록","세종특별자치시","2023-12-18","제안심사",7
1571,"변시 시험유예조건에 임신출산양육 추가 제안","법무부","2023-12-18","답변완료",7
1570,"무단횡단 방지","경상남도 김해시","2023-12-18","제안심사",4
1569,"어린이집, 유치원 아침/저녁 급식 제공 [저출산해결]","교육부","2023-12-18","제안심사",11
1568,"피싱 사기 관련 입금계좌 출금정지","금융위원회","2023-12-18","제안심사",2
1567,"파골프장 조성 건의","전라남도 무안군","2023-12-18","답변완료",14
1566,"공무직 근로자의 명칭 개선 제안","경기도 김포시","2023-12-18","답변완료",18
1565,"환경미화원의 명칭 개선 필요","경기도","2023-12-18","답변완료",4
1564,"고성 의령  합천 서울방향 고속도로 신설","국토교통부","2023-12-18","제안심사",6
1563,"길(야생)고양이 급식소 설치를 위한 관련 법규","농림축산식품부","2023-12-18","답변완료",12
1562,"출산휴가 못쓰는 아니 못가는 직원 복치 차원으로 보상 해 줘야 하지 않을까","고용노동부","2023-12-18","제안심사",0
1561,"고속도로 버스전용차선 활용제안","국토교통부","2023-12-18","제안심사",4
1560,"차도에 선 한전주 이설 요청","부산광역시 동구","2023-12-18","제안심사",2
1559,"빗물받이 쓰레기투척 방지 그림그리기","서울특별시 은평구","2023-12-18","답변완료",1
1558,"택배기사 주5일 근무 시행의 추진상황 확인요청","국토교통부","2023-12-18","답변완료",23
1557,"경기도지역 과학고 경쟁률 불합리","경기도교육청","2023-12-18","제안심사",7
1556,"경기도 과학고 경쟁률 불합리","경기도교육청","2023-12-18","제안심사",8
1555,"절대농지 매입을 통한 농촌형 실버타운(복지센터) 보급","경상북도","2023-12-18","제안심사",0
1554,"도마교다리밑 어르신 놀이터 개선 제안","대전광역시","2023-12-18","답변완료",3
1553,"청소년층 설탕 저감화를 위한 현행 당 함량 표기 방식 개선 방향 도모의 건","식품의약품안전처","2023-12-18","제안심사",3
1552,"접근금지 가처분 신청 이후 피해자 신변 보호를 위한 건의사항","경찰청","2023-12-18","제안심사",1
1551,"성폭력 예방 교육 개정 제의","여성가족부","2023-12-18","답변완료",4
1550,"스터디카페 관련 소비자피해 감소 방안 제안","공정거래위원회","2023-12-18","제안심사",11
1549,"근로시간 주4일제 시행 관련 지원 정책 및 청년 일자리 창출에 대한 지원","고용노동부","2023-12-17","제안심사",7
1548,"근로시간 주4일제 시행 관련 지원 정책 및 청년 일자리 창출에 대한 지원","기획재정부","2023-12-17","제안심사",7
1547,"근로시간 주4일제 시행 관련 지원 정책 및 일자리 창출에 대한 지원","기획재정부","2023-12-17","제안심사",1
1546,"근로시간 주4일제 시행 관련 지원 정책 및 일자리 창출에 대한 지원","고용노동부","2023-12-17","제안심사",1
1545,"양강교 낚시객 주정차(차박)금지봉 설치","경찰청","2023-12-17","제안심사",2
1544,"택시 전국운행","국토교통부","2023-12-17","답변완료",31
1543,"비공개쉼터 운영","여성가족부","2023-12-17","제안심사",8
1542,"준법 준수와 적극 행정 실천 사례 자원화 방안 제안","서울특별시 은평구","2023-12-17","제안심사",0
1541,"호계 다목적 체육관 매월 프로그램 강습 운영개선","경기도 안양시","2023-12-17","제안심사",4
1540,"저출산, 고령화 문제에 대한 현실적 대책 추진","보건복지부","2023-12-17","답변완료",50
1539,"저출산, 고령화 문제에 대한 현실적 대책 추진","인사혁신처","2023-12-17","답변완료",50
1538,"저출산, 고령화 문제에 대한 현실적 대책 추진","국토교통부","2023-12-17","제안심사",50
1537,"저출산, 고령화 문제에 대한 현실적 대책 추진","교육부","2023-12-17","답변완료",50
1536,"저출산, 고령화 문제에 대한 현실적 대책 추진","기획재정부","2023-12-17","답변완료",50
1535,"길고양이급식소","대전광역시 중구","2023-12-17","답변완료",13
1534,"(정부24) 미성년자녀 출입국사실증명서 인터넷 발급 허용","법무부","2023-12-16","답변완료",6
1533,"고등학교 필수교과목에 세계시민교육을 위한 참여형 과목 신설 제안","경상남도교육청","2023-12-16","제안심사",4
1532,"내일배움카드의 분야별 저변 확대화에 대한 건의","고용노동부","2023-12-16","제안심사",1
1531,"교직원 자녀 복지장학금 전용 예산 방식 조정 필요","교육부","2023-12-16","제안심사",0
1530,"노인 발달장애인을 대상으로 한 베리어프리 복지","충청남도 계룡시","2023-12-16","답변완료",7
1529,"예산이 불공평합니다","기획재정부","2023-12-16","답변완료",10
1528,"공유누리 운영체계 개선 제안","행정안전부","2023-12-16","제안심사",0
1527,"공모제교장의 현임교 지원은 가능하게. 심사는 공정하게.","교육부","2023-12-16","답변완료",4
1526,"올레길 변경(이전) 및 정리","전라남도 나주시","2023-12-16","제안심사",2
1525,"혼인에 따른 증여재산 공제 신설(상증법 53의2)에 따른 제안","기획재정부","2023-12-16","제안심사",3
1524,"어린이 생활 다례 및 한국의 차 문화에 대한 국제 문화 교류","문화체육관광부","2023-12-16","제안심사",2
1523,"계약기간 오인 가능성을 방지하기 위한 약관명시","공정거래위원회","2023-12-16","제안심사",10
1522,"스터디카페 업종 구분 명확성 확보를 위한 정책","행정안전부","2023-12-16","제안심사",2
1521,"스터디카페 업종 구분 명확성 확보를 위한 정책","공정거래위원회","2023-12-16","제안심사",2
1520,"스터디카페 업종 구분 명확성 확보를 위한 정책","국세청","2023-12-16","제안심사",2
1519,"스터디카페 업종 구분 명확성 확보를 위한 정책","중소벤처기업부","2023-12-16","제안심사",2
1518,"스터디카페 업종 구분 명확성 확보를 위한 정책","통계청","2023-12-16","제안심사",2
1517,"스터디카페 업종 구분 명확성 확보를 위한 정책","식품의약품안전처","2023-12-16","제안심사",2
1516,"스터디카페 업종 구분 명확성 확보를 위한 정책","교육부","2023-12-16","제안심사",2
1515,"역사왜곡에 관심을 가지자","교육부","2023-12-16","답변완료",11
1514,"산림복지이용권 온, 오프라인상 물품(산림용품 등)가입 서비스 필요","산림청","2023-12-16","답변완료",2
1513,"충주시 호암도서관 이전건립  내부 구조 제안. 입구에서 감시하는 구조 변경 제안","충청북도 충주시","2023-12-16","답변완료",3
1512,"저출산,신규 공무원의 면직을 막기위해 지역화폐와 집, 예식장을 구해줍시다.","행정안전부","2023-12-16","답변완료",7
1511,"저출산,신규 공무원의 면직을 막기위해 지역화폐와 집, 예식장을 구해줍시다.","인사혁신처","2023-12-16","답변완료",7
1510,"장애인(휠체어 이용자 및 시각장애자) 등에겐 불편하기만 한 안내판들을 개선해주면 좋겠다","문화재청","2023-12-16","제안심사",1
1509,"시립(구립) 도서관 간에  ‘도서상호반납제’를 도입하면 좋겠다","서울특별시","2023-12-16","답변완료",5
1508,"가정마다 밀가루 지원해주세요","농림축산식품부","2023-12-16","답변완료",11
1507,"공공도서관 도서 대여 권수 및 기간 확대 제안","서울특별시","2023-12-16","답변완료",8
1506,"냉동 돈까스, 탕수육 등의 제품 유형 표기(분쇄가공육) 개선 제안","식품의약품안전처","2023-12-16","제안심사",1
1505,"초등학교 취학통지서 전달방식 개선","교육부","2023-12-16","제안심사",0
1504,"월정교가 비를 맞아 나무 난간 부식 되어가고 있어요. 관리를 제안합니다.","경상북도 경주시","2023-12-16","답변완료",0
1503,"재활용 센터에 있는 작업장 리프트로 인해 일어날 수 있는 사고 방지를 위한 개선안 제안","서울특별시 서대문구","2023-12-16","답변완료",0
1502,"음료수(PET) 재활용에 관한 윈견 입니다.","환경부","2023-12-16","제안심사",6
1501,"사천시 활주로 연장 방법에 대한 고찰","경상남도 사천시","2023-12-15","답변완료",5
1500,"힘이 되는 횡단보도 활용건","충청북도 청주시","2023-12-15","제안심사",0
1499,"초등학교 인근 불법주차 해결방안","병무청","2023-12-15","제안심사",25
1498,"국민건강보험공단의 건강프로그램 제작 지원","보건복지부","2023-12-15","제안심사",4
1497,"효천지구 노인복지관 설립 제안","전라북도 전주시","2023-12-15","답변완료",3
1496,"고교학점제 운영 개선 방","경기도교육청","2023-12-15","답변완료",6
1495,"국가의 필요목적에 따라 규제받는 산림에 대한 접근방식 변경","산림청","2023-12-15","답변완료",4
1494,"임산부 감사 표시를 통한 출산 장려.","보건복지부","2023-12-15","답변완료",3
1493,"계산오거리 우회전 두 차선 각 각 색깔을 입히기를 제안합니다.","경찰청","2023-12-15","제안심사",0
1492,"투명한 사회, 공정한사회 첫걸음을 위해서 티켓도 실명제를 부탁 드립니다","문화체육관광부","2023-12-15","제안심사",1
1491,"저출산 해결책( 곧4남매 아빠의 아이디어)","보건복지부","2023-12-15","답변완료",8
1490,"저출산 대책 (핵심 파악하기)","보건복지부","2023-12-15","제안심사",8
1489,"저출산 대책 (핵심 파악하기)","교육부","2023-12-15","답변완료",8
1488,"은행의 신용평가","금융위원회","2023-12-15","제안심사",11
1487,"구간 과속카메라 설치요청 (미사대교 상단---남단)","경찰청","2023-12-15","제안심사",1
1486,"야간 전담 간호사 인력 산정 방법에 대하여","보건복지부","2023-12-15","답변완료",21
1485,"대책 없는 부사관 진급자 인사 교류, 멈춰주십시오.","국방부","2023-12-15","제안심사",23
1484,"금주 공익광고 제안","보건복지부","2023-12-15","답변완료",2
1483,"방문요양 인건비율 87.1%에 대한 반대","보건복지부","2023-12-15","답변완료",32
1482,"음주와 노화와의 인과관계에 관한 연구 발주 및 연구결과를 활용한 국가적 금주캠페인 제안","보건복지부","2023-12-15","답변완료",2
1481,"울진산불로 인한 피해산 처리방법","산림청","2023-12-15","제안심사",3
1480,"재개발지역내 주택 앞 맨홀이 심하게 부식되어 안전하치  못함으로 교체 혹은 보강요","부산광역시 해운대구","2023-12-15","제안심사",1
1479,"Lost112에 의무적으로 사진추가와 내용이 더 자세했으면 합니다.","경찰청","2023-12-15","답변완료",8
1478,"[신속한 아동학대 발생건 신고 및 모니터링 강화]","보건복지부","2023-12-15","제안심사",21
1477,"팔포매립지 공영주차장 환경개선과 전기차 충전시설 유치 건의","경상남도 사천시","2023-12-14","답변완료",8
1476,"장애3급연금","보건복지부","2023-12-14","답변완료",20
1475,"사기 피해 사건 피해자를 위한 건의사항","법무부","2023-12-14","답변완료",10
1474,"스터디카페 표준약관 제정 제안","공정거래위원회","2023-12-14","제안심사",27
1473,"사전정산기를 설치해주세요","울산광역시","2023-12-14","답변완료",13
1472,"구급차 행선지를 정확하게 시내버스번호처럼 크게 앞 유리에 표시하면 편리할것입니다","보건복지부","2023-12-14","답변완료",15
1471,"재활용 활성화를 위한 친환경 재생 종이빨대 사용의 제도화 필요","환경부","2023-12-14","제안심사",6
1470,"어장청소주기를 합리적으로 개선","해양수산부","2023-12-14","답변완료",3
1469,"도로 빗물 배수관 설치","국토교통부","2023-12-14","제안심사",33
1468,"통신판매업 폐업신고의 신고증원본 제출 생략","공정거래위원회","2023-12-14","답변완료",4
1467,"청소년성문화센터 강사 자격기준 완화","여성가족부","2023-12-14","답변완료",10
1466,"주류 배달시 신분 확인방식 개선","여성가족부","2023-12-14","답변완료",33
1465,"지역개발공채 매입 방법 개선(신용카드 결제 도입)","전라남도","2023-12-14","제안심사",0
1464,"국제학생증 발급후, 배송비용을 너무 과다하게 청구합니다.","과학기술정보통신부","2023-12-14","답변완료",12
1463,"꽃바위 방어진 공영차고지 주변","울산광역시 동구","2023-12-14","답변완료",6
1462,"사회서비스정보시스템의 통합적 관리가 가능하도록 중복입소 허용의 건","보건복지부","2023-12-14","답변완료",5
1461,"울산 동구 대왕암 공원 입구 잊혀져가고 있는 낙화암","울산광역시 동구","2023-12-14","답변완료",4
1460,"퇴직연금 중도인출 사유에 대한 현실적인 개선 방안 요구.","고용노동부","2023-12-14","제안심사",5
1459,"오송제3생명과학국가산업단지 내 경로당 및 애향회관 건립요청건","충청북도","2023-12-14","제안심사",1
1458,"운전면허 교육 관련","경찰청","2023-12-14","답변완료",13
1457,"경기도교육청 초등 2급 정교사 보직교사 승진 가산점 부여","경기도교육청","2023-12-14","답변완료",7
1456,"문의 문화재단지에 수몰유래비 주변 정비 시급.","충청북도 청주시","2023-12-14","제안심사",0
1455,"고소인 및 고발인 주민번호값 입력 필수로 해 주세요.","경찰청","2023-12-14","답변완료",2
1454,"금주 캠페인 및 신세대 술싫어요 캠페인 시행 제안","보건복지부","2023-12-14","답변완료",0
1453,"보건복지부고시 제2021-2호 보호의무자 의무를 이행할수 없는 사유에 관한 고시 변경(추가) 필요성","보건복지부","2023-12-14","답변완료",8
1452,"고층아파트 화재예방법 개정","국토교통부","2023-12-14","제안심사",35
1451,"버스 관련","경상남도 함안군","2023-12-14","답변완료",9
1450,"치유산업 육성과 관련 정부 각 행정부처의 협조적 사무행정 처리와 산림치유지도사 권익보장","산림청","2023-12-14","제안심사",3
1449,"탄원서 대리모 지원문제....","보건복지부","2023-12-14","답변완료",0
1448,"저출산 문제 해결방안","기획재정부","2023-12-14","답변완료",21
1447,"소방안전관리자 자격증 응시료 면제 및 인하요청","소방청","2023-12-14","제안심사",6
1446,"장애인 주차증은 장애 정도에따라 달리 발급되었으면 합니다.","보건복지부","2023-12-13","제안심사",10
1445,"학생을 대상으로 한 교내 멸종위기식물 식재 프로그램을 제안합니다.","환경부","2023-12-13","답변완료",8
1444,"출산 및 0세부터 만7세 육아 가정의 부모 둘다에게 근로기준법상 연차외에 육아연차 60개씩 부여","고용노동부","2023-12-13","제안심사",5
1443,"반려동물 안심 구역제","산림청","2023-12-13","제안심사",0
1442,"농업인이외국인고용시지역동에서다른동도일할수있도록","고용노동부","2023-12-13","제안심사",1
1441,"애완동물의 문제점과 특별관리법이 필요합니다","농림축산식품부","2023-12-13","답변완료",6
1440,"초등교육 활성화","경상남도교육청","2023-12-13","답변완료",8
1439,"재활용 폐지 수거에 대하여","환경부","2023-12-13","답변완료",26
1438,"체육관련 학원 안전관리가 사각지대에 놓여있습니다.","경찰청","2023-12-13","답변완료",6
1437,"충주시 시내버스 노선체계 개편 요청의 건","충청북도 충주시","2023-12-13","답변완료",2
1436,"나라배움터 사이트에 아이패드 활용 방법 FAQ 등록 요청","인사혁신처","2023-12-13","답변완료",3
1435,"주차타워 사용 의무화","국토교통부","2023-12-13","제안심사",28
1434,"용인시 지역화폐 구청에서 결제가 되게 해주세요","경기도 용인시","2023-12-13","답변완료",9
1433,"처리 기한 내 처리되지 않은 정책 제안의 심사 안내","행정안전부","2023-12-13","답변완료",6
1432,"국민연금 수급자의 노후긴급자금대부(실버론) 대출 항목 추가 요청의 건","보건복지부","2023-12-13","답변완료",12
1431,"HRD-Net 행정지원시스템의 자율점검 체크 내용 개선","고용노동부","2023-12-13","제안심사",2
1430,"아토피 환아 로션 지원 확대 개선안","경상북도 포항시","2023-12-13","답변완료",17
1429,"출산장려제안","저출산고령사회위원회","2023-12-13","답변완료",14
1428,"횡단보도보행 중 스마트폰, 전자기기 사용시 벌금차등 부과 및           교원양성과정에 교통안전 강좌 설치.","경찰청","2023-12-13","제안심사",3
1427,"고충처리","보건복지부","2023-12-13","답변완료",17
1426,"3자녀이상 가구는 월 1회 청소비 지원 해주세요.","경기도 김포시","2023-12-13","답변완료",6
1425,"주민센터를읍.면.동사무소로 명칭환원","행정안전부","2023-12-13","답변완료",11
1424,"분리배출 구분별 봉투제작 배포","서울특별시 은평구","2023-12-13","답변완료",0
1423,"벡스코 제 2전시장 옆 광안대교 밑 도로","부산광역시 해운대구","2023-12-13","답변완료",1
1422,"버스정류장 야간 조명 설치 제안","대구광역시","2023-12-13","답변완료",4
1421,"공용 장애인 차량 뒷편 황색경과등 부착 제안","경기도","2023-12-13","제안심사",2
1420,"교통신호","경찰청","2023-12-13","답변완료",1
1419,"마약예방교육을 받는 학생들이 능동적으로 교육에 참여하고 마약에 대한 경각심을 확실히 느낄 수 있도록 마약예방교육에 약물체험고글을 활용할 것을 요청합니다.","교육부","2023-12-13","답변완료",6
1418,"술집 미성년자 이용시 책임 소재에 대하여","여성가족부","2023-12-13","답변완료",3
1417,"청소년 고카페인 섭취 문제점 해결방안 제안","식품의약품안전처","2023-12-13","답변완료",7
1416,"청각장애인 의사소통 편의 증진을 위한 정책 제안","보건복지부","2023-12-12","제안심사",19
1415,"담배값좀 제발 좀 올려요 동료들 담배너무펴서 회사 입사 10일만에 그만뒀어요~ 기침너무해서 가슴이 벌렁입니다.","기획재정부","2023-12-12","답변완료",16
1414,"가로등과 CCTV설치","경기도 김포시","2023-12-12","제안심사",9
1413,"알바구해주는 사이트에서 문제 발생 하는것을 막는법","고용노동부","2023-12-12","제안심사",3
1412,"주택관리업자 및 사업자선정지침 제27조 개정","국토교통부","2023-12-12","답변완료",23
1411,"어린이집 평가인증 격려금에 관한 제안","보건복지부","2023-12-12","답변완료",13
1410,"층간소음 최소화를 위한 새로운 단열흡음재 및 시공법","국토교통부","2023-12-12","답변완료",98
1409,"전자바우처 서비스 제공지 기록하지 마세요","경상북도 의성군","2023-12-12","제안심사",12
1408,"부정대출","경찰청","2023-12-12","제안심사",1
1407,"초등돌봄교실 대상자 선정문제","교육부","2023-12-12","답변완료",22
1406,"주정차 단속 문자 알림 서비스","서울특별시 중랑구","2023-12-12","답변완료",12
1405,"상가건물임대차보호법시행령 6조 현실화 개선 신청","법무부","2023-12-12","제안심사",19
1404,"국민신문고 게시판 기능 수정요청","국민권익위원회","2023-12-12","제안실현",8
1403,"정보공개법에 대한질의","행정안전부","2023-12-12","답변완료",12
1402,"이끼식물을 활용한 학교 벽면녹화 제안 !","교육부","2023-12-12","제안심사",5
1401,"민원에 대한 답변 방식 개선","행정안전부","2023-12-12","답변완료",5
1400,"저출산","보건복지부","2023-12-12","제안심사",10
1399,"유등천 좌안배수로 관련","대전광역시","2023-12-12","제안심사",0
1398,"현재 학교 근무 중인 전문상담사(타과목 교원자격증 소지자 + 상담관련석사졸업자)의 전문상담교사 2급 자격증 취득 기회 제공","교육부","2023-12-12","제안심사",11
1397,"인권교육을 멈춰주세요.","경기도교육청","2023-12-12","답변완료",10
1396,"밀양 영화 상영 관련 문의","경상남도 밀양시","2023-12-12","답변완료",1
1395,"기계설비유지관리자 관련 제안","국토교통부","2023-12-12","답변완료",2269
1394,"세액구간  확장필요","기획재정부","2023-12-12","답변완료",12
1393,"육아휴급여 정책관련","고용노동부","2023-12-12","제안심사",1
1392,"경상북도 영천시 금호읍 금호제방길 30 제방 뚝 앞에 산책 의자가 있는데 소똥 냄새와 벌레로 의자에 않을 수 없어 의자 위치를 옮겨 주세요,","경상북도 영천시","2023-12-12","답변완료",4
1391,"대전시립미술관에 중고생들을 위한 미술관련 이론과 실기 교육 프로그램이 마련되었으면","대전광역시","2023-12-11","제안심사",1
1390,"대전광역시 무지개아파트(32900) 정류장 위치 이동","대전광역시","2023-12-11","제안심사",0
1389,"너무 위험해요","경상북도 예천군","2023-12-11","답변완료",6
1388,"교권 침해를 당한 교사들을 위한 지원 확대에 관한 제안","교육부","2023-12-11","답변완료",6
1387,"여자 화장실 표시가 보이도록","경상북도교육청","2023-12-11","답변완료",7
1386,"옛정암교 안전난간 높이 개선","경상남도 의령군","2023-12-11","제안심사",0
1385,"치매 에방을 위한 그림그리기 수업","보건복지부","2023-12-11","제안심사",10
1384,"출산 후 육아 휴직 제도 및 정부 지원","고용노동부","2023-12-11","제안심사",3
1383,"운동선수  최저학력 5과목 평균점수로 해주세요","경기도교육청","2023-12-11","답변완료",9
1382,"특정건축물 정리에 관한 특별조치법안에 관한 국토부에서 형평성 문제와 향후 위법 건축물 증가 우려에 대하여","국토교통부","2023-12-11","답변완료",17
1381,"육군간부채용프로세스 개선_석사장교채용(안)","국방부","2023-12-11","답변완료",8
1380,"교통사고 왕국탈피-교통사고를 획기적으로 줄이는 방안 제안","경찰청","2023-12-11","답변완료",15
1379,"교통사고 왕국탈피-교통사고를 획기적으로 줄이는 방안 제안","고용노동부","2023-12-11","답변완료",15
1378,"교통사고 왕국탈피-교통사고를 획기적으로 줄이는 방안 제안","국토교통부","2023-12-11","제안심사",15
1377,"동물 보호법 및 개선 방안","농림축산식품부","2023-12-11","답변완료",16
1376,"병원진단서 수수료 인하 또는 무료화","보건복지부","2023-12-11","답변완료",16
1375,"유치원. 학교 교실문 안전 사고 심각하다","교육부","2023-12-11","제안심사",5
1374,"불필요한 노선버스 폐지","전라북도 고창군","2023-12-11","답변완료",12
1373,"공공기관 채용정보박람회 때 무기계약직와 미지정 자회사 채용 정보 제공","기획재정부","2023-12-11","답변완료",11
1372,"[출산율 0.7명 시대, 대한민국 2030년 인구 5천만명 붕괴] 산후도우미 소득기준 폐지 요청!!!!!!!!!","인천광역시","2023-12-11","답변완료",24
1371,"공사립 유치원 방학급식 / 평상시 간식, 전국적으로 통일되게~","교육부","2023-12-11","제안심사",3
1370,"취약지역 도로 정지선 바닦 실선(초록색, 적색) 확대 설치 제안","경기도 김포시","2023-12-11","답변완료",7
1369,"민원실 지문인식 곤란시 사용할 스킨로션 비치","울산광역시 울주군","2023-12-11","답변완료",12
1368,"인천시청에게 제안 합니다..","인천광역시","2023-12-11","답변완료",7
1367,"킬러문항이라는 단어를 쓰지 않았으면 합니다.","교육부","2023-12-11","답변완료",12
1366,"담배 꽁초로인한 환경문제 해결방안 제안","환경부","2023-12-11","제안심사",33
1365,"생태계교란생물 뉴트리아 포획제도 개선 제안","환경부","2023-12-11","답변완료",15
1364,"인공조명에 의한 빛공해 방지법 및 관련 시행령 ,시행규칙 개정 제안","환경부","2023-12-11","답변완료",57
1363,"사유지에 방치된 쓰레기","환경부","2023-12-11","제안심사",10
1362,"사업자 소득에 건강보험료 부과","보건복지부","2023-12-11","답변완료",6
1361,"국공립유치원 cctv 설치 의무화","교육부","2023-12-11","답변완료",0
1360,"양육비 이행소송","여성가족부","2023-12-11","답변완료",13
1359,"양육비 이행소송","법무부","2023-12-11","제안심사",13
1358,"안양시청에 건의합니다","경기도 안양시","2023-12-11","답변완료",33
1357,"‘나라사랑대출 온라인신청시스템' 도입","국가보훈부","2023-12-11","답변완료",123
1356,"화학물질 정보제공 시스템 신뢰성 강화","고용노동부","2023-12-11","답변완료",2
1355,"현 소상공인, ""판로개척"" 프로모션이 절실하게 필요해... (필요성 환기...)","산업통상자원부","2023-12-11","제안심사",0
1354,"현 소상공인, ""판로개척"" 프로모션이 절실하게 필요해... (필요성 환기...)","중소벤처기업부","2023-12-11","제안심사",0
1353,"출산율 표현방식을 체감하기 쉽게 하자","보건복지부","2023-12-11","제안심사",5
1352,"양평고속도로를 제발 뚫지 말아주세요.","국토교통부","2023-12-11","제안심사",23
1351,"지역 활성화 프로젝트","문화체육관광부","2023-12-11","답변완료",7
1350,"지역 활성화 프로젝트","행정안전부","2023-12-11","제안심사",7
1349,"국립대 승진 심사 평가 방법에 대해서","교육부","2023-12-11","답변완료",2
1348,"서울31자1931 범죄택시가 12월9일 오전 1시50분경에 상암초등학교 횡단보도에 불법정차하고 담배 피며 길거리에 담뱃재 버리는등 범죄 저지러는데 트럭,택시,오토바이 범죄가 심각한데 첨부한 증거동영상과 방범cctv","경찰청","2023-12-11","제안심사",2
1347,"읍면동사무소 민원실에 주민등록증 발급 지원을 위한 즉석 사진 발급기 설치","전라남도 여수시","2023-12-11","제안심사",11
1346,"태안군에 더 다양한 인공지능을 도입하는 것을 제안합니다!","충청남도 태안군","2023-12-11","답변완료",22
1345,"장애아 조기발견 및 치료를 위한 제도개선","보건복지부","2023-12-10","제안심사",7
1344,"대학 입시 전형 방식","교육부","2023-12-10","답변완료",4
1343,"병원 진료과별 차등 인센티브를 적용하여야 한다.","보건복지부","2023-12-10","답변완료",6
1342,"충청남도 논산시의회 누리집 하단 팩스(FAX)번호 안내 표기 제안","충청남도 논산시","2023-12-10","답변완료",6
1341,"화장실 설치로 편리하고 쾌적한 환경 조성","부산광역시 금정구","2023-12-10","답변완료",2
1340,"군산 예술의전당옆 새들공원 공사중입니다.","전라북도 군산시","2023-12-10","답변완료",0
1339,"계룡도서관, 엄사도서관 열람실 휴관일 폐지, 운영시간 확대","충청남도 계룡시","2023-12-10","답변완료",3
1338,"노동조합 및 노동관계 조정법에 조합원의 권리침해와 권리보호 명시 국민제안 건","고용노동부","2023-12-10","제안심사",2
1337,"담배세와 주류세를 올려주십시요","기획재정부","2023-12-10","답변완료",7
1336,"버스주정차 금지해주세요","경상남도 거창군","2023-12-10","답변완료",27
1335,"자녀 지원 정책","보건복지부","2023-12-10","제안심사",0
1334,"지하철 출입문이나 스크린 도어 고장 방지 방안","서울특별시","2023-12-10","제안심사",4
1333,"축사","경상북도 울진군","2023-12-10","제안심사",5
1332,"쌀 수출","농림축산식품부","2023-12-10","답변완료",3
1331,"마산합포구 통술거리 적산가옥 문화재화와 통술거리 관광상품화","경상남도 창원시","2023-12-09","답변완료",2
1330,"헌혈한 건강인을 평생 감옥살이 시킨 삶에 정부 등 상담사 직업 얻을 방법 공고 요구함","국세청","2023-12-09","제안심사",3
1329,"마금산 온천 구름다리 색상 명도를 높여 방문객 시인성 향상","경상남도 창원시","2023-12-09","답변완료",2
1328,"국가 건강검진 항목 개선 (PSA 수치검사 선택적 반영)","보건복지부","2023-12-09","제안심사",4
1327,"유성구 방동저수지 주차장 확보 사전 안내 제안","대전광역시 유성구","2023-12-09","답변완료",1
1326,"터널내 진로변경 구간 완화","국토교통부","2023-12-09","제안심사",0
1325,"정년 70세 까지 정년 연장 부탁합니다","고용노동부","2023-12-09","답변완료",4
1324,"요양 보호 관련 제도","보건복지부","2023-12-09","답변완료",5
1323,"노인일자리사업에 국가유공자 우선참여기회 확대","국가보훈부","2023-12-09","답변완료",185
1322,"은평구 모아모아 사업의 거점화","서울특별시 은평구","2023-12-09","답변완료",1
1321,"불법 우회전","경찰청","2023-12-09","제안심사",1
1320,"길거리 흡연","부산광역시","2023-12-09","답변완료",11
1319,"똑버스 도입 제안","강원특별자치도 철원군","2023-12-09","제안심사",2
1318,"옥외광고물법 12조 2항에 대한 제안","행정안전부","2023-12-09","답변완료",4
1317,"고교학점제 개선 요청","교육부","2023-12-09","답변완료",11
1316,"이륜차법제정과 번호판없는오토바이주행의 자동차관리법법규강화","국토교통부","2023-12-09","제안심사",1
1315,"킥보드법강화 및 킥보드 대여업체 관리강화","국토교통부","2023-12-08","제안심사",10
1314,"주민신고제 운영신간 변경건","행정안전부","2023-12-08","답변완료",4
1313,"테니스장 클럽 할당에 대한 개선점 제안","경기도 고양시","2023-12-08","답변완료",2
1312,"대학생 스터디카페 피해 예방을 위한 제안서","공정거래위원회","2023-12-08","제안심사",12
1311,"기타소득 2000만원 초과에 대한 건강보험료 추가 납부의 부당 이득","보건복지부","2023-12-08","답변완료",13
1310,"아치형 육교에 이름을 새기면 좋을 듯 합니다.","경상북도 구미시","2023-12-08","제안심사",0
1309,"촉법소년법 개정을 제안합니다.","법무부","2023-12-08","답변완료",26
1308,"보육교사 소지자의 교육실습 면제 건의","교육부","2023-12-08","답변완료",2
1307,"2024년 신규 자원봉사자 교육에 인권교육을 포함바랍니다.","행정안전부","2023-12-08","답변완료",1
1306,"현수막 사용 금지","행정안전부","2023-12-08","답변완료",4
1305,"저출산 대책에 대한 건의","여성가족부","2023-12-08","답변완료",38
1304,"저출산 대책에 대한 건의","국토교통부","2023-12-08","제안심사",38
1303,"저출산 대책에 대한 건의","교육부","2023-12-08","답변완료",38
1302,"인공조명에 의한 빛공해 방지법 및 관련 시행령 ,시행규칙 개정 제안","환경부","2023-12-08","답변완료",14
1301,"반려견 개똥 법강화와 제안","농림축산식품부","2023-12-08","답변완료",3
1300,"옥천 지역 카드 포인트 관련 제안","충청북도 옥천군","2023-12-08","답변완료",1
1299,"한국에서의 디젤 엔진 배기가스 처리를 위한 소다 기반 시스템의 개발 및 보급 제안","환경부","2023-12-08","답변완료",5
1298,"부모교육 의무화 추진","여성가족부","2023-12-08","답변완료",1
1297,"투명페트병 무인수거함 설치 요청의 건","경기도 광주시","2023-12-08","답변완료",5
1296,"초, 중, 고 학생들의 진급 졸업 기준에서 결석일수가 아닌 미이수 수업의 합이 출석일수의 3분의 1 이상이면 진급 졸업 제한","교육부","2023-12-08","답변완료",7
1295,"도시 및 주거환경 정비법에서 ""노후/불량 건축물"" 기준 개선 필요","국토교통부","2023-12-08","제안심사",28
1294,"난임시술 지원 조건 중 거주기간의 제한 폐지","보건복지부","2023-12-08","답변완료",11
1293,"어르신복지 정보 내용의 획기적 개선 방안","경상북도","2023-12-08","제안심사",1
1292,"공공도서관 설비 개선 요청","제주특별자치도 서귀포시","2023-12-08","답변완료",4
1291,"EBS 공영 방송 장애인의 교육격차 해소 위한 복지 할인 지원","방송통신위원회","2023-12-08","답변완료",0
1290,"티켓팅 서비스의 온라인 전환과 고령층의 문화생활 참여에 관한 사회적 해결 방안","보건복지부","2023-12-08","제안심사",2
1289,"장애인통행료감면제도","국토교통부","2023-12-08","제안심사",20
1288,"'육아와 일 양립' 너무 힘들다. 다자녀 공무원 승진 가점 대폭 인상","행정안전부","2023-12-08","답변완료",17
1287,"'육아와 일 양립' 너무 힘들다. 다자녀 공무원 승진 가점 대폭 인상","인사혁신처","2023-12-08","답변완료",17
1286,"자활프로그램추가요청","보건복지부","2023-12-08","제안심사",6
1285,"우리나라 섬 크기 정보 수정 요청","전라남도 진도군","2023-12-08","답변완료",2
1284,"주차방법 개선으로 주차불편 적극 해소","국토교통부","2023-12-08","제안심사",27
1283,"다자녀혜택","교육부","2023-12-08","답변완료",12
1282,"늘봄학교의 성공적인 안착 방안","교육부","2023-12-08","답변완료",13
1281,"북한이탈주민 용어 수정 필요","통일부","2023-12-08","답변완료",9
1280,"코러스 (국립대학 자원관리 시스템)에 대한 제안","교육부","2023-12-08","답변완료",5
1279,"직역연금 수급권자에 대한 기초연금 신청대상 세분화 및 확대","보건복지부","2023-12-08","답변완료",3
1278,"국민건강검진","보건복지부","2023-12-08","답변완료",5
1277,"서울에 명품 둘레길을 만들어 보자","서울특별시","2023-12-08","제안심사",0
1276,"국민연금 보험료  납부 유예 신청","보건복지부","2023-12-08","답변완료",7
1275,"서울시 마포구 신호등 신호체계 변경요청","경찰청","2023-12-08","제안심사",1
1274,"제주 화북 2지구 친환경 그린수소 에너지 시티 개발에 따른 복합문화단지조성 제안서","제주특별자치도","2023-12-08","제안심사",1
1273,"5인 이상 사업장 일가정 양립 의무 법제횐","보건복지부","2023-12-07","답변완료",3
1272,"보행자 신호등설치","경찰청","2023-12-07","제안심사",0
1271,"공무원 징계 강화(다부처 제안)","인사혁신처","2023-12-07","답변완료",15
1270,"저출산 해결의지는 있는겁니까?","기획재정부","2023-12-07","제안심사",15
1269,"평생교육프로그램","부산광역시 사상구","2023-12-07","답변완료",20
1268,"이동식 화장실 계단 높이 낮추기 및 노약자(어린이, 노인, 유모차 이용자)를 배려한 경사로 설치한 화장실 확대","행정안전부","2023-12-07","답변완료",4
1267,"국립광주과학관 접근성 확대","광주광역시 광산구","2023-12-07","답변완료",16
1266,"국립광주과학관 접근성 확대","광주광역시 북구","2023-12-07","답변완료",16
1265,"촬영하러 파주 가자 프로젝트","경기도 파주시","2023-12-07","답변완료",2
1264,"복구비예치금 과오납 된 경우, 환급(반환)금 및 환급(반환)가산금(손해배상금)을 환급(반환) 할 수 있는 규정 신설","산림청","2023-12-07","답변완료",2
1263,"미세먼지 예보 용어를 바꿔 주세요","환경부","2023-12-07","답변완료",9
1262,"청년정책","문화체육관광부","2023-12-07","답변완료",3
1261,"대한민국이 사라지지 않을려면....","국토교통부","2023-12-07","제안심사",20
1260,"대한민국이 사라지지 않을려면....","교육부","2023-12-07","제안심사",20
1259,"대한민국이 사라지지 않을려면....","보건복지부","2023-12-07","답변완료",20
1258,"출산 장녀 정책_다 자녀에 대학 입학 특혜 부여","교육부","2023-12-07","답변완료",4
1257,"청소년쉼터 입퇴소 청소년 대상 자치 활동 공식화 제안","여성가족부","2023-12-07","답변완료",4
1256,"청소년쉼터 입소 청소년 대상 연말축제 진행 공식화 제안","여성가족부","2023-12-07","답변완료",3
1255,"산지전용 또는 산지일시사용 신고조건에 ""도로를 이용하여 산지전용 또는 산지일시사용을 할 것"" 등과 같은 규제 신설.","산림청","2023-12-07","답변완료",5
1254,"청소년쉼터 퇴소 청소년 대상 삼성 희망 디딤돌 센터 입소 자격 완화 제안","여성가족부","2023-12-07","답변완료",3
1253,"공중 드론으로부터 지상전차 및 차량 보호 방법 제안","국방부","2023-12-07","답변완료",6
1252,"장기 육아휴직자의 근속승진의 문제와 승급의 문제","인사혁신처","2023-12-07","제안심사",9
1251,"신용보증재단, 신용보증기금의 역기능 개선","금융위원회","2023-12-07","제안심사",9
1250,"국민신문고 운영의 심각한 문제점을 개선요구","국민권익위원회","2023-12-07","제안심사",3
1249,"3+3, 6+6육아휴직 제도 개선안 제안드립니다.","고용노동부","2023-12-07","제안심사",5
1248,"차량 급발진 사고에 대한 검토방안 제안","국토교통부","2023-12-07","답변완료",11
1247,"대한민국의 인구절벽문제 해결에 대하여","보건복지부","2023-12-07","제안심사",0
1246,"신임경비교육","경찰청","2023-12-07","제안심사",2
1245,"쓰레기 처리 시설의 필요성","환경부","2023-12-07","제안심사",20
1244,"광주광역시 선교동 하천 공원화 사업을 제안 합니다.","광주광역시 동구","2023-12-07","제안심사",7
1243,"안전 봉 설치 건","강원특별자치도 양양군","2023-12-07","제안심사",0
1242,"수영장 아쿠아 타임에","대전광역시 대덕구","2023-12-07","제안심사",0
1241,"서울지역 중소기업 혁신 바우처 사업 공고 관련 문의 및 제안","중소벤처기업부","2023-12-06","답변완료",4
1240,"일광해수욕장 발씻는곳 설치","부산광역시 기장군","2023-12-06","답변완료",6
1239,"포항지역 봉수대 시설 복원과 관광자원화 제안","경상북도 포항시","2023-12-06","답변완료",5
1238,"국가 현충시설 주요 인물 묘비에 QR코드 제작 부착 제안","국가보훈부","2023-12-06","답변완료",23
1237,"KTX 구미역 경유를 위한 경부선 철도 개량 제안","경상북도 구미시","2023-12-06","제안심사",68
1236,"여권발급 신청 원칙 신청서 작성시 POP 비치요망","외교부","2023-12-06","답변완료",14
1235,"서울 지하철 노선 중 <여성에 특화한 화장실 개선 방향> 관점에서의 리모델링","서울특별시","2023-12-06","답변완료",10
1234,"롯데마트 건너편의 공터 개발의 건의 합니다.","경상북도 구미시","2023-12-06","답변완료",5
1233,"외국인 배우자 결혼 이민 비자","외교부","2023-12-06","제안심사",5
1232,"어린이보호구역 차량 속도가 너무 빠릅니다","경찰청","2023-12-06","답변완료",1
1231,"학폭신고","교육부","2023-12-06","답변완료",14
1230,"범죄 악용 방지 위해 수면제에 색소 의무화","식품의약품안전처","2023-12-06","답변완료",4
1229,"바른 우리말 구사를 위한 예시문 안내서 제안","문화체육관광부","2023-12-06","답변완료",14
1228,"청계동 주민센터내에 대기오염전광판의 위치 변경으로 정보 제공의 극대화","경기도 의왕시","2023-12-06","답변완료",0
1227,"시,도 및 시,군,구 체육회장 시장 및 의원 선거 5년 정지","문화체육관광부","2023-12-06","제안심사",2
1226,"연말정산 인적공제","기획재정부","2023-12-06","답변완료",13
1225,"여름철 물놀이장 푸드트럭 운영 제안","광주광역시","2023-12-06","답변완료",7
1224,"내포숲길에 청홍단풍나무식재를 요청합니다","충청남도 홍성군","2023-12-06","답변완료",11
1223,"지역주택조합 문제점","국토교통부","2023-12-06","답변완료",18
1222,"도시생태환경 자문위원단구성의 필요성","환경부","2023-12-06","답변완료",2
1221,"말소차량(대포차량)의 체납징수 방법 제안","대전광역시 서구","2023-12-06","제안심사",27
1220,"말소차량(대포차량)의 체납징수 방법 제안","대전광역시 유성구","2023-12-06","제안심사",27
1219,"말소차량(대포차량)의 체납징수 방법 제안","대전광역시 동구","2023-12-06","제안심사",27
1218,"말소차량(대포차량)의 체납징수 방법 제안","대전광역시 중구","2023-12-06","제안심사",27
1217,"말소차량(대포차량)의 체납징수 방법 제안","대전광역시 대덕구","2023-12-06","제안심사",27
1216,"무안 반려견놀이터 찬성의견","전라남도 무안군","2023-12-06","답변완료",14
1215,"부동산 중개보수 개정 요청","국토교통부","2023-12-06","답변완료",18
1214,"원활한 교통 진행을 위한 황색실선 축소 및 제거와 좌회전, 유턴 신호 추가 제안","경기도 김포시","2023-12-06","답변완료",4
1213,"단숨에 돈 추가로 들이지 않고(남의 돈으로) 세계 전투기 시장을 장악하는 방법","방위사업청","2023-12-06","답변완료",1
1212,"연말도로공사","경상북도 구미시","2023-12-06","제안심사",8
1211,"정신건강 전문 상담","보건복지부","2023-12-06","답변완료",15
1210,"요양병원 가족면회 횟수제한 해지요청","보건복지부","2023-12-06","답변완료",22
1209,"기계설비유지관리자 선임자격 완화 반대","국토교통부","2023-12-06","답변완료",365
1208,"츌산율 저하 대책 마련","고용노동부","2023-12-06","답변완료",2
1207,"아동청소년성호보에관한법률 개정제안","여성가족부","2023-12-06","답변완료",5
1206,"김밥의 영문 표기법을 현실에 맞게 수정해주세요","문화체육관광부","2023-12-06","답변완료",17
1205,"학생 답안지 채점하는데 학교마다 방식이 다르니 통일시켜 주어야 할 것 같다.","교육부","2023-12-06","답변완료",9
1204,"아동 보육원 제도 개선안","보건복지부","2023-12-06","제안심사",8
1203,"교육부 인가 외국인학교의 학폭근절을 위한 이중언어 탐정 채용에 대한 검토 요청","경찰청","2023-12-06","제안심사",11
1202,"민원업무 처리의 간소화","보건복지부","2023-12-06","제안심사",3
1201,"민원업무 처리의 간소화","행정안전부","2023-12-06","답변완료",3
1200,"홍제천에 있는 무허가 비닐 정자를 철거하는 방식 대신에  구청에서 새롭게 만들어서 관리하는 방안을 제안드립니다.","서울특별시 서대문구","2023-12-06","답변완료",1
1199,"민간시설에 의한 공혈동물들의 관리를 불법으로 규정하고 정부시설 및 비영리 단체에 의한  우리나라 관리를  요청합니다.","농림축산식품부","2023-12-06","답변완료",5
1198,"전면공지 완화와 테라스 영업신고","전라남도 무안군","2023-12-06","답변완료",5
1197,"저출산으로 인한 병력감소 및 쉬고있는 전역자 해결을 통한 근로 해결","국방부","2023-12-05","제안심사",14
1196,"부산사하도서관내 구내식당 운영 검토","부산광역시교육청","2023-12-05","답변완료",2
1195,"충청북도북부출장소 이용률 제고","충청북도","2023-12-05","답변완료",1
1194,"교육부 장관님께 부탁드립니다.","교육부","2023-12-05","답변완료",7
1193,"정기승차권 신규 개설","국토교통부","2023-12-05","제안심사",9
1192,"정기승차권 신규 개설","서울특별시","2023-12-05","제안심사",9
1191,"정기승차권 신규 개설","인천광역시 교통공사","2023-12-05","제안심사",9
1190,"공공장소 쓰레기 관리가 시급합니다.","전라북도 전주시","2023-12-05","답변완료",2
1189,"가로등 밑 나무나 가로등 근처에 있는 나무들을 옮겨 심거나 베어내어 예산을  절감하는 방법 제안","서울특별시 서대문구","2023-12-05","답변완료",1
1188,"기계설비유지관리자 자격 완화 진행 관련 건.","국토교통부","2023-12-05","답변완료",421
1187,"동물의료전담기구가 신설되길 바랍니다..","농림축산식품부","2023-12-05","답변완료",7
1186,"다자녀 주차 불편함 해소의 건","국토교통부","2023-12-05","제안심사",12
1185,"주정차위반 과태료 통지서 고지내용 개선 건.","경기도 안산시","2023-12-05","답변완료",5
1184,"계양구청사 교육프로그램 개선","인천광역시 계양구","2023-12-05","답변완료",12
1183,"이호진,나장원 수사관의 편파수사 및 수사무마 의마에 대해서","경찰청","2023-12-05","제안심사",19
1182,"서술형과 단답형 채점하는 방식이 광역시도마다 다르니 단일화가 필요하다.","교육부","2023-12-05","답변완료",13
1181,"물탱크철거문제","부산광역시 기장군","2023-12-05","제안심사",5
1180,"중고등학교 체육복 통일화","교육부","2023-12-05","제안심사",17
1179,"시계, 공기 질, 기온 등 안내 전광판 설치 요청","서울특별시 송파구","2023-12-05","답변완료",7
1178,"국민건강보험료 소득월액 산정시 불합리한 징수 방식 개선","보건복지부","2023-12-05","답변완료",20
1177,"충남대 치의대 설립을 반대합니다.","교육부","2023-12-05","답변완료",34
1176,"교사정원","교육부","2023-12-05","답변완료",15
1175,"인구 증가  정책","보건복지부","2023-12-05","제안심사",1
1174,"출산및 인구 장려책","보건복지부","2023-12-05","제안심사",2
1173,"난임부부지원 지자체 6개월 제한","보건복지부","2023-12-05","답변완료",9
1172,"일본 한자말과 영어에 밀려 죽어가는 겨레말을 살려주세요!","문화체육관광부","2023-12-05","답변완료",1
1171,"보행자 보도및 인도 를 설치 하여 주세요.","경기도 김포시","2023-12-05","제안심사",8
1170,"버스 승강장 설치요청 함니다.","경기도 김포시","2023-12-05","답변완료",6
1169,"청렴 MBTI 시행","국민권익위원회","2023-12-05","답변완료",7
1168,"횡단보도와 신호등 설치요청 함니다.","경기도 김포시","2023-12-05","답변완료",4
1167,"사회적 약자에 대한 사회적 배려.","보건복지부","2023-12-05","제안심사",5
1166,"인터넷 쇼핑몰 상품설명 중국어 사용 규제","공정거래위원회","2023-12-05","답변완료",10
1165,"더러운 평화가 낫습니다.","통일부","2023-12-05","답변완료",9
1164,"교도서 도서관 운영에 대한 제안서","법무부","2023-12-05","답변완료",34
1163,"예체능 분야 교과서의 통폐합 제안","교육부","2023-12-05","답변완료",4
1162,"무자녀 세금도 필요 합니다.","기획재정부","2023-12-04","답변완료",10
1161,"환경 지키GO, 청정 강원 만들GO 실천을 위한 환경 보전 대책 선제적 수립 시행","강원특별자치도","2023-12-04","답변완료",1
1160,"조손 가족 복지 사각지대 발굴 필요 및 개선방안 제시","여성가족부","2023-12-04","답변완료",20
1159,"조손 가족 복지 사각지대 발굴 필요 및 개선방안 제시","보건복지부","2023-12-04","제안심사",20
1158,"기계설비유지관리자 자격완화 진행관련","국토교통부","2023-12-04","답변완료",413
1157,"학원과 유흥업소 위치 조정을 통한 지역 안전과 교육환경 개선 제안","대전광역시 서구","2023-12-04","답변완료",12
1156,"학원과 유흥업소 위치 조정을 통한 지역 안전과 교육환경 개선 제안","대전광역시교육청","2023-12-04","제안심사",12
1155,"학원과 유흥업소 위치 조정을 통한 지역 안전과 교육환경 개선 제안","경찰청","2023-12-04","제안심사",12
1154,"출산율 증대","보건복지부","2023-12-04","제안심사",8
1153,"경계선 지능장애 지원및 바램","고용노동부","2023-12-04","제안심사",1
1152,"기계설비법 중 기계설비유지관리자 인력수급해결방안","국토교통부","2023-12-04","답변완료",830
1151,"전기차충전주차구역 주차위반차량 신고 (양산시 기후환경과)","경상남도 양산시","2023-12-04","답변완료",14
1150,"혁신적인 국민연금 개편안 모두 봐주세요. 채택바랍니다.","보건복지부","2023-12-04","답변완료",22
1149,"대통령 해외 공식방문 의전실문제","외교부","2023-12-04","답변완료",1
1148,"부동산 거래신고 등에 관한 법률 시행규칙 제4조 제2항 제1호(부동산거래계약 해제 단독신고시 첨부 서류) 개정 요청","국토교통부","2023-12-04","답변완료",20
1147,"예천군_독감 예방접종 안내문을 지역내 카카오채널을 이용하여 누구나 쉽게 정보를 이용할수 있도록 하자.","경상북도 예천군","2023-12-04","답변완료",1
1146,"자립지원전담인력의 확충을 제안합니다.","보건복지부","2023-12-04","제안심사",9
1145,"공익직불금 개선","농림축산식품부","2023-12-04","답변완료",13
1144,"길거리 쓰레기통 디자인","환경부","2023-12-04","제안심사",25
1143,"건보의  자기부담금상환을 안받길","보건복지부","2023-12-04","답변완료",1
1142,"전주 남문야시장 발전을 위하여","전라북도 전주시","2023-12-04","답변완료",4
1141,"경기도 시·군 CCTV 통합관제센터-119상황실 Hot-line 구축 및 관련 조례 신설","경기도","2023-12-04","답변완료",4
1140,"서귀포시 내의 사회문화프로그램(KIIP) 이수 가능 시설을 늘릴 것을 제안합니다.","법무부","2023-12-04","답변완료",1
1139,"저출산 극복방안","국토교통부","2023-12-04","제안심사",19
1138,"코로나19 통합플랫폼(가칭: 코로나의 모든 것) 홈페이지를 개설해주세요","질병관리청","2023-12-04","답변완료",3
1137,"지렁이 산업 활성화 정책","부산광역시","2023-12-04","제안심사",8
1136,"계룡시 평생학습포털 개선 제안","충청남도 계룡시","2023-12-04","답변완료",4
1135,"아동들이 직접 참여하는  서귀포시 무장애통합어린이놀이터 조성","제주특별자치도 서귀포시","2023-12-04","제안심사",3
1134,"항공마일리지 유효기간 폐지","공정거래위원회","2023-12-04","제안심사",9
1133,"에어소프트게임장 신설요청건","경상남도 양산시","2023-12-03","답변완료",6
1132,"국가 정자 및 난자 증여 시스템 설립","보건복지부","2023-12-03","답변완료",3
1131,"저출산  대책방안","국토교통부","2023-12-03","제안심사",26
1130,"외국인 노동자의 노동환경을 강화해야 합니다.","고용노동부","2023-12-03","제안심사",5
1129,"직원무단결근 , 잠수 퇴사시 부당해고관련 사업주의 법률책임완화","고용노동부","2023-12-03","제안심사",6
1128,"군인 두발 규정","국방부","2023-12-03","제안심사",27
1127,"봉성산 숲길 조성에 관하여.","경기도 김포시","2023-12-03","답변완료",2
1126,"국내 저상버스내 확대","국토교통부","2023-12-03","제안심사",5
1125,"외국공연물의 공연 추천 절차 정비","문화체육관광부","2023-12-03","제안심사",8
1124,"반도체 공장의 비상구 설치기준 합리화","고용노동부","2023-12-03","답변완료",7
1123,"중간난간대 설치 예외 확대","고용노동부","2023-12-03","답변완료",5
1122,"출산육아기 정책 지원금 확대","고용노동부","2023-12-03","답변완료",2
1121,"노란우산공제의 문제점","중소벤처기업부","2023-12-03","답변완료",10
1120,"복지로 사이트에 대하여 제안 합니다.","보건복지부","2023-12-03","답변완료",7
1119,"아산둘레길 활성화를 위해서 1) 카카오맵에 표시 2) 명칭재정비 되게 해주세요.","충청남도 아산시","2023-12-03","답변완료",2
1118,"김포-청주, 청주-김포 간 직행버스 노선 2~3차례 운행 재개 요청드립니다!!","경기도 김포시","2023-12-03","답변완료",3
1117,"한지의사제도  부활하라","보건복지부","2023-12-03","답변완료",5
1116,"관공서 등기우편 발송시스템 개선","대구광역시 달성군","2023-12-03","답변완료",0
1115,"서귀포시 서홍동에 위치한 아이뜨락 생태놀이터에 한파저감시설을 설치해주세요.","제주특별자치도 서귀포시","2023-12-03","답변완료",0
1114,"명지동 공공임대아파트 내 커뮤니티 시설 내 헬스장 공간 운영지원 및 지역주민 개방","부산광역시 강서구","2023-12-03","답변완료",22
1113,"다양한 문화의 인식 개선을 위한 교류 프로그램의 필요성.","문화체육관광부","2023-12-03","답변완료",14
1112,"지반 등 굴착 시 위험방지 기준 개선","고용노동부","2023-12-03","답변완료",2
1111,"강관비계 기둥 간격 등 기준 합리화","고용노동부","2023-12-03","답변완료",2
1110,"컴퓨터작성방식(CBT) 도입을 통한 변호사 시험 개선","법무부","2023-12-03","답변완료",6
1109,"초등생 점심시간 12시30분전 운영 제안","대전광역시교육청","2023-12-03","답변완료",5
1108,"사거리 유턴시 우측 좌회전신호  사전 중지 제안","대전광역시","2023-12-03","답변완료",0
1107,"함께학교 플랫폼 제안내용 소통24(생활공감정책참여단)와 연계","교육부","2023-12-03","답변완료",2
1106,"도안동 행정복지센터 인바디 설치","대전광역시 서구","2023-12-03","답변완료",14
1105,"농가 및 계절노동자 계절근로사업 공청회 개최안","제주특별자치도 서귀포시","2023-12-02","제안심사",5
1104,"다문화 가정의 자립 보장을 위한 이중언어 교실 규모 확충 및 설치 사업","제주특별자치도 서귀포시","2023-12-02","답변완료",3
1103,"지하차도  손잡이 또는 발판 설치","부산광역시","2023-12-02","답변완료",12
1102,"청소년 면접비용","경기도","2023-12-02","제안심사",3
1101,"마약류관리특별법","보건복지부","2023-12-02","답변완료",12
1100,"마약류관리특별법","식품의약품안전처","2023-12-02","답변완료",12
1099,"남성의 양육의무 미이행시 해당 남성의 부양의무준수의무제도 제안","법무부","2023-12-02","제안심사",4
1098,"남성의 양육의무 미이행시 해당 남성의 부양의무준수의무제도 제안","여성가족부","2023-12-02","답변완료",4
1097,"저출산정책에 대한 의견입니다.","보건복지부","2023-12-02","제안심사",10
1096,"인도 및 임시 확장 도로에 낙엽을 치워 주세요.","경기도 김포시","2023-12-02","답변완료",1
1095,"각구청별 도로변 배수구 안에 쌓여진 낙엽,담배꽁초 ,각종쓰레기을 진공흡입청소차량으로 제거 제안건","서울특별시 송파구","2023-12-02","제안심사",0
1094,"폭 6M 이하의 차량통행 방법에 대한 제안","경찰청","2023-12-02","답변완료",0
1093,"출산율 상승을 위한 교육비 저감방안","교육부","2023-12-02","답변완료",2
1092,"무인발급기 외부설치","행정안전부","2023-12-02","답변완료",3
1091,"창곡교차로에서 산성역 방향 이동시 과속카메라 제한속도 상향 조정","경찰청","2023-12-02","제안심사",0
1090,"과태료를 부과도 못하고 있고 공무원들이 손괴죄로 처벌을 받은것 대해서 제안을 한것입니다","행정안전부","2023-12-02","제안심사",3
1089,"아동청소년 성범죄자 신상공개 제도 제안","여성가족부","2023-12-02","답변완료",5
1088,"불법마약처방의사에 대한 신상공개 실시 제안","경찰청","2023-12-02","답변완료",5
1087,"성교육기본법제정제안","교육부","2023-12-02","답변완료",2
1086,"노동법 강화","고용노동부","2023-12-02","제안심사",3
1085,"정년을 늘리고 국민연금 수급연령도 늦추어야 한다 생각합니다","보건복지부","2023-12-02","답변완료",11
1084,"정년을 늘리고 국민연금 수급연령도 늦추어야 한다 생각합니다","고용노동부","2023-12-02","답변완료",11
1083,"시니어 농수산대학  설립 요망","농림축산식품부","2023-12-02","답변완료",3
1082,"*노점상 소상공인의 어려움과 고통을 이해하려고 노력하고 힘든 소상공인들의 지친  목소리를 진심으로 듣고 해결 방안을 고민해 볼 수 있는 소상공인 공단 만들기","중소벤처기업부","2023-12-02","답변완료",5
1081,"가정위탁 보호제도에 관한 인식개선과 지원필요","보건복지부","2023-12-01","답변완료",7
1080,"육아휴직 벌금","고용노동부","2023-12-01","제안심사",2
1079,"호암지 공사시 검토 반영요청","충청북도 충주시","2023-12-01","제안심사",2
1078,"부천시 취약계층 고등학생을 위한 일대일 교육 멘토링 진행을 제안합니다.","경기도교육청","2023-12-01","답변완료",0
1077,"병설유치원의 맞벌이학부모를 위한 돌봄 공백 방안","교육부","2023-12-01","답변완료",9
1076,"어린이 보호구역 및 일반 신호등 색상에 대하여","부산광역시","2023-12-01","답변완료",10
1075,"연말정산 [장기주택저당차입금 이자상환액 공제] 개선 제안","국세청","2023-12-01","답변완료",8
1074,"정부 지원금을 받으려면 전년 매출이 2억이상 있어야 합니다 시작하는 업체 안되는 업체는 어디서 받을수 있나요 아이템 등 시장성이 먼저라고 보는데 제가 이상한 사람인가요","중소벤처기업부","2023-12-01","제안심사",2
1073,"보복 살인미수 운전","경찰청","2023-12-01","제안심사",0
1072,"명백한 의도적 불법 마약처방의사에 대한 면허취소 및 치료비,위자료 배상제도 제안","보건복지부","2023-12-01","답변완료",1
1071,"지방자치단체 정무직 공무원의 의회입법 행정입법 등 정보공개포털 개설에 관한 법률 제안","교육부","2023-12-01","제안심사",0
1070,"지방자치단체 정무직 공무원의 의회입법 행정입법 등 정보공개포털 개설에 관한 법률 제안","행정안전부","2023-12-01","제안심사",0
1069,"폐 현수막을 활용한 단열재","서울특별시 종로구","2023-12-01","답변완료",28
1068,"12월 5일 세계자원봉사자의날 시민학생구조단 이강우 대표 훈장석류장 수여 결정을 보류하기 바랍니다.","행정안전부","2023-12-01","답변완료",13
1067,"수익용 기본재산 확보 기준 합리화","교육부","2023-12-01","답변완료",10
1066,"가을철 도심 시내도로 가로수 낙옆수거용 주머니(자루) 배분 및 낙옆수거로 도로로침수 등의 안전사고 예방","환경부","2023-12-01","제안심사",2
1065,"독거노인 가구에 대한 관리방법","보건복지부","2023-12-01","답변완료",21
1064,"김포골드라인, 9호선, 김포공항역 출퇴근 혼잡도 개선방안","경기도 김포시","2023-12-01","답변완료",6
1063,"나동연시장님, 길고양이 보호 조례안을 수립해주시길 건의드립니다.","경상남도 양산시","2023-12-01","답변완료",9
1062,"계룡시 지능형 도시모빌리티 생태계 조성","충청남도 계룡시","2023-12-01","제안심사",1
1061,"대한민국 초고령화 사회 극복 방안","보건복지부","2023-11-30","제안심사",2
1060,"대한민국 초고령화 사회 극복 방안","교육부","2023-11-30","답변완료",2
1059,"수의사 1인 동물병원도 진료비 게시해야..","농림축산식품부","2023-11-30","답변완료",11
1058,"다문화 청소년에 대한 인식 개선을 위한 학교 선생님들의 교육 연수 프로그램의 필요성","교육부","2023-11-30","제안심사",2
1057,"시켜줘! 남해군 바다 목장 지킴이","경상남도 남해군","2023-11-30","답변완료",3
1056,"새로운 서울지하철/광역철도 노선도(개선노선도)에서 추가개선 제안","서울특별시","2023-11-30","제안심사",9
1055,"경남 ‘고현중학교’ 활용 팝업스토어 공간 대여 및 카페공간 조성","경상남도교육청","2023-11-30","답변완료",3
1054,"부산시불법건축물 사용금지, 사용제한, 철거 영업금지 하여주시기바랍니다","부산광역시","2023-11-30","제안심사",11
1053,"사천시 시내버스 수요 확충을 위한 ‘사천오백패스’ 제안","경상남도 사천시","2023-11-30","답변완료",14
1052,"티머니페이 소득공제 미반영","국세청","2023-11-30","제안심사",3
1051,"정보공개 종합평가 지표 관련 제안","행정안전부","2023-11-30","답변완료",1
1050,"핸드폰에서 전화할시 앞번호 생략하면 생기는 일","과학기술정보통신부","2023-11-30","답변완료",3
1049,"유아, 청소년 직무체험패스","충청남도 계룡시","2023-11-30","답변완료",0
1048,"반려견을 위한 건강보험제도 신설","농림축산식품부","2023-11-30","답변완료",12
1047,"오피스텔 부실시공 피해를 막아주세요","서울특별시 송파구","2023-11-30","제안심사",8
1046,"부산시 저출산 대책 극복을 위하여 작은것부터 선도적이고, 과감히 개선해주십시오.","부산광역시","2023-11-30","답변완료",15
1045,"영천시립도서관 뒷산 나무데크 계단 끝지점 형광페인트로 구별","경상북도 영천시","2023-11-30","답변완료",4
1044,"마약류에서 비교적 안전한 향정의약품을 빼서 따로 관리해 주세요.","식품의약품안전처","2023-11-30","답변완료",6
1043,"청주시 해피콜 5km 이용구간 신설 제안","충청북도 청주시","2023-11-30","제안심사",5
1042,"전세사기피해자 입니다. 전세사기피해신청합니다.","국토교통부","2023-11-30","제안심사",56
1041,"마약류관리특별법 제정제안","식품의약품안전처","2023-11-30","답변완료",6
1040,"지하철 표지판 방향에 대한 건의","국토교통부","2023-11-30","제안심사",20
1039,"지하철 표지판 방향에 대한 건의","국토교통부","2023-11-30","제안심사",11
1038,"유명무실한 학부생 지원 사업 폐지","교육부","2023-11-30","제안심사",10
1037,"유명무실한 학부생 지원 사업 폐지","교육부","2023-11-29","제안심사",1
1036,"국비장학생 병가 허용","고용노동부","2023-11-29","제안심사",3
1035,"수영장 안전사고 및 수상구조사 국가자격 일원화","해양경찰청","2023-11-29","제안심사",5
1034,"난임지원대책","보건복지부","2023-11-29","답변완료",13
1033,"산림청 견학 및 진로체험 등 홍보 및 신청 활성화 필요","산림청","2023-11-29","답변완료",5
1032,"장기역 버스정류장  추위 피할 공간 제공 요청","경기도 김포시","2023-11-29","답변완료",6
1031,"대한민국 숙박세일페스타 개선의 件","문화체육관광부","2023-11-29","답변완료",5
1030,"유료제 도로변 주차 확대","대전광역시","2023-11-29","답변완료",0
1029,"그린베트 해제 관련","광주광역시","2023-11-29","답변완료",10
1028,"발달장애인 방과후활동서비스 지침 수정 요청","보건복지부","2023-11-29","답변완료",7
1027,"미혼 남녀 만남 행사를 대구 경북 지역에도 실시해 주세요","보건복지부","2023-11-29","제안심사",7
1026,"교사에게도 사법경찰권 부여","교육부","2023-11-29","답변완료",14
1025,"차량기본옵션에 대한 보험사시스템개정에 관하여","국토교통부","2023-11-29","제안심사",3
1024,"휴양림 이용시 다자녀 혜택 기준 나이 좀 확대해 주세요","산림청","2023-11-29","답변완료",8
1023,"도심지 공원내 여유 부지 활용으로 노인 복지 증대","보건복지부","2023-11-29","제안심사",8
1022,"자원순환기계 '수퍼빈' 되었으면 합니다.","전라남도 무안군","2023-11-29","답변완료",12
1021,"농업기술센터 농기계 이용 편리도모 및 농기계 부품 등 추가구입","인천광역시","2023-11-29","답변완료",1
1020,"안전하고, 즐거운 관광지 만들기","충청남도 태안군","2023-11-29","답변완료",6
1019,"가평군 설악면 거점소독소","경기도 가평군","2023-11-29","답변완료",7
1018,"공, 사유림 매수 계획의 개선방안","산림청","2023-11-29","제안심사",3
1017,"에스컬레이터의 안전한 이용","행정안전부","2023-11-29","제안심사",12
1016,"서울시장님에게 ㅡ 남영6,7,8구역의비젼을 같이 고민해주세요.","서울특별시","2023-11-29","답변완료",2
1015,"시각장애인을 위한 민원서류 음성화 및 점자화 재공","행정안전부","2023-11-29","답변완료",7
1014,"지체장애인 인식표 배부","보건복지부","2023-11-29","제안심사",12
1013,"시군구청 민원실 및 읍면동사무소에 청각장애인들을 위하여 수화통역사 배치","행정안전부","2023-11-29","답변완료",4
1012,"국공립중고등학교 학생들에 비해 사립중고등학교 학생들이 받는 차별을 없애 주세요","교육부","2023-11-29","답변완료",14
1011,"파손된 태극기에 대한 처리 필요","경기도 김포시","2023-11-29","답변완료",16
1010,"충남 부여  수북로55 , CU매장 앞 교통(도로) 표지판-이정표 훼손 상태","충청남도 부여군","2023-11-29","제안실현",9
1009,"옥길, 범박동 소사구 일대 교통망 확충(광역버스 신설) 및 심야 시간대 버스 확충이 필요합니다.","경기도 부천시","2023-11-29","답변완료",26
1008,"선분양 후이주로 재건축 분양시점을 앞당겨주세요","국토교통부","2023-11-28","제안심사",5
1007,"대부도ㆍ오이도역간 직통 정기 마을버스 운행","경기도 안산시","2023-11-28","답변완료",2
1006,"남해군 폐어망수거정책","경상남도 남해군","2023-11-28","답변완료",9
1005,"임플란트 의료급여 수급 나이를 만 65세에서 65세(연 나이)로 조정","보건복지부","2023-11-28","제안심사",8
1004,"수목원전문가 교육과정의 예산 삭감을 재고하여 주십시오","산림청","2023-11-28","제안심사",0
1003,"SNS 광고로 인한 이용자의 피해가 생기는 사례에 대한 제안","경찰청","2023-11-28","제안심사",0
1002,"부산 개인택시 양수 조건완화 및 개인택시 고령자의 연령제한 건의합니다.","부산광역시","2023-11-28","제안심사",7
1001,"가축분뇨은행 시스템 정책 제안","경상남도 남해군","2023-11-28","답변완료",10
1000,"오염된 죽동천 살리","경상남도 창원시","2023-11-28","제안심사",4
999,"아이키우기 좋은 하남시 만들기를 위한 제안","경기도 하남시","2023-11-28","답변완료",1
998,"대전 유성구 전민동 전세사기","대전광역시","2023-11-28","답변완료",9
997,"하양명곡지 수변공원 공익사업 제안","경상북도 경산시","2023-11-28","답변완료",11
996,"저고도 등산로 계단 대신 철판 설치로 대치","산림청","2023-11-28","답변완료",3
995,"원활한 교통순환위한 좌회전 시간 연장 요청","경찰청","2023-11-28","제안심사",5
994,"남해지역 겨울방학 관내 학생 캠프 요청","경상남도교육청","2023-11-28","답변완료",3
993,"고양시 정보화 교육  키오스크 연습(교육) 어플(ex-꾸욱, 서초톡톡) 앱을 활용한 교육 추가해 주세요.","경기도 고양시","2023-11-28","답변완료",2
992,"아파트 차주차문제","보건복지부","2023-11-28","제안심사",22
991,"인구감소에 육아하는 엄마로 말씀드리고싶습니다.","교육부","2023-11-28","답변완료",10
990,"농지내 지적도상  농로 개설 운영 제안","대전광역시 유성구","2023-11-28","답변완료",1
989,"탄소중립 에너지 자립 제안서","충청북도","2023-11-28","답변완료",2
988,"대규모 통신유통업에서의 거래공정화 위반 방지법 강화및 개인정보법위반시 강력처벌","개인정보보호위원회","2023-11-28","답변완료",7
987,"대규모 통신유통업에서의 거래공정화 위반 방지법 강화및 개인정보법위반시 강력처벌","공정거래위원회","2023-11-28","답변완료",7
986,"국세청, 세무서,구청에서 발송하는 등기를 선택등기로","국세청","2023-11-28","답변완료",16
985,"불법 외국인 노동자 비자 문제","고용노동부","2023-11-28","제안심사",62
984,"불법 외국인 노동자 비자 문제","법무부","2023-11-28","답변완료",62
983,"경찰서 화약류관리의 문제점","경찰청","2023-11-28","제안심사",14
982,"의대생 만 1000명 늘인다고 3 년내지방 거점 병원  , 소아과 소아외과 신경외과,심뇌혈관 ,응급의학과 신경과   산부인과 심장내과 전문의가늘거나 지방거점병원으로 가나 ?","보건복지부","2023-11-28","답변완료",6
981,"근로자의 퇴직급여 중간정산 방법 개선안","고용노동부","2023-11-28","제안심사",4
980,"근로자 쉼터 컨테이너 구매 시 안전관리비로 첨부됩니까?","고용노동부","2023-11-28","답변완료",12
979,"지역 축제 활성화를 위해 축제반상회 신설","경상북도 예천군","2023-11-28","답변완료",3
978,"체육시설 야간 어린이집 신설","울산광역시","2023-11-28","답변완료",13
977,"청년이 바꾸는 도시 달성을 위한 구조적 텃세 개선방안","경기도 의정부시","2023-11-28","답변완료",20
976,"울산전시컨벤션 (유에코 UECO) 카카오톡 채널 개설의 件","울산광역시","2023-11-28","답변완료",6
975,"다산에서 대가야읍으로 가는 버스 학생요금인하해주세요.","경상북도 고령군","2023-11-28","답변완료",6
974,"계룡시 국민생각함 적극활용 제안","충청남도 계룡시","2023-11-28","답변완료",2
973,"마약oo. 이라 붙인 상품, 판매  되지않도록 법제화 필요","식품의약품안전처","2023-11-28","제안심사",3
972,"점심시간 휴무제 실시 민원실 원격민원접수 제안의 件","경상남도 거창군","2023-11-28","제안심사",15
971,"출산모 우대정책을   법제화 하라","고용노동부","2023-11-28","답변완료",2
970,"횡단보도 위치 변경과 신호등 추가 설치를 제안합니다","충청남도 아산시","2023-11-28","답변완료",8
969,"공공개방자원에 생활공구도 추가포함시켜, 개인도 쉽게 이용할수있도록..","행정안전부","2023-11-27","답변완료",0
968,"운전면허시험에 응급조치실기 항목 추가","경찰청","2023-11-27","답변완료",14
967,"운전면허 시험때 응급처치 교육 의무로 추가해주세요!","경찰청","2023-11-27","답변완료",4
966,"왼손잡이의 한글쓰기 획순 결정","교육부","2023-11-27","답변완료",8
965,"주말농장에 잔디도 재배가능","인천광역시 계양구","2023-11-27","답변완료",17
964,"민원처리법 제27조 제1항에 【통지한 날】이 언제인지 명백히 규정할 것 재 건의","행정안전부","2023-11-27","제안심사",22
963,"부부간 증여세","기획재정부","2023-11-27","제안심사",20
962,"한국방문의해 활성화 획기적인 정책제안","문화체육관광부","2023-11-27","답변완료",10
961,"부산형 옐로카펫","부산광역시","2023-11-27","답변완료",9
960,"민원법 제19조 제2항에 ""산지관리법 등 개별법에서 첫날에 대한 규정이 있는 경우에는 적용하지 않는다""는 단서 신설","행정안전부","2023-11-27","제안심사",4
959,"유치원 방과후학교 선발 방식 변경 제안합니다.","경기도교육청","2023-11-27","답변완료",6
958,"산지관리법 제15조의2 제4항을 아래와 같이 개정 건의","산림청","2023-11-27","답변완료",4
957,"외국인 관광객 불편해소를 위한 앱 보완개발","문화체육관광부","2023-11-27","제안심사",8
956,"소프트웨어 과업심의 대상 예외 설정","과학기술정보통신부","2023-11-27","제안심사",1
955,"(국토부 보고자료) 민간 무량판아파트 전수조사 결과 부실시공 없음 관련 아파트 리스트 제공 제안","국토교통부","2023-11-27","제안심사",10
954,"자전거 도로 신설해 주세요","충청북도 음성군","2023-11-27","답변완료",0
953,"영등포구청역 복도 열차안내판 이동설치하여야~","서울특별시","2023-11-27","제안심사",12
952,"난임 지원금 조건 변경 제안","보건복지부","2023-11-27","답변완료",17
951,"맞춤법 습니다 사용이 틀렸다","문화체육관광부","2023-11-27","답변완료",17
950,"나주시 신광리  나주구원의 방주 도로 확충","전라남도 나주시","2023-11-27","답변완료",15
949,"의대정원문제","보건복지부","2023-11-27","답변완료",17
948,"셋째이상 다자녀 장학금 지원의 건","교육부","2023-11-27","답변완료",14
947,"기피업무 수당 신설","인사혁신처","2023-11-27","답변완료",14
946,"장애인주차장 과태료처분시 동일처분요구","보건복지부","2023-11-27","제안심사",7
945,"장애등급평가 심사방안개선","보건복지부","2023-11-27","답변완료",6
944,"예비군 내 분대단위 드론 운용훈련 도입 제안","국방부","2023-11-27","답변완료",8
943,"도서관 설치 제안","광주광역시 광산구","2023-11-27","답변완료",7
942,"주차요금 장수방법 개선요청","부산광역시 금정구","2023-11-27","답변완료",15
941,"영업시간 외 가게 광고 조명 소등 의무화","환경부","2023-11-27","답변완료",23
940,"고령자 대상 기후변화 교육","환경부","2023-11-27","답변완료",34
939,"공무원 인사교류시 강등조건 일괄 해제 요청","행정안전부","2023-11-27","답변완료",6
938,"주택과 허용 기준치를 5데시벨 낮추자","환경부","2023-11-27","답변완료",19
937,"급식 잔반 저감을 위한 시범 학교 운영","환경부","2023-11-27","답변완료",28
936,"초등학교 방과후 운동장에서 고운말 바른말 지킴이를 제안합니다","울산광역시교육청","2023-11-27","답변완료",5
935,"낚시 시 농약살포 후 농촌 지역 환경 쓰레기무단 폐기 방지","환경부","2023-11-27","제안심사",15
934,"- 상수원상류지역 및 기타 지류지역 쓰레기 농약병 ,ㅇ낚시 쓰레기투기예방","환경부","2023-11-27","제안심사",11
933,"연축전지재활용","환경부","2023-11-27","답변완료",3
932,"농약 빈병(빈봉지) 수거방법 개선","환경부","2023-11-27","제안심사",13
931,"사각지대에 선 제3국 출생 탈북배경 청소년에 대한 정책을 제안합니다.","통일부","2023-11-27","답변완료",17
930,"※용인특례시장의 공인 등 갱신 및 용인특례시조례 등 제명 개정안 마련 등 국민제안_2023ㆍ11ㆍ27.","경기도 용인시","2023-11-27","답변완료",6
929,"민원처리기간의 법률과 모순됨","행정안전부","2023-11-27","답변완료",3
928,"제안 – 길거리 담배꽁초로 인한 도시미관 저해로 개선 필요","울산광역시 북구","2023-11-27","제안심사",9
927,"생명을 살리고자 하는 동물들 항공비지원 고민해주세요","농림축산식품부","2023-11-27","답변완료",2
926,"일상돌봄 서비스의 대상자로 경계선지능인(느린학습자)과 경계선지능인 보호자 추가","보건복지부","2023-11-27","답변완료",7
925,"친환경 생분해 어구 보급 사업의 실효성을 높여주세요.","해양수산부","2023-11-27","제안심사",6
924,"대왕암공원 및 슬도 해안 바닷가길 도로 배수로 그레이팅(덮개) 수정 보완 제안","울산광역시 동구","2023-11-26","제안실현",6
923,"실업급여수령에 대하여","고용노동부","2023-11-26","답변완료",3
922,"모든 자사고를 후기학교로 두지 말고, 취지에 맞는 자사고는 전기학교가 될 수 있도록 만들어야합니다.","교육부","2023-11-26","답변완료",5
921,"눈자버원격살포장치대신 송풍기 지급이 예산 절감 및 능률적 방법입니다. 제설기기 대체 방법을 제안합니다","서울특별시 서대문구","2023-11-26","답변완료",2
920,"[8월 검정고시 6월 공고일정 조정] 학교밖 청소년들에게도 관심을 보여주세요! 대한민국의 미래입니다!","교육부","2023-11-26","답변완료",4
919,"어린이집정보공개포털사이트 내용 제안합니다","보건복지부","2023-11-26","제안심사",7
918,"※고양특례시장의 공인ㆍ전자이미지 공인 등 갱신ㆍ재등록 및 고양특례시조례 제명 등 개정안 마련 국민제안의 건 _ 2023ㆍ11ㆍ26.","경기도 고양시","2023-11-26","답변완료",1
917,"공유 킥보드, 자전거 견인조치 요망","부산광역시","2023-11-26","답변완료",22
916,"택시기사 하신 말씀 요금제 삥 뜯기는 요금 카카오 요금제","국토교통부","2023-11-26","제안심사",5
915,"울산 장생포에 ""앱호출형 관광 교통버스(타바라)"" 만들어주세요","울산광역시","2023-11-26","답변완료",6
914,"정보공개청구에 대해  추가전달","행정안전부","2023-11-26","제안심사",4
913,"경범죄 처벌법 추가  요청","경찰청","2023-11-25","제안심사",7
912,"성매매 문제에서 기본권 보호를 위한 종합적인 대응 정책","여성가족부","2023-11-25","답변완료",2
911,"주차장 출입구 근처에 도보가 있을 시 STOP 표시를 해주세요.","서울특별시 중구","2023-11-25","답변완료",3
910,"터널 내 소화기 비치장소 이동 제안","대전광역시","2023-11-25","답변완료",6
909,"옥계 상습정체 구역에 대한 신호등 개선요청","경상북도 구미시","2023-11-25","제안심사",9
908,"노인장기요양 이대로 좋은가?","보건복지부","2023-11-25","제안심사",12
907,"생태수도 일류도시 순천에서 음식물처리기 지원사업으로 환경 살리기!!!","전라남도 순천시","2023-11-25","답변완료",8
906,"외국인관광객 전용 교통패스를 만들었습니다.","문화체육관광부","2023-11-25","제안심사",6
905,"제품의 중량을 줄이면 확인이 가능한 포장지수 도입 제안","환경부","2023-11-25","답변완료",4
904,"부산역 앞 버스정류소 버스노선도의 방향에 대한  제안","부산광역시","2023-11-25","답변완료",13
903,"농촌 활성화 방안 측면에서 본 개혁 과제","농림축산식품부","2023-11-25","답변완료",3
902,"협찬 소득공제 국세청 신고 시 신분증 및 통장 사본이 아닌 고유번호 발행으로 신고 제안","국세청","2023-11-25","제안심사",5
901,"학교내 픽업존 설치","전라남도교육청","2023-11-25","답변완료",5
900,"치매노인에 실종방지 칩셋 부착","보건복지부","2023-11-24","답변완료",5
899,"반려동물 의무교육 및 반려인 자격 제도 제안","농림축산식품부","2023-11-24","답변완료",7
898,"중증질환 가족 복지서비스 창출","보건복지부","2023-11-24","제안심사",1
897,"소풍을 즐겁게 즐기게 해 주세요","울산광역시 중구","2023-11-24","답변완료",3
896,"주말농장에 잔디가 왜???","인천광역시 계양구","2023-11-24","답변완료",17
895,"낙동강 종주 자전거길 8각 정자 쉼터 관리번호 지정 제안","경상남도 밀양시","2023-11-24","답변완료",1
894,"계룡시 정책자문단 활성화 제안","충청남도 계룡시","2023-11-24","답변완료",4
893,"의료인력 조정 방안","보건복지부","2023-11-24","답변완료",6
892,"지역건강보험료 부과기준에서 금융기관부채를 차감해야 합니다.","보건복지부","2023-11-24","답변완료",4
891,"유천냉면 사거리 신호등 설치 건","충청남도 아산시","2023-11-24","답변완료",3
890,"관광과 플로깅을 한번에! “남해군 TNP”","경상남도 남해군","2023-11-24","제안심사",6
889,"자전거 등록제","행정안전부","2023-11-24","답변완료",12
888,"김장김치(배추)실가리 분쇄시 분쇄용 물(녹즙)재활용","농촌진흥청","2023-11-24","답변완료",1
887,"고향사랑기부제 인지도와 기부의향 제고 방안 제안","행정안전부","2023-11-24","답변완료",5
886,"낱개 묶음 과자의 낱개 포장 단위별 유통기한 표시 의무화","식품의약품안전처","2023-11-24","답변완료",16
885,"EM 효소 무료 배분기와 하수구 거름망 설치 요청","경상북도 영주시","2023-11-24","답변완료",1
884,"종량제봉투 요금 통일","환경부","2023-11-24","제안심사",5
883,"디지털 자료 파일 제공 요청","문화체육관광부","2023-11-24","답변완료",8
882,"파랑색 볼펜","대전광역시 대덕구","2023-11-24","답변완료",0
881,"파주 금촌역에 자전거 수리 센터 운영을 제안 합니다","경기도 파주시","2023-11-24","답변완료",1
880,"초중고등학교 의무교육과정에서 한자 또는 한문과목의 축소","교육부","2023-11-24","답변완료",9
879,"무인민원발급기 출력시 시각장애인들을 위하여 문서에 점자 출력 추가","행정안전부","2023-11-24","답변완료",11
878,"- 상수원상류지역 및 기타 지류지역 쓰레기 농약병 ,ㅇ낙시 쓰레기투기예방","환경부","2023-11-24","제안심사",19
877,"낙시  시 농약살포 후 농촌 지역 환경 쓰레기무단 폐기  방지","환경부","2023-11-24","제안심사",12
876,"가족활동지원급여 허용과 50%가 아닌 100%지원 바랍니다. 3월 종료 반대합니다.","보건복지부","2023-11-24","답변완료",11
875,"새로운 관광 이미지 제공","제주특별자치도 서귀포시","2023-11-24","제안심사",1
874,"포항시, 지진 피해 손해 배상금 위자료 신청 민원 창구를 확충해 주세요. 제안합니다.","경상북도 포항시","2023-11-24","제안심사",6
873,"전주풍남문 광장을 시민에게 돌려주세요!","전라북도 전주시","2023-11-24","답변완료",0
872,"시용보증기금에관한건","금융위원회","2023-11-24","제안심사",0
871,"공용주차장개설","강원특별자치도 강릉시","2023-11-24","답변완료",42
870,"마라톤대회 다회용컵 사용 및 회수용 풀 설치","문화체육관광부","2023-11-23","답변완료",6
869,"국내자동차제조회사의 LPG하이브리드 자동차 생산 의무화","산업통상자원부","2023-11-23","답변완료",4
868,"중국 전투기 J35도 변했듯이 KF21도 수직꼬리날개디자인을 최종적으로 최신 것으로 뱐환하는것도 좋을거 같은데요","방위사업청","2023-11-23","답변완료",1
867,"군 병사의 21일 연가 일수 연장 제안서","국방부","2023-11-23","제안심사",4
866,"여수시 화정면 하화도에 꽃씨 자판기 설치를 제안합니다.","전라남도 여수시","2023-11-23","답변완료",29
865,"낙동강 종주 자전거길 지역 명소 안내판 제작 제안","경상남도 밀양시","2023-11-23","답변완료",2
864,"정신병원의 정확한 규칙에대한 개선사항입니다.","보건복지부","2023-11-23","답변완료",3
863,"한 가정당 주차대수제한","충청북도 충주시","2023-11-23","답변완료",10
862,"환경친화적인 지역 사회를 만들기 위한 플라스틱 UP!cycling 축제개최","경상남도 남해군","2023-11-23","답변완료",6
861,"남장주공 아파트에서 역제저수지(역제방죽)까지(역재3길과 남장로 사이) 실개천으로 오폐수가 유입","충청남도 홍성군","2023-11-23","답변완료",6
860,"장애인 보장구 진단서 관련","보건복지부","2023-11-23","답변완료",9
859,"경로당 보조금 항목 통합 건의","대전광역시","2023-11-23","답변완료",3
858,"방동저수지에서","대전광역시 유성구","2023-11-23","답변완료",4
857,"준법 준수와 적극행정 실천으로 악성 민원 예방 환경 조성 방안 제안","국세청","2023-11-23","제안심사",2
856,"학교에서 처리하는 학교폭력의 범위를 교내, 하교전까지로 한정해 주십시오.","교육부","2023-11-23","답변완료",14
855,"부모재산분활에대한 공소시효폐지","법무부","2023-11-23","답변완료",9
854,"수학 수업 2교사제 ( 1명 : 보조 선생님 ) 실시를 바랍니다. : 초, 중, 고","교육부","2023-11-23","답변완료",7
853,"부산시및 금정구청(관할청)에서 시민및 구민을 대상으로 계약한 시,구민 안전 보험에 대해 동 내용 홍보 활동 강화","부산광역시 금정구","2023-11-23","답변완료",4
852,"한강/낙동강 발원지를 활용한 관광아이템 개발","강원특별자치도 태백시","2023-11-23","답변완료",2
851,"전력 수요 유도 국민생활공감 정책","산업통상자원부","2023-11-23","답변완료",9
850,"이혼 소송시, 양육권 확보를 위한 자녀 탈취 가출의 제한","법무부","2023-11-23","답변완료",5
849,"신장 사거리에 도로에 방향 표시 부탁드립니다.","경기도 하남시","2023-11-23","답변완료",0
848,"전기버스","경기도 안양시","2023-11-23","답변완료",26
847,"자녀 등본, 가족관계증명서 등 서류 출력","행정안전부","2023-11-23","답변완료",9
846,"""무보수성""과 관련한 표준 가이드라인 제작의 필요성.","행정안전부","2023-11-23","답변완료",8
845,"제안)  현 암센터를 시도 의료원으로 이관","보건복지부","2023-11-23","제안심사",5
844,"007 제임스 본드 직무제안","경찰청","2023-11-22","제안심사",6
843,"각구청별  도로변 배수구 안에 쌓여진 낙엽,담배꽁초 ,각종쓰레기을 진공흡입청소차량으로 제거 제안건","서울특별시","2023-11-22","답변완료",8
842,"공무원들의 본봉을 인상시켜야 한다","인사혁신처","2023-11-22","답변완료",14
841,"육아참여 및 가족행복을 위한 직장내 아버지학교 도입","전라남도","2023-11-22","제안심사",0
840,"동물보호법 제안 (동물학대, 유기 금지 관련)","농림축산식품부","2023-11-22","답변완료",19
839,"학교현장재난 유형별교육훈련매뉴얼 조속개정필요","교육부","2023-11-22","제안심사",3
838,"대전 서구 구봉천 일대 CCTV 설치 요청","대전광역시 서구","2023-11-22","답변완료",12
837,"농촌 폐비닐수거장 설치 운영","대전광역시 유성구","2023-11-22","답변완료",2
836,"교원 복무 규정 중 병가 6일 초과 시 병 조퇴, 병 지각 등에도 진단서를 매번 제출해야 하는 현행 규정 개선을 요구합니다.","교육부","2023-11-22","답변완료",9
835,"교과목에 생활법률과목 제정운영","교육부","2023-11-22","답변완료",5
834,"푸드트럭 운영하는 소상공인에게 시설개선 및 인테리어 비용 정책자금 지원바랍니다","전라남도 장성군","2023-11-22","답변완료",3
833,"거주자 우선 주차제 불합리성","서울특별시 송파구","2023-11-22","제안심사",15
832,"영농폐기물수거보상제 개선 및 영농부산물 환경적 처리","경상남도 남해군","2023-11-22","제안심사",3
831,"고용관련 세액공제 용어정리","기획재정부","2023-11-22","제안심사",7
830,"포항 문화예술의 차별 없는 발전을 위한 방안","경상북도 포항시","2023-11-22","답변완료",6
829,"뷔페에서 버려지는 음식에 대하여","환경부","2023-11-22","답변완료",29
828,"담배꽁초 투기율을 줄이기 위한 도시 환경 조성 정책","경상남도교육청","2023-11-22","답변완료",5
827,"산재보험보상","고용노동부","2023-11-22","답변완료",9
826,"동청송 IC진입로 삼거리설치물 근처에 차선도색과 중앙분리봉설치를 해주세요.","경상북도 청송군","2023-11-22","답변완료",11
825,"이주여성에 대한 지원을 강화해 주세요","여성가족부","2023-11-22","답변완료",2
824,"발가락 장애 조건","보건복지부","2023-11-22","답변완료",2
823,"구미 캠핑장 반려견 동반 입장","경상북도 구미시","2023-11-22","답변완료",5
822,"4월 29일 세계골프없는날 달력에 기념일로 넣어주세요!","문화체육관광부","2023-11-22","답변완료",6
821,"울산 내에서 교통패스 제도를 시행하면 어떨까요?","울산광역시","2023-11-22","답변완료",14
820,"비상벨 크기 확대로 위급상황에 신고가 용이 하도록 개선요청","국토교통부","2023-11-22","제안심사",1
819,"비상벨 크기 확대로 위급상황에 신고가 용이 하도록 개선요청","경찰청","2023-11-22","제안심사",1
818,"신용불량자 금융거래에 대한 제안","금융위원회","2023-11-22","제안심사",11
817,"노인장기요양보험 절차 수정 제안","보건복지부","2023-11-22","답변완료",11
816,"학부모교육관련) 강사의 교안 확인 후 진행이 필요","경기도교육청","2023-11-22","답변완료",7
815,"빨레터 유래 안내판ㆍ표지석","경상북도 경주시","2023-11-22","제안심사",0
814,"지하철 임산부 배려석 눈에 확 띄게 해주세요","서울특별시","2023-11-22","답변완료",15
813,"불국동 새마을동산 국기봉","경상북도 경주시","2023-11-22","답변완료",2
812,"실업급여 제도 개선","고용노동부","2023-11-22","답변완료",11
811,"양육비의 소득공제를 통한 국민평등 실현","기획재정부","2023-11-22","답변완료",9
810,"남녀노소불편없는 화장실이용개선","울산광역시","2023-11-22","답변완료",22
809,"목욕탕이나 숙박업소에서는 빈대방역 안내문을 부착하자.","질병관리청","2023-11-21","제안심사",7
808,"일산 서구/동구의 슬럼화되는 지역 살리기 제안(가로수길, 웨스턴톰, 라페스타 등)","경기도 고양시","2023-11-21","답변완료",2
807,"기념우표 사전 예약 판매 개선 건 제안","과학기술정보통신부","2023-11-21","답변완료",8
806,"경남 고성군 회화면 당항포 일원, 동해면 바닷가 일원에 포토존 설치건","경상남도 고성군","2023-11-21","답변완료",2
805,"시내전기버스30-5 노약자좌석 설치해주세요","경기도 하남시","2023-11-21","제안심사",1
804,"선편 국제소포 접수를 보다 편리하게 !","과학기술정보통신부","2023-11-21","제안심사",0
803,"퇴직연금 중간 정산 기준 완화","고용노동부","2023-11-21","제안심사",9
802,"안전커버. 부탁드려요","전라남도","2023-11-21","제안심사",0
801,"창원시 대산면 개발","경상남도 창원시","2023-11-21","답변완료",5
800,"자전거도 번호판 부착","행정안전부","2023-11-21","답변완료",17
799,"주유시 시동 끄기","경기도 양주시","2023-11-21","제안심사",1
798,"민원24시 간편인증시 카톡인증도 추가요함","행정안전부","2023-11-21","답변완료",4
797,"다자녀 가족 역차별 개선을 위한 유치원입학관리시스템(이하 처음학교로) 변화 건의","교육부","2023-11-21","답변완료",32
796,"정부부처 공지사항 메일링 서비스","행정안전부","2023-11-21","제안심사",0
795,"정부24 현황 최신화","행정안전부","2023-11-21","답변완료",11
794,"고귀(Go 귀농)한 사람들","경상남도 남해군","2023-11-21","제안심사",15
793,"안내 표지 수정","경기도 광주시","2023-11-21","답변완료",2
792,"주차장 카드 결제 시스템 제안합니다.","충청남도 홍성군","2023-11-21","제안심사",9
791,"시각장애인 이동권 보장을 위한 제안","경기도 고양시","2023-11-21","답변완료",4
790,"전동킥보드 공유시스템 개선, 정말 필요하다고봅니다.","국토교통부","2023-11-21","제안심사",10
789,"디지털 환경에 맞는 스마트 행정서비스 확대 제공","행정안전부","2023-11-21","제안심사",0
788,"생활쓰레기 처리 개선 건의","환경부","2023-11-21","제안심사",29
787,"투명페트병 분리배출제 시행 안정화 방안","환경부","2023-11-21","제안심사",14
786,"쓰레기 종량제 봉투 중, 매립용 봉투 개선 필요","환경부","2023-11-21","제안심사",13
785,"일반비닐봉투 사용금지지속","환경부","2023-11-21","답변완료",14
784,"새다플(새로쓰고 다시쓰는 플라스틱) 페어","환경부","2023-11-21","답변완료",28
783,"탄소중립을 위한 폐식용유 수거 정책","경상남도","2023-11-21","답변완료",6
782,"실업급여 재정 건전화를 위한 공공기관 및 공기업 채용개선","고용노동부","2023-11-21","답변완료",5
781,"복지사 주말 근무 수당 지급","부산광역시","2023-11-21","답변완료",10
780,"풍경공원 주변 너무 어둡습니다. 조명 추가 설치해주세요","경기도 김포시","2023-11-21","답변완료",5
779,"우범지역 경찰공무원 순환근무제도 제안","경찰청","2023-11-21","제안심사",1
778,"장마와 태풍으로 인한 피해로 농사를 하지 못하는 농가를 위하여. . .","충청북도 옥천군","2023-11-20","제안심사",1
777,"복도식 아파트 방화문 고정장치","국토교통부","2023-11-20","제안심사",13
776,"계룡문 올라가는 계단에 자살예방 희망문구 부착 제안","충청남도 계룡시","2023-11-20","답변완료",2
775,"불합리한 제도","환경부","2023-11-20","제안심사",23
774,"일회용플라스틱컵 사용규제 업장과태료?","환경부","2023-11-20","답변완료",20
773,"교통 개선","국토교통부","2023-11-20","제안심사",57
772,"왔어울산 플랫폼 카테고리 모빌리티 內 공공와이파이존 추가의 件","울산광역시","2023-11-20","답변완료",10
771,"공무원 육아시간 대상 자녀 기준 확대를 요청합니다.","인사혁신처","2023-11-20","답변완료",11
770,"서울시에서 시행하고 있는 걷기사업 부산도","부산광역시","2023-11-20","답변완료",5
769,"원자력과 석탄 정부승인가격이상 못받게해서 한전적자를 해소하자","산업통상자원부","2023-11-20","답변완료",8
768,"서원구 성화동 도서관 설립 요청","충청북도 청주시","2023-11-20","답변완료",2
767,"보험수가 정산형식에 문제가 있어서 재대로된 치료를 받을수가 없다.","보건복지부","2023-11-20","답변완료",8
766,"자전거 도로 이용과 사고시 현행 도로교통법 적용과 현실과의 괴리와 문제점에 대해","행정안전부","2023-11-20","답변완료",9
765,"실업급여 수급 시 온라인 취업준비 및 직업훈련 참여 활성화 추진","고용노동부","2023-11-20","답변완료",6
764,"홈페이지에 자유게시판을 활용한 각종 사회문제 예방환경 조성방안 제안.","경기도","2023-11-20","답변완료",0
763,"취약계층 손목형 스마트밴드 보급","소방청","2023-11-20","제안심사",92
762,"회산백련지 개발자비석 위치 및 상태 변경","전라남도 무안군","2023-11-20","제안심사",6
761,"[국가보훈처] 국가유공자 대부 제도 개선 요청","국가보훈부","2023-11-20","답변완료",275
760,"무인민원발급기 지문인식 대선 다른 방법으로도 본인인식 가능하도록 개선","행정안전부","2023-11-20","답변완료",10
759,"노인복지관 명칭 변경","울산광역시 울주군","2023-11-20","답변완료",20
758,"장애인 독감백신","경기도 부천시","2023-11-20","제안심사",20
757,"일반비닐봉투 사용금지지속","환경부","2023-11-20","제안심사",19
756,"보건소 금연센터 절주 프로그램 제안","보건복지부","2023-11-20","답변완료",11
755,"의료수급자 병원 진료관련","보건복지부","2023-11-20","제안심사",15
754,"7212번 버스 정류장 승하차 추가 건의 : 수색역(정류소 ID : 12318)","서울특별시","2023-11-20","답변완료",8
753,"포항스페이스워크입구에 심장제세동기를 설치해주세요.","경상북도 포항시","2023-11-19","답변완료",20
752,"영양중고등학교앞 단속카메라옆에 속도표지판을 수정해주세요.","경상북도 영양군","2023-11-19","답변완료",0
751,"장애인 주차구역 표시허는 그림체 변경안","보건복지부","2023-11-19","제안심사",7
750,"F35나 FC31의 날개디자인과 맞지않는 부분이 KF21에 있네요","방위사업청","2023-11-19","답변완료",0
749,"온라인 대형 폐기물 신청 및 전자 스티커 도입","강원특별자치도 평창군","2023-11-19","답변완료",2
748,"다운동 전기충전소 부탁드립니다","환경부","2023-11-19","답변완료",11
747,"kBS수신료 분리 과세 조치에 대한 제언.","방송통신위원회","2023-11-19","답변완료",2
746,"반려견 놀이터 필요해요","전라남도 무안군","2023-11-19","답변완료",26
745,"교사의 교권 보장을 위한 실행 제안","교육부","2023-11-19","답변완료",11
744,"내동로 신호체계 개선","경찰청","2023-11-19","답변완료",0
743,"영양플러스 기초금액 산정관련.","전라남도 담양군","2023-11-19","제안심사",0
742,"장애인을 위한 영화관","문화체육관광부","2023-11-19","답변완료",15
741,"장애휠체어 충전장소 확보","보건복지부","2023-11-19","제안심사",5
740,"폐지줍는 노인들을 국가적 차원에서 '자원재생활동가'로 고용하여 공공일자리 만들기에 대한 제안","보건복지부","2023-11-19","답변완료",8
739,"웹소설, 웹툰 강좌 시행(장생포 문화창고, 도서관 등)","울산광역시 남구","2023-11-19","답변완료",6
738,"정발산 어싱로드 시설을 개선해주세요","경기도 고양시","2023-11-19","답변완료",0
737,"기 제안한 국민의식 개선과 지방대 육성 추가","교육부","2023-11-19","답변완료",0
736,"전기에너지 절약을 위한 오픈형 냉장고 규제 (개폐 시설 의무화)","산업통상자원부","2023-11-19","답변완료",5
735,"푸른 숲 가꾸기","산림청","2023-11-19","답변완료",4
734,"고령인구 만 60세이상 의무고용 비율제","고용노동부","2023-11-18","답변완료",1
733,"수사관형사들 수사보고서 증거첨부필수화","경찰청","2023-11-18","답변완료",4
732,"저출산 및 인구감소에 따른 공무원 정원 감축 및 활용 방안","교육부","2023-11-18","답변완료",14
731,"저출산 및 인구감소에 따른 공무원 정원 감축 및 활용 방안","인사혁신처","2023-11-18","답변완료",14
730,"안양시 명학육교삼거리 교차로 직진차선 유도선 필요합니다.","경기도 안양시","2023-11-18","답변완료",14
729,"산책길(양항교다리) 가로등설치해주세요","경상남도 거창군","2023-11-18","답변완료",13
728,"전남에 커피와이너리, 매실와이너리 설립제안건","전라남도","2023-11-18","제안심사",0
727,"이·통장들 2회 이상 장기집권 못하게해야..","행정안전부","2023-11-18","답변완료",6
726,"불법채권양도및불법채권추심","법무부","2023-11-18","제안심사",5
725,"안전스티커부착","울산광역시 남구","2023-11-18","답변완료",11
724,"""국민건강보험법""의 개선방안","보건복지부","2023-11-18","제안심사",17
723,"국가보훈부 ""앱, 어플리케이션""제작필요","국가보훈부","2023-11-18","답변완료",71
722,"아동연금?","보건복지부","2023-11-18","답변완료",8
721,"보이지 않는 교통안내 표지판 정비 시급","제주특별자치도","2023-11-18","제안실현",5
720,"새롭게 속도 표지판 설치하면서 노면 표시와 제각각으로 사고 위험성 커 개선책이 요구됨","제주특별자치도 서귀포시","2023-11-18","답변완료",2
719,"간접광고협찬의 비대칭규제 개선","방송통신위원회","2023-11-18","제안심사",2
718,"방송시장 경쟁상황 평가자료 제출","방송통신위원회","2023-11-18","답변완료",0
717,"교사와 학생간 관계성 회복을 위한 교한 제안","교육부","2023-11-18","답변완료",7
716,"최저시급  GDP연동제","고용노동부","2023-11-18","제안심사",1
715,"공공(희망)근로 일자리 안내 알림 서비스 추가","서울특별시","2023-11-18","제안심사",3
714,"길고양이 말로만 하는 개채수 줄이기가 아닌 사업","농림축산식품부","2023-11-17","답변완료",3
713,"전주시 캐릭터및 로고 아이디어","전라북도 전주시","2023-11-17","답변완료",2
712,"저출산 정책 제안","보건복지부","2023-11-17","제안심사",5
711,"저출산 정책 건의 (아빠할당제, 지방분산)","행정안전부","2023-11-17","제안심사",7
710,"다함께돌봄센터 이용 아동대상에 대한 세부지침마련 필요","보건복지부","2023-11-17","답변완료",24
709,"토정로 회전교차로 과속단속카메라 설치","경찰청","2023-11-17","제안심사",0
708,"고교학점제와 2028년 수능개편안에 따른 예상되는 문제점에 대한 해결 및 실행 방안들에 대해 제안 드립니다.","교육부","2023-11-17","답변완료",29
707,"공공구매제품 상담회 라이브 커머스 방식 차용 제안","중소벤처기업부","2023-11-17","제안심사",6
706,"명문장수기업 지정대상 업종 제한 폐지","중소벤처기업부","2023-11-17","답변완료",4
705,"중소기업 관련 증명 발급시스템 통합(중소.소상공인)","중소벤처기업부","2023-11-17","답변완료",2
704,"총괄재난관리자 자격기준 확대","소방청","2023-11-17","제안심사",16
703,"간병인 인력 및 비용관련 정부에서 적극적인 관리 및 지도 강화 요망","보건복지부","2023-11-17","답변완료",20
702,"공유 자전거 등 이동수단 대여 사업자에게 도로 점용료 징수","국토교통부","2023-11-17","제안심사",0
701,"수많은 유기동물, 그저 안락사가 답일까요?","농림축산식품부","2023-11-17","제안심사",10
700,"사립학교의 자산형성적 재정 보조 관련 개선 방안 제안(그린스마트스쿨 사업 등)","교육부","2023-11-17","답변완료",1
699,"제1조의3 규정에 ""법 제14조, 제15조 등에 따라 우편 또는 방문 신청ㆍ 신고하려는 경우에는 제외한다.""라는 단서 규정 신설 및 산림청에서 우편 등으로 신청ㆍ 신고 가능하다고 시군구 안내 건의","산림청","2023-11-17","답변완료",1
698,"AI 기반 교사-학생 소통 및 지원 시스템 개발(제안)","교육부","2023-11-17","답변완료",3
697,"교장, 교감의 수당인상요구","교육부","2023-11-17","답변완료",30
696,"행자부 민원제도과로 보내주세요(중앙부처 국토교통부의 사례를 보시죠)","행정안전부","2023-11-17","제안심사",8
695,"출렁다리 주차장 내 편의시설 건물 앞에 화장실 화살표 방향 간판 설치 해 주세요.","경상북도 영천시","2023-11-17","제안실현",0
694,"코로나 19 방어력 강화를 위한 방패 코비치 보호 구 보급","질병관리청","2023-11-17","제안심사",3
693,"난임휴가 일수부터 바꾸시죠","고용노동부","2023-11-16","답변완료",4
692,"루게릭 환자 가족 활동 도우미 허락건","보건복지부","2023-11-16","답변완료",9
691,"음주운전과 연금","보건복지부","2023-11-16","답변완료",8
690,"관광인구증대를 위한 청남대 개발 방향","충청북도","2023-11-16","답변완료",5
689,"국토안전관리원의 정밀안전점검 및 진단 보고서 평가","국토교통부","2023-11-16","제안심사",12
688,"주52시간 정착및 개선방안.","산업통상자원부","2023-11-16","답변완료",26
687,"주52시간 정착및 개선방안.","고용노동부","2023-11-16","제안심사",26
686,"제4차 NAP 초안의 성평등 용어를 모두 양성평등으로 수정하고,  ‘생물학적인 남성으로 태어난 선수의 여성 스포츠 경기 참가 규제’를 추가해 주십시오","문화체육관광부","2023-11-16","답변완료",21
685,"주택가 보안등(방범등) 설치 기준에 대하여","경기도 성남시","2023-11-16","답변완료",4
684,"서울시 주요 궁궐 내 궁내 생활자들의 실물크기 인물형상 설치 제안","문화재청","2023-11-16","답변완료",49
683,"신문고 민원 시 무성의한 기한 연장","행정안전부","2023-11-16","답변완료",19
682,"농지취득자격 증명 발급 개선","농림축산식품부","2023-11-16","답변완료",3
681,"답변내용확인할수 없음","보건복지부","2023-11-16","답변완료",10
680,"유산.사산으로 인한 우울 및 건강증진을 위한 바우처 사용 확대 제안","보건복지부","2023-11-16","답변완료",10
679,"""종이 없는 세상, 디지털화를 통한 사회복지시설 감사의 혁신""","경상남도","2023-11-16","답변완료",2
678,"국가고시 당일을 임시공휴일로 지정 할 수 있도록 개선","인사혁신처","2023-11-16","답변완료",6
677,"청안선비마을 단독주택의 거주기한을 늘려주세요","충청북도 괴산군","2023-11-16","답변완료",1
676,"보일러 교체 에너지사업","경기도 의정부시","2023-11-16","답변완료",13
675,"볼록 거울 설치 요청","경기도 김포시","2023-11-16","답변완료",11
674,"좌회전 유도선 추가","경찰청","2023-11-16","제안심사",0
673,"장애활동지원사  자격여부에 관한 질문","보건복지부","2023-11-16","답변완료",13
672,"가로등설치해주세요","경상남도 거창군","2023-11-16","답변완료",18
671,"사전연명의료의향서에 직,가족 서명 란 법적 공식화를 제안합니다.","보건복지부","2023-11-16","답변완료",2
670,"원주시 매지 유아숲체험원 화장실 개선","산림청","2023-11-16","제안심사",5
669,"농지이용관련 사항","충청북도 청주시","2023-11-16","제안심사",3
668,"해양수산부 캐릭터 해랑이를 스쿠버 공기통에 인쇄하기","해양수산부","2023-11-16","제안심사",0
667,"창원시의 수소발자국 도입: 수소산업 특별시로서의 성장 촉진","경상남도 창원시","2023-11-16","제안심사",7
666,"전혀 이해할수없는 담당 공무원의 업무 처리방식","경상남도 함양군","2023-11-15","제안심사",2
665,"방송자막을통한 국경일태극기게양홍보","행정안전부","2023-11-15","답변완료",5
664,"산합문화공원  큰나무 위치이동","경상북도 예천군","2023-11-15","답변완료",1
663,"국민건강보험공단","보건복지부","2023-11-15","제안심사",15
662,"우리나라에서 기술을 사업화한 소기업은 정말 살아남기 힘듭니다. 저희같은 억울한 기업 없도록 살펴주시기를 간곡히 부탁드립니다.","중소벤처기업부","2023-11-15","제안심사",3
661,"2024년 스마트상점 기술보급사업 공급기술 확대","중소벤처기업부","2023-11-15","답변완료",6
660,"초중고도서실.공공도서관 아동코너 음란유해도서 즉각회수해야..","충청북도교육청","2023-11-15","답변완료",4
659,"2024년도 1학기부터는 3천원의 아침밥 사업을 시행해 주십시오.","농림축산식품부","2023-11-15","답변완료",5
658,"맨발걷기 시설(수도)요청","제주특별자치도 제주시","2023-11-15","답변완료",2
657,"대학수학 능력시험일 휴무지정","인사혁신처","2023-11-15","답변완료",7
656,"사립학교의 이사회 구성에 학생대표도 포함하도록 개선","교육부","2023-11-15","답변완료",4
655,"국립대 및 사립대 교수의 인사교류 도입","교육부","2023-11-15","답변완료",7
654,"형사범죄 피해자를 가해자의 보복범죄 위험으로부터 보호하기 위한 방안","법무부","2023-11-15","답변완료",19
653,"성능인증 취득 부담 완화","중소벤처기업부","2023-11-15","제안심사",6
652,"옥외광고물 등의 관리와 옥외광고산업 진흥에 관한 법률 시행령 개정안","행정안전부","2023-11-15","답변완료",15
651,"비대면 온라인 채용박람회 확대 추진","고용노동부","2023-11-15","답변완료",6
650,"완제의약품 복수 주성분 규격 인정 확대","식품의약품안전처","2023-11-15","제안심사",5
649,"자원봉사증 소지자 경남문화예술회관 공연 티켓 예매 시 할인 적용","경상남도","2023-11-15","제안심사",7
648,"플라스틱 빨때 종이컵등 1회용품 사용에 대한 개인적인 의견","환경부","2023-11-15","답변완료",41
647,"일회용품규제 완화에대한 제안","환경부","2023-11-15","제안심사",25
646,"청평 구 중앙내수면연구소 저수지 개방에 따른 도로 안내표지판 설치","경기도 가평군","2023-11-15","답변완료",0
645,"상생 협력 실증 프로젝트 개선안","환경부","2023-11-15","답변완료",12
644,"폐기물마대 폐기물스티커 판매장소(슈퍼등) 에서 판매","경기도 수원시","2023-11-15","답변완료",3
643,"일회용 플라스틱 보증금 제도 시행","환경부","2023-11-15","답변완료",9
642,"ESG 절감을 위한 종이 백 도입","환경부","2023-11-15","답변완료",12
641,"이동읍 백자로 41 소재 서울공원묘원지역  재개발","경기도 용인시","2023-11-15","답변완료",4
640,"울산동구 방어동 165-4번지 공영주차장 입구 턱을 낮춰주세요.","울산광역시 동구","2023-11-15","답변완료",7
639,"포장용기 재활용 재고안","환경부","2023-11-15","답변완료",30
638,"개발행위 연장(변경없이) 신청시 불필요 서류 제출 철회","경기도 양주시","2023-11-15","제안심사",3
637,"폐의약품  수거함 구조 변경으로 안전성 확보 방안","경기도 의왕시","2023-11-15","답변완료",1
636,"보람중 자전거 주차장 확대해주시기 바랍니다.","세종특별자치시교육청","2023-11-15","답변완료",2
635,"스포츠강좌이용권 지원사업 질의","문화체육관광부","2023-11-15","답변완료",8
634,"지하철 환승 막차시간 정보에 대한 접근성 강화","서울특별시","2023-11-15","답변완료",4
633,"서대저수지 데크 추가공사 필요","충청북도 옥천군","2023-11-15","답변완료",2
632,"산불 예방 진압 제안 청원","산림청","2023-11-15","답변완료",5
631,"장갑 명칭 변경 제안 : 벙어리 장갑 ⇒통장갑","문화체육관광부","2023-11-15","답변완료",8
630,"저출산 문제","보건복지부","2023-11-15","제안심사",3
629,"<세계시민 속 한반도와 평화통일> 그리고 <중부대학교 국제 모의 UN>","경기도 고양시","2023-11-15","답변완료",1
628,"교사 시도전출 동교과 1:1교류 방식에 대한 문제점 개선","교육부","2023-11-14","답변완료",28
627,"이제부터는 밭농사에 전영역에 ai, 로봇이 일상화되야만 합니다.","농촌진흥청","2023-11-14","답변완료",0
626,"명문대학에서도 신용카드 학자금 결재가 안되는군요","교육부","2023-11-14","답변완료",5
625,"아산시 탕정면 마을버스 신설건의","충청남도 아산시","2023-11-14","답변완료",4
624,"서울시내버스  노면표시  개선 안","서울특별시","2023-11-14","제안심사",3
623,"지역 업체 와 지역 농산물 판로에 관한 제안.","전라남도 나주시","2023-11-14","답변완료",19
622,"매장문화재 조사기관 등록 범위 유연화","문화재청","2023-11-14","답변완료",16
621,"저함량 비타민 제제 등 의약외품 제조관리자 겸직범위 확대","식품의약품안전처","2023-11-14","답변완료",6
620,"면허적성검사 서류 및 절차 간소화 방안","경찰청","2023-11-14","답변완료",7
619,"경찰인원대폭감소","경찰청","2023-11-14","답변완료",16
618,"전국 모든 시도, 시군구에 사회서비스공단(사회서비스원) 설립 추진","보건복지부","2023-11-14","답변완료",11
617,"건보공단에 통보되는 금융소득 자료사전에 개인도 열람가능 토록 제도개선요청","국세청","2023-11-14","제안심사",6
616,"경제성 미달지역 도시가스 ""수요가부담 시설분담금""","전라남도","2023-11-14","제안심사",1
615,"황토길 조성","경기도 파주시","2023-11-14","답변완료",0
614,"노후된 농어촌 불법건축물 민박 펜션","농림축산식품부","2023-11-14","답변완료",3
613,"""사용후 배터리""를,  ""폐기물""이 아닌,  ""재제조·재사용·재활용의 대상이 되는 배터리""로 정의해 주시기 바랍니다.","환경부","2023-11-14","답변완료",7
612,"국민내일배움카드 훈련과정 등의 교육 & 훈련 과정 관련 구미시청 홈페이지에서 홍보 건","경상북도 구미시","2023-11-14","답변완료",5
611,"나무의 뿌리와 몸통","국가보훈부","2023-11-14","제안심사",53
610,"드라이브 스루로 어린이보호구역 교통사고 줄이기","경상북도교육청","2023-11-14","답변완료",15
609,"신곡사거리 김포방향 좌회전 차선 개선","경기도 김포시","2023-11-14","답변완료",6
608,"표준국어대사전에 하완(下腕)을 추가하여 주세요.","문화체육관광부","2023-11-14","답변완료",6
607,"우수 지방공무원 추천 후보자 공개검증 장소 추가 확대 제안","경기도","2023-11-14","제안심사",0
606,"우수공무원 추천 후보자 공개검증 장소 추가 확대 제안","경기도","2023-11-14","답변완료",2
605,"오전에 7101버스를 최소 1대 이상 증편해주세요.","국토교통부","2023-11-14","답변완료",12
604,"2028학년도 대학입시제도 개편시안 5교시 제2외국어/한문영역에 심화수학 추가검토안에 대하여","교육부","2023-11-14","답변완료",92
603,"TS국가자격시험센터 전산시스템 정비요청 제안","국토교통부","2023-11-14","제안심사",1
602,"학교 폭력 위원회 제도","교육부","2023-11-13","답변완료",12
601,"정보공개청구법은 개인정보법 우선시 안합니다","행정안전부","2023-11-13","답변완료",9
600,"상품권(온오프라인) 유효기간을 없애 주세요.","공정거래위원회","2023-11-13","답변완료",13
599,"학교폭력 예방 교육 구체화를 요구합니다","교육부","2023-11-13","답변완료",12
598,"네거리와사거리의 표기, 시민들이 쓰는 표기로 개선","대전광역시","2023-11-13","답변완료",0
597,"해양 문학관 건립","부산광역시","2023-11-13","답변완료",5
596,"기간제 근로자 응시 원서 방문 접수 시 원본 사진 부착 요구 개선 요청합니다.","경기도 파주시","2023-11-13","답변완료",1
595,"행정업무 경감을 위한 연간 지출품의 확대 사용 제안","경기도교육청","2023-11-13","답변완료",12
594,"전동 킥보드에 대하여","경상남도 거창군","2023-11-13","답변완료",45
593,"경찰의 소환 조사 및 조서 작성","경찰청","2023-11-13","답변완료",8
592,"양주 YMCA 아기스포츠단 외","경기도 양주시","2023-11-13","제안심사",0
591,"국민을 춤추게하는 대통령님의 칭찬("" 권선-징악 (勸善-懲惡)"" 특히 권선(勸善),권효(勸孝) )","보건복지부","2023-11-13","제안심사",10
590,"다자녀 가정의 경력단절 여성에 대한 특별채용 실시","인사혁신처","2023-11-13","답변완료",14
589,"다자녀 가정의 경력단절 여성에 대한 특별채용 실시","행정안전부","2023-11-13","답변완료",14
588,"군민을 춤추게하는 군수님의 칭찬("" 권선-징악 (勸善-懲惡)"" 특히 권선(勸善))","전라남도 영광군","2023-11-13","제안심사",0
587,"주4일제 도입 추진","고용노동부","2023-11-13","답변완료",25
586,"주4일제 도입 추진","인사혁신처","2023-11-13","답변완료",25
585,"관급자재(현장설치도) 조달 구매 계약의  적법 산업안전보건관리를 위한 제도 개선 요청","조달청","2023-11-13","제안심사",16
584,"산지의 형질을 변경하지 아니하여 복구비가 소요되지 아니하는 산지의 경우에도, 복구비 예치하고 예치된 복구비로 복구토록 제39조 제1항 개정","산림청","2023-11-13","답변완료",3
583,"절.성토 비탈면이 없어 산지로 복구할 면적이 없는 경우의 산지전용 및 산지일시사용 되는 산지에 대하여도 복구비 예치토록 법 제38조에 명문화 건의","산림청","2023-11-13","답변완료",2
582,"휠체어 입출입 개선을 통한 일반 소비업종 접근성 강화","충청북도","2023-11-13","답변완료",8
581,"임금체불 문제","고용노동부","2023-11-13","답변완료",10
580,"1AB-2311-0004479 추가 제안","교육부","2023-11-13","답변완료",46
579,"65세 이상의 노인들에게도 65세 이상요양보호사의 부부간의 가족요양의 경우처럼 한달의 가족요양시간을45시간으로 인정해 주세요","보건복지부","2023-11-13","답변완료",18
578,"지방의회 행정사무감사도 지역주민이 직접 참여하여 진행하도록 개선","행정안전부","2023-11-13","답변완료",7
577,"인구감소 해결방안","행정안전부","2023-11-13","답변완료",14
576,"꽃마을운동기구","부산광역시 서구","2023-11-13","제안심사",1
575,"콩그리쉬Konglish 외래어 표기법의 광정匡定을 권함","문화체육관광부","2023-11-13","답변완료",3
574,"계룡시장에게바란다 문자알림서비스 제안","충청남도 계룡시","2023-11-13","답변완료",8
573,"지방도시, 농어촌, 군부대의 의사충원","보건복지부","2023-11-13","답변완료",13
572,"당진지역화폐 영수증 2개분할됨","충청남도 당진시","2023-11-13","답변완료",4
571,"권익위 감사관 상사가 이렇게해버리는데 (행자부 민원제도과)","행정안전부","2023-11-13","답변완료",0
570,"제안합니다 ( 작압 ) 글씨가 보이지 않아요.","경상북도 청도군","2023-11-13","답변완료",2
569,"지방자치단체 조례 및 규칙을 지약주민이 직접 재정 할 수 있도록 하자","행정안전부","2023-11-13","답변완료",8
568,"외국 의사면허 취득자 진입장벽 선별적 완화 요청","보건복지부","2023-11-13","답변완료",10
567,"폐타이어 문제에 대한 개인적인 의견을 남겨봅니다.","해양수산부","2023-11-13","제안심사",6
566,"반려동물 유전자(DNA) 등록제 시행 요청 및 동물보호법 강화","농림축산식품부","2023-11-13","답변완료",6
565,"영종도 주민 차량구매 방식 변경 건의","인천광역시","2023-11-13","답변완료",9
564,"실질적 해결책_의료 지역 불균형","보건복지부","2023-11-12","답변완료",8
563,"스팸 문자 관리 할 컨트롤 타워 기관 제안","경찰청","2023-11-12","제안심사",0
562,"스팸 문자 관리 할 컨트롤 타워 기관 제안","경찰청","2023-11-12","제안심사",0
561,"연말정산 월세 소득공제 임금 기준 상향 조정","기획재정부","2023-11-12","답변완료",12
560,"바다 쓰레기 수거 마일리지 제안","전라남도 목포시","2023-11-12","답변완료",5
559,"제설 방법에 대한 제안","서울특별시 서대문구","2023-11-12","답변완료",14
558,"공공근로 분야의 복수화.","부산광역시","2023-11-12","답변완료",9
557,"지방경찰제도 보안해 주라.","행정안전부","2023-11-12","답변완료",13
556,"학대부모와 가정밖청소년 문제의 원인과 해결방안","여성가족부","2023-11-12","답변완료",7
555,"서바이벌 게임용 총알","산업통상자원부","2023-11-12","답변완료",5
554,"공중화장실 변기뚜껑을 투명으로 바꿨으면 합니다","행정안전부","2023-11-12","답변완료",7
553,"경찰 순환식 체력시험 연습할 수 있는 장소를 확충했으면 좋겠습니다","경찰청","2023-11-12","답변완료",8
552,"국가보훈등록증 교체발급 관련","국가보훈부","2023-11-12","답변완료",342
551,"교육부가 관리하는 민간자격증 중 교사(교원)자격증의 폐지","교육부","2023-11-12","답변완료",25
550,"대학알리미 및 대학재정알리미 사이트 통합","교육부","2023-11-12","답변완료",3
549,"장애인이해 및 인식개선교육 및 체험교실을 의무교육에 포함하여 이수하도록 개선","교육부","2023-11-12","답변완료",7
548,"영농 폐비닐 수거장에 빈 농약병 및 빈 봉투 수거함 병행 설치","환경부","2023-11-12","제안심사",4
547,"재난안전 관련 응급처치 교육과정과 연계의무화 추진","교육부","2023-11-12","답변완료",8
546,"건게정 다리위 전등","경상남도 거창군","2023-11-12","답변완료",8
545,"청도 스카이트레일 입장시 소지품 및 휴대폰 반입금지해주세요","경상북도 청도군","2023-11-12","답변완료",2
544,"언어장애를 동반한 미성년 중증지적장애인에게가족돌봄을 허용해주세요^^","보건복지부","2023-11-12","답변완료",13
543,"화장실, 청도신화랑스카이트레일, 실내 여자 화장실 변기 추가를 제안합니다.","경상북도 청도군","2023-11-12","답변완료",0
542,"대학생과 지방학생 멘토 멘티 프로젝트","교육부","2023-11-12","답변완료",5
541,"청도 신화랑 스카이트레일 내려 가는길 안내 표지를 문자로 만들어  부쳐 주세요.제안합니다~","경상북도 청도군","2023-11-11","답변완료",5
540,"임도 법면 이동 통로 개설 산불진화대원 효율적 대응","산림청","2023-11-11","답변완료",3
539,"상생 협력 실증 프로젝트 개선안","환경부","2023-11-11","답변완료",9
538,"지하철 도착역 안내방송 때 다음 역에 대한 안내도 해주면 좋겠다","서울특별시","2023-11-11","답변완료",3
537,"천연동굴 관광상품 규제 완화","문화재청","2023-11-11","답변완료",14
536,"어린이놀이시설 안전관리법 시행규칙 개정안","행정안전부","2023-11-11","답변완료",7
535,"땅굴 공격 무선통신시스템","국방부","2023-11-11","답변완료",4
534,"천연·유기농 화장품 인증 제도 민간주도 전환","식품의약품안전처","2023-11-11","답변완료",2
533,"소음 민원 배심원제 운영","환경부","2023-11-11","답변완료",17
532,"공공 재활용플랫폼을 활용한 지구 살리기","환경부","2023-11-11","제안심사",5
531,"1회용품 사용량 감소를 위한 대안을 제시합니다.","환경부","2023-11-11","제안심사",4
530,"개인 통 할인 제도","환경부","2023-11-11","제안심사",1
529,"규제개혁으로 신속한 공장가동 지원","고용노동부","2023-11-11","답변완료",9
528,"규제개혁으로 신속한 공장가동 지원","국토교통부","2023-11-11","제안심사",9
527,"규제개혁으로 신속한 공장가동 지원","산업통상자원부","2023-11-11","답변완료",9
526,"미성년자 인증 앱 개발 시행 제안","여성가족부","2023-11-11","답변완료",7
525,"산간지역 의료진 적정 배치","보건복지부","2023-11-11","답변완료",3
524,"2023구미시 하반기 공모전 제안입니다. ""헤이 바바 미국을 사로잡은 구미의 자랑 바바김밥""","경상북도 구미시","2023-11-10","답변완료",5
523,"수퍼빈 네트론을 사용합시다","경기도 안성시","2023-11-10","답변완료",0
522,"고양특례시 영농폐기물 처리 문제","경기도 고양시","2023-11-10","답변완료",7
521,"구미시 읍면동 민원서류 대기 어플을 신설하여 기다리지 않고 민원 서류 빠르게 발급받을수 있도록 해 주세요","경상북도 구미시","2023-11-10","답변완료",7
520,"구미시 읍면동 인감증명서 등록이나 변경시 관할 주소지가 아닌 곳에서도 할 수 있도록 해 주세요","경상북도 구미시","2023-11-10","답변완료",5
519,"공중전화박스를 빈박스 모으는 공간으로 활용","울산광역시 남구","2023-11-10","답변완료",7
518,"유형별 용도에 맞는 클린하우스 제작을 제안합니다.","충청남도 아산시","2023-11-10","답변완료",1
517,"양양군에 실버시티를 조성하여 도시인들에게 제공합시다","강원특별자치도 양양군","2023-11-10","제안심사",0
516,"전동킥보드 외관도색 야광으로 변경","국토교통부","2023-11-10","제안심사",8
515,"국민건강보험공단은 직장의료보험에 이혼부모의 혼인관계증명서 제출받지않기를..","보건복지부","2023-11-10","제안심사",7
514,"삶의 질을 높이고 활력을 더하는 문화관광 관련제안","경상북도 구미시","2023-11-10","답변완료",4
513,"행정안전부에서 위법하게 한 ""국민신문고에 법정민원을 신청할 수 없다""는 해석 및 안내의 철회 및 새로운 해석으로 행정지도 해 줄 것을 건의","행정안전부","2023-11-10","답변완료",1
512,"육아휴직 대신 재택근무 선택 옵션 제안","인사혁신처","2023-11-10","답변완료",2
511,"국민신문고에 법정민원을 신청할 수 없다고 착오를 유발하는 규정 개정 건의","국민권익위원회","2023-11-10","답변완료",8
510,"장애인들을 보호해 주세요","보건복지부","2023-11-10","답변완료",34
509,"구미시 마라톤 유치.","경상북도 구미시","2023-11-10","답변완료",9
508,"전문군무경력관 시도교류, 인사교류 제도를 만들어 주실 수 없나요","국방부","2023-11-10","답변완료",7
507,"버스정류장 열선의자 설치요청","경기도 광주시","2023-11-10","답변완료",3
506,"자전거도로 무분별한 방지턱설치 반대","서울특별시","2023-11-10","답변완료",3
505,"초, 중학교 운동장을 학교밖에 설치하여  지방자치단체가 관리하게 하는게 좋을거 같습니다","경기도교육청","2023-11-10","답변완료",13
504,"경로당 점심 식사도우미 파견사업","경상북도 구미시","2023-11-10","제안심사",10
503,"지방자치단체장의 조례의 거부권 행사 또는 제의 요구에 따른 사유(이유)공개 추진","행정안전부","2023-11-10","답변완료",1
502,"미국 차기 고등 전술 훈련기 사업에 KF21를 데뷔시켜 보는게 좋을 거 같습니다","방위사업청","2023-11-10","답변완료",1
501,"신사-위례-삼동선 추가 노선을 요구합니다.","경기도 성남시","2023-11-10","답변완료",3
500,"주차전용 면허증 발급","경찰청","2023-11-10","답변완료",16
499,"수입보세화물 반출입 오신고 제어요청(관세청)","관세청","2023-11-10","답변완료",0
498,"무인발급기 수수료개선","충청북도 청주시","2023-11-10","답변완료",2
497,"차로에 배수구 고유번호","경기도 고양시","2023-11-10","답변완료",3
496,"포천 40,192 카페 외부에 펜스 아크릴 설치","경기도 포천시","2023-11-10","제안심사",11
495,"퇴직금의 국민연금 통합","보건복지부","2023-11-10","답변완료",13
494,"김포시 한옥 마을 아트빌리지","경기도 김포시","2023-11-10","답변완료",8
493,"철원소이산 전망대 가는 돌계단","강원특별자치도 철원군","2023-11-10","답변완료",4
492,"단속 안하는 인도에 안전구역 페인트 그림 그리기","대구광역시 달서구","2023-11-10","답변완료",2
491,"다목적 체육관 운영 개선(탁구장)","경기도 안양시","2023-11-10","답변완료",11
490,"금융위 산하 신보 저금리 전환 대출 정책","금융위원회","2023-11-10","제안심사",9
489,"노인 등 난청자를 위한 민원창구 개선","행정안전부","2023-11-10","답변완료",5
488,"영업용택시(개인택시포함)","인천광역시","2023-11-10","답변완료",14
487,"""민간 자격증 과목"" 중에서도 괜찮은 과목들은, 왜 국가공인 채택이 안되나요?","교육부","2023-11-10","답변완료",8
486,"사이비종교 포교활동","문화체육관광부","2023-11-09","답변완료",13
485,"음식물 쓰레기통 주소지마다 구매하여 버리게 해 주세요","경기도 파주시","2023-11-09","답변완료",1
484,"해운대구 장산의 이산 비석 관리","부산광역시 해운대구","2023-11-09","답변완료",5
483,"해운대 해수욕장에 맨발 걷기 안내문 및 백사장내 쓰레기 줍기 캠페인","부산광역시 해운대구","2023-11-09","답변완료",6
482,"전자도서(ebook) 도입","서울특별시 용산구","2023-11-09","제안심사",1
481,"전자도서(ebook) 도입","서울특별시 동작구","2023-11-09","제안심사",1
480,"전자도서(ebook) 도입","서울특별시 강남구","2023-11-09","제안심사",1
479,"내국인 농업인력을 모집할 때 행정의 문제점을 고쳐주세요","강원특별자치도 화천군","2023-11-09","답변완료",1
478,"""학교 스쿨 보안관(미국식 경찰)"" 제도가 필요한 시점 입니다.","교육부","2023-11-09","답변완료",10
477,"상비약 배달","보건복지부","2023-11-09","답변완료",12
476,"미군 공여지 팽성 남사리 일원 지하 방카 인수 및 활용 방안 강구 요청","경기도 평택시","2023-11-09","답변완료",2
475,"폐철로부지를 활용하여 마을길을 정비해 주세요","충청남도 서천군","2023-11-09","답변완료",18
474,"‘자립 준비 청년’의 안정적인 생활 영위를 위한 제도적 개선안","보건복지부","2023-11-09","제안심사",34
473,"일반청소업의 분류제안","보건복지부","2023-11-09","제안심사",10
472,"반차 사용 시 휴식시간 제공 관련 개정 건의","고용노동부","2023-11-09","제안심사",24
471,"어두운  굴다리 아래 동화 그림이  그려지면 좋겠습니다.","부산광역시 부산진구","2023-11-09","답변완료",2
470,"산불 방제시 주변 민가의 장비를 동원할 수 있도록 제안","전라남도","2023-11-09","제안심사",5
469,"초, 중, 고 소통선생님 상주","교육부","2023-11-09","답변완료",21
468,"어린이보호구역 과속단속기 및 신호등 신속한 신고를 위해 QR코드 부착으로 데이터베이스 구축으로 안전한 제주","제주특별자치도","2023-11-09","제안심사",12
467,"농약 살포시 주변 민가에 문자통보 시스템","농촌진흥청","2023-11-09","답변완료",0
466,"저출산 시대에 난임, 임신을 준비하는 시민들에게 도움이 되는 책자 or 브로셔 기증.","보건복지부","2023-11-09","답변완료",11
465,"신호등 및 어린이보호구역 과속단속기  고장신고 표찰 부착 및 QR 코드 부착으로 관리 효율적","경찰청","2023-11-09","제안심사",2
464,"동백섬벤치를 교체 관리해주세요.","부산광역시 해운대구","2023-11-09","답변완료",5
463,"칡,대나무 제거","산림청","2023-11-09","답변완료",6
462,"부패자가 담당자가 되면 안됩니다","제주특별자치도","2023-11-09","제안심사",6
461,"2028학년도 대학입시제도 개편시안  5교시 제2외국어/한문영역에 심화수학 추가검토안에 대하여","교육부","2023-11-09","답변완료",375
460,"반려견 매너워터","농림축산식품부","2023-11-09","답변완료",2
459,"도심공동화 해소를 위한 최우선 정책","경상남도 진주시","2023-11-09","답변완료",41
458,"금연 안내를 해주셨으면 합니다.","경상북도 경산시","2023-11-09","답변완료",12
457,"울산에 버려져 있는 쓰레기들을 수거하고, 분리수거를 실천하는 시민의식을 키우기 위한 건의사항","울산광역시 동구","2023-11-08","제안심사",0
456,"고교생,대학생 실습 세무신고 차이","기획재정부","2023-11-08","답변완료",6
455,"국민권익위원회 국민신문고 이용 개선 방안","국민권익위원회","2023-11-08","답변완료",11
454,"엘리베이터의무보험","행정안전부","2023-11-08","제안심사",9
453,"장애우 의료급여신청관련","보건복지부","2023-11-08","답변완료",11
452,"버스 정류장 타고싶은 버스 표시 전광판 설치","대전광역시","2023-11-08","답변완료",2
451,"선박 계단에 미끄럼 방지턱 의무화 필요성","해양수산부","2023-11-08","답변완료",4
450,"선박 계단에 미끄럼 방지턱 의무화 필요성","충청북도 제천시","2023-11-08","답변완료",4
449,"활발한 진로 교과 시간을 위한 참여형 수업방식 제안","경기도교육청","2023-11-08","답변완료",5
448,"장애우 편의시설 불편사항","경상북도 의성군","2023-11-08","답변완료",21
447,"경기도 광주 펌핑트랙(펌프트랙) 신설 요청","경기도 광주시","2023-11-08","답변완료",15
446,"공문서 페이퍼리스 도입","행정안전부","2023-11-08","답변완료",11
445,"광주 광역시 충장로 상권 발전을 위한 제안","광주광역시 동구","2023-11-08","답변완료",19
444,"산불통계 분류체계 개선을 통한 맞춤형 산불예방대책 수립","산림청","2023-11-08","답변완료",20
443,"개인 통 할인 제도","환경부","2023-11-08","답변완료",46
442,"중소기업 장기 고용 지원 사업(중소기업 장기근속자 포상지원사업, 중소기업 재직자 부모님 용돈 드리기 지원사업)","중소벤처기업부","2023-11-08","답변완료",3
441,"무인민원발급기 수어 해설 옵션 추가 제안","행정안전부","2023-11-08","답변완료",7
440,"거여동 반려견을 위한 행사 아이디어 제안","서울특별시 송파구","2023-11-08","답변완료",9
439,"지역민의 개미지옥 전북대학교병원 권역응급센터와 노인보건의료센터 폐지","교육부","2023-11-08","답변완료",7
438,"KBS 수신료 문제","방송통신위원회","2023-11-08","답변완료",10
437,"울산광역시 남구 무거동 늘봄공원옆 인근도로 개선 제안","울산광역시 남구","2023-11-08","답변완료",13
436,"미국에도 KF21구입요청 하시기 바랍니다.","방위사업청","2023-11-08","답변완료",3
435,"왜 KF21 마케팅을 할 줄 모르시나요?","방위사업청","2023-11-08","답변완료",6
434,"지자체 관할  수영장 어르신 도우미 배치","전라북도 전주시","2023-11-08","답변완료",0
433,"청라 호수공원에 체육시설(농구코트)를 추가 해 주실 것을 제안합니다.","인천광역시","2023-11-08","답변완료",1
432,"휴장하는날 도 안내방송이","울산광역시 동구","2023-11-08","답변완료",13
431,"서대문구 버스정류장 바람막이 개선제안","서울특별시 서대문구","2023-11-08","답변완료",5
430,"제주대 학교 주변 종량제 봉투 배출 시간 상가와 합의후 조정 필요","제주특별자치도","2023-11-08","답변완료",3
429,"학교주변 클린하우스 종량제 봉투 배출 시간 조정  및 상가 개선 캠페인 확대","제주특별자치도 제주시","2023-11-08","답변완료",0
428,"저수지에 축사폐수 방류 문제제기 환경오염 주범입니다.","환경부","2023-11-07","제안심사",2
427,"자립준비청년을 위한 주거 지원(셰어하우스)","보건복지부","2023-11-07","제안심사",14
426,"빈대문제에 대한 개인적인 의견","질병관리청","2023-11-07","제안심사",10
425,"청소년 정보 교육 봉사활동 확대 정책","경기도교육청","2023-11-07","답변완료",13
424,"은퇴자 공동체 마을 활성화 및 운영에 관한 정책","경기도 시흥시","2023-11-07","답변완료",0
423,"이제는 바꿔야 할때 입니다","고용노동부","2023-11-07","답변완료",2
422,"전국 중학교 고등학교 전국모의고사","교육부","2023-11-07","답변완료",6
421,"시내버스 정류장 시인성 개선으로 버스 이용객 편의 도모","경상북도 포항시","2023-11-07","답변완료",17
420,"메이커스페이스라는 명칭 대신 쉬운 우리말을 사용해주십시오.","중소벤처기업부","2023-11-07","답변완료",14
419,"전세사기 피해자 선구제 후청구 정책","국토교통부","2023-11-07","제안심사",208
418,"빈대(배드버그) 관련 제안입니다.","질병관리청","2023-11-07","제안심사",20
417,"국군복지포털 이용자 가족범위 개선","국가보훈부","2023-11-07","답변완료",186
416,"국가 장애 장애정도 결정서에 자폐성장애/ 지적장애 판정시 언어장애 포함여부 기재","보건복지부","2023-11-07","답변완료",18
415,"장애우 체육 실업팀 육성","경상북도 구미시","2023-11-07","답변완료",8
414,"직불금 개인정보 기입란 폐지","농림축산식품부","2023-11-07","답변완료",7
413,"지역주민이 직접 참여하는 행정사무감사","행정안전부","2023-11-07","답변완료",6
412,"대상포진 예방접종 제안","질병관리청","2023-11-07","답변완료",10
411,"K15 기관총 열상 조준경 배터리 이원화","국방부","2023-11-07","답변완료",7
410,"용인중앙시장.주변 미화 개선 및 활성화 제안","경기도 용인시","2023-11-07","답변완료",8
409,"관광지 공중화장실중 남,여실에  1개는  비대설치요","문화체육관광부","2023-11-07","답변완료",13
408,"주택가 주변 놀이터 소음, 안전, 점검은 누구?","충청북도 제천시","2023-11-07","제안심사",0
407,"혁신도시 활성화","국토교통부","2023-11-07","답변완료",59
406,"제주2공항 문제","국토교통부","2023-11-06","답변완료",33
405,"항정신성약물 처방시 관할 경찰서에 통보","식품의약품안전처","2023-11-06","답변완료",2
404,"소음 민원 배심원제 운영","환경부","2023-11-06","답변완료",10
403,"스쿨존에 CCTV 설치 의무화","전라남도 나주시","2023-11-06","답변완료",18
402,"보냉팩수거함, 약폐기함 설치요망","충청남도 아산시","2023-11-06","답변완료",3
401,"둔포면 대중교통 추가 제안","충청남도 아산시","2023-11-06","답변완료",0
400,"가공식품 영양정보 표시변경","식품의약품안전처","2023-11-06","답변완료",1
399,"워크넷 기능강화","고용노동부","2023-11-06","답변완료",1
398,"외국인노동자 최저임금 차등적용방안","고용노동부","2023-11-06","제안심사",6
397,"위해도가 낮은 소프트웨어 의료기기의 임상시험계획 식약처 승인 면제","식품의약품안전처","2023-11-06","답변완료",2
396,"생태계 위해 우려 생물 라쿤의 관리 방안 제안","환경부","2023-11-06","답변완료",26
395,"그린워싱 방지를 위한 환경보호 정책 개정 제안서","환경부","2023-11-06","답변완료",50
394,"지방자치단체 관광활성화를 위한 버스노선도 QR코드 부착","전라북도 전주시","2023-11-06","답변완료",5
393,"국가지점번호 표식 방법 개선","행정안전부","2023-11-06","답변완료",12
392,"인천시 도시 리브랜드 제안","인천광역시","2023-11-06","답변완료",9
391,"당진시합덕도서관 이용 활성화 방안","충청남도 당진시","2023-11-06","답변완료",9
390,"산업안전보건법 (고객응대 근로자 보호)에 대한 노동부령 추가 요청","고용노동부","2023-11-06","답변완료",4
389,"장애인들을 위한 재난 정도에 따라 다른 문자 경보음 서비스+장애인 보호자에게 신속한 연락 서비스","행정안전부","2023-11-06","답변완료",7
388,"다자녀 가정의 중/고등/대학교 학비,입학 시 지원 개선의 건","교육부","2023-11-06","답변완료",7
387,"해운대블루라인파크 청사포 정거장  주변 건널목  안전차단기 설치","부산광역시 해운대구","2023-11-06","답변완료",5
386,"동구 텍사스 거리 이름 변경","부산광역시 동구","2023-11-06","답변완료",12
385,"노인 이동권 문제 해결방안 제안서","보건복지부","2023-11-05","제안심사",44
384,"광려천 맨발걷기 황톳길조성","경상남도 창원시","2023-11-05","제안심사",8
383,"안동시 옥동 공영 주차장 무료주차 시간연장을 부탁드립니다","경상북도 안동시","2023-11-05","답변완료",4
382,"유치원, 초등부교육개선","교육부","2023-11-05","답변완료",22
381,"분천 산타마을","경상북도 봉화군","2023-11-05","답변완료",21
380,"여의도 지구단위계획에 포함된 재건축 추진방안에 대한 제안 및  샛강에 경제림으로 수종변경","서울특별시","2023-11-05","제안심사",1
379,"파크골프장","부산광역시","2023-11-05","답변완료",12
378,"사람 중심의 도로상 맨홀 관리 개선","경기도 안양시","2023-11-05","답변완료",19
377,"국가유공자 우선주차구역 조성바랍니다..","충청북도 제천시","2023-11-05","제안심사",0
376,"투명한 재활용 쓰레기통","경기도 안성시","2023-11-05","답변완료",4
375,"연예인 마약검사 - 대상 범위 정하여 정기검사 필요","문화체육관광부","2023-11-05","답변완료",8
374,"가로수의 낙엽처리 방법 개선","경기도 안산시","2023-11-05","답변완료",3
373,"벌레잡아먹는식물","질병관리청","2023-11-05","제안심사",2
372,"우문현답 란 홈페이지에 추가 신설 제안","서울특별시 성북구","2023-11-05","답변완료",1
371,"접촉사고 유발시키는 움푹패인 도로포장 시급","경상북도 구미시","2023-11-05","답변완료",0
370,"예천군_ 예천 별별 소식지를 예천군 카카오채널 이용하여 편리하게 구독 및 정보 공유 할수 있도록 하자","경상북도 예천군","2023-11-05","답변완료",16
369,"자녀장려금 근로장려금 개선제안","기획재정부","2023-11-05","답변완료",18
368,"식품용기 재활용 가능 재질 확대","식품의약품안전처","2023-11-05","답변완료",3
367,"중앙행정기관 청사의 관리 등에 관한 법률 제정안","행정안전부","2023-11-05","답변완료",2
366,"파쇄지를 왜 종량제 봉투에 버려야 하나?","환경부","2023-11-05","제안심사",33
365,"물의 재이용 촉진및 지원에 관한 법률 시행령의 체육시설(운동시설))의 설치에 대한 제안입니다.","환경부","2023-11-05","제안심사",4
364,"스마트 국민제보의 처리기간 개선 제안","경찰청","2023-11-05","답변완료",12
363,"깨끗한 용인특례시 만들기","경기도 용인시","2023-11-05","답변완료",8
362,"군 유휴 주택을 활용한 주거 환경 개선 및 인구 소멸(인구 유입) 방안","강원특별자치도 양구군","2023-11-05","답변완료",1
361,"황톳길 화장실 설치요망","경기도 김포시","2023-11-05","답변완료",6
360,"로또복권 추첨방법 변경","기획재정부","2023-11-05","답변완료",14
359,"관광지 시설물관리 철저","충청북도 제천시","2023-11-05","답변완료",0
358,"군청담 벽화거리에 자둥차 주차 금지해 주세요","경상남도 함안군","2023-11-04","답변완료",3
357,"환호공원 스페이스워크 근처에 화장실 설치가 필요합니다.","경상북도 포항시","2023-11-04","답변완료",14
356,"공동샤워장 옆에 쓰레기 분리 배출 장소를 설치해주세요.","경상북도 포항시","2023-11-04","답변완료",7
355,"아산시 둔포면 이지더원 주변 조성 공원 관리건에 대하여","충청남도 아산시","2023-11-04","답변완료",2
354,"얼마만큼의 줄임말의 허용표기에 대해서","문화체육관광부","2023-11-04","답변완료",3
353,"성화동 국민체육센터건립건의","충청북도 청주시","2023-11-04","답변완료",1
352,"다문화언어강사 채용","교육부","2023-11-04","제안심사",8
351,"고향사랑기부제 내실화","행정안전부","2023-11-04","답변완료",2
350,"영천시 시내버스운행 노선변경","경상북도 영천시","2023-11-04","답변완료",25
349,"새마을테마공원1층 책마당의 책 정렬방법에 관해","경상북도","2023-11-04","제안심사",0
348,"소상공인과 소비자의 ESG경영 참여방법 모색","경기도 남양주시","2023-11-04","답변완료",40
347,"교차로 주변 주민 일상생활에 도움이 되는 LED 전자게시대 설치 운영","부산광역시","2023-11-04","답변완료",3
346,"편의점 상비약에 멀미약 추가","보건복지부","2023-11-04","답변완료",8
345,"고교학점제 내실화 방안","교육부","2023-11-04","답변완료",13
344,"출입국관리소 접근성 개선","법무부","2023-11-04","답변완료",14
343,"교통 CCTV 상 군부대 노출","국방부","2023-11-04","답변완료",13
342,"우체통 위치 확인 불편","과학기술정보통신부","2023-11-04","답변완료",4
341,"산림휴양법 시행령 [별표 1의4]에서 요가수련장 및 요가체험장 시설 설치할 수 있도록 규제 완화 건의","산림청","2023-11-04","답변완료",4
340,"산림청의 해석과 일치시키고 착오를 없애기 위해, 산림휴양법 제20조의2 제1항 및 제7호 개정 건의","산림청","2023-11-04","답변완료",5
339,"도서관 사물함 이용료에 관한 제안의건.","부산광역시","2023-11-04","답변완료",8
338,"의정부 일자리 네트워크: 정보 공유로 일자리 비대칭성 극복","경기도 의정부시","2023-11-03","답변완료",19
337,"보건소 백신접종 알리미 서비스","질병관리청","2023-11-03","답변완료",12
336,"필수 의료 인력 현장에 대한 지원을 통한, 수급 조정","보건복지부","2023-11-03","답변완료",5
335,"특허심사과정의 오랜 처리기간과 형식적인 특허거절로인한 시간과 예산의낭비 그에 따른 경제적 손실","특허청","2023-11-03","답변완료",15
334,"한우클러스터 사업","경상북도 구미시","2023-11-03","답변완료",6
333,"보행로 안전펜스의 일정 구간을 현수막 게시대로 활용하자","경기도 의정부시","2023-11-03","답변완료",22
332,"사업주당 장애인 고용 환경지원 확대를 사업장당으로  규정 개선 정책제언","고용노동부","2023-11-03","제안심사",14
331,"불광1동 '승찬상회'의 변모","서울특별시 은평구","2023-11-03","답변완료",3
330,"종교관련 금전적 재산 헌납 금지 법률안","문화체육관광부","2023-11-03","답변완료",0
329,"치과 임플란트 건보 적용 대상을 실제 필요한 대상으로 적용 요청 및 적용갯수  증가 요청 제안","보건복지부","2023-11-03","답변완료",8
328,"굴업도 사슴에 대한 처리 방안","인천광역시 옹진군","2023-11-03","제안심사",1
327,"검찰 관련 제도개선 특별제안","대검찰청","2023-11-03","답변완료",3
326,"교사 대 아동 비율을 낮추기 위한 제안서","보건복지부","2023-11-03","답변완료",15
325,"국외 범죄자 소환","경찰청","2023-11-03","답변완료",4
324,"우체국 일반우편물 개별 식별항목번호 생성과 발송완료여부 추가 제안","과학기술정보통신부","2023-11-03","답변완료",2
323,"준법 준수와 소통환경 개선방안 적극실천 사례로 악성민원 예방 환경 자원화 방안 제안","경기도 하남시","2023-11-03","답변완료",10
322,"외국인근로자 출국만기보험 개선제안","고용노동부","2023-11-03","제안심사",13
321,"독거노인의 고독사","보건복지부","2023-11-03","제안심사",21
320,"장애인 교육차별에 대해 문제제기 합니다.","교육부","2023-11-03","답변완료",9
319,"공원내 시민 자율 청소 도구 비치","경기도 의정부시","2023-11-03","답변완료",28
318,"장기요양보험 가족방문요양","보건복지부","2023-11-03","답변완료",13
317,"공공기관(지방자치당체 및 공기업등), 대형마트,백화점, 주요관광지 장애인 주차장 무인 단속 카메라 시범 설치","보건복지부","2023-11-03","제안심사",25
316,"국민연금완납확인후 회사에 고용유지지원금 지급되어야함","고용노동부","2023-11-03","답변완료",7
315,"청각장애인 인권개선","교육부","2023-11-03","답변완료",7
314,"초고령사회, 고령자 일자리차별?","고용노동부","2023-11-03","답변완료",12
313,"외국인 노동자 문제개선","고용노동부","2023-11-03","제안심사",21
312,"창원한마음병원 내 무인발급기 24시간 운영 (용동로57번길 8, 1층 로비)","경상남도 창원시","2023-11-03","제안실현",16
311,"무빙워크가 필요합니다.","부산교통공사","2023-11-03","답변완료",1
310,"부동산 전,월세 계약 임대인 사망 시 상속인 확인절차 간소화","법무부","2023-11-03","답변완료",20
309,"재래 시장 활성화 제안합니다.","경기도 의정부시","2023-11-03","답변완료",32
308,"이주외국인차별","고용노동부","2023-11-03","제안심사",4
307,"지적 장애인의 자녀를 위한 교육방안","보건복지부","2023-11-03","답변완료",22
306,"생활방범CCTV 비상벨 개선안 제안","서울특별시 서대문구","2023-11-03","답변완료",3
305,"신장장애 혈액투석 환자의 산정특례.제도 개선 관련","보건복지부","2023-11-03","답변완료",9
304,"2형당뇨환자 혈당체크제품(리브레,덱스콤6)보험처리적용","보건복지부","2023-11-03","답변완료",7
303,"양구군 보호소의 마취없는 안락사(고통사) 진실을 밝혀주세요.","강원특별자치도 양구군","2023-11-02","답변완료",2
302,"김포에 제2의 여의도 건설 방안","경기도 김포시","2023-11-02","답변완료",8
301,"이북오도 무형문화재 지정 확대 제안","행정안전부","2023-11-02","답변완료",4
300,"물의 재이용 촉진및 지원에 관한 법률 시행령의 체육시설(운동시설))의  설치에 대한 제안입니다.","환경부","2023-11-02","제안심사",21
299,"다자녀 전용주차면 의무 설치","국토교통부","2023-11-02","제안심사",6
298,"금요일 생큐 한줄! 댓글창! 행복 충전!","경상북도 구미시","2023-11-02","답변완료",3
297,"가로등,CCTV설치부탁드립니다.","충청남도 홍성군","2023-11-02","답변완료",12
296,"불법 주정차 단속 점심시간 유예제도 운영 일원화","부산광역시","2023-11-02","답변완료",20
295,"정부양곡 신청 배송시스템 구축(예, 쿠팡 물건 구입시 대금 카드결재나 현금입금처리 간편처리)","농림축산식품부","2023-11-02","답변완료",1
294,"저출산 대책과 관련하여 지방공무원의 육아휴직 장려를 위한 정근수당 지급기준 변경","행정안전부","2023-11-02","답변완료",17
293,"인플루엔자 감염과 관련한 출석인정 방법 (서면양식등)","교육부","2023-11-02","답변완료",19
292,"제안시 중간에 멈추어도 계속 이어갈수 있게 개선을해주세요.","행정안전부","2023-11-02","답변완료",0
291,"소방의용대 교육비지원혜택 의무기간3년에서 1년으로 낮추어주세요","서울특별시","2023-11-02","답변완료",12
290,"나눔 냉장고 설치","경상북도 예천군","2023-11-02","답변완료",2
289,"학교 통학 차량 친환경차, 교통약자용 교체","교육부","2023-11-02","답변완료",12
288,"건강보험 비급여진료 개선해주세요","보건복지부","2023-11-02","답변완료",20
287,"외국어 교육 내실화","교육부","2023-11-02","답변완료",16
286,"휴전선 접경지(강원 양구) 마을정비형 국민임대주택 입주자격의 완화를 요청합니다.","강원특별자치도 양구군","2023-11-02","답변완료",0
285,"발달장애주간활동서비스를 이용하는 이용자들이 안전하게  지낼수 있도록 장애인주차장 허용해주세요","보건복지부","2023-11-02","제안심사",10
284,"방과후 교육 바우처 제도","교육부","2023-11-02","답변완료",7
283,"횡단보도 우회전차량 위험 및 바닥표시불빛 요구합니다","대전광역시 유성구","2023-11-02","답변완료",9
282,"횡단보도 우회전차량 위험 및 바닥표시불빛 요구합니다","대전광역시","2023-11-02","답변완료",9
281,"치매예방 프로그램의 활용 제안","부산광역시","2023-11-02","답변완료",10
280,"중랑천변 쉼터에 지역상권 안내판 설치하여 주변 상권 활성화 도모","경기도 의정부시","2023-11-02","답변완료",15
279,"땅굴포상금을 상향해주세요.","국방부","2023-11-02","답변완료",8
278,"산업용 피부보호제에 대한 보호구 안전 의무 규정에 대한 기준 마련을 위한 청원","고용노동부","2023-11-02","제안심사",6
277,"고교학점제 활성화를 위한 제언","교육부","2023-11-02","답변완료",16
276,"청남대 ""대한민국임시정부 기념관"" 대신 한국전쟁 시 대통령 피난지 전시관으로 변경.","충청북도","2023-11-02","답변완료",3
275,"진단소프트웨어 임상시험의 임상시험기관 외 수행 허용","식품의약품안전처","2023-11-02","답변완료",0
274,"새마을금고 감독기준 일부개정","행정안전부","2023-11-02","답변완료",4
273,"같은 시선에서 보는 하루","보건복지부","2023-11-02","답변완료",11
272,"‘2000원짜리 마약’ 먼지제거 스프레이 판매 관련 제도 보완 제안","여성가족부","2023-11-02","답변완료",23
271,"일자리 정보(공공, 민간 등)를 한눈에 볼 수 있게 통합망 구축 요청","서울특별시 관악구","2023-11-02","답변완료",2
270,"통일전 장애인 승강기 설치","경상북도","2023-11-02","제안심사",1
269,"월정교 기둥 송진 주의 안내판 설치","경상북도 경주시","2023-11-02","제안실현",2
268,"도로위의 무법자, 전기자전거 규제 좀 해주세요.","국토교통부","2023-11-02","제안심사",35
267,"나주고령친화도시 노년 교통문제 버스 노선외 자가용 승차공유로 개선","전라남도 나주시","2023-11-02","제안심사",12
266,"공공시설의 공유공간 야간 이용 확대 방안","경기도 의정부시","2023-11-01","답변완료",8
265,"서천군 군청사에 임시주차장을 마련해 주세요","충청남도 서천군","2023-11-01","답변완료",27
264,"어린이집 입소대기 우선순위","보건복지부","2023-11-01","답변완료",16
263,"오산시 황토길 맨발걷기길 조성사업 건의","경기도 오산시","2023-11-01","답변완료",2
262,"익산시 세계유산탐방 거점센터  금마사거리 신규지정게시대 설치건의","전라북도 익산시","2023-11-01","답변완료",4
261,"2년전 코로나지원금을 이제와서 회수하라고??","질병관리청","2023-11-01","답변완료",9
260,"경찰공무원(순경) 채용 상한연령 폐지","경찰청","2023-11-01","제안심사",7
259,"오타가낫네요 밀웜입니다","환경부","2023-11-01","답변완료",24
258,"97세대 아파트는 집합건물 표준규약 적용이 되어야 하는것 아닌가요?","법무부","2023-11-01","답변완료",7
257,"재난 및 안전관리 기본법 일부개정법률안","행정안전부","2023-11-01","답변완료",3
256,"구청 신설 및 설치의 허가를 지자체로 이관","행정안전부","2023-11-01","답변완료",3
255,"콜레스테롤 약 만성고시질환 등록","보건복지부","2023-11-01","답변완료",11
254,"슈퍼빈 네프론을 각 학교 교문앞에 설치해 주세요.","환경부","2023-11-01","제안심사",23
253,"구미GPT","경상북도 구미시","2023-11-01","답변완료",3
252,"(내가 이용하고 싶은) 저출산 극복을 위한 간호사 엄마의 아이디어","경기도 양평군","2023-11-01","답변완료",6
251,"재활용 쓰레기 배출관련","대구광역시 수성구","2023-11-01","답변완료",8
250,"삼천동 공원 맨발 걷기 길 조성","전라북도 전주시","2023-11-01","답변완료",5
249,"정읍시청 홈페이지 개선 건","전라북도 정읍시","2023-11-01","답변완료",13
248,"시각 장애인 인식 개선 교육 제안서","보건복지부","2023-11-01","제안심사",16
247,"청주시 초등학교 방학 중 돌봄 급식 운영","충청북도교육청","2023-11-01","답변완료",4
246,"동물용의약외품 광고 가이드라인 제정 요청 건.","농림축산식품부","2023-11-01","답변완료",9
245,"공공기관 및 기업 경력증명서 발급시스템 개선","고용노동부","2023-11-01","제안심사",8
244,"정보공개법  활성화","행정안전부","2023-11-01","답변완료",2
243,"불법주정차 관리 제안","전라북도 전주시","2023-11-01","답변완료",6
242,"Paper Cut, 이제그만!!!","문화체육관광부","2023-11-01","제안심사",22
241,"파주 운정호수공원 겨울 결빙 시 스케이트장 운용","경기도 파주시","2023-11-01","답변완료",4
240,"공주기적의도서관 영유아실 이용 활성화를 위한 제안","충청남도 공주시","2023-11-01","답변완료",11
239,"배움터 지킴이 예산을 확보를 통한 배움터 지킴이 종일제 근무 재실시","교육부","2023-11-01","답변완료",6
238,"전자세금계산서 직접 처리에 관해 편리성 증대","국세청","2023-11-01","답변완료",6
237,"선암호수공원을 밝게 만들어주세요","울산광역시 남구","2023-11-01","답변완료",7
236,"교토 귀무덤","외교부","2023-11-01","답변완료",2
235,"의정부시민 광장 생활체조 활성화 방안","경기도 의정부시","2023-11-01","답변완료",2
234,"국민신문고 민원 및 제안의 개선","행정안전부","2023-11-01","답변완료",2
233,"의정부시민 체력 증진 방안","경기도 의정부시","2023-11-01","답변완료",14
232,"태양이 지지않는 태양의 거리 조성-2050 탄소중립 실현","강원특별자치도 강릉시","2023-11-01","답변완료",29
231,"동백전 사용 품목 개선건","부산광역시","2023-11-01","답변완료",6
230,"공간정보관리법 시행규칙 제84조(지목변경 신청) 제2항 현행법령 행정처분과 일치되게 개정 건의","국토교통부","2023-11-01","제안심사",12
229,"준법 준수와 적극 행정 실천사례 자원화 방안 제안","경상남도 남해군","2023-11-01","답변완료",5
228,"산지관리법 시행규칙 제15조의3 제8항에 5호 ""산지전용통합정보시스템을 이용하지 않고 우편 또는 방문 등의 방법으로 산지일시사용신고를 한 경우"" 수리 못하는 규정 신설 건의","산림청","2023-11-01","답변완료",7
227,"산지관리법 시행규칙 제24조의2 제4항에 6호 ""산지전용통합정보시스템을 이용하지 않고 우편 또는 방문 등의 방법으로 토사채취신고를 한 경우"" 규정 신설 건의","산림청","2023-11-01","답변완료",5
226,"산지전용허가 신청은 반드시 산지전용통합정보시스템을 이용하도록 산지관리법 영 제15조 제1항에 의무규정 삽입 개정 건의","산림청","2023-11-01","답변완료",4
225,"산지관리법 시행규칙 제15조 6호에 ""산지전용통합정보시스템을 이용하지 않고 우편 또는 방문 등의 방법으로 신고를 한 경우"" 수리 못하는 규정 신설 건의","산림청","2023-11-01","답변완료",3
224,"산지전용신고 신청은 반드시 산지전용통합정보시스템을 이용하도록 산지관리법 영 제17조 제1항 개정","산림청","2023-11-01","답변완료",3
223,"119  출동차 소리관련","소방청","2023-11-01","답변완료",7
222,"보도블럭이 파손되어 보행자 보행위험","국토교통부","2023-11-01","제안심사",24
221,"제설방법제안","서울특별시","2023-11-01","제안심사",0
220,"월드컵경기장역 수만은 사람 일시 혼선","서울특별시","2023-11-01","제안심사",4
219,"신분증 바코드화","행정안전부","2023-11-01","답변완료",12
218,"2023 영암군 공모제안","전라남도","2023-10-31","답변완료",1
217,"영암 광주 아우토반 구체화 대국민 공모전을 통한 사업 추진력 확보","전라남도 영암군","2023-10-31","제안심사",0
216,"남자도 자궁경부암 예방주사 접종해야..","질병관리청","2023-10-31","답변완료",8
215,"사용하지 않는 집을 이용하여 실버 타운 만들기","경기도 포천시","2023-10-31","답변완료",8
214,"공지천 연결 수변 산책로 책거리 조성","강원특별자치도 춘천시","2023-10-31","답변완료",2
213,"잠자는 텀블러, 컵 기증운동","경상남도 진주시","2023-10-31","답변완료",74
212,"일산역 옆 공영주차장의 효율적 주차관리 제안","경기도 고양시","2023-10-31","답변완료",3
211,"부산대첩을 기리기 위한 기념공원과 기념관건립을 서부산지역에 지어 동서간 균형발전의 시발점으로 만들자.","부산광역시","2023-10-31","답변완료",3
210,"위텍스 로그인시 모바일신분증 로그인 추가","행정안전부","2023-10-31","답변완료",7
209,"삼환아파트 뒷편 고가차도 대기차로 확장요청","강원특별자치도 속초시","2023-10-31","답변완료",1
208,"장애우 365 쉼터","경상북도 구미시","2023-10-31","제안심사",4
207,"주차 반식 개선 요청","경기도 오산시","2023-10-31","답변완료",0
206,"흥덕구청 건설과는 가로등을 설치하면서 2분의1을 가로막는방법으로 설치하나요 ?","충청북도 청주시","2023-10-31","제안심사",4
205,"나를 위한 여행, 너를 위한 영암","전라남도 영암군","2023-10-31","제안심사",0
204,"6대 불법 주정차 위반 신고","행정안전부","2023-10-31","답변완료",49
203,"산지관리법 시행규칙 제23조 제1항에  ""산지전용통합정보시스템을 이용하여 제출""하도록 개정 건의","산림청","2023-10-31","답변완료",4
202,"특허 출원절차에서 심사관이  출원 대리인 (변리사)정보를 확인할 수 없도록 분리해 주세요.","특허청","2023-10-31","답변완료",8
201,"고객센터 연결대기 상태 개선 제안입니다.","병무청","2023-10-31","답변완료",13
200,"창원시내버스 읍, 면 지역 노선 변경에 대한 제안","경상남도 창원시","2023-10-31","답변완료",10
199,"희귀난치성 질환 대상자 보편적 의료비 지원 제안","질병관리청","2023-10-31","답변완료",15
198,"언양읍.삼남읍 고령자와 노약자 중심의 건강하고 안전한  황토맨발걷기장 설치 제안","울산광역시 울주군","2023-10-31","답변완료",7
197,"국민연금 운용 개선 활용 방안 제안","보건복지부","2023-10-31","답변완료",8
196,"국민연금 개혁안_세대분리","보건복지부","2023-10-31","답변완료",17
195,"운전면허증 수령 선택 부여","경찰청","2023-10-31","답변완료",9
194,"공공급식과 학교급식 을 중농가이상 하우스단지와 계약을 하고 인증을 받을수 있도록 지원을 농립부에서 해 주세요","전라남도 나주시","2023-10-31","제안심사",1
193,"아동학대범죄의 처벌 등에 관한 특례법상 아동학대범죄를 보호자에 의한 아동학대 제한 규정 삭제","법무부","2023-10-31","답변완료",15
192,"대구 달성군 포산중학교 농구장 개선","대구광역시교육청","2023-10-31","답변완료",12
191,"공지천 산책로 전자현수막 설치 시정 홍보","강원특별자치도 춘천시","2023-10-31","답변완료",0
190,"외도동 월대천 운영에 관해서 제안드립니다","제주특별자치도 제주시","2023-10-31","제안심사",0
189,"외국인 귀화업무 심사중 출산 관련","법무부","2023-10-31","답변완료",18
188,"생활법령정보 책자형 생활법령 정보를 EPUB 책자로 만들었으면 좋겠습니다","법제처","2023-10-31","답변완료",2
187,"자동차 운전 면허증 반납자에게 전기자전거 구입 지원","경찰청","2023-10-31","답변완료",12
186,"국공립 및 공공도서관에 장애인을 위한 열람실 설치 법제화","문화체육관광부","2023-10-31","답변완료",15
185,"사이버대학교에도 의과대학 신설 요청","교육부","2023-10-31","답변완료",13
184,"청남대 예약제 한시적용을 통한 축제 방문객 편의제공 및 축제만족도 향상","충청북도","2023-10-31","답변완료",3
183,"공무원 육아시간 사용 기간 확대","인사혁신처","2023-10-31","답변완료",10
182,"사이버 대학들은 잘 ""관리"" 되나요? 대학으로 '인정'은 받고 있습니까?","교육부","2023-10-31","답변완료",12
181,"법인 본인서명사실확인서 발급 확대","행정안전부","2023-10-31","답변완료",2
180,"건강보험, 본인부담금상한액 초과금 환불제도","보건복지부","2023-10-31","답변완료",15
179,"도지사에게바란다 시스템 개선 제안","강원특별자치도","2023-10-31","답변완료",5
178,"정부기관에서 금액 표시를 작성 할때를 위한 제안","서울특별시 서대문구","2023-10-31","답변완료",2
177,"장애인 휠체어 도로운행 안전장치 설치 제도 제안합니다","국토교통부","2023-10-31","제안심사",17
176,"장애인 휠체어 도로운행 안전장치 설치 제도 제안합니다","보건복지부","2023-10-31","답변완료",17
175,"재정건전성, 양도세, 상속세 등 기 관려뉴제안에 대한 추가","기획재정부","2023-10-31","답변완료",4
174,"주민등록 사실조사 주소록 명단 시스템개선 필요성","행정안전부","2023-10-30","답변완료",0
173,"농업촌 특별세","기획재정부","2023-10-30","제안심사",4
172,"제4차 NAP 초안의 성평등 용어를 모두 양성평등으로 수정하고,  ‘생물학적인 남성으로 태어난 선수의 여성 스포츠 경기 참가 규제’를 추가해 주십시오","문화체육관광부","2023-10-30","답변완료",3
171,"도로 안전을 확보하기 위한 마이크로킥보드 및 자동차 공존 정책 제안","국토교통부","2023-10-30","제안심사",2
170,"고양도시관리공사 홈페이지에서 제공하는 각종 정보를 열람 후 해당 정보를 SNS으로 공유할 수 있는 기능을 추가해 공사 제공 정보 공유 편의 제공","경기도 고양시","2023-10-30","답변완료",0
169,"도민제보 접수의 다양한 방식 확대 제안","경기도","2023-10-30","답변완료",18
168,"경기 김포시 구래동 내 횡단보도 신호등 설치","경기도 김포시","2023-10-30","답변완료",18
167,"정다은 작가 작품 전시회를 청와대  문화공간에 열어주세요.","문화체육관광부","2023-10-30","제안심사",10
166,"운전면허","경찰청","2023-10-30","답변완료",2
165,"사유림 매입제도 개선 요청","산림청","2023-10-30","답변완료",5
164,"지방자치단체를 당사자로 하는 계약에 관한 법률 시행령 개정안","행정안전부","2023-10-30","답변완료",0
163,"우편봉투( 각종 세금 및 공과금,카드사용내역 통보 등) 겉면 투명비닐 사용금지 제안","환경부","2023-10-30","답변완료",3
162,"장애인 의무고용률 산출 방식 개정 및 균형인사 지침 평가 사항 정비","인사혁신처","2023-10-30","답변완료",11
161,"다양한 공구, 복지 센타에 비치하여, 필요할 때 빌려쓰는 제도를 제안 합니다.  (신평2동 복지 센타에 제안합니다.)","부산광역시 사하구","2023-10-30","답변완료",15
160,"은둔형 외톨이 지원 조례 제정을 요청합니다.","충청북도 진천군","2023-10-30","답변완료",10
159,"新식품 개발지원을 위한 식품첨가물 선제적 허용","식품의약품안전처","2023-10-30","답변완료",0
158,"은둔형 외톨이를 위한 사회화 시스템 구축 제안","충청북도 진천군","2023-10-30","답변완료",2
157,"청주 성화동 구룡산 등산로 표시판 추가설치 제안합니다.","충청북도 청주시","2023-10-30","답변완료",1
156,"카카오톡 시스템 연계를 통한 고독사 등 조기발견","보건복지부","2023-10-30","답변완료",8
155,"쓰레기처리","환경부","2023-10-30","제안심사",12
154,"쓰레기 수거 동참 프로젝트","환경부","2023-10-30","답변완료",11
153,"지방공무원 유급 가족돌봄휴가 확대 및 절차 간소화","행정안전부","2023-10-30","답변완료",17
152,"가습기살균제 피해자 법학전문대학원등 대학교 대학원 특례입학제 신설","환경부","2023-10-30","답변완료",7
151,"담배 꽁초 보증금 환급 정책 도입 제안","환경부","2023-10-30","제안심사",11
150,"쓰레기문제","환경부","2023-10-30","제안심사",13
149,"정부와 관계기관, 보건의료인단체 및 환자단체로 구성된 합동 병원 운영검사 제도 운영을 제안합니다.","보건복지부","2023-10-30","제안심사",2
148,"부동산중개수수료","국토교통부","2023-10-30","답변완료",64
147,"대형마트 일요일 의무휴업해제","산업통상자원부","2023-10-30","답변완료",9
146,"버스정류소 운행안내 전광판 정비와 온열의자설치 및  휴대폰 충전기 설치 제안","전라남도 담양군","2023-10-30","답변완료",1
145,"중 고등학교 배정과정","교육부","2023-10-30","답변완료",15
144,"교통약자석의 정의에 대한 대대적 홍보 요청","보건복지부","2023-10-30","답변완료",18
143,"교통약자석의 정의에 대한 대대적 홍보 요청","국토교통부","2023-10-30","제안심사",18
142,"미성년자에게 술을 판매한 지점에 대한 과도한 처벌","여성가족부","2023-10-30","답변완료",5
141,"마을버스 운행을 승객 예약제로 운행시 예산절감, 군민편리, 지역활성화, 기대","전라남도 나주시","2023-10-29","제안심사",6
140,"도서관에 대출불가되어 상시 비치 되는 도서가","경기도 용인시","2023-10-29","답변완료",2
139,"농업인 공익직불제교육 사이트 홍보로 누구나쉽게 궁금증해소","농림축산식품부","2023-10-29","답변완료",6
138,"출산율 상승을 위한 주4일제 시범지역 운영(일/가정/자신의 삶의 균형)","인사혁신처","2023-10-29","답변완료",1
137,"출산율 상승을 위한 주4일제 시범지역 운영(일/가정/자신의 삶의 균형)","행정안전부","2023-10-29","답변완료",1
136,"출산율 상승을 위한 주4일제 시범지역 운영(일/가정/자신의 삶의 균형)","고용노동부","2023-10-29","답변완료",1
135,"남악다목적생활체육관 스케이트장","전라남도 무안군","2023-10-29","답변완료",17
134,"도솔산 나무수종 다양화  검토요청","대전광역시 서구","2023-10-29","답변완료",8
133,"공무원(근로자) 육아시간 사용 자녀 범위 확대","행정안전부","2023-10-29","답변완료",12
132,"국민제안을 통한 제안을 민원으로 이관시에도 실시결과를 제안인에게 통보하도록 의무조항 삽입","행정안전부","2023-10-29","답변완료",0
131,"준 정부기관 등 (공기관등 ) 공문서 판단  기본적 문서정리 공지","행정안전부","2023-10-29","답변완료",0
130,"중앙부처 공무직 초과근로 상한시간 제한 요청","고용노동부","2023-10-29","제안심사",1
129,"지방인구감소 및 저출산고령화 대책","기획재정부","2023-10-29","제안심사",4
128,"우리 지역의 대중교통 문제 중 버스 정류장의 질서 혼잡에 따른 해결 방안","경기도 김포시","2023-10-29","답변완료",9
127,"국민질병 헬리코박터 보험적용 해야합니다.","보건복지부","2023-10-29","답변완료",4
126,"청와대 개방 관련 제안","문화체육관광부","2023-10-28","답변완료",14
125,"쓰레기문제","환경부","2023-10-28","제안심사",24
124,"이태원 참사관련 1년이 지난 지금까지도 주최자 없는 행사에 인파관리 안전 매뉴얼이 없어 시민들의 불안 가중으로 이에대한 안전사고 예방 대책마련이 시급함","행정안전부","2023-10-28","답변완료",0
123,"국민건강보험 자격 변동시 본인 확인 절차를 추가하여 국민 불편을 축소 방안","보건복지부","2023-10-28","제안심사",3
122,"동래구 안락 2동 소재 수영강변 산책로 3거리 지점에 사람과 자전거 충돌이 잦아 대책마련 제안","부산광역시 동래구","2023-10-28","답변완료",3
121,"고속도로 난폭운전자 요금제 개선","국토교통부","2023-10-28","제안심사",20
120,"산업재해현황분석 통계방식","고용노동부","2023-10-28","제안심사",1
119,"부데코트흡입액,벤토린네뷸 구하기어렵습니다.","식품의약품안전처","2023-10-28","답변완료",1
118,"부산 금정구 부산대학교 상권 활성화 방안","부산광역시 금정구","2023-10-28","답변완료",11
117,"피아노 설치","전라남도 완도군","2023-10-28","답변완료",20
116,"육군규정 120 제4절 117조 4항 4번(병진급평가 수준미달로 인한 외출외박 제한)의 보완을 제안합니다.","국방부","2023-10-28","답변완료",6
115,"국내1호 도심국가습지인 황룡강 장록습지 근교 힐링정원 신설 제안","광주광역시 광산구","2023-10-28","답변완료",15
114,"맨발길","경상북도 경산시","2023-10-28","답변완료",17
113,"순수365 구군별 관공서 의무적으로 사용","부산광역시","2023-10-28","답변완료",5
112,"적극 행정 문화 정착 사례 자원화 방안 제안","국세청","2023-10-28","제안심사",7
111,"제천시 고려인 이주 문제에 대하여","충청북도 제천시","2023-10-28","답변완료",1
110,"장애인 정보 공유 커뮤니티 서비스 개설","보건복지부","2023-10-28","제안심사",4
109,"독거 노인의 고독사 방지를 위한 제안","보건복지부","2023-10-27","답변완료",20
108,"5-서비스 및 시스템 구축 : chatGPT를 활용한 장애인의 정보접근성 및 교육 기회 확대","과학기술정보통신부","2023-10-27","제안심사",1
107,"장애인sos어플","보건복지부","2023-10-27","제안심사",8
106,"제주특별시 귤공장에서 발생하는 귤껍질을 활용한 친환경 비료 생산 및 수요성 있는 활용 방안","제주특별자치도","2023-10-27","답변완료",14
105,"발달장애인 활동서비스 신청 방법 개편","보건복지부","2023-10-27","답변완료",10
104,"부산에도 중,대형 공연장과 복합문화단지 조성이 필요하다.","부산광역시","2023-10-27","답변완료",8
103,"농지내 도로 개설 민원","대전광역시 유성구","2023-10-27","답변완료",6
102,"사잇소리 관련 발음 개정 제안","문화체육관광부","2023-10-27","답변완료",16
101,"마약금지에대한 교육","교육부","2023-10-27","답변완료",3
100,"블록체인 기반 장애인 복지카드","보건복지부","2023-10-27","답변완료",7
99,"충혼탑, 현충원, 주요전적지 등의 안내","국가보훈부","2023-10-27","답변완료",63
98,"외국인 귀화업무 처리 시 임신 등 특이케이스의 경우 빠른 처리 요청","법무부","2023-10-27","답변완료",24
97,"공원 어린이 놀이터 반려 동물 출입 금지 및 반려동물과의 놀이터 분리의 제안","경기도 이천시","2023-10-27","답변완료",3
96,"ㅎ탈락 규정에 대하여","문화체육관광부","2023-10-27","답변완료",11
95,"재난 및 응급 상황 감지 및 안내 웨어러블 기기","보건복지부","2023-10-27","답변완료",16
94,"편리한 대중교통 이용을 위한 서비스 제안","서울특별시","2023-10-27","제안심사",8
93,"음주 검문 시 도주차량 차단 방식 개선 요청","경찰청","2023-10-27","답변완료",5
92,"과속카메라와 신호등을 설치해주세요","경상북도 영주시","2023-10-27","답변완료",1
91,"중고교 교복 폐지 제안","교육부","2023-10-27","답변완료",14
90,"'내가, 네가'를 '나가, 너가'로","문화체육관광부","2023-10-27","답변완료",4
89,"범죄자의 주소 정보가 경찰 및 동사무소 직원 연계되어야한다","경찰청","2023-10-27","답변완료",0
88,"절대주차금지지역 근처의 거주자 주차 제공 방안 개선 정책 제안","서울특별시 강남구","2023-10-27","답변완료",4
87,"작은도서관의 책읽기 환경조성","부산광역시 사상구","2023-10-27","답변완료",14
86,"활동지원사 구인 불가 중증 발달장애인에 한해 직계가족 “장애인 활동지원 허용” 요청","보건복지부","2023-10-27","답변완료",25
85,"군무원 선발 폐지하고 인사혁신처에서 일반행정직으로 일원화","국방부","2023-10-27","답변완료",20
84,"소방과목을 의무교육으로 지정","교육부","2023-10-27","답변완료",10
83,"전자문서 활용","조달청","2023-10-27","답변완료",9
82,"사고 감소를 위한 횡단보도 이동 건의","경기도 안산시","2023-10-27","답변완료",9
81,"장애인의 주거환경 개선 + 관련 주거시설 등급제","보건복지부","2023-10-27","제안심사",11
80,"월경혈 인식 스캐너를 개발해 보급해주세요.","보건복지부","2023-10-27","답변완료",13
79,"대한민국 청소년 주민자치 활성화 방법 제안","교육부","2023-10-27","답변완료",13
78,"장애인 차량 표시판을 부착형이 아닌 걸이형으로 바꿔주시길 제안합니다.","보건복지부","2023-10-26","제안심사",10
77,"청주 도심 등산로 시설물 설치건","충청북도 청주시","2023-10-26","답변완료",5
76,"태전 IC 교통체증","경기도 광주시","2023-10-26","답변완료",7
75,"청주시민신문 개선으로 원가절감","충청북도 청주시","2023-10-26","제안심사",5
74,"농지 수확물 도난사고 예방 CCTV설치 보급사업 제안","경찰청","2023-10-26","제안심사",0
73,"어두운 길거리 조명이 빛나는 태양광휀스","경기도 김포시","2023-10-26","답변완료",11
72,"어두운 길거리 조명이 빛나는 태양광휀","경기도 파주시","2023-10-26","답변완료",0
71,"가습기살균제 피해자 법학전문대학원등 대학교 대학원 특례입학제 신설","환경부","2023-10-26","답변완료",8
70,"가전제품 품질 보장기간이 이상합니다.","공정거래위원회","2023-10-26","답변완료",16
69,"건물 진입로 중앙선 절취 요청(재)","인천광역시 남동구","2023-10-26","답변완료",4
68,"전라북도교육청 -학교밖청소년 학비지원 대상자 확대 요청","전라북도교육청","2023-10-26","답변완료",3
67,"청년과 어르신 ""세대 간 연결과 문제해결을 위한 융합 프로그램""","보건복지부","2023-10-26","제안심사",1
66,"공공병원이 민간병원을 위탁운영하거나 인수 할 수 있도록 개선","보건복지부","2023-10-26","답변완료",16
65,"동네에 소외되거나 사라진 구역을 새롭게 꾸미고 싶어요.","서울특별시 동작구","2023-10-26","제안심사",3
64,"지하도로 침수 사고 예방의 건","부산광역시","2023-10-26","답변완료",24
63,"사설구급차 할인제도 도입","보건복지부","2023-10-26","답변완료",18
62,"선부중학교 역도관 시민참여 프로그램에 관한 제안","경기도 안산시","2023-10-26","답변완료",0
61,"국세청 사업용카드카드 내역 확인 개선 요청","국세청","2023-10-26","답변완료",11
60,"전동 킥보드, 전동 자전거 등 PM(개인형 이동장치)사용 조건 개선에 대한 제안","국토교통부","2023-10-26","제안심사",10
59,"지하철 경로우대 제도 개선방안","서울특별시","2023-10-26","제안심사",15
58,"판옥선 내 2층 목재로 된 계단 미끄럼 방지 테잎을 부착해 주세요.","전라남도 해남군","2023-10-26","답변완료",0
57,"도곡교 입구  3거리 볼록거울 추가 설치 요망","충청남도 계룡시","2023-10-26","답변완료",6
56,"문경시장에게 바란다 시스템 개선 제안","경상북도 문경시","2023-10-26","답변완료",17
55,"파주시에 위치한 도라산평화공원에 소소한 꽃밭을 만들면 산책하기 좋을 거 같습니다","경기도","2023-10-26","제안심사",0
54,"사립유치원의 무분별한 야근지시 및 야근수당 문제","교육부","2023-10-25","답변완료",9
53,"인원 과밀지역 집중관리 시스템작동 여부","행정안전부","2023-10-25","제안심사",2
52,"인원 과밀지역 집중관리 시스템작동 여부","경찰청","2023-10-25","제안심사",2
51,"인원 과밀지역 집중관리 시스템작동 여부","서울특별시","2023-10-25","제안심사",2
50,"병역3대 현역 복무 집안입니다. 3대손이 현재 전방에서 현역복무중입니다. 병역 명문가 제도 보완 건의드리고 복무 중에는 휴가라도 혜택을 더 주시면 좋겠습니다.","국방부","2023-10-25","답변완료",46
49,"병역3대 현역 복무 집안입니다. 3대손이 현재 전방에서 현역복무중입니다. 병역 명문가 제도 보완 건의드리고 복무 중에는 휴가라도 혜택을 더 주시면 좋겠습니다.","병무청","2023-10-25","답변완료",46
48,"안전한 1029 지방도를 위하여","경상남도","2023-10-25","답변완료",2
47,"영천시 내 동물보호구역 신설","경상북도 영천시","2023-10-25","답변완료",14
46,"안전상비의약품 판매점 공개로 의약품 구입의 편의성 제공","경기도 의왕시","2023-10-25","제안실현",7
45,"광산뮤직온페스티벌 행사 운영 개선","광주광역시 광산구","2023-10-25","답변완료",7
44,"쓰레기 수거 동참 프로젝트","환경부","2023-10-25","답변완료",13
43,"의류폐기에 대한 법률을 강화해주세요","환경부","2023-10-25","제안심사",12
42,"쓰레기처리","환경부","2023-10-25","제안심사",16
41,"가스열펌프(GHP) 대기오염물질 저감장치 및 대기배출신고 등록 기간 연장 요청","환경부","2023-10-25","제안심사",20
40,"에너지절감 및 탄소배출 저감을 위한 자전거 출퇴근에 따른 포인트 지급","환경부","2023-10-25","답변완료",16
39,"공무원 육아시간 확대 의견","인사혁신처","2023-10-25","답변완료",18
38,"예천군_ 호명초등학교 앞 사거리 횡단보도 자전거 도로 도색이 필요할듯 합니다.","경상북도 예천군","2023-10-25","답변완료",6
37,"심한장애인 전기 가스 수도요금감면신청관련 민원 24 등록방법개선요청","행정안전부","2023-10-25","답변완료",6
36,"심한장애인 전기 가스 수도요금감면신청관련 민원 24 등록방법개선요청","보건복지부","2023-10-25","답변완료",6
35,"파주 영어마을의 활성화 방안","경기도 파주시","2023-10-25","답변완료",1
34,"질병시 학교에 진단서 제출하는 부분( 대리처방)","교육부","2023-10-25","답변완료",26
33,"광산뮤직ON페스티벌 행사 관련 제안","광주광역시 광산구","2023-10-25","답변완료",4
32,"영산강 주변 산책로 야간 조명 설치","광주광역시","2023-10-25","답변완료",19
31,"독도의날 달력 표기","경상북도 예천군","2023-10-25","답변완료",10
30,"김포시 교통 앱 개선 방향","경기도 김포시","2023-10-24","답변완료",6
29,"아웃소싱 업체 관리 나 혹은 아웃소싱 업체도 인력사무소 로 지정 해주세요","고용노동부","2023-10-24","답변완료",4
28,"승산 부자마을 건","경상남도 진주시","2023-10-24","답변완료",52
27,"재난적의료비 지원비 산출 시 합리적인 의료비 총액 산출 강구","보건복지부","2023-10-24","답변완료",7
26,"신도시 공실상가 활용방안","중소벤처기업부","2023-10-24","답변완료",2
25,"부산 시내버스 지하철 조조 할인 때문에 민원을 올립니다","부산교통공사","2023-10-24","답변완료",22
24,"부산 시내버스 지하철 조조 할인 때문에 민원을 올립니다","부산광역시","2023-10-24","답변완료",22
23,"국민신문고 재답변을 제한해주세요","국민권익위원회","2023-10-24","답변완료",8
22,"BRT 정류장 투명 천장 개선 요망","부산광역시","2023-10-24","답변완료",15
21,"명령지시전달체계 프로세스의 확고화.","행정안전부","2023-10-24","답변완료",4
20,"건강보험 피부양자 축소 추진 관련","보건복지부","2023-10-24","답변완료",5
19,"PLT(Physical Level Test)_[체력인증제]","경기도 남양주시","2023-10-24","답변완료",20
18,"학교 운동장 주차장 활용방안","교육부","2023-10-24","답변완료",16
17,"삼향읍(남악 오룡)보건지소","전라남도 무안군","2023-10-24","답변완료",11
16,"심야시간 안심귀가 서비스 확대개편","전라남도","2023-10-24","제안심사",1
15,"특허로 심사처리상황 검색서비스 간소화의 件","특허청","2023-10-24","답변완료",7
14,"산림청 개인산지 매입 개선건의","산림청","2023-10-24","답변완료",8
13,"청주시 내수읍 교통편익 제고를 위한  대중교통망(버스노선) 개선 요청","충청북도 청주시","2023-10-24","제안심사",3
12,"외국인 노동자나 전체외국인들에게 쓰레기 봉투 사용을 알려주세요","환경부","2023-10-24","제안심사",7
11,"자동차 검사제도 개선","국토교통부","2023-10-24","답변완료",56
10,"공중, 개방화장실 안내 지도 작성 후 배포","행정안전부","2023-10-24","답변완료",2
9,"포털사이트 가입 시 개인정보 동의 개선","개인정보보호위원회","2023-10-24","답변완료",16
8,".충주시버스터미널 버스정류장곰팡의자","충청북도 충주시","2023-10-24","답변완료",14
7,"장애수당 의무지급 대상자 확대","보건복지부","2023-10-24","답변완료",13
6,"전입, 전출에 따른 전기, 수도요금 감면 신청 일괄 처리","전라남도 광양시","2023-10-24","제안심사",0
5,"잃은 훈민정음 글자 부활 연구 부탁","문화체육관광부","2023-10-24","답변완료",4
4,"안동시장과의 대화 시스템 개선 제안","경상북도 안동시","2023-10-24","답변완료",13
3,"지하철 교통카드 태그시 나는 음원제작 및 디스플레이","서울특별시","2023-10-24","답변완료",11
2,"제천시 고암체육공원 테니스장 및 풋살장 주변 고목 제거 또는 전정 요망","충청북도 제천시","2023-10-24","답변완료",0
1,"이혼가정 면접교섭권, 양육비불이행 개선조치요망","법무부","2023-10-24","답변완료",13
