대,청원번호,청원명,청원인,소개의원,접수일자,위원회회부일,소관위,의결결과,의안구분,상세보기URL,상세보기URL2
21,2100156,어린이집 교사의 보호에 관한 청원,"엄정섭외 50,000인",국민동의청원,2023-09-16,2023-09-18,보건복지위원회,본회의불부의,처리의안,https://likms.assembly.go.kr/bill/billDetail.do?billId=PRC_I2Q3E0X9W1R8I1D0R0J6O5V9U5R2K6,https://likms.assembly.go.kr/bill/billDetail.do?billId=PRC_I2Q3E0X9W1R8I1D0R0J6O5V9U5R2K6
21,2100143,"학부모의 악성 민원 및 학생 폭언,폭행에 대응 할 수 있는 제도 및 법 제정에 관한 청원","권아름외 50,000인",국민동의청원,2023-07-23,2023-07-24,교육위원회,대안반영폐기,처리의안,https://likms.assembly.go.kr/bill/billDetail.do?billId=PRC_C2K3A0W7A2H4O1O3D4K8X1G5E6F4T8,https://likms.assembly.go.kr/bill/billDetail.do?billId=PRC_C2K3A0W7A2H4O1O3D4K8X1G5E6F4T8
21,2100141,아이들을 더 사랑할 수 있도록 부디 교사들을 지켜주세요에 관한 청원,"이혜인외 50,000인",국민동의청원,2023-07-22,2023-07-24,교육위원회,대안반영폐기,처리의안,https://likms.assembly.go.kr/bill/billDetail.do?billId=PRC_V2F3S0E7Z2X4P1K3R2J2S1G0A8T9F5,https://likms.assembly.go.kr/bill/billDetail.do?billId=PRC_V2F3S0E7Z2X4P1K3R2J2S1G0A8T9F5
21,2100140,무분별한(무고성) 아동학대 신고로부터 학습권과 교권 보호를 위한 초·중등교육법 개정안 조속 통과 요청 청원,정성국,이태규의원,2023-07-13,2023-07-13,교육위원회,대안반영폐기,처리의안,https://likms.assembly.go.kr/bill/billDetail.do?billId=PRC_F2S3D0Z7J1D3E1Y5Y1Z7K5O9M0T2E4,https://likms.assembly.go.kr/bill/billDetail.do?billId=PRC_F2S3D0Z7J1D3E1Y5Y1Z7K5O9M0T2E4
21,2100130,강원특별자치도 설치 등에 관한 특별법에 반영할 입법 등에 관한 청원,박상진,송기헌의원,2023-05-02,2023-05-02,행정안전위원회,본회의불부의,처리의안,https://likms.assembly.go.kr/bill/billDetail.do?billId=PRC_R2A3P0B5U0F2F1U5E0A9C3Q0D8S0G0,https://likms.assembly.go.kr/bill/billDetail.do?billId=PRC_R2A3P0B5U0F2F1U5E0A9C3Q0D8S0G0
21,2100112,공공택지 조성원가 산정기준 적용방법 일부 개정 법령에 관한 청원,나종호외 18인,김태년의원,2023-01-06,2023-01-09,국토교통위원회,본회의불부의,처리의안,https://likms.assembly.go.kr/bill/billDetail.do?billId=PRC_A2T3B0I1O0A9N1S7K0J0J1G7V7Y0A7,https://likms.assembly.go.kr/bill/billDetail.do?billId=PRC_A2T3B0I1O0A9N1S7K0J0J1G7V7Y0A7
21,2100108,언론자유와 공영방송의 정치적 독립을 위한 법률 개정에 관한 청원,"윤창현외 50,000인",국민동의청원,2022-11-18,2022-11-18,과학기술정보방송통신위원회,대안반영폐기,처리의안,https://likms.assembly.go.kr/bill/billDetail.do?billId=PRC_P2I2W1A1C1G8H1D3M2J9P2L3I8Z1A3,https://likms.assembly.go.kr/bill/billDetail.do?billId=PRC_P2I2W1A1C1G8H1D3M2J9P2L3I8Z1A3
21,2100106,모든 노동자의 노동권 보장을 위한 노조법 2조·3조 개정에 관한 청원,"유최안외 50,000인",국민동의청원,2022-11-08,2022-11-09,환경노동위원회,대안반영폐기,처리의안,https://likms.assembly.go.kr/bill/billDetail.do?billId=PRC_B2K2F1F1E0G9W1E3X5X6F0N8R0I2T8,https://likms.assembly.go.kr/bill/billDetail.do?billId=PRC_B2K2F1F1E0G9W1E3X5X6F0N8R0I2T8
21,2100103,명분도 없고 실익도 없는 금융투자소득세에 대해 반드시 유예해줄 것에 관한 청원,"전시환외 50,000인",국민동의청원,2022-10-26,2022-10-27,기획재정위원회,본회의불부의,처리의안,https://likms.assembly.go.kr/bill/billDetail.do?billId=PRC_V2T2N1P0M2Q7M1U0H5J8O2E4G5N9U1,https://likms.assembly.go.kr/bill/billDetail.do?billId=PRC_V2T2N1P0M2Q7M1U0H5J8O2E4G5N9U1
21,2100099,우즈베키스탄 타쉬켄트시 소재 한국사찰 자은사의 보존을 위한 한국정부의 지원(중재)요청에 관한 청원,양기훈외 38인,어기구의원,2022-09-21,2022-09-21,외교통일위원회,본회의불부의,처리의안,https://likms.assembly.go.kr/bill/billDetail.do?billId=PRC_Y2D2P0F9M2X1R0M9Q4I8R4U9Z1Q8I3,https://likms.assembly.go.kr/bill/billDetail.do?billId=PRC_Y2D2P0F9M2X1R0M9Q4I8R4U9Z1Q8I3
21,2100098,유방암 치료제 엔허투의 신속 승인 요청에 관한 청원,"나현아외 50,000인",국민동의청원,2022-08-30,2022-08-30,보건복지위원회,본회의불부의,처리의안,https://likms.assembly.go.kr/bill/billDetail.do?billId=PRC_V2L2T0N8C3C0O1M4K0L6S4G0K4Z5P0,https://likms.assembly.go.kr/bill/billDetail.do?billId=PRC_V2L2T0N8C3C0O1M4K0L6S4G0K4Z5P0
21,2100094,충무공 이순신 장군 유물 일괄 국보 지정에 관한 청원,김영준외 4인,최영희의원,2022-07-13,2022-07-22,문화체육관광위원회,본회의불부의,처리의안,https://likms.assembly.go.kr/bill/billDetail.do?billId=PRC_T2Y2I0U7D1F3R1A3J2V5H0E2Q1V8Q4,https://likms.assembly.go.kr/bill/billDetail.do?billId=PRC_T2Y2I0U7D1F3R1A3J2V5H0E2Q1V8Q4
21,2100092,GTX-C노선 서울 도봉구 구간 지하신설 원안 추진에 관한 청원,허슬기외 288인,인재근의원외 12인,2022-06-22,2022-07-22,국토교통위원회,본회의불부의,처리의안,https://likms.assembly.go.kr/bill/billDetail.do?billId=PRC_V2C2Q0U6Y2I2T1O6T0H7C0Z4K5S9X7,https://likms.assembly.go.kr/bill/billDetail.do?billId=PRC_V2C2Q0U6Y2I2T1O6T0H7C0Z4K5S9X7
21,2100087,사이버 폭력 근절을 위한 학교폭력예방 및 대책에 관한 법률 개정에 관한 청원,이강민,송석준의원,2022-05-13,2022-05-13,교육위원회,대안반영폐기,처리의안,https://likms.assembly.go.kr/bill/billDetail.do?billId=PRC_J2D2V0U5V1R3A1W7Q4O1O0L6Z8E6H2,https://likms.assembly.go.kr/bill/billDetail.do?billId=PRC_J2D2V0U5V1R3A1W7Q4O1O0L6Z8E6H2
21,2100086,여성가족부 폐지 반대에 관한 청원,"김**외 50,000인",국민동의청원,2022-05-07,null,null,철회,처리의안,https://likms.assembly.go.kr/bill/billDetail.do?billId=PRC_C2K2W0T5Q0Y9M1S4P2C9Y5V6P0N6B5,https://likms.assembly.go.kr/bill/billDetail.do?billId=PRC_C2K2W0T5Q0Y9M1S4P2C9Y5V6P0N6B5
21,2100076,코로나 피해 소상공인ㆍ자영업자 지원을 위한 추경 증액에 관한 청원,이재광외 2인,김경만의원외 3인,2022-02-07,2022-02-07,산업통상자원중소벤처기업위원회,본회의불부의,처리의안,https://likms.assembly.go.kr/bill/billDetail.do?billId=PRC_V2Z2F0M2V0Y7J1Y3W2B8L0S1O1N0T6,https://likms.assembly.go.kr/bill/billDetail.do?billId=PRC_V2Z2F0M2V0Y7J1Y3W2B8L0S1O1N0T6
21,2100045,GTX-D노선 원안(김포~하남) 및 5호선 연장(김포한강선) 추진에 관한 청원,강인석외 11인,이태규의원외 2인,2021-05-26,2021-05-26,국토교통위원회,본회의불부의,처리의안,https://likms.assembly.go.kr/bill/billDetail.do?billId=PRC_O2P1T0V5H2M6N1O0U1W2B2J2X7I8U8,https://likms.assembly.go.kr/bill/billDetail.do?billId=PRC_O2P1T0V5H2M6N1O0U1W2B2J2X7I8U8
21,2100041,경자유전의원칙 확립과 농지투기근절을 위한 농지법 개정안에 관한 청원,윤순철,신정훈의원,2021-05-10,2021-05-10,농림축산식품해양수산위원회,본회의불부의,처리의안,https://likms.assembly.go.kr/bill/billDetail.do?billId=PRC_A2L1F0F5B1L0K1O7E1A3C0H4D6W3N1,https://likms.assembly.go.kr/bill/billDetail.do?billId=PRC_A2L1F0F5B1L0K1O7E1A3C0H4D6W3N1
21,2100037,재외동포 상공인 모국방문 시 코로나 의무격리 기간 단축에 관한 청원,유병학,김석기의원,2021-04-08,2021-04-08,보건복지위원회,본회의불부의,처리의안,https://likms.assembly.go.kr/bill/billDetail.do?billId=PRC_B2A1O0B4I0W8Q1G6R2G0Y3J6U5K1O8,https://likms.assembly.go.kr/bill/billDetail.do?billId=PRC_B2A1O0B4I0W8Q1G6R2G0Y3J6U5K1O8
21,2100036,미국 한인 상공인 및 동포 입국 시 2주 의무격리 조치 조건부 면제에 관한 청원,강일한외 17인,김석기의원,2021-03-25,2021-03-25,보건복지위원회,본회의불부의,처리의안,https://likms.assembly.go.kr/bill/billDetail.do?billId=PRC_K2K1J0L3M2Z5P1Z0I5I5Q1A8V6S7Z3,https://likms.assembly.go.kr/bill/billDetail.do?billId=PRC_K2K1J0L3M2Z5P1Z0I5I5Q1A8V6S7Z3
21,2100035,공공주택 특별법 개정안에 관한 청원,진영종,심상정의원,2021-03-10,2021-03-10,국토교통위원회,본회의불부의,처리의안,https://likms.assembly.go.kr/bill/billDetail.do?billId=PRC_K2D1H0S3Q1A0W1O5O0N6M3X2G1K7U2,https://likms.assembly.go.kr/bill/billDetail.do?billId=PRC_K2D1H0S3Q1A0W1O5O0N6M3X2G1K7U2
21,2100034,제4차 재난지원금 농수축산인 포함 지급에 관한 청원,지인구외 141인,송석준의원,2021-03-09,2021-03-10,농림축산식품해양수산위원회,본회의불부의,처리의안,https://likms.assembly.go.kr/bill/billDetail.do?billId=PRC_O2W1K0V3F0Q9T1L6X4X3J5X6B6Y5N7,https://likms.assembly.go.kr/bill/billDetail.do?billId=PRC_O2W1K0V3F0Q9T1L6X4X3J5X6B6Y5N7
21,2100032,법인세법 일부개정법률안에 관한 청원,정강자,진성준의원,2021-02-05,2021-02-05,기획재정위원회,본회의불부의,처리의안,https://likms.assembly.go.kr/bill/billDetail.do?billId=PRC_V2Y1Q0D2H0M5L1E4J2N3E1M6U5W7D4,https://likms.assembly.go.kr/bill/billDetail.do?billId=PRC_V2Y1Q0D2H0M5L1E4J2N3E1M6U5W7D4
21,2100031,소득세법 일부개정법률안에 관한 청원,정강자,진성준의원,2021-02-05,2021-02-05,기획재정위원회,본회의불부의,처리의안,https://likms.assembly.go.kr/bill/billDetail.do?billId=PRC_V2W1V0D2L0X5J1X4Z2Z0B2W4F7H2E9,https://likms.assembly.go.kr/bill/billDetail.do?billId=PRC_V2W1V0D2L0X5J1X4Z2Z0B2W4F7H2E9
21,2100030,감염병 예방 방역조치에 따른 손실보상과 소득보장 및 피해자 지원에 관한 특별법 제정에 관한 청원,정강자,진성준의원,2021-02-05,2021-02-05,산업통상자원중소벤처기업위원회,대안반영폐기,처리의안,https://likms.assembly.go.kr/bill/billDetail.do?billId=PRC_U2S1A0L2Y0U5D1O4P1O3U4T7A4T2M0,https://likms.assembly.go.kr/bill/billDetail.do?billId=PRC_U2S1A0L2Y0U5D1O4P1O3U4T7A4T2M0
21,2100016,4.16세월호참사 진상규명을 위한 “사회적 참사의 진상규명 및 안전사회 건설 등을 위한 특별법” 개정에 관한 청원,"이주연외 100,000인",국민동의청원,2020-10-31,2020-11-02,정무위원회,대안반영폐기,처리의안,https://likms.assembly.go.kr/bill/billDetail.do?billId=PRC_D2O0Y1B1V0F2U0V9G4L2V4V9V9A3C4,https://likms.assembly.go.kr/bill/billDetail.do?billId=PRC_D2O0Y1B1V0F2U0V9G4L2V4V9V9A3C4
21,2100015,대북전단 살포 금지에 관한 “남북관계 발전에 관한 법률 일부개정법률안(송영길의원 대표발의)” 개정 촉구에 관한 청원,"조인묵외 3,110인",박정의원,2020-10-27,2020-10-27,외교통일위원회,본회의불부의,처리의안,https://likms.assembly.go.kr/bill/billDetail.do?billId=PRC_K2E0T1C0R2Y7A1D6I2U6Q0O1N0U4C9,https://likms.assembly.go.kr/bill/billDetail.do?billId=PRC_K2E0T1C0R2Y7A1D6I2U6Q0O1N0U4C9
21,2100014,훈민정음 해례본 국보 1호 지정에 관한 청원,구진영외 2인,전용기의원,2020-10-08,2020-10-08,문화체육관광위원회,본회의불부의,처리의안,https://likms.assembly.go.kr/bill/billDetail.do?billId=PRC_A2A0T1T0D0W8W1Z0L3D5S1K3O5F2I1,https://likms.assembly.go.kr/bill/billDetail.do?billId=PRC_A2A0T1T0D0W8W1Z0L3D5S1K3O5F2I1
21,2100013,안전한 일터와 사회를 위한 “중대재해기업처벌법” 제정에 관한 청원,"김미숙외 100,000인",국민동의청원,2020-09-22,2020-09-22,법제사법위원회,본회의불부의,처리의안,https://likms.assembly.go.kr/bill/billDetail.do?billId=PRC_Y2C0G0J9L2Q2B1G0W3T8C4B2G8M5I8,https://likms.assembly.go.kr/bill/billDetail.do?billId=PRC_Y2C0G0J9L2Q2B1G0W3T8C4B2G8M5I8
21,2100009,개정 종합부동산세법 폐지에 관한 청원,홍세욱,박성중의원,2020-08-12,2020-08-12,기획재정위원회,본회의불부의,처리의안,https://likms.assembly.go.kr/bill/billDetail.do?billId=PRC_G2Q0P0E8O1R2O1I4J3S7U4B2U8L7M8,https://likms.assembly.go.kr/bill/billDetail.do?billId=PRC_G2Q0P0E8O1R2O1I4J3S7U4B2U8L7M8
21,2100005,여성가족부 폐지에 관한 청원,"은승찬외 100,000인",국민동의청원,2020-07-21,2020-07-21,행정안전위원회,본회의불부의,처리의안,https://likms.assembly.go.kr/bill/billDetail.do?billId=PRC_W2P0W0C7S2C1A1U4F0Y5O3X9D5J2T7,https://likms.assembly.go.kr/bill/billDetail.do?billId=PRC_W2P0W0C7S2C1A1U4F0Y5O3X9D5J2T7
21,2100002,코로나19 환자 치료 중 사망한 故허영구 원장에 대한 의사자 지정에 관한 청원,"송언석외 22,953인",윤두현의원외 59인,2020-07-07,2020-07-08,보건복지위원회,본회의불부의,처리의안,https://likms.assembly.go.kr/bill/billDetail.do?billId=PRC_Z2I0A0E7I0V7U1M5R3U6X5Y6D1V1C1,https://likms.assembly.go.kr/bill/billDetail.do?billId=PRC_Z2I0A0E7I0V7U1M5R3U6X5Y6D1V1C1
21,2100001,대학 강제폐교 정책의 수정 및 후속처리에 관한 청원,원덕호외 305인,한병도의원,2020-07-06,2020-07-07,교육위원회,본회의불부의,처리의안,https://likms.assembly.go.kr/bill/billDetail.do?billId=PRC_K2D0J0Y7K0V6J1X4H3W8E0L1E3X5U1,https://likms.assembly.go.kr/bill/billDetail.do?billId=PRC_K2D0J0Y7K0V6J1X4H3W8E0L1E3X5U1
20,2000214,텔레그램을 통한 미성년자 대상 성범죄 처벌 강화 및 신상공개에 관한 청원,"국민주외 100,000인",국민동의청원,2020-04-15,2020-04-16,여성가족위원회,본회의불부의,처리의안,https://likms.assembly.go.kr/bill/billDetail.do?billId=PRC_R2U0L0J4O1P6T0A8I4S8F5A6V5J4L3,https://likms.assembly.go.kr/bill/billDetail.do?billId=PRC_R2U0L0J4O1P6T0A8I4S8F5A6V5J4L3
20,2000213,중국인 영주권자의 지방선거 투표권 박탈에 관한 청원,"장은화외 100,000인",국민동의청원,2020-04-03,2020-04-06,행정안전위원회,임기만료폐기,처리의안,https://likms.assembly.go.kr/bill/billDetail.do?billId=PRC_C2I0H0A4O0U6M1O1N2U5J2V5U6K8G6,https://likms.assembly.go.kr/bill/billDetail.do?billId=PRC_C2I0H0A4O0U6M1O1N2U5J2V5U6K8G6
20,2000212,"직계존속 또는 직계비속에 대한 부양의무를 현저히 해태한 경우도 상속결격사유로 추가하고, 기여분 인정 요건을 완화하는 민법 개정에 관한 청원","노종언외 100,000인",국민동의청원,2020-04-03,2020-04-03,법제사법위원회,임기만료폐기,처리의안,https://likms.assembly.go.kr/bill/billDetail.do?billId=PRC_D2S0M0P4N0P3M1A3P5M1L1O7E9V6Z9,https://likms.assembly.go.kr/bill/billDetail.do?billId=PRC_D2S0M0P4N0P3M1A3P5M1L1O7E9V6Z9
20,2000211,텔레그램 n번방 사건을 비롯한 사이버 성범죄의 처벌법 제정에 관한 청원,"김경현외 100,000인",국민동의청원,2020-03-24,2020-03-25,법제사법위원회,임기만료폐기,처리의안,https://likms.assembly.go.kr/bill/billDetail.do?billId=PRC_K2Q0C0X3A2F5U1J6Q0E0F5P8Q7N9P3,https://likms.assembly.go.kr/bill/billDetail.do?billId=PRC_K2Q0C0X3A2F5U1J6Q0E0F5P8Q7N9P3
20,2000210,문재인 대통령 탄핵 청원 반대에 관한 청원,"김은현외 100,000인",국민동의청원,2020-03-10,2020-03-10,법제사법위원회,임기만료폐기,처리의안,https://likms.assembly.go.kr/bill/billDetail.do?billId=PRC_S2V0R0S3G1G0S1B1K0F6W3T5A4K5M0,https://likms.assembly.go.kr/bill/billDetail.do?billId=PRC_S2V0R0S3G1G0S1B1K0F6W3T5A4K5M0
20,2000209,감염병의 예방 및 관리에 관한 법률 개정에 관한 청원,이애형외 2인,김명연의원,2020-03-05,2020-03-05,보건복지위원회,임기만료폐기,처리의안,https://likms.assembly.go.kr/bill/billDetail.do?billId=PRC_N2H0S0C3G0V5X0P9G4U8P5L8U6L8W8,https://likms.assembly.go.kr/bill/billDetail.do?billId=PRC_N2H0S0C3G0V5X0P9G4U8P5L8U6L8W8
20,2000208,문재인 대통령 탄핵에 관한 청원,"한성지외 100,000인",국민동의청원,2020-03-02,2020-03-04,법제사법위원회,임기만료폐기,처리의안,https://likms.assembly.go.kr/bill/billDetail.do?billId=PRC_A2O0T0W3J0Q4D1A7A4I7S4V7C2U0G1,https://likms.assembly.go.kr/bill/billDetail.do?billId=PRC_A2O0T0W3J0Q4D1A7A4I7S4V7C2U0G1
20,2000207,제2경춘국도 가평군 노선(안) 관철에 관한 청원,"김석구외 9,015인",박순자의원,2020-03-03,2020-03-03,국토교통위원회,임기만료폐기,처리의안,https://likms.assembly.go.kr/bill/billDetail.do?billId=PRC_R2K0V0T3T0V3X0A9A3B9N1B7M1C5W4,https://likms.assembly.go.kr/bill/billDetail.do?billId=PRC_R2K0V0T3T0V3X0A9A3B9N1B7M1C5W4
20,2000206,서울 서남집단에너지사업(마곡열병합발전소) 허가 취소에 관한 청원,"이홍상외 10,571인",김성태의원,2020-02-12,2020-02-12,산업통상자원중소벤처기업위원회,임기만료폐기,처리의안,https://likms.assembly.go.kr/bill/billDetail.do?billId=PRC_R2D0K0N2K1R2P1P6T2U2G1C9E9U2T0,https://likms.assembly.go.kr/bill/billDetail.do?billId=PRC_R2D0K0N2K1R2P1P6T2U2G1C9E9U2T0
20,2000205,텔레그램에서 발생하는 디지털성범죄 해결에 관한 청원,"최유라외 100,000인",국민동의청원,2020-02-10,2020-02-11,법제사법위원회,대안반영폐기,처리의안,https://likms.assembly.go.kr/bill/billDetail.do?billId=PRC_Y2Z0U0B2J1N1Z1Q3D2J2J2N6C0B5H7,https://likms.assembly.go.kr/bill/billDetail.do?billId=PRC_Y2Z0U0B2J1N1Z1Q3D2J2J2N6C0B5H7
20,2000204,"국가기관(법무부, 검찰청)의 사건조작에 대한 재조사 및 피해보상에 관한 청원",강민수외 8인,박지원의원,2020-01-23,2020-01-23,법제사법위원회,임기만료폐기,처리의안,https://likms.assembly.go.kr/bill/billDetail.do?billId=PRC_J2T0D0W1M2J3R0V9V2L2J1R2U8A7A1,https://likms.assembly.go.kr/bill/billDetail.do?billId=PRC_J2T0D0W1M2J3R0V9V2L2J1R2U8A7A1
20,2000203,노동기본권의 실질적 보장을 위한 근로기준법 등 8개 노동법 개정에 관한 청원,"오인환외 10,223인",김종훈의원,2020-01-02,2020-01-02,환경노동위원회,임기만료폐기,처리의안,https://likms.assembly.go.kr/bill/billDetail.do?billId=PRC_A2D0L0Z1N0G2K1N5F4P6I5Z9H8V7N3,https://likms.assembly.go.kr/bill/billDetail.do?billId=PRC_A2D0L0Z1N0G2K1N5F4P6I5Z9H8V7N3
20,2000202,공직선거법 일부개정법률안에 관한 청원,윤순철,정동영의원,2019-12-19,2019-12-19,행정안전위원회,임기만료폐기,처리의안,https://likms.assembly.go.kr/bill/billDetail.do?billId=PRC_J1L9X1L2N1P9M1R0C5F4Q3D8K3X9H2,https://likms.assembly.go.kr/bill/billDetail.do?billId=PRC_J1L9X1L2N1P9M1R0C5F4Q3D8K3X9H2
20,2000201,신장동 지역 고도제한 완화에 관한 청원,윤광우외 740인,원유철의원,2019-12-03,2019-12-04,국방위원회,임기만료폐기,처리의안,https://likms.assembly.go.kr/bill/billDetail.do?billId=PRC_V1Z9L1T2D0X3V1L6Q4R6C5K4J6O8L4,https://likms.assembly.go.kr/bill/billDetail.do?billId=PRC_V1Z9L1T2D0X3V1L6Q4R6C5K4J6O8L4
20,2000200,「근로기준법」 및 「노동조합 및 노동관계조정법」 일부개정에 관한 청원,이성호외 986인,김종훈의원,2019-11-19,2019-11-19,환경노동위원회,임기만료폐기,처리의안,https://likms.assembly.go.kr/bill/billDetail.do?billId=PRC_K1V9M1S1L1E9S0Q9K5A0A4V0M5K3I6,https://likms.assembly.go.kr/bill/billDetail.do?billId=PRC_K1V9M1S1L1E9S0Q9K5A0A4V0M5K3I6
20,2000199,남녀고용평등과일가정양립지원에관한법률 개정에 관한 청원,박수경,김종훈의원,2019-11-14,2019-11-14,환경노동위원회,임기만료폐기,처리의안,https://likms.assembly.go.kr/bill/billDetail.do?billId=PRC_X1P9U1D1Z1O4U1Q3X3O4C3S7M0E0H1,https://likms.assembly.go.kr/bill/billDetail.do?billId=PRC_X1P9U1D1Z1O4U1Q3X3O4C3S7M0E0H1
20,2000198,육아보험법 제정에 관한 청원,박수경,김종훈의원,2019-11-14,2019-11-14,보건복지위원회,임기만료폐기,처리의안,https://likms.assembly.go.kr/bill/billDetail.do?billId=PRC_H1V9Q1K1N1I4H1H3W2Z8M3B8N1E8B4,https://likms.assembly.go.kr/bill/billDetail.do?billId=PRC_H1V9Q1K1N1I4H1H3W2Z8M3B8N1E8B4
20,2000197,경찰관 직무집행법 일부개정법률안에 관한 청원,정강자외 8인,김종훈의원,2019-11-12,2019-11-13,행정안전위원회,임기만료폐기,처리의안,https://likms.assembly.go.kr/bill/billDetail.do?billId=PRC_R1Q9Q1R1T1I2S1P4F2U8V5K1I3A2L2,https://likms.assembly.go.kr/bill/billDetail.do?billId=PRC_R1Q9Q1R1T1I2S1P4F2U8V5K1I3A2L2
20,2000196,경찰법 일부개정법률안에 관한 청원,정강자외 8인,김종훈의원,2019-11-12,2019-11-13,행정안전위원회,임기만료폐기,처리의안,https://likms.assembly.go.kr/bill/billDetail.do?billId=PRC_T1E9J1W1X1W2M1M4T2S6K4T9C2N3G3,https://likms.assembly.go.kr/bill/billDetail.do?billId=PRC_T1E9J1W1X1W2M1M4T2S6K4T9C2N3G3
20,2000195,"국회의원들의 막말, 장애인 비하발언 퇴출 요청에 관한 청원",김주현,추혜선의원,2019-10-25,2019-10-28,국회운영위원회,임기만료폐기,처리의안,https://likms.assembly.go.kr/bill/billDetail.do?billId=PRC_E1I9D1G0B2I8Y1R0A1V6B5F2Y6J5B3,https://likms.assembly.go.kr/bill/billDetail.do?billId=PRC_E1I9D1G0B2I8Y1R0A1V6B5F2Y6J5B3
20,2000194,노동조합 및 노동관계조정법 일부개정안에 관한 청원,"최준식외 27,101인",이정미의원,2019-09-23,2019-09-23,환경노동위원회,임기만료폐기,처리의안,https://likms.assembly.go.kr/bill/billDetail.do?billId=PRC_M1X9T0M9D2H3A1O3C4B8E0Q5Y7L9L6,https://likms.assembly.go.kr/bill/billDetail.do?billId=PRC_M1X9T0M9D2H3A1O3C4B8E0Q5Y7L9L6
20,2000193,관료주의로 조롱당한 법치주의 '임시허가 1호 사건' 조사에 관한 청원,(주)그린스케일 대표 설완석,김부겸의원외 2인,2019-09-17,2019-09-18,산업통상자원중소벤처기업위원회,임기만료폐기,처리의안,https://likms.assembly.go.kr/bill/billDetail.do?billId=PRC_D1Q9N0W9R1C7W1Z7E4F4B0T8T6J4H8,https://likms.assembly.go.kr/bill/billDetail.do?billId=PRC_D1Q9N0W9R1C7W1Z7E4F4B0T8T6J4H8
20,2000192,케이알앤씨의 손해배상채권 조정 등에 관한 청원,세무법인 조이 대표 신용주,유동수의원,2019-09-05,2019-09-05,정무위원회,임기만료폐기,처리의안,https://likms.assembly.go.kr/bill/billDetail.do?billId=PRC_D1Z9O0A9S0K5D1Y4K1F3Y4Y2A9R3A1,https://likms.assembly.go.kr/bill/billDetail.do?billId=PRC_D1Z9O0A9S0K5D1Y4K1F3Y4Y2A9R3A1
20,2000191,도로교통법 및 체육시설의 설치·이용에 관한 법률(이하 ＇체육시설법＇) 일부개정안 태호·유찬이법 개정 촉구에 관한 청원,"김장회외 1,873인",이정미의원,2019-07-23,2019-07-26,행정안전위원회,임기만료폐기,처리의안,https://likms.assembly.go.kr/bill/billDetail.do?billId=PRC_S1E9X0Z7H2G4C1T9J3Z1D1T5G7Q5H3,https://likms.assembly.go.kr/bill/billDetail.do?billId=PRC_S1E9X0Z7H2G4C1T9J3Z1D1T5G7Q5H3
20,2000190,국회 내 기자회견 등 주요 사안 수어통역 실시요청에 관한 청원,김주현외 29인,추혜선의원,2019-07-19,2019-07-22,국회운영위원회,임기만료폐기,처리의안,https://likms.assembly.go.kr/bill/billDetail.do?billId=PRC_P1I9X0M7I1I9K1Q1N3E6M2O6R8V9O5,https://likms.assembly.go.kr/bill/billDetail.do?billId=PRC_P1I9X0M7I1I9K1Q1N3E6M2O6R8V9O5
20,2000189,공무원연금법 제65조제1항제1호 개정에 관한 청원,전국식,최인호의원,2019-06-28,2019-07-01,행정안전위원회,임기만료폐기,처리의안,https://likms.assembly.go.kr/bill/billDetail.do?billId=PRC_Q1A9H0B7Q0Y1R1X0D2K3C2K7N6S0U1,https://likms.assembly.go.kr/bill/billDetail.do?billId=PRC_Q1A9H0B7Q0Y1R1X0D2K3C2K7N6S0U1
20,2000188,보험사의 위법으로 미지급한 암 입원 보험금 약관대로 지급 촉구에 관한 청원,김근아외 163명,전재수의원,2019-06-27,2019-07-01,정무위원회,임기만료폐기,처리의안,https://likms.assembly.go.kr/bill/billDetail.do?billId=PRC_O1Y9I0Z6L2P8H1B5M3S4M5Y3H0P9H7,https://likms.assembly.go.kr/bill/billDetail.do?billId=PRC_O1Y9I0Z6L2P8H1B5M3S4M5Y3H0P9H7
20,2000187,경매로 잃은 농지에 대한 보상에 관한 청원,박병원,어기구의원,2019-05-23,2019-06-04,농림축산식품해양수산위원회,임기만료폐기,처리의안,https://likms.assembly.go.kr/bill/billDetail.do?billId=PRC_K1K9N0S6P0C3Z1F7J1B0H5H2I9L6A8,https://likms.assembly.go.kr/bill/billDetail.do?billId=PRC_K1K9N0S6P0C3Z1F7J1B0H5H2I9L6A8
20,2000186,인천 제1국제여객터미널 매각 철회 및 연안여객터미널 이전 촉구에 관한 청원,"장정민외 10,403인",서삼석의원,2019-05-29,2019-05-29,농림축산식품해양수산위원회,임기만료폐기,처리의안,https://likms.assembly.go.kr/bill/billDetail.do?billId=PRC_N1L9X0V5L2W9D1S4X1V9Y0W1D1K5S1,https://likms.assembly.go.kr/bill/billDetail.do?billId=PRC_N1L9X0V5L2W9D1S4X1V9Y0W1D1K5S1
20,2000185,군 소음 관련법 제정에 관한 청원,정장선외 11인,김진표의원외 17인,2019-05-29,2019-05-29,국방위원회,본회의에 부의하지 아니하기로 의결,처리의안,https://likms.assembly.go.kr/bill/billDetail.do?billId=PRC_S1O9O0R5A2Y9V1D0R4F5A2L4C1X1Y7,https://likms.assembly.go.kr/bill/billDetail.do?billId=PRC_S1O9O0R5A2Y9V1D0R4F5A2L4C1X1Y7
20,2000184,공중위생관리법 시행규칙 일부개정 청원,정해하,윤상현의원,2019-05-23,2019-05-23,보건복지위원회,임기만료폐기,처리의안,https://likms.assembly.go.kr/bill/billDetail.do?billId=PRC_C1X9O0O5B2V3S1M4B4K4R1G2R4A6J3,https://likms.assembly.go.kr/bill/billDetail.do?billId=PRC_C1X9O0O5B2V3S1M4B4K4R1G2R4A6J3
20,2000183,채무자 회생 및 파산에 관한 법률 일부개정법률안에 관한 청원,김경율외 5인,박주민의원,2019-05-14,2019-05-15,법제사법위원회,본회의불부의,처리의안,https://likms.assembly.go.kr/bill/billDetail.do?billId=PRC_D1D9Q0W5P1W5K1Q0P3M6C3D7Z9Z6J5,https://likms.assembly.go.kr/bill/billDetail.do?billId=PRC_D1D9Q0W5P1W5K1Q0P3M6C3D7Z9Z6J5
20,2000182,제3기 신도시 개발사업 전면 백지화에 관한 청원,석철호외 57인,이현재의원,2019-04-23,2019-04-24,국토교통위원회,임기만료폐기,처리의안,https://likms.assembly.go.kr/bill/billDetail.do?billId=PRC_S1Y9F0H4B2D4G0C9H3J9V2S7X8Z4S5,https://likms.assembly.go.kr/bill/billDetail.do?billId=PRC_S1Y9F0H4B2D4G0C9H3J9V2S7X8Z4S5
20,2000181,국회에서의 증언·감정 등에 관한 법률 개정에 관한 청원,"김기태외 1,617인",박주민의원,2019-04-23,2019-04-23,국회운영위원회,임기만료폐기,처리의안,https://likms.assembly.go.kr/bill/billDetail.do?billId=PRC_B1J9B0V4Y2O3W1V3O4L7J5D1J1G5T6,https://likms.assembly.go.kr/bill/billDetail.do?billId=PRC_B1J9B0V4Y2O3W1V3O4L7J5D1J1G5T6
20,2000180,고위공직자범죄수사처 설치 촉구에 관한 청원,"이서윤외 12,047인",박주민의원,2019-04-04,2019-09-03,법제사법위원회,임기만료폐기,처리의안,https://likms.assembly.go.kr/bill/billDetail.do?billId=PRC_A1N9W0D4O0W4S1I4T4R8T4C3A9K7X9,https://likms.assembly.go.kr/bill/billDetail.do?billId=PRC_A1N9W0D4O0W4S1I4T4R8T4C3A9K7X9
20,2000179,사형 폐지 및 종신형 입법화를 위한 청원,"염수정외 105,178인",이상민의원외 4인,2019-03-28,2019-03-29,법제사법위원회,임기만료폐기,처리의안,https://likms.assembly.go.kr/bill/billDetail.do?billId=PRC_Q1S9Y0U3R2E8E1S4X5U7E5H0L7V2R3,https://likms.assembly.go.kr/bill/billDetail.do?billId=PRC_Q1S9Y0U3R2E8E1S4X5U7E5H0L7V2R3
20,2000178,부패방지 및 국민권익위원회의 설치와 운영에 관한 법률 일부개정안에 관한 청원,정강자외 3인,박주민의원,2019-03-19,2019-03-19,정무위원회,임기만료폐기,처리의안,https://likms.assembly.go.kr/bill/billDetail.do?billId=PRC_G1E9J0D3I1W9I1Q5R5J6B3C7A0F2J3,https://likms.assembly.go.kr/bill/billDetail.do?billId=PRC_G1E9J0D3I1W9I1Q5R5J6B3C7A0F2J3
20,2000177,공직자윤리법 일부개정안에 관한 청원,정강자외 3인,박주민의원,2019-03-19,2019-03-19,행정안전위원회,임기만료폐기,처리의안,https://likms.assembly.go.kr/bill/billDetail.do?billId=PRC_G1I9L0P3U1K9V1Z5R5C3B1H6D0U3I9,https://likms.assembly.go.kr/bill/billDetail.do?billId=PRC_G1I9L0P3U1K9V1Z5R5C3B1H6D0U3I9
20,2000176,간호조무사 종사 5인 미만 사업장 근로기준법 동등적용에 관한 청원,"홍옥녀외 74,627인",설훈의원,2019-03-14,2019-03-14,환경노동위원회,임기만료폐기,처리의안,https://likms.assembly.go.kr/bill/billDetail.do?billId=PRC_Y1K9Z0T3K1U4C1Q0T1H5M5Z3U7Q3M5,https://likms.assembly.go.kr/bill/billDetail.do?billId=PRC_Y1K9Z0T3K1U4C1Q0T1H5M5Z3U7Q3M5
20,2000175,하도급 중소협력업체 보호를 위한 입법 청원,주민국외 12인,추혜선의원,2019-02-26,2019-02-28,법제사법위원회,임기만료폐기,처리의안,https://likms.assembly.go.kr/bill/billDetail.do?billId=PRC_J1P9W0D2C2D8U1J4G1V9E3Q4B6A8B7,https://likms.assembly.go.kr/bill/billDetail.do?billId=PRC_J1P9W0D2C2D8U1J4G1V9E3Q4B6A8B7
20,2000174,간호조무사 보수교육 교육비 지원 및 유급휴가 지정에 관한 청원,"홍옥녀외 76,069인",윤소하의원,2019-02-25,2019-02-28,보건복지위원회,임기만료폐기,처리의안,https://likms.assembly.go.kr/bill/billDetail.do?billId=PRC_N1G9C0C2F2K8C1U4F1R4G1M8L8O4O4,https://likms.assembly.go.kr/bill/billDetail.do?billId=PRC_N1G9C0C2F2K8C1U4F1R4G1M8L8O4O4
20,2000173,개발제한구역 내 이행강제금 상한 폐지에 대한 경과규정 신설에 관한 청원,안근우외 8인,홍철호의원,2019-02-21,2019-02-25,국토교통위원회,임기만료폐기,처리의안,https://likms.assembly.go.kr/bill/billDetail.do?billId=PRC_A1X9V0U2K2R5N0E9D2F2X1S9F7A4K8,https://likms.assembly.go.kr/bill/billDetail.do?billId=PRC_A1X9V0U2K2R5N0E9D2F2X1S9F7A4K8
20,2000171,일제 강점하 민간재산 청구권 보상 입법에 관한 청원,장석봉,강석진의원,2019-02-13,2019-02-13,기획재정위원회,임기만료폐기,처리의안,https://likms.assembly.go.kr/bill/billDetail.do?billId=PRC_J1F9F0Q2X1B3M1X1Z2B8N1E2U8Q5Z1,https://likms.assembly.go.kr/bill/billDetail.do?billId=PRC_J1F9F0Q2X1B3M1X1Z2B8N1E2U8Q5Z1
20,2000170,평택대 관선이사회의 불법 시정 및 이사진 교체에 관한 청원,유종근외 2명,이찬열의원,2019-01-16,2019-01-17,교육위원회,임기만료폐기,처리의안,https://likms.assembly.go.kr/bill/billDetail.do?billId=PRC_L1M9R0J1C1G6N1Z7K0Z3N3X9C9H5M8,https://likms.assembly.go.kr/bill/billDetail.do?billId=PRC_L1M9R0J1C1G6N1Z7K0Z3N3X9C9H5M8
20,2000169,남북교류협력에 관한 법률 일부개정에 관한 청원,최완규,천정배의원,2018-12-14,2018-12-14,외교통일위원회,임기만료폐기,처리의안,https://likms.assembly.go.kr/bill/billDetail.do?billId=PRC_R1X8A1W2Q1C4O1O1O3B8L1G3Z8M9U7,https://likms.assembly.go.kr/bill/billDetail.do?billId=PRC_R1X8A1W2Q1C4O1O1O3B8L1G3Z8M9U7
20,2000168,교장자격증제 폐지와 교장선출보직제 도입을 위한 교육공무원법 등 교원관계법령 개정에 관한 청원,조창익,윤소하의원,2018-12-04,2018-12-04,교육위원회,본회의불부의,처리의안,https://likms.assembly.go.kr/bill/billDetail.do?billId=PRC_B1C8B1X2G0D4W1T3U2K2V3V9O6R0S7,https://likms.assembly.go.kr/bill/billDetail.do?billId=PRC_B1C8B1X2G0D4W1T3U2K2V3V9O6R0S7
20,2000167,종교인의 퇴직소득 과세기준일 신설에 관한 청원,서헌제외 4인,정성호의원,2018-11-27,2018-11-28,기획재정위원회,본회의불부의,처리의안,https://likms.assembly.go.kr/bill/billDetail.do?billId=PRC_V1S8T1A1C2K7S1L6R5G5M3O3Z0L6Z0,https://likms.assembly.go.kr/bill/billDetail.do?billId=PRC_V1S8T1A1C2K7S1L6R5G5M3O3Z0L6Z0
20,2000166,자동차관리법 일부개정법률안에 관한 청원,김필수,정동영의원,2018-11-26,2018-11-28,국토교통위원회,임기만료폐기,처리의안,https://likms.assembly.go.kr/bill/billDetail.do?billId=PRC_P1Z8Q1C1D2Z7V1P6M0K7D2E9E8W7K0,https://likms.assembly.go.kr/bill/billDetail.do?billId=PRC_P1Z8Q1C1D2Z7V1P6M0K7D2E9E8W7K0
20,2000165,자가용 출·퇴근 카풀 및 알선 금지에 관한 청원,김영식외 52인,이현재의원,2018-11-23,2018-11-26,국토교통위원회,임기만료폐기,처리의안,https://likms.assembly.go.kr/bill/billDetail.do?billId=PRC_C1Q8V1M1X2B3Z1N7G3L8U5C4Q5S5E5,https://likms.assembly.go.kr/bill/billDetail.do?billId=PRC_C1Q8V1M1X2B3Z1N7G3L8U5C4Q5S5E5
20,2000164,오산공군기지 명칭 정정에 관한 청원,정장선외 1인,원유철의원외 1인,2018-11-16,2018-11-16,국방위원회,임기만료폐기,처리의안,https://likms.assembly.go.kr/bill/billDetail.do?billId=PRC_V1N8E1U1I1D6G1O4Y3D7Y0X0N4V5D1,https://likms.assembly.go.kr/bill/billDetail.do?billId=PRC_V1N8E1U1I1D6G1O4Y3D7Y0X0N4V5D1
20,2000163,노인의 건강증진 및 과세형평성 제고를 위한 골프장 입장행위의 개별소비세법 개정에 관한 청원,"최문휴외 7,448인",나경원의원,2018-11-05,2018-11-06,기획재정위원회,임기만료폐기,처리의안,https://likms.assembly.go.kr/bill/billDetail.do?billId=PRC_J1U8T1P1S0R5Z1H7R0F7A3G9X9C5R6,https://likms.assembly.go.kr/bill/billDetail.do?billId=PRC_J1U8T1P1S0R5Z1H7R0F7A3G9X9C5R6
20,2000162,남북 화해 협력을 위한 백두산 호랑이 도입에 관한 청원,김영준외 1인,송영길의원,2018-11-05,2018-11-06,농림축산식품해양수산위원회,임기만료폐기,처리의안,https://likms.assembly.go.kr/bill/billDetail.do?billId=PRC_E1Q8O1H1V0N5P1K6D5C4A3F0T9C3K4,https://likms.assembly.go.kr/bill/billDetail.do?billId=PRC_E1Q8O1H1V0N5P1K6D5C4A3F0T9C3K4
20,2000161,참전명예수당 인상·전투수당 지급 및 병급규제 철폐에 관한 청원,"정진호외 9,874인",경대수의원,2018-11-01,2018-11-02,정무위원회,임기만료폐기,처리의안,https://likms.assembly.go.kr/bill/billDetail.do?billId=PRC_V1K8E1M1X0M2P1Q0S4D9E3I3F7J9Z6,https://likms.assembly.go.kr/bill/billDetail.do?billId=PRC_V1K8E1M1X0M2P1Q0S4D9E3I3F7J9Z6
20,2000160,창업보육 운영사무의 지방자치단체 이양 반대 청원,정의붕외 13인,조배숙의원,2018-10-25,2018-10-31,국회운영위원회,임기만료폐기,처리의안,https://likms.assembly.go.kr/bill/billDetail.do?billId=PRC_J1X8O1V0V2B5M1P7W1M1O5Y2M8F2J6,https://likms.assembly.go.kr/bill/billDetail.do?billId=PRC_J1X8O1V0V2B5M1P7W1M1O5Y2M8F2J6
20,2000159,동일임금의 날 제정에 관한 청원,김은경외 9인,신용현의원외 8인,2018-10-05,2018-10-05,환경노동위원회,임기만료폐기,처리의안,https://likms.assembly.go.kr/bill/billDetail.do?billId=PRC_B1P8Y1M0F0K5J1E3S2G1Q5A0J6Q1D1,https://likms.assembly.go.kr/bill/billDetail.do?billId=PRC_B1P8Y1M0F0K5J1E3S2G1Q5A0J6Q1D1
20,2000158,종합부동산세법 개정에 관한 청원,정강자외 7인,심상정의원,2018-10-02,2018-10-04,기획재정위원회,임기만료폐기,처리의안,https://likms.assembly.go.kr/bill/billDetail.do?billId=PRC_T1A8O1N0U0R4Q1F0Q0N4R0M5N3Y5M0,https://likms.assembly.go.kr/bill/billDetail.do?billId=PRC_T1A8O1N0U0R4Q1F0Q0N4R0M5N3Y5M0
20,2000157,공익신고자 보호법 일부개정안에 관한 청원,정강자,이학영의원,2018-08-28,2018-08-28,정무위원회,대안반영폐기,처리의안,https://likms.assembly.go.kr/bill/billDetail.do?billId=PRC_J1Y8D0H8I2O8V1J5S1O4D2K4Y9S1A5,https://likms.assembly.go.kr/bill/billDetail.do?billId=PRC_J1Y8D0H8I2O8V1J5S1O4D2K4Y9S1A5
20,2000156,부패방지 및 국민권익위원회의 설치와 운영에 관한 법률 일부개정안에 관한 청원,정강자,이학영의원,2018-08-28,2018-08-28,정무위원회,임기만료폐기,처리의안,https://likms.assembly.go.kr/bill/billDetail.do?billId=PRC_G1B8P0U8W2T8K1J4Z1H1R0U4P9B3O8,https://likms.assembly.go.kr/bill/billDetail.do?billId=PRC_G1B8P0U8W2T8K1J4Z1H1R0U4P9B3O8
20,2000155,군 휴가중 폭행사건에 관한 청원,함석인,윤일규의원,2018-08-10,2018-08-10,정무위원회,임기만료폐기,처리의안,https://likms.assembly.go.kr/bill/billDetail.do?billId=PRC_Y1I8B0K8W1E0G1R6A0Q3C5B7H6Y2F0,https://likms.assembly.go.kr/bill/billDetail.do?billId=PRC_Y1I8B0K8W1E0G1R6A0Q3C5B7H6Y2F0
20,2000154,수학·과학 2022 수능 과목구조 및 출제범위에 대한 과학기술계 의견에 관한 청원,하현준,오세정의원,2018-07-26,2018-08-01,교육위원회,본회의불부의,처리의안,https://likms.assembly.go.kr/bill/billDetail.do?billId=PRC_V1Q8F0W7Y2R6N1C5Y1H8F4Q4S7R1W6,https://likms.assembly.go.kr/bill/billDetail.do?billId=PRC_V1Q8F0W7Y2R6N1C5Y1H8F4Q4S7R1W6
20,2000153,육·해·공·해병대 축구단 부활에 관한 청원,전대열외 686인,김선동의원,2018-07-18,2018-07-18,국방위원회,임기만료폐기,처리의안,https://likms.assembly.go.kr/bill/billDetail.do?billId=PRC_D1I8V0C7B1J8O1W4E1C8L5M7Q6Z7Q3,https://likms.assembly.go.kr/bill/billDetail.do?billId=PRC_D1I8V0C7B1J8O1W4E1C8L5M7Q6Z7Q3
20,2000152,기판력 관련 재심가능 기간을 연장하는 법안 입안에 관한 청원,이현주,이언주의원,2018-06-18,2018-07-18,법제사법위원회,본회의불부의,처리의안,https://likms.assembly.go.kr/bill/billDetail.do?billId=PRC_C1S8G0L6O2B0X1H0Q3B3V0Q8S2C0E1,https://likms.assembly.go.kr/bill/billDetail.do?billId=PRC_C1S8G0L6O2B0X1H0Q3B3V0Q8S2C0E1
20,2000151,우리 기업의 해외사업 피해구제에 관한 청원,윤덕기외 8인,이태규의원,2018-06-15,2018-07-18,외교통일위원회,본회의불부의,처리의안,https://likms.assembly.go.kr/bill/billDetail.do?billId=PRC_R1W8K0I6A2J0D0Y9N5E0N0B8P5Q1D6,https://likms.assembly.go.kr/bill/billDetail.do?billId=PRC_R1W8K0I6A2J0D0Y9N5E0N0B8P5Q1D6
20,2000150,부부평등법 제정에 관한 청원,이인철,김관영의원,2018-05-21,2018-05-21,법제사법위원회,임기만료폐기,처리의안,https://likms.assembly.go.kr/bill/billDetail.do?billId=PRC_Y1L8C0X5Q2R1T1I1P2C1L4T5M9E7A4,https://likms.assembly.go.kr/bill/billDetail.do?billId=PRC_Y1L8C0X5Q2R1T1I1P2C1L4T5M9E7A4
20,2000149,한미상호방위조약에 관한 청원,고승우,김종훈의원,2018-05-18,2018-05-18,외교통일위원회,본회의불부의,처리의안,https://likms.assembly.go.kr/bill/billDetail.do?billId=PRC_T1A8N0A5A1V8L1G6K4N5C0J9M9T2O3,https://likms.assembly.go.kr/bill/billDetail.do?billId=PRC_T1A8N0A5A1V8L1G6K4N5C0J9M9T2O3
20,2000148,군 소음 관련법 제정에 관한 청원,정상균외 11인,원유철의원,2018-05-03,2018-05-04,국방위원회,본회의불부의,처리의안,https://likms.assembly.go.kr/bill/billDetail.do?billId=PRC_L1J8N0O5E0W3T1J6A3T9V2I1S1S0S4,https://likms.assembly.go.kr/bill/billDetail.do?billId=PRC_L1J8N0O5E0W3T1J6A3T9V2I1S1S0S4
20,2000147,고등교육법 일부개정에 관한 청원,최성규외 428인,나경원의원외 2인,2018-04-27,2018-04-30,교육위원회,임기만료폐기,처리의안,https://likms.assembly.go.kr/bill/billDetail.do?billId=PRC_S1Q8A0L4X3H0N1H1Q2P5Z0Z7N2V7E6,https://likms.assembly.go.kr/bill/billDetail.do?billId=PRC_S1Q8A0L4X3H0N1H1Q2P5Z0Z7N2V7E6
20,2000146,한국대학원대학교육협의회법 제정에 관한 청원,최성규외 507인,나경원의원외 2인,2018-04-27,2018-04-30,교육위원회,임기만료폐기,처리의안,https://likms.assembly.go.kr/bill/billDetail.do?billId=PRC_O1A8H0D4E3M0G1W1Y0G6U4A2X0N4Y1,https://likms.assembly.go.kr/bill/billDetail.do?billId=PRC_O1A8H0D4E3M0G1W1Y0G6U4A2X0N4Y1
20,2000145,해양경찰 속초 경비정 72정 선체 인양에 관한 청원,박광회,이철규의원,2018-04-25,2018-04-26,농림축산식품해양수산위원회,임기만료폐기,처리의안,https://likms.assembly.go.kr/bill/billDetail.do?billId=PRC_Y1N8J0N4W2G6Y0E9L3R1J5E7W7O0D0,https://likms.assembly.go.kr/bill/billDetail.do?billId=PRC_Y1N8J0N4W2G6Y0E9L3R1J5E7W7O0D0
20,2000144,헌법 개정에 관한 청원,이정자외 7인,심상정의원,2018-04-03,2018-08-03,여성가족위원회,임기만료폐기,처리의안,https://likms.assembly.go.kr/bill/billDetail.do?billId=PRC_U1G8Q0O4Y0K3R1V3I2P0U0H6U8K0D5,https://likms.assembly.go.kr/bill/billDetail.do?billId=PRC_U1G8Q0O4Y0K3R1V3I2P0U0H6U8K0D5
20,2000143,기초의학 의사국가시험 도입에 관한 청원,전용성외 568인,박인숙의원,2018-03-26,2018-03-27,보건복지위원회,임기만료폐기,처리의안,https://likms.assembly.go.kr/bill/billDetail.do?billId=PRC_Z1X8Z0U3P2G6U1A5W5O4I0V9L6B0R4,https://likms.assembly.go.kr/bill/billDetail.do?billId=PRC_Z1X8Z0U3P2G6U1A5W5O4I0V9L6B0R4
20,2000142,고등교육법 제19조의2(대학평의원회의 설치 등) 재개정에 관한 청원,"김상표외 7,020인",오세정의원,2018-03-22,2018-03-22,교육위원회,본회의불부의,처리의안,https://likms.assembly.go.kr/bill/billDetail.do?billId=PRC_T1C8M0W3S2A2O1J4L5J2O0J2R7N9E7,https://likms.assembly.go.kr/bill/billDetail.do?billId=PRC_T1C8M0W3S2A2O1J4L5J2O0J2R7N9E7
20,2000141,국민소환에 관한 법률안 통과 촉구 청원,"박재현외 2,000인",박주민의원,2018-03-19,2018-03-19,행정안전위원회,임기만료폐기,처리의안,https://likms.assembly.go.kr/bill/billDetail.do?billId=PRC_P1K8O0N3N1D9O1F5P5U4D5O3J5B3I7,https://likms.assembly.go.kr/bill/billDetail.do?billId=PRC_P1K8O0N3N1D9O1F5P5U4D5O3J5B3I7
20,2000140,평화롭게 살 권리와 국방·외교 정책의 민주적 통제를 위한 시민사회 개헌안에 관한 청원,하태훈,김종대의원,2018-03-15,2018-08-03,국회운영위원회,임기만료폐기,처리의안,https://likms.assembly.go.kr/bill/billDetail.do?billId=PRC_A1Z8Y0W3C1T5T1J3I4L4F3I2V7O8C9,https://likms.assembly.go.kr/bill/billDetail.do?billId=PRC_A1Z8Y0W3C1T5T1J3I4L4F3I2V7O8C9
20,2000139,실질적 성평등 실현과 여성대표성 확대를 위한 헌법 개정에 관한 청원,백미순외 10인,권미혁의원,2018-03-09,2018-08-03,여성가족위원회,임기만료폐기,처리의안,https://likms.assembly.go.kr/bill/billDetail.do?billId=PRC_B1M8R0Q3R0O9X1I5W4O2A2K5J9W9S5,https://likms.assembly.go.kr/bill/billDetail.do?billId=PRC_B1M8R0Q3R0O9X1I5W4O2A2K5J9W9S5
20,2000138,헌법 개정에 관한 청원,신필균외 10인,정춘숙의원,2018-03-09,2018-08-03,여성가족위원회,임기만료폐기,처리의안,https://likms.assembly.go.kr/bill/billDetail.do?billId=PRC_H1H8M0H3M0B9W1C5W1O9W1L5X2S1F2,https://likms.assembly.go.kr/bill/billDetail.do?billId=PRC_H1H8M0H3M0B9W1C5W1O9W1L5X2S1F2
20,2000137,헌법 개정에 관한 청원,이정자외 3인,심상정의원,2018-03-09,2018-08-03,여성가족위원회,임기만료폐기,처리의안,https://likms.assembly.go.kr/bill/billDetail.do?billId=PRC_A1I8F0Q3F0Y9Z1A4O2A7X1T0N2E7A8,https://likms.assembly.go.kr/bill/billDetail.do?billId=PRC_A1I8F0Q3F0Y9Z1A4O2A7X1T0N2E7A8
20,2000136,공무원보수규정 개정에 관한 입법 청원,강진운,이종배의원,2018-03-07,2018-03-08,행정안전위원회,임기만료폐기,처리의안,https://likms.assembly.go.kr/bill/billDetail.do?billId=PRC_K1W8S0O3G0Z8Q1F4O0M2J4P3Y3R3W7,https://likms.assembly.go.kr/bill/billDetail.do?billId=PRC_K1W8S0O3G0Z8Q1F4O0M2J4P3Y3R3W7
20,2000135,대한민국헌법 개정(안) 참여연대 청원,정강자,김상희의원,2018-02-27,2018-08-03,국회운영위원회,임기만료폐기,처리의안,https://likms.assembly.go.kr/bill/billDetail.do?billId=PRC_Q1H8B0U2C2Y7E1R0D5B1W4V3C6E7K0,https://likms.assembly.go.kr/bill/billDetail.do?billId=PRC_Q1H8B0U2C2Y7E1R0D5B1W4V3C6E7K0
20,2000134,국민주권 강화와 정치개혁을 위한 시민사회 개헌안에 관한 청원,윤순철외 1인,심상정의원,2018-02-26,2018-08-03,국회운영위원회,임기만료폐기,처리의안,https://likms.assembly.go.kr/bill/billDetail.do?billId=PRC_V1L8Z0A2Y2P7Y1M0U4X9P2J6Q0T7R9,https://likms.assembly.go.kr/bill/billDetail.do?billId=PRC_V1L8Z0A2Y2P7Y1M0U4X9P2J6Q0T7R9
20,2000132,헌법개정에 관한 청원,김호철,박주민의원,2018-02-22,2018-08-03,국회운영위원회,임기만료폐기,처리의안,https://likms.assembly.go.kr/bill/billDetail.do?billId=PRC_P1A8R0K2F2J2I1U6E1E2J2J2Q8Y2A3,https://likms.assembly.go.kr/bill/billDetail.do?billId=PRC_P1A8R0K2F2J2I1U6E1E2J2J2Q8Y2A3
20,2000131,경기지방 조달청 조기 신설에 관한 청원,심옥주 외783인,박광온의원,2018-02-21,2018-02-22,기획재정위원회,임기만료폐기,처리의안,https://likms.assembly.go.kr/bill/billDetail.do?billId=PRC_M1O8O0Q2O2V2X1N0A5E2U0P0M6U4B6,https://likms.assembly.go.kr/bill/billDetail.do?billId=PRC_M1O8O0Q2O2V2X1N0A5E2U0P0M6U4B6
20,2000130,경제에 종속되어 있는 과학기술 조항 개정을 위한 대한민국헌법 일부개정에 관한 청원,윤태웅,오세정의원,2018-02-06,2018-08-03,과학기술정보방송통신위원회,본회의불부의,처리의안,https://likms.assembly.go.kr/bill/billDetail.do?billId=PRC_F1B8O0F2R0T7F1P1B0W3X5P8R9Z0E6,https://likms.assembly.go.kr/bill/billDetail.do?billId=PRC_F1B8O0F2R0T7F1P1B0W3X5P8R9Z0E6
20,2000129,선감학원 아동 국가폭력 진상규명과 피해자 명예회복을 위한 입법에 관한 청원,김영배외 35인,진선미의원,2018-02-05,2018-02-06,행정안전위원회,임기만료폐기,처리의안,https://likms.assembly.go.kr/bill/billDetail.do?billId=PRC_T1R8X0O2L0S5Z1K6K1J5X4A5M0O6A8,https://likms.assembly.go.kr/bill/billDetail.do?billId=PRC_T1R8X0O2L0S5Z1K6K1J5X4A5M0O6A8
20,2000128,헌법 개정에 대한 의견에 관한 청원,김전승외 1인,노회찬의원 외 1인,2018-01-24,2018-08-03,국회운영위원회,임기만료폐기,처리의안,https://likms.assembly.go.kr/bill/billDetail.do?billId=PRC_K1P8X0G1G2B4Y1M6C1N5O1G4C1P9H8,https://likms.assembly.go.kr/bill/billDetail.do?billId=PRC_K1P8X0G1G2B4Y1M6C1N5O1G4C1P9H8
20,2000127,수두 2회 접종 NIP 채택 요구에 관한 청원,"박양동외 10,679인",김광수의원 외 2인,2018-01-22,2018-01-24,보건복지위원회,임기만료폐기,처리의안,https://likms.assembly.go.kr/bill/billDetail.do?billId=PRC_R1V8E0U1R2H4X1I6Z0C3A1L9X2R4W0,https://likms.assembly.go.kr/bill/billDetail.do?billId=PRC_R1V8E0U1R2H4X1I6Z0C3A1L9X2R4W0
20,2000126,소아청소년과 병원 일반병상 의무확보 비율 수정에 관한 청원,"박양동외 10,908인",김광수의원 외 2인,2018-01-22,2018-01-24,보건복지위원회,임기만료폐기,처리의안,https://likms.assembly.go.kr/bill/billDetail.do?billId=PRC_X1F8K0C1O2A4D1L5T4S2A1L8I7H1C5,https://likms.assembly.go.kr/bill/billDetail.do?billId=PRC_X1F8K0C1O2A4D1L5T4S2A1L8I7H1C5
20,2000125,경피용 BCG의 정식 NIP 채택 요구에 관한 청원,"박양동외 11,240인",김광수의원 외 2인,2018-01-22,2018-01-24,보건복지위원회,임기만료폐기,처리의안,https://likms.assembly.go.kr/bill/billDetail.do?billId=PRC_N1W8Z0D1O2K4D1P5J2Y5O4N4N8K5F8,https://likms.assembly.go.kr/bill/billDetail.do?billId=PRC_N1W8Z0D1O2K4D1P5J2Y5O4N4N8K5F8
20,2000124,문화재 천연기념물 제53호 국견 진돗개 네눈박이 순혈보존과 독일셰퍼드를 능가하는 수출이익 창출을 위한 국가차원의 연구지원에 관한 청원,박민서,임종성의원,2017-12-22,2017-12-26,문화체육관광위원회,임기만료폐기,처리의안,https://likms.assembly.go.kr/bill/billDetail.do?billId=PRC_D1T7G1K2K2K7W0N9C2M3Z3M6O6C5M6,https://likms.assembly.go.kr/bill/billDetail.do?billId=PRC_D1T7G1K2K2K7W0N9C2M3Z3M6O6C5M6
20,2000123,인천지방국세청 신설에 관한 청원,이학재,이학재의원,2017-12-22,2017-12-26,기획재정위원회,임기만료폐기,처리의안,https://likms.assembly.go.kr/bill/billDetail.do?billId=PRC_Z1N7G1B2E2V2B1T3N5Y6W5J2Y7Z0L6,https://likms.assembly.go.kr/bill/billDetail.do?billId=PRC_Z1N7G1B2E2V2B1T3N5Y6W5J2Y7Z0L6
20,2000122,동학농민혁명 정신 헌법전문 포함에 관한 청원,"김영진외 10,592인",유성엽의원,2017-12-08,2018-08-03,문화체육관광위원회,임기만료폐기,처리의안,https://likms.assembly.go.kr/bill/billDetail.do?billId=PRC_Q1U7F1O2F0D8V1W6E1G8R4W2B2F9Z8,https://likms.assembly.go.kr/bill/billDetail.do?billId=PRC_Q1U7F1O2F0D8V1W6E1G8R4W2B2F9Z8
20,2000121,미국 텍사스주 달라스 출장소의 총영사관 승격 요청에 관한 청원,"유석찬외 15,724인",심재권의원,2017-12-01,2017-12-04,외교통일위원회,임기만료폐기,처리의안,https://likms.assembly.go.kr/bill/billDetail.do?billId=PRC_Z1M7O1O2D0B4A1S4G0Y2O3M0B0P5Y9,https://likms.assembly.go.kr/bill/billDetail.do?billId=PRC_Z1M7O1O2D0B4A1S4G0Y2O3M0B0P5Y9
20,2000120,국민방위군 희생자 위령탑 건립에 관한 청원,"심재갑외 4,500인",정유섭의원,2017-11-30,2017-12-07,행정안전위원회,임기만료폐기,처리의안,https://likms.assembly.go.kr/bill/billDetail.do?billId=PRC_Y1O7P1T2C0A1V1W4T0X5A4E0L7N7Y9,https://likms.assembly.go.kr/bill/billDetail.do?billId=PRC_Y1O7P1T2C0A1V1W4T0X5A4E0L7N7Y9
20,2000119,헌법 개정에 관한 청원,남윤재,조배숙의원,2017-11-29,2018-08-03,국회운영위원회,임기만료폐기,처리의안,https://likms.assembly.go.kr/bill/billDetail.do?billId=PRC_Z1J7T1T1I3H0T0G9Z5G2P5Z8I7B8Z0,https://likms.assembly.go.kr/bill/billDetail.do?billId=PRC_Z1J7T1T1I3H0T0G9Z5G2P5Z8I7B8Z0
20,2000118,16세 선거권 및 피선거권을 위한 공직선거법 등 개정에 관한 청원,곽노현외 2인,추혜선의원,2017-11-22,2019-09-03,행정안전위원회,임기만료폐기,처리의안,https://likms.assembly.go.kr/bill/billDetail.do?billId=PRC_U1J7Y1A1G2H3M1V4O5J5I3L6X9S1T9,https://likms.assembly.go.kr/bill/billDetail.do?billId=PRC_U1J7Y1A1G2H3M1V4O5J5I3L6X9S1T9
20,2000117,사회적 참사의 진상규명 및 안전사회 건설 등을 위한 특별법안 통과 촉구에 관한 청원,"전인숙외 95,875인",박주민의원,2017-11-21,2017-11-21,환경노동위원회,본회의불부의,처리의안,https://likms.assembly.go.kr/bill/billDetail.do?billId=PRC_X1F7C1E1T2N1W1R8X1Z1A5J9F3X0E0,https://likms.assembly.go.kr/bill/billDetail.do?billId=PRC_X1F7C1E1T2N1W1R8X1Z1A5J9F3X0E0
20,2000116,간호간병통합서비스 확대에 따른 간호조무사 활용 증대 제도 마련에 관한 청원,"홍옥녀외 14,010인",김순례의원,2017-11-21,2017-11-21,보건복지위원회,임기만료폐기,처리의안,https://likms.assembly.go.kr/bill/billDetail.do?billId=PRC_V1W7E1A1Z2C1R1F8Z0V5X3T5E8S4J9,https://likms.assembly.go.kr/bill/billDetail.do?billId=PRC_V1W7E1A1Z2C1R1F8Z0V5X3T5E8S4J9
20,2000115,해운법 일부개정에 관한 청원,이용섭외 54인,안상수의원,2017-11-20,2017-11-20,농림축산식품해양수산위원회,임기만료폐기,처리의안,https://likms.assembly.go.kr/bill/billDetail.do?billId=PRC_A1P7T1W1B2Y0Y1J3P1L5X2J1T3C0W3,https://likms.assembly.go.kr/bill/billDetail.do?billId=PRC_A1P7T1W1B2Y0Y1J3P1L5X2J1T3C0W3
20,2000114,상가건물 임대차보호법 일부개정에 관한 청원,윤순철,백혜련의원,2017-11-16,2017-11-20,법제사법위원회,본회의에 부의하지 아니하기로 의결,처리의안,https://likms.assembly.go.kr/bill/billDetail.do?billId=PRC_H1C7X1E1B2A0I1X1U2E5B4N6E5T4M2,https://likms.assembly.go.kr/bill/billDetail.do?billId=PRC_H1C7X1E1B2A0I1X1U2E5B4N6E5T4M2
20,2000113,대정부질문 속기록 복원에 관한 청원,김옥선,설훈의원,2017-11-16,2017-11-16,국회운영위원회,임기만료폐기,처리의안,https://likms.assembly.go.kr/bill/billDetail.do?billId=PRC_I1K7S1A1D1B6P1J4D4K4D0V8Q2B4B3,https://likms.assembly.go.kr/bill/billDetail.do?billId=PRC_I1K7S1A1D1B6P1J4D4K4D0V8Q2B4B3
20,2000112,4.19혁명 공로자 보상금 체계 적용 개선에 관한 청원,이기후외 19인,박주선의원,2017-11-09,2017-11-10,정무위원회,본회의불부의,처리의안,https://likms.assembly.go.kr/bill/billDetail.do?billId=PRC_E1I7T1H1U0L9D1Z9T0K6F5X4N9Y9S8,https://likms.assembly.go.kr/bill/billDetail.do?billId=PRC_E1I7T1H1U0L9D1Z9T0K6F5X4N9Y9S8
20,2000111,재건축초과이익 환수제에 관한 청원,"안형태외 12,013인",이은재의원,2017-10-26,2017-10-26,국토교통위원회,임기만료폐기,처리의안,https://likms.assembly.go.kr/bill/billDetail.do?billId=PRC_W1J7L1Q0V2F6J1N1Z3A0H1D4C8D0H8,https://likms.assembly.go.kr/bill/billDetail.do?billId=PRC_W1J7L1Q0V2F6J1N1Z3A0H1D4C8D0H8
20,2000110,공직선거법 등 정치관계법 개정에 관한 청원,권수현외 3인,남인순의원외 2인,2017-10-17,2019-09-03,행정안전위원회,임기만료폐기,처리의안,https://likms.assembly.go.kr/bill/billDetail.do?billId=PRC_F1Q7W1P0N1A7I1H7F2P0K0C1S7C5S8,https://likms.assembly.go.kr/bill/billDetail.do?billId=PRC_F1Q7W1P0N1A7I1H7F2P0K0C1S7C5S8
20,2000109,정치자금법 개정에 관한 청원,박근용외 3인,정춘숙의원,2017-09-27,2019-09-03,행정안전위원회,임기만료폐기,처리의안,https://likms.assembly.go.kr/bill/billDetail.do?billId=PRC_V1N7M0K9W2P7T1O8Y5C9B5O4E3Y8T6,https://likms.assembly.go.kr/bill/billDetail.do?billId=PRC_V1N7M0K9W2P7T1O8Y5C9B5O4E3Y8T6
20,2000108,정당법 개정에 관한 청원,박근용외 3인,정춘숙의원,2017-09-27,2019-09-03,행정안전위원회,임기만료폐기,처리의안,https://likms.assembly.go.kr/bill/billDetail.do?billId=PRC_V1Y7L0V9N2C7M1J8H5Y7H1F6N4C5N8,https://likms.assembly.go.kr/bill/billDetail.do?billId=PRC_V1Y7L0V9N2C7M1J8H5Y7H1F6N4C5N8
20,2000107,공직선거법 개정에 관한 청원,박근용외 3인,정춘숙의원,2017-09-27,2019-09-03,행정안전위원회,임기만료폐기,처리의안,https://likms.assembly.go.kr/bill/billDetail.do?billId=PRC_C1E7F0J9Z2G7A1G7J3W4M1D7S4P5X6,https://likms.assembly.go.kr/bill/billDetail.do?billId=PRC_C1E7F0J9Z2G7A1G7J3W4M1D7S4P5X6
20,2000106,공직선거법 등 정치관계법 개정에 관한 청원,문창기외 13인,이상민의원외 2인,2017-09-26,2019-09-03,행정안전위원회,임기만료폐기,처리의안,https://likms.assembly.go.kr/bill/billDetail.do?billId=PRC_L1D7Z0M9G2N6S1A7S2G1A3N4Z2E9T0,https://likms.assembly.go.kr/bill/billDetail.do?billId=PRC_L1D7Z0M9G2N6S1A7S2G1A3N4Z2E9T0
20,2000105,공직선거법 등 정치관계법 개정에 관한 청원,김주영외 3인,김경협의원,2017-09-26,2019-09-03,행정안전위원회,임기만료폐기,처리의안,https://likms.assembly.go.kr/bill/billDetail.do?billId=PRC_T1N7Q0Q9W2R6J1X6Y2G3N4N8I9A2X6,https://likms.assembly.go.kr/bill/billDetail.do?billId=PRC_T1N7Q0Q9W2R6J1X6Y2G3N4N8I9A2X6
20,2000104,공직선거법 등 정치관계법 개정에 관한 청원,조유묵외 3인,노회찬의원,2017-09-26,2019-09-03,행정안전위원회,임기만료폐기,처리의안,https://likms.assembly.go.kr/bill/billDetail.do?billId=PRC_G1C7O0J9B2C6V1V6L2N1W5B4J7R1O5,https://likms.assembly.go.kr/bill/billDetail.do?billId=PRC_G1C7O0J9B2C6V1V6L2N1W5B4J7R1O5
20,2000103,공직선거법 등 정치관계법 개정에 관한 청원,고호석외 7인,천정배의원,2017-09-25,2019-09-03,행정안전위원회,임기만료폐기,처리의안,https://likms.assembly.go.kr/bill/billDetail.do?billId=PRC_J1A7Z0T9D2J5H2Q0E1S3D2X3H3Q0A3,https://likms.assembly.go.kr/bill/billDetail.do?billId=PRC_J1A7Z0T9D2J5H2Q0E1S3D2X3H3Q0A3
20,2000102,국민소환에 관한 법률 제정에 관한 청원,"김현수외 2,315인",박주민의원,2017-09-25,2017-09-26,행정안전위원회,임기만료폐기,처리의안,https://likms.assembly.go.kr/bill/billDetail.do?billId=PRC_C1N7I0H9Z2N5J1N9L5A6E1A3R0Z4L7,https://likms.assembly.go.kr/bill/billDetail.do?billId=PRC_C1N7I0H9Z2N5J1N9L5A6E1A3R0Z4L7
20,2000101,공직선거법 등 정치관계법 개정에 관한 청원,안동섭,김종훈의원,2017-09-25,2019-09-03,행정안전위원회,임기만료폐기,처리의안,https://likms.assembly.go.kr/bill/billDetail.do?billId=PRC_A1B7X0Q9L2M5L1S6O2D7Q0O4B1O8R6,https://likms.assembly.go.kr/bill/billDetail.do?billId=PRC_A1B7X0Q9L2M5L1S6O2D7Q0O4B1O8R6
20,2000095,지방선거제도 개혁에 관한 청원,김낙경외 16인,천정배의원,2017-09-20,2019-09-03,행정안전위원회,임기만료폐기,처리의안,https://likms.assembly.go.kr/bill/billDetail.do?billId=PRC_U1V7N0S9C2J0K1K5L0A6G3M2J1W3S3,https://likms.assembly.go.kr/bill/billDetail.do?billId=PRC_U1V7N0S9C2J0K1K5L0A6G3M2J1W3S3
20,2000094,공직선거법 등 정치관계법 개정에 관한 청원,이성윤 외 7인,추혜선의원,2017-09-19,2019-09-03,행정안전위원회,임기만료폐기,처리의안,https://likms.assembly.go.kr/bill/billDetail.do?billId=PRC_Z1G7I0I9V1C9T1P6F5D1X5A3A7G8B4,https://likms.assembly.go.kr/bill/billDetail.do?billId=PRC_Z1G7I0I9V1C9T1P6F5D1X5A3A7G8B4
20,2000093,생리대안정성조사와 건강영향조사를 위한 청원,박인숙외 592인,이정미의원,2017-09-15,2017-09-18,환경노동위원회,본회의불부의,처리의안,https://likms.assembly.go.kr/bill/billDetail.do?billId=PRC_S1T7J0S9T1F8L1I3T1X2M4F2L4W5X2,https://likms.assembly.go.kr/bill/billDetail.do?billId=PRC_S1T7J0S9T1F8L1I3T1X2M4F2L4W5X2
20,2000092,근로기준법 일부개정(제59조 근로시간 및 휴게시간 특례의 폐기)에 관한 청원,조상수,이용득의원,2017-09-13,2017-09-14,환경노동위원회,임기만료폐기,처리의안,https://likms.assembly.go.kr/bill/billDetail.do?billId=PRC_I1U7H0E9G1O4T1U1C0H7B2P7Y3D4A1,https://likms.assembly.go.kr/bill/billDetail.do?billId=PRC_I1U7H0E9G1O4T1U1C0H7B2P7Y3D4A1
20,2000091,공직선거법 등 정치관계법 개정에 관한 청원,이충재,심상정의원,2017-09-13,2019-09-03,행정안전위원회,임기만료폐기,처리의안,https://likms.assembly.go.kr/bill/billDetail.do?billId=PRC_V1M7M0I9K1K4K1T0R1V0J5N4K9Y1Y7,https://likms.assembly.go.kr/bill/billDetail.do?billId=PRC_V1M7M0I9K1K4K1T0R1V0J5N4K9Y1Y7
20,2000090,공직선거법 등 정치관계법 개정에 관한 청원,정강자 외 2인,천정배의원,2017-09-13,2019-09-03,행정안전위원회,임기만료폐기,처리의안,https://likms.assembly.go.kr/bill/billDetail.do?billId=PRC_R1P7Q0F9A1I3F2O0D3N8J3G9I3X5B5,https://likms.assembly.go.kr/bill/billDetail.do?billId=PRC_R1P7Q0F9A1I3F2O0D3N8J3G9I3X5B5
20,2000089,고위공직자비리수사처 설치 및 운영에 관한 법률에 관한 청원,하태훈,박주민의원,2017-09-13,2019-09-03,법제사법위원회,임기만료폐기,처리의안,https://likms.assembly.go.kr/bill/billDetail.do?billId=PRC_M1H7B0M9X1Q3P1Z7S1W6M0H3J0W7D3,https://likms.assembly.go.kr/bill/billDetail.do?billId=PRC_M1H7B0M9X1Q3P1Z7S1W6M0H3J0W7D3
20,2000088,근로복지공단 부조리에 관한 청원,이말순,주광덕의원,2017-09-05,2017-09-06,환경노동위원회,임기만료폐기,처리의안,https://likms.assembly.go.kr/bill/billDetail.do?billId=PRC_M1D7Q0X9D0H5H1P5V3Q7N4F2Z9V5R9,https://likms.assembly.go.kr/bill/billDetail.do?billId=PRC_M1D7Q0X9D0H5H1P5V3Q7N4F2Z9V5R9
20,2000087,국회 본청 일본 수종 변경에 관한 청원,구진영외 5인,한정애의원,2017-08-14,2017-08-16,국회운영위원회,임기만료폐기,처리의안,https://likms.assembly.go.kr/bill/billDetail.do?billId=PRC_X1C7Q0X8J1I6L1M1M3B7H1V9D6S0K1,https://likms.assembly.go.kr/bill/billDetail.do?billId=PRC_X1C7Q0X8J1I6L1M1M3B7H1V9D6S0K1
20,2000086,학력인정 평생교육시설 고등학교에 대한 학습비 전액지원에 관한 청원,서용원,신동근의원,2017-08-09,2017-08-09,교육위원회,임기만료폐기,처리의안,https://likms.assembly.go.kr/bill/billDetail.do?billId=PRC_M1E7A0W8M0X9P1Y1U4Y3P2D7I1T5U2,https://likms.assembly.go.kr/bill/billDetail.do?billId=PRC_M1E7A0W8M0X9P1Y1U4Y3P2D7I1T5U2
20,2000085,헌법재판소에 의견서 송부에 관한 청원,유지희,지상욱의원,2017-07-17,2017-07-21,법제사법위원회,본회의불부의,처리의안,https://likms.assembly.go.kr/bill/billDetail.do?billId=PRC_H1V7S0S7B2I4S1J0M5S7Q3I5A4A3P8,https://likms.assembly.go.kr/bill/billDetail.do?billId=PRC_H1V7S0S7B2I4S1J0M5S7Q3I5A4A3P8
20,2000084,법관 블랙리스트 진상규명을 위한 국정조사에 관한 청원,"김창호외 7,133인",박주민의원,2017-07-07,2017-07-10,법제사법위원회,임기만료폐기,처리의안,https://likms.assembly.go.kr/bill/billDetail.do?billId=PRC_C1V7A0S7W0P7T1R0J4R3M4K2A3Y9B2,https://likms.assembly.go.kr/bill/billDetail.do?billId=PRC_C1V7A0S7W0P7T1R0J4R3M4K2A3Y9B2
20,2000083,집회 및 시위에 관한 법률과 경찰관 직무집행법 개정에 관한 청원,"정현찬외 3,935인",박주민의원외 1인,2017-06-27,2017-06-27,행정안전위원회,임기만료폐기,처리의안,https://likms.assembly.go.kr/bill/billDetail.do?billId=PRC_S1S7O0O6R2W7Q1Z1D3T1C1B8E7Y3J0,https://likms.assembly.go.kr/bill/billDetail.do?billId=PRC_S1S7O0O6R2W7Q1Z1D3T1C1B8E7Y3J0
20,2000082,직업교육훈련 촉진법 개정에 관한 청원,장강 외 7인,주광덕의원,2017-06-23,2017-06-26,교육위원회,임기만료폐기,처리의안,https://likms.assembly.go.kr/bill/billDetail.do?billId=PRC_S1I7G0T6G2D3Q1I0L1A1C3M7A8X6K7,https://likms.assembly.go.kr/bill/billDetail.do?billId=PRC_S1I7G0T6G2D3Q1I0L1A1C3M7A8X6K7
20,2000081,한·일 일본군위안부 합의 폐기 및 재협상에 관한 청원,김준성외 53인,소병훈의원외 1인,2017-06-13,2017-06-14,외교통일위원회,본회의불부의,처리의안,https://likms.assembly.go.kr/bill/billDetail.do?billId=PRC_T1Y7Z0O6T1J3W1X7Q0E8T0K2J2N3Q0,https://likms.assembly.go.kr/bill/billDetail.do?billId=PRC_T1Y7Z0O6T1J3W1X7Q0E8T0K2J2N3Q0
20,2000080,정신보건법 폐지와 정신장애인의 사회통합과 차별금지를 위한 법률(가칭) 제정에 관한 청원,권오용외 394인,권미혁의원,2017-05-30,2017-05-31,보건복지위원회,임기만료폐기,처리의안,https://likms.assembly.go.kr/bill/billDetail.do?billId=PRC_Z1K7J0M5F3O0K1T0G1B6Q4U7F3K9P7,https://likms.assembly.go.kr/bill/billDetail.do?billId=PRC_Z1K7J0M5F3O0K1T0G1B6Q4U7F3K9P7
20,2000079,고준위 방사성폐기물 관리시설 부지선정절차 및 유치지역지원에 관한 법률 및 관련 법률안 입법 촉구에 관한 청원,김헌규,김석기의원,2017-05-22,2017-05-22,산업통상자원중소벤처기업위원회,임기만료폐기,처리의안,https://likms.assembly.go.kr/bill/billDetail.do?billId=PRC_P1I7O0L5T2O2Z1H3P4I5H4G4Y4G7Z6,https://likms.assembly.go.kr/bill/billDetail.do?billId=PRC_P1I7O0L5T2O2Z1H3P4I5H4G4Y4G7Z6
20,2000078,기초연금법  제3조 수급권자의 범위 개정에 관한 청원,최강하,박덕흠의원,2017-05-01,2017-05-01,보건복지위원회,임기만료폐기,처리의안,https://likms.assembly.go.kr/bill/billDetail.do?billId=PRC_H1K7L0G5O0T1B1S4C1B8X4E7L8A1T6,https://likms.assembly.go.kr/bill/billDetail.do?billId=PRC_H1K7L0G5O0T1B1S4C1B8X4E7L8A1T6
20,2000077,익산 장점마을 집단 암 발병 역학조사에 관한 청원,최재철외 507인,이춘석의원,2017-04-20,2017-04-20,환경노동위원회,본회의불부의,처리의안,https://likms.assembly.go.kr/bill/billDetail.do?billId=PRC_F1W7H0F4Z2O0S1N0C1L1H1X6H6J3O1,https://likms.assembly.go.kr/bill/billDetail.do?billId=PRC_F1W7H0F4Z2O0S1N0C1L1H1X6H6J3O1
20,2000076,초중등교육법 교감 자격기준 개정에 관한 청원,조은주외 695인,유성엽의원외 2인,2017-04-05,2017-04-05,교육문화체육관광위원회,본회의불부의,처리의안,https://likms.assembly.go.kr/bill/billDetail.do?billId=PRC_V1X7P0T4W0I5U1V3D1W6U0U7B0P0B9,https://likms.assembly.go.kr/bill/billDetail.do?billId=PRC_V1X7P0T4W0I5U1V3D1W6U0U7B0P0B9
20,2000075,유통산업발전법 일부개정법률안 입법개정에 관한 청원,김명수,유동수의원외 1인,2017-03-30,2017-03-31,산업통상자원중소벤처기업위원회,임기만료폐기,처리의안,https://likms.assembly.go.kr/bill/billDetail.do?billId=PRC_C1O7R0M3Y3Y0M1R1Q2F8H2P8I5Q7Q8,https://likms.assembly.go.kr/bill/billDetail.do?billId=PRC_C1O7R0M3Y3Y0M1R1Q2F8H2P8I5Q7Q8
20,2000074,미세먼지 이슈화에 따른 석탄화력발전소 환경오염방지업무의 용역근로자 및 시설운영 개선에 관한 청원,"최성균외 2,555인",윤소하의원,2017-03-22,2017-03-23,산업통상자원중소벤처기업위원회,임기만료폐기,처리의안,https://likms.assembly.go.kr/bill/billDetail.do?billId=PRC_W1P7N0P3B2H2E1L4S1E9I4Z6Z2U3S6,https://likms.assembly.go.kr/bill/billDetail.do?billId=PRC_W1P7N0P3B2H2E1L4S1E9I4Z6Z2U3S6
20,2000073,학교우유급식 최저가 입찰제 개선을 위한 낙농진흥법 개정에 관한 청원,"이승호외 9,740인",홍문표의원외 5인,2017-03-20,2017-03-20,농림축산식품해양수산위원회,임기만료폐기,처리의안,https://likms.assembly.go.kr/bill/billDetail.do?billId=PRC_L1B7Z0P3W2R0S0B9N1R4D3M1V0V6J2,https://likms.assembly.go.kr/bill/billDetail.do?billId=PRC_L1B7Z0P3W2R0S0B9N1R4D3M1V0V6J2
20,2000072,주택법 일부개정에 관한 청원,윤순철,심상정의원,2017-03-16,2017-03-16,국토교통위원회,임기만료폐기,처리의안,https://likms.assembly.go.kr/bill/billDetail.do?billId=PRC_I1S7G0Y3Q1Z6N0K9A2E2Q1G3R0A0B8,https://likms.assembly.go.kr/bill/billDetail.do?billId=PRC_I1S7G0Y3Q1Z6N0K9A2E2Q1G3R0A0B8
20,2000071,주택법 일부개정에 관한 청원,윤순철,정동영의원,2017-03-13,2017-03-13,국토교통위원회,임기만료폐기,처리의안,https://likms.assembly.go.kr/bill/billDetail.do?billId=PRC_P1K7B0K3M1U3R0N9Q0N8X5Y6H5G4R4,https://likms.assembly.go.kr/bill/billDetail.do?billId=PRC_P1K7B0K3M1U3R0N9Q0N8X5Y6H5G4R4
20,2000070,"초고압 송전선로(765kV, 345kV) 경과지 주민재산 및 건강피해 실태조사에 관한 청원","안병수외 2,023인",우원식의원외 10인,2017-03-09,2017-03-09,산업통상자원중소벤처기업위원회,임기만료폐기,처리의안,https://likms.assembly.go.kr/bill/billDetail.do?billId=PRC_W1D7R0D3U0O9N0K9I1M5C2O5B3R6O0,https://likms.assembly.go.kr/bill/billDetail.do?billId=PRC_W1D7R0D3U0O9N0K9I1M5C2O5B3R6O0
20,2000069,등록기간 경과 REC 등록에 관한 청원,정금희,손금주의원,2017-03-06,2017-03-06,산업통상자원중소벤처기업위원회,임기만료폐기,처리의안,https://likms.assembly.go.kr/bill/billDetail.do?billId=PRC_U1F7A0S3W0Z6L1G5A5J9G5X3F2Q3L2,https://likms.assembly.go.kr/bill/billDetail.do?billId=PRC_U1F7A0S3W0Z6L1G5A5J9G5X3F2Q3L2
20,2000068,박근혜 정부의 최순실 등 민간인에 의한 국정농단 의혹사건 규명을 위한 특별검사 임기연장 촉구 서명에 관한 청원,정강자,박주민의원,2017-02-24,2017-02-24,법제사법위원회,본회의불부의,처리의안,https://likms.assembly.go.kr/bill/billDetail.do?billId=PRC_X1U7G0N2L2R4A1E3N4K9P4D6N6Z3N7,https://likms.assembly.go.kr/bill/billDetail.do?billId=PRC_X1U7G0N2L2R4A1E3N4K9P4D6N6Z3N7
20,2000067,헌법개정안 마련을 위한 시민의회의 설치 및 운영에 관한 법률에 관한 청원,이지문외 4인,윤소하의원,2017-02-08,2017-02-08,국회운영위원회,임기만료폐기,처리의안,https://likms.assembly.go.kr/bill/billDetail.do?billId=PRC_B1D7C0H2G0U8A1I6W5P3V5Q3A7N5R3,https://likms.assembly.go.kr/bill/billDetail.do?billId=PRC_B1D7C0H2G0U8A1I6W5P3V5Q3A7N5R3
20,2000066,백남기 농민 사망사건에 대한 특별검사에 관한 청원,정현찬,박주민의원,2017-02-08,2017-02-08,법제사법위원회,임기만료폐기,처리의안,https://likms.assembly.go.kr/bill/billDetail.do?billId=PRC_V1K7M0D2A0N8J1M4V0Y4T3P3J2B8O1,https://likms.assembly.go.kr/bill/billDetail.do?billId=PRC_V1K7M0D2A0N8J1M4V0Y4T3P3J2B8O1
20,2000065,군형법 제92조의6 폐지에 관한 청원,권순부외 2인,김종대의원외 1인,2017-02-06,2017-02-06,법제사법위원회,임기만료폐기,처리의안,https://likms.assembly.go.kr/bill/billDetail.do?billId=PRC_B1E7G0R2H0Y6P1O5O0G2M1B8W5Y5N3,https://likms.assembly.go.kr/bill/billDetail.do?billId=PRC_B1E7G0R2H0Y6P1O5O0G2M1B8W5Y5N3
20,2000064,학교 주변 송변전 시설 설치 금지 및 대책마련 촉구에 관한 청원,안재훈,박재호의원,2017-02-01,2017-02-02,산업통상자원중소벤처기업위원회,임기만료폐기,처리의안,https://likms.assembly.go.kr/bill/billDetail.do?billId=PRC_L1P7G0E2T0Y1O1U7B1W4V4X3R0C4P0,https://likms.assembly.go.kr/bill/billDetail.do?billId=PRC_L1P7G0E2T0Y1O1U7B1W4V4X3R0C4P0
20,2000063,투표소 수개표 입법에 관한 청원,"김영신외 5,708인",송영길의원,2017-01-18,2019-09-03,행정안전위원회,임기만료폐기,처리의안,https://likms.assembly.go.kr/bill/billDetail.do?billId=PRC_E1W7Z0X1D1F8I1S4K4H4Q1H9P1W1C8,https://likms.assembly.go.kr/bill/billDetail.do?billId=PRC_E1W7Z0X1D1F8I1S4K4H4Q1H9P1W1C8
20,2000062,도시 및 주거환경정비법 개정에 관한 청원,조태원외 6인,노회찬의원외 1인,2017-01-10,2017-01-10,국토교통위원회,임기만료폐기,처리의안,https://likms.assembly.go.kr/bill/billDetail.do?billId=PRC_C1N7M0N1I1O1N1X1W4C0V4P4K2C5C5,https://likms.assembly.go.kr/bill/billDetail.do?billId=PRC_C1N7M0N1I1O1N1X1W4C0V4P4K2C5C5
20,2000061,농가주택 건축신고서류 간소화에 관한 청원,류주열,김종회의원,2017-01-09,2017-01-09,국토교통위원회,임기만료폐기,처리의안,https://likms.assembly.go.kr/bill/billDetail.do?billId=PRC_P1W7F0C1N0F9I1S6C2L0D5I7R3N8K4,https://likms.assembly.go.kr/bill/billDetail.do?billId=PRC_P1W7F0C1N0F9I1S6C2L0D5I7R3N8K4
20,2000060,공익신고자 보호법 개정에 관한 청원,장기표,민병두의원,2017-01-05,2017-01-06,정무위원회,본회의불부의,처리의안,https://likms.assembly.go.kr/bill/billDetail.do?billId=PRC_G1Q7N0Y1W0Q5G1C6H5Y8F1F0V7F9S9,https://likms.assembly.go.kr/bill/billDetail.do?billId=PRC_G1Q7N0Y1W0Q5G1C6H5Y8F1F0V7F9S9
20,2000059,학습시간 줄이기 및 자유시간 보장을 위한 아동복지법 개정에 관한 청원,유윤종,박주민의원,2017-01-05,2017-01-05,보건복지위원회,임기만료폐기,처리의안,https://likms.assembly.go.kr/bill/billDetail.do?billId=PRC_K1S7H0F1K0Y5Q1A0L0E2K2W3L4Z3J5,https://likms.assembly.go.kr/bill/billDetail.do?billId=PRC_K1S7H0F1K0Y5Q1A0L0E2K2W3L4Z3J5
20,2000058,청소년 여가시간 및 여가활동 인프라 확보를 위한 청소년기본법 등 개정에 관한 청원,유윤종,박주민의원,2017-01-05,2017-01-05,여성가족위원회,임기만료폐기,처리의안,https://likms.assembly.go.kr/bill/billDetail.do?billId=PRC_W1N7O0K1Q0X5U0K9G5C4B4J7K4A4J4,https://likms.assembly.go.kr/bill/billDetail.do?billId=PRC_W1N7O0K1Q0X5U0K9G5C4B4J7K4A4J4
20,2000057,"학습시간 줄이기를 위한 초중등교육법,학원법 개정 등에 관한 청원",유윤종,박주민의원,2017-01-05,2017-01-05,교육문화체육관광위원회,본회의불부의,처리의안,https://likms.assembly.go.kr/bill/billDetail.do?billId=PRC_Z1T7D0J1U0T5K0K9Z4Y2B2Q9R7W9B3,https://likms.assembly.go.kr/bill/billDetail.do?billId=PRC_Z1T7D0J1U0T5K0K9Z4Y2B2Q9R7W9B3
20,2000056,세계적 R＆D 클러스터 조성에 관한 청원,이정순외 6인,신용현의원,2016-12-29,2016-12-30,과학기술정보방송통신위원회,본회의불부의,처리의안,https://likms.assembly.go.kr/bill/billDetail.do?billId=PRC_W1Q6W1W2S2D9N1E6D2C8B3J3Q8S5K5,https://likms.assembly.go.kr/bill/billDetail.do?billId=PRC_W1Q6W1W2S2D9N1E6D2C8B3J3Q8S5K5
20,2000055,택시운송사업의 발전에 관한 법률의 개정에 관한 청원,"유병우외 81,243인",유기준의원외 61인,2016-12-29,2016-12-29,국토교통위원회,임기만료폐기,처리의안,https://likms.assembly.go.kr/bill/billDetail.do?billId=PRC_B1H6U1J2Y2G9W1K4T1S7W3L4Y4A0B2,https://likms.assembly.go.kr/bill/billDetail.do?billId=PRC_B1H6U1J2Y2G9W1K4T1S7W3L4Y4A0B2
20,2000054,석탄화력발전소 생명안전업무와 환경오염방지업무의 도급(경쟁입찰) 금지 및 그 종사자의 고용안정에 관한 입법 및 개선에 관한 청원,"최성균외 2,122인",이정미의원외 1인,2016-12-29,2016-12-29,환경노동위원회,임기만료폐기,처리의안,https://likms.assembly.go.kr/bill/billDetail.do?billId=PRC_I1B6Q1S2D2Z9V1H3C3C9X3F7K7C5J2,https://likms.assembly.go.kr/bill/billDetail.do?billId=PRC_I1B6Q1S2D2Z9V1H3C3C9X3F7K7C5J2
20,2000053,어린이 통학차량 관련 도로교통법 개정에 관한 청원,"박경실외 18,604인",이종걸의원,2016-12-29,2016-12-29,행정안전위원회,임기만료폐기,처리의안,https://likms.assembly.go.kr/bill/billDetail.do?billId=PRC_M1S6C1X2M2S9G1V0K3E0C2C6Y3I7Q9,https://likms.assembly.go.kr/bill/billDetail.do?billId=PRC_M1S6C1X2M2S9G1V0K3E0C2C6Y3I7Q9
20,2000052,관세법 일부개정에 관한 청원,윤순철외 2인,박광온의원,2016-12-22,2016-12-22,기획재정위원회,임기만료폐기,처리의안,https://likms.assembly.go.kr/bill/billDetail.do?billId=PRC_Q1A6A1F2A2E2B1F4R0Y6G0V2F7R1N2,https://likms.assembly.go.kr/bill/billDetail.do?billId=PRC_Q1A6A1F2A2E2B1F4R0Y6G0V2F7R1N2
20,2000051,이자제한법 개정에 관한 청원,최종철,김정우의원,2016-12-22,2016-12-22,법제사법위원회,임기만료폐기,처리의안,https://likms.assembly.go.kr/bill/billDetail.do?billId=PRC_F1I6J1N2R2S2G1Q3C4B0H5Y6K6O8I1,https://likms.assembly.go.kr/bill/billDetail.do?billId=PRC_F1I6J1N2R2S2G1Q3C4B0H5Y6K6O8I1
20,2000050,노인문화건강증진센터 건립지원에 관한 청원,윤봉근외 122인,안민석의원,2016-12-20,2016-12-21,보건복지위원회,본회의불부의,처리의안,https://likms.assembly.go.kr/bill/billDetail.do?billId=PRC_H1I6D1X2G2P0X1D5W5M6P3Z6A0I3N6,https://likms.assembly.go.kr/bill/billDetail.do?billId=PRC_H1I6D1X2G2P0X1D5W5M6P3Z6A0I3N6
20,2000049,당진에코파워(유연탄화력발전소) 건설 관련 전원개발실시계획 승인 철회에 관한 청원,"김현기외 1,011인",어기구의원,2016-12-19,2016-12-20,산업통상자원중소벤처기업위원회,임기만료폐기,처리의안,https://likms.assembly.go.kr/bill/billDetail.do?billId=PRC_T1E6L1T2O1P9L1M7S4S2W0D8H0G5L8,https://likms.assembly.go.kr/bill/billDetail.do?billId=PRC_T1E6L1T2O1P9L1M7S4S2W0D8H0G5L8
20,2000048,대한민국 정부와 일본 정부 간의 군사정보보호협정(GSOMIA) 효력정지에 관한 법률 입법에 관한 청원,김기백,이명수의원,2016-12-19,2016-12-20,국방위원회,임기만료폐기,처리의안,https://likms.assembly.go.kr/bill/billDetail.do?billId=PRC_V1I6Z1U2L1D9O1T4J0C5X4N3R3C3G4,https://likms.assembly.go.kr/bill/billDetail.do?billId=PRC_V1I6Z1U2L1D9O1T4J0C5X4N3R3C3G4
20,2000047,최저임금법 일부개정에 관한 청원,인명진외 3인,정동영의원,2016-12-12,2016-12-12,환경노동위원회,임기만료폐기,처리의안,https://likms.assembly.go.kr/bill/billDetail.do?billId=PRC_Z1W6M1S2L1F2P1J3Q1W6L5C5M2N5C7,https://likms.assembly.go.kr/bill/billDetail.do?billId=PRC_Z1W6M1S2L1F2P1J3Q1W6L5C5M2N5C7
20,2000046,도서민 차량운임 지원 확대에 관한 청원,"장정민외 1,001인",안상수의원,2016-12-08,2016-12-08,농림축산식품해양수산위원회,임기만료폐기,처리의안,https://likms.assembly.go.kr/bill/billDetail.do?billId=PRC_H1M6Q1J2W0W8Q1A3F2D7F1D6A1B3Z4,https://likms.assembly.go.kr/bill/billDetail.do?billId=PRC_H1M6Q1J2W0W8Q1A3F2D7F1D6A1B3Z4
20,2000045,홍무 18년 고려총통 국보지정 전문가의 공개 감정에 관한 청원,김병국,인재근의원,2016-11-29,2016-11-30,문화체육관광위원회,임기만료폐기,처리의안,https://likms.assembly.go.kr/bill/billDetail.do?billId=PRC_P1T6O1D1C2D9Z1F2F4X4M3D9B8Z1B6,https://likms.assembly.go.kr/bill/billDetail.do?billId=PRC_P1T6O1D1C2D9Z1F2F4X4M3D9B8Z1B6
20,2000044,박근혜-최순실 게이트 관련 2017년 청와대 예산 삭감에 관한 청원,정강자,추혜선의원외 1인,2016-11-24,2016-11-24,예산결산특별위원회,임기만료폐기,처리의안,https://likms.assembly.go.kr/bill/billDetail.do?billId=PRC_E1Y6S1H1X2N4S1Y1N0A6S1X9T1E1L7,https://likms.assembly.go.kr/bill/billDetail.do?billId=PRC_E1Y6S1H1X2N4S1Y1N0A6S1X9T1E1L7
20,2000043,주택임대차보호법 일부개정에 관한 청원,고계현,이원욱의원,2016-11-23,2016-11-24,법제사법위원회,임기만료폐기,처리의안,https://likms.assembly.go.kr/bill/billDetail.do?billId=PRC_C1P6E1F1O2I3E1G5B2H7U5R6G9O8M9,https://likms.assembly.go.kr/bill/billDetail.do?billId=PRC_C1P6E1F1O2I3E1G5B2H7U5R6G9O8M9
20,2000042,노인문화건강증진센터 건립지원에 관한 청원,"김호일외 3,865인",김두관의원,2016-11-18,2016-11-18,보건복지위원회,원안가결,처리의안,https://likms.assembly.go.kr/bill/billDetail.do?billId=PRC_M1C6X1Q1M1S8A1H6Z2T3O3C2E0F9U2,https://likms.assembly.go.kr/bill/billDetail.do?billId=PRC_M1C6X1Q1M1S8A1H6Z2T3O3C2E0F9U2
20,2000041,노인문화건강증진센터 건립지원에 관한 청원,"이경열외 3,830인",원유철의원,2016-11-18,2016-11-18,보건복지위원회,본회의불부의,처리의안,https://likms.assembly.go.kr/bill/billDetail.do?billId=PRC_I1D6W1A1Q1E8K1O5A5Z5Z5W2C6A4U2,https://likms.assembly.go.kr/bill/billDetail.do?billId=PRC_I1D6W1A1Q1E8K1O5A5Z5Z5W2C6A4U2
20,2000040,자본시장과 금융투자업에 관한 법률 일부개정법률안의 입법촉구에 관한 청원,황영기외 46인,이진복의원,2016-11-18,2016-11-18,정무위원회,임기만료폐기,처리의안,https://likms.assembly.go.kr/bill/billDetail.do?billId=PRC_K1M6T1Z1A1L8R1W4D2R9I5W5W6N9G1,https://likms.assembly.go.kr/bill/billDetail.do?billId=PRC_K1M6T1Z1A1L8R1W4D2R9I5W5W6N9G1
20,2000039,민법 일부개정에 관한 청원,김상훈외 535인,이용호의원외 1인,2016-11-17,2016-11-17,법제사법위원회,임기만료폐기,처리의안,https://likms.assembly.go.kr/bill/billDetail.do?billId=PRC_W1F6P1G1X1M7I1T6B5H5N4A3B0Z3B5,https://likms.assembly.go.kr/bill/billDetail.do?billId=PRC_W1F6P1G1X1M7I1T6B5H5N4A3B0Z3B5
20,2000038,물대포 사용금지를 위한 경찰관직무집행법 개정 등에 관한 청원,정강자,이재정의원,2016-11-16,2016-11-16,행정안전위원회,임기만료폐기,처리의안,https://likms.assembly.go.kr/bill/billDetail.do?billId=PRC_S1G6V1M1H1W6O1I3B2H4J4N3D8S7Q1,https://likms.assembly.go.kr/bill/billDetail.do?billId=PRC_S1G6V1M1H1W6O1I3B2H4J4N3D8S7Q1
20,2000037,동학농민혁명 국가기념일 제정에 관한 청원,박우정외 1인,도종환의원,2016-11-11,2016-11-14,문화체육관광위원회,임기만료폐기,처리의안,https://likms.assembly.go.kr/bill/billDetail.do?billId=PRC_U1Q6Z1Z1V1K1J1X7E0W6D0S1C0D6T9,https://likms.assembly.go.kr/bill/billDetail.do?billId=PRC_U1Q6Z1Z1V1K1J1X7E0W6D0S1C0D6T9
20,2000036,중학교 체육특기자 전입학 현실화를 위한 초중등교육법 개정 요청에 관한 청원,"김용철외 10,210인",나경원의원,2016-11-11,2016-11-11,교육위원회,임기만료폐기,처리의안,https://likms.assembly.go.kr/bill/billDetail.do?billId=PRC_T1D6S1S1I1K1W1W0C0X3N1G4H6Z2X1,https://likms.assembly.go.kr/bill/billDetail.do?billId=PRC_T1D6S1S1I1K1W1W0C0X3N1G4H6Z2X1
20,2000035,집회 및 시위에 관한 법률 개정에 관한 청원,정강자,박주민의원,2016-11-09,2016-11-10,행정안전위원회,본회의에 부의하지 아니하기로 의결,처리의안,https://likms.assembly.go.kr/bill/billDetail.do?billId=PRC_K1X6Z1K1K0M9S1D6D2L2A0P6H3H4T6,https://likms.assembly.go.kr/bill/billDetail.do?billId=PRC_K1X6Z1K1K0M9S1D6D2L2A0P6H3H4T6
20,2000034,원주 C형 간염 피해 보상에 관한 청원,이경애외 28인,송기헌의원,2016-11-08,2016-11-08,보건복지위원회,임기만료폐기,처리의안,https://likms.assembly.go.kr/bill/billDetail.do?billId=PRC_F1U6X1R1T0N8X1F6Z2X9P0G7X9B5E9,https://likms.assembly.go.kr/bill/billDetail.do?billId=PRC_F1U6X1R1T0N8X1F6Z2X9P0G7X9B5E9
20,2000033,2017년 중앙정부 예산사업 중 100건 문제 사업에 대한 예산 삭감 및 증액에 관한 청원,정창수,진선미의원,2016-11-03,2016-11-03,예산결산특별위원회,임기만료폐기,처리의안,https://likms.assembly.go.kr/bill/billDetail.do?billId=PRC_E1G6C1W1J0G3F1W1L0W2X0O2T3K8I2,https://likms.assembly.go.kr/bill/billDetail.do?billId=PRC_E1G6C1W1J0G3F1W1L0W2X0O2T3K8I2
20,2000032,인천국제공항의 도시명 표기 변경 등에 관한 청원,이학재,이학재의원,2016-10-26,2016-10-26,국토교통위원회,임기만료폐기,처리의안,https://likms.assembly.go.kr/bill/billDetail.do?billId=PRC_L1O6G1F0U2A6I1C3V1F1C3Q5F0G5P6,https://likms.assembly.go.kr/bill/billDetail.do?billId=PRC_L1O6G1F0U2A6I1C3V1F1C3Q5F0G5P6
20,2000031,중증장애인의 재산보호를 위한 장애인 특별수요신탁제도 활성화에 관한 청원,마호우,김성원의원,2016-10-18,2016-10-18,보건복지위원회,본회의불부의,처리의안,https://likms.assembly.go.kr/bill/billDetail.do?billId=PRC_B1H6I1G0T1O8S1B2A3P7D2I0E3P2U2,https://likms.assembly.go.kr/bill/billDetail.do?billId=PRC_B1H6I1G0T1O8S1B2A3P7D2I0E3P2U2
20,2000030,중증장애인의 재산보호를 위한 대출심사 강화에 관한 청원,마호우,김성원의원,2016-10-18,2016-10-18,정무위원회,임기만료폐기,처리의안,https://likms.assembly.go.kr/bill/billDetail.do?billId=PRC_I1O6P1H0R1X8I1A2P0X7K4G6Z2V6I3,https://likms.assembly.go.kr/bill/billDetail.do?billId=PRC_I1O6P1H0R1X8I1A2P0X7K4G6Z2V6I3
20,2000029,정치자금법 개정에 관한 청원,강원택,김세연의원외 1인,2016-10-18,2019-09-03,행정안전위원회,임기만료폐기,처리의안,https://likms.assembly.go.kr/bill/billDetail.do?billId=PRC_X1A6O1H0N1K8Q1W0R2O5D4O1O0S7K2,https://likms.assembly.go.kr/bill/billDetail.do?billId=PRC_X1A6O1H0N1K8Q1W0R2O5D4O1O0S7K2
20,2000028,정당법 개정에 관한 청원,강원택,김세연의원외 1인,2016-10-18,2019-09-03,행정안전위원회,임기만료폐기,처리의안,https://likms.assembly.go.kr/bill/billDetail.do?billId=PRC_L1T6N1Z0D1O8N1E0Z0U3V4D2N3U0S2,https://likms.assembly.go.kr/bill/billDetail.do?billId=PRC_L1T6N1Z0D1O8N1E0Z0U3V4D2N3U0S2
20,2000027,공직선거법 개정에 관한 청원,강원택,김세연의원외 1인,2016-10-18,2019-09-03,행정안전위원회,임기만료폐기,처리의안,https://likms.assembly.go.kr/bill/billDetail.do?billId=PRC_D1O6A1U0L1M8D0Y9M3L7X3O3W1B4E0,https://likms.assembly.go.kr/bill/billDetail.do?billId=PRC_D1O6A1U0L1M8D0Y9M3L7X3O3W1B4E0
20,2000026,연구자 주도 기초연구 지원확대에 관한 청원,호원경외 493인,변재일의원,2016-10-05,2016-10-05,미래창조과학방송통신위원회,원안가결,처리의안,https://likms.assembly.go.kr/bill/billDetail.do?billId=PRC_Q1K6S1H0B0O5H1A5P3H4L4I7O9G8Z0,https://likms.assembly.go.kr/bill/billDetail.do?billId=PRC_Q1K6S1H0B0O5H1A5P3H4L4I7O9G8Z0
20,2000025,공주소출력공동체라디오FM방송(금강에프엠방송)에 관한 청원,김광육외 59인,이해찬의원,2016-09-09,2016-09-09,미래창조과학방송통신위원회,본회의불부의,처리의안,https://likms.assembly.go.kr/bill/billDetail.do?billId=PRC_Y1K6L0E9U0C9S1G4F1N7D4E3K5G5P0,https://likms.assembly.go.kr/bill/billDetail.do?billId=PRC_Y1K6L0E9U0C9S1G4F1N7D4E3K5G5P0
20,2000024,인터넷상 선정적 광고 규제를 위한 청소년보호법 제2조제2호사목 개정에 관한 청원,"최영희외 22,359인",김삼화의원외 2인,2016-09-09,2016-09-09,여성가족위원회,본회의불부의,처리의안,https://likms.assembly.go.kr/bill/billDetail.do?billId=PRC_R1V6E0L9K0P9T1N2S4Z1W5M0B6S4G9,https://likms.assembly.go.kr/bill/billDetail.do?billId=PRC_R1V6E0L9K0P9T1N2S4Z1W5M0B6S4G9
20,2000023,건강기능식품에 관한 법률 일부개정에 관한 청원,고계현외 3인,남인순의원외 2인,2016-09-05,2016-09-06,보건복지위원회,임기만료폐기,처리의안,https://likms.assembly.go.kr/bill/billDetail.do?billId=PRC_D1J6C0A9V0J5K1J7A2M3K2D4T9E9M3,https://likms.assembly.go.kr/bill/billDetail.do?billId=PRC_D1J6C0A9V0J5K1J7A2M3K2D4T9E9M3
20,2000022,식품위생법 일부개정에 관한 청원,고계현외 3인,남인순의원외 2인,2016-09-05,2016-09-06,보건복지위원회,임기만료폐기,처리의안,https://likms.assembly.go.kr/bill/billDetail.do?billId=PRC_C1I6V0J9L0D5X1V6J3I5T3N5H9G5K8,https://likms.assembly.go.kr/bill/billDetail.do?billId=PRC_C1I6V0J9L0D5X1V6J3I5T3N5H9G5K8
20,2000021,바르셀로나 영사관 재개설 요청에 관한 청원,"박천욱외 9,201인",심재권의원,2016-09-05,2016-09-06,외교통일위원회,원안가결,처리의안,https://likms.assembly.go.kr/bill/billDetail.do?billId=PRC_B1J6V0X9F0Z5G1C5N3U5R2H3U2J2R1,https://likms.assembly.go.kr/bill/billDetail.do?billId=PRC_B1J6V0X9F0Z5G1C5N3U5R2H3U2J2R1
20,2000020,창원광역시 설치 법률 제정에 관한 청원,"안상수외 748,548인",김성찬의원외 2인,2016-09-05,2016-09-05,행정안전위원회,임기만료폐기,처리의안,https://likms.assembly.go.kr/bill/billDetail.do?billId=PRC_T1R6D0C9M0X5N1D3M5M2U2F7I7V0A5,https://likms.assembly.go.kr/bill/billDetail.do?billId=PRC_T1R6D0C9M0X5N1D3M5M2U2F7I7V0A5
20,2000019,공직선거법 개정에 관한 청원,박근용외 1인,진선미의원,2016-08-24,2019-09-03,행정안전위원회,임기만료폐기,처리의안,https://likms.assembly.go.kr/bill/billDetail.do?billId=PRC_A1V6J0E8V2G4R1R4B2K2L5Y2E0L8D0,https://likms.assembly.go.kr/bill/billDetail.do?billId=PRC_A1V6J0E8V2G4R1R4B2K2L5Y2E0L8D0
20,2000018,동학농민혁명 국가기념일 제정에 관한 청원,이갑상외 15인,안민석의원,2016-08-18,2016-08-19,문화체육관광위원회,임기만료폐기,처리의안,https://likms.assembly.go.kr/bill/billDetail.do?billId=PRC_J1Q6D0O8X1K8X1Q6X3F3B4Y0Q9Q0W6,https://likms.assembly.go.kr/bill/billDetail.do?billId=PRC_J1Q6D0O8X1K8X1Q6X3F3B4Y0Q9Q0W6
20,2000017,연륙교 연도교 건설에 따른 도선 사업 폐업시 손실보상 근거 마련에 관한 청원,최종수외 296인,안상수의원외 3인,2016-08-12,2016-08-16,국토교통위원회,본회의불부의,처리의안,https://likms.assembly.go.kr/bill/billDetail.do?billId=PRC_Y1S6F0J8Q1Z2E1T4W4S4S1P5C8C8P8,https://likms.assembly.go.kr/bill/billDetail.do?billId=PRC_Y1S6F0J8Q1Z2E1T4W4S4S1P5C8C8P8
20,2000016,재일동포 정영환 입국 허가에 관한 청원,정연순외 3인,심재권의원,2016-08-12,2016-08-17,법제사법위원회,본회의불부의,처리의안,https://likms.assembly.go.kr/bill/billDetail.do?billId=PRC_M1L6C0V8V1I2L1Z4N2S0L0M6Y3U7R4,https://likms.assembly.go.kr/bill/billDetail.do?billId=PRC_M1L6C0V8V1I2L1Z4N2S0L0M6Y3U7R4
20,2000015,지원금 수령 입주기업 확인 요청에 관한 청원,정종탁,심재권의원,2016-08-12,2016-08-16,외교통일위원회,본회의불부의,처리의안,https://likms.assembly.go.kr/bill/billDetail.do?billId=PRC_K1R6W0I8G1M2Z1W3H5G3F3W2I4E3S4,https://likms.assembly.go.kr/bill/billDetail.do?billId=PRC_K1R6W0I8G1M2Z1W3H5G3F3W2I4E3S4
20,2000014,개성공단 피해지원금 신청에 관한 청원,강창범,심재권의원,2016-08-12,2016-08-16,외교통일위원회,본회의불부의,처리의안,https://likms.assembly.go.kr/bill/billDetail.do?billId=PRC_E1B6R0W8L1I2L1C2Z5Z6V4C9M0X6F2,https://likms.assembly.go.kr/bill/billDetail.do?billId=PRC_E1B6R0W8L1I2L1C2Z5Z6V4C9M0X6F2
20,2000013,징벌적 배상에 관한 법률 제정에 관한 청원,정강자,박주민의원,2016-08-10,2016-08-10,법제사법위원회,임기만료폐기,처리의안,https://likms.assembly.go.kr/bill/billDetail.do?billId=PRC_P1Y6D0W8X1W0J1Q1O5P7A4C9D2R5V7,https://likms.assembly.go.kr/bill/billDetail.do?billId=PRC_P1Y6D0W8X1W0J1Q1O5P7A4C9D2R5V7
20,2000012,금강산 투자기업 피해보상에 관한 청원,최요식외 25인,심재권의원,2016-08-08,2016-08-09,외교통일위원회,원안가결,처리의안,https://likms.assembly.go.kr/bill/billDetail.do?billId=PRC_M1H6A0O8Q0B8G1X5Q2D6R5K7K0V7G8,https://likms.assembly.go.kr/bill/billDetail.do?billId=PRC_M1H6A0O8Q0B8G1X5Q2D6R5K7K0V7G8
20,2000011,공원개발을 위한 개발제한 구역법 개정에 관한 청원,임금옥외 52인,정재호의원,2016-07-22,2016-07-22,국토교통위원회,임기만료폐기,처리의안,https://likms.assembly.go.kr/bill/billDetail.do?billId=PRC_F1D6M0H7T2W2X0D9Y2B7X4T4R8S1C9,https://likms.assembly.go.kr/bill/billDetail.do?billId=PRC_F1D6M0H7T2W2X0D9Y2B7X4T4R8S1C9
20,2000010,일제하 일본군위안부 피해자에 대한 생활안정지원 및 기념사업 등에 관한 특별법 제정에 관한 청원,"최성외 10,788인",유은혜의원,2016-07-21,2016-07-21,여성가족위원회,본회의불부의,처리의안,https://likms.assembly.go.kr/bill/billDetail.do?billId=PRC_U1P6I0D7O2P1Z1B2M4V2B4L1M0H3K5,https://likms.assembly.go.kr/bill/billDetail.do?billId=PRC_U1P6I0D7O2P1Z1B2M4V2B4L1M0H3K5
20,2000009,한국마사회법 개정에 관한 청원,김율옥외 722인,유은혜의원외 8인,2016-07-20,2016-07-21,농림축산식품해양수산위원회,임기만료폐기,처리의안,https://likms.assembly.go.kr/bill/billDetail.do?billId=PRC_P1D6G0J7M2V0R1A7N3J9U0N3G0A4P0,https://likms.assembly.go.kr/bill/billDetail.do?billId=PRC_P1D6G0J7M2V0R1A7N3J9U0N3G0A4P0
20,2000008,사행산업통합감독위원회법 개정에 관한 청원,김율옥외 737인,유은혜의원외 8인,2016-07-20,2016-07-21,문화체육관광위원회,임기만료폐기,처리의안,https://likms.assembly.go.kr/bill/billDetail.do?billId=PRC_K1Q6T0C7K2C0Z1E7P1P4E4K4P7M7P3,https://likms.assembly.go.kr/bill/billDetail.do?billId=PRC_K1Q6T0C7K2C0Z1E7P1P4E4K4P7M7P3
20,2000007,학교보건법 개정에 관한 청원,김율옥외 751인,유은혜의원외 8인,2016-07-20,2016-07-21,교육위원회,임기만료폐기,처리의안,https://likms.assembly.go.kr/bill/billDetail.do?billId=PRC_D1Y6V0A7L2Q0B1L6R2I1V1N4V2P7F5,https://likms.assembly.go.kr/bill/billDetail.do?billId=PRC_D1Y6V0A7L2Q0B1L6R2I1V1N4V2P7F5
20,2000006,교육환경 보호에 관한 법률 개정에 관한 청원,"김율옥외 1,555인",유은혜의원외 8인,2016-07-20,2016-07-21,교육위원회,임기만료폐기,처리의안,https://likms.assembly.go.kr/bill/billDetail.do?billId=PRC_C1E6W0D7O2H0T1O5B4Q3F1U4B1Y8C9,https://likms.assembly.go.kr/bill/billDetail.do?billId=PRC_C1E6W0D7O2H0T1O5B4Q3F1U4B1Y8C9
20,2000005,학교급식법 개정 요구에 관한 청원,"박종훈외 618,650인",김경수의원ㆍ민홍철의원ㆍ서형수의원ㆍ노회찬의원,2016-07-08,2016-07-08,교육위원회,임기만료폐기,처리의안,https://likms.assembly.go.kr/bill/billDetail.do?billId=PRC_W1R6D0H7I0Q8R1H3M0W7J3B8V6X8K2,https://likms.assembly.go.kr/bill/billDetail.do?billId=PRC_W1R6D0H7I0Q8R1H3M0W7J3B8V6X8K2
20,2000004,역사 교과서 국정화 금지법 제정에 관한 청원,한상권외 290인,도종환의원,2016-07-04,2016-07-04,교육위원회,임기만료폐기,처리의안,https://likms.assembly.go.kr/bill/billDetail.do?billId=PRC_A1H6G0B7V0C4A1A4H5C4N2V1Z8J7Y2,https://likms.assembly.go.kr/bill/billDetail.do?billId=PRC_A1H6G0B7V0C4A1A4H5C4N2V1Z8J7Y2
20,2000003,4.16 세월호 참사 피해구제 및 지원 등을 위한 법률 일부 개정에 관한 청원,전명선,박주민의원ㆍ김철민의원ㆍ김현권의원ㆍ유성엽의원ㆍ윤소하의원,2016-06-09,2016-06-15,농림축산식품해양수산위원회,임기만료폐기,처리의안,https://likms.assembly.go.kr/bill/billDetail.do?billId=PRC_A1D6K0R6L0A9C1Z2A3W0R5O3E8Y3S2,https://likms.assembly.go.kr/bill/billDetail.do?billId=PRC_A1D6K0R6L0A9C1Z2A3W0R5O3E8Y3S2
20,2000002,4.16 세월호 참사 진상규명 및 안전사회 건설 등을 위한 특별법 일부 개정에 관한 청원,"전명선외 324,561인",박지원의원ㆍ우상호의원ㆍ노회찬의원,2016-06-09,2016-06-15,농림축산식품해양수산위원회,임기만료폐기,처리의안,https://likms.assembly.go.kr/bill/billDetail.do?billId=PRC_A1B6Y0C6N0D9L1C2I2F5R3V8T8I4B2,https://likms.assembly.go.kr/bill/billDetail.do?billId=PRC_A1B6Y0C6N0D9L1C2I2F5R3V8T8I4B2
20,2000001,훈민정음 해례본 국보 1호 지정에 관한 청원,"전명선외 324,561인",노회찬의원,2016-05-31,2016-06-15,문화체육관광위원회,임기만료폐기,처리의안,https://likms.assembly.go.kr/bill/billDetail.do?billId=PRC_Q1F6Y0C5W3L1I1N7C2Y3I5Z0O9T6B9,https://likms.assembly.go.kr/bill/billDetail.do?billId=PRC_Q1F6Y0C5W3L1I1N7C2Y3I5Z0O9T6B9
19,1900227,선거구 획정의 개선,오용외 2인,강기윤의원,2016-03-03,2016-03-04,안전행정위원회,임기만료폐기,처리의안,https://likms.assembly.go.kr/bill/billDetail.do?billId=PRC_T1Y6P0C3Y0W3R1A4K4Q0B0H7C3U0N2,https://likms.assembly.go.kr/bill/billDetail.do?billId=PRC_T1Y6P0C3Y0W3R1A4K4Q0B0H7C3U0N2
19,1900226,영화 및 비디오물의 진흥에 관한 법률의 개정,안진걸,김태년의원,2016-02-19,2016-02-22,교육문화체육관광위원회,임기만료폐기,처리의안,https://likms.assembly.go.kr/bill/billDetail.do?billId=PRC_Q1H6L0R2X1H9Z1A6P4H1K0T3K2Y9A7,https://likms.assembly.go.kr/bill/billDetail.do?billId=PRC_Q1H6L0R2X1H9Z1A6P4H1K0T3K2Y9A7
19,1900225,4.16세월호 참사 진상규명 및 안전사회 건설 등을 위한 특별법 개정,"전명선외 53,573인",전해철의원,2016-02-19,2016-02-22,농림축산식품해양수산위원회,임기만료폐기,처리의안,https://likms.assembly.go.kr/bill/billDetail.do?billId=PRC_V1M6P0M2P1K8B1N5V4D6H3Q6X2M5P3,https://likms.assembly.go.kr/bill/billDetail.do?billId=PRC_V1M6P0M2P1K8B1N5V4D6H3Q6X2M5P3
19,1900224,자동차보험표준약관 개악 중단 촉구,김주평외 12인,김을동의원,2016-01-07,2016-01-08,정무위원회,임기만료폐기,처리의안,https://likms.assembly.go.kr/bill/billDetail.do?billId=PRC_Q1A6E0D1U0J7K1R7Q4Z3I3J2Z8E5S4,https://likms.assembly.go.kr/bill/billDetail.do?billId=PRC_Q1A6E0D1U0J7K1R7Q4Z3I3J2Z8E5S4
19,1900223,노인복지법 일부개정 입법에 관한 청원,김영훈,우원식의원,2015-12-15,2015-12-21,보건복지위원회,임기만료폐기,처리의안,https://likms.assembly.go.kr/bill/billDetail.do?billId=PRC_X1R5U1W2H1P5H1B7B2Y2U4K3Q9C2L9,https://likms.assembly.go.kr/bill/billDetail.do?billId=PRC_X1R5U1W2H1P5H1B7B2Y2U4K3Q9C2L9
19,1900222,가출청소년 보호를 위한 후견인 자격 및 지정,김진주외 300인,최민희의원,2015-12-15,2015-12-16,보건복지위원회,임기만료폐기,처리의안,https://likms.assembly.go.kr/bill/billDetail.do?billId=PRC_I1R5Q1T2M1B5D1K5N3R5J2V4I8W6B4,https://likms.assembly.go.kr/bill/billDetail.do?billId=PRC_I1R5Q1T2M1B5D1K5N3R5J2V4I8W6B4
19,1900221,대일항쟁기강제동원피해조사 및 국외강제동원희생자 등 지원위원회 존속을 위한 법안 통과에 관한 청원,"안부수외 35,000인",이명수의원,2015-12-07,2015-12-09,안전행정위원회,임기만료폐기,처리의안,https://likms.assembly.go.kr/bill/billDetail.do?billId=PRC_W1H5W1B2U0I7E1Y5S1X7V4N4K8U5H5,https://likms.assembly.go.kr/bill/billDetail.do?billId=PRC_W1H5W1B2U0I7E1Y5S1X7V4N4K8U5H5
19,1900220,경찰 및 검찰의 비리 의혹 수사에 관한 청원,마승관,장하나의원,2015-12-07,2015-12-22,법제사법위원회,임기만료폐기,처리의안,https://likms.assembly.go.kr/bill/billDetail.do?billId=PRC_I1P5Y1O2H0W7L1N4Z2I7A2S2P5W7A6,https://likms.assembly.go.kr/bill/billDetail.do?billId=PRC_I1P5Y1O2H0W7L1N4Z2I7A2S2P5W7A6
19,1900219,국유재산관리기금 거창교정시설의 신축예정부지 이전,"김은옥외 2,561인",전해철의원,2015-12-01,2015-12-03,법제사법위원회,임기만료폐기,처리의안,https://likms.assembly.go.kr/bill/billDetail.do?billId=PRC_T1L5L1E2F0E1C1V7Z3O9W0K1H2F6E1,https://likms.assembly.go.kr/bill/billDetail.do?billId=PRC_T1L5L1E2F0E1C1V7Z3O9W0K1H2F6E1
19,1900218,도시 및 주거환경정비법 개정,한용운외 7인,송호창의원ㆍ정성호의원ㆍ김경협의원ㆍ권은희의원,2015-11-23,2015-11-24,국토교통위원회,임기만료폐기,처리의안,https://likms.assembly.go.kr/bill/billDetail.do?billId=PRC_W1A5F1Z1Y2D3S1Q4G4G2A0Z4B4D8L5,https://likms.assembly.go.kr/bill/billDetail.do?billId=PRC_W1A5F1Z1Y2D3S1Q4G4G2A0Z4B4D8L5
19,1900217,의료사고 피해구제 및 의료분쟁 조정 등에 관한 법률 일부개정법률안(일명 신해철법) 심사촉구,남궁연외 4인,김정록의원,2015-11-23,2015-11-25,보건복지위원회,대안반영폐기,처리의안,https://likms.assembly.go.kr/bill/billDetail.do?billId=PRC_N1E5I1O1U2M3O1C3N4M6Y4X6Z2M6U2,https://likms.assembly.go.kr/bill/billDetail.do?billId=PRC_N1E5I1O1U2M3O1C3N4M6Y4X6Z2M6U2
19,1900216,고등교육법 일부개정법률안(의안번호 1916706),최혜은외 3인,안민석의원,2015-11-20,2015-11-20,교육문화체육관광위원회,임기만료폐기,처리의안,https://likms.assembly.go.kr/bill/billDetail.do?billId=PRC_N1G5X1H1E2V0R1W2T4R4Y3T2Z6M9H2,https://likms.assembly.go.kr/bill/billDetail.do?billId=PRC_N1G5X1H1E2V0R1W2T4R4Y3T2Z6M9H2
19,1900215,고등교육법 일부개정법률안(의안번호 1916705),최혜은외 3인,안민석의원,2015-11-20,2015-11-20,교육문화체육관광위원회,임기만료폐기,처리의안,https://likms.assembly.go.kr/bill/billDetail.do?billId=PRC_W1L5B1H1K2D0H1Y2B3P8K0F5C7O1G7,https://likms.assembly.go.kr/bill/billDetail.do?billId=PRC_W1L5B1H1K2D0H1Y2B3P8K0F5C7O1G7
19,1900214,공주소출력공동체라디오FM방송(금강에프엠방송),김광육외 59인,이해찬의원,2015-11-13,2015-11-17,미래창조과학방송통신위원회,임기만료폐기,처리의안,https://likms.assembly.go.kr/bill/billDetail.do?billId=PRC_B1X5T1O1V1V3G1T7P5Z2U3Y3T8U6X9,https://likms.assembly.go.kr/bill/billDetail.do?billId=PRC_B1X5T1O1V1V3G1T7P5Z2U3Y3T8U6X9
19,1900213,박물관 및 미술관의 이전에 대한 양도소득세의 면제,김쾌정,이상일의원,2015-11-13,2015-11-17,기획재정위원회,임기만료폐기,처리의안,https://likms.assembly.go.kr/bill/billDetail.do?billId=PRC_M1S5X1U1H1U3X1M7W3N7P1E5I0R7Y8,https://likms.assembly.go.kr/bill/billDetail.do?billId=PRC_M1S5X1U1H1U3X1M7W3N7P1E5I0R7Y8
19,1900212,법인세법 일부개정법률안에 관한 청원,황이남외 4인,윤호중의원,2015-11-10,2015-11-10,기획재정위원회,임기만료폐기,처리의안,https://likms.assembly.go.kr/bill/billDetail.do?billId=PRC_H1N5C1F1Q1R0E1G0N4G1I3T8Y3L8A9,https://likms.assembly.go.kr/bill/billDetail.do?billId=PRC_H1N5C1F1Q1R0E1G0N4G1I3T8Y3L8A9
19,1900211,소득세법 일부개정법률안에 관한 청원,황이남외 4인,윤호중의원,2015-11-10,2015-11-10,기획재정위원회,임기만료폐기,처리의안,https://likms.assembly.go.kr/bill/billDetail.do?billId=PRC_F1F5K1P1U1D0A1W0L3S5E3V1U4Z8M7,https://likms.assembly.go.kr/bill/billDetail.do?billId=PRC_F1F5K1P1U1D0A1W0L3S5E3V1U4Z8M7
19,1900210,동해안 오징어자원 보호제도 개선,안용선외 17인,윤명희의원,2015-10-29,2015-11-06,농림축산식품해양수산위원회,임기만료폐기,처리의안,https://likms.assembly.go.kr/bill/billDetail.do?billId=PRC_G1G5E1L0N2R9U1G0J4M2L1D9K7J1F4,https://likms.assembly.go.kr/bill/billDetail.do?billId=PRC_G1G5E1L0N2R9U1G0J4M2L1D9K7J1F4
19,1900209,저소득 빈곤층 복지 지원을 위한 정책 입법,최병연,유성엽의원,2015-10-28,2015-10-29,보건복지위원회,임기만료폐기,처리의안,https://likms.assembly.go.kr/bill/billDetail.do?billId=PRC_D1S5M1S0V2O8K1X5P1V3O3B1Y8L3W6,https://likms.assembly.go.kr/bill/billDetail.do?billId=PRC_D1S5M1S0V2O8K1X5P1V3O3B1Y8L3W6
19,1900208,금강수계 물관리 및 주민지원 등에 관한 법률 개정 촉구에 관한 청원,"조규룡외 5,088인",박덕흠의원,2015-10-27,2015-10-29,환경노동위원회,본회의불부의,처리의안,https://likms.assembly.go.kr/bill/billDetail.do?billId=PRC_C1H5K1L0C2Y7Y1K5D4D2Y0C9H9W0C2,https://likms.assembly.go.kr/bill/billDetail.do?billId=PRC_C1H5K1L0C2Y7Y1K5D4D2Y0C9H9W0C2
19,1900207,기면병의 장애인복지법 포함,"이한외 1,836인",신상진의원,2015-10-27,2015-10-29,보건복지위원회,임기만료폐기,처리의안,https://likms.assembly.go.kr/bill/billDetail.do?billId=PRC_V1A5V1D0I2A7P1X3Z4Z6F3A7F3Y9H5,https://likms.assembly.go.kr/bill/billDetail.do?billId=PRC_V1A5V1D0I2A7P1X3Z4Z6F3A7F3Y9H5
19,1900206,폐기물관리법시행규칙 개정 내용 중 대형폐기물 수집 운반차량 적재함 설치 관련 예외조항 신설 또는 설치조건 완화에 관한 청원,정혜자외 44인,문병호의원,2015-10-26,2015-10-27,환경노동위원회,임기만료폐기,처리의안,https://likms.assembly.go.kr/bill/billDetail.do?billId=PRC_W1X5I1E0O2H6B1S6K2X5M0H2O3X1R3,https://likms.assembly.go.kr/bill/billDetail.do?billId=PRC_W1X5I1E0O2H6B1S6K2X5M0H2O3X1R3
19,1900205,울산 옥동-농소간 도로의 명정천 고가차도 건설반대 및 주민피해 해소 요청,"이달규외 3,270인",정갑윤의원,2015-10-23,2015-10-27,국토교통위원회,임기만료폐기,처리의안,https://likms.assembly.go.kr/bill/billDetail.do?billId=PRC_E1X5N1W0T2N3J1S6I5E6P1D3P7V3H2,https://likms.assembly.go.kr/bill/billDetail.do?billId=PRC_E1X5N1W0T2N3J1S6I5E6P1D3P7V3H2
19,1900204,임포소초 군부대 생활관 이전 건립,김상도,김성곤의원,2015-10-19,2015-10-19,국방위원회,본회의불부의,처리의안,https://likms.assembly.go.kr/bill/billDetail.do?billId=PRC_P1Y5O1Z0I1G9H0C9I4U9O3C2X3W0D7,https://likms.assembly.go.kr/bill/billDetail.do?billId=PRC_P1Y5O1Z0I1G9H0C9I4U9O3C2X3W0D7
19,1900203,지방세법 개정,이희승,윤영석의원,2015-10-08,2015-10-12,안전행정위원회,임기만료폐기,처리의안,https://likms.assembly.go.kr/bill/billDetail.do?billId=PRC_P1W5A1M0S0A8I1Z5P5I0R5N8P3E8Z7,https://likms.assembly.go.kr/bill/billDetail.do?billId=PRC_P1W5A1M0S0A8I1Z5P5I0R5N8P3E8Z7
19,1900202,국립대학 교원 성과급적 연봉제,"권진헌외 7,237인",설훈의원외 5인,2015-10-08,2015-10-13,안전행정위원회,임기만료폐기,처리의안,https://likms.assembly.go.kr/bill/billDetail.do?billId=PRC_H1I5W1N0G0B8S1B4Y3S6C0U5O4N9R4,https://likms.assembly.go.kr/bill/billDetail.do?billId=PRC_H1I5W1N0G0B8S1B4Y3S6C0U5O4N9R4
19,1900201,군 소음 관련 법의 조속한 제정에 관한 청원,공재광외 5인,유의동의원ㆍ원유철의원,2015-09-30,2015-10-01,국방위원회,임기만료폐기,처리의안,https://likms.assembly.go.kr/bill/billDetail.do?billId=PRC_X1H5C0C9Q3C0A1D5J5I4T4X1P7U9G5,https://likms.assembly.go.kr/bill/billDetail.do?billId=PRC_X1H5C0C9Q3C0A1D5J5I4T4X1P7U9G5
19,1900200,건설기술인의 날 포상확대,김정중,이윤석의원,2015-09-24,2015-09-25,국토교통위원회,본회의불부의,처리의안,https://likms.assembly.go.kr/bill/billDetail.do?billId=PRC_A1K5J0H9X2Y4I1P7K2U5Y5F3T8G1I7,https://likms.assembly.go.kr/bill/billDetail.do?billId=PRC_A1K5J0H9X2Y4I1P7K2U5Y5F3T8G1I7
19,1900199,동학농민혁명참여자 등의 명예회복에 관한 특별법의 개정입법,이기곤,이완영의원,2015-09-14,2015-09-15,교육문화체육관광위원회,임기만료폐기,처리의안,https://likms.assembly.go.kr/bill/billDetail.do?billId=PRC_I1G5R0Y9N1Q4D1H7V0A8X0J9N7E7Q7,https://likms.assembly.go.kr/bill/billDetail.do?billId=PRC_I1G5R0Y9N1Q4D1H7V0A8X0J9N7E7Q7
19,1900198,사법시험 존치,권민식외 9인,조경태의원,2015-09-14,2015-09-15,법제사법위원회,임기만료폐기,처리의안,https://likms.assembly.go.kr/bill/billDetail.do?billId=PRC_U1R5K0V9G1Y4J1B7P0U0O5Y6E7J5J4,https://likms.assembly.go.kr/bill/billDetail.do?billId=PRC_U1R5K0V9G1Y4J1B7P0U0O5Y6E7J5J4
19,1900197,동학농민혁명 국가기념일 제정,이갑상외 21인,유성엽의원,2015-09-07,2015-09-07,교육문화체육관광위원회,임기만료폐기,처리의안,https://likms.assembly.go.kr/bill/billDetail.do?billId=PRC_D1P5O0F9C0L7C1R3X3C8T4J4U1V0P9,https://likms.assembly.go.kr/bill/billDetail.do?billId=PRC_D1P5O0F9C0L7C1R3X3C8T4J4U1V0P9
19,1900196,사법시험 존치,정정운외 9인,서기호의원,2015-09-03,2015-09-04,법제사법위원회,임기만료폐기,처리의안,https://likms.assembly.go.kr/bill/billDetail.do?billId=PRC_J1Y5L0D9B0S3N1O5H4F6O5S5J9S7R4,https://likms.assembly.go.kr/bill/billDetail.do?billId=PRC_J1Y5L0D9B0S3N1O5H4F6O5S5J9S7R4
19,1900195,농어업인력 지원에 관한 법률안 조정 및 제정 촉구,심상완외 174인,이운룡의원,2015-08-31,2015-09-01,농림축산식품해양수산위원회,임기만료폐기,처리의안,https://likms.assembly.go.kr/bill/billDetail.do?billId=PRC_C1I5C0N8R3O1C1D4G5M9W2U0L5K1C9,https://likms.assembly.go.kr/bill/billDetail.do?billId=PRC_C1I5C0N8R3O1C1D4G5M9W2U0L5K1C9
19,1900194,6.25전쟁 당시 대한민국을 지원한 국가숫자 규명,안재철외 2인,송영근의원,2015-08-27,2015-08-27,국방위원회,본회의불부의,처리의안,https://likms.assembly.go.kr/bill/billDetail.do?billId=PRC_J1V5N0Q8U2A7S0N8X5R5S5Z6V9H5Z0,https://likms.assembly.go.kr/bill/billDetail.do?billId=PRC_J1V5N0Q8U2A7S0N8X5R5S5Z6V9H5Z0
19,1900193,국가정보원의 해킹프로그램 등을 통한 불법사찰 의혹사건 진상규명을 위한 국정조사 실시와 특별검사 임명 및 국정원에 대한 감독통제제도 마련 등 의견,정강자외 21인,신경민의원,2015-08-20,2015-08-20,정보위원회,임기만료폐기,처리의안,https://likms.assembly.go.kr/bill/billDetail.do?billId=PRC_Z1V5V0U8C2H0D1K5J0W8J2I7B9N7F6,https://likms.assembly.go.kr/bill/billDetail.do?billId=PRC_Z1V5V0U8C2H0D1K5J0W8J2I7B9N7F6
19,1900192,공직선거법 개정,이태호외 2인,박원석의원,2015-08-20,2016-01-12,안전행정위원회,임기만료폐기,처리의안,https://likms.assembly.go.kr/bill/billDetail.do?billId=PRC_A1F5I0Z8Y2U0A1R1X5S3U5S7Y8F0B5,https://likms.assembly.go.kr/bill/billDetail.do?billId=PRC_A1F5I0Z8Y2U0A1R1X5S3U5S7Y8F0B5
19,1900191,발전소주변지역 지원에 관한 법률 개정,"문정열외 22,721인",여상규의원,2015-08-04,2015-08-04,산업통상자원위원회,임기만료폐기,처리의안,https://likms.assembly.go.kr/bill/billDetail.do?billId=PRC_B1C5A0R8C0I4H1A3F0D5O0E9Y9X3T3,https://likms.assembly.go.kr/bill/billDetail.do?billId=PRC_B1C5A0R8C0I4H1A3F0D5O0E9Y9X3T3
19,1900190,지방재정법 개정에 관한 청원,문정열,여상규의원,2015-08-03,2015-08-04,안전행정위원회,임기만료폐기,처리의안,https://likms.assembly.go.kr/bill/billDetail.do?billId=PRC_C1V5Z0K8E0O3A1V6Z4K2X1L7C8G7K7,https://likms.assembly.go.kr/bill/billDetail.do?billId=PRC_C1V5Z0K8E0O3A1V6Z4K2X1L7C8G7K7
19,1900189,"시민,노동자 재해에 대한 기업,정부 책임자 처벌법 제정",강문대외 831인,우원식의원,2015-08-03,2015-11-09,법제사법위원회,임기만료폐기,처리의안,https://likms.assembly.go.kr/bill/billDetail.do?billId=PRC_Z1Z5N0J8O0H3J1N4U0V8X3P5H0L2I2,https://likms.assembly.go.kr/bill/billDetail.do?billId=PRC_Z1Z5N0J8O0H3J1N4U0V8X3P5H0L2I2
19,1900188,경기도 가평군 국회의원 선거구 이전 요구,"장봉익외 10,110인",윤호중의원,2015-07-28,2016-01-12,안전행정위원회,임기만료폐기,처리의안,https://likms.assembly.go.kr/bill/billDetail.do?billId=PRC_Z1Z5F0Y7Y2G8K1P4N1C6Q2H6I1E1Y7,https://likms.assembly.go.kr/bill/billDetail.do?billId=PRC_Z1Z5F0Y7Y2G8K1P4N1C6Q2H6I1E1Y7
19,1900187,매장문화재 발굴 비용 국가 지원 확대,김복동외 10인,정세균의원,2015-07-27,2015-07-29,교육문화체육관광위원회,임기만료폐기,처리의안,https://likms.assembly.go.kr/bill/billDetail.do?billId=PRC_S1S5C0A7Q2M7Q1L5B4Y5X3O5G6U2Q9,https://likms.assembly.go.kr/bill/billDetail.do?billId=PRC_S1S5C0A7Q2M7Q1L5B4Y5X3O5G6U2Q9
19,1900186,미용예술진흥법 제정,최종철,진선미의원,2015-07-02,2015-07-03,보건복지위원회,임기만료폐기,처리의안,https://likms.assembly.go.kr/bill/billDetail.do?billId=PRC_A1W5E0S7F0T2P1Q6T0B1T5G6Y9I6L4,https://likms.assembly.go.kr/bill/billDetail.do?billId=PRC_A1W5E0S7F0T2P1Q6T0B1T5G6Y9I6L4
19,1900185,"예술교과군 내  무용  과목 개설에 관한 청원,",김화숙,이재오의원,2015-06-26,2015-06-26,교육문화체육관광위원회,임기만료폐기,처리의안,https://likms.assembly.go.kr/bill/billDetail.do?billId=PRC_R1D5D0U6S2X6C1Z4F2W8R3L5G6L8J0,https://likms.assembly.go.kr/bill/billDetail.do?billId=PRC_R1D5D0U6S2X6C1Z4F2W8R3L5G6L8J0
19,1900184,주한미군 공여구역주변지역 등 지원 특별법 일부개정법률안(대안),장영미외 6인,정성호의원,2015-06-26,2015-06-26,법제사법위원회,임기만료폐기,처리의안,https://likms.assembly.go.kr/bill/billDetail.do?billId=PRC_H1G5Q0O6V2W6M1K3K3E9Y1D5B2I6N5,https://likms.assembly.go.kr/bill/billDetail.do?billId=PRC_H1G5Q0O6V2W6M1K3K3E9Y1D5B2I6N5
19,1900183,미곡종합처리장(RPC) 도정시설 농사용 전기요금 적용 법제화 촉구,"문병완외 297,552인",박완주의원ㆍ최규성의원ㆍ김승남의원ㆍ유성엽의원ㆍ양승조의원ㆍ김동완의원ㆍ전정희의원ㆍ박수현의원ㆍ김재원의원ㆍ한기호의원ㆍ노영민의원,2015-06-17,2015-06-17,산업통상자원위원회,임기만료폐기,처리의안,https://likms.assembly.go.kr/bill/billDetail.do?billId=PRC_D1G5S0Y6D1A7J1M4E4W4B2P8P1V6K9,https://likms.assembly.go.kr/bill/billDetail.do?billId=PRC_D1G5S0Y6D1A7J1M4E4W4B2P8P1V6K9
19,1900182,"세계유산의 보존,관리,활용에 관한 특례법안 제정 촉구에 관한 청원",최양식외 9인,정수성의원ㆍ김광림의원ㆍ정세균의원ㆍ신정훈의원ㆍ안상수의원ㆍ노철래의원ㆍ이찬열의원ㆍ정미경의원ㆍ김용남의원ㆍ박광온의원,2015-06-11,2015-06-12,교육문화체육관광위원회,임기만료폐기,처리의안,https://likms.assembly.go.kr/bill/billDetail.do?billId=PRC_V1Y5E0D6S1V1W1U6N4Y7P1G7Q7W3S5,https://likms.assembly.go.kr/bill/billDetail.do?billId=PRC_V1Y5E0D6S1V1W1U6N4Y7P1G7Q7W3S5
19,1900181,희귀질환 지원에 관한 법률 제정 요청,최종철,한기호의원,2015-06-05,2015-06-09,보건복지위원회,임기만료폐기,처리의안,https://likms.assembly.go.kr/bill/billDetail.do?billId=PRC_N1Y5B0S6G0I5E1O7R2V7W5I0R1H2T1,https://likms.assembly.go.kr/bill/billDetail.do?billId=PRC_N1Y5B0S6G0I5E1O7R2V7W5I0R1H2T1
19,1900180,지방대 수도권 이전 제한법 입법 반대,"김주연외 2,158인",이현재의원,2015-05-26,2015-05-26,안전행정위원회,본회의불부의,처리의안,https://likms.assembly.go.kr/bill/billDetail.do?billId=PRC_F1U5J0Z5B2C6S1P3E5M7L4G6L5C5H2,https://likms.assembly.go.kr/bill/billDetail.do?billId=PRC_F1U5J0Z5B2C6S1P3E5M7L4G6L5C5H2
19,1900179,월성1호기 재가동에 대한 국회 재검토,정현주,홍영표의원,2015-05-21,2015-05-26,미래창조과학방송통신위원회,임기만료폐기,처리의안,https://likms.assembly.go.kr/bill/billDetail.do?billId=PRC_G1S5Q0K5Y2E1B1X7T5D5C5I6B3Y2Q7,https://likms.assembly.go.kr/bill/billDetail.do?billId=PRC_G1S5Q0K5Y2E1B1X7T5D5C5I6B3Y2Q7
19,1900178,주한미군 공여구역주변지역등 지원특별법 개정 반대,백남홍외 7인,이현재의원,2015-05-12,2015-05-13,안전행정위원회,본회의불부의,처리의안,https://likms.assembly.go.kr/bill/billDetail.do?billId=PRC_O1Y5H0J5U1U2Q1B5E0E6O5Z7L0O7Y1,https://likms.assembly.go.kr/bill/billDetail.do?billId=PRC_O1Y5H0J5U1U2Q1B5E0E6O5Z7L0O7Y1
19,1900177,사이버사찰금지법(통신비밀보호법 전부개정법률안),"이요상외 2,909인",전해철의원,2015-05-04,2015-05-06,법제사법위원회,임기만료폐기,처리의안,https://likms.assembly.go.kr/bill/billDetail.do?billId=PRC_T1J5Z0V5O0W1S1L0Z5D0B3J3F4I9B9,https://likms.assembly.go.kr/bill/billDetail.do?billId=PRC_T1J5Z0V5O0W1S1L0Z5D0B3J3F4I9B9
19,1900176,형사소송법(일명 태완이법) 조속통과,박정숙,서영교의원,2015-04-15,2015-04-15,법제사법위원회,임기만료폐기,처리의안,https://likms.assembly.go.kr/bill/billDetail.do?billId=PRC_N1N5Z0J4S1E5N1L3G2Y4Q4H6A1L9T9,https://likms.assembly.go.kr/bill/billDetail.do?billId=PRC_N1N5Z0J4S1E5N1L3G2Y4Q4H6A1L9T9
19,1900175,영유아보육법 일부개정법률안,정호영,김성주의원,2015-04-14,2015-04-14,보건복지위원회,임기만료폐기,처리의안,https://likms.assembly.go.kr/bill/billDetail.do?billId=PRC_E1X5S0E4W1N4P1B2J2E4U0H0O7V8A2,https://likms.assembly.go.kr/bill/billDetail.do?billId=PRC_E1X5S0E4W1N4P1B2J2E4U0H0O7V8A2
19,1900174,"국회의원정수,선거구획정위원회 설치 관련 공직선거법 개정",정영태외 12인,심상정의원,2015-04-14,2016-01-12,안전행정위원회,임기만료폐기,처리의안,https://likms.assembly.go.kr/bill/billDetail.do?billId=PRC_E1Z5R0S4J1P4Y0J9L3V0P5F9L9L1N4,https://likms.assembly.go.kr/bill/billDetail.do?billId=PRC_E1Z5R0S4J1P4Y0J9L3V0P5F9L9L1N4
19,1900173,권역별 정당명부 비례대표제 도입을 위한 공직선거법 일부 개정,최병모외 68인,심상정의원,2015-04-07,2016-01-12,안전행정위원회,임기만료폐기,처리의안,https://likms.assembly.go.kr/bill/billDetail.do?billId=PRC_I1B5H0A4C0E7D1K5J3Q2I1U3Q3S3S8,https://likms.assembly.go.kr/bill/billDetail.do?billId=PRC_I1B5H0A4C0E7D1K5J3Q2I1U3Q3S3S8
19,1900172,정부포상 업무지침 개정 권고,박창수외 14인,노웅래의원,2015-03-11,2015-03-13,안전행정위원회,본회의불부의,처리의안,https://likms.assembly.go.kr/bill/billDetail.do?billId=PRC_T1I5C0G3K1T1S1M6B5I0L1V9N7G9Z1,https://likms.assembly.go.kr/bill/billDetail.do?billId=PRC_T1I5C0G3K1T1S1M6B5I0L1V9N7G9Z1
19,1900171,국유지 불하,박정수외 120인,박기춘의원,2015-03-06,2015-03-30,농림축산식품해양수산위원회,임기만료폐기,처리의안,https://likms.assembly.go.kr/bill/billDetail.do?billId=PRC_X1K5N0C3Q0K6B1T6Q3P8Z4X2U7Q9O8,https://likms.assembly.go.kr/bill/billDetail.do?billId=PRC_X1K5N0C3Q0K6B1T6Q3P8Z4X2U7Q9O8
19,1900170,고엽제후유증환자 인정,천막례,김용태의원,2015-02-25,2015-02-26,정무위원회,임기만료폐기,처리의안,https://likms.assembly.go.kr/bill/billDetail.do?billId=PRC_D1L5M0Q2B2N5O1N5Q5Q0U0Y1A0C8D5,https://likms.assembly.go.kr/bill/billDetail.do?billId=PRC_D1L5M0Q2B2N5O1N5Q5Q0U0Y1A0C8D5
19,1900169,국방부의 한미일 군사정보공유 약정 체결 관련 국정조사,정현백외 1인,윤후덕의원,2015-02-25,2015-02-26,국방위원회,본회의불부의,처리의안,https://likms.assembly.go.kr/bill/billDetail.do?billId=PRC_J1Q5G0O2X2V5X0N9W4N2U0A6J4W1N2,https://likms.assembly.go.kr/bill/billDetail.do?billId=PRC_J1Q5G0O2X2V5X0N9W4N2U0A6J4W1N2
19,1900168,특별검사의 수사 및 법관에 대한 탄핵소추에 관한 청원,백은기,김성주의원,2015-02-25,2015-02-26,법제사법위원회,임기만료폐기,처리의안,https://likms.assembly.go.kr/bill/billDetail.do?billId=PRC_Z1F5V0F2P2T5B0N9N2Z7N0C0Z3H0D8,https://likms.assembly.go.kr/bill/billDetail.do?billId=PRC_Z1F5V0F2P2T5B0N9N2Z7N0C0Z3H0D8
19,1900167,과거사정리위원회의 대정부권고사항 이행,박영록,김진태의원 외 153인,2015-02-24,2015-02-26,안전행정위원회,본회의불부의,처리의안,https://likms.assembly.go.kr/bill/billDetail.do?billId=PRC_W1Z5I0Z2C2A4O1M7Y2Z0T0F6Y8U3E9,https://likms.assembly.go.kr/bill/billDetail.do?billId=PRC_W1Z5I0Z2C2A4O1M7Y2Z0T0F6Y8U3E9
19,1900166,이동통신단말장치유통구조개선에관한법률 일부개정법률안,최인숙,우상호의원,2015-02-11,2015-02-12,미래창조과학방송통신위원회,임기만료폐기,처리의안,https://likms.assembly.go.kr/bill/billDetail.do?billId=PRC_R1A5Z0K2W1E1H1L6R4S3H0P3N5V0E8,https://likms.assembly.go.kr/bill/billDetail.do?billId=PRC_R1A5Z0K2W1E1H1L6R4S3H0P3N5V0E8
19,1900165,전기통신사업법 일부개정법률안,최인숙,우상호의원,2015-02-11,2015-02-12,미래창조과학방송통신위원회,임기만료폐기,처리의안,https://likms.assembly.go.kr/bill/billDetail.do?billId=PRC_R1R5L0C2O1E1C1Y5C4C5N4L0P8R0J4,https://likms.assembly.go.kr/bill/billDetail.do?billId=PRC_R1R5L0C2O1E1C1Y5C4C5N4L0P8R0J4
19,1900164,도시 및 주거환경정비법 개정,주원석외 3인,박수현의원,2015-02-03,2015-02-05,국토교통위원회,임기만료폐기,처리의안,https://likms.assembly.go.kr/bill/billDetail.do?billId=PRC_Q1T5J0P2M0O3H1V6H2W2U5Y0C3H1O9,https://likms.assembly.go.kr/bill/billDetail.do?billId=PRC_Q1T5J0P2M0O3H1V6H2W2U5Y0C3H1O9
19,1900163,금융분쟁조정기관의부작위에따른피해보상,박흥식외 5인,박윤옥의원외 1인,2015-02-03,2015-02-05,정무위원회,임기만료폐기,처리의안,https://likms.assembly.go.kr/bill/billDetail.do?billId=PRC_W1Y5A0M2W0O3Z1R4W5K5A3N7V6C6E4,https://likms.assembly.go.kr/bill/billDetail.do?billId=PRC_W1Y5A0M2W0O3Z1R4W5K5A3N7V6C6E4
19,1900162,충의공 정기룡 장군 유적지 정화 및 제사 봉행,"강효일외 1,349인",김종태의원,2015-01-15,2015-01-16,교육문화체육관광위원회,본회의불부의,처리의안,https://likms.assembly.go.kr/bill/billDetail.do?billId=PRC_Q1Q5I0W1R1J5P1Z7U5Q3F2D5C7Q8Z5,https://likms.assembly.go.kr/bill/billDetail.do?billId=PRC_Q1Q5I0W1R1J5P1Z7U5Q3F2D5C7Q8Z5
19,1900161,국민대타협기구 참여,김기옥외 50인,박명재의원,2015-01-15,2015-12-14,안전행정위원회,임기만료폐기,처리의안,https://likms.assembly.go.kr/bill/billDetail.do?billId=PRC_R1W5S0G1Q1S5X1W6D4Y6D3J2D6C4D0,https://likms.assembly.go.kr/bill/billDetail.do?billId=PRC_R1W5S0G1Q1S5X1W6D4Y6D3J2D6C4D0
19,1900160,구 향군묘지(현 국립호국원) 국가기부 따른 국고보조사업 재인가 및 향군자부담 비용 반환,"김광열외 6,407인",이철우의원,2014-12-31,2014-12-31,정무위원회,임기만료폐기,처리의안,https://likms.assembly.go.kr/bill/billDetail.do?billId=PRC_Q1A4K1X2C3G1T1Q0D0G7D4T4I3E1W1,https://likms.assembly.go.kr/bill/billDetail.do?billId=PRC_Q1A4K1X2C3G1T1Q0D0G7D4T4I3E1W1
19,1900159,주택임대차보호법 일부개정법률안,경제정의실천시민연합,박수현의원,2014-12-09,2014-12-11,법제사법위원회,임기만료폐기,처리의안,https://likms.assembly.go.kr/bill/billDetail.do?billId=PRC_W1O4Y1J2Q0M9X1C4V5X3Y3X9V8O1Z2,https://likms.assembly.go.kr/bill/billDetail.do?billId=PRC_W1O4Y1J2Q0M9X1C4V5X3Y3X9V8O1Z2
19,1900158,일반범죄 군사법원 관할 폐지와 군양형위원회 설치를 위한 군사법원법 개정,이창수외 9인,이상민의원,2014-12-03,2014-12-04,법제사법위원회,임기만료폐기,처리의안,https://likms.assembly.go.kr/bill/billDetail.do?billId=PRC_E1Q4B1U2H0N3J1L7B1T4J2J5G1I4S8,https://likms.assembly.go.kr/bill/billDetail.do?billId=PRC_E1Q4B1U2H0N3J1L7B1T4J2J5G1I4S8
19,1900157,군사법원 폐지 등 군사법개혁,이태호외 4인,이상민의원외 4인,2014-12-01,2014-12-03,법제사법위원회,임기만료폐기,처리의안,https://likms.assembly.go.kr/bill/billDetail.do?billId=PRC_V1J4K1M2I0Z1T1L7O3C8M0J9O4S4W2,https://likms.assembly.go.kr/bill/billDetail.do?billId=PRC_V1J4K1M2I0Z1T1L7O3C8M0J9O4S4W2
19,1900156,군인인권보호관 임명 등에 관한 법률 제정,이태호외 4인,김광진의원외 4인,2014-12-01,2014-12-03,국회운영위원회,임기만료폐기,처리의안,https://likms.assembly.go.kr/bill/billDetail.do?billId=PRC_U1H4U1V2X0J1G1T7V3I1A2A2N5D9A9,https://likms.assembly.go.kr/bill/billDetail.do?billId=PRC_U1H4U1V2X0J1G1T7V3I1A2A2N5D9A9
19,1900155,군인의 권리와 의무에 관한 기본법 제정,이태호외 4인,이상민의원외 4인,2014-12-01,2014-12-03,국방위원회,대안반영폐기,처리의안,https://likms.assembly.go.kr/bill/billDetail.do?billId=PRC_Z1W4P1S2R0W1L1M6N2Z4U2E9R5P3Z2,https://likms.assembly.go.kr/bill/billDetail.do?billId=PRC_Z1W4P1S2R0W1L1M6N2Z4U2E9R5P3Z2
19,1900154,기성회 회계처리에 관한 특례법안의 조속통과,장민규외 723인,박주선의원,2014-11-27,2014-11-28,교육문화체육관광위원회,본회의불부의,처리의안,https://likms.assembly.go.kr/bill/billDetail.do?billId=PRC_E1X4H1C1R2G7U1Q5P2N7Q3W3V4S0A5,https://likms.assembly.go.kr/bill/billDetail.do?billId=PRC_E1X4H1C1R2G7U1Q5P2N7Q3W3V4S0A5
19,1900153,세계한민족축전 지속 개최 지원,서상기외 252인,박주선의원,2014-11-18,2014-11-19,교육문화체육관광위원회,본회의불부의,처리의안,https://likms.assembly.go.kr/bill/billDetail.do?billId=PRC_F1V4M1Y1W1K8J1E4R0W9T5Q1A1R9H2,https://likms.assembly.go.kr/bill/billDetail.do?billId=PRC_F1V4M1Y1W1K8J1E4R0W9T5Q1A1R9H2
19,1900152,2.8독립선언일의  국가기념일  지정,"안창원외 4,511인",황인자의원,2014-11-12,2014-11-13,안전행정위원회,본회의불부의,처리의안,https://likms.assembly.go.kr/bill/billDetail.do?billId=PRC_N1U4B1Y1C1K2B1A4Y5Y7E5P2W9H7W8,https://likms.assembly.go.kr/bill/billDetail.do?billId=PRC_N1U4B1Y1C1K2B1A4Y5Y7E5P2W9H7W8
19,1900151,법원조직법 부칙2조(판사임용을 위한 경과조치) 개정 요청,한석현외 323인,이명수의원,2014-11-10,2014-11-11,법제사법위원회,임기만료폐기,처리의안,https://likms.assembly.go.kr/bill/billDetail.do?billId=PRC_Y1G4S1I1R1X0J1V6V2K7D4C8D4N8F7,https://likms.assembly.go.kr/bill/billDetail.do?billId=PRC_Y1G4S1I1R1X0J1V6V2K7D4C8D4N8F7
19,1900150,로클럭 및 검사임용에 있어서의 공개경쟁 요청,한석현,이명수의원,2014-11-10,2014-11-11,법제사법위원회,임기만료폐기,처리의안,https://likms.assembly.go.kr/bill/billDetail.do?billId=PRC_K1E4U1L1P1N0C1D5N2V0X0K9K4Z1F2,https://likms.assembly.go.kr/bill/billDetail.do?billId=PRC_K1E4U1L1P1N0C1D5N2V0X0K9K4Z1F2
19,1900149,지방대학의 수도권이전 제한을 위한 ‘주한미군 공여구역주변지역 등 지원 특별법’ 일부개정,"성명중외 71,455인",송광호의원,2014-11-06,2014-11-06,안전행정위원회,본회의불부의,처리의안,https://likms.assembly.go.kr/bill/billDetail.do?billId=PRC_Q1P4L1T1S0Z6T1U4D2E6P5O4I9K2C3,https://likms.assembly.go.kr/bill/billDetail.do?billId=PRC_Q1P4L1T1S0Z6T1U4D2E6P5O4I9K2C3
19,1900148,수도권 산단 규제완화 정책 철회 촉구,장행준외 13인,신정훈의원,2014-11-06,2014-11-06,국토교통위원회,임기만료폐기,처리의안,https://likms.assembly.go.kr/bill/billDetail.do?billId=PRC_P1H4Q1F1S0N6A1Q1N1W3K4W5R9R6Q5,https://likms.assembly.go.kr/bill/billDetail.do?billId=PRC_P1H4Q1F1S0N6A1Q1N1W3K4W5R9R6Q5
19,1900147,벼 이삭도열병 피해 지원 대책 수립 및 시행,허영우외 13인,신정훈의원,2014-11-05,2014-11-06,농림축산식품해양수산위원회,임기만료폐기,처리의안,https://likms.assembly.go.kr/bill/billDetail.do?billId=PRC_P1W4Y1X1R0E5P1R6W3R7Y5P6P6U0T7,https://likms.assembly.go.kr/bill/billDetail.do?billId=PRC_P1W4Y1X1R0E5P1R6W3R7Y5P6P6U0T7
19,1900146,위례신도시 열병합발전소 용량증설 반대,이용청외 15인,이현재의원,2014-10-23,2014-10-24,산업통상자원위원회,임기만료폐기,처리의안,https://likms.assembly.go.kr/bill/billDetail.do?billId=PRC_F1K4O1R0N2G3Z1H6B4V6P3M7G6B7O5,https://likms.assembly.go.kr/bill/billDetail.do?billId=PRC_F1K4O1R0N2G3Z1H6B4V6P3M7G6B7O5
19,1900145,국가손해배상 청구사건에서 재판을 담당한 법관이 헌법 제27조제1항의 “공정한 재판”받을 권리를 박탈한 재판에서 부당한 목적의 위법한 판결,이용율,유일호의원,2014-09-25,2014-09-26,법제사법위원회,임기만료폐기,처리의안,https://likms.assembly.go.kr/bill/billDetail.do?billId=PRC_U1A4A0W9F2M5N1T8I2O2L5M1E3Y4H5,https://likms.assembly.go.kr/bill/billDetail.do?billId=PRC_U1A4A0W9F2M5N1T8I2O2L5M1E3Y4H5
19,1900144,군용폭발물처리 제대군인 인도적 지뢰제거 활동,김기호,황진하의원,2014-09-18,2014-09-19,국방위원회,본회의불부의,처리의안,https://likms.assembly.go.kr/bill/billDetail.do?billId=PRC_Z1H4D0D9W1O8H1B7K4J4P5K6D7Y4J9,https://likms.assembly.go.kr/bill/billDetail.do?billId=PRC_Z1H4D0D9W1O8H1B7K4J4P5K6D7Y4J9
19,1900143,통상임금정상화·노동시간단축 근로기준법 개정과 노동시간단축·일자리창출특별법 제정,"신승철외 66,627인",이인영의원,2014-08-13,2014-08-13,환경노동위원회,임기만료폐기,처리의안,https://likms.assembly.go.kr/bill/billDetail.do?billId=PRC_U1P4T0P8D1L3I1D0B1F5H3M1V7T5R7,https://likms.assembly.go.kr/bill/billDetail.do?billId=PRC_U1P4T0P8D1L3I1D0B1F5H3M1V7T5R7
19,1900142,방송의 공정성 보장과 청와대 낙하산 및 관피아 방지를 위한 법률 개정(안),전규찬외 6인,우상호의원외 4인,2014-07-22,2014-07-24,미래창조과학방송통신위원회,임기만료폐기,처리의안,https://likms.assembly.go.kr/bill/billDetail.do?billId=PRC_W1M4A0W7R2V2N1I4R2H5T2Z5B2Z1L4,https://likms.assembly.go.kr/bill/billDetail.do?billId=PRC_W1M4A0W7R2V2N1I4R2H5T2Z5B2Z1L4
19,1900141,탄약창 주변지역 지원 법제화 촉구,"이성근,홍봉표,오인철,황기승 등 1,239인",박완주의원외 6인,2014-07-21,2014-07-24,국방위원회,임기만료폐기,처리의안,https://likms.assembly.go.kr/bill/billDetail.do?billId=PRC_F1P4R0Y7O2N1F1X6Q0N8B4N3T2O4J5,https://likms.assembly.go.kr/bill/billDetail.do?billId=PRC_F1P4R0Y7O2N1F1X6Q0N8B4N3T2O4J5
19,1900140,4.16 참사 진실규명 및 안전사회 건설 등을 위한 특별법 제정,김병권외 2인,김명연의원ㆍ부좌현의원,2014-07-09,2014-07-09,농림축산식품해양수산위원회,대안반영폐기,처리의안,https://likms.assembly.go.kr/bill/billDetail.do?billId=PRC_E1Z4S0Z7G0I9Y1C4K2J2T0Y2K3U4X5,https://likms.assembly.go.kr/bill/billDetail.do?billId=PRC_E1Z4S0Z7G0I9Y1C4K2J2T0Y2K3U4X5
19,1900139,밀양송전탑 행정대집행 진상규명 및 책임자 처벌,김민선외 10인,정청래의원외 2인,2014-07-03,2014-07-04,안전행정위원회,임기만료폐기,처리의안,https://likms.assembly.go.kr/bill/billDetail.do?billId=PRC_V1L4J0G7X0T3I0J9P4K4W2R1M9B7D4,https://likms.assembly.go.kr/bill/billDetail.do?billId=PRC_V1L4J0G7X0T3I0J9P4K4W2R1M9B7D4
19,1900138,한국보건의료인국가시험원법안의 조속한 처리,"함현석 김명식외 6,176인",문정림의원,2014-05-30,2014-06-02,보건복지위원회,임기만료폐기,처리의안,https://likms.assembly.go.kr/bill/billDetail.do?billId=PRC_N1Q4N0Y5Z3O0K1F7G1I5I4I7E5H6I9,https://likms.assembly.go.kr/bill/billDetail.do?billId=PRC_N1Q4N0Y5Z3O0K1F7G1I5I4I7E5H6I9
19,1900137,김포국제공항 주변지역의 고도제한 완화,"박창순외 339,560인",신기남의원외 5인,2014-03-20,2014-03-21,국토교통위원회,임기만료폐기,처리의안,https://likms.assembly.go.kr/bill/billDetail.do?billId=PRC_M1L4F0P3F2Q0V1U3Z0R7U4E1T4R8V7,https://likms.assembly.go.kr/bill/billDetail.do?billId=PRC_M1L4F0P3F2Q0V1U3Z0R7U4E1T4R8V7
19,1900136,형제복지원 피해사건 진상규명 및 피해자 생활지원 등에 관한 법률 제정,한종선외 2013인,진선미의원외 1인,2014-03-11,2015-09-11,안전행정위원회,임기만료폐기,처리의안,https://likms.assembly.go.kr/bill/billDetail.do?billId=PRC_P1A4P0T3V1N1J1I4U5V4G0V8T4L9H2,https://likms.assembly.go.kr/bill/billDetail.do?billId=PRC_P1A4P0T3V1N1J1I4U5V4G0V8T4L9H2
19,1900135,서울시 공무원 간첩사건 증거조작 등 진상규명을 위한 특별검사의 임명 등에 관한 법률안,이석태 장주영 송기춘,서기호의원ㆍ송호창의원ㆍ전해철의원ㆍ진선미의원,2014-02-27,2014-02-28,법제사법위원회,임기만료폐기,처리의안,https://likms.assembly.go.kr/bill/billDetail.do?billId=PRC_M1J4V0H2H2N7F1N6N1N8H5M4T0M5Q1,https://likms.assembly.go.kr/bill/billDetail.do?billId=PRC_M1J4V0H2H2N7F1N6N1N8H5M4T0M5Q1
19,1900134,청라국제도시 대우푸르지오 아파트 철근 부실시공 조사 촉구,김상일외 293인,문병호의원,2014-02-19,2014-02-20,국토교통위원회,임기만료폐기,처리의안,https://likms.assembly.go.kr/bill/billDetail.do?billId=PRC_J1L4B0U2B1D9W1T6B4I3Z2P0U5Y8M5,https://likms.assembly.go.kr/bill/billDetail.do?billId=PRC_J1L4B0U2B1D9W1T6B4I3Z2P0U5Y8M5
19,1900133,원자력안전위원회의 규제 권한 및 원자력사업자 관리·감독 강화,이헌석외 10인,최민희의원,2014-02-17,2014-02-19,미래창조과학방송통신위원회,임기만료폐기,처리의안,https://likms.assembly.go.kr/bill/billDetail.do?billId=PRC_N1K4L0U2C1O7B1J3H5F3Q2P7A8E2E4,https://likms.assembly.go.kr/bill/billDetail.do?billId=PRC_N1K4L0U2C1O7B1J3H5F3Q2P7A8E2E4
19,1900132,한미 방위비분담금 청문회 개최,"문규현외 8인(서명 1,933인)",정청래의원외 9인,2014-02-11,2014-02-11,외교통일위원회,본회의불부의,처리의안,https://likms.assembly.go.kr/bill/billDetail.do?billId=PRC_W1A4L0C2L1P1U1V3X3G3K1D2F0T8M1,https://likms.assembly.go.kr/bill/billDetail.do?billId=PRC_W1A4L0C2L1P1U1V3X3G3K1D2F0T8M1
19,1900131,서울시 성북구 정릉. 돈암통합재건축조합 관련 검찰수사에 대한 전면 재조사 실시 요청,박민일외 25인,유승희의원,2014-02-06,2014-02-07,법제사법위원회,임기만료폐기,처리의안,https://likms.assembly.go.kr/bill/billDetail.do?billId=PRC_C1H4A0D2L0A6S1H3R3O1V5X5I9G9I7,https://likms.assembly.go.kr/bill/billDetail.do?billId=PRC_C1H4A0D2L0A6S1H3R3O1V5X5I9G9I7
19,1900130,용산구 마권 장외발매소 확장 이전 반대,"김율옥외 2,140인",진영의원,2014-02-06,2014-02-07,농림축산식품해양수산위원회,임기만료폐기,처리의안,https://likms.assembly.go.kr/bill/billDetail.do?billId=PRC_X1L4N0P2Q0J6K0N9P3X8Q5U1D9C3W6,https://likms.assembly.go.kr/bill/billDetail.do?billId=PRC_X1L4N0P2Q0J6K0N9P3X8Q5U1D9C3W6
19,1900129,교육용 전기요금 인하 법제화 촉구,"김연,김종문,윤경식외 112,271인",박완주의원외 8인,2014-02-04,2014-02-05,산업통상자원위원회,임기만료폐기,처리의안,https://likms.assembly.go.kr/bill/billDetail.do?billId=PRC_Y1R4M0A2B0W4L1R3S2P7Y2C0G4H3W2,https://likms.assembly.go.kr/bill/billDetail.do?billId=PRC_Y1R4M0A2B0W4L1R3S2P7Y2C0G4H3W2
19,1900128,군 급식에 관한 법 제정,최재승,한기호의원,2014-02-03,2014-02-03,국방위원회,본회의불부의,처리의안,https://likms.assembly.go.kr/bill/billDetail.do?billId=PRC_R1Z4L0E2D0N3A0S9P4J0R4P4A0T5W1,https://likms.assembly.go.kr/bill/billDetail.do?billId=PRC_R1Z4L0E2D0N3A0S9P4J0R4P4A0T5W1
19,1900127,노래연습장의 캔맥주 판매허용,"고광원외 27,057인",정갑윤의원,2014-01-17,2014-01-28,교육문화체육관광위원회,임기만료폐기,처리의안,https://likms.assembly.go.kr/bill/billDetail.do?billId=PRC_V1D4G0P1O1L7K1P3E3F9N1D4O4S8W4,https://likms.assembly.go.kr/bill/billDetail.do?billId=PRC_V1D4G0P1O1L7K1P3E3F9N1D4O4S8W4
19,1900126,농업회생,전용표외 514인,김춘진의원,2014-01-14,2014-01-15,농림축산식품해양수산위원회,임기만료폐기,처리의안,https://likms.assembly.go.kr/bill/billDetail.do?billId=PRC_B1J4S0C1Z1Q4N1F6O2Z1A4P2W8D0Q3,https://likms.assembly.go.kr/bill/billDetail.do?billId=PRC_B1J4S0C1Z1Q4N1F6O2Z1A4P2W8D0Q3
19,1900125,독도 주민정착지원에 관한 특별법 제정,권오을,박명재의원외 21인,2014-01-09,2014-01-13,안전행정위원회,임기만료폐기,처리의안,https://likms.assembly.go.kr/bill/billDetail.do?billId=PRC_Z1P4M0A1Z0Q9Q1P5A0M8S2I5W7U8V0,https://likms.assembly.go.kr/bill/billDetail.do?billId=PRC_Z1P4M0A1Z0Q9Q1P5A0M8S2I5W7U8V0
19,1900124,가스공급관리소(가채관리소) 이전,김유창외 27인,김영우의원,2013-12-30,2013-12-31,산업통상자원위원회,철회,처리의안,https://likms.assembly.go.kr/bill/billDetail.do?billId=PRC_D1M3F1G2M3N0Y1D1M3B0O0F2A8P2O5,https://likms.assembly.go.kr/bill/billDetail.do?billId=PRC_D1M3F1G2M3N0Y1D1M3B0O0F2A8P2O5
19,1900123,국가정보원법 및 관련 법률 개정,민경한외 51인,정청래의원,2013-12-23,2014-03-04,정보위원회,임기만료폐기,처리의안,https://likms.assembly.go.kr/bill/billDetail.do?billId=PRC_B1S3X1Z2G2U3Y0Z9M5R3J5L1Y2R2Q7,https://likms.assembly.go.kr/bill/billDetail.do?billId=PRC_B1S3X1Z2G2U3Y0Z9M5R3J5L1Y2R2Q7
19,1900122,침구 및 수지침사 제도화를 위한 의료법 일부개정법률안,이석기외 1만명,조명철의원,2013-12-18,2013-12-19,보건복지위원회,임기만료폐기,처리의안,https://likms.assembly.go.kr/bill/billDetail.do?billId=PRC_O1U3Q1X2M1L8H0H9U2Q0H0F2R5S5N4,https://likms.assembly.go.kr/bill/billDetail.do?billId=PRC_O1U3Q1X2M1L8H0H9U2Q0H0F2R5S5N4
19,1900121,공직선거법 개정,"김태근,박차옥경,이태호",진선미의원,2013-12-12,2016-01-12,안전행정위원회,임기만료폐기,처리의안,https://likms.assembly.go.kr/bill/billDetail.do?billId=PRC_L1T3T1A2R1K2L1K6J1A5Z0Q5J5I6F6,https://likms.assembly.go.kr/bill/billDetail.do?billId=PRC_L1T3T1A2R1K2L1K6J1A5Z0Q5J5I6F6
19,1900120,정치자금법 개정,"김태근,박차옥경,이태호",진선미의원,2013-12-12,2016-01-12,안전행정위원회,임기만료폐기,처리의안,https://likms.assembly.go.kr/bill/billDetail.do?billId=PRC_Z1W3Z1A2N1C2X1I5N5X7V4W7A0R8L5,https://likms.assembly.go.kr/bill/billDetail.do?billId=PRC_Z1W3Z1A2N1C2X1I5N5X7V4W7A0R8L5
19,1900119,국회에서의 증언 · 감정 등에 관한 법률 개정,"김태근,박차옥경,이태호",진선미의원,2013-12-12,2013-12-16,국회운영위원회,임기만료폐기,처리의안,https://likms.assembly.go.kr/bill/billDetail.do?billId=PRC_V1I3D1Y2I1Y2K1F5S1W8E4Z5Q0D9P4,https://likms.assembly.go.kr/bill/billDetail.do?billId=PRC_V1I3D1Y2I1Y2K1F5S1W8E4Z5Q0D9P4
19,1900118,인사청문회법 개정,"김태근,박차옥경,이태호",진선미의원,2013-12-12,2013-12-16,국회운영위원회,임기만료폐기,처리의안,https://likms.assembly.go.kr/bill/billDetail.do?billId=PRC_Z1Z3S1J2A1Z2T1A5S0N4P5T6Z8G9O0,https://likms.assembly.go.kr/bill/billDetail.do?billId=PRC_Z1Z3S1J2A1Z2T1A5S0N4P5T6Z8G9O0
19,1900117,국회법 개정,"김태근,박차옥경,이태호",진선미의원,2013-12-12,2013-12-16,국회운영위원회,임기만료폐기,처리의안,https://likms.assembly.go.kr/bill/billDetail.do?billId=PRC_T1D3S1W2M1I2F1B4A3W6Q3I0E0X3A2,https://likms.assembly.go.kr/bill/billDetail.do?billId=PRC_T1D3S1W2M1I2F1B4A3W6Q3I0E0X3A2
19,1900116,정당법 개정,"김태근,박차옥경,이태호",진선미의원,2013-12-12,2016-01-12,안전행정위원회,임기만료폐기,처리의안,https://likms.assembly.go.kr/bill/billDetail.do?billId=PRC_E1R3V1C2U1M2S1I4A0Q3E3M8B5S3B2,https://likms.assembly.go.kr/bill/billDetail.do?billId=PRC_E1R3V1C2U1M2S1I4A0Q3E3M8B5S3B2
19,1900115,부패방지 및 국민권익위원회의 설치와 운영에 관한 법률 일부개정안,이석태,이학영의원,2013-12-12,2013-12-16,정무위원회,임기만료폐기,처리의안,https://likms.assembly.go.kr/bill/billDetail.do?billId=PRC_K1S3M1A2Z1R2P1C3L2L9O5P6N7T2Q4,https://likms.assembly.go.kr/bill/billDetail.do?billId=PRC_K1S3M1A2Z1R2P1C3L2L9O5P6N7T2Q4
19,1900114,공익신고자 보호법 개정,이석태,서기호의원,2013-12-12,2013-12-16,정무위원회,대안반영폐기,처리의안,https://likms.assembly.go.kr/bill/billDetail.do?billId=PRC_K1W3X1Q2E1F2H1L0B0G1J1V2V1P2J3,https://likms.assembly.go.kr/bill/billDetail.do?billId=PRC_K1W3X1Q2E1F2H1L0B0G1J1V2V1P2J3
19,1900113,공직선거법 개정,정진우외 8인,홍의락의원,2013-12-11,2016-01-12,안전행정위원회,임기만료폐기,처리의안,https://likms.assembly.go.kr/bill/billDetail.do?billId=PRC_N1K3J1E2N1L1T1P5U0Y9V5I6B1H1B8,https://likms.assembly.go.kr/bill/billDetail.do?billId=PRC_N1K3J1E2N1L1T1P5U0Y9V5I6B1H1B8
19,1900112,소비자집단소송법 제정,안진걸,서영교의원,2013-11-29,2013-12-03,정무위원회,임기만료폐기,처리의안,https://likms.assembly.go.kr/bill/billDetail.do?billId=PRC_L1N3W1W2Q0W2I0H9P1F8W3R1G8Z5U0,https://likms.assembly.go.kr/bill/billDetail.do?billId=PRC_L1N3W1W2Q0W2I0H9P1F8W3R1G8Z5U0
19,1900111,효창공원 국립묘지 입법추진 반대,"최용근외 24,999인",진영의원외 1인,2013-11-29,2013-12-03,정무위원회,임기만료폐기,처리의안,https://likms.assembly.go.kr/bill/billDetail.do?billId=PRC_J1Y3O1W1Q2L9S1E5C1T5S0N2L7R9D4,https://likms.assembly.go.kr/bill/billDetail.do?billId=PRC_J1Y3O1W1Q2L9S1E5C1T5S0N2L7R9D4
19,1900110,교육용전기요금 인하 법제화,"정연분외 46,338인",김태년의원ㆍ부좌현의원외 4인,2013-11-28,2013-11-29,산업통상자원위원회,임기만료폐기,처리의안,https://likms.assembly.go.kr/bill/billDetail.do?billId=PRC_I1L3L1Z1Q2E8D1A3G4D6D2I9D5N9K9,https://likms.assembly.go.kr/bill/billDetail.do?billId=PRC_I1L3L1Z1Q2E8D1A3G4D6D2I9D5N9K9
19,1900109,집회 및 시위에 관한 법률 개정,"박차옥경, 이태호",이학영의원,2013-11-18,2013-11-19,안전행정위원회,본회의불부의,처리의안,https://likms.assembly.go.kr/bill/billDetail.do?billId=PRC_Q1L3J1Y1K1W8T0L9X0I6I4S6B2D0Q9,https://likms.assembly.go.kr/bill/billDetail.do?billId=PRC_Q1L3J1Y1K1W8T0L9X0I6I4S6B2D0Q9
19,1900108,국회법 등 개정,"박차옥경, 이태호",이학영의원,2013-11-18,2013-11-19,국회운영위원회,임기만료폐기,처리의안,https://likms.assembly.go.kr/bill/billDetail.do?billId=PRC_Z1H3C1Q1Z1U8G0X9K0Y5L0U4T5Q8G5,https://likms.assembly.go.kr/bill/billDetail.do?billId=PRC_Z1H3C1Q1Z1U8G0X9K0Y5L0U4T5Q8G5
19,1900107,불법한 처분과 판결에 대한 진실규명,남종훈,이진복의원,2013-11-12,2013-11-14,법제사법위원회,임기만료폐기,처리의안,https://likms.assembly.go.kr/bill/billDetail.do?billId=PRC_Q1D3F1O1B1A2S1M6Y4R6C2E4Q4U0Y2,https://likms.assembly.go.kr/bill/billDetail.do?billId=PRC_Q1D3F1O1B1A2S1M6Y4R6C2E4Q4U0Y2
19,1900106,영업용 택시 영종대교 진입시 통행료 지불의 부당함,권희정외 329인,문병호의원,2013-11-11,2013-11-12,국토교통위원회,임기만료폐기,처리의안,https://likms.assembly.go.kr/bill/billDetail.do?billId=PRC_G1F3N1W1C1G1T1K7K4T2S4U1I4O3S7,https://likms.assembly.go.kr/bill/billDetail.do?billId=PRC_G1F3N1W1C1G1T1K7K4T2S4U1I4O3S7
19,1900105,사법시험 존치를 위한 변호사시험법 개정 입법,위철환,이우현의원,2013-11-08,2013-11-12,법제사법위원회,임기만료폐기,처리의안,https://likms.assembly.go.kr/bill/billDetail.do?billId=PRC_G1G3R1I1R0U8H1P5X2D3I2Z4Q3Y3A2,https://likms.assembly.go.kr/bill/billDetail.do?billId=PRC_G1G3R1I1R0U8H1P5X2D3I2Z4Q3Y3A2
19,1900104,"국가정보원, 국군사이버사령부 등 국가기관의 대선불법개입 사건 등에 대한 특별검사 임명에 관한 법률 제정",이석태외 3인,김기식의원,2013-11-05,2013-11-07,법제사법위원회,임기만료폐기,처리의안,https://likms.assembly.go.kr/bill/billDetail.do?billId=PRC_R1F3N1S1P0S5U1T0B3K6H0L2M7Y1I1,https://likms.assembly.go.kr/bill/billDetail.do?billId=PRC_R1F3N1S1P0S5U1T0B3K6H0L2M7Y1I1
19,1900103,안중근의사광장 조성,안응모,김태호의원,2013-10-30,2013-10-31,안전행정위원회,임기만료폐기,처리의안,https://likms.assembly.go.kr/bill/billDetail.do?billId=PRC_C1H3B1B0G3C0X1O4O1J3J1G7K3D1P9,https://likms.assembly.go.kr/bill/billDetail.do?billId=PRC_C1H3B1B0G3C0X1O4O1J3J1G7K3D1P9
19,1900102,홍무18년 고려총통 국보지정 재심요청,김병국,신학용의원,2013-10-28,2013-10-31,교육문화체육관광위원회,임기만료폐기,처리의안,https://likms.assembly.go.kr/bill/billDetail.do?billId=PRC_R1Y3O1U0D2P8B1G0E2F3W2G8B9L9P3,https://likms.assembly.go.kr/bill/billDetail.do?billId=PRC_R1Y3O1U0D2P8B1G0E2F3W2G8B9L9P3
19,1900101,어린이 통학차량 안전대책,"박경실외 7,697인",이철우의원,2013-10-15,2013-10-16,국토교통위원회,철회,처리의안,https://likms.assembly.go.kr/bill/billDetail.do?billId=PRC_W1V3U1A0W1S5K1E7R2Q5B1O3N9C2B8,https://likms.assembly.go.kr/bill/billDetail.do?billId=PRC_W1V3U1A0W1S5K1E7R2Q5B1O3N9C2B8
19,1900100,변호사시험법 및 변호사법 일부개정,이관희외 133인,정갑윤의원,2013-10-11,2013-10-14,법제사법위원회,임기만료폐기,처리의안,https://likms.assembly.go.kr/bill/billDetail.do?billId=PRC_G1H3N1V0S1H1L1X3P5Q9V3W8E3V4K8,https://likms.assembly.go.kr/bill/billDetail.do?billId=PRC_G1H3N1V0S1H1L1X3P5Q9V3W8E3V4K8
19,1900099,법학전문대학원 설치 · 운영에 관한 법률,이관희외 133인,정갑윤의원,2013-10-11,2013-10-14,교육문화체육관광위원회,임기만료폐기,처리의안,https://likms.assembly.go.kr/bill/billDetail.do?billId=PRC_I1I3N1U0X1H1G1Q3C3D6J3Y1Q2O5H1,https://likms.assembly.go.kr/bill/billDetail.do?billId=PRC_I1I3N1U0X1H1G1Q3C3D6J3Y1Q2O5H1
19,1900098,송 변전시설 주변지역의 지원에 관한 법률(안) 제정,장주영외 21인,장하나의원외 3인,2013-09-25,2013-09-26,산업통상자원위원회,임기만료폐기,처리의안,https://likms.assembly.go.kr/bill/billDetail.do?billId=PRC_E1Z3E0H9G2J5H1Z7F1I1B0F7B1Y6R4,https://likms.assembly.go.kr/bill/billDetail.do?billId=PRC_E1Z3E0H9G2J5H1Z7F1I1B0F7B1Y6R4
19,1900097,무용교사자격증 독립,김화숙외 40인,이재오의원,2013-09-23,2013-09-26,교육문화체육관광위원회,철회,처리의안,https://likms.assembly.go.kr/bill/billDetail.do?billId=PRC_V1P3O0R9Q2I3Y1T6R0R4P5B7S2B4D2,https://likms.assembly.go.kr/bill/billDetail.do?billId=PRC_V1P3O0R9Q2I3Y1T6R0R4P5B7S2B4D2
19,1900096,폐기물관리법 개정,김윤문외 354인,남인순의원외 1인,2013-09-13,2013-09-16,환경노동위원회,임기만료폐기,처리의안,https://likms.assembly.go.kr/bill/billDetail.do?billId=PRC_A1P3P0J9C1J2C1G6Z2W2N1L7H8B7Y6,https://likms.assembly.go.kr/bill/billDetail.do?billId=PRC_A1P3P0J9C1J2C1G6Z2W2N1L7H8B7Y6
19,1900095,공공택지내 기반시설설치 장기지연에 따른 주택업체 피해 구제책 마련,"박창민, 김충재",이이재의원,2013-09-12,2013-09-13,국토교통위원회,본회의불부의,처리의안,https://likms.assembly.go.kr/bill/billDetail.do?billId=PRC_F1I3W0W9R1P2D0L9C3A5R4W8R6U9C3,https://likms.assembly.go.kr/bill/billDetail.do?billId=PRC_F1I3W0W9R1P2D0L9C3A5R4W8R6U9C3
19,1900094,고등법원 원외재판부 및 가정법원 울산설치,"정희권, 박기준외 108,908인",정갑윤의원외 5인,2013-09-09,2013-09-11,법제사법위원회,임기만료폐기,처리의안,https://likms.assembly.go.kr/bill/billDetail.do?billId=PRC_J1J3X0U9D0N9X1S6B3F4I1V3P1V1H3,https://likms.assembly.go.kr/bill/billDetail.do?billId=PRC_J1J3X0U9D0N9X1S6B3F4I1V3P1V1H3
19,1900093,범죄단체의 해산 등에 관한 법률안,"권유미외 28,399인",심재철의원,2013-09-05,2013-09-06,법제사법위원회,임기만료폐기,처리의안,https://likms.assembly.go.kr/bill/billDetail.do?billId=PRC_C1R3M0C9J0L5Y1J1Z0T4L1B4B1N6P5,https://likms.assembly.go.kr/bill/billDetail.do?billId=PRC_C1R3M0C9J0L5Y1J1Z0T4L1B4B1N6P5
19,1900092,재외동포(싱가포르 한인)의 병역개선,정건진외 501인,김성곤의원,2013-09-03,2013-09-05,국방위원회,본회의불부의,처리의안,https://likms.assembly.go.kr/bill/billDetail.do?billId=PRC_L1F3F0Y9E0F3A1U5V3M0Y2W1Y9N0D2,https://likms.assembly.go.kr/bill/billDetail.do?billId=PRC_L1F3F0Y9E0F3A1U5V3M0Y2W1Y9N0D2
19,1900091,기계식 주차장의 실질적 주차공간 활용,김병철,문병호의원,2013-09-02,2013-09-05,국토교통위원회,본회의불부의,처리의안,https://likms.assembly.go.kr/bill/billDetail.do?billId=PRC_R1C3D0L9T0U2B1N0W0C7N2F8V2P8O3,https://likms.assembly.go.kr/bill/billDetail.do?billId=PRC_R1C3D0L9T0U2B1N0W0C7N2F8V2P8O3
19,1900090,한국장학재단 설립 등에 관한 법률 개정법률안,안진걸,정진후의원,2013-08-19,2013-08-22,교육문화체육관광위원회,임기만료폐기,처리의안,https://likms.assembly.go.kr/bill/billDetail.do?billId=PRC_G1L3S0Y8Z2F0H1R0Q1L0E3N1S1G8R1,https://likms.assembly.go.kr/bill/billDetail.do?billId=PRC_G1L3S0Y8Z2F0H1R0Q1L0E3N1S1G8R1
19,1900089,고등교육법 개정법률안,안진걸,정진후의원,2013-08-19,2013-08-22,교육문화체육관광위원회,임기만료폐기,처리의안,https://likms.assembly.go.kr/bill/billDetail.do?billId=PRC_G1A3F0E8M2K0S0F9H3S4X2N0F3H7K2,https://likms.assembly.go.kr/bill/billDetail.do?billId=PRC_G1A3F0E8M2K0S0F9H3S4X2N0F3H7K2
19,1900088,취업 후 학자금 상환 특별법 개정법률안,안진걸,정진후의원,2013-08-19,2013-08-22,교육문화체육관광위원회,임기만료폐기,처리의안,https://likms.assembly.go.kr/bill/billDetail.do?billId=PRC_P1H3Y0X8T1F9I1D0L3Q8B4H0R1P6S2,https://likms.assembly.go.kr/bill/billDetail.do?billId=PRC_P1H3Y0X8T1F9I1D0L3Q8B4H0R1P6S2
19,1900087,사회복지세 도입,오건호,심상정의원,2013-08-08,2013-08-19,기획재정위원회,임기만료폐기,처리의안,https://likms.assembly.go.kr/bill/billDetail.do?billId=PRC_K1I3C0I8K0I9T1L0G3A4G0V4I4L8P6,https://likms.assembly.go.kr/bill/billDetail.do?billId=PRC_K1I3C0I8K0I9T1L0G3A4G0V4I4L8P6
19,1900086,"울산 혁신도시의 고가차도(서동고가차도) 건설 반대 및 평면교차로, 지하차도 건설 촉구","이상구외 4,494인",정갑윤의원,2013-08-02,2013-08-02,국토교통위원회,원안가결,처리의안,https://likms.assembly.go.kr/bill/billDetail.do?billId=PRC_T1Y3C0Z8A0B2L1X5R2L2Q3N8R8R1T3,https://likms.assembly.go.kr/bill/billDetail.do?billId=PRC_T1Y3C0Z8A0B2L1X5R2L2Q3N8R8R1T3
19,1900085,공직자윤리법 일부개정법률안,이석태,서영교의원,2013-07-24,2013-07-31,안전행정위원회,임기만료폐기,처리의안,https://likms.assembly.go.kr/bill/billDetail.do?billId=PRC_Y1G3Z0D7V2W5V0N8S2C0E1N1Q2O9T1,https://likms.assembly.go.kr/bill/billDetail.do?billId=PRC_Y1G3Z0D7V2W5V0N8S2C0E1N1Q2O9T1
19,1900084,6.25참전 소년지원병의 예우 및 지원,심상은외 295인,한선교의원외 6인,2013-07-19,2013-07-31,정무위원회,임기만료폐기,처리의안,https://likms.assembly.go.kr/bill/billDetail.do?billId=PRC_G1K3R0K7S2Z3T1Q6Q5Z4G1S8A0M7Q3,https://likms.assembly.go.kr/bill/billDetail.do?billId=PRC_G1K3R0K7S2Z3T1Q6Q5Z4G1S8A0M7Q3
19,1900083,"신한금융지주와 라응찬 전 회장에 대한 불법비리행위 봐주기 의혹 관련, 금융위,금감원,국세청,검찰 등에 대한 감사원 감사요구",안진걸,정호준의원외 9인,2013-07-17,2013-07-19,정무위원회,임기만료폐기,처리의안,https://likms.assembly.go.kr/bill/billDetail.do?billId=PRC_P1R3Z0B7Z1I7Y1T5C1N7H3M4O5U8E9,https://likms.assembly.go.kr/bill/billDetail.do?billId=PRC_P1R3Z0B7Z1I7Y1T5C1N7H3M4O5U8E9
19,1900082,노인복지청 설립,"이심외 1,316,591인",홍문표의원,2013-07-15,2013-07-17,안전행정위원회,임기만료폐기,처리의안,https://likms.assembly.go.kr/bill/billDetail.do?billId=PRC_N1X3O0Q7V1H5P1E0X3F7P2Q6V7A2P3,https://likms.assembly.go.kr/bill/billDetail.do?billId=PRC_N1X3O0Q7V1H5P1E0X3F7P2Q6V7A2P3
19,1900081,농촌산업기지(단지)화 관련 특별법 제정,박흥서,김춘진의원,2013-07-09,2013-07-10,농림축산식품해양수산위원회,임기만료폐기,처리의안,https://likms.assembly.go.kr/bill/billDetail.do?billId=PRC_I1R3R0K7A0F9K1L5E0T3Z5A7J9J6C8,https://likms.assembly.go.kr/bill/billDetail.do?billId=PRC_I1R3R0K7A0F9K1L5E0T3Z5A7J9J6C8
19,1900080,근로기준법 개정,정진제,김용태의원,2013-07-01,2013-07-03,환경노동위원회,임기만료폐기,처리의안,https://likms.assembly.go.kr/bill/billDetail.do?billId=PRC_D1O3F0U7K0E1O1T6M2V5P1Y8K8V8V0,https://likms.assembly.go.kr/bill/billDetail.do?billId=PRC_D1O3F0U7K0E1O1T6M2V5P1Y8K8V8V0
19,1900079,군형법 제92조의6 폐지,"김광수,박래군,백미순",진선미의원외 2인,2013-06-28,2013-07-03,법제사법위원회,임기만료폐기,처리의안,https://likms.assembly.go.kr/bill/billDetail.do?billId=PRC_G1F3H0W6B2O8L1F6Y5F0Y2L7E9W9O6,https://likms.assembly.go.kr/bill/billDetail.do?billId=PRC_G1F3H0W6B2O8L1F6Y5F0Y2L7E9W9O6
19,1900078,"비학교법인 특수학교, 학교법인 변경 시 ‘수익용 기본 재산’의 한시적 면제",김양수외 20인,김세연의원,2013-06-26,2013-06-28,교육문화체육관광위원회,본회의에 부의하지 아니하기로 의결,처리의안,https://likms.assembly.go.kr/bill/billDetail.do?billId=PRC_B1G3O0O6H2O6T1G0F1S5L5B0Y8D0E3,https://likms.assembly.go.kr/bill/billDetail.do?billId=PRC_B1G3O0O6H2O6T1G0F1S5L5B0Y8D0E3
19,1900077,금융소비자보호법 제정,백주선,이학영의원,2013-06-19,2013-06-24,정무위원회,임기만료폐기,처리의안,https://likms.assembly.go.kr/bill/billDetail.do?billId=PRC_W1A3T0I6P1X9A1J8L1V8P4C5D1D5T3,https://likms.assembly.go.kr/bill/billDetail.do?billId=PRC_W1A3T0I6P1X9A1J8L1V8P4C5D1D5T3
19,1900076,군용비행장 주변지역 소음피해 보상 및 지원에 관한 법률 입법,박장원외 11인,신장용의원,2013-06-19,2013-06-24,국방위원회,임기만료폐기,처리의안,https://likms.assembly.go.kr/bill/billDetail.do?billId=PRC_M1V3C0S6R1S9A1A8I1I1T4A6H5D0X0,https://likms.assembly.go.kr/bill/billDetail.do?billId=PRC_M1V3C0S6R1S9A1A8I1I1T4A6H5D0X0
19,1900075,국립현충원 일본 수종 제거,김영준,김민기의원,2013-06-05,2013-06-10,국방위원회,원안가결,처리의안,https://likms.assembly.go.kr/bill/billDetail.do?billId=PRC_X1H3J0W6E0K9M1B4E3A7Q3Y5L1D1W0,https://likms.assembly.go.kr/bill/billDetail.do?billId=PRC_X1H3J0W6E0K9M1B4E3A7Q3Y5L1D1W0
19,1900074,국회의원 면책특권 제한,조영환외 74인,주호영의원,2013-05-23,2013-05-27,법제사법위원회,임기만료폐기,처리의안,https://likms.assembly.go.kr/bill/billDetail.do?billId=PRC_V1C3K0B5X2R3W1Z1B2T7C2X0C5E5Z6,https://likms.assembly.go.kr/bill/billDetail.do?billId=PRC_V1C3K0B5X2R3W1Z1B2T7C2X0C5E5Z6
19,1900073,축산물 위생관리법 개정안중 책임수의사제도 폐지반대,안동원외 1인,김재경의원,2013-05-21,2013-05-27,보건복지위원회,본회의불부의,처리의안,https://likms.assembly.go.kr/bill/billDetail.do?billId=PRC_P1R3K0T5C2C1J1P4C1H4K4U9F7K3B0,https://likms.assembly.go.kr/bill/billDetail.do?billId=PRC_P1R3K0T5C2C1J1P4C1H4K4U9F7K3B0
19,1900072,대리점거래의 공정화에 관한 법률 제정안,안진걸,우원식의원ㆍ이종걸의원ㆍ민병두의원ㆍ김제남의원,2013-05-15,2013-05-16,정무위원회,대안반영폐기,처리의안,https://likms.assembly.go.kr/bill/billDetail.do?billId=PRC_U1A3I0D5R1A5K1S1L4T2J0M8N1L2F7,https://likms.assembly.go.kr/bill/billDetail.do?billId=PRC_U1A3I0D5R1A5K1S1L4T2J0M8N1L2F7
19,1900071,서해 5도 지원 특별법 개정,김필우,신학용의원외 2인,2013-05-14,2013-05-16,안전행정위원회,임기만료폐기,처리의안,https://likms.assembly.go.kr/bill/billDetail.do?billId=PRC_Q1F3F0U5S1O4O1W7M0P6I2B9N6O2M1,https://likms.assembly.go.kr/bill/billDetail.do?billId=PRC_Q1F3F0U5S1O4O1W7M0P6I2B9N6O2M1
19,1900070,상속회복 또는 유류분반환 소송에 따른 상속세 납부,홍혜숙,김태흠의원외 1인,2013-05-08,2013-05-10,기획재정위원회,철회,처리의안,https://likms.assembly.go.kr/bill/billDetail.do?billId=PRC_P1V3N0I5H0D8O1C6Z0E9M3N7K1E4U1,https://likms.assembly.go.kr/bill/billDetail.do?billId=PRC_P1V3N0I5H0D8O1C6Z0E9M3N7K1E4U1
19,1900069,지방분권강화 및 지방자치활성화에 관한 법률 제정,황한식,황주홍의원,2013-04-30,2013-05-02,안전행정위원회,임기만료폐기,처리의안,https://likms.assembly.go.kr/bill/billDetail.do?billId=PRC_N1A3Y0N4A3O0Z1J6L2V4M0W4C5A2R1,https://likms.assembly.go.kr/bill/billDetail.do?billId=PRC_N1A3Y0N4A3O0Z1J6L2V4M0W4C5A2R1
19,1900068,국가공사 법령 및 정관 · 규정 제 · 개정,김병철,문병호의원,2013-04-23,2013-04-30,국토교통위원회,본회의불부의,처리의안,https://likms.assembly.go.kr/bill/billDetail.do?billId=PRC_E1O3S0U4G2H3D1M5L5Y5G2J0A1K6C7,https://likms.assembly.go.kr/bill/billDetail.do?billId=PRC_E1O3S0U4G2H3D1M5L5Y5G2J0A1K6C7
19,1900067,재외국민보호법의 신속한 입법,임도재외 1098인,김성곤의원ㆍ원유철의원,2013-04-23,2013-04-30,외교통일위원회,임기만료폐기,처리의안,https://likms.assembly.go.kr/bill/billDetail.do?billId=PRC_L1H3H0V4U2P3Y1Z4U1N6N0E5G7O2K8,https://likms.assembly.go.kr/bill/billDetail.do?billId=PRC_L1H3H0V4U2P3Y1Z4U1N6N0E5G7O2K8
19,1900066,농림수산업자 신용보증법 개정,박상희,정문헌의원,2013-04-16,2013-04-19,정무위원회,임기만료폐기,처리의안,https://likms.assembly.go.kr/bill/billDetail.do?billId=PRC_E1E3W0O4A1N6P1Y5G2B5A5M6K2P0Y3,https://likms.assembly.go.kr/bill/billDetail.do?billId=PRC_E1E3W0O4A1N6P1Y5G2B5A5M6K2P0Y3
19,1900065,공중위생관리법 일부개정,이영순외 13인,심재철의원,2013-04-11,2013-04-12,보건복지위원회,임기만료폐기,처리의안,https://likms.assembly.go.kr/bill/billDetail.do?billId=PRC_D1G3J0L4H1Y1F1M5L4Y2K4G5A8O1N2,https://likms.assembly.go.kr/bill/billDetail.do?billId=PRC_D1G3J0L4H1Y1F1M5L4Y2K4G5A8O1N2
19,1900064,LH공사 인천지역본부 신축다세대 매입 촉구,최병협외 5인,문병호의원,2013-04-10,2013-04-12,국토교통위원회,본회의불부의,처리의안,https://likms.assembly.go.kr/bill/billDetail.do?billId=PRC_I1Y3Y0O4N1A0W1C5J3P0I0Z5F7A3L5,https://likms.assembly.go.kr/bill/billDetail.do?billId=PRC_I1Y3Y0O4N1A0W1C5J3P0I0Z5F7A3L5
19,1900063,서남대학교 폐쇄반대 및 정상화 촉구,"이병채외 30,103인",강동원의원외 7인,2013-04-09,2013-04-10,교육문화체육관광위원회,본회의에 부의하지 아니하기로 의결,처리의안,https://likms.assembly.go.kr/bill/billDetail.do?billId=PRC_I1N3Y0D4D0Q9Q1H5Y5N8G3I6A1N4J4,https://likms.assembly.go.kr/bill/billDetail.do?billId=PRC_I1N3Y0D4D0Q9Q1H5Y5N8G3I6A1N4J4
19,1900062,법적절차 의무이행 등,이선희,박민수의원외 1인,2013-03-27,2013-04-03,농림축산식품해양수산위원회,임기만료폐기,처리의안,https://likms.assembly.go.kr/bill/billDetail.do?billId=PRC_M1H3V0L4P0N1Q0R9T4H0H0Y9N8M2U8,https://likms.assembly.go.kr/bill/billDetail.do?billId=PRC_M1H3V0L4P0N1Q0R9T4H0H0Y9N8M2U8
19,1900061,정신보건시설 불법감금 방지,전혜경,김춘진의원,2013-03-22,2013-03-26,보건복지위원회,임기만료폐기,처리의안,https://likms.assembly.go.kr/bill/billDetail.do?billId=PRC_J1H3C0M3P2M5C0X9N5W7K4F5Y7A2D9,https://likms.assembly.go.kr/bill/billDetail.do?billId=PRC_J1H3C0M3P2M5C0X9N5W7K4F5Y7A2D9
19,1900060,국가정보원법 전부개정법률안,장주영외 5인,진성준의원외 1인,2013-03-14,2013-03-18,정보위원회,임기만료폐기,처리의안,https://likms.assembly.go.kr/bill/billDetail.do?billId=PRC_D1P3G0N3X1H4W1A7W2G6G4D9D0G9U5,https://likms.assembly.go.kr/bill/billDetail.do?billId=PRC_D1P3G0N3X1H4W1A7W2G6G4D9D0G9U5
19,1900059,국회법 개정법률안,장주영외 5인,진성준의원,2013-03-14,2013-03-18,국회운영위원회,임기만료폐기,처리의안,https://likms.assembly.go.kr/bill/billDetail.do?billId=PRC_Y1F3C0Y3F1X4L1Z0S4R7O0P3F5M5E2,https://likms.assembly.go.kr/bill/billDetail.do?billId=PRC_Y1F3C0Y3F1X4L1Z0S4R7O0P3F5M5E2
19,1900058,론스타의 외환은행 인수·매각 사건 국정조사,이석태,김기준의원,2013-03-08,2013-03-11,정무위원회,임기만료폐기,처리의안,https://likms.assembly.go.kr/bill/billDetail.do?billId=PRC_N1V3R0S3E0G8W1M0J1F1V3T2Q3F8B7,https://likms.assembly.go.kr/bill/billDetail.do?billId=PRC_N1V3R0S3E0G8W1M0J1F1V3T2Q3F8B7
19,1900057,제주해군기지 건설의 민군복합형 관광미항 타당성 국회검증,이석태,장하나의원,2013-03-08,2013-03-11,국방위원회,본회의불부의,처리의안,https://likms.assembly.go.kr/bill/billDetail.do?billId=PRC_P1L3A0Q3Z0H8U1H0S0X9I0H1I8W7X1,https://likms.assembly.go.kr/bill/billDetail.do?billId=PRC_P1L3A0Q3Z0H8U1H0S0X9I0H1I8W7X1
19,1900056,용산철거민 농성 강제진압사건 국정조사,이석태,진선미의원,2013-03-08,2013-03-11,안전행정위원회,임기만료폐기,처리의안,https://likms.assembly.go.kr/bill/billDetail.do?billId=PRC_E1S3P0N3X0O8Z1O0C0Y1N1K3O7H8T8,https://likms.assembly.go.kr/bill/billDetail.do?billId=PRC_E1S3P0N3X0O8Z1O0C0Y1N1K3O7H8T8
19,1900055,정부의 언론장악 사건 국정조사,이석태,최재천의원,2013-03-08,2013-03-11,미래창조과학방송통신위원회,임기만료폐기,처리의안,https://likms.assembly.go.kr/bill/billDetail.do?billId=PRC_Y1B3Q0N3N0Y8W0I9M3N7X1X4C6Z7Z1,https://likms.assembly.go.kr/bill/billDetail.do?billId=PRC_Y1B3Q0N3N0Y8W0I9M3N7X1X4C6Z7Z1
19,1900054,방송통신위원회의 설치 및 운영에 관한 법률 일부개정법률안,전규찬외 2인,신경민의원,2013-02-04,2013-02-05,미래창조과학방송통신위원회,임기만료폐기,처리의안,https://likms.assembly.go.kr/bill/billDetail.do?billId=PRC_L1H3P0M2P0E4G1V9N4B3R3M3A6M2M6,https://likms.assembly.go.kr/bill/billDetail.do?billId=PRC_L1H3P0M2P0E4G1V9N4B3R3M3A6M2M6
19,1900053,제18대 대통령 선거 수개표,"한서정외 1,990인",정청래의원,2013-01-15,2013-01-16,안전행정위원회,임기만료폐기,처리의안,https://likms.assembly.go.kr/bill/billDetail.do?billId=PRC_G1A3F0L1U1K6S0M8D5A7A3R7U4R1Z6,https://likms.assembly.go.kr/bill/billDetail.do?billId=PRC_G1A3F0L1U1K6S0M8D5A7A3R7U4R1Z6
19,1900052,공중위생관리법 개정,조수경외 25인,남인순의원,2013-01-07,2013-01-09,보건복지위원회,임기만료폐기,처리의안,https://likms.assembly.go.kr/bill/billDetail.do?billId=PRC_N1W3X0D1N0V7K1E3J1G0S4V9P4T0A0,https://likms.assembly.go.kr/bill/billDetail.do?billId=PRC_N1W3X0D1N0V7K1E3J1G0S4V9P4T0A0
19,1900051,국가보훈처(차관급)를 국가보훈부(장관급)로의 승격,"유영옥외 47,075인",송영근의원,2012-12-18,2012-12-24,안전행정위원회,임기만료폐기,처리의안,https://likms.assembly.go.kr/bill/billDetail.do?billId=PRC_Z1O2V1U2Z2A0F1U0F3H7E4Y2H7D4S5,https://likms.assembly.go.kr/bill/billDetail.do?billId=PRC_Z1O2V1U2Z2A0F1U0F3H7E4Y2H7D4S5
19,1900050,전자개표기 사용중단 권고결의,"권영해외 2,981인",송영근의원,2012-12-03,2012-12-03,안전행정위원회,임기만료폐기,처리의안,https://likms.assembly.go.kr/bill/billDetail.do?billId=PRC_V1Z2C1K2A0Z3D1B2Z1Y2I3M5W7N0A6,https://likms.assembly.go.kr/bill/billDetail.do?billId=PRC_V1Z2C1K2A0Z3D1B2Z1Y2I3M5W7N0A6
19,1900049,공직선거법 개정,"한지혜외 51,077인",진선미의원외 3인,2012-11-15,2016-01-12,안전행정위원회,임기만료폐기,처리의안,https://likms.assembly.go.kr/bill/billDetail.do?billId=PRC_U1H2Q1L1Y1K5X1U4B3R3E2A9A1O6L2,https://likms.assembly.go.kr/bill/billDetail.do?billId=PRC_U1H2Q1L1Y1K5X1U4B3R3E2A9A1O6L2
19,1900048,집단에너지용 LNG요금체계 개선,박용한외 7인,김한표의원,2012-11-14,2012-11-16,산업통상자원위원회,임기만료폐기,처리의안,https://likms.assembly.go.kr/bill/billDetail.do?billId=PRC_B1O2U1G1H1E4T1X7R3H5B0P0N4N8X1,https://likms.assembly.go.kr/bill/billDetail.do?billId=PRC_B1O2U1G1H1E4T1X7R3H5B0P0N4N8X1
19,1900047,증권거래세법 일부개정법률안,이석태,김현미의원,2012-11-13,2012-11-16,기획재정위원회,임기만료폐기,처리의안,https://likms.assembly.go.kr/bill/billDetail.do?billId=PRC_R1E2I1M1W1Q4K1E5B4V2M0H9N8C4G4,https://likms.assembly.go.kr/bill/billDetail.do?billId=PRC_R1E2I1M1W1Q4K1E5B4V2M0H9N8C4G4
19,1900046,법인세법 일부개정법률안,이석태,김현미의원,2012-11-13,2012-11-16,기획재정위원회,임기만료폐기,처리의안,https://likms.assembly.go.kr/bill/billDetail.do?billId=PRC_C1S2Q1M1S1X4G1L5U4Z1O0G0S9N9R9,https://likms.assembly.go.kr/bill/billDetail.do?billId=PRC_C1S2Q1M1S1X4G1L5U4Z1O0G0S9N9R9
19,1900045,소득세법 일부개정법률안,이석태,김현미의원,2012-11-13,2012-11-16,기획재정위원회,본회의불부의,처리의안,https://likms.assembly.go.kr/bill/billDetail.do?billId=PRC_I1C2Z1F1T1V4D1T5I3L9I1R3V6U1X0,https://likms.assembly.go.kr/bill/billDetail.do?billId=PRC_I1C2Z1F1T1V4D1T5I3L9I1R3V6U1X0
19,1900044,조세특례제한법 일부개정법률안,이석태,김현미의원,2012-11-13,2012-11-16,기획재정위원회,본회의불부의,처리의안,https://likms.assembly.go.kr/bill/billDetail.do?billId=PRC_G1M2X1K1F1P4Q1G5W3F7Z2E8E5L4C0,https://likms.assembly.go.kr/bill/billDetail.do?billId=PRC_G1M2X1K1F1P4Q1G5W3F7Z2E8E5L4C0
19,1900043,분권형 개헌 촉구,"차진영외 120,000인",이재오의원,2012-11-07,2012-11-09,법제사법위원회,임기만료폐기,처리의안,https://likms.assembly.go.kr/bill/billDetail.do?billId=PRC_M1B2O1C1P0E8Z0H9B5M1S5Z0R9H1H2,https://likms.assembly.go.kr/bill/billDetail.do?billId=PRC_M1B2O1C1P0E8Z0H9B5M1S5Z0R9H1H2
19,1900042,제주특별자치도 설치 및 국제자유도시 조성을 위한 특별법 일부개정,"김경자외 7,487인",김제남의원,2012-11-02,2012-11-06,안전행정위원회,임기만료폐기,처리의안,https://likms.assembly.go.kr/bill/billDetail.do?billId=PRC_X1W2V1B1S0K5S0T9U5X4E0J5W0H4X2,https://likms.assembly.go.kr/bill/billDetail.do?billId=PRC_X1W2V1B1S0K5S0T9U5X4E0J5W0H4X2
19,1900041,경제자유구역의 지정 및 운영에 관한 특별법 일부개정,"김경자외 7,487인",김제남의원,2012-11-02,2012-11-06,산업통상자원위원회,임기만료폐기,처리의안,https://likms.assembly.go.kr/bill/billDetail.do?billId=PRC_P1O2H1U1O0U5Q0L9K5V1F5Z1L6A9I4,https://likms.assembly.go.kr/bill/billDetail.do?billId=PRC_P1O2H1U1O0U5Q0L9K5V1F5Z1L6A9I4
19,1900040,공직선거법 개정,"오미예외 95,745인",장하나의원외 56인,2012-11-01,2016-01-12,안전행정위원회,임기만료폐기,처리의안,https://likms.assembly.go.kr/bill/billDetail.do?billId=PRC_Q1G2K1J1A0A1D1P4D3Z5J1Q9O2B0S2,https://likms.assembly.go.kr/bill/billDetail.do?billId=PRC_Q1G2K1J1A0A1D1P4D3Z5J1Q9O2B0S2
19,1900039,보령공군사격장 인근 환경피해 조사 및 보령 앞바다 환경정화 긴급요청,문수환외 364인,손인춘의원,2012-10-26,2012-10-31,환경노동위원회,임기만료폐기,처리의안,https://likms.assembly.go.kr/bill/billDetail.do?billId=PRC_D1I2H1H0K2O9J1B4Z3N0R5H7E8F1S3,https://likms.assembly.go.kr/bill/billDetail.do?billId=PRC_D1I2H1H0K2O9J1B4Z3N0R5H7E8F1S3
19,1900038,독도의 날 제정,"김점구외 11,120인",우상호의원,2012-10-25,2012-10-31,안전행정위원회,임기만료폐기,처리의안,https://likms.assembly.go.kr/bill/billDetail.do?billId=PRC_I1O2B1H0M2H9T1R4F2Z1A0S4X0F3R0,https://likms.assembly.go.kr/bill/billDetail.do?billId=PRC_I1O2B1H0M2H9T1R4F2Z1A0S4X0F3R0
19,1900037,한방비급여 진료비의 실손보험 보상 제외 표준약관 개정,"신준식외 4,587인",김재경의원,2012-10-10,2012-10-17,정무위원회,임기만료폐기,처리의안,https://likms.assembly.go.kr/bill/billDetail.do?billId=PRC_T1D2V1K0U1J0J1P7Y0S7A1N1F0Z3F0,https://likms.assembly.go.kr/bill/billDetail.do?billId=PRC_T1D2V1K0U1J0J1P7Y0S7A1N1F0Z3F0
19,1900036,대·중소기업 상생협력 촉진에 관한 법률 개정,인태연,오영식의원,2012-10-04,2012-10-09,산업통상자원위원회,임기만료폐기,처리의안,https://likms.assembly.go.kr/bill/billDetail.do?billId=PRC_E1U2J1O0O0J5B1O6T2A5U0E8S2A9G6,https://likms.assembly.go.kr/bill/billDetail.do?billId=PRC_E1U2J1O0O0J5B1O6T2A5U0E8S2A9G6
19,1900035,중소기업·중소상인 적합업종 보호에 관한 특별법 제정,인태연,오영식의원,2012-10-04,2012-10-09,산업통상자원위원회,임기만료폐기,처리의안,https://likms.assembly.go.kr/bill/billDetail.do?billId=PRC_W1L2E1A0V0Z5N1C6W1Z6V5Q6I4U2K5,https://likms.assembly.go.kr/bill/billDetail.do?billId=PRC_W1L2E1A0V0Z5N1C6W1Z6V5Q6I4U2K5
19,1900034,수도권광역급행철도(GTX) 파주연장 건설,"이승철외 15,703인",윤후덕의원,2012-09-27,2012-10-05,국토교통위원회,임기만료폐기,처리의안,https://likms.assembly.go.kr/bill/billDetail.do?billId=PRC_F1I2T0N9T2E7W1E7J5U6J4W1B6Y2E0,https://likms.assembly.go.kr/bill/billDetail.do?billId=PRC_F1I2T0N9T2E7W1E7J5U6J4W1B6Y2E0
19,1900033,10월 15일 태극기의 날 지정,김종호,이찬열의원,2012-09-26,2012-09-27,안전행정위원회,임기만료폐기,처리의안,https://likms.assembly.go.kr/bill/billDetail.do?billId=PRC_W1Y2K0T9Q2C6R1Y6D4Z8L4D7W6Y3L0,https://likms.assembly.go.kr/bill/billDetail.do?billId=PRC_W1Y2K0T9Q2C6R1Y6D4Z8L4D7W6Y3L0
19,1900032,공중위생관리법 시행규칙 개정,정해하외 402인,윤상현의원,2012-09-26,2012-09-27,보건복지위원회,임기만료폐기,처리의안,https://likms.assembly.go.kr/bill/billDetail.do?billId=PRC_U1V2Z0I9Y2J6X1P3P1G1M1F4V8J0K1,https://likms.assembly.go.kr/bill/billDetail.do?billId=PRC_U1V2Z0I9Y2J6X1P3P1G1M1F4V8J0K1
19,1900031,인터넷상 선정적 광고 규제를 위한 청소년보호법 제2조 개정,"최영희, 정미경외 10,070인",김상희의원외 2인,2012-09-19,2012-09-26,여성가족위원회,임기만료폐기,처리의안,https://likms.assembly.go.kr/bill/billDetail.do?billId=PRC_G1K2X0S9R1N9B1M5J3S5B0H9S3B1Y3,https://likms.assembly.go.kr/bill/billDetail.do?billId=PRC_G1K2X0S9R1N9B1M5J3S5B0H9S3B1Y3
19,1900030,사이버 따돌림 예방과 피해자 지원 관련 법률의 보완 · 강화,강호진,이인영의원외 2인,2012-09-19,2014-01-06,미래창조과학방송통신위원회,임기만료폐기,처리의안,https://likms.assembly.go.kr/bill/billDetail.do?billId=PRC_A1N2O0W9K1O9D1M5G1E8S5X9L1Y8Y1,https://likms.assembly.go.kr/bill/billDetail.do?billId=PRC_A1N2O0W9K1O9D1M5G1E8S5X9L1Y8Y1
19,1900029,불량 배관자재 제작 및 유통 근절을 위한 ‘품질경영 및 공산품안전관리법 시행규칙 일부 개정령(안)입법예고’에 대한 조속한 시행요청,이덕승외 7인,조정식의원외 3인,2012-09-19,2012-09-26,산업통상자원위원회,본회의불부의,처리의안,https://likms.assembly.go.kr/bill/billDetail.do?billId=PRC_L1U2Z0J9X1K9M1B4H4N2J0Z7N9F7P8,https://likms.assembly.go.kr/bill/billDetail.do?billId=PRC_L1U2Z0J9X1K9M1B4H4N2J0Z7N9F7P8
19,1900028,한국화학연구원 전북분원 설립 추진,김생기외 15인,유성엽의원외 11인,2012-09-19,2013-04-09,미래창조과학방송통신위원회,임기만료폐기,처리의안,https://likms.assembly.go.kr/bill/billDetail.do?billId=PRC_A1O2B0S9Z1M9I0Z9K5H9L2A1I5Z9V9,https://likms.assembly.go.kr/bill/billDetail.do?billId=PRC_A1O2B0S9Z1M9I0Z9K5H9L2A1I5Z9V9
19,1900027,공직선거법 개정,이태호,임수경의원,2012-09-14,2016-01-12,안전행정위원회,임기만료폐기,처리의안,https://likms.assembly.go.kr/bill/billDetail.do?billId=PRC_H1J2B0F9M1U4B1F5Y1F0Q4Q7O5I1B1,https://likms.assembly.go.kr/bill/billDetail.do?billId=PRC_H1J2B0F9M1U4B1F5Y1F0Q4Q7O5I1B1
19,1900026,송파구 장지동 화훼마을 위례신도시 편입,유승관외 324인,유일호의원,2012-09-11,2012-09-17,국토교통위원회,임기만료폐기,처리의안,https://likms.assembly.go.kr/bill/billDetail.do?billId=PRC_Z1P2F0D9D1N1K1E9D4U4H2U1N0X2K5,https://likms.assembly.go.kr/bill/billDetail.do?billId=PRC_Z1P2F0D9D1N1K1E9D4U4H2U1N0X2K5
19,1900025,사립학교법 일부개정,정현백,정진후의원외 2인,2012-09-11,2012-09-12,교육문화체육관광위원회,임기만료폐기,처리의안,https://likms.assembly.go.kr/bill/billDetail.do?billId=PRC_B1W2T0P9O1O1T1L3V2N7K4X8N9B3X4,https://likms.assembly.go.kr/bill/billDetail.do?billId=PRC_B1W2T0P9O1O1T1L3V2N7K4X8N9B3X4
19,1900024,고등교육재정교부금법 제정,정현백,정진후의원외 2인,2012-09-11,2012-09-12,교육문화체육관광위원회,임기만료폐기,처리의안,https://likms.assembly.go.kr/bill/billDetail.do?billId=PRC_O1R2F0O9D1B1Y1Q3S2I6T3O0U1M0E8,https://likms.assembly.go.kr/bill/billDetail.do?billId=PRC_O1R2F0O9D1B1Y1Q3S2I6T3O0U1M0E8
19,1900023,국민기초생활 보장법 개정,박경석,박원석의원,2012-09-09,2012-09-10,보건복지위원회,임기만료폐기,처리의안,https://likms.assembly.go.kr/bill/billDetail.do?billId=PRC_X1P2P0F9C0W9J1J7D4O3Z5I2B8Y4U8,https://likms.assembly.go.kr/bill/billDetail.do?billId=PRC_X1P2P0F9C0W9J1J7D4O3Z5I2B8Y4U8
19,1900022,지방분권과 자치재정 실현,노현송외 28인,유승우의원ㆍ황주홍의원ㆍ박원석의원외 9인,2012-09-05,2012-09-10,안전행정위원회,임기만료폐기,처리의안,https://likms.assembly.go.kr/bill/billDetail.do?billId=PRC_E1G2Y0G9A0Q5T2F2E4T2U0P7D4U5P4,https://likms.assembly.go.kr/bill/billDetail.do?billId=PRC_E1G2Y0G9A0Q5T2F2E4T2U0P7D4U5P4
19,1900021,형법 개정,이석태,서기호의원,2012-09-04,2012-09-05,법제사법위원회,임기만료폐기,처리의안,https://likms.assembly.go.kr/bill/billDetail.do?billId=PRC_N1M2C0L9Z0X4W1O4H0H4C2L3K4B3C6,https://likms.assembly.go.kr/bill/billDetail.do?billId=PRC_N1M2C0L9Z0X4W1O4H0H4C2L3K4B3C6
19,1900020,이자원금균등법 제정,박홍현외 17인,한기호의원,2012-08-29,2012-08-31,법제사법위원회,임기만료폐기,처리의안,https://likms.assembly.go.kr/bill/billDetail.do?billId=PRC_P1C2E0P8B2V9S1H4M5L3L3U1U9F3O1,https://likms.assembly.go.kr/bill/billDetail.do?billId=PRC_P1C2E0P8B2V9S1H4M5L3L3U1U9F3O1
19,1900019,경비업법 일부개정,이상윤,임수경의원ㆍ진선미의원,2012-08-22,2012-08-23,안전행정위원회,본회의불부의,처리의안,https://likms.assembly.go.kr/bill/billDetail.do?billId=PRC_Q1M2G0R8T2B2H0E9J2T0A0P2X9R8K0,https://likms.assembly.go.kr/bill/billDetail.do?billId=PRC_Q1M2G0R8T2B2H0E9J2T0A0P2X9R8K0
19,1900018,정부조직법 일부개정법률안,정남길외 19인,김을동의원,2012-08-07,2012-08-09,안전행정위원회,임기만료폐기,처리의안,https://likms.assembly.go.kr/bill/billDetail.do?billId=PRC_S1R2N0V8W0H7H1P4L5K6O3Y7M5S9U3,https://likms.assembly.go.kr/bill/billDetail.do?billId=PRC_S1R2N0V8W0H7H1P4L5K6O3Y7M5S9U3
19,1900017,5.24 조치 해제,김규철외 19인,심재권의원외 10인,2012-08-01,2012-08-06,외교통일위원회,임기만료폐기,처리의안,https://likms.assembly.go.kr/bill/billDetail.do?billId=PRC_A1X2U0X8F0M1Z1E7X5E0Q5U7I6R1L2,https://likms.assembly.go.kr/bill/billDetail.do?billId=PRC_A1X2U0X8F0M1Z1E7X5E0Q5U7I6R1L2
19,1900016,북한지역 훼손산림 복구를 위한 생명나무심기와 아궁이개량사업 지원,신엘리야,심재권의원,2012-08-01,2012-08-06,외교통일위원회,임기만료폐기,처리의안,https://likms.assembly.go.kr/bill/billDetail.do?billId=PRC_Y1L2R0B8A0L1F1Q1E0L0Y2F3Z8K0H8,https://likms.assembly.go.kr/bill/billDetail.do?billId=PRC_Y1L2R0B8A0L1F1Q1E0L0Y2F3Z8K0H8
19,1900015,웅포면 금강하천부지(맹산지구) 개간비 보상,강태홍외 96인,이춘석의원,2012-07-30,2012-08-06,국토교통위원회,본회의불부의,처리의안,https://likms.assembly.go.kr/bill/billDetail.do?billId=PRC_Q1T2P0A7W3I0C1I7Y5F3Z1P2C9I7Y3,https://likms.assembly.go.kr/bill/billDetail.do?billId=PRC_Q1T2P0A7W3I0C1I7Y5F3Z1P2C9I7Y3
19,1900014,임대주택법 개정,김갑재외 43인,이인영의원,2012-07-25,2012-07-30,국토교통위원회,본회의불부의,처리의안,https://likms.assembly.go.kr/bill/billDetail.do?billId=PRC_M1J2W0Y7K2W5S1W5Q4E3Y0B2W4N8V0,https://likms.assembly.go.kr/bill/billDetail.do?billId=PRC_M1J2W0Y7K2W5S1W5Q4E3Y0B2W4N8V0
19,1900013,이주호 교육과학기술부장관 탄핵소추 발의 · 해임 건의,이병운,정진후의원외 2인,2012-07-25,2012-07-30,교육문화체육관광위원회,본회의에 부의하지 아니하기로 의결,처리의안,https://likms.assembly.go.kr/bill/billDetail.do?billId=PRC_U1M2I0I7Z2G5F1W0R4E8O5S1M5J8W5,https://likms.assembly.go.kr/bill/billDetail.do?billId=PRC_U1M2I0I7Z2G5F1W0R4E8O5S1M5J8W5
19,1900012,고속도로 버스전용차로 택시 진입 허용,채종윤,원유철의원,2012-07-19,2012-07-20,안전행정위원회,본회의불부의,처리의안,https://likms.assembly.go.kr/bill/billDetail.do?billId=PRC_L1N2P0A7A1Q9J1N4P4I8G4G0V1B7B5,https://likms.assembly.go.kr/bill/billDetail.do?billId=PRC_L1N2P0A7A1Q9J1N4P4I8G4G0V1B7B5
19,1900011,주택을 담보로 하는 과잉대출의 규제에 관한 법률 제정,이헌욱,박원석의원ㆍ서영교의원ㆍ최재천의원,2012-07-18,2012-07-20,정무위원회,임기만료폐기,처리의안,https://likms.assembly.go.kr/bill/billDetail.do?billId=PRC_N1J2R0A7L1T8T1E6O3L5A1O5K8H4V3,https://likms.assembly.go.kr/bill/billDetail.do?billId=PRC_N1J2R0A7L1T8T1E6O3L5A1O5K8H4V3
19,1900010,대부업 등의 등록 및 금융이용자 보호에 관한 법률 일부개정,이헌욱,박원석의원ㆍ서영교의원ㆍ최재천의원,2012-07-18,2012-07-20,정무위원회,대안반영폐기,처리의안,https://likms.assembly.go.kr/bill/billDetail.do?billId=PRC_O1V2T0G7P1V8E1O6G2A1R2U9D9C4E0,https://likms.assembly.go.kr/bill/billDetail.do?billId=PRC_O1V2T0G7P1V8E1O6G2A1R2U9D9C4E0
19,1900009,채권의 공정한 추심에 관한 법률 일부개정,이헌욱,박원석의원ㆍ서영교의원ㆍ최재천의원,2012-07-18,2012-07-20,법제사법위원회,임기만료폐기,처리의안,https://likms.assembly.go.kr/bill/billDetail.do?billId=PRC_A1R2J0P7X1T8E1G6T1D7H5I0V8A4H9,https://likms.assembly.go.kr/bill/billDetail.do?billId=PRC_A1R2J0P7X1T8E1G6T1D7H5I0V8A4H9
19,1900008,채무자 회생 및 파산에 관한 법률 개정,이헌욱,박원석의원ㆍ서영교의원ㆍ최재천의원,2012-07-18,2012-07-20,법제사법위원회,임기만료폐기,처리의안,https://likms.assembly.go.kr/bill/billDetail.do?billId=PRC_H1H2T0K7E1C8T1T6O1V2Y1M6G2Y6G3,https://likms.assembly.go.kr/bill/billDetail.do?billId=PRC_H1H2T0K7E1C8T1T6O1V2Y1M6G2Y6G3
19,1900007,이자제한법 일부개정,이헌욱,박원석의원ㆍ서영교의원ㆍ최재천의원,2012-07-18,2012-07-20,법제사법위원회,임기만료폐기,처리의안,https://likms.assembly.go.kr/bill/billDetail.do?billId=PRC_R1K2A0S7I1Y8Z1K5A5J0V2W8D2E3T9,https://likms.assembly.go.kr/bill/billDetail.do?billId=PRC_R1K2A0S7I1Y8Z1K5A5J0V2W8D2E3T9
19,1900006,보증인 보호를 위한 특별법 일부개정,이헌욱,박원석의원ㆍ서영교의원ㆍ최재천의원,2012-07-18,2012-07-20,법제사법위원회,임기만료폐기,처리의안,https://likms.assembly.go.kr/bill/billDetail.do?billId=PRC_T1T2P0X7E1D8H1V4X5E9J1P9W3R0J1,https://likms.assembly.go.kr/bill/billDetail.do?billId=PRC_T1T2P0X7E1D8H1V4X5E9J1P9W3R0J1
19,1900005,가축전염병예방법 개정,오미예,이학영의원,2012-07-18,2012-07-20,농림축산식품해양수산위원회,임기만료폐기,처리의안,https://likms.assembly.go.kr/bill/billDetail.do?billId=PRC_A1K2S0Z7B1K8B1R4K5S3N0U6Q1E6D4,https://likms.assembly.go.kr/bill/billDetail.do?billId=PRC_A1K2S0Z7B1K8B1R4K5S3N0U6Q1E6D4
19,1900004,유통산업발전법 일부개정법률안,인태연,이종걸의원ㆍ김상희의원ㆍ김제남의원,2012-06-26,2012-07-12,지식경제위원회,대안반영폐기,처리의안,https://likms.assembly.go.kr/bill/billDetail.do?billId=PRC_Y1T2L0K6B2Q6L1Z4P5B9S5Y7Y7R3V6,https://likms.assembly.go.kr/bill/billDetail.do?billId=PRC_Y1T2L0K6B2Q6L1Z4P5B9S5Y7Y7R3V6
19,1900003,부도공공건설임대주택 임차인 보호를 위한 특별법 일부개정,"성정순외 3,800인",서상기의원외 3인,2012-06-11,2012-07-12,국토교통위원회,본회의불부의,처리의안,https://likms.assembly.go.kr/bill/billDetail.do?billId=PRC_O1B2J0U6P1X1R1E8W0I4G3I6G6R1F7,https://likms.assembly.go.kr/bill/billDetail.do?billId=PRC_O1B2J0U6P1X1R1E8W0I4G3I6G6R1F7
19,1900002,광우병 위험 미쇠고기 수입중단 및 수입위생조건 재협상 촉구 국회 결의,박석운,최재천의원ㆍ박원석의원,2012-05-30,2012-07-12,농림축산식품해양수산위원회,임기만료폐기,처리의안,https://likms.assembly.go.kr/bill/billDetail.do?billId=PRC_L1F2G0Y5I3T0S1Y6U4N7U0D5S8B7F0,https://likms.assembly.go.kr/bill/billDetail.do?billId=PRC_L1F2G0Y5I3T0S1Y6U4N7U0D5S8B7F0
19,1900001,제주해군기지 공사중단,"신정현외 27,629인",김재윤의원외 3인,2012-05-30,2012-07-12,국방위원회,본회의불부의,처리의안,https://likms.assembly.go.kr/bill/billDetail.do?billId=PRC_W1N2P0T5Q3G0M1L6U1Z5R2N1D8B0T0,https://likms.assembly.go.kr/bill/billDetail.do?billId=PRC_W1N2P0T5Q3G0M1L6U1Z5R2N1D8B0T0
18,1800272,소득세법 일부개정법률안,이석태외 3인,정동영의원,2012-02-29,2012-03-02,기획재정위원회,임기만료폐기,처리의안,https://likms.assembly.go.kr/bill/billDetail.do?billId=PRC_A1A2K0E2C2Z9N1M1I1B8U5P4P6X6V9,https://likms.assembly.go.kr/bill/billDetail.do?billId=PRC_A1A2K0E2C2Z9N1M1I1B8U5P4P6X6V9
18,1800271,증권거래세법 일부개정법률안,이석태외 3인,정동영의원,2012-02-29,2012-03-02,기획재정위원회,임기만료폐기,처리의안,https://likms.assembly.go.kr/bill/billDetail.do?billId=PRC_I1L2B0L2R2T9U1M1K1E5D0Z3H1R6N3,https://likms.assembly.go.kr/bill/billDetail.do?billId=PRC_I1L2B0L2R2T9U1M1K1E5D0Z3H1R6N3
18,1800270,야생동물 포획 및 예산 확대 촉구,"김준봉외 5,262인",김춘진의원,2012-02-17,2012-02-20,환경노동위원회,임기만료폐기,처리의안,https://likms.assembly.go.kr/bill/billDetail.do?billId=PRC_M1B2G0I2E1X7K1I3N4W1Q1L6X0Q6P3,https://likms.assembly.go.kr/bill/billDetail.do?billId=PRC_M1B2G0I2E1X7K1I3N4W1Q1L6X0Q6P3
18,1800269,청소년의 노동인권 개선을 위한 입법,박지홍외 499인,최영희의원ㆍ이춘석의원,2012-02-15,2012-02-16,환경노동위원회,임기만료폐기,처리의안,https://likms.assembly.go.kr/bill/billDetail.do?billId=PRC_M1R2X0M2K1T5Z1I3O0K0G2Y7Y5Z9B0,https://likms.assembly.go.kr/bill/billDetail.do?billId=PRC_M1R2X0M2K1T5Z1I3O0K0G2Y7Y5Z9B0
18,1800268,「공직선거법」개정에 관한 청원,정백수외 90인,박민식의원,2012-01-30,2012-01-31,정치개혁특별위원회,임기만료폐기,처리의안,https://likms.assembly.go.kr/bill/billDetail.do?billId=PRC_O1E2P0C1K3W0A0V9X3T3M1U4I8Q2A4,https://likms.assembly.go.kr/bill/billDetail.do?billId=PRC_O1E2P0C1K3W0A0V9X3T3M1U4I8Q2A4
18,1800267,공직선거법 개정,이태호외 1인,김선동의원ㆍ백원우의원,2012-01-05,2012-01-06,정치개혁특별위원회,임기만료폐기,처리의안,https://likms.assembly.go.kr/bill/billDetail.do?billId=PRC_P1X2Z0R1Y0F5J1A0X2M4X1Z1W1Y3K6,https://likms.assembly.go.kr/bill/billDetail.do?billId=PRC_P1X2Z0R1Y0F5J1A0X2M4X1Z1W1Y3K6
18,1800266,정치자금법 개정,이태호외 1인,김선동의원ㆍ백원우의원,2012-01-05,2012-01-06,정치개혁특별위원회,임기만료폐기,처리의안,https://likms.assembly.go.kr/bill/billDetail.do?billId=PRC_P1N2J0X1A0Y5W1B0W2P1S4B8F7A1R0,https://likms.assembly.go.kr/bill/billDetail.do?billId=PRC_P1N2J0X1A0Y5W1B0W2P1S4B8F7A1R0
18,1800265,정당법 개정,이태호외 1인,김선동의원ㆍ백원우의원,2012-01-05,2012-01-06,정치개혁특별위원회,임기만료폐기,처리의안,https://likms.assembly.go.kr/bill/billDetail.do?billId=PRC_I1V2E0L1P0X5E1G0P1V7U5O7N6O8N6,https://likms.assembly.go.kr/bill/billDetail.do?billId=PRC_I1V2E0L1P0X5E1G0P1V7U5O7N6O8N6
18,1800264,후두암 진료비 건강보험 적용,강수만외 76인,양승조의원,2011-12-12,2011-12-13,보건복지위원회,임기만료폐기,처리의안,https://likms.assembly.go.kr/bill/billDetail.do?billId=PRC_D1M1Z1G2I1D2Z1A0N5Y9I3A8C5D1S0,https://likms.assembly.go.kr/bill/billDetail.do?billId=PRC_D1M1Z1G2I1D2Z1A0N5Y9I3A8C5D1S0
18,1800263,요양보호사의 처우 및 지위 향상에 관한 법률(안) 입법,현정희외 8인,곽정숙의원외 3인,2011-12-02,2011-12-05,보건복지위원회,임기만료폐기,처리의안,https://likms.assembly.go.kr/bill/billDetail.do?billId=PRC_T1Q1S1M2G0O2M0Z9H2Q4L0M7R9G8A1,https://likms.assembly.go.kr/bill/billDetail.do?billId=PRC_T1Q1S1M2G0O2M0Z9H2Q4L0M7R9G8A1
18,1800262,노인장기요양보험법 전면개정,현정희외 8인,곽정숙의원외 3인,2011-12-02,2011-12-05,보건복지위원회,임기만료폐기,처리의안,https://likms.assembly.go.kr/bill/billDetail.do?billId=PRC_D1J1P1H2M0L2R0W9G1S5Q0H9A5Z5L6,https://likms.assembly.go.kr/bill/billDetail.do?billId=PRC_D1J1P1H2M0L2R0W9G1S5Q0H9A5Z5L6
18,1800261,국토의 계획 및 이용에 관한 법률 개정,"조병갑외 1,473인",백성운의원,2011-11-28,2011-11-29,국토해양위원회,임기만료폐기,처리의안,https://likms.assembly.go.kr/bill/billDetail.do?billId=PRC_W1P1F1H1J2S8P1J1A1C6E1D7L0X4J2,https://likms.assembly.go.kr/bill/billDetail.do?billId=PRC_W1P1F1H1J2S8P1J1A1C6E1D7L0X4J2
18,1800260,도시 재정비 및 주거환경 정비법안,김봉철외 28인,권영세의원,2011-11-15,2011-11-17,국토해양위원회,임기만료폐기,처리의안,https://likms.assembly.go.kr/bill/billDetail.do?billId=PRC_C1T1K1I1W1F5V1Q7Y2A4W3A5Y2I8E1,https://likms.assembly.go.kr/bill/billDetail.do?billId=PRC_C1T1K1I1W1F5V1Q7Y2A4W3A5Y2I8E1
18,1800259,신에너지 및 재생에너지 개발·이용·보급 촉진법 일부개정,"박정섭외 3,119인",홍영표의원,2011-11-15,2011-11-17,지식경제위원회,임기만료폐기,처리의안,https://likms.assembly.go.kr/bill/billDetail.do?billId=PRC_I1S1G1I1R1L5K1K5O5O3V3C5L8R7V0,https://likms.assembly.go.kr/bill/billDetail.do?billId=PRC_I1S1G1I1R1L5K1K5O5O3V3C5L8R7V0
18,1800258,법인세법 개정,안진걸,정동영의원,2011-11-11,2011-11-14,기획재정위원회,임기만료폐기,처리의안,https://likms.assembly.go.kr/bill/billDetail.do?billId=PRC_B1J1X1N1L1L1J0U9G2J1D5Z1H9Y8O7,https://likms.assembly.go.kr/bill/billDetail.do?billId=PRC_B1J1X1N1L1L1J0U9G2J1D5Z1H9Y8O7
18,1800257,소득세법 개정,안진걸,정동영의원,2011-11-11,2011-11-14,기획재정위원회,임기만료폐기,처리의안,https://likms.assembly.go.kr/bill/billDetail.do?billId=PRC_I1F1T1Q1N1U1N0F9P2Q0V1R8T8E0T6,https://likms.assembly.go.kr/bill/billDetail.do?billId=PRC_I1F1T1Q1N1U1N0F9P2Q0V1R8T8E0T6
18,1800256,전기사업법 및 한국전력공사법 일부 개정(안),조성식외 41인,조전혁의원,2011-11-09,2011-11-10,지식경제위원회,임기만료폐기,처리의안,https://likms.assembly.go.kr/bill/billDetail.do?billId=PRC_Q1H1A1Q1L0D9J1F1U0Y9J4M2T7P4A4,https://likms.assembly.go.kr/bill/billDetail.do?billId=PRC_Q1H1A1Q1L0D9J1F1U0Y9J4M2T7P4A4
18,1800255,2012년도 지역아동센터 운영비 예산 증액,"박경양외 23,000인",주승용의원외 11인,2011-11-07,2011-11-08,보건복지위원회,임기만료폐기,처리의안,https://likms.assembly.go.kr/bill/billDetail.do?billId=PRC_J1Z1X1J1X0G7I1V5N0U3H0U8T8E8S9,https://likms.assembly.go.kr/bill/billDetail.do?billId=PRC_J1Z1X1J1X0G7I1V5N0U3H0U8T8E8S9
18,1800254,미군폭격사건 희생자 특별법 제정,허맹구외 125인,이병석의원,2011-11-04,2011-11-07,국방위원회,임기만료폐기,처리의안,https://likms.assembly.go.kr/bill/billDetail.do?billId=PRC_W1Z1Q1W1Z0O4R1T0Y1V4C5E4T4K1Z7,https://likms.assembly.go.kr/bill/billDetail.do?billId=PRC_W1Z1Q1W1Z0O4R1T0Y1V4C5E4T4K1Z7
18,1800253,협동조합기본법 제정,이병학외 3인,이정희의원,2011-11-02,2011-11-03,기획재정위원회,본회의불부의,처리의안,https://likms.assembly.go.kr/bill/billDetail.do?billId=PRC_X1Y1L1N1C0A2G1U4J1R2H2I4H0L6D3,https://likms.assembly.go.kr/bill/billDetail.do?billId=PRC_X1Y1L1N1C0A2G1U4J1R2H2I4H0L6D3
18,1800252,대일항쟁기 강제동원 피해조사 및 국외강제동원 희생자 등 지원에 관한 특별법 개정,신윤순외 38인,박선영의원외 3인,2011-10-28,2011-10-31,행정안전위원회,임기만료폐기,처리의안,https://likms.assembly.go.kr/bill/billDetail.do?billId=PRC_B1U1I1W0N2I8P1J7C5Q2X5R8E6F6S5,https://likms.assembly.go.kr/bill/billDetail.do?billId=PRC_B1U1I1W0N2I8P1J7C5Q2X5R8E6F6S5
18,1800251,우면산 산사태 전면 재조사,김종철외 214인,김진애의원,2011-10-26,2011-10-27,행정안전위원회,임기만료폐기,처리의안,https://likms.assembly.go.kr/bill/billDetail.do?billId=PRC_Z1Y1N1M0Z2I6B1F4C4C3F1S3C5E6W8,https://likms.assembly.go.kr/bill/billDetail.do?billId=PRC_Z1Y1N1M0Z2I6B1F4C4C3F1S3C5E6W8
18,1800250,독립유공자예우에 관한 법률 개정,이재호,김성곤의원,2011-10-19,2011-10-20,정무위원회,임기만료폐기,처리의안,https://likms.assembly.go.kr/bill/billDetail.do?billId=PRC_G1L1X1I0Q1H9O1E1M1L1E1B5H7U4L1,https://likms.assembly.go.kr/bill/billDetail.do?billId=PRC_G1L1X1I0Q1H9O1E1M1L1E1B5H7U4L1
18,1800249,제19대 국회의원 선거구(이천시여주군) 분할,"윤동선외 50,500인",이범관의원,2011-10-14,2011-10-17,정치개혁특별위원회,임기만료폐기,처리의안,https://likms.assembly.go.kr/bill/billDetail.do?billId=PRC_S1F1B1J0V1H4L1F4M0M9I5P5D3L0M2,https://likms.assembly.go.kr/bill/billDetail.do?billId=PRC_S1F1B1J0V1H4L1F4M0M9I5P5D3L0M2
18,1800248,인천효성지구 도시개발사업 조속 추진,"백운성외 1,094인",신학용의원,2011-10-12,2011-10-13,정무위원회,임기만료폐기,처리의안,https://likms.assembly.go.kr/bill/billDetail.do?billId=PRC_S1D1T1O0A1R2A1C7F5S3K3Y6L8L5X0,https://likms.assembly.go.kr/bill/billDetail.do?billId=PRC_S1D1T1O0A1R2A1C7F5S3K3Y6L8L5X0
18,1800247,공직선거법 개정,이태호·류제성,김부겸의원,2011-10-12,2011-10-13,정치개혁특별위원회,임기만료폐기,처리의안,https://likms.assembly.go.kr/bill/billDetail.do?billId=PRC_P1X1S1S0W1Q2N1P3J4O3X5V6H1G7D6,https://likms.assembly.go.kr/bill/billDetail.do?billId=PRC_P1X1S1S0W1Q2N1P3J4O3X5V6H1G7D6
18,1800246,무화과 비닐하우스 양액재배 시범포 임대차 계약기간 연장,황경숙,유선호의원,2011-10-11,2011-10-12,농림수산식품위원회,철회,처리의안,https://likms.assembly.go.kr/bill/billDetail.do?billId=PRC_V1H1I1T0O1H1T2U0X0C7U3E0H7Q6T6,https://likms.assembly.go.kr/bill/billDetail.do?billId=PRC_V1H1I1T0O1H1T2U0X0C7U3E0H7Q6T6
18,1800245,폐광지역 개발 지원에 관한 특별법 일부개정법률안,"염동열외 3,852인",권성동의원,2011-10-05,2011-10-06,지식경제위원회,본회의불부의,처리의안,https://likms.assembly.go.kr/bill/billDetail.do?billId=PRC_Q1G1N1H0B0F5P1T5J1C1Z4E9D6Z6Q5,https://likms.assembly.go.kr/bill/billDetail.do?billId=PRC_Q1G1N1H0B0F5P1T5J1C1Z4E9D6Z6Q5
18,1800244,환경영향평가법 시행령의 법 규정 위배 개정 요청,배석태외 1인,장윤석의원ㆍ김광림의원,2011-10-04,2011-10-05,환경노동위원회,임기만료폐기,처리의안,https://likms.assembly.go.kr/bill/billDetail.do?billId=PRC_K1K1Z1C0C0I4S1B6P1Z7K2O1C5Z6Y3,https://likms.assembly.go.kr/bill/billDetail.do?billId=PRC_K1K1Z1C0C0I4S1B6P1Z7K2O1C5Z6Y3
18,1800243,뇌병변장애인 특수휠체어와 자세유지보조기구의 국민건강보험 적용,"엄해경외 9,094인",강명순의원,2011-10-04,2011-10-05,보건복지위원회,임기만료폐기,처리의안,https://likms.assembly.go.kr/bill/billDetail.do?billId=PRC_J1N1Z1P0J0O4S1E4O4F4W1G1V5N4Z1,https://likms.assembly.go.kr/bill/billDetail.do?billId=PRC_J1N1Z1P0J0O4S1E4O4F4W1G1V5N4Z1
18,1800242,휴게공간 설치 제도화,류남미,홍희덕의원외 1인,2011-09-29,2011-10-04,국토해양위원회,임기만료폐기,처리의안,https://likms.assembly.go.kr/bill/billDetail.do?billId=PRC_G1D1O0I9H2X9L1U7E4H8W0C6P3R7Y7,https://likms.assembly.go.kr/bill/billDetail.do?billId=PRC_G1D1O0I9H2X9L1U7E4H8W0C6P3R7Y7
18,1800241,국가를 당사자로 하는 계약에 관한 법률 개정,류남미,홍희덕의원외 1인,2011-09-29,2011-10-04,기획재정위원회,임기만료폐기,처리의안,https://likms.assembly.go.kr/bill/billDetail.do?billId=PRC_U1I1X0Z9H2P9O1S7T4O5X1Y9Y4P2C0,https://likms.assembly.go.kr/bill/billDetail.do?billId=PRC_U1I1X0Z9H2P9O1S7T4O5X1Y9Y4P2C0
18,1800240,공공부문 청소노동자 인건비 기준 현실화,류남미,홍희덕의원외 1인,2011-09-29,2011-10-04,환경노동위원회,임기만료폐기,처리의안,https://likms.assembly.go.kr/bill/billDetail.do?billId=PRC_K1L1E0Z9B2F9I1T7T4T2S4L1L8I7E2,https://likms.assembly.go.kr/bill/billDetail.do?billId=PRC_K1L1E0Z9B2F9I1T7T4T2S4L1L8I7E2
18,1800239,청소노동자 고용안정화 방안,류남미,홍희덕의원외 1인,2011-09-29,2011-10-04,환경노동위원회,임기만료폐기,처리의안,https://likms.assembly.go.kr/bill/billDetail.do?billId=PRC_A1N1A0I9N2G9Z1T7Z3X9P4L6D6V2U5,https://likms.assembly.go.kr/bill/billDetail.do?billId=PRC_A1N1A0I9N2G9Z1T7Z3X9P4L6D6V2U5
18,1800238,산업안전보건법 개정,류남미,홍희덕의원외 1인,2011-09-29,2011-10-04,환경노동위원회,임기만료폐기,처리의안,https://likms.assembly.go.kr/bill/billDetail.do?billId=PRC_K1H1C0J9E2O9O1D7Y3F7L4K5B7D2B5,https://likms.assembly.go.kr/bill/billDetail.do?billId=PRC_K1H1C0J9E2O9O1D7Y3F7L4K5B7D2B5
18,1800237,최저임금법 개정,류남미,홍희덕의원외 1인,2011-09-29,2011-10-04,환경노동위원회,임기만료폐기,처리의안,https://likms.assembly.go.kr/bill/billDetail.do?billId=PRC_J1N1U0R9G2C9H1R7K3G5W1Z6H6B2T8,https://likms.assembly.go.kr/bill/billDetail.do?billId=PRC_J1N1U0R9G2C9H1R7K3G5W1Z6H6B2T8
18,1800236,노동조합법 개정,류남미,홍희덕의원외 1인,2011-09-29,2011-10-04,환경노동위원회,임기만료폐기,처리의안,https://likms.assembly.go.kr/bill/billDetail.do?billId=PRC_L1O1X0F9R2M9W1M7R3S3L1U9J7W3Z6,https://likms.assembly.go.kr/bill/billDetail.do?billId=PRC_L1O1X0F9R2M9W1M7R3S3L1U9J7W3Z6
18,1800235,근로기준법 개정,류남미,홍희덕의원외 1인,2011-09-29,2011-10-04,환경노동위원회,임기만료폐기,처리의안,https://likms.assembly.go.kr/bill/billDetail.do?billId=PRC_L1T1P0V9L2A9D1N7P2J9P2G0J1V6W7,https://likms.assembly.go.kr/bill/billDetail.do?billId=PRC_L1T1P0V9L2A9D1N7P2J9P2G0J1V6W7
18,1800234,독립유공자 피탈재산의 회복 및 보상에 관한 특별법안,정진한,이종걸의원외 10인,2011-09-28,2011-09-29,정무위원회,임기만료폐기,처리의안,https://likms.assembly.go.kr/bill/billDetail.do?billId=PRC_W1A1I0O9E2U8C1B5M1Z9Q4G3G7L3L9,https://likms.assembly.go.kr/bill/billDetail.do?billId=PRC_W1A1I0O9E2U8C1B5M1Z9Q4G3G7L3L9
18,1800233,경주기계천사건 희생자 명예회복 및 배·보상에 관한 특별법 제정,이원우외 34인,정수성의원,2011-09-15,2011-10-28,국방위원회,임기만료폐기,처리의안,https://likms.assembly.go.kr/bill/billDetail.do?billId=PRC_N1B1Z0S9T1J5K1S6A3J4P5L5J4H4Q2,https://likms.assembly.go.kr/bill/billDetail.do?billId=PRC_N1B1Z0S9T1J5K1S6A3J4P5L5J4H4Q2
18,1800232,고등교육법 개정,"김형기외 6,140인",김상희의원ㆍ이상민의원,2011-09-15,2011-09-16,교육과학기술위원회,임기만료폐기,처리의안,https://likms.assembly.go.kr/bill/billDetail.do?billId=PRC_I1M1I0Z9S1G5P1U5G1X4X5G7Z3B1J9,https://likms.assembly.go.kr/bill/billDetail.do?billId=PRC_I1M1I0Z9S1G5P1U5G1X4X5G7Z3B1J9
18,1800231,해운대구·기장군을 선거구의 기장군 단독선거구 획정 요구,"김동주, 윤월석외 18,576인",정갑윤의원,2011-09-01,2011-09-02,정치개혁특별위원회,임기만료폐기,처리의안,https://likms.assembly.go.kr/bill/billDetail.do?billId=PRC_X1R1T0Q9R0C1U1B3E5S4O4P9P7Q2K8,https://likms.assembly.go.kr/bill/billDetail.do?billId=PRC_X1R1T0Q9R0C1U1B3E5S4O4P9P7Q2K8
18,1800230,자동차관리법 시행규칙 제134조 개정,박창연외 698인,이찬열의원,2011-08-31,2011-09-01,국토해양위원회,임기만료폐기,처리의안,https://likms.assembly.go.kr/bill/billDetail.do?billId=PRC_D1B1C0O8G3K1P1L6Z2X0R4R8X1B1A1,https://likms.assembly.go.kr/bill/billDetail.do?billId=PRC_D1B1C0O8G3K1P1L6Z2X0R4R8X1B1A1
18,1800229,진실·화해를위한과거사정리위원회의 대정부권고사항 이행,박영록,안규백의원,2011-08-29,2011-08-31,국방위원회,임기만료폐기,처리의안,https://likms.assembly.go.kr/bill/billDetail.do?billId=PRC_F1M1R0U8Z2Y9I1V6S2N0J1M2D6H8G3,https://likms.assembly.go.kr/bill/billDetail.do?billId=PRC_F1M1R0U8Z2Y9I1V6S2N0J1M2D6H8G3
18,1800228,강정·고령보로 변경 결정한 사항에 대한 철회 촉구,"배사돌외 9,053인",조원진의원,2011-08-24,2011-08-25,국토해양위원회,임기만료폐기,처리의안,https://likms.assembly.go.kr/bill/billDetail.do?billId=PRC_X1M1J0R8P2I4B1P6T4M4N1T2U4E5W2,https://likms.assembly.go.kr/bill/billDetail.do?billId=PRC_X1M1J0R8P2I4B1P6T4M4N1T2U4E5W2
18,1800227,동의대 사건 등 희생자의 명예회복 및 보상,"정유환외 25,775인",이인기의원,2011-08-23,2011-08-24,행정안전위원회,임기만료폐기,처리의안,https://likms.assembly.go.kr/bill/billDetail.do?billId=PRC_G1S1J0Y8W2A3W1T7W2H0Y3L2A1Z3O5,https://likms.assembly.go.kr/bill/billDetail.do?billId=PRC_G1S1J0Y8W2A3W1T7W2H0Y3L2A1Z3O5
18,1800226,대전철도차량정비단 인입선로 이설,최일용외 6인,김창수의원,2011-08-19,2011-08-24,국토해양위원회,임기만료폐기,처리의안,https://likms.assembly.go.kr/bill/billDetail.do?billId=PRC_F1P1Y0T8P1A9M1I7F1F3J2M8V9J8L9,https://likms.assembly.go.kr/bill/billDetail.do?billId=PRC_F1P1Y0T8P1A9M1I7F1F3J2M8V9J8L9
18,1800225,기업활동 규제완화에 관한 특별조치법 개정,김정환외 50인,박보환의원,2011-08-16,2011-08-18,지식경제위원회,임기만료폐기,처리의안,https://likms.assembly.go.kr/bill/billDetail.do?billId=PRC_O1V1A0G8S1V6P1E0T4A1E4N9R0B1X2,https://likms.assembly.go.kr/bill/billDetail.do?billId=PRC_O1V1A0G8S1V6P1E0T4A1E4N9R0B1X2
18,1800224,도시 및 주거환경정비법 일부개정(안),주용락외 20인,권영세의원,2011-08-12,2011-08-18,국토해양위원회,임기만료폐기,처리의안,https://likms.assembly.go.kr/bill/billDetail.do?billId=PRC_Q1T1W0I8R1K5M1R4V4S0U5D9W0E8L4,https://likms.assembly.go.kr/bill/billDetail.do?billId=PRC_Q1T1W0I8R1K5M1R4V4S0U5D9W0E8L4
18,1800223,도시교통정비 촉진법 및 시행령 개정,구희숙외 2인,김진애의원,2011-07-21,2011-07-22,국토해양위원회,임기만료폐기,처리의안,https://likms.assembly.go.kr/bill/billDetail.do?billId=PRC_Q1P1S0P7T2H1F1F3Z4Z4K2L3S4L3G2,https://likms.assembly.go.kr/bill/billDetail.do?billId=PRC_Q1P1S0P7T2H1F1F3Z4Z4K2L3S4L3G2
18,1800222,부도공공건설임대주택 임차인 보호를 위한 특별법 일부 개정,조용석외 514인,심대평의원외 1인,2011-07-18,2011-07-19,국토해양위원회,본회의불부의,처리의안,https://likms.assembly.go.kr/bill/billDetail.do?billId=PRC_S1P1Z0P7Y1T8S1Y4M5T9G4N8P1Y2N4,https://likms.assembly.go.kr/bill/billDetail.do?billId=PRC_S1P1Z0P7Y1T8S1Y4M5T9G4N8P1Y2N4
18,1800221,충남 보령 공군사격장 갓배마을 주민들에 대한 건강영향조사 요청,문수환외 335인,홍영표의원외 15인,2011-07-11,2011-07-13,환경노동위원회,임기만료폐기,처리의안,https://likms.assembly.go.kr/bill/billDetail.do?billId=PRC_E1J1U0B7V1F1Z1V6B2J2R3D4Q6V6Y5,https://likms.assembly.go.kr/bill/billDetail.do?billId=PRC_E1J1U0B7V1F1Z1V6B2J2R3D4Q6V6Y5
18,1800220,청소년복지지원법 개정,김민철,강기정의원,2011-07-11,2011-07-13,여성가족위원회,임기만료폐기,처리의안,https://likms.assembly.go.kr/bill/billDetail.do?billId=PRC_N1R1X0Z7N1U1A1M5N4N3U3N6B7M6A2,https://likms.assembly.go.kr/bill/billDetail.do?billId=PRC_N1R1X0Z7N1U1A1M5N4N3U3N6B7M6A2
18,1800219,사립학교법 개정,안진걸,김상희의원ㆍ권영길의원,2011-06-29,2011-06-30,교육과학기술위원회,임기만료폐기,처리의안,https://likms.assembly.go.kr/bill/billDetail.do?billId=PRC_B1I1C0C6X2T9A1K5L1W4Q0I6B6X4Y2,https://likms.assembly.go.kr/bill/billDetail.do?billId=PRC_B1I1C0C6X2T9A1K5L1W4Q0I6B6X4Y2
18,1800218,고등교육법 개정,안진걸,김상희의원ㆍ권영길의원,2011-06-29,2011-06-30,교육과학기술위원회,임기만료폐기,처리의안,https://likms.assembly.go.kr/bill/billDetail.do?billId=PRC_E1O1E0Y6J2U9I1R5G1A2O2E5P5I6M0,https://likms.assembly.go.kr/bill/billDetail.do?billId=PRC_E1O1E0Y6J2U9I1R5G1A2O2E5P5I6M0
18,1800217,의학 및 치의학 교육을 위한 헌체에 관한 법률 입법,김원식외 327인,이재선의원,2011-06-27,2011-06-28,보건복지위원회,임기만료폐기,처리의안,https://likms.assembly.go.kr/bill/billDetail.do?billId=PRC_I1T1G0D6K2Y7G2P0F5O9Y5J6O0E8H2,https://likms.assembly.go.kr/bill/billDetail.do?billId=PRC_I1T1G0D6K2Y7G2P0F5O9Y5J6O0E8H2
18,1800216,학교 성교육의 체계화 및 내실화를 위한 제도 정비 및 교사자격 취득 시 성교육 의무 이수 제도화,"이현숙, 이신혜외 180,972인",최영희의원외 9인,2011-06-24,2011-06-30,교육과학기술위원회,임기만료폐기,처리의안,https://likms.assembly.go.kr/bill/billDetail.do?billId=PRC_M1P1Q0L6V2I4I1U1G0L6M2S0A2C1X7,https://likms.assembly.go.kr/bill/billDetail.do?billId=PRC_M1P1Q0L6V2I4I1U1G0L6M2S0A2C1X7
18,1800215,검찰청법 개정,하태훈외 4인,천정배의원외 12인,2011-06-22,2011-07-01,법제사법위원회,임기만료폐기,처리의안,https://likms.assembly.go.kr/bill/billDetail.do?billId=PRC_U1M1S0P6W2X2O1S6G3H5K4F2C5F0W8,https://likms.assembly.go.kr/bill/billDetail.do?billId=PRC_U1M1S0P6W2X2O1S6G3H5K4F2C5F0W8
18,1800214,초·중등교육법 개정,임종대,김영진의원,2011-06-20,2011-06-21,교육과학기술위원회,임기만료폐기,처리의안,https://likms.assembly.go.kr/bill/billDetail.do?billId=PRC_S1O1D0T6F2I0A1N6X3X6A0X3E7C0K5,https://likms.assembly.go.kr/bill/billDetail.do?billId=PRC_S1O1D0T6F2I0A1N6X3X6A0X3E7C0K5
18,1800213,노인장기요양보험제도 개선 요청,남궁단외 8인,김춘진의원,2011-06-17,2011-06-17,보건복지위원회,임기만료폐기,처리의안,https://likms.assembly.go.kr/bill/billDetail.do?billId=PRC_P1N1G0J6H1H7D0S9I1T5N3T9X0W9Y3,https://likms.assembly.go.kr/bill/billDetail.do?billId=PRC_P1N1G0J6H1H7D0S9I1T5N3T9X0W9Y3
18,1800212,방송광고 판매대행 등에 관한 법률 입법,조준상,김재윤의원외 5인,2011-06-10,2011-06-13,문화체육관광방송통신위원회,대안반영폐기,처리의안,https://likms.assembly.go.kr/bill/billDetail.do?billId=PRC_C1U1L0V6V1V0L1P4H1H1R5M8Y4H9X1,https://likms.assembly.go.kr/bill/billDetail.do?billId=PRC_C1U1L0V6V1V0L1P4H1H1R5M8Y4H9X1
18,1800211,인천대학교 국립대학법인법 6월국회 조속상정 촉구,박동선외 2인,신학용의원,2011-06-09,2011-06-09,교육과학기술위원회,임기만료폐기,처리의안,https://likms.assembly.go.kr/bill/billDetail.do?billId=PRC_V1N1T0J6F0Y9B1L3C1K6T4U6J6H5O8,https://likms.assembly.go.kr/bill/billDetail.do?billId=PRC_V1N1T0J6F0Y9B1L3C1K6T4U6J6H5O8
18,1800210,공직자윤리법 일부 개정,임종대,조승수의원,2011-06-08,2011-06-09,행정안전위원회,임기만료폐기,처리의안,https://likms.assembly.go.kr/bill/billDetail.do?billId=PRC_Y1X1H0L6L0W8P1C3C4S2S4Q9Z9I2E4,https://likms.assembly.go.kr/bill/billDetail.do?billId=PRC_Y1X1H0L6L0W8P1C3C4S2S4Q9Z9I2E4
18,1800209,공군 8479부대 사격장 이전,문수환외 532인,김동성의원외 7인,2011-06-03,2011-06-07,국방위원회,임기만료폐기,처리의안,https://likms.assembly.go.kr/bill/billDetail.do?billId=PRC_F1R1P0X6D0W3N1R7J0F0P0W4S7A6Z2,https://likms.assembly.go.kr/bill/billDetail.do?billId=PRC_F1R1P0X6D0W3N1R7J0F0P0W4S7A6Z2
18,1800208,고리원전 1호기 즉각 폐쇄 및 월성원전 1호기 수명 연장 반대,이종호외 226인,조승수의원,2011-05-27,2011-05-30,지식경제위원회,임기만료폐기,처리의안,https://likms.assembly.go.kr/bill/billDetail.do?billId=PRC_L1I1H0H5J2N7O1T6J2R3Y5U2O8G4U3,https://likms.assembly.go.kr/bill/billDetail.do?billId=PRC_L1I1H0H5J2N7O1T6J2R3Y5U2O8G4U3
18,1800207,공직자윤리법 개정,강철규외 2인,조승수의원,2011-05-25,2011-05-26,행정안전위원회,본회의불부의,처리의안,https://likms.assembly.go.kr/bill/billDetail.do?billId=PRC_R1U1I0C5G2B5L1S0G4N1U2W7Y7X3K2,https://likms.assembly.go.kr/bill/billDetail.do?billId=PRC_R1U1I0C5G2B5L1S0G4N1U2W7Y7X3K2
18,1800206,동의보감타워 수분양자 대출 가압류 해지,박권규외 50인,조문환의원,2011-05-16,2011-05-17,정무위원회,임기만료폐기,처리의안,https://likms.assembly.go.kr/bill/billDetail.do?billId=PRC_Z1X1Q0M5E1H6H1B6W5B5H1J6U0V6D9,https://likms.assembly.go.kr/bill/billDetail.do?billId=PRC_Z1X1Q0M5E1H6H1B6W5B5H1J6U0V6D9
18,1800205,인덕원∼수원 복선전철사업 예비타당성 검토노선 변경,"김종규외 34,545인",박보환의원,2011-04-20,2011-04-21,국토해양위원회,임기만료폐기,처리의안,https://likms.assembly.go.kr/bill/billDetail.do?billId=PRC_A1I1B0Z4Q2Z0Y1J6U0O2R3O8F2G1T8,https://likms.assembly.go.kr/bill/billDetail.do?billId=PRC_A1I1B0Z4Q2Z0Y1J6U0O2R3O8F2G1T8
18,1800204,여객자동차 운수사업법 시행규칙 개정,이창성외 24인,박보환의원,2011-04-20,2011-04-21,국토해양위원회,본회의불부의,처리의안,https://likms.assembly.go.kr/bill/billDetail.do?billId=PRC_S1T1U0M4W2U0A1S5L5G1I5Y4Y5H4W9,https://likms.assembly.go.kr/bill/billDetail.do?billId=PRC_S1T1U0M4W2U0A1S5L5G1I5Y4Y5H4W9
18,1800203,주택임대차보호법 개정,강철규외 2인,조승수의원,2011-04-18,2011-04-19,법제사법위원회,임기만료폐기,처리의안,https://likms.assembly.go.kr/bill/billDetail.do?billId=PRC_A1D1P0O4N1P8X1V3X3W3T5J7Z6A2A7,https://likms.assembly.go.kr/bill/billDetail.do?billId=PRC_A1D1P0O4N1P8X1V3X3W3T5J7Z6A2A7
18,1800202,외국인 장애인등록을 위한 장애인복지법 일부개정법률안 상정 촉구,"왕애려외 1,800인",곽정숙의원,2011-04-08,2011-04-08,보건복지위원회,본회의불부의,처리의안,https://likms.assembly.go.kr/bill/billDetail.do?billId=PRC_J1F1H0B4G0I8D1Z3T3K5R5U9F5L1B3,https://likms.assembly.go.kr/bill/billDetail.do?billId=PRC_J1F1H0B4G0I8D1Z3T3K5R5U9F5L1B3
18,1800201,민주유공자 예우에 관한 법률안,박동인외 72인,이사철의원,2011-04-05,2011-04-06,정무위원회,임기만료폐기,처리의안,https://likms.assembly.go.kr/bill/billDetail.do?billId=PRC_X1E1J0J4F0M5G1B7Z5G6B2Z4L2E7Y1,https://likms.assembly.go.kr/bill/billDetail.do?billId=PRC_X1E1J0J4F0M5G1B7Z5G6B2Z4L2E7Y1
18,1800200,국방과학연구소 증설 관련 잔류토지 매입 요청,박영준외 31인,변웅전의원,2011-04-01,2011-04-01,국방위원회,임기만료폐기,처리의안,https://likms.assembly.go.kr/bill/billDetail.do?billId=PRC_N1C1Y0Y4S0N4R1Y4I3Q8I0B2B1Q4A4,https://likms.assembly.go.kr/bill/billDetail.do?billId=PRC_N1C1Y0Y4S0N4R1Y4I3Q8I0B2B1Q4A4
18,1800199,한약재 카드뮴 기준 재개정,류경연외 6인,윤석용의원외 1인,2011-03-29,2011-03-30,보건복지위원회,임기만료폐기,처리의안,https://likms.assembly.go.kr/bill/billDetail.do?billId=PRC_Z1K1J0V4L0C4P1P4T3V5Y1X8J9D2S4,https://likms.assembly.go.kr/bill/billDetail.do?billId=PRC_Z1K1J0V4L0C4P1P4T3V5Y1X8J9D2S4
18,1800198,임란공신 호국공원법 제정,류영렬외 208인,안형환의원,2011-03-29,2011-03-30,정무위원회,임기만료폐기,처리의안,https://likms.assembly.go.kr/bill/billDetail.do?billId=PRC_D1Q1S0O4D0M4J1B4D2B8C2G6W8G9Z5,https://likms.assembly.go.kr/bill/billDetail.do?billId=PRC_D1Q1S0O4D0M4J1B4D2B8C2G6W8G9Z5
18,1800197,공익사업을 위한 토지 등의 취득 및 보상에 관한 법률 개정,김일중외 4인,강기갑의원,2011-03-18,2011-03-21,국토해양위원회,본회의불부의,처리의안,https://likms.assembly.go.kr/bill/billDetail.do?billId=PRC_B1S1W0Q3T1V8N1Y4W4P7M3Y1L6B5K5,https://likms.assembly.go.kr/bill/billDetail.do?billId=PRC_B1S1W0Q3T1V8N1Y4W4P7M3Y1L6B5K5
18,1800196,실종사건 조기 해결을 위한 민간조사(탐정)제도 도입 촉구,"나주봉외 13,600인",이인기의원,2011-03-15,2011-03-25,행정안전위원회,임기만료폐기,처리의안,https://likms.assembly.go.kr/bill/billDetail.do?billId=PRC_T1X1B0B3M1J5T1N1D4L8Y5C1W8Z9H6,https://likms.assembly.go.kr/bill/billDetail.do?billId=PRC_T1X1B0B3M1J5T1N1D4L8Y5C1W8Z9H6
18,1800195,하도급거래 공정화에 관한 법률 개정,"김선수, 임종대",천정배의원,2011-03-10,2011-03-10,정무위원회,임기만료폐기,처리의안,https://likms.assembly.go.kr/bill/billDetail.do?billId=PRC_O1S1R0F3X1M0I1W0A3P3J2O9Z5T6D8,https://likms.assembly.go.kr/bill/billDetail.do?billId=PRC_O1S1R0F3X1M0I1W0A3P3J2O9Z5T6D8
18,1800194,독점규제 및 공정거래에 관한 법률 개정,"김선수, 임종대",천정배의원,2011-03-10,2011-03-10,정무위원회,임기만료폐기,처리의안,https://likms.assembly.go.kr/bill/billDetail.do?billId=PRC_H1B1H0J3H1O0G1B0L2X6O0T3X1L7T2,https://likms.assembly.go.kr/bill/billDetail.do?billId=PRC_H1B1H0J3H1O0G1B0L2X6O0T3X1L7T2
18,1800193,경주시 효현-내남간 국도대체우회도로 성토구간 교량화,최상호외 15인,정수성의원,2011-03-07,2011-03-08,국토해양위원회,임기만료폐기,처리의안,https://likms.assembly.go.kr/bill/billDetail.do?billId=PRC_S1P1X0Z3J0A7I1V7U2X0Y3D4W6J7K6,https://likms.assembly.go.kr/bill/billDetail.do?billId=PRC_S1P1X0Z3J0A7I1V7U2X0Y3D4W6J7K6
18,1800192,영천~신경주 간 복선전철 노선 변경,김성오외 877인,정수성의원,2011-03-07,2011-03-08,국토해양위원회,임기만료폐기,처리의안,https://likms.assembly.go.kr/bill/billDetail.do?billId=PRC_R1Y1G0U3L0N7Y1T6Q4J8J4W9P8O5G7,https://likms.assembly.go.kr/bill/billDetail.do?billId=PRC_R1Y1G0U3L0N7Y1T6Q4J8J4W9P8O5G7
18,1800191,육군 제8361부대 97연대 3대대 이전,이대현외 281인,이진삼의원,2011-03-07,2011-03-07,국방위원회,본회의불부의,처리의안,https://likms.assembly.go.kr/bill/billDetail.do?billId=PRC_Z1O1V0M3I0D7P1P4L4K9M5M3T6U8V9,https://likms.assembly.go.kr/bill/billDetail.do?billId=PRC_Z1O1V0M3I0D7P1P4L4K9M5M3T6U8V9
18,1800190,2010년 삭감된 2011년 민생·복지예산 복원 및 증액 요구,안진걸,천정배의원ㆍ이정희의원,2011-03-04,2011-03-07,예산결산특별위원회,임기만료폐기,처리의안,https://likms.assembly.go.kr/bill/billDetail.do?billId=PRC_H1J1M0O3U0F4B1K0H2Z1Y4B3F9A6D1,https://likms.assembly.go.kr/bill/billDetail.do?billId=PRC_H1J1M0O3U0F4B1K0H2Z1Y4B3F9A6D1
18,1800189,조약 제1165호 유류오염손해보상을 위한 국제기금 설치에 관한 국제협약 제30조와 국내법과의 관계 심의,가재분외 7인,신낙균의원외 2인,2011-02-23,2011-02-24,외교통상통일위원회,임기만료폐기,처리의안,https://likms.assembly.go.kr/bill/billDetail.do?billId=PRC_M1S1H0A2K2A3R1S6V4N8C5L5G2H6T8,https://likms.assembly.go.kr/bill/billDetail.do?billId=PRC_M1S1H0A2K2A3R1S6V4N8C5L5G2H6T8
18,1800188,한국동서발전 본사의 당진 이전,"김종식외 1,680인",김낙성의원외 2인,2011-02-22,2011-02-23,국토해양위원회,임기만료폐기,처리의안,https://likms.assembly.go.kr/bill/billDetail.do?billId=PRC_C1W1W0Q2R2E2M1P5I3D7X4E0E8G2F7,https://likms.assembly.go.kr/bill/billDetail.do?billId=PRC_C1W1W0Q2R2E2M1P5I3D7X4E0E8G2F7
18,1800187,홈리스법 제정,"정승문외 1,531인",곽정숙의원,2011-02-22,2011-02-23,보건복지위원회,본회의불부의,처리의안,https://likms.assembly.go.kr/bill/billDetail.do?billId=PRC_E1B1F0M2C2T2W1U1J3G7S2D8S4L5Y0,https://likms.assembly.go.kr/bill/billDetail.do?billId=PRC_E1B1F0M2C2T2W1U1J3G7S2D8S4L5Y0
18,1800186,206항공대대 이전 요구,김선채외 881인,정동영의원ㆍ서종표의원,2011-01-25,2011-01-26,국방위원회,임기만료폐기,처리의안,https://likms.assembly.go.kr/bill/billDetail.do?billId=PRC_T1P1P0Q1Q2L5U1N1V2V7E3Z7Z3O9L9,https://likms.assembly.go.kr/bill/billDetail.do?billId=PRC_T1P1P0Q1Q2L5U1N1V2V7E3Z7Z3O9L9
18,1800185,청소년건강 보호를 위한 청소년금연법 제정,"송인정외 401,258인",조전혁의원,2010-12-21,2010-12-22,여성가족위원회,본회의불부의,처리의안,https://likms.assembly.go.kr/bill/billDetail.do?billId=PRC_K1L0Z1Q2N2J1O1S1L4P4L0J5N8S0Y4,https://likms.assembly.go.kr/bill/billDetail.do?billId=PRC_K1L0Z1Q2N2J1O1S1L4P4L0J5N8S0Y4
18,1800184,재일교포 북송저지 경찰특수임무수행자 보상에 관한 법률안 통과,김홍윤,심대평의원,2010-12-06,2010-12-07,행정안전위원회,본회의불부의,처리의안,https://likms.assembly.go.kr/bill/billDetail.do?billId=PRC_R1L0Z1R2K0R6W1A1E0S6J5P6A7N3W7,https://likms.assembly.go.kr/bill/billDetail.do?billId=PRC_R1L0Z1R2K0R6W1A1E0S6J5P6A7N3W7
18,1800183,가축분뇨의 관리 및 이용에 관한 법률 시행령 개정,양형석외 21인,김광림의원,2010-12-01,2010-12-02,환경노동위원회,임기만료폐기,처리의안,https://likms.assembly.go.kr/bill/billDetail.do?billId=PRC_V1D0I1W2D0V1Q1V6B2T0E2O2V7I6Z8,https://likms.assembly.go.kr/bill/billDetail.do?billId=PRC_V1D0I1W2D0V1Q1V6B2T0E2O2V7I6Z8
18,1800182,학력인정학교 학비지원 및 설립자 승계,권성태,김세연의원,2010-11-23,2010-11-24,교육과학기술위원회,임기만료폐기,처리의안,https://likms.assembly.go.kr/bill/billDetail.do?billId=PRC_I1T0L1X1Y2Z3Q1I1L3E3J5D5F1A4A4,https://likms.assembly.go.kr/bill/billDetail.do?billId=PRC_I1T0L1X1Y2Z3Q1I1L3E3J5D5F1A4A4
18,1800181,안양5동(냉천)·9동(새마을) 지구 주거환경개선사업 정상화 요구,임상범외 240인,이종걸의원,2010-11-09,2010-11-10,국토해양위원회,임기만료폐기,처리의안,https://likms.assembly.go.kr/bill/billDetail.do?billId=PRC_A1F0Q1U1L0C9U1B7A1W5A3B6V8H0P1,https://likms.assembly.go.kr/bill/billDetail.do?billId=PRC_A1F0Q1U1L0C9U1B7A1W5A3B6V8H0P1
18,1800180,소득세법 일부개정법률안(의안번호 1809529) 부칙 신설,김정기외 4인,서상기의원외 6인,2010-11-09,2010-11-10,기획재정위원회,임기만료폐기,처리의안,https://likms.assembly.go.kr/bill/billDetail.do?billId=PRC_Y1V0I1R1B0H9A1Q5D3X7W2U6D5X8S5,https://likms.assembly.go.kr/bill/billDetail.do?billId=PRC_Y1V0I1R1B0H9A1Q5D3X7W2U6D5X8S5
18,1800179,일본 궁내청에서 되찾은 의궤 국보 지정,김영준,이정현의원,2010-11-08,2010-11-09,문화체육관광방송통신위원회,임기만료폐기,처리의안,https://likms.assembly.go.kr/bill/billDetail.do?billId=PRC_D1L0Z1F1B0W8D2I0J2G7Q4J0Z4E4T6,https://likms.assembly.go.kr/bill/billDetail.do?billId=PRC_D1L0Z1F1B0W8D2I0J2G7Q4J0Z4E4T6
18,1800178,약사법 개정,"박근규외 132,820인",정하균의원,2010-11-04,2010-11-05,보건복지위원회,임기만료폐기,처리의안,https://likms.assembly.go.kr/bill/billDetail.do?billId=PRC_A1H0D1A1Q0P4I1F7I2C7E5M7F7O3R1,https://likms.assembly.go.kr/bill/billDetail.do?billId=PRC_A1H0D1A1Q0P4I1F7I2C7E5M7F7O3R1
18,1800177,천안함 국정조사,김성태외 288인,박지원의원외 8인,2010-11-04,2010-11-05,국방위원회,임기만료폐기,처리의안,https://likms.assembly.go.kr/bill/billDetail.do?billId=PRC_X1C0C1J1S0C4A1V5V1Q8G2P4E0Q2G2,https://likms.assembly.go.kr/bill/billDetail.do?billId=PRC_X1C0C1J1S0C4A1V5V1Q8G2P4E0Q2G2
18,1800176,환각물질의 유해성에 대한 예방교육을 위한 청소년보호법 개정,양지현,백원우의원외 60인,2010-11-04,2010-11-05,여성가족위원회,본회의불부의,처리의안,https://likms.assembly.go.kr/bill/billDetail.do?billId=PRC_O1L0K1R1H0X4L1Q1M4C6F4T6E2K7F1,https://likms.assembly.go.kr/bill/billDetail.do?billId=PRC_O1L0K1R1H0X4L1Q1M4C6F4T6E2K7F1
18,1800175,국가보훈처 사례조사 보고서 내용에 대한 재조사 요구,김시명,권택기의원외 2인,2010-11-03,2010-11-04,정무위원회,임기만료폐기,처리의안,https://likms.assembly.go.kr/bill/billDetail.do?billId=PRC_L1J0V1U1K0W3W1C5E1R3R0I7P9G0R8,https://likms.assembly.go.kr/bill/billDetail.do?billId=PRC_L1J0V1U1K0W3W1C5E1R3R0I7P9G0R8
18,1800174,국민건강보험 보장성 확대,"이강실외 48,605인",이정희의원외 4인,2010-11-02,2010-11-03,보건복지위원회,임기만료폐기,처리의안,https://likms.assembly.go.kr/bill/billDetail.do?billId=PRC_K1A0H1U1Z0A2H1O0J3Q9E2W6K9J5P0,https://likms.assembly.go.kr/bill/billDetail.do?billId=PRC_K1A0H1U1Z0A2H1O0J3Q9E2W6K9J5P0
18,1800173,남북 이산가족 상시면담과 유엔에 제출된 같은 탄원의 조속 실현을 촉구하는 결의문 채택,박계승외 2인,황우여의원외 13인,2010-10-29,2010-10-29,외교통상통일위원회,임기만료폐기,처리의안,https://likms.assembly.go.kr/bill/billDetail.do?billId=PRC_M1J0X1Z0T2G9J1X0U0D1Z3I6W1X8T9,https://likms.assembly.go.kr/bill/billDetail.do?billId=PRC_M1J0X1Z0T2G9J1X0U0D1Z3I6W1X8T9
18,1800172,금융실명거래 및 비밀보장에 관한 법률 일부개정,강철규외 3인,이용섭의원,2010-10-28,2010-10-29,정무위원회,임기만료폐기,처리의안,https://likms.assembly.go.kr/bill/billDetail.do?billId=PRC_E1U0P1T0X2S8V1R6U2D2S4Q3M5Q8U1,https://likms.assembly.go.kr/bill/billDetail.do?billId=PRC_E1U0P1T0X2S8V1R6U2D2S4Q3M5Q8U1
18,1800171,장애인 가족을 위한 장애인복지법 개정,윤종술,곽정숙의원,2010-10-22,2010-10-25,보건복지위원회,임기만료폐기,처리의안,https://likms.assembly.go.kr/bill/billDetail.do?billId=PRC_M1S0J1Z0P2M2L1N7H2K8I5S4U6C7J9,https://likms.assembly.go.kr/bill/billDetail.do?billId=PRC_M1S0J1Z0P2M2L1N7H2K8I5S4U6C7J9
18,1800170,50년간 개인불법사찰 국정감사 요구,김광식,최규성의원,2010-10-06,2010-10-07,행정안전위원회,임기만료폐기,처리의안,https://likms.assembly.go.kr/bill/billDetail.do?billId=PRC_S1F0C1L0W0K6R1I7A5R3D4L3X8Z2M5,https://likms.assembly.go.kr/bill/billDetail.do?billId=PRC_S1F0C1L0W0K6R1I7A5R3D4L3X8Z2M5
18,1800169,국군정보사령부 안양 박달동 이전계획 철회 요구,"서정원외 3,031인",홍사덕의원,2010-10-01,2010-10-01,국방위원회,철회,처리의안,https://likms.assembly.go.kr/bill/billDetail.do?billId=PRC_Q1Z0H1B0L0Z1M1F5J5O7K4Z1S7K6E1,https://likms.assembly.go.kr/bill/billDetail.do?billId=PRC_Q1Z0H1B0L0Z1M1F5J5O7K4Z1S7K6E1
18,1800168,채무자 회생 및 파산에 관한 법률 개정,백성진,박영선의원외 2인,2010-09-30,2010-10-01,법제사법위원회,임기만료폐기,처리의안,https://likms.assembly.go.kr/bill/billDetail.do?billId=PRC_R1C0L0J9I3P0S1P7T2M2V5X8F9P0M4,https://likms.assembly.go.kr/bill/billDetail.do?billId=PRC_R1C0L0J9I3P0S1P7T2M2V5X8F9P0M4
18,1800167,내수면 가두리 양식업 면허 연장 불허에 따른 손실보상 입법,최우휘외 99인,류근찬의원외 9인,2010-09-30,2010-10-01,농림수산식품위원회,임기만료폐기,처리의안,https://likms.assembly.go.kr/bill/billDetail.do?billId=PRC_V1A0Y0S9H3W0T1B6J1S7X2G7W4S1R5,https://likms.assembly.go.kr/bill/billDetail.do?billId=PRC_V1A0Y0S9H3W0T1B6J1S7X2G7W4S1R5
18,1800166,산업재해근로자 예우,최성복외 523인,이사철의원,2010-09-30,2010-10-01,환경노동위원회,임기만료폐기,처리의안,https://likms.assembly.go.kr/bill/billDetail.do?billId=PRC_L1I0L0O9E3F0B1X1L4Q2T1G0Z5Y1E3,https://likms.assembly.go.kr/bill/billDetail.do?billId=PRC_L1I0L0O9E3F0B1X1L4Q2T1G0Z5Y1E3
18,1800165,낙동강 고령구간 보 명칭(강정보→고령보) 변경,"나경택외 11,335인",이인기의원,2010-09-27,2010-09-28,국토해양위원회,임기만료폐기,처리의안,https://likms.assembly.go.kr/bill/billDetail.do?billId=PRC_Q1X0Y0R9O2W7U1G4N2B3P1V6Y8Y0W5,https://likms.assembly.go.kr/bill/billDetail.do?billId=PRC_Q1X0Y0R9O2W7U1G4N2B3P1V6Y8Y0W5
18,1800164,송정해수욕장 군 하계휴양소 부지 주민 환원,"신재식외 1,177인",안경률의원,2010-09-27,2010-09-28,국방위원회,임기만료폐기,처리의안,https://likms.assembly.go.kr/bill/billDetail.do?billId=PRC_Z1T0H0C9I2Y7O1Z1P1C7J2C3U6X0D6,https://likms.assembly.go.kr/bill/billDetail.do?billId=PRC_Z1T0H0C9I2Y7O1Z1P1C7J2C3U6X0D6
18,1800163,상가건물 임대차보호법 개정,이지은,박영선의원,2010-09-06,2010-09-07,법제사법위원회,임기만료폐기,처리의안,https://likms.assembly.go.kr/bill/billDetail.do?billId=PRC_H1E0N0C9Q0I6T1Z4M2Q0P4G3D4N1M2,https://likms.assembly.go.kr/bill/billDetail.do?billId=PRC_H1E0N0C9Q0I6T1Z4M2Q0P4G3D4N1M2
18,1800162,국도 2호선(덕례∼용강) 우회도로 조기 개설,"박봉수외 4,229인",우윤근의원,2010-08-31,2010-09-01,국토해양위원회,임기만료폐기,처리의안,https://likms.assembly.go.kr/bill/billDetail.do?billId=PRC_Q1F0U0B8W3U1M2Z0V5J0V1L4T8A3E4,https://likms.assembly.go.kr/bill/billDetail.do?billId=PRC_Q1F0U0B8W3U1M2Z0V5J0V1L4T8A3E4
18,1800161,광양만 오염사태와 부당행정 집행에 대한 국정조사 및 국정감사 요구,김영현,홍희덕의원외 1인,2010-08-31,2010-09-01,환경노동위원회,임기만료폐기,처리의안,https://likms.assembly.go.kr/bill/billDetail.do?billId=PRC_Q1M0G0G8D3U1W2F0J3J7T5Z5T9A8E5,https://likms.assembly.go.kr/bill/billDetail.do?billId=PRC_Q1M0G0G8D3U1W2F0J3J7T5Z5T9A8E5
18,1800160,대한민국헌정회 육성법 개정,차윤석외 58인,조승수의원,2010-08-30,2010-08-31,국회운영위원회,임기만료폐기,처리의안,https://likms.assembly.go.kr/bill/billDetail.do?billId=PRC_W1R0O0B8V3D0Y1V1O4G7P3I1R8F7Q1,https://likms.assembly.go.kr/bill/billDetail.do?billId=PRC_W1R0O0B8V3D0Y1V1O4G7P3I1R8F7Q1
18,1800159,인터넷상 음란광고 규제를 위한 청소년보호법 개정,"정미경,이현숙,정진택외 28,361인",최영희의원외 7인,2010-08-12,2010-08-13,여성가족위원회,본회의불부의,처리의안,https://likms.assembly.go.kr/bill/billDetail.do?billId=PRC_N1D0Q0W8B1X2B2U0I4O1H4I3H8N5B6,https://likms.assembly.go.kr/bill/billDetail.do?billId=PRC_N1D0Q0W8B1X2B2U0I4O1H4I3H8N5B6
18,1800158,참전명예수당 인상,"박희모외 200,000인",이인기의원,2010-07-21,2010-07-22,정무위원회,임기만료폐기,처리의안,https://likms.assembly.go.kr/bill/billDetail.do?billId=PRC_M1D0M0J7N2V1R1M5O5R4T5E3J2S2M4,https://likms.assembly.go.kr/bill/billDetail.do?billId=PRC_M1D0M0J7N2V1R1M5O5R4T5E3J2S2M4
18,1800157,이화여대 파주캠퍼스 건립을 위한 반환공여지 협의매수,이배용,황진하의원,2010-07-14,2010-07-15,국방위원회,임기만료폐기,처리의안,https://likms.assembly.go.kr/bill/billDetail.do?billId=PRC_G1Y0L0W7B1U4Y1K7A2G5W3O6V9W8L6,https://likms.assembly.go.kr/bill/billDetail.do?billId=PRC_G1Y0L0W7B1U4Y1K7A2G5W3O6V9W8L6
18,1800156,이화여대 파주캠퍼스 유치를 위한 반환공여지 협의매수,이인재,황진하의원,2010-07-14,2010-07-15,국방위원회,임기만료폐기,처리의안,https://likms.assembly.go.kr/bill/billDetail.do?billId=PRC_B1I0K0F7W1O4B1X7Z2H3F3L7K4H9K2,https://likms.assembly.go.kr/bill/billDetail.do?billId=PRC_B1I0K0F7W1O4B1X7Z2H3F3L7K4H9K2
18,1800155,이화여대 파주캠퍼스 조성을 위한 반환공여지 협의매수,김문수,황진하의원,2010-07-14,2010-07-15,국방위원회,임기만료폐기,처리의안,https://likms.assembly.go.kr/bill/billDetail.do?billId=PRC_D1S0T0C7V1S4T1L7F1H6J3T4P7S2H5,https://likms.assembly.go.kr/bill/billDetail.do?billId=PRC_D1S0T0C7V1S4T1L7F1H6J3T4P7S2H5
18,1800154,정신장애인 인권 및 복지에 관한 법률 제정,장명숙외 4인,박은수의원외 2인,2010-06-25,2010-06-28,보건복지위원회,임기만료폐기,처리의안,https://likms.assembly.go.kr/bill/billDetail.do?billId=PRC_G1Q0T0I6G2S5Q1J5M3R2Z0X3P9W7S9,https://likms.assembly.go.kr/bill/billDetail.do?billId=PRC_G1Q0T0I6G2S5Q1J5M3R2Z0X3P9W7S9
18,1800153,대부업 등의 등록 및 금융이용자 보호에 관한 법률 개정,안진걸,이정희의원,2010-06-22,2010-06-23,정무위원회,임기만료폐기,처리의안,https://likms.assembly.go.kr/bill/billDetail.do?billId=PRC_B1M0Y0P6X2K2S1T7K3O8K3G4F5G2E4,https://likms.assembly.go.kr/bill/billDetail.do?billId=PRC_B1M0Y0P6X2K2S1T7K3O8K3G4F5G2E4
18,1800152,이자제한법 개정,안진걸,이정희의원,2010-06-22,2010-06-23,법제사법위원회,임기만료폐기,처리의안,https://likms.assembly.go.kr/bill/billDetail.do?billId=PRC_J1R0W0V6H2B2Y1M7O3O5V4E0T7I1S5,https://likms.assembly.go.kr/bill/billDetail.do?billId=PRC_J1R0W0V6H2B2Y1M7O3O5V4E0T7I1S5
18,1800151,파주 교하3지구 조기 보상,허염외 613인,황진하의원,2010-06-22,2010-06-23,국토해양위원회,임기만료폐기,처리의안,https://likms.assembly.go.kr/bill/billDetail.do?billId=PRC_G1L0R0J6U2L2R1M1C5N0F3T7C3H8N9,https://likms.assembly.go.kr/bill/billDetail.do?billId=PRC_G1L0R0J6U2L2R1M1C5N0F3T7C3H8N9
18,1800150,고위공직자비리수사처 설치 및 운영에 관한 법률 제정,임종대,김동철의원외 12인,2010-06-16,2011-07-01,법제사법위원회,임기만료폐기,처리의안,https://likms.assembly.go.kr/bill/billDetail.do?billId=PRC_P1U0X0X6V1T6E1H8S0B4X3K3G5N7I1,https://likms.assembly.go.kr/bill/billDetail.do?billId=PRC_P1U0X0X6V1T6E1H8S0B4X3K3G5N7I1
18,1800149,금양98호 선원에 대한 실종자 수색 재개와 의사자 인정 요청,이원상외 7인,최문순의원,2010-06-15,2010-06-16,보건복지위원회,본회의불부의,처리의안,https://likms.assembly.go.kr/bill/billDetail.do?billId=PRC_H1W0Z0C6U1H5B1J6N5V6K0J4O8E9H4,https://likms.assembly.go.kr/bill/billDetail.do?billId=PRC_H1W0Z0C6U1H5B1J6N5V6K0J4O8E9H4
18,1800148,여객자동차운수사업법 시행규칙 개정,김해경외 101인,박순자의원외 39인,2010-05-20,2010-05-24,국토해양위원회,임기만료폐기,처리의안,https://likms.assembly.go.kr/bill/billDetail.do?billId=PRC_X1T0B0K5N2F0Q1R7V0V0Q2T7V4U9J4,https://likms.assembly.go.kr/bill/billDetail.do?billId=PRC_X1T0B0K5N2F0Q1R7V0V0Q2T7V4U9J4
18,1800147,기반시설부담금에 관한 법률 폐지법률 일부개정,"원광기외 3,635인",구상찬의원외 19인,2010-05-06,2010-05-06,국토해양위원회,본회의불부의,처리의안,https://likms.assembly.go.kr/bill/billDetail.do?billId=PRC_C1Z0Z0S5E0Y6Q1I3B4M3E5H7C9S9L9,https://likms.assembly.go.kr/bill/billDetail.do?billId=PRC_C1Z0Z0S5E0Y6Q1I3B4M3E5H7C9S9L9
18,1800146,강서지역 준공업지역 해제,"윤정원외 15,064인",김성태의원,2010-04-22,2010-04-23,국토해양위원회,본회의불부의,처리의안,https://likms.assembly.go.kr/bill/billDetail.do?billId=PRC_K1L0Z0D4B2P2J1A6I4P5H1U2A2Z1B3,https://likms.assembly.go.kr/bill/billDetail.do?billId=PRC_K1L0Z0D4B2P2J1A6I4P5H1U2A2Z1B3
18,1800145,외국인 근로자 고용 제도개선,신동헌외 504인,김성수의원,2010-04-22,2010-04-23,환경노동위원회,철회,처리의안,https://likms.assembly.go.kr/bill/billDetail.do?billId=PRC_N1Y0L0Z4Q2O2K1E5E1D8K5G4O6B5E1,https://likms.assembly.go.kr/bill/billDetail.do?billId=PRC_N1Y0L0Z4Q2O2K1E5E1D8K5G4O6B5E1
18,1800144,국민기초생활 보장법 개정,"최예륜외 1,701인",곽정숙의원,2010-04-19,2010-04-20,보건복지위원회,임기만료폐기,처리의안,https://likms.assembly.go.kr/bill/billDetail.do?billId=PRC_Y1U0I0E4Y1X9I1M4L4I6V1H5M7U1K7,https://likms.assembly.go.kr/bill/billDetail.do?billId=PRC_Y1U0I0E4Y1X9I1M4L4I6V1H5M7U1K7
18,1800143,소년법 개정,양지현,곽정숙의원외 12인,2010-04-13,2010-04-14,법제사법위원회,임기만료폐기,처리의안,https://likms.assembly.go.kr/bill/billDetail.do?billId=PRC_D1U0F0Z4C1L3E1K5E1S3N2F8J5Z4V8,https://likms.assembly.go.kr/bill/billDetail.do?billId=PRC_D1U0F0Z4C1L3E1K5E1S3N2F8J5Z4V8
18,1800142,여객자동차운수사업법 시행규칙 개정,조창영외 72인,김진표의원외 5인,2010-04-09,2010-04-12,국토해양위원회,원안가결,처리의안,https://likms.assembly.go.kr/bill/billDetail.do?billId=PRC_D1B0N0L4H0Z9K1O7Z2L5I5G2W2V0H4,https://likms.assembly.go.kr/bill/billDetail.do?billId=PRC_D1B0N0L4H0Z9K1O7Z2L5I5G2W2V0H4
18,1800141,의료민영화 입법 반대,"조경애외 300,000인",곽정숙의원외 2인,2010-04-08,2010-04-09,보건복지위원회,임기만료폐기,처리의안,https://likms.assembly.go.kr/bill/billDetail.do?billId=PRC_I1A0P0K4K0C8H1Z6M3C6P5D1W2D9O1,https://likms.assembly.go.kr/bill/billDetail.do?billId=PRC_I1A0P0K4K0C8H1Z6M3C6P5D1W2D9O1
18,1800140,무국적 중국동포 구제,김용필외 170인,김춘진의원,2010-03-18,2010-03-19,법제사법위원회,임기만료폐기,처리의안,https://likms.assembly.go.kr/bill/billDetail.do?billId=PRC_J1B0D0A3O1P8D1Y7R1D5W4X0P7E7Y7,https://likms.assembly.go.kr/bill/billDetail.do?billId=PRC_J1B0D0A3O1P8D1Y7R1D5W4X0P7E7Y7
18,1800139,약목보수기지 내 구미철도CY 존치,"김용창외 18,957인",김태환의원ㆍ김성조의원,2010-03-16,2010-03-17,국토해양위원회,임기만료폐기,처리의안,https://likms.assembly.go.kr/bill/billDetail.do?billId=PRC_M1M0D0K3N1C6Y1F7F5M0H1R0U8Y5T9,https://likms.assembly.go.kr/bill/billDetail.do?billId=PRC_M1M0D0K3N1C6Y1F7F5M0H1R0U8Y5T9
18,1800138,취업 후 학자금 상환 특별법 개정,임종대,안민석의원외 2인,2010-03-03,2010-03-04,교육과학기술위원회,임기만료폐기,처리의안,https://likms.assembly.go.kr/bill/billDetail.do?billId=PRC_K1U0S0M3F0J3R1B5Z3S8O1U4L3R2J8,https://likms.assembly.go.kr/bill/billDetail.do?billId=PRC_K1U0S0M3F0J3R1B5Z3S8O1U4L3R2J8
18,1800137,약목보수기지 내 구미철도CY 이전 및 폐쇄,"이상선, 권명달외 4,557인",이인기의원,2010-02-26,2010-02-26,국토해양위원회,임기만료폐기,처리의안,https://likms.assembly.go.kr/bill/billDetail.do?billId=PRC_C1M0J0U2I2S6I1R2G0U2Q1P0C0P6U0,https://likms.assembly.go.kr/bill/billDetail.do?billId=PRC_C1M0J0U2I2S6I1R2G0U2Q1P0C0P6U0
18,1800136,경북 고령·성주군 천연가스(LNG) 조기공급,"정규성외 25,406인",이인기의원,2010-02-26,2010-02-26,지식경제위원회,임기만료폐기,처리의안,https://likms.assembly.go.kr/bill/billDetail.do?billId=PRC_O1R0M0T2C2J6O1J1X4B8D3N4O7S7K6,https://likms.assembly.go.kr/bill/billDetail.do?billId=PRC_O1R0M0T2C2J6O1J1X4B8D3N4O7S7K6
18,1800135,시흥 능곡 국민임대단지 부실시공,안기영외 839인,백원우의원,2010-02-24,2010-02-25,국토해양위원회,임기만료폐기,처리의안,https://likms.assembly.go.kr/bill/billDetail.do?billId=PRC_H1B0J0E2J2T4P1H7T4P0W5O4X9K0L9,https://likms.assembly.go.kr/bill/billDetail.do?billId=PRC_H1B0J0E2J2T4P1H7T4P0W5O4X9K0L9
18,1800134,친양자 입양연령 상향을 위한 민법 개정,양지현외 31인,이용섭의원외 3인,2010-02-10,2010-02-11,법제사법위원회,임기만료폐기,처리의안,https://likms.assembly.go.kr/bill/billDetail.do?billId=PRC_T1L0F0K2J0U9W1T0Q0S7Y4U2W2S1A4,https://likms.assembly.go.kr/bill/billDetail.do?billId=PRC_T1L0F0K2J0U9W1T0Q0S7Y4U2W2S1A4
18,1800133,재외국민선거 우편제도 실시를 위한 공직선거법 개정,남문기외 4인,김영진의원,2010-02-08,2011-03-24,정치개혁특별위원회,임기만료폐기,처리의안,https://likms.assembly.go.kr/bill/billDetail.do?billId=PRC_U1G0H0Z2Y0C8A1D6S4D2O2S0O5C6P3,https://likms.assembly.go.kr/bill/billDetail.do?billId=PRC_U1G0H0Z2Y0C8A1D6S4D2O2S0O5C6P3
18,1800132,국립과학수사연구소 보관 여성 생식기 표본 처리,강보향외 116인,최문순의원,2010-01-28,2010-01-29,행정안전위원회,본회의불부의,처리의안,https://likms.assembly.go.kr/bill/billDetail.do?billId=PRC_R1D0K0Y1U2X8V1E6K3I5W3M7J5A9K0,https://likms.assembly.go.kr/bill/billDetail.do?billId=PRC_R1D0K0Y1U2X8V1E6K3I5W3M7J5A9K0
18,1800131,정치자금법 개정,임종대,강기정의원,2010-01-25,2011-03-24,정치개혁특별위원회,임기만료폐기,처리의안,https://likms.assembly.go.kr/bill/billDetail.do?billId=PRC_D1Z0P0D1N2Y5E1Y3V4M4N1P7C5Z3U7,https://likms.assembly.go.kr/bill/billDetail.do?billId=PRC_D1Z0P0D1N2Y5E1Y3V4M4N1P7C5Z3U7
18,1800130,정당법 개정,임종대,강기정의원,2010-01-25,2011-03-24,정치개혁특별위원회,임기만료폐기,처리의안,https://likms.assembly.go.kr/bill/billDetail.do?billId=PRC_I1M0C0F1H2C5G1H3K4U2S3M4X5J1G0,https://likms.assembly.go.kr/bill/billDetail.do?billId=PRC_I1M0C0F1H2C5G1H3K4U2S3M4X5J1G0
18,1800129,공직선거법 개정,임종대,강기정의원,2010-01-25,2011-03-24,정치개혁특별위원회,임기만료폐기,처리의안,https://likms.assembly.go.kr/bill/billDetail.do?billId=PRC_Q1S0P0A1N2M5X1Q3Z3P7A4C4O7V9O7,https://likms.assembly.go.kr/bill/billDetail.do?billId=PRC_Q1S0P0A1N2M5X1Q3Z3P7A4C4O7V9O7
18,1800128,간척지 매립공사로 인한 피해어민 구제 특별법 제정,최정섭외 87인,유선호의원,2010-01-18,2010-01-19,농림수산식품위원회,임기만료폐기,처리의안,https://likms.assembly.go.kr/bill/billDetail.do?billId=PRC_P1R0V0H1N1F8C1O7K5B4R3H3A9H7C6,https://likms.assembly.go.kr/bill/billDetail.do?billId=PRC_P1R0V0H1N1F8C1O7K5B4R3H3A9H7C6
18,1800127,교육감 선거 입후보 자격,최미숙,이명수의원,2009-12-30,2009-12-31,교육과학기술위원회,본회의불부의,처리의안,https://likms.assembly.go.kr/bill/billDetail.do?billId=PRC_L0F9F1X2G3Q0Q1B6T4K0Q3T8V8A6K9,https://likms.assembly.go.kr/bill/billDetail.do?billId=PRC_L0F9F1X2G3Q0Q1B6T4K0Q3T8V8A6K9
18,1800126,동홍가스충전소 설치허가의 부당성,김경용외 19인,김재윤의원,2009-12-22,2009-12-24,지식경제위원회,임기만료폐기,처리의안,https://likms.assembly.go.kr/bill/billDetail.do?billId=PRC_M0N9M1Q2H2J2J1S6A4G2H2E7Z2B6D1,https://likms.assembly.go.kr/bill/billDetail.do?billId=PRC_M0N9M1Q2H2J2J1S6A4G2H2E7Z2B6D1
18,1800125,청소년의 건강과 생명권 보호,이진백외 14인,박대해의원,2009-12-17,2009-12-18,보건복지위원회,임기만료폐기,처리의안,https://likms.assembly.go.kr/bill/billDetail.do?billId=PRC_S0A9R1Q2R1P7T1N5I0J5N5P3J7A5M2,https://likms.assembly.go.kr/bill/billDetail.do?billId=PRC_S0A9R1Q2R1P7T1N5I0J5N5P3J7A5M2
18,1800124,지방교육자치에 관한 법률 개정,이경자외 300인,정두언의원외 1인,2009-12-16,2009-12-17,교육과학기술위원회,임기만료폐기,처리의안,https://likms.assembly.go.kr/bill/billDetail.do?billId=PRC_I0H9N1X2X1Z6N1F8J0D8H2L7P7X7G1,https://likms.assembly.go.kr/bill/billDetail.do?billId=PRC_I0H9N1X2X1Z6N1F8J0D8H2L7P7X7G1
18,1800123,장애인의 지하철 이동편의 개선,"정천수외 3,140인",강명순의원외 2인,2009-12-07,2009-12-07,국토해양위원회,원안가결,처리의안,https://likms.assembly.go.kr/bill/billDetail.do?billId=PRC_B0Z9O1C2M0O7L1Q3N5S9Z2G7I1E9Z7,https://likms.assembly.go.kr/bill/billDetail.do?billId=PRC_B0Z9O1C2M0O7L1Q3N5S9Z2G7I1E9Z7
18,1800122,순흥초등학교학생 항일운동 초등교과서 수록,황재천,장윤석의원,2009-12-04,2009-12-04,교육과학기술위원회,임기만료폐기,처리의안,https://likms.assembly.go.kr/bill/billDetail.do?billId=PRC_P0L9T1M2N0T4B1Q0D1O7K0Z0F5D3J2,https://likms.assembly.go.kr/bill/billDetail.do?billId=PRC_P0L9T1M2N0T4B1Q0D1O7K0Z0F5D3J2
18,1800121,지방자치법 일부 개정,정성용외 777인,조승수의원,2009-12-02,2009-12-04,행정안전위원회,임기만료폐기,처리의안,https://likms.assembly.go.kr/bill/billDetail.do?billId=PRC_L0J9O1Z2Y0O2D1W1K2B4A0H9M4X3O4,https://likms.assembly.go.kr/bill/billDetail.do?billId=PRC_L0J9O1Z2Y0O2D1W1K2B4A0H9M4X3O4
18,1800120,조세특례제한법 시행령(제106조 제7항 제11호) 개정,김태경외 667인,허천의원,2009-11-30,2009-12-01,기획재정위원회,임기만료폐기,처리의안,https://likms.assembly.go.kr/bill/billDetail.do?billId=PRC_F0S9M1Q1S3K0A1H5J2C8O3M8S6M7H1,https://likms.assembly.go.kr/bill/billDetail.do?billId=PRC_F0S9M1Q1S3K0A1H5J2C8O3M8S6M7H1
18,1800119,6.25 강릉지구전투 포병3용사 및 대대장대리 수행자 이남구의 무공훈장 수여,유정갑외 1인,황진하의원,2009-11-27,2009-11-30,국방위원회,임기만료폐기,처리의안,https://likms.assembly.go.kr/bill/billDetail.do?billId=PRC_D0R9B1G1J2J7U1K5A0O1C3H4R2E5X5,https://likms.assembly.go.kr/bill/billDetail.do?billId=PRC_D0R9B1G1J2J7U1K5A0O1C3H4R2E5X5
18,1800118,공익사업을 위한 토지 등의 취득 및 보상에 관한 법률과 택지개발업무처리 지침 개정,엄신형외 891인,허천의원ㆍ황우여의원ㆍ김영진의원외 13인,2009-11-25,2009-11-26,국토해양위원회,임기만료폐기,처리의안,https://likms.assembly.go.kr/bill/billDetail.do?billId=PRC_P0C9G1B1X2E5O1W5S1I1Q1X7K2W9L3,https://likms.assembly.go.kr/bill/billDetail.do?billId=PRC_P0C9G1B1X2E5O1W5S1I1Q1X7K2W9L3
18,1800117,"서귀포시 신효동 한라LPG증설 인허가, 부실감리 재조사",현맹수외 753인,김재윤의원,2009-11-24,2009-11-25,지식경제위원회,임기만료폐기,처리의안,https://likms.assembly.go.kr/bill/billDetail.do?billId=PRC_L0J9M1J1R2Q4C1S1C4P8A2P6J2J2X4,https://likms.assembly.go.kr/bill/billDetail.do?billId=PRC_L0J9M1J1R2Q4C1S1C4P8A2P6J2J2X4
18,1800116,광석지구 보상 지연,이근상외 66인,김성수의원,2009-11-23,2009-11-23,국토해양위원회,본회의불부의,처리의안,https://likms.assembly.go.kr/bill/billDetail.do?billId=PRC_M0O9U1V1H2K3N1L0K1S2H4U6P7O0H9,https://likms.assembly.go.kr/bill/billDetail.do?billId=PRC_M0O9U1V1H2K3N1L0K1S2H4U6P7O0H9
18,1800115,으뜸상호저축은행 피해 대책,현민준외 29인,원희룡의원,2009-11-19,2009-11-20,정무위원회,임기만료폐기,처리의안,https://likms.assembly.go.kr/bill/billDetail.do?billId=PRC_K0W9L1T1Q1T9V1D7C3R9E2H0H1K3U9,https://likms.assembly.go.kr/bill/billDetail.do?billId=PRC_K0W9L1T1Q1T9V1D7C3R9E2H0H1K3U9
18,1800114,택시안전보호막 설치,최용식,박준선의원,2009-11-17,2009-11-18,국토해양위원회,임기만료폐기,처리의안,https://likms.assembly.go.kr/bill/billDetail.do?billId=PRC_K0H9N1U1N1H7I1M1O0D5J5N1P4L2R8,https://likms.assembly.go.kr/bill/billDetail.do?billId=PRC_K0H9N1U1N1H7I1M1O0D5J5N1P4L2R8
18,1800113,탄약고 이전 또는 탄약고 안전거리 완화,"이제승외 28,311인",김영우의원,2009-11-13,2009-11-16,국방위원회,본회의불부의,처리의안,https://likms.assembly.go.kr/bill/billDetail.do?billId=PRC_B0N9M1A1W1R3W1E4S3D9E5D6D9I4I9,https://likms.assembly.go.kr/bill/billDetail.do?billId=PRC_B0N9M1A1W1R3W1E4S3D9E5D6D9I4I9
18,1800112,선거권 연령 조정,홍지현외 1인,홍희덕의원외 6인,2009-11-13,2011-03-24,정치개혁특별위원회,임기만료폐기,처리의안,https://likms.assembly.go.kr/bill/billDetail.do?billId=PRC_N0B9A1Q1P1S2C2J0C3T8Z0Z1A4P6Y5,https://likms.assembly.go.kr/bill/billDetail.do?billId=PRC_N0B9A1Q1P1S2C2J0C3T8Z0Z1A4P6Y5
18,1800111,고용보험법 개정,임종대,원혜영의원,2009-11-09,2009-11-10,환경노동위원회,임기만료폐기,처리의안,https://likms.assembly.go.kr/bill/billDetail.do?billId=PRC_O0V9Q1R1E0C9U1B5U3J6T4B7Y1U4D2,https://likms.assembly.go.kr/bill/billDetail.do?billId=PRC_O0V9Q1R1E0C9U1B5U3J6T4B7Y1U4D2
18,1800110,민사집행법 개정안,안진걸,박영선의원,2009-11-09,2009-11-10,법제사법위원회,임기만료폐기,처리의안,https://likms.assembly.go.kr/bill/billDetail.do?billId=PRC_A0S9A1O1Y0F9X1P5Y3T2K2B4P5I7Q6,https://likms.assembly.go.kr/bill/billDetail.do?billId=PRC_A0S9A1O1Y0F9X1P5Y3T2K2B4P5I7Q6
18,1800109,학교 밖 청소년복지법 제정,엄신형,임해규의원,2009-11-04,2009-11-05,교육과학기술위원회,임기만료폐기,처리의안,https://likms.assembly.go.kr/bill/billDetail.do?billId=PRC_R0Z9Z1L1B0W4B1K6X0G1R2M9H6X6Z6,https://likms.assembly.go.kr/bill/billDetail.do?billId=PRC_R0Z9Z1L1B0W4B1K6X0G1R2M9H6X6Z6
18,1800108,국가재정법 개정,임종대,백재현의원외 6인,2009-10-30,2009-11-02,기획재정위원회,임기만료폐기,처리의안,https://likms.assembly.go.kr/bill/billDetail.do?billId=PRC_S0Y9C1M0L3R0X1B7B3C8V1U5C2H9U1,https://likms.assembly.go.kr/bill/billDetail.do?billId=PRC_S0Y9C1M0L3R0X1B7B3C8V1U5C2H9U1
18,1800107,재외국민 교육지원 확대,"한삼수외 10,620인",안민석의원외 1인,2009-10-26,2009-10-27,교육과학기술위원회,임기만료폐기,처리의안,https://likms.assembly.go.kr/bill/billDetail.do?billId=PRC_G0B9B1C0L2Q6M1Y6M3H4G4P3N3C7L1,https://likms.assembly.go.kr/bill/billDetail.do?billId=PRC_G0B9B1C0L2Q6M1Y6M3H4G4P3N3C7L1
18,1800106,유통산업발전법 개정,김민영,조승수의원,2009-10-22,2009-10-23,지식경제위원회,본회의불부의,처리의안,https://likms.assembly.go.kr/bill/billDetail.do?billId=PRC_R0L9Z1P0M2V2K1C4P3G5N5N1D6T5R0,https://likms.assembly.go.kr/bill/billDetail.do?billId=PRC_R0L9Z1P0M2V2K1C4P3G5N5N1D6T5R0
18,1800105,국산 한약재 직거래 사업,"황의발외 4,365인",윤석용의원외 21인,2009-10-14,2009-10-14,보건복지위원회,임기만료폐기,처리의안,https://likms.assembly.go.kr/bill/billDetail.do?billId=PRC_U0Q9W1P0F1B4S1H5B1V1Q3D8S3J3G7,https://likms.assembly.go.kr/bill/billDetail.do?billId=PRC_U0Q9W1P0F1B4S1H5B1V1Q3D8S3J3G7
18,1800104,사형제도 폐지 및 종신형제도 입법화,"정진석외 100,481인",김부겸의원외 4인,2009-10-08,2009-10-09,법제사법위원회,임기만료폐기,처리의안,https://likms.assembly.go.kr/bill/billDetail.do?billId=PRC_M0D9N1N0I0R8B1M5Z3T4U2E3V3T9O1,https://likms.assembly.go.kr/bill/billDetail.do?billId=PRC_M0D9N1N0I0R8B1M5Z3T4U2E3V3T9O1
18,1800103,수도권광역철도(GTX) 군포금정∼의정부 구간 조기착공,"이진선·원성희외 208,542인",문희상의원ㆍ김부겸의원ㆍ강성종의원,2009-10-01,2009-10-05,국토해양위원회,임기만료폐기,처리의안,https://likms.assembly.go.kr/bill/billDetail.do?billId=PRC_Z0D9B1V0R0P1S1D3F4T6C3B7G6L8O6,https://likms.assembly.go.kr/bill/billDetail.do?billId=PRC_Z0D9B1V0R0P1S1D3F4T6C3B7G6L8O6
18,1800102,상가건물 임대차보호법 개정,서성욱외 220인,홍희덕의원,2009-09-25,2009-09-28,법제사법위원회,임기만료폐기,처리의안,https://likms.assembly.go.kr/bill/billDetail.do?billId=PRC_V0P9Q0R9O2G5Y1K5V0C6P3B7Z1G0B2,https://likms.assembly.go.kr/bill/billDetail.do?billId=PRC_V0P9Q0R9O2G5Y1K5V0C6P3B7Z1G0B2
18,1800101,발전소주변지역 지원에 관한 법률 개정,"이원호외 117,287인",조승수의원ㆍ최연희의원,2009-09-23,2009-09-24,지식경제위원회,임기만료폐기,처리의안,https://likms.assembly.go.kr/bill/billDetail.do?billId=PRC_R0X9N0G9W2U3T1I1I0X6D3I4O3G2L0,https://likms.assembly.go.kr/bill/billDetail.do?billId=PRC_R0X9N0G9W2U3T1I1I0X6D3I4O3G2L0
18,1800100,국산 한약재 직거래 사업,나병환외 143인,송광호의원,2009-09-22,2009-09-23,보건복지위원회,임기만료폐기,처리의안,https://likms.assembly.go.kr/bill/billDetail.do?billId=PRC_X0T9X0A9X2J2Q1J4Q4E3L4L0H6F6U2,https://likms.assembly.go.kr/bill/billDetail.do?billId=PRC_X0T9X0A9X2J2Q1J4Q4E3L4L0H6F6U2
18,1800099,국민기초생활 보장법 개정,임종대,최영희의원,2009-09-07,2009-09-08,보건복지위원회,임기만료폐기,처리의안,https://likms.assembly.go.kr/bill/billDetail.do?billId=PRC_M0P9W0F9M0A7A1W6Y1Z2M5L4T1G6K2,https://likms.assembly.go.kr/bill/billDetail.do?billId=PRC_M0P9W0F9M0A7A1W6Y1Z2M5L4T1G6K2
18,1800098,지방이양된 사회복지사업의 중앙 환원,김득린외 12인,정하균의원,2009-09-04,2009-09-07,기획재정위원회,임기만료폐기,처리의안,https://likms.assembly.go.kr/bill/billDetail.do?billId=PRC_P0J9B0I9H0W4A1M5W5L4X0J7Q1M6P2,https://likms.assembly.go.kr/bill/billDetail.do?billId=PRC_P0J9B0I9H0W4A1M5W5L4X0J7Q1M6P2
18,1800097,시군자치구의회의원 의정비 개선,"윤규진외 2,145인",이혜훈의원외 7인,2009-08-31,2009-09-01,행정안전위원회,임기만료폐기,처리의안,https://likms.assembly.go.kr/bill/billDetail.do?billId=PRC_Z0S9P0J8H3N1W1S4C3V1X0X7P5I7B5,https://likms.assembly.go.kr/bill/billDetail.do?billId=PRC_Z0S9P0J8H3N1W1S4C3V1X0X7P5I7B5
18,1800096,주택임대차보호법 개정,권정순,이용섭의원ㆍ이정희의원,2009-08-25,2009-08-26,법제사법위원회,임기만료폐기,처리의안,https://likms.assembly.go.kr/bill/billDetail.do?billId=PRC_T0P9Y0L8U2N5M1K1K5T0Z3R1P3Q8C9,https://likms.assembly.go.kr/bill/billDetail.do?billId=PRC_T0P9Y0L8U2N5M1K1K5T0Z3R1P3Q8C9
18,1800095,KBS라디오 단양중계소 이전,"장지홍외 1,809인",송광호의원,2009-08-20,2009-08-21,문화체육관광방송통신위원회,임기만료폐기,처리의안,https://likms.assembly.go.kr/bill/billDetail.do?billId=PRC_F0W9T0M8Z2M0W1W6H4M5O2P0M7K0C7,https://likms.assembly.go.kr/bill/billDetail.do?billId=PRC_F0W9T0M8Z2M0W1W6H4M5O2P0M7K0C7
18,1800094,광주광역시 서구 풍암동 경찰지구대 설치,"장인균외 4,999인",김영진의원,2009-08-14,2009-08-17,행정안전위원회,임기만료폐기,처리의안,https://likms.assembly.go.kr/bill/billDetail.do?billId=PRC_Z0D9U0P8L1B4Y1S7Y4O3G2E0C1D9R6,https://likms.assembly.go.kr/bill/billDetail.do?billId=PRC_Z0D9U0P8L1B4Y1S7Y4O3G2E0C1D9R6
18,1800093,포곡항공대(헬기장) 이전,"정혜원외 3,331인",이은재의원ㆍ김영우의원,2009-08-12,2009-08-13,국방위원회,임기만료폐기,처리의안,https://likms.assembly.go.kr/bill/billDetail.do?billId=PRC_R0H9A0I8O1A2O1Y5T1R2K1L9W7D2X1,https://likms.assembly.go.kr/bill/billDetail.do?billId=PRC_R0H9A0I8O1A2O1Y5T1R2K1L9W7D2X1
18,1800092,수도권광역급행철도(대심도) 노선 파주연장,"조재환외 16,804인",황진하의원,2009-08-07,2009-08-10,국토해양위원회,임기만료폐기,처리의안,https://likms.assembly.go.kr/bill/billDetail.do?billId=PRC_X0Y9G0A8R0K7I1Q7R4L8E1F7Y5N9S4,https://likms.assembly.go.kr/bill/billDetail.do?billId=PRC_X0Y9G0A8R0K7I1Q7R4L8E1F7Y5N9S4
18,1800091,대전광역시 대덕구 장동 탄약사령부 탄약창 이전,홍종호외 540인,김창수의원외 1인,2009-08-04,2009-08-05,국방위원회,임기만료폐기,처리의안,https://likms.assembly.go.kr/bill/billDetail.do?billId=PRC_O0T9O0B8M0P4F1W2H5V2P2W2B1O4W0,https://likms.assembly.go.kr/bill/billDetail.do?billId=PRC_O0T9O0B8M0P4F1W2H5V2P2W2B1O4W0
18,1800090,부평 군전용선(6관구선 및 종합창 군전용선) 폐선,"김익훈외 4,133인",조진형의원,2009-07-27,2009-07-28,국방위원회,임기만료폐기,처리의안,https://likms.assembly.go.kr/bill/billDetail.do?billId=PRC_B0N9C0B7T2O7E1G6I0I1N2Z8N3E6S0,https://likms.assembly.go.kr/bill/billDetail.do?billId=PRC_B0N9C0B7T2O7E1G6I0I1N2Z8N3E6S0
18,1800089,학교급식의 직영원칙을 훼손하는 학교급식법 개정안 폐기·부결,"배옥병외 16,064인",안민석의원외 1인,2009-07-17,2009-07-17,교육과학기술위원회,임기만료폐기,처리의안,https://likms.assembly.go.kr/bill/billDetail.do?billId=PRC_T0C9N0I7A1E7G1V4G3N1E4N4T7O8M0,https://likms.assembly.go.kr/bill/billDetail.do?billId=PRC_T0C9N0I7A1E7G1V4G3N1E4N4T7O8M0
18,1800088,의료사고피해구제법 제정,강철규외 104인,박은수의원,2009-07-15,2009-07-15,보건복지위원회,본회의불부의,처리의안,https://likms.assembly.go.kr/bill/billDetail.do?billId=PRC_Z0Q9W0E7O1A5A1Q1E4A7N0L8X4O7E0,https://likms.assembly.go.kr/bill/billDetail.do?billId=PRC_Z0Q9W0E7O1A5A1Q1E4A7N0L8X4O7E0
18,1800087,새마을의 날 제정,"조동현외 34,195인",송광호의원,2009-07-10,2009-07-10,행정안전위원회,임기만료폐기,처리의안,https://likms.assembly.go.kr/bill/billDetail.do?billId=PRC_Y0U9W0N7S1V0G1U1D2Z0R2Y1B4R3H9,https://likms.assembly.go.kr/bill/billDetail.do?billId=PRC_Y0U9W0N7S1V0G1U1D2Z0R2Y1B4R3H9
18,1800086,천성관 검찰총장 후보자의 검찰총장 임명 반대,임종대,조승수의원외 1인,2009-07-09,2009-07-09,법제사법위원회,임기만료폐기,처리의안,https://likms.assembly.go.kr/bill/billDetail.do?billId=PRC_H0S9P0H7J0V9V1E3V1A6N4R5Y5L5V0,https://likms.assembly.go.kr/bill/billDetail.do?billId=PRC_H0S9P0H7J0V9V1E3V1A6N4R5Y5L5V0
18,1800085,육군정보학교 부지 매수에 따른 의무불이행으로 인한 피해보상,이부남,진성호의원,2009-07-07,2009-07-08,국방위원회,본회의불부의,처리의안,https://likms.assembly.go.kr/bill/billDetail.do?billId=PRC_Q0C9G0M7H0Y7O1I5W0Z9I4K3Q1B0P6,https://likms.assembly.go.kr/bill/billDetail.do?billId=PRC_Q0C9G0M7H0Y7O1I5W0Z9I4K3Q1B0P6
18,1800084,축산법 개정,박동규외 65인,이시종의원,2009-06-25,2009-06-26,농림수산식품위원회,본회의불부의,처리의안,https://likms.assembly.go.kr/bill/billDetail.do?billId=PRC_I0X9P0M6T2R5W1H4G0L2Z3K2L2N3I5,https://likms.assembly.go.kr/bill/billDetail.do?billId=PRC_I0X9P0M6T2R5W1H4G0L2Z3K2L2N3I5
18,1800083,"기초단체(장, 의원) 정당공천폐지를 위한 공직선거법 개정","이병현외 1,212인",최욱철의원ㆍ이시종의원ㆍ정해걸의원,2009-05-28,2009-05-29,정치개혁특별위원회,본회의불부의,처리의안,https://likms.assembly.go.kr/bill/billDetail.do?billId=PRC_L0L9B0X5A2E8J1B1X2O9A0A7U2Q2I2,https://likms.assembly.go.kr/bill/billDetail.do?billId=PRC_L0L9B0X5A2E8J1B1X2O9A0A7U2Q2I2
18,1800082,도시 및 주거환경정비법 개정,정용성외 398인,이재선의원외 2인,2009-05-26,2009-05-27,국토해양위원회,임기만료폐기,처리의안,https://likms.assembly.go.kr/bill/billDetail.do?billId=PRC_I0N9D0E5M2T6V1N7G1A3R5U1V6R7Z5,https://likms.assembly.go.kr/bill/billDetail.do?billId=PRC_I0N9D0E5M2T6V1N7G1A3R5U1V6R7Z5
18,1800081,대방동지역주택조합의 공군복지단 부지의 양여,"안충환외 1,372인",전병헌의원외 2인,2009-05-20,2009-05-21,국방위원회,임기만료폐기,처리의안,https://likms.assembly.go.kr/bill/billDetail.do?billId=PRC_F0I9Y0M5J2I0M1J1H2N4P3U4G0D1R9,https://likms.assembly.go.kr/bill/billDetail.do?billId=PRC_F0I9Y0M5J2I0M1J1H2N4P3U4G0D1R9
18,1800080,故 장자연에 대한 성상납 강요 의혹사건 진상규명을 위한 특별검사 임명,"박석운외 5,420인",이정희의원,2009-05-19,2009-05-20,법제사법위원회,임기만료폐기,처리의안,https://likms.assembly.go.kr/bill/billDetail.do?billId=PRC_V0H9J0C5C1I9I1X7M0D9H4W1M7B1S9,https://likms.assembly.go.kr/bill/billDetail.do?billId=PRC_V0H9J0C5C1I9I1X7M0D9H4W1M7B1S9
18,1800079,수입기자재 관세부과 적용환율 기준변경 특례 제정,서종욱외 2인,김성조의원,2009-04-24,2009-04-29,기획재정위원회,임기만료폐기,처리의안,https://likms.assembly.go.kr/bill/billDetail.do?billId=PRC_W0E9Z0H4J2I4Q1L8Q0A6J0P6D8D5W8,https://likms.assembly.go.kr/bill/billDetail.do?billId=PRC_W0E9Z0H4J2I4Q1L8Q0A6J0P6D8D5W8
18,1800078,용산참사 특별검사 임명,"홍석만외 25,394인",유원일의원,2009-04-24,2009-04-24,법제사법위원회,임기만료폐기,처리의안,https://likms.assembly.go.kr/bill/billDetail.do?billId=PRC_R0P9N0V4Y2M4G1C2J2U3A2L6Z2X2H1,https://likms.assembly.go.kr/bill/billDetail.do?billId=PRC_R0P9N0V4Y2M4G1C2J2U3A2L6Z2X2H1
18,1800077,공직선거법 개정(재외선거 우편투표 허용),김완흠,박준선의원,2009-04-21,2011-03-24,정치개혁특별위원회,임기만료폐기,처리의안,https://likms.assembly.go.kr/bill/billDetail.do?billId=PRC_I0K9Y0I4M2K1Y1C7L0T3Z5R8I4G9P9,https://likms.assembly.go.kr/bill/billDetail.do?billId=PRC_I0K9Y0I4M2K1Y1C7L0T3Z5R8I4G9P9
18,1800076,반월특수지역 보상,윤종호외 116인,이화수의원외 1인,2009-04-16,2009-04-16,국토해양위원회,본회의불부의,처리의안,https://likms.assembly.go.kr/bill/billDetail.do?billId=PRC_F0B9X0C4K1U6Z1I4Y3G7G1K4R4H3K4,https://likms.assembly.go.kr/bill/billDetail.do?billId=PRC_F0B9X0C4K1U6Z1I4Y3G7G1K4R4H3K4
18,1800075,노인틀니 건강보험 적용,"이태복외 107,686인",안경률의원외 3인,2009-04-14,2009-04-14,보건복지위원회,임기만료폐기,처리의안,https://likms.assembly.go.kr/bill/billDetail.do?billId=PRC_H0V9P0K4H1Q4W1K4T5D5H1N7M5G1M7,https://likms.assembly.go.kr/bill/billDetail.do?billId=PRC_H0V9P0K4H1Q4W1K4T5D5H1N7M5G1M7
18,1800074,서해안 유류오염사고 손해감정 관련 공청회 개최,박창수외 31인,류근찬의원,2009-04-10,2009-04-10,국토해양위원회,본회의불부의,처리의안,https://likms.assembly.go.kr/bill/billDetail.do?billId=PRC_Y0G9K0R4R1Y0T1Z0B1L1Z3Y1X2J9C5,https://likms.assembly.go.kr/bill/billDetail.do?billId=PRC_Y0G9K0R4R1Y0T1Z0B1L1Z3Y1X2J9C5
18,1800073,도시 및 주거환경정비법 제43조제3항 개정,정옥기외 1인,신상진의원,2009-04-09,2009-04-10,국토해양위원회,본회의불부의,처리의안,https://likms.assembly.go.kr/bill/billDetail.do?billId=PRC_I0C9B0L4U0Q9D1P5R5X0S5F7E3D9M3,https://likms.assembly.go.kr/bill/billDetail.do?billId=PRC_I0C9B0L4U0Q9D1P5R5X0S5F7E3D9M3
18,1800072,공적자금관리 특별법 개정,강철규외 3인,이석현의원,2009-04-08,2009-04-10,정무위원회,본회의불부의,처리의안,https://likms.assembly.go.kr/bill/billDetail.do?billId=PRC_A0N9M0P4O0J8T1Z4S4B1O3S2S0X3C4,https://likms.assembly.go.kr/bill/billDetail.do?billId=PRC_A0N9M0P4O0J8T1Z4S4B1O3S2S0X3C4
18,1800071,구월산부대 포로피해자 보상 청구,전명로외 37인,강성종의원외 4인,2009-04-03,2009-04-06,국방위원회,임기만료폐기,처리의안,https://likms.assembly.go.kr/bill/billDetail.do?billId=PRC_U0X9C0U4R0P3M1I1D2M5B0J3T1G1L6,https://likms.assembly.go.kr/bill/billDetail.do?billId=PRC_U0X9C0U4R0P3M1I1D2M5B0J3T1G1L6
18,1800070,민간투자 야구장(돔구장) 건립 활성화를 위한 도시계획관련 규칙 개정,유영구외 22인,강승규의원ㆍ구상찬의원외 9인,2009-04-02,2009-04-06,국토해양위원회,본회의불부의,처리의안,https://likms.assembly.go.kr/bill/billDetail.do?billId=PRC_V0Q9T0P4F0U2O1I7H2B2L4G8S4J0U1,https://likms.assembly.go.kr/bill/billDetail.do?billId=PRC_V0Q9T0P4F0U2O1I7H2B2L4G8S4J0U1
18,1800069,학교용지 확보 등에 관한 특례법 개정,이세용,유일호의원,2009-04-01,2009-04-01,교육과학기술위원회,본회의불부의,처리의안,https://likms.assembly.go.kr/bill/billDetail.do?billId=PRC_S0B9D0R4M0G1F0N9R2H0O4M4T3E5G3,https://likms.assembly.go.kr/bill/billDetail.do?billId=PRC_S0B9D0R4M0G1F0N9R2H0O4M4T3E5G3
18,1800068,산림자원의 조성 및 관리에 관한 법률 일부개정법률안 중 부칙,"박춘기외 1,691인",박준선의원,2009-03-27,2009-03-27,농림수산식품위원회,본회의불부의,처리의안,https://likms.assembly.go.kr/bill/billDetail.do?billId=PRC_V0U9M0W3I2H7O1R4L1M5A3C3H7H5O7,https://likms.assembly.go.kr/bill/billDetail.do?billId=PRC_V0U9M0W3I2H7O1R4L1M5A3C3H7H5O7
18,1800067,경찰의 진압과정에서 발생한 용산참사에 대한 진상규명을 위한 국정조사 실시 및 특별검사 임명법 제정,장주영외 3인,김종률의원외 1인,2009-02-23,2009-02-24,법제사법위원회,임기만료폐기,처리의안,https://likms.assembly.go.kr/bill/billDetail.do?billId=PRC_L0U9C0A2E2B3C1D5L0T4T1A0R9C2W6,https://likms.assembly.go.kr/bill/billDetail.do?billId=PRC_L0U9C0A2E2B3C1D5L0T4T1A0R9C2W6
18,1800066,유류오염손해배상보장법 개정,백영곤외 31인,변웅전의원,2009-02-19,2009-02-20,국토해양위원회,본회의불부의,처리의안,https://likms.assembly.go.kr/bill/billDetail.do?billId=PRC_O0D9K0S2K1V9E1L8L1A8I3P4V2C6W9,https://likms.assembly.go.kr/bill/billDetail.do?billId=PRC_O0D9K0S2K1V9E1L8L1A8I3P4V2C6W9
18,1800065,도서주민 난방유의 면세유 공급,"장정민외 7,519인",박상은의원,2009-02-19,2009-02-20,기획재정위원회,임기만료폐기,처리의안,https://likms.assembly.go.kr/bill/billDetail.do?billId=PRC_B0H9G0D2O1Q9W1Q6T2D0M3D8T2C1P3,https://likms.assembly.go.kr/bill/billDetail.do?billId=PRC_B0H9G0D2O1Q9W1Q6T2D0M3D8T2C1P3
18,1800064,정부제출 청소년기본법 전부개정법률안 반대,"조영승외 1,471인",심대평의원외 3인,2009-02-18,2010-03-23,여성가족위원회,임기만료폐기,처리의안,https://likms.assembly.go.kr/bill/billDetail.do?billId=PRC_G0L9O0W2B1I8R1J1P5G5I1D0J2N3K3,https://likms.assembly.go.kr/bill/billDetail.do?billId=PRC_G0L9O0W2B1I8R1J1P5G5I1D0J2N3K3
18,1800063,근로기준법 개정,최윤정외 20인,홍희덕의원,2009-02-05,2009-02-06,환경노동위원회,임기만료폐기,처리의안,https://likms.assembly.go.kr/bill/billDetail.do?billId=PRC_A0J9G0D2C0X5Y1C3R1S6Y4N8P5C2K3,https://likms.assembly.go.kr/bill/billDetail.do?billId=PRC_A0J9G0D2C0X5Y1C3R1S6Y4N8P5C2K3
18,1800062,민법 개정,최윤정외 20인,우윤근의원,2009-02-05,2009-02-06,법제사법위원회,임기만료폐기,처리의안,https://likms.assembly.go.kr/bill/billDetail.do?billId=PRC_I0I9I0F2T0R5Q1L2Q3G5A4V9T8H1B7,https://likms.assembly.go.kr/bill/billDetail.do?billId=PRC_I0I9I0F2T0R5Q1L2Q3G5A4V9T8H1B7
18,1800061,기면병의 희귀난치성질환목록 포함,이한외 215인,신상진의원,2009-01-15,2009-01-16,보건복지위원회,임기만료폐기,처리의안,https://likms.assembly.go.kr/bill/billDetail.do?billId=PRC_G0Y9M0G1T1S5E1D6O3B1R3O6F5X5N3,https://likms.assembly.go.kr/bill/billDetail.do?billId=PRC_G0Y9M0G1T1S5E1D6O3B1R3O6F5X5N3
18,1800060,존엄사법 제정,강철규외 3인,주성영의원외 1인,2009-01-12,2009-01-12,보건복지위원회,임기만료폐기,처리의안,https://likms.assembly.go.kr/bill/billDetail.do?billId=PRC_S0P9X0E1G1O2N1D3I4W4E0D3C8S8J2,https://likms.assembly.go.kr/bill/billDetail.do?billId=PRC_S0P9X0E1G1O2N1D3I4W4E0D3C8S8J2
18,1800059,장애인연금법제정공동투쟁단의 장애인연금법 제정,권인희외 4인,박은수의원,2009-01-06,2009-01-07,보건복지위원회,본회의불부의,처리의안,https://likms.assembly.go.kr/bill/billDetail.do?billId=PRC_S0L9A0J1W0O6Y1C4P3U8O2M7S3Y1L7,https://likms.assembly.go.kr/bill/billDetail.do?billId=PRC_S0L9A0J1W0O6Y1C4P3U8O2M7S3Y1L7
18,1800058,3.13 만세(중국 용정) 독립운동가 유족 예우 및 지원,전창균외 2인,진수희의원,2009-01-02,2009-01-05,정무위원회,임기만료폐기,처리의안,https://likms.assembly.go.kr/bill/billDetail.do?billId=PRC_B0H9T0U1D0G2R1J7O4B0C2C2A6Y7B4,https://likms.assembly.go.kr/bill/billDetail.do?billId=PRC_B0H9T0U1D0G2R1J7O4B0C2C2A6Y7B4
18,1800057,국립대학 재정·회계법(안) 폐기·부결,"정용하외 7,175인",안민석의원외 2인,2008-12-30,2008-12-31,교육과학기술위원회,임기만료폐기,처리의안,https://likms.assembly.go.kr/bill/billDetail.do?billId=PRC_L0W8X1Y2Z3S0W1J7M1L9E2Z4X2Y4F5,https://likms.assembly.go.kr/bill/billDetail.do?billId=PRC_L0W8X1Y2Z3S0W1J7M1L9E2Z4X2Y4F5
18,1800056,법학전문대학원 설치·운영에 관한 법률 개정,문종열외 30인,송훈석의원,2008-12-26,2008-12-31,교육과학기술위원회,본회의불부의,처리의안,https://likms.assembly.go.kr/bill/billDetail.do?billId=PRC_J0R8Q1R2A2H6E1V8A0L5Z3R3A5G1Q8,https://likms.assembly.go.kr/bill/billDetail.do?billId=PRC_J0R8Q1R2A2H6E1V8A0L5Z3R3A5G1Q8
18,1800055,지방세 환급,김군환외 5인,주호영의원,2008-12-24,2008-12-26,행정안전위원회,본회의불부의,처리의안,https://likms.assembly.go.kr/bill/billDetail.do?billId=PRC_L0D8N1Q2Z2B4Y1B4F0E6L4G7T2E5W2,https://likms.assembly.go.kr/bill/billDetail.do?billId=PRC_L0D8N1Q2Z2B4Y1B4F0E6L4G7T2E5W2
18,1800054,부도공공건설임대주택 임차인 보호를 위한 특별법 개정,김희철외 479인,김창수의원외 2인,2008-12-17,2008-12-19,국토해양위원회,본회의불부의,처리의안,https://likms.assembly.go.kr/bill/billDetail.do?billId=PRC_U0Q8W1B2G1H7J1T6W1T3S0N6D5I2O8,https://likms.assembly.go.kr/bill/billDetail.do?billId=PRC_U0Q8W1B2G1H7J1T6W1T3S0N6D5I2O8
18,1800053,소 해면상뇌증 국내대책 특별조치법 제정,김민경외 17인,강기갑의원,2008-12-16,2008-12-19,농림수산식품위원회,임기만료폐기,처리의안,https://likms.assembly.go.kr/bill/billDetail.do?billId=PRC_J0Y8X1X2T1Y6K1X7N3W4G2L8I4N2M5,https://likms.assembly.go.kr/bill/billDetail.do?billId=PRC_J0Y8X1X2T1Y6K1X7N3W4G2L8I4N2M5
18,1800052,한미 방위비 분담금 청문회 개최,홍근수외 9인,이정희의원외 12인,2008-12-11,2008-12-12,외교통상통일위원회,임기만료폐기,처리의안,https://likms.assembly.go.kr/bill/billDetail.do?billId=PRC_W0W8A1T2L1J1G1A0C1Y7K1D9S1Z2A7,https://likms.assembly.go.kr/bill/billDetail.do?billId=PRC_W0W8A1T2L1J1G1A0C1Y7K1D9S1Z2A7
18,1800051,중앙정부내 학교체육전담기구 설치를 위한 국민체육진흥법 개정,"이원영외 39,811인",강성종의원외 1인,2008-12-10,2008-12-12,문화체육관광방송통신위원회,임기만료폐기,처리의안,https://likms.assembly.go.kr/bill/billDetail.do?billId=PRC_J0E8P1F2Z1T0L1N4P2B3J3O7X0V4Z8,https://likms.assembly.go.kr/bill/billDetail.do?billId=PRC_J0E8P1F2Z1T0L1N4P2B3J3O7X0V4Z8
18,1800050,학교운동경기부 지도자의 처우개선 및 지위향상을 위한 초·중등교육법 개정,"이원영외 39,811인",강성종의원외 1인,2008-12-10,2008-12-12,교육과학기술위원회,임기만료폐기,처리의안,https://likms.assembly.go.kr/bill/billDetail.do?billId=PRC_E0S8Y1G2X1I0P1U4I2E1H1Y5Z3P3C3,https://likms.assembly.go.kr/bill/billDetail.do?billId=PRC_E0S8Y1G2X1I0P1U4I2E1H1Y5Z3P3C3
18,1800049,소녀의 날 제정,김정숙외 82인,김금래의원,2008-12-03,2008-12-04,행정안전위원회,임기만료폐기,처리의안,https://likms.assembly.go.kr/bill/billDetail.do?billId=PRC_J0G8I1R2Q0C3E0B9R4N0I3G0G2Y9Y2,https://likms.assembly.go.kr/bill/billDetail.do?billId=PRC_J0G8I1R2Q0C3E0B9R4N0I3G0G2Y9Y2
18,1800048,교육세법 일부개정법률안(증권업),황건호,이종구의원,2008-12-03,2008-12-03,기획재정위원회,본회의불부의,처리의안,https://likms.assembly.go.kr/bill/billDetail.do?billId=PRC_W0Y8C1Y2K0V3X0Q9L3C8O0X5U3W9L4,https://likms.assembly.go.kr/bill/billDetail.do?billId=PRC_W0Y8C1Y2K0V3X0Q9L3C8O0X5U3W9L4
18,1800047,강정해군기지 사업 철회,강동균외 856인,김재윤의원외 2인,2008-11-28,2008-12-03,국방위원회,임기만료폐기,처리의안,https://likms.assembly.go.kr/bill/billDetail.do?billId=PRC_U0V8D1M1I2E8W1K5F0S5J5B0S1E7P0,https://likms.assembly.go.kr/bill/billDetail.do?billId=PRC_U0V8D1M1I2E8W1K5F0S5J5B0S1E7P0
18,1800046,부가가치세법 개정,민상헌외 10인,김진표의원,2008-11-26,2008-11-26,기획재정위원회,임기만료폐기,처리의안,https://likms.assembly.go.kr/bill/billDetail.do?billId=PRC_U0I8N1Y1U2L6R1R0S1T9M1O9I5T4T6,https://likms.assembly.go.kr/bill/billDetail.do?billId=PRC_U0I8N1Y1U2L6R1R0S1T9M1O9I5T4T6
18,1800045,공무원연금법 일부개정법률안,"이상만, 정헌재",이명수의원,2008-11-25,2008-11-26,행정안전위원회,본회의불부의,처리의안,https://likms.assembly.go.kr/bill/billDetail.do?billId=PRC_A0P8T1F1M2H5N1N0O2I8S0S7X4G2P8,https://likms.assembly.go.kr/bill/billDetail.do?billId=PRC_A0P8T1F1M2H5N1N0O2I8S0S7X4G2P8
18,1800044,지방세법 개정에 따른 관광호텔 건물 재산세 확대 경감,이상만,김충조의원,2008-11-24,2008-11-26,행정안전위원회,본회의에 부의하지 아니하기로 의결,처리의안,https://likms.assembly.go.kr/bill/billDetail.do?billId=PRC_D0M8P1F1E2K4A1P4E1H7L3G2Y0Y1Q5,https://likms.assembly.go.kr/bill/billDetail.do?billId=PRC_D0M8P1F1E2K4A1P4E1H7L3G2Y0Y1Q5
18,1800043,교육세법 일부개정법률안,이병구,이종구의원,2008-11-21,2008-11-24,기획재정위원회,본회의불부의,처리의안,https://likms.assembly.go.kr/bill/billDetail.do?billId=PRC_N0W8N1H1T2U1B1O7Z4X8P1M4I9T4E1,https://likms.assembly.go.kr/bill/billDetail.do?billId=PRC_N0W8N1H1T2U1B1O7Z4X8P1M4I9T4E1
18,1800042,기후변화대책기본법(안),정광하외 1인,최철국의원,2008-11-21,2008-11-24,환경노동위원회,철회,처리의안,https://likms.assembly.go.kr/bill/billDetail.do?billId=PRC_K0G8S1M1Z2U1B1J5W4J6A5V9K6H1A6,https://likms.assembly.go.kr/bill/billDetail.do?billId=PRC_K0G8S1M1Z2U1B1J5W4J6A5V9K6H1A6
18,1800041,부산 외양포 마을 토지 불하 요구,이성태외 33인,허태열의원,2008-11-20,2008-11-21,국방위원회,임기만료폐기,처리의안,https://likms.assembly.go.kr/bill/billDetail.do?billId=PRC_F0C8U1V1S2M0W1F6Y0Y7M5J7B2F5M0,https://likms.assembly.go.kr/bill/billDetail.do?billId=PRC_F0C8U1V1S2M0W1F6Y0Y7M5J7B2F5M0
18,1800040,집회 및 시위에 관한 법률의 민주적 개정,민경현외 107인,최영희의원,2008-11-17,2008-11-08,행정안전위원회,임기만료폐기,처리의안,https://likms.assembly.go.kr/bill/billDetail.do?billId=PRC_P0S8R1D1B1S7S1P7H5H6Q5Q7J7G6Y3,https://likms.assembly.go.kr/bill/billDetail.do?billId=PRC_P0S8R1D1B1S7S1P7H5H6Q5Q7J7G6Y3
18,1800039,애국지사 강상호(姜相鎬) 선생의 공적 재심,홍창신외 81인,김재경의원,2008-11-17,2008-11-18,정무위원회,본회의불부의,처리의안,https://likms.assembly.go.kr/bill/billDetail.do?billId=PRC_C0Z8C1X1G1W7I1P6F1A6Z0C6S5E6A1,https://likms.assembly.go.kr/bill/billDetail.do?billId=PRC_C0Z8C1X1G1W7I1P6F1A6Z0C6S5E6A1
18,1800038,담배제조 및 매매 등의 금지에 관한 법률 제정,"박재갑,이대영,김재옥",전현희의원외 8인,2008-11-11,2008-11-12,보건복지위원회,임기만료폐기,처리의안,https://likms.assembly.go.kr/bill/billDetail.do?billId=PRC_U0E8F1X1U1P1C1X7J0C6F4G3T8J0H9,https://likms.assembly.go.kr/bill/billDetail.do?billId=PRC_U0E8F1X1U1P1C1X7J0C6F4G3T8J0H9
18,1800037,학교급식법 개정,박종우외 219인,최규성의원,2008-11-07,2008-11-10,교육과학기술위원회,임기만료폐기,처리의안,https://likms.assembly.go.kr/bill/billDetail.do?billId=PRC_I0Y8I1G1U0W7T1Z6I1V9T4L4E2P9N7,https://likms.assembly.go.kr/bill/billDetail.do?billId=PRC_I0Y8I1G1U0W7T1Z6I1V9T4L4E2P9N7
18,1800036,청년실업해소특별법 개정,"이승호외 9,816인",김재윤의원외 1인,2008-11-06,2008-11-07,환경노동위원회,본회의불부의,처리의안,https://likms.assembly.go.kr/bill/billDetail.do?billId=PRC_P0R8S1Z1V0M6H1Z7E1A4H5C8N7C4C5,https://likms.assembly.go.kr/bill/billDetail.do?billId=PRC_P0R8S1Z1V0M6H1Z7E1A4H5C8N7C4C5
18,1800035,수산·어촌지도기능의 지방이양 재검토,오태곤외 15인,김충조의원외 31인,2008-11-06,2008-12-19,행정안전위원회,임기만료폐기,처리의안,https://likms.assembly.go.kr/bill/billDetail.do?billId=PRC_M0T8H1W1S0P6V1Z0E5T0P5H2A0F9W9,https://likms.assembly.go.kr/bill/billDetail.do?billId=PRC_M0T8H1W1S0P6V1Z0E5T0P5H2A0F9W9
18,1800034,한수면 소방지역대의 원상 회복,백종현외 286인,송광호의원,2008-11-04,2008-11-05,행정안전위원회,본회의불부의,처리의안,https://likms.assembly.go.kr/bill/billDetail.do?billId=PRC_M0Q8J1H1I0J4R1J5A5G9F2O7E6D0J1,https://likms.assembly.go.kr/bill/billDetail.do?billId=PRC_M0Q8J1H1I0J4R1J5A5G9F2O7E6D0J1
18,1800033,제3탄약창 주변지역의 군사시설보호구역 해제,홍봉표외 2인,박상돈의원,2008-10-29,2008-10-30,국방위원회,임기만료폐기,처리의안,https://likms.assembly.go.kr/bill/billDetail.do?billId=PRC_B0V8Y1D0F2U9V1G7N0H9A0N3S4O0I7,https://likms.assembly.go.kr/bill/billDetail.do?billId=PRC_B0V8Y1D0F2U9V1G7N0H9A0N3S4O0I7
18,1800032,호텔업 종합부동산세 과세표준 및 세율 조정,이상만,배영식의원,2008-10-27,2008-10-29,기획재정위원회,임기만료폐기,처리의안,https://likms.assembly.go.kr/bill/billDetail.do?billId=PRC_U0M8K1E0T2Y7V1Z6J2B2J1Z5H3L4U8,https://likms.assembly.go.kr/bill/billDetail.do?billId=PRC_U0M8K1E0T2Y7V1Z6J2B2J1Z5H3L4U8
18,1800031,국가유공자 등 예우 및 지원에 관한 법률 개정,"이학영·김태석외 1,760인",원희룡의원,2008-10-17,2008-10-20,정무위원회,본회의불부의,처리의안,https://likms.assembly.go.kr/bill/billDetail.do?billId=PRC_Q0Z8N1V0I1B7G1Z5J0B1T3V1T4J1Z5,https://likms.assembly.go.kr/bill/billDetail.do?billId=PRC_Q0Z8N1V0I1B7G1Z5J0B1T3V1T4J1Z5
18,1800030,재외국민에 대한 참정권 부여와 관련한 선거법 등 개정의 신속한 처리,배희철외 352인,홍준표의원,2008-10-16,2009-01-12,정치개혁특별위원회,본회의불부의,처리의안,https://likms.assembly.go.kr/bill/billDetail.do?billId=PRC_V0S8D1S0S1Q6J1V0G1F0H1X0Y0L7J5,https://likms.assembly.go.kr/bill/billDetail.do?billId=PRC_V0S8D1S0S1Q6J1V0G1F0H1X0Y0L7J5
18,1800029,두류정수장 부지내 대구기상대 이전 반대,"이광록외 24,026인",조원진의원,2008-10-15,2008-10-16,환경노동위원회,임기만료폐기,처리의안,https://likms.assembly.go.kr/bill/billDetail.do?billId=PRC_U0V8F1M0Q1Y5F1W4U1L7G3L6C3W9S5,https://likms.assembly.go.kr/bill/billDetail.do?billId=PRC_U0V8F1M0Q1Y5F1W4U1L7G3L6C3W9S5
18,1800028,한국중부발전주식회사(보령화력)의 부당한 채권 주장 시정,김도환,류근찬의원,2008-10-13,2008-10-15,지식경제위원회,철회,처리의안,https://likms.assembly.go.kr/bill/billDetail.do?billId=PRC_F0B8E1N0P1T3Z1H5P5E0C4T9H9X4T3,https://likms.assembly.go.kr/bill/billDetail.do?billId=PRC_F0B8E1N0P1T3Z1H5P5E0C4T9H9X4T3
18,1800027,제주특별자치도 감사위원회의 독립성 확보,조성윤외 124인,강창일의원,2008-10-06,2008-10-07,행정안전위원회,본회의불부의,처리의안,https://likms.assembly.go.kr/bill/billDetail.do?billId=PRC_M0D8S1X0A0H6Q1M5H4S3M5L7U6O1Z3,https://likms.assembly.go.kr/bill/billDetail.do?billId=PRC_M0D8S1X0A0H6Q1M5H4S3M5L7U6O1Z3
18,1800026,벽지지역학교 선정 기준 재검토,"최순철외 8,203인",송광호의원,2008-09-26,2008-09-30,교육과학기술위원회,본회의불부의,처리의안,https://likms.assembly.go.kr/bill/billDetail.do?billId=PRC_R0B8N0C9J2Y6P1P8D0I1O1C3I2Q9G9,https://likms.assembly.go.kr/bill/billDetail.do?billId=PRC_R0B8N0C9J2Y6P1P8D0I1O1C3I2Q9G9
18,1800025,난곡 신교통수단 GRT 원안 건설,"정재선외 51,922인",김희철의원,2008-09-26,2008-09-30,국토해양위원회,임기만료폐기,처리의안,https://likms.assembly.go.kr/bill/billDetail.do?billId=PRC_D0W8X0R9Q2M6O1U0O4J3Y5T5V0W1I3,https://likms.assembly.go.kr/bill/billDetail.do?billId=PRC_D0W8X0R9Q2M6O1U0O4J3Y5T5V0W1I3
18,1800024,금융분쟁조정기관의 부작위에 따른 피해보상,박흥식외 16인,문학진의원외 1인,2008-09-17,2008-09-19,정무위원회,임기만료폐기,처리의안,https://likms.assembly.go.kr/bill/billDetail.do?billId=PRC_S0E8S0V9M1A7C1Z6B3M9V1B4S6P5S3,https://likms.assembly.go.kr/bill/billDetail.do?billId=PRC_S0E8S0V9M1A7C1Z6B3M9V1B4S6P5S3
18,1800023,홍성-청양간 국도 이설 반대,조부영외 84인,김낙성의원외 4인,2008-09-12,2008-09-18,국토해양위원회,본회의불부의,처리의안,https://likms.assembly.go.kr/bill/billDetail.do?billId=PRC_A0X8V0G9J1B2B1U5A3Y1J0X4E7G7P0,https://likms.assembly.go.kr/bill/billDetail.do?billId=PRC_A0X8V0G9J1B2B1U5A3Y1J0X4E7G7P0
18,1800022,어청수 경찰청장 파면,"임종대외 114,058인",강기정의원ㆍ강기갑의원외 11인,2008-08-28,2008-08-29,행정안전위원회,본회의불부의,처리의안,https://likms.assembly.go.kr/bill/billDetail.do?billId=PRC_K0Z8A0U8R2K8J1K2O0F7C4G3B2J9D1,https://likms.assembly.go.kr/bill/billDetail.do?billId=PRC_K0Z8A0U8R2K8J1K2O0F7C4G3B2J9D1
18,1800021,택지개발예정지구내 사립학교시설용지 조성원가 공급 요구,김정현외 7인,김진표의원외 19인,2008-08-21,2008-08-28,국토해양위원회,본회의불부의,처리의안,https://likms.assembly.go.kr/bill/billDetail.do?billId=PRC_Q0L8C0P8V2S1R1T1G4V2Q0E8G1H8C9,https://likms.assembly.go.kr/bill/billDetail.do?billId=PRC_Q0L8C0P8V2S1R1T1G4V2Q0E8G1H8C9
18,1800020,기술신용보증기금 통합 반대,김재복외 27인,박영선의원,2008-08-20,2008-08-28,정무위원회,본회의불부의,처리의안,https://likms.assembly.go.kr/bill/billDetail.do?billId=PRC_D0C8V0A8P2R0T1N5H1M7T5N0A4R1Y3,https://likms.assembly.go.kr/bill/billDetail.do?billId=PRC_D0C8V0A8P2R0T1N5H1M7T5N0A4R1Y3
18,1800019,퇴직공무원 정부포상관련 대학군사교육교관 재직기간 합산,이재찬외 9인,김광림의원,2008-08-18,2008-08-28,행정안전위원회,본회의불부의,처리의안,https://likms.assembly.go.kr/bill/billDetail.do?billId=PRC_A0E8M0X8T1T8F1X0M0J0O2I0X5M9U5,https://likms.assembly.go.kr/bill/billDetail.do?billId=PRC_A0E8M0X8T1T8F1X0M0J0O2I0X5M9U5
18,1800018,경교장 복원,김인수,서갑원의원외 82인,2008-08-14,2008-08-28,문화체육관광방송통신위원회,임기만료폐기,처리의안,https://likms.assembly.go.kr/bill/billDetail.do?billId=PRC_G0U8N0P8Y1D4G1X4P1L9D5V6H6O2D0,https://likms.assembly.go.kr/bill/billDetail.do?billId=PRC_G0U8N0P8Y1D4G1X4P1L9D5V6H6O2D0
18,1800017,독도의 날 제정,"김점구외 59,267인",박영아의원외 77인,2008-08-14,2009-09-23,행정안전위원회,임기만료폐기,처리의안,https://likms.assembly.go.kr/bill/billDetail.do?billId=PRC_C0P8M0Q8Q1N4O1Q0I2F1S5N9Z9F2T5,https://likms.assembly.go.kr/bill/billDetail.do?billId=PRC_C0P8M0Q8Q1N4O1Q0I2F1S5N9Z9F2T5
18,1800016,영업용 택시의 고속도로 버스전용차선 진입,채종윤외 205인,원유철의원,2008-08-13,2008-09-23,행정안전위원회,임기만료폐기,처리의안,https://likms.assembly.go.kr/bill/billDetail.do?billId=PRC_S0Q8S0I8C1P3O1Z7B2G6D4E3C6S4M9,https://likms.assembly.go.kr/bill/billDetail.do?billId=PRC_S0Q8S0I8C1P3O1Z7B2G6D4E3C6S4M9
18,1800015,서대문구 현저동 소재 육군 3033부대(수도방위사령부 예하부대) 이전 요청,신대희외 554인,이성헌의원,2008-08-13,2008-08-28,국방위원회,임기만료폐기,처리의안,https://likms.assembly.go.kr/bill/billDetail.do?billId=PRC_F0F8A0B8K1D3J1P4I4Z8J0N5B3T5Q2,https://likms.assembly.go.kr/bill/billDetail.do?billId=PRC_F0F8A0B8K1D3J1P4I4Z8J0N5B3T5Q2
18,1800014,학교보건법 제9조의2와 제15조 2항 수정 및 삭제,곽경숙외 39인,안민석의원,2008-08-08,2008-08-28,교육과학기술위원회,임기만료폐기,처리의안,https://likms.assembly.go.kr/bill/billDetail.do?billId=PRC_G0H8Q0G8V0B8U1V6P2A2W5D1D6E4M0,https://likms.assembly.go.kr/bill/billDetail.do?billId=PRC_G0H8Q0G8V0B8U1V6P2A2W5D1D6E4M0
18,1800013,아동보호전문기관 상담원 신변안전 보장을 위한 제도 마련 요청,류경희외 43인,정미경의원외 6인,2008-08-07,2008-08-28,보건복지위원회,본회의불부의,처리의안,https://likms.assembly.go.kr/bill/billDetail.do?billId=PRC_X0C8Z0E8X0W7X1K7E5R4K0K5I2Q3I5,https://likms.assembly.go.kr/bill/billDetail.do?billId=PRC_X0C8Z0E8X0W7X1K7E5R4K0K5I2Q3I5
18,1800012,관리지역 세분화 재검토,"박병대외 7,000인",이광재의원,2008-08-05,2008-08-28,국토해양위원회,본회의불부의,처리의안,https://likms.assembly.go.kr/bill/billDetail.do?billId=PRC_Z0B8S0W8Y0Z5W1U3H5Y5L0Q2E2M7G2,https://likms.assembly.go.kr/bill/billDetail.do?billId=PRC_Z0B8S0W8Y0Z5W1U3H5Y5L0Q2E2M7G2
18,1800011,호국 의병의 날 기념일 제정,"김채용외 15,585인",조진래의원외 5인,2008-08-04,2008-08-28,행정안전위원회,원안가결,처리의안,https://likms.assembly.go.kr/bill/billDetail.do?billId=PRC_E0D8U0G8K0J4R1V4C4Y2V5Z7L6I7Z1,https://likms.assembly.go.kr/bill/billDetail.do?billId=PRC_E0D8U0G8K0J4R1V4C4Y2V5Z7L6I7Z1
18,1800010,지역아동센터 청소년 지원 확대와 청소년 전용 지역아동센터 육성,"이경림외 35,944인",강명순의원,2008-08-04,2008-08-28,보건복지위원회,임기만료폐기,처리의안,https://likms.assembly.go.kr/bill/billDetail.do?billId=PRC_Q0M8J0J8P0D4J1Z1L1W2R4L2M6U1V4,https://likms.assembly.go.kr/bill/billDetail.do?billId=PRC_Q0M8J0J8P0D4J1Z1L1W2R4L2M6U1V4
18,1800009,국회연수원 건립에 따른 입지선정 재심사,양상환외 39인,송광호의원,2008-07-28,2008-08-28,국회운영위원회,임기만료폐기,처리의안,https://likms.assembly.go.kr/bill/billDetail.do?billId=PRC_H0V8X0W7Y2W8P1M3O5C4V4A7X2T6A3,https://likms.assembly.go.kr/bill/billDetail.do?billId=PRC_H0V8X0W7Y2W8P1M3O5C4V4A7X2T6A3
18,1800008,대구시의 압축천연가스(CNG)택시 전환 시범도시 지정,"도명영, 김인남외 736인",조원진의원,2008-07-25,2008-08-28,국토해양위원회,임기만료폐기,처리의안,https://likms.assembly.go.kr/bill/billDetail.do?billId=PRC_W0C8T0A7X2T5D1N0Q2Z7F4A6A1J1W8,https://likms.assembly.go.kr/bill/billDetail.do?billId=PRC_W0C8T0A7X2T5D1N0Q2Z7F4A6A1J1W8
18,1800007,참전명예수당 인상,"박희모, 이중형외 71,644인",이인기의원,2008-07-23,2008-08-28,정무위원회,본회의불부의,처리의안,https://likms.assembly.go.kr/bill/billDetail.do?billId=PRC_X0Q8P0B7T2V3X1W4S1N2G3X9Y7R5P3,https://likms.assembly.go.kr/bill/billDetail.do?billId=PRC_X0Q8P0B7T2V3X1W4S1N2G3X9Y7R5P3
18,1800006,징발재산정리에 관한 특별조치법 개정,김흥원,허천의원,2008-07-17,2008-08-28,국방위원회,본회의불부의,처리의안,https://likms.assembly.go.kr/bill/billDetail.do?billId=PRC_P0R8K0D7D1L7E0O9K4Q3I3N3E4P7Z2,https://likms.assembly.go.kr/bill/billDetail.do?billId=PRC_P0R8K0D7D1L7E0O9K4Q3I3N3E4P7Z2
18,1800005,한국인 원자폭탄 피해자와 피해자 자녀의 진상규명 및 지원을 위한 특별법 제정,김용길외 1인,조진래의원,2008-07-02,2008-08-28,보건복지위원회,임기만료폐기,처리의안,https://likms.assembly.go.kr/bill/billDetail.do?billId=PRC_E0L8L0Y7I0J2Q1A7O1C4G4K9X4D3M6,https://likms.assembly.go.kr/bill/billDetail.do?billId=PRC_E0L8L0Y7I0J2Q1A7O1C4G4K9X4D3M6
18,1800004,학교건강검사규칙 개정,최동수,이종구의원,2008-07-01,2008-08-28,교육과학기술위원회,임기만료폐기,처리의안,https://likms.assembly.go.kr/bill/billDetail.do?billId=PRC_H0S8U0C7T0V1D1W3O1O7L4U2C0R0F5,https://likms.assembly.go.kr/bill/billDetail.do?billId=PRC_H0S8U0C7T0V1D1W3O1O7L4U2C0R0F5
18,1800003,길거리 금연 법제화,김현진,허천의원,2008-06-10,2008-08-28,보건복지위원회,본회의불부의,처리의안,https://likms.assembly.go.kr/bill/billDetail.do?billId=PRC_C0O8I0B6F1F0W1E7A5I1U4S5G0H1Q7,https://likms.assembly.go.kr/bill/billDetail.do?billId=PRC_C0O8I0B6F1F0W1E7A5I1U4S5G0H1Q7
18,1800002,미국산 쇠고기 광우병 검역기준 협상에 대한 국회 국정조사,백승헌,강기갑의원외 2인,2008-06-09,2008-08-28,농림수산식품위원회,본회의불부의,처리의안,https://likms.assembly.go.kr/bill/billDetail.do?billId=PRC_E0G8G0B6B0O9K1O6F5O4Z0E6P9I2L6,https://likms.assembly.go.kr/bill/billDetail.do?billId=PRC_E0G8G0B6B0O9K1O6F5O4Z0E6P9I2L6
18,1800001,미국산 쇠고기 수입 장관고시 무효화 및 재협상을 위한 입법 촉구,주영헌외 78인,신학용의원,2008-06-02,2008-08-28,농림수산식품위원회,본회의불부의,처리의안,https://likms.assembly.go.kr/bill/billDetail.do?billId=PRC_N0R8N0S6I0U2N1X0U1U2L5J6D1I6F1,https://likms.assembly.go.kr/bill/billDetail.do?billId=PRC_N0R8N0S6I0U2N1X0U1U2L5J6D1I6F1
17,170432,미국산 쇠고기 광우병 검역기준 협상에 대한 국정조사,백승헌,강기갑의원외 3인,2008-05-14,2008-05-15,농림해양수산위원회,임기만료폐기,처리의안,https://likms.assembly.go.kr/bill/billDetail.do?billId=PRC_B0Y8G0D5J1K4Y1W1V4F8D2P5E1W4F5,https://likms.assembly.go.kr/bill/billDetail.do?billId=PRC_B0Y8G0D5J1K4Y1W1V4F8D2P5E1W4F5
17,170431,서해안 유류오염사고 피해 지원 대책,성정대외 32인,류근찬의원,2008-04-25,2008-04-29,서해안유류오염사고대책특별위원회,임기만료폐기,처리의안,https://likms.assembly.go.kr/bill/billDetail.do?billId=PRC_A0I8N0B4C2G5X1Y5Q2O2H1X7Y7H3W8,https://likms.assembly.go.kr/bill/billDetail.do?billId=PRC_A0I8N0B4C2G5X1Y5Q2O2H1X7Y7H3W8
17,170430,정종환 국토해양부장관 해임,"신용국외 27,774인",최성의원외 2인,2008-04-03,2008-04-03,건설교통위원회,임기만료폐기,처리의안,https://likms.assembly.go.kr/bill/billDetail.do?billId=PRC_V0F8L0Y4K0U3H1X0J5G2Y1Q3F8R4M0,https://likms.assembly.go.kr/bill/billDetail.do?billId=PRC_V0F8L0Y4K0U3H1X0J5G2Y1Q3F8R4M0
17,170429,북한이탈주민의 보호 및 정착지원에 관한 법률 개정,이용원외 2인,김영숙의원,2008-03-14,2008-03-17,통일외교통상위원회,임기만료폐기,처리의안,https://likms.assembly.go.kr/bill/billDetail.do?billId=PRC_C0X8P0Y3P1P4K1E1X5H0A0N5G6W2O5,https://likms.assembly.go.kr/bill/billDetail.do?billId=PRC_C0X8P0Y3P1P4K1E1X5H0A0N5G6W2O5
17,170428,천호 D-3 특별계획구역 수립지침 변경,이영삼외 129인,이상경의원,2008-03-10,2008-03-11,건설교통위원회,임기만료폐기,처리의안,https://likms.assembly.go.kr/bill/billDetail.do?billId=PRC_M0G8S0U3U1F0A1N0K1R4B1V8L6L9S6,https://likms.assembly.go.kr/bill/billDetail.do?billId=PRC_M0G8S0U3U1F0A1N0K1R4B1V8L6L9S6
17,170427,김치의 날 국가기념일 제정,노병호,윤원호의원,2008-02-29,2008-02-29,행정자치위원회,임기만료폐기,처리의안,https://likms.assembly.go.kr/bill/billDetail.do?billId=PRC_W0E8I0K2G2L9E1L3X3U6N5U4T2D1S6,https://likms.assembly.go.kr/bill/billDetail.do?billId=PRC_W0E8I0K2G2L9E1L3X3U6N5U4T2D1S6
17,170426,태안지역 유류오염사고 관련 특별법 제정을 위한 청문회 개최,성정대외 29인,류근찬의원,2008-02-04,2008-02-05,농림해양수산위원회,본회의에 부의하지 아니하기로 의결,처리의안,https://likms.assembly.go.kr/bill/billDetail.do?billId=PRC_F0H8P0B2Y0N4H1U8V1L6L1D8X1X2A0,https://likms.assembly.go.kr/bill/billDetail.do?billId=PRC_F0H8P0B2Y0N4H1U8V1L6L1D8X1X2A0
17,170425,국보 제146호 ´강원도 출토 일괄유물´ 명칭 정정,김영준외 99인,손봉숙의원,2008-02-04,2008-02-05,문화관광위원회,임기만료폐기,처리의안,https://likms.assembly.go.kr/bill/billDetail.do?billId=PRC_B0L8P0S2D0K4L1E6J2S0Y1S6K7F2H8,https://likms.assembly.go.kr/bill/billDetail.do?billId=PRC_B0L8P0S2D0K4L1E6J2S0Y1S6K7F2H8
17,170424,공직선거법 일부 개정,임종대외 3인,이영순의원,2008-01-30,2008-04-01,행정자치위원회,임기만료폐기,처리의안,https://likms.assembly.go.kr/bill/billDetail.do?billId=PRC_M0R8J0X1L3D0S1J3W4X9V5B5F3K6G7,https://likms.assembly.go.kr/bill/billDetail.do?billId=PRC_M0R8J0X1L3D0S1J3W4X9V5B5F3K6G7
17,170423,금융감독법안,"박철수외 1,178인",이목희의원,2008-01-29,2008-01-30,재정경제위원회,임기만료폐기,처리의안,https://likms.assembly.go.kr/bill/billDetail.do?billId=PRC_C0A8C0M1K2H9R1O5O4A7V3Y4E0Z2R7,https://likms.assembly.go.kr/bill/billDetail.do?billId=PRC_C0A8C0M1K2H9R1O5O4A7V3Y4E0Z2R7
17,170422,소득세법 시행규칙 제82조 2항 개정,"이인규외 1,318인",정형근의원,2008-01-18,2008-01-18,재정경제위원회,임기만료폐기,처리의안,https://likms.assembly.go.kr/bill/billDetail.do?billId=PRC_D0B8C0M1O1Z8B1X5F0S4K0G6R7M1V4,https://likms.assembly.go.kr/bill/billDetail.do?billId=PRC_D0B8C0M1O1Z8B1X5F0S4K0G6R7M1V4
17,170421,인천 서구 백석 택지개발예정지구지정 반대,송계영외 332인,김교흥의원,2008-01-16,2008-01-17,건설교통위원회,임기만료폐기,처리의안,https://likms.assembly.go.kr/bill/billDetail.do?billId=PRC_N0D8N0S1P1A6M1Y1D4O2C4Y3M4R8W5,https://likms.assembly.go.kr/bill/billDetail.do?billId=PRC_N0D8N0S1P1A6M1Y1D4O2C4Y3M4R8W5
17,170420,자동라이트  도입을 위한 자동차안전기준에 관한 규칙 개정,허 억외 51인,주승용의원,2008-01-14,2008-01-15,건설교통위원회,임기만료폐기,처리의안,https://likms.assembly.go.kr/bill/billDetail.do?billId=PRC_M0Q8N0Z1N1Z4Y1I5W5A7M5R9H6P5J8,https://likms.assembly.go.kr/bill/billDetail.do?billId=PRC_M0Q8N0Z1N1Z4Y1I5W5A7M5R9H6P5J8
17,170419,태안지역 유류오염사고 관련 임시조치법 제정,성정대외 18인,류근찬의원ㆍ홍문표의원,2007-12-31,2007-12-31,농림해양수산위원회,본회의에 부의하지 아니하기로 의결,처리의안,https://likms.assembly.go.kr/bill/billDetail.do?billId=PRC_P0Q7W1Y2O2D9B1L5P5T8X2W4L9Z5O1,https://likms.assembly.go.kr/bill/billDetail.do?billId=PRC_P0Q7W1Y2O2D9B1L5P5T8X2W4L9Z5O1
17,170418,제주교육대학교 통합 반려,"권인혁외 1,516인",김재윤의원외 2인,2007-12-21,2007-12-24,교육위원회,임기만료폐기,처리의안,https://likms.assembly.go.kr/bill/billDetail.do?billId=PRC_T0N7L1L2X2F1P1D7K5B3C2V0V5D5B6,https://likms.assembly.go.kr/bill/billDetail.do?billId=PRC_T0N7L1L2X2F1P1D7K5B3C2V0V5D5B6
17,170417,육군 제39보병사단의 조속한 부대이전 촉구,박완수,권경석의원,2007-12-04,2007-12-05,국방위원회,채택,처리의안,https://likms.assembly.go.kr/bill/billDetail.do?billId=PRC_Y0B7L1D2C0C4G1B3N5Z5V4K7V1R8L9,https://likms.assembly.go.kr/bill/billDetail.do?billId=PRC_Y0B7L1D2C0C4G1B3N5Z5V4K7V1R8L9
17,170416,농산물품질관리원 강원지원 양구출장소 설립,김영림외 9인,박세환의원,2007-11-29,2007-11-29,농림해양수산위원회,임기만료폐기,처리의안,https://likms.assembly.go.kr/bill/billDetail.do?billId=PRC_E0V7N1J1I2A9Q0Q9E3J4E5P2A5B0F3,https://likms.assembly.go.kr/bill/billDetail.do?billId=PRC_E0V7N1J1I2A9Q0Q9E3J4E5P2A5B0F3
17,170415,한국철도공사법 부칙 제8조 개정,이천희외 69인,이영순의원외 7인,2007-11-22,2007-11-23,건설교통위원회,임기만료폐기,처리의안,https://likms.assembly.go.kr/bill/billDetail.do?billId=PRC_F0E7O1P1F2G2C1J6M5E9N3Q7U8I7G3,https://likms.assembly.go.kr/bill/billDetail.do?billId=PRC_F0E7O1P1F2G2C1J6M5E9N3Q7U8I7G3
17,170414,법무사법 등 개정안 입법 촉구,"류정순외 91,085인",신학용의원외 2인,2007-11-22,2007-11-23,법제사법위원회,임기만료폐기,처리의안,https://likms.assembly.go.kr/bill/billDetail.do?billId=PRC_S0N7S1C1Q2D2K1K4P3C5U5F1V7E7V3,https://likms.assembly.go.kr/bill/billDetail.do?billId=PRC_S0N7S1C1Q2D2K1K4P3C5U5F1V7E7V3
17,170413,임대주택법(윤두환의원 대표발의) 조속처리,"정기락외 10,239인",윤두환의원,2007-11-21,2007-11-22,건설교통위원회,임기만료폐기,처리의안,https://likms.assembly.go.kr/bill/billDetail.do?billId=PRC_B0S7F1L1H2K1D1S4C3M8A4H8V1W2C5,https://likms.assembly.go.kr/bill/billDetail.do?billId=PRC_B0S7F1L1H2K1D1S4C3M8A4H8V1W2C5
17,170412,소녀의 날 제정,"김정숙외 9,743인",문희의원,2007-11-19,2007-11-22,행정자치위원회,임기만료폐기,처리의안,https://likms.assembly.go.kr/bill/billDetail.do?billId=PRC_M0L7D1H1M1Q9R1A4X0U1X5K0E7D9X6,https://likms.assembly.go.kr/bill/billDetail.do?billId=PRC_M0L7D1H1M1Q9R1A4X0U1X5K0E7D9X6
17,170411,효창공원 국립묘지 승격을 위한 국립묘지의 설치 및 운영에 관한 법률 일부 개정,차영조외 177인,김희선의원,2007-11-16,2007-11-20,정무위원회,임기만료폐기,처리의안,https://likms.assembly.go.kr/bill/billDetail.do?billId=PRC_M0N7F1C1Z1Z6P1W6P3O9Z2O3C4Y5H5,https://likms.assembly.go.kr/bill/billDetail.do?billId=PRC_M0N7F1C1Z1Z6P1W6P3O9Z2O3C4Y5H5
17,170410,삼성 불법행위 진상규명을 위한 특별검사 임명 등에 관한 입법,백승헌,문병호의원,2007-11-14,2007-11-15,법제사법위원회,임기만료폐기,처리의안,https://likms.assembly.go.kr/bill/billDetail.do?billId=PRC_T0X7J1G1P1E4K1T7F0K0M0T8A1O7D9,https://likms.assembly.go.kr/bill/billDetail.do?billId=PRC_T0X7J1G1P1E4K1T7F0K0M0T8A1O7D9
17,170409,재외동포 권익신장 및 재외동포기본법 제정 촉구,박성예외 460인,권영길의원,2007-11-12,2007-11-14,통일외교통상위원회,임기만료폐기,처리의안,https://likms.assembly.go.kr/bill/billDetail.do?billId=PRC_S0C7Y1I1F1X2S1R0D0R6G2X7G1Z9Y4,https://likms.assembly.go.kr/bill/billDetail.do?billId=PRC_S0C7Y1I1F1X2S1R0D0R6G2X7G1Z9Y4
17,170408,주한미군 공여구역주변지역 등 지원특별법 시행령 개정 촉구,황태문,김원웅의원,2007-11-09,2007-11-12,행정자치위원회,임기만료폐기,처리의안,https://likms.assembly.go.kr/bill/billDetail.do?billId=PRC_D0H7O1Y1Y0W9C1S1M0N1O5D3U6U3T4,https://likms.assembly.go.kr/bill/billDetail.do?billId=PRC_D0H7O1Y1Y0W9C1S1M0N1O5D3U6U3T4
17,170407,학교용지부담금 기존 납부자 환급방안 마련,"구종인외 1,959인",고희선의원,2007-11-07,2007-11-09,교육위원회,임기만료폐기,처리의안,https://likms.assembly.go.kr/bill/billDetail.do?billId=PRC_S0E7M1L1V0L7W1E7Y1N2L5X6L9N0Z7,https://likms.assembly.go.kr/bill/billDetail.do?billId=PRC_S0E7M1L1V0L7W1E7Y1N2L5X6L9N0Z7
17,170406,2단계 국가균형발전정책 재검토,홍영표외 13인,고조흥의원,2007-11-07,2007-11-09,산업자원위원회,임기만료폐기,처리의안,https://likms.assembly.go.kr/bill/billDetail.do?billId=PRC_H0K7Q1U1G0C7K1I4R5R0C4C0H9C9H2,https://likms.assembly.go.kr/bill/billDetail.do?billId=PRC_H0K7Q1U1G0C7K1I4R5R0C4C0H9C9H2
17,170405,생명윤리 및 안전에 관한 법률 개정,"황인방외 2,023인",김선미의원외 6인,2007-11-01,2007-11-05,보건복지위원회,임기만료폐기,처리의안,https://likms.assembly.go.kr/bill/billDetail.do?billId=PRC_Z0M7Y1F1T0X1Z1O6A1O6W3T4A0E0B7,https://likms.assembly.go.kr/bill/billDetail.do?billId=PRC_Z0M7Y1F1T0X1Z1O6A1O6W3T4A0E0B7
17,170404,대형트롤·동해구트롤선박의 불법행위에 대한 해양수산부의 단속 및 관리감독 촉구,임학진,심재엽의원,2007-10-29,2007-10-30,농림해양수산위원회,임기만료폐기,처리의안,https://likms.assembly.go.kr/bill/billDetail.do?billId=PRC_O0J7M1I0R2N8P1Q6W2O1S4W2N5R0D3,https://likms.assembly.go.kr/bill/billDetail.do?billId=PRC_O0J7M1I0R2N8P1Q6W2O1S4W2N5R0D3
17,170403,국가인권위원회 대전지역사무소 설치,안정선외 1인,선병렬의원,2007-10-25,2007-10-26,법제사법위원회,임기만료폐기,처리의안,https://likms.assembly.go.kr/bill/billDetail.do?billId=PRC_Y0I7H1K0Y2J5F1A5Q3L4M2Z0Z1N1U6,https://likms.assembly.go.kr/bill/billDetail.do?billId=PRC_Y0I7H1K0Y2J5F1A5Q3L4M2Z0Z1N1U6
17,170402,교육재정확보 및 학부모교육비 절감 관련 법률안 심의 촉구,"유정희외 6,001인",최순영의원,2007-10-22,2007-10-24,교육위원회,임기만료폐기,처리의안,https://likms.assembly.go.kr/bill/billDetail.do?billId=PRC_Q0L7S1V0I2Y2O1Y5Q3Q0W5Z2N7G4W1,https://likms.assembly.go.kr/bill/billDetail.do?billId=PRC_Q0L7S1V0I2Y2O1Y5Q3Q0W5Z2N7G4W1
17,170401,학교생활기록부 평가기록방식 변경,이성도외 5인,안민석의원외 1인,2007-10-12,2007-10-15,교육위원회,임기만료폐기,처리의안,https://likms.assembly.go.kr/bill/billDetail.do?billId=PRC_X0J7D1B0C1Z2P1J7M4C7B3G6N5R4B9,https://likms.assembly.go.kr/bill/billDetail.do?billId=PRC_X0J7D1B0C1Z2P1J7M4C7B3G6N5R4B9
17,170400,핸드볼 전용경기장 건립,정형균외 292인,윤원호의원외 1인,2007-10-12,2007-10-15,문화관광위원회,채택,처리의안,https://likms.assembly.go.kr/bill/billDetail.do?billId=PRC_N0U7Y1Q0K1K2J1N5Z0E7H0Y9W5E5J4,https://likms.assembly.go.kr/bill/billDetail.do?billId=PRC_N0U7Y1Q0K1K2J1N5Z0E7H0Y9W5E5J4
17,170399,파주시 주유소 및 휴게소 신축,방상분,고조흥의원,2007-10-08,2007-10-10,국방위원회,임기만료폐기,처리의안,https://likms.assembly.go.kr/bill/billDetail.do?billId=PRC_H0F7U1L0D0H8S1D1V4O9L2E8I0N8R6,https://likms.assembly.go.kr/bill/billDetail.do?billId=PRC_H0F7U1L0D0H8S1D1V4O9L2E8I0N8R6
17,170398,인천내항 항만재개발과 영종도 준설토투기장 항만재개발 기본계획 철회,"이광태외 72,000인",한광원의원,2007-10-04,2007-10-08,농림해양수산위원회,채택,처리의안,https://likms.assembly.go.kr/bill/billDetail.do?billId=PRC_L0M7U1I0C0C4Z1E4A3Y2L5C7X5N3Q3,https://likms.assembly.go.kr/bill/billDetail.do?billId=PRC_L0M7U1I0C0C4Z1E4A3Y2L5C7X5N3Q3
17,170397,초·중등교육법 개정,심성보외 2인,천정배의원,2007-09-28,2007-10-02,교육위원회,임기만료폐기,처리의안,https://likms.assembly.go.kr/bill/billDetail.do?billId=PRC_C0Z7K0D9M2D8M1E7E2C0R3L5V7C6Y1,https://likms.assembly.go.kr/bill/billDetail.do?billId=PRC_C0Z7K0D9M2D8M1E7E2C0R3L5V7C6Y1
17,170396,폐기물처리시설 설치촉진 및 주변지역지원 등에 관한 법률 시행령 개정,"백선기외 4,240인",고희선의원,2007-09-27,2007-09-28,환경노동위원회,임기만료폐기,처리의안,https://likms.assembly.go.kr/bill/billDetail.do?billId=PRC_J0Q7Z0T9T2R7G0B9L2Y3X2H3V2V6Z1,https://likms.assembly.go.kr/bill/billDetail.do?billId=PRC_J0Q7Z0T9T2R7G0B9L2Y3X2H3V2V6Z1
17,170395,의병기념일 제정,"김채용외 11,812인",이주영의원외 1인,2007-09-18,2007-09-21,행정자치위원회,임기만료폐기,처리의안,https://likms.assembly.go.kr/bill/billDetail.do?billId=PRC_W0D7B0X9V1W8A1K6Q1X2F0W9D8P4T1,https://likms.assembly.go.kr/bill/billDetail.do?billId=PRC_W0D7B0X9V1W8A1K6Q1X2F0W9D8P4T1
17,170394,태안군 토지거래허가구역 해제,"노진용외 29,459인",문석호의원,2007-09-14,2007-09-18,건설교통위원회,임기만료폐기,처리의안,https://likms.assembly.go.kr/bill/billDetail.do?billId=PRC_F0G7U0K9T1V4O1I3U4Q6J1B0P9X4W7,https://likms.assembly.go.kr/bill/billDetail.do?billId=PRC_F0G7U0K9T1V4O1I3U4Q6J1B0P9X4W7
17,170393,4대 사회보험 연체제도 개선,황도수외 2인,이상민의원,2007-09-13,2007-09-18,보건복지위원회,임기만료폐기,처리의안,https://likms.assembly.go.kr/bill/billDetail.do?billId=PRC_V0O7P0H9R1E3H1I4Y1P5T4Y3M6K1U7,https://likms.assembly.go.kr/bill/billDetail.do?billId=PRC_V0O7P0H9R1E3H1I4Y1P5T4Y3M6K1U7
17,170392,UCLA 한국음악과 긴급지원 요청,김동석외 5인,이윤성의원,2007-09-11,2007-09-12,통일외교통상위원회,임기만료폐기,처리의안,https://likms.assembly.go.kr/bill/billDetail.do?billId=PRC_R0U7F0N9E1K1L1O7U3P0K4Y8H4H3H3,https://likms.assembly.go.kr/bill/billDetail.do?billId=PRC_R0U7F0N9E1K1L1O7U3P0K4Y8H4H3H3
17,170391,주둔 군 장병 지방교부세 교부 기준 반영,이건실,박세환의원,2007-09-10,2007-09-12,행정자치위원회,임기만료폐기,처리의안,https://likms.assembly.go.kr/bill/billDetail.do?billId=PRC_O0V7H0P9W1Y0M1D0L0N3P3F3T1P8R0,https://likms.assembly.go.kr/bill/billDetail.do?billId=PRC_O0V7H0P9W1Y0M1D0L0N3P3F3T1P8R0
17,170390,동탄2지구 신도시 예정지역의 기업체 소유부지 강제수용 관련 대책 마련 촉구,"한명국외 7,430인",고희선의원,2007-09-03,2007-09-04,건설교통위원회,임기만료폐기,처리의안,https://likms.assembly.go.kr/bill/billDetail.do?billId=PRC_E0K7F0K9D0W3I1F7B1H9F4C8A6A0W1,https://likms.assembly.go.kr/bill/billDetail.do?billId=PRC_E0K7F0K9D0W3I1F7B1H9F4C8A6A0W1
17,170389,재정비촉진지구내 존치정비구역에 대한 조합설립추진위원회 승인,박영모외 165인,권영세의원,2007-08-28,2007-08-30,건설교통위원회,임기만료폐기,처리의안,https://likms.assembly.go.kr/bill/billDetail.do?billId=PRC_V0I7A0X8X2E8Y1I4F3B3Y0J0T4N0H3,https://likms.assembly.go.kr/bill/billDetail.do?billId=PRC_V0I7A0X8X2E8Y1I4F3B3Y0J0T4N0H3
17,170388,게임산업진흥에 관한 법률 부칙 제2조의 조문 일부개정,박홍선외 117인,정두언의원,2007-08-22,2007-08-22,문화관광위원회,임기만료폐기,처리의안,https://likms.assembly.go.kr/bill/billDetail.do?billId=PRC_N0C7J0U8D2A2Q1K6P1W2Z0T1R9M6R7,https://likms.assembly.go.kr/bill/billDetail.do?billId=PRC_N0C7J0U8D2A2Q1K6P1W2Z0T1R9M6R7
17,170387,군사시설보호구역 규제 완화,구선호외 6인,박세환의원,2007-08-13,2007-08-14,국방위원회,본회의불부의,처리의안,https://likms.assembly.go.kr/bill/billDetail.do?billId=PRC_X0S7R0V8J1M3E1I5D4P7D1I2E3M7V7,https://likms.assembly.go.kr/bill/billDetail.do?billId=PRC_X0S7R0V8J1M3E1I5D4P7D1I2E3M7V7
17,170386,열병합 발전소 등 건설 반대 및 이전,"김광일외 2,981인",이재창의원,2007-08-13,2007-08-14,산업자원위원회,임기만료폐기,처리의안,https://likms.assembly.go.kr/bill/billDetail.do?billId=PRC_Y0B7S0N8U1S3U1B1T5Z9V5Q2Y2N6N1,https://likms.assembly.go.kr/bill/billDetail.do?billId=PRC_Y0B7S0N8U1S3U1B1T5Z9V5Q2Y2N6N1
17,170385,기면병 질환자 관련 징병신체검사 등 검사규칙 개정,이 한외 730인,장향숙의원,2007-08-09,2007-08-13,국방위원회,본회의불부의,처리의안,https://likms.assembly.go.kr/bill/billDetail.do?billId=PRC_E0L7W0N8Q0B9W1W5W1Z9I3V3R2M7R7,https://likms.assembly.go.kr/bill/billDetail.do?billId=PRC_E0L7W0N8Q0B9W1W5W1Z9I3V3R2M7R7
17,170384,농지법 시행령 제28조 개정,조태훈외 8인,고희선의원,2007-08-09,2007-08-13,농림해양수산위원회,임기만료폐기,처리의안,https://likms.assembly.go.kr/bill/billDetail.do?billId=PRC_C0V7T0O8N0I9U1G3W5X2D0N6R1F4K2,https://likms.assembly.go.kr/bill/billDetail.do?billId=PRC_C0V7T0O8N0I9U1G3W5X2D0N6R1F4K2
17,170383,부산 송정해수욕장내 군 하계휴양소 이전,노명오외 14인,안경률의원,2007-08-06,2007-08-13,국방위원회,임기만료폐기,처리의안,https://likms.assembly.go.kr/bill/billDetail.do?billId=PRC_H0P7Z0D8C0F6F1D5B5T2S1Y3A6A3X2,https://likms.assembly.go.kr/bill/billDetail.do?billId=PRC_H0P7Z0D8C0F6F1D5B5T2S1Y3A6A3X2
17,170382,학원의 설립·운영 및 과외교습에 관한 법률 개정,임종대,최순영의원,2007-07-10,2007-07-16,교육위원회,임기만료폐기,처리의안,https://likms.assembly.go.kr/bill/billDetail.do?billId=PRC_E0F7Z0O7A1P0S1T6F3K1Q3G4Y1X9A7,https://likms.assembly.go.kr/bill/billDetail.do?billId=PRC_E0F7Z0O7A1P0S1T6F3K1Q3G4Y1X9A7
17,170381,황학동 롯데건설의 불법공사 중지,김현정외 382인,김충환의원,2007-07-10,2007-07-16,건설교통위원회,임기만료폐기,처리의안,https://likms.assembly.go.kr/bill/billDetail.do?billId=PRC_L0K7Z0J7A1D0N1V0G2N2P0A4T4C1T9,https://likms.assembly.go.kr/bill/billDetail.do?billId=PRC_L0K7Z0J7A1D0N1V0G2N2P0A4T4C1T9
17,170380,법무사법 등 개정안 입법 촉구,"배순열외 32,999인",신학용의원외 3인,2007-07-03,2007-07-04,법제사법위원회,임기만료폐기,처리의안,https://likms.assembly.go.kr/bill/billDetail.do?billId=PRC_G0Z7O0Z7D0R3L2J1Z3J7B4J9K0L5K2,https://likms.assembly.go.kr/bill/billDetail.do?billId=PRC_G0Z7O0Z7D0R3L2J1Z3J7B4J9K0L5K2
17,170379,교육인적자원부 훈령 제719호 개정,유재봉외 43인,허천의원,2007-06-28,2007-06-29,교육위원회,임기만료폐기,처리의안,https://likms.assembly.go.kr/bill/billDetail.do?billId=PRC_M0H7R0C6D2A8Y1T4K1Y9Z1T0C5B5I1,https://likms.assembly.go.kr/bill/billDetail.do?billId=PRC_M0H7R0C6D2A8Y1T4K1Y9Z1T0C5B5I1
17,170378,군사시설보호법 개정,김진선,박세환의원,2007-06-21,2007-06-22,국방위원회,본회의불부의,처리의안,https://likms.assembly.go.kr/bill/billDetail.do?billId=PRC_F0A7O0H6A2G1V1I5D5G5G0W2K2K0E3,https://likms.assembly.go.kr/bill/billDetail.do?billId=PRC_F0A7O0H6A2G1V1I5D5G5G0W2K2K0E3
17,170377,안마사의 3호 이내의 침 사용 법제화를 위한 의료법 개정,이강태외 1인,장향숙의원,2007-06-20,2007-06-21,보건복지위원회,임기만료폐기,처리의안,https://likms.assembly.go.kr/bill/billDetail.do?billId=PRC_G0G7K0Q6X2R0Z1B7D3Q6R5R6G5K3N4,https://likms.assembly.go.kr/bill/billDetail.do?billId=PRC_G0G7K0Q6X2R0Z1B7D3Q6R5R6G5K3N4
17,170376,비정규직 권리보장을 위한 보호입법,이석행,단병호의원,2007-06-15,2007-06-15,환경노동위원회,임기만료폐기,처리의안,https://likms.assembly.go.kr/bill/billDetail.do?billId=PRC_L0V7P0V6L1L5A1D3D1D1F0Q4A2J5S6,https://likms.assembly.go.kr/bill/billDetail.do?billId=PRC_L0V7P0V6L1L5A1D3D1D1F0Q4A2J5S6
17,170375,농사용 전기요금 절감,박의규외 35인,이시종의원,2007-06-11,2007-06-13,산업자원위원회,임기만료폐기,처리의안,https://likms.assembly.go.kr/bill/billDetail.do?billId=PRC_R0M7H0O6T1L1B1A7R4K2X5L7E4B9B1,https://likms.assembly.go.kr/bill/billDetail.do?billId=PRC_R0M7H0O6T1L1B1A7R4K2X5L7E4B9B1
17,170374,후계농업경영인 농신보 특례보증 증액,박의규외 35인,김춘진의원,2007-06-11,2007-06-13,재정경제위원회,임기만료폐기,처리의안,https://likms.assembly.go.kr/bill/billDetail.do?billId=PRC_S0F7R0H6Q1L1D1E7G3J9U5P9N8D5F6,https://likms.assembly.go.kr/bill/billDetail.do?billId=PRC_S0F7R0H6Q1L1D1E7G3J9U5P9N8D5F6
17,170373,공직자윤리법 개정,임종대,정성호의원ㆍ홍미영의원,2007-06-04,2007-06-08,행정자치위원회,임기만료폐기,처리의안,https://likms.assembly.go.kr/bill/billDetail.do?billId=PRC_Y0I7L0N6E0K4N1T6J5M6I5F8J7E1K0,https://likms.assembly.go.kr/bill/billDetail.do?billId=PRC_Y0I7L0N6E0K4N1T6J5M6I5F8J7E1K0
17,170372,중국 상무부와의 고용허가제 양해각서 체결에 대한 청문회 개최,이철승외 1인,이경재의원,2007-06-04,2007-06-08,환경노동위원회,임기만료폐기,처리의안,https://likms.assembly.go.kr/bill/billDetail.do?billId=PRC_C0Z7H0U6U0T4Q1D5D2L3M4S2V2F9X9,https://likms.assembly.go.kr/bill/billDetail.do?billId=PRC_C0Z7H0U6U0T4Q1D5D2L3M4S2V2F9X9
17,170371,종합부동산세법 개정,"이관형외 10,973인",원희룡의원,2007-06-04,2007-06-05,재정경제위원회,임기만료폐기,처리의안,https://likms.assembly.go.kr/bill/billDetail.do?billId=PRC_M0K7X0S6Y0X4K1J0V4X2V5M2S5Y7J2,https://likms.assembly.go.kr/bill/billDetail.do?billId=PRC_M0K7X0S6Y0X4K1J0V4X2V5M2S5Y7J2
17,170370,미역.다시마 건조업에 대한 농어업용 면세유 공급,이상만외 5인,안경률의원,2007-06-01,2007-06-04,재정경제위원회,본회의불부의,처리의안,https://likms.assembly.go.kr/bill/billDetail.do?billId=PRC_W0N7R0G6W0L1V1M0K4T0B1Y1S7V8C7,https://likms.assembly.go.kr/bill/billDetail.do?billId=PRC_W0N7R0G6W0L1V1M0K4T0B1Y1S7V8C7
17,170369,SEC연구소(국군1079통신부대) 이전,"하광태,황승위외 238,179인",최경환의원,2007-05-29,2007-05-31,국방위원회,임기만료폐기,처리의안,https://likms.assembly.go.kr/bill/billDetail.do?billId=PRC_B0A7L0E5Y2N9Z1V7M5U1S4Y6X1C7R1,https://likms.assembly.go.kr/bill/billDetail.do?billId=PRC_B0A7L0E5Y2N9Z1V7M5U1S4Y6X1C7R1
17,170368,자동차 진입억제용 말뚝 설치의 시행령  폐지 검토,권인희외 960인,정화원의원,2007-05-25,2007-05-29,건설교통위원회,임기만료폐기,처리의안,https://likms.assembly.go.kr/bill/billDetail.do?billId=PRC_U0U7L0O5Q2K5N1A5F1O2K3G4F2P5U4,https://likms.assembly.go.kr/bill/billDetail.do?billId=PRC_U0U7L0O5Q2K5N1A5F1O2K3G4F2P5U4
17,170367,산업안전보건법 일부개정법률안의 자율검사프로그램에 따른 성능확인검사,윤현석외 19인,제종길의원,2007-05-22,2007-05-25,환경노동위원회,임기만료폐기,처리의안,https://likms.assembly.go.kr/bill/billDetail.do?billId=PRC_F0E7O0V5M2C2A1Z6B0I9U5H6E2S8G0,https://likms.assembly.go.kr/bill/billDetail.do?billId=PRC_F0E7O0V5M2C2A1Z6B0I9U5H6E2S8G0
17,170366,비주거 건물의 위반시설 자진철거 대책마련과 일부 양성화 요구,김병선외 1인,이낙연의원,2007-05-18,2007-05-22,건설교통위원회,임기만료폐기,처리의안,https://likms.assembly.go.kr/bill/billDetail.do?billId=PRC_I0N7T0D5Y1H9F1P0M0R0C3V8Q5O1V3,https://likms.assembly.go.kr/bill/billDetail.do?billId=PRC_I0N7T0D5Y1H9F1P0M0R0C3V8Q5O1V3
17,170365,공익사업용 부동산의 양도소득세 감면을 위한 조세특례제한법 개정,윤을석외 361인,안경률의원,2007-05-16,2007-05-22,재정경제위원회,본회의불부의,처리의안,https://likms.assembly.go.kr/bill/billDetail.do?billId=PRC_B0O7H0T5Q1V6C1U1Y4G2R2R6R0Q8X5,https://likms.assembly.go.kr/bill/billDetail.do?billId=PRC_B0O7H0T5Q1V6C1U1Y4G2R2R6R0Q8X5
17,170364,신안산선 대림삼거리 역사 유치,"성병천외 6,130인",전병헌의원,2007-05-14,2007-05-21,건설교통위원회,임기만료폐기,처리의안,https://likms.assembly.go.kr/bill/billDetail.do?billId=PRC_T0S7C0H5H1N4U1J5V1H5U3I5Q7V2W4,https://likms.assembly.go.kr/bill/billDetail.do?billId=PRC_T0S7C0H5H1N4U1J5V1H5U3I5Q7V2W4
17,170363,의료급여관리사 처우 및 신분보장,박남희외 139인,정형근의원,2007-05-07,2007-05-14,보건복지위원회,임기만료폐기,처리의안,https://likms.assembly.go.kr/bill/billDetail.do?billId=PRC_U0V7H0C5M0E7Z1J0W0U4N2E8O8V4D1,https://likms.assembly.go.kr/bill/billDetail.do?billId=PRC_U0V7H0C5M0E7Z1J0W0U4N2E8O8V4D1
17,170362,춘천고등법원 설치건의,전수산,박세환의원,2007-05-01,2007-05-01,법제사법위원회,임기만료폐기,처리의안,https://likms.assembly.go.kr/bill/billDetail.do?billId=PRC_H0U7A0D5O0T1U1O0S1D2K3B7U7J3J6,https://likms.assembly.go.kr/bill/billDetail.do?billId=PRC_H0U7A0D5O0T1U1O0S1D2K3B7U7J3J6
17,170361,해외입양 중단,김스토커,장향숙의원,2007-04-30,2007-04-30,보건복지위원회,임기만료폐기,처리의안,https://likms.assembly.go.kr/bill/billDetail.do?billId=PRC_N0U7C0Q4B3L0R1T1L2P5W1L7W0R4F2,https://likms.assembly.go.kr/bill/billDetail.do?billId=PRC_N0U7C0Q4B3L0R1T1L2P5W1L7W0R4F2
17,170360,한국인BC급전범자와 유족의 명예회복 등,"이학래, 강동원",김원웅의원,2007-04-27,2007-04-27,행정자치위원회,임기만료폐기,처리의안,https://likms.assembly.go.kr/bill/billDetail.do?billId=PRC_V0X7M0K4Q2K7E0H9M1X4K0V3T9L7W7,https://likms.assembly.go.kr/bill/billDetail.do?billId=PRC_V0X7M0K4Q2K7E0H9M1X4K0V3T9L7W7
17,170359,자본시장과 금융투자업에 관한 법률 제정,이금룡외 4인,신학용의원,2007-04-20,2007-04-20,재정경제위원회,본회의불부의,처리의안,https://likms.assembly.go.kr/bill/billDetail.do?billId=PRC_G0O7S0C4J2F0N0P9M5B3H0Y7U9K4A4,https://likms.assembly.go.kr/bill/billDetail.do?billId=PRC_G0O7S0C4J2F0N0P9M5B3H0Y7U9K4A4
17,170358,지리산 기독교 유적의 지정문화재 지정,이남식,유재건의원,2007-04-19,2007-04-20,문화관광위원회,본회의에 부의하지 아니하기로 의결,처리의안,https://likms.assembly.go.kr/bill/billDetail.do?billId=PRC_I0X7C0O4Z1U9L1N6L5X4R1Y5G6I7Z9,https://likms.assembly.go.kr/bill/billDetail.do?billId=PRC_I0X7C0O4Z1U9L1N6L5X4R1Y5G6I7Z9
17,170357,영진시장 A동 재건축 사업시행구역 선정 실효회복,송길용외 124인,권영세의원,2007-04-16,2007-04-16,산업자원위원회,본회의불부의,처리의안,https://likms.assembly.go.kr/bill/billDetail.do?billId=PRC_B0I7T0Y4E1P6V0M9R2Y4T5B1N6E7P9,https://likms.assembly.go.kr/bill/billDetail.do?billId=PRC_B0I7T0Y4E1P6V0M9R2Y4T5B1N6E7P9
17,170356,재래시장 및 상점가 육성을 위한 특별법 제38조 개정,박지만외 87인,권영세의원,2007-04-13,2007-04-16,산업자원위원회,본회의불부의,처리의안,https://likms.assembly.go.kr/bill/billDetail.do?billId=PRC_V0H7K0K4T1D6M0E9D1U7H2U2A3C7L3,https://likms.assembly.go.kr/bill/billDetail.do?billId=PRC_V0H7K0K4T1D6M0E9D1U7H2U2A3C7L3
17,170355,도시 및 주거환경정비법 개정,오병천,유재건의원,2007-04-13,2007-04-13,건설교통위원회,임기만료폐기,처리의안,https://likms.assembly.go.kr/bill/billDetail.do?billId=PRC_N0M7A0B4Y1C3P1D1D1E9Q3S1P6Q8G2,https://likms.assembly.go.kr/bill/billDetail.do?billId=PRC_N0M7A0B4Y1C3P1D1D1E9Q3S1P6Q8G2
17,170354,"법조인 양성 관련 법률(변호사법, 사법시험법, 법원조직법, 검찰청법) 개정",이진강,김춘진의원,2007-04-12,2007-04-13,법제사법위원회,임기만료폐기,처리의안,https://likms.assembly.go.kr/bill/billDetail.do?billId=PRC_V0O7N0U4M1R2H1F6D4A7O0W9Q8T1L8,https://likms.assembly.go.kr/bill/billDetail.do?billId=PRC_V0O7N0U4M1R2H1F6D4A7O0W9Q8T1L8
17,170353,조달청 강릉사업소 폐쇄 반대 건의,김남훈외 29인,심재엽의원외 3인,2007-04-11,2007-04-11,행정자치위원회,임기만료폐기,처리의안,https://likms.assembly.go.kr/bill/billDetail.do?billId=PRC_G0J7V0G4S1I1F0E9D3Y7B4G7A0I2B9,https://likms.assembly.go.kr/bill/billDetail.do?billId=PRC_G0J7V0G4S1I1F0E9D3Y7B4G7A0I2B9
17,170352,전남 장성 축령산 편백나무 산림조성에 공헌한 조림왕 故임종국 선생에 대한 국가유공자 지정 촉구,"변동해외 30,000인",김원웅의원,2007-04-05,2007-04-06,정무위원회,임기만료폐기,처리의안,https://likms.assembly.go.kr/bill/billDetail.do?billId=PRC_Y0S7S0O4K0E5S1Z6U3Y4P1A4C9N1L0,https://likms.assembly.go.kr/bill/billDetail.do?billId=PRC_Y0S7S0O4K0E5S1Z6U3Y4P1A4C9N1L0
17,170351,군사기지 및 시설보호법(안)에 비행안전구역 축소 근거조항 신설요구,김철곤외 19인,권경석의원,2007-03-30,2007-04-03,국방위원회,본회의불부의,처리의안,https://likms.assembly.go.kr/bill/billDetail.do?billId=PRC_C0E7P0H3A3D0Z0V9S3N4A4D6P7Z8C6,https://likms.assembly.go.kr/bill/billDetail.do?billId=PRC_C0E7P0H3A3D0Z0V9S3N4A4D6P7Z8C6
17,170350,세계한인의 날 제정,"김영진외 11,600인",황우여의원외 3인,2007-03-29,2007-03-30,행정자치위원회,임기만료폐기,처리의안,https://likms.assembly.go.kr/bill/billDetail.do?billId=PRC_I0P7S0U3X2D9F1Z7W1H1V5C9N6A4N4,https://likms.assembly.go.kr/bill/billDetail.do?billId=PRC_I0P7S0U3X2D9F1Z7W1H1V5C9N6A4N4
17,170349,일제에 의해 약탈되어 국립중앙박물관에 소장되어 있는 중앙아시아 유물(오타니 컬렉션)의 원소재지 반환촉구,김영준외 99인,김원웅의원,2007-03-14,2007-03-14,문화관광위원회,임기만료폐기,처리의안,https://likms.assembly.go.kr/bill/billDetail.do?billId=PRC_J0N7S0I3F1K4Y0W9J3C9Y0N9H0Q9G9,https://likms.assembly.go.kr/bill/billDetail.do?billId=PRC_J0N7S0I3F1K4Y0W9J3C9Y0N9H0Q9G9
17,170348,원자력발전소 주변지역 특별지원금 소급지원에 관한 특별법 제정,최현돌외 3인,안경률의원외 4인,2007-03-12,2007-03-12,산업자원위원회,임기만료폐기,처리의안,https://likms.assembly.go.kr/bill/billDetail.do?billId=PRC_A0M7G0S3F1V2R0S9X5K3H0U9P6O8Z8,https://likms.assembly.go.kr/bill/billDetail.do?billId=PRC_A0M7G0S3F1V2R0S9X5K3H0U9P6O8Z8
17,170347,신용카드 가맹점수수료 인하 촉구,"인태연외 98,579인",노회찬의원,2007-02-27,2007-03-05,재정경제위원회,임기만료폐기,처리의안,https://likms.assembly.go.kr/bill/billDetail.do?billId=PRC_V0N7U0Z2N2B7F1N4Q4L7Y1B8Q2I7O8,https://likms.assembly.go.kr/bill/billDetail.do?billId=PRC_V0N7U0Z2N2B7F1N4Q4L7Y1B8Q2I7O8
17,170346,"주요 사법개혁 관련 법률(로스쿨,공판중심제도,배심제 도입 등)의 조속한 통과",권승복외 5인,이은영의원,2007-02-27,2007-03-02,법제사법위원회,임기만료폐기,처리의안,https://likms.assembly.go.kr/bill/billDetail.do?billId=PRC_S0W7X0L2X2E7V1N4G2Z0G2C3Q8R2M9,https://likms.assembly.go.kr/bill/billDetail.do?billId=PRC_S0W7X0L2X2E7V1N4G2Z0G2C3Q8R2M9
17,170345,교육기본법 개정,조지연외 860인,최순영의원,2007-02-15,2007-02-21,교육위원회,임기만료폐기,처리의안,https://likms.assembly.go.kr/bill/billDetail.do?billId=PRC_P0Z7I0M2A1P5P1A7H3X9J0H3S6B2Y6,https://likms.assembly.go.kr/bill/billDetail.do?billId=PRC_P0Z7I0M2A1P5P1A7H3X9J0H3S6B2Y6
17,170344,방위비 분담 특별협정 비준동의안 거부 및 재협상 촉구,홍근수외 2인,권영길의원외 3인,2007-02-15,2007-02-21,통일외교통상위원회,본회의불부의,처리의안,https://likms.assembly.go.kr/bill/billDetail.do?billId=PRC_I0J7H0N2U1S5X1D7K2H5X0B3L2F2B2,https://likms.assembly.go.kr/bill/billDetail.do?billId=PRC_I0J7H0N2U1S5X1D7K2H5X0B3L2F2B2
17,170343,대형마트 규제 및 중소영세상인 보호 입법,김경배외 5인,이원영의원ㆍ심상정의원,2007-02-15,2007-02-21,산업자원위원회,임기만료폐기,처리의안,https://likms.assembly.go.kr/bill/billDetail.do?billId=PRC_F0D7A0X2X1X5B1T6K4F5W3Y8W6E6I8,https://likms.assembly.go.kr/bill/billDetail.do?billId=PRC_F0D7A0X2X1X5B1T6K4F5W3Y8W6E6I8
17,170342,해방이후언론탄압의 진상규명 등에 관한 특별법 제정,정동익,이광철의원,2007-02-15,2007-02-21,문화관광위원회,임기만료폐기,처리의안,https://likms.assembly.go.kr/bill/billDetail.do?billId=PRC_O0I7M0Y2B1A5M1S0R4R1H2T3U3C0A9,https://likms.assembly.go.kr/bill/billDetail.do?billId=PRC_O0I7M0Y2B1A5M1S0R4R1H2T3U3C0A9
17,170341,교육기본법 개정,조지연외 730인,안민석의원외 3인,2007-02-15,2007-02-21,교육위원회,임기만료폐기,처리의안,https://likms.assembly.go.kr/bill/billDetail.do?billId=PRC_W0P7E0A2L1S4W1J6B5K7U5T1F2Y7G6,https://likms.assembly.go.kr/bill/billDetail.do?billId=PRC_W0P7E0A2L1S4W1J6B5K7U5T1F2Y7G6
17,170340,평화적인 집회 및 시위보호·보장에 관한 법률,신지호외 13인,정갑윤의원,2007-02-14,2007-02-15,행정자치위원회,임기만료폐기,처리의안,https://likms.assembly.go.kr/bill/billDetail.do?billId=PRC_P0H7B0Y2E1L4L1I4U2I1I0C8T3B7A6,https://likms.assembly.go.kr/bill/billDetail.do?billId=PRC_P0H7B0Y2E1L4L1I4U2I1I0C8T3B7A6
17,170339,건설기계관리법 일부개정법률(안)의 재심요구,최승철외 13인,안영근의원,2007-02-14,2007-02-15,건설교통위원회,철회,처리의안,https://likms.assembly.go.kr/bill/billDetail.do?billId=PRC_C0W7D0Z2B1J4N1W3I5Z0M5Z1L6A4I4,https://likms.assembly.go.kr/bill/billDetail.do?billId=PRC_C0W7D0Z2B1J4N1W3I5Z0M5Z1L6A4I4
17,170338,연예인 교복광고 금지와 교복상한가 제한제,최미숙외 16인,김영숙의원,2007-02-14,2007-02-13,교육위원회,임기만료폐기,처리의안,https://likms.assembly.go.kr/bill/billDetail.do?billId=PRC_E0E7F0K2M1X3I1A6E2T9O0F4N5X4Q0,https://likms.assembly.go.kr/bill/billDetail.do?billId=PRC_E0E7F0K2M1X3I1A6E2T9O0F4N5X4Q0
17,170337,오미재터널 공사 착공 요망,장화영외 535인,박세환의원,2007-02-12,2007-02-12,건설교통위원회,임기만료폐기,처리의안,https://likms.assembly.go.kr/bill/billDetail.do?billId=PRC_F0U7O0Q2Y1T2E0B9R5K7U2Y4H7O1E3,https://likms.assembly.go.kr/bill/billDetail.do?billId=PRC_F0U7O0Q2Y1T2E0B9R5K7U2Y4H7O1E3
17,170336,공공기관의 운영에 관한 법률 개정,김영호,천영세의원,2007-02-08,2007-02-08,국회운영위원회,임기만료폐기,처리의안,https://likms.assembly.go.kr/bill/billDetail.do?billId=PRC_G0S7K0I2I0O8V0Z9D3R2L1Y7O3B4P8,https://likms.assembly.go.kr/bill/billDetail.do?billId=PRC_G0S7K0I2I0O8V0Z9D3R2L1Y7O3B4P8
17,170335,발해시조 대조영 표준영정 복원 요청,태석배외 5인,김원웅의원·김재윤의원·정청래의원,2007-01-09,2007-01-09,문화관광위원회,본회의에 부의하지 아니하기로 의결,처리의안,https://likms.assembly.go.kr/bill/billDetail.do?billId=PRC_W0Z7Q0Q1T0P9N0X9B3G9B5V8F9T4G9,https://likms.assembly.go.kr/bill/billDetail.do?billId=PRC_W0Z7Q0Q1T0P9N0X9B3G9B5V8F9T4G9
17,170334,지방자치법 일부 개정,박상증,이영순의원,2006-12-28,2007-01-02,행정자치위원회,임기만료폐기,처리의안,https://likms.assembly.go.kr/bill/billDetail.do?billId=PRC_M0W7C0G1J0X2K1T7Q2I4P0L0A5S6G3,https://likms.assembly.go.kr/bill/billDetail.do?billId=PRC_M0W7C0G1J0X2K1T7Q2I4P0L0A5S6G3
17,170333,강릉지원에 개인회생·회사정리·회의·파산재판부 설치를 위한 관련법 개정,이용태외 67인,심재엽의원,2006-12-26,2006-12-27,법제사법위원회,임기만료폐기,처리의안,https://likms.assembly.go.kr/bill/billDetail.do?billId=PRC_F0U6T1P2F2J6Q1J0W2H3N0N3U1V9O6,https://likms.assembly.go.kr/bill/billDetail.do?billId=PRC_F0U6T1P2F2J6Q1J0W2H3N0N3U1V9O6
17,170332,지방교육재정교부금법 개정,김재석,최순영의원,2006-12-18,2006-12-18,교육위원회,임기만료폐기,처리의안,https://likms.assembly.go.kr/bill/billDetail.do?billId=20875,https://likms.assembly.go.kr/bill/billDetail.do?billId=20875
17,170331,영산강 3단계 간척지 무상양여,정찬길외 572인,채일병의원,2006-12-13,2006-12-13,농림해양수산위원회,임기만료폐기,처리의안,https://likms.assembly.go.kr/bill/billDetail.do?billId=20832,https://likms.assembly.go.kr/bill/billDetail.do?billId=20832
17,170330,경매완료된 부도공공임대주택 임차인들의 구제,박희수외 21인,유선호의원,2006-12-12,2006-12-13,건설교통위원회,임기만료폐기,처리의안,https://likms.assembly.go.kr/bill/billDetail.do?billId=20814,https://likms.assembly.go.kr/bill/billDetail.do?billId=20814
17,170329,부가가치세법시행령 제38조제3호 폐지,"김세훈외 7,029인",최용규의원,2006-12-11,2006-12-13,재정경제위원회,임기만료폐기,처리의안,https://likms.assembly.go.kr/bill/billDetail.do?billId=20794,https://likms.assembly.go.kr/bill/billDetail.do?billId=20794
17,170328,신문등의자유와기능보장에관한법률 개정,"김영호,이명순",천영세의원,2006-12-05,2006-12-07,문화관광위원회,임기만료폐기,처리의안,https://likms.assembly.go.kr/bill/billDetail.do?billId=20691,https://likms.assembly.go.kr/bill/billDetail.do?billId=20691
17,170327,정부과천청사이전(행정중심복합도시 건설)에 따른 국민투표  실시의 국회결의안 채택,이경수외 54인,안상수의원,2006-12-01,2006-12-04,행정자치위원회,임기만료폐기,처리의안,https://likms.assembly.go.kr/bill/billDetail.do?billId=20652,https://likms.assembly.go.kr/bill/billDetail.do?billId=20652
17,170326,패스트푸드·탄산음료 과다섭취 경고문 의무표기를 위한 국민건강증진법 개정,이규영,안상수의원외 2인,2006-11-28,2006-11-29,보건복지위원회,임기만료폐기,처리의안,https://likms.assembly.go.kr/bill/billDetail.do?billId=20594,https://likms.assembly.go.kr/bill/billDetail.do?billId=20594
17,170325,KDX-Ⅲ 이지스 구축함 1척 추가건조 요구,"김훈배외 37,500인",김학송의원,2006-11-27,2006-11-28,국방위원회,임기만료폐기,처리의안,https://likms.assembly.go.kr/bill/billDetail.do?billId=20571,https://likms.assembly.go.kr/bill/billDetail.do?billId=20571
17,170324,수산물 건조업자 면세유 공급 요구,최재위외 955인,신중식의원외 19인,2006-11-22,2006-11-23,재정경제위원회,본회의불부의,처리의안,https://likms.assembly.go.kr/bill/billDetail.do?billId=20533,https://likms.assembly.go.kr/bill/billDetail.do?billId=20533
17,170323,행정부제출 정부조직법 일부개정 법률안 중 국가청소년위원회 부분 삭제입법,"김정대,조영승외 212인",이해봉의원외 2인,2006-11-22,2006-11-23,행정자치위원회,임기만료폐기,처리의안,https://likms.assembly.go.kr/bill/billDetail.do?billId=20531,https://likms.assembly.go.kr/bill/billDetail.do?billId=20531
17,170322,한탄강 홍수조절용댐 건설사업 철회 요청,구선호,이영순의원외 16인,2006-11-15,2006-11-16,건설교통위원회,임기만료폐기,처리의안,https://likms.assembly.go.kr/bill/billDetail.do?billId=20450,https://likms.assembly.go.kr/bill/billDetail.do?billId=20450
17,170321,공공기관 지방이전에 따른 혁신도시건설 및 지원에 관한 특별법안(서재관의원 대표발의) 조속처리,"윤성종,남성룡",이주영의원외 1인,2006-11-10,2006-11-15,건설교통위원회,본회의불부의,처리의안,https://likms.assembly.go.kr/bill/billDetail.do?billId=20397,https://likms.assembly.go.kr/bill/billDetail.do?billId=20397
17,170320,동학농민혁명사 정립,김기전외 1인,민병두의원외 1인,2006-11-10,2006-11-15,문화관광위원회,본회의에 부의하지 아니하기로 의결,처리의안,https://likms.assembly.go.kr/bill/billDetail.do?billId=20395,https://likms.assembly.go.kr/bill/billDetail.do?billId=20395
17,170319,노인수발보험법 제정,김성이외 7인,고경화의원,2006-10-31,2006-11-01,보건복지위원회,임기만료폐기,처리의안,https://likms.assembly.go.kr/bill/billDetail.do?billId=20236,https://likms.assembly.go.kr/bill/billDetail.do?billId=20236
17,170318,문경·예천 사과농가 농약피해보상,신영수,신국환의원,2006-10-25,2006-10-26,농림해양수산위원회,임기만료폐기,처리의안,https://likms.assembly.go.kr/bill/billDetail.do?billId=20151,https://likms.assembly.go.kr/bill/billDetail.do?billId=20151
17,170317,개인택시 차고지 확보 폐지,우기홍외 215인,최재천의원,2006-10-19,2006-10-23,건설교통위원회,임기만료폐기,처리의안,https://likms.assembly.go.kr/bill/billDetail.do?billId=20072,https://likms.assembly.go.kr/bill/billDetail.do?billId=20072
17,170316,기반시설부담금에 관한 법률 개정,김득린외 11인,김춘진의원,2006-10-19,2006-10-23,건설교통위원회,임기만료폐기,처리의안,https://likms.assembly.go.kr/bill/billDetail.do?billId=20054,https://likms.assembly.go.kr/bill/billDetail.do?billId=20054
17,170315,간호조무사 차별법령에 대한 시정,임정희,김춘진의원,2006-10-13,2006-10-16,보건복지위원회,임기만료폐기,처리의안,https://likms.assembly.go.kr/bill/billDetail.do?billId=19972,https://likms.assembly.go.kr/bill/billDetail.do?billId=19972
17,170314,저작권법개정안 국회 의결 촉구,장기범외 4인,이광철의원,2006-10-09,2006-10-10,법제사법위원회,임기만료폐기,처리의안,https://likms.assembly.go.kr/bill/billDetail.do?billId=19892,https://likms.assembly.go.kr/bill/billDetail.do?billId=19892
17,170313,저작권법 개정안 신속한 통과,서희덕,이광철의원,2006-10-09,2006-10-10,법제사법위원회,임기만료폐기,처리의안,https://likms.assembly.go.kr/bill/billDetail.do?billId=19890,https://likms.assembly.go.kr/bill/billDetail.do?billId=19890
17,170312,동남권 국립과학관 건립,김인세·김광삼외 371인,김희정의원외 13인,2006-09-27,2006-09-28,과학기술정보통신위원회,임기만료폐기,처리의안,https://likms.assembly.go.kr/bill/billDetail.do?billId=19810,https://likms.assembly.go.kr/bill/billDetail.do?billId=19810
17,170311,한국은행 진주지점 존치,이윤우외 8인,김재경의원외 3인,2006-09-26,2006-09-27,재정경제위원회,본회의불부의,처리의안,https://likms.assembly.go.kr/bill/billDetail.do?billId=19774,https://likms.assembly.go.kr/bill/billDetail.do?billId=19774
17,170310,주택법 개정,박상증,이영순의원,2006-09-19,2006-09-20,건설교통위원회,본회의불부의,처리의안,https://likms.assembly.go.kr/bill/billDetail.do?billId=19660,https://likms.assembly.go.kr/bill/billDetail.do?billId=19660
17,170309,신용정보의 이용 및 보호에 관한 법률 개정,박상증,심상정의원,2006-09-19,2006-09-20,재정경제위원회,본회의불부의,처리의안,https://likms.assembly.go.kr/bill/billDetail.do?billId=19658,https://likms.assembly.go.kr/bill/billDetail.do?billId=19658
17,170308,보증인보호를 위한 특별법 제정,박상증,임종인의원외 1인,2006-09-19,2006-09-20,법제사법위원회,임기만료폐기,처리의안,https://likms.assembly.go.kr/bill/billDetail.do?billId=19656,https://likms.assembly.go.kr/bill/billDetail.do?billId=19656
17,170307,이자제한법 제정,박상증,이목희의원외 7인,2006-09-19,2006-10-10,법제사법위원회,임기만료폐기,처리의안,https://likms.assembly.go.kr/bill/billDetail.do?billId=19654,https://likms.assembly.go.kr/bill/billDetail.do?billId=19654
17,170306,채무자회생 및 파산에 관한 법률 개정,박상증,이영순의원,2006-09-19,2006-09-20,법제사법위원회,임기만료폐기,처리의안,https://likms.assembly.go.kr/bill/billDetail.do?billId=19652,https://likms.assembly.go.kr/bill/billDetail.do?billId=19652
17,170305,남춘천-홍천간 송전선로건설 반대,김동왕외 313인,허천의원,2006-09-06,2006-09-07,산업자원위원회,철회,처리의안,https://likms.assembly.go.kr/bill/billDetail.do?billId=19450,https://likms.assembly.go.kr/bill/billDetail.do?billId=19450
17,170304,조선왕조실록 오대산 본 오대산 사고 봉안,"우강호외 12,539인",이광재의원,2006-09-04,2006-09-06,문화관광위원회,본회의에 부의하지 아니하기로 의결,처리의안,https://likms.assembly.go.kr/bill/billDetail.do?billId=19411,https://likms.assembly.go.kr/bill/billDetail.do?billId=19411
17,170303,식품의약품안전청 폐지 및 식품안전처 설립 정부안 반대,전인구외 20인,문희의원외 14인,2006-08-28,2006-08-29,행정자치위원회,임기만료폐기,처리의안,https://likms.assembly.go.kr/bill/billDetail.do?billId=19310,https://likms.assembly.go.kr/bill/billDetail.do?billId=19310
17,170302,불합리한 상수원보호구역지정의 해제,오윤환외 430인,정진섭의원,2006-08-24,2006-08-25,환경노동위원회,임기만료폐기,처리의안,https://likms.assembly.go.kr/bill/billDetail.do?billId=19237,https://likms.assembly.go.kr/bill/billDetail.do?billId=19237
17,170301,병역의무 이행 관련 교원미임용자 채용에 관한 특별법 개정,진규영외 11인,정병국의원,2006-08-23,2006-08-24,교육위원회,임기만료폐기,처리의안,https://likms.assembly.go.kr/bill/billDetail.do?billId=19232,https://likms.assembly.go.kr/bill/billDetail.do?billId=19232
17,170300,한·미자유무역협정(FTA) 체결 대책 특별위원회 재구성 결의,문경식,심상정의원외 11인,2006-08-23,2006-08-24,국회운영위원회,임기만료폐기,처리의안,https://likms.assembly.go.kr/bill/billDetail.do?billId=19230,https://likms.assembly.go.kr/bill/billDetail.do?billId=19230
17,170299,응급의료기금폐지반대,김정규,현애자의원,2006-08-18,2006-08-22,보건복지위원회,임기만료폐기,처리의안,https://likms.assembly.go.kr/bill/billDetail.do?billId=19168,https://likms.assembly.go.kr/bill/billDetail.do?billId=19168
17,170298,선한사마리아인법 제정,김정규,현애자의원,2006-08-18,2006-08-22,행정자치위원회,임기만료폐기,처리의안,https://likms.assembly.go.kr/bill/billDetail.do?billId=19166,https://likms.assembly.go.kr/bill/billDetail.do?billId=19166
17,170297,거제시 부속도서 「지심도」이관,김한겸,김기춘의원,2006-08-18,2006-08-18,환경노동위원회,임기만료폐기,처리의안,https://likms.assembly.go.kr/bill/billDetail.do?billId=19146,https://likms.assembly.go.kr/bill/billDetail.do?billId=19146
17,170296,도시및주거환경정비법 시행령 개정,유주형외 164인,김덕규의원,2006-08-17,2006-08-17,건설교통위원회,임기만료폐기,처리의안,https://likms.assembly.go.kr/bill/billDetail.do?billId=19127,https://likms.assembly.go.kr/bill/billDetail.do?billId=19127
17,170295,보험업법 일부개정법률안 심사촉구,최연희외 3인,엄호성의원,2006-08-07,2006-08-08,법제사법위원회,임기만료폐기,처리의안,https://likms.assembly.go.kr/bill/billDetail.do?billId=18987,https://likms.assembly.go.kr/bill/billDetail.do?billId=18987
17,170294,탈북난민 지원 혐의로 수감 중인 최영훈씨 구명 촉구,류복순외 258인,송영선의원,2006-08-07,2006-08-08,통일외교통상위원회,본회의불부의,처리의안,https://likms.assembly.go.kr/bill/billDetail.do?billId=18966,https://likms.assembly.go.kr/bill/billDetail.do?billId=18966
17,170293,경찰공무원 근속승진 운영규칙 재개정,전경수외 150인,정형근의원,2006-08-07,2006-08-08,행정자치위원회,임기만료폐기,처리의안,https://likms.assembly.go.kr/bill/billDetail.do?billId=18946,https://likms.assembly.go.kr/bill/billDetail.do?billId=18946
17,170292,한미SOFA협정 내 ´문화재보호´ 조항 신설촉구,김성한외 1인,정청래의원,2006-07-26,2006-07-26,통일외교통상위원회,임기만료폐기,처리의안,https://likms.assembly.go.kr/bill/billDetail.do?billId=18828,https://likms.assembly.go.kr/bill/billDetail.do?billId=18828
17,170291,공직선거법 일부 개정,박상증,이영순의원,2006-07-21,2008-04-01,행정자치위원회,임기만료폐기,처리의안,https://likms.assembly.go.kr/bill/billDetail.do?billId=18786,https://likms.assembly.go.kr/bill/billDetail.do?billId=18786
17,170290,국립원주대학·강릉대학교 통합안의 수정요구,김상옥외 3인,이경재의원외 3인,2006-07-10,2006-07-11,교육위원회,임기만료폐기,처리의안,https://likms.assembly.go.kr/bill/billDetail.do?billId=18665,https://likms.assembly.go.kr/bill/billDetail.do?billId=18665
17,170289,도시 및 주거환경정비법 시행령 개정,김순주,김영춘의원외 1인,2006-06-30,2006-06-30,건설교통위원회,임기만료폐기,처리의안,https://likms.assembly.go.kr/bill/billDetail.do?billId=18548,https://likms.assembly.go.kr/bill/billDetail.do?billId=18548
17,170288,공직자윤리법 개정,박상증,이영순의원,2006-06-29,2006-06-30,행정자치위원회,임기만료폐기,처리의안,https://likms.assembly.go.kr/bill/billDetail.do?billId=18546,https://likms.assembly.go.kr/bill/billDetail.do?billId=18546
17,170287,아동복지법 개정,황용규,유필우의원,2006-06-29,2006-06-30,보건복지위원회,임기만료폐기,처리의안,https://likms.assembly.go.kr/bill/billDetail.do?billId=18529,https://likms.assembly.go.kr/bill/billDetail.do?billId=18529
17,170286,보건진료원 거주지역 확대,이정순외 12인,조일현의원,2006-06-28,2006-06-30,보건복지위원회,임기만료폐기,처리의안,https://likms.assembly.go.kr/bill/billDetail.do?billId=18507,https://likms.assembly.go.kr/bill/billDetail.do?billId=18507
17,170285,개정 사립학교법의 재개정 촉구,"박종순외 1,360,816인",이군현의원,2006-06-26,2006-06-29,교육위원회,임기만료폐기,처리의안,https://likms.assembly.go.kr/bill/billDetail.do?billId=18488,https://likms.assembly.go.kr/bill/billDetail.do?billId=18488
17,170284,인천 남동공단 일반폐기물 소각로시설 이전 및 백지화 요구,"정해훈외 38,318인",이호웅의원,2006-06-26,2006-06-29,행정자치위원회,임기만료폐기,처리의안,https://likms.assembly.go.kr/bill/billDetail.do?billId=18486,https://likms.assembly.go.kr/bill/billDetail.do?billId=18486
17,170283,참전명예수당 인상,"이현시외 2,711인",이인기의원,2006-06-20,2006-06-21,정무위원회,임기만료폐기,처리의안,https://likms.assembly.go.kr/bill/billDetail.do?billId=18405,https://likms.assembly.go.kr/bill/billDetail.do?billId=18405
17,170282,납북선원 435명에 대한 진상조사와 송환요구 및 납북가족 피해보상을 위한 위원회 설치,최우영외 50인,정형근의원,2006-06-14,2006-06-21,통일외교통상위원회,본회의불부의,처리의안,https://likms.assembly.go.kr/bill/billDetail.do?billId=18325,https://likms.assembly.go.kr/bill/billDetail.do?billId=18325
17,170281,국회의 대정부 남북기본합의서 국회 비준 동의안 제출 촉구,이장희외 231인,김원웅의원ㆍ김효석의원ㆍ이영순의원ㆍ정문헌의원,2006-06-13,2006-06-21,통일외교통상위원회,임기만료폐기,처리의안,https://likms.assembly.go.kr/bill/billDetail.do?billId=18305,https://likms.assembly.go.kr/bill/billDetail.do?billId=18305
17,170280,북한에 의해 강제 납치된 고교생 5명에 대한 사실조사 및 송환요구 등,최성용외 4인,정형근의원,2006-06-12,2006-06-21,통일외교통상위원회,본회의불부의,처리의안,https://likms.assembly.go.kr/bill/billDetail.do?billId=18266,https://likms.assembly.go.kr/bill/billDetail.do?billId=18266
17,170279,소기업·소상공인공제제도 도입을 위한 입법촉구,김용구외 305인,김기현의원,2006-05-30,2006-06-21,산업자원위원회,임기만료폐기,처리의안,https://likms.assembly.go.kr/bill/billDetail.do?billId=18145,https://likms.assembly.go.kr/bill/billDetail.do?billId=18145
17,170278,장례식장등에 관한 법률안(의안번호:4189) 반대,조중래외 87인,정화원의원외 3인,2006-05-11,2006-05-11,보건복지위원회,임기만료폐기,처리의안,https://likms.assembly.go.kr/bill/billDetail.do?billId=17927,https://likms.assembly.go.kr/bill/billDetail.do?billId=17927
17,170277,지방교육재정교부금법 개정,"김홍렬외 1,140,096인",황우여의원외 3인,2006-05-10,2006-05-11,교육위원회,임기만료폐기,처리의안,https://likms.assembly.go.kr/bill/billDetail.do?billId=17924,https://likms.assembly.go.kr/bill/billDetail.do?billId=17924
17,170276,(구)남부지검 부지내 직원용 숙소 부속 복지동 내부에 공립유치원 및 도서관 설치와 동 부지내에 테마형 놀이터 조성,"김정금외 1,044인",김영주의원외 2인,2006-05-09,2006-05-11,법제사법위원회,임기만료폐기,처리의안,https://likms.assembly.go.kr/bill/billDetail.do?billId=17904,https://likms.assembly.go.kr/bill/billDetail.do?billId=17904
17,170275,주택법 및 주택법시행령의 일부개정,문현식,김원웅의원,2006-05-04,2006-05-04,건설교통위원회,본회의불부의,처리의안,https://likms.assembly.go.kr/bill/billDetail.do?billId=17826,https://likms.assembly.go.kr/bill/billDetail.do?billId=17826
17,170274,사천만남의 광장 내 휴게건축물 설치 협조,최동식외 5인,임종인의원,2006-04-25,2006-04-26,국방위원회,철회,처리의안,https://likms.assembly.go.kr/bill/billDetail.do?billId=17724,https://likms.assembly.go.kr/bill/billDetail.do?billId=17724
17,170273,부산·진해경제자유구역 내 서부산유통단지 개발사업에 대한 농지보전부담금 감면,허길영외 621인,엄호성의원,2006-04-25,2006-04-26,농림해양수산위원회,임기만료폐기,처리의안,https://likms.assembly.go.kr/bill/billDetail.do?billId=17707,https://likms.assembly.go.kr/bill/billDetail.do?billId=17707
17,170272,농지법시행령 제49조제3항제1호 개정,반길수,김우남의원,2006-04-11,2006-04-17,농림해양수산위원회,임기만료폐기,처리의안,https://likms.assembly.go.kr/bill/billDetail.do?billId=17485,https://likms.assembly.go.kr/bill/billDetail.do?billId=17485
17,170271,위성항법보정시스템 춘천내륙기준국 설치 예정지의 위치변경,최중칠외 56인,허천의원,2006-04-05,2006-04-10,농림해양수산위원회,임기만료폐기,처리의안,https://likms.assembly.go.kr/bill/billDetail.do?billId=17427,https://likms.assembly.go.kr/bill/billDetail.do?billId=17427
17,170270,수산물의 군납 현행체제 유지,"임명수외 3,106인",박세환의원,2006-04-04,2006-04-04,국방위원회,본회의불부의,처리의안,https://likms.assembly.go.kr/bill/billDetail.do?billId=17399,https://likms.assembly.go.kr/bill/billDetail.do?billId=17399
17,170269,국회법 개정,박상증외 8인,이경숙의원외 2인,2006-03-22,2006-03-27,국회운영위원회,임기만료폐기,처리의안,https://likms.assembly.go.kr/bill/billDetail.do?billId=17272,https://likms.assembly.go.kr/bill/billDetail.do?billId=17272
17,170268,사형제도 폐지,"김형태외 115,861인",유인태의원외 4인,2006-03-21,2006-03-27,법제사법위원회,임기만료폐기,처리의안,https://likms.assembly.go.kr/bill/billDetail.do?billId=17254,https://likms.assembly.go.kr/bill/billDetail.do?billId=17254
17,170267,부동산소유권 이전등기 등에 관한 특별조치법 개정,"천광길외 1,877인",이낙연의원,2006-03-09,2006-03-13,법제사법위원회,임기만료폐기,처리의안,https://likms.assembly.go.kr/bill/billDetail.do?billId=17130,https://likms.assembly.go.kr/bill/billDetail.do?billId=17130
17,170266,조선총독부 일제 수탈사료관 설립,이태희외 8인,김원웅의원,2006-02-28,2006-03-03,문화관광위원회,본회의에 부의하지 아니하기로 의결,처리의안,https://likms.assembly.go.kr/bill/billDetail.do?billId=17031,https://likms.assembly.go.kr/bill/billDetail.do?billId=17031
17,170265,국립묘지의 설치 및 운영에 관한 법률 개정,이규봉외 352인,김원웅의원,2006-02-28,2006-03-03,정무위원회,임기만료폐기,처리의안,https://likms.assembly.go.kr/bill/billDetail.do?billId=17029,https://likms.assembly.go.kr/bill/billDetail.do?billId=17029
17,170264,담배제조 및 매매 등의 금지에 관한 법률 제정,"박재갑,박관용,김대중외 155인",유재건의원외 10인,2006-02-22,2006-02-23,보건복지위원회,임기만료폐기,처리의안,https://likms.assembly.go.kr/bill/billDetail.do?billId=16931,https://likms.assembly.go.kr/bill/billDetail.do?billId=16931
17,170263,미얀마 아웅산묘소 폭탄테러사건 진상규명,양영태외 56인,정형근의원,2006-02-16,2006-02-20,정보위원회,임기만료폐기,처리의안,https://likms.assembly.go.kr/bill/billDetail.do?billId=16890,https://likms.assembly.go.kr/bill/billDetail.do?billId=16890
17,170262,1983년도 한약업사시험 응시자(60점 이상 득점자)의 권리구제,권중홍외 60인,장향숙의원,2006-02-16,2006-02-20,보건복지위원회,본회의불부의,처리의안,https://likms.assembly.go.kr/bill/billDetail.do?billId=16887,https://likms.assembly.go.kr/bill/billDetail.do?billId=16887
17,170261,경찰공무원법 개정 반대,"전경수외 1,425인",정형근의원,2006-02-10,2006-02-13,행정자치위원회,임기만료폐기,처리의안,https://likms.assembly.go.kr/bill/billDetail.do?billId=16807,https://likms.assembly.go.kr/bill/billDetail.do?billId=16807
17,170260,중국의 동북공정 및 상고사 왜곡 시정을 위한 공청회 개최,최재인,정봉주의원,2006-01-25,2006-01-27,교육위원회,임기만료폐기,처리의안,https://likms.assembly.go.kr/bill/billDetail.do?billId=16643,https://likms.assembly.go.kr/bill/billDetail.do?billId=16643
17,170259,모자보건법 개정,남주현외 14인,안명옥의원,2006-01-20,2006-01-21,보건복지위원회,임기만료폐기,처리의안,https://likms.assembly.go.kr/bill/billDetail.do?billId=16599,https://likms.assembly.go.kr/bill/billDetail.do?billId=16599
17,170258,중부내륙고속도로 양평군 강상면 구간 노선(안) 개선,유학목외 225인,정병국의원,2005-12-28,2005-12-30,건설교통위원회,임기만료폐기,처리의안,https://likms.assembly.go.kr/bill/billDetail.do?billId=16258,https://likms.assembly.go.kr/bill/billDetail.do?billId=16258
17,170257,국가유공자 등 예우 및 지원에 관한 법률 개정 및 고(故) 이석명의 국가유공자 등록·보상,이명오,엄호성의원,2005-12-15,2005-12-19,정무위원회,임기만료폐기,처리의안,https://likms.assembly.go.kr/bill/billDetail.do?billId=16123,https://likms.assembly.go.kr/bill/billDetail.do?billId=16123
17,170256,선택진료제 폐지,"강주성외 2,831인",현애자의원,2005-12-15,2005-12-19,보건복지위원회,임기만료폐기,처리의안,https://likms.assembly.go.kr/bill/billDetail.do?billId=16121,https://likms.assembly.go.kr/bill/billDetail.do?billId=16121
17,170255,중앙선·경춘선 소음방지를 위한 망우역 일대 터널화,"박경양외 24,755인",임인배의원,2005-12-12,2005-12-13,건설교통위원회,임기만료폐기,처리의안,https://likms.assembly.go.kr/bill/billDetail.do?billId=16061,https://likms.assembly.go.kr/bill/billDetail.do?billId=16061
17,170254,수의직공무원 처우개선 및 임용확대,정영채외 279인,이인기의원외 5인,2005-12-08,2005-12-12,행정자치위원회,임기만료폐기,처리의안,https://likms.assembly.go.kr/bill/billDetail.do?billId=16053,https://likms.assembly.go.kr/bill/billDetail.do?billId=16053
17,170253,경상대학교 교명변경,조무제,김재경의원외 33인,2005-12-05,2005-12-07,교육위원회,임기만료폐기,처리의안,https://likms.assembly.go.kr/bill/billDetail.do?billId=16039,https://likms.assembly.go.kr/bill/billDetail.do?billId=16039
17,170252,의료사고피해구제법 제정,김성훈외 6인,박재완의원외 1인,2005-12-02,2005-12-07,보건복지위원회,임기만료폐기,처리의안,https://likms.assembly.go.kr/bill/billDetail.do?billId=16023,https://likms.assembly.go.kr/bill/billDetail.do?billId=16023
17,170251,고등교육법 개정,고진광외 1인,류근찬의원,2005-11-29,2005-12-01,교육위원회,임기만료폐기,처리의안,https://likms.assembly.go.kr/bill/billDetail.do?billId=15996,https://likms.assembly.go.kr/bill/billDetail.do?billId=15996
17,170250,고엽제후유의증환자 2세의 질병에 대한 역학조사,임윤철외 3인,김희선의원,2005-11-28,2005-11-30,정무위원회,임기만료폐기,처리의안,https://likms.assembly.go.kr/bill/billDetail.do?billId=15990,https://likms.assembly.go.kr/bill/billDetail.do?billId=15990
17,170249,국가안전기획부와 국가정보원의 불법도청테이프 등의 공개 및 불법도청과 불법정치자금 제공 등의 의혹사건 진상규명을 위한 특별검사 등의 임명 등에 관한 법률안 제정,김기식,선병렬의원,2005-11-28,2005-11-30,법제사법위원회,임기만료폐기,처리의안,https://likms.assembly.go.kr/bill/billDetail.do?billId=15987,https://likms.assembly.go.kr/bill/billDetail.do?billId=15987
17,170248,군휴가중 폭행사건 재조사,함석인,박상돈의원,2005-11-28,2005-11-30,국방위원회,임기만료폐기,처리의안,https://likms.assembly.go.kr/bill/billDetail.do?billId=15985,https://likms.assembly.go.kr/bill/billDetail.do?billId=15985
17,170247,제주4·3사건진상규명및희생자명예회복에관한특별법 개정,김두연외 49인,원희룡의원,2005-11-28,2005-11-30,행정자치위원회,임기만료폐기,처리의안,https://likms.assembly.go.kr/bill/billDetail.do?billId=15983,https://likms.assembly.go.kr/bill/billDetail.do?billId=15983
17,170246,어업용 면세유류 공급,김갑종외 279인,김명주의원외 16인,2005-11-25,2005-11-28,재정경제위원회,본회의불부의,처리의안,https://likms.assembly.go.kr/bill/billDetail.do?billId=15959,https://likms.assembly.go.kr/bill/billDetail.do?billId=15959
17,170245,학교환경위생정화구역내 감염성폐기물처리시설의 설치허용 반대,김재옥,조정식의원외 5인,2005-11-21,2005-11-22,교육위원회,임기만료폐기,처리의안,https://likms.assembly.go.kr/bill/billDetail.do?billId=15942,https://likms.assembly.go.kr/bill/billDetail.do?billId=15942
17,170244,강원도 홍게통발 어민 피해보상,최영길외 23인,정문헌의원,2005-11-18,2005-11-18,농림해양수산위원회,임기만료폐기,처리의안,https://likms.assembly.go.kr/bill/billDetail.do?billId=15920,https://likms.assembly.go.kr/bill/billDetail.do?billId=15920
17,170243,제주도 행정체제 등에 관한 특별법안 폐기,김상헌외 15인,김재윤의원외 1인,2005-11-16,2005-11-18,행정자치위원회,임기만료폐기,처리의안,https://likms.assembly.go.kr/bill/billDetail.do?billId=15913,https://likms.assembly.go.kr/bill/billDetail.do?billId=15913
17,170242,제주특별자치도의 설치 및 국제자유도시 조성을 위한 특별법안 수정,김상헌외 15인,김재윤의원외 1인,2005-11-16,2005-11-18,행정자치위원회,임기만료폐기,처리의안,https://likms.assembly.go.kr/bill/billDetail.do?billId=15911,https://likms.assembly.go.kr/bill/billDetail.do?billId=15911
17,170241,행정고등고시(기술직) 소재직렬 신설,김도훈외 452인,김용갑의원,2005-11-15,2005-11-18,행정자치위원회,임기만료폐기,처리의안,https://likms.assembly.go.kr/bill/billDetail.do?billId=15906,https://likms.assembly.go.kr/bill/billDetail.do?billId=15906
17,170240,단계적 무상교육 실현,박상증외 10인,정봉주의원외 18인,2005-11-15,2005-11-18,교육위원회,임기만료폐기,처리의안,https://likms.assembly.go.kr/bill/billDetail.do?billId=15905,https://likms.assembly.go.kr/bill/billDetail.do?billId=15905
17,170239,보육료 자율화 반대,이필두외 10인,이경숙의원외 17인,2005-11-15,2005-11-18,여성가족위원회,임기만료폐기,처리의안,https://likms.assembly.go.kr/bill/billDetail.do?billId=15903,https://likms.assembly.go.kr/bill/billDetail.do?billId=15903
17,170238,소득세법 개정,남윤인순외 10인,이상민의원외 18인,2005-11-15,2005-11-18,재정경제위원회,임기만료폐기,처리의안,https://likms.assembly.go.kr/bill/billDetail.do?billId=15901,https://likms.assembly.go.kr/bill/billDetail.do?billId=15901
17,170237,단계적 무상의료 실현,최인순외 10인,김재윤의원외 17인,2005-11-15,2005-11-18,보건복지위원회,임기만료폐기,처리의안,https://likms.assembly.go.kr/bill/billDetail.do?billId=15899,https://likms.assembly.go.kr/bill/billDetail.do?billId=15899
17,170236,국민기초생활보장법 개정,이석태외 10인,전재희의원외 18인,2005-11-15,2005-11-18,보건복지위원회,임기만료폐기,처리의안,https://likms.assembly.go.kr/bill/billDetail.do?billId=15896,https://likms.assembly.go.kr/bill/billDetail.do?billId=15896
17,170235,간이과세 폐지,정광훈외 10인,심상정의원외 16인,2005-11-15,2005-11-18,재정경제위원회,임기만료폐기,처리의안,https://likms.assembly.go.kr/bill/billDetail.do?billId=15895,https://likms.assembly.go.kr/bill/billDetail.do?billId=15895
17,170234,금융차명거래 금지,문경식외 10인,심상정의원외 17인,2005-11-15,2005-11-18,재정경제위원회,임기만료폐기,처리의안,https://likms.assembly.go.kr/bill/billDetail.do?billId=15893,https://likms.assembly.go.kr/bill/billDetail.do?billId=15893
17,170233,비정규직 권리보장,이학영외 10인,김재윤의원외 15인,2005-11-15,2005-11-18,환경노동위원회,임기만료폐기,처리의안,https://likms.assembly.go.kr/bill/billDetail.do?billId=15891,https://likms.assembly.go.kr/bill/billDetail.do?billId=15891
17,170232,임대주택법 개정,이용득외 10인,노회찬의원외 18인,2005-11-15,2005-11-18,건설교통위원회,임기만료폐기,처리의안,https://likms.assembly.go.kr/bill/billDetail.do?billId=15889,https://likms.assembly.go.kr/bill/billDetail.do?billId=15889
17,170231,최저임금의 결정기준 개정,최상림외 10인,장복심의원외 17인,2005-11-15,2005-11-18,환경노동위원회,임기만료폐기,처리의안,https://likms.assembly.go.kr/bill/billDetail.do?billId=15887,https://likms.assembly.go.kr/bill/billDetail.do?billId=15887
17,170230,장기등이식에관한법률 개정,오재철외 22인,안명옥의원,2005-11-15,2005-11-17,보건복지위원회,임기만료폐기,처리의안,https://likms.assembly.go.kr/bill/billDetail.do?billId=15885,https://likms.assembly.go.kr/bill/billDetail.do?billId=15885
17,170229,의료법인 영리화 허용 중단 등,윤준하외 10인,현애자의원외 18인,2005-11-15,2005-11-18,보건복지위원회,임기만료폐기,처리의안,https://likms.assembly.go.kr/bill/billDetail.do?billId=15883,https://likms.assembly.go.kr/bill/billDetail.do?billId=15883
17,170228,공중보건의사제도운영지침 개정,장성호,이상득의원,2005-11-14,2005-11-17,보건복지위원회,본회의불부의,처리의안,https://likms.assembly.go.kr/bill/billDetail.do?billId=15880,https://likms.assembly.go.kr/bill/billDetail.do?billId=15880
17,170227,방송법 개정,김영호외 10인,김재홍의원,2005-11-11,2005-11-15,문화관광위원회,임기만료폐기,처리의안,https://likms.assembly.go.kr/bill/billDetail.do?billId=15872,https://likms.assembly.go.kr/bill/billDetail.do?billId=15872
17,170226,법인세법 일부개정법률안 수정,김완호외 7인,송영길의원,2005-11-11,2005-11-11,재정경제위원회,본회의불부의,처리의안,https://likms.assembly.go.kr/bill/billDetail.do?billId=15870,https://likms.assembly.go.kr/bill/billDetail.do?billId=15870
17,170225,소득세법 일부개정법률안 수정,엄태원외 7인,안상수의원,2005-11-10,2005-11-11,재정경제위원회,본회의불부의,처리의안,https://likms.assembly.go.kr/bill/billDetail.do?billId=15866,https://likms.assembly.go.kr/bill/billDetail.do?billId=15866
17,170224,피부미용 분리 반대,박기동,박세환의원외 3인,2005-11-04,2005-11-07,보건복지위원회,본회의불부의,처리의안,https://likms.assembly.go.kr/bill/billDetail.do?billId=15844,https://likms.assembly.go.kr/bill/billDetail.do?billId=15844
17,170223,고엽제후유의증환자지원등에관한법률 개정,송재항,강기갑의원,2005-11-03,2005-11-07,정무위원회,임기만료폐기,처리의안,https://likms.assembly.go.kr/bill/billDetail.do?billId=15842,https://likms.assembly.go.kr/bill/billDetail.do?billId=15842
17,170222,등유 특별소비세 인하,고광진외 3인,박병석의원,2005-11-03,2005-11-07,재정경제위원회,본회의불부의,처리의안,https://likms.assembly.go.kr/bill/billDetail.do?billId=15838,https://likms.assembly.go.kr/bill/billDetail.do?billId=15838
17,170221,공동주택 복리·부대시설 지원을 위한 수도법 개정,성충호외 482인,김충환의원ㆍ이상경의원,2005-11-03,2005-11-07,환경노동위원회,임기만료폐기,처리의안,https://likms.assembly.go.kr/bill/billDetail.do?billId=15833,https://likms.assembly.go.kr/bill/billDetail.do?billId=15833
17,170220,공동주택 관리용역에 대한 부가가치세 면제,"박인규외 177,521인",김교흥의원,2005-11-02,2005-11-04,재정경제위원회,본회의불부의,처리의안,https://likms.assembly.go.kr/bill/billDetail.do?billId=15831,https://likms.assembly.go.kr/bill/billDetail.do?billId=15831
17,170219,단체수의계약물품의 품질향상비 일부 불인정(누락) 시정,최용원,김교흥의원,2005-11-02,2005-11-04,산업자원위원회,임기만료폐기,처리의안,https://likms.assembly.go.kr/bill/billDetail.do?billId=15825,https://likms.assembly.go.kr/bill/billDetail.do?billId=15825
17,170218,5·18 광주민주화운동 관련 조선대학교 해직교수 명예회복 및 보상금 지급,권광식외 67인,백원우의원외 15인,2005-10-28,2005-11-02,교육위원회,임기만료폐기,처리의안,https://likms.assembly.go.kr/bill/billDetail.do?billId=15815,https://likms.assembly.go.kr/bill/billDetail.do?billId=15815
17,170217,영화진흥법 개정안 조속처리,"변승일외 13,357인",손봉숙의원,2005-10-28,2005-11-01,문화관광위원회,임기만료폐기,처리의안,https://likms.assembly.go.kr/bill/billDetail.do?billId=15813,https://likms.assembly.go.kr/bill/billDetail.do?billId=15813
17,170216,일본내 조선인마을 우토로의 생존권 보호를 위한 정부지원,박연철,김원웅의원ㆍ정문헌의원,2005-10-27,2005-11-01,통일외교통상위원회,임기만료폐기,처리의안,https://likms.assembly.go.kr/bill/billDetail.do?billId=15801,https://likms.assembly.go.kr/bill/billDetail.do?billId=15801
17,170215,사행산업통합감독위원회 설치,이우갑,이계진의원,2005-10-27,2005-11-01,정무위원회,임기만료폐기,처리의안,https://likms.assembly.go.kr/bill/billDetail.do?billId=15796,https://likms.assembly.go.kr/bill/billDetail.do?billId=15796
17,170214,화재로인한재해보상과보험가입에관한법률 개정,정용근외 2인,김효석의원,2005-10-17,2005-10-18,재정경제위원회,임기만료폐기,처리의안,https://likms.assembly.go.kr/bill/billDetail.do?billId=15740,https://likms.assembly.go.kr/bill/billDetail.do?billId=15740
17,170213,독립유공자 피탈재산의 회복 및 보상에 관한 특별법 제정 촉구,김국주외 8인,김원웅의원ㆍ이종걸의원,2005-10-14,2005-10-18,정무위원회,임기만료폐기,처리의안,https://likms.assembly.go.kr/bill/billDetail.do?billId=15723,https://likms.assembly.go.kr/bill/billDetail.do?billId=15723
17,170212,아동복지법 및 사회복지사업법 개정,임영호외 4인,정형근의원,2005-10-14,2005-10-18,보건복지위원회,임기만료폐기,처리의안,https://likms.assembly.go.kr/bill/billDetail.do?billId=15721,https://likms.assembly.go.kr/bill/billDetail.do?billId=15721
17,170211,신용의 날 국가기념일 제정,이병규외 35인,신학용의원,2005-10-13,2005-10-17,행정자치위원회,임기만료폐기,처리의안,https://likms.assembly.go.kr/bill/billDetail.do?billId=15713,https://likms.assembly.go.kr/bill/billDetail.do?billId=15713
17,170210,제94회국회 제7차 본회의 회의록중 게재되지 아니한 부분의 복원,김옥선,김희선의원,2005-10-10,2005-10-12,국회운영위원회,임기만료폐기,처리의안,https://likms.assembly.go.kr/bill/billDetail.do?billId=15678,https://likms.assembly.go.kr/bill/billDetail.do?billId=15678
17,170209,사학관련법 개정법률안 처리유보,김수환외 4인,안택수의원,2005-10-06,2005-10-06,교육위원회,임기만료폐기,처리의안,https://likms.assembly.go.kr/bill/billDetail.do?billId=15670,https://likms.assembly.go.kr/bill/billDetail.do?billId=15670
17,170208,(가칭)단양댐 건설 촉구,"김재호외 11,000인",서재관의원,2005-09-28,2005-10-04,건설교통위원회,임기만료폐기,처리의안,https://likms.assembly.go.kr/bill/billDetail.do?billId=15658,https://likms.assembly.go.kr/bill/billDetail.do?billId=15658
17,170207,농어촌청소년육성재단의 농림부 이관 및 한국4-H본부와의 통합,엄성호외 31인,이재오의원외 1인,2005-09-23,2005-09-27,정무위원회,임기만료폐기,처리의안,https://likms.assembly.go.kr/bill/billDetail.do?billId=15620,https://likms.assembly.go.kr/bill/billDetail.do?billId=15620
17,170206,농산물 군납제도 개편안 반대,한금석,박세환의원,2005-09-23,2005-09-27,국방위원회,본회의불부의,처리의안,https://likms.assembly.go.kr/bill/billDetail.do?billId=15618,https://likms.assembly.go.kr/bill/billDetail.do?billId=15618
17,170205,지방행정역량 강화를 위한 지방분권특별법 시행령 제정,강석구외 18인,김충환의원,2005-09-23,2005-09-27,행정자치위원회,임기만료폐기,처리의안,https://likms.assembly.go.kr/bill/billDetail.do?billId=15616,https://likms.assembly.go.kr/bill/billDetail.do?billId=15616
17,170204,사학관련법 개정법률안 처리유보,최성규,이상득의원,2005-09-20,2005-09-22,교육위원회,임기만료폐기,처리의안,https://likms.assembly.go.kr/bill/billDetail.do?billId=15594,https://likms.assembly.go.kr/bill/billDetail.do?billId=15594
17,170203,사학관련법 개정법률안 처리유보,신경하외 41인,이윤성의원,2005-09-20,2005-09-22,교육위원회,임기만료폐기,처리의안,https://likms.assembly.go.kr/bill/billDetail.do?billId=15592,https://likms.assembly.go.kr/bill/billDetail.do?billId=15592
17,170202,사학관련법 개정법률안 처리유보,조용기외 3인,김영숙의원,2005-09-20,2005-09-22,교육위원회,임기만료폐기,처리의안,https://likms.assembly.go.kr/bill/billDetail.do?billId=15590,https://likms.assembly.go.kr/bill/billDetail.do?billId=15590
17,170201,단체수의계약물품의 품질향상비에 인건비 계상 불인정 시정,"박조양외 3,284인",윤원호의원,2005-09-20,2005-09-22,산업자원위원회,임기만료폐기,처리의안,https://likms.assembly.go.kr/bill/billDetail.do?billId=15588,https://likms.assembly.go.kr/bill/billDetail.do?billId=15588
17,170200,서예의 독립 교과 편성,"정태희,전명옥,주계문외 52,560인",곽성문의원외 87인,2005-09-14,2005-09-15,교육위원회,임기만료폐기,처리의안,https://likms.assembly.go.kr/bill/billDetail.do?billId=15553,https://likms.assembly.go.kr/bill/billDetail.do?billId=15553
17,170199,학생의 날 명칭변경,박경서외 92인,지병문의원외 3인,2005-09-07,2005-09-09,행정자치위원회,본회의불부의,처리의안,https://likms.assembly.go.kr/bill/billDetail.do?billId=15517,https://likms.assembly.go.kr/bill/billDetail.do?billId=15517
17,170198,공직선거법 개정,"김기성외 1,534인",이재오의원,2005-09-07,2008-04-01,행정자치위원회,임기만료폐기,처리의안,https://likms.assembly.go.kr/bill/billDetail.do?billId=15514,https://likms.assembly.go.kr/bill/billDetail.do?billId=15514
17,170197,인천국제공항철도 고양시구간 지하화 및 역사 신설,"이장성외 2,227인",최성의원,2005-09-02,2005-09-06,건설교통위원회,임기만료폐기,처리의안,https://likms.assembly.go.kr/bill/billDetail.do?billId=15497,https://likms.assembly.go.kr/bill/billDetail.do?billId=15497
17,170196,영유아 발달선별검사 실시 관련 모자보건법 개정,황순재외 4인,안명옥의원,2005-09-01,2005-09-05,보건복지위원회,임기만료폐기,처리의안,https://likms.assembly.go.kr/bill/billDetail.do?billId=15492,https://likms.assembly.go.kr/bill/billDetail.do?billId=15492
17,170195,공권력에 의한 상지학원·상지대학교 강제탈취사건 진상조사,이갑산 외 54인,이강두의원외 8인,2005-08-26,2005-08-29,교육위원회,임기만료폐기,처리의안,https://likms.assembly.go.kr/bill/billDetail.do?billId=15475,https://likms.assembly.go.kr/bill/billDetail.do?billId=15475
17,170194,댐건설및주변지역지원등에관한법률 개정,"장재영외 7,647인",정세균의원외 14인,2005-08-25,2005-08-29,건설교통위원회,임기만료폐기,처리의안,https://likms.assembly.go.kr/bill/billDetail.do?billId=15464,https://likms.assembly.go.kr/bill/billDetail.do?billId=15464
17,170193,장애인의 종류(척수장애인) 추가신설,정하균,정화원의원,2005-08-24,2005-08-26,보건복지위원회,임기만료폐기,처리의안,https://likms.assembly.go.kr/bill/billDetail.do?billId=15455,https://likms.assembly.go.kr/bill/billDetail.do?billId=15455
17,170192,동해고속도로 토지수용 보상 현실화,임병선외 310인,정문헌의원,2005-08-19,2005-08-22,건설교통위원회,임기만료폐기,처리의안,https://likms.assembly.go.kr/bill/billDetail.do?billId=15435,https://likms.assembly.go.kr/bill/billDetail.do?billId=15435
17,170191,행정중심복합도시건설특별법 위헌확인 헌법소원관련 국회의 합헌의견서 헌법재판소 제출,안성호외 5인,구논회의원,2005-08-19,2005-08-22,건설교통위원회,임기만료폐기,처리의안,https://likms.assembly.go.kr/bill/billDetail.do?billId=15431,https://likms.assembly.go.kr/bill/billDetail.do?billId=15431
17,170190,사면법 개정,유원옥,허태열의원,2005-08-10,2005-08-12,법제사법위원회,임기만료폐기,처리의안,https://likms.assembly.go.kr/bill/billDetail.do?billId=15390,https://likms.assembly.go.kr/bill/billDetail.do?billId=15390
17,170189,여성에 대한 병역의무 부과 등,여춘욱,박세환의원,2005-08-08,2005-08-12,국방위원회,임기만료폐기,처리의안,https://likms.assembly.go.kr/bill/billDetail.do?billId=15379,https://likms.assembly.go.kr/bill/billDetail.do?billId=15379
17,170188,방송법 개정,조재구외 21인,최용규의원,2005-08-08,2005-08-12,문화관광위원회,임기만료폐기,처리의안,https://likms.assembly.go.kr/bill/billDetail.do?billId=15352,https://likms.assembly.go.kr/bill/billDetail.do?billId=15352
17,170187,독립유공자유족 생업지원 관련법 실효성 확보,차창규외 3인,김원웅의원ㆍ이종걸의원,2005-07-22,2005-07-27,정무위원회,임기만료폐기,처리의안,https://likms.assembly.go.kr/bill/billDetail.do?billId=15306,https://likms.assembly.go.kr/bill/billDetail.do?billId=15306
17,170186,순흥초등학생 항일의거 역사기록화,배일환외 18인,손봉숙의원,2005-07-22,2005-07-27,교육위원회,임기만료폐기,처리의안,https://likms.assembly.go.kr/bill/billDetail.do?billId=15304,https://likms.assembly.go.kr/bill/billDetail.do?billId=15304
17,170185,초·중등학교 서예교과 설정,이동익외 33인,김영숙의원외 11인,2005-07-22,2005-07-27,교육위원회,임기만료폐기,처리의안,https://likms.assembly.go.kr/bill/billDetail.do?billId=15302,https://likms.assembly.go.kr/bill/billDetail.do?billId=15302
17,170184,불임시술 의료비 지원,박춘선외 8504인,이기우의원외 13인,2005-07-20,2005-07-20,보건복지위원회,본회의불부의,처리의안,https://likms.assembly.go.kr/bill/billDetail.do?billId=15290,https://likms.assembly.go.kr/bill/billDetail.do?billId=15290
17,170183,교육인적자원부의 불공정한 약대 학제개편 추진 시정,김재정외 19인,안명옥의원,2005-07-19,2005-07-21,교육위원회,임기만료폐기,처리의안,https://likms.assembly.go.kr/bill/billDetail.do?billId=15288,https://likms.assembly.go.kr/bill/billDetail.do?billId=15288
17,170182,파주시 상지석리 송전선로 지중화,김원경외 539인,이재창의원,2005-07-04,2005-07-05,산업자원위원회,철회,처리의안,https://likms.assembly.go.kr/bill/billDetail.do?billId=15242,https://likms.assembly.go.kr/bill/billDetail.do?billId=15242
17,170181,조세특례제한법 개정,"황건호,윤태순외 4인",김효석의원,2005-06-30,2005-07-01,재정경제위원회,본회의불부의,처리의안,https://likms.assembly.go.kr/bill/billDetail.do?billId=15228,https://likms.assembly.go.kr/bill/billDetail.do?billId=15228
17,170180,행정자치부의 영양교사 배치기준(안) 반대,양일선외 2인,정봉주의원,2005-06-27,2005-06-28,행정자치위원회,임기만료폐기,처리의안,https://likms.assembly.go.kr/bill/billDetail.do?billId=15203,https://likms.assembly.go.kr/bill/billDetail.do?billId=15203
17,170179,금융산업의구조개선에관한법률 개정,박상증,심상정의원ㆍ이상민의원,2005-06-20,2005-06-22,재정경제위원회,본회의불부의,처리의안,https://likms.assembly.go.kr/bill/billDetail.do?billId=15176,https://likms.assembly.go.kr/bill/billDetail.do?billId=15176
17,170178,국가정보원직원법 개정,"박성철외 70,617인",배일도의원,2005-06-20,2005-06-22,정보위원회,임기만료폐기,처리의안,https://likms.assembly.go.kr/bill/billDetail.do?billId=15174,https://likms.assembly.go.kr/bill/billDetail.do?billId=15174
17,170177,지방공무원법 등 개정,"박성철외 70,617인",배일도의원,2005-06-20,2005-06-22,행정자치위원회,임기만료폐기,처리의안,https://likms.assembly.go.kr/bill/billDetail.do?billId=15172,https://likms.assembly.go.kr/bill/billDetail.do?billId=15172
17,170176,국가공무원법 개정,"박성철외 70,617인",배일도의원,2005-06-20,2005-08-22,행정자치위원회,임기만료폐기,처리의안,https://likms.assembly.go.kr/bill/billDetail.do?billId=15170,https://likms.assembly.go.kr/bill/billDetail.do?billId=15170
17,170175,한약사 국가고시 응시자격 부여,정현일외 136인,이상열의원,2005-06-17,2005-06-18,보건복지위원회,본회의불부의,처리의안,https://likms.assembly.go.kr/bill/billDetail.do?billId=15157,https://likms.assembly.go.kr/bill/billDetail.do?billId=15157
17,170174,통합금융감독기구법 제정,남주하외 3인,이상민의원,2005-06-16,2005-06-17,재정경제위원회,임기만료폐기,처리의안,https://likms.assembly.go.kr/bill/billDetail.do?billId=15152,https://likms.assembly.go.kr/bill/billDetail.do?billId=15152
17,170173,국도46호선 배후령구간(신북~북산) 국도개량공사 조기완공,이한웅외 6인,박세환의원,2005-06-15,2005-06-17,건설교통위원회,본회의불부의,처리의안,https://likms.assembly.go.kr/bill/billDetail.do?billId=15149,https://likms.assembly.go.kr/bill/billDetail.do?billId=15149
17,170172,종중명의로 농지소유권 이전등기 허용,김수길외 50인,김재원의원,2005-06-09,2005-06-10,법제사법위원회,임기만료폐기,처리의안,https://likms.assembly.go.kr/bill/billDetail.do?billId=15116,https://likms.assembly.go.kr/bill/billDetail.do?billId=15116
17,170171,산지전용허가기준의세부검토기준에관한규정 개정,"김장준외 10,051인",박세환의원외 4인,2005-06-09,2005-06-10,농림해양수산위원회,임기만료폐기,처리의안,https://likms.assembly.go.kr/bill/billDetail.do?billId=15114,https://likms.assembly.go.kr/bill/billDetail.do?billId=15114
17,170170,전자금융거래법안 수정,홍용남외 2인,천정배의원,2005-06-02,2005-06-04,재정경제위원회,임기만료폐기,처리의안,https://likms.assembly.go.kr/bill/billDetail.do?billId=15095,https://likms.assembly.go.kr/bill/billDetail.do?billId=15095
17,170169,식품위생법시행규칙 개정,장병수외 96인,정형근의원,2005-05-30,2005-06-01,보건복지위원회,본회의불부의,처리의안,https://likms.assembly.go.kr/bill/billDetail.do?billId=15061,https://likms.assembly.go.kr/bill/billDetail.do?billId=15061
17,170168,관양지구 국민임대주택 건설을 위한 택지개발 반대,"이성섭외 135,000인",안상수의원외 2인,2005-05-26,2005-05-27,건설교통위원회,임기만료폐기,처리의안,https://likms.assembly.go.kr/bill/billDetail.do?billId=15042,https://likms.assembly.go.kr/bill/billDetail.do?billId=15042
17,170167,철원군 국도관리기관 변경,이근회,박세환의원,2005-05-25,2005-05-27,건설교통위원회,임기만료폐기,처리의안,https://likms.assembly.go.kr/bill/billDetail.do?billId=15039,https://likms.assembly.go.kr/bill/billDetail.do?billId=15039
17,170166,임대주택법 개정,박상증외 14인,이호웅의원외 4인,2005-05-23,2005-05-26,건설교통위원회,임기만료폐기,처리의안,https://likms.assembly.go.kr/bill/billDetail.do?billId=15033,https://likms.assembly.go.kr/bill/billDetail.do?billId=15033
17,170165,장사등에관한법률 개정,이선근,유선호의원,2005-05-23,2005-05-25,보건복지위원회,임기만료폐기,처리의안,https://likms.assembly.go.kr/bill/billDetail.do?billId=15030,https://likms.assembly.go.kr/bill/billDetail.do?billId=15030
17,170164,군인연금법 개정,김재춘외 158인,박진의원,2005-05-23,2005-05-25,국방위원회,임기만료폐기,처리의안,https://likms.assembly.go.kr/bill/billDetail.do?billId=15028,https://likms.assembly.go.kr/bill/billDetail.do?billId=15028
17,170163,장애인기업활동촉진법 제정 반대,"김문동외 5,002인",오제세의원,2005-05-23,2005-05-25,산업자원위원회,본회의불부의,처리의안,https://likms.assembly.go.kr/bill/billDetail.do?billId=15026,https://likms.assembly.go.kr/bill/billDetail.do?billId=15026
17,170162,학원의설립·운영및과외교습에관한법률 개정안 수정,서진해외 30인,김영숙의원,2005-05-03,2005-05-04,교육위원회,임기만료폐기,처리의안,https://likms.assembly.go.kr/bill/billDetail.do?billId=14945,https://likms.assembly.go.kr/bill/billDetail.do?billId=14945
17,170161,홍천·횡성지역 LNG 조기공급,"강대현,정우철외 16,481인",이광재의원외 3인,2005-04-29,2005-05-03,산업자원위원회,임기만료폐기,처리의안,https://likms.assembly.go.kr/bill/billDetail.do?billId=14930,https://likms.assembly.go.kr/bill/billDetail.do?billId=14930
17,170160,올바른 우리말 영문표기 채택,김복문외 50인,고흥길의원외 6인,2005-04-22,2005-04-26,문화관광위원회,본회의에 부의하지 아니하기로 의결,처리의안,https://likms.assembly.go.kr/bill/billDetail.do?billId=14899,https://likms.assembly.go.kr/bill/billDetail.do?billId=14899
17,170159,화물자동차운수사업법 개정,유병우,박상돈의원,2005-04-22,2005-04-26,건설교통위원회,임기만료폐기,처리의안,https://likms.assembly.go.kr/bill/billDetail.do?billId=14897,https://likms.assembly.go.kr/bill/billDetail.do?billId=14897
17,170158,여수세계박람회 지원특별법 제정,이행우외 25인,김성곤의원외 6인,2005-04-21,2005-04-26,농림해양수산위원회,임기만료폐기,처리의안,https://likms.assembly.go.kr/bill/billDetail.do?billId=14893,https://likms.assembly.go.kr/bill/billDetail.do?billId=14893
17,170157,대전~당진간 고속도로의 구간(대산) 연장,최길학외 29인,박상돈의원,2005-04-20,2005-04-21,건설교통위원회,임기만료폐기,처리의안,https://likms.assembly.go.kr/bill/billDetail.do?billId=14885,https://likms.assembly.go.kr/bill/billDetail.do?billId=14885
17,170156,공직자윤리법 개정,권해수외 4인,강창일의원,2005-04-19,2005-04-21,행정자치위원회,임기만료폐기,처리의안,https://likms.assembly.go.kr/bill/billDetail.do?billId=14880,https://likms.assembly.go.kr/bill/billDetail.do?billId=14880
17,170155,삼척시 관내 해안철조망 개방,안호성외 133인,김원웅의원,2005-04-19,2005-04-21,국방위원회,본회의불부의,처리의안,https://likms.assembly.go.kr/bill/billDetail.do?billId=14878,https://likms.assembly.go.kr/bill/billDetail.do?billId=14878
17,170154,새 화폐도안의 과학자(장영실) 초상 채택,정태섭외 3인,김원웅의원,2005-04-18,2005-04-20,재정경제위원회,임기만료폐기,처리의안,https://likms.assembly.go.kr/bill/billDetail.do?billId=14872,https://likms.assembly.go.kr/bill/billDetail.do?billId=14872
17,170153,국가유공자 등 단체설립에 관한 법률 개정,"정남길외 2,888인",전병헌의원,2005-04-18,2005-04-20,정무위원회,임기만료폐기,처리의안,https://likms.assembly.go.kr/bill/billDetail.do?billId=14869,https://likms.assembly.go.kr/bill/billDetail.do?billId=14869
17,170152,공무원연금법 개정,이상만,홍문표의원,2005-04-14,2005-04-15,행정자치위원회,임기만료폐기,처리의안,https://likms.assembly.go.kr/bill/billDetail.do?billId=14858,https://likms.assembly.go.kr/bill/billDetail.do?billId=14858
17,170151,국민건강보험공단 부당전보인사 취소,"박인덕외 4,311인",최순영의원외 16인,2005-04-12,2005-04-14,보건복지위원회,본회의불부의,처리의안,https://likms.assembly.go.kr/bill/billDetail.do?billId=14849,https://likms.assembly.go.kr/bill/billDetail.do?billId=14849
17,170150,신행정수도 후속대책을 위한 연기·공주지역 행정중심복합도시 건설을 위한 특별법 재심,조길웅외 13인,안상수의원,2005-04-12,2005-04-14,건설교통위원회,임기만료폐기,처리의안,https://likms.assembly.go.kr/bill/billDetail.do?billId=14847,https://likms.assembly.go.kr/bill/billDetail.do?billId=14847
17,170149,한국원자폭탄피해자와 원자폭탄2세환우 등의 진상규명 및 명예회복을 위한 특별법 제정,김형률외 6인,조승수의원외 2인,2005-04-12,2005-04-15,보건복지위원회,임기만료폐기,처리의안,https://likms.assembly.go.kr/bill/billDetail.do?billId=14845,https://likms.assembly.go.kr/bill/billDetail.do?billId=14845
17,170148,공직선거및선거부정방지법 개정,권문용외 36인,심재덕의원,2005-04-08,2008-04-01,행정자치위원회,임기만료폐기,처리의안,https://likms.assembly.go.kr/bill/billDetail.do?billId=14829,https://likms.assembly.go.kr/bill/billDetail.do?billId=14829
17,170147,소규모 제조맥주의 외부반출,김익상,안경률의원,2005-04-08,2005-04-11,재정경제위원회,임기만료폐기,처리의안,https://likms.assembly.go.kr/bill/billDetail.do?billId=14824,https://likms.assembly.go.kr/bill/billDetail.do?billId=14824
17,170146,특수임무수행자 지정,이원달외 30인,박진의원,2005-04-06,2005-04-07,국방위원회,임기만료폐기,처리의안,https://likms.assembly.go.kr/bill/billDetail.do?billId=14811,https://likms.assembly.go.kr/bill/billDetail.do?billId=14811
17,170145,공직선거및선거부정방지법(제112조) 개정,안필준,김충환의원,2005-04-04,2008-04-01,행정자치위원회,임기만료폐기,처리의안,https://likms.assembly.go.kr/bill/billDetail.do?billId=14802,https://likms.assembly.go.kr/bill/billDetail.do?billId=14802
17,170144,주식회사의외부감사에관한법률 개정,박용성외 3인,김효석의원외 2인,2005-04-04,2005-04-07,재정경제위원회,본회의불부의,처리의안,https://likms.assembly.go.kr/bill/billDetail.do?billId=14799,https://likms.assembly.go.kr/bill/billDetail.do?billId=14799
17,170143,징병신체검사등검사규칙 개정,문혁준외 158인,장향숙의원,2005-03-30,2005-04-01,국방위원회,본회의불부의,처리의안,https://likms.assembly.go.kr/bill/billDetail.do?billId=14755,https://likms.assembly.go.kr/bill/billDetail.do?billId=14755
17,170142,혈액투석 정액수가제(의료급여수가) 개선,염완식,장향숙의원,2005-03-28,2005-03-29,보건복지위원회,임기만료폐기,처리의안,https://likms.assembly.go.kr/bill/billDetail.do?billId=14735,https://likms.assembly.go.kr/bill/billDetail.do?billId=14735
17,170141,보험범죄 방지를 위한 특별법 제정,안공혁,김효석의원,2005-03-24,2005-04-01,재정경제위원회,임기만료폐기,처리의안,https://likms.assembly.go.kr/bill/billDetail.do?billId=14728,https://likms.assembly.go.kr/bill/billDetail.do?billId=14728
17,170140,신행정수도 후속대책을 위한 연기·공주지역 행정중심복합도시 건설을 위한 특별법 재심,최상철외 11인,박성범의원,2005-03-21,2005-03-23,건설교통위원회,임기만료폐기,처리의안,https://likms.assembly.go.kr/bill/billDetail.do?billId=14707,https://likms.assembly.go.kr/bill/billDetail.do?billId=14707
17,170139,사격장주변지역 지원 특별법 입법,이병욱외 13인,이철우의원,2005-03-03,2005-03-04,국방위원회,임기만료폐기,처리의안,https://likms.assembly.go.kr/bill/billDetail.do?billId=14629,https://likms.assembly.go.kr/bill/billDetail.do?billId=14629
17,170138,사할린동포 피해배상 청구등,김경순,김원웅의원ㆍ홍문표의원,2005-02-24,2005-03-02,통일외교통상위원회,임기만료폐기,처리의안,https://likms.assembly.go.kr/bill/billDetail.do?billId=14601,https://likms.assembly.go.kr/bill/billDetail.do?billId=14601
17,170137,3·8 세계여성의 날 국가기념일 제정,남인순외 2인,단병호의원ㆍ박세환의원ㆍ이경숙의원외 25인,2005-02-21,2005-02-23,행정자치위원회,임기만료폐기,처리의안,https://likms.assembly.go.kr/bill/billDetail.do?billId=14584,https://likms.assembly.go.kr/bill/billDetail.do?billId=14584
17,170136,정부조직법 개정에 관한 청원,박재승,이원영의원,2005-02-17,2005-02-18,행정자치위원회,본회의불부의,처리의안,https://likms.assembly.go.kr/bill/billDetail.do?billId=14965,https://likms.assembly.go.kr/bill/billDetail.do?billId=14965
17,170135,단체수의계약 한시지정 시정,정태연외 9인,김용갑의원ㆍ배기선의원ㆍ서갑원의원외 1인,2005-02-16,2005-02-18,산업자원위원회,임기만료폐기,처리의안,https://likms.assembly.go.kr/bill/billDetail.do?billId=14555,https://likms.assembly.go.kr/bill/billDetail.do?billId=14555
17,170134,제주지방법원 공탁금 및 보관금업무의 제주은행 이관,김국주외 110인,임태희의원,2005-02-16,2005-02-18,법제사법위원회,철회,처리의안,https://likms.assembly.go.kr/bill/billDetail.do?billId=14553,https://likms.assembly.go.kr/bill/billDetail.do?billId=14553
17,170133,공인회계사법(제40조) 개정,서태식,이계안의원,2005-02-07,2005-02-15,재정경제위원회,본회의불부의,처리의안,https://likms.assembly.go.kr/bill/billDetail.do?billId=14523,https://likms.assembly.go.kr/bill/billDetail.do?billId=14523
17,170132,속초시 조양2주공아파트 부실시공 안전진단 실시등,백성칠외 94인,정문헌의원,2005-02-03,2005-02-04,건설교통위원회,임기만료폐기,처리의안,https://likms.assembly.go.kr/bill/billDetail.do?billId=14511,https://likms.assembly.go.kr/bill/billDetail.do?billId=14511
17,170131,과거재직기간 합산을 위한 공무원연금법 개정,정연길외 433인,이군현의원외 2인,2005-01-31,2005-02-02,행정자치위원회,임기만료폐기,처리의안,https://likms.assembly.go.kr/bill/billDetail.do?billId=14497,https://likms.assembly.go.kr/bill/billDetail.do?billId=14497
17,170130,국민건강보험요양급여 개선등,신덕식,유시민의원,2005-01-28,2005-02-02,보건복지위원회,임기만료폐기,처리의안,https://likms.assembly.go.kr/bill/billDetail.do?billId=14493,https://likms.assembly.go.kr/bill/billDetail.do?billId=14493
17,170129,경부고속철도 건설관련 피해토지 매입,박종근,이덕모의원,2005-01-27,2005-01-28,건설교통위원회,임기만료폐기,처리의안,https://likms.assembly.go.kr/bill/billDetail.do?billId=14469,https://likms.assembly.go.kr/bill/billDetail.do?billId=14469
17,170128,판교개발지역 주민보상대책,"김맹균외 1,019인",이낙연의원외 5인,2005-01-26,2005-01-28,건설교통위원회,임기만료폐기,처리의안,https://likms.assembly.go.kr/bill/billDetail.do?billId=14441,https://likms.assembly.go.kr/bill/billDetail.do?billId=14441
17,170127,부가가치세법 개정(택시에 대한 부가가치세 면제),이강덕,이호웅의원외 2인,2005-01-10,2005-01-12,재정경제위원회,본회의불부의,처리의안,https://likms.assembly.go.kr/bill/billDetail.do?billId=14357,https://likms.assembly.go.kr/bill/billDetail.do?billId=14357
17,170126,주택재건축사업의 임대주택 공급의무제도 입법 철회,양삼석,이재오의원,2005-01-03,2005-01-06,건설교통위원회,본회의불부의,처리의안,https://likms.assembly.go.kr/bill/billDetail.do?billId=14327,https://likms.assembly.go.kr/bill/billDetail.do?billId=14327
17,170125,인천대학교국립대학전환,"안상수,박승숙,박호군",이호웅의원ㆍ황우여의원외 10인,2004-12-30,2005-01-04,교육위원회,임기만료폐기,처리의안,https://likms.assembly.go.kr/bill/billDetail.do?billId=14314,https://likms.assembly.go.kr/bill/billDetail.do?billId=14314
17,170124,동조건설(주)부도사건피해자구제,심재홍외 41인,엄호성의원,2004-12-27,2004-12-29,정무위원회,임기만료폐기,처리의안,https://likms.assembly.go.kr/bill/billDetail.do?billId=14304,https://likms.assembly.go.kr/bill/billDetail.do?billId=14304
17,170123,서울디지털산업2단지의국가산업단지해제,"한인수외 59,440인",이목희의원외 1인,2004-12-21,2004-12-23,건설교통위원회,임기만료폐기,처리의안,https://likms.assembly.go.kr/bill/billDetail.do?billId=14281,https://likms.assembly.go.kr/bill/billDetail.do?billId=14281
17,170122,파주LCD공장전력공급용송전탑지중화설치,"황봉연외 5,588인",이재창의원,2004-12-20,2004-12-21,산업자원위원회,철회,처리의안,https://likms.assembly.go.kr/bill/billDetail.do?billId=14273,https://likms.assembly.go.kr/bill/billDetail.do?billId=14273
17,170121,가정간호확대를위한수가현실화,김의숙,장향숙의원,2004-12-20,2004-12-21,보건복지위원회,임기만료폐기,처리의안,https://likms.assembly.go.kr/bill/billDetail.do?billId=14266,https://likms.assembly.go.kr/bill/billDetail.do?billId=14266
17,170120,청원경찰의공무원신분보장,"이원옥외 4,509인",강창일의원,2004-12-16,2004-12-20,행정자치위원회,임기만료폐기,처리의안,https://likms.assembly.go.kr/bill/billDetail.do?billId=14255,https://likms.assembly.go.kr/bill/billDetail.do?billId=14255
17,170119,고속철도광명역정상화및영등포역정차반대,"백남춘외 618,524인",이원영의원외 7인,2004-12-16,2004-12-20,건설교통위원회,임기만료폐기,처리의안,https://likms.assembly.go.kr/bill/billDetail.do?billId=14252,https://likms.assembly.go.kr/bill/billDetail.do?billId=14252
17,170118,변호사법중개정법률안,박재승,이원영의원,2004-12-16,2004-12-17,법제사법위원회,임기만료폐기,처리의안,https://likms.assembly.go.kr/bill/billDetail.do?billId=14248,https://likms.assembly.go.kr/bill/billDetail.do?billId=14248
17,170117,부패방지법개정,박상증,이은영의원,2004-12-15,2004-12-16,법제사법위원회,임기만료폐기,처리의안,https://likms.assembly.go.kr/bill/billDetail.do?billId=14242,https://likms.assembly.go.kr/bill/billDetail.do?billId=14242
17,170116,김민수교수재임용탈락시불법행위,조문기외 36인,최순영의원외 9인,2004-12-13,2004-12-14,교육위원회,본회의불부의,처리의안,https://likms.assembly.go.kr/bill/billDetail.do?billId=14224,https://likms.assembly.go.kr/bill/billDetail.do?billId=14224
17,170115,독도의날제정,김점구,강창일의원ㆍ김원웅의원ㆍ정병국의원외 17인,2004-12-10,2004-12-14,행정자치위원회,임기만료폐기,처리의안,https://likms.assembly.go.kr/bill/billDetail.do?billId=14219,https://likms.assembly.go.kr/bill/billDetail.do?billId=14219
17,170114,신용정보의이용및보호에관한법률개정,이호군,이계안의원,2004-12-10,2004-12-14,재정경제위원회,철회,처리의안,https://likms.assembly.go.kr/bill/billDetail.do?billId=14216,https://likms.assembly.go.kr/bill/billDetail.do?billId=14216
17,170113,가산사영정각순국충혼위령탑건립,정풍열,김재윤의원,2004-12-10,2004-12-14,행정자치위원회,임기만료폐기,처리의안,https://likms.assembly.go.kr/bill/billDetail.do?billId=14212,https://likms.assembly.go.kr/bill/billDetail.do?billId=14212
17,170112,국립한국예술학교설치법제정,이건용,김덕룡의원,2004-12-08,2004-12-10,문화관광위원회,본회의불부의,처리의안,https://likms.assembly.go.kr/bill/billDetail.do?billId=14184,https://likms.assembly.go.kr/bill/billDetail.do?billId=14184
17,170111,경제자유구역의지정및운영에관한법률중개정법률안반대,"윤영규,김흥수외 128,762인",현애자의원,2004-12-07,2004-12-08,재정경제위원회,본회의불부의,처리의안,https://likms.assembly.go.kr/bill/billDetail.do?billId=14178,https://likms.assembly.go.kr/bill/billDetail.do?billId=14178
17,170110,고속열차영등포역정차,"김형수외 117,449인",고진화의원ㆍ권영세의원,2004-12-06,2004-12-07,건설교통위원회,임기만료폐기,처리의안,https://likms.assembly.go.kr/bill/billDetail.do?billId=14171,https://likms.assembly.go.kr/bill/billDetail.do?billId=14171
17,170109,경제자유구역의지정및운영에관한법률중개정법률안반대,"정재규,안재규",현애자의원,2004-12-06,2004-12-07,재정경제위원회,본회의불부의,처리의안,https://likms.assembly.go.kr/bill/billDetail.do?billId=14166,https://likms.assembly.go.kr/bill/billDetail.do?billId=14166
17,170108,경제자유구역의지정및운영에관한법률중개정법률안반대,이수호외 18인,현애자의원,2004-12-02,2004-12-03,재정경제위원회,본회의불부의,처리의안,https://likms.assembly.go.kr/bill/billDetail.do?billId=14147,https://likms.assembly.go.kr/bill/billDetail.do?billId=14147
17,170107,국가보안법폐지,"오종렬외 314,333인",이은영의원외 4인,2004-12-01,2004-12-02,법제사법위원회,임기만료폐기,처리의안,https://likms.assembly.go.kr/bill/billDetail.do?billId=14145,https://likms.assembly.go.kr/bill/billDetail.do?billId=14145
17,170106,남북관계기본법입법의견,이대훈,권영길의원,2004-12-01,2004-12-02,통일외교통상위원회,본회의불부의,처리의안,https://likms.assembly.go.kr/bill/billDetail.do?billId=14142,https://likms.assembly.go.kr/bill/billDetail.do?billId=14142
17,170105,장애인이동권관련입법에서정보접근환경마련,주신기외 727인,현애자의원,2004-11-30,2004-12-01,건설교통위원회,본회의불부의,처리의안,https://likms.assembly.go.kr/bill/billDetail.do?billId=14133,https://likms.assembly.go.kr/bill/billDetail.do?billId=14133
17,170104,언론피해구제법제정,"이석태,이장희",임종인의원,2004-11-29,2004-11-30,문화관광위원회,본회의불부의,처리의안,https://likms.assembly.go.kr/bill/billDetail.do?billId=14114,https://likms.assembly.go.kr/bill/billDetail.do?billId=14114
17,170103,정기간행물의등록등에관한법률대체입법,"이석태,이장희",임종인의원,2004-11-29,2004-11-30,문화관광위원회,본회의불부의,처리의안,https://likms.assembly.go.kr/bill/billDetail.do?billId=14112,https://likms.assembly.go.kr/bill/billDetail.do?billId=14112
17,170102,대전법동재래시장통로차단방지,김종련외 61인,김원웅의원,2004-11-25,2004-11-26,과학기술정보통신위원회,임기만료폐기,처리의안,https://likms.assembly.go.kr/bill/billDetail.do?billId=14082,https://likms.assembly.go.kr/bill/billDetail.do?billId=14082
17,170101,청각장애인의참정권환경개선을위한공직선거및선거부정방지법개정,주신기외 463인,정화원의원외 2인,2004-11-24,2005-07-04,행정자치위원회,임기만료폐기,처리의안,https://likms.assembly.go.kr/bill/billDetail.do?billId=14080,https://likms.assembly.go.kr/bill/billDetail.do?billId=14080
17,170100,증권관련집단소송법부칙개정,강신호외 4인,이계안의원ㆍ이종구의원,2004-11-24,2004-11-25,법제사법위원회,본회의불부의,처리의안,https://likms.assembly.go.kr/bill/billDetail.do?billId=14075,https://likms.assembly.go.kr/bill/billDetail.do?billId=14075
17,170099,민간투자활성화를위한복합도시개발특별법안에관한입법의견,권영준외 4인,박재완의원,2004-11-23,2004-11-24,건설교통위원회,본회의불부의,처리의안,https://likms.assembly.go.kr/bill/billDetail.do?billId=14068,https://likms.assembly.go.kr/bill/billDetail.do?billId=14068
17,170098,광주·전남통합을위한입법,"방철호외 23,014인",우윤근의원외 152인,2004-11-18,2004-11-22,행정자치위원회,임기만료폐기,처리의안,https://likms.assembly.go.kr/bill/billDetail.do?billId=14044,https://likms.assembly.go.kr/bill/billDetail.do?billId=14044
17,170097,국회법개정,박상증,조승수의원,2004-11-18,2005-09-01,국회운영위원회,임기만료폐기,처리의안,https://likms.assembly.go.kr/bill/billDetail.do?billId=14041,https://likms.assembly.go.kr/bill/billDetail.do?billId=14041
17,170096,과거사법상군의문사사건포함,허영춘외 23인,이원영의원,2004-11-16,2004-11-19,행정자치위원회,임기만료폐기,처리의안,https://likms.assembly.go.kr/bill/billDetail.do?billId=14016,https://likms.assembly.go.kr/bill/billDetail.do?billId=14016
17,170095,세법개정,이용득,정세균의원,2004-11-16,2004-11-19,재정경제위원회,본회의불부의,처리의안,https://likms.assembly.go.kr/bill/billDetail.do?billId=14009,https://likms.assembly.go.kr/bill/billDetail.do?billId=14009
17,170094,국제아동문학관건립,"이재철외 20,363인",고흥길의원외 9인,2004-11-15,2004-11-19,문화관광위원회,본회의에 부의하지 아니하기로 의결,처리의안,https://likms.assembly.go.kr/bill/billDetail.do?billId=14007,https://likms.assembly.go.kr/bill/billDetail.do?billId=14007
17,170093,포항환여동송골계곡미함대함포사격사건진상규명및명예회복에관한특별법제정,최일출외 14인,이병석의원,2004-11-15,2004-11-19,행정자치위원회,임기만료폐기,처리의안,https://likms.assembly.go.kr/bill/billDetail.do?billId=14001,https://likms.assembly.go.kr/bill/billDetail.do?billId=14001
17,170092,홍익학원재단비리감사,정기용,김원웅의원,2004-11-11,2004-11-15,교육위원회,임기만료폐기,처리의안,https://likms.assembly.go.kr/bill/billDetail.do?billId=13971,https://likms.assembly.go.kr/bill/billDetail.do?billId=13971
17,170091,국민기초생활보장법개정,박상증,문병호의원,2004-11-10,2004-11-15,보건복지위원회,임기만료폐기,처리의안,https://likms.assembly.go.kr/bill/billDetail.do?billId=13966,https://likms.assembly.go.kr/bill/billDetail.do?billId=13966
17,170090,신용소비자보호법제정,박상증,이은영의원외 1인,2004-11-10,2004-11-15,재정경제위원회,임기만료폐기,처리의안,https://likms.assembly.go.kr/bill/billDetail.do?billId=13964,https://likms.assembly.go.kr/bill/billDetail.do?billId=13964
17,170089,주택법개정,박상증,오제세의원,2004-11-10,2004-11-15,건설교통위원회,본회의불부의,처리의안,https://likms.assembly.go.kr/bill/billDetail.do?billId=13962,https://likms.assembly.go.kr/bill/billDetail.do?billId=13962
17,170088,파산법개정,박상증,이은영의원외 1인,2004-11-10,2004-11-15,법제사법위원회,본회의불부의,처리의안,https://likms.assembly.go.kr/bill/billDetail.do?billId=13958,https://likms.assembly.go.kr/bill/billDetail.do?billId=13958
17,170087,폭리제한법제정,박상증,손봉숙의원외 1인,2004-11-10,2004-11-15,재정경제위원회,본회의불부의,처리의안,https://likms.assembly.go.kr/bill/billDetail.do?billId=13956,https://likms.assembly.go.kr/bill/billDetail.do?billId=13956
17,170086,신용정보의이용및보호에관한법률개정,박상증,이은영의원외 1인,2004-11-10,2004-11-15,재정경제위원회,본회의불부의,처리의안,https://likms.assembly.go.kr/bill/billDetail.do?billId=13954,https://likms.assembly.go.kr/bill/billDetail.do?billId=13954
17,170085,공직자윤리법개정,박상증,이영순의원,2004-11-09,2004-11-10,행정자치위원회,임기만료폐기,처리의안,https://likms.assembly.go.kr/bill/billDetail.do?billId=13943,https://likms.assembly.go.kr/bill/billDetail.do?billId=13943
17,170084,청각장애인의운전면허취득제한개선을위한도로교통법개정,"주신기외 5,855인",장향숙의원,2004-11-08,2004-11-10,행정자치위원회,임기만료폐기,처리의안,https://likms.assembly.go.kr/bill/billDetail.do?billId=13940,https://likms.assembly.go.kr/bill/billDetail.do?billId=13940
17,170083,의료기사등에관한법률개정,원종일,이상락의원,2004-11-08,2004-11-10,보건복지위원회,임기만료폐기,처리의안,https://likms.assembly.go.kr/bill/billDetail.do?billId=13935,https://likms.assembly.go.kr/bill/billDetail.do?billId=13935
17,170082,국민연금기금운용위원회등의설치및운영에관한법률제정,박상증,문병호의원,2004-11-08,2004-11-10,보건복지위원회,임기만료폐기,처리의안,https://likms.assembly.go.kr/bill/billDetail.do?billId=13933,https://likms.assembly.go.kr/bill/billDetail.do?billId=13933
17,170081,파생상품과세를위한소득세법개정안폐기,조성렬외 4인,엄호성의원,2004-11-05,2004-11-09,재정경제위원회,본회의불부의,처리의안,https://likms.assembly.go.kr/bill/billDetail.do?billId=13927,https://likms.assembly.go.kr/bill/billDetail.do?billId=13927
17,170080,학교보건법개정,조경애외 4인,최순영의원,2004-11-05,2004-11-09,교육위원회,본회의불부의,처리의안,https://likms.assembly.go.kr/bill/billDetail.do?billId=13923,https://likms.assembly.go.kr/bill/billDetail.do?billId=13923
17,170079,산업재해보상보험법개정,김호각,제종길의원,2004-11-04,2004-11-05,환경노동위원회,임기만료폐기,처리의안,https://likms.assembly.go.kr/bill/billDetail.do?billId=13919,https://likms.assembly.go.kr/bill/billDetail.do?billId=13919
17,170078,개인택시사업면허취소자구제,이화전외 11인,김원웅의원,2004-11-01,2004-11-02,건설교통위원회,임기만료폐기,처리의안,https://likms.assembly.go.kr/bill/billDetail.do?billId=13887,https://likms.assembly.go.kr/bill/billDetail.do?billId=13887
17,170077,경기북부제2교육청사설립,"서만선외 1,210,021인",문희상의원외 3인,2004-10-27,2004-10-29,교육위원회,본회의불부의,처리의안,https://likms.assembly.go.kr/bill/billDetail.do?billId=13859,https://likms.assembly.go.kr/bill/billDetail.do?billId=13859
17,170076,제3야전수송교육단(육군제7395부대)이전,최승수외 6인,정병국의원,2004-10-27,2004-10-29,국방위원회,본회의불부의,처리의안,https://likms.assembly.go.kr/bill/billDetail.do?billId=13857,https://likms.assembly.go.kr/bill/billDetail.do?billId=13857
17,170075,고위공직자비리조사처설치에관한법률제정,박상증외 1인,이은영의원외 1인,2004-10-27,2004-10-29,법제사법위원회,임기만료폐기,처리의안,https://likms.assembly.go.kr/bill/billDetail.do?billId=13852,https://likms.assembly.go.kr/bill/billDetail.do?billId=13852
17,170074,재외국민참정권회복,"김완흠, 최병근",김덕룡의원,2004-10-20,2008-04-01,행정자치위원회,임기만료폐기,처리의안,https://likms.assembly.go.kr/bill/billDetail.do?billId=13796,https://likms.assembly.go.kr/bill/billDetail.do?billId=13796
17,170073,응급구급체계선진화를위한관련법령개정,부두완외 83인,원희룡의원,2004-10-19,2004-10-20,보건복지위원회,임기만료폐기,처리의안,https://likms.assembly.go.kr/bill/billDetail.do?billId=13791,https://likms.assembly.go.kr/bill/billDetail.do?billId=13791
17,170072,이륜자동차번호판전면부착의무화,부두완외 85인,원희룡의원,2004-10-19,2004-10-20,건설교통위원회,임기만료폐기,처리의안,https://likms.assembly.go.kr/bill/billDetail.do?billId=13788,https://likms.assembly.go.kr/bill/billDetail.do?billId=13788
17,170071,식품위생법시행령(식품접객업종분류관련)개정,조삼제외 380인,장향숙의원외 2인,2004-10-15,2004-10-16,보건복지위원회,본회의불부의,처리의안,https://likms.assembly.go.kr/bill/billDetail.do?billId=13748,https://likms.assembly.go.kr/bill/billDetail.do?billId=13748
17,170070,고용허가제관련중국상무부와의양해각서체결반대,고영관,이덕모의원,2004-10-13,2004-10-15,환경노동위원회,본회의불부의,처리의안,https://likms.assembly.go.kr/bill/billDetail.do?billId=13736,https://likms.assembly.go.kr/bill/billDetail.do?billId=13736
17,170069,일제하단체 · 인물연구사업예산지원정례화,조문기외 9인,김원웅의원,2004-10-11,2004-10-13,교육위원회,본회의불부의,처리의안,https://likms.assembly.go.kr/bill/billDetail.do?billId=13724,https://likms.assembly.go.kr/bill/billDetail.do?billId=13724
17,170068,고등교육법시행령제28조개정,"구현모외 1,356인",장복심의원외 4인,2004-10-08,2004-10-12,교육위원회,본회의불부의,처리의안,https://likms.assembly.go.kr/bill/billDetail.do?billId=13705,https://likms.assembly.go.kr/bill/billDetail.do?billId=13705
17,170067,여신전문금융업법개정,박상증,심상정의원ㆍ엄호성의원,2004-10-06,2004-10-08,재정경제위원회,본회의불부의,처리의안,https://likms.assembly.go.kr/bill/billDetail.do?billId=13679,https://likms.assembly.go.kr/bill/billDetail.do?billId=13679
17,170066,제35보병사단이전촉구,주재민외 30인,장영달의원ㆍ이광철의원ㆍ채수찬의원,2004-10-04,2004-10-07,국방위원회,본회의불부의,처리의안,https://likms.assembly.go.kr/bill/billDetail.do?billId=13666,https://likms.assembly.go.kr/bill/billDetail.do?billId=13666
17,170065,언론피해구제법제정,"김영호, 이명순외 5인",김재홍의원외 13인,2004-10-04,2004-10-07,문화관광위원회,본회의불부의,처리의안,https://likms.assembly.go.kr/bill/billDetail.do?billId=13664,https://likms.assembly.go.kr/bill/billDetail.do?billId=13664
17,170064,신문등의기능보장에관한법률제정,"김영호, 이명순외 5인",김재홍의원외 16인,2004-10-04,2004-10-07,문화관광위원회,본회의불부의,처리의안,https://likms.assembly.go.kr/bill/billDetail.do?billId=13657,https://likms.assembly.go.kr/bill/billDetail.do?billId=13657
17,170063,방송법개정,"김영호, 이명순외 6인",김재홍의원외 15인,2004-10-04,2004-10-07,문화관광위원회,임기만료폐기,처리의안,https://likms.assembly.go.kr/bill/billDetail.do?billId=13652,https://likms.assembly.go.kr/bill/billDetail.do?billId=13652
17,170062,수신료제도개선위원회(가칭)설치,"김영호, 이명순외 1인",김재홍의원,2004-10-04,2004-10-07,국회운영위원회,임기만료폐기,처리의안,https://likms.assembly.go.kr/bill/billDetail.do?billId=13649,https://likms.assembly.go.kr/bill/billDetail.do?billId=13649
17,170061,의료급여진료의단계별절차개선,유태전,장향숙의원,2004-09-23,2004-09-24,보건복지위원회,임기만료폐기,처리의안,https://likms.assembly.go.kr/bill/billDetail.do?billId=13602,https://likms.assembly.go.kr/bill/billDetail.do?billId=13602
17,170060,보령(대천)-대전고속도로추진,허형우외 358인,류근찬의원,2004-09-22,2004-09-24,건설교통위원회,임기만료폐기,처리의안,https://likms.assembly.go.kr/bill/billDetail.do?billId=13583,https://likms.assembly.go.kr/bill/billDetail.do?billId=13583
17,170059,부동산중개업법중개정법률안입법반대,"이규보, 임기용외 4,135인",한명숙의원외 1인,2004-09-20,2004-09-22,건설교통위원회,본회의불부의,처리의안,https://likms.assembly.go.kr/bill/billDetail.do?billId=13568,https://likms.assembly.go.kr/bill/billDetail.do?billId=13568
17,170058,국립대학에서직권면직된기능직공무원의복직,송옥안외 8인,유선호의원,2004-09-20,2004-09-22,교육위원회,본회의불부의,처리의안,https://likms.assembly.go.kr/bill/billDetail.do?billId=13566,https://likms.assembly.go.kr/bill/billDetail.do?billId=13566
17,170057,학교환경위생정화구역내감염성폐기물처리시설(멸균분쇄방식)의설치허용반대,박용한외 56인,권철현의원외 5인,2004-09-17,2004-09-21,교육위원회,본회의불부의,처리의안,https://likms.assembly.go.kr/bill/billDetail.do?billId=13547,https://likms.assembly.go.kr/bill/billDetail.do?billId=13547
17,170056,부산-김해경전철건설사업반대,김덕영외 71인,김맹곤의원외 2인,2004-09-17,2004-09-20,건설교통위원회,임기만료폐기,처리의안,https://likms.assembly.go.kr/bill/billDetail.do?billId=13538,https://likms.assembly.go.kr/bill/billDetail.do?billId=13538
17,170055,변호사법개정,박재승,이원영의원,2004-09-16,2004-09-17,법제사법위원회,임기만료폐기,처리의안,https://likms.assembly.go.kr/bill/billDetail.do?billId=13523,https://likms.assembly.go.kr/bill/billDetail.do?billId=13523
17,170054,의약품판매제도개선,허철,조일현의원외 2인,2004-09-13,2004-09-15,보건복지위원회,본회의불부의,처리의안,https://likms.assembly.go.kr/bill/billDetail.do?billId=13501,https://likms.assembly.go.kr/bill/billDetail.do?billId=13501
17,170053,국립순천대학교한약자원학과의한약학과명칭변경,양원준,서갑원의원외 28인,2004-09-13,2004-09-15,교육위원회,임기만료폐기,처리의안,https://likms.assembly.go.kr/bill/billDetail.do?billId=13498,https://likms.assembly.go.kr/bill/billDetail.do?billId=13498
17,170052,이공계에불평등한제도의개선,김하석.윤대희외 116인,홍창선의원,2004-09-13,2004-09-15,산업자원위원회,임기만료폐기,처리의안,https://likms.assembly.go.kr/bill/billDetail.do?billId=13496,https://likms.assembly.go.kr/bill/billDetail.do?billId=13496
17,170051,파주소년원설립반대및취소요청,"이한규외 12,000인",이재창의원,2004-09-13,2004-09-15,법제사법위원회,임기만료폐기,처리의안,https://likms.assembly.go.kr/bill/billDetail.do?billId=13489,https://likms.assembly.go.kr/bill/billDetail.do?billId=13489
17,170050,낙농회생대책마련,"이승호외 6,966인",이철우의원외 25인,2004-09-09,2004-09-14,농림해양수산위원회,임기만료폐기,처리의안,https://likms.assembly.go.kr/bill/billDetail.do?billId=13472,https://likms.assembly.go.kr/bill/billDetail.do?billId=13472
17,170049,형법제39조개정,조자룡외 24인,이원영의원ㆍ원희룡의원,2004-09-09,2004-09-14,법제사법위원회,임기만료폐기,처리의안,https://likms.assembly.go.kr/bill/billDetail.do?billId=13469,https://likms.assembly.go.kr/bill/billDetail.do?billId=13469
17,170048,보장성보험의방카슈랑스개방철회,이용우외 840인,송영길의원,2004-09-08,2004-09-09,재정경제위원회,본회의불부의,처리의안,https://likms.assembly.go.kr/bill/billDetail.do?billId=13453,https://likms.assembly.go.kr/bill/billDetail.do?billId=13453
17,170047,집단살해죄의방지와처벌에관한협약관련입법,권홍대외 331인,신학용의원,2004-09-07,2004-09-09,법제사법위원회,임기만료폐기,처리의안,https://likms.assembly.go.kr/bill/billDetail.do?billId=13439,https://likms.assembly.go.kr/bill/billDetail.do?billId=13439
17,170046,금융분쟁조정기관의부작위에따른피해보상,박흥식외 13인,김영춘의원외 3인,2004-09-02,2004-09-06,정무위원회,임기만료폐기,처리의안,https://likms.assembly.go.kr/bill/billDetail.do?billId=13414,https://likms.assembly.go.kr/bill/billDetail.do?billId=13414
17,170045,고용및직업생활상의차별금지에관한법률제정,이용득,김영주의원외 2인,2004-09-01,2004-09-06,환경노동위원회,임기만료폐기,처리의안,https://likms.assembly.go.kr/bill/billDetail.do?billId=13407,https://likms.assembly.go.kr/bill/billDetail.do?billId=13407
17,170044,비정규직노동자보호를위한관련법률개정,이용득,김영주의원외 1인,2004-09-01,2004-09-06,환경노동위원회,임기만료폐기,처리의안,https://likms.assembly.go.kr/bill/billDetail.do?billId=13405,https://likms.assembly.go.kr/bill/billDetail.do?billId=13405
17,170043,효의날국가기념일제정,"신석산외 1,004인",서병수의원,2004-08-30,2004-08-31,행정자치위원회,임기만료폐기,처리의안,https://likms.assembly.go.kr/bill/billDetail.do?billId=13394,https://likms.assembly.go.kr/bill/billDetail.do?billId=13394
17,170042,경부고속철도공사천성산구간환경영향평가재실시,조경숙(지율)외 52인,김양수의원,2004-08-30,2004-08-31,환경노동위원회,본회의불부의,처리의안,https://likms.assembly.go.kr/bill/billDetail.do?billId=13388,https://likms.assembly.go.kr/bill/billDetail.do?billId=13388
17,170041,대학정보통신창업지원센터지원사업중단및예산삭감재고,한정화,김효석의원,2004-08-27,2004-08-31,과학기술정보통신위원회,임기만료폐기,처리의안,https://likms.assembly.go.kr/bill/billDetail.do?billId=13379,https://likms.assembly.go.kr/bill/billDetail.do?billId=13379
17,170040,제천비행장이전,"최명현외 3,195인",서재관의원,2004-08-27,2004-08-31,국방위원회,본회의불부의,처리의안,https://likms.assembly.go.kr/bill/billDetail.do?billId=13372,https://likms.assembly.go.kr/bill/billDetail.do?billId=13372
17,170039,근로자직업훈련촉진법개정법률안의일부조항수정,김충식외 116인,이목희의원,2004-08-26,2004-08-27,환경노동위원회,본회의불부의,처리의안,https://likms.assembly.go.kr/bill/billDetail.do?billId=13369,https://likms.assembly.go.kr/bill/billDetail.do?billId=13369
17,170038,동백-분당간불법고속화도로,"전이만외 3,057인",임태희의원,2004-08-26,2004-08-27,건설교통위원회,임기만료폐기,처리의안,https://likms.assembly.go.kr/bill/billDetail.do?billId=13366,https://likms.assembly.go.kr/bill/billDetail.do?billId=13366
17,170037,교육공무원법중개정법률안부칙(적용시한)삭제,장경윤,김영숙의원외 6인,2004-08-26,2004-08-27,교육위원회,본회의불부의,처리의안,https://likms.assembly.go.kr/bill/billDetail.do?billId=13362,https://likms.assembly.go.kr/bill/billDetail.do?billId=13362
17,170036,신용협동조합법부칙개정,라상규외 65인,박병석의원,2004-08-26,2004-08-27,재정경제위원회,본회의불부의,처리의안,https://likms.assembly.go.kr/bill/billDetail.do?billId=13356,https://likms.assembly.go.kr/bill/billDetail.do?billId=13356
17,170035,고문.조작사건진상규명을위한입법,강용재외 28인,이호웅의원,2004-08-24,2004-08-27,행정자치위원회,임기만료폐기,처리의안,https://likms.assembly.go.kr/bill/billDetail.do?billId=13337,https://likms.assembly.go.kr/bill/billDetail.do?billId=13337
17,170034,문경석달동양민집단학살사건피해자배상에관한특별법제정,채희영 채의진 채홍빈외 52인,신국환의원,2004-08-24,2004-08-27,행정자치위원회,임기만료폐기,처리의안,https://likms.assembly.go.kr/bill/billDetail.do?billId=13335,https://likms.assembly.go.kr/bill/billDetail.do?billId=13335
17,170033,국가유공자등예우및지원에관한법률개정,이기후외 33인,신국환의원,2004-08-24,2004-08-27,정무위원회,임기만료폐기,처리의안,https://likms.assembly.go.kr/bill/billDetail.do?billId=13331,https://likms.assembly.go.kr/bill/billDetail.do?billId=13331
17,170032,의문사진상규명에관한특별법개정(군의문사포함),김관수외 30인,권오을의원외 3인,2004-08-19,2004-08-20,행정자치위원회,임기만료폐기,처리의안,https://likms.assembly.go.kr/bill/billDetail.do?billId=13307,https://likms.assembly.go.kr/bill/billDetail.do?billId=13307
17,170031,어업용면세유류낚시어선업공급,김성진외 10인,문석호의원,2004-08-18,2004-08-20,재정경제위원회,채택,처리의안,https://likms.assembly.go.kr/bill/billDetail.do?billId=13288,https://likms.assembly.go.kr/bill/billDetail.do?billId=13288
17,170030,고창-장성간고속도로남고창IC설치,정종구외 936인,김춘진의원,2004-08-17,2004-08-19,건설교통위원회,임기만료폐기,처리의안,https://likms.assembly.go.kr/bill/billDetail.do?billId=13261,https://likms.assembly.go.kr/bill/billDetail.do?billId=13261
17,170029,함양-울산고속도로건설사업의시점부변경불가,김재웅외 10인,김맹곤의원,2004-08-12,2004-08-18,건설교통위원회,임기만료폐기,처리의안,https://likms.assembly.go.kr/bill/billDetail.do?billId=13244,https://likms.assembly.go.kr/bill/billDetail.do?billId=13244
17,170028,월풀욕조의의료기기지정반대,임지순,장향숙의원,2004-08-10,2004-08-12,보건복지위원회,철회,처리의안,https://likms.assembly.go.kr/bill/billDetail.do?billId=13217,https://likms.assembly.go.kr/bill/billDetail.do?billId=13217
17,170027,영광원자력발전소가동에따른고창어민피해보상,김인수외 751인,김춘진의원,2004-08-05,2004-08-09,산업자원위원회,임기만료폐기,처리의안,https://likms.assembly.go.kr/bill/billDetail.do?billId=13196,https://likms.assembly.go.kr/bill/billDetail.do?billId=13196
17,170026,한글날국경일지정,전택부외 6인,김원웅의원,2004-08-05,2004-08-09,행정자치위원회,임기만료폐기,처리의안,https://likms.assembly.go.kr/bill/billDetail.do?billId=13187,https://likms.assembly.go.kr/bill/billDetail.do?billId=13187
17,170025,용인시성복동취락지구개발계획변경요청,"이병준외 10,373인",한선교의원,2004-08-04,2004-08-09,건설교통위원회,임기만료폐기,처리의안,https://likms.assembly.go.kr/bill/billDetail.do?billId=13183,https://likms.assembly.go.kr/bill/billDetail.do?billId=13183
17,170024,재외국민보호법의제정,박성욱외 1인,김성곤의원외 1인,2004-08-04,2004-08-09,통일외교통상위원회,임기만료폐기,처리의안,https://likms.assembly.go.kr/bill/billDetail.do?billId=13179,https://likms.assembly.go.kr/bill/billDetail.do?billId=13179
17,170023,도로교통법시행규칙개정,백상기,오제세의원,2004-08-03,2004-08-09,행정자치위원회,임기만료폐기,처리의안,https://likms.assembly.go.kr/bill/billDetail.do?billId=13177,https://likms.assembly.go.kr/bill/billDetail.do?billId=13177
17,170022,국군기무사령부과천시이전백지화또는과천시에서제시한대안부지적극수용검토,곽현영외 9인,안상수의원,2004-08-02,2004-08-09,국방위원회,본회의불부의,처리의안,https://likms.assembly.go.kr/bill/billDetail.do?billId=13171,https://likms.assembly.go.kr/bill/billDetail.do?billId=13171
17,170021,북한이탈주민김지은의한의사자격시험응시자격인정,김지은,김현미의원외 1인,2004-07-31,2004-08-02,보건복지위원회,본회의불부의,처리의안,https://likms.assembly.go.kr/bill/billDetail.do?billId=13163,https://likms.assembly.go.kr/bill/billDetail.do?billId=13163
17,170020,자동차보험의방카슈랑스허용철회,김소섭,송영길의원,2004-07-30,2004-08-02,재정경제위원회,본회의불부의,처리의안,https://likms.assembly.go.kr/bill/billDetail.do?billId=13159,https://likms.assembly.go.kr/bill/billDetail.do?billId=13159
17,170019,한국환경기술진흥원이전,노재동,이재오의원,2004-07-30,2004-08-02,환경노동위원회,임기만료폐기,처리의안,https://likms.assembly.go.kr/bill/billDetail.do?billId=13157,https://likms.assembly.go.kr/bill/billDetail.do?billId=13157
17,170018,한국보건사회연구원등기관이전,노재동,이재오의원,2004-07-30,2004-08-02,정무위원회,임기만료폐기,처리의안,https://likms.assembly.go.kr/bill/billDetail.do?billId=13154,https://likms.assembly.go.kr/bill/billDetail.do?billId=13154
17,170017,입양의날제정을위한입양촉진및절차에관한특례법개정,이종윤,고경화의원,2004-07-29,2004-07-29,보건복지위원회,본회의불부의,처리의안,https://likms.assembly.go.kr/bill/billDetail.do?billId=13149,https://likms.assembly.go.kr/bill/billDetail.do?billId=13149
17,170016,농어가목돈마련저축예금제도존치,"윤두영외 1,110인",엄호성의원,2004-07-27,2004-07-27,재정경제위원회,임기만료폐기,처리의안,https://likms.assembly.go.kr/bill/billDetail.do?billId=13143,https://likms.assembly.go.kr/bill/billDetail.do?billId=13143
17,170015,옥외광고물등관리법개정,백상기,오제세의원,2004-07-21,2004-07-22,행정자치위원회,임기만료폐기,처리의안,https://likms.assembly.go.kr/bill/billDetail.do?billId=13107,https://likms.assembly.go.kr/bill/billDetail.do?billId=13107
17,170014,서울특별시중구광희동소재광희고가도로철거요청,"박동욱 김영환외 1,704인",박성범의원,2004-07-20,2004-07-22,행정자치위원회,임기만료폐기,처리의안,https://likms.assembly.go.kr/bill/billDetail.do?billId=13091,https://likms.assembly.go.kr/bill/billDetail.do?billId=13091
17,170013,로버트김에게조국을사랑한한국인호칭부여,이웅진,김원웅의원ㆍ유선호의원,2004-07-14,2004-07-16,행정자치위원회,임기만료폐기,처리의안,https://likms.assembly.go.kr/bill/billDetail.do?billId=13059,https://likms.assembly.go.kr/bill/billDetail.do?billId=13059
17,170012,울산국립대학교신설촉구,"박맹우외 568,174인",최병국의원외 8인,2004-07-14,2004-07-16,교육위원회,임기만료폐기,처리의안,https://likms.assembly.go.kr/bill/billDetail.do?billId=13054,https://likms.assembly.go.kr/bill/billDetail.do?billId=13054
17,170011,조세특례제한법개정,이재윤외 11인,전재희의원,2004-07-14,2004-07-16,재정경제위원회,본회의불부의,처리의안,https://likms.assembly.go.kr/bill/billDetail.do?billId=13047,https://likms.assembly.go.kr/bill/billDetail.do?billId=13047
17,170010,국가에의해초래된만두사태의진상규명및산업피해구제,"노문기외 1,007인",노웅래의원,2004-07-09,2004-07-13,보건복지위원회,철회,처리의안,https://likms.assembly.go.kr/bill/billDetail.do?billId=13025,https://likms.assembly.go.kr/bill/billDetail.do?billId=13025
17,170009,경북경산시평산동폐코발트광산등시지역민간인학살사건에대한유골발굴및수습안장에따른예산지원,"이태준외 1,963인",최경환의원,2004-07-02,2004-07-06,행정자치위원회,임기만료폐기,처리의안,https://likms.assembly.go.kr/bill/billDetail.do?billId=12960,https://likms.assembly.go.kr/bill/billDetail.do?billId=12960
17,170008,장애인이동보장법률제정,박경석외 3인,현애자의원외 9인,2004-06-30,2004-07-06,건설교통위원회,본회의불부의,처리의안,https://likms.assembly.go.kr/bill/billDetail.do?billId=12952,https://likms.assembly.go.kr/bill/billDetail.do?billId=12952
17,170007,한약제제급여목록및상한금액표고시개정,이준호,장향숙의원,2004-06-28,2004-07-06,보건복지위원회,임기만료폐기,처리의안,https://likms.assembly.go.kr/bill/billDetail.do?billId=12936,https://likms.assembly.go.kr/bill/billDetail.do?billId=12936
17,170006,국민연금법개정,김은선,장향숙의원,2004-06-28,2004-07-06,보건복지위원회,본회의불부의,처리의안,https://likms.assembly.go.kr/bill/billDetail.do?billId=12934,https://likms.assembly.go.kr/bill/billDetail.do?billId=12934
17,170005,KBS속초방송국통·폐합반대,최준집외 38인,정문헌의원,2004-06-25,2004-07-06,문화관광위원회,본회의불부의,처리의안,https://likms.assembly.go.kr/bill/billDetail.do?billId=12926,https://likms.assembly.go.kr/bill/billDetail.do?billId=12926
17,170004,공무원수당등에관한규정개정,"김광섭외 1,815인",김명주의원,2004-06-24,2004-07-06,국회운영위원회,철회,처리의안,https://likms.assembly.go.kr/bill/billDetail.do?billId=12924,https://likms.assembly.go.kr/bill/billDetail.do?billId=12924
17,170003,조세특례제한법개정,"임기석외 21,192인",정갑윤의원,2004-06-16,2004-07-06,재정경제위원회,본회의불부의,처리의안,https://likms.assembly.go.kr/bill/billDetail.do?billId=12912,https://likms.assembly.go.kr/bill/billDetail.do?billId=12912
17,170002,신행정수도의건설을위한특별조치법개정등,최상철외 5인,김광원의원,2004-06-09,2004-07-06,건설교통위원회,본회의불부의,처리의안,https://likms.assembly.go.kr/bill/billDetail.do?billId=12892,https://likms.assembly.go.kr/bill/billDetail.do?billId=12892
17,170001,선거연령하향(만18세)조정,"신정현외 1,800인",김형주의원,2004-05-31,2008-04-01,행정자치위원회,임기만료폐기,처리의안,https://likms.assembly.go.kr/bill/billDetail.do?billId=12863,https://likms.assembly.go.kr/bill/billDetail.do?billId=12863
16,160765,신행정수도의건설을위한특별조치법개정,최상철외 4인,김광원의원,2004-05-03,2004-05-06,건설교통위원회,폐기,처리의안,https://likms.assembly.go.kr/bill/billDetail.do?billId=112785,https://likms.assembly.go.kr/bill/billDetail.do?billId=112785
16,160764,구로1동지하차도개설,"박옥선외 9,139인",이승철의원,2004-03-22,2004-03-22,행정자치위원회,폐기,처리의안,https://likms.assembly.go.kr/bill/billDetail.do?billId=112656,https://likms.assembly.go.kr/bill/billDetail.do?billId=112656
16,160763,영화아파트재건축용적률상향조정,양승국외 628인,이승철의원,2004-03-17,2004-03-18,행정자치위원회,폐기,처리의안,https://likms.assembly.go.kr/bill/billDetail.do?billId=112645,https://likms.assembly.go.kr/bill/billDetail.do?billId=112645
16,160762,노인복지수혜권침해구제,"노우근외 2,040인",이승철의원,2004-03-17,2004-03-18,행정자치위원회,폐기,처리의안,https://likms.assembly.go.kr/bill/billDetail.do?billId=112643,https://likms.assembly.go.kr/bill/billDetail.do?billId=112643
16,160761,구로6동소공원조성,황인철,이승철의원,2004-02-25,2004-02-26,행정자치위원회,폐기,처리의안,https://likms.assembly.go.kr/bill/billDetail.do?billId=112585,https://likms.assembly.go.kr/bill/billDetail.do?billId=112585
16,160760,국회법중개정법률안,박재승,최용규의원,2004-02-13,2004-02-16,국회운영위원회,폐기,처리의안,https://likms.assembly.go.kr/bill/billDetail.do?billId=112542,https://likms.assembly.go.kr/bill/billDetail.do?billId=112542
16,160759,사회보호법폐지,조석영외 316인,정범구의원,2004-02-06,2004-02-09,법제사법위원회,폐기,처리의안,https://likms.assembly.go.kr/bill/billDetail.do?billId=112518,https://likms.assembly.go.kr/bill/billDetail.do?billId=112518
16,160758,경부고속철도평택역신설,김윤태외 306인,원유철의원,2004-02-03,2004-02-04,건설교통위원회,폐기,처리의안,https://likms.assembly.go.kr/bill/billDetail.do?billId=112508,https://likms.assembly.go.kr/bill/billDetail.do?billId=112508
16,160757,노인틀니보험급여화요청,진원구   외 444인,김원웅의원,2004-01-29,2004-02-02,보건복지위원회,폐기,처리의안,https://likms.assembly.go.kr/bill/billDetail.do?billId=112497,https://likms.assembly.go.kr/bill/billDetail.do?billId=112497
16,160756,영등포역고속철도정차역지정,안주영외 77인,김명섭의원,2004-01-27,2004-01-29,건설교통위원회,폐기,처리의안,https://likms.assembly.go.kr/bill/billDetail.do?billId=112489,https://likms.assembly.go.kr/bill/billDetail.do?billId=112489
16,160755,초.중등교육법개정,김관태,황우여의원외 1인,2004-01-27,2004-01-29,교육위원회,폐기,처리의안,https://likms.assembly.go.kr/bill/billDetail.do?billId=112486,https://likms.assembly.go.kr/bill/billDetail.do?billId=112486
16,160754,구로주공아파트공유대지감소면적보상,정달호,이승철의원,2003-12-24,2003-12-27,건설교통위원회,폐기,처리의안,https://likms.assembly.go.kr/bill/billDetail.do?billId=112388,https://likms.assembly.go.kr/bill/billDetail.do?billId=112388
16,160753,한국증권선물거래소법안수정촉구,이명근외 29인,엄호성의원,2003-12-17,2003-12-18,재정경제위원회,폐기,처리의안,https://likms.assembly.go.kr/bill/billDetail.do?billId=112331,https://likms.assembly.go.kr/bill/billDetail.do?billId=112331
16,160752,국회의원선거구획정방식개선,정진섭,이성헌의원,2003-12-17,2004-03-03,행정자치위원회,폐기,처리의안,https://likms.assembly.go.kr/bill/billDetail.do?billId=112329,https://likms.assembly.go.kr/bill/billDetail.do?billId=112329
16,160751,대북잉여석탄등무상지원,신엘리야외 1인,김택기의원,2003-12-16,2003-12-17,통일외교통상위원회,폐기,처리의안,https://likms.assembly.go.kr/bill/billDetail.do?billId=112326,https://likms.assembly.go.kr/bill/billDetail.do?billId=112326
16,160750,수원천안간전철역명병기사용,"이준해외 1,909인",원유철의원,2003-12-16,2003-12-17,건설교통위원회,폐기,처리의안,https://likms.assembly.go.kr/bill/billDetail.do?billId=112324,https://likms.assembly.go.kr/bill/billDetail.do?billId=112324
16,160749,국회합창단창단,이미자,안상현의원,2003-12-12,2003-12-15,국회운영위원회,폐기,처리의안,https://likms.assembly.go.kr/bill/billDetail.do?billId=112317,https://likms.assembly.go.kr/bill/billDetail.do?billId=112317
16,160748,고용및직업생활상의차별금지및구제에관한법률제정,이남순,박인상의원외 1인,2003-12-11,2003-12-12,환경노동위원회,폐기,처리의안,https://likms.assembly.go.kr/bill/billDetail.do?billId=112311,https://likms.assembly.go.kr/bill/billDetail.do?billId=112311
16,160747,법인세법개정,이종환,윤한도의원,2003-12-10,2003-12-11,재정경제위원회,본회의불부의,처리의안,https://likms.assembly.go.kr/bill/billDetail.do?billId=112308,https://likms.assembly.go.kr/bill/billDetail.do?billId=112308
16,160746,태평양전쟁희생자에대한생활안정지원법제정,"양순임외 3,982인",이승철의원,2003-12-08,2003-12-09,보건복지위원회,폐기,처리의안,https://likms.assembly.go.kr/bill/billDetail.do?billId=112291,https://likms.assembly.go.kr/bill/billDetail.do?billId=112291
16,160745,서울동부지원및동부지청이전반대,"민병창외 10,090인",추미애의원외 1인,2003-12-08,2003-12-09,법제사법위원회,폐기,처리의안,https://likms.assembly.go.kr/bill/billDetail.do?billId=112289,https://likms.assembly.go.kr/bill/billDetail.do?billId=112289
16,160744,군사방호시설철거및건축물높이제한등해제,"노재동외 58,425인",이재오의원외 1인,2003-12-05,2003-12-08,국방위원회,폐기,처리의안,https://likms.assembly.go.kr/bill/billDetail.do?billId=112280,https://likms.assembly.go.kr/bill/billDetail.do?billId=112280
16,160743,건강기능식품에관한법률개정,한석원,김명섭의원,2003-12-03,2003-12-04,보건복지위원회,본회의불부의,처리의안,https://likms.assembly.go.kr/bill/billDetail.do?billId=112265,https://likms.assembly.go.kr/bill/billDetail.do?billId=112265
16,160742,아파트에대한공공기관의압류해제,이광익,엄호성의원,2003-12-03,2003-12-04,재정경제위원회,폐기,처리의안,https://likms.assembly.go.kr/bill/billDetail.do?billId=112263,https://likms.assembly.go.kr/bill/billDetail.do?billId=112263
16,160741,서울지방병무청문래동이전반대,"오용만외 4,546인",김명섭의원,2003-11-25,2003-11-26,국방위원회,폐기,처리의안,https://likms.assembly.go.kr/bill/billDetail.do?billId=112225,https://likms.assembly.go.kr/bill/billDetail.do?billId=112225
16,160740,법무부직원숙소건립반대,"오용만외 4,546인",김명섭의원,2003-11-25,2003-11-26,법제사법위원회,폐기,처리의안,https://likms.assembly.go.kr/bill/billDetail.do?billId=112223,https://likms.assembly.go.kr/bill/billDetail.do?billId=112223
16,160739,조세특례제한법개정,하상석외 32인,송훈석의원,2003-11-25,2003-11-26,재정경제위원회,폐기,처리의안,https://likms.assembly.go.kr/bill/billDetail.do?billId=112183,https://likms.assembly.go.kr/bill/billDetail.do?billId=112183
16,160738,소형주택의무비율확대예외적용,이영득외 4인,박원홍의원,2003-11-22,2003-11-24,건설교통위원회,폐기,처리의안,https://likms.assembly.go.kr/bill/billDetail.do?billId=112167,https://likms.assembly.go.kr/bill/billDetail.do?billId=112167
16,160737,한국증권선물거래소법제정관련공청회개최,조성렬외 5인,엄호성의원,2003-11-21,2003-11-24,재정경제위원회,철회,처리의안,https://likms.assembly.go.kr/bill/billDetail.do?billId=112165,https://likms.assembly.go.kr/bill/billDetail.do?billId=112165
16,160736,단기임대주택의장기임대주택전환,김서용외 690인,"김홍신,유시민의원",2003-11-21,2003-11-26,건설교통위원회,폐기,처리의안,https://likms.assembly.go.kr/bill/billDetail.do?billId=112162,https://likms.assembly.go.kr/bill/billDetail.do?billId=112162
16,160735,동대문구명문고유치,"전종득외 3,809인",김희선의원,2003-11-20,2003-11-21,교육위원회,폐기,처리의안,https://likms.assembly.go.kr/bill/billDetail.do?billId=112117,https://likms.assembly.go.kr/bill/billDetail.do?billId=112117
16,160734,서울보호관찰소이전,"전종득외 3,809인",김희선의원,2003-11-20,2003-11-21,법제사법위원회,폐기,처리의안,https://likms.assembly.go.kr/bill/billDetail.do?billId=112114,https://likms.assembly.go.kr/bill/billDetail.do?billId=112114
16,160733,지방세법시행령개정,조병화,권태망의원,2003-11-20,2003-11-21,행정자치위원회,폐기,처리의안,https://likms.assembly.go.kr/bill/billDetail.do?billId=112112,https://likms.assembly.go.kr/bill/billDetail.do?billId=112112
16,160732,법인세법시행규칙개정,조병화,권태망의원,2003-11-20,2003-11-21,재정경제위원회,폐기,처리의안,https://likms.assembly.go.kr/bill/billDetail.do?billId=112108,https://likms.assembly.go.kr/bill/billDetail.do?billId=112108
16,160731,어업용면세유류낚시어선업공급,김성진,문석호의원외 3인,2003-11-19,2003-11-21,재정경제위원회,폐기,처리의안,https://likms.assembly.go.kr/bill/billDetail.do?billId=112103,https://likms.assembly.go.kr/bill/billDetail.do?billId=112103
16,160730,국민건강증진기금인상법안반대,"정경수외 2,403,324인",박시균의원외 41인,2003-11-19,2003-11-20,보건복지위원회,폐기,처리의안,https://likms.assembly.go.kr/bill/billDetail.do?billId=112086,https://likms.assembly.go.kr/bill/billDetail.do?billId=112086
16,160729,서울동부지원및동부지청송파구로의이전,"이낙기외 150,965인","김성순,맹형규의원",2003-11-18,2003-11-20,법제사법위원회,폐기,처리의안,https://likms.assembly.go.kr/bill/billDetail.do?billId=112084,https://likms.assembly.go.kr/bill/billDetail.do?billId=112084
16,160728,성매매근절을위한성매매집결지폐쇄,"김명연외 10,224인",김희선의원,2003-11-18,2003-11-20,여성위원회,폐기,처리의안,https://likms.assembly.go.kr/bill/billDetail.do?billId=112064,https://likms.assembly.go.kr/bill/billDetail.do?billId=112064
16,160727,동대문구정보화도서관건립,"전철수외 1,452인",김희선의원,2003-11-18,2003-11-20,문화관광위원회,폐기,처리의안,https://likms.assembly.go.kr/bill/billDetail.do?billId=112044,https://likms.assembly.go.kr/bill/billDetail.do?billId=112044
16,160726,여객자동차운수사업법시행령개정등,"박완순외 3,148인",김원웅의원,2003-11-18,2003-11-19,건설교통위원회,폐기,처리의안,https://likms.assembly.go.kr/bill/billDetail.do?billId=112042,https://likms.assembly.go.kr/bill/billDetail.do?billId=112042
16,160725,기술사법개정,"황상모외 2,136인",안동선의원외 7인,2003-11-18,2003-11-19,과학기술정보통신위원회,폐기,처리의안,https://likms.assembly.go.kr/bill/billDetail.do?billId=112025,https://likms.assembly.go.kr/bill/billDetail.do?billId=112025
16,160724,국민건강증진법개정,"안필준외 452,258인",이재오의원,2003-11-18,2003-11-19,보건복지위원회,폐기,처리의안,https://likms.assembly.go.kr/bill/billDetail.do?billId=112003,https://likms.assembly.go.kr/bill/billDetail.do?billId=112003
16,160723,임대주택법개정방향,김종수외 14인,이희규의원,2003-11-14,2003-11-15,건설교통위원회,폐기,처리의안,https://likms.assembly.go.kr/bill/billDetail.do?billId=111943,https://likms.assembly.go.kr/bill/billDetail.do?billId=111943
16,160722,지하철출입구추가설치,정석현외 56인,박원홍의원,2003-11-12,2003-11-13,행정자치위원회,폐기,처리의안,https://likms.assembly.go.kr/bill/billDetail.do?billId=111929,https://likms.assembly.go.kr/bill/billDetail.do?billId=111929
16,160721,집회및시위에관한법률개정,김석준외 5인,원희룡의원,2003-11-12,2003-11-13,행정자치위원회,폐기,처리의안,https://likms.assembly.go.kr/bill/billDetail.do?billId=111905,https://likms.assembly.go.kr/bill/billDetail.do?billId=111905
16,160720,서남하수처리장주변지역지원등,"조석준외 4,274인",김성호의원,2003-11-12,2003-11-13,환경노동위원회,폐기,처리의안,https://likms.assembly.go.kr/bill/billDetail.do?billId=111903,https://likms.assembly.go.kr/bill/billDetail.do?billId=111903
16,160719,2004년도F-15K구입예산삭감,문규현,김원웅의원,2003-11-10,2003-11-11,국방위원회,폐기,처리의안,https://likms.assembly.go.kr/bill/billDetail.do?billId=111844,https://likms.assembly.go.kr/bill/billDetail.do?billId=111844
16,160718,공인노무사법부칙개정,이상각외 219인,전재희의원외 1인,2003-11-08,2003-11-10,환경노동위원회,본회의불부의,처리의안,https://likms.assembly.go.kr/bill/billDetail.do?billId=111822,https://likms.assembly.go.kr/bill/billDetail.do?billId=111822
16,160717,서대문구현저동군부대이전부지확보,양해정,이성헌의원,2003-11-07,2003-11-10,행정자치위원회,폐기,처리의안,https://likms.assembly.go.kr/bill/billDetail.do?billId=111803,https://likms.assembly.go.kr/bill/billDetail.do?billId=111803
16,160716,해외공관의자국민보호등에관한입법촉구,서재오,심재권의원,2003-11-06,2003-11-07,통일외교통상위원회,폐기,처리의안,https://likms.assembly.go.kr/bill/billDetail.do?billId=111787,https://likms.assembly.go.kr/bill/billDetail.do?billId=111787
16,160715,인장위조방지및조제에관한법률제정,성일수외 27인,심재권의원,2003-11-06,2003-11-07,행정자치위원회,폐기,처리의안,https://likms.assembly.go.kr/bill/billDetail.do?billId=111785,https://likms.assembly.go.kr/bill/billDetail.do?billId=111785
16,160714,조세특례제한법개정,이남순,송영길의원외 2인,2003-11-06,2003-11-07,재정경제위원회,폐기,처리의안,https://likms.assembly.go.kr/bill/billDetail.do?billId=111783,https://likms.assembly.go.kr/bill/billDetail.do?billId=111783
16,160713,소득세법개정,이남순,송영길의원외 2인,2003-11-06,2003-11-07,재정경제위원회,폐기,처리의안,https://likms.assembly.go.kr/bill/billDetail.do?billId=111767,https://likms.assembly.go.kr/bill/billDetail.do?billId=111767
16,160712,부가가치세법개정,이남순,송영길의원외 2인,2003-11-06,2003-11-07,재정경제위원회,폐기,처리의안,https://likms.assembly.go.kr/bill/billDetail.do?billId=111765,https://likms.assembly.go.kr/bill/billDetail.do?billId=111765
16,160711,장애인등이동권보장법률제정,주신기,원희룡의원외 2인,2003-11-06,2003-11-07,건설교통위원회,폐기,처리의안,https://likms.assembly.go.kr/bill/billDetail.do?billId=111762,https://likms.assembly.go.kr/bill/billDetail.do?billId=111762
16,160710,국가공무원법등개정,"박성철외 3,002인",박승국의원,2003-11-04,2003-11-05,행정자치위원회,폐기,처리의안,https://likms.assembly.go.kr/bill/billDetail.do?billId=111682,https://likms.assembly.go.kr/bill/billDetail.do?billId=111682
16,160709,한국마사회법개정,정진태,이상배의원,2003-11-03,2003-11-04,농림해양수산위원회,폐기,처리의안,https://likms.assembly.go.kr/bill/billDetail.do?billId=111644,https://likms.assembly.go.kr/bill/billDetail.do?billId=111644
16,160708,국민기초생활보장법중개정법률안,박상증,김홍신의원외 3인,2003-10-30,2003-11-03,보건복지위원회,본회의불부의,처리의안,https://likms.assembly.go.kr/bill/billDetail.do?billId=111609,https://likms.assembly.go.kr/bill/billDetail.do?billId=111609
16,160707,아동복지법중개정법률안,박상증,김성순의원외 2인,2003-10-30,2003-11-01,보건복지위원회,폐기,처리의안,https://likms.assembly.go.kr/bill/billDetail.do?billId=111607,https://likms.assembly.go.kr/bill/billDetail.do?billId=111607
16,160706,영유아보육법중개정법률안,박상증,김성순의원외 2인,2003-10-30,2003-11-01,보건복지위원회,본회의불부의,처리의안,https://likms.assembly.go.kr/bill/billDetail.do?billId=111605,https://likms.assembly.go.kr/bill/billDetail.do?billId=111605
16,160705,공공시설의명명기준에관한법률제정,이상만,장재식의원외 10인,2003-10-30,2003-11-01,건설교통위원회,폐기,처리의안,https://likms.assembly.go.kr/bill/billDetail.do?billId=111602,https://likms.assembly.go.kr/bill/billDetail.do?billId=111602
16,160704,사회적일자리창출에따른예산요구,박상증외 50인,김홍신의원,2003-10-30,2003-10-31,환경노동위원회,본회의불부의,처리의안,https://likms.assembly.go.kr/bill/billDetail.do?billId=111564,https://likms.assembly.go.kr/bill/billDetail.do?billId=111564
16,160703,사회보장예산안,박상증외 50인,김홍신의원,2003-10-30,2003-10-31,보건복지위원회,폐기,처리의안,https://likms.assembly.go.kr/bill/billDetail.do?billId=111562,https://likms.assembly.go.kr/bill/billDetail.do?billId=111562
16,160702,북한훼손산지복구를위한생명나무심기사업지원,신엘리야,심재권의원,2003-10-25,2003-10-29,통일외교통상위원회,폐기,처리의안,https://likms.assembly.go.kr/bill/billDetail.do?billId=111466,https://likms.assembly.go.kr/bill/billDetail.do?billId=111466
16,160701,여성e-Business교육예산배정,김승집외 22인,박진의원외 1인,2003-10-25,2003-10-29,과학기술정보통신위원회,폐기,처리의안,https://likms.assembly.go.kr/bill/billDetail.do?billId=111464,https://likms.assembly.go.kr/bill/billDetail.do?billId=111464
16,160700,통합복권(로또)관련법안,박영숙외 4인,이연숙의원외 8인,2003-10-24,2003-10-28,정무위원회,폐기,처리의안,https://likms.assembly.go.kr/bill/billDetail.do?billId=111442,https://likms.assembly.go.kr/bill/billDetail.do?billId=111442
16,160699,노인복지법개정,허태임외 9인,김용균의원,2003-10-21,2003-10-22,보건복지위원회,본회의불부의,처리의안,https://likms.assembly.go.kr/bill/billDetail.do?billId=111323,https://likms.assembly.go.kr/bill/billDetail.do?billId=111323
16,160698,자연재해대책법상국고보조대상추가,"김호일외 1,415인","권태망,전갑길,정우택의원",2003-10-17,2003-10-20,행정자치위원회,폐기,처리의안,https://likms.assembly.go.kr/bill/billDetail.do?billId=111248,https://likms.assembly.go.kr/bill/billDetail.do?billId=111248
16,160697,한국환경기술진흥원등이전,"노재동외 2,399인",이재오의원외 1인,2003-10-16,2003-10-17,환경노동위원회,폐기,처리의안,https://likms.assembly.go.kr/bill/billDetail.do?billId=111224,https://likms.assembly.go.kr/bill/billDetail.do?billId=111224
16,160696,한국보건사회연구원등이전,"노재동외 2,399인",이재오의원외 1인,2003-10-16,2003-10-17,정무위원회,폐기,처리의안,https://likms.assembly.go.kr/bill/billDetail.do?billId=111222,https://likms.assembly.go.kr/bill/billDetail.do?billId=111222
16,160695,의료법개정,김광태,박시균의원,2003-10-16,2003-10-17,보건복지위원회,폐기,처리의안,https://likms.assembly.go.kr/bill/billDetail.do?billId=111207,https://likms.assembly.go.kr/bill/billDetail.do?billId=111207
16,160694,공적자금관련국정조사자료보존및관리주체등,박병철외 2인,이성헌의원,2003-10-16,2003-10-17,국회운영위원회,폐기,처리의안,https://likms.assembly.go.kr/bill/billDetail.do?billId=111205,https://likms.assembly.go.kr/bill/billDetail.do?billId=111205
16,160693,서대문구현저동군부대이전,양해정,이성헌의원,2003-10-13,2003-10-14,국방위원회,폐기,처리의안,https://likms.assembly.go.kr/bill/billDetail.do?billId=111149,https://likms.assembly.go.kr/bill/billDetail.do?billId=111149
16,160692,노인틀니보험급여실시,"안필준외 100,351인",김희선의원외 16인,2003-10-13,2003-10-14,보건복지위원회,폐기,처리의안,https://likms.assembly.go.kr/bill/billDetail.do?billId=111147,https://likms.assembly.go.kr/bill/billDetail.do?billId=111147
16,160691,통신비밀보호법개정,박상증외 3인,"권영세,조한천의원",2003-10-10,2003-10-13,법제사법위원회,폐기,처리의안,https://likms.assembly.go.kr/bill/billDetail.do?billId=111102,https://likms.assembly.go.kr/bill/billDetail.do?billId=111102
16,160690,영업용택시의고속도로버스전용차선진입허용,김남배,장광근의원,2003-10-10,2003-10-13,행정자치위원회,폐기,처리의안,https://likms.assembly.go.kr/bill/billDetail.do?billId=111087,https://likms.assembly.go.kr/bill/billDetail.do?billId=111087
16,160689,서울지방병무청이전을위한국유지관리환재정요청수용,"조창숙외 2,654인",권영세의원,2003-10-04,2003-10-06,재정경제위원회,본회의불부의,처리의안,https://likms.assembly.go.kr/bill/billDetail.do?billId=110903,https://likms.assembly.go.kr/bill/billDetail.do?billId=110903
16,160688,경흥학원이사진취임승인취소에대한취소요청,김학만외 5인,이인기의원,2003-10-02,2003-10-02,교육위원회,폐기,처리의안,https://likms.assembly.go.kr/bill/billDetail.do?billId=110882,https://likms.assembly.go.kr/bill/billDetail.do?billId=110882
16,160687,직장내모유수유시설설치,이시백,이승철의원,2003-10-01,2003-10-02,환경노동위원회,폐기,처리의안,https://likms.assembly.go.kr/bill/billDetail.do?billId=110865,https://likms.assembly.go.kr/bill/billDetail.do?billId=110865
16,160686,맥주주세율인하,"윤종웅,마이클 글로버",박종근의원,2003-09-30,2003-10-02,재정경제위원회,본회의불부의,처리의안,https://likms.assembly.go.kr/bill/billDetail.do?billId=110862,https://likms.assembly.go.kr/bill/billDetail.do?billId=110862
16,160685,조세특례제한법개정,이동락외 13인,심규철의원,2003-09-30,2003-10-01,재정경제위원회,폐기,처리의안,https://likms.assembly.go.kr/bill/billDetail.do?billId=110822,https://likms.assembly.go.kr/bill/billDetail.do?billId=110822
16,160684,민간보육시설융자금상환기한연장등,박청자외 20인,김명섭의원,2003-09-29,2003-10-01,보건복지위원회,채택,처리의안,https://likms.assembly.go.kr/bill/billDetail.do?billId=110784,https://likms.assembly.go.kr/bill/billDetail.do?billId=110784
16,160683,일송정기념관건립등,박영록,이창복의원,2003-09-23,2003-09-26,통일외교통상위원회,폐기,처리의안,https://likms.assembly.go.kr/bill/billDetail.do?billId=110684,https://likms.assembly.go.kr/bill/billDetail.do?billId=110684
16,160682,탑골공원의세계평화공원성역화,박영록,이협의원,2003-09-20,2003-09-23,문화관광위원회,폐기,처리의안,https://likms.assembly.go.kr/bill/billDetail.do?billId=110592,https://likms.assembly.go.kr/bill/billDetail.do?billId=110592
16,160681,사법시험3차면접시험불합격처분취소,한인섭외 9인,심규철의원,2003-09-18,2003-09-19,법제사법위원회,폐기,처리의안,https://likms.assembly.go.kr/bill/billDetail.do?billId=110568,https://likms.assembly.go.kr/bill/billDetail.do?billId=110568
16,160680,최저임금법개정,이남순,박인상의원외 1인,2003-09-18,2003-09-19,환경노동위원회,폐기,처리의안,https://likms.assembly.go.kr/bill/billDetail.do?billId=110543,https://likms.assembly.go.kr/bill/billDetail.do?billId=110543
16,160679,법원조직법중개정법률안입법촉구,정태련,이재정의원,2003-09-17,2003-09-18,법제사법위원회,폐기,처리의안,https://likms.assembly.go.kr/bill/billDetail.do?billId=110523,https://likms.assembly.go.kr/bill/billDetail.do?billId=110523
16,160678,의정부녹양동택지사업보상,이성근,홍문종의원,2003-09-17,2003-09-18,건설교통위원회,폐기,처리의안,https://likms.assembly.go.kr/bill/billDetail.do?billId=110520,https://likms.assembly.go.kr/bill/billDetail.do?billId=110520
16,160677,학교일용직영양사처우개선,노명신외 129인,엄호성의원,2003-09-09,2003-09-17,교육위원회,폐기,처리의안,https://likms.assembly.go.kr/bill/billDetail.do?billId=110444,https://likms.assembly.go.kr/bill/billDetail.do?billId=110444
16,160676,도로교통법시행령개정,김준현,정갑윤의원,2003-09-09,2003-09-17,행정자치위원회,폐기,처리의안,https://likms.assembly.go.kr/bill/billDetail.do?billId=110442,https://likms.assembly.go.kr/bill/billDetail.do?billId=110442
16,160675,의료법개정,김재정외 2인,이원형의원,2003-09-09,2003-09-17,보건복지위원회,폐기,처리의안,https://likms.assembly.go.kr/bill/billDetail.do?billId=110440,https://likms.assembly.go.kr/bill/billDetail.do?billId=110440
16,160674,조건부신고사회복지시설개선,정재은,이원형의원,2003-09-09,2003-09-15,보건복지위원회,폐기,처리의안,https://likms.assembly.go.kr/bill/billDetail.do?billId=110400,https://likms.assembly.go.kr/bill/billDetail.do?billId=110400
16,160673,정치자금에관한법률개정의견,이정희외 1인,이강래의원,2003-09-05,2004-03-03,행정자치위원회,폐기,처리의안,https://likms.assembly.go.kr/bill/billDetail.do?billId=110365,https://likms.assembly.go.kr/bill/billDetail.do?billId=110365
16,160672,공직선거및선거부정방지법개정의견,이정희외 1인,이강래의원,2003-09-05,2004-03-03,행정자치위원회,폐기,처리의안,https://likms.assembly.go.kr/bill/billDetail.do?billId=110362,https://likms.assembly.go.kr/bill/billDetail.do?billId=110362
16,160671,정당법개정의견,이정희외 1인,이강래의원,2003-09-05,2004-03-03,행정자치위원회,폐기,처리의안,https://likms.assembly.go.kr/bill/billDetail.do?billId=110360,https://likms.assembly.go.kr/bill/billDetail.do?billId=110360
16,160670,6.25전쟁중납북자현황파악과인도적문제해결,김성호외 200인,조웅규의원외 18인,2003-09-04,2003-09-05,통일외교통상위원회,폐기,처리의안,https://likms.assembly.go.kr/bill/billDetail.do?billId=110323,https://likms.assembly.go.kr/bill/billDetail.do?billId=110323
16,160669,사할린동포영주귀국및보상촉구,"김수영외 1,002인",조웅규의원외 15인,2003-09-04,2003-09-05,통일외교통상위원회,폐기,처리의안,https://likms.assembly.go.kr/bill/billDetail.do?billId=110321,https://likms.assembly.go.kr/bill/billDetail.do?billId=110321
16,160668,학교위탁급식의직영급식전환부당성,"임채홍외 20,745인",심규철의원외 9인,2003-09-03,2003-09-04,교육위원회,폐기,처리의안,https://likms.assembly.go.kr/bill/billDetail.do?billId=110305,https://likms.assembly.go.kr/bill/billDetail.do?billId=110305
16,160667,조세특례제한법개정,"김대진외 3,172인","고흥길,임태희의원",2003-09-01,2003-09-02,재정경제위원회,폐기,처리의안,https://likms.assembly.go.kr/bill/billDetail.do?billId=110271,https://likms.assembly.go.kr/bill/billDetail.do?billId=110271
16,160666,농어촌특별세법개정,"김대진외 3,172인","고흥길,임태희의원",2003-09-01,2003-09-02,재정경제위원회,폐기,처리의안,https://likms.assembly.go.kr/bill/billDetail.do?billId=110269,https://likms.assembly.go.kr/bill/billDetail.do?billId=110269
16,160665,지방세법개정,"김대진외 3,172인","고흥길,임태희의원",2003-09-01,2003-09-02,행정자치위원회,폐기,처리의안,https://likms.assembly.go.kr/bill/billDetail.do?billId=110264,https://likms.assembly.go.kr/bill/billDetail.do?billId=110264
16,160664,김포신도시계획철회,"이용선외 3,649인",정우택의원,2003-08-30,2003-09-01,건설교통위원회,폐기,처리의안,https://likms.assembly.go.kr/bill/billDetail.do?billId=110242,https://likms.assembly.go.kr/bill/billDetail.do?billId=110242
16,160663,대전외국어고등학교이전계획취소,황종환,김원웅의원,2003-08-30,2003-09-01,교육위원회,철회,처리의안,https://likms.assembly.go.kr/bill/billDetail.do?billId=110240,https://likms.assembly.go.kr/bill/billDetail.do?billId=110240
16,160662,경인여자대학임시이사파견철회,백창기외 4인,이원창의원,2003-08-28,2003-08-29,교육위원회,폐기,처리의안,https://likms.assembly.go.kr/bill/billDetail.do?billId=110212,https://likms.assembly.go.kr/bill/billDetail.do?billId=110212
16,160661,간호사정원기준개선,김철수,김홍신의원,2003-08-27,2003-08-28,보건복지위원회,폐기,처리의안,https://likms.assembly.go.kr/bill/billDetail.do?billId=110200,https://likms.assembly.go.kr/bill/billDetail.do?billId=110200
16,160660,옥천조폐창부지매각철회,"이인석외 9,694인",심규철의원,2003-08-25,2003-08-26,재정경제위원회,본회의불부의,처리의안,https://likms.assembly.go.kr/bill/billDetail.do?billId=110140,https://likms.assembly.go.kr/bill/billDetail.do?billId=110140
16,160659,의약품판매제도개선등,허철,박시균의원,2003-08-21,2003-08-22,보건복지위원회,폐기,처리의안,https://likms.assembly.go.kr/bill/billDetail.do?billId=110080,https://likms.assembly.go.kr/bill/billDetail.do?billId=110080
16,160658,한국전쟁전후민간인희생사건진상규명및명예회복등을위한특별법제정,박순근외 10인,이강두의원,2003-08-19,2003-11-15,과거사진상규명에관한특별위원회,본회의불부의,처리의안,https://likms.assembly.go.kr/bill/billDetail.do?billId=110052,https://likms.assembly.go.kr/bill/billDetail.do?billId=110052
16,160657,의료법개정,진수일외 3인,이원형의원외 1인,2003-08-14,2003-08-18,보건복지위원회,폐기,처리의안,https://likms.assembly.go.kr/bill/billDetail.do?billId=109969,https://likms.assembly.go.kr/bill/billDetail.do?billId=109969
16,160656,사회복지노동자처우개선,장대석,김홍신의원,2003-08-12,2003-08-13,보건복지위원회,폐기,처리의안,https://likms.assembly.go.kr/bill/billDetail.do?billId=109942,https://likms.assembly.go.kr/bill/billDetail.do?billId=109942
16,160655,종합병원인력기준개선,박진숙,김홍신의원,2003-08-12,2003-08-13,보건복지위원회,폐기,처리의안,https://likms.assembly.go.kr/bill/billDetail.do?billId=109922,https://likms.assembly.go.kr/bill/billDetail.do?billId=109922
16,160654,병역재복무처분,양재훈,이상희의원외 16인,2003-08-09,2003-08-12,국방위원회,폐기,처리의안,https://likms.assembly.go.kr/bill/billDetail.do?billId=109881,https://likms.assembly.go.kr/bill/billDetail.do?billId=109881
16,160653,증권관련집단소송법안수정촉구,김영수외 401인,신현태의원외 4인,2003-08-08,2003-08-09,법제사법위원회,폐기,처리의안,https://likms.assembly.go.kr/bill/billDetail.do?billId=109862,https://likms.assembly.go.kr/bill/billDetail.do?billId=109862
16,160652,중고자동차소유권이전등록업무위탁,"신동재외 3,887인",윤한도의원,2003-08-01,2003-08-04,건설교통위원회,폐기,처리의안,https://likms.assembly.go.kr/bill/billDetail.do?billId=109721,https://likms.assembly.go.kr/bill/billDetail.do?billId=109721
16,160651,레저세관련지방세법개정반대,"강영석외 13,737인",현경대의원외 2인,2003-07-25,2003-07-28,행정자치위원회,폐기,처리의안,https://likms.assembly.go.kr/bill/billDetail.do?billId=109662,https://likms.assembly.go.kr/bill/billDetail.do?billId=109662
16,160650,통합복권법제정반대,"강영석외 14,202인",현경대의원외 2인,2003-07-25,2003-07-28,정무위원회,폐기,처리의안,https://likms.assembly.go.kr/bill/billDetail.do?billId=109660,https://likms.assembly.go.kr/bill/billDetail.do?billId=109660
16,160649,위법.부정판결진상조사,김세명,이재오의원,2003-07-25,2003-07-25,법제사법위원회,폐기,처리의안,https://likms.assembly.go.kr/bill/billDetail.do?billId=109640,https://likms.assembly.go.kr/bill/billDetail.do?billId=109640
16,160648,파주운정신도시계획지구재조정등,이상선외 131인,이재창의원,2003-07-22,2003-07-24,건설교통위원회,철회,처리의안,https://likms.assembly.go.kr/bill/billDetail.do?billId=109601,https://likms.assembly.go.kr/bill/billDetail.do?billId=109601
16,160647,국외유료직업소개요금적용,김효수,이승철의원,2003-07-22,2003-07-23,환경노동위원회,폐기,처리의안,https://likms.assembly.go.kr/bill/billDetail.do?billId=109580,https://likms.assembly.go.kr/bill/billDetail.do?billId=109580
16,160646,(사)한국자연예술문화총연합회에대한소관부처환원,곽진희,김원웅의원,2003-07-21,2003-07-22,문화관광위원회,폐기,처리의안,https://likms.assembly.go.kr/bill/billDetail.do?billId=109564,https://likms.assembly.go.kr/bill/billDetail.do?billId=109564
16,160645,경부고속철도제4-1공구역명선정,전영준,송영진의원,2003-07-18,2003-07-21,건설교통위원회,폐기,처리의안,https://likms.assembly.go.kr/bill/billDetail.do?billId=109560,https://likms.assembly.go.kr/bill/billDetail.do?billId=109560
16,160644,공중위생관리법개정,조수경,김홍신의원,2003-07-15,2003-07-18,보건복지위원회,폐기,처리의안,https://likms.assembly.go.kr/bill/billDetail.do?billId=109529,https://likms.assembly.go.kr/bill/billDetail.do?billId=109529
16,160643,무용교과독립,김화숙외 40인,오세훈의원외 2인,2003-07-15,2003-07-18,교육위원회,폐기,처리의안,https://likms.assembly.go.kr/bill/billDetail.do?billId=109527,https://likms.assembly.go.kr/bill/billDetail.do?billId=109527
16,160642,채권추심업무등에관한법률제정,박재승,천정배의원,2003-07-01,2003-07-04,법제사법위원회,폐기,처리의안,https://likms.assembly.go.kr/bill/billDetail.do?billId=109399,https://likms.assembly.go.kr/bill/billDetail.do?billId=109399
16,160641,신용정보의이용및보호에관한법률개정,박재승,천정배의원,2003-07-01,2003-07-02,재정경제위원회,본회의불부의,처리의안,https://likms.assembly.go.kr/bill/billDetail.do?billId=109382,https://likms.assembly.go.kr/bill/billDetail.do?billId=109382
16,160640,옥천가산사순국충혼위령탑건립,정지승외 20인,심규철의원외 14인,2003-07-01,2003-07-04,행정자치위원회,폐기,처리의안,https://likms.assembly.go.kr/bill/billDetail.do?billId=109379,https://likms.assembly.go.kr/bill/billDetail.do?billId=109379
16,160639,정치자금에관한법률개정,최열,이부영의원외 1인,2003-06-30,2004-03-03,행정자치위원회,폐기,처리의안,https://likms.assembly.go.kr/bill/billDetail.do?billId=109345,https://likms.assembly.go.kr/bill/billDetail.do?billId=109345
16,160638,공직선거및선거부정방지법개정,최열,이부영의원외 1인,2003-06-30,2004-03-03,행정자치위원회,폐기,처리의안,https://likms.assembly.go.kr/bill/billDetail.do?billId=109342,https://likms.assembly.go.kr/bill/billDetail.do?billId=109342
16,160637,정당법개정,최열,이부영의원외 1인,2003-06-30,2004-03-03,행정자치위원회,폐기,처리의안,https://likms.assembly.go.kr/bill/billDetail.do?billId=109340,https://likms.assembly.go.kr/bill/billDetail.do?billId=109340
16,160636,형사소송법개정,박재승,천정배의원외 1인,2003-06-26,2003-06-27,법제사법위원회,폐기,처리의안,https://likms.assembly.go.kr/bill/billDetail.do?billId=109297,https://likms.assembly.go.kr/bill/billDetail.do?billId=109297
16,160635,공직자윤리법개정,박상증,이강래의원,2003-06-25,2003-06-27,행정자치위원회,폐기,처리의안,https://likms.assembly.go.kr/bill/billDetail.do?billId=109278,https://likms.assembly.go.kr/bill/billDetail.do?billId=109278
16,160634,인천백석한들택지개발계획철회등,심현후외 291인,조한천의원,2003-06-24,2003-06-26,건설교통위원회,폐기,처리의안,https://likms.assembly.go.kr/bill/billDetail.do?billId=109256,https://likms.assembly.go.kr/bill/billDetail.do?billId=109256
16,160633,각급법원의설치와관할구역에관한법률개정,송기태외 38인,정세균의원외 27인,2003-06-21,2003-06-23,법제사법위원회,폐기,처리의안,https://likms.assembly.go.kr/bill/billDetail.do?billId=109216,https://likms.assembly.go.kr/bill/billDetail.do?billId=109216
16,160632,병원중환자실인력시설기준,"유희구외 2,892인",박명환의원외 2인,2003-06-21,2003-06-23,보건복지위원회,채택,처리의안,https://likms.assembly.go.kr/bill/billDetail.do?billId=109200,https://likms.assembly.go.kr/bill/billDetail.do?billId=109200
16,160631,군의문사진상규명을위한특별법제정,주종우.이영숙,"이창복,심규철의원외 162인",2003-06-21,2003-07-05,국방위원회,폐기,처리의안,https://likms.assembly.go.kr/bill/billDetail.do?billId=109175,https://likms.assembly.go.kr/bill/billDetail.do?billId=109175
16,160630,최저주거기준법제화,"이호수외 1,310인",설송웅의원외 2인,2003-06-18,2003-06-20,건설교통위원회,본회의불부의,처리의안,https://likms.assembly.go.kr/bill/billDetail.do?billId=109160,https://likms.assembly.go.kr/bill/billDetail.do?billId=109160
16,160629,증권관련집단소송법제정의견,신철영,천정배의원,2003-06-16,2003-06-18,법제사법위원회,본회의불부의,처리의안,https://likms.assembly.go.kr/bill/billDetail.do?billId=109140,https://likms.assembly.go.kr/bill/billDetail.do?billId=109140
16,160628,양양교육청설치,박상형,송훈석의원,2003-06-16,2003-06-16,교육위원회,폐기,처리의안,https://likms.assembly.go.kr/bill/billDetail.do?billId=109138,https://likms.assembly.go.kr/bill/billDetail.do?billId=109138
16,160627,파주교하택지개발지구공동주택지가격재평가,경재용외 7인,김학송의원,2003-06-16,2003-06-16,건설교통위원회,철회,처리의안,https://likms.assembly.go.kr/bill/billDetail.do?billId=109135,https://likms.assembly.go.kr/bill/billDetail.do?billId=109135
16,160626,조세특례제한법개정,"전용남외 5,225인",전용학의원,2003-06-11,2003-06-12,재정경제위원회,본회의불부의,처리의안,https://likms.assembly.go.kr/bill/billDetail.do?billId=109124,https://likms.assembly.go.kr/bill/billDetail.do?billId=109124
16,160625,교사에대한부당전보취소,노상태,이미경의원,2003-06-11,2003-06-12,교육위원회,폐기,처리의안,https://likms.assembly.go.kr/bill/billDetail.do?billId=109119,https://likms.assembly.go.kr/bill/billDetail.do?billId=109119
16,160624,태풍루사에의한간접피해액보상등,김용복외 70인,최연희의원,2003-06-10,2003-06-11,농림해양수산위원회,폐기,처리의안,https://likms.assembly.go.kr/bill/billDetail.do?billId=109116,https://likms.assembly.go.kr/bill/billDetail.do?billId=109116
16,160623,재해구호및재해복구비용부담기준등에관한규정개정,김용복외 70인,최연희의원,2003-06-10,2003-06-11,행정자치위원회,폐기,처리의안,https://likms.assembly.go.kr/bill/billDetail.do?billId=109114,https://likms.assembly.go.kr/bill/billDetail.do?billId=109114
16,160622,개인채무자신용회복에관한법률제정,권영길,서상섭의원,2003-06-05,2003-06-07,법제사법위원회,본회의불부의,처리의안,https://likms.assembly.go.kr/bill/billDetail.do?billId=109089,https://likms.assembly.go.kr/bill/billDetail.do?billId=109089
16,160621,개인회생법제정,박상증,조배숙의원외 1인,2003-06-04,2003-06-05,법제사법위원회,본회의불부의,처리의안,https://likms.assembly.go.kr/bill/billDetail.do?billId=109086,https://likms.assembly.go.kr/bill/billDetail.do?billId=109086
16,160620,신장협회에대한보건복지부소속부서변경,염완식,"김원웅,김홍신의원",2003-06-02,2003-06-03,보건복지위원회,폐기,처리의안,https://likms.assembly.go.kr/bill/billDetail.do?billId=109071,https://likms.assembly.go.kr/bill/billDetail.do?billId=109071
16,160619,서울경찰청토지교환,장갑수,이상수의원,2003-06-02,2003-06-04,행정자치위원회,폐기,처리의안,https://likms.assembly.go.kr/bill/billDetail.do?billId=109067,https://likms.assembly.go.kr/bill/billDetail.do?billId=109067
16,160618,참전명예수당인상,"유재흥외 38,577인",이인기의원외 7인,2003-05-29,2003-05-30,정무위원회,폐기,처리의안,https://likms.assembly.go.kr/bill/billDetail.do?billId=109048,https://likms.assembly.go.kr/bill/billDetail.do?billId=109048
16,160617,변호사법개정,박재승,천정배의원외 1인,2003-05-28,2003-05-29,법제사법위원회,폐기,처리의안,https://likms.assembly.go.kr/bill/billDetail.do?billId=109039,https://likms.assembly.go.kr/bill/billDetail.do?billId=109039
16,160616,노인복지법개정,안필준,이원형의원외 1인,2003-05-28,2003-05-29,보건복지위원회,폐기,처리의안,https://likms.assembly.go.kr/bill/billDetail.do?billId=109037,https://likms.assembly.go.kr/bill/billDetail.do?billId=109037
16,160615,복권의발행및관리에관한법률제정,김일수외 22인,김문수의원,2003-05-24,2003-05-27,정무위원회,폐기,처리의안,https://likms.assembly.go.kr/bill/billDetail.do?billId=109017,https://likms.assembly.go.kr/bill/billDetail.do?billId=109017
16,160614,문화재반환촉구,"고현순외 6,874인",권영세의원외 1인,2003-05-24,2003-05-27,국방위원회,폐기,처리의안,https://likms.assembly.go.kr/bill/billDetail.do?billId=109012,https://likms.assembly.go.kr/bill/billDetail.do?billId=109012
16,160613,단학기공의생활체육종목지정,윤성균외 187인,이상수의원,2003-05-21,2003-05-23,문화관광위원회,폐기,처리의안,https://likms.assembly.go.kr/bill/billDetail.do?billId=108932,https://likms.assembly.go.kr/bill/billDetail.do?billId=108932
16,160612,인천서북부매립지개발에따른농지분양,추태엽외 111인,조한천의원,2003-05-20,2003-05-22,농림해양수산위원회,폐기,처리의안,https://likms.assembly.go.kr/bill/billDetail.do?billId=108911,https://likms.assembly.go.kr/bill/billDetail.do?billId=108911
16,160611,지하도상가적정임대료산정등,정현규외 127인,박원홍의원,2003-05-19,2003-05-21,행정자치위원회,폐기,처리의안,https://likms.assembly.go.kr/bill/billDetail.do?billId=108895,https://likms.assembly.go.kr/bill/billDetail.do?billId=108895
16,160610,교통시설특별회계유효기간연장등,송자,최병렬의원,2003-05-13,2003-05-15,건설교통위원회,본회의불부의,처리의안,https://likms.assembly.go.kr/bill/billDetail.do?billId=108853,https://likms.assembly.go.kr/bill/billDetail.do?billId=108853
16,160609,채무자회생및파산에관한법률안수정,김영구외 150인,김용균의원,2003-05-07,2003-05-09,법제사법위원회,폐기,처리의안,https://likms.assembly.go.kr/bill/billDetail.do?billId=108754,https://likms.assembly.go.kr/bill/billDetail.do?billId=108754
16,160608,세계노동절기념에관한법률제정,이남순,박인상의원,2003-05-01,2003-05-06,환경노동위원회,폐기,처리의안,https://likms.assembly.go.kr/bill/billDetail.do?billId=108691,https://likms.assembly.go.kr/bill/billDetail.do?billId=108691
16,160607,유엔평화유지활동(PKO)상비군창설법제정,김석준외 4인,김용학의원,2003-04-29,2003-04-30,국방위원회,폐기,처리의안,https://likms.assembly.go.kr/bill/billDetail.do?billId=108680,https://likms.assembly.go.kr/bill/billDetail.do?billId=108680
16,160606,국회법개정,최열,김문수의원외 8인,2003-04-29,2003-07-01,국회운영위원회,폐기,처리의안,https://likms.assembly.go.kr/bill/billDetail.do?billId=108675,https://likms.assembly.go.kr/bill/billDetail.do?billId=108675
16,160605,정당법개정,최열,김문수의원외 8인,2003-04-29,2004-03-03,행정자치위원회,폐기,처리의안,https://likms.assembly.go.kr/bill/billDetail.do?billId=108673,https://likms.assembly.go.kr/bill/billDetail.do?billId=108673
16,160604,공직선거및선거부정방지법개정,최열,김문수의원외 8인,2003-04-29,2004-03-03,행정자치위원회,폐기,처리의안,https://likms.assembly.go.kr/bill/billDetail.do?billId=108671,https://likms.assembly.go.kr/bill/billDetail.do?billId=108671
16,160603,정치자금법개정,최열,김문수의원외 8인,2003-04-29,2004-03-03,행정자치위원회,폐기,처리의안,https://likms.assembly.go.kr/bill/billDetail.do?billId=108669,https://likms.assembly.go.kr/bill/billDetail.do?billId=108669
16,160602,국립대학기능직공무원복직,"김원규외 2,015인",윤경식의원외 4인,2003-04-28,2003-04-28,교육위원회,폐기,처리의안,https://likms.assembly.go.kr/bill/billDetail.do?billId=108649,https://likms.assembly.go.kr/bill/billDetail.do?billId=108649
16,160601,공무원재직기간합산,최찬의외 149인,송석찬의원,2003-04-23,2003-04-25,행정자치위원회,폐기,처리의안,https://likms.assembly.go.kr/bill/billDetail.do?billId=108630,https://likms.assembly.go.kr/bill/billDetail.do?billId=108630
16,160600,풍산지구택지개발사업보상,최영규외 131인,김황식의원,2003-04-23,2003-04-25,건설교통위원회,폐기,처리의안,https://likms.assembly.go.kr/bill/billDetail.do?billId=108621,https://likms.assembly.go.kr/bill/billDetail.do?billId=108621
16,160599,제약산업육성을위한세제지원,김정수,김홍신의원,2003-04-22,2003-04-24,재정경제위원회,본회의불부의,처리의안,https://likms.assembly.go.kr/bill/billDetail.do?billId=108618,https://likms.assembly.go.kr/bill/billDetail.do?billId=108618
16,160598,해군의군사시설공사중단등,김충렬외 1인,이정일의원,2003-04-22,2003-04-24,국방위원회,폐기,처리의안,https://likms.assembly.go.kr/bill/billDetail.do?billId=108613,https://likms.assembly.go.kr/bill/billDetail.do?billId=108613
16,160597,인간배아보호법제정,김일수,정세균의원,2003-04-21,2003-04-22,보건복지위원회,본회의불부의,처리의안,https://likms.assembly.go.kr/bill/billDetail.do?billId=108608,https://likms.assembly.go.kr/bill/billDetail.do?billId=108608
16,160596,한국전쟁전후민간인희생사건진상규명및피해자명예회복등에관한특별법제정,정교철외 15인,박재욱의원,2003-04-17,2003-11-15,과거사진상규명에관한특별위원회,본회의불부의,처리의안,https://likms.assembly.go.kr/bill/billDetail.do?billId=108550,https://likms.assembly.go.kr/bill/billDetail.do?billId=108550
16,160595,예술실연자권리강화,윤통웅외 16인,김성호의원,2003-04-16,2003-04-18,문화관광위원회,폐기,처리의안,https://likms.assembly.go.kr/bill/billDetail.do?billId=108513,https://likms.assembly.go.kr/bill/billDetail.do?billId=108513
16,160594,한국전쟁전후민간인희생사건진상규명및피해자명예회복등에관한특별법제정,신전규외 12인,이강두의원,2003-04-16,2003-11-15,과거사진상규명에관한특별위원회,본회의불부의,처리의안,https://likms.assembly.go.kr/bill/billDetail.do?billId=108511,https://likms.assembly.go.kr/bill/billDetail.do?billId=108511
16,160593,모범운전자회장단대리운전허용,박번송,"안경률,윤한도의원외 9인",2003-04-12,2003-04-15,건설교통위원회,폐기,처리의안,https://likms.assembly.go.kr/bill/billDetail.do?billId=108470,https://likms.assembly.go.kr/bill/billDetail.do?billId=108470
16,160592,수입쌀배정체계개선,방남휴외 19인,심재권의원,2003-04-10,2003-04-14,농림해양수산위원회,폐기,처리의안,https://likms.assembly.go.kr/bill/billDetail.do?billId=108454,https://likms.assembly.go.kr/bill/billDetail.do?billId=108454
16,160591,고위공직자뇌물의제법제정,김석준외 5인,김용학의원,2003-04-10,2003-04-14,법제사법위원회,폐기,처리의안,https://likms.assembly.go.kr/bill/billDetail.do?billId=108452,https://likms.assembly.go.kr/bill/billDetail.do?billId=108452
16,160590,고속국도인천국제공항선공차택시통행료면제,"김남배외 4,652인",맹형규의원외 40인,2003-04-08,2003-04-10,건설교통위원회,본회의불부의,처리의안,https://likms.assembly.go.kr/bill/billDetail.do?billId=108407,https://likms.assembly.go.kr/bill/billDetail.do?billId=108407
16,160589,공공의료확대강화,윤영규,김홍신의원,2003-04-08,2003-04-10,보건복지위원회,폐기,처리의안,https://likms.assembly.go.kr/bill/billDetail.do?billId=108349,https://likms.assembly.go.kr/bill/billDetail.do?billId=108349
16,160588,한국전쟁전후민간인희생사건진상규명및피해자보상,박춘실외 1인,김효석의원,2003-04-07,2003-11-15,과거사진상규명에관한특별위원회,본회의불부의,처리의안,https://likms.assembly.go.kr/bill/billDetail.do?billId=108347,https://likms.assembly.go.kr/bill/billDetail.do?billId=108347
16,160587,전염병예방법시행령및시행규칙개정,최흥식,김홍신의원,2003-04-04,2003-04-07,보건복지위원회,폐기,처리의안,https://likms.assembly.go.kr/bill/billDetail.do?billId=108315,https://likms.assembly.go.kr/bill/billDetail.do?billId=108315
16,160586,한국전쟁전후민간인희생사건진상규명및피해자명예회복등에관한특별법제정,신전규외 12인,이강두의원,2003-04-04,2003-04-07,행정자치위원회,철회,처리의안,https://likms.assembly.go.kr/bill/billDetail.do?billId=108313,https://likms.assembly.go.kr/bill/billDetail.do?billId=108313
16,160585,국군부대의이라크전쟁파견동의안원안의결촉구,김석준외 2인,김용학의원,2003-04-01,2003-04-02,국방위원회,폐기,처리의안,https://likms.assembly.go.kr/bill/billDetail.do?billId=108276,https://likms.assembly.go.kr/bill/billDetail.do?billId=108276
16,160584,대청댐삼정검문소폐지,송배영외 223인,김원웅의원,2003-03-29,2003-03-31,행정자치위원회,폐기,처리의안,https://likms.assembly.go.kr/bill/billDetail.do?billId=108271,https://likms.assembly.go.kr/bill/billDetail.do?billId=108271
16,160583,주택건설촉진법개정,김현귀,박원홍의원,2003-03-29,2003-03-31,건설교통위원회,폐기,처리의안,https://likms.assembly.go.kr/bill/billDetail.do?billId=108269,https://likms.assembly.go.kr/bill/billDetail.do?billId=108269
16,160582,의료법개정반대,신상진외 2인,이부영의원외 2인,2003-03-28,2003-04-01,보건복지위원회,본회의불부의,처리의안,https://likms.assembly.go.kr/bill/billDetail.do?billId=108267,https://likms.assembly.go.kr/bill/billDetail.do?billId=108267
16,160581,공동주택경비용역부가가치세환급,김수길외 136인,정동영의원외 1인,2003-03-26,2003-03-28,재정경제위원회,본회의불부의,처리의안,https://likms.assembly.go.kr/bill/billDetail.do?billId=108231,https://likms.assembly.go.kr/bill/billDetail.do?billId=108231
16,160580,충주댐으로인한침수농경지보상매입,이영봉외 41인,송광호의원,2003-03-24,2003-03-25,건설교통위원회,본회의불부의,처리의안,https://likms.assembly.go.kr/bill/billDetail.do?billId=108222,https://likms.assembly.go.kr/bill/billDetail.do?billId=108222
16,160579,의료법개정반대,신상진외 2인,이부영의원,2003-03-24,2003-03-25,보건복지위원회,철회,처리의안,https://likms.assembly.go.kr/bill/billDetail.do?billId=108219,https://likms.assembly.go.kr/bill/billDetail.do?billId=108219
16,160578,산청소정골민간인학살사건진상조사촉구,서봉석외 169인,김원웅의원,2003-03-22,2003-11-15,과거사진상규명에관한특별위원회,본회의불부의,처리의안,https://likms.assembly.go.kr/bill/billDetail.do?billId=108216,https://likms.assembly.go.kr/bill/billDetail.do?billId=108216
16,160577,군포부곡지역택지개발사업보상,곽태찬외 135인,김부겸의원,2003-03-22,2003-03-25,건설교통위원회,폐기,처리의안,https://likms.assembly.go.kr/bill/billDetail.do?billId=108210,https://likms.assembly.go.kr/bill/billDetail.do?billId=108210
16,160576,서예의정규교과과정편성,"이동익외 356,000인",박명환의원외 16인,2003-03-22,2003-03-25,교육위원회,폐기,처리의안,https://likms.assembly.go.kr/bill/billDetail.do?billId=108207,https://likms.assembly.go.kr/bill/billDetail.do?billId=108207
16,160575,울산광역시국립대학설립,"박맹우,김철욱,이희자외 38,616인",정갑윤의원외 3인,2003-03-21,2003-03-24,교육위원회,폐기,처리의안,https://likms.assembly.go.kr/bill/billDetail.do?billId=108194,https://likms.assembly.go.kr/bill/billDetail.do?billId=108194
16,160574,노동조합및노동관계조정법개정,단병호외 2인,신계륜의원,2003-03-21,2003-03-24,환경노동위원회,폐기,처리의안,https://likms.assembly.go.kr/bill/billDetail.do?billId=108187,https://likms.assembly.go.kr/bill/billDetail.do?billId=108187
16,160573,민사소송법중개정법률안,박상증,천정배의원,2003-03-13,2003-03-19,법제사법위원회,폐기,처리의안,https://likms.assembly.go.kr/bill/billDetail.do?billId=108050,https://likms.assembly.go.kr/bill/billDetail.do?billId=108050
16,160572,상가건물임대차보호법중개정법률안,박상증,천정배의원,2003-03-13,2003-03-19,법제사법위원회,폐기,처리의안,https://likms.assembly.go.kr/bill/billDetail.do?billId=108047,https://likms.assembly.go.kr/bill/billDetail.do?billId=108047
16,160571,국제아동문학관설립,"이재철외 20,363인","고흥길,안상수의원외 21인",2003-03-06,2003-03-08,문화관광위원회,폐기,처리의안,https://likms.assembly.go.kr/bill/billDetail.do?billId=107947,https://likms.assembly.go.kr/bill/billDetail.do?billId=107947
16,160570,대전골령골집단학살지부지매입및진상조사촉구,"황인호,안은찬",김원웅의원,2003-03-05,2003-11-15,과거사진상규명에관한특별위원회,본회의불부의,처리의안,https://likms.assembly.go.kr/bill/billDetail.do?billId=107928,https://likms.assembly.go.kr/bill/billDetail.do?billId=107928
16,160569,조세특례제한법개정,"황의두,박복규외 64,444인","이완구,정동영,원철희의원외 127인",2003-02-28,2003-03-03,재정경제위원회,본회의불부의,처리의안,https://likms.assembly.go.kr/bill/billDetail.do?billId=107867,https://likms.assembly.go.kr/bill/billDetail.do?billId=107867
16,160568,공동주택청소용역의부가가치세과세유보,지경호,김경재의원,2003-02-26,2003-02-27,재정경제위원회,본회의불부의,처리의안,https://likms.assembly.go.kr/bill/billDetail.do?billId=107851,https://likms.assembly.go.kr/bill/billDetail.do?billId=107851
16,160567,향교재산법개정청원에대한반대청원,진용일,현경대의원외 1인,2003-02-25,2003-02-26,문화관광위원회,폐기,처리의안,https://likms.assembly.go.kr/bill/billDetail.do?billId=107849,https://likms.assembly.go.kr/bill/billDetail.do?billId=107849
16,160566,서대문형무소사적지보존관련법제정등,정준영외 65인,김원웅의원,2003-02-20,2003-02-22,문화관광위원회,폐기,처리의안,https://likms.assembly.go.kr/bill/billDetail.do?billId=107809,https://likms.assembly.go.kr/bill/billDetail.do?billId=107809
16,160565,장애인기업활동촉진법안입법반대,"정명규외 1,899인",심재철의원,2003-02-20,2003-02-22,산업자원위원회,폐기,처리의안,https://likms.assembly.go.kr/bill/billDetail.do?billId=107807,https://likms.assembly.go.kr/bill/billDetail.do?billId=107807
16,160564,외국인근로자의고용허가및인권보호에관한법률안입법반대,김영수,신현태의원외 35인,2003-02-17,2003-02-18,환경노동위원회,본회의불부의,처리의안,https://likms.assembly.go.kr/bill/billDetail.do?billId=107774,https://likms.assembly.go.kr/bill/billDetail.do?billId=107774
16,160563,수산업협동조합법개정,임성식외 67인,이양희의원,2003-02-17,2003-02-20,농림해양수산위원회,철회,처리의안,https://likms.assembly.go.kr/bill/billDetail.do?billId=107772,https://likms.assembly.go.kr/bill/billDetail.do?billId=107772
16,160562,남북경제협력관련법개정등,김한신 외 13인,정진석의원,2003-02-13,2003-02-14,통일외교통상위원회,본회의불부의,처리의안,https://likms.assembly.go.kr/bill/billDetail.do?billId=107732,https://likms.assembly.go.kr/bill/billDetail.do?billId=107732
16,160561,국도3호선(수동-안의)확포장공사설계변경,강신원외 29인,이강두의원,2003-02-12,2003-02-14,건설교통위원회,폐기,처리의안,https://likms.assembly.go.kr/bill/billDetail.do?billId=107728,https://likms.assembly.go.kr/bill/billDetail.do?billId=107728
16,160560,국민건강보험재정분리,이남순외 3인,"김락기,박인상의원",2003-02-12,2003-02-14,보건복지위원회,폐기,처리의안,https://likms.assembly.go.kr/bill/billDetail.do?billId=107726,https://likms.assembly.go.kr/bill/billDetail.do?billId=107726
16,160559,대통령비서실장(박지원)위증죄고발,김석준외 5인,김용학의원외 2인,2003-02-06,2003-02-08,국회운영위원회,폐기,처리의안,https://likms.assembly.go.kr/bill/billDetail.do?billId=107647,https://likms.assembly.go.kr/bill/billDetail.do?billId=107647
16,160558,퇴직사립학교교원의퇴직금이자지급촉구,김영미외 12인,이미경의원,2003-02-05,2003-02-06,교육위원회,폐기,처리의안,https://likms.assembly.go.kr/bill/billDetail.do?billId=107627,https://likms.assembly.go.kr/bill/billDetail.do?billId=107627
16,160557,대외경제협력사업대상어선의잔존가치감액,조홍외 1인,허태열의원,2003-02-05,2003-02-06,농림해양수산위원회,폐기,처리의안,https://likms.assembly.go.kr/bill/billDetail.do?billId=107588,https://likms.assembly.go.kr/bill/billDetail.do?billId=107588
16,160556,사면법개정,유원옥,현경대의원,2003-01-29,2003-02-04,법제사법위원회,폐기,처리의안,https://likms.assembly.go.kr/bill/billDetail.do?billId=107530,https://likms.assembly.go.kr/bill/billDetail.do?billId=107530
16,160555,집합건물의소유및관리에관한법률개정,권영길,서상섭의원,2003-01-29,2003-02-04,법제사법위원회,폐기,처리의안,https://likms.assembly.go.kr/bill/billDetail.do?billId=107528,https://likms.assembly.go.kr/bill/billDetail.do?billId=107528
16,160554,상가건물임대차보호법개정,권영길,서상섭의원,2003-01-29,2003-02-04,법제사법위원회,폐기,처리의안,https://likms.assembly.go.kr/bill/billDetail.do?billId=107526,https://likms.assembly.go.kr/bill/billDetail.do?billId=107526
16,160553,대부업의등록및금융이용자보호에관한법률개정,권영길,서상섭의원,2003-01-29,2003-02-04,재정경제위원회,본회의불부의,처리의안,https://likms.assembly.go.kr/bill/billDetail.do?billId=107524,https://likms.assembly.go.kr/bill/billDetail.do?billId=107524
16,160552,공인중개사시험관련피해자구제,김창현,안상수의원외 8인,2003-01-27,2003-02-04,건설교통위원회,폐기,처리의안,https://likms.assembly.go.kr/bill/billDetail.do?billId=107515,https://likms.assembly.go.kr/bill/billDetail.do?billId=107515
16,160551,희귀.난치성질환자의료비지원증액등,신현민,심재철의원,2003-01-24,2003-01-27,보건복지위원회,폐기,처리의안,https://likms.assembly.go.kr/bill/billDetail.do?billId=107510,https://likms.assembly.go.kr/bill/billDetail.do?billId=107510
16,160550,주택건설촉진법개정안조속처리,김현귀,박원홍의원,2003-01-15,2003-01-18,건설교통위원회,본회의불부의,처리의안,https://likms.assembly.go.kr/bill/billDetail.do?billId=107367,https://likms.assembly.go.kr/bill/billDetail.do?billId=107367
16,160549,독립기념관내의조선일보윤전기철거,임현구,"김원웅,김희선의원",2003-01-13,2003-01-15,문화관광위원회,본회의불부의,처리의안,https://likms.assembly.go.kr/bill/billDetail.do?billId=107354,https://likms.assembly.go.kr/bill/billDetail.do?billId=107354
16,160548,사면법개정,김석준외 5인,원희룡의원외 1인,2003-01-10,2003-01-11,법제사법위원회,폐기,처리의안,https://likms.assembly.go.kr/bill/billDetail.do?billId=107347,https://likms.assembly.go.kr/bill/billDetail.do?billId=107347
16,160547,주택공사의임대주택약관등개정,김기찬외 507인,현경대의원,2003-01-03,2003-01-06,건설교통위원회,폐기,처리의안,https://likms.assembly.go.kr/bill/billDetail.do?billId=107234,https://likms.assembly.go.kr/bill/billDetail.do?billId=107234
16,160546,주.야간운전중전조등점등의무화,송자,원유철의원,2002-12-27,2002-12-30,건설교통위원회,폐기,처리의안,https://likms.assembly.go.kr/bill/billDetail.do?billId=107167,https://likms.assembly.go.kr/bill/billDetail.do?billId=107167
16,160545,경영.기술지도사단체설립,박양호외 58인,김덕룡의원,2002-12-27,2002-12-30,산업자원위원회,폐기,처리의안,https://likms.assembly.go.kr/bill/billDetail.do?billId=107148,https://likms.assembly.go.kr/bill/billDetail.do?billId=107148
16,160544,공직자윤리법개정,최현진외 35인,임종석의원,2002-12-10,2002-12-12,행정자치위원회,폐기,처리의안,https://likms.assembly.go.kr/bill/billDetail.do?billId=105728,https://likms.assembly.go.kr/bill/billDetail.do?billId=105728
16,160543,병역법개정,최현진외 35인,임종석의원,2002-12-10,2002-12-12,국방위원회,폐기,처리의안,https://likms.assembly.go.kr/bill/billDetail.do?billId=105717,https://likms.assembly.go.kr/bill/billDetail.do?billId=105717
16,160542,초.중등교육법령상의교원정원확보,정기철,박창달의원,2002-12-09,2002-12-10,교육위원회,폐기,처리의안,https://likms.assembly.go.kr/bill/billDetail.do?billId=105604,https://likms.assembly.go.kr/bill/billDetail.do?billId=105604
16,160541,의료기사등에관한법률개정,원종일외 7인,심재철의원,2002-11-28,2002-12-04,보건복지위원회,폐기,처리의안,https://likms.assembly.go.kr/bill/billDetail.do?billId=104667,https://likms.assembly.go.kr/bill/billDetail.do?billId=104667
16,160540,민주시민교육진흥법제정,이기후,이규택의원,2002-11-26,2002-11-28,교육위원회,폐기,처리의안,https://likms.assembly.go.kr/bill/billDetail.do?billId=104650,https://likms.assembly.go.kr/bill/billDetail.do?billId=104650
16,160539,경기도초등학교병설유치원임시강사신분보장,이정희외 170인,이규택의원,2002-11-26,2002-11-28,교육위원회,폐기,처리의안,https://likms.assembly.go.kr/bill/billDetail.do?billId=104648,https://likms.assembly.go.kr/bill/billDetail.do?billId=104648
16,160538,월드컵공식휘장사업권자부도에따른피해구제,엄재호,권오을의원외 9인,2002-11-19,2002-11-20,문화관광위원회,폐기,처리의안,https://likms.assembly.go.kr/bill/billDetail.do?billId=104628,https://likms.assembly.go.kr/bill/billDetail.do?billId=104628
16,160537,법무사법중개정법률안,박종수,심규철의원,2002-11-11,2002-11-13,법제사법위원회,폐기,처리의안,https://likms.assembly.go.kr/bill/billDetail.do?billId=104587,https://likms.assembly.go.kr/bill/billDetail.do?billId=104587
16,160536,노근리미군양민학살사건피해보상등에관한특별법제정,정은용외 66인,심규철의원외 23인,2002-11-07,2002-11-11,국방위원회,폐기,처리의안,https://likms.assembly.go.kr/bill/billDetail.do?billId=104570,https://likms.assembly.go.kr/bill/billDetail.do?billId=104570
16,160535,농지법시행령개정,정태정외 58인,심규철의원,2002-11-07,2002-11-11,농림해양수산위원회,폐기,처리의안,https://likms.assembly.go.kr/bill/billDetail.do?billId=104568,https://likms.assembly.go.kr/bill/billDetail.do?billId=104568
16,160534,국가유공자등예우및지원에관한법률개정,이기후외 65인,이규택의원,2002-11-07,2002-11-08,정무위원회,폐기,처리의안,https://likms.assembly.go.kr/bill/billDetail.do?billId=104550,https://likms.assembly.go.kr/bill/billDetail.do?billId=104550
16,160533,무쏘픽업차량특별소비세부과방침철회등,최명용외 157인,원유철의원,2002-11-07,2002-11-08,재정경제위원회,철회,처리의안,https://likms.assembly.go.kr/bill/billDetail.do?billId=104547,https://likms.assembly.go.kr/bill/billDetail.do?billId=104547
16,160532,생명윤리및안전에관한법률제정,김환석,김홍신의원,2002-11-06,2002-11-07,보건복지위원회,본회의불부의,처리의안,https://likms.assembly.go.kr/bill/billDetail.do?billId=104515,https://likms.assembly.go.kr/bill/billDetail.do?billId=104515
16,160531,공직선거및선거부정방지법개정,성유보,김태홍의원,2002-11-06,2004-03-03,행정자치위원회,폐기,처리의안,https://likms.assembly.go.kr/bill/billDetail.do?billId=104513,https://likms.assembly.go.kr/bill/billDetail.do?billId=104513
16,160530,지방세법개정,이재창외 4인,현경대의원외 2인,2002-11-05,2002-11-06,행정자치위원회,폐기,처리의안,https://likms.assembly.go.kr/bill/billDetail.do?billId=104469,https://likms.assembly.go.kr/bill/billDetail.do?billId=104469
16,160529,전남해남해군기지건설반대,박종기외 6인,이정일의원,2002-11-01,2002-11-02,국방위원회,폐기,처리의안,https://likms.assembly.go.kr/bill/billDetail.do?billId=104451,https://likms.assembly.go.kr/bill/billDetail.do?billId=104451
16,160528,농어촌복지에관한특별법제정,"박홍수외 77,325인","박희태,김영진,원철희의원외 13인",2002-11-01,2002-11-04,농림해양수산위원회,폐기,처리의안,https://likms.assembly.go.kr/bill/billDetail.do?billId=104448,https://likms.assembly.go.kr/bill/billDetail.do?billId=104448
16,160527,국사교육및교과서제도개편,"서중석,박용운,이영학",이재정의원,2002-10-28,2002-10-30,교육위원회,폐기,처리의안,https://likms.assembly.go.kr/bill/billDetail.do?billId=104428,https://likms.assembly.go.kr/bill/billDetail.do?billId=104428
16,160526,한국전쟁전후민간인희생사건진상규명및피해자명예회복등에관한특별법제정촉구,곽태영,김원웅의원,2002-10-26,2003-11-15,과거사진상규명에관한특별위원회,본회의불부의,처리의안,https://likms.assembly.go.kr/bill/billDetail.do?billId=104425,https://likms.assembly.go.kr/bill/billDetail.do?billId=104425
16,160525,한국전쟁전후민간인희생사건진상규명및피해자명예회복등에관한특별법제정촉구,조봉원외 5인,김원웅의원,2002-10-26,2003-11-15,과거사진상규명에관한특별위원회,본회의불부의,처리의안,https://likms.assembly.go.kr/bill/billDetail.do?billId=104423,https://likms.assembly.go.kr/bill/billDetail.do?billId=104423
16,160524,한국아동단체협의회법정단체지정,변주선외 539인,김홍신의원,2002-10-26,2002-10-29,보건복지위원회,본회의불부의,처리의안,https://likms.assembly.go.kr/bill/billDetail.do?billId=104421,https://likms.assembly.go.kr/bill/billDetail.do?billId=104421
16,160523,한국전쟁전후민간인희생사건진상규명및피해자명예회복등에관한특별법제정촉구,정맹근,김원웅의원,2002-10-26,2003-11-15,과거사진상규명에관한특별위원회,본회의불부의,처리의안,https://likms.assembly.go.kr/bill/billDetail.do?billId=104418,https://likms.assembly.go.kr/bill/billDetail.do?billId=104418
16,160522,한국전쟁전후민간인희생사건진상규명및피해자명예회복등에관한특별법제정촉구,서병규,김원웅의원,2002-10-26,2003-11-15,과거사진상규명에관한특별위원회,본회의불부의,처리의안,https://likms.assembly.go.kr/bill/billDetail.do?billId=104416,https://likms.assembly.go.kr/bill/billDetail.do?billId=104416
16,160521,공무원조합의설립및운영등에관한법률안폐기,노명우,민봉기의원,2002-10-25,2002-10-26,행정자치위원회,폐기,처리의안,https://likms.assembly.go.kr/bill/billDetail.do?billId=104414,https://likms.assembly.go.kr/bill/billDetail.do?billId=104414
16,160520,부패방지법개정,손봉호외 2인,김부겸의원,2002-10-24,2002-10-25,법제사법위원회,본회의불부의,처리의안,https://likms.assembly.go.kr/bill/billDetail.do?billId=104399,https://likms.assembly.go.kr/bill/billDetail.do?billId=104399
16,160519,특별검사임명등에관한법률제정,박상기외 2인,김부겸의원,2002-10-24,2002-10-25,법제사법위원회,폐기,처리의안,https://likms.assembly.go.kr/bill/billDetail.do?billId=104397,https://likms.assembly.go.kr/bill/billDetail.do?billId=104397
16,160518,외국인근로자의노동허가및인권보장에관한법률제정,단병호,이호웅의원,2002-10-24,2002-10-25,환경노동위원회,본회의불부의,처리의안,https://likms.assembly.go.kr/bill/billDetail.do?billId=104395,https://likms.assembly.go.kr/bill/billDetail.do?billId=104395
16,160517,잠수기어업허가,"황인복외 267,727인",조웅규의원,2002-10-24,2002-10-25,농림해양수산위원회,폐기,처리의안,https://likms.assembly.go.kr/bill/billDetail.do?billId=104378,https://likms.assembly.go.kr/bill/billDetail.do?billId=104378
16,160516,시흥교육청설립,"이명운외 252,735인",박병윤의원외 2인,2002-10-23,2002-10-25,교육위원회,폐기,처리의안,https://likms.assembly.go.kr/bill/billDetail.do?billId=104374,https://likms.assembly.go.kr/bill/billDetail.do?billId=104374
16,160515,공직선거및선거부정방지법개정,이남주,이종걸의원,2002-10-22,2004-03-03,행정자치위원회,폐기,처리의안,https://likms.assembly.go.kr/bill/billDetail.do?billId=104357,https://likms.assembly.go.kr/bill/billDetail.do?billId=104357
16,160514,서산간척지구주민피해보상등,"오봉식외 1,644인",박재욱의원외 1인,2002-10-22,2002-10-24,농림해양수산위원회,폐기,처리의안,https://likms.assembly.go.kr/bill/billDetail.do?billId=104354,https://likms.assembly.go.kr/bill/billDetail.do?billId=104354
16,160513,인사청문회제도개선,최병모,이상수의원,2002-10-21,2003-07-01,국회운영위원회,폐기,처리의안,https://likms.assembly.go.kr/bill/billDetail.do?billId=104340,https://likms.assembly.go.kr/bill/billDetail.do?billId=104340
16,160512,정치자금에관한법률및공직자윤리법개정,최병모,이상수의원,2002-10-21,2004-03-03,행정자치위원회,폐기,처리의안,https://likms.assembly.go.kr/bill/billDetail.do?billId=104338,https://likms.assembly.go.kr/bill/billDetail.do?billId=104338
16,160511,돈세탁방지관련법개정,최병모,이상수의원,2002-10-21,2002-10-24,재정경제위원회,폐기,처리의안,https://likms.assembly.go.kr/bill/billDetail.do?billId=104336,https://likms.assembly.go.kr/bill/billDetail.do?billId=104336
16,160510,검찰개혁및부패방지,최병모,이상수의원,2002-10-21,2002-10-24,법제사법위원회,폐기,처리의안,https://likms.assembly.go.kr/bill/billDetail.do?billId=104334,https://likms.assembly.go.kr/bill/billDetail.do?billId=104334
16,160509,한국전쟁전후민간인희생사건진상규명및피해자명예회복등에관한특별법제정촉구,두 봉,김원웅의원,2002-10-21,2003-11-15,과거사진상규명에관한특별위원회,본회의불부의,처리의안,https://likms.assembly.go.kr/bill/billDetail.do?billId=104318,https://likms.assembly.go.kr/bill/billDetail.do?billId=104318
16,160508,한국전쟁전후민간인희생사건진상규명및피해자명예회복등에관한특별법제정촉구,이태준외 25인,박재욱의원,2002-10-19,2003-11-15,과거사진상규명에관한특별위원회,본회의불부의,처리의안,https://likms.assembly.go.kr/bill/billDetail.do?billId=104316,https://likms.assembly.go.kr/bill/billDetail.do?billId=104316
16,160507,의문사진상규명에관한특별법개정촉구,주종우외 38인,이재오의원외 4인,2002-10-18,2002-10-22,법제사법위원회,본회의불부의,처리의안,https://likms.assembly.go.kr/bill/billDetail.do?billId=104278,https://likms.assembly.go.kr/bill/billDetail.do?billId=104278
16,160506,미군기지이천이전반대,"최운학외 72,964인",이희규의원,2002-10-17,2002-10-19,국방위원회,폐기,처리의안,https://likms.assembly.go.kr/bill/billDetail.do?billId=104253,https://likms.assembly.go.kr/bill/billDetail.do?billId=104253
16,160505,구미시경구학원에대한감사원감사처분철회,안영주,김성조의원,2002-10-17,2002-10-19,법제사법위원회,철회,처리의안,https://likms.assembly.go.kr/bill/billDetail.do?billId=104251,https://likms.assembly.go.kr/bill/billDetail.do?billId=104251
16,160504,의료법개정,김광태,김성순의원,2002-10-17,2002-10-19,보건복지위원회,본회의불부의,처리의안,https://likms.assembly.go.kr/bill/billDetail.do?billId=104249,https://likms.assembly.go.kr/bill/billDetail.do?billId=104249
16,160503,장애아동통합교육,"정창교외 65,158인",박창달의원외 18인,2002-10-16,2002-10-17,교육위원회,폐기,처리의안,https://likms.assembly.go.kr/bill/billDetail.do?billId=104246,https://likms.assembly.go.kr/bill/billDetail.do?billId=104246
16,160502,한국전쟁전후민간인희생사건진상규명및피해자명예회복등에관한특별법제정촉구,조정배외 72인,김원웅의원,2002-10-16,2003-11-15,과거사진상규명에관한특별위원회,본회의불부의,처리의안,https://likms.assembly.go.kr/bill/billDetail.do?billId=104244,https://likms.assembly.go.kr/bill/billDetail.do?billId=104244
16,160501,일제강점하강제동원피해진상규명등에관한특별법제정촉구,최병모,김원웅의원,2002-10-15,2003-11-15,과거사진상규명에관한특별위원회,본회의불부의,처리의안,https://likms.assembly.go.kr/bill/billDetail.do?billId=104241,https://likms.assembly.go.kr/bill/billDetail.do?billId=104241
16,160500,일제강점하강제동원피해진상규명등에관한특별법제정촉구,한영용,"김원웅,이강두의원",2002-10-15,2003-11-15,과거사진상규명에관한특별위원회,본회의불부의,처리의안,https://likms.assembly.go.kr/bill/billDetail.do?billId=104236,https://likms.assembly.go.kr/bill/billDetail.do?billId=104236
16,160499,공립단설유치원설립반대,"이영자외 12,000인",김문수의원,2002-10-10,2002-10-11,교육위원회,폐기,처리의안,https://likms.assembly.go.kr/bill/billDetail.do?billId=104215,https://likms.assembly.go.kr/bill/billDetail.do?billId=104215
16,160498,의문사진상규명에관한특별법개정촉구,허영춘,이부영의원,2002-10-09,2002-10-10,법제사법위원회,본회의불부의,처리의안,https://likms.assembly.go.kr/bill/billDetail.do?billId=104212,https://likms.assembly.go.kr/bill/billDetail.do?billId=104212
16,160497,일제강점하강제동원피해진상규명등에관한특별법제정촉구,전재진,김원웅의원,2002-10-09,2003-11-15,과거사진상규명에관한특별위원회,본회의불부의,처리의안,https://likms.assembly.go.kr/bill/billDetail.do?billId=104209,https://likms.assembly.go.kr/bill/billDetail.do?billId=104209
16,160496,옥천구간고속도로확장공사설계변경,금기권,심규철의원,2002-10-08,2002-10-09,건설교통위원회,본회의불부의,처리의안,https://likms.assembly.go.kr/bill/billDetail.do?billId=104205,https://likms.assembly.go.kr/bill/billDetail.do?billId=104205
16,160495,한국전쟁전후민간인희생진상조사및명예회복특별법제정,류희범외 167인,이원형의원외 4인,2002-10-08,2003-11-15,과거사진상규명에관한특별위원회,본회의불부의,처리의안,https://likms.assembly.go.kr/bill/billDetail.do?billId=104199,https://likms.assembly.go.kr/bill/billDetail.do?billId=104199
16,160494,여성관련예산정책,이경숙외 2인,이미경의원,2002-10-08,2002-10-09,국회운영위원회,폐기,처리의안,https://likms.assembly.go.kr/bill/billDetail.do?billId=104194,https://likms.assembly.go.kr/bill/billDetail.do?billId=104194
16,160493,공적자금관리특별법개정,박상증,김부겸의원,2002-10-07,2002-10-08,재정경제위원회,본회의불부의,처리의안,https://likms.assembly.go.kr/bill/billDetail.do?billId=104177,https://likms.assembly.go.kr/bill/billDetail.do?billId=104177
16,160492,대구산업정보대학재단환원에관한청원반대,"최기호,박춘식,신정식외 149인",정대철의원,2002-10-02,2002-10-07,교육위원회,폐기,처리의안,https://likms.assembly.go.kr/bill/billDetail.do?billId=104163,https://likms.assembly.go.kr/bill/billDetail.do?billId=104163
16,160491,경흥학원임시이사파견철회,김학만외 5인,이인기의원,2002-10-02,2002-10-07,교육위원회,철회,처리의안,https://likms.assembly.go.kr/bill/billDetail.do?billId=104161,https://likms.assembly.go.kr/bill/billDetail.do?billId=104161
16,160490,수복지역내토지등기등에관한특별법제정,이은섭외 415인,이재창의원외 2인,2002-10-02,2002-10-07,법제사법위원회,폐기,처리의안,https://likms.assembly.go.kr/bill/billDetail.do?billId=104175,https://likms.assembly.go.kr/bill/billDetail.do?billId=104175
16,160489,기독교TV위성방송채널배정,장광영외 30인,고흥길의원외 51인,2002-09-30,2002-10-04,문화관광위원회,폐기,처리의안,https://likms.assembly.go.kr/bill/billDetail.do?billId=104150,https://likms.assembly.go.kr/bill/billDetail.do?billId=104150
16,160488,향교재산법개정,"김치곤외 3,779인",박재욱의원외 31인,2002-09-26,2002-09-30,문화관광위원회,폐기,처리의안,https://likms.assembly.go.kr/bill/billDetail.do?billId=104134,https://likms.assembly.go.kr/bill/billDetail.do?billId=104134
16,160487,민간순국반공청년유공자보상법제정,고복석,원희룡의원,2002-09-26,2002-09-30,정무위원회,폐기,처리의안,https://likms.assembly.go.kr/bill/billDetail.do?billId=104132,https://likms.assembly.go.kr/bill/billDetail.do?billId=104132
16,160486,대한항공858기폭파사건재조사,차옥정외 48인,송영길의원외 1인,2002-09-25,2002-09-28,정보위원회,폐기,처리의안,https://likms.assembly.go.kr/bill/billDetail.do?billId=104130,https://likms.assembly.go.kr/bill/billDetail.do?billId=104130
16,160485,장애인전용극장설립,곽노흥외 428인,송광호의원,2002-09-24,2002-09-28,문화관광위원회,폐기,처리의안,https://likms.assembly.go.kr/bill/billDetail.do?billId=104127,https://likms.assembly.go.kr/bill/billDetail.do?billId=104127
16,160484,한국전쟁전후민간인희생진상규명특별법제정촉구,유일선외 207인,김원웅의원,2002-09-24,2003-11-15,과거사진상규명에관한특별위원회,본회의불부의,처리의안,https://likms.assembly.go.kr/bill/billDetail.do?billId=104088,https://likms.assembly.go.kr/bill/billDetail.do?billId=104088
16,160483,한국전쟁전후민간인희생진상규명특별법제정촉구,서영선,"김원웅,조한천의원",2002-09-24,2003-11-15,과거사진상규명에관한특별위원회,본회의불부의,처리의안,https://likms.assembly.go.kr/bill/billDetail.do?billId=104085,https://likms.assembly.go.kr/bill/billDetail.do?billId=104085
16,160482,구미폐기물매립장설치반대,손유준외 4인,"김성조,정창화의원",2002-09-18,2002-09-26,환경노동위원회,본회의불부의,처리의안,https://likms.assembly.go.kr/bill/billDetail.do?billId=104065,https://likms.assembly.go.kr/bill/billDetail.do?billId=104065
16,160481,중소기업협동조합법개정,조병환외 3인,"유용태,배기운의원",2002-09-14,2002-09-18,산업자원위원회,폐기,처리의안,https://likms.assembly.go.kr/bill/billDetail.do?billId=104043,https://likms.assembly.go.kr/bill/billDetail.do?billId=104043
16,160480,주공아파트임대보증금개선,이성락외 605인,송광호의원,2002-09-13,2002-09-16,건설교통위원회,본회의불부의,처리의안,https://likms.assembly.go.kr/bill/billDetail.do?billId=104039,https://likms.assembly.go.kr/bill/billDetail.do?billId=104039
16,160479,서울외곽순환고속도로노선변경,"최창우외 9,999인",김근태의원외 8인,2002-09-13,2002-09-13,건설교통위원회,폐기,처리의안,https://likms.assembly.go.kr/bill/billDetail.do?billId=104033,https://likms.assembly.go.kr/bill/billDetail.do?billId=104033
16,160478,군부대이전및백사장개방,"신기현,김일관외 437인",송훈석의원,2002-09-12,2002-09-13,국방위원회,폐기,처리의안,https://likms.assembly.go.kr/bill/billDetail.do?billId=104031,https://likms.assembly.go.kr/bill/billDetail.do?billId=104031
16,160477,일제하단체.인물연구지원,조문기,김원웅의원,2002-09-09,2002-09-11,교육위원회,폐기,처리의안,https://likms.assembly.go.kr/bill/billDetail.do?billId=104022,https://likms.assembly.go.kr/bill/billDetail.do?billId=104022
16,160476,충북영동특별재해지역선포,손문주,심규철의원외 22인,2002-09-09,2002-09-11,행정자치위원회,폐기,처리의안,https://likms.assembly.go.kr/bill/billDetail.do?billId=104020,https://likms.assembly.go.kr/bill/billDetail.do?billId=104020
16,160475,안산시월피동일대보전녹지지역해제,"양춘동외 1,270인",유용태의원외 3인,2002-09-09,2002-09-11,건설교통위원회,본회의불부의,처리의안,https://likms.assembly.go.kr/bill/billDetail.do?billId=103980,https://likms.assembly.go.kr/bill/billDetail.do?billId=103980
16,160474,평택시미8군예정부지수용,양동수외 37인,원유철의원,2002-09-06,2002-09-10,국방위원회,폐기,처리의안,https://likms.assembly.go.kr/bill/billDetail.do?billId=103960,https://likms.assembly.go.kr/bill/billDetail.do?billId=103960
16,160473,청원-상주간고속도로설계변경,김기현외 777인,신경식의원,2002-08-30,2002-08-31,건설교통위원회,본회의불부의,처리의안,https://likms.assembly.go.kr/bill/billDetail.do?billId=103905,https://likms.assembly.go.kr/bill/billDetail.do?billId=103905
16,160472,최저임금법개정,이남순,김락기의원,2002-08-29,2002-08-30,환경노동위원회,폐기,처리의안,https://likms.assembly.go.kr/bill/billDetail.do?billId=103903,https://likms.assembly.go.kr/bill/billDetail.do?billId=103903
16,160471,외국인근로자고용및보호에관한법률제정,이남순,박인상의원,2002-08-29,2002-08-30,환경노동위원회,본회의불부의,처리의안,https://likms.assembly.go.kr/bill/billDetail.do?billId=103901,https://likms.assembly.go.kr/bill/billDetail.do?billId=103901
16,160470,국민건강보험법개정,최상영,김홍신의원,2002-08-26,2002-08-28,보건복지위원회,본회의불부의,처리의안,https://likms.assembly.go.kr/bill/billDetail.do?billId=103882,https://likms.assembly.go.kr/bill/billDetail.do?billId=103882
16,160469,대통령선거일전6월내창당금지,박해봉,박승국의원,2002-08-26,2004-03-03,행정자치위원회,폐기,처리의안,https://likms.assembly.go.kr/bill/billDetail.do?billId=103880,https://likms.assembly.go.kr/bill/billDetail.do?billId=103880
16,160468,평택항내항개발중단촉구,김천환,송영진의원,2002-08-12,2002-08-13,농림해양수산위원회,폐기,처리의안,https://likms.assembly.go.kr/bill/billDetail.do?billId=103821,https://likms.assembly.go.kr/bill/billDetail.do?billId=103821
16,160467,비비드광학(주)위장폐업철회및노사중재,손종표,김원웅의원,2002-08-08,2002-08-09,환경노동위원회,본회의불부의,처리의안,https://likms.assembly.go.kr/bill/billDetail.do?billId=103802,https://likms.assembly.go.kr/bill/billDetail.do?billId=103802
16,160466,제주직업전문학교기능대학승격,좌종근외 30인,현경대의원,2002-08-08,2002-08-09,환경노동위원회,폐기,처리의안,https://likms.assembly.go.kr/bill/billDetail.do?billId=103800,https://likms.assembly.go.kr/bill/billDetail.do?billId=103800
16,160465,국호영문표기변경,"박상호외 4,020인",고흥길의원,2002-08-02,2002-08-03,행정자치위원회,폐기,처리의안,https://likms.assembly.go.kr/bill/billDetail.do?billId=103780,https://likms.assembly.go.kr/bill/billDetail.do?billId=103780
16,160464,외국국적취득자에대한6.25참전명예수당지급,장우진,김원웅의원,2002-07-30,2002-07-31,정무위원회,폐기,처리의안,https://likms.assembly.go.kr/bill/billDetail.do?billId=103760,https://likms.assembly.go.kr/bill/billDetail.do?billId=103760
16,160463,주택임대차보호법개정,권영길외 11인,서상섭의원외 5인,2002-07-25,2002-07-26,법제사법위원회,폐기,처리의안,https://likms.assembly.go.kr/bill/billDetail.do?billId=103727,https://likms.assembly.go.kr/bill/billDetail.do?billId=103727
16,160462,특정금융거래정보의보고및이용등에관한법률개정,박상증,원희룡의원,2002-07-18,2002-07-19,재정경제위원회,폐기,처리의안,https://likms.assembly.go.kr/bill/billDetail.do?billId=101057,https://likms.assembly.go.kr/bill/billDetail.do?billId=101057
16,160461,범죄수익은닉의규제및처벌등에관한법률개정,박상증,엄호성의원,2002-07-18,2002-07-19,법제사법위원회,폐기,처리의안,https://likms.assembly.go.kr/bill/billDetail.do?billId=101056,https://likms.assembly.go.kr/bill/billDetail.do?billId=101056
16,160460,고위공직자비리조사처설치에관한특례법제정,박상증,신기남의원,2002-07-18,2002-07-19,법제사법위원회,폐기,처리의안,https://likms.assembly.go.kr/bill/billDetail.do?billId=101055,https://likms.assembly.go.kr/bill/billDetail.do?billId=101055
16,160459,휴일및관공서의공휴일에관한법률제정,권영길,이호웅의원,2002-06-10,2002-07-12,행정자치위원회,폐기,처리의안,https://likms.assembly.go.kr/bill/billDetail.do?billId=101054,https://likms.assembly.go.kr/bill/billDetail.do?billId=101054
16,160458,운강이강년선생기념회관건립등,이호재외 600인,김영진의원,2002-06-04,2002-07-12,정무위원회,폐기,처리의안,https://likms.assembly.go.kr/bill/billDetail.do?billId=101053,https://likms.assembly.go.kr/bill/billDetail.do?billId=101053
16,160457,반인도범죄등의시효등에관한특례법제정,김형태외 14인,송영길의원,2002-05-21,2002-05-22,법제사법위원회,폐기,처리의안,https://likms.assembly.go.kr/bill/billDetail.do?billId=101052,https://likms.assembly.go.kr/bill/billDetail.do?billId=101052
16,160456,신라나을신궁복원및신라종묘건립연구비지원,김허남,김원길의원외 48인,2002-05-20,2002-05-22,문화관광위원회,폐기,처리의안,https://likms.assembly.go.kr/bill/billDetail.do?billId=101051,https://likms.assembly.go.kr/bill/billDetail.do?billId=101051
16,160455,간척지친환경농업특별법제정등,"박종기외 3,649인",이정일의원외 2인,2002-05-09,2002-05-10,농림해양수산위원회,폐기,처리의안,https://likms.assembly.go.kr/bill/billDetail.do?billId=101050,https://likms.assembly.go.kr/bill/billDetail.do?billId=101050
16,160454,청소년유해업소불법광고물단속및정비,조영선외 71인,조웅규의원,2002-05-04,2002-05-06,행정자치위원회,폐기,처리의안,https://likms.assembly.go.kr/bill/billDetail.do?billId=101049,https://likms.assembly.go.kr/bill/billDetail.do?billId=101049
16,160453,무장간첩에의한피해자배상특별법제정,권예자,권오을의원,2002-05-02,2002-05-03,법제사법위원회,폐기,처리의안,https://likms.assembly.go.kr/bill/billDetail.do?billId=101048,https://likms.assembly.go.kr/bill/billDetail.do?billId=101048
16,160452,의료기사등에관한법률개정,이문주,김홍신의원,2002-04-30,2002-05-02,보건복지위원회,본회의불부의,처리의안,https://likms.assembly.go.kr/bill/billDetail.do?billId=101047,https://likms.assembly.go.kr/bill/billDetail.do?billId=101047
16,160451,여의도성모병원진폐병동유지,정훈용,"김홍신,전재희의원",2002-04-30,2002-05-02,보건복지위원회,본회의불부의,처리의안,https://likms.assembly.go.kr/bill/billDetail.do?billId=101046,https://likms.assembly.go.kr/bill/billDetail.do?billId=101046
16,160450,여의도성모병원진폐병동유지,임영,"김홍신,전재희의원",2002-04-30,2002-05-02,보건복지위원회,본회의불부의,처리의안,https://likms.assembly.go.kr/bill/billDetail.do?billId=101045,https://likms.assembly.go.kr/bill/billDetail.do?billId=101045
16,160449,국토기본법개정,장현웅외 11인,임종석의원,2002-04-30,2002-05-02,건설교통위원회,폐기,처리의안,https://likms.assembly.go.kr/bill/billDetail.do?billId=101044,https://likms.assembly.go.kr/bill/billDetail.do?billId=101044
16,160448,아파트전기요금개선,"박상증,김근식외 160,000인",엄호성의원,2002-04-30,2002-05-02,산업자원위원회,폐기,처리의안,https://likms.assembly.go.kr/bill/billDetail.do?billId=101043,https://likms.assembly.go.kr/bill/billDetail.do?billId=101043
16,160447,방송법개정,"주신기외 18,000인",고흥길의원외 17인,2002-04-30,2002-05-02,문화관광위원회,폐기,처리의안,https://likms.assembly.go.kr/bill/billDetail.do?billId=101042,https://likms.assembly.go.kr/bill/billDetail.do?billId=101042
16,160446,상가건물임대차보호법부칙개정,박상증,임종석의원,2002-04-25,2002-04-26,법제사법위원회,본회의불부의,처리의안,https://likms.assembly.go.kr/bill/billDetail.do?billId=101041,https://likms.assembly.go.kr/bill/billDetail.do?billId=101041
16,160445,한일역사공동연구위원회위원장선임,서중석,"김원웅,김희선,이미경의원외 2인",2002-04-23,2002-04-25,교육위원회,본회의불부의,처리의안,https://likms.assembly.go.kr/bill/billDetail.do?billId=101040,https://likms.assembly.go.kr/bill/billDetail.do?billId=101040
16,160444,제설제빙관리법제정,"고진광외 2,115인",정진석의원외 4인,2002-04-22,2002-04-23,행정자치위원회,폐기,처리의안,https://likms.assembly.go.kr/bill/billDetail.do?billId=101039,https://likms.assembly.go.kr/bill/billDetail.do?billId=101039
16,160443,군용항공기지법개정,김외숙,조성준의원,2002-04-22,2002-04-23,국방위원회,폐기,처리의안,https://likms.assembly.go.kr/bill/billDetail.do?billId=101038,https://likms.assembly.go.kr/bill/billDetail.do?billId=101038
16,160442,여객자동차운수사업법령개정,"이정호외 7,038인",설송웅의원,2002-04-15,2002-04-16,건설교통위원회,폐기,처리의안,https://likms.assembly.go.kr/bill/billDetail.do?billId=101037,https://likms.assembly.go.kr/bill/billDetail.do?billId=101037
16,160441,조세특례제한법개정,김각중외 1인,심규철의원,2002-04-15,2002-04-16,재정경제위원회,본회의불부의,처리의안,https://likms.assembly.go.kr/bill/billDetail.do?billId=101036,https://likms.assembly.go.kr/bill/billDetail.do?billId=101036
16,160440,교육현장에서의형사사건처리에관한특례법제정,이달순,이주영의원,2002-04-09,2002-04-10,법제사법위원회,폐기,처리의안,https://likms.assembly.go.kr/bill/billDetail.do?billId=101035,https://likms.assembly.go.kr/bill/billDetail.do?billId=101035
16,160439,국방부의F-15K선정철회와차기전투기(F-X)사업연기촉구,문규현,김원웅의원,2002-04-04,2002-04-06,국방위원회,본회의불부의,처리의안,https://likms.assembly.go.kr/bill/billDetail.do?billId=101034,https://likms.assembly.go.kr/bill/billDetail.do?billId=101034
16,160438,보험계약자의권리구제,허준실,엄호성의원,2002-03-29,2002-04-02,정무위원회,폐기,처리의안,https://likms.assembly.go.kr/bill/billDetail.do?billId=101033,https://likms.assembly.go.kr/bill/billDetail.do?billId=101033
16,160437,국민건강증진법령개정안,임차순,심재철의원,2002-03-29,2002-04-02,보건복지위원회,본회의불부의,처리의안,https://likms.assembly.go.kr/bill/billDetail.do?billId=101032,https://likms.assembly.go.kr/bill/billDetail.do?billId=101032
16,160436,제주해녀항일운동자유공포상,"김전근외 2,863인",현경대의원외 2인,2002-03-27,2002-03-28,정무위원회,폐기,처리의안,https://likms.assembly.go.kr/bill/billDetail.do?billId=101031,https://likms.assembly.go.kr/bill/billDetail.do?billId=101031
16,160435,학교신체검사규칙개정,조병수,김홍신의원,2002-03-20,2002-03-23,교육위원회,본회의불부의,처리의안,https://likms.assembly.go.kr/bill/billDetail.do?billId=101030,https://likms.assembly.go.kr/bill/billDetail.do?billId=101030
16,160434,민주유공자예우,이기후외 34인,설송웅의원,2002-03-07,2002-03-11,정무위원회,폐기,처리의안,https://likms.assembly.go.kr/bill/billDetail.do?billId=101029,https://likms.assembly.go.kr/bill/billDetail.do?billId=101029
16,160433,당진항의조속한지정,성기문외 11인,송영진의원,2002-03-06,2002-03-07,농림해양수산위원회,폐기,처리의안,https://likms.assembly.go.kr/bill/billDetail.do?billId=101028,https://likms.assembly.go.kr/bill/billDetail.do?billId=101028
16,160432,초등학교과학실험보조요원처우개선등,김현숙외 58인,권철현의원,2002-02-27,2002-02-28,교육위원회,폐기,처리의안,https://likms.assembly.go.kr/bill/billDetail.do?billId=101027,https://likms.assembly.go.kr/bill/billDetail.do?billId=101027
16,160431,울산미포국가산업단지효문지구해제,"류재건외 4,510인",윤두환의원외 3인,2002-02-22,2002-02-23,건설교통위원회,본회의불부의,처리의안,https://likms.assembly.go.kr/bill/billDetail.do?billId=101026,https://likms.assembly.go.kr/bill/billDetail.do?billId=101026
16,160430,재개발구역세입자용공공임대주택분양전환,"이경섭외 4,644인",원희룡의원,2002-02-21,2002-02-22,행정자치위원회,폐기,처리의안,https://likms.assembly.go.kr/bill/billDetail.do?billId=101025,https://likms.assembly.go.kr/bill/billDetail.do?billId=101025
16,160429,산재노동자의날제정,이남순,김락기의원,2002-02-19,2002-02-20,행정자치위원회,폐기,처리의안,https://likms.assembly.go.kr/bill/billDetail.do?billId=101024,https://likms.assembly.go.kr/bill/billDetail.do?billId=101024
16,160428,은행법개정안,이종훈,정세균의원,2002-02-15,2002-02-16,재정경제위원회,본회의불부의,처리의안,https://likms.assembly.go.kr/bill/billDetail.do?billId=101023,https://likms.assembly.go.kr/bill/billDetail.do?billId=101023
16,160427,대전골령골집단학살진상조사등,이성찬외 254인,"김원웅,현경대의원외 14인",2002-02-05,2003-11-15,과거사진상규명에관한특별위원회,본회의불부의,처리의안,https://likms.assembly.go.kr/bill/billDetail.do?billId=101022,https://likms.assembly.go.kr/bill/billDetail.do?billId=101022
16,160426,폭리제한법제정,박상증,"김원웅,천정배의원",2002-02-05,2002-02-06,재정경제위원회,본회의불부의,처리의안,https://likms.assembly.go.kr/bill/billDetail.do?billId=101021,https://likms.assembly.go.kr/bill/billDetail.do?billId=101021
16,160425,정당법개정,복기왕외 1인,임종석의원외 12인,2002-02-01,2002-02-01,정치개혁특별위원회,본회의불부의,처리의안,https://likms.assembly.go.kr/bill/billDetail.do?billId=101020,https://likms.assembly.go.kr/bill/billDetail.do?billId=101020
16,160424,어린이안전교육법적의무화,송자외 1인,최병렬의원,2002-01-18,2002-01-19,보건복지위원회,채택,처리의안,https://likms.assembly.go.kr/bill/billDetail.do?billId=101019,https://likms.assembly.go.kr/bill/billDetail.do?billId=101019
16,160423,장애인고용촉진및직업재활법개정,최민외 15인,신계륜의원,2002-01-11,2002-01-12,환경노동위원회,폐기,처리의안,https://likms.assembly.go.kr/bill/billDetail.do?billId=101018,https://likms.assembly.go.kr/bill/billDetail.do?billId=101018
16,160422,용인구성택지지구지정철회,김순경,김윤식의원,2002-01-04,2002-01-08,건설교통위원회,본회의불부의,처리의안,https://likms.assembly.go.kr/bill/billDetail.do?billId=101017,https://likms.assembly.go.kr/bill/billDetail.do?billId=101017
16,160421,나주시봉황면철천리등양민학살사건진상조사,나종석외 18인,배기운의원,2001-12-28,2003-11-15,과거사진상규명에관한특별위원회,본회의불부의,처리의안,https://likms.assembly.go.kr/bill/billDetail.do?billId=101016,https://likms.assembly.go.kr/bill/billDetail.do?billId=101016
16,160420,공동주택청소.경비용역부가가치세환급,이회웅외 106인,박종근의원,2001-12-26,2001-12-27,재정경제위원회,본회의불부의,처리의안,https://likms.assembly.go.kr/bill/billDetail.do?billId=101015,https://likms.assembly.go.kr/bill/billDetail.do?billId=101015
16,160419,공동주택청소.경비용역부가가치세면세,조병광외 2인,박종근의원,2001-12-26,2001-12-27,재정경제위원회,본회의불부의,처리의안,https://likms.assembly.go.kr/bill/billDetail.do?billId=101014,https://likms.assembly.go.kr/bill/billDetail.do?billId=101014
16,160418,부산대학교제2캠퍼스부산지역내설치,김희로외 402인,이재정의원외 2인,2001-12-26,2001-12-27,교육위원회,본회의불부의,처리의안,https://likms.assembly.go.kr/bill/billDetail.do?billId=101013,https://likms.assembly.go.kr/bill/billDetail.do?billId=101013
16,160417,집회및시위에관한법률개정,김창성외 4인,조희욱의원,2001-12-21,2001-12-22,행정자치위원회,폐기,처리의안,https://likms.assembly.go.kr/bill/billDetail.do?billId=101012,https://likms.assembly.go.kr/bill/billDetail.do?billId=101012
16,160416,교통안전법개정,신부용외 3인,김문수의원외 3인,2001-12-19,2001-12-20,건설교통위원회,본회의불부의,처리의안,https://likms.assembly.go.kr/bill/billDetail.do?billId=101011,https://likms.assembly.go.kr/bill/billDetail.do?billId=101011
16,160415,평택항에서의당진항분리지정반대,유천형외 19인,정장선의원,2001-12-17,2001-12-18,농림해양수산위원회,폐기,처리의안,https://likms.assembly.go.kr/bill/billDetail.do?billId=101010,https://likms.assembly.go.kr/bill/billDetail.do?billId=101010
16,160414,지방세법개정,이남순,정창화의원,2001-12-14,2001-12-15,행정자치위원회,폐기,처리의안,https://likms.assembly.go.kr/bill/billDetail.do?billId=101009,https://likms.assembly.go.kr/bill/billDetail.do?billId=101009
16,160413,정치자금법개정,지은희외 1인,이재정의원,2001-12-14,2004-03-03,행정자치위원회,폐기,처리의안,https://likms.assembly.go.kr/bill/billDetail.do?billId=101008,https://likms.assembly.go.kr/bill/billDetail.do?billId=101008
16,160412,정당법개정,지은희외 1인,이재정의원,2001-12-14,2002-01-18,정치개혁특별위원회,본회의불부의,처리의안,https://likms.assembly.go.kr/bill/billDetail.do?billId=101007,https://likms.assembly.go.kr/bill/billDetail.do?billId=101007
16,160411,공직선거및선거부정방지법개정,지은희외 1인,이재정의원,2001-12-14,2002-01-18,정치개혁특별위원회,본회의불부의,처리의안,https://likms.assembly.go.kr/bill/billDetail.do?billId=101006,https://likms.assembly.go.kr/bill/billDetail.do?billId=101006
16,160410,북한이탈주민의보호및정착지원에관한법률개정,장인숙,김성호의원,2001-12-13,2001-12-14,통일외교통상위원회,폐기,처리의안,https://likms.assembly.go.kr/bill/billDetail.do?billId=101005,https://likms.assembly.go.kr/bill/billDetail.do?billId=101005
16,160409,지방교부세법개정,이남주,김성순의원,2001-12-13,2001-12-14,행정자치위원회,폐기,처리의안,https://likms.assembly.go.kr/bill/billDetail.do?billId=101004,https://likms.assembly.go.kr/bill/billDetail.do?billId=101004
16,160408,지방재정법개정,이남주,김성순의원,2001-12-13,2001-12-14,행정자치위원회,폐기,처리의안,https://likms.assembly.go.kr/bill/billDetail.do?billId=101003,https://likms.assembly.go.kr/bill/billDetail.do?billId=101003
16,160407,지방자치법개정,이남주,김성순의원,2001-12-13,2001-12-14,행정자치위원회,폐기,처리의안,https://likms.assembly.go.kr/bill/billDetail.do?billId=101002,https://likms.assembly.go.kr/bill/billDetail.do?billId=101002
16,160406,타워크레인의건설기계등록반대,서양기외 327인,백승홍의원,2001-12-11,2001-12-12,건설교통위원회,본회의불부의,처리의안,https://likms.assembly.go.kr/bill/billDetail.do?billId=101001,https://likms.assembly.go.kr/bill/billDetail.do?billId=101001
16,160405,시화지구개발관련수용토지중공공용지외토지의반환,이선재외 3인,김희선의원,2001-12-11,2001-12-12,건설교통위원회,폐기,처리의안,https://likms.assembly.go.kr/bill/billDetail.do?billId=101000,https://likms.assembly.go.kr/bill/billDetail.do?billId=101000
16,160404,공무원연금법개정,손공자,정문화의원,2001-12-10,2001-12-12,행정자치위원회,폐기,처리의안,https://likms.assembly.go.kr/bill/billDetail.do?billId=100999,https://likms.assembly.go.kr/bill/billDetail.do?billId=100999
16,160403,국민건강보험재정건전화특별법안,정경수,이정일의원,2001-12-05,2001-12-06,보건복지위원회,본회의불부의,처리의안,https://likms.assembly.go.kr/bill/billDetail.do?billId=100998,https://likms.assembly.go.kr/bill/billDetail.do?billId=100998
16,160402,학교급식법개정,김남용외 1인,이규택의원외 34인,2001-12-05,2001-12-06,교육위원회,본회의불부의,처리의안,https://likms.assembly.go.kr/bill/billDetail.do?billId=100997,https://likms.assembly.go.kr/bill/billDetail.do?billId=100997
16,160401,정치관련법개정,"김모임,이춘호,조현옥",이연숙의원외 2인,2001-12-05,2002-01-18,정치개혁특별위원회,본회의불부의,처리의안,https://likms.assembly.go.kr/bill/billDetail.do?billId=100996,https://likms.assembly.go.kr/bill/billDetail.do?billId=100996
16,160400,방문판매등에관한법률개정법률안,정미현외 211인,김원웅의원,2001-12-04,2001-12-05,정무위원회,철회,처리의안,https://likms.assembly.go.kr/bill/billDetail.do?billId=100995,https://likms.assembly.go.kr/bill/billDetail.do?billId=100995
16,160399,신용정보의이용및보호에관한법률개정,박은정,천정배의원,2001-12-04,2001-12-05,재정경제위원회,본회의불부의,처리의안,https://likms.assembly.go.kr/bill/billDetail.do?billId=100994,https://likms.assembly.go.kr/bill/billDetail.do?billId=100994
16,160398,친일인명사전편찬을위한기초자료수집예산지원,조문기,김원웅의원,2001-12-04,2001-12-05,문화관광위원회,폐기,처리의안,https://likms.assembly.go.kr/bill/billDetail.do?billId=100993,https://likms.assembly.go.kr/bill/billDetail.do?billId=100993
16,160397,노동조합및노동관계조정법개정과교원의노동조합설립및운영에관한법률폐지,"차봉천외 35,246인",이부영의원외 12인,2001-12-01,2001-12-03,환경노동위원회,폐기,처리의안,https://likms.assembly.go.kr/bill/billDetail.do?billId=100992,https://likms.assembly.go.kr/bill/billDetail.do?billId=100992
16,160396,근로기준법개정,라석찬,나오연의원,2001-12-01,2001-12-03,환경노동위원회,폐기,처리의안,https://likms.assembly.go.kr/bill/billDetail.do?billId=100991,https://likms.assembly.go.kr/bill/billDetail.do?billId=100991
16,160395,지방의회의원의유급화및공직선거입후보시조기퇴직규정개정,정금영외 13인,"정대철,박상천의원",2001-11-30,2002-01-18,정치개혁특별위원회,본회의불부의,처리의안,https://likms.assembly.go.kr/bill/billDetail.do?billId=100990,https://likms.assembly.go.kr/bill/billDetail.do?billId=100990
16,160394,의료법개정,백상호,김태홍의원,2001-11-29,2001-11-30,보건복지위원회,본회의불부의,처리의안,https://likms.assembly.go.kr/bill/billDetail.do?billId=100989,https://likms.assembly.go.kr/bill/billDetail.do?billId=100989
16,160393,테러방지법제정반대,서준식외 1인,김홍신의원,2001-11-28,2001-11-29,정보위원회,본회의불부의,처리의안,https://likms.assembly.go.kr/bill/billDetail.do?billId=100988,https://likms.assembly.go.kr/bill/billDetail.do?billId=100988
16,160392,대호지자유수호운동명예회복등,"임창묵외 1,021인",송영진의원,2001-11-28,2001-11-29,정무위원회,폐기,처리의안,https://likms.assembly.go.kr/bill/billDetail.do?billId=100987,https://likms.assembly.go.kr/bill/billDetail.do?billId=100987
16,160391,우주항공청신설,장지량외 2인,유재건의원외 11인,2001-11-27,2001-11-29,행정자치위원회,폐기,처리의안,https://likms.assembly.go.kr/bill/billDetail.do?billId=100986,https://likms.assembly.go.kr/bill/billDetail.do?billId=100986
16,160390,지방의회의원의유급화및공직선거입후보시조기퇴직규정개정,이용부외 15인,박상천의원,2001-11-27,2002-01-18,정치개혁특별위원회,본회의불부의,처리의안,https://likms.assembly.go.kr/bill/billDetail.do?billId=100985,https://likms.assembly.go.kr/bill/billDetail.do?billId=100985
16,160389,성매매알선등범죄의처벌및방지에관한법률제정,신혜수외 28인,"송영길,이연숙,조배숙의원",2001-11-27,2001-11-27,법제사법위원회,본회의불부의,처리의안,https://likms.assembly.go.kr/bill/billDetail.do?billId=100984,https://likms.assembly.go.kr/bill/billDetail.do?billId=100984
16,160388,영양치료보험급여인정,문현경외 10인,최영희의원외 2인,2001-11-26,2001-11-27,보건복지위원회,폐기,처리의안,https://likms.assembly.go.kr/bill/billDetail.do?billId=100983,https://likms.assembly.go.kr/bill/billDetail.do?billId=100983
16,160387,지방세제개편및지방재정지원제도개선,김세웅,정세균의원,2001-11-26,2001-11-27,행정자치위원회,폐기,처리의안,https://likms.assembly.go.kr/bill/billDetail.do?billId=100982,https://likms.assembly.go.kr/bill/billDetail.do?billId=100982
16,160386,상공회의소법개정법률안,박용성,"김학송,조성준의원",2001-11-24,2001-11-26,산업자원위원회,본회의불부의,처리의안,https://likms.assembly.go.kr/bill/billDetail.do?billId=100981,https://likms.assembly.go.kr/bill/billDetail.do?billId=100981
16,160385,식품기부활성화법제정,강명순외 5인,김성순의원,2001-11-23,2001-11-24,보건복지위원회,폐기,처리의안,https://likms.assembly.go.kr/bill/billDetail.do?billId=100980,https://likms.assembly.go.kr/bill/billDetail.do?billId=100980
16,160384,출판및인쇄진흥법안제22조반대,정진욱외 5인,심규철의원,2001-11-23,2001-11-24,문화관광위원회,본회의불부의,처리의안,https://likms.assembly.go.kr/bill/billDetail.do?billId=100979,https://likms.assembly.go.kr/bill/billDetail.do?billId=100979
16,160383,신라왕위묘전건립기초연구비지원,김허남,김태호의원외 2인,2001-11-21,2001-11-22,문화관광위원회,철회,처리의안,https://likms.assembly.go.kr/bill/billDetail.do?billId=100978,https://likms.assembly.go.kr/bill/billDetail.do?billId=100978
16,160382,주민투표법제정,"하미용,유영록외 23,076인",박종우의원,2001-11-20,2001-11-22,행정자치위원회,폐기,처리의안,https://likms.assembly.go.kr/bill/billDetail.do?billId=100977,https://likms.assembly.go.kr/bill/billDetail.do?billId=100977
16,160381,한-브라질항공노선재개,권명호,김일윤의원,2001-11-20,2001-11-22,건설교통위원회,폐기,처리의안,https://likms.assembly.go.kr/bill/billDetail.do?billId=100976,https://likms.assembly.go.kr/bill/billDetail.do?billId=100976
16,160380,공직자윤리법개정,이은영,"민봉기,추미애의원외 19인",2001-11-19,2001-11-20,행정자치위원회,폐기,처리의안,https://likms.assembly.go.kr/bill/billDetail.do?billId=100975,https://likms.assembly.go.kr/bill/billDetail.do?billId=100975
16,160379,유아대상학원의만5세아동교육비지원,"이인섭외 39,868인",전용학의원외 4인,2001-11-19,2001-11-20,교육위원회,폐기,처리의안,https://likms.assembly.go.kr/bill/billDetail.do?billId=100974,https://likms.assembly.go.kr/bill/billDetail.do?billId=100974
16,160378,의료법개정안,황일원외 84인,김홍신의원,2001-11-16,2001-11-19,보건복지위원회,본회의불부의,처리의안,https://likms.assembly.go.kr/bill/billDetail.do?billId=100973,https://likms.assembly.go.kr/bill/billDetail.do?billId=100973
16,160377,국세기본법개정,이필우,이한구의원,2001-11-15,2001-11-16,재정경제위원회,폐기,처리의안,https://likms.assembly.go.kr/bill/billDetail.do?billId=100972,https://likms.assembly.go.kr/bill/billDetail.do?billId=100972
16,160376,특별소비세법개정,김수방외 14인,손학규의원,2001-11-15,2001-11-16,재정경제위원회,본회의불부의,처리의안,https://likms.assembly.go.kr/bill/billDetail.do?billId=100971,https://likms.assembly.go.kr/bill/billDetail.do?billId=100971
16,160375,2002년도사회보장예산확대,박상증외 6인,"김태홍,김홍신의원",2001-11-14,2001-11-16,보건복지위원회,본회의불부의,처리의안,https://likms.assembly.go.kr/bill/billDetail.do?billId=100970,https://likms.assembly.go.kr/bill/billDetail.do?billId=100970
16,160374,증권투자신탁업법개정반대,박상증,김원웅의원,2001-11-14,2001-11-16,재정경제위원회,본회의불부의,처리의안,https://likms.assembly.go.kr/bill/billDetail.do?billId=100969,https://likms.assembly.go.kr/bill/billDetail.do?billId=100969
16,160373,증권투자회사법개정반대,박상증,김원웅의원,2001-11-14,2001-11-16,재정경제위원회,본회의불부의,처리의안,https://likms.assembly.go.kr/bill/billDetail.do?billId=100968,https://likms.assembly.go.kr/bill/billDetail.do?billId=100968
16,160372,독점규제및공정거래에관한법률개정반대,박상증,김원웅의원,2001-11-13,2001-11-14,정무위원회,폐기,처리의안,https://likms.assembly.go.kr/bill/billDetail.do?billId=100967,https://likms.assembly.go.kr/bill/billDetail.do?billId=100967
16,160371,은행법개정,박상증,김원웅의원,2001-11-13,2001-11-14,재정경제위원회,본회의불부의,처리의안,https://likms.assembly.go.kr/bill/billDetail.do?billId=100966,https://likms.assembly.go.kr/bill/billDetail.do?billId=100966
16,160370,2002서울공연예술제지원현실화,최종원,"김원웅,김홍신,이호웅의원",2001-11-12,2001-11-13,문화관광위원회,본회의불부의,처리의안,https://likms.assembly.go.kr/bill/billDetail.do?billId=100965,https://likms.assembly.go.kr/bill/billDetail.do?billId=100965
16,160369,방송법령개정,"최창규외 3,588인","김원웅,박종웅,정진석의원외 106인",2001-11-12,2001-11-13,문화관광위원회,본회의불부의,처리의안,https://likms.assembly.go.kr/bill/billDetail.do?billId=100964,https://likms.assembly.go.kr/bill/billDetail.do?billId=100964
16,160368,화물자동차운수사업법개정,"김화규외 6,255인",안경률의원,2001-11-09,2001-11-12,건설교통위원회,본회의불부의,처리의안,https://likms.assembly.go.kr/bill/billDetail.do?billId=100963,https://likms.assembly.go.kr/bill/billDetail.do?billId=100963
16,160367,외규장각도서반환협상,조하현외 13인,추미애의원외 8인,2001-11-07,2001-11-08,통일외교통상위원회,폐기,처리의안,https://likms.assembly.go.kr/bill/billDetail.do?billId=100962,https://likms.assembly.go.kr/bill/billDetail.do?billId=100962
16,160366,포항공항유도등설치용부지매입,정운성,심규철의원,2001-11-07,2001-11-08,건설교통위원회,폐기,처리의안,https://likms.assembly.go.kr/bill/billDetail.do?billId=100961,https://likms.assembly.go.kr/bill/billDetail.do?billId=100961
16,160365,세법개정,이남순,정세균의원,2001-11-06,2001-11-07,재정경제위원회,본회의불부의,처리의안,https://likms.assembly.go.kr/bill/billDetail.do?billId=100960,https://likms.assembly.go.kr/bill/billDetail.do?billId=100960
16,160364,의료법령개정,장성호,이원형의원,2001-11-02,2001-11-05,보건복지위원회,본회의불부의,처리의안,https://likms.assembly.go.kr/bill/billDetail.do?billId=100959,https://likms.assembly.go.kr/bill/billDetail.do?billId=100959
16,160363,육영재단에대한공권력남용시정,박서영,하순봉의원,2001-11-01,2001-11-02,교육위원회,폐기,처리의안,https://likms.assembly.go.kr/bill/billDetail.do?billId=100958,https://likms.assembly.go.kr/bill/billDetail.do?billId=100958
16,160362,우편법개정,성유보외 3인,정범구의원외 5인,2001-10-31,2001-11-01,과학기술정보통신위원회,폐기,처리의안,https://likms.assembly.go.kr/bill/billDetail.do?billId=100957,https://likms.assembly.go.kr/bill/billDetail.do?billId=100957
16,160361,부가가치세법등개정,성유보외 3인,정범구의원외 5인,2001-10-31,2001-11-01,재정경제위원회,폐기,처리의안,https://likms.assembly.go.kr/bill/billDetail.do?billId=100956,https://likms.assembly.go.kr/bill/billDetail.do?billId=100956
16,160360,독점규제및공정거래에관한법률등개정,성유보외 3인,정범구의원외 5인,2001-10-31,2001-11-01,정무위원회,폐기,처리의안,https://likms.assembly.go.kr/bill/billDetail.do?billId=100955,https://likms.assembly.go.kr/bill/billDetail.do?billId=100955
16,160359,소방청법제정,"최기용,이덕수,외 1,215,531인","김옥두,김충조,이병석의원외 32인",2001-10-30,2001-10-31,행정자치위원회,폐기,처리의안,https://likms.assembly.go.kr/bill/billDetail.do?billId=100954,https://likms.assembly.go.kr/bill/billDetail.do?billId=100954
16,160358,여성의정치참여확대를위한정치관계법개정,은방희외 954인,정균환의원,2001-10-30,2002-01-18,정치개혁특별위원회,본회의불부의,처리의안,https://likms.assembly.go.kr/bill/billDetail.do?billId=100953,https://likms.assembly.go.kr/bill/billDetail.do?billId=100953
16,160357,공격용헬기도입사업폐기,문규현,김원웅의원,2001-10-30,2001-10-31,국방위원회,본회의불부의,처리의안,https://likms.assembly.go.kr/bill/billDetail.do?billId=100952,https://likms.assembly.go.kr/bill/billDetail.do?billId=100952
16,160356,부가가치세법개정,"이순화외 2,134인",한화갑의원외 8인,2001-10-29,2001-10-29,재정경제위원회,본회의불부의,처리의안,https://likms.assembly.go.kr/bill/billDetail.do?billId=100951,https://likms.assembly.go.kr/bill/billDetail.do?billId=100951
16,160355,국토방위유공희생자의예우및복지지원에관한특례법제정,"박효성외 1,517인",현경대의원외 20인,2001-10-26,2001-10-27,정무위원회,폐기,처리의안,https://likms.assembly.go.kr/bill/billDetail.do?billId=100950,https://likms.assembly.go.kr/bill/billDetail.do?billId=100950
16,160354,한국건설관리공사법제정,"안광은외 1,095인",송광호의원,2001-10-25,2001-10-26,건설교통위원회,폐기,처리의안,https://likms.assembly.go.kr/bill/billDetail.do?billId=100949,https://likms.assembly.go.kr/bill/billDetail.do?billId=100949
16,160353,내수면가두리양식업면허연장불허에따른피해보상,박영복외 32인,권오을의원외 5인,2001-10-25,2001-10-26,농림해양수산위원회,폐기,처리의안,https://likms.assembly.go.kr/bill/billDetail.do?billId=100948,https://likms.assembly.go.kr/bill/billDetail.do?billId=100948
16,160352,태평양전쟁부상군인국가보상,김성수,박관용의원,2001-10-24,2001-10-25,재정경제위원회,폐기,처리의안,https://likms.assembly.go.kr/bill/billDetail.do?billId=100947,https://likms.assembly.go.kr/bill/billDetail.do?billId=100947
16,160351,부동산중개업법개정,이승희외 18인,엄호성의원,2001-10-22,2001-10-23,건설교통위원회,폐기,처리의안,https://likms.assembly.go.kr/bill/billDetail.do?billId=100946,https://likms.assembly.go.kr/bill/billDetail.do?billId=100946
16,160350,중동및이슬람연구의활성화와대아랍홍보강화를위한지원,한덕규,정인봉의원,2001-10-22,2001-10-25,통일외교통상위원회,폐기,처리의안,https://likms.assembly.go.kr/bill/billDetail.do?billId=100945,https://likms.assembly.go.kr/bill/billDetail.do?billId=100945
16,160349,어린이텔레비전법제정,이경숙,이미경의원,2001-10-18,2001-10-19,문화관광위원회,폐기,처리의안,https://likms.assembly.go.kr/bill/billDetail.do?billId=100944,https://likms.assembly.go.kr/bill/billDetail.do?billId=100944
16,160348,노량진중앙시장활성화,권찬규외 18인,서청원의원,2001-10-18,2001-10-19,산업자원위원회,본회의불부의,처리의안,https://likms.assembly.go.kr/bill/billDetail.do?billId=100943,https://likms.assembly.go.kr/bill/billDetail.do?billId=100943
16,160347,한국전쟁시포항여남동송골계곡미함대함포사격희생자진상규명및명예회복을위한특별법제정,최일출외 2인,이병석의원외 6인,2001-10-17,2001-10-18,국방위원회,폐기,처리의안,https://likms.assembly.go.kr/bill/billDetail.do?billId=100942,https://likms.assembly.go.kr/bill/billDetail.do?billId=100942
16,160346,공항시설유지보수용역계약연장,도정만외 564인,신기남의원,2001-10-17,2001-10-18,건설교통위원회,폐기,처리의안,https://likms.assembly.go.kr/bill/billDetail.do?billId=100941,https://likms.assembly.go.kr/bill/billDetail.do?billId=100941
16,160345,미군상대영업부가가치세과세반대,이경추외 849인,원유철의원,2001-10-17,2001-10-18,재정경제위원회,본회의불부의,처리의안,https://likms.assembly.go.kr/bill/billDetail.do?billId=100940,https://likms.assembly.go.kr/bill/billDetail.do?billId=100940
16,160344,검찰청법개정,박은정외 1인,천정배의원,2001-10-17,2001-10-18,법제사법위원회,폐기,처리의안,https://likms.assembly.go.kr/bill/billDetail.do?billId=100939,https://likms.assembly.go.kr/bill/billDetail.do?billId=100939
16,160343,공공기관의정보공개에관한법률개정,박상증외 51인,전갑길의원외 2인,2001-10-16,2001-10-17,행정자치위원회,폐기,처리의안,https://likms.assembly.go.kr/bill/billDetail.do?billId=100938,https://likms.assembly.go.kr/bill/billDetail.do?billId=100938
16,160342,약사법개정,이주영,김홍신의원,2001-10-16,2001-10-17,보건복지위원회,폐기,처리의안,https://likms.assembly.go.kr/bill/billDetail.do?billId=100937,https://likms.assembly.go.kr/bill/billDetail.do?billId=100937
16,160341,광주두암시장활성화,유원종외 63인,전갑길의원,2001-10-15,2001-10-16,산업자원위원회,본회의불부의,처리의안,https://likms.assembly.go.kr/bill/billDetail.do?billId=100936,https://likms.assembly.go.kr/bill/billDetail.do?billId=100936
16,160340,택지초과소유부담금환급특별법제정,임상순,이부영의원,2001-10-12,2001-10-12,건설교통위원회,폐기,처리의안,https://likms.assembly.go.kr/bill/billDetail.do?billId=100935,https://likms.assembly.go.kr/bill/billDetail.do?billId=100935
16,160339,사립학교행정실직원교육용인터넷전용선지원,"강병학외 6,173인",이규택의원,2001-10-10,2001-10-11,교육위원회,본회의불부의,처리의안,https://likms.assembly.go.kr/bill/billDetail.do?billId=100934,https://likms.assembly.go.kr/bill/billDetail.do?billId=100934
16,160338,도곡상가활성화,정정섭,최병렬의원,2001-10-10,2001-10-10,산업자원위원회,본회의불부의,처리의안,https://likms.assembly.go.kr/bill/billDetail.do?billId=100933,https://likms.assembly.go.kr/bill/billDetail.do?billId=100933
16,160337,광주무등시장활성화,김종관외 94인,서청원의원,2001-10-10,2001-10-10,산업자원위원회,본회의불부의,처리의안,https://likms.assembly.go.kr/bill/billDetail.do?billId=100932,https://likms.assembly.go.kr/bill/billDetail.do?billId=100932
16,160336,관악종합시장활성화,김영호외 166인,서청원의원,2001-10-10,2001-10-10,산업자원위원회,본회의불부의,처리의안,https://likms.assembly.go.kr/bill/billDetail.do?billId=100931,https://likms.assembly.go.kr/bill/billDetail.do?billId=100931
16,160335,구로시장활성화,황규영외 56인,서청원의원,2001-10-10,2001-10-10,산업자원위원회,본회의불부의,처리의안,https://likms.assembly.go.kr/bill/billDetail.do?billId=100930,https://likms.assembly.go.kr/bill/billDetail.do?billId=100930
16,160334,미군헬기장도심외곽이전,류상락외 39인,강신성일의원외 2인,2001-10-09,2001-10-10,국방위원회,폐기,처리의안,https://likms.assembly.go.kr/bill/billDetail.do?billId=100929,https://likms.assembly.go.kr/bill/billDetail.do?billId=100929
16,160333,대구남문시장활성화,김경태외 85인,백승홍의원,2001-10-08,2001-10-08,산업자원위원회,본회의불부의,처리의안,https://likms.assembly.go.kr/bill/billDetail.do?billId=100928,https://likms.assembly.go.kr/bill/billDetail.do?billId=100928
16,160332,대구로타리시장활성화,김명돌,이원형의원,2001-10-08,2001-10-08,산업자원위원회,본회의불부의,처리의안,https://likms.assembly.go.kr/bill/billDetail.do?billId=100927,https://likms.assembly.go.kr/bill/billDetail.do?billId=100927
16,160331,대구만촌시장활성화,김교완,이원형의원,2001-10-08,2001-10-08,산업자원위원회,본회의불부의,처리의안,https://likms.assembly.go.kr/bill/billDetail.do?billId=100926,https://likms.assembly.go.kr/bill/billDetail.do?billId=100926
16,160330,부산장성시장활성화,이용술외 126인,김진재의원외 14인,2001-10-08,2001-10-08,산업자원위원회,본회의불부의,처리의안,https://likms.assembly.go.kr/bill/billDetail.do?billId=100925,https://likms.assembly.go.kr/bill/billDetail.do?billId=100925
16,160329,대구봉덕시장등활성화,류근택외 341인,현승일의원,2001-10-06,2001-10-08,산업자원위원회,본회의불부의,처리의안,https://likms.assembly.go.kr/bill/billDetail.do?billId=100924,https://likms.assembly.go.kr/bill/billDetail.do?billId=100924
16,160328,영천범어시장활성화,조용호,이원형의원,2001-10-06,2001-10-08,산업자원위원회,본회의불부의,처리의안,https://likms.assembly.go.kr/bill/billDetail.do?billId=100923,https://likms.assembly.go.kr/bill/billDetail.do?billId=100923
16,160327,수일시장활성화,정구일외 97인,강인섭의원,2001-10-04,2001-10-05,산업자원위원회,본회의불부의,처리의안,https://likms.assembly.go.kr/bill/billDetail.do?billId=100922,https://likms.assembly.go.kr/bill/billDetail.do?billId=100922
16,160326,대구원대시장활성화,이철웅외 23인,강재섭의원,2001-10-04,2001-10-05,산업자원위원회,본회의불부의,처리의안,https://likms.assembly.go.kr/bill/billDetail.do?billId=100921,https://likms.assembly.go.kr/bill/billDetail.do?billId=100921
16,160325,대구지산종합상가시장활성화,이재경,박세환의원,2001-10-04,2001-10-05,산업자원위원회,본회의불부의,처리의안,https://likms.assembly.go.kr/bill/billDetail.do?billId=100920,https://likms.assembly.go.kr/bill/billDetail.do?billId=100920
16,160324,대구대동시장활성화,김원균외 604인,이해봉의원,2001-09-28,2001-10-04,산업자원위원회,본회의불부의,처리의안,https://likms.assembly.go.kr/bill/billDetail.do?billId=100919,https://likms.assembly.go.kr/bill/billDetail.do?billId=100919
16,160323,대구도원시장활성화,황윤성외 91인,이해봉의원,2001-09-28,2001-10-04,산업자원위원회,본회의불부의,처리의안,https://likms.assembly.go.kr/bill/billDetail.do?billId=100918,https://likms.assembly.go.kr/bill/billDetail.do?billId=100918
16,160322,신평시장활성화,이은신,원희룡의원,2001-09-27,2001-09-28,산업자원위원회,본회의불부의,처리의안,https://likms.assembly.go.kr/bill/billDetail.do?billId=100917,https://likms.assembly.go.kr/bill/billDetail.do?billId=100917
16,160321,특별검사의임명등에관한법률제정,박은정외 1인,김영춘의원,2001-09-27,2001-09-28,법제사법위원회,폐기,처리의안,https://likms.assembly.go.kr/bill/billDetail.do?billId=100916,https://likms.assembly.go.kr/bill/billDetail.do?billId=100916
16,160320,대구서남시장활성화,김홍진외 74인,박종근의원,2001-09-25,2001-09-26,산업자원위원회,본회의불부의,처리의안,https://likms.assembly.go.kr/bill/billDetail.do?billId=100915,https://likms.assembly.go.kr/bill/billDetail.do?billId=100915
16,160319,대구동성시장활성화,정재도외 33인,윤영탁의원,2001-09-25,2001-09-26,산업자원위원회,본회의불부의,처리의안,https://likms.assembly.go.kr/bill/billDetail.do?billId=100914,https://likms.assembly.go.kr/bill/billDetail.do?billId=100914
16,160318,대구수성시장활성화,정성환외 27인,윤영탁의원,2001-09-25,2001-09-26,산업자원위원회,본회의불부의,처리의안,https://likms.assembly.go.kr/bill/billDetail.do?billId=100913,https://likms.assembly.go.kr/bill/billDetail.do?billId=100913
16,160317,대구태백시장활성화,김명달외 28인,윤영탁의원,2001-09-25,2001-09-26,산업자원위원회,본회의불부의,처리의안,https://likms.assembly.go.kr/bill/billDetail.do?billId=100912,https://likms.assembly.go.kr/bill/billDetail.do?billId=100912
16,160316,대학모집단위광역화시정,장정규외 124인,임종석의원,2001-09-24,2001-09-25,교육위원회,본회의불부의,처리의안,https://likms.assembly.go.kr/bill/billDetail.do?billId=100911,https://likms.assembly.go.kr/bill/billDetail.do?billId=100911
16,160315,대구서구시장활성화,박원규외 196인,강재섭의원,2001-09-21,2001-09-24,산업자원위원회,본회의불부의,처리의안,https://likms.assembly.go.kr/bill/billDetail.do?billId=100910,https://likms.assembly.go.kr/bill/billDetail.do?billId=100910
16,160314,한라그룹경영진의업무상배임및검찰의늑장수사국정조사,권영길,김원웅의원,2001-09-20,2001-09-20,법제사법위원회,폐기,처리의안,https://likms.assembly.go.kr/bill/billDetail.do?billId=100909,https://likms.assembly.go.kr/bill/billDetail.do?billId=100909
16,160313,대구황금시장및동부시장활성화,김희칠외 140인,장태완의원,2001-09-20,2001-09-21,산업자원위원회,본회의불부의,처리의안,https://likms.assembly.go.kr/bill/billDetail.do?billId=100908,https://likms.assembly.go.kr/bill/billDetail.do?billId=100908
16,160312,한일해저터널협정추진,김종갑외 738인,송광호의원,2001-09-19,2001-09-20,통일외교통상위원회,폐기,처리의안,https://likms.assembly.go.kr/bill/billDetail.do?billId=100907,https://likms.assembly.go.kr/bill/billDetail.do?billId=100907
16,160311,흑석시장활성화,이순복,유용태의원,2001-09-18,2001-09-20,산업자원위원회,본회의불부의,처리의안,https://likms.assembly.go.kr/bill/billDetail.do?billId=100906,https://likms.assembly.go.kr/bill/billDetail.do?billId=100906
16,160310,개발제한구역의지정및관리에관한특별조치법시행령개정,강상섭,안상수의원,2001-09-17,2001-09-17,건설교통위원회,폐기,처리의안,https://likms.assembly.go.kr/bill/billDetail.do?billId=100905,https://likms.assembly.go.kr/bill/billDetail.do?billId=100905
16,160309,우키시마호폭침사건해결,전재진,"김원웅,이미경의원",2001-09-14,2001-09-17,통일외교통상위원회,폐기,처리의안,https://likms.assembly.go.kr/bill/billDetail.do?billId=100904,https://likms.assembly.go.kr/bill/billDetail.do?billId=100904
16,160308,광주산수시장활성화,설평노,김경천의원,2001-09-13,2001-09-14,산업자원위원회,본회의불부의,처리의안,https://likms.assembly.go.kr/bill/billDetail.do?billId=100903,https://likms.assembly.go.kr/bill/billDetail.do?billId=100903
16,160307,휘경시장활성화,엄석오외 37인,김희선의원,2001-09-13,2001-09-14,산업자원위원회,본회의불부의,처리의안,https://likms.assembly.go.kr/bill/billDetail.do?billId=100902,https://likms.assembly.go.kr/bill/billDetail.do?billId=100902
16,160306,화물자동차운수사업법개정,"유병우외 6,722인",전용학의원외 116인,2001-09-13,2001-09-14,건설교통위원회,본회의불부의,처리의안,https://likms.assembly.go.kr/bill/billDetail.do?billId=100901,https://likms.assembly.go.kr/bill/billDetail.do?billId=100901
16,160305,동울산종합시장활성화,김병기외 641인,정몽준의원,2001-09-12,2001-09-12,산업자원위원회,본회의불부의,처리의안,https://likms.assembly.go.kr/bill/billDetail.do?billId=100900,https://likms.assembly.go.kr/bill/billDetail.do?billId=100900
16,160304,대구산업정보대학재단환원,김재은 신진수외 1인,권오을의원,2001-09-10,2001-09-11,교육위원회,폐기,처리의안,https://likms.assembly.go.kr/bill/billDetail.do?billId=100899,https://likms.assembly.go.kr/bill/billDetail.do?billId=100899
16,160303,대전가양시장활성화,이화춘외 112인,이양희의원,2001-09-08,2001-09-10,산업자원위원회,본회의불부의,처리의안,https://likms.assembly.go.kr/bill/billDetail.do?billId=100898,https://likms.assembly.go.kr/bill/billDetail.do?billId=100898
16,160302,도봉시장활성화,전상진외 455인,설훈의원,2001-09-08,2001-09-10,산업자원위원회,본회의불부의,처리의안,https://likms.assembly.go.kr/bill/billDetail.do?billId=100897,https://likms.assembly.go.kr/bill/billDetail.do?billId=100897
16,160301,종암시장활성화,장영도,신계륜의원,2001-09-08,2001-09-10,산업자원위원회,본회의불부의,처리의안,https://likms.assembly.go.kr/bill/billDetail.do?billId=100896,https://likms.assembly.go.kr/bill/billDetail.do?billId=100896
16,160300,재래시장활성화,김용달외 51인,김명섭의원,2001-09-08,2001-09-10,산업자원위원회,본회의불부의,처리의안,https://likms.assembly.go.kr/bill/billDetail.do?billId=100895,https://likms.assembly.go.kr/bill/billDetail.do?billId=100895
16,160299,천안자유시장활성화,홍재환외 99인,서청원의원,2001-09-06,2001-09-07,산업자원위원회,본회의불부의,처리의안,https://likms.assembly.go.kr/bill/billDetail.do?billId=100894,https://likms.assembly.go.kr/bill/billDetail.do?billId=100894
16,160298,노량진삼거리시장활성화,김성국외 249인,서청원의원,2001-09-06,2001-09-06,산업자원위원회,본회의불부의,처리의안,https://likms.assembly.go.kr/bill/billDetail.do?billId=100893,https://likms.assembly.go.kr/bill/billDetail.do?billId=100893
16,160297,신림중앙시장활성화,박응준외 33인,서청원의원,2001-09-06,2001-09-06,산업자원위원회,본회의불부의,처리의안,https://likms.assembly.go.kr/bill/billDetail.do?billId=100892,https://likms.assembly.go.kr/bill/billDetail.do?billId=100892
16,160296,재래시장활성화특별조치법제정,이민수외 101인,서청원의원,2001-09-06,2001-09-06,산업자원위원회,본회의불부의,처리의안,https://likms.assembly.go.kr/bill/billDetail.do?billId=100891,https://likms.assembly.go.kr/bill/billDetail.do?billId=100891
16,160295,근해안강망어업구조조정,김충석,김충조의원,2001-09-05,2001-09-06,농림해양수산위원회,폐기,처리의안,https://likms.assembly.go.kr/bill/billDetail.do?billId=100890,https://likms.assembly.go.kr/bill/billDetail.do?billId=100890
16,160294,목동제일시장활성화,조덕용외 39인,원희룡의원,2001-09-03,2001-09-04,산업자원위원회,본회의불부의,처리의안,https://likms.assembly.go.kr/bill/billDetail.do?billId=100889,https://likms.assembly.go.kr/bill/billDetail.do?billId=100889
16,160293,재래시장활성화특별조치법제정,한규대외 135인,원희룡의원,2001-09-03,2001-09-04,산업자원위원회,본회의불부의,처리의안,https://likms.assembly.go.kr/bill/billDetail.do?billId=100888,https://likms.assembly.go.kr/bill/billDetail.do?billId=100888
16,160292,서귀포상설시장활성화,고태근외 696인,고진부의원,2001-09-03,2001-09-04,산업자원위원회,본회의불부의,처리의안,https://likms.assembly.go.kr/bill/billDetail.do?billId=100887,https://likms.assembly.go.kr/bill/billDetail.do?billId=100887
16,160291,근로기준법개정,김완식,신계륜의원,2001-08-31,2001-09-01,환경노동위원회,폐기,처리의안,https://likms.assembly.go.kr/bill/billDetail.do?billId=100886,https://likms.assembly.go.kr/bill/billDetail.do?billId=100886
16,160290,"서산A,B지구간척농지분양","이종선외 2,545인",문석호의원,2001-08-31,2001-09-01,농림해양수산위원회,폐기,처리의안,https://likms.assembly.go.kr/bill/billDetail.do?billId=100885,https://likms.assembly.go.kr/bill/billDetail.do?billId=100885
16,160289,모래내시장등의활성화,이형노외 733인,정세균의원,2001-08-30,2001-08-31,산업자원위원회,본회의불부의,처리의안,https://likms.assembly.go.kr/bill/billDetail.do?billId=100884,https://likms.assembly.go.kr/bill/billDetail.do?billId=100884
16,160288,역촌중앙시장활성화,국충호외 45인,이재오의원,2001-08-30,2001-08-31,산업자원위원회,본회의불부의,처리의안,https://likms.assembly.go.kr/bill/billDetail.do?billId=100883,https://likms.assembly.go.kr/bill/billDetail.do?billId=100883
16,160287,종업원경영참가법제정,권영길,박인상의원,2001-08-30,2001-08-31,환경노동위원회,폐기,처리의안,https://likms.assembly.go.kr/bill/billDetail.do?billId=100882,https://likms.assembly.go.kr/bill/billDetail.do?billId=100882
16,160286,한국전력기술(주)의민영화시종업원주식소유제도입,"김용구외 12,030인",조성준의원외 3인,2001-08-29,2001-08-30,산업자원위원회,폐기,처리의안,https://likms.assembly.go.kr/bill/billDetail.do?billId=100881,https://likms.assembly.go.kr/bill/billDetail.do?billId=100881
16,160285,숭인시장활성화,임명재외 65인,조순형의원,2001-08-29,2001-08-30,산업자원위원회,본회의불부의,처리의안,https://likms.assembly.go.kr/bill/billDetail.do?billId=100880,https://likms.assembly.go.kr/bill/billDetail.do?billId=100880
16,160284,쌍문시장활성화,김태정외 210인,김원길의원,2001-08-28,2001-08-29,산업자원위원회,본회의불부의,처리의안,https://likms.assembly.go.kr/bill/billDetail.do?billId=100879,https://likms.assembly.go.kr/bill/billDetail.do?billId=100879
16,160283,삼청교육피해자명예회복및배상특별법제정,전영순외 68인,한화갑의원외 12인,2001-08-27,2001-08-28,국방위원회,폐기,처리의안,https://likms.assembly.go.kr/bill/billDetail.do?billId=100878,https://likms.assembly.go.kr/bill/billDetail.do?billId=100878
16,160282,봉천신시장활성화,정종식외 579인,이훈평의원,2001-08-27,2001-08-28,산업자원위원회,본회의불부의,처리의안,https://likms.assembly.go.kr/bill/billDetail.do?billId=100877,https://likms.assembly.go.kr/bill/billDetail.do?billId=100877
16,160281,수유북부시장활성화,김중원외 25인,김원길의원,2001-08-25,2001-08-27,산업자원위원회,본회의불부의,처리의안,https://likms.assembly.go.kr/bill/billDetail.do?billId=100876,https://likms.assembly.go.kr/bill/billDetail.do?billId=100876
16,160280,재래시장활성화,최기석외 141인,김원길의원,2001-08-25,2001-08-27,산업자원위원회,본회의불부의,처리의안,https://likms.assembly.go.kr/bill/billDetail.do?billId=100875,https://likms.assembly.go.kr/bill/billDetail.do?billId=100875
16,160279,우이시장활성화,이상근외 110인,김원길의원,2001-08-25,2001-08-27,산업자원위원회,본회의불부의,처리의안,https://likms.assembly.go.kr/bill/billDetail.do?billId=100874,https://likms.assembly.go.kr/bill/billDetail.do?billId=100874
16,160278,대학수학능력시험2회실시,김명신외 702인,"이재정,황우여의원",2001-08-24,2001-08-25,교육위원회,폐기,처리의안,https://likms.assembly.go.kr/bill/billDetail.do?billId=100873,https://likms.assembly.go.kr/bill/billDetail.do?billId=100873
16,160277,창신시장활성화,조병덕외 101인,정인봉의원,2001-08-24,2001-08-25,산업자원위원회,본회의불부의,처리의안,https://likms.assembly.go.kr/bill/billDetail.do?billId=100872,https://likms.assembly.go.kr/bill/billDetail.do?billId=100872
16,160276,중소기업의구조개선및경영안정지원을위한특별조치법개정,"금동식외 1,220인",박명환의원,2001-08-23,2001-08-25,산업자원위원회,본회의불부의,처리의안,https://likms.assembly.go.kr/bill/billDetail.do?billId=100871,https://likms.assembly.go.kr/bill/billDetail.do?billId=100871
16,160275,공덕시장활성화,김영훈외 85인,박명환의원,2001-08-23,2001-08-25,산업자원위원회,본회의불부의,처리의안,https://likms.assembly.go.kr/bill/billDetail.do?billId=100870,https://likms.assembly.go.kr/bill/billDetail.do?billId=100870
16,160274,마포시장활성화,"박정용, 최찬식외 131인",박명환의원,2001-08-23,2001-08-25,산업자원위원회,본회의불부의,처리의안,https://likms.assembly.go.kr/bill/billDetail.do?billId=100869,https://likms.assembly.go.kr/bill/billDetail.do?billId=100869
16,160273,국호영문표기변경,황백현,김원웅의원,2001-08-22,2001-08-23,행정자치위원회,폐기,처리의안,https://likms.assembly.go.kr/bill/billDetail.do?billId=100868,https://likms.assembly.go.kr/bill/billDetail.do?billId=100868
16,160272,한일합병일국치일지정,황백현,김원웅의원,2001-08-22,2001-08-23,행정자치위원회,폐기,처리의안,https://likms.assembly.go.kr/bill/billDetail.do?billId=100867,https://likms.assembly.go.kr/bill/billDetail.do?billId=100867
16,160271,반민족행위처벌특별법제정,황백현,김원웅의원,2001-08-22,2001-08-23,법제사법위원회,폐기,처리의안,https://likms.assembly.go.kr/bill/billDetail.do?billId=100866,https://likms.assembly.go.kr/bill/billDetail.do?billId=100866
16,160270,재래시장활성화,장용준외 495인,이종걸의원,2001-08-22,2001-08-23,산업자원위원회,본회의불부의,처리의안,https://likms.assembly.go.kr/bill/billDetail.do?billId=100865,https://likms.assembly.go.kr/bill/billDetail.do?billId=100865
16,160269,재래시장활성화,양승일,원희룡의원,2001-08-22,2001-08-23,산업자원위원회,본회의불부의,처리의안,https://likms.assembly.go.kr/bill/billDetail.do?billId=100864,https://likms.assembly.go.kr/bill/billDetail.do?billId=100864
16,160268,상고사왜곡시정을위한공청회개최,최재인외 11인,"권철현,김정숙의원외 5인",2001-08-17,2001-08-20,교육위원회,폐기,처리의안,https://likms.assembly.go.kr/bill/billDetail.do?billId=100863,https://likms.assembly.go.kr/bill/billDetail.do?billId=100863
16,160267,재래시장활성화,조이현외 406인,최돈웅의원,2001-08-17,2001-08-20,산업자원위원회,본회의불부의,처리의안,https://likms.assembly.go.kr/bill/billDetail.do?billId=100862,https://likms.assembly.go.kr/bill/billDetail.do?billId=100862
16,160266,근로기준법등개정,단병호,김문수의원,2001-08-14,2001-08-14,환경노동위원회,폐기,처리의안,https://likms.assembly.go.kr/bill/billDetail.do?billId=100861,https://likms.assembly.go.kr/bill/billDetail.do?billId=100861
16,160265,일본역사교과서왜곡시정등,"김삼열외 1,060,000인",김원웅의원,2001-08-14,2001-08-20,통일외교통상위원회,폐기,처리의안,https://likms.assembly.go.kr/bill/billDetail.do?billId=100860,https://likms.assembly.go.kr/bill/billDetail.do?billId=100860
16,160264,수산업법개정,"김종갑외 2,559인",조웅규의원,2001-08-14,2001-08-14,농림해양수산위원회,폐기,처리의안,https://likms.assembly.go.kr/bill/billDetail.do?billId=100859,https://likms.assembly.go.kr/bill/billDetail.do?billId=100859
16,160263,식품위생법개정,서성철외 16인,엄호성의원,2001-08-13,2001-08-16,보건복지위원회,본회의불부의,처리의안,https://likms.assembly.go.kr/bill/billDetail.do?billId=100858,https://likms.assembly.go.kr/bill/billDetail.do?billId=100858
16,160262,서해안고속도로명칭정정,"신영은외 3,394인",이윤성의원외 4인,2001-08-08,2001-08-09,건설교통위원회,본회의불부의,처리의안,https://likms.assembly.go.kr/bill/billDetail.do?billId=100857,https://likms.assembly.go.kr/bill/billDetail.do?billId=100857
16,160261,광업권취소및광업법등개정,"오웅진외 3,525인",한화갑의원외 71인,2001-08-07,2001-08-08,산업자원위원회,폐기,처리의안,https://likms.assembly.go.kr/bill/billDetail.do?billId=100856,https://likms.assembly.go.kr/bill/billDetail.do?billId=100856
16,160260,차량원격과속확인장치설치,박용훈외 14인,임인배의원외 5인,2001-08-06,2001-08-07,건설교통위원회,본회의불부의,처리의안,https://likms.assembly.go.kr/bill/billDetail.do?billId=100855,https://likms.assembly.go.kr/bill/billDetail.do?billId=100855
16,160259,원자력발전소주변지역지원에관한특별법제정,최현돌외 1인,안경률의원,2001-08-01,2001-08-02,산업자원위원회,폐기,처리의안,https://likms.assembly.go.kr/bill/billDetail.do?billId=100854,https://likms.assembly.go.kr/bill/billDetail.do?billId=100854
16,160258,교육개혁의방향,"김승옥외 1,475인",이규택의원,2001-07-27,2001-07-28,교육위원회,본회의불부의,처리의안,https://likms.assembly.go.kr/bill/billDetail.do?billId=100853,https://likms.assembly.go.kr/bill/billDetail.do?billId=100853
16,160257,성분영양제에너젠보험적용확대,황상문,김홍신의원,2001-07-23,2001-07-24,보건복지위원회,본회의불부의,처리의안,https://likms.assembly.go.kr/bill/billDetail.do?billId=100852,https://likms.assembly.go.kr/bill/billDetail.do?billId=100852
16,160256,국민건강보험피부양자인정기준개선,임장근,김홍신의원,2001-07-23,2001-07-24,보건복지위원회,본회의불부의,처리의안,https://likms.assembly.go.kr/bill/billDetail.do?billId=100851,https://likms.assembly.go.kr/bill/billDetail.do?billId=100851
16,160255,한국산업단지공단반월.구미열병합발전소민영화재검토,임춘묵외 56인,"안영근,조성준의원",2001-07-19,2001-07-20,산업자원위원회,철회,처리의안,https://likms.assembly.go.kr/bill/billDetail.do?billId=100850,https://likms.assembly.go.kr/bill/billDetail.do?billId=100850
16,160254,종합화력시험장해상사격으로인한어민피해보상,문제빈외 449인,문석호의원,2001-07-18,2001-07-20,국방위원회,폐기,처리의안,https://likms.assembly.go.kr/bill/billDetail.do?billId=100849,https://likms.assembly.go.kr/bill/billDetail.do?billId=100849
16,160253,의료법개정,라석찬,정의화의원,2001-07-16,2001-07-18,보건복지위원회,본회의불부의,처리의안,https://likms.assembly.go.kr/bill/billDetail.do?billId=100848,https://likms.assembly.go.kr/bill/billDetail.do?billId=100848
16,160252,금융분쟁조정기관의부작위에따른피해보상,박흥식외 7인,김영춘의원외 3인,2001-07-09,2001-07-10,정무위원회,폐기,처리의안,https://likms.assembly.go.kr/bill/billDetail.do?billId=100847,https://likms.assembly.go.kr/bill/billDetail.do?billId=100847
16,160251,수도권정비계획법개정반대,강용식,김원웅의원외 3인,2001-07-06,2001-07-09,건설교통위원회,본회의불부의,처리의안,https://likms.assembly.go.kr/bill/billDetail.do?billId=100846,https://likms.assembly.go.kr/bill/billDetail.do?billId=100846
16,160250,창군및6.25참전장기복무군인퇴직급여금지급특별법제정,최종태외 786인,조웅규의원,2001-07-02,2001-07-04,국방위원회,폐기,처리의안,https://likms.assembly.go.kr/bill/billDetail.do?billId=100845,https://likms.assembly.go.kr/bill/billDetail.do?billId=100845
16,160249,광복단결사대기념탑건립지원,김영원외 88인,김원웅의원,2001-06-28,2001-06-29,정무위원회,폐기,처리의안,https://likms.assembly.go.kr/bill/billDetail.do?billId=100844,https://likms.assembly.go.kr/bill/billDetail.do?billId=100844
16,160248,북한테러희생자유가족국가보상특별법제정,김형창외 48인,안상수의원,2001-06-27,2001-10-06,건설교통위원회,폐기,처리의안,https://likms.assembly.go.kr/bill/billDetail.do?billId=100843,https://likms.assembly.go.kr/bill/billDetail.do?billId=100843
16,160247,영유아보육법개정,"지은희,이윤경,임종대","김성순,김태홍,김홍신의원",2001-06-27,2001-06-28,보건복지위원회,본회의불부의,처리의안,https://likms.assembly.go.kr/bill/billDetail.do?billId=100842,https://likms.assembly.go.kr/bill/billDetail.do?billId=100842
16,160246,88올림픽고속도로개선,손정탁외 1인,이강두의원,2001-06-26,2001-06-27,건설교통위원회,본회의불부의,처리의안,https://likms.assembly.go.kr/bill/billDetail.do?billId=100841,https://likms.assembly.go.kr/bill/billDetail.do?billId=100841
16,160245,국민건강보험법개정,허영구외 16인,김홍신의원,2001-06-25,2001-06-26,보건복지위원회,본회의불부의,처리의안,https://likms.assembly.go.kr/bill/billDetail.do?billId=100840,https://likms.assembly.go.kr/bill/billDetail.do?billId=100840
16,160244,의료법개정,허영구외 17인,김홍신의원,2001-06-21,2001-06-22,보건복지위원회,본회의불부의,처리의안,https://likms.assembly.go.kr/bill/billDetail.do?billId=100839,https://likms.assembly.go.kr/bill/billDetail.do?billId=100839
16,160243,한약사의한약조제범위확대,이창형외 342인,김홍신의원,2001-06-20,2001-06-21,보건복지위원회,폐기,처리의안,https://likms.assembly.go.kr/bill/billDetail.do?billId=100838,https://likms.assembly.go.kr/bill/billDetail.do?billId=100838
16,160242,당진읍탑동사거리고가차도건설계획취소,송영환외 480인,송영진의원,2001-06-13,2001-06-14,건설교통위원회,철회,처리의안,https://likms.assembly.go.kr/bill/billDetail.do?billId=100837,https://likms.assembly.go.kr/bill/billDetail.do?billId=100837
16,160241,재래시장활성화를위한특별법제정,임동삼외 500인,강성구의원,2001-06-13,2001-06-14,산업자원위원회,본회의불부의,처리의안,https://likms.assembly.go.kr/bill/billDetail.do?billId=100836,https://likms.assembly.go.kr/bill/billDetail.do?billId=100836
16,160240,서해대교명칭변경,김유창외 59인,"원유철,정장선의원",2001-06-08,2001-06-09,건설교통위원회,폐기,처리의안,https://likms.assembly.go.kr/bill/billDetail.do?billId=100835,https://likms.assembly.go.kr/bill/billDetail.do?billId=100835
16,160239,치과기공소개설시지도치과의사선정제도폐지,이청일,이원형의원,2001-06-08,2001-06-09,보건복지위원회,본회의불부의,처리의안,https://likms.assembly.go.kr/bill/billDetail.do?billId=100834,https://likms.assembly.go.kr/bill/billDetail.do?billId=100834
16,160238,어린이공원내보육시설설치,조순옥외 111인,정대철의원,2001-06-07,2001-06-08,건설교통위원회,폐기,처리의안,https://likms.assembly.go.kr/bill/billDetail.do?billId=100833,https://likms.assembly.go.kr/bill/billDetail.do?billId=100833
16,160237,개인유전정보보호법제정,"김환석외 1,870인",김홍신의원,2001-06-07,2001-06-08,과학기술정보통신위원회,폐기,처리의안,https://likms.assembly.go.kr/bill/billDetail.do?billId=100832,https://likms.assembly.go.kr/bill/billDetail.do?billId=100832
16,160236,중소기업의구조개선및경영안정지원을위한특별조치법개정,이민수외 9인,서청원의원,2001-06-05,2001-06-07,산업자원위원회,본회의불부의,처리의안,https://likms.assembly.go.kr/bill/billDetail.do?billId=100831,https://likms.assembly.go.kr/bill/billDetail.do?billId=100831
16,160235,공군사격장인근주민피해보상등,김기수외 293인,이규택의원,2001-06-04,2001-06-05,국방위원회,폐기,처리의안,https://likms.assembly.go.kr/bill/billDetail.do?billId=100830,https://likms.assembly.go.kr/bill/billDetail.do?billId=100830
16,160234,보건진료소관리운영규정개정,도종환외 7인,김성순의원,2001-06-02,2001-06-04,보건복지위원회,본회의불부의,처리의안,https://likms.assembly.go.kr/bill/billDetail.do?billId=100829,https://likms.assembly.go.kr/bill/billDetail.do?billId=100829
16,160233,아파트인근송전탑이전등,이정림,이재창의원,2001-06-01,2001-06-02,산업자원위원회,폐기,처리의안,https://likms.assembly.go.kr/bill/billDetail.do?billId=100828,https://likms.assembly.go.kr/bill/billDetail.do?billId=100828
16,160232,육군정보학교부지매매조건불이행에따른피해보상,이부남,김덕규의원,2001-05-28,2001-05-30,국방위원회,폐기,처리의안,https://likms.assembly.go.kr/bill/billDetail.do?billId=100827,https://likms.assembly.go.kr/bill/billDetail.do?billId=100827
16,160231,북한테러희생자유가족국가보상특별법제정,김형창외 48인,안상수의원,2001-05-28,2001-05-30,행정자치위원회,철회,처리의안,https://likms.assembly.go.kr/bill/billDetail.do?billId=100826,https://likms.assembly.go.kr/bill/billDetail.do?billId=100826
16,160230,선원의료보험료적립금반환등,박태길,박인상의원외 47인,2001-05-24,2001-05-26,보건복지위원회,본회의불부의,처리의안,https://likms.assembly.go.kr/bill/billDetail.do?billId=100825,https://likms.assembly.go.kr/bill/billDetail.do?billId=100825
16,160229,직업전문학교신설,성기문외 11인,송영진의원,2001-05-17,2001-05-18,환경노동위원회,폐기,처리의안,https://likms.assembly.go.kr/bill/billDetail.do?billId=100824,https://likms.assembly.go.kr/bill/billDetail.do?billId=100824
16,160228,산청(시천.삼장.단성)민간인학살진상조사및명예회복을위한입법,김희수외 10인,김용균의원,2001-05-12,2003-11-15,과거사진상규명에관한특별위원회,본회의불부의,처리의안,https://likms.assembly.go.kr/bill/billDetail.do?billId=100823,https://likms.assembly.go.kr/bill/billDetail.do?billId=100823
16,160227,평화은행완전감자에따른항만노동자퇴직금손실보전,"이남순,오문환외 21,135인","박인상,이호웅의원외 58인",2001-05-10,2001-05-12,재정경제위원회,본회의불부의,처리의안,https://likms.assembly.go.kr/bill/billDetail.do?billId=100822,https://likms.assembly.go.kr/bill/billDetail.do?billId=100822
16,160226,부부의날국가기념일제정,권재도외 187인,이주영의원,2001-05-08,2001-05-10,행정자치위원회,채택,처리의안,https://likms.assembly.go.kr/bill/billDetail.do?billId=100821,https://likms.assembly.go.kr/bill/billDetail.do?billId=100821
16,160225,국민건강보험법개정,이남순외 5인,"김락기,박인상,황우여의원",2001-05-07,2001-05-08,보건복지위원회,본회의불부의,처리의안,https://likms.assembly.go.kr/bill/billDetail.do?billId=100820,https://likms.assembly.go.kr/bill/billDetail.do?billId=100820
16,160224,정부추곡수매시검사등급증인접착스티커부착,권정오,신기남의원,2001-05-04,2001-05-07,농림해양수산위원회,본회의불부의,처리의안,https://likms.assembly.go.kr/bill/billDetail.do?billId=100819,https://likms.assembly.go.kr/bill/billDetail.do?billId=100819
16,160223,중국동포사기피해자산업연수기회부여,송월주,"이미경,임채정의원외 138인",2001-05-02,2001-05-04,정무위원회,폐기,처리의안,https://likms.assembly.go.kr/bill/billDetail.do?billId=100818,https://likms.assembly.go.kr/bill/billDetail.do?billId=100818
16,160222,대통령직속국사바로잡기특별위원회설치,강동민외 2인,"김정숙,이규택의원",2001-04-20,2001-04-21,행정자치위원회,폐기,처리의안,https://likms.assembly.go.kr/bill/billDetail.do?billId=100817,https://likms.assembly.go.kr/bill/billDetail.do?billId=100817
16,160221,통영시욕지면전화사업재정융자금상환국비지원,홍유배외 32인,김동욱의원,2001-04-17,2001-04-19,산업자원위원회,폐기,처리의안,https://likms.assembly.go.kr/bill/billDetail.do?billId=100816,https://likms.assembly.go.kr/bill/billDetail.do?billId=100816
16,160220,여학생의학생군사교육단(ROTC)입단허용,이지은외 410인,한화갑의원외 9인,2001-04-16,2001-04-18,국방위원회,폐기,처리의안,https://likms.assembly.go.kr/bill/billDetail.do?billId=100815,https://likms.assembly.go.kr/bill/billDetail.do?billId=100815
16,160219,사회복지사업법개정,김득린외 7인,유재건의원,2001-04-16,2001-04-18,보건복지위원회,본회의불부의,처리의안,https://likms.assembly.go.kr/bill/billDetail.do?billId=100814,https://likms.assembly.go.kr/bill/billDetail.do?billId=100814
16,160218,공중위생관리법개정,박진길외 15인,정재문의원외 3인,2001-04-12,2001-04-13,보건복지위원회,본회의불부의,처리의안,https://likms.assembly.go.kr/bill/billDetail.do?billId=100813,https://likms.assembly.go.kr/bill/billDetail.do?billId=100813
16,160217,주민투표실시에관한법률제정,조병현외 17인,전갑길의원,2001-04-11,2001-04-12,행정자치위원회,폐기,처리의안,https://likms.assembly.go.kr/bill/billDetail.do?billId=100812,https://likms.assembly.go.kr/bill/billDetail.do?billId=100812
16,160216,시각장애인방송접근권보장을위한관련법개정,정광윤,김원웅의원,2001-04-10,2001-04-11,문화관광위원회,폐기,처리의안,https://likms.assembly.go.kr/bill/billDetail.do?billId=100811,https://likms.assembly.go.kr/bill/billDetail.do?billId=100811
16,160215,주택가기계식주차장치설치,고태범외 19인,임인배의원,2001-04-09,2001-04-10,건설교통위원회,폐기,처리의안,https://likms.assembly.go.kr/bill/billDetail.do?billId=100810,https://likms.assembly.go.kr/bill/billDetail.do?billId=100810
16,160214,지방자치법개정,양인섭외 3인,전갑길의원,2001-04-09,2001-04-10,행정자치위원회,폐기,처리의안,https://likms.assembly.go.kr/bill/billDetail.do?billId=100809,https://likms.assembly.go.kr/bill/billDetail.do?billId=100809
16,160213,대전3.8민주의거기념공원조성및조형물건립국비지원,서정의외 65인,김원웅의원,2001-04-07,2001-04-10,행정자치위원회,폐기,처리의안,https://likms.assembly.go.kr/bill/billDetail.do?billId=100808,https://likms.assembly.go.kr/bill/billDetail.do?billId=100808
16,160212,지방공무원법개정,박연수외 41인,송영진의원,2001-04-06,2001-04-09,행정자치위원회,본회의불부의,처리의안,https://likms.assembly.go.kr/bill/billDetail.do?billId=100807,https://likms.assembly.go.kr/bill/billDetail.do?billId=100807
16,160211,충남대호지구간척토지매각대금상환조건완화,"김종식외 2,221인",문석호의원,2001-04-03,2001-04-04,농림해양수산위원회,본회의불부의,처리의안,https://likms.assembly.go.kr/bill/billDetail.do?billId=100806,https://likms.assembly.go.kr/bill/billDetail.do?billId=100806
16,160210,파산법개정,박은정,천정배의원외 2인,2001-04-03,2001-04-04,법제사법위원회,폐기,처리의안,https://likms.assembly.go.kr/bill/billDetail.do?billId=100805,https://likms.assembly.go.kr/bill/billDetail.do?billId=100805
16,160209,충북영동매곡리군부대화학무기폐기시설이전,"장종석외 13,500인",심규철의원외 3인,2001-04-03,2001-04-04,국방위원회,폐기,처리의안,https://likms.assembly.go.kr/bill/billDetail.do?billId=100804,https://likms.assembly.go.kr/bill/billDetail.do?billId=100804
16,160208,국유지사용료및변상금감면등,김영열외 669인,이성헌의원,2001-04-02,2001-04-03,재정경제위원회,본회의불부의,처리의안,https://likms.assembly.go.kr/bill/billDetail.do?billId=100803,https://likms.assembly.go.kr/bill/billDetail.do?billId=100803
16,160207,한국전쟁전후민간인학살진상조사등을위한통합특별법제정,민명수,김원웅의원,2001-03-31,2003-11-15,과거사진상규명에관한특별위원회,본회의불부의,처리의안,https://likms.assembly.go.kr/bill/billDetail.do?billId=100802,https://likms.assembly.go.kr/bill/billDetail.do?billId=100802
16,160206,간행물정가유지에관한법률제정,이창연,심재권의원외 3인,2001-03-30,2001-03-31,문화관광위원회,본회의불부의,처리의안,https://likms.assembly.go.kr/bill/billDetail.do?billId=100801,https://likms.assembly.go.kr/bill/billDetail.do?billId=100801
16,160205,항공법개정,김재호외 15인,"고진부,장정언,현경대의원",2001-03-29,2001-03-30,건설교통위원회,폐기,처리의안,https://likms.assembly.go.kr/bill/billDetail.do?billId=100800,https://likms.assembly.go.kr/bill/billDetail.do?billId=100800
16,160204,군용헬기장이전,"정혜원외 3,275인","김윤식,남궁석,장태완의원",2001-03-29,2001-03-29,국방위원회,폐기,처리의안,https://likms.assembly.go.kr/bill/billDetail.do?billId=100799,https://likms.assembly.go.kr/bill/billDetail.do?billId=100799
16,160203,이자제한법입법,박은정,김문수의원외 3인,2001-03-27,2001-03-27,재정경제위원회,본회의불부의,처리의안,https://likms.assembly.go.kr/bill/billDetail.do?billId=100798,https://likms.assembly.go.kr/bill/billDetail.do?billId=100798
16,160202,주택임대차보호법개정,박은정,김원웅의원외 4인,2001-03-26,2001-03-27,법제사법위원회,본회의불부의,처리의안,https://likms.assembly.go.kr/bill/billDetail.do?billId=100797,https://likms.assembly.go.kr/bill/billDetail.do?billId=100797
16,160201,옥의국제특허및상표출원비용지원요청,김준환,심규철의원외 9인,2001-03-23,2001-03-26,산업자원위원회,폐기,처리의안,https://likms.assembly.go.kr/bill/billDetail.do?billId=100796,https://likms.assembly.go.kr/bill/billDetail.do?billId=100796
16,160200,북한의남침용땅굴징후실체규명요청,정명환외 10인,김종하의원,2001-03-21,2001-03-22,국방위원회,본회의불부의,처리의안,https://likms.assembly.go.kr/bill/billDetail.do?billId=100795,https://likms.assembly.go.kr/bill/billDetail.do?billId=100795
16,160199,외국인노동자고용및인권보장에관한법률제정반대,김영수외 641인,조희욱의원외 26인,2001-03-20,2001-03-21,환경노동위원회,본회의불부의,처리의안,https://likms.assembly.go.kr/bill/billDetail.do?billId=100794,https://likms.assembly.go.kr/bill/billDetail.do?billId=100794
16,160198,태평양전쟁희생자유족회의국가유공자단체가입요청,김종대외 157인,"김영진,김원웅의원외 5인",2001-03-20,2001-03-21,정무위원회,폐기,처리의안,https://likms.assembly.go.kr/bill/billDetail.do?billId=100793,https://likms.assembly.go.kr/bill/billDetail.do?billId=100793
16,160197,일본인후세변호사한국독립유공자포상,정준영외 2인,김원웅의원외 2인,2001-03-20,2001-03-20,정무위원회,폐기,처리의안,https://likms.assembly.go.kr/bill/billDetail.do?billId=100792,https://likms.assembly.go.kr/bill/billDetail.do?billId=100792
16,160196,태평양전쟁희생자유족및생존자생활안정지원법제정,김종대외 334인,"김영진,김원웅의원외 5인",2001-03-19,2001-03-20,보건복지위원회,본회의불부의,처리의안,https://likms.assembly.go.kr/bill/billDetail.do?billId=100791,https://likms.assembly.go.kr/bill/billDetail.do?billId=100791
16,160195,국가배상법개정,한석현외 20인,최용규의원,2001-03-19,2001-03-20,법제사법위원회,폐기,처리의안,https://likms.assembly.go.kr/bill/billDetail.do?billId=100790,https://likms.assembly.go.kr/bill/billDetail.do?billId=100790
16,160194,마산.창원공단지역폐수오염대책,이인식,이주영의원외 10인,2001-03-08,2001-03-09,환경노동위원회,폐기,처리의안,https://likms.assembly.go.kr/bill/billDetail.do?billId=100789,https://likms.assembly.go.kr/bill/billDetail.do?billId=100789
16,160193,방문판매등에관한법률개정,이용학외 55인,이강두의원,2001-03-07,2001-03-08,정무위원회,본회의불부의,처리의안,https://likms.assembly.go.kr/bill/billDetail.do?billId=100788,https://likms.assembly.go.kr/bill/billDetail.do?billId=100788
16,160192,동대문상권지역관광특구지정,"이대종외 13,066인",정대철의원외 3인,2001-03-06,2001-03-07,문화관광위원회,본회의불부의,처리의안,https://likms.assembly.go.kr/bill/billDetail.do?billId=100787,https://likms.assembly.go.kr/bill/billDetail.do?billId=100787
16,160191,새만금간척사업예산집행중단,문규현외 410인,"김원웅,송영길의원외 3인",2001-03-06,2001-03-07,농림해양수산위원회,폐기,처리의안,https://likms.assembly.go.kr/bill/billDetail.do?billId=100786,https://likms.assembly.go.kr/bill/billDetail.do?billId=100786
16,160190,예금자보호법개정,"김경식외 17,248인",김용학의원,2001-03-04,2001-03-05,재정경제위원회,본회의불부의,처리의안,https://likms.assembly.go.kr/bill/billDetail.do?billId=100785,https://likms.assembly.go.kr/bill/billDetail.do?billId=100785
16,160189,화성신도시택지개발반대,"최준식외 4,551인",강성구의원,2001-03-02,2001-03-03,건설교통위원회,본회의불부의,처리의안,https://likms.assembly.go.kr/bill/billDetail.do?billId=100784,https://likms.assembly.go.kr/bill/billDetail.do?billId=100784
16,160188,장애인등소외계층을위한방송법개정,오용균,"김원웅,심재철의원",2001-02-28,2001-03-02,문화관광위원회,폐기,처리의안,https://likms.assembly.go.kr/bill/billDetail.do?billId=100783,https://likms.assembly.go.kr/bill/billDetail.do?billId=100783
16,160187,국군간호사관학교폐교반대,"김은주외 104,082인","박세환,이연숙,조웅규의원",2001-02-26,2001-02-27,국방위원회,본회의불부의,처리의안,https://likms.assembly.go.kr/bill/billDetail.do?billId=100782,https://likms.assembly.go.kr/bill/billDetail.do?billId=100782
16,160186,유전자 DB 구축에 의한 가족찾기사업 중단,함세웅외 6인,"김태홍,김홍신의원외 30인",2001-02-15,2001-02-16,보건복지위원회,본회의불부의,처리의안,https://likms.assembly.go.kr/bill/billDetail.do?billId=100781,https://likms.assembly.go.kr/bill/billDetail.do?billId=100781
16,160185,"6.25한국전쟁 납북자 생사확인,생존자 송환 등",이미일외 599인,유재건의원외 32인,2001-02-15,2001-02-16,통일외교통상위원회,본회의불부의,처리의안,https://likms.assembly.go.kr/bill/billDetail.do?billId=100780,https://likms.assembly.go.kr/bill/billDetail.do?billId=100780
16,160184,사회복지사업법개정,박상증,"김태홍,김홍신,심재철의원",2001-02-14,2001-02-15,보건복지위원회,본회의불부의,처리의안,https://likms.assembly.go.kr/bill/billDetail.do?billId=100779,https://likms.assembly.go.kr/bill/billDetail.do?billId=100779
16,160183,국가채무축소와재정건전화를위한특별조치법제정,이종훈,김홍신의원,2001-02-13,2001-02-14,국회운영위원회,폐기,처리의안,https://likms.assembly.go.kr/bill/billDetail.do?billId=100778,https://likms.assembly.go.kr/bill/billDetail.do?billId=100778
16,160182,인간유전정보보호법제정,최순애,"김태홍,김홍신의원",2001-02-13,2001-02-14,과학기술정보통신위원회,폐기,처리의안,https://likms.assembly.go.kr/bill/billDetail.do?billId=100777,https://likms.assembly.go.kr/bill/billDetail.do?billId=100777
16,160181,농어촌등보건의료를위한특별조치법개정,이충열,김홍신의원,2001-02-13,2001-02-14,보건복지위원회,본회의불부의,처리의안,https://likms.assembly.go.kr/bill/billDetail.do?billId=100776,https://likms.assembly.go.kr/bill/billDetail.do?billId=100776
16,160180,마산3·15성역공원의국립묘지화,박성원,김호일의원,2001-02-12,2001-02-13,정무위원회,폐기,처리의안,https://likms.assembly.go.kr/bill/billDetail.do?billId=100775,https://likms.assembly.go.kr/bill/billDetail.do?billId=100775
16,160179,해직교사와임용제외교사의명예회복및보상에관한특별법제정,이병주외 4인,이규택의원,2001-02-12,2001-02-12,교육위원회,본회의불부의,처리의안,https://likms.assembly.go.kr/bill/billDetail.do?billId=100774,https://likms.assembly.go.kr/bill/billDetail.do?billId=100774
16,160178,광업지적고시제외지역석유개발,이상구,조성준의원,2001-02-08,2001-02-09,산업자원위원회,폐기,처리의안,https://likms.assembly.go.kr/bill/billDetail.do?billId=100773,https://likms.assembly.go.kr/bill/billDetail.do?billId=100773
16,160177,국가공무원법개정,박장성,송영진의원,2001-02-07,2001-02-07,행정자치위원회,본회의불부의,처리의안,https://likms.assembly.go.kr/bill/billDetail.do?billId=100772,https://likms.assembly.go.kr/bill/billDetail.do?billId=100772
16,160176,풍납동지역재건축허용,"이낙기외 5,366인",맹형규의원,2001-02-07,2001-02-07,문화관광위원회,본회의불부의,처리의안,https://likms.assembly.go.kr/bill/billDetail.do?billId=100771,https://likms.assembly.go.kr/bill/billDetail.do?billId=100771
16,160175,남북교류협력에관한법률개정,한완상외 10인,이창복의원,2001-02-06,2001-02-06,통일외교통상위원회,폐기,처리의안,https://likms.assembly.go.kr/bill/billDetail.do?billId=100770,https://likms.assembly.go.kr/bill/billDetail.do?billId=100770
16,160174,노동조합및노동관계조정법등개정,이남순,김락기의원,2001-02-05,2001-02-06,환경노동위원회,폐기,처리의안,https://likms.assembly.go.kr/bill/billDetail.do?billId=100769,https://likms.assembly.go.kr/bill/billDetail.do?billId=100769
16,160173,장기체류외국인등의법적지위에관한특례법제정,송두환외 4인,"김원웅,문희상의원외 3인",2001-02-05,2001-02-05,법제사법위원회,폐기,처리의안,https://likms.assembly.go.kr/bill/billDetail.do?billId=100768,https://likms.assembly.go.kr/bill/billDetail.do?billId=100768
16,160172,월악산국립공원등구역조정,장신일외 317인,송광호의원외 26인,2001-02-03,2001-02-05,환경노동위원회,폐기,처리의안,https://likms.assembly.go.kr/bill/billDetail.do?billId=100767,https://likms.assembly.go.kr/bill/billDetail.do?billId=100767
16,160171,부동산경매사법제정,전준우,천정배의원,2001-02-01,2001-02-02,법제사법위원회,폐기,처리의안,https://likms.assembly.go.kr/bill/billDetail.do?billId=100766,https://likms.assembly.go.kr/bill/billDetail.do?billId=100766
16,160170,보건진료소확대설치등,도종환,김홍신의원,2001-01-31,2001-01-31,보건복지위원회,본회의불부의,처리의안,https://likms.assembly.go.kr/bill/billDetail.do?billId=100765,https://likms.assembly.go.kr/bill/billDetail.do?billId=100765
16,160169,폭설피해복구등,성기문외 11인,송영진의원,2001-01-29,2001-01-30,행정자치위원회,본회의불부의,처리의안,https://likms.assembly.go.kr/bill/billDetail.do?billId=100764,https://likms.assembly.go.kr/bill/billDetail.do?billId=100764
16,160168,한국전쟁전후민간인학살진상조사등을위한통합특별법제정,"강정구,고재식,채의진","김원웅,이창복의원외 17인",2001-01-19,2003-11-15,과거사진상규명에관한특별위원회,본회의불부의,처리의안,https://likms.assembly.go.kr/bill/billDetail.do?billId=100763,https://likms.assembly.go.kr/bill/billDetail.do?billId=100763
16,160167,국회법개정,이춘호,이연숙의원외 2인,2001-01-17,2002-01-18,정치개혁특별위원회,본회의불부의,처리의안,https://likms.assembly.go.kr/bill/billDetail.do?billId=100762,https://likms.assembly.go.kr/bill/billDetail.do?billId=100762
16,160166,약사법개정,"김형태외 1,905인","심재권,이부영의원",2001-01-17,2001-01-26,보건복지위원회,본회의불부의,처리의안,https://likms.assembly.go.kr/bill/billDetail.do?billId=100761,https://likms.assembly.go.kr/bill/billDetail.do?billId=100761
16,160165,제주은행소액도민주주보호,강원철,"고진부,장정언,현경대의원",2001-01-09,2001-01-10,정무위원회,폐기,처리의안,https://likms.assembly.go.kr/bill/billDetail.do?billId=100760,https://likms.assembly.go.kr/bill/billDetail.do?billId=100760
16,160164,민주화운동관련자명예회복및보상등에관한법률개정,오종렬외 153인,"김문수,이호웅의원외 8인",2001-01-08,2001-01-09,행정자치위원회,본회의불부의,처리의안,https://likms.assembly.go.kr/bill/billDetail.do?billId=100759,https://likms.assembly.go.kr/bill/billDetail.do?billId=100759
16,160163,연구용정상혈액공급,복성해,김홍신의원,2001-01-03,2001-01-03,보건복지위원회,폐기,처리의안,https://likms.assembly.go.kr/bill/billDetail.do?billId=100758,https://likms.assembly.go.kr/bill/billDetail.do?billId=100758
16,160162,미군기지주변지역지원특별법제정,한일우외 19인,원유철의원,2001-01-02,2001-01-03,국방위원회,폐기,처리의안,https://likms.assembly.go.kr/bill/billDetail.do?billId=100757,https://likms.assembly.go.kr/bill/billDetail.do?billId=100757
16,160161,군용항공기지법개정,염동준외 5인,조성준의원,2000-12-29,2000-12-29,국방위원회,본회의불부의,처리의안,https://likms.assembly.go.kr/bill/billDetail.do?billId=100756,https://likms.assembly.go.kr/bill/billDetail.do?billId=100756
16,160160,대한주택보증(주)융자금채무감면,우경선외 594인,김덕배의원외 20인,2000-12-28,2000-12-29,건설교통위원회,본회의불부의,처리의안,https://likms.assembly.go.kr/bill/billDetail.do?billId=100755,https://likms.assembly.go.kr/bill/billDetail.do?billId=100755
16,160159,나주동창양민학살사건진상조사등,나종석외 18인,배기운의원,2000-12-27,2003-11-15,과거사진상규명에관한특별위원회,본회의불부의,처리의안,https://likms.assembly.go.kr/bill/billDetail.do?billId=100754,https://likms.assembly.go.kr/bill/billDetail.do?billId=100754
16,160158,모자보건법개정,박정일외 19인,"김덕규,박관용,이완구의원외 43인",2000-12-27,2000-12-28,보건복지위원회,본회의불부의,처리의안,https://likms.assembly.go.kr/bill/billDetail.do?billId=100753,https://likms.assembly.go.kr/bill/billDetail.do?billId=100753
16,160157,공인회계사법개정안등수정,신찬수,김동욱의원,2000-12-22,2000-12-22,재정경제위원회,본회의불부의,처리의안,https://likms.assembly.go.kr/bill/billDetail.do?billId=100752,https://likms.assembly.go.kr/bill/billDetail.do?billId=100752
16,160156,강화양민학살사건진상조사등,"서영선,진현주","김원웅,박용호의원",2000-12-21,2003-11-15,과거사진상규명에관한특별위원회,본회의불부의,처리의안,https://likms.assembly.go.kr/bill/billDetail.do?billId=100751,https://likms.assembly.go.kr/bill/billDetail.do?billId=100751
16,160155,가압류제도개선,김동행,나오연의원,2000-12-21,2000-12-21,법제사법위원회,본회의불부의,처리의안,https://likms.assembly.go.kr/bill/billDetail.do?billId=100750,https://likms.assembly.go.kr/bill/billDetail.do?billId=100750
16,160154,납북국회의원생사확인등,전대열,최병렬의원,2000-12-20,2000-12-20,통일외교통상위원회,본회의불부의,처리의안,https://likms.assembly.go.kr/bill/billDetail.do?billId=100749,https://likms.assembly.go.kr/bill/billDetail.do?billId=100749
16,160153,금융지주회사설립,한기환외 3인,이주영의원,2000-12-20,2000-12-20,정무위원회,폐기,처리의안,https://likms.assembly.go.kr/bill/billDetail.do?billId=100748,https://likms.assembly.go.kr/bill/billDetail.do?billId=100748
16,160152,강제부당퇴출은행의피해자보상에관한특별법제정,"송병준외 66,529인",이상득의원,2000-12-19,2000-12-19,재정경제위원회,본회의불부의,처리의안,https://likms.assembly.go.kr/bill/billDetail.do?billId=100747,https://likms.assembly.go.kr/bill/billDetail.do?billId=100747
16,160151,토사채취허가동의,"이병성,이근백",이호웅의원,2000-12-15,2000-12-18,국방위원회,폐기,처리의안,https://likms.assembly.go.kr/bill/billDetail.do?billId=100746,https://likms.assembly.go.kr/bill/billDetail.do?billId=100746
16,160150,약사법개정안수정,라석찬,박시균의원,2000-12-14,2000-12-15,보건복지위원회,본회의불부의,처리의안,https://likms.assembly.go.kr/bill/billDetail.do?billId=100745,https://likms.assembly.go.kr/bill/billDetail.do?billId=100745
16,160149,회사정리법개정,이근식외 4인,천정배의원,2000-12-13,2000-12-14,법제사법위원회,폐기,처리의안,https://likms.assembly.go.kr/bill/billDetail.do?billId=100744,https://likms.assembly.go.kr/bill/billDetail.do?billId=100744
16,160148,외국인노동자고용및기본권보장에관한법률제정,이정호,신계륜의원외 7인,2000-12-13,2000-12-14,환경노동위원회,본회의불부의,처리의안,https://likms.assembly.go.kr/bill/billDetail.do?billId=100743,https://likms.assembly.go.kr/bill/billDetail.do?billId=100743
16,160147,약사법개정안수정,"박종철,박용준",김태홍의원외 3인,2000-12-12,2000-12-13,보건복지위원회,본회의불부의,처리의안,https://likms.assembly.go.kr/bill/billDetail.do?billId=100742,https://likms.assembly.go.kr/bill/billDetail.do?billId=100742
16,160146,납세자소송에관한특별법제정,박상증,김문수의원외 3인,2000-12-12,2000-12-13,법제사법위원회,폐기,처리의안,https://likms.assembly.go.kr/bill/billDetail.do?billId=100741,https://likms.assembly.go.kr/bill/billDetail.do?billId=100741
16,160145,국어의로마자표기법개정,김복문,고흥길의원외 11인,2000-12-08,2000-12-09,문화관광위원회,폐기,처리의안,https://likms.assembly.go.kr/bill/billDetail.do?billId=100740,https://likms.assembly.go.kr/bill/billDetail.do?billId=100740
16,160144,박정희기념관건립국고지원반대,이관복,이호웅의원,2000-12-06,2000-12-07,행정자치위원회,폐기,처리의안,https://likms.assembly.go.kr/bill/billDetail.do?billId=100739,https://likms.assembly.go.kr/bill/billDetail.do?billId=100739
16,160143,초과소유부담금환급특별법제정,임상순,이부영의원,2000-12-06,2000-12-07,건설교통위원회,본회의불부의,처리의안,https://likms.assembly.go.kr/bill/billDetail.do?billId=100738,https://likms.assembly.go.kr/bill/billDetail.do?billId=100738
16,160142,택지개발예정지구지정해제,김응호외 7인,김윤식의원,2000-12-04,2000-12-05,건설교통위원회,본회의불부의,처리의안,https://likms.assembly.go.kr/bill/billDetail.do?billId=100737,https://likms.assembly.go.kr/bill/billDetail.do?billId=100737
16,160141,부패방지법제정,"권영길외 51,430인","김원웅,이창복의원",2000-12-04,2000-12-05,법제사법위원회,본회의불부의,처리의안,https://likms.assembly.go.kr/bill/billDetail.do?billId=100736,https://likms.assembly.go.kr/bill/billDetail.do?billId=100736
16,160140,미용사법(안)수정,이행숙외 481인,송영진의원,2000-12-02,2000-12-04,보건복지위원회,폐기,처리의안,https://likms.assembly.go.kr/bill/billDetail.do?billId=100735,https://likms.assembly.go.kr/bill/billDetail.do?billId=100735
16,160139,여수·순천 10.19사건진상조사및피해자의명예회복을위한특별법제정,"이환희,이영일외 4,483인","김경재,김충조,정철기의원외 28인",2000-12-02,2003-11-15,과거사진상규명에관한특별위원회,본회의불부의,처리의안,https://likms.assembly.go.kr/bill/billDetail.do?billId=100734,https://likms.assembly.go.kr/bill/billDetail.do?billId=100734
16,160138,인천화재참사부상자보상,노익환외 57인,서상섭의원외 28인,2000-12-01,2000-12-02,행정자치위원회,폐기,처리의안,https://likms.assembly.go.kr/bill/billDetail.do?billId=100733,https://likms.assembly.go.kr/bill/billDetail.do?billId=100733
16,160137,SOFA여성인권보호조항신설촉구결의안채택,지은희외 34인,"김원웅,이미경의원외 6인",2000-12-01,2000-12-01,통일외교통상위원회,폐기,처리의안,https://likms.assembly.go.kr/bill/billDetail.do?billId=100732,https://likms.assembly.go.kr/bill/billDetail.do?billId=100732
16,160136,의료보호예산증액,강희백외 11인,김홍신의원,2000-11-30,2000-11-30,보건복지위원회,본회의불부의,처리의안,https://likms.assembly.go.kr/bill/billDetail.do?billId=100731,https://likms.assembly.go.kr/bill/billDetail.do?billId=100731
16,160135,의료보호법개정,전동균,김홍신의원,2000-11-30,2000-11-30,보건복지위원회,본회의불부의,처리의안,https://likms.assembly.go.kr/bill/billDetail.do?billId=100730,https://likms.assembly.go.kr/bill/billDetail.do?billId=100730
16,160134,실뱀장어조업피해보상,조수룡외 22인,"김용환,이완구의원",2000-11-30,2000-11-30,농림해양수산위원회,본회의불부의,처리의안,https://likms.assembly.go.kr/bill/billDetail.do?billId=100729,https://likms.assembly.go.kr/bill/billDetail.do?billId=100729
16,160133,군용항공기소음방지대책수립을위한특별법제정,임대윤외 2인,"강신성일,강현욱,문석호의원외 72인",2000-11-29,2000-11-30,국방위원회,폐기,처리의안,https://likms.assembly.go.kr/bill/billDetail.do?billId=100728,https://likms.assembly.go.kr/bill/billDetail.do?billId=100728
16,160132,조세특례제한법개정,"이재윤, 정진한",김원웅의원외 15인,2000-11-28,2000-11-29,재정경제위원회,본회의불부의,처리의안,https://likms.assembly.go.kr/bill/billDetail.do?billId=100727,https://likms.assembly.go.kr/bill/billDetail.do?billId=100727
16,160131,경비업법개정안철회,유철호외 682인,유성근의원외 5인,2000-11-28,2000-11-29,행정자치위원회,본회의불부의,처리의안,https://likms.assembly.go.kr/bill/billDetail.do?billId=100726,https://likms.assembly.go.kr/bill/billDetail.do?billId=100726
16,160130,공중위생관리법령개정,조수경,김홍신의원,2000-11-28,2000-11-29,보건복지위원회,폐기,처리의안,https://likms.assembly.go.kr/bill/billDetail.do?billId=100725,https://likms.assembly.go.kr/bill/billDetail.do?billId=100725
16,160129,국민건강보험법개정,이남순,박인상의원,2000-11-28,2000-11-29,보건복지위원회,본회의불부의,처리의안,https://likms.assembly.go.kr/bill/billDetail.do?billId=100724,https://likms.assembly.go.kr/bill/billDetail.do?billId=100724
16,160128,국민연금법개정,이남순,김락기의원,2000-11-28,2000-11-29,보건복지위원회,본회의불부의,처리의안,https://likms.assembly.go.kr/bill/billDetail.do?billId=100723,https://likms.assembly.go.kr/bill/billDetail.do?billId=100723
16,160127,의료보호예산확보등,라석찬,김홍신의원,2000-11-27,2000-11-28,보건복지위원회,본회의불부의,처리의안,https://likms.assembly.go.kr/bill/billDetail.do?billId=100722,https://likms.assembly.go.kr/bill/billDetail.do?billId=100722
16,160126,의료보호예산증액,김재정,김홍신의원,2000-11-27,2000-11-28,보건복지위원회,본회의불부의,처리의안,https://likms.assembly.go.kr/bill/billDetail.do?billId=100721,https://likms.assembly.go.kr/bill/billDetail.do?billId=100721
16,160125,교통사고예방기금특별법제정,"은방희,송자,이남순",최병렬의원,2000-11-27,2000-11-28,행정자치위원회,철회,처리의안,https://likms.assembly.go.kr/bill/billDetail.do?billId=100720,https://likms.assembly.go.kr/bill/billDetail.do?billId=100720
16,160124,고용보험법개정,지은희외 7인,한명숙의원,2000-11-24,2000-11-27,환경노동위원회,본회의불부의,처리의안,https://likms.assembly.go.kr/bill/billDetail.do?billId=100719,https://likms.assembly.go.kr/bill/billDetail.do?billId=100719
16,160123,용담댐물배분재조정,김광식,김원웅의원외 2인,2000-11-23,2000-11-24,건설교통위원회,본회의불부의,처리의안,https://likms.assembly.go.kr/bill/billDetail.do?billId=100718,https://likms.assembly.go.kr/bill/billDetail.do?billId=100718
16,160122,국방과학연구소법개정,장순식외 828인,박인상의원,2000-11-23,2000-11-24,국방위원회,본회의불부의,처리의안,https://likms.assembly.go.kr/bill/billDetail.do?billId=100717,https://likms.assembly.go.kr/bill/billDetail.do?billId=100717
16,160121,국민건강보험법개정,김중배,김홍신의원,2000-11-22,2000-11-23,보건복지위원회,본회의불부의,처리의안,https://likms.assembly.go.kr/bill/billDetail.do?billId=100716,https://likms.assembly.go.kr/bill/billDetail.do?billId=100716
16,160120,국민연금법개정,김중배,김홍신의원,2000-11-22,2000-11-23,보건복지위원회,본회의불부의,처리의안,https://likms.assembly.go.kr/bill/billDetail.do?billId=100715,https://likms.assembly.go.kr/bill/billDetail.do?billId=100715
16,160119,고용보험법개정,김중배,한명숙의원,2000-11-22,2000-11-23,환경노동위원회,본회의불부의,처리의안,https://likms.assembly.go.kr/bill/billDetail.do?billId=100714,https://likms.assembly.go.kr/bill/billDetail.do?billId=100714
16,160118,조세특례제한법개정,정대근,정세균의원,2000-11-22,2000-11-22,재정경제위원회,본회의불부의,처리의안,https://likms.assembly.go.kr/bill/billDetail.do?billId=100713,https://likms.assembly.go.kr/bill/billDetail.do?billId=100713
16,160117,대법원판결평석,박효성,장태완의원,2000-11-22,2000-11-22,법제사법위원회,폐기,처리의안,https://likms.assembly.go.kr/bill/billDetail.do?billId=100712,https://likms.assembly.go.kr/bill/billDetail.do?billId=100712
16,160116,군용항공기소음피해방지,김용서,신현태의원외 2인,2000-11-21,2000-11-22,국방위원회,폐기,처리의안,https://likms.assembly.go.kr/bill/billDetail.do?billId=100711,https://likms.assembly.go.kr/bill/billDetail.do?billId=100711
16,160115,국군의날변경,"김우전,이재윤,정진한","김원웅,송석찬,한화갑의원외 19인",2000-11-21,2000-11-21,국방위원회,본회의불부의,처리의안,https://likms.assembly.go.kr/bill/billDetail.do?billId=100710,https://likms.assembly.go.kr/bill/billDetail.do?billId=100710
16,160114,노동조합및노동관계조정법개정등,이남순,박인상의원외 4인,2000-11-16,2000-11-17,환경노동위원회,폐기,처리의안,https://likms.assembly.go.kr/bill/billDetail.do?billId=100709,https://likms.assembly.go.kr/bill/billDetail.do?billId=100709
16,160113,고양금정굴양민학살사건등진상규명및희생자명예회복을위한특별법제정,서병규외 20인,"김원웅,이창복의원외 42인",2000-11-16,2003-11-15,과거사진상규명에관한특별위원회,본회의불부의,처리의안,https://likms.assembly.go.kr/bill/billDetail.do?billId=100708,https://likms.assembly.go.kr/bill/billDetail.do?billId=100708
16,160112,강릉-영주간통일호열차증편운행등,유원용,최돈웅의원,2000-11-15,2000-11-16,건설교통위원회,철회,처리의안,https://likms.assembly.go.kr/bill/billDetail.do?billId=100707,https://likms.assembly.go.kr/bill/billDetail.do?billId=100707
16,160111,국립의료원간호대학4년제대학개편,"송지호외 2,780인",정대철의원외 4인,2000-11-14,2000-11-18,교육위원회,폐기,처리의안,https://likms.assembly.go.kr/bill/billDetail.do?billId=100706,https://likms.assembly.go.kr/bill/billDetail.do?billId=100706
16,160110,정기간행물의등록등에관한법률등개정,김중배외 9인,김태홍의원외 4인,2000-11-13,2000-11-14,문화관광위원회,폐기,처리의안,https://likms.assembly.go.kr/bill/billDetail.do?billId=100705,https://likms.assembly.go.kr/bill/billDetail.do?billId=100705
16,160109,원자력발전소추가건설계획철회등,"김무열외 133,590인",권기술의원외 4인,2000-11-11,2000-11-14,산업자원위원회,폐기,처리의안,https://likms.assembly.go.kr/bill/billDetail.do?billId=100704,https://likms.assembly.go.kr/bill/billDetail.do?billId=100704
16,160108,노동조합및노동관계조정법개정,단병호,한명숙의원,2000-11-10,2000-11-11,환경노동위원회,폐기,처리의안,https://likms.assembly.go.kr/bill/billDetail.do?billId=100703,https://likms.assembly.go.kr/bill/billDetail.do?billId=100703
16,160107,지방자치법령개정,김명한외 10인,"박종희,송석찬의원",2000-11-10,2000-11-11,행정자치위원회,폐기,처리의안,https://likms.assembly.go.kr/bill/billDetail.do?billId=100702,https://likms.assembly.go.kr/bill/billDetail.do?billId=100702
16,160106,약사법부칙개정,허철,안택수의원,2000-11-09,2000-11-20,보건복지위원회,본회의불부의,처리의안,https://likms.assembly.go.kr/bill/billDetail.do?billId=100701,https://likms.assembly.go.kr/bill/billDetail.do?billId=100701
16,160105,농가부채경감특별조치법제정,강춘성외 20인,"권오을,원철희,장성원의원",2000-10-30,2000-10-31,농림해양수산위원회,본회의불부의,처리의안,https://likms.assembly.go.kr/bill/billDetail.do?billId=100700,https://likms.assembly.go.kr/bill/billDetail.do?billId=100700
16,160104,상법개정,"이남순외 198,579인",김무성의원외 12인,2000-10-28,2000-10-30,법제사법위원회,폐기,처리의안,https://likms.assembly.go.kr/bill/billDetail.do?billId=100699,https://likms.assembly.go.kr/bill/billDetail.do?billId=100699
16,160103,예금보험료율인하등,"박진우외 1,113인",나오연의원외 67인,2000-10-28,2000-10-30,재정경제위원회,본회의불부의,처리의안,https://likms.assembly.go.kr/bill/billDetail.do?billId=100698,https://likms.assembly.go.kr/bill/billDetail.do?billId=100698
16,160102,보훈및제대군인특별위원회설치,"이상훈,유재흥외 6,642인","강창성,박세환,장태완의원외 11인",2000-10-28,2002-01-18,정치개혁특별위원회,본회의불부의,처리의안,https://likms.assembly.go.kr/bill/billDetail.do?billId=100697,https://likms.assembly.go.kr/bill/billDetail.do?billId=100697
16,160101,보건복지부장관탄핵소추,단병호,김홍신의원,2000-10-26,2000-10-28,법제사법위원회,본회의불부의,처리의안,https://likms.assembly.go.kr/bill/billDetail.do?billId=100696,https://likms.assembly.go.kr/bill/billDetail.do?billId=100696
16,160100,근로기준법등개정,"김금수,김중배,단병호외 7인","김문수,신계륜의원외 10인",2000-10-25,2000-10-26,환경노동위원회,폐기,처리의안,https://likms.assembly.go.kr/bill/billDetail.do?billId=100695,https://likms.assembly.go.kr/bill/billDetail.do?billId=100695
16,160099,국가보안법폐지,박석운,"김원웅,정범구의원외 15인",2000-10-25,2000-10-26,법제사법위원회,폐기,처리의안,https://likms.assembly.go.kr/bill/billDetail.do?billId=100694,https://likms.assembly.go.kr/bill/billDetail.do?billId=100694
16,160098,비정규노동자의권리보장을위한관계법률개정,단병호,"김문수,신계륜의원",2000-10-19,2000-10-20,환경노동위원회,폐기,처리의안,https://likms.assembly.go.kr/bill/billDetail.do?billId=100693,https://likms.assembly.go.kr/bill/billDetail.do?billId=100693
16,160097,생명과학인권·윤리법제정,박상증,원희룡의원,2000-10-18,2000-10-19,과학기술정보통신위원회,폐기,처리의안,https://likms.assembly.go.kr/bill/billDetail.do?billId=100692,https://likms.assembly.go.kr/bill/billDetail.do?billId=100692
16,160096,민주화운동관련자명예회복및보상등에관한법률개정,박정훈,김덕규의원,2000-10-18,2000-10-19,행정자치위원회,본회의불부의,처리의안,https://likms.assembly.go.kr/bill/billDetail.do?billId=100691,https://likms.assembly.go.kr/bill/billDetail.do?billId=100691
16,160095,약사법개정,정광윤,"김원웅,김홍신,윤여준의원",2000-10-18,2000-10-19,보건복지위원회,본회의불부의,처리의안,https://likms.assembly.go.kr/bill/billDetail.do?billId=100690,https://likms.assembly.go.kr/bill/billDetail.do?billId=100690
16,160094,군용항공기지법개정,이강운외 3인,원유철의원,2000-10-18,2000-10-19,국방위원회,본회의불부의,처리의안,https://likms.assembly.go.kr/bill/billDetail.do?billId=100689,https://likms.assembly.go.kr/bill/billDetail.do?billId=100689
16,160093,약사법령개정,"이재윤, 정진한","김명섭,박시균,이종걸의원외 11인",2000-10-18,2000-10-19,보건복지위원회,본회의불부의,처리의안,https://likms.assembly.go.kr/bill/billDetail.do?billId=100688,https://likms.assembly.go.kr/bill/billDetail.do?billId=100688
16,160092,지하철분당선탄천역설치,"이병문외 30,850인",오세훈의원,2000-10-17,2000-10-18,건설교통위원회,폐기,처리의안,https://likms.assembly.go.kr/bill/billDetail.do?billId=100687,https://likms.assembly.go.kr/bill/billDetail.do?billId=100687
16,160091,부실채권양도계약해제등,임삼묵,김원길의원외 5인,2000-10-17,2000-10-18,정무위원회,폐기,처리의안,https://likms.assembly.go.kr/bill/billDetail.do?billId=100686,https://likms.assembly.go.kr/bill/billDetail.do?billId=100686
16,160090,증권거래법등개정,김중배,김민석의원외 25인,2000-10-16,2000-10-17,재정경제위원회,본회의불부의,처리의안,https://likms.assembly.go.kr/bill/billDetail.do?billId=100685,https://likms.assembly.go.kr/bill/billDetail.do?billId=100685
16,160089,상법개정,김중배,김민석의원외 25인,2000-10-16,2000-10-17,법제사법위원회,폐기,처리의안,https://likms.assembly.go.kr/bill/billDetail.do?billId=100684,https://likms.assembly.go.kr/bill/billDetail.do?billId=100684
16,160088,증권관련집단소송법제정,김중배,김민석의원외 26인,2000-10-16,2000-10-17,법제사법위원회,본회의불부의,처리의안,https://likms.assembly.go.kr/bill/billDetail.do?billId=100683,https://likms.assembly.go.kr/bill/billDetail.do?billId=100683
16,160087,민법개정,정윤경외 300인,서청원의원,2000-10-14,2000-10-16,법제사법위원회,폐기,처리의안,https://likms.assembly.go.kr/bill/billDetail.do?billId=100682,https://likms.assembly.go.kr/bill/billDetail.do?billId=100682
16,160086,구국립극장문화예술공간화,"김장환외 10,205인",정대철의원외 16인,2000-10-13,2000-10-14,문화관광위원회,본회의불부의,처리의안,https://likms.assembly.go.kr/bill/billDetail.do?billId=100681,https://likms.assembly.go.kr/bill/billDetail.do?billId=100681
16,160085,사립학교법개정,최갑수,이호웅의원,2000-10-11,2000-10-12,교육위원회,본회의불부의,처리의안,https://likms.assembly.go.kr/bill/billDetail.do?billId=100680,https://likms.assembly.go.kr/bill/billDetail.do?billId=100680
16,160084,국가공무원법및지방공무원법개정,최갑수,이호웅의원,2000-10-11,2000-10-12,행정자치위원회,폐기,처리의안,https://likms.assembly.go.kr/bill/billDetail.do?billId=100679,https://likms.assembly.go.kr/bill/billDetail.do?billId=100679
16,160083,집단소송법제정,"김중배,유현석,김수규","송영길,윤경식,나오연의원",2000-10-11,2000-10-12,법제사법위원회,본회의불부의,처리의안,https://likms.assembly.go.kr/bill/billDetail.do?billId=100678,https://likms.assembly.go.kr/bill/billDetail.do?billId=100678
16,160082,의료기사등에관한법률제20조개정반대,김정학외 7인,김태홍의원외 2인,2000-10-10,2000-10-11,보건복지위원회,본회의불부의,처리의안,https://likms.assembly.go.kr/bill/billDetail.do?billId=100677,https://likms.assembly.go.kr/bill/billDetail.do?billId=100677
16,160081,상가임대차보호법제정,"권영길외 113,130인","김원웅,조한천,천정배의원외 5인",2000-10-10,2000-10-11,법제사법위원회,본회의불부의,처리의안,https://likms.assembly.go.kr/bill/billDetail.do?billId=100676,https://likms.assembly.go.kr/bill/billDetail.do?billId=100676
16,160080,장애인생활시설종사자근무여건개선,윤덕찬외 750인,김태홍의원외 4인,2000-10-09,2000-10-10,보건복지위원회,본회의불부의,처리의안,https://likms.assembly.go.kr/bill/billDetail.do?billId=100675,https://likms.assembly.go.kr/bill/billDetail.do?billId=100675
16,160079,달라이라마방한허용,김계호,"김원웅,오세훈,정범구의원",2000-10-07,2000-10-09,통일외교통상위원회,폐기,처리의안,https://likms.assembly.go.kr/bill/billDetail.do?billId=100674,https://likms.assembly.go.kr/bill/billDetail.do?billId=100674
16,160078,건국훈장재교부,"이재윤, 정진한",송석찬의원외 12인,2000-10-06,2000-10-07,행정자치위원회,폐기,처리의안,https://likms.assembly.go.kr/bill/billDetail.do?billId=100673,https://likms.assembly.go.kr/bill/billDetail.do?billId=100673
16,160077,관행어업피해보상,신성진외 105인,"김용환,이완구의원",2000-10-05,2000-10-05,건설교통위원회,본회의불부의,처리의안,https://likms.assembly.go.kr/bill/billDetail.do?billId=100672,https://likms.assembly.go.kr/bill/billDetail.do?billId=100672
16,160076,노근리사건해결촉구결의안채택촉구,정은용,"김원웅,심규철,조웅규의원외 5인",2000-09-29,2000-09-30,국방위원회,본회의불부의,처리의안,https://likms.assembly.go.kr/bill/billDetail.do?billId=100671,https://likms.assembly.go.kr/bill/billDetail.do?billId=100671
16,160075,철도소음방지,김진극,김덕규의원,2000-09-27,2000-09-27,건설교통위원회,본회의불부의,처리의안,https://likms.assembly.go.kr/bill/billDetail.do?billId=100670,https://likms.assembly.go.kr/bill/billDetail.do?billId=100670
16,160074,독도의용수비대원등보상특별법제정,황백현,손태인의원,2000-09-27,2000-09-27,정무위원회,폐기,처리의안,https://likms.assembly.go.kr/bill/billDetail.do?billId=100669,https://likms.assembly.go.kr/bill/billDetail.do?billId=100669
16,160073,관행맨손어업피해보상,한명무외 927인,"김용환,이완구의원",2000-09-26,2000-09-27,농림해양수산위원회,폐기,처리의안,https://likms.assembly.go.kr/bill/billDetail.do?billId=100668,https://likms.assembly.go.kr/bill/billDetail.do?billId=100668
16,160072,근로기준법개정,지은희외 3인,한명숙의원,2000-09-22,2000-09-25,환경노동위원회,폐기,처리의안,https://likms.assembly.go.kr/bill/billDetail.do?billId=100667,https://likms.assembly.go.kr/bill/billDetail.do?billId=100667
16,160071,호주제폐지,"곽배희,은방희,지은희","박근혜,이미경,한명숙의원",2000-09-22,2000-09-25,법제사법위원회,폐기,처리의안,https://likms.assembly.go.kr/bill/billDetail.do?billId=100666,https://likms.assembly.go.kr/bill/billDetail.do?billId=100666
16,160070,서남대학교이전반대등,이병채,이강래의원외 9인,2000-09-20,2000-09-21,교육위원회,본회의불부의,처리의안,https://likms.assembly.go.kr/bill/billDetail.do?billId=100665,https://likms.assembly.go.kr/bill/billDetail.do?billId=100665
16,160069,거진흰섬개방,홍중철,송훈석의원,2000-09-20,2000-09-21,국방위원회,본회의불부의,처리의안,https://likms.assembly.go.kr/bill/billDetail.do?billId=100664,https://likms.assembly.go.kr/bill/billDetail.do?billId=100664
16,160068,서해대교명칭변경,"구자생외 17,480인",송영진의원,2000-09-20,2000-09-21,건설교통위원회,폐기,처리의안,https://likms.assembly.go.kr/bill/billDetail.do?billId=100663,https://likms.assembly.go.kr/bill/billDetail.do?billId=100663
16,160067,박정희대통령기념관부지선정재검토촉구,"이용원외 26,834인",김성조의원,2000-09-19,2000-09-20,행정자치위원회,폐기,처리의안,https://likms.assembly.go.kr/bill/billDetail.do?billId=100662,https://likms.assembly.go.kr/bill/billDetail.do?billId=100662
16,160066,기능직지방공무원감축비율조정,김문완,심재권의원,2000-09-19,2000-09-20,행정자치위원회,본회의불부의,처리의안,https://likms.assembly.go.kr/bill/billDetail.do?billId=100661,https://likms.assembly.go.kr/bill/billDetail.do?billId=100661
16,160065,만성신부전증환자의료지원,이관수,김원웅의원,2000-09-19,2000-09-20,보건복지위원회,본회의불부의,처리의안,https://likms.assembly.go.kr/bill/billDetail.do?billId=100660,https://likms.assembly.go.kr/bill/billDetail.do?billId=100660
16,160064,세법개정,이남순,정세균의원,2000-09-06,2000-09-08,재정경제위원회,본회의불부의,처리의안,https://likms.assembly.go.kr/bill/billDetail.do?billId=100659,https://likms.assembly.go.kr/bill/billDetail.do?billId=100659
16,160063,부패방지법제정,김태룡외 2인,최연희의원외 2인,2000-09-06,2000-09-08,법제사법위원회,본회의불부의,처리의안,https://likms.assembly.go.kr/bill/billDetail.do?billId=100658,https://likms.assembly.go.kr/bill/billDetail.do?billId=100658
16,160062,자금세탁방지법제정,김태룡외 2인,천정배의원,2000-09-06,2000-09-08,재정경제위원회,본회의불부의,처리의안,https://likms.assembly.go.kr/bill/billDetail.do?billId=100657,https://likms.assembly.go.kr/bill/billDetail.do?billId=100657
16,160061,설악산국립공원구역변경(양양군지역),이진호외 2인,송훈석의원,2000-09-06,2000-09-08,환경노동위원회,폐기,처리의안,https://likms.assembly.go.kr/bill/billDetail.do?billId=100656,https://likms.assembly.go.kr/bill/billDetail.do?billId=100656
16,160060,설악산국립공원구역변경(속초시지역),이규철외 9인,송훈석의원,2000-09-06,2000-09-08,환경노동위원회,폐기,처리의안,https://likms.assembly.go.kr/bill/billDetail.do?billId=100655,https://likms.assembly.go.kr/bill/billDetail.do?billId=100655
16,160059,설악산국립공원구역변경(인제군지역),이기순,송훈석의원,2000-09-06,2000-09-08,환경노동위원회,폐기,처리의안,https://likms.assembly.go.kr/bill/billDetail.do?billId=100654,https://likms.assembly.go.kr/bill/billDetail.do?billId=100654
16,160058,문경양민학살사건피해자명예회복,"채희영,채의진,황의종외 52인",신영국의원,2000-09-05,2000-09-06,행정자치위원회,폐기,처리의안,https://likms.assembly.go.kr/bill/billDetail.do?billId=100653,https://likms.assembly.go.kr/bill/billDetail.do?billId=100653
16,160057,유선전화설비비반환및가입제도개선,"김중배외 48,242인",원희룡의원,2000-09-05,2000-09-06,과학기술정보통신위원회,본회의불부의,처리의안,https://likms.assembly.go.kr/bill/billDetail.do?billId=100652,https://likms.assembly.go.kr/bill/billDetail.do?billId=100652
16,160056,2001년도실업대책예산확충,박상증,"심재철,이미경의원",2000-09-04,2000-09-07,환경노동위원회,본회의불부의,처리의안,https://likms.assembly.go.kr/bill/billDetail.do?billId=100651,https://likms.assembly.go.kr/bill/billDetail.do?billId=100651
16,160055,마산교도소이전,김형성외 449인,강삼재의원,2000-09-04,2000-09-05,법제사법위원회,본회의불부의,처리의안,https://likms.assembly.go.kr/bill/billDetail.do?billId=100650,https://likms.assembly.go.kr/bill/billDetail.do?billId=100650
16,160054,어선공제료국고보조,박종식,"김영진,박희태의원외 14인",2000-09-01,2000-09-02,농림해양수산위원회,본회의불부의,처리의안,https://likms.assembly.go.kr/bill/billDetail.do?billId=100649,https://likms.assembly.go.kr/bill/billDetail.do?billId=100649
16,160053,행정구역경계조정,성기문외 11인,송영진의원,2000-09-01,2000-09-02,행정자치위원회,폐기,처리의안,https://likms.assembly.go.kr/bill/billDetail.do?billId=100648,https://likms.assembly.go.kr/bill/billDetail.do?billId=100648
16,160052,2001년도사회복지예산확충,박상증,"심재철,이미경의원",2000-09-01,2000-09-07,보건복지위원회,본회의불부의,처리의안,https://likms.assembly.go.kr/bill/billDetail.do?billId=100647,https://likms.assembly.go.kr/bill/billDetail.do?billId=100647
16,160051,당진항지정,성기문외 11인,송영진의원,2000-09-01,2000-09-02,농림해양수산위원회,철회,처리의안,https://likms.assembly.go.kr/bill/billDetail.do?billId=100646,https://likms.assembly.go.kr/bill/billDetail.do?billId=100646
16,160050,주암호주변수변구역지정에따른피해보상등,염영섭,박주선의원,2000-08-31,2000-09-01,환경노동위원회,본회의불부의,처리의안,https://likms.assembly.go.kr/bill/billDetail.do?billId=100645,https://likms.assembly.go.kr/bill/billDetail.do?billId=100645
16,160049,남녀고용평등법및근로기준법개정,지은희외 7인,한명숙의원,2000-08-31,2000-09-01,환경노동위원회,본회의불부의,처리의안,https://likms.assembly.go.kr/bill/billDetail.do?billId=100644,https://likms.assembly.go.kr/bill/billDetail.do?billId=100644
16,160048,군휴양소시설부지이전등,안규환,송훈석의원,2000-08-29,2000-08-30,국방위원회,본회의불부의,처리의안,https://likms.assembly.go.kr/bill/billDetail.do?billId=100643,https://likms.assembly.go.kr/bill/billDetail.do?billId=100643
16,160047,청리지방산업단지철도차량제작공장유치,"김근수, 김기환",이상배의원,2000-08-25,2000-08-28,산업자원위원회,폐기,처리의안,https://likms.assembly.go.kr/bill/billDetail.do?billId=100642,https://likms.assembly.go.kr/bill/billDetail.do?billId=100642
16,160046,근로기준법개정,이남순,박인상의원,2000-08-24,2000-08-28,환경노동위원회,폐기,처리의안,https://likms.assembly.go.kr/bill/billDetail.do?billId=100641,https://likms.assembly.go.kr/bill/billDetail.do?billId=100641
16,160045,부산지방법원서부지원등설치,"신명렬외 25,255인",정문화의원,2000-08-22,2000-08-22,법제사법위원회,폐기,처리의안,https://likms.assembly.go.kr/bill/billDetail.do?billId=100640,https://likms.assembly.go.kr/bill/billDetail.do?billId=100640
16,160044,태권도공원보은유치,이영복,심규철의원외 84인,2000-08-18,2000-08-19,문화관광위원회,폐기,처리의안,https://likms.assembly.go.kr/bill/billDetail.do?billId=100639,https://likms.assembly.go.kr/bill/billDetail.do?billId=100639
16,160043,축산업자조금법제정,"이규석,김남용,최상백외 1인","김영진,주진우의원외 22인",2000-08-14,2000-08-17,농림해양수산위원회,본회의불부의,처리의안,https://likms.assembly.go.kr/bill/billDetail.do?billId=100638,https://likms.assembly.go.kr/bill/billDetail.do?billId=100638
16,160042,표준자오선변경,정덕화,조순형의원,2000-08-12,2000-08-17,과학기술정보통신위원회,폐기,처리의안,https://likms.assembly.go.kr/bill/billDetail.do?billId=100637,https://likms.assembly.go.kr/bill/billDetail.do?billId=100637
16,160041,육군헬기추락사고원인재조사,임성창,조성준의원,2000-08-11,2000-08-12,국방위원회,본회의불부의,처리의안,https://likms.assembly.go.kr/bill/billDetail.do?billId=100636,https://likms.assembly.go.kr/bill/billDetail.do?billId=100636
16,160040,민간환경감시기구운영지침개정,강훈외 14인,안경률의원,2000-07-28,2000-07-29,산업자원위원회,폐기,처리의안,https://likms.assembly.go.kr/bill/billDetail.do?billId=100635,https://likms.assembly.go.kr/bill/billDetail.do?billId=100635
16,160039,여순반란사건피해자명예회복,박찬근,정철기의원,2000-07-28,2000-07-29,행정자치위원회,폐기,처리의안,https://likms.assembly.go.kr/bill/billDetail.do?billId=100634,https://likms.assembly.go.kr/bill/billDetail.do?billId=100634
16,160038,국립대학기능직공무원감축방안재검토,"박길창외 7,931인",이재오의원외 47인,2000-07-28,2000-07-29,교육위원회,본회의불부의,처리의안,https://likms.assembly.go.kr/bill/billDetail.do?billId=100633,https://likms.assembly.go.kr/bill/billDetail.do?billId=100633
16,160037,파주지역농경지내전술철조망제거,김길수외 132인,이재창의원외 4인,2000-08-08,2000-08-09,국방위원회,본회의불부의,처리의안,https://likms.assembly.go.kr/bill/billDetail.do?billId=100632,https://likms.assembly.go.kr/bill/billDetail.do?billId=100632
16,160036,기독교전북방송익산시환원,"전춘식, 이용희",신기남의원,2000-07-27,2000-07-28,문화관광위원회,본회의불부의,처리의안,https://likms.assembly.go.kr/bill/billDetail.do?billId=100631,https://likms.assembly.go.kr/bill/billDetail.do?billId=100631
16,160035,이황화탄소중독증환자에대한의약분업예외인정등,한창길외 784인,김문수의원,2000-07-27,2000-07-28,보건복지위원회,본회의불부의,처리의안,https://likms.assembly.go.kr/bill/billDetail.do?billId=100630,https://likms.assembly.go.kr/bill/billDetail.do?billId=100630
16,160034,종묘제례지원예산항목신설등,이환의,이규택의원외 4인,2000-07-27,2000-07-27,문화관광위원회,폐기,처리의안,https://likms.assembly.go.kr/bill/billDetail.do?billId=100629,https://likms.assembly.go.kr/bill/billDetail.do?billId=100629
16,160033,문화재지정등,홍기옥외 57인,정인봉의원,2000-07-26,2000-07-27,문화관광위원회,본회의불부의,처리의안,https://likms.assembly.go.kr/bill/billDetail.do?billId=100628,https://likms.assembly.go.kr/bill/billDetail.do?billId=100628
16,160032,여수지원및여수지청설치,이의근,김충조의원외 9인,2000-07-25,2000-07-26,법제사법위원회,폐기,처리의안,https://likms.assembly.go.kr/bill/billDetail.do?billId=100627,https://likms.assembly.go.kr/bill/billDetail.do?billId=100627
16,160031,민간보육시설지원,최은호외 15인,"김명섭,김영진의원",2000-07-24,2000-07-25,보건복지위원회,본회의불부의,처리의안,https://likms.assembly.go.kr/bill/billDetail.do?billId=100626,https://likms.assembly.go.kr/bill/billDetail.do?billId=100626
16,160030,온천법개정,"신정외 2,006인",오세훈의원외 7인,2000-07-21,2000-07-22,행정자치위원회,폐기,처리의안,https://likms.assembly.go.kr/bill/billDetail.do?billId=100625,https://likms.assembly.go.kr/bill/billDetail.do?billId=100625
16,160029,도시재개발법개정,"안종만외 11,154인",유재건의원,2000-07-21,2000-07-22,건설교통위원회,본회의불부의,처리의안,https://likms.assembly.go.kr/bill/billDetail.do?billId=100624,https://likms.assembly.go.kr/bill/billDetail.do?billId=100624
16,160028,대학학과개편에대한동의,김민산,"김경재,김태홍,김홍신의원",2000-07-21,2000-07-21,보건복지위원회,폐기,처리의안,https://likms.assembly.go.kr/bill/billDetail.do?billId=100623,https://likms.assembly.go.kr/bill/billDetail.do?billId=100623
16,160027,반월특수지역지정일부해제,최병두외 140인,강성구의원,2000-07-19,2000-07-20,건설교통위원회,본회의불부의,처리의안,https://likms.assembly.go.kr/bill/billDetail.do?billId=100622,https://likms.assembly.go.kr/bill/billDetail.do?billId=100622
16,160026,의약분업예외지역지정,최형문외 4인,최병국의원,2000-07-18,2000-07-18,보건복지위원회,본회의불부의,처리의안,https://likms.assembly.go.kr/bill/billDetail.do?billId=100621,https://likms.assembly.go.kr/bill/billDetail.do?billId=100621
16,160025,국가유공자등예우및지원에관한법률개정,김진옥,박병석의원,2000-07-14,2000-07-15,정무위원회,폐기,처리의안,https://likms.assembly.go.kr/bill/billDetail.do?billId=100620,https://likms.assembly.go.kr/bill/billDetail.do?billId=100620
16,160024,조세특례제한법개정,정대근,정세균의원,2000-07-13,2000-07-14,재정경제위원회,본회의불부의,처리의안,https://likms.assembly.go.kr/bill/billDetail.do?billId=100619,https://likms.assembly.go.kr/bill/billDetail.do?billId=100619
16,160023,국가유공자등예우및지원에관한법률개정,한상홍,신기남의원,2000-07-13,2000-07-14,정무위원회,폐기,처리의안,https://likms.assembly.go.kr/bill/billDetail.do?billId=100618,https://likms.assembly.go.kr/bill/billDetail.do?billId=100618
16,160022,약사법개정,라석찬,박시균의원,2000-07-12,2000-07-13,보건복지위원회,본회의불부의,처리의안,https://likms.assembly.go.kr/bill/billDetail.do?billId=100617,https://likms.assembly.go.kr/bill/billDetail.do?billId=100617
16,160021,근로기준법등개정,이남순,김락기의원외 6인,2000-07-10,2000-07-11,환경노동위원회,폐기,처리의안,https://likms.assembly.go.kr/bill/billDetail.do?billId=100616,https://likms.assembly.go.kr/bill/billDetail.do?billId=100616
16,160020,근로기준법개정,이남순,박인상의원외 7인,2000-07-10,2000-07-11,환경노동위원회,본회의불부의,처리의안,https://likms.assembly.go.kr/bill/billDetail.do?billId=100615,https://likms.assembly.go.kr/bill/billDetail.do?billId=100615
16,160019,노동조합및노동관계조정법개정,이남순,김락기의원외 7인,2000-07-10,2000-07-11,환경노동위원회,본회의불부의,처리의안,https://likms.assembly.go.kr/bill/billDetail.do?billId=100614,https://likms.assembly.go.kr/bill/billDetail.do?billId=100614
16,160018,노동조합및노동관계조정법개정,이남순,박인상의원외 7인,2000-07-10,2000-07-11,환경노동위원회,본회의불부의,처리의안,https://likms.assembly.go.kr/bill/billDetail.do?billId=100613,https://likms.assembly.go.kr/bill/billDetail.do?billId=100613
16,160017,독도일부지역대부,황백현,김원웅의원,2000-07-10,2000-07-11,농림해양수산위원회,폐기,처리의안,https://likms.assembly.go.kr/bill/billDetail.do?billId=100612,https://likms.assembly.go.kr/bill/billDetail.do?billId=100612
16,160016,쿠니미공군사격장인근주민피해보상등,홍순범외 465인,강성구의원외 8인,2000-07-08,2000-07-10,국방위원회,폐기,처리의안,https://likms.assembly.go.kr/bill/billDetail.do?billId=100611,https://likms.assembly.go.kr/bill/billDetail.do?billId=100611
16,160015,동물병원에서의약품사용을위한약사법개정,이우재외 25인,심재철의원,2000-07-07,2000-07-08,보건복지위원회,본회의불부의,처리의안,https://likms.assembly.go.kr/bill/billDetail.do?billId=100610,https://likms.assembly.go.kr/bill/billDetail.do?billId=100610
16,160014,현대자동차컨소시엄의대우자동차입찰참여반대,"최종성외 5,120인",송영길의원,2000-07-07,2000-07-08,정무위원회,폐기,처리의안,https://likms.assembly.go.kr/bill/billDetail.do?billId=100609,https://likms.assembly.go.kr/bill/billDetail.do?billId=100609
16,160013,대방동소재공군복지부잔여주둔부대이전,김달순외 204인,서청원의원,2000-07-06,2000-07-07,국방위원회,본회의불부의,처리의안,https://likms.assembly.go.kr/bill/billDetail.do?billId=100608,https://likms.assembly.go.kr/bill/billDetail.do?billId=100608
16,160012,대한의사협회의약사법개정의견에대한반대,김희중,김명섭의원,2000-07-05,2000-07-07,보건복지위원회,본회의불부의,처리의안,https://likms.assembly.go.kr/bill/billDetail.do?billId=100607,https://likms.assembly.go.kr/bill/billDetail.do?billId=100607
16,160011,약사법부칙개정,허철,정우택의원,2000-07-04,2000-07-05,보건복지위원회,철회,처리의안,https://likms.assembly.go.kr/bill/billDetail.do?billId=100606,https://likms.assembly.go.kr/bill/billDetail.do?billId=100606
16,160010,함평양민학살사건진상조사등,정근욱외 186인,이낙연의원,2000-07-03,2003-11-15,과거사진상규명에관한특별위원회,본회의불부의,처리의안,https://likms.assembly.go.kr/bill/billDetail.do?billId=100605,https://likms.assembly.go.kr/bill/billDetail.do?billId=100605
16,160009,자동차산업보호를위한결의안채택,"홍근수,단병호외 118,019인",김문수의원,2000-06-30,2000-07-01,산업자원위원회,폐기,처리의안,https://likms.assembly.go.kr/bill/billDetail.do?billId=100604,https://likms.assembly.go.kr/bill/billDetail.do?billId=100604
16,160008,공무원임용시험령등개정,김규완외 4인,이강래의원외 2인,2000-06-29,2000-06-30,행정자치위원회,본회의불부의,처리의안,https://likms.assembly.go.kr/bill/billDetail.do?billId=100603,https://likms.assembly.go.kr/bill/billDetail.do?billId=100603
16,160007,약사법개정,김재정,박시균의원,2000-06-27,2000-06-27,보건복지위원회,본회의불부의,처리의안,https://likms.assembly.go.kr/bill/billDetail.do?billId=100602,https://likms.assembly.go.kr/bill/billDetail.do?billId=100602
16,160006,지방자치법및지방공무원법개정,이용부외 10인,권오을의원외 2인,2000-06-26,2000-06-27,행정자치위원회,폐기,처리의안,https://likms.assembly.go.kr/bill/billDetail.do?billId=100601,https://likms.assembly.go.kr/bill/billDetail.do?billId=100601
16,160005,제대군인지원에관한법률개정,김규완외 4인,이강래의원외 2인,2000-06-29,2000-06-30,정무위원회,폐기,처리의안,https://likms.assembly.go.kr/bill/billDetail.do?billId=100600,https://likms.assembly.go.kr/bill/billDetail.do?billId=100600
16,160004,국회법개정,김중배,김문수의원,2000-06-14,2002-01-18,정치개혁특별위원회,본회의불부의,처리의안,https://likms.assembly.go.kr/bill/billDetail.do?billId=100599,https://likms.assembly.go.kr/bill/billDetail.do?billId=100599
16,160003,노동시간단축특별법제정,단병호,김문수의원,2000-06-07,2000-06-16,환경노동위원회,폐기,처리의안,https://likms.assembly.go.kr/bill/billDetail.do?billId=100598,https://likms.assembly.go.kr/bill/billDetail.do?billId=100598
16,160002,법정근로시간단축,단병호,김문수의원,2000-06-07,2000-06-16,환경노동위원회,본회의불부의,처리의안,https://likms.assembly.go.kr/bill/billDetail.do?billId=100597,https://likms.assembly.go.kr/bill/billDetail.do?billId=100597
16,160001,인사청문회법제정,김중배,김문수의원외 1인,2000-06-01,2002-01-18,정치개혁특별위원회,본회의불부의,처리의안,https://likms.assembly.go.kr/bill/billDetail.do?billId=100596,https://likms.assembly.go.kr/bill/billDetail.do?billId=100596
15,150599,특별소비세법시행령등개정,이백윤,권정달의원,2000-03-11,2000-03-13,재정경제위원회,폐기,처리의안,https://likms.assembly.go.kr/bill/billDetail.do?billId=100595,https://likms.assembly.go.kr/bill/billDetail.do?billId=100595
15,150598,부실시공아파트안전진단실시등,이계영,이신범의원,2000-03-09,2000-03-11,건설교통위원회,폐기,처리의안,https://likms.assembly.go.kr/bill/billDetail.do?billId=100594,https://likms.assembly.go.kr/bill/billDetail.do?billId=100594
15,150597,노점상문제해결을위한특별법제정,이인선,김문수의원,2000-02-15,2000-02-23,행정자치위원회,폐기,처리의안,https://likms.assembly.go.kr/bill/billDetail.do?billId=100593,https://likms.assembly.go.kr/bill/billDetail.do?billId=100593
15,150596,민방위기본법개정등,조철제,이상배의원,2000-02-09,2000-02-11,행정자치위원회,폐기,처리의안,https://likms.assembly.go.kr/bill/billDetail.do?billId=100592,https://likms.assembly.go.kr/bill/billDetail.do?billId=100592
15,150595,근로자의생활향상과고용안정지원에관한법률및중소기업근로자복지진흥법개정,엄종국,조성준의원,2000-02-03,2000-02-07,환경노동위원회,폐기,처리의안,https://likms.assembly.go.kr/bill/billDetail.do?billId=100591,https://likms.assembly.go.kr/bill/billDetail.do?billId=100591
15,150594,국회의원지역선거구조정,"송달인,홍종기외 17,798인",김범명의원외 3인,2000-01-28,2000-01-29,행정자치위원회,폐기,처리의안,https://likms.assembly.go.kr/bill/billDetail.do?billId=100590,https://likms.assembly.go.kr/bill/billDetail.do?billId=100590
15,150593,공무원직장협의회의설립·운영에관한법률개정,박인상,방용석의원,2000-01-28,2000-01-29,행정자치위원회,폐기,처리의안,https://likms.assembly.go.kr/bill/billDetail.do?billId=100589,https://likms.assembly.go.kr/bill/billDetail.do?billId=100589
15,150592,국회의원지역선거구조정,"정홍정, 이정택외 19인",김동주의원,2000-01-24,2000-01-25,행정자치위원회,폐기,처리의안,https://likms.assembly.go.kr/bill/billDetail.do?billId=100588,https://likms.assembly.go.kr/bill/billDetail.do?billId=100588
15,150591,고가도로철거,"서광남외 1,223인",박성범의원,2000-01-22,2000-01-25,행정자치위원회,폐기,처리의안,https://likms.assembly.go.kr/bill/billDetail.do?billId=100587,https://likms.assembly.go.kr/bill/billDetail.do?billId=100587
15,150590,육군헬기추락사고원인재조사,임성창,조성준의원외 4인,1999-12-23,1999-12-23,국방위원회,폐기,처리의안,https://likms.assembly.go.kr/bill/billDetail.do?billId=100586,https://likms.assembly.go.kr/bill/billDetail.do?billId=100586
15,150589,국가유공자등예우및지원에관한법률개정,한상홍,김태랑의원,1999-12-21,1999-12-23,정무위원회,폐기,처리의안,https://likms.assembly.go.kr/bill/billDetail.do?billId=100585,https://likms.assembly.go.kr/bill/billDetail.do?billId=100585
15,150588,공직선거및선거부정방지법개정,"김성수외 4,118인",유선호의원,1999-12-14,1999-12-15,행정자치위원회,폐기,처리의안,https://likms.assembly.go.kr/bill/billDetail.do?billId=100584,https://likms.assembly.go.kr/bill/billDetail.do?billId=100584
15,150587,초·중등교육법개정,"이부영외 31,104인",이수인의원외 2인,1999-12-14,1999-12-15,교육위원회,폐기,처리의안,https://likms.assembly.go.kr/bill/billDetail.do?billId=100583,https://likms.assembly.go.kr/bill/billDetail.do?billId=100583
15,150586,고등교육법개정,"이부영외 31,104인",이수인의원외 2인,1999-12-14,1999-12-15,교육위원회,폐기,처리의안,https://likms.assembly.go.kr/bill/billDetail.do?billId=100582,https://likms.assembly.go.kr/bill/billDetail.do?billId=100582
15,150585,사립학교법개정,"이부영외 31,104인",이수인의원외 2인,1999-12-14,1999-12-15,교육위원회,폐기,처리의안,https://likms.assembly.go.kr/bill/billDetail.do?billId=100581,https://likms.assembly.go.kr/bill/billDetail.do?billId=100581
15,150584,공중위생관리법개정,조수경,김홍신의원,1999-12-14,1999-12-15,보건복지위원회,폐기,처리의안,https://likms.assembly.go.kr/bill/billDetail.do?billId=100580,https://likms.assembly.go.kr/bill/billDetail.do?billId=100580
15,150583,도시재개발법개정,"안종만외 12,819인",유재건의원외 5인,1999-12-07,1999-12-09,건설교통위원회,폐기,처리의안,https://likms.assembly.go.kr/bill/billDetail.do?billId=100579,https://likms.assembly.go.kr/bill/billDetail.do?billId=100579
15,150582,한국조폐공사노동조합파업유도및전검찰총장부인에대한옷로비의혹사건진상규명을위한특별검사의임명등에관한법률개정,강경근외 2인,안상수의원,1999-12-03,1999-12-03,법제사법위원회,폐기,처리의안,https://likms.assembly.go.kr/bill/billDetail.do?billId=100578,https://likms.assembly.go.kr/bill/billDetail.do?billId=100578
15,150581,사업장안전보건관리기본법제정,박인상,정세균의원외 8인,1999-12-02,1999-12-03,환경노동위원회,폐기,처리의안,https://likms.assembly.go.kr/bill/billDetail.do?billId=100577,https://likms.assembly.go.kr/bill/billDetail.do?billId=100577
15,150580,불법건축물양성화,최영수외 175인,이우재의원,1999-11-30,1999-12-01,건설교통위원회,폐기,처리의안,https://likms.assembly.go.kr/bill/billDetail.do?billId=100576,https://likms.assembly.go.kr/bill/billDetail.do?billId=100576
15,150579,의정평가전문시민단체지원,김석수,김영진의원외 2인,1999-11-29,1999-11-30,국회운영위원회,폐기,처리의안,https://likms.assembly.go.kr/bill/billDetail.do?billId=100575,https://likms.assembly.go.kr/bill/billDetail.do?billId=100575
15,150578,한약관련과목범위및이수인정기준재검토,오성윤,"김경재,김홍신,조순승,황규선의원외 2인",1999-11-26,1999-11-27,보건복지위원회,폐기,처리의안,https://likms.assembly.go.kr/bill/billDetail.do?billId=100574,https://likms.assembly.go.kr/bill/billDetail.do?billId=100574
15,150577,부가가치세법및소득세법개정,이용득외 3인,김근태의원,1999-11-25,1999-11-26,재정경제위원회,본회의불부의,처리의안,https://likms.assembly.go.kr/bill/billDetail.do?billId=100573,https://likms.assembly.go.kr/bill/billDetail.do?billId=100573
15,150576,국유재산법개정,신영식외 527인,박성범의원외 18인,1999-11-25,1999-11-26,재정경제위원회,본회의불부의,처리의안,https://likms.assembly.go.kr/bill/billDetail.do?billId=100572,https://likms.assembly.go.kr/bill/billDetail.do?billId=100572
15,150575,전력산업구조개편촉진에관한법률제정반대,"오충일외 1,059,007인",신영국의원외 131인,1999-11-24,1999-11-25,산업자원위원회,폐기,처리의안,https://likms.assembly.go.kr/bill/billDetail.do?billId=100571,https://likms.assembly.go.kr/bill/billDetail.do?billId=100571
15,150574,공인회계사법개정,김희집,장재식의원,1999-11-23,1999-11-24,재정경제위원회,본회의불부의,처리의안,https://likms.assembly.go.kr/bill/billDetail.do?billId=100570,https://likms.assembly.go.kr/bill/billDetail.do?billId=100570
15,150573,연천댐철거및피해보상,유병원,"이한동,안재홍의원",1999-11-23,1999-11-24,건설교통위원회,폐기,처리의안,https://likms.assembly.go.kr/bill/billDetail.do?billId=100569,https://likms.assembly.go.kr/bill/billDetail.do?billId=100569
15,150572,예비군훈련장설치반대,이중봉,황우여의원,1999-11-23,1999-11-24,국방위원회,폐기,처리의안,https://likms.assembly.go.kr/bill/billDetail.do?billId=100568,https://likms.assembly.go.kr/bill/billDetail.do?billId=100568
15,150571,약사법개정안수정,"노관택외 1,202,243인",나오연의원,1999-11-23,1999-11-24,보건복지위원회,폐기,처리의안,https://likms.assembly.go.kr/bill/billDetail.do?billId=100567,https://likms.assembly.go.kr/bill/billDetail.do?billId=100567
15,150570,고속도로버스전용차로택시통행허용,김승만외 808인,원유철의원,1999-11-22,1999-11-23,행정자치위원회,폐기,처리의안,https://likms.assembly.go.kr/bill/billDetail.do?billId=100566,https://likms.assembly.go.kr/bill/billDetail.do?billId=100566
15,150569,노동조합및노동관계조정법개정,박인상,이강희의원,1999-11-19,1999-11-20,환경노동위원회,폐기,처리의안,https://likms.assembly.go.kr/bill/billDetail.do?billId=100565,https://likms.assembly.go.kr/bill/billDetail.do?billId=100565
15,150568,사할린한인귀환법제정등,김수영외 2인,김영선의원,1999-11-19,1999-11-20,통일외교통상위원회,폐기,처리의안,https://likms.assembly.go.kr/bill/billDetail.do?billId=100564,https://likms.assembly.go.kr/bill/billDetail.do?billId=100564
15,150567,북한이탈주민의보호및정착지원에관한법률개정,김용철외 19인,정희경의원외 11인,1999-11-18,1999-11-19,통일외교통상위원회,폐기,처리의안,https://likms.assembly.go.kr/bill/billDetail.do?billId=100563,https://likms.assembly.go.kr/bill/billDetail.do?billId=100563
15,150566,의문사진상규명에관한특별법(안)수정,"허영춘외 10,619인","유선호,이상수의원외 7인",1999-11-18,1999-11-19,법제사법위원회,본회의불부의,처리의안,https://likms.assembly.go.kr/bill/billDetail.do?billId=100562,https://likms.assembly.go.kr/bill/billDetail.do?billId=100562
15,150565,동물보호법개정,"금선란외 38,332인",정형근의원,1999-11-18,1999-11-19,농림해양수산위원회,본회의불부의,처리의안,https://likms.assembly.go.kr/bill/billDetail.do?billId=100561,https://likms.assembly.go.kr/bill/billDetail.do?billId=100561
15,150564,주세법개정,"안드레 웩스외 372,514인",이상만의원,1999-11-17,1999-11-19,재정경제위원회,본회의불부의,처리의안,https://likms.assembly.go.kr/bill/billDetail.do?billId=100560,https://likms.assembly.go.kr/bill/billDetail.do?billId=100560
15,150563,금융분쟁조정결정등에따른피해배상,박흥식,한영수의원,1999-11-11,1999-11-13,정무위원회,폐기,처리의안,https://likms.assembly.go.kr/bill/billDetail.do?billId=100559,https://likms.assembly.go.kr/bill/billDetail.do?billId=100559
15,150562,국가유공자등예우및지원에관한법률개정,문일수외 2인,서정화의원,1999-11-12,1999-11-13,정무위원회,폐기,처리의안,https://likms.assembly.go.kr/bill/billDetail.do?billId=100558,https://likms.assembly.go.kr/bill/billDetail.do?billId=100558
15,150561,증권거래법등개정,김중배,김근태의원,1999-11-11,1999-11-13,재정경제위원회,본회의불부의,처리의안,https://likms.assembly.go.kr/bill/billDetail.do?billId=100557,https://likms.assembly.go.kr/bill/billDetail.do?billId=100557
15,150560,상법개정등,김중배,김근태의원,1999-11-11,1999-11-13,법제사법위원회,폐기,처리의안,https://likms.assembly.go.kr/bill/billDetail.do?billId=100556,https://likms.assembly.go.kr/bill/billDetail.do?billId=100556
15,150559,여객자동차운수사업법개정,"이유갑외 6,409인",노기태의원외 9인,1999-11-11,1999-11-13,건설교통위원회,본회의불부의,처리의안,https://likms.assembly.go.kr/bill/billDetail.do?billId=100555,https://likms.assembly.go.kr/bill/billDetail.do?billId=100555
15,150558,국가유공자등예우및지원에관한법률개정,이철우외 65인,김현욱의원외 5인,1999-11-11,1999-11-11,정무위원회,폐기,처리의안,https://likms.assembly.go.kr/bill/billDetail.do?billId=100554,https://likms.assembly.go.kr/bill/billDetail.do?billId=100554
15,150557,국민건강보험법개정,"유성희,노관택",박시균의원,1999-11-10,1999-11-11,보건복지위원회,본회의불부의,처리의안,https://likms.assembly.go.kr/bill/billDetail.do?billId=100553,https://likms.assembly.go.kr/bill/billDetail.do?billId=100553
15,150556,농지조성비및전용부담금감면,이명익외 211인,"한이헌,노무현의원외 10인",1999-11-09,1999-11-10,농림해양수산위원회,본회의불부의,처리의안,https://likms.assembly.go.kr/bill/billDetail.do?billId=100552,https://likms.assembly.go.kr/bill/billDetail.do?billId=100552
15,150555,농가부채경감특별조치법제정,"황창주외 104,390인",김종호의원외 63인,1999-11-09,1999-11-10,농림해양수산위원회,폐기,처리의안,https://likms.assembly.go.kr/bill/billDetail.do?billId=100551,https://likms.assembly.go.kr/bill/billDetail.do?billId=100551
15,150554,건축물고도제한완화,"허재안외 43,000인",안동선의원,1999-11-06,1999-11-08,국방위원회,폐기,처리의안,https://likms.assembly.go.kr/bill/billDetail.do?billId=100550,https://likms.assembly.go.kr/bill/billDetail.do?billId=100550
15,150553,고속도로버스전용차로택시통행허용,"지상래외 1,425인",신경식의원외 44인,1999-11-04,1999-11-05,행정자치위원회,폐기,처리의안,https://likms.assembly.go.kr/bill/billDetail.do?billId=100549,https://likms.assembly.go.kr/bill/billDetail.do?billId=100549
15,150552,세법개정,박인상,정세균의원,1999-11-02,1999-11-03,재정경제위원회,본회의불부의,처리의안,https://likms.assembly.go.kr/bill/billDetail.do?billId=100548,https://likms.assembly.go.kr/bill/billDetail.do?billId=100548
15,150551,보육시설지원,"최은호외 5,695인","김명섭,어준선,황규선의원외 23인",1999-11-02,1999-11-03,보건복지위원회,폐기,처리의안,https://likms.assembly.go.kr/bill/billDetail.do?billId=100547,https://likms.assembly.go.kr/bill/billDetail.do?billId=100547
15,150550,국가보안법폐지,"홍근수외 291,443인",이미경의원,1999-11-02,1999-11-03,법제사법위원회,폐기,처리의안,https://likms.assembly.go.kr/bill/billDetail.do?billId=100546,https://likms.assembly.go.kr/bill/billDetail.do?billId=100546
15,150549,약사법개정,유성희,황성균의원,1999-10-29,1999-11-01,보건복지위원회,본회의불부의,처리의안,https://likms.assembly.go.kr/bill/billDetail.do?billId=100545,https://likms.assembly.go.kr/bill/billDetail.do?billId=100545
15,150548,여객자동차운수사업법개정,안성권,현경대의원외 2인,1999-10-29,1999-11-01,건설교통위원회,본회의불부의,처리의안,https://likms.assembly.go.kr/bill/billDetail.do?billId=100544,https://likms.assembly.go.kr/bill/billDetail.do?billId=100544
15,150547,소음·진동규제법시행령개정,"이상록외 5,073인",조홍규의원,1999-10-27,1999-10-28,환경노동위원회,본회의불부의,처리의안,https://likms.assembly.go.kr/bill/billDetail.do?billId=100543,https://likms.assembly.go.kr/bill/billDetail.do?billId=100543
15,150546,항공법시행령개정,"이상록외 5,073인",조홍규의원,1999-10-27,1999-10-28,건설교통위원회,폐기,처리의안,https://likms.assembly.go.kr/bill/billDetail.do?billId=100542,https://likms.assembly.go.kr/bill/billDetail.do?billId=100542
15,150545,군용비행장소음피해대책마련,"이상록외 5,073인",조홍규의원,1999-10-27,1999-10-28,국방위원회,폐기,처리의안,https://likms.assembly.go.kr/bill/billDetail.do?billId=100541,https://likms.assembly.go.kr/bill/billDetail.do?billId=100541
15,150544,서천기능대학설립예산배정,"구격환, 노철래",김문수의원,1999-10-27,1999-10-28,환경노동위원회,폐기,처리의안,https://likms.assembly.go.kr/bill/billDetail.do?billId=100540,https://likms.assembly.go.kr/bill/billDetail.do?billId=100540
15,150543,노동조합및노동관계조정법개정,단병호,김문수의원,1999-10-27,1999-10-28,환경노동위원회,폐기,처리의안,https://likms.assembly.go.kr/bill/billDetail.do?billId=100539,https://likms.assembly.go.kr/bill/billDetail.do?billId=100539
15,150542,노동조합및노동관계조정법개정,단병호,김문수의원,1999-10-27,1999-10-28,환경노동위원회,폐기,처리의안,https://likms.assembly.go.kr/bill/billDetail.do?billId=100538,https://likms.assembly.go.kr/bill/billDetail.do?billId=100538
15,150541,공중위생관리법개정,문진용외 5인,조성준의원,1999-10-26,1999-10-27,보건복지위원회,본회의불부의,처리의안,https://likms.assembly.go.kr/bill/billDetail.do?billId=100537,https://likms.assembly.go.kr/bill/billDetail.do?billId=100537
15,150540,통신비밀보호법개정,이석연외 2인,안상수의원,1999-10-26,1999-10-26,법제사법위원회,폐기,처리의안,https://likms.assembly.go.kr/bill/billDetail.do?billId=100536,https://likms.assembly.go.kr/bill/billDetail.do?billId=100536
15,150539,노동조합및노동관계조정법개정,단병호,김문수의원,1999-10-25,1999-10-26,환경노동위원회,폐기,처리의안,https://likms.assembly.go.kr/bill/billDetail.do?billId=100535,https://likms.assembly.go.kr/bill/billDetail.do?billId=100535
15,150538,근로자복지기본법안수정,단병호,김문수의원,1999-10-25,1999-10-26,환경노동위원회,폐기,처리의안,https://likms.assembly.go.kr/bill/billDetail.do?billId=100534,https://likms.assembly.go.kr/bill/billDetail.do?billId=100534
15,150537,노동시간단축특별법제정,단병호,김문수의원,1999-10-25,1999-10-26,환경노동위원회,폐기,처리의안,https://likms.assembly.go.kr/bill/billDetail.do?billId=100533,https://likms.assembly.go.kr/bill/billDetail.do?billId=100533
15,150536,근로기준법개정,단병호,김문수의원,1999-10-25,1999-10-26,환경노동위원회,폐기,처리의안,https://likms.assembly.go.kr/bill/billDetail.do?billId=100532,https://likms.assembly.go.kr/bill/billDetail.do?billId=100532
15,150535,통신비밀보호법개정,이필상외 3인,김형오의원,1999-10-21,1999-10-21,법제사법위원회,폐기,처리의안,https://likms.assembly.go.kr/bill/billDetail.do?billId=100531,https://likms.assembly.go.kr/bill/billDetail.do?billId=100531
15,150534,하천부지불하등,백만길외 20인,박신원의원,1999-10-20,1999-10-21,국방위원회,폐기,처리의안,https://likms.assembly.go.kr/bill/billDetail.do?billId=100530,https://likms.assembly.go.kr/bill/billDetail.do?billId=100530
15,150533,군용항공기지법개정,임대윤,서훈의원외 134인,1999-10-19,1999-10-20,국방위원회,폐기,처리의안,https://likms.assembly.go.kr/bill/billDetail.do?billId=100529,https://likms.assembly.go.kr/bill/billDetail.do?billId=100529
15,150532,북경한국국제학교지원,임수영외 4인,"김상우,이신범의원",1999-10-16,1999-10-18,교육위원회,폐기,처리의안,https://likms.assembly.go.kr/bill/billDetail.do?billId=100528,https://likms.assembly.go.kr/bill/billDetail.do?billId=100528
15,150531,군용항공기지법에의한건축물고도제한완화,김겸오외 68인,조성준의원,1999-10-13,1999-10-14,국방위원회,폐기,처리의안,https://likms.assembly.go.kr/bill/billDetail.do?billId=100527,https://likms.assembly.go.kr/bill/billDetail.do?billId=100527
15,150530,개발제한구역내관광단지개발,강상섭,길승흠의원,1999-10-11,1999-10-12,건설교통위원회,폐기,처리의안,https://likms.assembly.go.kr/bill/billDetail.do?billId=100526,https://likms.assembly.go.kr/bill/billDetail.do?billId=100526
15,150529,개발제한구역내종합대학이전,강상섭,길승흠의원,1999-10-11,1999-10-12,건설교통위원회,폐기,처리의안,https://likms.assembly.go.kr/bill/billDetail.do?billId=100525,https://likms.assembly.go.kr/bill/billDetail.do?billId=100525
15,150528,상법개정,유현석외 1인,정우택의원,1999-09-28,1999-09-29,법제사법위원회,폐기,처리의안,https://likms.assembly.go.kr/bill/billDetail.do?billId=100524,https://likms.assembly.go.kr/bill/billDetail.do?billId=100524
15,150527,국민건강보험법개정,박인상,정의화의원,1999-09-27,1999-09-28,보건복지위원회,본회의불부의,처리의안,https://likms.assembly.go.kr/bill/billDetail.do?billId=100523,https://likms.assembly.go.kr/bill/billDetail.do?billId=100523
15,150526,건축법개정,신봉주외 491인,김허남의원,1999-09-09,1999-09-10,건설교통위원회,폐기,처리의안,https://likms.assembly.go.kr/bill/billDetail.do?billId=100522,https://likms.assembly.go.kr/bill/billDetail.do?billId=100522
15,150525,국가유공자처우개선,김상재,김용갑의원,1999-09-08,1999-09-08,정무위원회,폐기,처리의안,https://likms.assembly.go.kr/bill/billDetail.do?billId=100521,https://likms.assembly.go.kr/bill/billDetail.do?billId=100521
15,150524,임용결격공무원등에대한퇴직보상금지급등에관한특례법개정,김영부,현경대의원,1999-09-07,1999-09-08,행정자치위원회,폐기,처리의안,https://likms.assembly.go.kr/bill/billDetail.do?billId=100520,https://likms.assembly.go.kr/bill/billDetail.do?billId=100520
15,150523,화물자동차운송사업등록기준하향조정반대,"김학술외 10,121인",현경대의원외 55인,1999-09-07,1999-09-08,건설교통위원회,채택,처리의안,https://likms.assembly.go.kr/bill/billDetail.do?billId=100519,https://likms.assembly.go.kr/bill/billDetail.do?billId=100519
15,150522,공군사격장이전및피해보상,김민영외 612인,이상배의원외 25인,1999-09-02,1999-09-04,국방위원회,폐기,처리의안,https://likms.assembly.go.kr/bill/billDetail.do?billId=100518,https://likms.assembly.go.kr/bill/billDetail.do?billId=100518
15,150521,택지개발사업지구내용지매매계약해제등,박병효,권정달의원,1999-09-02,1999-09-04,건설교통위원회,폐기,처리의안,https://likms.assembly.go.kr/bill/billDetail.do?billId=100517,https://likms.assembly.go.kr/bill/billDetail.do?billId=100517
15,150520,6.25참전군인에대한보국훈장수여,"김동헌,김인문외 4,910인",허대범의원,1999-09-01,1999-09-02,국방위원회,폐기,처리의안,https://likms.assembly.go.kr/bill/billDetail.do?billId=100516,https://likms.assembly.go.kr/bill/billDetail.do?billId=100516
15,150519,전파법개정,김중배,이미경의원,1999-08-24,1999-08-25,과학기술정보통신위원회,폐기,처리의안,https://likms.assembly.go.kr/bill/billDetail.do?billId=100515,https://likms.assembly.go.kr/bill/billDetail.do?billId=100515
15,150518,농·축협통합관련의혹규명,이종준외 25인,김중위의원,1999-08-13,1999-08-13,법제사법위원회,폐기,처리의안,https://likms.assembly.go.kr/bill/billDetail.do?billId=100514,https://likms.assembly.go.kr/bill/billDetail.do?billId=100514
15,150517,대구지하철국비지원확대,"이성수외 620,084인",강재섭의원외 2인,1999-08-12,1999-08-13,건설교통위원회,채택,처리의안,https://likms.assembly.go.kr/bill/billDetail.do?billId=100513,https://likms.assembly.go.kr/bill/billDetail.do?billId=100513
15,150516,사면법개정,최영도,이미경의원,1999-08-10,1999-08-11,법제사법위원회,폐기,처리의안,https://likms.assembly.go.kr/bill/billDetail.do?billId=100512,https://likms.assembly.go.kr/bill/billDetail.do?billId=100512
15,150515,무공훈장등수여,전진근,박세환의원,1999-08-09,1999-08-09,국방위원회,폐기,처리의안,https://likms.assembly.go.kr/bill/billDetail.do?billId=100511,https://likms.assembly.go.kr/bill/billDetail.do?billId=100511
15,150514,축산법령개정,강태규외 11인,이성호의원,1999-08-05,1999-08-06,농림해양수산위원회,폐기,처리의안,https://likms.assembly.go.kr/bill/billDetail.do?billId=100510,https://likms.assembly.go.kr/bill/billDetail.do?billId=100510
15,150513,유아학원교육비소득공제,"이인섭외 48,640인",나오연의원,1999-08-04,1999-08-05,재정경제위원회,본회의불부의,처리의안,https://likms.assembly.go.kr/bill/billDetail.do?billId=100509,https://likms.assembly.go.kr/bill/billDetail.do?billId=100509
15,150512,한국통신카드(주)지정제조업체의생존권보장,박민용외 2인,박범진의원,1999-07-28,1999-07-29,과학기술정보통신위원회,본회의불부의,처리의안,https://likms.assembly.go.kr/bill/billDetail.do?billId=100508,https://likms.assembly.go.kr/bill/billDetail.do?billId=100508
15,150511,특별검사의임명등에관한법률제정,최영도,홍사덕의원,1999-07-27,1999-07-28,법제사법위원회,폐기,처리의안,https://likms.assembly.go.kr/bill/billDetail.do?billId=100507,https://likms.assembly.go.kr/bill/billDetail.do?billId=100507
15,150510,보증책임제한법 제정,유현석,김근태의원,1999-07-27,1999-07-28,법제사법위원회,폐기,처리의안,https://likms.assembly.go.kr/bill/billDetail.do?billId=100506,https://likms.assembly.go.kr/bill/billDetail.do?billId=100506
15,150508,국가공무원명예퇴직수당등지급업무처리지침개정,진종진,이완구의원,1999-07-26,1999-07-28,행정자치위원회,폐기,처리의안,https://likms.assembly.go.kr/bill/billDetail.do?billId=100505,https://likms.assembly.go.kr/bill/billDetail.do?billId=100505
15,150507,국립대학기능직공무원감축방안재검토,"이상규외 7,931인",안상수의원외 10인,1999-07-23,1999-07-24,교육위원회,폐기,처리의안,https://likms.assembly.go.kr/bill/billDetail.do?billId=100504,https://likms.assembly.go.kr/bill/billDetail.do?billId=100504
15,150506,지방세법개정,황백현,이부영의원,1999-07-21,1999-07-22,행정자치위원회,폐기,처리의안,https://likms.assembly.go.kr/bill/billDetail.do?billId=100503,https://likms.assembly.go.kr/bill/billDetail.do?billId=100503
15,150505,국민연금법등개정,박인상외 2인,조성준의원,1999-07-20,1999-07-21,보건복지위원회,본회의불부의,처리의안,https://likms.assembly.go.kr/bill/billDetail.do?billId=100502,https://likms.assembly.go.kr/bill/billDetail.do?billId=100502
15,150504,사법제도개혁,조병윤외 192인,조순형의원,1999-07-16,1999-07-19,법제사법위원회,폐기,처리의안,https://likms.assembly.go.kr/bill/billDetail.do?billId=100501,https://likms.assembly.go.kr/bill/billDetail.do?billId=100501
15,150503,농축산업협동조합법제정,"이종준외 152,468인",김중위의원,1999-07-14,1999-07-16,농림해양수산위원회,본회의불부의,처리의안,https://likms.assembly.go.kr/bill/billDetail.do?billId=100500,https://likms.assembly.go.kr/bill/billDetail.do?billId=100500
15,150502,국유지매각등,권응삼외 10인,조진형의원,1999-07-14,1999-07-16,국방위원회,폐기,처리의안,https://likms.assembly.go.kr/bill/billDetail.do?billId=100499,https://likms.assembly.go.kr/bill/billDetail.do?billId=100499
15,150500,법률한글화,허웅외 9인,정문화의원외 2인,1999-07-08,1999-07-09,문화관광위원회,폐기,처리의안,https://likms.assembly.go.kr/bill/billDetail.do?billId=100498,https://likms.assembly.go.kr/bill/billDetail.do?billId=100498
15,150499,농어촌특별세감면,"민창기, 위성복",장재식의원,1999-07-08,1999-07-08,재정경제위원회,본회의불부의,처리의안,https://likms.assembly.go.kr/bill/billDetail.do?billId=100497,https://likms.assembly.go.kr/bill/billDetail.do?billId=100497
15,150498,조세특례제한법중개정법률안수정,김중배,김근태의원,1999-07-07,1999-07-08,재정경제위원회,본회의불부의,처리의안,https://likms.assembly.go.kr/bill/billDetail.do?billId=100496,https://likms.assembly.go.kr/bill/billDetail.do?billId=100496
15,150497,도시재개발법개정,심의석외 334인,강성재의원외 2인,1999-07-07,1999-07-08,건설교통위원회,폐기,처리의안,https://likms.assembly.go.kr/bill/billDetail.do?billId=100495,https://likms.assembly.go.kr/bill/billDetail.do?billId=100495
15,150496,중앙고속도로통행료인하,"권정이외 2,048인",안택수의원외 34인,1999-07-06,1999-07-06,건설교통위원회,본회의불부의,처리의안,https://likms.assembly.go.kr/bill/billDetail.do?billId=100494,https://likms.assembly.go.kr/bill/billDetail.do?billId=100494
15,150495,세무대학폐지반대,정규백외 832인,나오연의원,1999-07-05,1999-07-05,재정경제위원회,본회의불부의,처리의안,https://likms.assembly.go.kr/bill/billDetail.do?billId=100493,https://likms.assembly.go.kr/bill/billDetail.do?billId=100493
15,150494,한국중공업민영화반대,"정동화외 50,000인",김호일의원,1999-07-02,1999-07-03,산업자원위원회,폐기,처리의안,https://likms.assembly.go.kr/bill/billDetail.do?billId=100492,https://likms.assembly.go.kr/bill/billDetail.do?billId=100492
15,150493,자동차손해배상보장법개정,박용훈,방용석의원,1999-07-01,1999-07-03,건설교통위원회,폐기,처리의안,https://likms.assembly.go.kr/bill/billDetail.do?billId=100491,https://likms.assembly.go.kr/bill/billDetail.do?billId=100491
15,150492,지방자치법개정안수정,민명수,유재건의원,1999-07-01,1999-07-03,행정자치위원회,폐기,처리의안,https://likms.assembly.go.kr/bill/billDetail.do?billId=100490,https://likms.assembly.go.kr/bill/billDetail.do?billId=100490
15,150491,자동차손해배상보장법개정,김성재외 20인,김명섭의원,1999-06-30,1999-07-01,건설교통위원회,폐기,처리의안,https://likms.assembly.go.kr/bill/billDetail.do?billId=100489,https://likms.assembly.go.kr/bill/billDetail.do?billId=100489
15,150490,식품위생법개정,서남조,김홍신의원,1999-06-24,1999-06-25,보건복지위원회,본회의불부의,처리의안,https://likms.assembly.go.kr/bill/billDetail.do?billId=100488,https://likms.assembly.go.kr/bill/billDetail.do?billId=100488
15,150489,특별검사의임명등에관한법률제정,이석연외 2인,이미경의원,1999-06-23,1999-06-24,법제사법위원회,폐기,처리의안,https://likms.assembly.go.kr/bill/billDetail.do?billId=100487,https://likms.assembly.go.kr/bill/billDetail.do?billId=100487
15,150488,서울특별시중구지역관광특구지정,"이경복외 1,449인",박성범의원외 37인,1999-06-22,1999-06-22,문화관광위원회,채택,처리의안,https://likms.assembly.go.kr/bill/billDetail.do?billId=100486,https://likms.assembly.go.kr/bill/billDetail.do?billId=100486
15,150487,재일동포김희로석방촉구,박삼중,이건개의원외 22인,1999-06-14,1999-06-15,통일외교통상위원회,폐기,처리의안,https://likms.assembly.go.kr/bill/billDetail.do?billId=100485,https://likms.assembly.go.kr/bill/billDetail.do?billId=100485
15,150486,통신언론진흥회법제정,김중배외 17인,박종웅의원,1999-06-11,1999-06-12,문화관광위원회,폐기,처리의안,https://likms.assembly.go.kr/bill/billDetail.do?billId=100484,https://likms.assembly.go.kr/bill/billDetail.do?billId=100484
15,150485,청리지방산업단지철도차량제작공장유치,"김근수,김기환외 11인","신영국,이상배의원외 22인",1999-06-10,1999-06-12,산업자원위원회,폐기,처리의안,https://likms.assembly.go.kr/bill/billDetail.do?billId=100483,https://likms.assembly.go.kr/bill/billDetail.do?billId=100483
15,150484,농지법개정,전운식외 17인,채영석의원,1999-06-08,1999-06-09,농림해양수산위원회,본회의불부의,처리의안,https://likms.assembly.go.kr/bill/billDetail.do?billId=100482,https://likms.assembly.go.kr/bill/billDetail.do?billId=100482
15,150483,여객자동차운수사업법시행규칙개정,박을순외 372인,박성범의원외 18인,1999-05-31,1999-06-01,건설교통위원회,본회의불부의,처리의안,https://likms.assembly.go.kr/bill/billDetail.do?billId=100481,https://likms.assembly.go.kr/bill/billDetail.do?billId=100481
15,150482,먹는물관리법개정,김노식외 39인,김호일의원,1999-05-26,1999-05-27,환경노동위원회,본회의불부의,처리의안,https://likms.assembly.go.kr/bill/billDetail.do?billId=100480,https://likms.assembly.go.kr/bill/billDetail.do?billId=100480
15,150481,청소년보호법개정,서남조,김홍신의원,1999-05-19,1999-05-20,정무위원회,폐기,처리의안,https://likms.assembly.go.kr/bill/billDetail.do?billId=100479,https://likms.assembly.go.kr/bill/billDetail.do?billId=100479
15,150480,의료법중개정법률안심사촉구,이한두외 48인,김근태의원,1999-05-13,1999-05-14,보건복지위원회,본회의불부의,처리의안,https://likms.assembly.go.kr/bill/billDetail.do?billId=100478,https://likms.assembly.go.kr/bill/billDetail.do?billId=100478
15,150479,영광원전온배수피해어민보상,김인수외 320인,정균환의원외 21인,1999-05-10,1999-05-14,산업자원위원회,폐기,처리의안,https://likms.assembly.go.kr/bill/billDetail.do?billId=100477,https://likms.assembly.go.kr/bill/billDetail.do?billId=100477
15,150478,울주원자력발전소건설계획철회,"오해용외 127,993인",차수명의원외 4인,1999-05-07,1999-05-10,산업자원위원회,폐기,처리의안,https://likms.assembly.go.kr/bill/billDetail.do?billId=100476,https://likms.assembly.go.kr/bill/billDetail.do?billId=100476
15,150477,부산지방법원서부지원등신설,"신명열외 14,238인",김허남의원,1999-05-04,1999-05-08,법제사법위원회,폐기,처리의안,https://likms.assembly.go.kr/bill/billDetail.do?billId=100475,https://likms.assembly.go.kr/bill/billDetail.do?billId=100475
15,150476,징발재산정리에관한특별조치법개정,김원봉,이상수의원,1999-05-04,1999-05-04,국방위원회,폐기,처리의안,https://likms.assembly.go.kr/bill/billDetail.do?billId=100474,https://likms.assembly.go.kr/bill/billDetail.do?billId=100474
15,150475,인천봉재산미사일기지이전,"김동순외 33,415인",서한샘의원외 16인,1999-04-27,1999-04-28,국방위원회,폐기,처리의안,https://likms.assembly.go.kr/bill/billDetail.do?billId=100473,https://likms.assembly.go.kr/bill/billDetail.do?billId=100473
15,150474,특고압송전철탑이설,"강병섭외 10,124인",오세응의원외 54인,1999-04-23,1999-04-26,산업자원위원회,폐기,처리의안,https://likms.assembly.go.kr/bill/billDetail.do?billId=100472,https://likms.assembly.go.kr/bill/billDetail.do?billId=100472
15,150473,수도권종합전시장인천유치,"박상규, 이명복",이강희의원외 10인,1999-04-21,1999-04-23,산업자원위원회,본회의불부의,처리의안,https://likms.assembly.go.kr/bill/billDetail.do?billId=100471,https://likms.assembly.go.kr/bill/billDetail.do?billId=100471
15,150472,공유수면매립기성고보상,장성남외 6인,의원외 8인,1999-04-19,1999-04-20,농림해양수산위원회,폐기,처리의안,https://likms.assembly.go.kr/bill/billDetail.do?billId=100470,https://likms.assembly.go.kr/bill/billDetail.do?billId=100470
15,150471,국정감사및조사에관한법률개정,양건외 2인,유선호의원,1999-04-09,1999-07-19,국회운영위원회,폐기,처리의안,https://likms.assembly.go.kr/bill/billDetail.do?billId=100469,https://likms.assembly.go.kr/bill/billDetail.do?billId=100469
15,150470,국회에서의증언·감정등에관한법률개정,양건외 2인,유선호의원,1999-04-09,1999-07-19,국회운영위원회,폐기,처리의안,https://likms.assembly.go.kr/bill/billDetail.do?billId=100468,https://likms.assembly.go.kr/bill/billDetail.do?billId=100468
15,150469,국회법개정,양건외 2인,유선호의원,1999-04-09,1999-07-19,국회운영위원회,폐기,처리의안,https://likms.assembly.go.kr/bill/billDetail.do?billId=100467,https://likms.assembly.go.kr/bill/billDetail.do?billId=100467
15,150468,정당법개정,양건외 2인,김홍신의원,1999-04-09,1999-07-19,행정자치위원회,폐기,처리의안,https://likms.assembly.go.kr/bill/billDetail.do?billId=100466,https://likms.assembly.go.kr/bill/billDetail.do?billId=100466
15,150467,정치자금에관한법률개정,양건외 2인,이상수의원,1999-04-09,1999-07-19,행정자치위원회,폐기,처리의안,https://likms.assembly.go.kr/bill/billDetail.do?billId=100465,https://likms.assembly.go.kr/bill/billDetail.do?billId=100465
15,150466,공직선거및선거부정방지법개정,양건외 2인,이미경의원,1999-04-09,1999-07-19,행정자치위원회,폐기,처리의안,https://likms.assembly.go.kr/bill/billDetail.do?billId=100464,https://likms.assembly.go.kr/bill/billDetail.do?billId=100464
15,150465,수협중앙회직영인천공판장이양,차석교,이강희의원외 22인,1999-04-08,1999-04-09,농림해양수산위원회,폐기,처리의안,https://likms.assembly.go.kr/bill/billDetail.do?billId=100463,https://likms.assembly.go.kr/bill/billDetail.do?billId=100463
15,150464,변호사법개정법률안수정,김창국외 10인,김근태의원외 3인,1999-04-07,1999-04-07,법제사법위원회,본회의불부의,처리의안,https://likms.assembly.go.kr/bill/billDetail.do?billId=100462,https://likms.assembly.go.kr/bill/billDetail.do?billId=100462
15,150463,국토이용계획변경안철회,"박흥수외 2,670인",박정훈의원,1999-04-06,1999-04-07,건설교통위원회,폐기,처리의안,https://likms.assembly.go.kr/bill/billDetail.do?billId=100461,https://likms.assembly.go.kr/bill/billDetail.do?billId=100461
15,150462,장제비지급제도개선,김대섭,김홍신의원,1999-04-02,1999-04-06,보건복지위원회,폐기,처리의안,https://likms.assembly.go.kr/bill/billDetail.do?billId=100460,https://likms.assembly.go.kr/bill/billDetail.do?billId=100460
15,150461,관광특구지정등,안경률외 4인,박종웅의원,1999-04-01,1999-04-02,문화관광위원회,폐기,처리의안,https://likms.assembly.go.kr/bill/billDetail.do?billId=100459,https://likms.assembly.go.kr/bill/billDetail.do?billId=100459
15,150460,실업대책예산조정,박성철,김범명의원외 18인,1999-03-31,1999-04-01,환경노동위원회,본회의불부의,처리의안,https://likms.assembly.go.kr/bill/billDetail.do?billId=100458,https://likms.assembly.go.kr/bill/billDetail.do?billId=100458
15,150459,중소섬유산업창업지원,박성철,김범명의원외 19인,1999-03-31,1999-04-01,산업자원위원회,폐기,처리의안,https://likms.assembly.go.kr/bill/billDetail.do?billId=100457,https://likms.assembly.go.kr/bill/billDetail.do?billId=100457
15,150458,국가유공자등예우및지원에관한법률개정,정병욱외 26인,이강희의원외 2인,1999-03-29,1999-03-30,정무위원회,폐기,처리의안,https://likms.assembly.go.kr/bill/billDetail.do?billId=100456,https://likms.assembly.go.kr/bill/billDetail.do?billId=100456
15,150457,국가공무원명예퇴직수당등지급업무처리지침개정,이충섭외 101인,김중위의원,1999-03-26,1999-03-27,행정자치위원회,철회,처리의안,https://likms.assembly.go.kr/bill/billDetail.do?billId=100455,https://likms.assembly.go.kr/bill/billDetail.do?billId=100455
15,150456,쓰레기적환장설치반대,"노경진,김재성외 2,526인",이재오의원,1999-03-24,1999-03-25,행정자치위원회,폐기,처리의안,https://likms.assembly.go.kr/bill/billDetail.do?billId=100454,https://likms.assembly.go.kr/bill/billDetail.do?billId=100454
15,150455,철도및도로노선명칭변경,이필영외 16인,류종수의원,1999-03-17,1999-03-17,건설교통위원회,폐기,처리의안,https://likms.assembly.go.kr/bill/billDetail.do?billId=100453,https://likms.assembly.go.kr/bill/billDetail.do?billId=100453
15,150454,여객자동차운수사업법개정,"유병우외 2,562인","김현욱,정일영의원외 23인",1999-03-15,1999-03-16,건설교통위원회,본회의불부의,처리의안,https://likms.assembly.go.kr/bill/billDetail.do?billId=100452,https://likms.assembly.go.kr/bill/billDetail.do?billId=100452
15,150453,학교위탁급식에대한부가가치세면제,김두선외 1인,김문수의원,1999-03-13,1999-03-15,재정경제위원회,본회의불부의,처리의안,https://likms.assembly.go.kr/bill/billDetail.do?billId=100451,https://likms.assembly.go.kr/bill/billDetail.do?billId=100451
15,150452,국유재산매각,홍은파,조진형의원,1999-03-11,1999-03-13,재정경제위원회,폐기,처리의안,https://likms.assembly.go.kr/bill/billDetail.do?billId=100450,https://likms.assembly.go.kr/bill/billDetail.do?billId=100450
15,150451,교원정년단축으로인한명예퇴직수당지급요건미달자구제,이충섭외 101인,김중위의원,1999-03-10,1999-03-15,교육위원회,철회,처리의안,https://likms.assembly.go.kr/bill/billDetail.do?billId=100449,https://likms.assembly.go.kr/bill/billDetail.do?billId=100449
15,150450,수도권외곽순환국도연계도로개설,이선희,조진형의원,1999-03-09,1999-03-10,건설교통위원회,본회의불부의,처리의안,https://likms.assembly.go.kr/bill/billDetail.do?billId=100448,https://likms.assembly.go.kr/bill/billDetail.do?billId=100448
15,150449,군사시설보호법시행규칙개정,권영복,권정달의원,1999-03-06,1999-03-08,국방위원회,폐기,처리의안,https://likms.assembly.go.kr/bill/billDetail.do?billId=100447,https://likms.assembly.go.kr/bill/billDetail.do?billId=100447
15,150448,나주동창양민학살사건진상조사,박정현외 18인,정호선의원외 2인,1999-03-04,1999-03-05,행정자치위원회,폐기,처리의안,https://likms.assembly.go.kr/bill/billDetail.do?billId=100446,https://likms.assembly.go.kr/bill/billDetail.do?billId=100446
15,150447,군용항공기지법개정,이중일,허대범의원,1999-03-04,1999-03-05,국방위원회,폐기,처리의안,https://likms.assembly.go.kr/bill/billDetail.do?billId=100445,https://likms.assembly.go.kr/bill/billDetail.do?billId=100445
15,150446,국가유공자등예우및지원에관한법률개정,지현구,김중위의원외 24인,1999-02-26,1999-02-27,정무위원회,철회,처리의안,https://likms.assembly.go.kr/bill/billDetail.do?billId=100444,https://likms.assembly.go.kr/bill/billDetail.do?billId=100444
15,150445,국민연금법개정,"심재철외 2,277인","김홍신,황규선,김정숙의원외 4인",1999-02-26,1999-02-27,보건복지위원회,본회의불부의,처리의안,https://likms.assembly.go.kr/bill/billDetail.do?billId=100443,https://likms.assembly.go.kr/bill/billDetail.do?billId=100443
15,150444,문경양민학살사건피해자명예회복,"채희영,채의진,황의종",신영국의원,1999-02-22,1999-02-23,행정자치위원회,폐기,처리의안,https://likms.assembly.go.kr/bill/billDetail.do?billId=100442,https://likms.assembly.go.kr/bill/billDetail.do?billId=100442
15,150443,미공군폭격연습장인근주민피해대책,신현덕외 191인,박신원의원,1999-02-05,1999-02-08,국방위원회,폐기,처리의안,https://likms.assembly.go.kr/bill/billDetail.do?billId=100441,https://likms.assembly.go.kr/bill/billDetail.do?billId=100441
15,150442,「금강산쾌속선1일취항」협력사업자승인,"임창기,최무일",송훈석의원,1999-01-27,1999-01-28,통일외교통상위원회,폐기,처리의안,https://likms.assembly.go.kr/bill/billDetail.do?billId=100440,https://likms.assembly.go.kr/bill/billDetail.do?billId=100440
15,150441,이동전화·PCS사업자의무선호출역무제공금지등,최규혁외 11인,조웅규의원,1999-01-25,1999-01-26,과학기술정보통신위원회,폐기,처리의안,https://likms.assembly.go.kr/bill/billDetail.do?billId=100439,https://likms.assembly.go.kr/bill/billDetail.do?billId=100439
15,150440,변호사법개정,양건외 2인,조순형의원,1999-01-19,1999-01-20,법제사법위원회,폐기,처리의안,https://likms.assembly.go.kr/bill/billDetail.do?billId=100438,https://likms.assembly.go.kr/bill/billDetail.do?billId=100438
15,150439,마을버스운송사업등록제철회,박오장외 80인,김찬진의원,1999-01-07,1999-01-07,건설교통위원회,폐기,처리의안,https://likms.assembly.go.kr/bill/billDetail.do?billId=100437,https://likms.assembly.go.kr/bill/billDetail.do?billId=100437
15,150438,사립학교재정결함지원금교부,김정남외 2인,이재오의원,1998-12-24,1998-12-29,교육위원회,본회의불부의,처리의안,https://likms.assembly.go.kr/bill/billDetail.do?billId=100436,https://likms.assembly.go.kr/bill/billDetail.do?billId=100436
15,150437,퇴출은행예금원금보전,정선채외 67인,목요상의원외 20인,1998-12-22,1998-12-23,정무위원회,폐기,처리의안,https://likms.assembly.go.kr/bill/billDetail.do?billId=100435,https://likms.assembly.go.kr/bill/billDetail.do?billId=100435
15,150436,종합화력시험장해상사격으로인한어민피해보상,문제빈외 10인,변웅전의원외 5인,1998-12-22,1998-12-23,국방위원회,폐기,처리의안,https://likms.assembly.go.kr/bill/billDetail.do?billId=100434,https://likms.assembly.go.kr/bill/billDetail.do?billId=100434
15,150435,군사시설보호구역규제완화,이정묵외 259인,박신원의원,1998-12-17,1998-12-18,국방위원회,폐기,처리의안,https://likms.assembly.go.kr/bill/billDetail.do?billId=100433,https://likms.assembly.go.kr/bill/billDetail.do?billId=100433
15,150434,독점규제및공정거래에관한법률의적용이제외되는부당한공동행위등의정비에관한법률안수정,"김경석외 1,762인",조홍규의원,1998-12-16,1998-12-18,정무위원회,본회의불부의,처리의안,https://likms.assembly.go.kr/bill/billDetail.do?billId=100432,https://likms.assembly.go.kr/bill/billDetail.do?billId=100432
15,150433,향교재산법개정,"김치곤외 3,681인",박헌기의원,1998-12-16,1998-12-18,문화관광위원회,폐기,처리의안,https://likms.assembly.go.kr/bill/billDetail.do?billId=100431,https://likms.assembly.go.kr/bill/billDetail.do?billId=100431
15,150432,한·일어업협정비준동의반대,황백현,이부영의원,1998-12-15,1998-12-15,통일외교통상위원회,폐기,처리의안,https://likms.assembly.go.kr/bill/billDetail.do?billId=100430,https://likms.assembly.go.kr/bill/billDetail.do?billId=100430
15,150431,새한·일어업협정재협상,안춘생외 39인,박명환의원외 59인,1998-12-15,1998-12-15,통일외교통상위원회,폐기,처리의안,https://likms.assembly.go.kr/bill/billDetail.do?billId=100429,https://likms.assembly.go.kr/bill/billDetail.do?billId=100429
15,150430,병역법시행령개정,문치웅외 778인,장영달의원외 50인,1998-12-14,1998-12-15,국방위원회,본회의불부의,처리의안,https://likms.assembly.go.kr/bill/billDetail.do?billId=100428,https://likms.assembly.go.kr/bill/billDetail.do?billId=100428
15,150429,한국감정원군산지점폐쇄반대,"김환룡,박노길외 3인","강현욱,채영석의원",1998-12-14,1998-12-15,건설교통위원회,폐기,처리의안,https://likms.assembly.go.kr/bill/billDetail.do?billId=100427,https://likms.assembly.go.kr/bill/billDetail.do?billId=100427
15,150428,교원노조법제정,"김귀식,이수호,이부영외 84,117인",방용석의원외 18인,1998-12-14,1998-12-15,환경노동위원회,본회의불부의,처리의안,https://likms.assembly.go.kr/bill/billDetail.do?billId=100426,https://likms.assembly.go.kr/bill/billDetail.do?billId=100426
15,150427,한국감정원지점폐쇄반대,변성렬,권정달의원외 15인,1998-12-11,1998-12-14,건설교통위원회,폐기,처리의안,https://likms.assembly.go.kr/bill/billDetail.do?billId=100425,https://likms.assembly.go.kr/bill/billDetail.do?billId=100425
15,150426,도시저소득주민의주거환경개선을위한임시조치법개정,최기동외 24인,김홍일의원외 11인,1998-12-10,1998-12-11,건설교통위원회,본회의불부의,처리의안,https://likms.assembly.go.kr/bill/billDetail.do?billId=100424,https://likms.assembly.go.kr/bill/billDetail.do?billId=100424
15,150425,여객자동차운수사업법시행령개정,최기동외 24인,김홍일의원외 11인,1998-12-10,1998-12-11,건설교통위원회,폐기,처리의안,https://likms.assembly.go.kr/bill/billDetail.do?billId=100423,https://likms.assembly.go.kr/bill/billDetail.do?billId=100423
15,150424,도시계획직렬국가공무원채용시험실시,김영모외 4인,김홍일의원외 11인,1998-12-10,1998-12-11,건설교통위원회,본회의불부의,처리의안,https://likms.assembly.go.kr/bill/billDetail.do?billId=100422,https://likms.assembly.go.kr/bill/billDetail.do?billId=100422
15,150423,국가공무원법및정부조직법개정,하승창외 3인,유선호의원,1998-12-09,1998-12-11,행정자치위원회,폐기,처리의안,https://likms.assembly.go.kr/bill/billDetail.do?billId=100421,https://likms.assembly.go.kr/bill/billDetail.do?billId=100421
15,150422,동일인의은행주식소유한도유지,이성섭외 2인,김근태의원,1998-12-09,1998-12-11,재정경제위원회,폐기,처리의안,https://likms.assembly.go.kr/bill/billDetail.do?billId=100420,https://likms.assembly.go.kr/bill/billDetail.do?billId=100420
15,150421,약사법개정,노관택,어준선의원,1998-12-08,1998-12-09,보건복지위원회,본회의불부의,처리의안,https://likms.assembly.go.kr/bill/billDetail.do?billId=100419,https://likms.assembly.go.kr/bill/billDetail.do?billId=100419
15,150420,재정경제부소관상품권법등의규제폐지등에관한법률안수정,"구종태외 2,301인",나오연의원,1998-12-07,1998-12-08,재정경제위원회,폐기,처리의안,https://likms.assembly.go.kr/bill/billDetail.do?billId=100418,https://likms.assembly.go.kr/bill/billDetail.do?billId=100418
15,150419,공중위생법개정,"박찬민외 7,286인",조성준의원,1998-12-07,1998-12-08,보건복지위원회,본회의불부의,처리의안,https://likms.assembly.go.kr/bill/billDetail.do?billId=100417,https://likms.assembly.go.kr/bill/billDetail.do?billId=100417
15,150418,주암호수질개선특별대책수립촉구,김양옥외 27인,김종배의원외 29인,1998-12-07,1998-12-08,환경노동위원회,폐기,처리의안,https://likms.assembly.go.kr/bill/billDetail.do?billId=100416,https://likms.assembly.go.kr/bill/billDetail.do?billId=100416
15,150417,의료취약지역민간병원OECF차관환차손지원,김제현외 13인,"김홍신,어준선,이성재의원",1998-12-07,1998-12-08,보건복지위원회,폐기,처리의안,https://likms.assembly.go.kr/bill/billDetail.do?billId=100415,https://likms.assembly.go.kr/bill/billDetail.do?billId=100415
15,150416,관세사법개정안수정,곽병기외 576인,서한샘의원외 8인,1998-12-07,1998-12-08,재정경제위원회,폐기,처리의안,https://likms.assembly.go.kr/bill/billDetail.do?billId=100414,https://likms.assembly.go.kr/bill/billDetail.do?billId=100414
15,150415,한일어업협정비준에대한국회동의반대등,"김태현외 3,006인","윤한도,주진우의원외 9인",1998-12-07,1998-12-08,통일외교통상위원회,폐기,처리의안,https://likms.assembly.go.kr/bill/billDetail.do?billId=100413,https://likms.assembly.go.kr/bill/billDetail.do?billId=100413
15,150414,한일어업협정비준에대한국회동의반대등,조흥식외 453인,이신범의원,1998-12-07,1998-12-08,통일외교통상위원회,폐기,처리의안,https://likms.assembly.go.kr/bill/billDetail.do?billId=100412,https://likms.assembly.go.kr/bill/billDetail.do?billId=100412
15,150413,상속세및증여세법등개정,김용정,정한용의원외 2인,1998-12-05,1998-12-08,재정경제위원회,본회의불부의,처리의안,https://likms.assembly.go.kr/bill/billDetail.do?billId=100411,https://likms.assembly.go.kr/bill/billDetail.do?billId=100411
15,150412,폐기물관리법개정,김성우,김중위의원,1998-12-04,1998-12-05,환경노동위원회,본회의불부의,처리의안,https://likms.assembly.go.kr/bill/billDetail.do?billId=100410,https://likms.assembly.go.kr/bill/billDetail.do?billId=100410
15,150411,남북기본합의서실천을위한결의안채택,오자복,이길재의원외 200인,1998-12-04,1998-12-05,통일외교통상위원회,폐기,처리의안,https://likms.assembly.go.kr/bill/billDetail.do?billId=100409,https://likms.assembly.go.kr/bill/billDetail.do?billId=100409
15,150410,사회복지사업법개정,배연창외 7인,박시균의원,1998-12-03,1998-12-05,보건복지위원회,본회의불부의,처리의안,https://likms.assembly.go.kr/bill/billDetail.do?billId=100408,https://likms.assembly.go.kr/bill/billDetail.do?billId=100408
15,150409,정치제도관련법개정,손봉숙,김근태의원외 5인,1998-12-03,1998-12-10,정치구조개혁입법특별위원회,철회,처리의안,https://likms.assembly.go.kr/bill/billDetail.do?billId=100407,https://likms.assembly.go.kr/bill/billDetail.do?billId=100407
15,150407,식품위생법개정안수정,최영기외 932인,황성균의원,1998-12-02,1998-12-04,보건복지위원회,본회의불부의,처리의안,https://likms.assembly.go.kr/bill/billDetail.do?billId=100406,https://likms.assembly.go.kr/bill/billDetail.do?billId=100406
15,150406,공기업의경영구조개선및민영화에관한법률개정안수정,"김승훈,오충일외 1,178,745인",이길재의원외 27인,1998-12-02,1998-12-04,재정경제위원회,본회의불부의,처리의안,https://likms.assembly.go.kr/bill/billDetail.do?billId=100405,https://likms.assembly.go.kr/bill/billDetail.do?billId=100405
15,150405,공인회계사법개정안등수정,김희집,박명환의원,1998-12-01,1998-12-03,재정경제위원회,폐기,처리의안,https://likms.assembly.go.kr/bill/billDetail.do?billId=100404,https://likms.assembly.go.kr/bill/billDetail.do?billId=100404
15,150404,국민건강보험법제정유보,"권영수외 988,296인",강현욱의원외 49인,1998-12-01,1998-12-02,보건복지위원회,본회의불부의,처리의안,https://likms.assembly.go.kr/bill/billDetail.do?billId=100403,https://likms.assembly.go.kr/bill/billDetail.do?billId=100403
15,150403,공중위생법의합리적개정,"김일신외 27,500인",조성준의원,1998-12-01,1998-12-02,보건복지위원회,본회의불부의,처리의안,https://likms.assembly.go.kr/bill/billDetail.do?billId=100402,https://likms.assembly.go.kr/bill/billDetail.do?billId=100402
15,150402,의료기사등에관한법률개정안수정,김건중외 7인,조성준의원,1998-12-01,1998-12-01,보건복지위원회,본회의불부의,처리의안,https://likms.assembly.go.kr/bill/billDetail.do?billId=100401,https://likms.assembly.go.kr/bill/billDetail.do?billId=100401
15,150401,공중위생법의합리적개정,"이홍섭외 15,637인",조성준의원,1998-11-30,1998-12-01,보건복지위원회,본회의불부의,처리의안,https://likms.assembly.go.kr/bill/billDetail.do?billId=100400,https://likms.assembly.go.kr/bill/billDetail.do?billId=100400
15,150400,공중위생법의합리적개정,"문진용외 5,603인",조성준의원,1998-11-30,1998-12-01,보건복지위원회,본회의불부의,처리의안,https://likms.assembly.go.kr/bill/billDetail.do?billId=100399,https://likms.assembly.go.kr/bill/billDetail.do?billId=100399
15,150399,공중위생법의합리적개정,"하종순외 31,096인",조성준의원,1998-11-30,1998-12-01,보건복지위원회,본회의불부의,처리의안,https://likms.assembly.go.kr/bill/billDetail.do?billId=100398,https://likms.assembly.go.kr/bill/billDetail.do?billId=100398
15,150398,공중위생법의합리적개정,김만업외 448인,조성준의원,1998-11-30,1998-12-01,보건복지위원회,본회의불부의,처리의안,https://likms.assembly.go.kr/bill/billDetail.do?billId=100397,https://likms.assembly.go.kr/bill/billDetail.do?billId=100397
15,150397,약사법및의료법개정,김희중,오양순의원,1998-11-30,1998-12-01,보건복지위원회,본회의불부의,처리의안,https://likms.assembly.go.kr/bill/billDetail.do?billId=100396,https://likms.assembly.go.kr/bill/billDetail.do?billId=100396
15,150396,고양금정굴양민학살사건관련자명예회복및보상특별법제정,"두봉외 1,221인",유선호의원외 27인,1998-11-30,1998-12-01,행정자치위원회,폐기,처리의안,https://likms.assembly.go.kr/bill/billDetail.do?billId=100395,https://likms.assembly.go.kr/bill/billDetail.do?billId=100395
15,150395,노동조합및노동관계조정법개정,박인상,이미경의원,1998-11-27,1998-11-28,환경노동위원회,폐기,처리의안,https://likms.assembly.go.kr/bill/billDetail.do?billId=100394,https://likms.assembly.go.kr/bill/billDetail.do?billId=100394
15,150394,근로자참여및협력증진에관한법률개정,박인상,이강희의원,1998-11-27,1998-11-28,환경노동위원회,폐기,처리의안,https://likms.assembly.go.kr/bill/billDetail.do?billId=100393,https://likms.assembly.go.kr/bill/billDetail.do?billId=100393
15,150393,근로기준법개정,박인상,김문수의원,1998-11-27,1998-11-28,환경노동위원회,폐기,처리의안,https://likms.assembly.go.kr/bill/billDetail.do?billId=100392,https://likms.assembly.go.kr/bill/billDetail.do?billId=100392
15,150392,노동조합및노동관계조정법개정,박인상,조한천의원외 57인,1998-11-26,1998-11-28,환경노동위원회,폐기,처리의안,https://likms.assembly.go.kr/bill/billDetail.do?billId=100391,https://likms.assembly.go.kr/bill/billDetail.do?billId=100391
15,150391,화성시설치,홍순범외 380인,박신원의원,1998-11-25,1998-11-27,행정자치위원회,본회의불부의,처리의안,https://likms.assembly.go.kr/bill/billDetail.do?billId=100390,https://likms.assembly.go.kr/bill/billDetail.do?billId=100390
15,150390,부동산중개업법개정,김부원,조성준의원,1998-11-25,1998-11-27,건설교통위원회,폐기,처리의안,https://likms.assembly.go.kr/bill/billDetail.do?billId=100389,https://likms.assembly.go.kr/bill/billDetail.do?billId=100389
15,150389,약사법개정,유성희,황성균의원,1998-11-24,1998-11-26,보건복지위원회,본회의불부의,처리의안,https://likms.assembly.go.kr/bill/billDetail.do?billId=100388,https://likms.assembly.go.kr/bill/billDetail.do?billId=100388
15,150388,독점규제및공정거래에관한법률개정,최정표외 2인,김영선의원,1998-11-24,1998-11-26,정무위원회,본회의불부의,처리의안,https://likms.assembly.go.kr/bill/billDetail.do?billId=100387,https://likms.assembly.go.kr/bill/billDetail.do?billId=100387
15,150387,부가가치세법개정,김윤환외 2인,정세균의원,1998-11-24,1998-11-26,재정경제위원회,본회의불부의,처리의안,https://likms.assembly.go.kr/bill/billDetail.do?billId=100386,https://likms.assembly.go.kr/bill/billDetail.do?billId=100386
15,150386,금융실명거래및비밀보장에관한법률개정,김윤환외 2인,김재천의원외 22인,1998-11-24,1998-11-26,재정경제위원회,폐기,처리의안,https://likms.assembly.go.kr/bill/billDetail.do?billId=100385,https://likms.assembly.go.kr/bill/billDetail.do?billId=100385
15,150385,임대주공아파트분양가격인하등,안영식,백남치의원외 3인,1998-11-24,1998-11-26,건설교통위원회,폐기,처리의안,https://likms.assembly.go.kr/bill/billDetail.do?billId=100384,https://likms.assembly.go.kr/bill/billDetail.do?billId=100384
15,150384,건축법령의정당한적용청구,장병순,윤원중의원,1998-11-23,1998-11-26,건설교통위원회,폐기,처리의안,https://likms.assembly.go.kr/bill/billDetail.do?billId=100383,https://likms.assembly.go.kr/bill/billDetail.do?billId=100383
15,150383,경제위기진상규명특별위원회구성,"김윤환외 3,256인",김민석의원,1998-11-23,1998-11-24,국회운영위원회,폐기,처리의안,https://likms.assembly.go.kr/bill/billDetail.do?billId=100382,https://likms.assembly.go.kr/bill/billDetail.do?billId=100382
15,150382,화물자동차운수사업법개정,"장세종외 2,447인",김동주의원,1998-11-23,1998-11-24,건설교통위원회,본회의불부의,처리의안,https://likms.assembly.go.kr/bill/billDetail.do?billId=100381,https://likms.assembly.go.kr/bill/billDetail.do?billId=100381
15,150381,경기은행특정금전신탁원금보전,신복점외 116인,이강희의원외 7인,1998-11-20,1998-11-24,정무위원회,폐기,처리의안,https://likms.assembly.go.kr/bill/billDetail.do?billId=100380,https://likms.assembly.go.kr/bill/billDetail.do?billId=100380
15,150380,임대주택관리법제정,"김중배외 9,803인","김홍일,서한샘,임채정,현경대의원",1998-11-19,1998-11-20,건설교통위원회,본회의불부의,처리의안,https://likms.assembly.go.kr/bill/billDetail.do?billId=100379,https://likms.assembly.go.kr/bill/billDetail.do?billId=100379
15,150379,금융소득조세감면제도개선,박영,조한천의원,1998-11-19,1998-11-20,재정경제위원회,본회의불부의,처리의안,https://likms.assembly.go.kr/bill/billDetail.do?billId=100378,https://likms.assembly.go.kr/bill/billDetail.do?billId=100378
15,150378,농업기반공사설립반대등,"전종철외 15,967인","김영일,허남훈의원외 27인",1998-11-18,1998-11-20,농림해양수산위원회,본회의불부의,처리의안,https://likms.assembly.go.kr/bill/billDetail.do?billId=100377,https://likms.assembly.go.kr/bill/billDetail.do?billId=100377
15,150377,국제종합무역전시장건립약속이행촉구,강태희,이택석의원,1998-11-18,1998-11-20,산업자원위원회,본회의불부의,처리의안,https://likms.assembly.go.kr/bill/billDetail.do?billId=100376,https://likms.assembly.go.kr/bill/billDetail.do?billId=100376
15,150376,군장국가공단조성사업에따른염전피해보상,최윤찬외 33인,정일영의원외 17인,1998-11-17,1998-11-19,건설교통위원회,폐기,처리의안,https://likms.assembly.go.kr/bill/billDetail.do?billId=100375,https://likms.assembly.go.kr/bill/billDetail.do?billId=100375
15,150375,도류제축조공사에따른염전피해보상,최윤찬외 40인,정일영의원외 23인,1998-11-17,1998-11-19,농림해양수산위원회,폐기,처리의안,https://likms.assembly.go.kr/bill/billDetail.do?billId=100374,https://likms.assembly.go.kr/bill/billDetail.do?billId=100374
15,150374,갯벌보전에관한법률제정,장원외 50인,이완구의원외 18인,1998-11-17,1998-11-19,농림해양수산위원회,본회의불부의,처리의안,https://likms.assembly.go.kr/bill/billDetail.do?billId=100373,https://likms.assembly.go.kr/bill/billDetail.do?billId=100373
15,150373,방송문화진흥회법개정,김중배외 15인,이부영의원,1998-11-17,1998-11-19,문화관광위원회,본회의불부의,처리의안,https://likms.assembly.go.kr/bill/billDetail.do?billId=100372,https://likms.assembly.go.kr/bill/billDetail.do?billId=100372
15,150372,한국교육방송공사법제정,김중배외 15인,이부영의원,1998-11-17,1998-11-19,문화관광위원회,본회의불부의,처리의안,https://likms.assembly.go.kr/bill/billDetail.do?billId=100371,https://likms.assembly.go.kr/bill/billDetail.do?billId=100371
15,150371,정기간행물등록등에관한법률개정,김중배외 15인,이부영의원,1998-11-17,1998-11-19,문화관광위원회,폐기,처리의안,https://likms.assembly.go.kr/bill/billDetail.do?billId=100370,https://likms.assembly.go.kr/bill/billDetail.do?billId=100370
15,150370,한국방송공사법개정,김중배외 15인,이부영의원,1998-11-17,1998-11-19,문화관광위원회,본회의불부의,처리의안,https://likms.assembly.go.kr/bill/billDetail.do?billId=100369,https://likms.assembly.go.kr/bill/billDetail.do?billId=100369
15,150369,통합방송법제정,김중배외 15인,이부영의원,1998-11-17,1998-11-19,문화관광위원회,본회의불부의,처리의안,https://likms.assembly.go.kr/bill/billDetail.do?billId=100368,https://likms.assembly.go.kr/bill/billDetail.do?billId=100368
15,150368,통신언론진흥회법제정,김중배외 17인,이부영의원외 2인,1998-11-17,1998-11-19,문화관광위원회,철회,처리의안,https://likms.assembly.go.kr/bill/billDetail.do?billId=100367,https://likms.assembly.go.kr/bill/billDetail.do?billId=100367
15,150367,한일어업협정비준에대한국회동의반대등,신용하,"김덕룡,이세기,이신범의원",1998-11-13,1998-11-14,통일외교통상위원회,폐기,처리의안,https://likms.assembly.go.kr/bill/billDetail.do?billId=100366,https://likms.assembly.go.kr/bill/billDetail.do?billId=100366
15,150366,고리원자력발전소주변지역개발제한구역해제,"이정택,김유환,강 훈외 2,468인",김동주의원외 53인,1998-11-10,1998-11-12,건설교통위원회,폐기,처리의안,https://likms.assembly.go.kr/bill/billDetail.do?billId=100365,https://likms.assembly.go.kr/bill/billDetail.do?billId=100365
15,150365,조세감면규제법개정법률안수정,윤만희외 9인,이상희의원외 10인,1998-11-10,1998-11-12,재정경제위원회,본회의불부의,처리의안,https://likms.assembly.go.kr/bill/billDetail.do?billId=100364,https://likms.assembly.go.kr/bill/billDetail.do?billId=100364
15,150364,공공용지의취득및손실보상에관한특례법시행규칙개정,오봉근,천정배의원,1998-11-04,1998-11-06,건설교통위원회,폐기,처리의안,https://likms.assembly.go.kr/bill/billDetail.do?billId=100363,https://likms.assembly.go.kr/bill/billDetail.do?billId=100363
15,150363,정부조직법개정,"김남용외 1,100,000인","이완구,이길재,이우재의원",1998-11-03,1998-11-04,행정자치위원회,폐기,처리의안,https://likms.assembly.go.kr/bill/billDetail.do?billId=100362,https://likms.assembly.go.kr/bill/billDetail.do?billId=100362
15,150362,장애인고용촉진등에관한법률개정,김찬원,권철현의원,1998-11-02,1998-11-04,환경노동위원회,폐기,처리의안,https://likms.assembly.go.kr/bill/billDetail.do?billId=100361,https://likms.assembly.go.kr/bill/billDetail.do?billId=100361
15,150361,부천가스폭발사고피해선배상,"이용만외 8,000인","김경재,최선영의원외 15인",1998-11-02,1998-11-04,산업자원위원회,폐기,처리의안,https://likms.assembly.go.kr/bill/billDetail.do?billId=100360,https://likms.assembly.go.kr/bill/billDetail.do?billId=100360
15,150360,간호조무사학원신·증설동결,"임병호외 6,500인",박시균의원외 9인,1998-10-26,1998-10-27,보건복지위원회,본회의불부의,처리의안,https://likms.assembly.go.kr/bill/billDetail.do?billId=100359,https://likms.assembly.go.kr/bill/billDetail.do?billId=100359
15,150359,농어촌정비법시행령등개정,주원식외 620인,김현욱의원외 2인,1998-10-23,1998-10-27,농림해양수산위원회,폐기,처리의안,https://likms.assembly.go.kr/bill/billDetail.do?billId=100358,https://likms.assembly.go.kr/bill/billDetail.do?billId=100358
15,150358,군용항공기지법개정,"전완표외 4,000인",원유철의원,1998-10-19,1998-10-22,국방위원회,폐기,처리의안,https://likms.assembly.go.kr/bill/billDetail.do?billId=100357,https://likms.assembly.go.kr/bill/billDetail.do?billId=100357
15,150357,약사법개정반대등,김종성,김홍신의원외 6인,1998-10-16,1998-10-19,보건복지위원회,본회의불부의,처리의안,https://likms.assembly.go.kr/bill/billDetail.do?billId=100356,https://likms.assembly.go.kr/bill/billDetail.do?billId=100356
15,150356,조세감면규제법개정안수정,박영철외 2인,정세균의원,1998-10-14,1998-10-15,재정경제위원회,본회의불부의,처리의안,https://likms.assembly.go.kr/bill/billDetail.do?billId=100355,https://likms.assembly.go.kr/bill/billDetail.do?billId=100355
15,150355,임대조건변경및토지분할요구,윤석흥,김문수의원,1998-10-13,1998-10-14,건설교통위원회,폐기,처리의안,https://likms.assembly.go.kr/bill/billDetail.do?billId=100354,https://likms.assembly.go.kr/bill/billDetail.do?billId=100354
15,150354,울진원자력발전소온배수피해대책요청,최대성외 4인,김광원의원,1998-10-13,1998-10-14,산업자원위원회,폐기,처리의안,https://likms.assembly.go.kr/bill/billDetail.do?billId=100353,https://likms.assembly.go.kr/bill/billDetail.do?billId=100353
15,150353,수도법개정,곽인희,장성원의원,1998-10-09,1998-10-12,환경노동위원회,폐기,처리의안,https://likms.assembly.go.kr/bill/billDetail.do?billId=100352,https://likms.assembly.go.kr/bill/billDetail.do?billId=100352
15,150352,구강보건법제정,"이기택외 47,993인",황규선의원,1998-10-07,1998-10-08,보건복지위원회,본회의불부의,처리의안,https://likms.assembly.go.kr/bill/billDetail.do?billId=100351,https://likms.assembly.go.kr/bill/billDetail.do?billId=100351
15,150351,스승의날변경,"오성숙외 1,000인",김일주의원,1998-10-07,1998-10-08,교육위원회,폐기,처리의안,https://likms.assembly.go.kr/bill/billDetail.do?billId=100350,https://likms.assembly.go.kr/bill/billDetail.do?billId=100350
15,150350,수도법개정,김완주,"장영달,정동영의원",1998-10-01,1998-10-01,환경노동위원회,폐기,처리의안,https://likms.assembly.go.kr/bill/billDetail.do?billId=100349,https://likms.assembly.go.kr/bill/billDetail.do?billId=100349
15,150349,금융실명거래및비밀보장에관한법률개정,김중배,김근태의원,1998-09-30,1998-10-01,재정경제위원회,폐기,처리의안,https://likms.assembly.go.kr/bill/billDetail.do?billId=100348,https://likms.assembly.go.kr/bill/billDetail.do?billId=100348
15,150348,부가가치세법개정,김중배,김근태의원,1998-09-30,1998-10-01,재정경제위원회,본회의불부의,처리의안,https://likms.assembly.go.kr/bill/billDetail.do?billId=100347,https://likms.assembly.go.kr/bill/billDetail.do?billId=100347
15,150347,건축법개정등,권석규,정의화의원,1998-09-30,1998-10-01,건설교통위원회,폐기,처리의안,https://likms.assembly.go.kr/bill/billDetail.do?billId=100346,https://likms.assembly.go.kr/bill/billDetail.do?billId=100346
15,150346,국립순천대학교한약자원학과의한약학과개편에대한동의요구,최영진,"김경재,한화갑,조순승의원외 3인",1998-09-19,1998-09-22,보건복지위원회,폐기,처리의안,https://likms.assembly.go.kr/bill/billDetail.do?billId=100345,https://likms.assembly.go.kr/bill/billDetail.do?billId=100345
15,150345,수도법개정,김길준,"강현욱,채영석의원",1998-09-18,1998-09-22,환경노동위원회,폐기,처리의안,https://likms.assembly.go.kr/bill/billDetail.do?billId=100344,https://likms.assembly.go.kr/bill/billDetail.do?billId=100344
15,150344,전남해남군황산면핵발전소후보지제외요청,"민상홍외 88,364인",김봉호의원,1998-09-17,1998-09-19,산업자원위원회,폐기,처리의안,https://likms.assembly.go.kr/bill/billDetail.do?billId=100343,https://likms.assembly.go.kr/bill/billDetail.do?billId=100343
15,150343,한국마사회관련정부조직법중개정법률안폐기,권오석,지대섭의원,1998-09-17,1998-09-19,행정자치위원회,폐기,처리의안,https://likms.assembly.go.kr/bill/billDetail.do?billId=100342,https://likms.assembly.go.kr/bill/billDetail.do?billId=100342
15,150342,의문의죽음진상규명에관한특별법제정,"이창복외 52,898인",이길재의원외 57인,1998-09-15,1998-09-17,법제사법위원회,본회의불부의,처리의안,https://likms.assembly.go.kr/bill/billDetail.do?billId=100341,https://likms.assembly.go.kr/bill/billDetail.do?billId=100341
15,150341,민족민주유공자명예회복및예우에관한법률제정,"이창복외 52,898인",이길재의원외 57인,1998-09-15,1998-09-17,정무위원회,폐기,처리의안,https://likms.assembly.go.kr/bill/billDetail.do?billId=100340,https://likms.assembly.go.kr/bill/billDetail.do?billId=100340
15,150340,주택임대차보호법개정,소용화,김형오의원,1998-09-15,1998-09-17,법제사법위원회,본회의불부의,처리의안,https://likms.assembly.go.kr/bill/billDetail.do?billId=100339,https://likms.assembly.go.kr/bill/billDetail.do?billId=100339
15,150339,수도법개정,조한용,이협의원,1998-09-09,1998-09-11,환경노동위원회,폐기,처리의안,https://likms.assembly.go.kr/bill/billDetail.do?billId=100338,https://likms.assembly.go.kr/bill/billDetail.do?billId=100338
15,150338,국가유공자등예우및지원에관한법률개정,이철우외 62인,김현욱의원외 2인,1998-09-02,1998-09-07,정무위원회,철회,처리의안,https://likms.assembly.go.kr/bill/billDetail.do?billId=100337,https://likms.assembly.go.kr/bill/billDetail.do?billId=100337
15,150337,의암손병희선생묘역복구사업후원,김광욱,이규정의원외 82인,1998-09-01,1998-09-07,정무위원회,폐기,처리의안,https://likms.assembly.go.kr/bill/billDetail.do?billId=100336,https://likms.assembly.go.kr/bill/billDetail.do?billId=100336
15,150336,농어촌취약지민간병원부채탕감,조영건외 8인,황성균의원외 7인,1998-09-01,1998-09-04,보건복지위원회,폐기,처리의안,https://likms.assembly.go.kr/bill/billDetail.do?billId=100335,https://likms.assembly.go.kr/bill/billDetail.do?billId=100335
15,150335,개발제한구역지정해제,김재선외 757인,이부영의원,1998-09-01,1998-09-04,건설교통위원회,폐기,처리의안,https://likms.assembly.go.kr/bill/billDetail.do?billId=100334,https://likms.assembly.go.kr/bill/billDetail.do?billId=100334
15,150334,광주민주화운동관련자보상금지급신청기한연장,한용상외 2인,정동채의원,1998-08-29,1998-09-01,행정자치위원회,폐기,처리의안,https://likms.assembly.go.kr/bill/billDetail.do?billId=100333,https://likms.assembly.go.kr/bill/billDetail.do?billId=100333
15,150333,수도법개정,이상조,김용갑의원외 100인,1998-08-25,1998-09-01,환경노동위원회,폐기,처리의안,https://likms.assembly.go.kr/bill/billDetail.do?billId=100332,https://likms.assembly.go.kr/bill/billDetail.do?billId=100332
15,150332,독점규제및공정거래에관한법률졸속개정반대,김중배외 4인,김민석의원,1998-08-19,1998-08-26,정무위원회,본회의불부의,처리의안,https://likms.assembly.go.kr/bill/billDetail.do?billId=100331,https://likms.assembly.go.kr/bill/billDetail.do?billId=100331
15,150331,특허법및실용신안법개정안수정,신관호외 15인,박찬주의원,1998-08-07,1998-08-14,산업자원위원회,본회의불부의,처리의안,https://likms.assembly.go.kr/bill/billDetail.do?billId=100330,https://likms.assembly.go.kr/bill/billDetail.do?billId=100330
15,150330,국도42호선장록동구간선형변경,이문수외 288인,황규선의원,1998-07-30,1998-08-14,건설교통위원회,폐기,처리의안,https://likms.assembly.go.kr/bill/billDetail.do?billId=100329,https://likms.assembly.go.kr/bill/billDetail.do?billId=100329
15,150329,시설물안전관리관계법령개정,"김용호, 우태명외 667인",전용원의원외 40인,1998-07-30,1998-08-14,건설교통위원회,폐기,처리의안,https://likms.assembly.go.kr/bill/billDetail.do?billId=100328,https://likms.assembly.go.kr/bill/billDetail.do?billId=100328
15,150328,경기도하남시일부지역의관할구역변경,김철한외 90인,김병태의원,1998-07-28,1998-08-14,행정자치위원회,폐기,처리의안,https://likms.assembly.go.kr/bill/billDetail.do?billId=100327,https://likms.assembly.go.kr/bill/billDetail.do?billId=100327
15,150327,국민기초생활보장법제정,김중배,김홍신의원,1998-07-23,1998-08-14,보건복지위원회,본회의불부의,처리의안,https://likms.assembly.go.kr/bill/billDetail.do?billId=100326,https://likms.assembly.go.kr/bill/billDetail.do?billId=100326
15,150326,탁주의공급구역제한규정폐지,박승용외 22인,김민석의원,1998-07-22,1998-08-14,재정경제위원회,폐기,처리의안,https://likms.assembly.go.kr/bill/billDetail.do?billId=100325,https://likms.assembly.go.kr/bill/billDetail.do?billId=100325
15,150325,별정우체국직원에대한훈·포장수여,"배재열외 4,677인",박찬주의원외 10인,1998-07-01,1998-08-14,행정자치위원회,폐기,처리의안,https://likms.assembly.go.kr/bill/billDetail.do?billId=100324,https://likms.assembly.go.kr/bill/billDetail.do?billId=100324
15,150324,개발제한구역지정해제,최길자,김문수의원,1998-06-30,1998-08-14,건설교통위원회,폐기,처리의안,https://likms.assembly.go.kr/bill/billDetail.do?billId=100323,https://likms.assembly.go.kr/bill/billDetail.do?billId=100323
15,150323,임용취소및당연퇴직대상공무원구제를위한특별법제정,"김영부외 61,281인",이기문의원외 150인,1998-06-30,1998-08-14,행정자치위원회,폐기,처리의안,https://likms.assembly.go.kr/bill/billDetail.do?billId=100322,https://likms.assembly.go.kr/bill/billDetail.do?billId=100322
15,150322,휴업손실추가보상,윤석흥,김문수의원,1998-06-11,1998-08-14,건설교통위원회,폐기,처리의안,https://likms.assembly.go.kr/bill/billDetail.do?billId=100321,https://likms.assembly.go.kr/bill/billDetail.do?billId=100321
15,150321,여순반란사건피해자명예회복을위한특별법제정,박찬근외 113인,양성철의원,1998-06-11,1998-08-14,행정자치위원회,폐기,처리의안,https://likms.assembly.go.kr/bill/billDetail.do?billId=100320,https://likms.assembly.go.kr/bill/billDetail.do?billId=100320
15,150320,어업허가취소에대한적정보상요구,강현섭외 222인,장성원의원,1998-06-02,1998-08-14,농림해양수산위원회,폐기,처리의안,https://likms.assembly.go.kr/bill/billDetail.do?billId=100319,https://likms.assembly.go.kr/bill/billDetail.do?billId=100319
15,150319,평택항명칭변경반대,임수복,"원유철,허남훈의원외 23인",1998-05-26,1998-05-27,농림해양수산위원회,폐기,처리의안,https://likms.assembly.go.kr/bill/billDetail.do?billId=100318,https://likms.assembly.go.kr/bill/billDetail.do?billId=100318
15,150318,국민연금법개정,김중배,김홍신의원,1998-05-12,1998-05-13,보건복지위원회,본회의불부의,처리의안,https://likms.assembly.go.kr/bill/billDetail.do?billId=100317,https://likms.assembly.go.kr/bill/billDetail.do?billId=100317
15,150317,재정융자특별회계법개정,김중배,김홍신의원,1998-05-12,1998-05-13,재정경제위원회,폐기,처리의안,https://likms.assembly.go.kr/bill/billDetail.do?billId=100316,https://likms.assembly.go.kr/bill/billDetail.do?billId=100316
15,150316,예산회계법개정,김중배,김홍신의원,1998-05-12,1998-05-13,재정경제위원회,본회의불부의,처리의안,https://likms.assembly.go.kr/bill/billDetail.do?billId=100315,https://likms.assembly.go.kr/bill/billDetail.do?billId=100315
15,150315,공공자금관리기금법개정,김중배,김홍신의원,1998-05-12,1998-05-13,재정경제위원회,본회의불부의,처리의안,https://likms.assembly.go.kr/bill/billDetail.do?billId=100314,https://likms.assembly.go.kr/bill/billDetail.do?billId=100314
15,150314,기금관리기본법개정,김중배,김홍신의원,1998-05-12,1998-05-13,국회운영위원회,폐기,처리의안,https://likms.assembly.go.kr/bill/billDetail.do?billId=100313,https://likms.assembly.go.kr/bill/billDetail.do?billId=100313
15,150313,국가공무원법개정,박인상,조한천의원,1998-05-11,1998-05-11,행정자치위원회,폐기,처리의안,https://likms.assembly.go.kr/bill/billDetail.do?billId=100312,https://likms.assembly.go.kr/bill/billDetail.do?billId=100312
15,150312,정부투자기관관리기본법개정,박인상,조한천의원,1998-05-06,1998-05-08,재정경제위원회,본회의불부의,처리의안,https://likms.assembly.go.kr/bill/billDetail.do?billId=100311,https://likms.assembly.go.kr/bill/billDetail.do?billId=100311
15,150311,지방자치법개정,박인상,조한천의원,1998-05-06,1998-05-08,행정자치위원회,폐기,처리의안,https://likms.assembly.go.kr/bill/billDetail.do?billId=100310,https://likms.assembly.go.kr/bill/billDetail.do?billId=100310
15,150310,공직자윤리법개정,양건외 2인,김홍신의원,1998-05-01,1998-05-02,행정자치위원회,폐기,처리의안,https://likms.assembly.go.kr/bill/billDetail.do?billId=100309,https://likms.assembly.go.kr/bill/billDetail.do?billId=100309
15,150309,부동산양도소득비과세대상확대,신태주,나오연의원,1998-04-30,1998-05-02,재정경제위원회,폐기,처리의안,https://likms.assembly.go.kr/bill/billDetail.do?billId=100308,https://likms.assembly.go.kr/bill/billDetail.do?billId=100308
15,150308,잠실올림픽공원내경륜행사의지방이전,김영길외 124인,홍준표의원외 20인,1998-04-23,1998-04-23,문화관광위원회,폐기,처리의안,https://likms.assembly.go.kr/bill/billDetail.do?billId=100307,https://likms.assembly.go.kr/bill/billDetail.do?billId=100307
15,150307,국립목포결핵병원민간위탁결정철회,"배상훈외 31,230인",이성재의원,1998-04-22,1998-04-23,보건복지위원회,폐기,처리의안,https://likms.assembly.go.kr/bill/billDetail.do?billId=100306,https://likms.assembly.go.kr/bill/billDetail.do?billId=100306
15,150306,무주구천동양민학살사건피해자명예회복등,조승윤외 86인,정세균의원,1998-04-15,1998-04-16,행정자치위원회,폐기,처리의안,https://likms.assembly.go.kr/bill/billDetail.do?billId=100305,https://likms.assembly.go.kr/bill/billDetail.do?billId=100305
15,150305,영광원전진입도로확포장,"이장석외 1,835인",김인곤의원외 16인,1998-04-15,1998-04-16,건설교통위원회,폐기,처리의안,https://likms.assembly.go.kr/bill/billDetail.do?billId=100304,https://likms.assembly.go.kr/bill/billDetail.do?billId=100304
15,150304,삼청교육및정화추진협의회의진상규명,강효일,김병태의원,1998-04-15,1998-04-16,국방위원회,폐기,처리의안,https://likms.assembly.go.kr/bill/billDetail.do?billId=100303,https://likms.assembly.go.kr/bill/billDetail.do?billId=100303
15,150303,생활보호법개정,김중배,이성재의원,1998-04-15,1998-04-16,보건복지위원회,본회의불부의,처리의안,https://likms.assembly.go.kr/bill/billDetail.do?billId=100302,https://likms.assembly.go.kr/bill/billDetail.do?billId=100302
15,150302,대통령직인수위원회법제정,김중배,유재건의원,1998-04-14,1998-04-14,행정자치위원회,폐기,처리의안,https://likms.assembly.go.kr/bill/billDetail.do?billId=100301,https://likms.assembly.go.kr/bill/billDetail.do?billId=100301
15,150301,대통령기록보존법제정,김중배,유재건의원,1998-04-14,1998-04-14,행정자치위원회,본회의불부의,처리의안,https://likms.assembly.go.kr/bill/billDetail.do?billId=100300,https://likms.assembly.go.kr/bill/billDetail.do?billId=100300
15,150300,육군보병학교곡사포사격훈련장설치반대,"김규현외 21,332인",김인곤의원외 23인,1998-04-08,1998-04-09,국방위원회,폐기,처리의안,https://likms.assembly.go.kr/bill/billDetail.do?billId=100299,https://likms.assembly.go.kr/bill/billDetail.do?billId=100299
15,150299,실용신안무심사선등록제도도입반대,김중배,김찬진의원외 5인,1998-03-31,1998-04-01,산업자원위원회,본회의불부의,처리의안,https://likms.assembly.go.kr/bill/billDetail.do?billId=100298,https://likms.assembly.go.kr/bill/billDetail.do?billId=100298
15,150298,근로자의날제정에관한법률개정,박인상,김문수의원,1998-03-31,1998-03-31,환경노동위원회,폐기,처리의안,https://likms.assembly.go.kr/bill/billDetail.do?billId=100297,https://likms.assembly.go.kr/bill/billDetail.do?billId=100297
15,150297,공직선거및선거부정방지법개정,유종성외 7인,정균환의원,1998-03-24,1998-03-25,행정자치위원회,폐기,처리의안,https://likms.assembly.go.kr/bill/billDetail.do?billId=100296,https://likms.assembly.go.kr/bill/billDetail.do?billId=100296
15,150296,지방자치법개정,유종성외 7인,정균환의원,1998-03-24,1998-03-25,행정자치위원회,폐기,처리의안,https://likms.assembly.go.kr/bill/billDetail.do?billId=100295,https://likms.assembly.go.kr/bill/billDetail.do?billId=100295
15,150295,한약재규격화확대실시유보,"김성한외 8,657인",노승우의원외 4인,1998-03-18,1998-03-19,보건복지위원회,폐기,처리의안,https://likms.assembly.go.kr/bill/billDetail.do?billId=100294,https://likms.assembly.go.kr/bill/billDetail.do?billId=100294
15,150294,항만명칭변경,이길영외 17인,"이완구,이상만의원외 11인",1998-03-18,1998-03-19,농림해양수산위원회,폐기,처리의안,https://likms.assembly.go.kr/bill/billDetail.do?billId=100293,https://likms.assembly.go.kr/bill/billDetail.do?billId=100293
15,150293,개발제한구역축소조정,신창현,길승흠의원,1998-03-11,1998-03-13,건설교통위원회,폐기,처리의안,https://likms.assembly.go.kr/bill/billDetail.do?billId=100292,https://likms.assembly.go.kr/bill/billDetail.do?billId=100292
15,150292,어문교육정책정상화,이응백,"이경재,전석홍,정희경,허남훈의원",1998-02-23,1998-02-24,교육위원회,폐기,처리의안,https://likms.assembly.go.kr/bill/billDetail.do?billId=100291,https://likms.assembly.go.kr/bill/billDetail.do?billId=100291
15,150291,어문정책변경,이응백,"이경재,전석홍,정희경,허남훈의원",1998-02-23,1998-02-24,문화체육공보위원회,폐기,처리의안,https://likms.assembly.go.kr/bill/billDetail.do?billId=100290,https://likms.assembly.go.kr/bill/billDetail.do?billId=100290
15,150290,도로노선변경및공사중단요구,한진수외 104인,양성철의원,1998-02-17,1998-02-17,건설교통위원회,폐기,처리의안,https://likms.assembly.go.kr/bill/billDetail.do?billId=100289,https://likms.assembly.go.kr/bill/billDetail.do?billId=100289
15,150289,한글전용에관한법률폐지,이응백외 17인,"이경재,전석홍,정희경,허남훈의원외 119인",1998-02-13,1998-05-08,문화관광위원회,폐기,처리의안,https://likms.assembly.go.kr/bill/billDetail.do?billId=100288,https://likms.assembly.go.kr/bill/billDetail.do?billId=100288
15,150288,고위공직자인사위원회법제정,김중배,이미경의원,1998-02-12,1998-03-24,행정자치위원회,폐기,처리의안,https://likms.assembly.go.kr/bill/billDetail.do?billId=100287,https://likms.assembly.go.kr/bill/billDetail.do?billId=100287
15,150287,국회법개정,김중배,이미경의원,1998-02-12,1998-02-14,국회운영위원회,폐기,처리의안,https://likms.assembly.go.kr/bill/billDetail.do?billId=100286,https://likms.assembly.go.kr/bill/billDetail.do?billId=100286
15,150286,여성정책전담부서존속,김혜순외 40인,권영자의원외 5인,1998-02-09,1998-03-24,행정자치위원회,폐기,처리의안,https://likms.assembly.go.kr/bill/billDetail.do?billId=100285,https://likms.assembly.go.kr/bill/billDetail.do?billId=100285
15,150285,축분유기질비료생산공장유치반대,최원철외 562인,박신원의원,1998-02-07,1998-02-24,농림해양수산위원회,철회,처리의안,https://likms.assembly.go.kr/bill/billDetail.do?billId=100284,https://likms.assembly.go.kr/bill/billDetail.do?billId=100284
15,150284,공직선거및선거부정방지법개정,권을용,김형오의원,1998-02-07,1998-02-10,내무위원회,폐기,처리의안,https://likms.assembly.go.kr/bill/billDetail.do?billId=100283,https://likms.assembly.go.kr/bill/billDetail.do?billId=100283
15,150283,세무대학폐지재고,"고병숙외 7,140인",나오연의원,1998-02-06,1998-02-06,재정경제위원회,본회의불부의,처리의안,https://likms.assembly.go.kr/bill/billDetail.do?billId=100282,https://likms.assembly.go.kr/bill/billDetail.do?billId=100282
15,150282,실용신안무심사선등록제도도입반대,김명신외 14인,제정구의원외 11인,1998-02-05,1998-02-06,통상산업위원회,본회의불부의,처리의안,https://likms.assembly.go.kr/bill/billDetail.do?billId=100281,https://likms.assembly.go.kr/bill/billDetail.do?billId=100281
15,150281,상법개정,김중배,김민석의원,1998-02-02,1998-02-03,법제사법위원회,폐기,처리의안,https://likms.assembly.go.kr/bill/billDetail.do?billId=100280,https://likms.assembly.go.kr/bill/billDetail.do?billId=100280
15,150280,증권거래법개정,김중배,김민석의원,1998-02-02,1998-02-03,재정경제위원회,본회의불부의,처리의안,https://likms.assembly.go.kr/bill/billDetail.do?billId=100279,https://likms.assembly.go.kr/bill/billDetail.do?billId=100279
15,150279,주식회사의감사등에관한특례법제정,김중배,김민석의원,1998-02-02,1998-02-03,재정경제위원회,본회의불부의,처리의안,https://likms.assembly.go.kr/bill/billDetail.do?billId=100278,https://likms.assembly.go.kr/bill/billDetail.do?billId=100278
15,150278,시설원예농가정전피해대책강구,"정영해외 2,488인","김영진,이완구,정일영의원외 20인",1998-01-31,1998-02-02,통상산업위원회,폐기,처리의안,https://likms.assembly.go.kr/bill/billDetail.do?billId=100277,https://likms.assembly.go.kr/bill/billDetail.do?billId=100277
15,150277,서울산업대학교광공학과학과명칭변경,한현우외 4인,김한길의원외 7인,1997-12-31,1998-01-06,교육위원회,철회,처리의안,https://likms.assembly.go.kr/bill/billDetail.do?billId=100276,https://likms.assembly.go.kr/bill/billDetail.do?billId=100276
15,150276,공설운동장시설지역해제및용도지역환원,유성재외 30인,김종학의원,1997-12-06,1997-12-11,건설교통위원회,폐기,처리의안,https://likms.assembly.go.kr/bill/billDetail.do?billId=100275,https://likms.assembly.go.kr/bill/billDetail.do?billId=100275
15,150275,대인지뢰금지국제협약가입촉구,"조미리,이장희,문정현",이부영의원,1997-11-14,1997-11-17,통일외무위원회,폐기,처리의안,https://likms.assembly.go.kr/bill/billDetail.do?billId=100274,https://likms.assembly.go.kr/bill/billDetail.do?billId=100274
15,150274,자동차보험환자진료비적정지급및의료보수심의회구성,한두진,박시균의원,1997-11-10,1997-11-12,건설교통위원회,폐기,처리의안,https://likms.assembly.go.kr/bill/billDetail.do?billId=100273,https://likms.assembly.go.kr/bill/billDetail.do?billId=100273
15,150273,장애인종합법제정,최영도,이성재의원,1997-11-06,1997-11-08,보건복지위원회,본회의불부의,처리의안,https://likms.assembly.go.kr/bill/billDetail.do?billId=100272,https://likms.assembly.go.kr/bill/billDetail.do?billId=100272
15,150272,접경지역지원법제정반대,원경선외 2인,이미경의원,1997-11-06,1997-11-08,통일외교통상위원회,폐기,처리의안,https://likms.assembly.go.kr/bill/billDetail.do?billId=100271,https://likms.assembly.go.kr/bill/billDetail.do?billId=100271
15,150271,경찰법개정,조창현외 3인,정균환의원,1997-11-06,1997-11-08,내무위원회,폐기,처리의안,https://likms.assembly.go.kr/bill/billDetail.do?billId=100270,https://likms.assembly.go.kr/bill/billDetail.do?billId=100270
15,150270,지방자치법개정,조창현외 3인,정균환의원,1997-11-06,1997-11-08,내무위원회,폐기,처리의안,https://likms.assembly.go.kr/bill/billDetail.do?billId=100269,https://likms.assembly.go.kr/bill/billDetail.do?billId=100269
15,150269,의료보호진료비적체해소를위한예산확보및의료보호법령개정,한두진,"김홍신,이재선,정의화의원외 2인",1997-11-05,1997-11-08,보건복지위원회,본회의불부의,처리의안,https://likms.assembly.go.kr/bill/billDetail.do?billId=100268,https://likms.assembly.go.kr/bill/billDetail.do?billId=100268
15,150268,인천시공무원의토지대장등위조사건진상규명등,함인홍,조찬형의원,1997-11-04,1997-11-05,법제사법위원회,폐기,처리의안,https://likms.assembly.go.kr/bill/billDetail.do?billId=100267,https://likms.assembly.go.kr/bill/billDetail.do?billId=100267
15,150267,실업고교사의산업체경력인정,이민항외 678인,설훈의원외 16인,1997-11-03,1997-11-05,교육위원회,본회의불부의,처리의안,https://likms.assembly.go.kr/bill/billDetail.do?billId=100266,https://likms.assembly.go.kr/bill/billDetail.do?billId=100266
15,150266,조세감면규제법중개정법률(안)의특별부가세면제범위확대,김동윤,김민석의원,1997-11-01,1997-11-05,재정경제위원회,본회의불부의,처리의안,https://likms.assembly.go.kr/bill/billDetail.do?billId=100265,https://likms.assembly.go.kr/bill/billDetail.do?billId=100265
15,150265,식품위생법시행령개정,민경환,김병태의원,1997-10-31,1997-11-04,보건복지위원회,본회의불부의,처리의안,https://likms.assembly.go.kr/bill/billDetail.do?billId=100264,https://likms.assembly.go.kr/bill/billDetail.do?billId=100264
15,150264,재정신청대상확대,"서대원외 1,180인",천정배의원외 29인,1997-10-31,1997-11-04,법제사법위원회,폐기,처리의안,https://likms.assembly.go.kr/bill/billDetail.do?billId=100263,https://likms.assembly.go.kr/bill/billDetail.do?billId=100263
15,150263,조세감면규제법개정,윤종복외 51인,이명박의원,1997-10-30,1997-11-04,재정경제위원회,본회의불부의,처리의안,https://likms.assembly.go.kr/bill/billDetail.do?billId=100262,https://likms.assembly.go.kr/bill/billDetail.do?billId=100262
15,150262,도시저소득주민의주거환경개선을위한임시조치법개정,윤종복외 66인,이명박의원,1997-10-30,1997-11-04,건설교통위원회,폐기,처리의안,https://likms.assembly.go.kr/bill/billDetail.do?billId=100261,https://likms.assembly.go.kr/bill/billDetail.do?billId=100261
15,150261,과자류등완제품에대한관세율인상,천명기,김상현의원외 4인,1997-10-30,1997-11-04,재정경제위원회,폐기,처리의안,https://likms.assembly.go.kr/bill/billDetail.do?billId=100260,https://likms.assembly.go.kr/bill/billDetail.do?billId=100260
15,150260,군인연금법개정,이춘형,박신원의원,1997-10-28,1997-10-30,국방위원회,폐기,처리의안,https://likms.assembly.go.kr/bill/billDetail.do?billId=100259,https://likms.assembly.go.kr/bill/billDetail.do?billId=100259
15,150259,건축법시행령개정,국승철외 1인,김홍신의원,1997-10-27,1997-10-30,건설교통위원회,철회,처리의안,https://likms.assembly.go.kr/bill/billDetail.do?billId=100258,https://likms.assembly.go.kr/bill/billDetail.do?billId=100258
15,150258,사립학교이전에따른주공조성택지분양관련대금감면,김상훈,장영철의원,1997-10-27,1997-10-30,건설교통위원회,철회,처리의안,https://likms.assembly.go.kr/bill/billDetail.do?billId=100257,https://likms.assembly.go.kr/bill/billDetail.do?billId=100257
15,150257,자금세탁방지에관한법률(안)재검토,김중배,김민석의원,1997-10-25,1997-10-30,재정경제위원회,폐기,처리의안,https://likms.assembly.go.kr/bill/billDetail.do?billId=100256,https://likms.assembly.go.kr/bill/billDetail.do?billId=100256
15,150256,금융실명거래및비밀보장에관한법률(안)재검토,김중배,김민석의원,1997-10-25,1997-10-30,재정경제위원회,본회의불부의,처리의안,https://likms.assembly.go.kr/bill/billDetail.do?billId=100255,https://likms.assembly.go.kr/bill/billDetail.do?billId=100255
15,150255,약업사지위보장,허철,한호선의원,1997-10-24,1997-10-30,보건복지위원회,폐기,처리의안,https://likms.assembly.go.kr/bill/billDetail.do?billId=100254,https://likms.assembly.go.kr/bill/billDetail.do?billId=100254
15,150254,개발제한구역규제완화,"오석교외 5,493인",조홍규의원,1997-10-23,1997-10-30,건설교통위원회,폐기,처리의안,https://likms.assembly.go.kr/bill/billDetail.do?billId=100253,https://likms.assembly.go.kr/bill/billDetail.do?billId=100253
15,150253,세법개정,박인상,김원길의원,1997-10-22,1997-10-24,재정경제위원회,폐기,처리의안,https://likms.assembly.go.kr/bill/billDetail.do?billId=100252,https://likms.assembly.go.kr/bill/billDetail.do?billId=100252
15,150252,유치원만의무상교육실시반대,"김상근외 13,999인",이재선의원외 38인,1997-10-22,1997-10-24,교육위원회,본회의불부의,처리의안,https://likms.assembly.go.kr/bill/billDetail.do?billId=100251,https://likms.assembly.go.kr/bill/billDetail.do?billId=100251
15,150251,해공신익희선생동상건립,류치송외 8인,정영훈의원외 7인,1997-10-21,1997-10-24,국회운영위원회,본회의불부의,처리의안,https://likms.assembly.go.kr/bill/billDetail.do?billId=100250,https://likms.assembly.go.kr/bill/billDetail.do?billId=100250
15,150250,자동차운수사업법개정법률안수정의결,강성욱외 49인,현경대의원외 6인,1997-10-17,1997-10-20,건설교통위원회,폐기,처리의안,https://likms.assembly.go.kr/bill/billDetail.do?billId=100249,https://likms.assembly.go.kr/bill/billDetail.do?billId=100249
15,150249,국민연금법개정,"박인상,김창성,박래영",조한천의원,1997-10-15,1997-10-20,보건복지위원회,본회의불부의,처리의안,https://likms.assembly.go.kr/bill/billDetail.do?billId=100248,https://likms.assembly.go.kr/bill/billDetail.do?billId=100248
15,150248,공공자금관리기금법개정,"박인상,김창성,박래영",조한천의원,1997-10-15,1997-10-20,재정경제위원회,본회의불부의,처리의안,https://likms.assembly.go.kr/bill/billDetail.do?billId=100247,https://likms.assembly.go.kr/bill/billDetail.do?billId=100247
15,150247,산업재해보상보험법개정,"정상윤외 1,340인",김성곤의원,1997-10-15,1997-10-20,환경노동위원회,본회의불부의,처리의안,https://likms.assembly.go.kr/bill/billDetail.do?billId=100246,https://likms.assembly.go.kr/bill/billDetail.do?billId=100246
15,150246,재건축아파트미이주세대개별수전,서영재외 7인,이재오의원,1997-10-13,1997-10-20,통상산업위원회,폐기,처리의안,https://likms.assembly.go.kr/bill/billDetail.do?billId=100245,https://likms.assembly.go.kr/bill/billDetail.do?billId=100245
15,150245,여신전문금융업법개정,임유,김원길의원,1997-10-04,1997-10-07,재정경제위원회,폐기,처리의안,https://likms.assembly.go.kr/bill/billDetail.do?billId=100244,https://likms.assembly.go.kr/bill/billDetail.do?billId=100244
15,150244,고김준배군사망사건의진상규명,"이창복외 2,707인",조홍규의원외 13인,1997-10-02,1997-10-07,내무위원회,본회의불부의,처리의안,https://likms.assembly.go.kr/bill/billDetail.do?billId=100243,https://likms.assembly.go.kr/bill/billDetail.do?billId=100243
15,150243,상속세및증여세법개정,권영길,김민석의원,1997-10-01,1997-10-01,재정경제위원회,폐기,처리의안,https://likms.assembly.go.kr/bill/billDetail.do?billId=100242,https://likms.assembly.go.kr/bill/billDetail.do?billId=100242
15,150242,소득세법개정,권영길,김민석의원,1997-10-01,1997-10-01,재정경제위원회,폐기,처리의안,https://likms.assembly.go.kr/bill/billDetail.do?billId=100241,https://likms.assembly.go.kr/bill/billDetail.do?billId=100241
15,150241,근로기준법개정,권영길,이미경의원,1997-10-01,1997-10-01,환경노동위원회,본회의불부의,처리의안,https://likms.assembly.go.kr/bill/billDetail.do?billId=100240,https://likms.assembly.go.kr/bill/billDetail.do?billId=100240
15,150240,고용안정특별법제정,권영길,방용석의원,1997-10-01,1997-10-01,환경노동위원회,폐기,처리의안,https://likms.assembly.go.kr/bill/billDetail.do?billId=100239,https://likms.assembly.go.kr/bill/billDetail.do?billId=100239
15,150239,임금채권보장에관한법률제정,권영길,방용석의원,1997-10-01,1997-10-01,환경노동위원회,본회의불부의,처리의안,https://likms.assembly.go.kr/bill/billDetail.do?billId=100238,https://likms.assembly.go.kr/bill/billDetail.do?billId=100238
15,150238,보성군수협사고예탁금손실보전자금지원,"박정부외 1,043인",박찬주의원외 8인,1997-09-30,1997-10-01,농림해양수산위원회,폐기,처리의안,https://likms.assembly.go.kr/bill/billDetail.do?billId=100237,https://likms.assembly.go.kr/bill/billDetail.do?billId=100237
15,150237,축산물위생처리법개정반대,천명기외 20인,황성균의원외 8인,1997-09-29,1997-10-01,농림해양수산위원회,본회의불부의,처리의안,https://likms.assembly.go.kr/bill/billDetail.do?billId=100236,https://likms.assembly.go.kr/bill/billDetail.do?billId=100236
15,150236,고교내신제도개선,심재종,안택수의원외 18인,1997-09-29,1997-10-01,교육위원회,폐기,처리의안,https://likms.assembly.go.kr/bill/billDetail.do?billId=100235,https://likms.assembly.go.kr/bill/billDetail.do?billId=100235
15,150235,축산물위생관리체계일원화를위한식품위생법개정,천명기외 21인,황성균의원외 7인,1997-09-29,1997-10-01,보건복지위원회,본회의불부의,처리의안,https://likms.assembly.go.kr/bill/billDetail.do?billId=100234,https://likms.assembly.go.kr/bill/billDetail.do?billId=100234
15,150234,맥주주세율인하,배종규외 3인,김호일의원외 77인,1997-09-26,1997-09-29,재정경제위원회,폐기,처리의안,https://likms.assembly.go.kr/bill/billDetail.do?billId=100233,https://likms.assembly.go.kr/bill/billDetail.do?billId=100233
15,150233,선박안전법개정,김명찬외 80인,김동욱의원외 7인,1997-09-25,1997-09-29,농림해양수산위원회,본회의불부의,처리의안,https://likms.assembly.go.kr/bill/billDetail.do?billId=100232,https://likms.assembly.go.kr/bill/billDetail.do?billId=100232
15,150232,국적법개정,최영희외 46인,오양순의원,1997-09-23,1997-09-29,법제사법위원회,본회의불부의,처리의안,https://likms.assembly.go.kr/bill/billDetail.do?billId=100231,https://likms.assembly.go.kr/bill/billDetail.do?billId=100231
15,150231,학교시설부지내군부대이전,"송병일외 3,128인",조한천의원,1997-09-22,1997-09-23,국방위원회,폐기,처리의안,https://likms.assembly.go.kr/bill/billDetail.do?billId=100230,https://likms.assembly.go.kr/bill/billDetail.do?billId=100230
15,150230,과학고등학교출신자에대한비교내신제적용등,"김성숙외 1,367인",배종무의원외 15인,1997-09-22,1997-09-23,교육위원회,폐기,처리의안,https://likms.assembly.go.kr/bill/billDetail.do?billId=100229,https://likms.assembly.go.kr/bill/billDetail.do?billId=100229
15,150229,금융감독기구의설치등에관한법률제정반대및보험업법개정반대,"장상훈외 4,484인",김원길의원,1997-09-22,1997-09-23,재정경제위원회,폐기,처리의안,https://likms.assembly.go.kr/bill/billDetail.do?billId=100228,https://likms.assembly.go.kr/bill/billDetail.do?billId=100228
15,150228,자동차운수사업법개정반대,최석산,채영석의원외 8인,1997-09-19,1997-09-23,건설교통위원회,폐기,처리의안,https://likms.assembly.go.kr/bill/billDetail.do?billId=100227,https://likms.assembly.go.kr/bill/billDetail.do?billId=100227
15,150227,금융감독기구의설치등에관한법률제정반대및증권거래법개정반대,"이성희외 5,366인",김원길의원,1997-09-19,1997-09-22,재정경제위원회,폐기,처리의안,https://likms.assembly.go.kr/bill/billDetail.do?billId=100226,https://likms.assembly.go.kr/bill/billDetail.do?billId=100226
15,150226,한국은행법개정,"이성태외 2,818인",김원길의원,1997-09-13,1997-09-18,재정경제위원회,폐기,처리의안,https://likms.assembly.go.kr/bill/billDetail.do?billId=100225,https://likms.assembly.go.kr/bill/billDetail.do?billId=100225
15,150225,정치자금에관한법률과공직선거및선거부정방지법개정,김영훈,안상수의원,1997-09-11,1997-09-13,정치개혁특별위원회,본회의불부의,처리의안,https://likms.assembly.go.kr/bill/billDetail.do?billId=100224,https://likms.assembly.go.kr/bill/billDetail.do?billId=100224
15,150224,캘리포니아붉은깍지벌레수입금지병해충지정,"강대준외 62,234인","김영진,양정규의원외 32인",1997-09-01,1997-09-05,농림해양수산위원회,폐기,처리의안,https://likms.assembly.go.kr/bill/billDetail.do?billId=100223,https://likms.assembly.go.kr/bill/billDetail.do?billId=100223
15,150223,지방양여금법개정,강현중,이해봉의원외 23인,1997-09-01,1997-09-05,내무위원회,폐기,처리의안,https://likms.assembly.go.kr/bill/billDetail.do?billId=100222,https://likms.assembly.go.kr/bill/billDetail.do?billId=100222
15,150222,지방세법과지방교육재정교부금법개정,강현중,이해봉의원외 23인,1997-09-01,1997-09-05,내무위원회,폐기,처리의안,https://likms.assembly.go.kr/bill/billDetail.do?billId=100221,https://likms.assembly.go.kr/bill/billDetail.do?billId=100221
15,150221,국가를당사자로하는소송에관한법률등개정,강현중,이해봉의원외 28인,1997-09-01,1997-09-05,법제사법위원회,폐기,처리의안,https://likms.assembly.go.kr/bill/billDetail.do?billId=100220,https://likms.assembly.go.kr/bill/billDetail.do?billId=100220
15,150220,독립유공자예우에관한법률과국가유공자등예우및지원에관한법률개정,김종련,김홍신의원,1997-08-28,1998-03-19,정무위원회,폐기,처리의안,https://likms.assembly.go.kr/bill/billDetail.do?billId=100219,https://likms.assembly.go.kr/bill/billDetail.do?billId=100219
15,150219,초평저수지내유지불하,정용기외 144인,정우택의원,1997-08-28,1997-09-01,농림해양수산위원회,폐기,처리의안,https://likms.assembly.go.kr/bill/billDetail.do?billId=100218,https://likms.assembly.go.kr/bill/billDetail.do?billId=100218
15,150218,초ㆍ중등교육법안수정,"오성숙외 1,606인",설훈의원외 6인,1997-08-22,1997-08-26,교육위원회,본회의불부의,처리의안,https://likms.assembly.go.kr/bill/billDetail.do?billId=100217,https://likms.assembly.go.kr/bill/billDetail.do?billId=100217
15,150217,대한민국과아메리카합중국간의상호방위조약제4조에의한시설과구역및대한민국에서의합중국군대의지위에관한협정,"김용한외 53,789인",김근태의원,1997-08-21,1997-08-26,통일외무위원회,폐기,처리의안,https://likms.assembly.go.kr/bill/billDetail.do?billId=100216,https://likms.assembly.go.kr/bill/billDetail.do?billId=100216
15,150216,형사소송법제260조제1항개정,이택승외 2인,유선호의원,1997-08-20,1997-08-26,법제사법위원회,폐기,처리의안,https://likms.assembly.go.kr/bill/billDetail.do?billId=100215,https://likms.assembly.go.kr/bill/billDetail.do?billId=100215
15,150215,공중위생법시행규칙중개정령(안)철회,김배권,"김홍신,이재선,황규선의원외 18인",1997-08-18,1997-08-20,보건복지위원회,폐기,처리의안,https://likms.assembly.go.kr/bill/billDetail.do?billId=100214,https://likms.assembly.go.kr/bill/billDetail.do?billId=100214
15,150214,다목적댐주변지역지원에관한특별법제정,윤병진외 18인,권정달의원,1997-08-11,1997-08-16,건설교통위원회,폐기,처리의안,https://likms.assembly.go.kr/bill/billDetail.do?billId=100213,https://likms.assembly.go.kr/bill/billDetail.do?billId=100213
15,150213,국립「호남원예정보전문대학」설립,이운직외 73인,정호선의원외 14인,1997-08-11,1997-08-16,교육위원회,본회의불부의,처리의안,https://likms.assembly.go.kr/bill/billDetail.do?billId=100212,https://likms.assembly.go.kr/bill/billDetail.do?billId=100212
15,150212,재외동포지위향상및교포지원법제정,"은춘표,박종규,송요승외 688인",김영진의원외 2인,1997-07-30,1997-08-08,통일외무위원회,폐기,처리의안,https://likms.assembly.go.kr/bill/billDetail.do?billId=100211,https://likms.assembly.go.kr/bill/billDetail.do?billId=100211
15,150211,부용-청원IC간국도확장계획노선변경,오종식외 42인,신경식의원,1997-07-30,1997-08-07,건설교통위원회,폐기,처리의안,https://likms.assembly.go.kr/bill/billDetail.do?billId=100210,https://likms.assembly.go.kr/bill/billDetail.do?billId=100210
15,150210,원전피해구제및관련법령개폐,"이영선, 김진근외 947인",김인곤의원외 75인,1997-07-28,1997-07-29,통상산업위원회,폐기,처리의안,https://likms.assembly.go.kr/bill/billDetail.do?billId=100209,https://likms.assembly.go.kr/bill/billDetail.do?billId=100209
15,150209,지방의회에서의증언·감정등에관한법률제정,이강국,정균환의원외 11인,1997-07-26,1997-07-29,내무위원회,폐기,처리의안,https://likms.assembly.go.kr/bill/billDetail.do?billId=100208,https://likms.assembly.go.kr/bill/billDetail.do?billId=100208
15,150208,해선망어업폐업조치에따른대체어업권보장,김복만외 80인,김인곤의원외 11인,1997-07-25,1997-07-29,농림해양수산위원회,폐기,처리의안,https://likms.assembly.go.kr/bill/billDetail.do?billId=100207,https://likms.assembly.go.kr/bill/billDetail.do?billId=100207
15,150207,대북식량지원에관한결의문채택,"김수환추기경,강원용목사,송월주스님",홍사덕의원외 36인,1997-07-23,1997-07-25,통일외무위원회,폐기,처리의안,https://likms.assembly.go.kr/bill/billDetail.do?billId=100206,https://likms.assembly.go.kr/bill/billDetail.do?billId=100206
15,150206,정치관계법개정,김상곤,천정배의원,1997-07-15,1997-07-21,내무위원회,폐기,처리의안,https://likms.assembly.go.kr/bill/billDetail.do?billId=100205,https://likms.assembly.go.kr/bill/billDetail.do?billId=100205
15,150205,국회법등국회관계법개정,이창복,천정배의원,1997-07-15,1997-07-21,국회운영위원회,폐기,처리의안,https://likms.assembly.go.kr/bill/billDetail.do?billId=100204,https://likms.assembly.go.kr/bill/billDetail.do?billId=100204
15,150204,축산물위생처리법개정,김남용외 235인,"이길재,이상배,정일영의원외 150인",1997-07-11,1997-07-15,농림해양수산위원회,본회의불부의,처리의안,https://likms.assembly.go.kr/bill/billDetail.do?billId=100203,https://likms.assembly.go.kr/bill/billDetail.do?billId=100203
15,150203,전상무공훈장특별법제정,"정성표외 4,200인",전용원의원,1997-07-11,1998-03-24,행정자치위원회,폐기,처리의안,https://likms.assembly.go.kr/bill/billDetail.do?billId=100202,https://likms.assembly.go.kr/bill/billDetail.do?billId=100202
15,150202,공기업의경영구조개선및민영화에관한법률안수정,"손석형외 1,576인",김호일의원,1997-07-11,1997-07-15,재정경제위원회,폐기,처리의안,https://likms.assembly.go.kr/bill/billDetail.do?billId=100201,https://likms.assembly.go.kr/bill/billDetail.do?billId=100201
15,150201,표준자오선변경,정덕화,조순형의원외 6인,1997-07-10,1997-07-15,통신과학기술위원회,폐기,처리의안,https://likms.assembly.go.kr/bill/billDetail.do?billId=100200,https://likms.assembly.go.kr/bill/billDetail.do?billId=100200
15,150200,재외단기체류국민의선거권보장,"장동하,김일회외 172인",추미애의원,1997-07-09,1997-07-11,내무위원회,폐기,처리의안,https://likms.assembly.go.kr/bill/billDetail.do?billId=100199,https://likms.assembly.go.kr/bill/billDetail.do?billId=100199
15,150199,정치자금에관한법률개정,이창복,"정동영,유선호의원외 6인",1997-07-08,1997-07-11,내무위원회,폐기,처리의안,https://likms.assembly.go.kr/bill/billDetail.do?billId=100198,https://likms.assembly.go.kr/bill/billDetail.do?billId=100198
15,150198,정당법개정,이창복,"정동영,유선호의원외 6인",1997-07-08,1997-07-11,내무위원회,폐기,처리의안,https://likms.assembly.go.kr/bill/billDetail.do?billId=100197,https://likms.assembly.go.kr/bill/billDetail.do?billId=100197
15,150197,선거관리위원회법개정,이창복,"정동영,유선호의원외 6인",1997-07-08,1997-07-11,내무위원회,폐기,처리의안,https://likms.assembly.go.kr/bill/billDetail.do?billId=100196,https://likms.assembly.go.kr/bill/billDetail.do?billId=100196
15,150196,공직선거및선거부정방지법개정,이창복,"정동영,유선호의원외 6인",1997-07-08,1997-07-11,내무위원회,폐기,처리의안,https://likms.assembly.go.kr/bill/billDetail.do?billId=100195,https://likms.assembly.go.kr/bill/billDetail.do?billId=100195
15,150195,경부고속철도대구통과지하구간중환기구설치장소이전,김직상외 236인,안택수의원외 17인,1997-07-08,1997-07-11,건설교통위원회,폐기,처리의안,https://likms.assembly.go.kr/bill/billDetail.do?billId=100194,https://likms.assembly.go.kr/bill/billDetail.do?billId=100194
15,150194,사회복지사업법개정,"김성재,김영도,김중배",이성재의원외 9인,1997-07-08,1997-07-11,보건복지위원회,폐기,처리의안,https://likms.assembly.go.kr/bill/billDetail.do?billId=100193,https://likms.assembly.go.kr/bill/billDetail.do?billId=100193
15,150193,정치관계법과선거관리위원회법개정,김형문,안상수의원외 2인,1997-07-07,1997-07-11,내무위원회,폐기,처리의안,https://likms.assembly.go.kr/bill/billDetail.do?billId=100192,https://likms.assembly.go.kr/bill/billDetail.do?billId=100192
15,150192,차량용리프트게이트설치규제완화,박성권외 6인,한화갑의원,1997-07-05,1997-07-09,건설교통위원회,폐기,처리의안,https://likms.assembly.go.kr/bill/billDetail.do?billId=100191,https://likms.assembly.go.kr/bill/billDetail.do?billId=100191
15,150191,포항제철의삼미특수강위장정리해고철회및고용승계,홍근수외 82인,"김성곤,방용석,한영애의원외 7인",1997-07-04,1997-07-09,환경노동위원회,폐기,처리의안,https://likms.assembly.go.kr/bill/billDetail.do?billId=100190,https://likms.assembly.go.kr/bill/billDetail.do?billId=100190
15,150190,금융실명거래및비밀보장에관한긴급재정경제명령대체입법,손봉호외 2인,김원길의원,1997-07-04,1997-07-09,재정경제위원회,본회의불부의,처리의안,https://likms.assembly.go.kr/bill/billDetail.do?billId=100189,https://likms.assembly.go.kr/bill/billDetail.do?billId=100189
15,150189,자금세탁방지에관한법률제정,김일수외 2인,이상수의원,1997-07-04,1997-07-09,재정경제위원회,폐기,처리의안,https://likms.assembly.go.kr/bill/billDetail.do?billId=100188,https://likms.assembly.go.kr/bill/billDetail.do?billId=100188
15,150188,고속도로건설공사간접피해보상,박동준외 12인,한화갑의원,1997-07-04,1997-07-09,건설교통위원회,폐기,처리의안,https://likms.assembly.go.kr/bill/billDetail.do?billId=100187,https://likms.assembly.go.kr/bill/billDetail.do?billId=100187
15,150187,공동주택의승강기및전력시설관리,김길웅,한화갑의원,1997-07-04,1997-07-09,통상산업위원회,폐기,처리의안,https://likms.assembly.go.kr/bill/billDetail.do?billId=100186,https://likms.assembly.go.kr/bill/billDetail.do?billId=100186
15,150186,미성년자보호법의폐지또는개정,석용태외 405인,김기재의원외 18인,1997-07-04,1997-07-09,행정자치위원회,본회의불부의,처리의안,https://likms.assembly.go.kr/bill/billDetail.do?billId=100185,https://likms.assembly.go.kr/bill/billDetail.do?billId=100185
15,150185,공동주택의특별수선충당금이자소득에대한종합소득세부과철회,김길웅,한화갑의원,1997-07-04,1997-07-09,재정경제위원회,폐기,처리의안,https://likms.assembly.go.kr/bill/billDetail.do?billId=100184,https://likms.assembly.go.kr/bill/billDetail.do?billId=100184
15,150184,공동주택관리와관련된제도개선,"김길웅외 13,480인",한화갑의원,1997-07-04,1997-07-09,건설교통위원회,폐기,처리의안,https://likms.assembly.go.kr/bill/billDetail.do?billId=100183,https://likms.assembly.go.kr/bill/billDetail.do?billId=100183
15,150183,한국수자원공사의안동-영천간도수로공사로인한피해보상,"최병재외 1,706인","권오을,박헌기,권정달의원외 5인",1997-07-03,1997-07-09,건설교통위원회,폐기,처리의안,https://likms.assembly.go.kr/bill/billDetail.do?billId=100182,https://likms.assembly.go.kr/bill/billDetail.do?billId=100182
15,150182,임금채권보장에관한법률제정,권영길,방용석의원,1997-07-02,1997-07-09,환경노동위원회,본회의불부의,처리의안,https://likms.assembly.go.kr/bill/billDetail.do?billId=100181,https://likms.assembly.go.kr/bill/billDetail.do?billId=100181
15,150181,자동차운수사업법의처벌규정완화,김종규외 452인,임채정의원,1997-07-01,1997-07-09,건설교통위원회,폐기,처리의안,https://likms.assembly.go.kr/bill/billDetail.do?billId=100180,https://likms.assembly.go.kr/bill/billDetail.do?billId=100180
15,150180,한글날국경일지정,안치호외 10인,이규택의원외 8인,1997-07-01,1998-03-24,행정자치위원회,폐기,처리의안,https://likms.assembly.go.kr/bill/billDetail.do?billId=100179,https://likms.assembly.go.kr/bill/billDetail.do?billId=100179
15,150179,재외단기체류국민의선거권보장,심탁,최욱철의원,1997-06-27,1997-07-05,내무위원회,폐기,처리의안,https://likms.assembly.go.kr/bill/billDetail.do?billId=100178,https://likms.assembly.go.kr/bill/billDetail.do?billId=100178
15,150178,수탁검사범위중방사선진단제외,한정수외 91인,정동채의원,1997-06-23,1997-07-05,보건복지위원회,폐기,처리의안,https://likms.assembly.go.kr/bill/billDetail.do?billId=100177,https://likms.assembly.go.kr/bill/billDetail.do?billId=100177
15,150177,국민주권직접민주정치를위한개헌,최치영외 17인,권오을의원,1997-06-16,1997-07-21,법제사법위원회,폐기,처리의안,https://likms.assembly.go.kr/bill/billDetail.do?billId=100176,https://likms.assembly.go.kr/bill/billDetail.do?billId=100176
15,150176,부천시자동차관련시설임대공급,윤석흥,김문수의원,1997-06-19,1997-06-23,건설교통위원회,폐기,처리의안,https://likms.assembly.go.kr/bill/billDetail.do?billId=100175,https://likms.assembly.go.kr/bill/billDetail.do?billId=100175
15,150175,공주대학교산업과학대학의예산산업대학으로의분리독립,"김석기,유근홍외 33인",서상목의원,1997-06-19,1997-06-23,교육위원회,본회의불부의,처리의안,https://likms.assembly.go.kr/bill/billDetail.do?billId=100174,https://likms.assembly.go.kr/bill/billDetail.do?billId=100174
15,150174,정당법개정,손봉호외 4인,이미경의원외 3인,1997-06-18,1997-06-23,내무위원회,폐기,처리의안,https://likms.assembly.go.kr/bill/billDetail.do?billId=100173,https://likms.assembly.go.kr/bill/billDetail.do?billId=100173
15,150173,정치자금에관한법률개정,손봉호외 4인,추미애의원외 3인,1997-06-18,1997-06-23,내무위원회,폐기,처리의안,https://likms.assembly.go.kr/bill/billDetail.do?billId=100172,https://likms.assembly.go.kr/bill/billDetail.do?billId=100172
15,150172,공직선거및선거부정방지법개정,손봉호외 4인,유선호의원외 3인,1997-06-18,1997-06-23,내무위원회,폐기,처리의안,https://likms.assembly.go.kr/bill/billDetail.do?billId=100171,https://likms.assembly.go.kr/bill/billDetail.do?billId=100171
15,150171,선거관리위원회법개정,손봉호외 4인,안상수의원외 3인,1997-06-18,1997-06-23,내무위원회,폐기,처리의안,https://likms.assembly.go.kr/bill/billDetail.do?billId=100170,https://likms.assembly.go.kr/bill/billDetail.do?billId=100170
15,150170,특별검사의직무등에관한법률제정,"최영도,김창국",유선호의원,1997-06-17,1997-06-19,법제사법위원회,폐기,처리의안,https://likms.assembly.go.kr/bill/billDetail.do?billId=100169,https://likms.assembly.go.kr/bill/billDetail.do?billId=100169
15,150169,유아교육진흥법개정,"한경자외 1,300,000인",서상목의원외 2인,1997-06-17,1997-06-21,교육위원회,본회의불부의,처리의안,https://likms.assembly.go.kr/bill/billDetail.do?billId=100168,https://likms.assembly.go.kr/bill/billDetail.do?billId=100168
15,150168,국립순천대학교한약자원학과를한약학과로명칭변경,유상인,"김홍신,한화갑,박철언의원외 61인",1997-06-14,1997-06-19,교육위원회,폐기,처리의안,https://likms.assembly.go.kr/bill/billDetail.do?billId=100167,https://likms.assembly.go.kr/bill/billDetail.do?billId=100167
15,150167,보령댐공사로인한이제현선생사당이전비용추가보상,이덕희,한화갑의원외 5인,1997-06-13,1997-06-19,건설교통위원회,본회의불부의,처리의안,https://likms.assembly.go.kr/bill/billDetail.do?billId=100166,https://likms.assembly.go.kr/bill/billDetail.do?billId=100166
15,150166,여순반란사건피해자명예회복및보상,임광일,양성철의원,1997-06-12,1997-06-19,국방위원회,철회,처리의안,https://likms.assembly.go.kr/bill/billDetail.do?billId=100165,https://likms.assembly.go.kr/bill/billDetail.do?billId=100165
15,150165,중앙은행독립을위한한국은행법개정,손봉호외 1인,김원길의원,1997-06-12,1997-06-19,재정경제위원회,폐기,처리의안,https://likms.assembly.go.kr/bill/billDetail.do?billId=100164,https://likms.assembly.go.kr/bill/billDetail.do?billId=100164
15,150164,공직선거및선거부정방지법과정치자금에관한법률개정,권영길,천정배의원,1997-06-10,1997-06-14,내무위원회,폐기,처리의안,https://likms.assembly.go.kr/bill/billDetail.do?billId=100163,https://likms.assembly.go.kr/bill/billDetail.do?billId=100163
15,150163,단미사료부가가치세영세율적용,박석남,"김범명,김원길,차수명의원외 69인",1997-06-10,1997-06-14,재정경제위원회,철회,처리의안,https://likms.assembly.go.kr/bill/billDetail.do?billId=100162,https://likms.assembly.go.kr/bill/billDetail.do?billId=100162
15,150162,재외국민선거권보장,김영태외 137인,이부영의원,1997-06-09,1997-06-14,내무위원회,폐기,처리의안,https://likms.assembly.go.kr/bill/billDetail.do?billId=100161,https://likms.assembly.go.kr/bill/billDetail.do?billId=100161
15,150161,국회법개정,김중배,"이미경,이상수,유선호의원",1997-05-29,1997-06-03,국회운영위원회,폐기,처리의안,https://likms.assembly.go.kr/bill/billDetail.do?billId=100160,https://likms.assembly.go.kr/bill/billDetail.do?billId=100160
15,150160,공직선거및선거부정방지법개정,김중배,"이미경,이상수,유선호의원",1997-05-29,1997-06-03,내무위원회,폐기,처리의안,https://likms.assembly.go.kr/bill/billDetail.do?billId=100159,https://likms.assembly.go.kr/bill/billDetail.do?billId=100159
15,150159,선거관리위원회법개정,김중배,"이미경,이상수,유선호의원",1997-05-29,1997-06-03,내무위원회,폐기,처리의안,https://likms.assembly.go.kr/bill/billDetail.do?billId=100158,https://likms.assembly.go.kr/bill/billDetail.do?billId=100158
15,150158,정당법개정,김중배,"이미경,이상수,유선호의원",1997-05-29,1997-06-03,내무위원회,폐기,처리의안,https://likms.assembly.go.kr/bill/billDetail.do?billId=100157,https://likms.assembly.go.kr/bill/billDetail.do?billId=100157
15,150157,정치자금에관한법률개정,김중배,"이미경,이상수,유선호의원",1997-05-29,1997-06-03,내무위원회,폐기,처리의안,https://likms.assembly.go.kr/bill/billDetail.do?billId=100156,https://likms.assembly.go.kr/bill/billDetail.do?billId=100156
15,150156,국정감사및조사에관한법률개정,김중배,"이미경,이상수,유선호의원",1997-05-29,1997-06-03,국회운영위원회,폐기,처리의안,https://likms.assembly.go.kr/bill/billDetail.do?billId=100155,https://likms.assembly.go.kr/bill/billDetail.do?billId=100155
15,150155,국회에서의증언·감정등에관한법률개정,김중배,"이미경,이상수,유선호의원",1997-05-29,1997-06-03,국회운영위원회,폐기,처리의안,https://likms.assembly.go.kr/bill/billDetail.do?billId=100154,https://likms.assembly.go.kr/bill/billDetail.do?billId=100154
15,150154,소기업지원을위한특별조치법개정,박인상,방용석의원,1997-05-29,1997-06-03,통상산업위원회,폐기,처리의안,https://likms.assembly.go.kr/bill/billDetail.do?billId=100153,https://likms.assembly.go.kr/bill/billDetail.do?billId=100153
15,150153,당진석문지구간척농지개발사업구역내공유수면호안정비,김원환외 138인,김현욱의원,1997-05-28,1997-06-03,농림해양수산위원회,본회의불부의,처리의안,https://likms.assembly.go.kr/bill/billDetail.do?billId=100152,https://likms.assembly.go.kr/bill/billDetail.do?billId=100152
15,150152,구로구소재계남근린공원내테니스장설치반대,"이재을외 16,024인",박세직의원외 14인,1997-05-20,1997-06-10,건설교통위원회,폐기,처리의안,https://likms.assembly.go.kr/bill/billDetail.do?billId=100151,https://likms.assembly.go.kr/bill/billDetail.do?billId=100151
15,150151,근로자생활향상지원및임금채권보장에관한법률제정,박인상,조성준의원,1997-05-17,1997-05-24,환경노동위원회,본회의불부의,처리의안,https://likms.assembly.go.kr/bill/billDetail.do?billId=100150,https://likms.assembly.go.kr/bill/billDetail.do?billId=100150
15,150150,노조전임자에관한특별법제정,박인상,정우택의원,1997-05-17,1997-05-24,환경노동위원회,폐기,처리의안,https://likms.assembly.go.kr/bill/billDetail.do?billId=100149,https://likms.assembly.go.kr/bill/billDetail.do?billId=100149
15,150149,안산시월피동일대보전녹지지역해제,"양춘동외 1,270인",유용태의원외 3인,1997-05-15,1997-06-04,건설교통위원회,폐기,처리의안,https://likms.assembly.go.kr/bill/billDetail.do?billId=100148,https://likms.assembly.go.kr/bill/billDetail.do?billId=100148
15,150148,병역미필로인한해임공직자복권,이춘식외 12인,맹형규의원,1997-05-09,1998-03-24,행정자치위원회,폐기,처리의안,https://likms.assembly.go.kr/bill/billDetail.do?billId=100147,https://likms.assembly.go.kr/bill/billDetail.do?billId=100147
15,150147,"국립현충원내""유격부대전적위령비""개축및납골당설치",최규봉외 3인,김상현의원외 7인,1997-04-22,1997-04-25,국방위원회,폐기,처리의안,https://likms.assembly.go.kr/bill/billDetail.do?billId=100146,https://likms.assembly.go.kr/bill/billDetail.do?billId=100146
15,150146,마전택지개발지구내토지보상가재감정,이학재외 62인,조한천의원,1997-03-31,1997-04-03,건설교통위원회,폐기,처리의안,https://likms.assembly.go.kr/bill/billDetail.do?billId=100145,https://likms.assembly.go.kr/bill/billDetail.do?billId=100145
15,150145,공직선거및선거부정방지법개정,박인상,방용석의원외 11인,1997-03-26,1997-04-01,내무위원회,폐기,처리의안,https://likms.assembly.go.kr/bill/billDetail.do?billId=100144,https://likms.assembly.go.kr/bill/billDetail.do?billId=100144
15,150144,정치자금에관한법률개정,박인상,방용석의원외 11인,1997-03-26,1997-04-01,내무위원회,폐기,처리의안,https://likms.assembly.go.kr/bill/billDetail.do?billId=100143,https://likms.assembly.go.kr/bill/billDetail.do?billId=100143
15,150143,농어촌발전특별조치법개정,신창현,안상수의원,1997-03-24,1997-04-01,농림해양수산위원회,본회의불부의,처리의안,https://likms.assembly.go.kr/bill/billDetail.do?billId=100142,https://likms.assembly.go.kr/bill/billDetail.do?billId=100142
15,150142,경교장복원및국가지정문화재지정,김인수,"박광태,최재승의원외 60인",1997-03-17,1997-03-20,문화체육공보위원회,폐기,처리의안,https://likms.assembly.go.kr/bill/billDetail.do?billId=100141,https://likms.assembly.go.kr/bill/billDetail.do?billId=100141
15,150141,인영·필적등의감정과감정사의자격법제화,김선월외 6인,천정배의원외 14인,1997-03-14,1997-03-20,법제사법위원회,폐기,처리의안,https://likms.assembly.go.kr/bill/billDetail.do?billId=100140,https://likms.assembly.go.kr/bill/billDetail.do?billId=100140
15,150140,금천구독산1동소재군부대이전,"천용근외 3,036인",임복진의원,1997-03-11,1997-03-14,국방위원회,폐기,처리의안,https://likms.assembly.go.kr/bill/billDetail.do?billId=100139,https://likms.assembly.go.kr/bill/billDetail.do?billId=100139
15,150139,금천구독산1동소재군부대이전,"김창학외 28,246인",이우재의원외 10인,1997-03-11,1997-03-14,국방위원회,폐기,처리의안,https://likms.assembly.go.kr/bill/billDetail.do?billId=100138,https://likms.assembly.go.kr/bill/billDetail.do?billId=100138
15,150138,군납식품의단체수의계약환원및지속,곽재섭외 11인,이용삼의원,1997-03-08,1997-03-12,국방위원회,폐기,처리의안,https://likms.assembly.go.kr/bill/billDetail.do?billId=100137,https://likms.assembly.go.kr/bill/billDetail.do?billId=100137
15,150137,토지소유권원상회복,정성진,한호선의원,1997-03-07,1997-03-12,법제사법위원회,폐기,처리의안,https://likms.assembly.go.kr/bill/billDetail.do?billId=100136,https://likms.assembly.go.kr/bill/billDetail.do?billId=100136
15,150136,부천시자동차관련시설임대공급,윤석홍,김문수의원,1997-03-06,1997-03-08,건설교통위원회,철회,처리의안,https://likms.assembly.go.kr/bill/billDetail.do?billId=100135,https://likms.assembly.go.kr/bill/billDetail.do?billId=100135
15,150135,무갹출노령연금법제정,황진수,김허남의원,1997-03-06,1997-03-08,보건복지위원회,본회의불부의,처리의안,https://likms.assembly.go.kr/bill/billDetail.do?billId=100134,https://likms.assembly.go.kr/bill/billDetail.do?billId=100134
15,150134,초등학교병설유치원전임강사특별채용,이선임외 23인,배종무의원외 6인,1997-03-03,1997-03-06,교육위원회,본회의불부의,처리의안,https://likms.assembly.go.kr/bill/billDetail.do?billId=100133,https://likms.assembly.go.kr/bill/billDetail.do?billId=100133
15,150133,초등학교3학년영어교육실시보류,오성숙외 4인,김한길의원외 4인,1997-03-03,1997-03-06,교육위원회,본회의불부의,처리의안,https://likms.assembly.go.kr/bill/billDetail.do?billId=100132,https://likms.assembly.go.kr/bill/billDetail.do?billId=100132
15,150132,제2외국어교육활성화를위한대학수학능력시험개선,"채수연외 2,663인",김한길의원외 4인,1997-03-03,1997-03-06,교육위원회,본회의불부의,처리의안,https://likms.assembly.go.kr/bill/billDetail.do?billId=100131,https://likms.assembly.go.kr/bill/billDetail.do?billId=100131
15,150131,상속세로물납된대한유화공업(주)의주식매각,박동만,차수명의원,1997-02-26,1997-02-28,재정경제위원회,폐기,처리의안,https://likms.assembly.go.kr/bill/billDetail.do?billId=100130,https://likms.assembly.go.kr/bill/billDetail.do?billId=100130
15,150130,국가안전기획부법개정원천무효,"김상곤외 516,997인",이미경의원,1997-02-25,1997-02-26,정보위원회,폐기,처리의안,https://likms.assembly.go.kr/bill/billDetail.do?billId=100129,https://likms.assembly.go.kr/bill/billDetail.do?billId=100129
15,150129,노동관계법개정,"김상곤외 516,997인",이미경의원,1997-02-25,1997-02-26,환경노동위원회,본회의불부의,처리의안,https://likms.assembly.go.kr/bill/billDetail.do?billId=100128,https://likms.assembly.go.kr/bill/billDetail.do?billId=100128
15,150127,수산업법및수산자원보호령잠수기어업허가정수개정,황인복외 86인,어준선의원외 7인,1997-02-17,1997-02-22,농림해양수산위원회,폐기,처리의안,https://likms.assembly.go.kr/bill/billDetail.do?billId=100127,https://likms.assembly.go.kr/bill/billDetail.do?billId=100127
15,150126,정치자금에관한법률개정,김중배,이미경의원,1997-02-12,1997-03-06,내무위원회,철회,처리의안,https://likms.assembly.go.kr/bill/billDetail.do?billId=100126,https://likms.assembly.go.kr/bill/billDetail.do?billId=100126
15,150125,정치자금에관한법률개정,손봉호외 3인,김홍신의원,1997-02-12,1997-03-06,내무위원회,폐기,처리의안,https://likms.assembly.go.kr/bill/billDetail.do?billId=100125,https://likms.assembly.go.kr/bill/billDetail.do?billId=100125
15,150124,천수만A.B지구피해어민농지분배,오세태외 121인,변웅전의원외 10인,1997-01-20,1997-01-25,농림해양수산위원회,폐기,처리의안,https://likms.assembly.go.kr/bill/billDetail.do?billId=100124,https://likms.assembly.go.kr/bill/billDetail.do?billId=100124
15,150123,국화도리행정구역당진군편입요청,박복만외 72인,김현욱의원,1997-01-20,1997-01-25,내무위원회,폐기,처리의안,https://likms.assembly.go.kr/bill/billDetail.do?billId=100123,https://likms.assembly.go.kr/bill/billDetail.do?billId=100123
15,150122,점포임대차보호법제정,백상기,이재오의원,1997-01-14,1997-01-22,법제사법위원회,폐기,처리의안,https://likms.assembly.go.kr/bill/billDetail.do?billId=100122,https://likms.assembly.go.kr/bill/billDetail.do?billId=100122
15,150121,남인천세무서의재산압류해지,이용주,조진형의원,1996-12-27,1997-01-07,재정경제위원회,폐기,처리의안,https://likms.assembly.go.kr/bill/billDetail.do?billId=100121,https://likms.assembly.go.kr/bill/billDetail.do?billId=100121
15,150120,지방재정법시행령부칙제2조제3항에의한공유수면매립지매각,박병현,정균환의원,1996-12-27,1997-01-07,내무위원회,폐기,처리의안,https://likms.assembly.go.kr/bill/billDetail.do?billId=100120,https://likms.assembly.go.kr/bill/billDetail.do?billId=100120
15,150119,노동관계법개정,"신승철,우희진외 5,053인",방용석의원,1996-12-18,1996-12-24,환경노동위원회,본회의불부의,처리의안,https://likms.assembly.go.kr/bill/billDetail.do?billId=100119,https://likms.assembly.go.kr/bill/billDetail.do?billId=100119
15,150118,당진-대산간산업도로개설요망등,"김종문외 1,693인",김현욱의원,1996-12-17,1996-12-24,건설교통위원회,폐기,처리의안,https://likms.assembly.go.kr/bill/billDetail.do?billId=100118,https://likms.assembly.go.kr/bill/billDetail.do?billId=100118
15,150117,영화진흥법과공연법의개정,최영도,"유선호,천정배의원",1996-12-16,1996-12-24,문화체육공보위원회,본회의불부의,처리의안,https://likms.assembly.go.kr/bill/billDetail.do?billId=100117,https://likms.assembly.go.kr/bill/billDetail.do?billId=100117
15,150116,효도법제정,이병호,방용석의원,1996-12-14,1997-01-07,법제사법위원회,폐기,처리의안,https://likms.assembly.go.kr/bill/billDetail.do?billId=100116,https://likms.assembly.go.kr/bill/billDetail.do?billId=100116
15,150115,공동주택관리제도개선,김근식,김호일의원외 3인,1996-12-11,1996-12-18,건설교통위원회,폐기,처리의안,https://likms.assembly.go.kr/bill/billDetail.do?billId=100115,https://likms.assembly.go.kr/bill/billDetail.do?billId=100115
15,150114,형사소송법개정,박은정외 64인,천정배의원,1996-12-10,1996-12-18,법제사법위원회,폐기,처리의안,https://likms.assembly.go.kr/bill/billDetail.do?billId=100114,https://likms.assembly.go.kr/bill/billDetail.do?billId=100114
15,150113,안성아양주공아파트분양가격의합리적조정,이귀영외 410인,이해구의원,1996-12-10,1996-12-18,건설교통위원회,철회,처리의안,https://likms.assembly.go.kr/bill/billDetail.do?billId=100113,https://likms.assembly.go.kr/bill/billDetail.do?billId=100113
15,150112,검찰청법개정,박은정외 64인,천정배의원,1996-12-10,1996-12-18,법제사법위원회,폐기,처리의안,https://likms.assembly.go.kr/bill/billDetail.do?billId=100112,https://likms.assembly.go.kr/bill/billDetail.do?billId=100112
15,150111,경찰법개정,박은정외 64인,천정배의원,1996-12-10,1996-12-18,내무위원회,폐기,처리의안,https://likms.assembly.go.kr/bill/billDetail.do?billId=100111,https://likms.assembly.go.kr/bill/billDetail.do?billId=100111
15,150110,지방자치발전을위한관련법개정촉구,문일권외 840인,"정균환,유선호의원",1996-12-10,1996-12-18,내무위원회,폐기,처리의안,https://likms.assembly.go.kr/bill/billDetail.do?billId=100110,https://likms.assembly.go.kr/bill/billDetail.do?billId=100110
15,150109,주민투표법제정,조창현외 1인,정균환의원,1996-12-10,1996-12-18,내무위원회,폐기,처리의안,https://likms.assembly.go.kr/bill/billDetail.do?billId=100109,https://likms.assembly.go.kr/bill/billDetail.do?billId=100109
15,150108,통합방송법의제정,최영도,"유선호,천정배의원",1996-12-05,1997-03-06,문화관광위원회,본회의불부의,처리의안,https://likms.assembly.go.kr/bill/billDetail.do?billId=100108,https://likms.assembly.go.kr/bill/billDetail.do?billId=100108
15,150107,1981년법원해직공무원의보상에관한특별조치법제정,정주수외 5인,박찬주의원외 6인,1996-12-05,1996-12-10,법제사법위원회,폐기,처리의안,https://likms.assembly.go.kr/bill/billDetail.do?billId=100107,https://likms.assembly.go.kr/bill/billDetail.do?billId=100107
15,150106,16층이상공동주택에대한안전점검제도개선,"조영상외 10,822인",이사철의원,1996-12-03,1996-12-06,건설교통위원회,폐기,처리의안,https://likms.assembly.go.kr/bill/billDetail.do?billId=100106,https://likms.assembly.go.kr/bill/billDetail.do?billId=100106
15,150105,노동관계법의올바른개정,김윤환외 5인,이미경의원,1996-12-02,1996-12-06,환경노동위원회,본회의불부의,처리의안,https://likms.assembly.go.kr/bill/billDetail.do?billId=100105,https://likms.assembly.go.kr/bill/billDetail.do?billId=100105
15,150104,장애인복지법개정,"조일묵,김성재외 11인",이성재의원외 35인,1996-11-30,1996-12-06,보건복지위원회,본회의불부의,처리의안,https://likms.assembly.go.kr/bill/billDetail.do?billId=100104,https://likms.assembly.go.kr/bill/billDetail.do?billId=100104
15,150103,세탁기능사자격제도도입을위한공중위생법개정,"천금봉외 6,685인",박범진의원,1996-11-27,1996-11-30,보건복지위원회,폐기,처리의안,https://likms.assembly.go.kr/bill/billDetail.do?billId=100103,https://likms.assembly.go.kr/bill/billDetail.do?billId=100103
15,150102,바른선거문화정착을위한공직선거및선거부정방지법개정,손봉호외 17인,김상현의원외 3인,1996-11-26,1997-03-06,내무위원회,폐기,처리의안,https://likms.assembly.go.kr/bill/billDetail.do?billId=100102,https://likms.assembly.go.kr/bill/billDetail.do?billId=100102
15,150101,건국훈장무상교환,"이재윤,정진한",이석현의원,1996-11-26,1998-03-24,행정자치위원회,폐기,처리의안,https://likms.assembly.go.kr/bill/billDetail.do?billId=100101,https://likms.assembly.go.kr/bill/billDetail.do?billId=100101
15,150100,외국인노동자보호법제정,"김수환외 58,915인",방용석의원,1996-11-26,1996-11-30,환경노동위원회,폐기,처리의안,https://likms.assembly.go.kr/bill/billDetail.do?billId=100100,https://likms.assembly.go.kr/bill/billDetail.do?billId=100100
15,150099,사립학교법개정,윤봉용외 2인,설훈의원외 4인,1996-11-25,1996-11-30,교육위원회,본회의불부의,처리의안,https://likms.assembly.go.kr/bill/billDetail.do?billId=100099,https://likms.assembly.go.kr/bill/billDetail.do?billId=100099
15,150098,행정절차법제정촉구,박윤흔외 18인,"이해봉,황우여의원",1996-11-25,1998-03-24,행정자치위원회,본회의불부의,처리의안,https://likms.assembly.go.kr/bill/billDetail.do?billId=100098,https://likms.assembly.go.kr/bill/billDetail.do?billId=100098
15,150097,노동관계법개정,권영길,방용석의원,1996-11-23,1996-11-27,환경노동위원회,본회의불부의,처리의안,https://likms.assembly.go.kr/bill/billDetail.do?billId=100097,https://likms.assembly.go.kr/bill/billDetail.do?billId=100097
15,150096,특수여객자동차운송사업,조태제외 205인,"김호일,백승홍,이용삼의원",1996-11-23,1996-11-27,건설교통위원회,본회의불부의,처리의안,https://likms.assembly.go.kr/bill/billDetail.do?billId=100096,https://likms.assembly.go.kr/bill/billDetail.do?billId=100096
15,150095,건설업제도개선,김성철외 13인,"김호일,백승홍,이용삼의원",1996-11-22,1996-11-27,건설교통위원회,본회의불부의,처리의안,https://likms.assembly.go.kr/bill/billDetail.do?billId=100095,https://likms.assembly.go.kr/bill/billDetail.do?billId=100095
15,150094,정보공개법제정,최영도,"천정배,유선호의원",1996-11-21,1998-03-24,행정자치위원회,폐기,처리의안,https://likms.assembly.go.kr/bill/billDetail.do?billId=100094,https://likms.assembly.go.kr/bill/billDetail.do?billId=100094
15,150093,정기간행물등의등록에관한법률개정,최영도,"천정배,유선호의원",1996-11-21,1996-11-27,문화체육공보위원회,폐기,처리의안,https://likms.assembly.go.kr/bill/billDetail.do?billId=100093,https://likms.assembly.go.kr/bill/billDetail.do?billId=100093
15,150092,도로법개정,나인수외 1인,한화갑의원,1996-11-20,1996-11-27,건설교통위원회,본회의불부의,처리의안,https://likms.assembly.go.kr/bill/billDetail.do?billId=100092,https://likms.assembly.go.kr/bill/billDetail.do?billId=100092
15,150091,광주광역시지하철노선연장,"김복근외 14,335인",박찬주의원외 8인,1996-11-20,1996-11-27,건설교통위원회,폐기,처리의안,https://likms.assembly.go.kr/bill/billDetail.do?billId=100091,https://likms.assembly.go.kr/bill/billDetail.do?billId=100091
15,150090,지방교육자치에관한법률개정,"이순영외 107,090인",배종무의원외 9인,1996-11-18,1996-11-22,교육위원회,폐기,처리의안,https://likms.assembly.go.kr/bill/billDetail.do?billId=100090,https://likms.assembly.go.kr/bill/billDetail.do?billId=100090
15,150089,광주민주화운동관련자보상등에관한법률개정,김동원외 23인,김홍신의원외 3인,1996-11-18,1996-11-29,내무위원회,폐기,처리의안,https://likms.assembly.go.kr/bill/billDetail.do?billId=100089,https://likms.assembly.go.kr/bill/billDetail.do?billId=100089
15,150088,교수재임용제관련법규개정,"윤봉용외 1,943인",천정배의원외 9인,1996-11-15,1996-11-22,교육위원회,본회의불부의,처리의안,https://likms.assembly.go.kr/bill/billDetail.do?billId=100088,https://likms.assembly.go.kr/bill/billDetail.do?billId=100088
15,150087,행정사법개정,"방현,안응모외 1,250인",이재오의원,1996-11-15,1996-11-22,내무위원회,폐기,처리의안,https://likms.assembly.go.kr/bill/billDetail.do?billId=100087,https://likms.assembly.go.kr/bill/billDetail.do?billId=100087
15,150086,영업용건물임대차보호법제정,손봉호외 3인,천정배의원외 5인,1996-11-15,1996-11-22,법제사법위원회,폐기,처리의안,https://likms.assembly.go.kr/bill/billDetail.do?billId=100086,https://likms.assembly.go.kr/bill/billDetail.do?billId=100086
15,150085,집회및시위에관한법률개정,손봉호외 2인,천정배의원외 4인,1996-11-15,1996-11-22,내무위원회,폐기,처리의안,https://likms.assembly.go.kr/bill/billDetail.do?billId=100085,https://likms.assembly.go.kr/bill/billDetail.do?billId=100085
15,150084,남녀고용평등법개정,"박인상,권영길,지은희외 14인",이미경의원,1996-11-13,1996-11-20,환경노동위원회,본회의불부의,처리의안,https://likms.assembly.go.kr/bill/billDetail.do?billId=100084,https://likms.assembly.go.kr/bill/billDetail.do?billId=100084
15,150083,국민의알권리보장과행정민주화를위한정보공개법제정,손봉호외 4인,이석현의원,1996-11-13,1996-11-20,행정위원회,본회의불부의,처리의안,https://likms.assembly.go.kr/bill/billDetail.do?billId=100083,https://likms.assembly.go.kr/bill/billDetail.do?billId=100083
15,150082,행정민주화를위한행정절차법제정,손봉호외 3인,이석현의원,1996-11-13,1996-11-13,정무위원회,본회의불부의,처리의안,https://likms.assembly.go.kr/bill/billDetail.do?billId=100082,https://likms.assembly.go.kr/bill/billDetail.do?billId=100082
15,150081,박물관및미술관진흥법개정,유원적,정동채의원,1996-11-13,1996-11-20,문화체육공보위원회,본회의불부의,처리의안,https://likms.assembly.go.kr/bill/billDetail.do?billId=100081,https://likms.assembly.go.kr/bill/billDetail.do?billId=100081
15,150080,공직부패방지를위한공직자윤리법개정,손봉호외 3인,이석현의원,1996-11-13,1998-03-24,행정자치위원회,폐기,처리의안,https://likms.assembly.go.kr/bill/billDetail.do?billId=100080,https://likms.assembly.go.kr/bill/billDetail.do?billId=100080
15,150079,국회4·3특별위원회구성,김인규외 19인,"변정일,양정규,현경대의원",1996-11-13,1996-11-20,국회운영위원회,본회의불부의,처리의안,https://likms.assembly.go.kr/bill/billDetail.do?billId=100079,https://likms.assembly.go.kr/bill/billDetail.do?billId=100079
15,150078,독립유공자예우에관한법률개정,"이재윤,정진한",정의화의원외 16인,1996-11-11,1996-11-20,보건복지위원회,본회의불부의,처리의안,https://likms.assembly.go.kr/bill/billDetail.do?billId=100078,https://likms.assembly.go.kr/bill/billDetail.do?billId=100078
15,150077,노인복지법개정,김중배,"김홍신,신낙균,이재선의원",1996-11-08,1996-11-13,보건복지위원회,본회의불부의,처리의안,https://likms.assembly.go.kr/bill/billDetail.do?billId=100077,https://likms.assembly.go.kr/bill/billDetail.do?billId=100077
15,150076,생활보호법개정,김중배,"김홍신,신낙균,이재선의원",1996-11-08,1996-11-13,보건복지위원회,본회의불부의,처리의안,https://likms.assembly.go.kr/bill/billDetail.do?billId=100076,https://likms.assembly.go.kr/bill/billDetail.do?billId=100076
15,150075,독점규제및공정거래에관한법률개정,"김중배,최영도",유선호의원,1996-11-07,1996-11-13,행정위원회,본회의불부의,처리의안,https://likms.assembly.go.kr/bill/billDetail.do?billId=100075,https://likms.assembly.go.kr/bill/billDetail.do?billId=100075
15,150074,부패방지법제정,"김창국외 23,672인",천정배의원외 7인,1996-11-07,1996-11-20,법제사법위원회,폐기,처리의안,https://likms.assembly.go.kr/bill/billDetail.do?billId=100074,https://likms.assembly.go.kr/bill/billDetail.do?billId=100074
15,150073,교원처우개선과교육환경개선,"정해숙외 66,876인",설훈의원외 13인,1996-11-06,1996-11-13,교육위원회,폐기,처리의안,https://likms.assembly.go.kr/bill/billDetail.do?billId=100073,https://likms.assembly.go.kr/bill/billDetail.do?billId=100073
15,150072,복직·미복직교사의원상회복,최연호외 683인,설훈의원외 13인,1996-11-06,1996-11-13,교육위원회,본회의불부의,처리의안,https://likms.assembly.go.kr/bill/billDetail.do?billId=100072,https://likms.assembly.go.kr/bill/billDetail.do?billId=100072
15,150071,96년도세제개혁,박인상,이상수의원외 2인,1996-11-06,1996-11-13,재정경제위원회,폐기,처리의안,https://likms.assembly.go.kr/bill/billDetail.do?billId=100071,https://likms.assembly.go.kr/bill/billDetail.do?billId=100071
15,150070,건설노동자의근로조건과고용개선등에관한특별법제정,"이규재,배종배",조성준의원,1996-11-06,1996-11-13,환경노동위원회,본회의불부의,처리의안,https://likms.assembly.go.kr/bill/billDetail.do?billId=100070,https://likms.assembly.go.kr/bill/billDetail.do?billId=100070
15,150069,일본어표기법시정,노초진외 88인,박종웅의원외 2인,1996-11-04,1996-11-07,문화체육공보위원회,폐기,처리의안,https://likms.assembly.go.kr/bill/billDetail.do?billId=100069,https://likms.assembly.go.kr/bill/billDetail.do?billId=100069
15,150068,서남해지역트롤어업허가,김태철외 171인,한화갑의원외 11인,1996-11-04,1996-11-07,농림해양수산위원회,폐기,처리의안,https://likms.assembly.go.kr/bill/billDetail.do?billId=100068,https://likms.assembly.go.kr/bill/billDetail.do?billId=100068
15,150067,전화민원에대한피해보상,이영실,유재건의원외 32인,1996-11-01,1996-11-07,통신과학기술위원회,본회의불부의,처리의안,https://likms.assembly.go.kr/bill/billDetail.do?billId=100067,https://likms.assembly.go.kr/bill/billDetail.do?billId=100067
15,150066,국가를당사자로하는계약에관한법률시행령개정,현승종외 19인,박명환의원,1996-11-01,1996-11-05,재정경제위원회,본회의불부의,처리의안,https://likms.assembly.go.kr/bill/billDetail.do?billId=100066,https://likms.assembly.go.kr/bill/billDetail.do?billId=100066
15,150065,가정폭력방지법제정,"지은희,신혜수,김창국외 85,505인",이미경의원외 19인,1996-10-30,1996-11-05,법제사법위원회,본회의불부의,처리의안,https://likms.assembly.go.kr/bill/billDetail.do?billId=100065,https://likms.assembly.go.kr/bill/billDetail.do?billId=100065
15,150064,상속세법개정,김중배,"김민석,김원길의원",1996-10-29,1996-11-05,재정경제위원회,본회의불부의,처리의안,https://likms.assembly.go.kr/bill/billDetail.do?billId=100064,https://likms.assembly.go.kr/bill/billDetail.do?billId=100064
15,150063,교육관계법제·개정,"김진균외 2,692인",천정배의원,1996-10-29,1996-11-05,교육위원회,폐기,처리의안,https://likms.assembly.go.kr/bill/billDetail.do?billId=100063,https://likms.assembly.go.kr/bill/billDetail.do?billId=100063
15,150062,재개발사업지구내국 ·공유지매각대금의분할납부기간연장,김성수외 462인,조순형의원,1996-10-28,1996-10-30,재정경제위원회,폐기,처리의안,https://likms.assembly.go.kr/bill/billDetail.do?billId=100062,https://likms.assembly.go.kr/bill/billDetail.do?billId=100062
15,150061,재개발지역및주거환경개선지구에대한변상금면제,이길택외 837인,조순형의원,1996-10-28,1996-10-30,재정경제위원회,폐기,처리의안,https://likms.assembly.go.kr/bill/billDetail.do?billId=100061,https://likms.assembly.go.kr/bill/billDetail.do?billId=100061
15,150060,발전소주변지역지원에관한법률개정,전광순외 2인,김광원의원외 4인,1996-10-24,1996-10-30,통상산업위원회,폐기,처리의안,https://likms.assembly.go.kr/bill/billDetail.do?billId=100060,https://likms.assembly.go.kr/bill/billDetail.do?billId=100060
15,150059,초과근로수당비과세,"강성천외 42,314인",정세균의원외 8인,1996-10-24,1996-10-30,재정경제위원회,본회의불부의,처리의안,https://likms.assembly.go.kr/bill/billDetail.do?billId=100059,https://likms.assembly.go.kr/bill/billDetail.do?billId=100059
15,150058,5.18광주민주화운동관련자보상기간재설정,김현장,김영진의원외 72인,1996-10-24,1996-11-29,내무위원회,폐기,처리의안,https://likms.assembly.go.kr/bill/billDetail.do?billId=100058,https://likms.assembly.go.kr/bill/billDetail.do?billId=100058
15,150057,자동차운수근로기준에관한특별법제정,"강성천외 42,118인",조성준의원외 6인,1996-10-24,1996-10-30,환경노동위원회,폐기,처리의안,https://likms.assembly.go.kr/bill/billDetail.do?billId=100057,https://likms.assembly.go.kr/bill/billDetail.do?billId=100057
15,150056,사업용자동차대물종합보험가입의무화,"강성천외 43,226인",한화갑의원외 9인,1996-10-24,1996-10-30,건설교통위원회,본회의불부의,처리의안,https://likms.assembly.go.kr/bill/billDetail.do?billId=100056,https://likms.assembly.go.kr/bill/billDetail.do?billId=100056
15,150055,한글·한자혼용,"유정기외 1,043인",장을병의원,1996-10-23,1996-10-30,문화체육공보위원회,폐기,처리의안,https://likms.assembly.go.kr/bill/billDetail.do?billId=100055,https://likms.assembly.go.kr/bill/billDetail.do?billId=100055
15,150054,예비군훈련장이전,이헌진외 18인,이기문의원외 20인,1996-10-23,1996-10-30,국방위원회,폐기,처리의안,https://likms.assembly.go.kr/bill/billDetail.do?billId=100054,https://likms.assembly.go.kr/bill/billDetail.do?billId=100054
15,150053,대한민국임시정부기념관건립,김종갑,한영수의원외 29인,1996-10-23,1998-03-19,정무위원회,폐기,처리의안,https://likms.assembly.go.kr/bill/billDetail.do?billId=100053,https://likms.assembly.go.kr/bill/billDetail.do?billId=100053
15,150052,중학교의무교육실시,"오석교외 5,395인",조홍규의원,1996-10-23,1996-10-30,교육위원회,본회의불부의,처리의안,https://likms.assembly.go.kr/bill/billDetail.do?billId=100052,https://likms.assembly.go.kr/bill/billDetail.do?billId=100052
15,150051,도시공원법및동시행규칙개정,이미선외 470인,박주천의원외 14인,1996-10-21,1996-10-28,건설교통위원회,본회의불부의,처리의안,https://likms.assembly.go.kr/bill/billDetail.do?billId=100051,https://likms.assembly.go.kr/bill/billDetail.do?billId=100051
15,150050,독점규제및공정거래에관한법률개정,변형윤외 6인,유재건의원,1996-10-16,1996-10-28,행정위원회,본회의불부의,처리의안,https://likms.assembly.go.kr/bill/billDetail.do?billId=100050,https://likms.assembly.go.kr/bill/billDetail.do?billId=100050
15,150049,외국인노동자보호법제정,"박형규외 56,511인",이미경의원,1996-10-08,1996-10-16,환경노동위원회,폐기,처리의안,https://likms.assembly.go.kr/bill/billDetail.do?billId=100049,https://likms.assembly.go.kr/bill/billDetail.do?billId=100049
15,150048,영산강2단계간척지분양,"강동하외 5,465인","김옥두,배종무,전석홍,정호선의원외 18인",1996-10-07,1996-10-16,농림해양수산위원회,본회의불부의,처리의안,https://likms.assembly.go.kr/bill/billDetail.do?billId=100048,https://likms.assembly.go.kr/bill/billDetail.do?billId=100048
15,150047,대호지구간척지분양,"최병옥외 3,926인",김현욱의원,1996-10-07,1996-10-16,농림해양수산위원회,본회의불부의,처리의안,https://likms.assembly.go.kr/bill/billDetail.do?billId=100047,https://likms.assembly.go.kr/bill/billDetail.do?billId=100047
15,150046,미공군폭격연습장인근피해주민대책,전만규외 712인,박신원의원외 32인,1996-10-02,1996-10-07,국방위원회,철회,처리의안,https://likms.assembly.go.kr/bill/billDetail.do?billId=100046,https://likms.assembly.go.kr/bill/billDetail.do?billId=100046
15,150045,계명대학교의조속한정상화,강대인,추미애의원,1996-09-25,1996-10-07,교육위원회,본회의불부의,처리의안,https://likms.assembly.go.kr/bill/billDetail.do?billId=100045,https://likms.assembly.go.kr/bill/billDetail.do?billId=100045
15,150044,국도23호선(부안-김제구간)확장공사노선변경,"전성춘외 26,313인",김진배의원,1996-09-24,1996-10-07,건설교통위원회,폐기,처리의안,https://likms.assembly.go.kr/bill/billDetail.do?billId=100044,https://likms.assembly.go.kr/bill/billDetail.do?billId=100044
15,150043,특정다목적댐주변지역지원에관한법률제정,차주원외 37인,김영준의원외 20인,1996-09-23,1996-10-07,건설교통위원회,폐기,처리의안,https://likms.assembly.go.kr/bill/billDetail.do?billId=100043,https://likms.assembly.go.kr/bill/billDetail.do?billId=100043
15,150042,개발제한구역내토지보상가현실화,"이성갑,장고인",김영일의원외 18인,1996-09-23,1996-10-07,건설교통위원회,폐기,처리의안,https://likms.assembly.go.kr/bill/billDetail.do?billId=100042,https://likms.assembly.go.kr/bill/billDetail.do?billId=100042
15,150041,공주대학교산업과학대학의예산산업대학교로의분리독립,오민환외 40인,이우재의원외 6인,1996-09-19,1996-09-30,교육위원회,본회의불부의,처리의안,https://likms.assembly.go.kr/bill/billDetail.do?billId=100041,https://likms.assembly.go.kr/bill/billDetail.do?billId=100041
15,150040,일본군위안부피해자에대한생활안정지원금증액,"이효재,윤정옥,성봉희",이미경의원외 13인,1996-09-19,1996-09-30,보건복지위원회,폐기,처리의안,https://likms.assembly.go.kr/bill/billDetail.do?billId=100040,https://likms.assembly.go.kr/bill/billDetail.do?billId=100040
15,150039,재개발사업지구내국·공유지불하등,"김곤,이광열,이광열외 185인",임채정의원외 10인,1996-09-17,1996-09-30,재정경제위원회,본회의불부의,처리의안,https://likms.assembly.go.kr/bill/billDetail.do?billId=100039,https://likms.assembly.go.kr/bill/billDetail.do?billId=100039
15,150038,반유신민주화운동관련피해자의명예회복과배상에관한법률제정,김금동,박광태의원외 54인,1996-09-13,1996-09-17,법제사법위원회,폐기,처리의안,https://likms.assembly.go.kr/bill/billDetail.do?billId=100038,https://likms.assembly.go.kr/bill/billDetail.do?billId=100038
15,150037,여성회관건립에따른국고지원,신창현,안상수의원,1996-09-13,1996-09-17,보건복지위원회,폐기,처리의안,https://likms.assembly.go.kr/bill/billDetail.do?billId=100037,https://likms.assembly.go.kr/bill/billDetail.do?billId=100037
15,150036,문화예술회관건립을위한도시계획법시행규칙개정및문예진흥기금지원,신창현,안상수의원,1996-09-13,1996-09-17,문화관광위원회,본회의불부의,처리의안,https://likms.assembly.go.kr/bill/billDetail.do?billId=100036,https://likms.assembly.go.kr/bill/billDetail.do?billId=100036
15,150035,의왕청소년수련원건립에따른국고지원등,신창현,안상수의원,1996-09-13,1996-09-17,문화관광위원회,본회의불부의,처리의안,https://likms.assembly.go.kr/bill/billDetail.do?billId=100035,https://likms.assembly.go.kr/bill/billDetail.do?billId=100035
15,150034,지역개발세(컨테이너세)징수를위한지방세법개정,신창현,안상수의원,1996-09-13,1996-09-17,내무위원회,폐기,처리의안,https://likms.assembly.go.kr/bill/billDetail.do?billId=100034,https://likms.assembly.go.kr/bill/billDetail.do?billId=100034
15,150033,단양조정지댐소수력발전소건설,"이광종외 3,011인",김영준의원외 33인,1996-09-12,1996-09-17,건설교통위원회,폐기,처리의안,https://likms.assembly.go.kr/bill/billDetail.do?billId=100033,https://likms.assembly.go.kr/bill/billDetail.do?billId=100033
15,150032,민법제766조개정,이만재,정한용의원,1996-09-11,1996-09-17,법제사법위원회,폐기,처리의안,https://likms.assembly.go.kr/bill/billDetail.do?billId=100032,https://likms.assembly.go.kr/bill/billDetail.do?billId=100032
15,150031,함평양민학살사건의진상조사및학살피해자의명예회복,정남진외 236인,김인곤의원외 31인,1996-09-06,1996-09-11,내무위원회,폐기,처리의안,https://likms.assembly.go.kr/bill/billDetail.do?billId=100031,https://likms.assembly.go.kr/bill/billDetail.do?billId=100031
15,150030,서울중구만리지역준공미필건물,권영문외 266인,박성범의원,1996-09-05,1996-09-11,건설교통위원회,폐기,처리의안,https://likms.assembly.go.kr/bill/billDetail.do?billId=100030,https://likms.assembly.go.kr/bill/billDetail.do?billId=100030
15,150029,한약사시험조기실시와시험과목책정을위한약사법시행령개정및관련시행규칙개정,박대희,조순승의원외 10인,1996-09-05,1996-09-11,보건복지위원회,폐기,처리의안,https://likms.assembly.go.kr/bill/billDetail.do?billId=100029,https://likms.assembly.go.kr/bill/billDetail.do?billId=100029
15,150028,5.17군사쿠데타피해배상법제정,이만재,남궁진의원,1996-09-04,1996-09-11,법제사법위원회,폐기,처리의안,https://likms.assembly.go.kr/bill/billDetail.do?billId=100028,https://likms.assembly.go.kr/bill/billDetail.do?billId=100028
15,150027,대동고속도로(대구-김해)경산시성암산구간노선변경,"윤점용외 8,189인",김종학의원,1996-08-27,1996-09-04,건설교통위원회,폐기,처리의안,https://likms.assembly.go.kr/bill/billDetail.do?billId=100027,https://likms.assembly.go.kr/bill/billDetail.do?billId=100027
15,150026,학교신체검사규칙개정,조병수,김홍신의원외 9인,1996-08-23,1996-09-04,교육위원회,본회의불부의,처리의안,https://likms.assembly.go.kr/bill/billDetail.do?billId=100026,https://likms.assembly.go.kr/bill/billDetail.do?billId=100026
15,150025,택지개발사업이주대책누락자구제,김규명외 49인,백남치의원외 2인,1996-08-22,1996-09-04,건설교통위원회,폐기,처리의안,https://likms.assembly.go.kr/bill/billDetail.do?billId=100025,https://likms.assembly.go.kr/bill/billDetail.do?billId=100025
15,150024,터키탕관련법규개정,최영희외 587인,신낙균의원외 6인,1996-08-14,1996-08-27,보건복지위원회,폐기,처리의안,https://likms.assembly.go.kr/bill/billDetail.do?billId=100024,https://likms.assembly.go.kr/bill/billDetail.do?billId=100024
15,150023,일본정부의일본군위안부문제에대한국제법적책임이행을촉구하는결의문채택및피해자생활지원강화요청,"김유경외 39,555인",이미경의원,1996-08-13,1996-08-27,통일외무위원회,폐기,처리의안,https://likms.assembly.go.kr/bill/billDetail.do?billId=100023,https://likms.assembly.go.kr/bill/billDetail.do?billId=100023
15,150022,제방신축허가조건의무불이행으로인한청원인의권익구제,박효성,이정무의원,1996-08-12,1996-08-27,내무위원회,폐기,처리의안,https://likms.assembly.go.kr/bill/billDetail.do?billId=100022,https://likms.assembly.go.kr/bill/billDetail.do?billId=100022
15,150021,재일징용자피해연금수급권보장을위한한국정부의외교상협의또는중재위원회설치,이인하외 6인,김영진의원외 5인,1996-08-02,1996-08-19,통일외무위원회,폐기,처리의안,https://likms.assembly.go.kr/bill/billDetail.do?billId=100021,https://likms.assembly.go.kr/bill/billDetail.do?billId=100021
15,150020,개발제한구역의합리적조정,윤중국외 53인,한승수의원외 13인,1996-08-01,1996-08-19,건설교통위원회,폐기,처리의안,https://likms.assembly.go.kr/bill/billDetail.do?billId=100020,https://likms.assembly.go.kr/bill/billDetail.do?billId=100020
15,150019,시장개점시간조정의법적근거신설,"신송홍외 13,936인",박성범의원,1996-07-29,1996-08-19,통상산업위원회,폐기,처리의안,https://likms.assembly.go.kr/bill/billDetail.do?billId=100019,https://likms.assembly.go.kr/bill/billDetail.do?billId=100019
15,150018,국립공원관리권지방자치단체위임,윤중국외 53인,박우병의원외 20인,1996-07-29,1998-03-19,환경노동위원회,폐기,처리의안,https://likms.assembly.go.kr/bill/billDetail.do?billId=100018,https://likms.assembly.go.kr/bill/billDetail.do?billId=100018
15,150017,석유사업법시행령개정,박은성외 6인,김근태의원,1996-07-29,1996-08-19,통상산업위원회,폐기,처리의안,https://likms.assembly.go.kr/bill/billDetail.do?billId=100017,https://likms.assembly.go.kr/bill/billDetail.do?billId=100017
15,150016,한글로마자표기법개정,김복문,이부영의원외 4인,1996-07-26,1996-07-29,문화체육공보위원회,폐기,처리의안,https://likms.assembly.go.kr/bill/billDetail.do?billId=100016,https://likms.assembly.go.kr/bill/billDetail.do?billId=100016
15,150015,종합생활기록부교과내신제도개선,박영숙외 18인,김중위의원,1996-07-26,1996-07-29,교육위원회,폐기,처리의안,https://likms.assembly.go.kr/bill/billDetail.do?billId=100015,https://likms.assembly.go.kr/bill/billDetail.do?billId=100015
15,150014,북한산국립공원일부해제,"정덕진외 1,163인","이재오,이국헌의원",1996-07-25,1998-03-19,환경노동위원회,폐기,처리의안,https://likms.assembly.go.kr/bill/billDetail.do?billId=100014,https://likms.assembly.go.kr/bill/billDetail.do?billId=100014
15,150013,서울시서북권농수산물도매시장개설,박인호외 178인,이재오의원,1996-07-24,1996-07-26,농림수산위원회,본회의불부의,처리의안,https://likms.assembly.go.kr/bill/billDetail.do?billId=100013,https://likms.assembly.go.kr/bill/billDetail.do?billId=100013
15,150012,미용업의정의및업무범위조정,이명혜,설훈의원,1996-07-22,1996-07-26,보건복지위원회,폐기,처리의안,https://likms.assembly.go.kr/bill/billDetail.do?billId=100012,https://likms.assembly.go.kr/bill/billDetail.do?billId=100012
15,150011,해양부신설에따른명칭변경,이채환외 1인,한화갑의원외 3인,1996-07-19,1996-07-22,행정위원회,본회의불부의,처리의안,https://likms.assembly.go.kr/bill/billDetail.do?billId=100011,https://likms.assembly.go.kr/bill/billDetail.do?billId=100011
15,150010,국도1호선충남연기군-천안시간확.포장공사노선중일부변경,강성주외 959인,김고성의원외 3인,1996-07-19,1996-07-22,건설교통위원회,본회의불부의,처리의안,https://likms.assembly.go.kr/bill/billDetail.do?billId=100010,https://likms.assembly.go.kr/bill/billDetail.do?billId=100010
15,150009,조세제도개혁방향,권영길,장재식의원외 8인,1996-07-16,1996-07-19,재정경제위원회,폐기,처리의안,https://likms.assembly.go.kr/bill/billDetail.do?billId=100009,https://likms.assembly.go.kr/bill/billDetail.do?billId=100009
15,150008,국공유지불하가격재조정,이범홍외 58인,서청원의원외 13인,1996-07-15,1996-07-18,행정자치위원회,본회의불부의,처리의안,https://likms.assembly.go.kr/bill/billDetail.do?billId=100008,https://likms.assembly.go.kr/bill/billDetail.do?billId=100008
15,150007,해양부신설에따른명칭변경,최형석외 11인,김충조의원외 16인,1996-07-12,1996-07-15,행정위원회,본회의불부의,처리의안,https://likms.assembly.go.kr/bill/billDetail.do?billId=100007,https://likms.assembly.go.kr/bill/billDetail.do?billId=100007
15,150006,국도24호선확·포장공사연장시행,이재화외 683인,김인곤의원외 4인,1996-07-09,1996-07-15,건설교통위원회,본회의불부의,처리의안,https://likms.assembly.go.kr/bill/billDetail.do?billId=100006,https://likms.assembly.go.kr/bill/billDetail.do?billId=100006
15,150005,소규모지역교육청통·폐합반대,김용균외 288인,김인곤의원외 15인,1996-07-05,1996-07-15,교육위원회,폐기,처리의안,https://likms.assembly.go.kr/bill/billDetail.do?billId=100005,https://likms.assembly.go.kr/bill/billDetail.do?billId=100005
15,150004,국세기본법중개정법률안수정,신상식,나오연의원,1996-07-04,1996-07-15,재정경제위원회,본회의불부의,처리의안,https://likms.assembly.go.kr/bill/billDetail.do?billId=100004,https://likms.assembly.go.kr/bill/billDetail.do?billId=100004
15,150003,경부고속철도서울차량기지및정비창건설부지강매지구선정철회,"이명용외 10,021인",이국헌의원,1996-06-26,1996-07-15,건설교통위원회,본회의불부의,처리의안,https://likms.assembly.go.kr/bill/billDetail.do?billId=100003,https://likms.assembly.go.kr/bill/billDetail.do?billId=100003
15,150002,국회의원수당등에관한법률제4조개정,김성희외 338인,김홍신의원,1996-06-13,1996-07-15,국회운영위원회,폐기,처리의안,https://likms.assembly.go.kr/bill/billDetail.do?billId=100002,https://likms.assembly.go.kr/bill/billDetail.do?billId=100002
15,150001,정보통신산업특별법제정,"천영세외 1,200,000인",조성준의원,1996-06-07,1996-07-15,통신과학기술위원회,본회의불부의,처리의안,https://likms.assembly.go.kr/bill/billDetail.do?billId=100001,https://likms.assembly.go.kr/bill/billDetail.do?billId=100001
14,140535,농어촌국회의원선거구보존,사영정,이영권의원,1996-01-15,1996-01-17,내무위원회,폐기,처리의안,https://likms.assembly.go.kr/bill/billDetail.do?billId=106076,https://likms.assembly.go.kr/bill/billDetail.do?billId=106076
14,140534,주택건설촉진법시행령제31조제1항폐지,"곽영석외 82,400인",조순환의원,1996-01-13,1996-01-17,건설교통위원회,폐기,처리의안,https://likms.assembly.go.kr/bill/billDetail.do?billId=105538,https://likms.assembly.go.kr/bill/billDetail.do?billId=105538
14,140533,법성지구대구획경지정리사업,윤종섭외 55인,김인곤의원,1995-12-27,1996-01-08,농림수산위원회,폐기,처리의안,https://likms.assembly.go.kr/bill/billDetail.do?billId=106496,https://likms.assembly.go.kr/bill/billDetail.do?billId=106496
14,140532,함평다목적실내체육관건립지원,윤표외 50인,김인곤의원,1995-12-27,1996-01-08,교육위원회,폐기,처리의안,https://likms.assembly.go.kr/bill/billDetail.do?billId=105809,https://likms.assembly.go.kr/bill/billDetail.do?billId=105809
14,140531,"장흥지원,지청관할구역에보성군편입",사영정,이영권의원,1995-12-19,1995-12-26,법제사법위원회,폐기,처리의안,https://likms.assembly.go.kr/bill/billDetail.do?billId=106388,https://likms.assembly.go.kr/bill/billDetail.do?billId=106388
14,140530,결손/위기가정문제해결을위한입법촉구,"강명순외 6,753인",이우정의원외 17인,1995-12-14,1995-12-18,보건복지위원회,폐기,처리의안,https://likms.assembly.go.kr/bill/billDetail.do?billId=105826,https://likms.assembly.go.kr/bill/billDetail.do?billId=105826
14,140529,금융실명거래및비밀보장에관한긴급재정경제명령의법률대체,송월주외 6인,김원길의원,1995-12-13,1995-12-18,재정경제위원회,폐기,처리의안,https://likms.assembly.go.kr/bill/billDetail.do?billId=106261,https://likms.assembly.go.kr/bill/billDetail.do?billId=106261
14,140528,독점규제및공정거래에관한법률개정,송월주외 6인,제정구의원,1995-12-13,1995-12-18,행정위원회,폐기,처리의안,https://likms.assembly.go.kr/bill/billDetail.do?billId=106297,https://likms.assembly.go.kr/bill/billDetail.do?billId=106297
14,140527,상속세법개정,송월주외 6인,제정구의원,1995-12-13,1995-12-18,재정경제위원회,폐기,처리의안,https://likms.assembly.go.kr/bill/billDetail.do?billId=106040,https://likms.assembly.go.kr/bill/billDetail.do?billId=106040
14,140526,지방세법개정,송월주외 6인,김원길의원,1995-12-13,1995-12-18,내무위원회,폐기,처리의안,https://likms.assembly.go.kr/bill/billDetail.do?billId=106090,https://likms.assembly.go.kr/bill/billDetail.do?billId=106090
14,140525,공직선거및부정선거방지법및정치자금에관한법률등의개정,권태준외 2인,장영달의원,1995-12-13,1995-12-18,내무위원회,폐기,처리의안,https://likms.assembly.go.kr/bill/billDetail.do?billId=106101,https://likms.assembly.go.kr/bill/billDetail.do?billId=106101
14,140524,공직자윤리법개정,권태준외 2인,문희상의원,1995-12-13,1995-12-18,행정위원회,폐기,처리의안,https://likms.assembly.go.kr/bill/billDetail.do?billId=106302,https://likms.assembly.go.kr/bill/billDetail.do?billId=106302
14,140523,12.12군사반란과5.17내란에항거한민주화운동관련자들의명예회복과피해배상,이우재외 45인,박계동의원외 9인,1995-12-07,1995-12-09,법제사법위원회,폐기,처리의안,https://likms.assembly.go.kr/bill/billDetail.do?billId=106394,https://likms.assembly.go.kr/bill/billDetail.do?billId=106394
14,140522,한국수자원공사법제15조와제16조의개정,"유남선외 3,220인",하근수의원외 13인,1995-12-05,1995-12-08,건설교통위원회,폐기,처리의안,https://likms.assembly.go.kr/bill/billDetail.do?billId=105541,https://likms.assembly.go.kr/bill/billDetail.do?billId=105541
14,140521,행정사법개정,박희식외 14인,이원형의원외 6인,1995-12-05,1995-12-08,내무위원회,폐기,처리의안,https://likms.assembly.go.kr/bill/billDetail.do?billId=106114,https://likms.assembly.go.kr/bill/billDetail.do?billId=106114
14,140520,대학자율화를위한교육법제117조개정,황소부외 362인,김원웅의원,1995-12-04,1995-12-08,교육위원회,폐기,처리의안,https://likms.assembly.go.kr/bill/billDetail.do?billId=105815,https://likms.assembly.go.kr/bill/billDetail.do?billId=105815
14,140519,5.18관련특별법제정및특별검사제도입촉구,문부촌,정상용의원,1995-11-30,1995-12-02,법제사법위원회,폐기,처리의안,https://likms.assembly.go.kr/bill/billDetail.do?billId=106400,https://likms.assembly.go.kr/bill/billDetail.do?billId=106400
14,140518,입법예고를위한 국회규칙제정촉구,전기성,박명환의원,1995-11-30,1995-12-02,국회운영위원회,폐기,처리의안,https://likms.assembly.go.kr/bill/billDetail.do?billId=106243,https://likms.assembly.go.kr/bill/billDetail.do?billId=106243
14,140517,만5세아국민학교조기입학을허용하는교육법중개정법률안의철회,"임재택외 19,826인",김원웅의원,1995-11-28,1995-12-01,교육위원회,폐기,처리의안,https://likms.assembly.go.kr/bill/billDetail.do?billId=105821,https://likms.assembly.go.kr/bill/billDetail.do?billId=105821
14,140516,울산광역시설치,"김성렬외 103,870인",차수명의원외 3인,1995-11-27,1995-11-29,내무위원회,채택,처리의안,https://likms.assembly.go.kr/bill/billDetail.do?billId=105532,https://likms.assembly.go.kr/bill/billDetail.do?billId=105532
14,140515,정신보건법제정,최상진외 1인,조홍규의원,1995-11-24,1995-11-29,보건복지위원회,본회의불부의,처리의안,https://likms.assembly.go.kr/bill/billDetail.do?billId=106554,https://likms.assembly.go.kr/bill/billDetail.do?billId=106554
14,140514,"""조선철도(주)의재산""수용에따른보상금지급및보상법률제정",소중영,강철선의원,1995-11-20,1995-11-22,건설교통위원회,본회의불부의,처리의안,https://likms.assembly.go.kr/bill/billDetail.do?billId=106186,https://likms.assembly.go.kr/bill/billDetail.do?billId=106186
14,140513,반유신민주화운동관련피해자의명예회복과배상에관한법률제정,김금동,박광태의원외 10인,1995-11-18,1995-11-22,법제사법위원회,폐기,처리의안,https://likms.assembly.go.kr/bill/billDetail.do?billId=106406,https://likms.assembly.go.kr/bill/billDetail.do?billId=106406
14,140512,광주민주화운동관련자추가보상신청,정동훈,박광태의원,1995-11-18,1995-11-22,법제사법위원회,폐기,처리의안,https://likms.assembly.go.kr/bill/billDetail.do?billId=106432,https://likms.assembly.go.kr/bill/billDetail.do?billId=106432
14,140511,영천댐용수배분및용수판매대금환원에따른관계법령개정요구,"박동노외 20,429인",박헌기의원외 1인,1995-11-17,1995-11-22,건설교통위원회,폐기,처리의안,https://likms.assembly.go.kr/bill/billDetail.do?billId=105547,https://likms.assembly.go.kr/bill/billDetail.do?billId=105547
14,140510,개인택시정기점검기간연장,남천우,원혜영의원,1995-11-16,1995-11-22,건설교통위원회,본회의불부의,처리의안,https://likms.assembly.go.kr/bill/billDetail.do?billId=106198,https://likms.assembly.go.kr/bill/billDetail.do?billId=106198
14,140509,한의사공중보건의임용및국제협력한의사파견을위한병역법개정,허창회,정대철의원외 36인,1995-11-16,1995-11-22,국방위원회,폐기,처리의안,https://likms.assembly.go.kr/bill/billDetail.do?billId=106486,https://likms.assembly.go.kr/bill/billDetail.do?billId=106486
14,140508,공주대학교산업대학이전승인취소및이전사업비삭감,오민환외 8인,장기욱의원,1995-11-16,1995-11-22,교육위원회,폐기,처리의안,https://likms.assembly.go.kr/bill/billDetail.do?billId=105832,https://likms.assembly.go.kr/bill/billDetail.do?billId=105832
14,140507,만5세아국민학교입학을위한교육법개정철폐,이기숙외 11개단체인,김원웅의원,1995-11-16,1995-11-17,교육위원회,본회의불부의,처리의안,https://likms.assembly.go.kr/bill/billDetail.do?billId=106574,https://likms.assembly.go.kr/bill/billDetail.do?billId=106574
14,140506,올바른교육개혁과교육관계법개정,"정해숙외 6,031인",김원웅의원,1995-11-14,1995-11-17,교육위원회,폐기,처리의안,https://likms.assembly.go.kr/bill/billDetail.do?billId=105837,https://likms.assembly.go.kr/bill/billDetail.do?billId=105837
14,140505,교육행정공무원중교육경력자의인사고충해소,김철기,김원웅의원,1995-11-13,1995-11-15,교육위원회,폐기,처리의안,https://likms.assembly.go.kr/bill/billDetail.do?billId=105844,https://likms.assembly.go.kr/bill/billDetail.do?billId=105844
14,140504,외래어표기법시정,노초진외 25인,최영한의원외 3인,1995-11-11,1995-11-15,문화체육공보위원회,폐기,처리의안,https://likms.assembly.go.kr/bill/billDetail.do?billId=106300,https://likms.assembly.go.kr/bill/billDetail.do?billId=106300
14,140503,정기간행물의등록등에관한법률개정,"임학규외 5,763인",배기선의원,1995-11-10,1995-11-15,문화체육공보위원회,폐기,처리의안,https://likms.assembly.go.kr/bill/billDetail.do?billId=106305,https://likms.assembly.go.kr/bill/billDetail.do?billId=106305
14,140502,과세자료양성화를위한소득세법개정,박종규외 7인,제정구의원외 9인,1995-11-09,1995-11-15,경제과학위원회,폐기,처리의안,https://likms.assembly.go.kr/bill/billDetail.do?billId=106048,https://likms.assembly.go.kr/bill/billDetail.do?billId=106048
14,140501,건국포장수훈자의국가유공자예우등에관한법률적용,"남호명,김영근",양문희의원,1995-11-08,1995-11-14,보건복지위원회,본회의불부의,처리의안,https://likms.assembly.go.kr/bill/billDetail.do?billId=106562,https://likms.assembly.go.kr/bill/billDetail.do?billId=106562
14,140500,공군전투기사격장이전,"구중회외 3,045인",이규택의원외 18인,1995-11-08,1995-11-14,국방위원회,폐기,처리의안,https://likms.assembly.go.kr/bill/billDetail.do?billId=106498,https://likms.assembly.go.kr/bill/billDetail.do?billId=106498
14,140499,상수원보호구역및수질보전특별대책지역내축사시설제한해제,원종락외 926인,이규택의원외 21인,1995-11-08,1995-11-14,환경노동위원회,폐기,처리의안,https://likms.assembly.go.kr/bill/billDetail.do?billId=105971,https://likms.assembly.go.kr/bill/billDetail.do?billId=105971
14,140498,목원대이사장비리진상조사등,이순철,김원웅의원,1995-11-07,1995-11-14,교육위원회,본회의불부의,처리의안,https://likms.assembly.go.kr/bill/billDetail.do?billId=106580,https://likms.assembly.go.kr/bill/billDetail.do?billId=106580
14,140497,95년도세제개혁,박종근,"김원길,제정구의원",1995-11-06,1995-11-10,재정경제위원회,폐기,처리의안,https://likms.assembly.go.kr/bill/billDetail.do?billId=106083,https://likms.assembly.go.kr/bill/billDetail.do?billId=106083
14,140496,학교주변교육환경조성및보호에관한법률제정,"김수현외 5,467인",김원웅의원,1995-11-06,1995-11-10,교육위원회,본회의불부의,처리의안,https://likms.assembly.go.kr/bill/billDetail.do?billId=106585,https://likms.assembly.go.kr/bill/billDetail.do?billId=106585
14,140495,국공유지불하가격인하,김경암외 358인,서청원의원외 14인,1995-05-01,1995-11-10,내무위원회,폐기,처리의안,https://likms.assembly.go.kr/bill/billDetail.do?billId=106132,https://likms.assembly.go.kr/bill/billDetail.do?billId=106132
14,140494,독립유공자예우에관한법률개정,"이재윤,정진한","김원웅,김호일의원외 6인",1995-11-06,1995-11-10,보건복지위원회,본회의불부의,처리의안,https://likms.assembly.go.kr/bill/billDetail.do?billId=106569,https://likms.assembly.go.kr/bill/billDetail.do?billId=106569
14,140493,환경보전형농업육성및지원에관한법률제정,박재일외 243인,이강두의원외 2인,1995-11-03,1995-11-10,농림수산위원회,폐기,처리의안,https://likms.assembly.go.kr/bill/billDetail.do?billId=106507,https://likms.assembly.go.kr/bill/billDetail.do?billId=106507
14,140492,전직대통령예우에관한법률개정,김중배,이철의원,1995-11-02,1995-11-03,행정위원회,본회의불부의,처리의안,https://likms.assembly.go.kr/bill/billDetail.do?billId=105621,https://likms.assembly.go.kr/bill/billDetail.do?billId=105621
14,140491,마한박물관또는국립전시관건립,최광우,류인학의원,1995-11-01,1995-11-03,문화체육공보위원회,폐기,처리의안,https://likms.assembly.go.kr/bill/billDetail.do?billId=106311,https://likms.assembly.go.kr/bill/billDetail.do?billId=106311
14,140490,군사보호지역내의건축허가정정취소,"김효희외 1,225인",조진형의원,1995-11-01,1995-11-03,국방위원회,폐기,처리의안,https://likms.assembly.go.kr/bill/billDetail.do?billId=106508,https://likms.assembly.go.kr/bill/billDetail.do?billId=106508
14,140489,의료보호진료비체불해소및진료비예탁제도입,유성희외 1인,"주양자,박상천,송두호의원외 9인",1995-10-30,1995-11-03,보건복지위원회,채택,처리의안,https://likms.assembly.go.kr/bill/billDetail.do?billId=105537,https://likms.assembly.go.kr/bill/billDetail.do?billId=105537
14,140488,의료분쟁조정법안수정,유성희,배명국의원외 3인,1995-10-30,1995-11-03,보건복지위원회,폐기,처리의안,https://likms.assembly.go.kr/bill/billDetail.do?billId=105843,https://likms.assembly.go.kr/bill/billDetail.do?billId=105843
14,140487,도시재개발법개정,김병식,백남치의원,1995-10-30,1995-11-02,건설교통위원회,폐기,처리의안,https://likms.assembly.go.kr/bill/billDetail.do?billId=105552,https://likms.assembly.go.kr/bill/billDetail.do?billId=105552
14,140486,신탁통치반대운동자에대한국가유공자포상,신용철외 6인,서정화의원,1995-11-02,1995-11-02,보건복지위원회,본회의불부의,처리의안,https://likms.assembly.go.kr/bill/billDetail.do?billId=106674,https://likms.assembly.go.kr/bill/billDetail.do?billId=106674
14,140485,기능대학법개정,김상철외 89인,원혜영의원외 16인,1995-10-26,1995-11-02,환경노동위원회,폐기,처리의안,https://likms.assembly.go.kr/bill/billDetail.do?billId=105980,https://likms.assembly.go.kr/bill/billDetail.do?billId=105980
14,140484,노인복지법개정,"박재간외 10,011인","강수림,박주천의원",1995-10-26,1995-10-30,보건복지위원회,본회의불부의,처리의안,https://likms.assembly.go.kr/bill/billDetail.do?billId=106679,https://likms.assembly.go.kr/bill/billDetail.do?billId=106679
14,140483,문화재보호법개정,박준주외 26인,강철선의원외 4인,1995-10-26,1995-11-02,문화체육공보위원회,폐기,처리의안,https://likms.assembly.go.kr/bill/billDetail.do?billId=106321,https://likms.assembly.go.kr/bill/billDetail.do?billId=106321
14,140482,조세제도및재정지출개혁방향,권영길외 2인,장재식의원,1995-10-23,1995-10-30,경제과학위원회,폐기,처리의안,https://likms.assembly.go.kr/bill/billDetail.do?billId=106100,https://likms.assembly.go.kr/bill/billDetail.do?billId=106100
14,140481,식품위생법개정,"김점동외 20,000인",김원기의원외 4인,1995-10-21,1995-10-25,법제사법위원회,폐기,처리의안,https://likms.assembly.go.kr/bill/billDetail.do?billId=106439,https://likms.assembly.go.kr/bill/billDetail.do?billId=106439
14,140480,5.18광주민주화운동진상규명등을위한특별법제정,박영균외 216인,이철의원,1995-10-21,1995-10-24,법제사법위원회,폐기,처리의안,https://likms.assembly.go.kr/bill/billDetail.do?billId=106447,https://likms.assembly.go.kr/bill/billDetail.do?billId=106447
14,140479,식품위생법개정,이호수외 34인,장석화의원,1995-10-21,1995-10-25,보건복지위원회,본회의불부의,처리의안,https://likms.assembly.go.kr/bill/billDetail.do?billId=106690,https://likms.assembly.go.kr/bill/billDetail.do?billId=106690
14,140478,서울남부저유소건설공사중단,박원영외 327인,오세응의원,1995-10-19,1995-10-23,통상산업위원회,폐기,처리의안,https://likms.assembly.go.kr/bill/billDetail.do?billId=106123,https://likms.assembly.go.kr/bill/billDetail.do?billId=106123
14,140477,국회의원선거구(보은-옥천-영동),손정호,의원,1995-10-19,1995-10-23,내무위원회,폐기,처리의안,https://likms.assembly.go.kr/bill/billDetail.do?billId=106142,https://likms.assembly.go.kr/bill/billDetail.do?billId=106142
14,140476,운문댐수몰민자유이주자생활안정및정착자금지원,박길목외 300인,이영창의원,1995-10-19,1995-10-23,건설교통위원회,본회의불부의,처리의안,https://likms.assembly.go.kr/bill/billDetail.do?billId=106210,https://likms.assembly.go.kr/bill/billDetail.do?billId=106210
14,140475,대구-김해간고속도로조기착공및산동지구I.C추가설치,"주성호외 60,000인",신상식의원,1995-10-17,1995-10-21,건설교통위원회,본회의불부의,처리의안,https://likms.assembly.go.kr/bill/billDetail.do?billId=106219,https://likms.assembly.go.kr/bill/billDetail.do?billId=106219
14,140474,지방자치법(광역의원유급보좌관제도입)개정,문일권,"서정화,신기하,이철,한영수의원",1995-10-17,1995-10-21,내무위원회,폐기,처리의안,https://likms.assembly.go.kr/bill/billDetail.do?billId=106148,https://likms.assembly.go.kr/bill/billDetail.do?billId=106148
14,140473,음반및비디오물에관한법률개정,김중배,김원웅의원,1995-10-13,1995-10-17,문화체육공보위원회,폐기,처리의안,https://likms.assembly.go.kr/bill/billDetail.do?billId=106331,https://likms.assembly.go.kr/bill/billDetail.do?billId=106331
14,140472,염관리법개정,이평섭외 2인,정시채의원,1995-10-10,1995-10-16,통상산업위원회,폐기,처리의안,https://likms.assembly.go.kr/bill/billDetail.do?billId=106129,https://likms.assembly.go.kr/bill/billDetail.do?billId=106129
14,140471,주세법(맥주세율인하)개정,"김준경,박문덕,이황원",정장현의원외 31인,1995-10-10,1998-10-12,재정경제위원회,본회의불부의,처리의안,https://likms.assembly.go.kr/bill/billDetail.do?billId=105528,https://likms.assembly.go.kr/bill/billDetail.do?billId=105528
14,140470,"영동지구비축탄처리,영동화력발전소납탄수송에따른철도선부설및강릉시개발촉진지구지정",윤재완외 206인,최돈웅의원,1995-10-04,1995-10-12,통상산업위원회,폐기,처리의안,https://likms.assembly.go.kr/bill/billDetail.do?billId=106135,https://likms.assembly.go.kr/bill/billDetail.do?billId=106135
14,140469,주세법(맥주세율인하)개정,"김춘봉외 20,700인",곽정출의원,1995-09-28,1995-10-02,재정경제위원회,본회의불부의,처리의안,https://likms.assembly.go.kr/bill/billDetail.do?billId=105533,https://likms.assembly.go.kr/bill/billDetail.do?billId=105533
14,140468,5.18관련특별법제정,"김상근,이창복,강신석외 284,790인",정상용의원외 41인,1995-09-23,1995-09-27,법제사법위원회,폐기,처리의안,https://likms.assembly.go.kr/bill/billDetail.do?billId=106455,https://likms.assembly.go.kr/bill/billDetail.do?billId=106455
14,140467,공공용지도로점용료면제및부당이득금부과처분취소,이정자외 147인,이명박의원,1995-09-18,1995-09-22,내무위원회,폐기,처리의안,https://likms.assembly.go.kr/bill/billDetail.do?billId=106158,https://likms.assembly.go.kr/bill/billDetail.do?billId=106158
14,140466,국가유공자예우등에관한법률개정,박상근,정영훈의원,1995-09-18,1995-09-22,보건복지위원회,본회의불부의,처리의안,https://likms.assembly.go.kr/bill/billDetail.do?billId=106701,https://likms.assembly.go.kr/bill/billDetail.do?billId=106701
14,140465,5.18관련자처벌에관한특별법제정,"안충석외 123,464인","박계동,정상용의원외 52인",1995-09-18,1995-09-22,법제사법위원회,폐기,처리의안,https://likms.assembly.go.kr/bill/billDetail.do?billId=106464,https://likms.assembly.go.kr/bill/billDetail.do?billId=106464
14,140464,근로기준법및산업재해보상보험법시행령개정,정순재외 4인,"김말룡,원혜영의원",1995-09-18,1995-09-22,환경노동위원회,폐기,처리의안,https://likms.assembly.go.kr/bill/billDetail.do?billId=105985,https://likms.assembly.go.kr/bill/billDetail.do?billId=105985
14,140463,청풍고등학교부활,신현대외 20인,송광호의원,1995-09-18,1995-09-22,교육위원회,폐기,처리의안,https://likms.assembly.go.kr/bill/billDetail.do?billId=105854,https://likms.assembly.go.kr/bill/billDetail.do?billId=105854
14,140462,1997동계U대회지원특별법제정,김규섭,김태식의원외 38인,1995-09-16,1995-11-24,문화체육공보위원회,폐기,처리의안,https://likms.assembly.go.kr/bill/billDetail.do?billId=105527,https://likms.assembly.go.kr/bill/billDetail.do?billId=105527
14,140461,지방세법(지역개발세)개정,신창현,박제상의원,1995-09-15,1995-09-21,내무위원회,폐기,처리의안,https://likms.assembly.go.kr/bill/billDetail.do?billId=106171,https://likms.assembly.go.kr/bill/billDetail.do?billId=106171
14,140460,5.18사건관련특별검사제도입과특별법제정,전병생,"이협,최재승의원외 5인",1995-09-15,1995-09-21,법제사법위원회,폐기,처리의안,https://likms.assembly.go.kr/bill/billDetail.do?billId=106477,https://likms.assembly.go.kr/bill/billDetail.do?billId=106477
14,140459,민통선출입통제완화및상향조정,윤명길외 13인,"서정화,정장현의원",1995-09-13,1995-09-15,국방위원회,폐기,처리의안,https://likms.assembly.go.kr/bill/billDetail.do?billId=106516,https://likms.assembly.go.kr/bill/billDetail.do?billId=106516
14,140458,지방세법개정,김형대외 5인,김효영의원외 4인,1995-09-12,1995-09-15,내무위원회,본회의불부의,처리의안,https://likms.assembly.go.kr/bill/billDetail.do?billId=106324,https://likms.assembly.go.kr/bill/billDetail.do?billId=106324
14,140457,공공용지점용료상당부당이득금부과취소및반환,차주환외 56인,이명박의원,1995-09-15,1995-09-15,내무위원회,폐기,처리의안,https://likms.assembly.go.kr/bill/billDetail.do?billId=106181,https://likms.assembly.go.kr/bill/billDetail.do?billId=106181
14,140456,원자폭탄피폭자원호,정상석외 13인,권해옥의원,1995-09-12,1995-09-15,보건복지위원회,본회의불부의,처리의안,https://likms.assembly.go.kr/bill/billDetail.do?billId=106707,https://likms.assembly.go.kr/bill/billDetail.do?billId=106707
14,140455,"국회의원선거구(속초, 고성, 양양, 인제)조정",정영호,최욱철의원,1995-09-15,1995-09-15,내무위원회,폐기,처리의안,https://likms.assembly.go.kr/bill/billDetail.do?billId=106193,https://likms.assembly.go.kr/bill/billDetail.do?billId=106193
14,140454,도서개발촉진법유효기간연장,김성훈,김영진의원외 8인,1995-09-11,1995-09-15,내무위원회,폐기,처리의안,https://likms.assembly.go.kr/bill/billDetail.do?billId=106202,https://likms.assembly.go.kr/bill/billDetail.do?billId=106202
14,140453,정신지체장애인자동차세면제,"고선옥외 30,000인",남평우의원외 15인,1995-09-06,1995-09-15,내무위원회,본회의불부의,처리의안,https://likms.assembly.go.kr/bill/billDetail.do?billId=106332,https://likms.assembly.go.kr/bill/billDetail.do?billId=106332
14,140452,약업사지위향상,허철,김영진의원,1995-09-05,1995-09-11,보건복지위원회,본회의불부의,처리의안,https://likms.assembly.go.kr/bill/billDetail.do?billId=105789,https://likms.assembly.go.kr/bill/billDetail.do?billId=105789
14,140451,철도공사화전환시기연기(한국철도공사법부칙제1조개정),조병학외 33인,김효영의원외 2인,1995-08-28,1995-09-01,건설교통위원회,철회,처리의안,https://likms.assembly.go.kr/bill/billDetail.do?billId=105727,https://likms.assembly.go.kr/bill/billDetail.do?billId=105727
14,140450,헌법파괴적범죄등의공소시효에관한법률제정,"김상곤,강신성,김영호,박정수,배동인,서창호,엄재열,유제호,이광우,이병창,이종오,조광",정상용의원외 6인,1995-08-24,1995-08-25,법제사법위원회,폐기,처리의안,https://likms.assembly.go.kr/bill/billDetail.do?billId=106481,https://likms.assembly.go.kr/bill/billDetail.do?billId=106481
14,140449,광주민주화운동진상규명등에관한법률제정,"김상곤,강신성,김영호,박정수,배동인,서창호,엄재열,유제호,이광우,이병창,이종오,조광",정상용의원외 6인,1995-08-24,1995-08-25,법제사법위원회,폐기,처리의안,https://likms.assembly.go.kr/bill/billDetail.do?billId=106492,https://likms.assembly.go.kr/bill/billDetail.do?billId=106492
14,140448,독립유공자와그유족의기본연금인상,"이재윤,정진한",박주천의원외 11인,1995-08-22,1995-08-23,보건복지위원회,본회의불부의,처리의안,https://likms.assembly.go.kr/bill/billDetail.do?billId=105796,https://likms.assembly.go.kr/bill/billDetail.do?billId=105796
14,140447,이삼평도공기념비문정정,이풍용,김원웅의원,1995-08-14,1995-08-21,문화체육공보위원회,폐기,처리의안,https://likms.assembly.go.kr/bill/billDetail.do?billId=106338,https://likms.assembly.go.kr/bill/billDetail.do?billId=106338
14,140446,독립유공자유족에대한TV수신료감면,"김행식,백일선","류종수,박계동의원외 13인",1995-08-14,1995-08-21,문화체육공보위원회,본회의불부의,처리의안,https://likms.assembly.go.kr/bill/billDetail.do?billId=105757,https://likms.assembly.go.kr/bill/billDetail.do?billId=105757
14,140445,특별검사의임명에관한법률제정등,김선,강철선의원,1995-08-11,1995-08-21,법제사법위원회,폐기,처리의안,https://likms.assembly.go.kr/bill/billDetail.do?billId=106504,https://likms.assembly.go.kr/bill/billDetail.do?billId=106504
14,140444,보건복지부직제중한방의료담당관실승격,허창회,김말룡의원외 1인,1995-08-01,1995-08-14,보건복지위원회,철회,처리의안,https://likms.assembly.go.kr/bill/billDetail.do?billId=105814,https://likms.assembly.go.kr/bill/billDetail.do?billId=105814
14,140443,특별검사의임명등에관한법률제정,"김중배,정동년","장기욱,정상용,이길재의원",1995-07-17,1995-07-27,법제사법위원회,폐기,처리의안,https://likms.assembly.go.kr/bill/billDetail.do?billId=106510,https://likms.assembly.go.kr/bill/billDetail.do?billId=106510
14,140442,독립유공자자녀의대학특례입학(교육법시행령개정),"이재윤,정진한","김인영,김원웅,구천서의원",1995-07-21,1995-07-27,교육위원회,폐기,처리의안,https://likms.assembly.go.kr/bill/billDetail.do?billId=105857,https://likms.assembly.go.kr/bill/billDetail.do?billId=105857
14,140441,동서고속철도노선종점변경,"최경순외 10,687인",김효영의원,1995-07-20,1995-07-27,건설교통위원회,본회의불부의,처리의안,https://likms.assembly.go.kr/bill/billDetail.do?billId=106237,https://likms.assembly.go.kr/bill/billDetail.do?billId=106237
14,140440,국립순천대학교한약자원학과의명칭변경,조동희외 133인,이영권의원,1995-07-19,1995-07-27,보건복지위원회,본회의불부의,처리의안,https://likms.assembly.go.kr/bill/billDetail.do?billId=105825,https://likms.assembly.go.kr/bill/billDetail.do?billId=105825
14,140439,한약사시험과목책정및시험실시,조동희외 133인,조순승의원,1995-07-19,1995-07-22,보건복지위원회,본회의불부의,처리의안,https://likms.assembly.go.kr/bill/billDetail.do?billId=105833,https://likms.assembly.go.kr/bill/billDetail.do?billId=105833
14,140438,건국공로훈장교환,"이재윤,정진한",이민섭의원외 11인,1995-07-19,1995-07-22,행정위원회,폐기,처리의안,https://likms.assembly.go.kr/bill/billDetail.do?billId=106309,https://likms.assembly.go.kr/bill/billDetail.do?billId=106309
14,140437,상주동학농민상건립,강효일,박석무의원,1995-07-13,1995-07-19,교육위원회,본회의불부의,처리의안,https://likms.assembly.go.kr/bill/billDetail.do?billId=106593,https://likms.assembly.go.kr/bill/billDetail.do?billId=106593
14,140436,국립중앙박물관철거중지,이난영,강인섭의원,1995-07-12,1995-07-13,문화체육공보위원회,폐기,처리의안,https://likms.assembly.go.kr/bill/billDetail.do?billId=106345,https://likms.assembly.go.kr/bill/billDetail.do?billId=106345
14,140435,"남녀고용평등법개정(간접차별금지,성폭력규제조항신설)","이남순,한명숙",이우정의원외 17인,1995-07-11,1995-07-13,환경노동위원회,폐기,처리의안,https://likms.assembly.go.kr/bill/billDetail.do?billId=105988,https://likms.assembly.go.kr/bill/billDetail.do?billId=105988
14,140434,"""국민학교""의명칭을""초등학교""로개정하기위한",황백현,김원웅의원,1995-07-10,1995-07-12,교육위원회,본회의불부의,처리의안,https://likms.assembly.go.kr/bill/billDetail.do?billId=106596,https://likms.assembly.go.kr/bill/billDetail.do?billId=106596
14,140433,시설물의조성및관리책임에관한특별법제정,"홍성우,오재식","신계륜,김원웅,이철의원",1995-07-08,1995-07-10,건설교통위원회,폐기,처리의안,https://likms.assembly.go.kr/bill/billDetail.do?billId=105555,https://likms.assembly.go.kr/bill/billDetail.do?billId=105555
14,140432,한일기본조약재협상,이영일외 5인,이종찬의원,1995-07-05,1995-07-07,외무통일위원회,본회의불부의,처리의안,https://likms.assembly.go.kr/bill/billDetail.do?billId=105779,https://likms.assembly.go.kr/bill/billDetail.do?billId=105779
14,140431,대통령탄핵소추,고영구,김병오의원외 4인,1995-06-20,1995-06-20,법제사법위원회,폐기,처리의안,https://likms.assembly.go.kr/bill/billDetail.do?billId=106517,https://likms.assembly.go.kr/bill/billDetail.do?billId=106517
14,140430,군부대이전,김기영외 18인,이경재의원외 7인,1995-05-30,1995-06-05,국방위원회,폐기,처리의안,https://likms.assembly.go.kr/bill/billDetail.do?billId=106526,https://likms.assembly.go.kr/bill/billDetail.do?billId=106526
14,140429,독립유공자유족전화료감면,"이재윤,정진한",이호정의원외 4인,1995-05-29,1995-11-08,통신과학기술위원회,본회의불부의,처리의안,https://likms.assembly.go.kr/bill/billDetail.do?billId=105670,https://likms.assembly.go.kr/bill/billDetail.do?billId=105670
14,140428,개인택시정기점검기간연장,김진용외 409인,김영배의원외 31인,1995-05-25,1995-06-02,건설교통위원회,본회의불부의,처리의안,https://likms.assembly.go.kr/bill/billDetail.do?billId=106250,https://likms.assembly.go.kr/bill/billDetail.do?billId=106250
14,140427,국가유공자예우등에관한법률개정,"이장용외 1,000인",한광옥의원,1995-05-20,1995-05-30,보건복지위원회,본회의불부의,처리의안,https://likms.assembly.go.kr/bill/billDetail.do?billId=105839,https://likms.assembly.go.kr/bill/billDetail.do?billId=105839
14,140426,자연공원법개정,장을병외 23인,김상현의원외 23인,1995-05-04,1995-05-17,내무위원회,폐기,처리의안,https://likms.assembly.go.kr/bill/billDetail.do?billId=106212,https://likms.assembly.go.kr/bill/billDetail.do?billId=106212
14,140425,대북한교학교전직교사의재임시공과평가와조치,이문희,김원웅의원,1995-05-02,1995-05-17,교육위원회,폐기,처리의안,https://likms.assembly.go.kr/bill/billDetail.do?billId=105864,https://likms.assembly.go.kr/bill/billDetail.do?billId=105864
14,140424,개방대학설치운영규정개정,이진우외 152인,박석무의원외 1인,1995-05-02,1995-05-17,교육위원회,본회의불부의,처리의안,https://likms.assembly.go.kr/bill/billDetail.do?billId=106607,https://likms.assembly.go.kr/bill/billDetail.do?billId=106607
14,140423,개방대학설치운영규정개정,박철수외 67인,박석무의원외 1인,1995-05-02,1995-05-17,교육위원회,본회의불부의,처리의안,https://likms.assembly.go.kr/bill/billDetail.do?billId=106634,https://likms.assembly.go.kr/bill/billDetail.do?billId=106634
14,140422,장애인고용촉진등에관한법률개정안의철회와조세감면규제법개정,김성재,이해찬의원,1995-05-01,1995-05-15,재정경제위원회,폐기,처리의안,https://likms.assembly.go.kr/bill/billDetail.do?billId=105998,https://likms.assembly.go.kr/bill/billDetail.do?billId=105998
14,140421,조상의날제정,최병두,이해찬의원,1995-05-01,1995-05-17,행정위원회,폐기,처리의안,https://likms.assembly.go.kr/bill/billDetail.do?billId=106316,https://likms.assembly.go.kr/bill/billDetail.do?billId=106316
14,140420,공직선거및선거부정방지법개정,홍성우외 6인,신계륜의원,1995-05-01,1995-05-15,내무위원회,폐기,처리의안,https://likms.assembly.go.kr/bill/billDetail.do?billId=106222,https://likms.assembly.go.kr/bill/billDetail.do?billId=106222
14,140419,노동조합법개정,천영세외 6인,신계륜의원,1995-05-01,1995-05-09,환경노동위원회,폐기,처리의안,https://likms.assembly.go.kr/bill/billDetail.do?billId=106006,https://likms.assembly.go.kr/bill/billDetail.do?billId=106006
14,140418,민간단체의건전한발전을위한관련법안의입법,강문규외 1인,박상천의원,1995-05-01,1995-05-09,내무위원회,폐기,처리의안,https://likms.assembly.go.kr/bill/billDetail.do?billId=106233,https://likms.assembly.go.kr/bill/billDetail.do?billId=106233
14,140417,사회복지공동모금법제정,이윤구외 1인,정대철의원,1995-04,1995-05-01,보건복지위원회,폐기,처리의안,https://likms.assembly.go.kr/bill/billDetail.do?billId=105859,https://likms.assembly.go.kr/bill/billDetail.do?billId=105859
14,140416,대통령표창,이판섭,정균환의원외 3인,1995-04-28,1995-05-09,보건복지위원회,본회의불부의,처리의안,https://likms.assembly.go.kr/bill/billDetail.do?billId=105849,https://likms.assembly.go.kr/bill/billDetail.do?billId=105849
14,140415,학교내군사교육폐지,오정하,김원웅의원외 12인,1995-04-26,1995-05-01,국방위원회,폐기,처리의안,https://likms.assembly.go.kr/bill/billDetail.do?billId=106534,https://likms.assembly.go.kr/bill/billDetail.do?billId=106534
14,140414,병역법시행령개정,박형규외 498인,"이철,정대철의원외 13인",1995-04-24,1995-05-01,국방위원회,폐기,처리의안,https://likms.assembly.go.kr/bill/billDetail.do?billId=106545,https://likms.assembly.go.kr/bill/billDetail.do?billId=106545
14,140413,공업배치및공장설립에관한법률개정,정준구외 41인,박제상의원,1995-04-20,1995-04-26,통상산업위원회,폐기,처리의안,https://likms.assembly.go.kr/bill/billDetail.do?billId=106145,https://likms.assembly.go.kr/bill/billDetail.do?billId=106145
14,140412,독립유공자자녀의대학특례입학,김승곤외 5인,김원웅의원,1995-04-20,1995-04-26,교육위원회,폐기,처리의안,https://likms.assembly.go.kr/bill/billDetail.do?billId=105875,https://likms.assembly.go.kr/bill/billDetail.do?billId=105875
14,140411,국민학교명칭개정,백신종,김원웅의원,1995-04-20,1995-04-26,교육위원회,본회의불부의,처리의안,https://likms.assembly.go.kr/bill/billDetail.do?billId=106621,https://likms.assembly.go.kr/bill/billDetail.do?billId=106621
14,140410,삼천포시와사천군의통합시명칭,윤형근외 17인,김기도의원,1995-04-24,1995-04-24,내무위원회,본회의불부의,처리의안,https://likms.assembly.go.kr/bill/billDetail.do?billId=106340,https://likms.assembly.go.kr/bill/billDetail.do?billId=106340
14,140409,학력인정사회교육시설지정,최태호외 10인,김원웅의원외 5인,1995-04-17,1995-04-24,교육위원회,폐기,처리의안,https://likms.assembly.go.kr/bill/billDetail.do?billId=105882,https://likms.assembly.go.kr/bill/billDetail.do?billId=105882
14,140408,횡성군과홍천군의국회의원선거구통합반대,"윤재택외 2,895인",박경수의원,1995-04-14,1995-04-19,내무위원회,폐기,처리의안,https://likms.assembly.go.kr/bill/billDetail.do?billId=106246,https://likms.assembly.go.kr/bill/billDetail.do?billId=106246
14,140407,충주호내수위조정지댐건설,"박금돈외 3,007인",송광호의원,1995-04-12,1995-04-14,건설교통위원회,폐기,처리의안,https://likms.assembly.go.kr/bill/billDetail.do?billId=105558,https://likms.assembly.go.kr/bill/billDetail.do?billId=105558
14,140406,"""물의날""제정",조홍래외 240인,민태구의원,1995-04-06,1995-04-12,행정위원회,폐기,처리의안,https://likms.assembly.go.kr/bill/billDetail.do?billId=106323,https://likms.assembly.go.kr/bill/billDetail.do?billId=106323
14,140405,공직선거및선거부정방지법개정,박종근,정균환의원,1995-04-04,1995-04-10,내무위원회,폐기,처리의안,https://likms.assembly.go.kr/bill/billDetail.do?billId=106253,https://likms.assembly.go.kr/bill/billDetail.do?billId=106253
14,140404,대야지구농업용수개발사업국비지원,이상기외 22인,한영수의원,1995-04-04,1995-04-10,농림수산위원회,폐기,처리의안,https://likms.assembly.go.kr/bill/billDetail.do?billId=106513,https://likms.assembly.go.kr/bill/billDetail.do?billId=106513
14,140403,외국산복권수입중지,남기태,박범진의원,1995-03-23,1995-03-28,문화체육공보위원회,철회,처리의안,https://likms.assembly.go.kr/bill/billDetail.do?billId=105739,https://likms.assembly.go.kr/bill/billDetail.do?billId=105739
14,140402,성업공사매각재산관련비리시정,이세용,"김원길,최두환,김범명의원",1995-03-16,1995-03-16,재정경제위원회,철회,처리의안,https://likms.assembly.go.kr/bill/billDetail.do?billId=105747,https://likms.assembly.go.kr/bill/billDetail.do?billId=105747
14,140401,조건부등록공장및무등록공장의등록,최명권외 47인,손학규의원,1995-03-13,1995-03-15,통상산업위원회,폐기,처리의안,https://likms.assembly.go.kr/bill/billDetail.do?billId=106154,https://likms.assembly.go.kr/bill/billDetail.do?billId=106154
14,140400,개발제한구역내주택증축허가,나진화외 67인,손학규의원,1995-03-13,1995-03-15,건설교통위원회,본회의불부의,처리의안,https://likms.assembly.go.kr/bill/billDetail.do?billId=106267,https://likms.assembly.go.kr/bill/billDetail.do?billId=106267
14,140399,배수펌프장시설공사로인한피해보상,김성자,김봉호의원,1994-11-28,1995-03-13,내무위원회,본회의불부의,처리의안,https://likms.assembly.go.kr/bill/billDetail.do?billId=106348,https://likms.assembly.go.kr/bill/billDetail.do?billId=106348
14,140398,부산녹산공단개발사업으로인한가무락양식장피해보상,이삼두외 1인,장기욱의원,1995-03-07,1995-03-13,건설교통위원회,본회의불부의,처리의안,https://likms.assembly.go.kr/bill/billDetail.do?billId=106282,https://likms.assembly.go.kr/bill/billDetail.do?billId=106282
14,140397,전남완도군의국회의원선거구조정,최종홍외 1만5천인,김영진의원외 1인,1995-03-07,1995-03-13,내무위원회,폐기,처리의안,https://likms.assembly.go.kr/bill/billDetail.do?billId=106263,https://likms.assembly.go.kr/bill/billDetail.do?billId=106263
14,140396,소비자보호법개정,강문규외 9인,류준상의원,1995-03-07,1995-03-13,재정경제위원회,본회의불부의,처리의안,https://likms.assembly.go.kr/bill/billDetail.do?billId=105539,https://likms.assembly.go.kr/bill/billDetail.do?billId=105539
14,140395,영광근해새우체포어업합리화,조웅현외 192인,김장곤의원,1995-03-07,1995-03-13,농림수산위원회,폐기,처리의안,https://likms.assembly.go.kr/bill/billDetail.do?billId=106519,https://likms.assembly.go.kr/bill/billDetail.do?billId=106519
14,140394,국가보안법폐지,"천영세외 9,115인",신계륜의원,1995-03-07,1995-03-13,법제사법위원회,폐기,처리의안,https://likms.assembly.go.kr/bill/billDetail.do?billId=106524,https://likms.assembly.go.kr/bill/billDetail.do?billId=106524
14,140393,영마제숭상공사(보강공사),정휴대외 219인,김인곤의원외 1인,1995-03-03,1995-03-06,농림수산위원회,폐기,처리의안,https://likms.assembly.go.kr/bill/billDetail.do?billId=106530,https://likms.assembly.go.kr/bill/billDetail.do?billId=106530
14,140392,영업용택시의버스전용차선운행,"안병천외 5,025인",이원형의원외 5인,1995-03-03,1995-03-06,내무위원회,폐기,처리의안,https://likms.assembly.go.kr/bill/billDetail.do?billId=106269,https://likms.assembly.go.kr/bill/billDetail.do?billId=106269
14,140391,부동산투기억제와토지거래의정상화를위한부동산실명법제정,송월주외 7인,이철의원,1995-03-02,1995-03-02,법제사법위원회,본회의불부의,처리의안,https://likms.assembly.go.kr/bill/billDetail.do?billId=105632,https://likms.assembly.go.kr/bill/billDetail.do?billId=105632
14,140390,"""기독교재산관리법안"" 의조속의결촉구",전권희,박은태의원,1995-03-02,1995-03-02,문화체육공보위원회,폐기,처리의안,https://likms.assembly.go.kr/bill/billDetail.do?billId=106355,https://likms.assembly.go.kr/bill/billDetail.do?billId=106355
14,140389,문경양민학살사건진상규명과보상,채의진외 44인,"김원웅,이승무의원외 75인",1995-02-20,1995-02-23,국방위원회,폐기,처리의안,https://likms.assembly.go.kr/bill/billDetail.do?billId=106557,https://likms.assembly.go.kr/bill/billDetail.do?billId=106557
14,140388,전주제35향토방위사단이전촉구,이창렬,장영달의원외 19인,1995-02-14,1995-02-14,국방위원회,폐기,처리의안,https://likms.assembly.go.kr/bill/billDetail.do?billId=106579,https://likms.assembly.go.kr/bill/billDetail.do?billId=106579
14,140387,삼천포시표준FM중계소설치,여은구외 25인,김기도의원,1995-02-09,1995-02-14,문화체육공보위원회,폐기,처리의안,https://likms.assembly.go.kr/bill/billDetail.do?billId=106365,https://likms.assembly.go.kr/bill/billDetail.do?billId=106365
14,140386,"어,패류대량폐사보상","최대성,이몽룡,김찬회,지정삼",이학원의원,1995-01-24,1995-01-28,상공자원위원회,폐기,처리의안,https://likms.assembly.go.kr/bill/billDetail.do?billId=106166,https://likms.assembly.go.kr/bill/billDetail.do?billId=106166
14,140385,공동주택입주자보호를위한제도적보완,이창렬,장영달의원,1995-01-24,1995-01-28,건설위원회,폐기,처리의안,https://likms.assembly.go.kr/bill/billDetail.do?billId=105564,https://likms.assembly.go.kr/bill/billDetail.do?billId=105564
14,140384,개방대학설치운영규정중개정(안),"인현만외 1,162인",김원웅의원외 3인,1995-01-19,1995-01-26,교육위원회,본회의불부의,처리의안,https://likms.assembly.go.kr/bill/billDetail.do?billId=106644,https://likms.assembly.go.kr/bill/billDetail.do?billId=106644
14,140383,일제시대피해상황집계및이산가족찾기등,"안재홍외 3,172인",김원웅의원외 2인,1995-01-10,1995-01-13,외무통일위원회,폐기,처리의안,https://likms.assembly.go.kr/bill/billDetail.do?billId=106019,https://likms.assembly.go.kr/bill/billDetail.do?billId=106019
14,140382,"부도,폐업한(주)금호상사체불임금","김승기외 14,809인",김말룡의원외 1인,1994-12-29,1994-12-31,노동환경위원회,폐기,처리의안,https://likms.assembly.go.kr/bill/billDetail.do?billId=106012,https://likms.assembly.go.kr/bill/billDetail.do?billId=106012
14,140381,"개발제한구역내국공립고등학교신축을위한""도시계획법시행규칙""개정",김일준외 70인,박은태의원,1994-12-29,1994-12-31,내무위원회,폐기,처리의안,https://likms.assembly.go.kr/bill/billDetail.do?billId=105569,https://likms.assembly.go.kr/bill/billDetail.do?billId=105569
14,140380,터널시설물의하자보수기간연장,이기영외 43인,박은태의원,1994-12-29,1994-12-31,건설위원회,폐기,처리의안,https://likms.assembly.go.kr/bill/billDetail.do?billId=105573,https://likms.assembly.go.kr/bill/billDetail.do?billId=105573
14,140379,식품위생법시행령개정,석현,강선영의원외 9인,1994-12-17,1994-12-19,보건사회위원회,철회,처리의안,https://likms.assembly.go.kr/bill/billDetail.do?billId=105754,https://likms.assembly.go.kr/bill/billDetail.do?billId=105754
14,140378,민통선북방장단군지역입주영농,이은섭외 96인,박명근의원외 8인,1994-12-14,1994-12-14,국방위원회,폐기,처리의안,https://likms.assembly.go.kr/bill/billDetail.do?billId=106588,https://likms.assembly.go.kr/bill/billDetail.do?billId=106588
14,140377,바둑특기자대학입학특례허용,정수현외 76인,박석무의원외 12인,1994-12-09,1994-12-14,교육위원회,본회의불부의,처리의안,https://likms.assembly.go.kr/bill/billDetail.do?billId=106672,https://likms.assembly.go.kr/bill/billDetail.do?billId=106672
14,140376,한국교육방송공사법제정,"김동민외 5,275인",박계동의원외 11인,1994-12-09,1994-12-14,문화체육공보위원회,폐기,처리의안,https://likms.assembly.go.kr/bill/billDetail.do?billId=105891,https://likms.assembly.go.kr/bill/billDetail.do?billId=105891
14,140375,유아교육정상화촉구,"김혜은외 2,435인",김원웅의원,1994-12-09,1994-12-12,교육위원회,본회의불부의,처리의안,https://likms.assembly.go.kr/bill/billDetail.do?billId=105906,https://likms.assembly.go.kr/bill/billDetail.do?billId=105906
14,140374,음반및비디오물에관한법률개정,김영광,박계동의원외 5인,1994-12-09,1994-12-12,문화체육공보위원회,폐기,처리의안,https://likms.assembly.go.kr/bill/billDetail.do?billId=106396,https://likms.assembly.go.kr/bill/billDetail.do?billId=106396
14,140373,노동위원회법개정,박종근,"최상용,신계륜의원외 3인",1994-12-09,1994-12-12,노동환경위원회,폐기,처리의안,https://likms.assembly.go.kr/bill/billDetail.do?billId=106018,https://likms.assembly.go.kr/bill/billDetail.do?billId=106018
14,140372,재개발구역내국유지점유자에대한매각대금의장기분할납부요청,장대성외 102인,신계륜의원,1994-12-09,1994-12-12,재무위원회,폐기,처리의안,https://likms.assembly.go.kr/bill/billDetail.do?billId=105577,https://likms.assembly.go.kr/bill/billDetail.do?billId=105577
14,140371,남녀고용평등법개정,이미경외 5인,신계륜의원,1994-12-06,1994-12-07,노동환경위원회,폐기,처리의안,https://likms.assembly.go.kr/bill/billDetail.do?billId=106024,https://likms.assembly.go.kr/bill/billDetail.do?billId=106024
14,140370,횡성군내대학설립,"이일영외 25,055인",박경수의원,1994-11-30,1994-12-03,교육위원회,본회의불부의,처리의안,https://likms.assembly.go.kr/bill/billDetail.do?billId=106680,https://likms.assembly.go.kr/bill/billDetail.do?billId=106680
14,140369,낙월도방파제건설,전상관외 108인,김인곤의원,1994-11-28,1994-11-29,내무위원회,본회의불부의,처리의안,https://likms.assembly.go.kr/bill/billDetail.do?billId=106357,https://likms.assembly.go.kr/bill/billDetail.do?billId=106357
14,140368,도축장권역화사업에따른통폐합유보,"김석주외 1,041인",김장곤의원,1994-11-24,1994-11-29,농림수산위원회,본회의불부의,처리의안,https://likms.assembly.go.kr/bill/billDetail.do?billId=105683,https://likms.assembly.go.kr/bill/billDetail.do?billId=105683
14,140367,건국청년운동협의회국고보조,박용만,박종웅의원,1994-11-24,1994-11-29,문화체육공보위원회,철회,처리의안,https://likms.assembly.go.kr/bill/billDetail.do?billId=105761,https://likms.assembly.go.kr/bill/billDetail.do?billId=105761
14,140366,지방세법중개정법률안,한두진,"강우혁,송두호,양문희의원",1994-11-24,1994-11-26,내무위원회,본회의불부의,처리의안,https://likms.assembly.go.kr/bill/billDetail.do?billId=106367,https://likms.assembly.go.kr/bill/billDetail.do?billId=106367
14,140365,염관리법중개정법률안,"박진환,김명중,명상훈",정시채의원,1994-11-24,1994-11-26,상공자원위원회,폐기,처리의안,https://likms.assembly.go.kr/bill/billDetail.do?billId=106176,https://likms.assembly.go.kr/bill/billDetail.do?billId=106176
14,140364,국가유공자등단체설립에관한법률개정,김용익,문창모의원,1994-11-18,1994-11-23,보건사회위원회,폐기,처리의안,https://likms.assembly.go.kr/bill/billDetail.do?billId=105871,https://likms.assembly.go.kr/bill/billDetail.do?billId=105871
14,140363,민법제809조(동성동본금혼규정)고수,이완희,김찬우의원외 1인,1994-11-16,1994-11-18,법제사법위원회,폐기,처리의안,https://likms.assembly.go.kr/bill/billDetail.do?billId=106529,https://likms.assembly.go.kr/bill/billDetail.do?billId=106529
14,140362,학교급식시설등지원예산관련내무부방침철회요구,"이미경외 4,700인",김원웅의원,1994-11-16,1994-11-18,내무위원회,본회의불부의,처리의안,https://likms.assembly.go.kr/bill/billDetail.do?billId=106389,https://likms.assembly.go.kr/bill/billDetail.do?billId=106389
14,140361,EXPO광고사업기간연장,"송진수,정종규,이효동,김중현,이제찬",박제상의원외 2인,1994-11-16,1994-11-18,상공자원위원회,폐기,처리의안,https://likms.assembly.go.kr/bill/billDetail.do?billId=106184,https://likms.assembly.go.kr/bill/billDetail.do?billId=106184
14,140360,국민학교급식시설지원등을위한국가예산편성,"이미경외 4,700인",김원웅의원외 7인,1994-11-16,1994-11-18,교육위원회,본회의불부의,처리의안,https://likms.assembly.go.kr/bill/billDetail.do?billId=106692,https://likms.assembly.go.kr/bill/billDetail.do?billId=106692
14,140359,한국은행법개정,박종근외 8인,박정훈의원외 9인,1994-11-15,1994-11-18,재정경제위원회,폐기,처리의안,https://likms.assembly.go.kr/bill/billDetail.do?billId=106112,https://likms.assembly.go.kr/bill/billDetail.do?billId=106112
14,140358,학교보건법중개정,박기호,이원형의원외 8인,1994-11-14,1994-11-18,교육위원회,폐기,처리의안,https://likms.assembly.go.kr/bill/billDetail.do?billId=105912,https://likms.assembly.go.kr/bill/billDetail.do?billId=105912
14,140357,농어업재해보상법제정,이종원외 14인,원광호의원,1994-11-10,1994-11-15,농림수산위원회,폐기,처리의안,https://likms.assembly.go.kr/bill/billDetail.do?billId=106539,https://likms.assembly.go.kr/bill/billDetail.do?billId=106539
14,140356,한약사시험조기실시및시험과목책정을위한한약사법시행령개정,김민철외 120인,허경만의원,1994-11-10,1994-11-15,보건사회위원회,본회의불부의,처리의안,https://likms.assembly.go.kr/bill/billDetail.do?billId=105861,https://likms.assembly.go.kr/bill/billDetail.do?billId=105861
14,140355,조세감면규제법개정,"고창덕외 2,196인",곽정출의원외 4인,1994-11-09,1994-11-15,재무위원회,본회의불부의,처리의안,https://likms.assembly.go.kr/bill/billDetail.do?billId=105544,https://likms.assembly.go.kr/bill/billDetail.do?billId=105544
14,140354,지방세법개정,"강장석외 2,188인",정시채의원외 3인,1994-11-09,1994-11-15,내무위원회,본회의불부의,처리의안,https://likms.assembly.go.kr/bill/billDetail.do?billId=106402,https://likms.assembly.go.kr/bill/billDetail.do?billId=106402
14,140353,함평양민학살사건진상조사및피해자명예회복,정남진외 189인,정대철의원외 21인,1994-11-07,1994-11-10,국방위원회,폐기,처리의안,https://likms.assembly.go.kr/bill/billDetail.do?billId=106609,https://likms.assembly.go.kr/bill/billDetail.do?billId=106609
14,140352,지방도599호선국도승격,"정태화외 1,095인",박경수의원,1994-11-07,1994-11-10,건설위원회,폐기,처리의안,https://likms.assembly.go.kr/bill/billDetail.do?billId=105583,https://likms.assembly.go.kr/bill/billDetail.do?billId=105583
14,140351,의문사전면재조사와의문사진상규명조사특위구성,"박정기외 99,999인",이부영의원외 92인,1994-11-05,1994-11-07,법제사법위원회,폐기,처리의안,https://likms.assembly.go.kr/bill/billDetail.do?billId=106537,https://likms.assembly.go.kr/bill/billDetail.do?billId=106537
14,140350,"""국민학교""의명칭개정","박창희외 5,889인",김윤환의원외 12인,1994-11-04,1994-11-07,교육위원회,본회의불부의,처리의안,https://likms.assembly.go.kr/bill/billDetail.do?billId=106702,https://likms.assembly.go.kr/bill/billDetail.do?billId=106702
14,140349,경부고속전철정차역화성군내설치,한상욱,정창현의원외 10인,1994-11-04,1994-11-07,교통위원회,폐기,처리의안,https://likms.assembly.go.kr/bill/billDetail.do?billId=105587,https://likms.assembly.go.kr/bill/billDetail.do?billId=105587
14,140348,지방세법개정,"강상열외 1,157인",김종호의원외 56인,1994-11-03,1994-11-07,내무위원회,본회의불부의,처리의안,https://likms.assembly.go.kr/bill/billDetail.do?billId=106416,https://likms.assembly.go.kr/bill/billDetail.do?billId=106416
14,140347,조세감면규제법개정,"강상열외 1,156인",김종호의원외 56인,1994-11-02,1994-11-07,재무위원회,본회의불부의,처리의안,https://likms.assembly.go.kr/bill/billDetail.do?billId=105551,https://likms.assembly.go.kr/bill/billDetail.do?billId=105551
14,140346,이태원국제상가관광특구지정,"김의섭외 2,282인",양문희의원,1994-11-02,1994-11-04,교통위원회,폐기,처리의안,https://likms.assembly.go.kr/bill/billDetail.do?billId=106369,https://likms.assembly.go.kr/bill/billDetail.do?billId=106369
14,140345,사료및동물약품에대한부가가치세영세율적용,전동용외 2인,김영진의원외 2인,1994-11-02,1994-11-04,재무위원회,본회의불부의,처리의안,https://likms.assembly.go.kr/bill/billDetail.do?billId=105562,https://likms.assembly.go.kr/bill/billDetail.do?billId=105562
14,140344,학교보건법개정,정우갑,양문희의원,1994-11-02,1994-11-04,교육위원회,폐기,처리의안,https://likms.assembly.go.kr/bill/billDetail.do?billId=105920,https://likms.assembly.go.kr/bill/billDetail.do?billId=105920
14,140343,국민학교명칭개정,"황백현외 11,534인",박계동의원외 5인,1994-11-01,1994-11-02,교육위원회,철회,처리의안,https://likms.assembly.go.kr/bill/billDetail.do?billId=105766,https://likms.assembly.go.kr/bill/billDetail.do?billId=105766
14,140342,상계소각장건설중지와쓰레기종합처리시설설치,"이정태,엄상섭,마명열외 7,321인",임채정의원외 54인,1994-11-01,1994-12-20,내무위원회,폐기,처리의안,https://likms.assembly.go.kr/bill/billDetail.do?billId=106277,https://likms.assembly.go.kr/bill/billDetail.do?billId=106277
14,140341,표준지공시지가재조정,송세창외 110인,김원길의원,1994-10-29,1994-11-02,건설위원회,본회의불부의,처리의안,https://likms.assembly.go.kr/bill/billDetail.do?billId=106290,https://likms.assembly.go.kr/bill/billDetail.do?billId=106290
14,140340,국정교과서(주)소유권반환,서용택외 45인,김호일의원,1994-10-31,1994-11-02,교육위원회,본회의불부의,처리의안,https://likms.assembly.go.kr/bill/billDetail.do?billId=106713,https://likms.assembly.go.kr/bill/billDetail.do?billId=106713
14,140339,내부비리제보자보호등에관한법률제정,김중배,강철선의원외 32인,1994-10-29,1994-11-01,법제사법위원회,폐기,처리의안,https://likms.assembly.go.kr/bill/billDetail.do?billId=106552,https://likms.assembly.go.kr/bill/billDetail.do?billId=106552
14,140338,동양정밀공업(주)도산에따른진상규명과근로자의고용대책및임금청산,"이윤희외 1,025인",최상용의원외 6인,1994-10-28,1994-11-03,환경노동위원회,본회의불부의,처리의안,https://likms.assembly.go.kr/bill/billDetail.do?billId=105620,https://likms.assembly.go.kr/bill/billDetail.do?billId=105620
14,140337,국가유공자예우등에관한법률중개정,김종련외 9인,이해찬의원,1994-10-28,1994-11-01,보건사회위원회,본회의불부의,처리의안,https://likms.assembly.go.kr/bill/billDetail.do?billId=105869,https://likms.assembly.go.kr/bill/billDetail.do?billId=105869
14,140336,한국은행법개정,송월주외 8인,김원길의원외 9인,1994-10-28,0194-11-01,재정경제위원회,폐기,처리의안,https://likms.assembly.go.kr/bill/billDetail.do?billId=106126,https://likms.assembly.go.kr/bill/billDetail.do?billId=106126
14,140335,소비자보호법개정,강문규외 9인,류준상의원외 36인,1994-10-26,1994-10-27,행정경제위원회,철회,처리의안,https://likms.assembly.go.kr/bill/billDetail.do?billId=105773,https://likms.assembly.go.kr/bill/billDetail.do?billId=105773
14,140334,국립공원관리업무산림청이관,박태식외 10인,정창현의원외 8인,1994-10-25,1994-10-27,내무위원회,본회의불부의,처리의안,https://likms.assembly.go.kr/bill/billDetail.do?billId=106454,https://likms.assembly.go.kr/bill/billDetail.do?billId=106454
14,140333,94년도세제개혁,박종근,최상용의원,1994-10-25,1994-10-27,재무위원회,본회의불부의,처리의안,https://likms.assembly.go.kr/bill/billDetail.do?billId=105567,https://likms.assembly.go.kr/bill/billDetail.do?billId=105567
14,140332,인천시북구분구경계획정,이병현외 273인,하근수의원외 3인,1994-10-24,1994-10-27,내무위원회,본회의불부의,처리의안,https://likms.assembly.go.kr/bill/billDetail.do?billId=106470,https://likms.assembly.go.kr/bill/billDetail.do?billId=106470
14,140331,국유지불하에따른변상금납부면제및불하대금감면등,윤주형외 213인,김병오의원,1994-10-24,1994-10-27,재무위원회,폐기,처리의안,https://likms.assembly.go.kr/bill/billDetail.do?billId=106151,https://likms.assembly.go.kr/bill/billDetail.do?billId=106151
14,140330,시체해부보존법개정법률안,정규남,임사빈의원외 1인,1994-10-18,1994-10-20,보건사회위원회,폐기,처리의안,https://likms.assembly.go.kr/bill/billDetail.do?billId=106141,https://likms.assembly.go.kr/bill/billDetail.do?billId=106141
14,140329,국민도덕헌장선포,이충환,김종하의원,1994-10-18,1994-10-19,교육위원회,본회의불부의,처리의안,https://likms.assembly.go.kr/bill/billDetail.do?billId=106721,https://likms.assembly.go.kr/bill/billDetail.do?billId=106721
14,140328,5.18광주민주화운동관련행방불명자중심사결과탈락자에대한재심사요구,김봉식외 17인,이환의의원외 42인,1994-10-13,1994-10-18,내무위원회,폐기,처리의안,https://likms.assembly.go.kr/bill/billDetail.do?billId=106391,https://likms.assembly.go.kr/bill/billDetail.do?billId=106391
14,140327,국유지불하,한주동외 85인,안동선의원,1994-10-13,1994-10-18,재무위원회,폐기,처리의안,https://likms.assembly.go.kr/bill/billDetail.do?billId=106162,https://likms.assembly.go.kr/bill/billDetail.do?billId=106162
14,140326,무허가공장양성화,한주동외 85인,안동선의원,1994-10-13,1994-10-18,상공자원위원회,폐기,처리의안,https://likms.assembly.go.kr/bill/billDetail.do?billId=106195,https://likms.assembly.go.kr/bill/billDetail.do?billId=106195
14,140325,국회의사당내대한민국임시정부의정원관련조형물설치,이종갑,이종찬의원외 11인,1994-10-04,1994-10-08,국회운영위원회,폐기,처리의안,https://likms.assembly.go.kr/bill/billDetail.do?billId=106249,https://likms.assembly.go.kr/bill/billDetail.do?billId=106249
14,140324,대한석탄공사민영화반대,"주창준외 34,695인",홍기훈의원외 4인,1994-09-29,1994-09-30,상공자원위원회,폐기,처리의안,https://likms.assembly.go.kr/bill/billDetail.do?billId=106200,https://likms.assembly.go.kr/bill/billDetail.do?billId=106200
14,140323,국립공원계룡산신원사가람복원사업비보조,"김영록,이종철,권영숙외 768인",권익현의원외 3인,1994-09-29,1994-09-30,문화체육공보위원회,본회의불부의,처리의안,https://likms.assembly.go.kr/bill/billDetail.do?billId=105764,https://likms.assembly.go.kr/bill/billDetail.do?billId=105764
14,140322,지례예술촌진입로포장,김원길외 542인,김길홍의원,1994-09-23,1994-09-27,내무위원회,폐기,처리의안,https://likms.assembly.go.kr/bill/billDetail.do?billId=106403,https://likms.assembly.go.kr/bill/billDetail.do?billId=106403
14,140321,강동소각장건설입지타당성조사,김형태,이부영의원,1994-09-22,1994-12-20,내무위원회,폐기,처리의안,https://likms.assembly.go.kr/bill/billDetail.do?billId=106409,https://likms.assembly.go.kr/bill/billDetail.do?billId=106409
14,140320,중앙고속도로신단양대교건설시2중교량건설,"윤직현외 2,398인",송광호의원,1994-09-15,1994-09-17,건설위원회,폐기,처리의안,https://likms.assembly.go.kr/bill/billDetail.do?billId=105593,https://likms.assembly.go.kr/bill/billDetail.do?billId=105593
14,140319,대한석탄공사민영화반대,"김시돈외 26,753인",류승규의원외 10인,1994-09-15,1994-09-17,상공위원회,폐기,처리의안,https://likms.assembly.go.kr/bill/billDetail.do?billId=106205,https://likms.assembly.go.kr/bill/billDetail.do?billId=106205
14,140318,대한석탄공사민영화반대,"손석암외 6,120인",류승규의원외 10인,1994-09-15,1994-09-17,상공위원회,폐기,처리의안,https://likms.assembly.go.kr/bill/billDetail.do?billId=106216,https://likms.assembly.go.kr/bill/billDetail.do?billId=106216
14,140317,대한석탄공사민영화반대,"남흡외 9,182인",류승규의원외 10인,1994-09-15,1994-09-17,상공위원회,폐기,처리의안,https://likms.assembly.go.kr/bill/billDetail.do?billId=106227,https://likms.assembly.go.kr/bill/billDetail.do?billId=106227
14,140316,건축법중개정,송재화외 41인,김병오의원,1994-09-14,1994-09-17,건설위원회,폐기,처리의안,https://likms.assembly.go.kr/bill/billDetail.do?billId=105599,https://likms.assembly.go.kr/bill/billDetail.do?billId=105599
14,140315,대구직할시행정구역조정,김상연외 27인,정호용의원외 8인,1994-09-09,1994-09-13,내무위원회,본회의불부의,처리의안,https://likms.assembly.go.kr/bill/billDetail.do?billId=106475,https://likms.assembly.go.kr/bill/billDetail.do?billId=106475
14,140314,보험업법중개정,"조태만외 5,185인",박제상의원,1994-09-09,1994-09-13,재무위원회,폐기,처리의안,https://likms.assembly.go.kr/bill/billDetail.do?billId=106174,https://likms.assembly.go.kr/bill/billDetail.do?billId=106174
14,140313,금강하구둑농지개량시설이관,김규풍외 5인,강철선의원외 6인,1994-09-08,1994-09-13,농림수산위원회,폐기,처리의안,https://likms.assembly.go.kr/bill/billDetail.do?billId=106547,https://likms.assembly.go.kr/bill/billDetail.do?billId=106547
14,140312,표준지공시지가재조정,유진옥,김원길의원,1994-09-05,1994-09-07,건설위원회,본회의불부의,처리의안,https://likms.assembly.go.kr/bill/billDetail.do?billId=106294,https://likms.assembly.go.kr/bill/billDetail.do?billId=106294
14,140311,강릉역및도심철도이설,"최찬규외 85,203인",최돈웅의원,1994-09-02,1994-09-07,교통위원회,폐기,처리의안,https://likms.assembly.go.kr/bill/billDetail.do?billId=105603,https://likms.assembly.go.kr/bill/billDetail.do?billId=105603
14,140310,일산신도시생활대책상업용지공급가격인하조정,"강태희외 12,644인",이원형의원외 10인,1994-08-31,1994-08-31,건설위원회,본회의불부의,처리의안,https://likms.assembly.go.kr/bill/billDetail.do?billId=106298,https://likms.assembly.go.kr/bill/billDetail.do?billId=106298
14,140309,고양시자족기능시설유치,"강태희외 12,644인",이원형의원외 10인,1994-08-30,1994-08-31,건설위원회,본회의불부의,처리의안,https://likms.assembly.go.kr/bill/billDetail.do?billId=106306,https://likms.assembly.go.kr/bill/billDetail.do?billId=106306
14,140308,지하철7호선7-20공구노선변경및현장공사중지,최윤식외 500인,박찬종의원,1994-08-29,1994-08-31,내무위원회,철회,처리의안,https://likms.assembly.go.kr/bill/billDetail.do?billId=105784,https://likms.assembly.go.kr/bill/billDetail.do?billId=105784
14,140307,충북단양군내적성면진리-단성면하방리간대교건설,"윤직현외 2,398인",송광호의원,1994-08-23,1994-08-31,내무위원회,철회,처리의안,https://likms.assembly.go.kr/bill/billDetail.do?billId=105790,https://likms.assembly.go.kr/bill/billDetail.do?billId=105790
14,140306,KBS(제1TV)뉴스방송시수화와자막삽입방영,"변승일외 1,308인",홍사덕의원외 57인,1994-08-04,1994-08-10,문화체육공보위원회,본회의불부의,처리의안,https://likms.assembly.go.kr/bill/billDetail.do?billId=105770,https://likms.assembly.go.kr/bill/billDetail.do?billId=105770
14,140305,해태건조기관련부채탕감,김영호외 18인,한화갑의원외 12인,1994-08-04,1994-08-10,농림수산위원회,폐기,처리의안,https://likms.assembly.go.kr/bill/billDetail.do?billId=106555,https://likms.assembly.go.kr/bill/billDetail.do?billId=106555
14,140304,주민의견조사에의한장승포시거제군통합반대,"김경언외 8,000인",조세형의원,1994-07-13,1994-07-14,내무위원회,폐기,처리의안,https://likms.assembly.go.kr/bill/billDetail.do?billId=105617,https://likms.assembly.go.kr/bill/billDetail.do?billId=105617
14,140303,공영개발대상제외등,나연채외 54인,이희천의원외 1인,1994-07-12,1994-07-14,건설위원회,폐기,처리의안,https://likms.assembly.go.kr/bill/billDetail.do?billId=105607,https://likms.assembly.go.kr/bill/billDetail.do?billId=105607
14,140302,"영광원전3,4호기가동반대등","서용진외 2,278인",김인곤의원외 12인,1994-07-09,1994-07-15,상공자원위원회,폐기,처리의안,https://likms.assembly.go.kr/bill/billDetail.do?billId=106238,https://likms.assembly.go.kr/bill/billDetail.do?billId=106238
14,140301,특허심판제도개선을위한특허법등산업재산권관련법개정,이수웅외 4인,제정구의원,1994-07-01,1994-07-02,상공자원위원회,철회,처리의안,https://likms.assembly.go.kr/bill/billDetail.do?billId=106544,https://likms.assembly.go.kr/bill/billDetail.do?billId=106544
14,140300,"특허법원,기술판사제도입을위한법원조직법개정",이수웅외 4인,제정구의원,1994-07-01,1994-07-02,법제사법위원회,철회,처리의안,https://likms.assembly.go.kr/bill/billDetail.do?billId=106556,https://likms.assembly.go.kr/bill/billDetail.do?billId=106556
14,140299,상무대이전에따른피해대책수립,윤여은외 49인,김인곤의원,1994-06-28,1994-06-30,국방위원회,폐기,처리의안,https://likms.assembly.go.kr/bill/billDetail.do?billId=106598,https://likms.assembly.go.kr/bill/billDetail.do?billId=106598
14,140298,"국민권익보호를위한헌법재판소법,법원조직법,변호사법등개정","강문규외 2,147인",현경대의원,1994-06-28,1994-06-30,법제사법위원회,폐기,처리의안,https://likms.assembly.go.kr/bill/billDetail.do?billId=106089,https://likms.assembly.go.kr/bill/billDetail.do?billId=106089
14,140297,여성특별위원회신설,이연숙외 38인,강선영의원외 46인,1994-06-24,1994-06-25,국회운영위원회,철회,처리의안,https://likms.assembly.go.kr/bill/billDetail.do?billId=106568,https://likms.assembly.go.kr/bill/billDetail.do?billId=106568
14,140296,여성특별위원회신설,안상님외 79인,임채정의원외 18인,1994-06-23,1994-06-25,국회운영위원회,철회,처리의안,https://likms.assembly.go.kr/bill/billDetail.do?billId=106575,https://likms.assembly.go.kr/bill/billDetail.do?billId=106575
14,140295,무주부동산처리,이종원외 14인,원광호의원,1994-06-17,1994-06-21,재무위원회,폐기,처리의안,https://likms.assembly.go.kr/bill/billDetail.do?billId=106185,https://likms.assembly.go.kr/bill/billDetail.do?billId=106185
14,140294,풍치지구해제,"전종호외 1,784인",안동선의원,1994-06-15,1994-06-21,건설위원회,본회의불부의,처리의안,https://likms.assembly.go.kr/bill/billDetail.do?billId=106317,https://likms.assembly.go.kr/bill/billDetail.do?billId=106317
14,140293,"귀국외국인근로자에대한체불임금,산재보상금송금","박무영,박승룡,이상경",김말룡의원외 5인,1994-06-14,1994-06-22,환경노동위원회,본회의불부의,처리의안,https://likms.assembly.go.kr/bill/billDetail.do?billId=105628,https://likms.assembly.go.kr/bill/billDetail.do?billId=105628
14,140292,군사시설이전,이윤환,조진형의원,1994-06-13,1994-06-16,국방위원회,폐기,처리의안,https://likms.assembly.go.kr/bill/billDetail.do?billId=106619,https://likms.assembly.go.kr/bill/billDetail.do?billId=106619
14,140291,특허법개정에의한특허법원설치,이수웅,박준병의원,1994-06-10,1994-06-16,상공자원위원회,철회,처리의안,https://likms.assembly.go.kr/bill/billDetail.do?billId=106583,https://likms.assembly.go.kr/bill/billDetail.do?billId=106583
14,140290,매설사용중인도시가스배관용밸브교체에대한재검토,정창무,정순덕의원,1994-06-09,1994-06-15,상공자원위원회,철회,처리의안,https://likms.assembly.go.kr/bill/billDetail.do?billId=106591,https://likms.assembly.go.kr/bill/billDetail.do?billId=106591
14,140289,수자원관리일원화를위한입법,"서한태외 2,000인",김상현의원,1994-06-03,1994-06-15,보건사회위원회,폐기,처리의안,https://likms.assembly.go.kr/bill/billDetail.do?billId=106289,https://likms.assembly.go.kr/bill/billDetail.do?billId=106289
14,140288,김포공항급유기지이전사업시정,정하룡,김영배의원외 3인,1994-06-01,1994-06-04,교통체신위원회,폐기,처리의안,https://likms.assembly.go.kr/bill/billDetail.do?billId=105611,https://likms.assembly.go.kr/bill/billDetail.do?billId=105611
14,140287,수도권신공항건설촉진법개정,"윤세완외 100,345인",조진형의원외 5인,1994-05-23,1994-05-27,교통체신위원회,폐기,처리의안,https://likms.assembly.go.kr/bill/billDetail.do?billId=105941,https://likms.assembly.go.kr/bill/billDetail.do?billId=105941
14,140286,5.17군사쿠데타피해배상법률제정,이만재,나병선의원,1994-05-07,1994-05-13,법제사법위원회,폐기,처리의안,https://likms.assembly.go.kr/bill/billDetail.do?billId=106098,https://likms.assembly.go.kr/bill/billDetail.do?billId=106098
14,140285,구미군부대부지사용권부천시이관,"김관식외 15,755인",원혜영의원외 64인,1994-05-06,1994-05-11,국방위원회,폐기,처리의안,https://likms.assembly.go.kr/bill/billDetail.do?billId=106626,https://likms.assembly.go.kr/bill/billDetail.do?billId=106626
14,140284,향교보유토지비과세를위한지방세법개정,이용신외 67인,정기호의원,1994-05-06,1994-05-11,재무위원회,본회의불부의,처리의안,https://likms.assembly.go.kr/bill/billDetail.do?billId=105674,https://likms.assembly.go.kr/bill/billDetail.do?billId=105674
14,140283,대호방조제조성에따른피해어민보상,"한정동외 1,174인",한영수의원,1994-05-03,1994-05-10,농림수산위원회,폐기,처리의안,https://likms.assembly.go.kr/bill/billDetail.do?billId=106563,https://likms.assembly.go.kr/bill/billDetail.do?billId=106563
14,140282,교종제도입법화,문장식외 304인,한화갑의원외 3인,1994-05-02,1994-05-10,법제사법위원회,폐기,처리의안,https://likms.assembly.go.kr/bill/billDetail.do?billId=106108,https://likms.assembly.go.kr/bill/billDetail.do?billId=106108
14,140281,인삼사업법폐지및인삼산업진흥법제정,"나상규외 5,384인",오장섭의원외 13인,1994-04-27,1994-04-28,재무위원회,폐기,처리의안,https://likms.assembly.go.kr/bill/billDetail.do?billId=106192,https://likms.assembly.go.kr/bill/billDetail.do?billId=106192
14,140280,주민투표법제정,김범태,강철선의원,1994-04-27,1994-04-28,내무위원회,폐기,처리의안,https://likms.assembly.go.kr/bill/billDetail.do?billId=106421,https://likms.assembly.go.kr/bill/billDetail.do?billId=106421
14,140279,인천항운노조공금횡령사건조사,최창국외 2인,김말룡의원외 3인,1994-04-19,1994-04-25,법제사법위원회,폐기,처리의안,https://likms.assembly.go.kr/bill/billDetail.do?billId=106117,https://likms.assembly.go.kr/bill/billDetail.do?billId=106117
14,140278,김해국제공항국내선청사내스넥코너임대,문용만외 103인,송두호의원외 4인,1994-03-03,1994-03-04,교통체신위원회,폐기,처리의안,https://likms.assembly.go.kr/bill/billDetail.do?billId=105996,https://likms.assembly.go.kr/bill/billDetail.do?billId=105996
14,140277,재미교포의국내재산권보장,강대인외 18인,한화갑의원외 4인,1994-02-24,1994-02-26,건설위원회,폐기,처리의안,https://likms.assembly.go.kr/bill/billDetail.do?billId=105948,https://likms.assembly.go.kr/bill/billDetail.do?billId=105948
14,140276,수몰민이주대책,우태옥외 39인,송광호의원,1994-02-23,1994-02-23,내무위원회,본회의불부의,처리의안,https://likms.assembly.go.kr/bill/billDetail.do?billId=105680,https://likms.assembly.go.kr/bill/billDetail.do?billId=105680
14,140275,농수산물유통및가격안정,"이주영외 2,052인",김종완의원,1994-02-22,1994-02-23,농림수산위원회,본회의불부의,처리의안,https://likms.assembly.go.kr/bill/billDetail.do?billId=105689,https://likms.assembly.go.kr/bill/billDetail.do?billId=105689
14,140274,공유수면매립농지재분배및보상,장성남외 6인,이희천의원,1994-02-21,1994-02-22,농림수산위원회,폐기,처리의안,https://likms.assembly.go.kr/bill/billDetail.do?billId=106567,https://likms.assembly.go.kr/bill/billDetail.do?billId=106567
14,140273,국가유공자등단체설립에관한법률개정,정준영외 46인,김상현의원외 56인,1994-02-21,1994-02-22,보건복지위원회,폐기,처리의안,https://likms.assembly.go.kr/bill/billDetail.do?billId=105881,https://likms.assembly.go.kr/bill/billDetail.do?billId=105881
14,140272,의약품개발촉진,한양수외 2인,박계동의원,1994-02-17,1994-02-18,보건복지위원회,폐기,처리의안,https://likms.assembly.go.kr/bill/billDetail.do?billId=105899,https://likms.assembly.go.kr/bill/billDetail.do?billId=105899
14,140271,신원위조확인,백한기,박찬종의원,1994-02-17,null,법제사법위원회,폐기,처리의안,https://likms.assembly.go.kr/bill/billDetail.do?billId=106124,https://likms.assembly.go.kr/bill/billDetail.do?billId=106124
14,140270,농지개량조합법제정,"이정선외 3,789인",정창현의원외 5인,1994-02-15,1994-02-16,농림수산위원회,폐기,처리의안,https://likms.assembly.go.kr/bill/billDetail.do?billId=106573,https://likms.assembly.go.kr/bill/billDetail.do?billId=106573
14,140269,전차포사격장이설촉구,이상로,박태영의원,1994-02-01,1994-02-05,국방위원회,폐기,처리의안,https://likms.assembly.go.kr/bill/billDetail.do?billId=106643,https://likms.assembly.go.kr/bill/billDetail.do?billId=106643
14,140268,부동산소유권이전등기등에관한특별조치법개정,"오석교외 8,346인",조홍규의원,1994-01-25,1994-01-26,법제사법위원회,본회의불부의,처리의안,https://likms.assembly.go.kr/bill/billDetail.do?billId=105641,https://likms.assembly.go.kr/bill/billDetail.do?billId=105641
14,140267,농어촌발전특별조치법개정,"오석교외 7,202인",조홍규의원,1994-01-25,1994-01-26,농림수산위원회,본회의불부의,처리의안,https://likms.assembly.go.kr/bill/billDetail.do?billId=105695,https://likms.assembly.go.kr/bill/billDetail.do?billId=105695
14,140266,불법매각국유지환수,"최형주외 102,820인","박석무,한화갑의원",1994-01-18,1994-01-25,재무위원회,폐기,처리의안,https://likms.assembly.go.kr/bill/billDetail.do?billId=106201,https://likms.assembly.go.kr/bill/billDetail.do?billId=106201
14,140265,고문피해보상대책,"박정기외 1,283인",임채정의원외 73인,1994-01-17,1994-01-26,법제사법위원회,폐기,처리의안,https://likms.assembly.go.kr/bill/billDetail.do?billId=106136,https://likms.assembly.go.kr/bill/billDetail.do?billId=106136
14,140264,농어촌발전특별조치법개정,이계동외 16인,조홍규의원외 5인,1994-01-06,1994-01-10,농림수산위원회,본회의불부의,처리의안,https://likms.assembly.go.kr/bill/billDetail.do?billId=105781,https://likms.assembly.go.kr/bill/billDetail.do?billId=105781
14,140263,국가유공자등단체설립에관한개정,정진한외 860인,김상현의원,1994-01-05,1994-01-10,보건복지위원회,폐기,처리의안,https://likms.assembly.go.kr/bill/billDetail.do?billId=105916,https://likms.assembly.go.kr/bill/billDetail.do?billId=105916
14,140262,종무관제입법화,전상수,한화갑의원외 8인,1993-12-29,1993-12-30,법제사법위원회,폐기,처리의안,https://likms.assembly.go.kr/bill/billDetail.do?billId=106149,https://likms.assembly.go.kr/bill/billDetail.do?billId=106149
14,140261,한국전기공사기사협회법인설치인가,오필원,손학규의원,1993-12-24,1994-01-10,상공자원위원회,폐기,처리의안,https://likms.assembly.go.kr/bill/billDetail.do?billId=106254,https://likms.assembly.go.kr/bill/billDetail.do?billId=106254
14,140260,"""국민학교""명칭개정","김남식외 5,180인",김인영의원외 4인,1993-12-21,1993-12-27,교육위원회,본회의불부의,처리의안,https://likms.assembly.go.kr/bill/billDetail.do?billId=106728,https://likms.assembly.go.kr/bill/billDetail.do?billId=106728
14,140259,농업진흥을위한농업관련법개정,송월주외 5인,김영진의원,1993-12-18,1993-12-21,농림수산위원회,폐기,처리의안,https://likms.assembly.go.kr/bill/billDetail.do?billId=106581,https://likms.assembly.go.kr/bill/billDetail.do?billId=106581
14,140258,여수반란사건의명칭변경및국방부전사편찬기록수정,"문정인외 7,471인",김충조의원외 20인,1993-12-16,1993-12-21,국방위원회,폐기,처리의안,https://likms.assembly.go.kr/bill/billDetail.do?billId=106670,https://likms.assembly.go.kr/bill/billDetail.do?billId=106670
14,140257,상가임대차보호법제정,"백상기외 2,109인",정기호의원,1993-12-15,1993-12-17,법제사법위원회,폐기,처리의안,https://likms.assembly.go.kr/bill/billDetail.do?billId=106159,https://likms.assembly.go.kr/bill/billDetail.do?billId=106159
14,140256,구리인창지구택지개발사업에따른이주및생활대책,남재길외 50인,정주일의원,1993-12-13,1993-12-17,건설위원회,폐기,처리의안,https://likms.assembly.go.kr/bill/billDetail.do?billId=105956,https://likms.assembly.go.kr/bill/billDetail.do?billId=105956
14,140255,학교용지무상공급요청,윤세완외 6인,하근수의원외 5인,1993-12-06,1993-12-09,건설위원회,폐기,처리의안,https://likms.assembly.go.kr/bill/billDetail.do?billId=105965,https://likms.assembly.go.kr/bill/billDetail.do?billId=105965
14,140254,주민투표제도입을위한지방자치법개정,"김왈수외 5,491인",박정훈의원,1993-11-30,1994-02-28,정치관계법심의특별위원회,본회의불부의,처리의안,https://likms.assembly.go.kr/bill/billDetail.do?billId=106366,https://likms.assembly.go.kr/bill/billDetail.do?billId=106366
14,140253,농어업재해대책보상법제정,고화영외 21인,원광호의원외 16인,1993-11-29,1993-12-02,농림수산위원회,폐기,처리의안,https://likms.assembly.go.kr/bill/billDetail.do?billId=106589,https://likms.assembly.go.kr/bill/billDetail.do?billId=106589
14,140252,무주부동산처리,고화영외 21인,원광호의원외 16인,1993-11-29,1993-12-02,재무위원회,본회의불부의,처리의안,https://likms.assembly.go.kr/bill/billDetail.do?billId=105590,https://likms.assembly.go.kr/bill/billDetail.do?billId=105590
14,140251,강원대학교의과대학신설,권영선,류종수의원,1993-11-29,1993-12-01,교육위원회,철회,처리의안,https://likms.assembly.go.kr/bill/billDetail.do?billId=106608,https://likms.assembly.go.kr/bill/billDetail.do?billId=106608
14,140250,종교단체의금융자산에대한실명확인절차간편화,김창인외 10인,임춘원의원,1993-11-26,1993-11-30,재무위원회,본회의불부의,처리의안,https://likms.assembly.go.kr/bill/billDetail.do?billId=105576,https://likms.assembly.go.kr/bill/billDetail.do?billId=105576
14,140249,지방세법개정,김창인외 10인,임춘원의원,1993-11-30,1993-11-30,내무위원회,본회의불부의,처리의안,https://likms.assembly.go.kr/bill/billDetail.do?billId=105684,https://likms.assembly.go.kr/bill/billDetail.do?billId=105684
14,140248,토지초과이득세법개정,김창인외 10인,임춘원의원,1993-11-26,1993-11-30,재무위원회,폐기,처리의안,https://likms.assembly.go.kr/bill/billDetail.do?billId=106213,https://likms.assembly.go.kr/bill/billDetail.do?billId=106213
14,140247,택지소유상한에관한법률개정,김창인외 10인,임춘원의원,1993-11-26,1993-11-30,건설위원회,폐기,처리의안,https://likms.assembly.go.kr/bill/billDetail.do?billId=105970,https://likms.assembly.go.kr/bill/billDetail.do?billId=105970
14,140246,개발제한구역제도개선,최태영,서훈의원외 37인,1993-11-25,1993-11-27,건설위원회,폐기,처리의안,https://likms.assembly.go.kr/bill/billDetail.do?billId=106485,https://likms.assembly.go.kr/bill/billDetail.do?billId=106485
14,140245,산청함양사건관련자의명예회복및특별법제정,이용호외 155인,노인환의원,1993-11-25,1993-11-30,내무위원회,폐기,처리의안,https://likms.assembly.go.kr/bill/billDetail.do?billId=106426,https://likms.assembly.go.kr/bill/billDetail.do?billId=106426
14,140244,원주제주간항공노선개설,이종일외 68인,김영진의원외 11인,1993-11-27,1993-11-27,건설교통위원회,본회의불부의,처리의안,https://likms.assembly.go.kr/bill/billDetail.do?billId=105974,https://likms.assembly.go.kr/bill/billDetail.do?billId=105974
14,140243,약업사지위향상,허철,이종근의원,1993-11-22,1993-11-24,보건사회위원회,철회,처리의안,https://likms.assembly.go.kr/bill/billDetail.do?billId=106614,https://likms.assembly.go.kr/bill/billDetail.do?billId=106614
14,140242,민법제809조제1항폐지,김경오외 28인,주양자의원외 42인,1993-11-20,1993-11-24,법제사법위원회,폐기,처리의안,https://likms.assembly.go.kr/bill/billDetail.do?billId=106167,https://likms.assembly.go.kr/bill/billDetail.do?billId=106167
14,140241,지방세법개정,김창인외 11인,장영달의원외 7인,1993-11-19,1993-11-24,내무위원회,본회의불부의,처리의안,https://likms.assembly.go.kr/bill/billDetail.do?billId=105688,https://likms.assembly.go.kr/bill/billDetail.do?billId=105688
14,140240,토지초과이득세법개정,김창인외 11인,임춘원의원외 7인,1993-11-19,1993-11-24,재무위원회,폐기,처리의안,https://likms.assembly.go.kr/bill/billDetail.do?billId=106223,https://likms.assembly.go.kr/bill/billDetail.do?billId=106223
14,140239,택지소유상한에관한법률개정,김창인외 11인,임춘원의원외 7인,1993-11-19,1993-11-24,건설위원회,폐기,처리의안,https://likms.assembly.go.kr/bill/billDetail.do?billId=105989,https://likms.assembly.go.kr/bill/billDetail.do?billId=105989
14,140238,종교단체의금융자산에대한실명확인절차간편화,김창인외 11인,임춘원의원외 7인,1993-11-19,1993-11-24,재무위원회,본회의불부의,처리의안,https://likms.assembly.go.kr/bill/billDetail.do?billId=105595,https://likms.assembly.go.kr/bill/billDetail.do?billId=105595
14,140237,의료법개정안제32조의2개정,곽선영외 1인,양문희의원외 1인,1993-11-19,1993-11-24,보건복지위원회,폐기,처리의안,https://likms.assembly.go.kr/bill/billDetail.do?billId=105922,https://likms.assembly.go.kr/bill/billDetail.do?billId=105922
14,140236,공공자금관리기금법안및기금관리기본법개정법률안개정,엄규백외 5인,김동길의원,1993-11-19,1993-11-24,재무위원회,본회의불부의,처리의안,https://likms.assembly.go.kr/bill/billDetail.do?billId=105605,https://likms.assembly.go.kr/bill/billDetail.do?billId=105605
14,140235,금융실명제정착과공평과세확립을위한지방세법개정,송월주외 3인,김원길의원,1993-11-19,1993-11-24,내무위원회,본회의불부의,처리의안,https://likms.assembly.go.kr/bill/billDetail.do?billId=105694,https://likms.assembly.go.kr/bill/billDetail.do?billId=105694
14,140234,금융실명제정착과공평과세확립을위한세법개정,송월주외 3인,김원길의원,1993-11-19,1993-11-24,재무위원회,본회의불부의,처리의안,https://likms.assembly.go.kr/bill/billDetail.do?billId=105613,https://likms.assembly.go.kr/bill/billDetail.do?billId=105613
14,140233,농지법제정,황민영외 5인,이길재의원,1993-11-18,1993-11-22,농림수산위원회,폐기,처리의안,https://likms.assembly.go.kr/bill/billDetail.do?billId=106597,https://likms.assembly.go.kr/bill/billDetail.do?billId=106597
14,140232,"국,공유지불하제도개선",손귀철외 49인,백남치의원,1993-11-18,1993-11-22,재무위원회,본회의불부의,처리의안,https://likms.assembly.go.kr/bill/billDetail.do?billId=105580,https://likms.assembly.go.kr/bill/billDetail.do?billId=105580
14,140231,농지개량조합법및농어촌정비법제정안개정,최귀열외 83인,김인곤의원외 6인,1993-11-17,1993-11-20,농림수산위원회,본회의불부의,처리의안,https://likms.assembly.go.kr/bill/billDetail.do?billId=105699,https://likms.assembly.go.kr/bill/billDetail.do?billId=105699
14,140230,형목제입법화,전상수,한화갑의원,1993-11-17,1993-11-20,법제사법위원회,철회,처리의안,https://likms.assembly.go.kr/bill/billDetail.do?billId=106624,https://likms.assembly.go.kr/bill/billDetail.do?billId=106624
14,140229,지방교육자치에관한법률개정,유인종외 233인,"박석무,유성환의원",1993-11-16,1993-11-20,교육위원회,폐기,처리의안,https://likms.assembly.go.kr/bill/billDetail.do?billId=105931,https://likms.assembly.go.kr/bill/billDetail.do?billId=105931
14,140228,월악산국립공원경계조정및건축물고도제한완화,전옥천외 164인,송광호의원,1993-11-16,1993-11-22,내무위원회,본회의불부의,처리의안,https://likms.assembly.go.kr/bill/billDetail.do?billId=105702,https://likms.assembly.go.kr/bill/billDetail.do?billId=105702
14,140227,"산청,함양사건피해자의 명예회복및배상을위한특별법제정",이용효외 155인,노인환의원,1993-11-18,1993-11-19,법제사법위원회,철회,처리의안,https://likms.assembly.go.kr/bill/billDetail.do?billId=106641,https://likms.assembly.go.kr/bill/billDetail.do?billId=106641
14,140226,교육공무원에대한경력평정제도개선,김철기,장영달의원,1993-11-15,1993-11-19,행정위원회,철회,처리의안,https://likms.assembly.go.kr/bill/billDetail.do?billId=106646,https://likms.assembly.go.kr/bill/billDetail.do?billId=106646
14,140225,서교국교내시립도서관신축반대,장정숙외 196인,장영달의원,1993-11-15,1993-11-19,교육위원회,본회의불부의,처리의안,https://likms.assembly.go.kr/bill/billDetail.do?billId=106736,https://likms.assembly.go.kr/bill/billDetail.do?billId=106736
14,140224,공공자금관리기금법제정반대,박종근,장영달의원,1993-11-15,1993-11-19,재무위원회,본회의불부의,처리의안,https://likms.assembly.go.kr/bill/billDetail.do?billId=105619,https://likms.assembly.go.kr/bill/billDetail.do?billId=105619
14,140223,국회법개정,서영훈외 3인,강신옥의원외 1인,1993-11-15,1993-11-17,국회운영위원회,폐기,처리의안,https://likms.assembly.go.kr/bill/billDetail.do?billId=106259,https://likms.assembly.go.kr/bill/billDetail.do?billId=106259
14,140222,산업용품유통단지조성,김연초외 34인,제정구의원외 2인,1993-11-13,1993-11-17,건설위원회,폐기,처리의안,https://likms.assembly.go.kr/bill/billDetail.do?billId=106004,https://likms.assembly.go.kr/bill/billDetail.do?billId=106004
14,140221,정치관련법개정,서영훈외 3인,강신옥의원외 1인,1993-11-13,1994-02-28,정치관계법심의특별위원회,본회의불부의,처리의안,https://likms.assembly.go.kr/bill/billDetail.do?billId=106397,https://likms.assembly.go.kr/bill/billDetail.do?billId=106397
14,140220,약사법개정반대,문창규,정필근의원외 5인,1993-11-12,1993-11-17,보건사회위원회,폐기,처리의안,https://likms.assembly.go.kr/bill/billDetail.do?billId=105933,https://likms.assembly.go.kr/bill/billDetail.do?billId=105933
14,140219,골프장의농약제거시설설치의무법제화,양철운외 33인,김병오의원외 12인,1993-11-12,1994-07-04,환경노동위원회,본회의불부의,처리의안,https://likms.assembly.go.kr/bill/billDetail.do?billId=105636,https://likms.assembly.go.kr/bill/billDetail.do?billId=105636
14,140218,한약업사에대한한약사면허인정,강용현,문창모의원,1993-11-10,1993-11-15,보건사회위원회,폐기,처리의안,https://likms.assembly.go.kr/bill/billDetail.do?billId=105947,https://likms.assembly.go.kr/bill/billDetail.do?billId=105947
14,140217,(주)한화의매립면허조건위반에대한조사요구,백남혁외 185인,제정구의원외 19인,1993-11-09,1993-11-12,건설위원회,폐기,처리의안,https://likms.assembly.go.kr/bill/billDetail.do?billId=106011,https://likms.assembly.go.kr/bill/billDetail.do?billId=106011
14,140216,개혁의제도화를위한국회법개정,송월주외 2인,원혜영의원,1993-11-09,1993-11-11,국회운영위원회,폐기,처리의안,https://likms.assembly.go.kr/bill/billDetail.do?billId=106271,https://likms.assembly.go.kr/bill/billDetail.do?billId=106271
14,140215,관광호텔의혼인예식영업허용,장철희외 18인,송영진의원,1993-11-08,1993-11-12,보건사회위원회,폐기,처리의안,https://likms.assembly.go.kr/bill/billDetail.do?billId=105957,https://likms.assembly.go.kr/bill/billDetail.do?billId=105957
14,140214,10.27법난진상조사,최형술외 2인,박계동의원외 81인,1993-11-06,1993-11-13,문화체육공보위원회,폐기,처리의안,https://likms.assembly.go.kr/bill/billDetail.do?billId=106404,https://likms.assembly.go.kr/bill/billDetail.do?billId=106404
14,140213,1993년도세법개정,박종근,최상용의원,1993-11-06,1993-11-10,재무위원회,본회의불부의,처리의안,https://likms.assembly.go.kr/bill/billDetail.do?billId=105625,https://likms.assembly.go.kr/bill/billDetail.do?billId=105625
14,140212,한양대학병원의의료과실에대한피해배상,이난향,김원웅의원,1993-11-05,1993-11-10,보건사회위원회,폐기,처리의안,https://likms.assembly.go.kr/bill/billDetail.do?billId=105962,https://likms.assembly.go.kr/bill/billDetail.do?billId=105962
14,140211,안면도해태양식장피해보상금재사정,김명식외 17인,장기욱의원외 4인,1993-11-05,1993-11-09,농림수산위원회,폐기,처리의안,https://likms.assembly.go.kr/bill/billDetail.do?billId=106604,https://likms.assembly.go.kr/bill/billDetail.do?billId=106604
14,140210,공정거래위원회고시제92-1호철회,홍순문외 1인,임사빈의원,1993-11-05,1993-11-09,행정경제위원회,폐기,처리의안,https://likms.assembly.go.kr/bill/billDetail.do?billId=106327,https://likms.assembly.go.kr/bill/billDetail.do?billId=106327
14,140209,독립유공자및그유족예우에관한특례법제정,이재윤외 260인,송영진의원외 38인,1993-11-04,1993-11-09,보건사회위원회,폐기,처리의안,https://likms.assembly.go.kr/bill/billDetail.do?billId=105967,https://likms.assembly.go.kr/bill/billDetail.do?billId=105967
14,140208,의료보험법제41조제7항삭제,김재전외 1인,주양자의원외 4인,1993-11-03,1993-11-10,보건사회위원회,본회의불부의,처리의안,https://likms.assembly.go.kr/bill/billDetail.do?billId=105877,https://likms.assembly.go.kr/bill/billDetail.do?billId=105877
14,140207,약사법개정반대,김희중외 2인,김인영의원외 2인,1993-11-03,1993-11-09,보건사회위원회,폐기,처리의안,https://likms.assembly.go.kr/bill/billDetail.do?billId=105975,https://likms.assembly.go.kr/bill/billDetail.do?billId=105975
14,140206,합리적인고용보험법제정및근로자파견법입법반대,박종근,김말룡의원,1993-11-03,1993-11-09,노동위원회,폐기,처리의안,https://likms.assembly.go.kr/bill/billDetail.do?billId=106030,https://likms.assembly.go.kr/bill/billDetail.do?billId=106030
14,140205,노동관계법개정,박종근,김말룡의원,1993-11-03,1993-11-06,노동위원회,폐기,처리의안,https://likms.assembly.go.kr/bill/billDetail.do?billId=106039,https://likms.assembly.go.kr/bill/billDetail.do?billId=106039
14,140204,탁주공급구역제한철폐,석영호,이해찬의원외 10인,1993-11-03,1993-11-06,재무위원회,본회의불부의,처리의안,https://likms.assembly.go.kr/bill/billDetail.do?billId=105629,https://likms.assembly.go.kr/bill/billDetail.do?billId=105629
14,140203,약주공급구역제한철폐,배상면,이해찬의원외 10인,1993-11-03,1993-11-06,재무위원회,본회의불부의,처리의안,https://likms.assembly.go.kr/bill/billDetail.do?billId=105634,https://likms.assembly.go.kr/bill/billDetail.do?billId=105634
14,140202,대덕산골프장사업승인취소,김재기,이규택의원,1993-11-03,1993-11-05,내무위원회,본회의불부의,처리의안,https://likms.assembly.go.kr/bill/billDetail.do?billId=105707,https://likms.assembly.go.kr/bill/billDetail.do?billId=105707
14,140201,"천수만A,B지구간척사업으로인한건간망피해보상",장충희외 2인,장기욱의원외 3인,1993-11-03,1993-11-05,농림수산위원회,폐기,처리의안,https://likms.assembly.go.kr/bill/billDetail.do?billId=106616,https://likms.assembly.go.kr/bill/billDetail.do?billId=106616
14,140200,4.3사건진상규명을위한특별위원회구성요구,장정언외 16인,양정규의원외 3인,1993-11-03,1993-11-04,국회운영위원회,본회의불부의,처리의안,https://likms.assembly.go.kr/bill/billDetail.do?billId=105701,https://likms.assembly.go.kr/bill/billDetail.do?billId=105701
14,140199,남녀불평등세제개혁,"김정례외 3,000인",노승우의원외 15인,1993-11-02,1993-11-04,재무위원회,폐기,처리의안,https://likms.assembly.go.kr/bill/billDetail.do?billId=106251,https://likms.assembly.go.kr/bill/billDetail.do?billId=106251
14,140198,연합의원제도입등을위한의료법개정,권혁채외 196인,김광수의원,1993-11-01,1993-11-03,보건사회위원회,폐기,처리의안,https://likms.assembly.go.kr/bill/billDetail.do?billId=105986,https://likms.assembly.go.kr/bill/billDetail.do?billId=105986
14,140197,정주시명칭변경,박호덕외 14인,김원기의원,1993-11-01,1993-11-01,내무위원회,본회의불부의,처리의안,https://likms.assembly.go.kr/bill/billDetail.do?billId=105714,https://likms.assembly.go.kr/bill/billDetail.do?billId=105714
14,140196,4.3사건진상규명을위한특별위원회구성요구,"오영훈외 17,924인",변정일의원외 4인,1993-10-28,1993-10-29,국회운영위원회,본회의불부의,처리의안,https://likms.assembly.go.kr/bill/billDetail.do?billId=105710,https://likms.assembly.go.kr/bill/billDetail.do?billId=105710
14,140195,초등교육개혁과교대교육정상화,"장지철외 13,249인",김원웅의원외 3인,1993-10-25,1993-10-29,교육위원회,폐기,처리의안,https://likms.assembly.go.kr/bill/billDetail.do?billId=105940,https://likms.assembly.go.kr/bill/billDetail.do?billId=105940
14,140194,의료보험법제41조제7항삭제,이상웅,주양자의원,1993-10-25,1993-10-29,보건사회위원회,철회,처리의안,https://likms.assembly.go.kr/bill/billDetail.do?billId=106671,https://likms.assembly.go.kr/bill/billDetail.do?billId=106671
14,140193,"""국민학교""명칭개정","김남식외 5,180인",장영달의원외 3인,1993-10-25,1993-10-29,교육위원회,철회,처리의안,https://likms.assembly.go.kr/bill/billDetail.do?billId=106681,https://likms.assembly.go.kr/bill/billDetail.do?billId=106681
14,140192,금정굴사건진상조사및관련특별법제정,서병규외 504인,강수림의원,1993-09-22,1993-10-25,내무위원회,폐기,처리의안,https://likms.assembly.go.kr/bill/billDetail.do?billId=106429,https://likms.assembly.go.kr/bill/billDetail.do?billId=106429
14,140191,광주직할시서구분구,"김선문외 4,432인",김충조의원외 11인,1993-10-22,1993-10-25,내무위원회,본회의불부의,처리의안,https://likms.assembly.go.kr/bill/billDetail.do?billId=105722,https://likms.assembly.go.kr/bill/billDetail.do?billId=105722
14,140190,"공공자금관리기금법제정철회및기금관리기본법,국민연금법개정",권영길외 3인,원혜영의원외 4인,1993-10-29,1993-10-29,재무위원회,본회의불부의,처리의안,https://likms.assembly.go.kr/bill/billDetail.do?billId=105638,https://likms.assembly.go.kr/bill/billDetail.do?billId=105638
14,140189,경부고속철도대구통과구간지하건설,"최일외 6,129인",유수호의원외 5인,1993-10-21,1993-10-25,교통체신위원회,폐기,처리의안,https://likms.assembly.go.kr/bill/billDetail.do?billId=106020,https://likms.assembly.go.kr/bill/billDetail.do?billId=106020
14,140188,천수만매립공사로인한폐염전염부실직보상,이철규외 3인,장기욱의원외 4인,1993-10-18,1993-10-18,농림수산위원회,폐기,처리의안,https://likms.assembly.go.kr/bill/billDetail.do?billId=105786,https://likms.assembly.go.kr/bill/billDetail.do?billId=105786
14,140187,공업계고등학교실기교사의준교사자격취득기회부여,배중철,김종하의원외 52인,1993-10-11,1993-10-11,교육위원회,채택,처리의안,https://likms.assembly.go.kr/bill/billDetail.do?billId=105529,https://likms.assembly.go.kr/bill/billDetail.do?billId=105529
14,140186,남북합의서국회동의,"이창복,윤영규,천영세",조순승의원,1993-10-09,1993-10-12,외무통일위원회,폐기,처리의안,https://likms.assembly.go.kr/bill/billDetail.do?billId=106010,https://likms.assembly.go.kr/bill/billDetail.do?billId=106010
14,140185,원진레이온폐업에따른사후대책수립,황동환,원혜영의원외 4인,1993-10-07,1993-10-09,노동위원회,본회의불부의,처리의안,https://likms.assembly.go.kr/bill/billDetail.do?billId=105642,https://likms.assembly.go.kr/bill/billDetail.do?billId=105642
14,140184,공원용지부당매각처분취소,"이상동외 1,560인",서상목의원외 1인,1993-10-06,1993-10-09,내무위원회,본회의불부의,처리의안,https://likms.assembly.go.kr/bill/billDetail.do?billId=105715,https://likms.assembly.go.kr/bill/billDetail.do?billId=105715
14,140183,임대주택분양전환에따른분양가조정,임승태외 474인,이호정의원외 17인,1993-09-24,1993-09-27,건설위원회,본회의불부의,처리의안,https://likms.assembly.go.kr/bill/billDetail.do?billId=106330,https://likms.assembly.go.kr/bill/billDetail.do?billId=106330
14,140182,침구사제도부활을위한의료법개정,"김남섭외 3,150인",박제상의원,1993-09-23,1993-09-25,보건사회위원회,본회의불부의,처리의안,https://likms.assembly.go.kr/bill/billDetail.do?billId=105886,https://likms.assembly.go.kr/bill/billDetail.do?billId=105886
14,140181,노동관련법개정,"권영길,단병호,이홍우,김종렬",신계륜의원외 5인,1993-09-22,1993-09-25,노동위원회,폐기,처리의안,https://likms.assembly.go.kr/bill/billDetail.do?billId=106044,https://likms.assembly.go.kr/bill/billDetail.do?billId=106044
14,140180,귀순의사자격인정,강도옥외 1인,이용삼의원,1993-09-22,1993-09-24,보건사회위원회,본회의불부의,처리의안,https://likms.assembly.go.kr/bill/billDetail.do?billId=105893,https://likms.assembly.go.kr/bill/billDetail.do?billId=105893
14,140179,한전의 비위관련공사업체에대한제재완화,김인권외 115인,이종근의원,1993-09-22,1993-09-24,상공자원위원회,철회,처리의안,https://likms.assembly.go.kr/bill/billDetail.do?billId=106691,https://likms.assembly.go.kr/bill/billDetail.do?billId=106691
14,140178,호원오미자농장수용계획철회촉구,정운희,박경수의원외 2인,1993-09-22,1993-09-23,국방위원회,폐기,처리의안,https://likms.assembly.go.kr/bill/billDetail.do?billId=106683,https://likms.assembly.go.kr/bill/billDetail.do?billId=106683
14,140177,교육법개정,"박정호외 65,293인",김중위의원외 16인,1993-09-22,1993-09-23,교육위원회,본회의불부의,처리의안,https://likms.assembly.go.kr/bill/billDetail.do?billId=106750,https://likms.assembly.go.kr/bill/billDetail.do?billId=106750
14,140176,국립서울정신병원이전,추윤구외 119인,강수림의원,1993-09-22,1993-09-23,보건사회위원회,폐기,처리의안,https://likms.assembly.go.kr/bill/billDetail.do?billId=105992,https://likms.assembly.go.kr/bill/billDetail.do?billId=105992
14,140175,한약사면허제도입,오성윤외 35인,조순승의원,1993-09-20,1993-09-22,보건사회위원회,폐기,처리의안,https://likms.assembly.go.kr/bill/billDetail.do?billId=106000,https://likms.assembly.go.kr/bill/billDetail.do?billId=106000
14,140174,경기대학교에대한국정감사실시,"김정성외 4,113인",류인태의원외 4인,1993-09-17,1993-09-21,교육위원회,본회의불부의,처리의안,https://likms.assembly.go.kr/bill/billDetail.do?billId=106760,https://likms.assembly.go.kr/bill/billDetail.do?billId=106760
14,140173,대구시지하철건설에따른국비지원율상향조정,"백승홍외 50,000인",최두환의원,1993-09-16,1993-09-21,교통체신위원회,폐기,처리의안,https://likms.assembly.go.kr/bill/billDetail.do?billId=106026,https://likms.assembly.go.kr/bill/billDetail.do?billId=106026
14,140172,영유아보육법개정,최현숙,이해찬의원,1993-09-15,1993-09-18,보건복지위원회,폐기,처리의안,https://likms.assembly.go.kr/bill/billDetail.do?billId=106005,https://likms.assembly.go.kr/bill/billDetail.do?billId=106005
14,140171,공유수면매립특혜의혹조사,"이명운외 10,215인",제정구의원외 21인,1993-09-14,1993-09-17,건설위원회,폐기,처리의안,https://likms.assembly.go.kr/bill/billDetail.do?billId=106033,https://likms.assembly.go.kr/bill/billDetail.do?billId=106033
14,140170,"경륜,경정법폐지",임근황외 3인,임채정의원외 35인,1993-09-14,1993-09-18,문화체육공보위원회,폐기,처리의안,https://likms.assembly.go.kr/bill/billDetail.do?billId=106422,https://likms.assembly.go.kr/bill/billDetail.do?billId=106422
14,140169,"천수만A,B지구간척사업으로인한내수면어장피해보상",유희곤외 4인,장기욱의원외 3인,1993-09-17,1993-09-17,농림수산위원회,폐기,처리의안,https://likms.assembly.go.kr/bill/billDetail.do?billId=105788,https://likms.assembly.go.kr/bill/billDetail.do?billId=105788
14,140168,"천수만A,B지구간척사업으로인한건간망피해보상",김응회외 10인,장기욱의원외 3인,1993-09-13,1993-09-17,농림수산위원회,폐기,처리의안,https://likms.assembly.go.kr/bill/billDetail.do?billId=105792,https://likms.assembly.go.kr/bill/billDetail.do?billId=105792
14,140167,공주대학교산업대학의예산산업대학으로의분리독립,이근용외 42인,오장섭의원외 20인,1993-09-11,1993-09-17,교육위원회,폐기,처리의안,https://likms.assembly.go.kr/bill/billDetail.do?billId=105946,https://likms.assembly.go.kr/bill/billDetail.do?billId=105946
14,140166,해고노동자원상회복을위한특별법제정,"이흥석,권영길,단병호,배석범",신계륜의원외 5인,1993-09-10,1993-09-14,노동위원회,폐기,처리의안,https://likms.assembly.go.kr/bill/billDetail.do?billId=106069,https://likms.assembly.go.kr/bill/billDetail.do?billId=106069
14,140165,택지소유상한에관한법률개정,표용은,임춘원의원,1993-09-10,1993-09-14,건설위원회,폐기,처리의안,https://likms.assembly.go.kr/bill/billDetail.do?billId=106047,https://likms.assembly.go.kr/bill/billDetail.do?billId=106047
14,140164,지방세법개정,표용은,임춘원의원,1993-09-10,1993-09-14,내무위원회,본회의불부의,처리의안,https://likms.assembly.go.kr/bill/billDetail.do?billId=105730,https://likms.assembly.go.kr/bill/billDetail.do?billId=105730
14,140163,대전법조청사조기건립,박주봉외 1인,김원웅의원외 8인,1993-09-09,1993-09-15,법제사법위원회,본회의불부의,처리의안,https://likms.assembly.go.kr/bill/billDetail.do?billId=105651,https://likms.assembly.go.kr/bill/billDetail.do?billId=105651
14,140162,공작물신축허가조건미이행에대한진상조사및시정조치,박효성,윤영탁의원,1993-09-08,1993-09-17,행정위원회,본회의불부의,처리의안,https://likms.assembly.go.kr/bill/billDetail.do?billId=105737,https://likms.assembly.go.kr/bill/billDetail.do?billId=105737
14,140161,임대주택분양전환에따른분양가조정,김동조외 2인,문희상의원외 10인,1993-09-07,1993-09-10,건설위원회,본회의불부의,처리의안,https://likms.assembly.go.kr/bill/billDetail.do?billId=106343,https://likms.assembly.go.kr/bill/billDetail.do?billId=106343
14,140160,고물영업법폐지반대,김용찬외 24인,조홍규의원,1993-09-10,1993-09-10,내무위원회,본회의불부의,처리의안,https://likms.assembly.go.kr/bill/billDetail.do?billId=105743,https://likms.assembly.go.kr/bill/billDetail.do?billId=105743
14,140159,사할린동포귀국허용및생계대책,"지익표,박해동외 572인",강철선의원외 3인,1993-09-06,1993-09-10,외무통일위원회,폐기,처리의안,https://likms.assembly.go.kr/bill/billDetail.do?billId=105993,https://likms.assembly.go.kr/bill/billDetail.do?billId=105993
14,140158,국가유공자예우등에관한법률개정,위증,홍기훈의원,1993-09-04,1993-09-08,보건사회위원회,본회의불부의,처리의안,https://likms.assembly.go.kr/bill/billDetail.do?billId=105898,https://likms.assembly.go.kr/bill/billDetail.do?billId=105898
14,140157,종교단체의금융자산에대한실명확인절차간편화,표용은,임춘원의원,1993-09-01,1993-09-04,재무위원회,본회의불부의,처리의안,https://likms.assembly.go.kr/bill/billDetail.do?billId=105648,https://likms.assembly.go.kr/bill/billDetail.do?billId=105648
14,140156,토지초과이득세법개정,표용은,임춘원의원,1993-09-01,1993-09-04,재무위원회,폐기,처리의안,https://likms.assembly.go.kr/bill/billDetail.do?billId=106240,https://likms.assembly.go.kr/bill/billDetail.do?billId=106240
14,140155,주택개량재개발조합의조합원자격인정,김북성외 32인,장기욱의원외 5인,1993-09-01,1993-09-04,건설위원회,본회의불부의,처리의안,https://likms.assembly.go.kr/bill/billDetail.do?billId=106352,https://likms.assembly.go.kr/bill/billDetail.do?billId=106352
14,140154,국가유공자예우등에관한법률개정,이철우외 44인,송영진의원외 8인,1993-08-27,1993-08-30,보건사회위원회,폐기,처리의안,https://likms.assembly.go.kr/bill/billDetail.do?billId=106014,https://likms.assembly.go.kr/bill/billDetail.do?billId=106014
14,140153,의료법개정,권세원,최상용의원,1993-08-24,1993-08-28,보건사회위원회,폐기,처리의안,https://likms.assembly.go.kr/bill/billDetail.do?billId=106021,https://likms.assembly.go.kr/bill/billDetail.do?billId=106021
14,140152,상훈법개정,"정성표외 3,800인",임사빈의원,1993-08-23,1993-08-28,행정위원회,폐기,처리의안,https://likms.assembly.go.kr/bill/billDetail.do?billId=106334,https://likms.assembly.go.kr/bill/billDetail.do?billId=106334
14,140151,"""돌하르방""상표등록",장정언외 16인,현경대의원외 3인,1993-08-23,1993-08-28,상공자원위원회,폐기,처리의안,https://likms.assembly.go.kr/bill/billDetail.do?billId=106266,https://likms.assembly.go.kr/bill/billDetail.do?billId=106266
14,140150,의료과실책임자처벌및피해배상,이난향,김원웅의원외 4인,1993-08-21,1993-08-21,법제사법위원회,철회,처리의안,https://likms.assembly.go.kr/bill/billDetail.do?billId=106704,https://likms.assembly.go.kr/bill/billDetail.do?billId=106704
14,140149,"홍성,보령지구농업종합개발사업에따른어민피해보상","이신복외 1,909인",김용환의원외 10인,1993-08-18,1993-08-26,농림수산위원회,폐기,처리의안,https://likms.assembly.go.kr/bill/billDetail.do?billId=105807,https://likms.assembly.go.kr/bill/billDetail.do?billId=105807
14,140148,서산천수만A지구간척사업으로인한내수면어장피해보상,유영기외 94인,장기욱의원외 8인,1993-08-13,1993-08-16,농림수산위원회,폐기,처리의안,https://likms.assembly.go.kr/bill/billDetail.do?billId=105817,https://likms.assembly.go.kr/bill/billDetail.do?billId=105817
14,140147,"서산천수만A,B지구간척사업으로인한내수면어장피해보상",조한웅외 25인,장기욱의원외 8인,1993-08-13,1993-08-16,농림수산위원회,폐기,처리의안,https://likms.assembly.go.kr/bill/billDetail.do?billId=105822,https://likms.assembly.go.kr/bill/billDetail.do?billId=105822
14,140146,서산천수만A지구간척사업으로인한내수면어장피해보상,김명구외 11인,장기욱의원외 8인,1993-08-13,1993-08-16,농림수산위원회,폐기,처리의안,https://likms.assembly.go.kr/bill/billDetail.do?billId=105830,https://likms.assembly.go.kr/bill/billDetail.do?billId=105830
14,140145,개발제한구역일부해제,정기원외 426인,안동선의원,1993-08-12,1993-08-16,건설위원회,폐기,처리의안,https://likms.assembly.go.kr/bill/billDetail.do?billId=106073,https://likms.assembly.go.kr/bill/billDetail.do?billId=106073
14,140144,택지개발사업지구내무허가건물에대한이주대책대상인정,최종성외 76인,백남치의원,1993-08-12,1993-08-16,건설위원회,철회,처리의안,https://likms.assembly.go.kr/bill/billDetail.do?billId=106714,https://likms.assembly.go.kr/bill/billDetail.do?billId=106714
14,140143,석오이동녕선생동상건립,강영훈외 8인,이웅희의원외 21인,1993-08-11,1993-08-14,국회운영위원회,채택,처리의안,https://likms.assembly.go.kr/bill/billDetail.do?billId=105546,https://likms.assembly.go.kr/bill/billDetail.do?billId=105546
14,140142,사육멧돼지의품종구분및가축화인정,장기항외 35인,박경수의원,1993-08-09,1993-08-14,농림수산위원회,본회의불부의,처리의안,https://likms.assembly.go.kr/bill/billDetail.do?billId=105706,https://likms.assembly.go.kr/bill/billDetail.do?billId=105706
14,140141,지방세법시행령개정,정광교외 9인,손학규의원,1993-08-09,1993-08-14,내무위원회,본회의불부의,처리의안,https://likms.assembly.go.kr/bill/billDetail.do?billId=105748,https://likms.assembly.go.kr/bill/billDetail.do?billId=105748
14,140140,대전엑스포관련기채액상환을위한국고지원,박종윤외 104인,이재환의원외 3인,1993-08-09,1993-08-16,내무위원회,본회의불부의,처리의안,https://likms.assembly.go.kr/bill/billDetail.do?billId=105753,https://likms.assembly.go.kr/bill/billDetail.do?billId=105753
14,140139,천수만B지구내수면어업권보상,김형목외 50인,장기욱의원외 4인,1993-07-27,1993-07-29,농림수산위원회,폐기,처리의안,https://likms.assembly.go.kr/bill/billDetail.do?billId=105840,https://likms.assembly.go.kr/bill/billDetail.do?billId=105840
14,140138,천수만B지구내수면어업권보상,박상존외 20인,장기욱의원외 4인,1993-07-27,1993-07-29,농림수산위원회,폐기,처리의안,https://likms.assembly.go.kr/bill/billDetail.do?billId=105846,https://likms.assembly.go.kr/bill/billDetail.do?billId=105846
14,140137,부산시화장장건립계획변경,"곽용호외 28,009인",원혜영의원외 6인,1993-07-22,1993-07-24,내무위원회,본회의불부의,처리의안,https://likms.assembly.go.kr/bill/billDetail.do?billId=105758,https://likms.assembly.go.kr/bill/billDetail.do?billId=105758
14,140136,이중국적인정,"이성태외 1,417인",박경수의원,1993-07-15,1993-07-21,법제사법위원회,본회의불부의,처리의안,https://likms.assembly.go.kr/bill/billDetail.do?billId=105656,https://likms.assembly.go.kr/bill/billDetail.do?billId=105656
14,140135,문경양민학살사건진상규명과보상,채의진외 30인,이승무의원외 13인,1993-07-15,1993-07-02,국방위원회,철회,처리의안,https://likms.assembly.go.kr/bill/billDetail.do?billId=106718,https://likms.assembly.go.kr/bill/billDetail.do?billId=106718
14,140134,국민의알권리보장을위한정보공개법제정,송현섭외 3인,류인태의원외 1인,1993-07-15,1993-07-21,행정위원회,폐기,처리의안,https://likms.assembly.go.kr/bill/billDetail.do?billId=106342,https://likms.assembly.go.kr/bill/billDetail.do?billId=106342
14,140133,1980년정화조치로인한피해근로자의명예회복및원상복직,박종근,최상용의원외 2인,1993-07-12,1993-07-14,노동위원회,폐기,처리의안,https://likms.assembly.go.kr/bill/billDetail.do?billId=106080,https://likms.assembly.go.kr/bill/billDetail.do?billId=106080
14,140132,1980년해직공무원의보상등에관한특별조치법개정,이상복,이영권의원외 14인,1993-07-12,1993-07-14,행정위원회,폐기,처리의안,https://likms.assembly.go.kr/bill/billDetail.do?billId=106347,https://likms.assembly.go.kr/bill/billDetail.do?billId=106347
14,140131,개발제한구역의재조정과재산손실보상법제정,이상태외 359인,김원웅의원외 4인,1993-07-12,1993-07-14,건설위원회,폐기,처리의안,https://likms.assembly.go.kr/bill/billDetail.do?billId=106079,https://likms.assembly.go.kr/bill/billDetail.do?billId=106079
14,140130,우박피해농가국가지원대책,전인택외 667인,박경수의원,1993-07-09,1993-07-14,농림수산위원회,본회의불부의,처리의안,https://likms.assembly.go.kr/bill/billDetail.do?billId=105711,https://likms.assembly.go.kr/bill/billDetail.do?billId=105711
14,140129,경상남도소재구동래군지역의복군,공태도,나오연의원,1993-07-09,1993-07-14,내무위원회,본회의불부의,처리의안,https://likms.assembly.go.kr/bill/billDetail.do?billId=105765,https://likms.assembly.go.kr/bill/billDetail.do?billId=105765
14,140128,문장대온천개발중지,김연권외 36인,이종근의원,1993-07-06,1993-07-07,내무위원회,폐기,처리의안,https://likms.assembly.go.kr/bill/billDetail.do?billId=106435,https://likms.assembly.go.kr/bill/billDetail.do?billId=106435
14,140127,1994시설채소시범단지조성,채준병외 22인,이종근의원,1993-07-06,1993-07-07,농림수산위원회,본회의불부의,처리의안,https://likms.assembly.go.kr/bill/billDetail.do?billId=105719,https://likms.assembly.go.kr/bill/billDetail.do?billId=105719
14,140126,"충주문화원사개,보수를위한국고지원",장수봉,이종근의원,1993-07-06,1993-07-07,문화체육공보위원회,폐기,처리의안,https://likms.assembly.go.kr/bill/billDetail.do?billId=106437,https://likms.assembly.go.kr/bill/billDetail.do?billId=106437
14,140125,개발제한구역등재조정,이석창외 848인,제정구의원,1993-07-05,1993-07-06,건설위원회,폐기,처리의안,https://likms.assembly.go.kr/bill/billDetail.do?billId=106088,https://likms.assembly.go.kr/bill/billDetail.do?billId=106088
14,140124,하천법개정,김종률외 517인,최두환의원외 9인,1993-07-05,1993-07-06,건설위원회,폐기,처리의안,https://likms.assembly.go.kr/bill/billDetail.do?billId=106092,https://likms.assembly.go.kr/bill/billDetail.do?billId=106092
14,140123,토지구획정리사업변경,송순의외 130인,이규택의원,1993-07-02,1993-07-06,건설위원회,폐기,처리의안,https://likms.assembly.go.kr/bill/billDetail.do?billId=106102,https://likms.assembly.go.kr/bill/billDetail.do?billId=106102
14,140122,군사시설보호구역해제,"이도호외 1,543인",이부영의원,1993-07-02,1993-07-06,국방위원회,본회의불부의,처리의안,https://likms.assembly.go.kr/bill/billDetail.do?billId=106265,https://likms.assembly.go.kr/bill/billDetail.do?billId=106265
14,140121,한국담배인삼공사의농림수산부이관,"김동열외 3,382인",정장현의원외 6인,1993-07-02,1993-07-06,재무위원회,본회의불부의,처리의안,https://likms.assembly.go.kr/bill/billDetail.do?billId=105650,https://likms.assembly.go.kr/bill/billDetail.do?billId=105650
14,140120,한국마사회의농림수산부이관,"김동열외 3,382인",이길재의원외 6인,1993-07-02,1993-07-06,문화체육공보위원회,폐기,처리의안,https://likms.assembly.go.kr/bill/billDetail.do?billId=106444,https://likms.assembly.go.kr/bill/billDetail.do?billId=106444
14,140119,강릉대학교의과대학및대학병원설립,"홍헌표외 100,295인",최돈웅의원,1993-06-28,1993-07-06,교육위원회,본회의불부의,처리의안,https://likms.assembly.go.kr/bill/billDetail.do?billId=106772,https://likms.assembly.go.kr/bill/billDetail.do?billId=106772
14,140118,입법예고된공중위생법중세탁업신고제폐지의철회,"정문옥외 6,221인",홍기훈의원,1993-06-24,1993-06-28,보건사회위원회,본회의불부의,처리의안,https://likms.assembly.go.kr/bill/billDetail.do?billId=105910,https://likms.assembly.go.kr/bill/billDetail.do?billId=105910
14,140117,천수만A지구내수면어업보상촉구,오봉식외 7인,장기욱의원외 1인,1993-06-24,1993-06-29,농림수산위원회,폐기,처리의안,https://likms.assembly.go.kr/bill/billDetail.do?billId=105855,https://likms.assembly.go.kr/bill/billDetail.do?billId=105855
14,140116,천수만B지구내수면어업보상촉구,장순원외 24인,장기욱의원외 1인,1993-06-24,1993-06-29,농림수산위원회,폐기,처리의안,https://likms.assembly.go.kr/bill/billDetail.do?billId=105863,https://likms.assembly.go.kr/bill/billDetail.do?billId=105863
14,140115,해직철도공무원복직을위한특별법제정,김창한외 2인,한화갑의원외 5인,1993-06-22,1993-06-26,교통체신위원회,본회의불부의,처리의안,https://likms.assembly.go.kr/bill/billDetail.do?billId=105626,https://likms.assembly.go.kr/bill/billDetail.do?billId=105626
14,140114,5.18민중항쟁진상규명을위한 특별법제정및특별검사제도입,"강신석외 115,887인",정상용의원외 14인,1993-06-08,1993-06-12,법제사법위원회,폐기,처리의안,https://likms.assembly.go.kr/bill/billDetail.do?billId=106180,https://likms.assembly.go.kr/bill/billDetail.do?billId=106180
14,140113,육군항공학교이전반대,"김형중외 18,055인",권노갑의원외 22인,1993-06-07,1993-06-12,국방위원회,본회의불부의,처리의안,https://likms.assembly.go.kr/bill/billDetail.do?billId=106273,https://likms.assembly.go.kr/bill/billDetail.do?billId=106273
14,140112,공원용지지정해제,김직술외 839인,박실의원외 6인,1993-06-03,1993-06-12,건설교통위원회,본회의불부의,처리의안,https://likms.assembly.go.kr/bill/billDetail.do?billId=106461,https://likms.assembly.go.kr/bill/billDetail.do?billId=106461
14,140111,향토문화진흥,김택규,박석무의원외 2인,1993-05-26,1993-06-02,문화체육공보위원회,폐기,처리의안,https://likms.assembly.go.kr/bill/billDetail.do?billId=106451,https://likms.assembly.go.kr/bill/billDetail.do?billId=106451
14,140110,"서산천수만A,B지구간척사업으로인한선박어업피해추가보상",허곡구외 31인,장기욱의원외 3인,1993-05-19,1993-05-26,농림수산위원회,폐기,처리의안,https://likms.assembly.go.kr/bill/billDetail.do?billId=105868,https://likms.assembly.go.kr/bill/billDetail.do?billId=105868
14,140109,"서산천수만A,B지구간척사업으로인한내수면어장피해보상",지규광외 735인,장기욱의원외 5인,1993-05-19,1993-05-26,농림수산위원회,폐기,처리의안,https://likms.assembly.go.kr/bill/billDetail.do?billId=105874,https://likms.assembly.go.kr/bill/billDetail.do?billId=105874
14,140108,군폭발물처리장이전,김종태,나오연의원,1993-05-19,1993-05-26,국방위원회,본회의불부의,처리의안,https://likms.assembly.go.kr/bill/billDetail.do?billId=106292,https://likms.assembly.go.kr/bill/billDetail.do?billId=106292
14,140107,탄광지역보호육성,김시돈외 5인,류승규의원,1993-05-19,1993-05-25,상공자원위원회,폐기,처리의안,https://likms.assembly.go.kr/bill/billDetail.do?billId=106274,https://likms.assembly.go.kr/bill/billDetail.do?billId=106274
14,140106,38번국도조기착공,김시돈외 5인,류승규의원,1993-05-19,1993-05-25,건설위원회,철회,처리의안,https://likms.assembly.go.kr/bill/billDetail.do?billId=106733,https://likms.assembly.go.kr/bill/billDetail.do?billId=106733
14,140105,개발제한구역지정해제,"김종태외 1,763인",나오연의원,1995-05-19,1993-05-25,건설위원회,폐기,처리의안,https://likms.assembly.go.kr/bill/billDetail.do?billId=106111,https://likms.assembly.go.kr/bill/billDetail.do?billId=106111
14,140104,개발제한구역의재조정및손실보상관련법제정,남건우외 746인,원혜영의원,1993-05-19,1993-05-22,건설위원회,폐기,처리의안,https://likms.assembly.go.kr/bill/billDetail.do?billId=106119,https://likms.assembly.go.kr/bill/billDetail.do?billId=106119
14,140103,"서산천수만A,B지구간척사업으로인한건강망피해보상",엄장섭외 13인,장기욱의원외 2인,1993-05-14,1993-05-17,농림수산위원회,폐기,처리의안,https://likms.assembly.go.kr/bill/billDetail.do?billId=105880,https://likms.assembly.go.kr/bill/billDetail.do?billId=105880
14,140102,천수만A지구내수면어업보상,임한식외 6인,장기욱의원외 4인,1993-05-14,1993-05-17,농림수산위원회,폐기,처리의안,https://likms.assembly.go.kr/bill/billDetail.do?billId=105887,https://likms.assembly.go.kr/bill/billDetail.do?billId=105887
14,140101,고용관계법제정,"권영길,단병호,김동섭,김종렬",신계륜의원외 4인,1993-05-12,1993-05-15,노동위원회,폐기,처리의안,https://likms.assembly.go.kr/bill/billDetail.do?billId=106087,https://likms.assembly.go.kr/bill/billDetail.do?billId=106087
14,140100,침구사제도화를위한의료법개정,이석원외 25인,손승덕의원,1993-05-12,1993-05-14,보건사회위원회,폐기,처리의안,https://likms.assembly.go.kr/bill/billDetail.do?billId=106027,https://likms.assembly.go.kr/bill/billDetail.do?billId=106027
14,140099,천수만 A지구내수면어업보상,최수길외 8인,장기욱의원외 4인,1993-05-14,1993-05-14,농림수산위원회,폐기,처리의안,https://likms.assembly.go.kr/bill/billDetail.do?billId=105892,https://likms.assembly.go.kr/bill/billDetail.do?billId=105892
14,140098,해태양식장철거에따른대책요구,조희순외 74인,장기욱의원외 4인,1993-05-11,1993-05-14,농림수산위원회,폐기,처리의안,https://likms.assembly.go.kr/bill/billDetail.do?billId=105896,https://likms.assembly.go.kr/bill/billDetail.do?billId=105896
14,140097,기업활동규제완화에관한특별조치법안개정,단병호외 12인,원혜영의원외 3인,1993-05-10,1993-05-11,상공자원위원회,본회의불부의,처리의안,https://likms.assembly.go.kr/bill/billDetail.do?billId=105673,https://likms.assembly.go.kr/bill/billDetail.do?billId=105673
14,140096,서남해지역트롤어업허가,김태철외 15인,한화갑의원,1993-05-08,1993-05-11,농림수산위원회,본회의불부의,처리의안,https://likms.assembly.go.kr/bill/billDetail.do?billId=105724,https://likms.assembly.go.kr/bill/billDetail.do?billId=105724
14,140095,약사법개정반대,권경곤,이장희의원,1993-05-08,1993-05-11,보건사회위원회,본회의불부의,처리의안,https://likms.assembly.go.kr/bill/billDetail.do?billId=105914,https://likms.assembly.go.kr/bill/billDetail.do?billId=105914
14,140094,해직철도공무원복직,김창한외 2인,한화갑의원외 4인,1993-05-04,1993-05-07,행정위원회,철회,처리의안,https://likms.assembly.go.kr/bill/billDetail.do?billId=106740,https://likms.assembly.go.kr/bill/billDetail.do?billId=106740
14,140093,공직자윤리법개정,변형윤외 3인,이철의원,1993-05-03,1993-05-11,정치관계법심의특별위원회,본회의불부의,처리의안,https://likms.assembly.go.kr/bill/billDetail.do?billId=106410,https://likms.assembly.go.kr/bill/billDetail.do?billId=106410
14,140092,정부조직내한의약전담부서설치,허창회,김말룡의원,1993-05-01,1993-05-07,보건사회위원회,본회의불부의,처리의안,https://likms.assembly.go.kr/bill/billDetail.do?billId=105921,https://likms.assembly.go.kr/bill/billDetail.do?billId=105921
14,140091,약사법개정,허창회,김말룡의원,1993-05-01,1993-05-07,보건사회위원회,본회의불부의,처리의안,https://likms.assembly.go.kr/bill/billDetail.do?billId=105930,https://likms.assembly.go.kr/bill/billDetail.do?billId=105930
14,140090,병역법시행령개정,김성중외 10인,정대철의원,1993-04-29,1993-05-07,국방위원회,채택,처리의안,https://likms.assembly.go.kr/bill/billDetail.do?billId=105556,https://likms.assembly.go.kr/bill/billDetail.do?billId=105556
14,140089,민간인통제선조정,"박성엽외 1,148인",김두섭의원외 10인,1993-04-29,1993-05-04,국방위원회,본회의불부의,처리의안,https://likms.assembly.go.kr/bill/billDetail.do?billId=106299,https://likms.assembly.go.kr/bill/billDetail.do?billId=106299
14,140088,언론광고탄압과언론인해직진상규명및복직등을위한특별법제정,"권영길외 5,182인",박계동의원,1993-04-28,1993-05-04,문화체육공보위원회,폐기,처리의안,https://likms.assembly.go.kr/bill/billDetail.do?billId=106457,https://likms.assembly.go.kr/bill/billDetail.do?billId=106457
14,140087,전화기본요금폐지,"김경숙,이채환,주지환,김내옥,박홍길,고호길,박찬준,황진수,문태의",한화갑의원,1993-04-28,1993-05-04,체신과학기술위원회,폐기,처리의안,https://likms.assembly.go.kr/bill/billDetail.do?billId=106106,https://likms.assembly.go.kr/bill/billDetail.do?billId=106106
14,140086,노점상강제철거중단및합법화,이필두외 186인,이길재의원외 6인,1993-04-26,1993-04-28,내무위원회,폐기,처리의안,https://likms.assembly.go.kr/bill/billDetail.do?billId=106441,https://likms.assembly.go.kr/bill/billDetail.do?billId=106441
14,140085,월남귀순용사특별보상법개정법률안개정,정형준외 396인,정대철의원,1993-04-26,1993-04-28,보건사회위원회,본회의불부의,처리의안,https://likms.assembly.go.kr/bill/billDetail.do?billId=105936,https://likms.assembly.go.kr/bill/billDetail.do?billId=105936
14,140084,인체삽입의료용구의안전성검사,서활,주양자의원,1993-04-26,1993-04-28,보건사회위원회,본회의불부의,처리의안,https://likms.assembly.go.kr/bill/billDetail.do?billId=105943,https://likms.assembly.go.kr/bill/billDetail.do?billId=105943
14,140083,무공수훈인정,백승덕,이재환의원,1993-04-16,1993-04-23,국방위원회,본회의불부의,처리의안,https://likms.assembly.go.kr/bill/billDetail.do?billId=106312,https://likms.assembly.go.kr/bill/billDetail.do?billId=106312
14,140082,국가유공자예우및생활지원요청,이기덕외 3인,김두섭의원외 10인,1993-04-16,1993-04-22,보건사회위원회,폐기,처리의안,https://likms.assembly.go.kr/bill/billDetail.do?billId=106035,https://likms.assembly.go.kr/bill/billDetail.do?billId=106035
14,140081,"천수만 A,B지구간척사업으로인한어민피해보상","김영오외 1,160인",장기욱의원,1993-04-15,1993-04-22,농림수산위원회,폐기,처리의안,https://likms.assembly.go.kr/bill/billDetail.do?billId=105904,https://likms.assembly.go.kr/bill/billDetail.do?billId=105904
14,140079,기호농지개량조합분리독립,"한영식외 15,180인",이해구의원,1993-04-14,1993-04-21,농림수산위원회,본회의불부의,처리의안,https://likms.assembly.go.kr/bill/billDetail.do?billId=105733,https://likms.assembly.go.kr/bill/billDetail.do?billId=105733
14,140078,수도권정비권역재조정,"한영식외 1,764인",이해구의원,1993-04-14,1993-04-21,건설위원회,폐기,처리의안,https://likms.assembly.go.kr/bill/billDetail.do?billId=106125,https://likms.assembly.go.kr/bill/billDetail.do?billId=106125
14,140077,개발제한구역지정에따른손실보상관련법제정및동구역재조정,이석현외 804인,이원형의원,1993-04-09,1993-04-21,건설위원회,폐기,처리의안,https://likms.assembly.go.kr/bill/billDetail.do?billId=106133,https://likms.assembly.go.kr/bill/billDetail.do?billId=106133
14,140076,"한글,한자혼용에관한법률제정등",유정기,김길홍의원,1993-03-29,1993-04-01,문화체육공보위원회,폐기,처리의안,https://likms.assembly.go.kr/bill/billDetail.do?billId=106483,https://likms.assembly.go.kr/bill/billDetail.do?billId=106483
14,140075,농업진흥지역지정해제,권순천,민태구의원,1993-03-11,1993-03-16,농림수산위원회,본회의불부의,처리의안,https://likms.assembly.go.kr/bill/billDetail.do?billId=105738,https://likms.assembly.go.kr/bill/billDetail.do?billId=105738
14,140074,개발제한구역일부해제,권회영외 792인,김기배의원,1993-03-03,1993-03-06,건설위원회,폐기,처리의안,https://likms.assembly.go.kr/bill/billDetail.do?billId=106138,https://likms.assembly.go.kr/bill/billDetail.do?billId=106138
14,140073,고창남당삽혈동맹단성역화,신사범외 400인,정균환의원외 15인,1993-02-22,1993-03-02,문화공보위원회,폐기,처리의안,https://likms.assembly.go.kr/bill/billDetail.do?billId=106490,https://likms.assembly.go.kr/bill/billDetail.do?billId=106490
14,140072,방송법개정,"김석주외 4,200인",박명환의원외 98인,1993-02-19,1993-02-19,문화공보위원회,폐기,처리의안,https://likms.assembly.go.kr/bill/billDetail.do?billId=106501,https://likms.assembly.go.kr/bill/billDetail.do?billId=106501
14,140071,공유수면매립,이봉덕,박범진의원,1993-02-18,1994-12-29,건설위원회,폐기,처리의안,https://likms.assembly.go.kr/bill/billDetail.do?billId=105908,https://likms.assembly.go.kr/bill/billDetail.do?billId=105908
14,140070,종교전문학교법제화,윤이흠,이해찬의원,1993-02-17,1993-02-22,교육체육청소년위원회,본회의불부의,처리의안,https://likms.assembly.go.kr/bill/billDetail.do?billId=106781,https://likms.assembly.go.kr/bill/billDetail.do?billId=106781
14,140069,"인영,필적등의감정과감정사의자격법제화등",김선월외 11인,강수림의원외 63인,1993-02-17,1993-02-22,법제사법위원회,폐기,처리의안,https://likms.assembly.go.kr/bill/billDetail.do?billId=106187,https://likms.assembly.go.kr/bill/billDetail.do?billId=106187
14,140068,철거이주민생활대책용상업용지공급,장남수외 111인,강우혁의원,1993-02-15,1993-02-18,건설교통위원회,본회의불부의,처리의안,https://likms.assembly.go.kr/bill/billDetail.do?billId=106468,https://likms.assembly.go.kr/bill/billDetail.do?billId=106468
14,140067,양식어장면허,정관희외 20인,최락도의원,1993-02-08,1993-02-11,농림수산위원회,철회,처리의안,https://likms.assembly.go.kr/bill/billDetail.do?billId=106758,https://likms.assembly.go.kr/bill/billDetail.do?billId=106758
14,140066,개발제한구역의재조정및행위규제완화,한승호외 9인,이민섭의원,1993-02-03,1993-02-05,건설위원회,폐기,처리의안,https://likms.assembly.go.kr/bill/billDetail.do?billId=106147,https://likms.assembly.go.kr/bill/billDetail.do?billId=106147
14,140065,"서천화력발전소설치,운용으로인한인근어민피해보상",홍성돈외 149인,장기욱의원외 5인,1993-02-01,1993-02-05,동력자원위원회,폐기,처리의안,https://likms.assembly.go.kr/bill/billDetail.do?billId=106281,https://likms.assembly.go.kr/bill/billDetail.do?billId=106281
14,140064,순국선열및애국지사예우에관한특별법제정,박영준,강인섭의원,1992-12-22,1992-12-28,보건사회위원회,폐기,처리의안,https://likms.assembly.go.kr/bill/billDetail.do?billId=106042,https://likms.assembly.go.kr/bill/billDetail.do?billId=106042
14,140063,약업사지위보장반대,권경곤외 141인,박명환의원,1992-12-07,1992-12-12,보건사회위원회,폐기,처리의안,https://likms.assembly.go.kr/bill/billDetail.do?billId=106051,https://likms.assembly.go.kr/bill/billDetail.do?billId=106051
14,140062,국유림재감정평가실시,김선월,이웅희의원,1992-11-25,1992-12-09,농림수산위원회,폐기,처리의안,https://likms.assembly.go.kr/bill/billDetail.do?billId=105917,https://likms.assembly.go.kr/bill/billDetail.do?billId=105917
14,140061,실린더상하구동장치실용화를위한지원,이수출외 1인,강수림의원외 3인,1992-11-21,1992-11-28,상공위원회,본회의불부의,처리의안,https://likms.assembly.go.kr/bill/billDetail.do?billId=105678,https://likms.assembly.go.kr/bill/billDetail.do?billId=105678
14,140060,82년국방과학연구소해직자의명예회복및보상,김지환,권노갑의원,1992-11-28,1992-11-28,국방위원회,폐기,처리의안,https://likms.assembly.go.kr/bill/billDetail.do?billId=106697,https://likms.assembly.go.kr/bill/billDetail.do?billId=106697
14,140059,KAL007기격추사건의진상규명및피해배상,홍현모외 27인,류인학의원,1992-11-19,1992-11-25,외무통일위원회,폐기,처리의안,https://likms.assembly.go.kr/bill/billDetail.do?billId=105984,https://likms.assembly.go.kr/bill/billDetail.do?billId=105984
14,140058,80년대강제해직지역예비군중대장명예회복및보상,전재만,권노갑의원,1992-11-17,1992-11-20,국방위원회,채택,처리의안,https://likms.assembly.go.kr/bill/billDetail.do?billId=105598,https://likms.assembly.go.kr/bill/billDetail.do?billId=105598
14,140057,선거권자연령하향조정을위한선거법개정,"이재광외 1,081인",이부영의원,1992-11-17,1994-02-28,내무위원회,본회의불부의,처리의안,https://likms.assembly.go.kr/bill/billDetail.do?billId=106427,https://likms.assembly.go.kr/bill/billDetail.do?billId=106427
14,140056,의료보험급여심사기구독립을위한 관련법제정,김재전외 1인,송두호의원,1992-11-07,1992-11-13,보건사회위원회,폐기,처리의안,https://likms.assembly.go.kr/bill/billDetail.do?billId=106070,https://likms.assembly.go.kr/bill/billDetail.do?billId=106070
14,140055,6.25참전용사보상을위한관련법제정,백규태외 8인,황윤기의원외 1인,1992-11-07,1992-11-13,보건사회위원회,본회의불부의,처리의안,https://likms.assembly.go.kr/bill/billDetail.do?billId=105952,https://likms.assembly.go.kr/bill/billDetail.do?billId=105952
14,140054,영산강2단계농업종합개발사업으로인한피해보상,"박종선외 2,750인",류인학의원외 3인,1992-11-07,1992-11-10,농림수산위원회,본회의불부의,처리의안,https://likms.assembly.go.kr/bill/billDetail.do?billId=105745,https://likms.assembly.go.kr/bill/billDetail.do?billId=105745
14,140053,도시공원법시행규칙개정,박상규외 4인,안동선의원,1992-11-07,1992-11-10,건설위원회,철회,처리의안,https://likms.assembly.go.kr/bill/billDetail.do?billId=106766,https://likms.assembly.go.kr/bill/billDetail.do?billId=106766
14,140052,종합유선방송법개정,박동호외 36인,정대철의원,1992-11-06,1992-11-10,문화공보위원회,폐기,처리의안,https://likms.assembly.go.kr/bill/billDetail.do?billId=106532,https://likms.assembly.go.kr/bill/billDetail.do?billId=106532
14,140051,백범김구선생시해진상규명,이강훈외 23인,박명환의원외 23인,1992-11-07,1992-11-07,법제사법위원회,본회의불부의,처리의안,https://likms.assembly.go.kr/bill/billDetail.do?billId=105661,https://likms.assembly.go.kr/bill/billDetail.do?billId=105661
14,140050,1992년도세법개정,박종근,최상용의원,1992-11-05,1992-11-07,재무위원회,본회의불부의,처리의안,https://likms.assembly.go.kr/bill/billDetail.do?billId=105655,https://likms.assembly.go.kr/bill/billDetail.do?billId=105655
14,140049,산본공무원아파트분양가격인하,"김찬배외 1,005인",김충현의원외 10인,1992-11-04,1992-11-06,행정위원회,철회,처리의안,https://likms.assembly.go.kr/bill/billDetail.do?billId=106779,https://likms.assembly.go.kr/bill/billDetail.do?billId=106779
14,140048,선거권자연령하향조정을위한선거법개정,"이은수외 4,305인",장기욱의원,1992-11-04,1992-11-05,내무위원회,본회의불부의,처리의안,https://likms.assembly.go.kr/bill/billDetail.do?billId=106434,https://likms.assembly.go.kr/bill/billDetail.do?billId=106434
14,140047,서화및골동품에대한양도소득세과세시행연기,오승우외 2인,류인학의원,1992-11-02,1992-11-03,재무위원회,본회의불부의,처리의안,https://likms.assembly.go.kr/bill/billDetail.do?billId=105658,https://likms.assembly.go.kr/bill/billDetail.do?billId=105658
14,140046,월남귀순용사보상,김문무,김병오의원,1992-11-02,1992-11-03,보건사회위원회,본회의불부의,처리의안,https://likms.assembly.go.kr/bill/billDetail.do?billId=105958,https://likms.assembly.go.kr/bill/billDetail.do?billId=105958
14,140045,공무원연금법개정,"한정수외 1,512인",임사빈의원,1992-11-02,1992-11-03,행정위원회,폐기,처리의안,https://likms.assembly.go.kr/bill/billDetail.do?billId=106356,https://likms.assembly.go.kr/bill/billDetail.do?billId=106356
14,140044,형법개정법률안제135조개정,"김남수외 1,059,000인",김중위의원외 15인,1992-11-02,1992-11-03,법제사법위원회,폐기,처리의안,https://likms.assembly.go.kr/bill/billDetail.do?billId=106208,https://likms.assembly.go.kr/bill/billDetail.do?billId=106208
14,140043,국가유공자예우등에관한법률개정,이만흥외 221인,김충조의원외 2인,1992-10-31,1992-11-03,보건사회위원회,폐기,처리의안,https://likms.assembly.go.kr/bill/billDetail.do?billId=106077,https://likms.assembly.go.kr/bill/billDetail.do?billId=106077
14,140042,"군,장산업기지군산측진입로위치변경",문중철외 17인,강철선의원,1992-10-29,1992-11-03,내무위원회,철회,처리의안,https://likms.assembly.go.kr/bill/billDetail.do?billId=106794,https://likms.assembly.go.kr/bill/billDetail.do?billId=106794
14,140041,동양화학TDI군산공장의허가취소및이전,박찬길외 591인,채영석의원외 1인,1992-10-28,1992-11-14,내무위원회,본회의불부의,처리의안,https://likms.assembly.go.kr/bill/billDetail.do?billId=105768,https://likms.assembly.go.kr/bill/billDetail.do?billId=105768
14,140040,1980년해직공직자의복직및보상에관한특별조치법제정,김형태,이부영의원,1992-10-28,1992-11-02,행정위원회,폐기,처리의안,https://likms.assembly.go.kr/bill/billDetail.do?billId=106361,https://likms.assembly.go.kr/bill/billDetail.do?billId=106361
14,140039,교육관계법개정및대학강사특별법제정,"김선종외 4,257인",박석무의원외 3인,1992-10-28,1992-10-30,교육위원회,폐기,처리의안,https://likms.assembly.go.kr/bill/billDetail.do?billId=105955,https://likms.assembly.go.kr/bill/billDetail.do?billId=105955
14,140038,개발제한구역재조정및행정규제의시정,"임영성외 11,334인",김덕규의원,1992-10-27,1992-10-30,건설위원회,폐기,처리의안,https://likms.assembly.go.kr/bill/billDetail.do?billId=106155,https://likms.assembly.go.kr/bill/billDetail.do?billId=106155
14,140037,선거권자연령하향조정을위한선거법개정,"이동영외 2,558인",신계륜의원,1992-10-26,1994-02-28,내무위원회,본회의불부의,처리의안,https://likms.assembly.go.kr/bill/billDetail.do?billId=106443,https://likms.assembly.go.kr/bill/billDetail.do?billId=106443
14,140036,불량주택재개발사업활성화를위한관계법령개정,"황한빈외 30,220인",김중위의원,1992-10-20,1992-11-03,건설교통위원회,본회의불부의,처리의안,https://likms.assembly.go.kr/bill/billDetail.do?billId=106476,https://likms.assembly.go.kr/bill/billDetail.do?billId=106476
14,140035,노동관계법개정,"단병호,권영길",신계륜의원외 3인,1992-10-19,1992-10-22,노동위원회,폐기,처리의안,https://likms.assembly.go.kr/bill/billDetail.do?billId=106095,https://likms.assembly.go.kr/bill/billDetail.do?billId=106095
14,140034,고등법원제주지원설치,강윤호외 29인,현경대의원,1992-10-19,1992-10-22,법제사법위원회,본회의불부의,처리의안,https://likms.assembly.go.kr/bill/billDetail.do?billId=105667,https://likms.assembly.go.kr/bill/billDetail.do?billId=105667
14,140033,약업사지위보장,허철,문창모의원,1992-10-15,1992-10-20,보건사회위원회,채택,처리의안,https://likms.assembly.go.kr/bill/billDetail.do?billId=105561,https://likms.assembly.go.kr/bill/billDetail.do?billId=105561
14,140032,"""죽도""공동어장피해보상",추상엽외 19인,장기욱의원외 4인,1992-10-15,1992-10-20,농림수산위원회,폐기,처리의안,https://likms.assembly.go.kr/bill/billDetail.do?billId=105925,https://likms.assembly.go.kr/bill/billDetail.do?billId=105925
14,140031,청구대학의폐쇄와영남대학교설립절차상미이행부분의진상규명,하정원외 1인,장기욱의원외 4인,1992-10-16,1992-10-20,교육체육청소년위원회,본회의불부의,처리의안,https://likms.assembly.go.kr/bill/billDetail.do?billId=106797,https://likms.assembly.go.kr/bill/billDetail.do?billId=106797
14,140030,교육대개혁및해직교사원상복직,"김영만외 1,023,073인",박석무의원외 3인,1992-10-14,1992-10-19,교육위원회,폐기,처리의안,https://likms.assembly.go.kr/bill/billDetail.do?billId=105966,https://likms.assembly.go.kr/bill/billDetail.do?billId=105966
14,140029,경부고속전철편입용지토지재감정평가,이원구외 92인,신경식의원,1992-10-14,1992-10-19,교통체신위원회,폐기,처리의안,https://likms.assembly.go.kr/bill/billDetail.do?billId=106164,https://likms.assembly.go.kr/bill/billDetail.do?billId=106164
14,140028,국가유공자예우등에관한법률개정,"조인성외 1,618인",김원웅의원외 6인,1992-10-13,1992-10-15,보건사회위원회,채택,처리의안,https://likms.assembly.go.kr/bill/billDetail.do?billId=105571,https://likms.assembly.go.kr/bill/billDetail.do?billId=105571
14,140027,선거권자연령하향조정을위한선거법개정,"김웅헌외 2,272인",이길재의원,1992-10-13,1992-10-16,내무위원회,본회의불부의,처리의안,https://likms.assembly.go.kr/bill/billDetail.do?billId=106452,https://likms.assembly.go.kr/bill/billDetail.do?billId=106452
14,140026,롯데그룹과(주)맘모스의청량리상권장악에대한부정의혹진상규명,박경희외 53인,강수림의원외 5인,1992-10-07,1992-10-19,법제사법위원회,폐기,처리의안,https://likms.assembly.go.kr/bill/billDetail.do?billId=106217,https://likms.assembly.go.kr/bill/billDetail.do?billId=106217
14,140025,해태양식장피해보상,오세중외 411인,장기욱의원외 5인,1992-10-07,1992-10-13,농림수산위원회,폐기,처리의안,https://likms.assembly.go.kr/bill/billDetail.do?billId=105932,https://likms.assembly.go.kr/bill/billDetail.do?billId=105932
14,140024,5개신도시및서울중하계지구이주민생계대책,"홍종률외 5,453인",제정구의원외 7인,1992-10-06,1992-10-12,건설교통위원회,본회의불부의,처리의안,https://likms.assembly.go.kr/bill/billDetail.do?billId=106484,https://likms.assembly.go.kr/bill/billDetail.do?billId=106484
14,140023,변호인접견방해죄신설,김흥수,강철선의원외 2인,1992-10-05,1992-10-09,법제사법위원회,폐기,처리의안,https://likms.assembly.go.kr/bill/billDetail.do?billId=106231,https://likms.assembly.go.kr/bill/billDetail.do?billId=106231
14,140022,중계지구이주대책용택지공급조건조정,이종열,이원형의원,1992-10-02,1992-10-07,건설위원회,폐기,처리의안,https://likms.assembly.go.kr/bill/billDetail.do?billId=106172,https://likms.assembly.go.kr/bill/billDetail.do?billId=106172
14,140021,교육대개혁및해직교사원상복직,김종연외 119인,장영달의원,1992-09-26,1992-10-05,교육위원회,폐기,처리의안,https://likms.assembly.go.kr/bill/billDetail.do?billId=105977,https://likms.assembly.go.kr/bill/billDetail.do?billId=105977
14,140020,소득세법개정,김대하외 813인,이종찬의원,1992-09-25,1992-10-05,재무위원회,본회의불부의,처리의안,https://likms.assembly.go.kr/bill/billDetail.do?billId=105663,https://likms.assembly.go.kr/bill/billDetail.do?billId=105663
14,140019,횡성댐건설로인한수몰지역토지보상,이수길외 45인,박경수의원,1992-10-05,1992-10-05,건설교통위원회,본회의불부의,처리의안,https://likms.assembly.go.kr/bill/billDetail.do?billId=106500,https://likms.assembly.go.kr/bill/billDetail.do?billId=106500
14,140018,관행어업자에대한어업권피해보상금지급,고석근외 402인,강철선의원,1992-09-18,1992-10-05,건설교통위원회,본회의불부의,처리의안,https://likms.assembly.go.kr/bill/billDetail.do?billId=106514,https://likms.assembly.go.kr/bill/billDetail.do?billId=106514
14,140017,산업체부설전문대학제도시행,"김중원외 2,075인",강삼재의원,1992-09-16,1992-10-05,교육체육청소년위원회,본회의불부의,처리의안,https://likms.assembly.go.kr/bill/billDetail.do?billId=106806,https://likms.assembly.go.kr/bill/billDetail.do?billId=106806
14,140016,장기임대아파트의분양전환,"송완근외 1,880인",강삼재의원,1992-09-15,1992-10-05,건설교통위원회,본회의불부의,처리의안,https://likms.assembly.go.kr/bill/billDetail.do?billId=106525,https://likms.assembly.go.kr/bill/billDetail.do?billId=106525
14,140015,서화및골동품에대한양도소득세과세시행연기,김창실외 2인,강삼재의원외 8인,1992-10-05,1992-10-05,재무위원회,본회의불부의,처리의안,https://likms.assembly.go.kr/bill/billDetail.do?billId=105668,https://likms.assembly.go.kr/bill/billDetail.do?billId=105668
14,140014,집합건물의소유및관리에관한법률개정,송병찬외 74인,김중위의원,1992-09-04,1992-10-05,법제사법위원회,본회의불부의,처리의안,https://likms.assembly.go.kr/bill/billDetail.do?billId=105677,https://likms.assembly.go.kr/bill/billDetail.do?billId=105677
14,140013,윤한봉씨에대한지명수배해제등사법적처리및안전한귀국보장촉구,"윤광장외 58,696인",이부영의원외 14인,1992-09-04,1992-10-05,법제사법위원회,본회의불부의,처리의안,https://likms.assembly.go.kr/bill/billDetail.do?billId=105685,https://likms.assembly.go.kr/bill/billDetail.do?billId=105685
14,140012,대통령선거법개정,이한빈외 2인,장기욱의원외 1인,1992-08-17,1992-10-07,정치관계법심의특별위원회,본회의불부의,처리의안,https://likms.assembly.go.kr/bill/billDetail.do?billId=106472,https://likms.assembly.go.kr/bill/billDetail.do?billId=106472
14,140011,선거관리위원회법개정,강문규외 2인,장기욱의원외 1인,1992-08-17,1992-10-07,정치관계법심의특별위원회,본회의불부의,처리의안,https://likms.assembly.go.kr/bill/billDetail.do?billId=106463,https://likms.assembly.go.kr/bill/billDetail.do?billId=106463
14,140010,삼청교육대피해자명예회복및보상,한선수,이원형의원,1992-08-14,1992-10-05,국방위원회,채택,처리의안,https://likms.assembly.go.kr/bill/billDetail.do?billId=105579,https://likms.assembly.go.kr/bill/billDetail.do?billId=105579
14,140009,지방자치단체장선거연내실시및동선거미실시에대한법적책임자탄핵소추,"고광석외 19,949인",정상용의원외 38인,1992-08-13,1992-10-05,내무위원회,본회의불부의,처리의안,https://likms.assembly.go.kr/bill/billDetail.do?billId=105774,https://likms.assembly.go.kr/bill/billDetail.do?billId=105774
14,140008,성폭력대책에관한특별법입법,조화순외 13인,이우정의원,1992-08-01,1992-10-05,법제사법위원회,본회의불부의,처리의안,https://likms.assembly.go.kr/bill/billDetail.do?billId=105693,https://likms.assembly.go.kr/bill/billDetail.do?billId=105693
14,140007,업무상재해인정기준개정및원진레이온공장자동화,"박현서외 115,200인",김말룡의원외 68인,1992-07-29,1992-10-05,노동위원회,본회의불부의,처리의안,https://likms.assembly.go.kr/bill/billDetail.do?billId=105654,https://likms.assembly.go.kr/bill/billDetail.do?billId=105654
14,140006,1980년대강제해직지역예비군중대장명예회복및보상,"김정학외 1,600인",황명수의원외 11인,1992-07-27,1992-10-05,국방위원회,채택,처리의안,https://likms.assembly.go.kr/bill/billDetail.do?billId=105588,https://likms.assembly.go.kr/bill/billDetail.do?billId=105588
14,140005,국토편입용지에대한토지보상가격재결,윤재욱외 810인,박경수의원,1992-07-27,1992-10-05,건설교통위원회,본회의불부의,처리의안,https://likms.assembly.go.kr/bill/billDetail.do?billId=106538,https://likms.assembly.go.kr/bill/billDetail.do?billId=106538
14,140004,국회의모든이름표(명패)한글로바꿔쓰기,안호상외 44인,원광호의원,1992-07-23,1992-10-05,국회운영위원회,폐기,처리의안,https://likms.assembly.go.kr/bill/billDetail.do?billId=106279,https://likms.assembly.go.kr/bill/billDetail.do?billId=106279
14,140003,소류지관리개선,이상구외 20인,박경수의원,1992-07-02,1992-10-05,농림수산위원회,본회의불부의,처리의안,https://likms.assembly.go.kr/bill/billDetail.do?billId=105752,https://likms.assembly.go.kr/bill/billDetail.do?billId=105752
14,140002,봉전리입체교차로설치,이사두외 325인,김중위의원,1992-06-23,1992-10-05,건설교통위원회,본회의불부의,처리의안,https://likms.assembly.go.kr/bill/billDetail.do?billId=106546,https://likms.assembly.go.kr/bill/billDetail.do?billId=106546
14,140001,창원지방법원마산지원및창원지방검찰청마산지청설치촉구,김용한,김호일의원,1992-05-30,1992-10-05,법제사법위원회,채택,처리의안,https://likms.assembly.go.kr/bill/billDetail.do?billId=105614,https://likms.assembly.go.kr/bill/billDetail.do?billId=105614
13,139999,비리공무원처벌및피해의구제,박엄,박찬종의원,1991-02-07,1989-12-15,법제사법위원회,본회의불부의,처리의안,https://likms.assembly.go.kr/bill/billDetail.do?billId=104972,https://likms.assembly.go.kr/bill/billDetail.do?billId=104972
13,130550,남북합의서발표에따른국가보안법폐지,박광재외 592인,문동환의원외 1인,1992-03-11,1992-03-13,법제사법위원회,폐기,처리의안,https://likms.assembly.go.kr/bill/billDetail.do?billId=105277,https://likms.assembly.go.kr/bill/billDetail.do?billId=105277
13,130549,산업재해보상관련법개정,이병연,류승규의원,1991-12-02,1991-12-09,교통체신위원회,폐기,처리의안,https://likms.assembly.go.kr/bill/billDetail.do?billId=106992,https://likms.assembly.go.kr/bill/billDetail.do?billId=106992
13,130548,6.25참전용사에대한국가보상을위한관계법제정,백규태외 66인,황윤기의원외 2인,1991-11-30,1991-12-05,국방위원회,폐기,처리의안,https://likms.assembly.go.kr/bill/billDetail.do?billId=105008,https://likms.assembly.go.kr/bill/billDetail.do?billId=105008
13,130547,농어촌진흥공사및농지관리기금법중개정법률안조속처리,김상재외 97인,류인학의원,1991-11-29,1991-12-02,농림수산위원회,폐기,처리의안,https://likms.assembly.go.kr/bill/billDetail.do?billId=104940,https://likms.assembly.go.kr/bill/billDetail.do?billId=104940
13,130546,팔당호수질보전특별대책관련피해대책,조병훈외 93인,김영선의원,1991-11-25,1991-11-29,보건사회위원회,폐기,처리의안,https://likms.assembly.go.kr/bill/billDetail.do?billId=104816,https://likms.assembly.go.kr/bill/billDetail.do?billId=104816
13,130545,만인의총국가관리,양희재,이형배의원,1991-11-23,1991-11-28,문화공보위원회,폐기,처리의안,https://likms.assembly.go.kr/bill/billDetail.do?billId=104877,https://likms.assembly.go.kr/bill/billDetail.do?billId=104877
13,130544,창원기능대학교육과정개편,박규형,황낙주의원,1991-11-22,1991-11-26,노동위원회,폐기,처리의안,https://likms.assembly.go.kr/bill/billDetail.do?billId=107007,https://likms.assembly.go.kr/bill/billDetail.do?billId=107007
13,130543,금오공업고등학교국립화,이영덕,이철의원외 5인,1991-11-22,1991-11-26,교육체육청소년위원회,폐기,처리의안,https://likms.assembly.go.kr/bill/billDetail.do?billId=105113,https://likms.assembly.go.kr/bill/billDetail.do?billId=105113
13,130542,한글전용에관한법률개정,안호상외 222인,이철용의원,1991-11-22,1991-11-26,문화공보위원회,폐기,처리의안,https://likms.assembly.go.kr/bill/billDetail.do?billId=104882,https://likms.assembly.go.kr/bill/billDetail.do?billId=104882
13,130541,한글날법정국경일제정,안호상외 287인,이철용의원,1991-11-22,1991-11-26,행정위원회,폐기,처리의안,https://likms.assembly.go.kr/bill/billDetail.do?billId=106720,https://likms.assembly.go.kr/bill/billDetail.do?billId=106720
13,130540,국회의원선거법개정,박종근,김정길의원,1991-11-21,1991-11-25,내무위원회,폐기,처리의안,https://likms.assembly.go.kr/bill/billDetail.do?billId=105227,https://likms.assembly.go.kr/bill/billDetail.do?billId=105227
13,130539,정치자금에관한법률개정,박종근,김정길의원,1991-11-21,1991-11-25,내무위원회,폐기,처리의안,https://likms.assembly.go.kr/bill/billDetail.do?billId=105208,https://likms.assembly.go.kr/bill/billDetail.do?billId=105208
13,130538,공무원연금법개정,남금윤외 21인,유기천의원,1991-11-21,1991-11-25,행정위원회,폐기,처리의안,https://likms.assembly.go.kr/bill/billDetail.do?billId=106724,https://likms.assembly.go.kr/bill/billDetail.do?billId=106724
13,130537,하천부지점용허가기간연장및하천법개정,김영옥외 26인,김제태의원,1991-11-21,1991-11-22,건설위원회,폐기,처리의안,https://likms.assembly.go.kr/bill/billDetail.do?billId=106937,https://likms.assembly.go.kr/bill/billDetail.do?billId=106937
13,130536,택시운임에대한부가가치세면세,황중근외 15인,이정무의원외 148인,1991-11-18,1991-11-21,재무위원회,폐기,처리의안,https://likms.assembly.go.kr/bill/billDetail.do?billId=105133,https://likms.assembly.go.kr/bill/billDetail.do?billId=105133
13,130535,화물유통촉진법(안)개정,이상윤외 137인,정상용의원,1991-11-14,1991-11-19,교통체신위원회,본회의불부의,처리의안,https://likms.assembly.go.kr/bill/billDetail.do?billId=105513,https://likms.assembly.go.kr/bill/billDetail.do?billId=105513
13,130534,대구지하철건설소요비용에대한국고지원비율상향조정,"백승홍외 11,216인",허탁의원,1991-11-13,1991-11-19,교통체신위원회,본회의불부의,처리의안,https://likms.assembly.go.kr/bill/billDetail.do?billId=105510,https://likms.assembly.go.kr/bill/billDetail.do?billId=105510
13,130533,사회교육시설의전문과정설치,이현만,박석무의원외 1인,1991-11-13,1991-11-19,교육체육청소년위원회,철회,처리의안,https://likms.assembly.go.kr/bill/billDetail.do?billId=105007,https://likms.assembly.go.kr/bill/billDetail.do?billId=105007
13,130532,최저임금법개정,박종근,이상수의원,1991-11-12,1991-11-16,노동위원회,폐기,처리의안,https://likms.assembly.go.kr/bill/billDetail.do?billId=107021,https://likms.assembly.go.kr/bill/billDetail.do?billId=107021
13,130531,한국진료비심사원법제정,노경병,박병선의원,1991-11-08,1991-11-12,보건사회위원회,폐기,처리의안,https://likms.assembly.go.kr/bill/billDetail.do?billId=104809,https://likms.assembly.go.kr/bill/billDetail.do?billId=104809
13,130530,자동차운수사업법개정,조옥환외 6인,김남의원외 8인,1991-11-02,1991-11-08,교통체신위원회,본회의불부의,처리의안,https://likms.assembly.go.kr/bill/billDetail.do?billId=105507,https://likms.assembly.go.kr/bill/billDetail.do?billId=105507
13,130529,성폭력특별법제정,김계정,박영숙의원,1991-10-30,1991-11-08,법제사법위원회,폐기,처리의안,https://likms.assembly.go.kr/bill/billDetail.do?billId=105283,https://likms.assembly.go.kr/bill/billDetail.do?billId=105283
13,130528,사립학교교원연금법중개정법률안개정,유제연,홍희표의원,1991-10-30,1991-11-08,교육체육청소년위원회,폐기,처리의안,https://likms.assembly.go.kr/bill/billDetail.do?billId=105119,https://likms.assembly.go.kr/bill/billDetail.do?billId=105119
13,130527,서울특별시지정무형문화재전수장학생교체,정병호,조홍규의원,1991-10-29,1991-11-08,내무위원회,폐기,처리의안,https://likms.assembly.go.kr/bill/billDetail.do?billId=105212,https://likms.assembly.go.kr/bill/billDetail.do?billId=105212
13,130526,노동관계법개정,단병호,장석화의원외 1인,1991-10-28,1991-11-06,노동위원회,폐기,처리의안,https://likms.assembly.go.kr/bill/billDetail.do?billId=107032,https://likms.assembly.go.kr/bill/billDetail.do?billId=107032
13,130525,세법개정,박종근,류승규의원,1991-10-28,1991-11-06,재무위원회,본회의불부의,처리의안,https://likms.assembly.go.kr/bill/billDetail.do?billId=105394,https://likms.assembly.go.kr/bill/billDetail.do?billId=105394
13,130524,육군항공학교의이전건립예정지변경,"박만식외 1,793인",김제태의원,1991-10-28,1991-11-06,국방위원회,폐기,처리의안,https://likms.assembly.go.kr/bill/billDetail.do?billId=105014,https://likms.assembly.go.kr/bill/billDetail.do?billId=105014
13,130523,고리원자력발전소주변지역개발제한구역완화,"강현호외 1,135인",김동주의원외 8인,1991-10-28,1991-11-02,건설위원회,폐기,처리의안,https://likms.assembly.go.kr/bill/billDetail.do?billId=106945,https://likms.assembly.go.kr/bill/billDetail.do?billId=106945
13,130522,발전소주변지역지원에관한법률개정,"강현호외 1,436인",강삼재의원,1991-10-28,1991-10-28,동력자원위원회,본회의불부의,처리의안,https://likms.assembly.go.kr/bill/billDetail.do?billId=104876,https://likms.assembly.go.kr/bill/billDetail.do?billId=104876
13,130521,조세감면규제법개정,김재규외 4인,임춘원의원,1991-10-28,1991-10-31,재무위원회,본회의불부의,처리의안,https://likms.assembly.go.kr/bill/billDetail.do?billId=105403,https://likms.assembly.go.kr/bill/billDetail.do?billId=105403
13,130520,조세감면규제법개정,김남일외 15인,임춘원의원,1991-10-28,1991-10-31,재무위원회,본회의불부의,처리의안,https://likms.assembly.go.kr/bill/billDetail.do?billId=105409,https://likms.assembly.go.kr/bill/billDetail.do?billId=105409
13,130519,공동집배송단지건립을위한관련법개정,김원식,석준규의원,1991-10-23,1991-10-30,경제과학위원회,폐기,처리의안,https://likms.assembly.go.kr/bill/billDetail.do?billId=105101,https://likms.assembly.go.kr/bill/billDetail.do?billId=105101
13,130518,죽산조봉암선생사면및복권,윤길중,채문식의원외 87인,1991-10-28,1991-10-30,법제사법위원회,폐기,처리의안,https://likms.assembly.go.kr/bill/billDetail.do?billId=105288,https://likms.assembly.go.kr/bill/billDetail.do?billId=105288
13,130517,"국,사유림교환",이원근외 1인,이희천의원,1991-10-23,1991-10-30,농림수산위원회,철회,처리의안,https://likms.assembly.go.kr/bill/billDetail.do?billId=105010,https://likms.assembly.go.kr/bill/billDetail.do?billId=105010
13,130516,국민학교의올바른교과전담제실시를위한관계법령개정,"최영주,권명자",박석무의원외 1인,1991-10-22,1991-10-25,교육체육청소년위원회,폐기,처리의안,https://likms.assembly.go.kr/bill/billDetail.do?billId=105203,https://likms.assembly.go.kr/bill/billDetail.do?billId=105203
13,130515,양곡도정업등록제전환에따른유예기간연장,김형일외 387인,이도선의원,1991-10-17,1991-10-18,농림수산위원회,폐기,처리의안,https://likms.assembly.go.kr/bill/billDetail.do?billId=105321,https://likms.assembly.go.kr/bill/billDetail.do?billId=105321
13,130514,태평양전쟁희생자및그유족에대한대책,김종대,권헌성의원,1991-10-21,1991-10-26,외무통일위원회,폐기,처리의안,https://likms.assembly.go.kr/bill/billDetail.do?billId=105236,https://likms.assembly.go.kr/bill/billDetail.do?billId=105236
13,130513,모월지역자활정착국유지의소유권이전,성세경외 236인,박태권의원외 16인,1991-10-06,1991-10-23,재무위원회,본회의불부의,처리의안,https://likms.assembly.go.kr/bill/billDetail.do?billId=105457,https://likms.assembly.go.kr/bill/billDetail.do?billId=105457
13,130512,국회의원선거법개정,유준채외 30인,김영진의원외 21인,1991-10-16,1991-10-23,내무위원회,폐기,처리의안,https://likms.assembly.go.kr/bill/billDetail.do?billId=105216,https://likms.assembly.go.kr/bill/billDetail.do?billId=105216
13,130511,"한반도비핵지대화를위한""핵무기금지법""제정",계훈제,이해찬의원외 6인,1991-10-15,1991-10-18,국방위원회,폐기,처리의안,https://likms.assembly.go.kr/bill/billDetail.do?billId=105019,https://likms.assembly.go.kr/bill/billDetail.do?billId=105019
13,130510,국민학교의올바른교과전담제실시를위한관계법령개정,윤영규외 1인,박석무의원외 1인,1991-10-15,1991-10-18,교육체육청소년위원회,폐기,처리의안,https://likms.assembly.go.kr/bill/billDetail.do?billId=105131,https://likms.assembly.go.kr/bill/billDetail.do?billId=105131
13,130509,한약업사시험불합격자구제,손덕명외 2인,정일영의원외 2인,1991-10-14,1991-10-18,보건사회위원회,폐기,처리의안,https://likms.assembly.go.kr/bill/billDetail.do?billId=104804,https://likms.assembly.go.kr/bill/billDetail.do?billId=104804
13,130508,용담댐건설계획변경,"이용선외 4,232인",이상옥의원,1991-10-11,1991-10-14,건설위원회,본회의불부의,처리의안,https://likms.assembly.go.kr/bill/billDetail.do?billId=106731,https://likms.assembly.go.kr/bill/billDetail.do?billId=106731
13,130507,8창철도인입선노반공사,"김준근외 1,251인",이동진의원외 31인,1991-10-10,1991-10-14,국방위원회,폐기,처리의안,https://likms.assembly.go.kr/bill/billDetail.do?billId=105024,https://likms.assembly.go.kr/bill/billDetail.do?billId=105024
13,130506,골프대중화정책철회를위한관계법률개정,최열외 47개단체인,박영숙의원,1991-10-09,1991-10-14,교육체육청소년위원회,폐기,처리의안,https://likms.assembly.go.kr/bill/billDetail.do?billId=105124,https://likms.assembly.go.kr/bill/billDetail.do?billId=105124
13,130504,토지초과이득세부과시정,홍사목,박용만의원,1991-10-02,1991-10-08,재무위원회,본회의불부의,처리의안,https://likms.assembly.go.kr/bill/billDetail.do?billId=105415,https://likms.assembly.go.kr/bill/billDetail.do?billId=105415
13,130503,소규모제조업소를위한공장단지조성,김영환외 163인,유기수의원,1991-10-02,1991-10-08,건설위원회,폐기,처리의안,https://likms.assembly.go.kr/bill/billDetail.do?billId=106943,https://likms.assembly.go.kr/bill/billDetail.do?billId=106943
13,130502,청량리-용문간전철개설,박한원,김영선의원,1991-10-02,1991-10-08,교통체신위원회,폐기,처리의안,https://likms.assembly.go.kr/bill/billDetail.do?billId=106965,https://likms.assembly.go.kr/bill/billDetail.do?billId=106965
13,130501,동성동본금혼에관한민법규정폐지,김현수외 300인,김장숙의원,1991-09-10,1991-09-12,법제사법위원회,폐기,처리의안,https://likms.assembly.go.kr/bill/billDetail.do?billId=105297,https://likms.assembly.go.kr/bill/billDetail.do?billId=105297
13,130500,동성동본금혼에관한민법규정폐지,이태영외 300인,박영숙의원,1991-09-10,1991-09-12,법제사법위원회,폐기,처리의안,https://likms.assembly.go.kr/bill/billDetail.do?billId=105300,https://likms.assembly.go.kr/bill/billDetail.do?billId=105300
13,130499,개발이익환수에관한법률개정,박종근,김윤환의원외 11인,1991-09-02,1991-09-04,건설위원회,폐기,처리의안,https://likms.assembly.go.kr/bill/billDetail.do?billId=106952,https://likms.assembly.go.kr/bill/billDetail.do?billId=106952
13,130498,중앙고속도로수용토지보상,허재구외 129인,박경수의원,1991-08-09,1991-08-14,건설위원회,철회,처리의안,https://likms.assembly.go.kr/bill/billDetail.do?billId=105020,https://likms.assembly.go.kr/bill/billDetail.do?billId=105020
13,130497,산업폐기물처리장폐쇄및이전,윤호선외 912인,박지원의원외 15인,1991-07-20,1991-07-23,보건사회위원회,폐기,처리의안,https://likms.assembly.go.kr/bill/billDetail.do?billId=104791,https://likms.assembly.go.kr/bill/billDetail.do?billId=104791
13,130496,정신대문제대책,윤정옥외 2인,박영숙의원,1991-07-18,1991-07-23,외무통일위원회,폐기,처리의안,https://likms.assembly.go.kr/bill/billDetail.do?billId=105248,https://likms.assembly.go.kr/bill/billDetail.do?billId=105248
13,130495,달동택지조성사업추가보상,이호락외 16인,김운환의원외 10인,1991-07-15,1991-07-18,건설위원회,본회의불부의,처리의안,https://likms.assembly.go.kr/bill/billDetail.do?billId=106761,https://likms.assembly.go.kr/bill/billDetail.do?billId=106761
13,130494,자동차운수사업법시행규칙개정,"유경조외 3,170인",조만후의원외 8인,1991-07-11,1991-07-13,교통체신위원회,본회의불부의,처리의안,https://likms.assembly.go.kr/bill/billDetail.do?billId=105494,https://likms.assembly.go.kr/bill/billDetail.do?billId=105494
13,130493,특별시및직할시의조달청공사계약위임제폐지,조형부외 575인,이인제의원외 4인,1991-07-10,1991-07-13,경제과학위원회,폐기,처리의안,https://likms.assembly.go.kr/bill/billDetail.do?billId=105111,https://likms.assembly.go.kr/bill/billDetail.do?billId=105111
13,130492,기업택시적정관리운용법제정,이광남,김홍만의원,1991-07-08,1991-07-11,교통체신위원회,폐기,처리의안,https://likms.assembly.go.kr/bill/billDetail.do?billId=106976,https://likms.assembly.go.kr/bill/billDetail.do?billId=106976
13,130491,수도권상수도취수원이전,홍창섭외 11인,한승수의원외 1인,1991-07-08,1991-07-11,건설위원회,폐기,처리의안,https://likms.assembly.go.kr/bill/billDetail.do?billId=104966,https://likms.assembly.go.kr/bill/billDetail.do?billId=104966
13,130490,개발제한구역재조정,"김원영외 4,370인",신기하의원외 15인,1991-07-08,1991-07-11,건설위원회,폐기,처리의안,https://likms.assembly.go.kr/bill/billDetail.do?billId=104977,https://likms.assembly.go.kr/bill/billDetail.do?billId=104977
13,130489,구호남선철로폐선,"정진남외 26,781인",박충순의원외 3인,1991-06-27,1991-07-05,교통체신위원회,폐기,처리의안,https://likms.assembly.go.kr/bill/billDetail.do?billId=106984,https://likms.assembly.go.kr/bill/billDetail.do?billId=106984
13,130488,서대문감옥성역화사업범위,"이봉수외 1,643인",강성모의원,1991-06-22,1991-07-02,문화공보위원회,폐기,처리의안,https://likms.assembly.go.kr/bill/billDetail.do?billId=104888,https://likms.assembly.go.kr/bill/billDetail.do?billId=104888
13,130487,폐염전종사원간척지우선분양,김기웅외 302인,김현욱의원,1991-05-16,1991-06-14,농림수산위원회,폐기,처리의안,https://likms.assembly.go.kr/bill/billDetail.do?billId=105329,https://likms.assembly.go.kr/bill/billDetail.do?billId=105329
13,130485,국민의료보험법(안)재의결,"김갑섭외 1,921인",이희천의원,1991-05-31,1991-06-08,보건사회위원회,폐기,처리의안,https://likms.assembly.go.kr/bill/billDetail.do?billId=104786,https://likms.assembly.go.kr/bill/billDetail.do?billId=104786
13,130484,공유수면매립농지불하,김선흥외 86인,허탁의원,1991-05-10,1991-06-14,재무위원회,폐기,처리의안,https://likms.assembly.go.kr/bill/billDetail.do?billId=105138,https://likms.assembly.go.kr/bill/billDetail.do?billId=105138
13,130483,해상사격장개설로인한어민피해보상,기백환외 406인,박태권의원외 21인,1991-05-16,1991-05-20,국방위원회,폐기,처리의안,https://likms.assembly.go.kr/bill/billDetail.do?billId=105032,https://likms.assembly.go.kr/bill/billDetail.do?billId=105032
13,130482,국민의료보험법(안)재의결,이재만외 15인,이철용의원외 2인,1991-05-03,1991-05-08,보건사회위원회,폐기,처리의안,https://likms.assembly.go.kr/bill/billDetail.do?billId=104779,https://likms.assembly.go.kr/bill/billDetail.do?billId=104779
13,130481,한글교육정책강화,안호상외 48개단체인,이철용의원,1991-05-03,1991-05-08,문교체육위원회,폐기,처리의안,https://likms.assembly.go.kr/bill/billDetail.do?billId=105139,https://likms.assembly.go.kr/bill/billDetail.do?billId=105139
13,130480,지역제한경쟁입찰기준금액상향조정,조형부외 573인,김봉조의원,1991-04-27,1991-05-01,재무위원회,본회의불부의,처리의안,https://likms.assembly.go.kr/bill/billDetail.do?billId=105421,https://likms.assembly.go.kr/bill/billDetail.do?billId=105421
13,130479,인항고등학교입학제도개선,"이순식외 3,047인",이강희의원외 4인,1991-04-26,1991-05-01,문교체육위원회,폐기,처리의안,https://likms.assembly.go.kr/bill/billDetail.do?billId=105143,https://likms.assembly.go.kr/bill/billDetail.do?billId=105143
13,130478,91년도치과의사국가고시탈락자구제,김향석외 37인,이철용의원,1991-04-26,1991-05-01,보건사회위원회,폐기,처리의안,https://likms.assembly.go.kr/bill/billDetail.do?billId=106774,https://likms.assembly.go.kr/bill/billDetail.do?billId=106774
13,130477,지방의회의원선거법개정,강문규,장석화의원외 3인,1991-04-23,1991-04-26,내무위원회,폐기,처리의안,https://likms.assembly.go.kr/bill/billDetail.do?billId=105230,https://likms.assembly.go.kr/bill/billDetail.do?billId=105230
13,130476,지방의회의원선거법개정,변형윤,강금식의원외 3인,1991-04-22,1991-04-26,내무위원회,폐기,처리의안,https://likms.assembly.go.kr/bill/billDetail.do?billId=105234,https://likms.assembly.go.kr/bill/billDetail.do?billId=105234
13,130475,80년해직자보상,이용주,박용만의원,1991-04-22,1991-04-26,동력자원위원회,철회,처리의안,https://likms.assembly.go.kr/bill/billDetail.do?billId=105035,https://likms.assembly.go.kr/bill/billDetail.do?billId=105035
13,130474,광주민주화운동관련행방불명자재심사,허청외 49인,김영진의원외 14인,1991-04-18,1991-04-26,내무위원회,폐기,처리의안,https://likms.assembly.go.kr/bill/billDetail.do?billId=105239,https://likms.assembly.go.kr/bill/billDetail.do?billId=105239
13,130473,국가유공자예우등에관한법률제5조개정,조규은,이인구의원,1991-04-18,1991-04-24,보건사회위원회,본회의불부의,처리의안,https://likms.assembly.go.kr/bill/billDetail.do?billId=105052,https://likms.assembly.go.kr/bill/billDetail.do?billId=105052
13,130472,임시직치과위생사등의정규직화,이경자,윤재기의원외 15인,1991-04-18,1991-04-24,내무위원회,폐기,처리의안,https://likms.assembly.go.kr/bill/billDetail.do?billId=105245,https://likms.assembly.go.kr/bill/billDetail.do?billId=105245
13,130471,국가보안법폐지,박광재외 600인,문동환의원외 1인,1991-04-18,1991-04-22,법제사법위원회,폐기,처리의안,https://likms.assembly.go.kr/bill/billDetail.do?billId=105305,https://likms.assembly.go.kr/bill/billDetail.do?billId=105305
13,130470,사립학교법개정,강남훈,박석무의원,1991-04-17,1991-04-22,문교체육위원회,본회의불부의,처리의안,https://likms.assembly.go.kr/bill/billDetail.do?billId=105440,https://likms.assembly.go.kr/bill/billDetail.do?billId=105440
13,130468,91년도치과의사국가고시추가시행,조한국외 9인,김종식의원외 1인,1991-04-13,1991-04-22,보건사회위원회,폐기,처리의안,https://likms.assembly.go.kr/bill/billDetail.do?billId=106785,https://likms.assembly.go.kr/bill/billDetail.do?billId=106785
13,130466,교정시설경비교도의국립묘지안장,송태중,조홍규의원,1991-03-07,1991-03-22,국방위원회,폐기,처리의안,https://likms.assembly.go.kr/bill/billDetail.do?billId=105044,https://likms.assembly.go.kr/bill/billDetail.do?billId=105044
13,130464,무단해약된하도급의원상회복,최재문,장영철의원,1991-02-04,1991-02-08,보건사회위원회,철회,처리의안,https://likms.assembly.go.kr/bill/billDetail.do?billId=105061,https://likms.assembly.go.kr/bill/billDetail.do?billId=105061
13,130463,부산물비료조세감면,조중현,정균환의원,1990-02-14,1991-02-08,재무위원회,본회의불부의,처리의안,https://likms.assembly.go.kr/bill/billDetail.do?billId=105425,https://likms.assembly.go.kr/bill/billDetail.do?billId=105425
13,130462,지방의회의원선거법개정,손봉숙,김광일의원,1991-02-04,1991-02-08,내무위원회,폐기,처리의안,https://likms.assembly.go.kr/bill/billDetail.do?billId=105252,https://likms.assembly.go.kr/bill/billDetail.do?billId=105252
13,130461,개발제한구역해제및손해배상,"허성대외 1,910인",신상우의원외 5인,1991-02-01,1991-02-02,건설위원회,폐기,처리의안,https://likms.assembly.go.kr/bill/billDetail.do?billId=106960,https://likms.assembly.go.kr/bill/billDetail.do?billId=106960
13,130460,국가유공자예우등,김한주,신상우의원,1991-02-01,1991-02-02,보건사회위원회,폐기,처리의안,https://likms.assembly.go.kr/bill/billDetail.do?billId=106799,https://likms.assembly.go.kr/bill/billDetail.do?billId=106799
13,130459,지방의회의원선거법개정,이효재,박영숙의원,1991-01-29,1991-01-29,내무위원회,폐기,처리의안,https://likms.assembly.go.kr/bill/billDetail.do?billId=105254,https://likms.assembly.go.kr/bill/billDetail.do?billId=105254
13,130458,충주지역상호신용금고본점설립,김연권외 70인,이종근의원,1991-01-29,1991-01-29,재무위원회,본회의불부의,처리의안,https://likms.assembly.go.kr/bill/billDetail.do?billId=105464,https://likms.assembly.go.kr/bill/billDetail.do?billId=105464
13,130457,정치자금에관한법률개정,이우재,이해찬의원외 1인,1991-01-23,1991-01-28,내무위원회,폐기,처리의안,https://likms.assembly.go.kr/bill/billDetail.do?billId=105260,https://likms.assembly.go.kr/bill/billDetail.do?billId=105260
13,130456,한인전문대학시설결정,한상호,황철수의원,1991-01-19,1991-01-23,건설위원회,폐기,처리의안,https://likms.assembly.go.kr/bill/billDetail.do?billId=106967,https://likms.assembly.go.kr/bill/billDetail.do?billId=106967
13,130455,해양오염방지법개정안의벌칙강화유보,서병기,이정무의원,1991-01-07,1991-01-07,보건사회위원회,본회의불부의,처리의안,https://likms.assembly.go.kr/bill/billDetail.do?billId=105042,https://likms.assembly.go.kr/bill/billDetail.do?billId=105042
13,130454,한국마사회소관부처이관반대,이윤우외 2인,정일영의원외 3인,1990-12-14,1990-12-15,행정위원회,본회의불부의,처리의안,https://likms.assembly.go.kr/bill/billDetail.do?billId=107030,https://likms.assembly.go.kr/bill/billDetail.do?billId=107030
13,130453,택견전수관건립,정경화외 200인,이종근의원,1990-12-13,1990-12-15,문화공보위원회,폐기,처리의안,https://likms.assembly.go.kr/bill/billDetail.do?billId=104893,https://likms.assembly.go.kr/bill/billDetail.do?billId=104893
13,130451,세법개정,박종근,류승규의원,1990-12-10,1990-12-13,재무위원회,철회,처리의안,https://likms.assembly.go.kr/bill/billDetail.do?billId=104892,https://likms.assembly.go.kr/bill/billDetail.do?billId=104892
13,130450,개발제한구역의재조정및재산권보상,문장근외 774인,김윤환의원,1990-12-10,1990-12-13,건설위원회,폐기,처리의안,https://likms.assembly.go.kr/bill/billDetail.do?billId=106956,https://likms.assembly.go.kr/bill/billDetail.do?billId=106956
13,130449,군인연금지급,이창배,김성룡의원,1990-12-10,1990-12-13,국방위원회,철회,처리의안,https://likms.assembly.go.kr/bill/billDetail.do?billId=104865,https://likms.assembly.go.kr/bill/billDetail.do?billId=104865
13,130448,KAL기격추사건의 진상규명및피해배상,홍현모외 9인,류인학의원외 1인,1990-12-12,1990-12-12,외무통일위원회,폐기,처리의안,https://likms.assembly.go.kr/bill/billDetail.do?billId=105255,https://likms.assembly.go.kr/bill/billDetail.do?billId=105255
13,130447,이주지에대한 행위제한해제,"정동석외 1,270인",정기영의원,1990-12-08,1990-12-12,건설위원회,폐기,처리의안,https://likms.assembly.go.kr/bill/billDetail.do?billId=106981,https://likms.assembly.go.kr/bill/billDetail.do?billId=106981
13,130446,전투병과학교훈련장수용토지환매요구,김선겸외 29인,조홍규의원,1990-12-08,1990-12-12,국방위원회,폐기,처리의안,https://likms.assembly.go.kr/bill/billDetail.do?billId=105047,https://likms.assembly.go.kr/bill/billDetail.do?billId=105047
13,130445,지방세법개정,변형윤외 3인,정균환의원,1990-12-07,1990-12-10,내무위원회,본회의불부의,처리의안,https://likms.assembly.go.kr/bill/billDetail.do?billId=104730,https://likms.assembly.go.kr/bill/billDetail.do?billId=104730
13,130444,부동산투기근절과공평과세확립을위한세제개혁,변형윤,강금식의원외 18인,1990-12-07,1990-12-10,재무위원회,본회의불부의,처리의안,https://likms.assembly.go.kr/bill/billDetail.do?billId=105432,https://likms.assembly.go.kr/bill/billDetail.do?billId=105432
13,130443,"공익법인(변호사,법무사)회관부지수의계약",이웅외 1인,박충순의원,1990-12-05,1990-12-10,건설위원회,철회,처리의안,https://likms.assembly.go.kr/bill/billDetail.do?billId=104886,https://likms.assembly.go.kr/bill/billDetail.do?billId=104886
13,130442,충주-봉양간국도확장노선변경,최종만외 372인,이종근의원,1990-12-05,1990-12-07,건설위원회,폐기,처리의안,https://likms.assembly.go.kr/bill/billDetail.do?billId=107037,https://likms.assembly.go.kr/bill/billDetail.do?billId=107037
13,130441,국도확장및우회도로개설,강보희외 61인,정해남의원,1990-12-05,1990-12-07,건설위원회,폐기,처리의안,https://likms.assembly.go.kr/bill/billDetail.do?billId=106988,https://likms.assembly.go.kr/bill/billDetail.do?billId=106988
13,130440,한국마사회소관부처이관반대,장동일외 13인,정일영의원외 9인,1990-12-05,1990-12-07,행정위원회,본회의불부의,처리의안,https://likms.assembly.go.kr/bill/billDetail.do?billId=107039,https://likms.assembly.go.kr/bill/billDetail.do?billId=107039
13,130439,국립공원관리업무이관,서의현,이인구의원,1990-12-05,1990-12-07,행정위원회,본회의불부의,처리의안,https://likms.assembly.go.kr/bill/billDetail.do?billId=107023,https://likms.assembly.go.kr/bill/billDetail.do?billId=107023
13,130438,국민주택(전용면적 25.7평)확대공급,주봉석외 630인,김중위의원,1990-12-01,1990-12-05,건설위원회,폐기,처리의안,https://likms.assembly.go.kr/bill/billDetail.do?billId=107004,https://likms.assembly.go.kr/bill/billDetail.do?billId=107004
13,130437,한국노총노동복지사업기금국고지원,박종근,이강희의원외 1인,1990-12-01,1990-12-05,노동위원회,본회의불부의,처리의안,https://likms.assembly.go.kr/bill/billDetail.do?billId=105258,https://likms.assembly.go.kr/bill/billDetail.do?billId=105258
13,130436,교육공무원법개정,이원순외 902인,황철수의원,1990-12-01,1990-12-05,문교체육위원회,본회의불부의,처리의안,https://likms.assembly.go.kr/bill/billDetail.do?billId=105455,https://likms.assembly.go.kr/bill/billDetail.do?billId=105455
13,130435,동양화학TDI군산공장의건설허가취소또는이전,"엄기봉외 94,777인",박영숙의원외 5인,1990-11-24,1990-12-03,내무위원회,폐기,처리의안,https://likms.assembly.go.kr/bill/billDetail.do?billId=105228,https://likms.assembly.go.kr/bill/billDetail.do?billId=105228
13,130433,김주열열사묘소문화재지정및정화사업,"이병희외 1,589인",조찬형의원외 12인,1990-11-22,1990-11-26,문화공보위원회,철회,처리의안,https://likms.assembly.go.kr/bill/billDetail.do?billId=105043,https://likms.assembly.go.kr/bill/billDetail.do?billId=105043
13,130432,수안보지역하수처리장설치,유영수외 300인,이종근의원,1990-11-22,1990-11-26,보건사회위원회,폐기,처리의안,https://likms.assembly.go.kr/bill/billDetail.do?billId=107031,https://likms.assembly.go.kr/bill/billDetail.do?billId=107031
13,130431,배합사료부가가치세면제,김용태,김봉욱의원,1990-11-21,1990-11-26,재무위원회,본회의불부의,처리의안,https://likms.assembly.go.kr/bill/billDetail.do?billId=105438,https://likms.assembly.go.kr/bill/billDetail.do?billId=105438
13,130430,배합사료(수입품)관세,김용태,김봉욱의원,1990-11-21,1990-11-26,재무위원회,본회의불부의,처리의안,https://likms.assembly.go.kr/bill/billDetail.do?billId=105445,https://likms.assembly.go.kr/bill/billDetail.do?billId=105445
13,130429,시흥-안산간고속도로노선조정,장석화외 1인,황철수의원,1990-11-19,1990-11-21,건설위원회,폐기,처리의안,https://likms.assembly.go.kr/bill/billDetail.do?billId=107011,https://likms.assembly.go.kr/bill/billDetail.do?billId=107011
13,130428,주택관련조세제도개선,허석,서석재의원,1990-11-16,1990-11-21,재무위원회,본회의불부의,처리의안,https://likms.assembly.go.kr/bill/billDetail.do?billId=105449,https://likms.assembly.go.kr/bill/billDetail.do?billId=105449
13,130427,도시저소득주민의주거환경개선을위한임시조치법개정,"강내호외 1,186인",이학봉의원외 8인,1990-11-13,1990-11-21,건설위원회,폐기,처리의안,https://likms.assembly.go.kr/bill/billDetail.do?billId=104943,https://likms.assembly.go.kr/bill/billDetail.do?billId=104943
13,130426,국세기본법중개정법률안수정,김두황,심정구의원,1990-11-09,1990-11-17,재무위원회,본회의불부의,처리의안,https://likms.assembly.go.kr/bill/billDetail.do?billId=104771,https://likms.assembly.go.kr/bill/billDetail.do?billId=104771
13,130425,석유제품상표표시제입법반대,이상윤,신하철의원,1990-11-05,1990-11-09,동력자원위원회,철회,처리의안,https://likms.assembly.go.kr/bill/billDetail.do?billId=104871,https://likms.assembly.go.kr/bill/billDetail.do?billId=104871
13,130424,"수서,대치지구내조합주택건설내용","정성태외 3,359인",이태섭의원,1990-10-27,1990-10-31,건설위원회,폐기,처리의안,https://likms.assembly.go.kr/bill/billDetail.do?billId=107081,https://likms.assembly.go.kr/bill/billDetail.do?billId=107081
13,130422,보훈회관건립,김옥태외 2인,박경수의원,1990-10-12,1990-10-19,보건사회위원회,폐기,처리의안,https://likms.assembly.go.kr/bill/billDetail.do?billId=106812,https://likms.assembly.go.kr/bill/billDetail.do?billId=106812
13,130421,양곡관리법개정,유춘식외 14인,이인구의원외 5인,1990-09-29,1990-10-10,농림수산위원회,폐기,처리의안,https://likms.assembly.go.kr/bill/billDetail.do?billId=105334,https://likms.assembly.go.kr/bill/billDetail.do?billId=105334
13,130420,취소된비관리청하천공사원상회복,이동주외 5인,박준병의원,1990-09-24,1990-09-29,건설위원회,폐기,처리의안,https://likms.assembly.go.kr/bill/billDetail.do?billId=107065,https://likms.assembly.go.kr/bill/billDetail.do?billId=107065
13,130419,국민주택기금중임대주택대줄조건변경,허석,김윤환의원외 3인,1990-09-20,1991-09-27,건설위원회,철회,처리의안,https://likms.assembly.go.kr/bill/billDetail.do?billId=105054,https://likms.assembly.go.kr/bill/billDetail.do?billId=105054
13,130418,장애자를위한특수학교건축규제완화,피수인외 171인,최무룡의원,1990-09-17,1990-09-21,건설위원회,폐기,처리의안,https://likms.assembly.go.kr/bill/billDetail.do?billId=107018,https://likms.assembly.go.kr/bill/billDetail.do?billId=107018
13,130417,전역하사관병근무기간합산및명예회복,"윤종언외 6,500인",이병희의원외 2인,1990-09-14,1990-09-21,국방위원회,폐기,처리의안,https://likms.assembly.go.kr/bill/billDetail.do?billId=105051,https://likms.assembly.go.kr/bill/billDetail.do?billId=105051
13,130416,개발제한구역일부해제,이천기외 956인,이인구의원외 7인,1990-09-14,1990-09-21,건설위원회,폐기,처리의안,https://likms.assembly.go.kr/bill/billDetail.do?billId=104953,https://likms.assembly.go.kr/bill/billDetail.do?billId=104953
13,130415,행정구역변경,곽윤신외 71인,박경수의원,1990-09-10,1990-09-17,내무위원회,폐기,처리의안,https://likms.assembly.go.kr/bill/billDetail.do?billId=105265,https://likms.assembly.go.kr/bill/billDetail.do?billId=105265
13,130414,과수농약사용에따른피해보상,송기항외 10인,박지원의원,1990-09-04,1990-09-17,경제과학위원회,폐기,처리의안,https://likms.assembly.go.kr/bill/billDetail.do?billId=105115,https://likms.assembly.go.kr/bill/billDetail.do?billId=105115
13,130413,세법개정,이태영,이윤자의원외 2인,1990-08-30,1990-09-05,재무위원회,본회의불부의,처리의안,https://likms.assembly.go.kr/bill/billDetail.do?billId=104773,https://likms.assembly.go.kr/bill/billDetail.do?billId=104773
13,130412,주택단지조성에따른대토농지분양,조영호외 72인,이인제의원외 9인,1990-08-25,1990-09-01,건설위원회,폐기,처리의안,https://likms.assembly.go.kr/bill/billDetail.do?billId=104959,https://likms.assembly.go.kr/bill/billDetail.do?billId=104959
13,130411,도로편입토지보상,윤여석,김윤환의원,1990-08-25,1990-09-01,건설위원회,철회,처리의안,https://likms.assembly.go.kr/bill/billDetail.do?billId=104905,https://likms.assembly.go.kr/bill/billDetail.do?billId=104905
13,130410,파월전사상자보상금지급기준,이성신,이병희의원,1990-08-16,1990-08-22,국방위원회,폐기,처리의안,https://likms.assembly.go.kr/bill/billDetail.do?billId=105057,https://likms.assembly.go.kr/bill/billDetail.do?billId=105057
13,130409,북한개방촉구결의안채택,김영광,신경식의원,1990-07-23,1990-07-25,외무통일위원회,폐기,처리의안,https://likms.assembly.go.kr/bill/billDetail.do?billId=105261,https://likms.assembly.go.kr/bill/billDetail.do?billId=105261
13,130408,도시고속화도로(신내동)노선변경,백흥원외 344인,김덕규의원,1990-07-14,1990-07-24,행정위원회,본회의불부의,처리의안,https://likms.assembly.go.kr/bill/billDetail.do?billId=106966,https://likms.assembly.go.kr/bill/billDetail.do?billId=106966
13,130407,시화지구개발에따른이주대책수립,문병현외 44인,황철수의원,1990-07-14,1990-07-24,건설위원회,폐기,처리의안,https://likms.assembly.go.kr/bill/billDetail.do?billId=104983,https://likms.assembly.go.kr/bill/billDetail.do?billId=104983
13,130406,소득세법개정,박종근,김덕룡의원,1990-07-11,1990-07-16,재무위원회,본회의불부의,처리의안,https://likms.assembly.go.kr/bill/billDetail.do?billId=104775,https://likms.assembly.go.kr/bill/billDetail.do?billId=104775
13,130405,교육민주화운동관련해직교원의복직및보상에관한특별법제정,심충보외 104인,박석무의원외 1인,1990-07-10,1990-07-11,문교체육위원회,폐기,처리의안,https://likms.assembly.go.kr/bill/billDetail.do?billId=105151,https://likms.assembly.go.kr/bill/billDetail.do?billId=105151
13,130404,K1유류저장기지증설계획취소,이강택외 221인,전용원의원외 2인,1990-07-09,1990-07-10,동력자원위원회,철회,처리의안,https://likms.assembly.go.kr/bill/billDetail.do?billId=105025,https://likms.assembly.go.kr/bill/billDetail.do?billId=105025
13,130403,제원군명칭변경,"엄봉익외 2,648인","안영기,이춘구의원",1990-07-05,1990-07-09,내무위원회,본회의불부의,처리의안,https://likms.assembly.go.kr/bill/billDetail.do?billId=104737,https://likms.assembly.go.kr/bill/billDetail.do?billId=104737
13,130402,약사법개정,김명섭,김장숙의원,1990-07-04,1990-07-09,보건사회위원회,본회의불부의,처리의안,https://likms.assembly.go.kr/bill/billDetail.do?billId=105026,https://likms.assembly.go.kr/bill/billDetail.do?billId=105026
13,130401,근로기준법개정,박종근,류승규의원,1990-07-02,1990-07-04,노동위원회,폐기,처리의안,https://likms.assembly.go.kr/bill/billDetail.do?billId=107040,https://likms.assembly.go.kr/bill/billDetail.do?billId=107040
13,130400,주거풍치지구의건폐율및용적율완화,이명호외 19인,김기배의원외 2인,1990-06-28,1990-07-02,건설위원회,폐기,처리의안,https://likms.assembly.go.kr/bill/billDetail.do?billId=104987,https://likms.assembly.go.kr/bill/billDetail.do?billId=104987
13,130399,석오이동녕선생동상건립,윤보선,이종찬의원외 2인,1990-06-27,1990-06-29,국회운영위원회,폐기,처리의안,https://likms.assembly.go.kr/bill/billDetail.do?billId=105324,https://likms.assembly.go.kr/bill/billDetail.do?billId=105324
13,130398,국회의원의과도한선심행위규제를위한법제정,김봉주,양성우의원,1990-06-20,1990-06-26,국회운영위원회,폐기,처리의안,https://likms.assembly.go.kr/bill/billDetail.do?billId=105319,https://likms.assembly.go.kr/bill/billDetail.do?billId=105319
13,130397,내무부직제(소방직관련)개정,하성용외 4인,심완구의원외 33인,1990-06-18,1990-06-26,내무위원회,폐기,처리의안,https://likms.assembly.go.kr/bill/billDetail.do?billId=105270,https://likms.assembly.go.kr/bill/billDetail.do?billId=105270
13,130396,염빙전철역(가칭)신설,박응호외 14인,강우혁의원외 1인,1990-06-15,1990-06-22,교통체신위원회,채택,처리의안,https://likms.assembly.go.kr/bill/billDetail.do?billId=105476,https://likms.assembly.go.kr/bill/billDetail.do?billId=105476
13,130395,선교유적지복원및기념관건립,이순배,서청원의원,1990-06-14,1990-06-22,건설위원회,폐기,처리의안,https://likms.assembly.go.kr/bill/billDetail.do?billId=107056,https://likms.assembly.go.kr/bill/billDetail.do?billId=107056
13,130394,축산법개정,홍두표외 5인,이민섭의원,1990-06-12,1990-06-19,농림수산위원회,폐기,처리의안,https://likms.assembly.go.kr/bill/billDetail.do?billId=105347,https://likms.assembly.go.kr/bill/billDetail.do?billId=105347
13,130393,석포간척지불하가격조정,김원경외 118인,이희천의원,1990-06-11,1990-06-19,농림수산위원회,본회의불부의,처리의안,https://likms.assembly.go.kr/bill/billDetail.do?billId=105214,https://likms.assembly.go.kr/bill/billDetail.do?billId=105214
13,130392,공공용지의취득및손실보상에관한특례법시행규칙개정,"민봉령외 1,190인",김윤환의원,1990-06-05,1990-06-09,건설위원회,폐기,처리의안,https://likms.assembly.go.kr/bill/billDetail.do?billId=104991,https://likms.assembly.go.kr/bill/billDetail.do?billId=104991
13,130390,노동위원회법개정,김부웅,김동인의원,1990-05-25,1990-05-30,노동위원회,폐기,처리의안,https://likms.assembly.go.kr/bill/billDetail.do?billId=107051,https://likms.assembly.go.kr/bill/billDetail.do?billId=107051
13,130389,사설학원종합운영,이원홍,강삼재의원,1990-05-22,1990-05-29,문교체육위원회,철회,처리의안,https://likms.assembly.go.kr/bill/billDetail.do?billId=105067,https://likms.assembly.go.kr/bill/billDetail.do?billId=105067
13,130388,조합주택건설자금대출지침변경,김웅경외 590인,김동주의원외 1인,1990-05-17,1990-05-21,재무위원회,본회의불부의,처리의안,https://likms.assembly.go.kr/bill/billDetail.do?billId=105469,https://likms.assembly.go.kr/bill/billDetail.do?billId=105469
13,130387,연수지구이주대상자보상,정환용외 429인,이강희의원외 6인,1990-05-01,1990-05-07,건설위원회,철회,처리의안,https://likms.assembly.go.kr/bill/billDetail.do?billId=105134,https://likms.assembly.go.kr/bill/billDetail.do?billId=105134
13,130386,택지개발지역사업시행,조범준외 321인,유기준의원,1990-04-11,1990-04-23,건설위원회,철회,처리의안,https://likms.assembly.go.kr/bill/billDetail.do?billId=104875,https://likms.assembly.go.kr/bill/billDetail.do?billId=104875
13,130384,영세상인야간버스자체운영허가,유시관,박종율의원외 1인,1990-03-27,1990-04-21,교통체신위원회,본회의불부의,처리의안,https://likms.assembly.go.kr/bill/billDetail.do?billId=105490,https://likms.assembly.go.kr/bill/billDetail.do?billId=105490
13,130383,80년산림조합해직자보상재원지원,차종태외 13인,"신재기,김영진의원",1990-03-29,1990-04-10,농림수산위원회,본회의불부의,처리의안,https://likms.assembly.go.kr/bill/billDetail.do?billId=104962,https://likms.assembly.go.kr/bill/billDetail.do?billId=104962
13,130381,KBS법정수당사태와관련한청문회개최,"안동수외 3,820인",박석무의원,1990-03-20,1990-03-23,문교공보위원회,폐기,처리의안,https://likms.assembly.go.kr/bill/billDetail.do?billId=104901,https://likms.assembly.go.kr/bill/billDetail.do?billId=104901
13,130380,공공용지의취득및손실보상에관한특례법시행규칙개정,황태용외 62인,황성균의원,1990-03-13,1990-03-19,건설위원회,폐기,처리의안,https://likms.assembly.go.kr/bill/billDetail.do?billId=107074,https://likms.assembly.go.kr/bill/billDetail.do?billId=107074
13,130379,순국현장(서대문감옥)성역화사업,"김삼열외 3,166인",강삼재의원,1990-03-13,1990-03-19,문교공보위원회,폐기,처리의안,https://likms.assembly.go.kr/bill/billDetail.do?billId=104906,https://likms.assembly.go.kr/bill/billDetail.do?billId=104906
13,130378,호남정유(주)부지확장에따른차남이하독립세대보상,고광영외 28인,신순범의원외 3인,1990-03-09,1990-03-14,건설위원회,폐기,처리의안,https://likms.assembly.go.kr/bill/billDetail.do?billId=106835,https://likms.assembly.go.kr/bill/billDetail.do?billId=106835
13,130377,부당해직언론인원상회복,윤문병,오탄의원,1990-03-06,1990-03-10,문교공보위원회,폐기,처리의안,https://likms.assembly.go.kr/bill/billDetail.do?billId=104911,https://likms.assembly.go.kr/bill/billDetail.do?billId=104911
13,130376,수혈로인한AIDS감염환자피해보상,안종이,이철용의원,1990-03-03,1990-03-08,보건사회위원회,본회의불부의,처리의안,https://likms.assembly.go.kr/bill/billDetail.do?billId=105059,https://likms.assembly.go.kr/bill/billDetail.do?billId=105059
13,130375,5.18광주의거희생자의명예회복과배상,이광우외 18인,정상용의원,1990-03-02,1990-03-08,법제사법위원회,폐기,처리의안,https://likms.assembly.go.kr/bill/billDetail.do?billId=105309,https://likms.assembly.go.kr/bill/billDetail.do?billId=105309
13,130374,하안지구강제철거민보상,김천석외 278인,김병룡의원,1990-02-28,1990-03-06,건설위원회,폐기,처리의안,https://likms.assembly.go.kr/bill/billDetail.do?billId=106872,https://likms.assembly.go.kr/bill/billDetail.do?billId=106872
13,130373,새마을협동권사업추진비보상,김종인외 111인,김현욱의원,1990-02-27,1990-03-06,농림수산위원회,폐기,처리의안,https://likms.assembly.go.kr/bill/billDetail.do?billId=105352,https://likms.assembly.go.kr/bill/billDetail.do?billId=105352
13,130372,공해이주사업으로인한보상관련법개정,"임영옥외 1,685인",박진구의원,1990-02-21,1990-02-28,건설위원회,본회의불부의,처리의안,https://likms.assembly.go.kr/bill/billDetail.do?billId=106749,https://likms.assembly.go.kr/bill/billDetail.do?billId=106749
13,130370,고리원자력발전소주변지역개발제한구역해제,윤태선외 113인,김동주의원외 26인,1990-02-21,1990-02-28,건설위원회,폐기,처리의안,https://likms.assembly.go.kr/bill/billDetail.do?billId=106844,https://likms.assembly.go.kr/bill/billDetail.do?billId=106844
13,130369,동래군복군,차동엽외 113인,김동주의원외 26인,1990-02-21,1990-02-28,내무위원회,폐기,처리의안,https://likms.assembly.go.kr/bill/billDetail.do?billId=105278,https://likms.assembly.go.kr/bill/billDetail.do?billId=105278
13,130368,지방자치관계법개정,"한호선외 2,012인",김종호의원,1990-02-20,1990-02-26,내무위원회,본회의불부의,처리의안,https://likms.assembly.go.kr/bill/billDetail.do?billId=104729,https://likms.assembly.go.kr/bill/billDetail.do?billId=104729
13,130367,지방공무원보수규정개정,정영길외 578인,강성모의원,1990-02-20,1990-02-26,내무위원회,폐기,처리의안,https://likms.assembly.go.kr/bill/billDetail.do?billId=105286,https://likms.assembly.go.kr/bill/billDetail.do?billId=105286
13,130366,농작물염해피해보상,이동열외 41인,박형오의원,1990-02-20,1990-02-26,농림수산위원회,폐기,처리의안,https://likms.assembly.go.kr/bill/billDetail.do?billId=105357,https://likms.assembly.go.kr/bill/billDetail.do?billId=105357
13,130365,대부조림국유지의무상양여허가,송재순외 12인,황병태의원외 41인,1990-02-20,1990-02-26,농림수산위원회,본회의불부의,처리의안,https://likms.assembly.go.kr/bill/billDetail.do?billId=105201,https://likms.assembly.go.kr/bill/billDetail.do?billId=105201
13,130364,교육관계법개정,"윤영규외 513,984인",박석무의원,1990-02-21,1990-02-26,문교공보위원회,본회의불부의,처리의안,https://likms.assembly.go.kr/bill/billDetail.do?billId=105459,https://likms.assembly.go.kr/bill/billDetail.do?billId=105459
13,130363,1980년한국종합화학(주)해직자보상,이창림외 159인,양성우의원,1990-02-20,1990-02-26,상공위원회,폐기,처리의안,https://likms.assembly.go.kr/bill/billDetail.do?billId=105304,https://likms.assembly.go.kr/bill/billDetail.do?billId=105304
13,130362,침구사법제정,김판술외 90인,채영석의원,1990-02-20,1990-02-20,보건사회위원회,폐기,처리의안,https://likms.assembly.go.kr/bill/billDetail.do?billId=104795,https://likms.assembly.go.kr/bill/billDetail.do?billId=104795
13,130361,목동아파트특별분양요구,임덕출외 19인,양성우의원,1990-02-15,1991-07-15,내무위원회,폐기,처리의안,https://likms.assembly.go.kr/bill/billDetail.do?billId=104825,https://likms.assembly.go.kr/bill/billDetail.do?billId=104825
13,130360,가두리양식어업의재해피해구제,박정석외 4인,이희천의원외 1인,1990-02-10,1990-02-17,농림수산위원회,폐기,처리의안,https://likms.assembly.go.kr/bill/billDetail.do?billId=105360,https://likms.assembly.go.kr/bill/billDetail.do?billId=105360
13,130359,국책은행에대한정부투자기관관리기본법적용제외,김재용외 4인,김동인의원외 3인,1990-02-06,1990-02-17,경제과학위원회,폐기,처리의안,https://likms.assembly.go.kr/bill/billDetail.do?billId=105120,https://likms.assembly.go.kr/bill/billDetail.do?billId=105120
13,130358,은행법개정,김재용,김동인의원외 3인,1990-02-06,1990-02-17,재무위원회,본회의불부의,처리의안,https://likms.assembly.go.kr/bill/billDetail.do?billId=105452,https://likms.assembly.go.kr/bill/billDetail.do?billId=105452
13,130357,하천편입토지의보상및관계규정개정,전찬국,최무룡의원,1990-02-06,1990-02-17,건설위원회,철회,처리의안,https://likms.assembly.go.kr/bill/billDetail.do?billId=104881,https://likms.assembly.go.kr/bill/billDetail.do?billId=104881
13,130356,80년해직자보상금산정,박상호,이원배의원,1990-02-06,1990-02-12,내무위원회,철회,처리의안,https://likms.assembly.go.kr/bill/billDetail.do?billId=105141,https://likms.assembly.go.kr/bill/billDetail.do?billId=105141
13,130355,천원군명칭변경,"박동인외 7,562인",최기선의원외 33인,1990-02-01,1990-02-12,내무위원회,본회의불부의,처리의안,https://likms.assembly.go.kr/bill/billDetail.do?billId=104743,https://likms.assembly.go.kr/bill/billDetail.do?billId=104743
13,130354,지방공무원임용령개정,유찬준외 36인,박실의원,1990-01-24,1990-02-03,내무위원회,철회,처리의안,https://likms.assembly.go.kr/bill/billDetail.do?billId=105211,https://likms.assembly.go.kr/bill/billDetail.do?billId=105211
13,130353,도로확장공사계획변경및보상금결정시정,이성수외 83인,최무룡의원,1990-01-24,1990-02-03,건설위원회,본회의불부의,처리의안,https://likms.assembly.go.kr/bill/billDetail.do?billId=106708,https://likms.assembly.go.kr/bill/billDetail.do?billId=106708
13,130352,도시공원법개정,박세춘,김영선의원외 7인,1990-01-23,1990-02-03,건설위원회,철회,처리의안,https://likms.assembly.go.kr/bill/billDetail.do?billId=105116,https://likms.assembly.go.kr/bill/billDetail.do?billId=105116
13,130351,1980년해직공무원의보상등에관한특별조치법개정,정주수외 14인,이재연의원,1990-01-15,1990-01-30,행정위원회,본회의불부의,처리의안,https://likms.assembly.go.kr/bill/billDetail.do?billId=104982,https://likms.assembly.go.kr/bill/billDetail.do?billId=104982
13,130350,지방국립대치과대학부속병원설립,김오환외 3인,정대철의원,1990-01-15,1990-01-30,문교공보위원회,본회의불부의,처리의안,https://likms.assembly.go.kr/bill/billDetail.do?billId=105443,https://likms.assembly.go.kr/bill/billDetail.do?billId=105443
13,130346,고천암방조제공사및담수방류로인한피해보상,박병태외 64인,김봉호의원,1989-12-21,1989-12-26,농림수산위원회,본회의불부의,처리의안,https://likms.assembly.go.kr/bill/billDetail.do?billId=105219,https://likms.assembly.go.kr/bill/billDetail.do?billId=105219
13,130345,설악산국립공원구역중일부지역해제,"김종록외 12,357인",최정식의원,1989-12-21,1989-12-26,건설위원회,본회의불부의,처리의안,https://likms.assembly.go.kr/bill/billDetail.do?billId=106700,https://likms.assembly.go.kr/bill/billDetail.do?billId=106700
13,130344,의창군명칭변경,김영재외 105인,강삼재의원,1989-12-18,1989-12-26,내무위원회,본회의불부의,처리의안,https://likms.assembly.go.kr/bill/billDetail.do?billId=104739,https://likms.assembly.go.kr/bill/billDetail.do?billId=104739
13,130342,공무원연금법개정,유찬준외 94인,박실의원,1989-12-18,1989-12-18,행정위원회,본회의불부의,처리의안,https://likms.assembly.go.kr/bill/billDetail.do?billId=107005,https://likms.assembly.go.kr/bill/billDetail.do?billId=107005
13,130341,주택건설촉진법시행령개정,강기종외 23인,김우석의원,1989-12-11,1989-12-14,건설위원회,본회의불부의,처리의안,https://likms.assembly.go.kr/bill/billDetail.do?billId=106775,https://likms.assembly.go.kr/bill/billDetail.do?billId=106775
13,130340,주택건설촉진법시행령개정,김동승외 70인,김우석의원,1989-12-11,1989-12-14,건설위원회,본회의불부의,처리의안,https://likms.assembly.go.kr/bill/billDetail.do?billId=106767,https://likms.assembly.go.kr/bill/billDetail.do?billId=106767
13,130339,주택건설촉진법시행령개정,박응봉외 14인,이태섭의원,1989-12-08,1989-12-14,건설위원회,본회의불부의,처리의안,https://likms.assembly.go.kr/bill/billDetail.do?billId=106759,https://likms.assembly.go.kr/bill/billDetail.do?billId=106759
13,130338,탁주판매지역의제한적광역화,오종래외 161인,신영국의원,1989-12-07,1989-12-14,재무위원회,본회의불부의,처리의안,https://likms.assembly.go.kr/bill/billDetail.do?billId=104783,https://likms.assembly.go.kr/bill/billDetail.do?billId=104783
13,130337,가족법개정반대,박중훈외 180인,윤재기의원,1989-12-07,1989-12-13,법제사법위원회,본회의불부의,처리의안,https://likms.assembly.go.kr/bill/billDetail.do?billId=105320,https://likms.assembly.go.kr/bill/billDetail.do?billId=105320
13,130336,민법개정,"노영희외 2,354인",박영숙의원,1989-12-02,1989-12-13,법제사법위원회,본회의불부의,처리의안,https://likms.assembly.go.kr/bill/billDetail.do?billId=105333,https://likms.assembly.go.kr/bill/billDetail.do?billId=105333
13,130335,태평양전쟁시한국인희생자무연유골의수습과봉안,석태연외 12인,함종한의원,1989-12-07,1989-12-16,외무통일위원회,폐기,처리의안,https://likms.assembly.go.kr/bill/billDetail.do?billId=105267,https://likms.assembly.go.kr/bill/billDetail.do?billId=105267
13,130334,주택건설촉진법시행령개정,김상수외 53인,김우석의원,1989-12-06,1989-12-13,건설위원회,본회의불부의,처리의안,https://likms.assembly.go.kr/bill/billDetail.do?billId=106783,https://likms.assembly.go.kr/bill/billDetail.do?billId=106783
13,130333,주택건설촉진법시행령개정,김정덕외 14인,김우석의원,1989-12-06,1989-12-13,건설위원회,본회의불부의,처리의안,https://likms.assembly.go.kr/bill/billDetail.do?billId=106793,https://likms.assembly.go.kr/bill/billDetail.do?billId=106793
13,130332,목동아파트입주권요구,원종례외 230인,양성우의원,1989-12-06,1991-07-15,행정위원회,폐기,처리의안,https://likms.assembly.go.kr/bill/billDetail.do?billId=104851,https://likms.assembly.go.kr/bill/billDetail.do?billId=104851
13,130331,금오공대국립화에따른직원신분보장,"이영덕외 3,028인",강삼재의원외 3인,1989-12-04,1989-12-06,문교공보위원회,본회의불부의,처리의안,https://likms.assembly.go.kr/bill/billDetail.do?billId=105436,https://likms.assembly.go.kr/bill/billDetail.do?billId=105436
13,130330,개발제한구역의재조정및재산권보상,"황상익외 2,437인",박충순의원,1989-12-02,1989-12-09,건설위원회,본회의불부의,처리의안,https://likms.assembly.go.kr/bill/billDetail.do?billId=106669,https://likms.assembly.go.kr/bill/billDetail.do?billId=106669
13,130329,약사법개정,이영우외 50인,이종근의원,1989-12-04,1989-12-09,보건사회위원회,본회의불부의,처리의안,https://likms.assembly.go.kr/bill/billDetail.do?billId=105033,https://likms.assembly.go.kr/bill/billDetail.do?billId=105033
13,130328,약사법개정,김재전,"송두호,박병선의원",1989-12-01,1989-12-06,보건사회위원회,본회의불부의,처리의안,https://likms.assembly.go.kr/bill/billDetail.do?billId=105038,https://likms.assembly.go.kr/bill/billDetail.do?billId=105038
13,130327,80년해직된농협조합장보상,권태석외 215인,허재홍의원외 5인,1989-12-01,1989-12-06,농림수산위원회,본회의불부의,처리의안,https://likms.assembly.go.kr/bill/billDetail.do?billId=105189,https://likms.assembly.go.kr/bill/billDetail.do?billId=105189
13,130326,주택건설촉진법시행령개정,최정근외 7인,황병태의원,1989-11-29,1989-12-06,건설위원회,본회의불부의,처리의안,https://likms.assembly.go.kr/bill/billDetail.do?billId=106752,https://likms.assembly.go.kr/bill/billDetail.do?billId=106752
13,130325,주택건설촉진법시행령개정,"이수완외 1,680인",이태섭의원,1989-11-29,1989-12-06,건설위원회,본회의불부의,처리의안,https://likms.assembly.go.kr/bill/billDetail.do?billId=106743,https://likms.assembly.go.kr/bill/billDetail.do?billId=106743
13,130324,주택건설촉진법시행령개정,신재훈외 13인,이태섭의원,1989-11-29,1989-12-02,건설위원회,본회의불부의,처리의안,https://likms.assembly.go.kr/bill/billDetail.do?billId=106735,https://likms.assembly.go.kr/bill/billDetail.do?billId=106735
13,130323,광업권취소등,박병성외 119인,김봉호의원,1989-11-23,1989-12-02,동력자원위원회,본회의불부의,처리의안,https://likms.assembly.go.kr/bill/billDetail.do?billId=104885,https://likms.assembly.go.kr/bill/billDetail.do?billId=104885
13,130322,한국은행법개정,기위호외 24인,박찬종의원,1989-11-27,1989-12-01,재무위원회,폐기,처리의안,https://likms.assembly.go.kr/bill/billDetail.do?billId=105146,https://likms.assembly.go.kr/bill/billDetail.do?billId=105146
13,130321,정박아동을위한특수학교신축비지원,김임순,강삼재의원,1989-11-25,1989-12-02,문교공보위원회,채택,처리의안,https://likms.assembly.go.kr/bill/billDetail.do?billId=105491,https://likms.assembly.go.kr/bill/billDetail.do?billId=105491
13,130320,강원탄광통근버스사고차량산재처리,손영목외 9인,류승규의원,1989-11-25,1989-12-02,노동위원회,철회,처리의안,https://likms.assembly.go.kr/bill/billDetail.do?billId=105150,https://likms.assembly.go.kr/bill/billDetail.do?billId=105150
13,130319,석탄산업법중재해위로금지급대상,김영식외 13인,류승규의원,1989-11-25,1989-12-02,동력자원위원회,본회의불부의,처리의안,https://likms.assembly.go.kr/bill/billDetail.do?billId=104902,https://likms.assembly.go.kr/bill/billDetail.do?billId=104902
13,130318,별정우체국직원경력의공무원경력인정요구,강주식,최락도의원,1989-11-23,1989-11-28,행정위원회,본회의불부의,처리의안,https://likms.assembly.go.kr/bill/billDetail.do?billId=106997,https://likms.assembly.go.kr/bill/billDetail.do?billId=106997
13,130317,고봉기대승선생동상건립국고보조,기세룡외 115인,조홍규의원,1989-11-22,1989-11-27,문교공보위원회,본회의불부의,처리의안,https://likms.assembly.go.kr/bill/billDetail.do?billId=107100,https://likms.assembly.go.kr/bill/billDetail.do?billId=107100
13,130316,중소기업진흥공단강제해직자피해보상,김정현외 38인,이돈만의원,1989-11-22,1989-11-27,상공위원회,폐기,처리의안,https://likms.assembly.go.kr/bill/billDetail.do?billId=105310,https://likms.assembly.go.kr/bill/billDetail.do?billId=105310
13,130315,약사법개정,이영우외 44인,황성균의원,1989-11-22,1989-11-27,보건사회위원회,철회,처리의안,https://likms.assembly.go.kr/bill/billDetail.do?billId=106900,https://likms.assembly.go.kr/bill/billDetail.do?billId=106900
13,130314,수산업관계법령개정,"안경호외 1,053인",이강희의원외 5인,1989-11-25,1989-11-28,농림수산위원회,본회의불부의,처리의안,https://likms.assembly.go.kr/bill/billDetail.do?billId=105224,https://likms.assembly.go.kr/bill/billDetail.do?billId=105224
13,130313,1980년해직공무원의보상등에관한특별조치법개정,오상현외 2인,이영권의원,1989-11-18,1989-11-22,행정위원회,철회,처리의안,https://likms.assembly.go.kr/bill/billDetail.do?billId=105218,https://likms.assembly.go.kr/bill/billDetail.do?billId=105218
13,130312,1980년해직된읍.면.동장보상,조덕래외 143인,김현욱의원,1989-11-16,1989-11-22,내무위원회,폐기,처리의안,https://likms.assembly.go.kr/bill/billDetail.do?billId=105290,https://likms.assembly.go.kr/bill/billDetail.do?billId=105290
13,130310,삼청교육피해자명예회복및보상,정인수외 9인,정상용의원,1989-11-16,1989-11-18,제5공화국에있어서의정치권력형비리조사특별위원회,본회의불부의,처리의안,https://likms.assembly.go.kr/bill/billDetail.do?billId=105379,https://likms.assembly.go.kr/bill/billDetail.do?billId=105379
13,130309,신단양지역호반관광도시조성,"정상모외 1,200인",안영기의원,1989-11-04,1989-11-18,건설위원회,본회의불부의,처리의안,https://likms.assembly.go.kr/bill/billDetail.do?billId=106678,https://likms.assembly.go.kr/bill/billDetail.do?billId=106678
13,130308,하천법개정,김영옥외 26인,박충순의원,1989-11-14,1989-11-18,건설위원회,본회의불부의,처리의안,https://likms.assembly.go.kr/bill/billDetail.do?billId=106628,https://likms.assembly.go.kr/bill/billDetail.do?billId=106628
13,130307,중부내륙고속도로시발점변경,"황규선외 5,300인",김동주의원외 26인,1989-11-01,1989-11-14,건설위원회,폐기,처리의안,https://likms.assembly.go.kr/bill/billDetail.do?billId=106855,https://likms.assembly.go.kr/bill/billDetail.do?billId=106855
13,130306,집유장개설,박래형외 55인,이종근의원,1989-11-09,1989-11-14,농림수산위원회,본회의불부의,처리의안,https://likms.assembly.go.kr/bill/billDetail.do?billId=105235,https://likms.assembly.go.kr/bill/billDetail.do?billId=105235
13,130305,고압송전철탑건설우회공사요구,최용태외 186인,이종근의원외 1인,1989-11-08,1989-11-14,동력자원위원회,본회의불부의,처리의안,https://likms.assembly.go.kr/bill/billDetail.do?billId=105391,https://likms.assembly.go.kr/bill/billDetail.do?billId=105391
13,130304,선박직원법개정,이맹기,김인기의원,1989-11-08,1989-11-14,교통체신위원회,본회의불부의,처리의안,https://likms.assembly.go.kr/bill/billDetail.do?billId=105486,https://likms.assembly.go.kr/bill/billDetail.do?billId=105486
13,130303,80년해직공무원의보상등에관한특별조치법개정,이상복외 464인,김종완의원,1989-11-08,1989-11-14,행정위원회,철회,처리의안,https://likms.assembly.go.kr/bill/billDetail.do?billId=105145,https://likms.assembly.go.kr/bill/billDetail.do?billId=105145
13,130302,지하철신정차량기지건설공사편입토지보상,김지순,이원배의원,1989-11-08,1989-11-10,행정위원회,본회의불부의,처리의안,https://likms.assembly.go.kr/bill/billDetail.do?billId=107055,https://likms.assembly.go.kr/bill/billDetail.do?billId=107055
13,130301,부사만간척지구피해보상,이상백외 114인,이긍규의원외 1인,1989-11-08,1989-11-10,농림수산위원회,폐기,처리의안,https://likms.assembly.go.kr/bill/billDetail.do?billId=105366,https://likms.assembly.go.kr/bill/billDetail.do?billId=105366
13,130300,속초시종합개발계획수립,"전상기외 1,745인",최정식의원,1989-11-04,1989-11-07,건설위원회,본회의불부의,처리의안,https://likms.assembly.go.kr/bill/billDetail.do?billId=106689,https://likms.assembly.go.kr/bill/billDetail.do?billId=106689
13,130298,"일죽.생극간도로확,포장",권종철외 735인,이해구의원,1989-10-28,1989-11-03,건설위원회,본회의불부의,처리의안,https://likms.assembly.go.kr/bill/billDetail.do?billId=104969,https://likms.assembly.go.kr/bill/billDetail.do?billId=104969
13,130294,노동은행법개정,박종근,이강희의원외 5인,1989-10-25,1989-11-03,재무위원회,철회,처리의안,https://likms.assembly.go.kr/bill/billDetail.do?billId=105028,https://likms.assembly.go.kr/bill/billDetail.do?billId=105028
13,130293,산업안전보건법개정,단병호외 3인,이상수의원외 11인,1989-10-23,1989-10-25,노동위원회,본회의불부의,처리의안,https://likms.assembly.go.kr/bill/billDetail.do?billId=105266,https://likms.assembly.go.kr/bill/billDetail.do?billId=105266
13,130289,공원용지매입요구,이문자,김우석의원,1989-10-20,1989-10-21,행정위원회,철회,처리의안,https://likms.assembly.go.kr/bill/billDetail.do?billId=106936,https://likms.assembly.go.kr/bill/billDetail.do?billId=106936
13,130288,청호지수몰지역농지보상재조정,김인술외 41인,이희천의원,1989-10-25,1989-10-28,농림수산위원회,폐기,처리의안,https://likms.assembly.go.kr/bill/billDetail.do?billId=105368,https://likms.assembly.go.kr/bill/billDetail.do?billId=105368
13,130287,고성군어로작업출항시간조정,민영기외 800인,최정식의원,1989-10-19,1989-10-25,내무위원회,폐기,처리의안,https://likms.assembly.go.kr/bill/billDetail.do?billId=104855,https://likms.assembly.go.kr/bill/billDetail.do?billId=104855
13,130286,80년농협해직자보상재원지원,한호선외 6인,심기섭의원외 3인,1989-10-18,1989-10-21,농림수산위원회,본회의불부의,처리의안,https://likms.assembly.go.kr/bill/billDetail.do?billId=104941,https://likms.assembly.go.kr/bill/billDetail.do?billId=104941
13,130285,탁아소설치및운영에관한법률제정,이우정,박영숙의원,1989-10-18,1989-10-20,보건사회위원회,폐기,처리의안,https://likms.assembly.go.kr/bill/billDetail.do?billId=106821,https://likms.assembly.go.kr/bill/billDetail.do?billId=106821
13,130284,서대문독립공원조성,"이영범외 1,494인",강성모의원,1989-10-18,1989-10-20,행정위원회,본회의불부의,처리의안,https://likms.assembly.go.kr/bill/billDetail.do?billId=107088,https://likms.assembly.go.kr/bill/billDetail.do?billId=107088
13,130283,80년축협해직자보상재원지원,명의식외 165인,김진영의원외 3인,1989-10-18,1989-10-20,농림수산위원회,본회의불부의,처리의안,https://likms.assembly.go.kr/bill/billDetail.do?billId=104955,https://likms.assembly.go.kr/bill/billDetail.do?billId=104955
13,130282,철도건널목(연기군전동면석곡리)지하도개설,신동범외 67인,"이인구,연제원의원",1989-10-18,1989-10-20,교통체신위원회,본회의불부의,처리의안,https://likms.assembly.go.kr/bill/billDetail.do?billId=105072,https://likms.assembly.go.kr/bill/billDetail.do?billId=105072
13,130281,율곡사상연구원학술연구사업비지원요청,김동현외 30인,"정동성,김종호의원",1989-10-14,1989-10-17,문교공보위원회,본회의불부의,처리의안,https://likms.assembly.go.kr/bill/billDetail.do?billId=107104,https://likms.assembly.go.kr/bill/billDetail.do?billId=107104
13,130280,잠수기어업관계법령개정,김장술외 664인,박상천의원,1989-10-13,1989-10-17,농림수산위원회,본회의불부의,처리의안,https://likms.assembly.go.kr/bill/billDetail.do?billId=105196,https://likms.assembly.go.kr/bill/billDetail.do?billId=105196
13,130279,자동차운수사업법개정,정만기외 11인,박관용의원,1989-10-13,1989-10-17,교통체신위원회,철회,처리의안,https://likms.assembly.go.kr/bill/billDetail.do?billId=106908,https://likms.assembly.go.kr/bill/billDetail.do?billId=106908
13,130278,의료직공무원의 직급제개편,박경순외 451인,강삼재의원,1989-10-12,1989-10-14,행정위원회,본회의불부의,처리의안,https://likms.assembly.go.kr/bill/billDetail.do?billId=107015,https://likms.assembly.go.kr/bill/billDetail.do?billId=107015
13,130277,산업연구원강제해직자피해보상,김완준외 5인,박찬종의원,1989-10-12,1989-10-14,상공위원회,폐기,처리의안,https://likms.assembly.go.kr/bill/billDetail.do?billId=105313,https://likms.assembly.go.kr/bill/billDetail.do?billId=105313
13,130276,방범대원처우개선,"양국웅외 1,596인",양경자의원,1989-10-12,1989-10-14,내무위원회,철회,처리의안,https://likms.assembly.go.kr/bill/billDetail.do?billId=105049,https://likms.assembly.go.kr/bill/billDetail.do?billId=105049
13,130275,건축법시행규칙제17조제1항의개정,권오일,박관용의원,1989-10-11,1989-10-14,건설위원회,본회의불부의,처리의안,https://likms.assembly.go.kr/bill/billDetail.do?billId=106715,https://likms.assembly.go.kr/bill/billDetail.do?billId=106715
13,130274,수도권정비계획법시행령개정,양창옥외 11인,양경자의원,1989-10-11,1989-10-14,건설위원회,본회의불부의,처리의안,https://likms.assembly.go.kr/bill/billDetail.do?billId=104965,https://likms.assembly.go.kr/bill/billDetail.do?billId=104965
13,130273,을지로2가재개발에따른피해보상,안병균,이민섭의원,1989-10-11,1989-10-14,건설위원회,철회,처리의안,https://likms.assembly.go.kr/bill/billDetail.do?billId=106895,https://likms.assembly.go.kr/bill/billDetail.do?billId=106895
13,130272,외자도입법개정,박종근,"김봉조,김봉호,김덕룡의원",1989-10-10,1989-10-10,재무위원회,본회의불부의,처리의안,https://likms.assembly.go.kr/bill/billDetail.do?billId=104777,https://likms.assembly.go.kr/bill/billDetail.do?billId=104777
13,130271,소득세법개정,박종근,"김봉조,김봉호,김덕룡의원",1989-10-10,1989-10-10,재무위원회,본회의불부의,처리의안,https://likms.assembly.go.kr/bill/billDetail.do?billId=104801,https://likms.assembly.go.kr/bill/billDetail.do?billId=104801
13,130270,국기시정,장경화,유학성의원,1989-09-28,1989-10-04,행정위원회,폐기,처리의안,https://likms.assembly.go.kr/bill/billDetail.do?billId=106734,https://likms.assembly.go.kr/bill/billDetail.do?billId=106734
13,130269,선원법개정,박종근,김진재의원,1989-09-23,1989-09-27,교통체신위원회,본회의불부의,처리의안,https://likms.assembly.go.kr/bill/billDetail.do?billId=105481,https://likms.assembly.go.kr/bill/billDetail.do?billId=105481
13,130268,노동관계법개정,박종근,이상수의원외 2인,1989-09-23,1989-09-27,노동위원회,폐기,처리의안,https://likms.assembly.go.kr/bill/billDetail.do?billId=107060,https://likms.assembly.go.kr/bill/billDetail.do?billId=107060
13,130267,인천직할시운동장전철역(가칭)설치,"신상빈외 10,349인",서정화의원외 6인,1989-09-21,1989-09-23,교통체신위원회,채택,처리의안,https://likms.assembly.go.kr/bill/billDetail.do?billId=105495,https://likms.assembly.go.kr/bill/billDetail.do?billId=105495
13,130266,공주사범대학의종합대학교승격,조태복외 68인,윤재기의원,1989-09-21,1989-09-23,문교공보위원회,본회의불부의,처리의안,https://likms.assembly.go.kr/bill/billDetail.do?billId=107099,https://likms.assembly.go.kr/bill/billDetail.do?billId=107099
13,130265,1980년해직된농지개량조합장보상,박승근외 8인,김완태의원외 3인,1989-09-20,1989-09-23,농림수산위원회,철회,처리의안,https://likms.assembly.go.kr/bill/billDetail.do?billId=106931,https://likms.assembly.go.kr/bill/billDetail.do?billId=106931
13,130264,시화공업단지입주,박승민외 607인,신하철의원,1989-09-20,1989-09-23,상공위원회,철회,처리의안,https://likms.assembly.go.kr/bill/billDetail.do?billId=105199,https://likms.assembly.go.kr/bill/billDetail.do?billId=105199
13,130263,주택건설촉진법시행령제4조2의개정,김정덕,박찬종의원,1989-09-19,1989-09-23,건설위원회,본회의불부의,처리의안,https://likms.assembly.go.kr/bill/billDetail.do?billId=106727,https://likms.assembly.go.kr/bill/billDetail.do?billId=106727
13,130262,노량진수산시장인수,"박희재외 1,036,301인",신재기의원외 1인,1989-09-19,1989-09-29,농림수산위원회,폐기,처리의안,https://likms.assembly.go.kr/bill/billDetail.do?billId=105372,https://likms.assembly.go.kr/bill/billDetail.do?billId=105372
13,130261,사회복지법인명휘원의이전건축비국고보조,강성숙,정대철의원,1989-09-19,1989-09-23,문교공보위원회,채택,처리의안,https://likms.assembly.go.kr/bill/billDetail.do?billId=105484,https://likms.assembly.go.kr/bill/billDetail.do?billId=105484
13,130259,80년수협해직자보상재원지원,박희재외 73인,"신재기,김영진,강보성,정일영의원",1989-09-12,1989-09-19,농림수산위원회,본회의불부의,처리의안,https://likms.assembly.go.kr/bill/billDetail.do?billId=104949,https://likms.assembly.go.kr/bill/billDetail.do?billId=104949
13,130258,속초시교동택지개발예정지구사업변경,김종록외 567인,최정식의원,1989-09-11,1989-09-19,건설위원회,본회의불부의,처리의안,https://likms.assembly.go.kr/bill/billDetail.do?billId=104960,https://likms.assembly.go.kr/bill/billDetail.do?billId=104960
13,130257,노인문화공원개설,홍순창,박실의원,1989-09-11,1989-09-19,행정위원회,본회의불부의,처리의안,https://likms.assembly.go.kr/bill/billDetail.do?billId=106982,https://likms.assembly.go.kr/bill/billDetail.do?billId=106982
13,130255,9백의총성역화사업추진,안세영외 68인,"조부영,최각규의원",1989-09-04,1989-09-07,문교공보위원회,본회의불부의,처리의안,https://likms.assembly.go.kr/bill/billDetail.do?billId=107097,https://likms.assembly.go.kr/bill/billDetail.do?billId=107097
13,130254,마포아파트재건축에따른세입자보호,김기봉,백남치의원,1989-09-04,1989-09-07,건설위원회,본회의불부의,처리의안,https://likms.assembly.go.kr/bill/billDetail.do?billId=104954,https://likms.assembly.go.kr/bill/billDetail.do?billId=104954
13,130253,한국예술대학교설립요구,최정기외 177인,조홍규의원,1989-08-18,1989-08-21,문교공보위원회,폐기,처리의안,https://likms.assembly.go.kr/bill/billDetail.do?billId=105191,https://likms.assembly.go.kr/bill/billDetail.do?billId=105191
13,130252,6.25참전경찰관생활보호연금수혜요구,최석원,홍세기의원,1989-08-11,1989-08-16,국방위원회,폐기,처리의안,https://likms.assembly.go.kr/bill/billDetail.do?billId=105063,https://likms.assembly.go.kr/bill/billDetail.do?billId=105063
13,130251,이주민정착국유임야불하,김선월외 19인,이웅희의원외 87인,1989-08-02,1989-08-08,농림수산위원회,본회의불부의,처리의안,https://likms.assembly.go.kr/bill/billDetail.do?billId=105384,https://likms.assembly.go.kr/bill/billDetail.do?billId=105384
13,130250,새마을호천안역정차요구,"정진학외 1,693인",김용환의원,1989-08-02,1989-08-03,교통체신위원회,본회의불부의,처리의안,https://likms.assembly.go.kr/bill/billDetail.do?billId=105078,https://likms.assembly.go.kr/bill/billDetail.do?billId=105078
13,130249,석탄광운탄업자및기자재납품업자보호,전윤철외 30인,박우병의원,1989-08-02,1989-08-03,동력자원위원회,본회의불부의,처리의안,https://likms.assembly.go.kr/bill/billDetail.do?billId=104912,https://likms.assembly.go.kr/bill/billDetail.do?billId=104912
13,130248,국립이리농림전문대학설립,김성철외 2인,채영석의원,1989-08-02,1989-08-03,문교공보위원회,본회의불부의,처리의안,https://likms.assembly.go.kr/bill/billDetail.do?billId=107092,https://likms.assembly.go.kr/bill/billDetail.do?billId=107092
13,130247,"속초,고성,양양지역4년제대학설립","전상기외 2,532인",최정식의원,1989-08-02,1989-08-03,문교공보위원회,본회의불부의,처리의안,https://likms.assembly.go.kr/bill/billDetail.do?billId=107086,https://likms.assembly.go.kr/bill/billDetail.do?billId=107086
13,130246,8열부녀정열각국가문화재지정요구,정진명외 831인,양성우의원,1989-08-02,1989-08-02,문교공보위원회,본회의불부의,처리의안,https://likms.assembly.go.kr/bill/billDetail.do?billId=107076,https://likms.assembly.go.kr/bill/billDetail.do?billId=107076
13,130245,우리통일말갈래큰사전편찬을위한연구비지원,박용수,양성우의원,1989-07-21,1989-07-26,문교공보위원회,본회의불부의,처리의안,https://likms.assembly.go.kr/bill/billDetail.do?billId=107066,https://likms.assembly.go.kr/bill/billDetail.do?billId=107066
13,130244,울주군명칭변경,박원주외 22인,박진구의원,1989-07-13,1989-07-14,내무위원회,본회의불부의,처리의안,https://likms.assembly.go.kr/bill/billDetail.do?billId=104745,https://likms.assembly.go.kr/bill/billDetail.do?billId=104745
13,130243,경북예천군신기지촌건설과관련부당행정으로인한피해보상,송인태외 8인,오경의의원외 10인,1989-07-10,1989-07-11,내무위원회,본회의불부의,처리의안,https://likms.assembly.go.kr/bill/billDetail.do?billId=104747,https://likms.assembly.go.kr/bill/billDetail.do?billId=104747
13,130242,대구지역영세상인야간버스자체운영허가,현한조,박종율의원외 1인,1989-07-10,1989-07-11,교통체신위원회,철회,처리의안,https://likms.assembly.go.kr/bill/billDetail.do?billId=105221,https://likms.assembly.go.kr/bill/billDetail.do?billId=105221
13,130240,장흥읍변전소이전,정정진외 513인,이영권의원,1989-07-03,1989-07-04,동력자원위원회,본회의불부의,처리의안,https://likms.assembly.go.kr/bill/billDetail.do?billId=105395,https://likms.assembly.go.kr/bill/billDetail.do?billId=105395
13,130239,항공기소음피해방지등관계법제정,유기옥,김영배의원,1989-06-28,1989-06-30,교통체신위원회,본회의불부의,처리의안,https://likms.assembly.go.kr/bill/billDetail.do?billId=105477,https://likms.assembly.go.kr/bill/billDetail.do?billId=105477
13,130238,식품위생법중녹차의생산및판매등에관련된조항개정,하상연외 15인,김광일의원외 31인,1990-06-26,1990-06-27,보건사회위원회,본회의불부의,처리의안,https://likms.assembly.go.kr/bill/billDetail.do?billId=105068,https://likms.assembly.go.kr/bill/billDetail.do?billId=105068
13,130237,영남화학부당집단해고철회,정춘택외 554인,심완구의원,1989-06-26,1989-06-27,노동위원회,철회,처리의안,https://likms.assembly.go.kr/bill/billDetail.do?billId=106915,https://likms.assembly.go.kr/bill/billDetail.do?billId=106915
13,130236,금강하구둑공사로인한피해보상누락어민보상,고평곤외 232인,김봉욱의원,1989-06-16,1989-06-19,농림수산위원회,본회의불부의,처리의안,https://likms.assembly.go.kr/bill/billDetail.do?billId=105397,https://likms.assembly.go.kr/bill/billDetail.do?billId=105397
13,130235,지하철3호선연장노선개포지역통과(개포역설치),"최정배외 4,939인",백남치의원,1989-06-16,1989-06-19,행정위원회,철회,처리의안,https://likms.assembly.go.kr/bill/billDetail.do?billId=105207,https://likms.assembly.go.kr/bill/billDetail.do?billId=105207
13,130234,형면제,황인수,오탄의원,1989-06-13,1989-06-17,법제사법위원회,본회의불부의,처리의안,https://likms.assembly.go.kr/bill/billDetail.do?billId=105336,https://likms.assembly.go.kr/bill/billDetail.do?billId=105336
13,130232,분당지구내이진봉(속칭뒷메)에대한원형보존대책,이형구외 99인,이긍규의원외 2인,1989-06-12,1989-06-14,건설위원회,철회,처리의안,https://likms.assembly.go.kr/bill/billDetail.do?billId=105193,https://likms.assembly.go.kr/bill/billDetail.do?billId=105193
13,130231,안성읍석정택지개발지구중일부지역제외요청,유성근외 32인,이해구의원,1989-06-12,1989-06-14,건설위원회,철회,처리의안,https://likms.assembly.go.kr/bill/billDetail.do?billId=106923,https://likms.assembly.go.kr/bill/billDetail.do?billId=106923
13,130230,신길4동재개발지구환지청산금감면,이윤중외 54인,"김원기,박실,김종완,이동근,양성우의원",1989-06-09,1989-06-12,행정위원회,본회의불부의,처리의안,https://likms.assembly.go.kr/bill/billDetail.do?billId=107064,https://likms.assembly.go.kr/bill/billDetail.do?billId=107064
13,130229,거진항준설공사시기조정,김성남외 30인,최정식의원,1989-06-09,1989-06-12,교통체신위원회,철회,처리의안,https://likms.assembly.go.kr/bill/billDetail.do?billId=104810,https://likms.assembly.go.kr/bill/billDetail.do?billId=104810
13,130228,하천편입미보상토지정당보상청구,김학송,강신옥의원,1989-06-07,1989-06-12,행정위원회,본회의불부의,처리의안,https://likms.assembly.go.kr/bill/billDetail.do?billId=107080,https://likms.assembly.go.kr/bill/billDetail.do?billId=107080
13,130227,정치보복사건으로기인한피해보상청구,김인섭,오탄의원외 2인,1989-06-07,1989-06-12,법제사법위원회,본회의불부의,처리의안,https://likms.assembly.go.kr/bill/billDetail.do?billId=105351,https://likms.assembly.go.kr/bill/billDetail.do?billId=105351
13,130226,개포지구동산마을의부당한감보율적용시정,임규돈외 117인,김덕룡의원,1989-05-26,1985-05-27,행정위원회,본회의불부의,처리의안,https://likms.assembly.go.kr/bill/billDetail.do?billId=107079,https://likms.assembly.go.kr/bill/billDetail.do?billId=107079
13,130225,원주-평창간42번국도포장,"이인보외 3,157인",박경수의원외 38인,1989-05-26,1989-05-27,건설위원회,본회의불부의,처리의안,https://likms.assembly.go.kr/bill/billDetail.do?billId=104945,https://likms.assembly.go.kr/bill/billDetail.do?billId=104945
13,130224,기독교전남동부(순천)방송국설립허가,박주인외 545인,허경만의원외 6인,1989-05-22,1989-05-23,문교공보위원회,폐기,처리의안,https://likms.assembly.go.kr/bill/billDetail.do?billId=104922,https://likms.assembly.go.kr/bill/billDetail.do?billId=104922
13,130223,1980년경향신문해직사원복직및보상,김경래외 2인,박석무의원,1989-05-22,1989-05-23,문교공보위원회,본회의불부의,처리의안,https://likms.assembly.go.kr/bill/billDetail.do?billId=107054,https://likms.assembly.go.kr/bill/billDetail.do?billId=107054
13,130222,재임용탈락교수(이명길)복직,이명길,강삼재의원,1989-05-17,1989-05-20,문교공보위원회,본회의불부의,처리의안,https://likms.assembly.go.kr/bill/billDetail.do?billId=105424,https://likms.assembly.go.kr/bill/billDetail.do?billId=105424
13,130221,상계지역개발에따른주공의부당조치시정요구,안대길외 92인,양성우의원,1989-05-17,1989-05-20,건설위원회,철회,처리의안,https://likms.assembly.go.kr/bill/billDetail.do?billId=104794,https://likms.assembly.go.kr/bill/billDetail.do?billId=104794
13,130220,의료기사법개정,문일,김충조의원외 2인,1989-05-17,1989-05-20,보건사회위원회,폐기,처리의안,https://likms.assembly.go.kr/bill/billDetail.do?billId=106839,https://likms.assembly.go.kr/bill/billDetail.do?billId=106839
13,130219,염료.안료공업협업화단지지정,이종만외 29인,박지원의원,1989-05-16,1989-05-18,건설위원회,본회의불부의,처리의안,https://likms.assembly.go.kr/bill/billDetail.do?billId=104938,https://likms.assembly.go.kr/bill/billDetail.do?billId=104938
13,130218,재일본한국YMCA회관보존대책,표용근외 1인,임춘원의원외 3인,1989-05-16,1989-05-18,재무위원회,채택,처리의안,https://likms.assembly.go.kr/bill/billDetail.do?billId=105460,https://likms.assembly.go.kr/bill/billDetail.do?billId=105460
13,130217,공유수면매립농지적정가불하요구,김선흥외 120인,박재규의원외 7인,1989-05-15,1989-05-18,내무위원회,본회의불부의,처리의안,https://likms.assembly.go.kr/bill/billDetail.do?billId=104749,https://likms.assembly.go.kr/bill/billDetail.do?billId=104749
13,130216,공공용지의취득및손실보상에관한특례법등개정,심성구외 7인,심완구의원외 7인,1989-05-13,1989-05-15,건설위원회,폐기,처리의안,https://likms.assembly.go.kr/bill/billDetail.do?billId=107043,https://likms.assembly.go.kr/bill/billDetail.do?billId=107043
13,130215,금강하구댐피해어민의실질보상,석종철외 617인,이종근의원외 4인,1989-05-11,1989-05-15,농림수산위원회,본회의불부의,처리의안,https://likms.assembly.go.kr/bill/billDetail.do?billId=104975,https://likms.assembly.go.kr/bill/billDetail.do?billId=104975
13,130214,호적변경을이유로한재임용탈락교수복직,이계학,박석무의원,1989-05-11,1989-05-15,문교공보위원회,본회의불부의,처리의안,https://likms.assembly.go.kr/bill/billDetail.do?billId=107044,https://likms.assembly.go.kr/bill/billDetail.do?billId=107044
13,130213,삼성.일죽간도로포장,"권혁채외 1,210인",김완태의원,1989-05-11,1989-05-15,건설위원회,철회,처리의안,https://likms.assembly.go.kr/bill/billDetail.do?billId=106946,https://likms.assembly.go.kr/bill/billDetail.do?billId=106946
13,130212,부실매립공사로인한피해보상및재해예방대책,강석진외 48인,김정길의원,1989-05-11,1989-05-11,교통체신위원회,본회의불부의,처리의안,https://likms.assembly.go.kr/bill/billDetail.do?billId=105473,https://likms.assembly.go.kr/bill/billDetail.do?billId=105473
13,130211,광산운탄업자및기자재납품업자보호,여수락외 39인,류승규의원,1989-05-10,1989-05-11,동력자원위원회,본회의불부의,처리의안,https://likms.assembly.go.kr/bill/billDetail.do?billId=104908,https://likms.assembly.go.kr/bill/billDetail.do?billId=104908
13,130210,임대아파트임대기간연장등,이천호외 176인,류승규의원,1989-05-10,1989-05-11,건설위원회,본회의불부의,처리의안,https://likms.assembly.go.kr/bill/billDetail.do?billId=104928,https://likms.assembly.go.kr/bill/billDetail.do?billId=104928
13,130209,대덕연구단지조성사업수용토지추가보상요구,민병태외 315인,"이인구,박충순의원",1989-05-09,1989-05-11,건설위원회,폐기,처리의안,https://likms.assembly.go.kr/bill/billDetail.do?billId=106894,https://likms.assembly.go.kr/bill/billDetail.do?billId=106894
13,130207,택지제한조치해제,남택철,"정정훈,강우혁의원",1989-05-09,1989-05-09,건설위원회,본회의불부의,처리의안,https://likms.assembly.go.kr/bill/billDetail.do?billId=106640,https://likms.assembly.go.kr/bill/billDetail.do?billId=106640
13,130206,5.18광주민주화운동관련해직자의원상회복,주영길외 3인,신오철의원,1989-05-08,1990-03-09,법제사법위원회,폐기,처리의안,https://likms.assembly.go.kr/bill/billDetail.do?billId=105316,https://likms.assembly.go.kr/bill/billDetail.do?billId=105316
13,130205,월남귀순용사보상,김문무,권노갑의원,1989-05-08,1989-05-09,보건사회위원회,폐기,처리의안,https://likms.assembly.go.kr/bill/billDetail.do?billId=106853,https://likms.assembly.go.kr/bill/billDetail.do?billId=106853
13,130204,양평군지역발전촉진을위한관계법령개정,신영춘외 3인,김영선의원,1989-05-04,1989-05-08,건설위원회,철회,처리의안,https://likms.assembly.go.kr/bill/billDetail.do?billId=105123,https://likms.assembly.go.kr/bill/billDetail.do?billId=105123
13,130203,사설수리계의인접농지개량조합편입,곽덕신외 3인,김영진의원,1989-05-04,1989-05-08,농림수산위원회,본회의불부의,처리의안,https://likms.assembly.go.kr/bill/billDetail.do?billId=104921,https://likms.assembly.go.kr/bill/billDetail.do?billId=104921
13,130202,사설강습소에관한법률시행규칙개정,안성만외 169인,박석무의원,1989-05-03,1989-05-04,문교공보위원회,본회의불부의,처리의안,https://likms.assembly.go.kr/bill/billDetail.do?billId=105448,https://likms.assembly.go.kr/bill/billDetail.do?billId=105448
13,130201,장애자복지기금조성을위한주류도매업허가,유재근,신하철의원,1989-04-29,1989-05-04,재무위원회,본회의불부의,처리의안,https://likms.assembly.go.kr/bill/billDetail.do?billId=104789,https://likms.assembly.go.kr/bill/billDetail.do?billId=104789
13,130200,삼척수협분할,"김영철,김영기외 513인",허재홍의원외 5인,1989-04-28,1989-05-02,농림수산위원회,본회의불부의,처리의안,https://likms.assembly.go.kr/bill/billDetail.do?billId=106755,https://likms.assembly.go.kr/bill/billDetail.do?billId=106755
13,130199,관악등기소이전,김동하외 603인,한광옥의원,1989-04-27,1989-05-02,법제사법위원회,본회의불부의,처리의안,https://likms.assembly.go.kr/bill/billDetail.do?billId=105358,https://likms.assembly.go.kr/bill/billDetail.do?billId=105358
13,130198,도서벽지개발사업국고지원,장양기외 146인,김인곤의원,1989-04-25,1989-04-27,내무위원회,본회의불부의,처리의안,https://likms.assembly.go.kr/bill/billDetail.do?billId=104751,https://likms.assembly.go.kr/bill/billDetail.do?billId=104751
13,130197,근로자의날제정에관한법률개정,박종근,이강희의원외 1인,1989-04-24,1989-04-27,노동위원회,본회의불부의,처리의안,https://likms.assembly.go.kr/bill/billDetail.do?billId=105284,https://likms.assembly.go.kr/bill/billDetail.do?billId=105284
13,130196,정부에의해거부권이행사된노동조합법및노동쟁의조정법의조속시행,박종근,"김병룡,한광옥의원",1989-04-24,1989-04-27,노동위원회,폐기,처리의안,https://likms.assembly.go.kr/bill/billDetail.do?billId=107072,https://likms.assembly.go.kr/bill/billDetail.do?billId=107072
13,130195,소사전철역(가칭)설치,"우재운외 3,374인","최기선,의원외 42인",1989-04-11,1989-04-14,교통체신위원회,채택,처리의안,https://likms.assembly.go.kr/bill/billDetail.do?billId=105422,https://likms.assembly.go.kr/bill/billDetail.do?billId=105422
13,130194,산본지구택지개발사업계획반대,박병희외 231인,"서정화,김동주,장경우,이원배의원",1989-03-30,1989-04-03,건설위원회,본회의불부의,처리의안,https://likms.assembly.go.kr/bill/billDetail.do?billId=106842,https://likms.assembly.go.kr/bill/billDetail.do?billId=106842
13,130193,대기업의부당노동행위등에대한국회진상조사단파견,박종근,이상수의원외 1인,1989-03-28,1989-03-29,노동위원회,본회의불부의,처리의안,https://likms.assembly.go.kr/bill/billDetail.do?billId=105272,https://likms.assembly.go.kr/bill/billDetail.do?billId=105272
13,130192,제주시탑동공유수면매립으로인한개발이익제주시환원,"양영수외 1,627인",고세진의원,1989-03-07,1989-03-29,건설위원회,본회의불부의,처리의안,https://likms.assembly.go.kr/bill/billDetail.do?billId=106885,https://likms.assembly.go.kr/bill/billDetail.do?billId=106885
13,130191,삼성중공업(주)의부당노동행위등에대한국회진상조사단의파견요청,위재학,이상수의원외 2인,1989-03-22,1989-03-28,노동위원회,본회의불부의,처리의안,https://likms.assembly.go.kr/bill/billDetail.do?billId=105291,https://likms.assembly.go.kr/bill/billDetail.do?billId=105291
13,130190,모토로라코리아(주)부당노동행위시정,허정석,노무현의원,1989-03-21,1989-03-28,노동위원회,본회의불부의,처리의안,https://likms.assembly.go.kr/bill/billDetail.do?billId=105280,https://likms.assembly.go.kr/bill/billDetail.do?billId=105280
13,130189,환수조치한농지의무상환원등을위한특례법개정,김성익외 136인,최형우의원,1989-03-21,1989-03-28,재무위원회,채택,처리의안,https://likms.assembly.go.kr/bill/billDetail.do?billId=105468,https://likms.assembly.go.kr/bill/billDetail.do?billId=105468
13,130188,공원용지지정해제,신정일,이종찬의원,1989-03-17,1989-03-22,건설위원회,본회의불부의,처리의안,https://likms.assembly.go.kr/bill/billDetail.do?billId=106832,https://likms.assembly.go.kr/bill/billDetail.do?billId=106832
13,130187,경주시황성동수용토지보상가격현실화,박두원외 233인,"이원배,김윤환,황대봉,김일윤의원",1989-03-15,1989-03-17,건설위원회,철회,처리의안,https://likms.assembly.go.kr/bill/billDetail.do?billId=104805,https://likms.assembly.go.kr/bill/billDetail.do?billId=104805
13,130186,매포지역의시멘트공장공해로인한주민피해보상및이주대책,천명창외 487인,안영기의원,1989-02-23,1989-03-17,보건사회위원회,폐기,처리의안,https://likms.assembly.go.kr/bill/billDetail.do?billId=106869,https://likms.assembly.go.kr/bill/billDetail.do?billId=106869
13,130185,분배농지소유권사실규명회피등부당행정으로인한피해보상,장인수외 537인,"김제태,구자춘,김홍만의원",1989-03-03,1989-03-17,내무위원회,폐기,처리의안,https://likms.assembly.go.kr/bill/billDetail.do?billId=104863,https://likms.assembly.go.kr/bill/billDetail.do?billId=104863
13,130184,국산신기술제품보호요청,전병수,"강금식,이철용,이돈만의원",1989-03-15,1989-03-17,경제과학위원회,폐기,처리의안,https://likms.assembly.go.kr/bill/billDetail.do?billId=105126,https://likms.assembly.go.kr/bill/billDetail.do?billId=105126
13,130183,정주시명칭변경,"박명규외 2,189인","김원기,박실,송현섭,이원배의원",1989-03-07,1989-03-08,내무위원회,본회의불부의,처리의안,https://likms.assembly.go.kr/bill/billDetail.do?billId=104741,https://likms.assembly.go.kr/bill/billDetail.do?billId=104741
13,130182,전서울구치소(경성감옥)원형보존을위한공원조성사업중지,정준영외 2인,노승환의원,1989-03-07,1989-03-08,행정위원회,본회의불부의,처리의안,https://likms.assembly.go.kr/bill/billDetail.do?billId=107108,https://likms.assembly.go.kr/bill/billDetail.do?billId=107108
13,130181,80년수협부당해직자보상,장종윤외 12인,박형오의원,1989-03-04,1989-03-06,농림수산위원회,철회,처리의안,https://likms.assembly.go.kr/bill/billDetail.do?billId=107035,https://likms.assembly.go.kr/bill/billDetail.do?billId=107035
13,130180,행정당국의편파적이고부당한행정행위의지양,정순근외 153인,유기준의원,1989-03-04,1989-03-06,내무위원회,본회의불부의,처리의안,https://likms.assembly.go.kr/bill/billDetail.do?billId=104753,https://likms.assembly.go.kr/bill/billDetail.do?billId=104753
13,130179,재임용탈락교수복직,원갑희,양성우의원,1989-03-04,1989-03-06,문교공보위원회,본회의불부의,처리의안,https://likms.assembly.go.kr/bill/billDetail.do?billId=107101,https://likms.assembly.go.kr/bill/billDetail.do?billId=107101
13,130178,우리말교육정책강화,안호상,이철용의원,1989-03-03,1989-03-04,문교공보위원회,폐기,처리의안,https://likms.assembly.go.kr/bill/billDetail.do?billId=104918,https://likms.assembly.go.kr/bill/billDetail.do?billId=104918
13,130177,국회공용문서한글로만쓰기,안호상,이철용의원,1989-03-03,1989-03-04,국회운영위원회,폐기,처리의안,https://likms.assembly.go.kr/bill/billDetail.do?billId=105328,https://likms.assembly.go.kr/bill/billDetail.do?billId=105328
13,130176,80년이후부당해고및삼청교육피해노동자의명예회복과복직,박종근,"이상수,류승규의원",1989-02-23,1989-02-24,노동위원회,폐기,처리의안,https://likms.assembly.go.kr/bill/billDetail.do?billId=107053,https://likms.assembly.go.kr/bill/billDetail.do?billId=107053
13,130175,4.19회회원의국가유공자예우등에관한법률제4조적용대상포함,조창도,류준상의원외 66인,1989-02-23,1989-02-24,보건사회위원회,폐기,처리의안,https://likms.assembly.go.kr/bill/billDetail.do?billId=106888,https://likms.assembly.go.kr/bill/billDetail.do?billId=106888
13,130174,재개발지구지정,이태식외 14인,임춘원의원,1989-02-22,1989-02-23,행정위원회,철회,처리의안,https://likms.assembly.go.kr/bill/billDetail.do?billId=104815,https://likms.assembly.go.kr/bill/billDetail.do?billId=104815
13,130173,해태양식업자피해보상,차재민외 24인,이상옥의원,1989-02-22,1989-02-23,농림수산위원회,본회의불부의,처리의안,https://likms.assembly.go.kr/bill/billDetail.do?billId=106768,https://likms.assembly.go.kr/bill/billDetail.do?billId=106768
13,130172,연안여객선건조자금융자조건개선,유복수외 32인,김봉조의원외 4인,1989-02-21,1989-07-04,재무위원회,채택,처리의안,https://likms.assembly.go.kr/bill/billDetail.do?billId=105479,https://likms.assembly.go.kr/bill/billDetail.do?billId=105479
13,130171,개발제한구역내시행중인사업재조정허가및피해보상,이석현,조승형의원,1989-02-21,1989-02-23,건설위원회,본회의불부의,처리의안,https://likms.assembly.go.kr/bill/billDetail.do?billId=106818,https://likms.assembly.go.kr/bill/billDetail.do?billId=106818
13,130170,원유가인상,김원주외 18인,"박지원,이덕호의원",1989-02-20,1989-02-23,농림수산위원회,본회의불부의,처리의안,https://likms.assembly.go.kr/bill/billDetail.do?billId=106778,https://likms.assembly.go.kr/bill/billDetail.do?billId=106778
13,130169,고등학교특별입학,김종건외 1인,강삼재의원,1989-02-18,1989-02-20,문교공보위원회,본회의불부의,처리의안,https://likms.assembly.go.kr/bill/billDetail.do?billId=106979,https://likms.assembly.go.kr/bill/billDetail.do?billId=106979
13,130168,부산항운노동조합의부정비리척결을위한국회조사단파견요청,김금석외 2인,노무현의원,1989-02-18,1989-02-20,노동위원회,본회의불부의,처리의안,https://likms.assembly.go.kr/bill/billDetail.do?billId=105246,https://likms.assembly.go.kr/bill/billDetail.do?billId=105246
13,130167,화물자동차운송사업경영개선,황선호,정정훈의원,1989-02-17,1989-02-20,교통체신위원회,본회의불부의,처리의안,https://likms.assembly.go.kr/bill/billDetail.do?billId=105084,https://likms.assembly.go.kr/bill/billDetail.do?billId=105084
13,130166,노동조합에대한조세감면,박종근,이강희의원,1989-02-17,1989-02-20,재무위원회,본회의불부의,처리의안,https://likms.assembly.go.kr/bill/billDetail.do?billId=104833,https://likms.assembly.go.kr/bill/billDetail.do?billId=104833
13,130165,무연탄기지의왕시이전반대,"고수복외 9,920인",신하철의원,1989-02-15,1989-02-20,동력자원위원회,본회의불부의,처리의안,https://likms.assembly.go.kr/bill/billDetail.do?billId=104898,https://likms.assembly.go.kr/bill/billDetail.do?billId=104898
13,130164,한국방송광고공사법폐지,"곽명세,정준",강삼재의원,1989-02-16,1989-02-17,문교공보위원회,본회의불부의,처리의안,https://likms.assembly.go.kr/bill/billDetail.do?billId=107024,https://likms.assembly.go.kr/bill/billDetail.do?billId=107024
13,130163,"""지가공시및토지등의평가에관한법률안""수정",류일국,박충순의원,1988-02-16,1989-02-16,건설위원회,폐기,처리의안,https://likms.assembly.go.kr/bill/billDetail.do?billId=106813,https://likms.assembly.go.kr/bill/billDetail.do?billId=106813
13,130162,재정신청범위확대등을위한형사소송법개정,송윤진,권노갑의원외 1인,1989-02-17,1989-02-17,법제사법위원회,본회의불부의,처리의안,https://likms.assembly.go.kr/bill/billDetail.do?billId=105365,https://likms.assembly.go.kr/bill/billDetail.do?billId=105365
13,130161,임진왜란당시문화유물중도난유물에대한적정보험금지급,임기봉,신순범의원,1989-02-15,1989-02-17,재무위원회,철회,처리의안,https://likms.assembly.go.kr/bill/billDetail.do?billId=104896,https://likms.assembly.go.kr/bill/billDetail.do?billId=104896
13,130160,사당동세입자내집마련을위한자연녹지보전지구해제,"양춘동외 1,270인",조부영의원,1989-02-11,1989-02-13,건설위원회,본회의불부의,처리의안,https://likms.assembly.go.kr/bill/billDetail.do?billId=106802,https://likms.assembly.go.kr/bill/billDetail.do?billId=106802
13,130159,사할린억류한국인귀환촉구,임온전외 100만인,이기택의원외 17인,1989-02-11,1989-02-13,외무통일위원회,채택,처리의안,https://likms.assembly.go.kr/bill/billDetail.do?billId=105487,https://likms.assembly.go.kr/bill/billDetail.do?billId=105487
13,130158,한해대책용양수기설치,류기창외 88인,박경수의원,1989-02-09,1989-02-13,농림수산위원회,본회의불부의,처리의안,https://likms.assembly.go.kr/bill/billDetail.do?billId=104993,https://likms.assembly.go.kr/bill/billDetail.do?billId=104993
13,130157,한국들잔디씨앗발아대수출및국내보급,박동찬,"조윤형,이상옥의원",1989-02-08,1989-02-13,농림수산위원회,본회의불부의,처리의안,https://likms.assembly.go.kr/bill/billDetail.do?billId=105016,https://likms.assembly.go.kr/bill/billDetail.do?billId=105016
13,130156,대호지구어업권손실보상,홍순주외 361인,김현욱의원,1989-02-03,1989-02-08,농림수산위원회,본회의불부의,처리의안,https://likms.assembly.go.kr/bill/billDetail.do?billId=105402,https://likms.assembly.go.kr/bill/billDetail.do?billId=105402
13,130155,국민학교임시교사경력의재직기간합산,오효석외 22인,김인곤의원,1989-02-03,1989-02-08,행정위원회,본회의불부의,처리의안,https://likms.assembly.go.kr/bill/billDetail.do?billId=107061,https://likms.assembly.go.kr/bill/billDetail.do?billId=107061
13,130154,정릉3동취락지구개발,이규수외 70인,이철의원,1989-02-03,1989-02-03,건설위원회,폐기,처리의안,https://likms.assembly.go.kr/bill/billDetail.do?billId=106866,https://likms.assembly.go.kr/bill/billDetail.do?billId=106866
13,130153,낙농진흥과원유가현실화,황영구외 29인,"이영문,이희천,박경수,윤재기의원",1989-02-03,1989-02-08,농림수산위원회,본회의불부의,처리의안,https://likms.assembly.go.kr/bill/billDetail.do?billId=106786,https://likms.assembly.go.kr/bill/billDetail.do?billId=106786
13,130152,국유재산법시행령개정,장재하,강신옥의원,1989-02-03,1989-02-08,재무위원회,본회의불부의,처리의안,https://likms.assembly.go.kr/bill/billDetail.do?billId=104827,https://likms.assembly.go.kr/bill/billDetail.do?billId=104827
13,130151,한시택시사업자구제,박남열외 73인,"김득수,백찬기,연제원의원",1989-02-02,1989-02-04,교통체신위원회,본회의불부의,처리의안,https://likms.assembly.go.kr/bill/billDetail.do?billId=105091,https://likms.assembly.go.kr/bill/billDetail.do?billId=105091
13,130150,자동차검사민간대행업권회복,이석부외 25인,백찬기의원,1989-02-01,1989-02-02,교통체신위원회,본회의불부의,처리의안,https://likms.assembly.go.kr/bill/billDetail.do?billId=105102,https://likms.assembly.go.kr/bill/billDetail.do?billId=105102
13,130149,대기업의주방용구생산참여방지,김성부외 117인,박찬종의원,1989-02-01,1989-02-02,상공위원회,철회,처리의안,https://likms.assembly.go.kr/bill/billDetail.do?billId=105187,https://likms.assembly.go.kr/bill/billDetail.do?billId=105187
13,130148,검찰사건사무규정개정,장재하,강신옥의원,1989-02-01,1989-02-02,법제사법위원회,본회의불부의,처리의안,https://likms.assembly.go.kr/bill/billDetail.do?billId=105373,https://likms.assembly.go.kr/bill/billDetail.do?billId=105373
13,130147,도로계획변경,박제환,노승환의원,1989-02-01,1989-02-02,건설위원회,본회의불부의,처리의안,https://likms.assembly.go.kr/bill/billDetail.do?billId=106852,https://likms.assembly.go.kr/bill/billDetail.do?billId=106852
13,130146,산업재해보상보험법개정,박종근,류승규의원,1989-01-27,1989-01-31,노동위원회,본회의불부의,처리의안,https://likms.assembly.go.kr/bill/billDetail.do?billId=105312,https://likms.assembly.go.kr/bill/billDetail.do?billId=105312
13,130145,인천전문대학교수복직,박응칠,박용만의원,1989-01-25,1989-01-30,문교공보위원회,본회의불부의,처리의안,https://likms.assembly.go.kr/bill/billDetail.do?billId=105433,https://likms.assembly.go.kr/bill/billDetail.do?billId=105433
13,130144,서남해지역트롤어업허가,김태철외 284인,권노갑의원,1989-01-25,1989-01-30,농림수산위원회,본회의불부의,처리의안,https://likms.assembly.go.kr/bill/billDetail.do?billId=105408,https://likms.assembly.go.kr/bill/billDetail.do?billId=105408
13,130142,어획부진으로인한어민생계대책수립,민영기외 608인,최정식의원,1989-01-23,1989-01-27,농림수산위원회,본회의불부의,처리의안,https://likms.assembly.go.kr/bill/billDetail.do?billId=104929,https://likms.assembly.go.kr/bill/billDetail.do?billId=104929
13,130141,철도건널목설치,박대선외 41인,박경수의원,1989-01-23,1989-01-27,교통체신위원회,본회의불부의,처리의안,https://likms.assembly.go.kr/bill/billDetail.do?billId=105097,https://likms.assembly.go.kr/bill/billDetail.do?billId=105097
13,130140,북한산명태반입으로인한어민생계대책촉구,민영기외 29인,최정식의원,1989-01-23,1989-01-27,농림수산위원회,본회의불부의,처리의안,https://likms.assembly.go.kr/bill/billDetail.do?billId=106792,https://likms.assembly.go.kr/bill/billDetail.do?billId=106792
13,130139,초등교육과정국한문혼용,남광우외 24인,강삼재의원외 5인,1989-01-23,1989-01-27,문교공보위원회,폐기,처리의안,https://likms.assembly.go.kr/bill/billDetail.do?billId=105195,https://likms.assembly.go.kr/bill/billDetail.do?billId=105195
13,130138,1980년해직예비군중대장보상및명예회복,김정학외 297인,김성룡의원,1989-01-23,1989-01-27,국방위원회,폐기,처리의안,https://likms.assembly.go.kr/bill/billDetail.do?billId=105066,https://likms.assembly.go.kr/bill/billDetail.do?billId=105066
13,130137,금호실업의삼양타이어인수과정에서의공권력개입에관한국정조사요구,박상구,이동근의원,1989-01-20,1989-02-10,제5공화국에있어서의정치권력형비리조사특별위원회,본회의불부의,처리의안,https://likms.assembly.go.kr/bill/billDetail.do?billId=105383,https://likms.assembly.go.kr/bill/billDetail.do?billId=105383
13,130136,"""지가공시및토지등의평가에관한법률안""수정""",한길수외 58인,"최무룡,윤재기의원",1989-01-20,1989-01-23,건설위원회,폐기,처리의안,https://likms.assembly.go.kr/bill/billDetail.do?billId=106824,https://likms.assembly.go.kr/bill/billDetail.do?billId=106824
13,130135,군부대인접도로확장,신재은외 26인,김성룡의원,1989-01-13,1989-01-14,국방위원회,철회,처리의안,https://likms.assembly.go.kr/bill/billDetail.do?billId=104861,https://likms.assembly.go.kr/bill/billDetail.do?billId=104861
13,130134,1980년공직자숙정진상규명을위한청문회개최,조승일외 420인,박찬종의원,1989-01-05,1989-01-09,제5공화국에있어서의정치권력형비리조사특별위원회,본회의불부의,처리의안,https://likms.assembly.go.kr/bill/billDetail.do?billId=105361,https://likms.assembly.go.kr/bill/billDetail.do?billId=105361
13,130133,장기저리자금융자약정이행,박정준,김봉호의원,1988-12-23,1988-12-26,농림수산위원회,본회의불부의,처리의안,https://likms.assembly.go.kr/bill/billDetail.do?billId=106831,https://likms.assembly.go.kr/bill/billDetail.do?billId=106831
13,130132,공유수면매립으로인한피해보상,임호영,최무룡의원,1988-12-24,1988-12-26,농림수산위원회,철회,처리의안,https://likms.assembly.go.kr/bill/billDetail.do?billId=104849,https://likms.assembly.go.kr/bill/billDetail.do?billId=104849
13,130131,새마을금고예탁금반환,오태방외 17인,강보성의원,1988-12-21,1988-12-26,내무위원회,본회의불부의,처리의안,https://likms.assembly.go.kr/bill/billDetail.do?billId=104755,https://likms.assembly.go.kr/bill/billDetail.do?billId=104755
13,130130,대전제3공단공업유치지역지정촉구,이종완,"이인구,박충순,윤성한,이재연의원",1988-12-21,1988-12-26,상공위원회,철회,처리의안,https://likms.assembly.go.kr/bill/billDetail.do?billId=104867,https://likms.assembly.go.kr/bill/billDetail.do?billId=104867
13,130129,대학교수복직,지성철,박석무의원,1988-12-20,1988-12-22,문교공보위원회,본회의불부의,처리의안,https://likms.assembly.go.kr/bill/billDetail.do?billId=105428,https://likms.assembly.go.kr/bill/billDetail.do?billId=105428
13,130128,1980년도전후정화조치로인한근로자의해고진상규명및피해보상등,남상헌,이해찬의원외 2인,1988-12-19,1988-12-22,노동위원회,폐기,처리의안,https://likms.assembly.go.kr/bill/billDetail.do?billId=107046,https://likms.assembly.go.kr/bill/billDetail.do?billId=107046
13,130127,조광요금및채탄용전력요금인하,신원식,김용환의원,1988-12-19,1988-12-22,동력자원위원회,본회의불부의,처리의안,https://likms.assembly.go.kr/bill/billDetail.do?billId=105387,https://likms.assembly.go.kr/bill/billDetail.do?billId=105387
13,130126,원유가현실화등,강성원외 9인,"정일영,서경원,박태권,김진영의원",1988-12-16,1989-12-17,농림수산위원회,철회,처리의안,https://likms.assembly.go.kr/bill/billDetail.do?billId=104821,https://likms.assembly.go.kr/bill/billDetail.do?billId=104821
13,130125,부실방조제보완공사및매립지국가환수,김윤두외 3인,박석무의원,1988-12-16,1988-12-17,농림수산위원회,본회의불부의,처리의안,https://likms.assembly.go.kr/bill/billDetail.do?billId=105413,https://likms.assembly.go.kr/bill/billDetail.do?billId=105413
13,130124,금강하구둑공사로인한피해어민적정보상,남상익외 364인,"조남욱,이긍규의원",1988-12-16,1988-12-17,농림수산위원회,본회의불부의,처리의안,https://likms.assembly.go.kr/bill/billDetail.do?billId=105012,https://likms.assembly.go.kr/bill/billDetail.do?billId=105012
13,130123,영산강3단계농업종합개발사업예정지구내어업권피해보상,천은조외 156인,김봉호의원,1988-12-14,1988-12-15,농림수산위원회,본회의불부의,처리의안,https://likms.assembly.go.kr/bill/billDetail.do?billId=105417,https://likms.assembly.go.kr/bill/billDetail.do?billId=105417
13,130122,국방과학연구소부당해직자명예회복및피해보상,김지환,권노갑의원,1988-12-09,1988-12-12,국방위원회,폐기,처리의안,https://likms.assembly.go.kr/bill/billDetail.do?billId=105071,https://likms.assembly.go.kr/bill/billDetail.do?billId=105071
13,130121,금강하구둑공사로인한영세어민피해보상,유용현외 328인,이희천의원외 3인,1988-11-08,1988-12-12,농림수산위원회,본회의불부의,처리의안,https://likms.assembly.go.kr/bill/billDetail.do?billId=104968,https://likms.assembly.go.kr/bill/billDetail.do?billId=104968
13,130117,구열부순절비각성역화공사국고지원,정영규외 32인,정균환의원,1988-12-06,1988-12-08,문교공보위원회,본회의불부의,처리의안,https://likms.assembly.go.kr/bill/billDetail.do?billId=106860,https://likms.assembly.go.kr/bill/billDetail.do?billId=106860
13,130116,귀순의사자격인정기회부여,엄원섭외 22인,"석준규,김명섭,박병선의원",1988-12-06,1988-12-06,보건사회위원회,본회의불부의,처리의안,https://likms.assembly.go.kr/bill/billDetail.do?billId=105079,https://likms.assembly.go.kr/bill/billDetail.do?billId=105079
13,130113,지하철공사의부당한인사처리시정,김태철외 392인,박용만의원,1988-12-02,1988-12-03,행정위원회,본회의불부의,처리의안,https://likms.assembly.go.kr/bill/billDetail.do?billId=104988,https://likms.assembly.go.kr/bill/billDetail.do?billId=104988
13,130112,시외버스노선독점업자횡포시정및신규업체참여,"유호석외 3,225인",이택석의원,1988-12-02,1988-12-03,교통체신위원회,본회의불부의,처리의안,https://likms.assembly.go.kr/bill/billDetail.do?billId=105465,https://likms.assembly.go.kr/bill/billDetail.do?billId=105465
13,130110,건축직공무원에대한건축사특별전형제도폐지,"강강철외 5,252인",이원배의원,1988-11-30,1988-11-30,건설위원회,폐기,처리의안,https://likms.assembly.go.kr/bill/billDetail.do?billId=106876,https://likms.assembly.go.kr/bill/billDetail.do?billId=106876
13,130109,사내근로복지기금법제정,박종근,류승규의원,1988-11-30,1988-12-03,노동위원회,본회의불부의,처리의안,https://likms.assembly.go.kr/bill/billDetail.do?billId=105240,https://likms.assembly.go.kr/bill/billDetail.do?billId=105240
13,130107,노동금고법제정,박종근,김병룡의원,1988-11-30,1988-12-03,노동위원회,철회,처리의안,https://likms.assembly.go.kr/bill/billDetail.do?billId=104778,https://likms.assembly.go.kr/bill/billDetail.do?billId=104778
13,130106,통합공과금제도폐지,"김재영외 9,248인",정상용의원,1988-11-26,1988-11-30,내무위원회,본회의불부의,처리의안,https://likms.assembly.go.kr/bill/billDetail.do?billId=104763,https://likms.assembly.go.kr/bill/billDetail.do?billId=104763
13,130105,특수교육제도개선,송선영,이철의원,1988-11-26,1988-11-30,문교공보위원회,본회의불부의,처리의안,https://likms.assembly.go.kr/bill/billDetail.do?billId=106887,https://likms.assembly.go.kr/bill/billDetail.do?billId=106887
13,130104,신용카드회사의손해보험대리점경영반대,오의환외 262인,김운환의원,1988-11-25,1988-11-29,재무위원회,본회의불부의,처리의안,https://likms.assembly.go.kr/bill/billDetail.do?billId=106962,https://likms.assembly.go.kr/bill/billDetail.do?billId=106962
13,130103,의료보험법개정,김재전,"박병선,신철균의원",1988-11-24,1988-11-29,보건사회위원회,본회의불부의,처리의안,https://likms.assembly.go.kr/bill/billDetail.do?billId=105092,https://likms.assembly.go.kr/bill/billDetail.do?billId=105092
13,130102,거제군장승포읍시승격,"최백희외 16,919인","김봉조,문정수의원",1988-11-21,1988-11-25,내무위원회,본회의불부의,처리의안,https://likms.assembly.go.kr/bill/billDetail.do?billId=104765,https://likms.assembly.go.kr/bill/billDetail.do?billId=104765
13,130101,비관리청하천공사재허가,박영상,손주항의원,1988-11-19,1988-11-22,건설위원회,본회의불부의,처리의안,https://likms.assembly.go.kr/bill/billDetail.do?billId=104920,https://likms.assembly.go.kr/bill/billDetail.do?billId=104920
13,130100,국가유공자예우등에관한법률시행령개정,최각균외 100인,최기선의원외 10인,1988-11-18,1988-11-22,보건사회위원회,폐기,처리의안,https://likms.assembly.go.kr/bill/billDetail.do?billId=106899,https://likms.assembly.go.kr/bill/billDetail.do?billId=106899
13,130099,건설업법동시행령개정,최영용외 466인,"문준식,최무룡의원",1988-11-18,1988-11-22,건설위원회,폐기,처리의안,https://likms.assembly.go.kr/bill/billDetail.do?billId=106907,https://likms.assembly.go.kr/bill/billDetail.do?billId=106907
13,130098,육군통신시설납품계약해지철회,신승구,조윤형의원,1988-11-16,1988-11-18,국방위원회,철회,처리의안,https://likms.assembly.go.kr/bill/billDetail.do?billId=104824,https://likms.assembly.go.kr/bill/billDetail.do?billId=104824
13,130096,국가유공자등단체설립에관한법률등개정,이태식외 24인,최기선의원,1988-11-15,1988-11-18,보건사회위원회,폐기,처리의안,https://likms.assembly.go.kr/bill/billDetail.do?billId=106910,https://likms.assembly.go.kr/bill/billDetail.do?billId=106910
13,130095,주문진수산고등학교의대학승격,"정인수외 2,580인","최훈,박석무,손주항의원",1988-11-15,1988-11-18,문교공보위원회,본회의불부의,처리의안,https://likms.assembly.go.kr/bill/billDetail.do?billId=106996,https://likms.assembly.go.kr/bill/billDetail.do?billId=106996
13,130093,부산일보사등의소유권환원,윤우동외 4인,최형우의원외 12인,1988-11-14,1988-11-16,문교공보위원회,폐기,처리의안,https://likms.assembly.go.kr/bill/billDetail.do?billId=104930,https://likms.assembly.go.kr/bill/billDetail.do?billId=104930
13,130092,"민법(친족,상속편)개정","이태영외 51,630인",박영숙의원외 1인,1988-11-09,1988-11-16,법제사법위원회,본회의불부의,처리의안,https://likms.assembly.go.kr/bill/billDetail.do?billId=105325,https://likms.assembly.go.kr/bill/billDetail.do?billId=105325
13,130091,후천성면역결핍증예방법개정,임종철,박영숙의원외 4인,1988-11-12,1988-11-16,보건사회위원회,본회의불부의,처리의안,https://likms.assembly.go.kr/bill/billDetail.do?billId=105086,https://likms.assembly.go.kr/bill/billDetail.do?billId=105086
13,130090,대전시유성출장소의구청승격,"김익주외 6,815인",신순범의원외 26인,1988-11-10,1988-11-15,내무위원회,본회의불부의,처리의안,https://likms.assembly.go.kr/bill/billDetail.do?billId=104767,https://likms.assembly.go.kr/bill/billDetail.do?billId=104767
13,130088,인삼사업법개정,"전동호외 5,795인",류한열의원외 3인,1988-11-10,1988-11-15,민주발전을위한법률개폐특별위원회,본회의불부의,처리의안,https://likms.assembly.go.kr/bill/billDetail.do?billId=105388,https://likms.assembly.go.kr/bill/billDetail.do?billId=105388
13,130087,"김장생,김집선생유적지성역화",김영원외 4인,조홍규의원외 15인,1988-11-09,1988-11-15,문교공보위원회,본회의불부의,처리의안,https://likms.assembly.go.kr/bill/billDetail.do?billId=106963,https://likms.assembly.go.kr/bill/billDetail.do?billId=106963
13,130086,공무원연금법개정,이홍휘,이찬구의원,1988-11-09,1988-11-15,행정위원회,본회의불부의,처리의안,https://likms.assembly.go.kr/bill/billDetail.do?billId=107089,https://likms.assembly.go.kr/bill/billDetail.do?billId=107089
13,130085,시설공사입찰전현장설명제도환원,최영용외 452인,"김정수,최무룡의원",1988-11-05,1988-11-10,재무위원회,본회의불부의,처리의안,https://likms.assembly.go.kr/bill/billDetail.do?billId=104814,https://likms.assembly.go.kr/bill/billDetail.do?billId=104814
13,130083,아파트입주융자금이율인하등,"류해우외 1,226인",문동환의원,1988-11-05,1988-11-01,건설위원회,폐기,처리의안,https://likms.assembly.go.kr/bill/billDetail.do?billId=106856,https://likms.assembly.go.kr/bill/billDetail.do?billId=106856
13,130082,1988년공인중개사시험실시,윤진춘외 239인,최기선의원,1988-11-04,1988-11-10,내무위원회,철회,처리의안,https://likms.assembly.go.kr/bill/billDetail.do?billId=105090,https://likms.assembly.go.kr/bill/billDetail.do?billId=105090
13,130081,진주역이전,"김형균외 4,937인",박관용의원외 1인,1988-11-02,1988-11-05,교통체신위원회,본회의불부의,처리의안,https://likms.assembly.go.kr/bill/billDetail.do?billId=105109,https://likms.assembly.go.kr/bill/billDetail.do?billId=105109
13,130080,한국장애인인권헌장채택,김성재,이철용의원외 3인,1988-11-01,1988-11-05,보건사회위원회,폐기,처리의안,https://likms.assembly.go.kr/bill/billDetail.do?billId=106926,https://likms.assembly.go.kr/bill/billDetail.do?billId=106926
13,130079,광업권환원,정성엽,이상득의원외 1인,1988-10-31,1988-11-02,동력자원위원회,본회의불부의,처리의안,https://likms.assembly.go.kr/bill/billDetail.do?billId=105401,https://likms.assembly.go.kr/bill/billDetail.do?billId=105401
13,130078,삼청교육피해자명예회복및보상,유호,이종근의원,1988-10-31,1988-11-02,제5공화국에있어서의정치권력형비리조사특별위원회,본회의불부의,처리의안,https://likms.assembly.go.kr/bill/billDetail.do?billId=105370,https://likms.assembly.go.kr/bill/billDetail.do?billId=105370
13,130076,우리말다듬기남북모임구성,안호상,정대철의원,1988-10-29,1988-11-05,외무통일위원회,채택,처리의안,https://likms.assembly.go.kr/bill/billDetail.do?billId=105496,https://likms.assembly.go.kr/bill/billDetail.do?billId=105496
13,130075,건국청년운동협의회국고보조,윤치영,박용만의원외 10인,1988-10-28,1988-10-29,문교공보위원회,본회의불부의,처리의안,https://likms.assembly.go.kr/bill/billDetail.do?billId=107003,https://likms.assembly.go.kr/bill/billDetail.do?billId=107003
13,130074,대전둔산지구택지개발지역내영세세입자대책,박군서외 798인,박충순의원,1988-10-27,1988-10-28,건설위원회,철회,처리의안,https://likms.assembly.go.kr/bill/billDetail.do?billId=104856,https://likms.assembly.go.kr/bill/billDetail.do?billId=104856
13,130073,축산업협동조합법개정,박인철외 622인,이성호의원,1988-10-27,1988-10-29,농림수산위원회,본회의불부의,처리의안,https://likms.assembly.go.kr/bill/billDetail.do?billId=106828,https://likms.assembly.go.kr/bill/billDetail.do?billId=106828
13,130072,축산업협동조합법개정,서동필외 326인,이영문의원,1988-10-27,1988-10-29,농림수산위원회,본회의불부의,처리의안,https://likms.assembly.go.kr/bill/billDetail.do?billId=106822,https://likms.assembly.go.kr/bill/billDetail.do?billId=106822
13,130071,금오공과대학국립화,"이기백외 2,427인",김일윤의원외 8인,1988-10-24,1988-10-26,문교공보위원회,채택,처리의안,https://likms.assembly.go.kr/bill/billDetail.do?billId=105437,https://likms.assembly.go.kr/bill/billDetail.do?billId=105437
13,130070,훈장기록착오시정,박관진,이상수의원,1988-10-24,1988-10-26,행정위원회,본회의불부의,처리의안,https://likms.assembly.go.kr/bill/billDetail.do?billId=107073,https://likms.assembly.go.kr/bill/billDetail.do?billId=107073
13,130069,문인협회정관개정,박영우,장석화의원,1988-10-19,1988-10-27,문교공보위원회,본회의불부의,처리의안,https://likms.assembly.go.kr/bill/billDetail.do?billId=106875,https://likms.assembly.go.kr/bill/billDetail.do?billId=106875
13,130067,공원용지편입토지적정보상,권영철외 1인,양성우의원,1988-10-18,1988-10-20,건설위원회,폐기,처리의안,https://likms.assembly.go.kr/bill/billDetail.do?billId=106903,https://likms.assembly.go.kr/bill/billDetail.do?billId=106903
13,130066,일본군강제징집부상자피해보상,김성수,박관용의원,1988-10-18,1988-10-21,재무위원회,본회의불부의,처리의안,https://likms.assembly.go.kr/bill/billDetail.do?billId=106974,https://likms.assembly.go.kr/bill/billDetail.do?billId=106974
13,130065,세무사법개정,박노문외 44인,임춘원의원,1989-10-13,1988-10-17,재무위원회,본회의불부의,처리의안,https://likms.assembly.go.kr/bill/billDetail.do?billId=104808,https://likms.assembly.go.kr/bill/billDetail.do?billId=104808
13,130064,"1980년불법해직공직자의명예회복,복권등피해보상",김형태외 35인,김동규의원외 2인,1988-10-11,1988-10-19,제5공화국에있어서의정치권력형비리조사특별위원회,본회의불부의,처리의안,https://likms.assembly.go.kr/bill/billDetail.do?billId=105348,https://likms.assembly.go.kr/bill/billDetail.do?billId=105348
13,130063,고추재배농가피해보상,유병찬외 11인,"이인구,정일영,윤재기의원",1988-10-10,1988-10-17,농림수산위원회,철회,처리의안,https://likms.assembly.go.kr/bill/billDetail.do?billId=105100,https://likms.assembly.go.kr/bill/billDetail.do?billId=105100
13,130062,사설강습소에관한법률시행령개정,임채호외 67인,이상수의원외 1인,1988-10-10,1988-10-17,문교체육위원회,채택,처리의안,https://likms.assembly.go.kr/bill/billDetail.do?billId=105450,https://likms.assembly.go.kr/bill/billDetail.do?billId=105450
13,130061,청도운문댐수몰지구주민보상,김만석외 241인,이재연의원,1988-10-10,1988-10-17,건설위원회,폐기,처리의안,https://likms.assembly.go.kr/bill/billDetail.do?billId=106838,https://likms.assembly.go.kr/bill/billDetail.do?billId=106838
13,130060,행정구역개편에관한청원,유준외 207인,유기준의원,1988-09-30,1988-10-06,내무위원회,본회의불부의,처리의안,https://likms.assembly.go.kr/bill/billDetail.do?billId=104761,https://likms.assembly.go.kr/bill/billDetail.do?billId=104761
13,130059,부당해직공무원복직,서명원,정상용의원,1988-09-28,1988-09-30,행정위원회,폐기,처리의안,https://likms.assembly.go.kr/bill/billDetail.do?billId=106741,https://likms.assembly.go.kr/bill/billDetail.do?billId=106741
13,130058,문화방송부당해직사원복직,김창식외 2인,류인학의원,1988-09-28,1988-09-30,문교공보위원회,본회의불부의,처리의안,https://likms.assembly.go.kr/bill/billDetail.do?billId=106867,https://likms.assembly.go.kr/bill/billDetail.do?billId=106867
13,130057,"중동중,고등학교동일구내이전",안영환,박용만의원,1988-09-28,1988-09-30,문교공보위원회,본회의불부의,처리의안,https://likms.assembly.go.kr/bill/billDetail.do?billId=106972,https://likms.assembly.go.kr/bill/billDetail.do?billId=106972
13,130056,조업자제선확장등영세어민소득증대대책,한기종외 99인,최정식의원,1988-09-28,1988-09-30,농림수산위원회,철회,처리의안,https://likms.assembly.go.kr/bill/billDetail.do?billId=105085,https://likms.assembly.go.kr/bill/billDetail.do?billId=105085
13,130055,선박안전조업규칙개정,김종인외 624인,최정식의원,1988-09-28,1988-09-30,농림수산위원회,철회,처리의안,https://likms.assembly.go.kr/bill/billDetail.do?billId=105080,https://likms.assembly.go.kr/bill/billDetail.do?billId=105080
13,130054,한국전력공사부당해직사원복직,지영진외 15인,김종식의원,1988-09-16,1988-09-21,동력자원위원회,본회의불부의,처리의안,https://likms.assembly.go.kr/bill/billDetail.do?billId=105407,https://likms.assembly.go.kr/bill/billDetail.do?billId=105407
13,130053,담배전매법및엽연초생산조합법개정,"이은재외 77,484인",이종근의원,1988-09-15,1988-09-19,재무위원회,본회의불부의,처리의안,https://likms.assembly.go.kr/bill/billDetail.do?billId=106922,https://likms.assembly.go.kr/bill/billDetail.do?billId=106922
13,130052,"판,검사탄핵소추및불법공무원등처벌",박엄,정대철의원외 1인,1988-09-13,1988-09-19,법제사법위원회,본회의불부의,처리의안,https://likms.assembly.go.kr/bill/billDetail.do?billId=105381,https://likms.assembly.go.kr/bill/billDetail.do?billId=105381
13,130051,공유수면매립지매각대금인하,김범석외 259인,정균환의원,1988-09-13,1988-09-19,내무위원회,본회의불부의,처리의안,https://likms.assembly.go.kr/bill/billDetail.do?billId=104757,https://likms.assembly.go.kr/bill/billDetail.do?billId=104757
13,130050,서울종합터미날기능정상화,주원철외 8인,류인학의원,1988-09-13,1991-07-15,행정위원회,폐기,처리의안,https://likms.assembly.go.kr/bill/billDetail.do?billId=104872,https://likms.assembly.go.kr/bill/billDetail.do?billId=104872
13,130049,천수만간척공사로인한영세어민피해보상,김삼조외 1인,신재기의원,1988-09-12,1988-09-14,농림수산위원회,본회의불부의,처리의안,https://likms.assembly.go.kr/bill/billDetail.do?billId=104984,https://likms.assembly.go.kr/bill/billDetail.do?billId=104984
13,130048,서산지구간척공사로인한영세어민피해보상,"지규광외 3,622인",박태권의원,1988-09-09,1988-09-14,농림수산위원회,본회의불부의,처리의안,https://likms.assembly.go.kr/bill/billDetail.do?billId=106811,https://likms.assembly.go.kr/bill/billDetail.do?billId=106811
13,130047,담배전매법및엽연초생산조합법개정,"오석률외 1,160인",유학성의원,1988-09-08,1988-09-10,재무위원회,본회의불부의,처리의안,https://likms.assembly.go.kr/bill/billDetail.do?billId=106902,https://likms.assembly.go.kr/bill/billDetail.do?billId=106902
13,130046,담배전매법및엽연초생산조합법개정,임유진외 361인,이해구의원,1988-09-08,1988-09-10,재무위원회,본회의불부의,처리의안,https://likms.assembly.go.kr/bill/billDetail.do?billId=106948,https://likms.assembly.go.kr/bill/billDetail.do?billId=106948
13,130045,대전둔산택지개발사업보상금재평가,권선달외 924인,이인구의원외 4인,1988-09-08,1988-09-10,건설위원회,철회,처리의안,https://likms.assembly.go.kr/bill/billDetail.do?billId=106940,https://likms.assembly.go.kr/bill/billDetail.do?billId=106940
13,130044,담배전매법및엽연초생산조합법개정,"백찬현외 34,630인",박경수의원외 126인,1988-09-07,1988-09-09,재무위원회,본회의불부의,처리의안,https://likms.assembly.go.kr/bill/billDetail.do?billId=106929,https://likms.assembly.go.kr/bill/billDetail.do?billId=106929
13,130043,담배전매법및엽연초생산조합법개정,"최도경외 1,061인",조만후의원외 24인,1988-09-07,1988-09-09,재무위원회,본회의불부의,처리의안,https://likms.assembly.go.kr/bill/billDetail.do?billId=106953,https://likms.assembly.go.kr/bill/billDetail.do?billId=106953
13,130042,신갈-안산간고속도로편입토지보상금재평가,정순영외 19인,"이병희,신오철,최무룡의원",1988-09-01,1988-09-05,건설위원회,폐기,처리의안,https://likms.assembly.go.kr/bill/billDetail.do?billId=106918,https://likms.assembly.go.kr/bill/billDetail.do?billId=106918
13,130041,개발제한구역및상수도보호구역규제완화,정완채외 98인,"이병희,신오철,최기선의원",1988-09-01,1988-09-05,건설위원회,폐기,처리의안,https://likms.assembly.go.kr/bill/billDetail.do?billId=106898,https://likms.assembly.go.kr/bill/billDetail.do?billId=106898
13,130040,신길2구역주민합동재개발요청,이병철외 165인,김명섭의원,1988-08-31,1988-08-31,건설위원회,철회,처리의안,https://likms.assembly.go.kr/bill/billDetail.do?billId=105108,https://likms.assembly.go.kr/bill/billDetail.do?billId=105108
13,130039,담배전매법및엽연초생산조합법개정,신대희외 599인,김종호의원,1988-08-31,1988-08-31,재무위원회,본회의불부의,처리의안,https://likms.assembly.go.kr/bill/billDetail.do?billId=106913,https://likms.assembly.go.kr/bill/billDetail.do?billId=106913
13,130038,지적법개정,박병용,강신옥의원,1988-08-31,1988-09-05,내무위원회,본회의불부의,처리의안,https://likms.assembly.go.kr/bill/billDetail.do?billId=104759,https://likms.assembly.go.kr/bill/billDetail.do?billId=104759
13,130036,담배전매법및엽연초생산조합법개정,윤기주외 163인,"안영기,김완태,신경식의원",1988-08-23,1988-08-25,재무위원회,본회의불부의,처리의안,https://likms.assembly.go.kr/bill/billDetail.do?billId=106917,https://likms.assembly.go.kr/bill/billDetail.do?billId=106917
13,130035,거창양민학살사건피해보상,문병현외 583인,김동영의원,1988-08-20,1988-08-25,국방위원회,폐기,처리의안,https://likms.assembly.go.kr/bill/billDetail.do?billId=105074,https://likms.assembly.go.kr/bill/billDetail.do?billId=105074
13,130034,아파트입주융자금이율인하,이상화,조홍규의원,1988-08-18,1988-08-18,건설위원회,폐기,처리의안,https://likms.assembly.go.kr/bill/billDetail.do?billId=106845,https://likms.assembly.go.kr/bill/billDetail.do?billId=106845
13,130033,신갈-안산간고속도로노선변경및적정보상,김인기외 170인,"이병희,신하철,황철수의원",1988-08-17,1988-08-19,건설위원회,본회의불부의,처리의안,https://likms.assembly.go.kr/bill/billDetail.do?billId=106924,https://likms.assembly.go.kr/bill/billDetail.do?billId=106924
13,130032,국기의존엄성수호에관한보호법제정,김일수,김용채의원,1988-08-17,1988-08-19,행정위원회,폐기,처리의안,https://likms.assembly.go.kr/bill/billDetail.do?billId=106748,https://likms.assembly.go.kr/bill/billDetail.do?billId=106748
13,130031,남여고용평등법개정,이우정,박영숙의원외 1인,1988-07-29,1988-08-08,노동위원회,본회의불부의,처리의안,https://likms.assembly.go.kr/bill/billDetail.do?billId=105296,https://likms.assembly.go.kr/bill/billDetail.do?billId=105296
13,130030,국가에귀속조치당한재산권반환,장원춘외 26인,김충조의원외 3인,1988-07-23,1988-07-25,보건사회위원회,폐기,처리의안,https://likms.assembly.go.kr/bill/billDetail.do?billId=106934,https://likms.assembly.go.kr/bill/billDetail.do?billId=106934
13,130029,후천성면역결핍증예방법개정,노영희외 103인,"김충조,박영숙,이윤자의원",1988-07-23,1988-07-23,보건사회위원회,철회,처리의안,https://likms.assembly.go.kr/bill/billDetail.do?billId=105095,https://likms.assembly.go.kr/bill/billDetail.do?billId=105095
13,130028,철학교육활성화,정동혁,박석무의원,1988-07-22,1988-07-25,문교공보위원회,본회의불부의,처리의안,https://likms.assembly.go.kr/bill/billDetail.do?billId=106881,https://likms.assembly.go.kr/bill/billDetail.do?billId=106881
13,130027,가락동농수산물도매시장운영,김형채외 74인,이형배의원,1988-07-22,1988-07-25,행정위원회,본회의불부의,처리의안,https://likms.assembly.go.kr/bill/billDetail.do?billId=106975,https://likms.assembly.go.kr/bill/billDetail.do?billId=106975
13,130026,농수산물유통및가격안정에관한법률개정등,김형채외 74인,이형배의원,1988-07-22,1988-07-25,농림수산위원회,폐기,처리의안,https://likms.assembly.go.kr/bill/billDetail.do?billId=105376,https://likms.assembly.go.kr/bill/billDetail.do?billId=105376
13,130025,사형수윤도형의특별감형,형감외 216인,류준상의원외 1인,1988-07-21,1988-07-01,법제사법위원회,채택,처리의안,https://likms.assembly.go.kr/bill/billDetail.do?billId=105509,https://likms.assembly.go.kr/bill/billDetail.do?billId=105509
13,130024,주택자금에대한여신규제철폐등,허석,"임춘원,김동주,오유방의원",1988-07-21,1988-07-22,재무위원회,본회의불부의,처리의안,https://likms.assembly.go.kr/bill/billDetail.do?billId=106986,https://likms.assembly.go.kr/bill/billDetail.do?billId=106986
13,130022,대한조선공사정상화지원,"조원강외 2,953인",김정길의원,1988-07-20,1988-07-20,재무위원회,본회의불부의,처리의안,https://likms.assembly.go.kr/bill/billDetail.do?billId=106995,https://likms.assembly.go.kr/bill/billDetail.do?billId=106995
13,130021,농업학교교장임명,이대로외 5인,김인곤의원,1988-07-19,1988-07-21,문교공보위원회,본회의불부의,처리의안,https://likms.assembly.go.kr/bill/billDetail.do?billId=107028,https://likms.assembly.go.kr/bill/billDetail.do?billId=107028
13,130020,공공용지의취득및손실보상에관한특례법시행규칙개정,이종구외 93인,김현욱의원,1988-07-22,1988-07-22,건설위원회,폐기,처리의안,https://likms.assembly.go.kr/bill/billDetail.do?billId=106892,https://likms.assembly.go.kr/bill/billDetail.do?billId=106892
13,130018,노동관계법개정,이시우,김동인의원,1988-07-18,1988-07-19,노동위원회,본회의불부의,처리의안,https://likms.assembly.go.kr/bill/billDetail.do?billId=105303,https://likms.assembly.go.kr/bill/billDetail.do?billId=105303
13,130017,국가공무원법개정,이시우,김동인의원,1988-07-18,1988-07-19,행정위원회,철회,처리의안,https://likms.assembly.go.kr/bill/billDetail.do?billId=104787,https://likms.assembly.go.kr/bill/billDetail.do?billId=104787
13,130016,소득세법개정,이시우,김동인의원,1988-07-18,1988-07-19,재무위원회,본회의불부의,처리의안,https://likms.assembly.go.kr/bill/billDetail.do?billId=107012,https://likms.assembly.go.kr/bill/billDetail.do?billId=107012
13,130015,농촌근대화촉진시행규칙개정,염동출외 59인,류준상의원,1988-07-14,1988-07-15,농림수산위원회,본회의불부의,처리의안,https://likms.assembly.go.kr/bill/billDetail.do?billId=106843,https://likms.assembly.go.kr/bill/billDetail.do?billId=106843
13,130014,국유지조치된사유지환원,이종성,"조순승,손주항의원",1988-07-09,1988-07-14,건설위원회,본회의불부의,처리의안,https://likms.assembly.go.kr/bill/billDetail.do?billId=106862,https://likms.assembly.go.kr/bill/billDetail.do?billId=106862
13,130012,새마을금고연합회의부당한경매처분시정촉구,이봉춘,김덕규의원,1988-07-07,1988-07-11,내무위원회,본회의불부의,처리의안,https://likms.assembly.go.kr/bill/billDetail.do?billId=104769,https://likms.assembly.go.kr/bill/billDetail.do?billId=104769
13,130011,L.P.GAS 자동차충전소설치반대,황재호외 200인,박관용의원,1988-07-06,1988-07-07,동력자원위원회,본회의불부의,처리의안,https://likms.assembly.go.kr/bill/billDetail.do?billId=105414,https://likms.assembly.go.kr/bill/billDetail.do?billId=105414
13,130010,가정용연탄개량,봉원순,이성호의원,1988-07-06,1988-07-07,동력자원위원회,철회,처리의안,https://likms.assembly.go.kr/bill/billDetail.do?billId=105104,https://likms.assembly.go.kr/bill/billDetail.do?billId=105104
13,130009,희망농원정착민점유국유토지소유권이전및부대시설설치허가,정기석외 119인,김일윤의원,1988-07-05,1988-07-06,건설위원회,본회의불부의,처리의안,https://likms.assembly.go.kr/bill/billDetail.do?billId=104913,https://likms.assembly.go.kr/bill/billDetail.do?billId=104913
13,130008,법인세법및소득세법시행령개정,이재은,임춘원의원,1988-07-05,1988-07-06,재무위원회,본회의불부의,처리의안,https://likms.assembly.go.kr/bill/billDetail.do?billId=107002,https://likms.assembly.go.kr/bill/billDetail.do?billId=107002
13,130007,흥호인터체인지개설에,장영현,박경수의원,1988-07-01,1988-07-04,건설위원회,폐기,처리의안,https://likms.assembly.go.kr/bill/billDetail.do?billId=106883,https://likms.assembly.go.kr/bill/billDetail.do?billId=106883
13,130006,미감아학교폐교로인한학교부지반환,이종균외 341인,박경수의원외 7인,1988-07-01,1988-07-04,문교공보위원회,본회의불부의,처리의안,https://likms.assembly.go.kr/bill/billDetail.do?billId=107013,https://likms.assembly.go.kr/bill/billDetail.do?billId=107013
13,130005,국가유공자예우등에관한법률개정,윤치영,"김재광,노승환,정시봉의원",1988-06-21,1988-06-22,보건사회위원회,폐기,처리의안,https://likms.assembly.go.kr/bill/billDetail.do?billId=106941,https://likms.assembly.go.kr/bill/billDetail.do?billId=106941
13,130003,국회해직공무원복직.복권,장욱상외 48인,박찬종의원외 3인,1988-06-22,1988-06-22,국회운영위원회,본회의불부의,처리의안,https://likms.assembly.go.kr/bill/billDetail.do?billId=105295,https://likms.assembly.go.kr/bill/billDetail.do?billId=105295
13,130002,해태양식장피해보상금재사정,"이세창외 1,388인",박태권의원,1988-06-18,1988-06-22,농림수산위원회,본회의불부의,처리의안,https://likms.assembly.go.kr/bill/billDetail.do?billId=106851,https://likms.assembly.go.kr/bill/billDetail.do?billId=106851
13,130001,해태양식장피해보상금재사정,이상기외 47인,박태권의원외 11인,1988-06-15,1988-06-22,농림수산위원회,본회의불부의,처리의안,https://likms.assembly.go.kr/bill/billDetail.do?billId=107127,https://likms.assembly.go.kr/bill/billDetail.do?billId=107127

